version,1.6.0
info,balls_per_over,6
info,team,England
info,team,Bangladesh
info,gender,male
info,season,2019
info,date,2019/06/08
info,event,World Cup
info,match_number,12
info,venue,Sophia Gardens
info,city,Cardiff
info,toss_winner,Bangladesh
info,toss_decision,field
info,player_of_match,JJ Roy
info,umpire,JS Wilson
info,umpire,HDPK Dharmasena
info,reserve_umpire,PR Reiffel
info,tv_umpire,BNJ Oxenford
info,match_referee,DC Boon
info,winner,England
info,winner_runs,106
info,player,England,JJ Roy
info,player,England,JM Bairstow
info,player,England,JE Root
info,player,England,JC Buttler
info,player,England,EJG Morgan
info,player,England,BA Stokes
info,player,England,CR Woakes
info,player,England,LE Plunkett
info,player,England,JC Archer
info,player,England,AU Rashid
info,player,England,MA Wood
info,player,Bangladesh,Tamim Iqbal
info,player,Bangladesh,Soumya Sarkar
info,player,Bangladesh,Shakib Al Hasan
info,player,Bangladesh,Mushfiqur Rahim
info,player,Bangladesh,Mohammad Mithun
info,player,Bangladesh,Mahmudullah
info,player,Bangladesh,Mosaddek Hossain
info,player,Bangladesh,Mohammad Saifuddin
info,player,Bangladesh,Mehedi Hasan Miraz
info,player,Bangladesh,Mashrafe Mortaza
info,player,Bangladesh,Mustafizur Rahman
info,registry,people,AU Rashid,249d60c9
info,registry,people,BA Stokes,e087956b
info,registry,people,BNJ Oxenford,c1add349
info,registry,people,CR Woakes,4c5d73db
info,registry,people,DC Boon,e79a1fe3
info,registry,people,EJG Morgan,d2a6c0e6
info,registry,people,HDPK Dharmasena,323e4c16
info,registry,people,JC Archer,5574750c
info,registry,people,JC Buttler,99b75528
info,registry,people,JE Root,a343262c
info,registry,people,JJ Roy,d1c36f5c
info,registry,people,JM Bairstow,abb83e27
info,registry,people,JS Wilson,d7f3b72f
info,registry,people,LE Plunkett,9a963804
info,registry,people,MA Wood,8d92a2c3
info,registry,people,Mahmudullah,bf1d7d3e
info,registry,people,Mashrafe Mortaza,e186f49c
info,registry,people,Mehedi Hasan Miraz,c58b0108
info,registry,people,Mohammad Mithun,77191792
info,registry,people,Mohammad Saifuddin,b3a28446
info,registry,people,Mosaddek Hossain,8919756f
info,registry,people,Mushfiqur Rahim,a94e08ea
info,registry,people,Mustafizur Rahman,0a8fce53
info,registry,people,PR Reiffel,c9354f29
info,registry,people,Shakib Al Hasan,7dc35884
info,registry,people,Soumya Sarkar,4d9f9686
info,registry,people,Tamim Iqbal,3b041a12
ball,1,0.1,England,JJ Roy,JM Bairstow,Shakib Al Hasan,0,0,,,,,,"",""
ball,1,0.2,England,JJ Roy,JM Bairstow,Shakib Al Hasan,1,0,,,,,,"",""
ball,1,0.3,England,JM Bairstow,JJ Roy,Shakib Al Hasan,0,0,,,,,,"",""
ball,1,0.4,England,JM Bairstow,JJ Roy,Shakib Al Hasan,0,0,,,,,,"",""
ball,1,0.5,England,JM Bairstow,JJ Roy,Shakib Al Hasan,0,0,,,,,,"",""
ball,1,0.6,England,JM Bairstow,JJ Roy,Shakib Al Hasan,0,0,,,,,,"",""
ball,1,1.1,England,JJ Roy,JM Bairstow,Mashrafe Mortaza,0,0,,,,,,"",""
ball,1,1.2,England,JJ Roy,JM Bairstow,Mashrafe Mortaza,0,0,,,,,,"",""
ball,1,1.3,England,JJ Roy,JM Bairstow,Mashrafe Mortaza,0,0,,,,,,"",""
ball,1,1.4,England,JJ Roy,JM Bairstow,Mashrafe Mortaza,4,0,,,,,,"",""
ball,1,1.5,England,JJ Roy,JM Bairstow,Mashrafe Mortaza,1,0,,,,,,"",""
ball,1,1.6,England,JM Bairstow,JJ Roy,Mashrafe Mortaza,0,0,,,,,,"",""
ball,1,2.1,England,JJ Roy,JM Bairstow,Shakib Al Hasan,0,0,,,,,,"",""
ball,1,2.2,England,JJ Roy,JM Bairstow,Shakib Al Hasan,0,0,,,,,,"",""
ball,1,2.3,England,JJ Roy,JM Bairstow,Shakib Al Hasan,0,0,,,,,,"",""
ball,1,2.4,England,JJ Roy,JM Bairstow,Shakib Al Hasan,1,0,,,,,,"",""
ball,1,2.5,England,JM Bairstow,JJ Roy,Shakib Al Hasan,0,0,,,,,,"",""
ball,1,2.6,England,JM Bairstow,JJ Roy,Shakib Al Hasan,0,0,,,,,,"",""
ball,1,3.1,England,JJ Roy,JM Bairstow,Mashrafe Mortaza,0,0,,,,,,"",""
ball,1,3.2,England,JJ Roy,JM Bairstow,Mashrafe Mortaza,1,0,,,,,,"",""
ball,1,3.3,England,JM Bairstow,JJ Roy,Mashrafe Mortaza,0,0,,,,,,"",""
ball,1,3.4,England,JM Bairstow,JJ Roy,Mashrafe Mortaza,1,0,,,,,,"",""
ball,1,3.5,England,JJ Roy,JM Bairstow,Mashrafe Mortaza,0,0,,,,,,"",""
ball,1,3.6,England,JJ Roy,JM Bairstow,Mashrafe Mortaza,0,0,,,,,,"",""
ball,1,4.1,England,JM Bairstow,JJ Roy,Shakib Al Hasan,0,0,,,,,,"",""
ball,1,4.2,England,JM Bairstow,JJ Roy,Shakib Al Hasan,0,0,,,,,,"",""
ball,1,4.3,England,JM Bairstow,JJ Roy,Shakib Al Hasan,1,0,,,,,,"",""
ball,1,4.4,England,JJ Roy,JM Bairstow,Shakib Al Hasan,1,0,,,,,,"",""
ball,1,4.5,England,JM Bairstow,JJ Roy,Shakib Al Hasan,1,0,,,,,,"",""
ball,1,4.6,England,JJ Roy,JM Bairstow,Shakib Al Hasan,3,0,,,,,,"",""
ball,1,5.1,England,JJ Roy,JM Bairstow,Mashrafe Mortaza,4,0,,,,,,"",""
ball,1,5.2,England,JJ Roy,JM Bairstow,Mashrafe Mortaza,0,0,,,,,,"",""
ball,1,5.3,England,JJ Roy,JM Bairstow,Mashrafe Mortaza,4,0,,,,,,"",""
ball,1,5.4,England,JJ Roy,JM Bairstow,Mashrafe Mortaza,0,0,,,,,,"",""
ball,1,5.5,England,JJ Roy,JM Bairstow,Mashrafe Mortaza,1,0,,,,,,"",""
ball,1,5.6,England,JM Bairstow,JJ Roy,Mashrafe Mortaza,2,0,,,,,,"",""
ball,1,6.1,England,JJ Roy,JM Bairstow,Shakib Al Hasan,4,0,,,,,,"",""
ball,1,6.2,England,JJ Roy,JM Bairstow,Shakib Al Hasan,1,0,,,,,,"",""
ball,1,6.3,England,JM Bairstow,JJ Roy,Shakib Al Hasan,1,0,,,,,,"",""
ball,1,6.4,England,JJ Roy,JM Bairstow,Shakib Al Hasan,0,0,,,,,,"",""
ball,1,6.5,England,JJ Roy,JM Bairstow,Shakib Al Hasan,4,0,,,,,,"",""
ball,1,6.6,England,JJ Roy,JM Bairstow,Shakib Al Hasan,0,0,,,,,,"",""
ball,1,7.1,England,JM Bairstow,JJ Roy,Mohammad Saifuddin,4,0,,,,,,"",""
ball,1,7.2,England,JM Bairstow,JJ Roy,Mohammad Saifuddin,0,0,,,,,,"",""
ball,1,7.3,England,JM Bairstow,JJ Roy,Mohammad Saifuddin,3,0,,,,,,"",""
ball,1,7.4,England,JJ Roy,JM Bairstow,Mohammad Saifuddin,0,1,1,,,,,"",""
ball,1,7.5,England,JJ Roy,JM Bairstow,Mohammad Saifuddin,3,0,,,,,,"",""
ball,1,7.6,England,JM Bairstow,JJ Roy,Mohammad Saifuddin,4,0,,,,,,"",""
ball,1,7.7,England,JM Bairstow,JJ Roy,Mohammad Saifuddin,1,0,,,,,,"",""
ball,1,8.1,England,JM Bairstow,JJ Roy,Shakib Al Hasan,0,0,,,,,,"",""
ball,1,8.2,England,JM Bairstow,JJ Roy,Shakib Al Hasan,4,0,,,,,,"",""
ball,1,8.3,England,JM Bairstow,JJ Roy,Shakib Al Hasan,0,0,,,,,,"",""
ball,1,8.4,England,JM Bairstow,JJ Roy,Shakib Al Hasan,0,0,,,,,,"",""
ball,1,8.5,England,JM Bairstow,JJ Roy,Shakib Al Hasan,0,0,,,,,,"",""
ball,1,8.6,England,JM Bairstow,JJ Roy,Shakib Al Hasan,4,0,,,,,,"",""
ball,1,9.1,England,JJ Roy,JM Bairstow,Mohammad Saifuddin,0,0,,,,,,"",""
ball,1,9.2,England,JJ Roy,JM Bairstow,Mohammad Saifuddin,1,0,,,,,,"",""
ball,1,9.3,England,JM Bairstow,JJ Roy,Mohammad Saifuddin,1,0,,,,,,"",""
ball,1,9.4,England,JJ Roy,JM Bairstow,Mohammad Saifuddin,4,0,,,,,,"",""
ball,1,9.5,England,JJ Roy,JM Bairstow,Mohammad Saifuddin,0,0,,,,,,"",""
ball,1,9.6,England,JJ Roy,JM Bairstow,Mohammad Saifuddin,0,1,,,,1,,"",""
ball,1,10.1,England,JJ Roy,JM Bairstow,Mustafizur Rahman,1,0,,,,,,"",""
ball,1,10.2,England,JM Bairstow,JJ Roy,Mustafizur Rahman,4,0,,,,,,"",""
ball,1,10.3,England,JM Bairstow,JJ Roy,Mustafizur Rahman,0,0,,,,,,"",""
ball,1,10.4,England,JM Bairstow,JJ Roy,Mustafizur Rahman,2,0,,,,,,"",""
ball,1,10.5,England,JM Bairstow,JJ Roy,Mustafizur Rahman,1,0,,,,,,"",""
ball,1,10.6,England,JJ Roy,JM Bairstow,Mustafizur Rahman,1,0,,,,,,"",""
ball,1,11.1,England,JJ Roy,JM Bairstow,Mohammad Saifuddin,0,0,,,,,,"",""
ball,1,11.2,England,JJ Roy,JM Bairstow,Mohammad Saifuddin,6,0,,,,,,"",""
ball,1,11.3,England,JJ Roy,JM Bairstow,Mohammad Saifuddin,4,0,,,,,,"",""
ball,1,11.4,England,JJ Roy,JM Bairstow,Mohammad Saifuddin,1,0,,,,,,"",""
ball,1,11.5,England,JM Bairstow,JJ Roy,Mohammad Saifuddin,0,0,,,,,,"",""
ball,1,11.6,England,JM Bairstow,JJ Roy,Mohammad Saifuddin,0,0,,,,,,"",""
ball,1,12.1,England,JJ Roy,JM Bairstow,Shakib Al Hasan,0,1,1,,,,,"",""
ball,1,12.2,England,JJ Roy,JM Bairstow,Shakib Al Hasan,0,0,,,,,,"",""
ball,1,12.3,England,JJ Roy,JM Bairstow,Shakib Al Hasan,0,0,,,,,,"",""
ball,1,12.4,England,JJ Roy,JM Bairstow,Shakib Al Hasan,0,0,,,,,,"",""
ball,1,12.5,England,JJ Roy,JM Bairstow,Shakib Al Hasan,1,0,,,,,,"",""
ball,1,12.6,England,JM Bairstow,JJ Roy,Shakib Al Hasan,0,0,,,,,,"",""
ball,1,12.7,England,JM Bairstow,JJ Roy,Shakib Al Hasan,0,0,,,,,,"",""
ball,1,13.1,England,JJ Roy,JM Bairstow,Mustafizur Rahman,0,0,,,,,,"",""
ball,1,13.2,England,JJ Roy,JM Bairstow,Mustafizur Rahman,0,0,,,,,,"",""
ball,1,13.3,England,JJ Roy,JM Bairstow,Mustafizur Rahman,0,0,,,,,,"",""
ball,1,13.4,England,JJ Roy,JM Bairstow,Mustafizur Rahman,0,0,,,,,,"",""
ball,1,13.5,England,JJ Roy,JM Bairstow,Mustafizur Rahman,4,0,,,,,,"",""
ball,1,13.6,England,JJ Roy,JM Bairstow,Mustafizur Rahman,2,0,,,,,,"",""
ball,1,14.1,England,JM Bairstow,JJ Roy,Shakib Al Hasan,0,0,,,,,,"",""
ball,1,14.2,England,JM Bairstow,JJ Roy,Shakib Al Hasan,1,0,,,,,,"",""
ball,1,14.3,England,JJ Roy,JM Bairstow,Shakib Al Hasan,0,0,,,,,,"",""
ball,1,14.4,England,JJ Roy,JM Bairstow,Shakib Al Hasan,1,0,,,,,,"",""
ball,1,14.5,England,JM Bairstow,JJ Roy,Shakib Al Hasan,0,0,,,,,,"",""
ball,1,14.6,England,JM Bairstow,JJ Roy,Shakib Al Hasan,4,0,,,,,,"",""
ball,1,15.1,England,JJ Roy,JM Bairstow,Mustafizur Rahman,0,0,,,,,,"",""
ball,1,15.2,England,JJ Roy,JM Bairstow,Mustafizur Rahman,1,0,,,,,,"",""
ball,1,15.3,England,JM Bairstow,JJ Roy,Mustafizur Rahman,1,0,,,,,,"",""
ball,1,15.4,England,JJ Roy,JM Bairstow,Mustafizur Rahman,4,0,,,,,,"",""
ball,1,15.5,England,JJ Roy,JM Bairstow,Mustafizur Rahman,2,0,,,,,,"",""
ball,1,15.6,England,JJ Roy,JM Bairstow,Mustafizur Rahman,1,0,,,,,,"",""
ball,1,16.1,England,JJ Roy,JM Bairstow,Mehedi Hasan Miraz,0,0,,,,,,"",""
ball,1,16.2,England,JJ Roy,JM Bairstow,Mehedi Hasan Miraz,1,0,,,,,,"",""
ball,1,16.3,England,JM Bairstow,JJ Roy,Mehedi Hasan Miraz,0,0,,,,,,"",""
ball,1,16.4,England,JM Bairstow,JJ Roy,Mehedi Hasan Miraz,0,0,,,,,,"",""
ball,1,16.5,England,JM Bairstow,JJ Roy,Mehedi Hasan Miraz,1,0,,,,,,"",""
ball,1,16.6,England,JJ Roy,JM Bairstow,Mehedi Hasan Miraz,0,0,,,,,,"",""
ball,1,17.1,England,JM Bairstow,JJ Roy,Mashrafe Mortaza,1,0,,,,,,"",""
ball,1,17.2,England,JJ Roy,JM Bairstow,Mashrafe Mortaza,0,0,,,,,,"",""
ball,1,17.3,England,JJ Roy,JM Bairstow,Mashrafe Mortaza,0,0,,,,,,"",""
ball,1,17.4,England,JJ Roy,JM Bairstow,Mashrafe Mortaza,1,0,,,,,,"",""
ball,1,17.5,England,JM Bairstow,JJ Roy,Mashrafe Mortaza,4,0,,,,,,"",""
ball,1,17.6,England,JM Bairstow,JJ Roy,Mashrafe Mortaza,2,0,,,,,,"",""
ball,1,18.1,England,JJ Roy,JM Bairstow,Mehedi Hasan Miraz,1,0,,,,,,"",""
ball,1,18.2,England,JM Bairstow,JJ Roy,Mehedi Hasan Miraz,0,0,,,,,,"",""
ball,1,18.3,England,JM Bairstow,JJ Roy,Mehedi Hasan Miraz,2,0,,,,,,"",""
ball,1,18.4,England,JM Bairstow,JJ Roy,Mehedi Hasan Miraz,1,0,,,,,,"",""
ball,1,18.5,England,JJ Roy,JM Bairstow,Mehedi Hasan Miraz,0,0,,,,,,"",""
ball,1,18.6,England,JJ Roy,JM Bairstow,Mehedi Hasan Miraz,4,0,,,,,,"",""
ball,1,19.1,England,JM Bairstow,JJ Roy,Mashrafe Mortaza,0,0,,,,,,caught,JM Bairstow
ball,1,19.2,England,JE Root,JJ Roy,Mashrafe Mortaza,1,0,,,,,,"",""
ball,1,19.3,England,JJ Roy,JE Root,Mashrafe Mortaza,1,0,,,,,,"",""
ball,1,19.4,England,JE Root,JJ Roy,Mashrafe Mortaza,0,0,,,,,,"",""
ball,1,19.5,England,JE Root,JJ Roy,Mashrafe Mortaza,0,0,,,,,,"",""
ball,1,19.6,England,JE Root,JJ Roy,Mashrafe Mortaza,0,0,,,,,,"",""
ball,1,20.1,England,JJ Roy,JE Root,Mehedi Hasan Miraz,1,0,,,,,,"",""
ball,1,20.2,England,JE Root,JJ Roy,Mehedi Hasan Miraz,1,0,,,,,,"",""
ball,1,20.3,England,JJ Roy,JE Root,Mehedi Hasan Miraz,0,0,,,,,,"",""
ball,1,20.4,England,JJ Roy,JE Root,Mehedi Hasan Miraz,1,0,,,,,,"",""
ball,1,20.5,England,JE Root,JJ Roy,Mehedi Hasan Miraz,1,0,,,,,,"",""
ball,1,20.6,England,JJ Roy,JE Root,Mehedi Hasan Miraz,1,0,,,,,,"",""
ball,1,21.1,England,JJ Roy,JE Root,Mashrafe Mortaza,0,0,,,,,,"",""
ball,1,21.2,England,JJ Roy,JE Root,Mashrafe Mortaza,1,0,,,,,,"",""
ball,1,21.3,England,JE Root,JJ Roy,Mashrafe Mortaza,0,0,,,,,,"",""
ball,1,21.4,England,JE Root,JJ Roy,Mashrafe Mortaza,1,0,,,,,,"",""
ball,1,21.5,England,JJ Roy,JE Root,Mashrafe Mortaza,0,0,,,,,,"",""
ball,1,21.6,England,JJ Roy,JE Root,Mashrafe Mortaza,1,0,,,,,,"",""
ball,1,22.1,England,JJ Roy,JE Root,Mehedi Hasan Miraz,1,0,,,,,,"",""
ball,1,22.2,England,JE Root,JJ Roy,Mehedi Hasan Miraz,1,0,,,,,,"",""
ball,1,22.3,England,JJ Roy,JE Root,Mehedi Hasan Miraz,0,0,,,,,,"",""
ball,1,22.4,England,JJ Roy,JE Root,Mehedi Hasan Miraz,0,0,,,,,,"",""
ball,1,22.5,England,JJ Roy,JE Root,Mehedi Hasan Miraz,4,0,,,,,,"",""
ball,1,22.6,England,JJ Roy,JE Root,Mehedi Hasan Miraz,1,0,,,,,,"",""
ball,1,23.1,England,JJ Roy,JE Root,Mashrafe Mortaza,0,0,,,,,,"",""
ball,1,23.2,England,JJ Roy,JE Root,Mashrafe Mortaza,1,0,,,,,,"",""
ball,1,23.3,England,JE Root,JJ Roy,Mashrafe Mortaza,1,0,,,,,,"",""
ball,1,23.4,England,JJ Roy,JE Root,Mashrafe Mortaza,1,0,,,,,,"",""
ball,1,23.5,England,JE Root,JJ Roy,Mashrafe Mortaza,1,0,,,,,,"",""
ball,1,23.6,England,JJ Roy,JE Root,Mashrafe Mortaza,1,0,,,,,,"",""
ball,1,24.1,England,JJ Roy,JE Root,Mustafizur Rahman,1,0,,,,,,"",""
ball,1,24.2,England,JE Root,JJ Roy,Mustafizur Rahman,1,0,,,,,,"",""
ball,1,24.3,England,JJ Roy,JE Root,Mustafizur Rahman,1,0,,,,,,"",""
ball,1,24.4,England,JE Root,JJ Roy,Mustafizur Rahman,0,0,,,,,,"",""
ball,1,24.5,England,JE Root,JJ Roy,Mustafizur Rahman,0,0,,,,,,"",""
ball,1,24.6,England,JE Root,JJ Roy,Mustafizur Rahman,1,0,,,,,,"",""
ball,1,25.1,England,JE Root,JJ Roy,Mashrafe Mortaza,1,0,,,,,,"",""
ball,1,25.2,England,JJ Roy,JE Root,Mashrafe Mortaza,1,0,,,,,,"",""
ball,1,25.3,England,JE Root,JJ Roy,Mashrafe Mortaza,1,0,,,,,,"",""
ball,1,25.4,England,JJ Roy,JE Root,Mashrafe Mortaza,2,0,,,,,,"",""
ball,1,25.5,England,JJ Roy,JE Root,Mashrafe Mortaza,1,0,,,,,,"",""
ball,1,25.6,England,JE Root,JJ Roy,Mashrafe Mortaza,0,0,,,,,,"",""
ball,1,26.1,England,JJ Roy,JE Root,Mustafizur Rahman,0,0,,,,,,"",""
ball,1,26.2,England,JJ Roy,JE Root,Mustafizur Rahman,0,0,,,,,,"",""
ball,1,26.3,England,JJ Roy,JE Root,Mustafizur Rahman,0,1,1,,,,,"",""
ball,1,26.4,England,JJ Roy,JE Root,Mustafizur Rahman,1,0,,,,,,"",""
ball,1,26.5,England,JE Root,JJ Roy,Mustafizur Rahman,1,0,,,,,,"",""
ball,1,26.6,England,JJ Roy,JE Root,Mustafizur Rahman,4,0,,,,,,"",""
ball,1,26.7,England,JJ Roy,JE Root,Mustafizur Rahman,0,0,,,,,,"",""
ball,1,27.1,England,JE Root,JJ Roy,Mohammad Saifuddin,4,0,,,,,,"",""
ball,1,27.2,England,JE Root,JJ Roy,Mohammad Saifuddin,1,0,,,,,,"",""
ball,1,27.3,England,JJ Roy,JE Root,Mohammad Saifuddin,1,0,,,,,,"",""
ball,1,27.4,England,JE Root,JJ Roy,Mohammad Saifuddin,0,0,,,,,,"",""
ball,1,27.5,England,JE Root,JJ Roy,Mohammad Saifuddin,1,0,,,,,,"",""
ball,1,27.6,England,JJ Roy,JE Root,Mohammad Saifuddin,0,0,,,,,,"",""
ball,1,28.1,England,JE Root,JJ Roy,Mustafizur Rahman,0,0,,,,,,"",""
ball,1,28.2,England,JE Root,JJ Roy,Mustafizur Rahman,1,0,,,,,,"",""
ball,1,28.3,England,JJ Roy,JE Root,Mustafizur Rahman,0,0,,,,,,"",""
ball,1,28.4,England,JJ Roy,JE Root,Mustafizur Rahman,2,0,,,,,,"",""
ball,1,28.5,England,JJ Roy,JE Root,Mustafizur Rahman,2,0,,,,,,"",""
ball,1,28.6,England,JJ Roy,JE Root,Mustafizur Rahman,2,0,,,,,,"",""
ball,1,29.1,England,JE Root,JJ Roy,Mohammad Saifuddin,1,0,,,,,,"",""
ball,1,29.2,England,JJ Roy,JE Root,Mohammad Saifuddin,0,0,,,,,,"",""
ball,1,29.3,England,JJ Roy,JE Root,Mohammad Saifuddin,2,0,,,,,,"",""
ball,1,29.4,England,JJ Roy,JE Root,Mohammad Saifuddin,0,0,,,,,,"",""
ball,1,29.5,England,JJ Roy,JE Root,Mohammad Saifuddin,1,0,,,,,,"",""
ball,1,29.6,England,JE Root,JJ Roy,Mohammad Saifuddin,0,0,,,,,,"",""
ball,1,30.1,England,JJ Roy,JE Root,Shakib Al Hasan,4,0,,,,,,"",""
ball,1,30.2,England,JJ Roy,JE Root,Shakib Al Hasan,4,0,,,,,,"",""
ball,1,30.3,England,JJ Roy,JE Root,Shakib Al Hasan,6,0,,,,,,"",""
ball,1,30.4,England,JJ Roy,JE Root,Shakib Al Hasan,1,0,,,,,,"",""
ball,1,30.5,England,JE Root,JJ Roy,Shakib Al Hasan,1,0,,,,,,"",""
ball,1,30.6,England,JJ Roy,JE Root,Shakib Al Hasan,1,0,,,,,,"",""
ball,1,31.1,England,JJ Roy,JE Root,Mohammad Saifuddin,2,0,,,,,,"",""
ball,1,31.2,England,JJ Roy,JE Root,Mohammad Saifuddin,1,0,,,,,,"",""
ball,1,31.3,England,JE Root,JJ Roy,Mohammad Saifuddin,0,0,,,,,,bowled,JE Root
ball,1,31.4,England,JC Buttler,JJ Roy,Mohammad Saifuddin,0,1,,,,1,,"",""
ball,1,31.5,England,JJ Roy,JC Buttler,Mohammad Saifuddin,1,0,,,,,,"",""
ball,1,31.6,England,JC Buttler,JJ Roy,Mohammad Saifuddin,1,0,,,,,,"",""
ball,1,32.1,England,JC Buttler,JJ Roy,Mehedi Hasan Miraz,1,0,,,,,,"",""
ball,1,32.2,England,JJ Roy,JC Buttler,Mehedi Hasan Miraz,1,0,,,,,,"",""
ball,1,32.3,England,JC Buttler,JJ Roy,Mehedi Hasan Miraz,0,0,,,,,,"",""
ball,1,32.4,England,JC Buttler,JJ Roy,Mehedi Hasan Miraz,0,0,,,,,,"",""
ball,1,32.5,England,JC Buttler,JJ Roy,Mehedi Hasan Miraz,1,0,,,,,,"",""
ball,1,32.6,England,JJ Roy,JC Buttler,Mehedi Hasan Miraz,1,0,,,,,,"",""
ball,1,33.1,England,JJ Roy,JC Buttler,Mohammad Saifuddin,1,0,,,,,,"",""
ball,1,33.2,England,JC Buttler,JJ Roy,Mohammad Saifuddin,1,0,,,,,,"",""
ball,1,33.3,England,JJ Roy,JC Buttler,Mohammad Saifuddin,0,0,,,,,,"",""
ball,1,33.4,England,JJ Roy,JC Buttler,Mohammad Saifuddin,1,0,,,,,,"",""
ball,1,33.5,England,JC Buttler,JJ Roy,Mohammad Saifuddin,1,0,,,,,,"",""
ball,1,33.6,England,JJ Roy,JC Buttler,Mohammad Saifuddin,1,0,,,,,,"",""
ball,1,34.1,England,JJ Roy,JC Buttler,Mehedi Hasan Miraz,6,0,,,,,,"",""
ball,1,34.2,England,JJ Roy,JC Buttler,Mehedi Hasan Miraz,6,0,,,,,,"",""
ball,1,34.3,England,JJ Roy,JC Buttler,Mehedi Hasan Miraz,6,0,,,,,,"",""
ball,1,34.4,England,JJ Roy,JC Buttler,Mehedi Hasan Miraz,0,0,,,,,,caught,JJ Roy
ball,1,34.5,England,JC Buttler,EJG Morgan,Mehedi Hasan Miraz,1,0,,,,,,"",""
ball,1,34.6,England,EJG Morgan,JC Buttler,Mehedi Hasan Miraz,0,0,,,,,,"",""
ball,1,35.1,England,JC Buttler,EJG Morgan,Mosaddek Hossain,1,0,,,,,,"",""
ball,1,35.2,England,EJG Morgan,JC Buttler,Mosaddek Hossain,1,0,,,,,,"",""
ball,1,35.3,England,JC Buttler,EJG Morgan,Mosaddek Hossain,1,0,,,,,,"",""
ball,1,35.4,England,EJG Morgan,JC Buttler,Mosaddek Hossain,0,0,,,,,,"",""
ball,1,35.5,England,EJG Morgan,JC Buttler,Mosaddek Hossain,1,0,,,,,,"",""
ball,1,35.6,England,JC Buttler,EJG Morgan,Mosaddek Hossain,1,0,,,,,,"",""
ball,1,36.1,England,JC Buttler,EJG Morgan,Mehedi Hasan Miraz,0,0,,,,,,"",""
ball,1,36.2,England,JC Buttler,EJG Morgan,Mehedi Hasan Miraz,0,1,,,,1,,"",""
ball,1,36.3,England,EJG Morgan,JC Buttler,Mehedi Hasan Miraz,0,0,,,,,,"",""
ball,1,36.4,England,EJG Morgan,JC Buttler,Mehedi Hasan Miraz,1,0,,,,,,"",""
ball,1,36.5,England,JC Buttler,EJG Morgan,Mehedi Hasan Miraz,0,0,,,,,,"",""
ball,1,36.6,England,JC Buttler,EJG Morgan,Mehedi Hasan Miraz,1,0,,,,,,"",""
ball,1,37.1,England,JC Buttler,EJG Morgan,Mosaddek Hossain,6,0,,,,,,"",""
ball,1,37.2,England,JC Buttler,EJG Morgan,Mosaddek Hossain,4,0,,,,,,"",""
ball,1,37.3,England,JC Buttler,EJG Morgan,Mosaddek Hossain,1,0,,,,,,"",""
ball,1,37.4,England,EJG Morgan,JC Buttler,Mosaddek Hossain,1,0,,,,,,"",""
ball,1,37.5,England,JC Buttler,EJG Morgan,Mosaddek Hossain,6,0,,,,,,"",""
ball,1,37.6,England,JC Buttler,EJG Morgan,Mosaddek Hossain,1,0,,,,,,"",""
ball,1,38.1,England,JC Buttler,EJG Morgan,Mehedi Hasan Miraz,1,0,,,,,,"",""
ball,1,38.2,England,EJG Morgan,JC Buttler,Mehedi Hasan Miraz,0,0,,,,,,"",""
ball,1,38.3,England,EJG Morgan,JC Buttler,Mehedi Hasan Miraz,2,0,,,,,,"",""
ball,1,38.4,England,EJG Morgan,JC Buttler,Mehedi Hasan Miraz,0,0,,,,,,"",""
ball,1,38.5,England,EJG Morgan,JC Buttler,Mehedi Hasan Miraz,0,0,,,,,,"",""
ball,1,38.6,England,EJG Morgan,JC Buttler,Mehedi Hasan Miraz,1,0,,,,,,"",""
ball,1,39.1,England,EJG Morgan,JC Buttler,Mashrafe Mortaza,0,0,,,,,,"",""
ball,1,39.2,England,EJG Morgan,JC Buttler,Mashrafe Mortaza,0,0,,,,,,"",""
ball,1,39.3,England,EJG Morgan,JC Buttler,Mashrafe Mortaza,6,0,,,,,,"",""
ball,1,39.4,England,EJG Morgan,JC Buttler,Mashrafe Mortaza,0,0,,,,,,"",""
ball,1,39.5,England,EJG Morgan,JC Buttler,Mashrafe Mortaza,1,0,,,,,,"",""
ball,1,39.6,England,JC Buttler,EJG Morgan,Mashrafe Mortaza,1,0,,,,,,"",""
ball,1,40.1,England,JC Buttler,EJG Morgan,Mehedi Hasan Miraz,0,1,1,,,,,"",""
ball,1,40.2,England,JC Buttler,EJG Morgan,Mehedi Hasan Miraz,1,0,,,,,,"",""
ball,1,40.3,England,EJG Morgan,JC Buttler,Mehedi Hasan Miraz,0,0,,,,,,"",""
ball,1,40.4,England,EJG Morgan,JC Buttler,Mehedi Hasan Miraz,1,0,,,,,,"",""
ball,1,40.5,England,JC Buttler,EJG Morgan,Mehedi Hasan Miraz,4,0,,,,,,"",""
ball,1,40.6,England,JC Buttler,EJG Morgan,Mehedi Hasan Miraz,2,0,,,,,,"",""
ball,1,40.7,England,JC Buttler,EJG Morgan,Mehedi Hasan Miraz,1,0,,,,,,"",""
ball,1,41.1,England,JC Buttler,EJG Morgan,Mustafizur Rahman,1,0,,,,,,"",""
ball,1,41.2,England,EJG Morgan,JC Buttler,Mustafizur Rahman,0,1,1,,,,,"",""
ball,1,41.3,England,EJG Morgan,JC Buttler,Mustafizur Rahman,1,0,,,,,,"",""
ball,1,41.4,England,JC Buttler,EJG Morgan,Mustafizur Rahman,2,0,,,,,,"",""
ball,1,41.5,England,JC Buttler,EJG Morgan,Mustafizur Rahman,6,0,,,,,,"",""
ball,1,41.6,England,JC Buttler,EJG Morgan,Mustafizur Rahman,0,0,,,,,,"",""
ball,1,41.7,England,JC Buttler,EJG Morgan,Mustafizur Rahman,2,0,,,,,,"",""
ball,1,42.1,England,EJG Morgan,JC Buttler,Shakib Al Hasan,4,0,,,,,,"",""
ball,1,42.2,England,EJG Morgan,JC Buttler,Shakib Al Hasan,1,0,,,,,,"",""
ball,1,42.3,England,JC Buttler,EJG Morgan,Shakib Al Hasan,2,0,,,,,,"",""
ball,1,42.4,England,JC Buttler,EJG Morgan,Shakib Al Hasan,1,0,,,,,,"",""
ball,1,42.5,England,EJG Morgan,JC Buttler,Shakib Al Hasan,1,0,,,,,,"",""
ball,1,42.6,England,JC Buttler,EJG Morgan,Shakib Al Hasan,0,1,1,,,,,"",""
ball,1,42.7,England,JC Buttler,EJG Morgan,Shakib Al Hasan,1,0,,,,,,"",""
ball,1,43.1,England,JC Buttler,EJG Morgan,Mustafizur Rahman,1,0,,,,,,"",""
ball,1,43.2,England,EJG Morgan,JC Buttler,Mustafizur Rahman,1,0,,,,,,"",""
ball,1,43.3,England,JC Buttler,EJG Morgan,Mustafizur Rahman,1,1,,1,,,,"",""
ball,1,43.4,England,EJG Morgan,JC Buttler,Mustafizur Rahman,1,0,,,,,,"",""
ball,1,43.5,England,JC Buttler,EJG Morgan,Mustafizur Rahman,0,0,,,,,,"",""
ball,1,43.6,England,JC Buttler,EJG Morgan,Mustafizur Rahman,0,0,,,,,,"",""
ball,1,43.7,England,JC Buttler,EJG Morgan,Mustafizur Rahman,1,0,,,,,,"",""
ball,1,44.1,England,JC Buttler,EJG Morgan,Shakib Al Hasan,1,0,,,,,,"",""
ball,1,44.2,England,EJG Morgan,JC Buttler,Shakib Al Hasan,6,0,,,,,,"",""
ball,1,44.3,England,EJG Morgan,JC Buttler,Shakib Al Hasan,0,0,,,,,,"",""
ball,1,44.4,England,EJG Morgan,JC Buttler,Shakib Al Hasan,1,0,,,,,,"",""
ball,1,44.5,England,JC Buttler,EJG Morgan,Shakib Al Hasan,1,0,,,,,,"",""
ball,1,44.6,England,EJG Morgan,JC Buttler,Shakib Al Hasan,0,0,,,,,,"",""
ball,1,45.1,England,JC Buttler,EJG Morgan,Mohammad Saifuddin,6,0,,,,,,"",""
ball,1,45.2,England,JC Buttler,EJG Morgan,Mohammad Saifuddin,0,0,,,,,,caught,JC Buttler
ball,1,45.3,England,EJG Morgan,BA Stokes,Mohammad Saifuddin,0,1,1,,,,,"",""
ball,1,45.4,England,EJG Morgan,BA Stokes,Mohammad Saifuddin,1,0,,,,,,"",""
ball,1,45.5,England,BA Stokes,EJG Morgan,Mohammad Saifuddin,0,0,,,,,,"",""
ball,1,45.6,England,BA Stokes,EJG Morgan,Mohammad Saifuddin,2,0,,,,,,"",""
ball,1,45.7,England,BA Stokes,EJG Morgan,Mohammad Saifuddin,1,0,,,,,,"",""
ball,1,46.1,England,BA Stokes,EJG Morgan,Mehedi Hasan Miraz,1,0,,,,,,"",""
ball,1,46.2,England,EJG Morgan,BA Stokes,Mehedi Hasan Miraz,1,0,,,,,,"",""
ball,1,46.3,England,BA Stokes,EJG Morgan,Mehedi Hasan Miraz,1,0,,,,,,"",""
ball,1,46.4,England,EJG Morgan,BA Stokes,Mehedi Hasan Miraz,2,0,,,,,,"",""
ball,1,46.5,England,EJG Morgan,BA Stokes,Mehedi Hasan Miraz,0,0,,,,,,caught,EJG Morgan
ball,1,46.6,England,BA Stokes,CR Woakes,Mehedi Hasan Miraz,1,0,,,,,,"",""
ball,1,47.1,England,BA Stokes,CR Woakes,Mustafizur Rahman,0,0,,,,,,caught,BA Stokes
ball,1,47.2,England,CR Woakes,LE Plunkett,Mustafizur Rahman,0,0,,,,,,"",""
ball,1,47.3,England,CR Woakes,LE Plunkett,Mustafizur Rahman,6,0,,,,,,"",""
ball,1,47.4,England,CR Woakes,LE Plunkett,Mustafizur Rahman,0,0,,,,,,"",""
ball,1,47.5,England,CR Woakes,LE Plunkett,Mustafizur Rahman,2,0,,,,,,"",""
ball,1,47.6,England,CR Woakes,LE Plunkett,Mustafizur Rahman,6,0,,,,,,"",""
ball,1,48.1,England,LE Plunkett,CR Woakes,Mashrafe Mortaza,4,0,,,,,,"",""
ball,1,48.2,England,LE Plunkett,CR Woakes,Mashrafe Mortaza,4,0,,,,,,"",""
ball,1,48.3,England,LE Plunkett,CR Woakes,Mashrafe Mortaza,1,0,,,,,,"",""
ball,1,48.4,England,CR Woakes,LE Plunkett,Mashrafe Mortaza,2,0,,,,,,"",""
ball,1,48.5,England,CR Woakes,LE Plunkett,Mashrafe Mortaza,1,0,,,,,,"",""
ball,1,48.6,England,LE Plunkett,CR Woakes,Mashrafe Mortaza,6,0,,,,,,"",""
ball,1,49.1,England,CR Woakes,LE Plunkett,Mohammad Saifuddin,1,0,,,,,,"",""
ball,1,49.2,England,LE Plunkett,CR Woakes,Mohammad Saifuddin,0,0,,,,,,"",""
ball,1,49.3,England,LE Plunkett,CR Woakes,Mohammad Saifuddin,2,0,,,,,,"",""
ball,1,49.4,England,LE Plunkett,CR Woakes,Mohammad Saifuddin,4,0,,,,,,"",""
ball,1,49.5,England,LE Plunkett,CR Woakes,Mohammad Saifuddin,4,0,,,,,,"",""
ball,1,49.6,England,LE Plunkett,CR Woakes,Mohammad Saifuddin,2,0,,,,,,"",""
ball,2,0.1,Bangladesh,Tamim Iqbal,Soumya Sarkar,CR Woakes,0,0,,,,,,"",""
ball,2,0.2,Bangladesh,Tamim Iqbal,Soumya Sarkar,CR Woakes,0,0,,,,,,"",""
ball,2,0.3,Bangladesh,Tamim Iqbal,Soumya Sarkar,CR Woakes,1,0,,,,,,"",""
ball,2,0.4,Bangladesh,Soumya Sarkar,Tamim Iqbal,CR Woakes,0,0,,,,,,"",""
ball,2,0.5,Bangladesh,Soumya Sarkar,Tamim Iqbal,CR Woakes,0,0,,,,,,"",""
ball,2,0.6,Bangladesh,Soumya Sarkar,Tamim Iqbal,CR Woakes,0,0,,,,,,"",""
ball,2,1.1,Bangladesh,Tamim Iqbal,Soumya Sarkar,JC Archer,0,0,,,,,,"",""
ball,2,1.2,Bangladesh,Tamim Iqbal,Soumya Sarkar,JC Archer,0,0,,,,,,"",""
ball,2,1.3,Bangladesh,Tamim Iqbal,Soumya Sarkar,JC Archer,0,0,,,,,,"",""
ball,2,1.4,Bangladesh,Tamim Iqbal,Soumya Sarkar,JC Archer,0,0,,,,,,"",""
ball,2,1.5,Bangladesh,Tamim Iqbal,Soumya Sarkar,JC Archer,0,0,,,,,,"",""
ball,2,1.6,Bangladesh,Tamim Iqbal,Soumya Sarkar,JC Archer,0,0,,,,,,"",""
ball,2,2.1,Bangladesh,Soumya Sarkar,Tamim Iqbal,CR Woakes,0,0,,,,,,"",""
ball,2,2.2,Bangladesh,Soumya Sarkar,Tamim Iqbal,CR Woakes,1,0,,,,,,"",""
ball,2,2.3,Bangladesh,Tamim Iqbal,Soumya Sarkar,CR Woakes,4,0,,,,,,"",""
ball,2,2.4,Bangladesh,Tamim Iqbal,Soumya Sarkar,CR Woakes,0,0,,,,,,"",""
ball,2,2.5,Bangladesh,Tamim Iqbal,Soumya Sarkar,CR Woakes,1,0,,,,,,"",""
ball,2,2.6,Bangladesh,Soumya Sarkar,Tamim Iqbal,CR Woakes,1,0,,,,,,"",""
ball,2,3.1,Bangladesh,Soumya Sarkar,Tamim Iqbal,JC Archer,0,0,,,,,,"",""
ball,2,3.2,Bangladesh,Soumya Sarkar,Tamim Iqbal,JC Archer,0,0,,,,,,bowled,Soumya Sarkar
ball,2,3.3,Bangladesh,Shakib Al Hasan,Tamim Iqbal,JC Archer,0,0,,,,,,"",""
ball,2,3.4,Bangladesh,Shakib Al Hasan,Tamim Iqbal,JC Archer,0,0,,,,,,"",""
ball,2,3.5,Bangladesh,Shakib Al Hasan,Tamim Iqbal,JC Archer,0,0,,,,,,"",""
ball,2,3.6,Bangladesh,Shakib Al Hasan,Tamim Iqbal,JC Archer,0,0,,,,,,"",""
ball,2,4.1,Bangladesh,Tamim Iqbal,Shakib Al Hasan,CR Woakes,3,0,,,,,,"",""
ball,2,4.2,Bangladesh,Shakib Al Hasan,Tamim Iqbal,CR Woakes,0,0,,,,,,"",""
ball,2,4.3,Bangladesh,Shakib Al Hasan,Tamim Iqbal,CR Woakes,0,0,,,,,,"",""
ball,2,4.4,Bangladesh,Shakib Al Hasan,Tamim Iqbal,CR Woakes,4,0,,,,,,"",""
ball,2,4.5,Bangladesh,Shakib Al Hasan,Tamim Iqbal,CR Woakes,2,0,,,,,,"",""
ball,2,4.6,Bangladesh,Shakib Al Hasan,Tamim Iqbal,CR Woakes,1,0,,,,,,"",""
ball,2,5.1,Bangladesh,Shakib Al Hasan,Tamim Iqbal,JC Archer,1,0,,,,,,"",""
ball,2,5.2,Bangladesh,Tamim Iqbal,Shakib Al Hasan,JC Archer,1,0,,,,,,"",""
ball,2,5.3,Bangladesh,Shakib Al Hasan,Tamim Iqbal,JC Archer,0,0,,,,,,"",""
ball,2,5.4,Bangladesh,Shakib Al Hasan,Tamim Iqbal,JC Archer,0,0,,,,,,"",""
ball,2,5.5,Bangladesh,Shakib Al Hasan,Tamim Iqbal,JC Archer,0,0,,,,,,"",""
ball,2,5.6,Bangladesh,Shakib Al Hasan,Tamim Iqbal,JC Archer,1,0,,,,,,"",""
ball,2,6.1,Bangladesh,Shakib Al Hasan,Tamim Iqbal,CR Woakes,1,0,,,,,,"",""
ball,2,6.2,Bangladesh,Tamim Iqbal,Shakib Al Hasan,CR Woakes,1,0,,,,,,"",""
ball,2,6.3,Bangladesh,Shakib Al Hasan,Tamim Iqbal,CR Woakes,2,0,,,,,,"",""
ball,2,6.4,Bangladesh,Shakib Al Hasan,Tamim Iqbal,CR Woakes,1,0,,,,,,"",""
ball,2,6.5,Bangladesh,Tamim Iqbal,Shakib Al Hasan,CR Woakes,1,0,,,,,,"",""
ball,2,6.6,Bangladesh,Shakib Al Hasan,Tamim Iqbal,CR Woakes,2,0,,,,,,"",""
ball,2,7.1,Bangladesh,Tamim Iqbal,Shakib Al Hasan,JC Archer,1,0,,,,,,"",""
ball,2,7.2,Bangladesh,Shakib Al Hasan,Tamim Iqbal,JC Archer,0,0,,,,,,"",""
ball,2,7.3,Bangladesh,Shakib Al Hasan,Tamim Iqbal,JC Archer,0,0,,,,,,"",""
ball,2,7.4,Bangladesh,Shakib Al Hasan,Tamim Iqbal,JC Archer,3,0,,,,,,"",""
ball,2,7.5,Bangladesh,Tamim Iqbal,Shakib Al Hasan,JC Archer,0,0,,,,,,"",""
ball,2,7.6,Bangladesh,Tamim Iqbal,Shakib Al Hasan,JC Archer,0,0,,,,,,"",""
ball,2,8.1,Bangladesh,Shakib Al Hasan,Tamim Iqbal,CR Woakes,1,0,,,,,,"",""
ball,2,8.2,Bangladesh,Tamim Iqbal,Shakib Al Hasan,CR Woakes,1,0,,,,,,"",""
ball,2,8.3,Bangladesh,Shakib Al Hasan,Tamim Iqbal,CR Woakes,0,0,,,,,,"",""
ball,2,8.4,Bangladesh,Shakib Al Hasan,Tamim Iqbal,CR Woakes,1,0,,,,,,"",""
ball,2,8.5,Bangladesh,Tamim Iqbal,Shakib Al Hasan,CR Woakes,1,0,,,,,,"",""
ball,2,8.6,Bangladesh,Shakib Al Hasan,Tamim Iqbal,CR Woakes,0,0,,,,,,"",""
ball,2,9.1,Bangladesh,Tamim Iqbal,Shakib Al Hasan,JC Archer,0,0,,,,,,"",""
ball,2,9.2,Bangladesh,Tamim Iqbal,Shakib Al Hasan,JC Archer,0,4,,,,4,,"",""
ball,2,9.3,Bangladesh,Tamim Iqbal,Shakib Al Hasan,JC Archer,1,0,,,,,,"",""
ball,2,9.4,Bangladesh,Shakib Al Hasan,Tamim Iqbal,JC Archer,0,0,,,,,,"",""
ball,2,9.5,Bangladesh,Shakib Al Hasan,Tamim Iqbal,JC Archer,0,0,,,,,,"",""
ball,2,9.6,Bangladesh,Shakib Al Hasan,Tamim Iqbal,JC Archer,6,0,,,,,,"",""
ball,2,10.1,Bangladesh,Tamim Iqbal,Shakib Al Hasan,LE Plunkett,0,1,,,,1,,"",""
ball,2,10.2,Bangladesh,Shakib Al Hasan,Tamim Iqbal,LE Plunkett,1,0,,,,,,"",""
ball,2,10.3,Bangladesh,Tamim Iqbal,Shakib Al Hasan,LE Plunkett,1,0,,,,,,"",""
ball,2,10.4,Bangladesh,Shakib Al Hasan,Tamim Iqbal,LE Plunkett,0,1,1,,,,,"",""
ball,2,10.5,Bangladesh,Shakib Al Hasan,Tamim Iqbal,LE Plunkett,0,1,1,,,,,"",""
ball,2,10.6,Bangladesh,Shakib Al Hasan,Tamim Iqbal,LE Plunkett,0,0,,,,,,"",""
ball,2,10.7,Bangladesh,Shakib Al Hasan,Tamim Iqbal,LE Plunkett,1,0,,,,,,"",""
ball,2,10.8,Bangladesh,Tamim Iqbal,Shakib Al Hasan,LE Plunkett,1,0,,,,,,"",""
ball,2,11.1,Bangladesh,Tamim Iqbal,Shakib Al Hasan,MA Wood,1,0,,,,,,"",""
ball,2,11.2,Bangladesh,Shakib Al Hasan,Tamim Iqbal,MA Wood,2,0,,,,,,"",""
ball,2,11.3,Bangladesh,Shakib Al Hasan,Tamim Iqbal,MA Wood,0,0,,,,,,"",""
ball,2,11.4,Bangladesh,Shakib Al Hasan,Tamim Iqbal,MA Wood,4,0,,,,,,"",""
ball,2,11.5,Bangladesh,Shakib Al Hasan,Tamim Iqbal,MA Wood,1,0,,,,,,"",""
ball,2,11.6,Bangladesh,Tamim Iqbal,Shakib Al Hasan,MA Wood,0,0,,,,,,caught,Tamim Iqbal
ball,2,12.1,Bangladesh,Shakib Al Hasan,Mushfiqur Rahim,LE Plunkett,1,0,,,,,,"",""
ball,2,12.2,Bangladesh,Mushfiqur Rahim,Shakib Al Hasan,LE Plunkett,1,0,,,,,,"",""
ball,2,12.3,Bangladesh,Shakib Al Hasan,Mushfiqur Rahim,LE Plunkett,0,0,,,,,,"",""
ball,2,12.4,Bangladesh,Shakib Al Hasan,Mushfiqur Rahim,LE Plunkett,1,0,,,,,,"",""
ball,2,12.5,Bangladesh,Mushfiqur Rahim,Shakib Al Hasan,LE Plunkett,1,0,,,,,,"",""
ball,2,12.6,Bangladesh,Shakib Al Hasan,Mushfiqur Rahim,LE Plunkett,1,0,,,,,,"",""
ball,2,13.1,Bangladesh,Shakib Al Hasan,Mushfiqur Rahim,MA Wood,0,0,,,,,,"",""
ball,2,13.2,Bangladesh,Shakib Al Hasan,Mushfiqur Rahim,MA Wood,1,0,,,,,,"",""
ball,2,13.3,Bangladesh,Mushfiqur Rahim,Shakib Al Hasan,MA Wood,1,0,,,,,,"",""
ball,2,13.4,Bangladesh,Shakib Al Hasan,Mushfiqur Rahim,MA Wood,0,0,,,,,,"",""
ball,2,13.5,Bangladesh,Shakib Al Hasan,Mushfiqur Rahim,MA Wood,0,0,,,,,,"",""
ball,2,13.6,Bangladesh,Shakib Al Hasan,Mushfiqur Rahim,MA Wood,4,0,,,,,,"",""
ball,2,14.1,Bangladesh,Mushfiqur Rahim,Shakib Al Hasan,LE Plunkett,0,0,,,,,,"",""
ball,2,14.2,Bangladesh,Mushfiqur Rahim,Shakib Al Hasan,LE Plunkett,0,0,,,,,,"",""
ball,2,14.3,Bangladesh,Mushfiqur Rahim,Shakib Al Hasan,LE Plunkett,1,0,,,,,,"",""
ball,2,14.4,Bangladesh,Shakib Al Hasan,Mushfiqur Rahim,LE Plunkett,1,0,,,,,,"",""
ball,2,14.5,Bangladesh,Mushfiqur Rahim,Shakib Al Hasan,LE Plunkett,0,0,,,,,,"",""
ball,2,14.6,Bangladesh,Mushfiqur Rahim,Shakib Al Hasan,LE Plunkett,1,0,,,,,,"",""
ball,2,15.1,Bangladesh,Mushfiqur Rahim,Shakib Al Hasan,MA Wood,0,0,,,,,,"",""
ball,2,15.2,Bangladesh,Mushfiqur Rahim,Shakib Al Hasan,MA Wood,1,0,,,,,,"",""
ball,2,15.3,Bangladesh,Shakib Al Hasan,Mushfiqur Rahim,MA Wood,0,1,,,,1,,"",""
ball,2,15.4,Bangladesh,Mushfiqur Rahim,Shakib Al Hasan,MA Wood,4,0,,,,,,"",""
ball,2,15.5,Bangladesh,Mushfiqur Rahim,Shakib Al Hasan,MA Wood,0,0,,,,,,"",""
ball,2,15.6,Bangladesh,Mushfiqur Rahim,Shakib Al Hasan,MA Wood,0,0,,,,,,"",""
ball,2,16.1,Bangladesh,Shakib Al Hasan,Mushfiqur Rahim,LE Plunkett,0,0,,,,,,"",""
ball,2,16.2,Bangladesh,Shakib Al Hasan,Mushfiqur Rahim,LE Plunkett,1,0,,,,,,"",""
ball,2,16.3,Bangladesh,Mushfiqur Rahim,Shakib Al Hasan,LE Plunkett,0,0,,,,,,"",""
ball,2,16.4,Bangladesh,Mushfiqur Rahim,Shakib Al Hasan,LE Plunkett,1,0,,,,,,"",""
ball,2,16.5,Bangladesh,Shakib Al Hasan,Mushfiqur Rahim,LE Plunkett,1,0,,,,,,"",""
ball,2,16.6,Bangladesh,Mushfiqur Rahim,Shakib Al Hasan,LE Plunkett,1,0,,,,,,"",""
ball,2,17.1,Bangladesh,Mushfiqur Rahim,Shakib Al Hasan,AU Rashid,1,0,,,,,,"",""
ball,2,17.2,Bangladesh,Shakib Al Hasan,Mushfiqur Rahim,AU Rashid,1,0,,,,,,"",""
ball,2,17.3,Bangladesh,Mushfiqur Rahim,Shakib Al Hasan,AU Rashid,0,0,,,,,,"",""
ball,2,17.4,Bangladesh,Mushfiqur Rahim,Shakib Al Hasan,AU Rashid,2,0,,,,,,"",""
ball,2,17.5,Bangladesh,Mushfiqur Rahim,Shakib Al Hasan,AU Rashid,1,0,,,,,,"",""
ball,2,17.6,Bangladesh,Shakib Al Hasan,Mushfiqur Rahim,AU Rashid,1,0,,,,,,"",""
ball,2,18.1,Bangladesh,Shakib Al Hasan,Mushfiqur Rahim,LE Plunkett,1,0,,,,,,"",""
ball,2,18.2,Bangladesh,Mushfiqur Rahim,Shakib Al Hasan,LE Plunkett,1,0,,,,,,"",""
ball,2,18.3,Bangladesh,Shakib Al Hasan,Mushfiqur Rahim,LE Plunkett,1,0,,,,,,"",""
ball,2,18.4,Bangladesh,Mushfiqur Rahim,Shakib Al Hasan,LE Plunkett,1,0,,,,,,"",""
ball,2,18.5,Bangladesh,Shakib Al Hasan,Mushfiqur Rahim,LE Plunkett,1,0,,,,,,"",""
ball,2,18.6,Bangladesh,Mushfiqur Rahim,Shakib Al Hasan,LE Plunkett,0,0,,,,,,"",""
ball,2,19.1,Bangladesh,Shakib Al Hasan,Mushfiqur Rahim,AU Rashid,4,0,,,,,,"",""
ball,2,19.2,Bangladesh,Shakib Al Hasan,Mushfiqur Rahim,AU Rashid,1,0,,,,,,"",""
ball,2,19.3,Bangladesh,Mushfiqur Rahim,Shakib Al Hasan,AU Rashid,1,0,,,,,,"",""
ball,2,19.4,Bangladesh,Shakib Al Hasan,Mushfiqur Rahim,AU Rashid,0,0,,,,,,"",""
ball,2,19.5,Bangladesh,Shakib Al Hasan,Mushfiqur Rahim,AU Rashid,1,0,,,,,,"",""
ball,2,19.6,Bangladesh,Mushfiqur Rahim,Shakib Al Hasan,AU Rashid,0,0,,,,,,"",""
ball,2,20.1,Bangladesh,Shakib Al Hasan,Mushfiqur Rahim,MA Wood,1,0,,,,,,"",""
ball,2,20.2,Bangladesh,Mushfiqur Rahim,Shakib Al Hasan,MA Wood,1,0,,,,,,"",""
ball,2,20.3,Bangladesh,Shakib Al Hasan,Mushfiqur Rahim,MA Wood,2,0,,,,,,"",""
ball,2,20.4,Bangladesh,Shakib Al Hasan,Mushfiqur Rahim,MA Wood,0,0,,,,,,"",""
ball,2,20.5,Bangladesh,Shakib Al Hasan,Mushfiqur Rahim,MA Wood,1,0,,,,,,"",""
ball,2,20.6,Bangladesh,Mushfiqur Rahim,Shakib Al Hasan,MA Wood,1,0,,,,,,"",""
ball,2,21.1,Bangladesh,Mushfiqur Rahim,Shakib Al Hasan,AU Rashid,1,0,,,,,,"",""
ball,2,21.2,Bangladesh,Shakib Al Hasan,Mushfiqur Rahim,AU Rashid,4,0,,,,,,"",""
ball,2,21.3,Bangladesh,Shakib Al Hasan,Mushfiqur Rahim,AU Rashid,1,0,,,,,,"",""
ball,2,21.4,Bangladesh,Mushfiqur Rahim,Shakib Al Hasan,AU Rashid,0,0,,,,,,"",""
ball,2,21.5,Bangladesh,Mushfiqur Rahim,Shakib Al Hasan,AU Rashid,1,0,,,,,,"",""
ball,2,21.6,Bangladesh,Shakib Al Hasan,Mushfiqur Rahim,AU Rashid,1,0,,,,,,"",""
ball,2,22.1,Bangladesh,Shakib Al Hasan,Mushfiqur Rahim,MA Wood,0,1,,,,1,,"",""
ball,2,22.2,Bangladesh,Mushfiqur Rahim,Shakib Al Hasan,MA Wood,1,0,,,,,,"",""
ball,2,22.3,Bangladesh,Shakib Al Hasan,Mushfiqur Rahim,MA Wood,4,0,,,,,,"",""
ball,2,22.4,Bangladesh,Shakib Al Hasan,Mushfiqur Rahim,MA Wood,1,0,,,,,,"",""
ball,2,22.5,Bangladesh,Mushfiqur Rahim,Shakib Al Hasan,MA Wood,0,0,,,,,,"",""
ball,2,22.6,Bangladesh,Mushfiqur Rahim,Shakib Al Hasan,MA Wood,1,0,,,,,,"",""
ball,2,23.1,Bangladesh,Mushfiqur Rahim,Shakib Al Hasan,AU Rashid,1,0,,,,,,"",""
ball,2,23.2,Bangladesh,Shakib Al Hasan,Mushfiqur Rahim,AU Rashid,0,0,,,,,,"",""
ball,2,23.3,Bangladesh,Shakib Al Hasan,Mushfiqur Rahim,AU Rashid,1,0,,,,,,"",""
ball,2,23.4,Bangladesh,Mushfiqur Rahim,Shakib Al Hasan,AU Rashid,1,0,,,,,,"",""
ball,2,23.5,Bangladesh,Shakib Al Hasan,Mushfiqur Rahim,AU Rashid,0,0,,,,,,"",""
ball,2,23.6,Bangladesh,Shakib Al Hasan,Mushfiqur Rahim,AU Rashid,0,1,1,,,,,"",""
ball,2,23.7,Bangladesh,Shakib Al Hasan,Mushfiqur Rahim,AU Rashid,4,0,,,,,,"",""
ball,2,24.1,Bangladesh,Mushfiqur Rahim,Shakib Al Hasan,MA Wood,1,0,,,,,,"",""
ball,2,24.2,Bangladesh,Shakib Al Hasan,Mushfiqur Rahim,MA Wood,1,0,,,,,,"",""
ball,2,24.3,Bangladesh,Mushfiqur Rahim,Shakib Al Hasan,MA Wood,1,0,,,,,,"",""
ball,2,24.4,Bangladesh,Shakib Al Hasan,Mushfiqur Rahim,MA Wood,0,0,,,,,,"",""
ball,2,24.5,Bangladesh,Shakib Al Hasan,Mushfiqur Rahim,MA Wood,0,0,,,,,,"",""
ball,2,24.6,Bangladesh,Shakib Al Hasan,Mushfiqur Rahim,MA Wood,1,0,,,,,,"",""
ball,2,25.1,Bangladesh,Shakib Al Hasan,Mushfiqur Rahim,AU Rashid,4,0,,,,,,"",""
ball,2,25.2,Bangladesh,Shakib Al Hasan,Mushfiqur Rahim,AU Rashid,1,0,,,,,,"",""
ball,2,25.3,Bangladesh,Mushfiqur Rahim,Shakib Al Hasan,AU Rashid,0,0,,,,,,"",""
ball,2,25.4,Bangladesh,Mushfiqur Rahim,Shakib Al Hasan,AU Rashid,0,0,,,,,,"",""
ball,2,25.5,Bangladesh,Mushfiqur Rahim,Shakib Al Hasan,AU Rashid,4,0,,,,,,"",""
ball,2,25.6,Bangladesh,Mushfiqur Rahim,Shakib Al Hasan,AU Rashid,1,0,,,,,,"",""
ball,2,26.1,Bangladesh,Mushfiqur Rahim,Shakib Al Hasan,LE Plunkett,1,0,,,,,,"",""
ball,2,26.2,Bangladesh,Shakib Al Hasan,Mushfiqur Rahim,LE Plunkett,1,0,,,,,,"",""
ball,2,26.3,Bangladesh,Mushfiqur Rahim,Shakib Al Hasan,LE Plunkett,1,0,,,,,,"",""
ball,2,26.4,Bangladesh,Shakib Al Hasan,Mushfiqur Rahim,LE Plunkett,0,0,,,,,,"",""
ball,2,26.5,Bangladesh,Shakib Al Hasan,Mushfiqur Rahim,LE Plunkett,0,0,,,,,,"",""
ball,2,26.6,Bangladesh,Shakib Al Hasan,Mushfiqur Rahim,LE Plunkett,1,0,,,,,,"",""
ball,2,27.1,Bangladesh,Shakib Al Hasan,Mushfiqur Rahim,AU Rashid,1,0,,,,,,"",""
ball,2,27.2,Bangladesh,Mushfiqur Rahim,Shakib Al Hasan,AU Rashid,2,0,,,,,,"",""
ball,2,27.3,Bangladesh,Mushfiqur Rahim,Shakib Al Hasan,AU Rashid,1,0,,,,,,"",""
ball,2,27.4,Bangladesh,Shakib Al Hasan,Mushfiqur Rahim,AU Rashid,1,0,,,,,,"",""
ball,2,27.5,Bangladesh,Mushfiqur Rahim,Shakib Al Hasan,AU Rashid,2,0,,,,,,"",""
ball,2,27.6,Bangladesh,Mushfiqur Rahim,Shakib Al Hasan,AU Rashid,2,0,,,,,,"",""
ball,2,28.1,Bangladesh,Shakib Al Hasan,Mushfiqur Rahim,LE Plunkett,1,0,,,,,,"",""
ball,2,28.2,Bangladesh,Mushfiqur Rahim,Shakib Al Hasan,LE Plunkett,0,0,,,,,,"",""
ball,2,28.3,Bangladesh,Mushfiqur Rahim,Shakib Al Hasan,LE Plunkett,1,0,,,,,,"",""
ball,2,28.4,Bangladesh,Shakib Al Hasan,Mushfiqur Rahim,LE Plunkett,4,0,,,,,,"",""
ball,2,28.5,Bangladesh,Shakib Al Hasan,Mushfiqur Rahim,LE Plunkett,1,0,,,,,,"",""
ball,2,28.6,Bangladesh,Mushfiqur Rahim,Shakib Al Hasan,LE Plunkett,0,0,,,,,,caught,Mushfiqur Rahim
ball,2,29.1,Bangladesh,Shakib Al Hasan,Mohammad Mithun,AU Rashid,1,0,,,,,,"",""
ball,2,29.2,Bangladesh,Mohammad Mithun,Shakib Al Hasan,AU Rashid,0,0,,,,,,"",""
ball,2,29.3,Bangladesh,Mohammad Mithun,Shakib Al Hasan,AU Rashid,0,0,,,,,,caught,Mohammad Mithun
ball,2,29.4,Bangladesh,Mahmudullah,Shakib Al Hasan,AU Rashid,0,0,,,,,,"",""
ball,2,29.5,Bangladesh,Mahmudullah,Shakib Al Hasan,AU Rashid,0,0,,,,,,"",""
ball,2,29.6,Bangladesh,Mahmudullah,Shakib Al Hasan,AU Rashid,0,0,,,,,,"",""
ball,2,30.1,Bangladesh,Shakib Al Hasan,Mahmudullah,LE Plunkett,0,0,,,,,,"",""
ball,2,30.2,Bangladesh,Shakib Al Hasan,Mahmudullah,LE Plunkett,1,0,,,,,,"",""
ball,2,30.3,Bangladesh,Mahmudullah,Shakib Al Hasan,LE Plunkett,0,0,,,,,,"",""
ball,2,30.4,Bangladesh,Mahmudullah,Shakib Al Hasan,LE Plunkett,0,0,,,,,,"",""
ball,2,30.5,Bangladesh,Mahmudullah,Shakib Al Hasan,LE Plunkett,0,0,,,,,,"",""
ball,2,30.6,Bangladesh,Mahmudullah,Shakib Al Hasan,LE Plunkett,1,0,,,,,,"",""
ball,2,31.1,Bangladesh,Mahmudullah,Shakib Al Hasan,AU Rashid,0,0,,,,,,"",""
ball,2,31.2,Bangladesh,Mahmudullah,Shakib Al Hasan,AU Rashid,1,0,,,,,,"",""
ball,2,31.3,Bangladesh,Shakib Al Hasan,Mahmudullah,AU Rashid,0,0,,,,,,"",""
ball,2,31.4,Bangladesh,Shakib Al Hasan,Mahmudullah,AU Rashid,1,0,,,,,,"",""
ball,2,31.5,Bangladesh,Mahmudullah,Shakib Al Hasan,AU Rashid,1,0,,,,,,"",""
ball,2,31.6,Bangladesh,Shakib Al Hasan,Mahmudullah,AU Rashid,1,0,,,,,,"",""
ball,2,32.1,Bangladesh,Shakib Al Hasan,Mahmudullah,JC Archer,1,0,,,,,,"",""
ball,2,32.2,Bangladesh,Mahmudullah,Shakib Al Hasan,JC Archer,1,0,,,,,,"",""
ball,2,32.3,Bangladesh,Shakib Al Hasan,Mahmudullah,JC Archer,1,0,,,,,,"",""
ball,2,32.4,Bangladesh,Mahmudullah,Shakib Al Hasan,JC Archer,0,0,,,,,,"",""
ball,2,32.5,Bangladesh,Mahmudullah,Shakib Al Hasan,JC Archer,0,1,,,,1,,"",""
ball,2,32.6,Bangladesh,Shakib Al Hasan,Mahmudullah,JC Archer,2,0,,,,,,"",""
ball,2,33.1,Bangladesh,Mahmudullah,Shakib Al Hasan,AU Rashid,0,0,,,,,,"",""
ball,2,33.2,Bangladesh,Mahmudullah,Shakib Al Hasan,AU Rashid,0,0,,,,,,"",""
ball,2,33.3,Bangladesh,Mahmudullah,Shakib Al Hasan,AU Rashid,1,0,,,,,,"",""
ball,2,33.4,Bangladesh,Shakib Al Hasan,Mahmudullah,AU Rashid,0,0,,,,,,"",""
ball,2,33.5,Bangladesh,Shakib Al Hasan,Mahmudullah,AU Rashid,0,0,,,,,,"",""
ball,2,33.6,Bangladesh,Shakib Al Hasan,Mahmudullah,AU Rashid,1,0,,,,,,"",""
ball,2,34.1,Bangladesh,Shakib Al Hasan,Mahmudullah,JC Archer,1,0,,,,,,"",""
ball,2,34.2,Bangladesh,Mahmudullah,Shakib Al Hasan,JC Archer,0,0,,,,,,"",""
ball,2,34.3,Bangladesh,Mahmudullah,Shakib Al Hasan,JC Archer,0,0,,,,,,"",""
ball,2,34.4,Bangladesh,Mahmudullah,Shakib Al Hasan,JC Archer,0,0,,,,,,"",""
ball,2,34.5,Bangladesh,Mahmudullah,Shakib Al Hasan,JC Archer,1,0,,,,,,"",""
ball,2,34.6,Bangladesh,Shakib Al Hasan,Mahmudullah,JC Archer,0,0,,,,,,"",""
ball,2,35.1,Bangladesh,Mahmudullah,Shakib Al Hasan,AU Rashid,0,0,,,,,,"",""
ball,2,35.2,Bangladesh,Mahmudullah,Shakib Al Hasan,AU Rashid,1,0,,,,,,"",""
ball,2,35.3,Bangladesh,Shakib Al Hasan,Mahmudullah,AU Rashid,1,0,,,,,,"",""
ball,2,35.4,Bangladesh,Mahmudullah,Shakib Al Hasan,AU Rashid,0,0,,,,,,"",""
ball,2,35.5,Bangladesh,Mahmudullah,Shakib Al Hasan,AU Rashid,0,1,1,,,,,"",""
ball,2,35.6,Bangladesh,Mahmudullah,Shakib Al Hasan,AU Rashid,0,0,,,,,,"",""
ball,2,35.7,Bangladesh,Mahmudullah,Shakib Al Hasan,AU Rashid,6,0,,,,,,"",""
ball,2,36.1,Bangladesh,Shakib Al Hasan,Mahmudullah,JC Archer,0,0,,,,,,"",""
ball,2,36.2,Bangladesh,Shakib Al Hasan,Mahmudullah,JC Archer,1,0,,,,,,"",""
ball,2,36.3,Bangladesh,Mahmudullah,Shakib Al Hasan,JC Archer,1,0,,,,,,"",""
ball,2,36.4,Bangladesh,Shakib Al Hasan,Mahmudullah,JC Archer,0,0,,,,,,"",""
ball,2,36.5,Bangladesh,Shakib Al Hasan,Mahmudullah,JC Archer,0,5,5,,,,,"",""
ball,2,36.6,Bangladesh,Shakib Al Hasan,Mahmudullah,JC Archer,1,0,,,,,,"",""
ball,2,36.7,Bangladesh,Mahmudullah,Shakib Al Hasan,JC Archer,0,0,,,,,,"",""
ball,2,37.1,Bangladesh,Shakib Al Hasan,Mahmudullah,BA Stokes,0,0,,,,,,"",""
ball,2,37.2,Bangladesh,Shakib Al Hasan,Mahmudullah,BA Stokes,0,0,,,,,,"",""
ball,2,37.3,Bangladesh,Shakib Al Hasan,Mahmudullah,BA Stokes,0,0,,,,,,"",""
ball,2,37.4,Bangladesh,Shakib Al Hasan,Mahmudullah,BA Stokes,0,0,,,,,,"",""
ball,2,37.5,Bangladesh,Shakib Al Hasan,Mahmudullah,BA Stokes,0,0,,,,,,"",""
ball,2,37.6,Bangladesh,Shakib Al Hasan,Mahmudullah,BA Stokes,0,0,,,,,,"",""
ball,2,38.1,Bangladesh,Mahmudullah,Shakib Al Hasan,CR Woakes,1,0,,,,,,"",""
ball,2,38.2,Bangladesh,Shakib Al Hasan,Mahmudullah,CR Woakes,4,0,,,,,,"",""
ball,2,38.3,Bangladesh,Shakib Al Hasan,Mahmudullah,CR Woakes,4,0,,,,,,"",""
ball,2,38.4,Bangladesh,Shakib Al Hasan,Mahmudullah,CR Woakes,0,0,,,,,,"",""
ball,2,38.5,Bangladesh,Shakib Al Hasan,Mahmudullah,CR Woakes,4,0,,,,,,"",""
ball,2,38.6,Bangladesh,Shakib Al Hasan,Mahmudullah,CR Woakes,1,0,,,,,,"",""
ball,2,39.1,Bangladesh,Shakib Al Hasan,Mahmudullah,BA Stokes,1,0,,,,,,"",""
ball,2,39.2,Bangladesh,Mahmudullah,Shakib Al Hasan,BA Stokes,1,0,,,,,,"",""
ball,2,39.3,Bangladesh,Shakib Al Hasan,Mahmudullah,BA Stokes,0,0,,,,,,bowled,Shakib Al Hasan
ball,2,39.4,Bangladesh,Mosaddek Hossain,Mahmudullah,BA Stokes,4,0,,,,,,"",""
ball,2,39.5,Bangladesh,Mosaddek Hossain,Mahmudullah,BA Stokes,0,0,,,,,,"",""
ball,2,39.6,Bangladesh,Mosaddek Hossain,Mahmudullah,BA Stokes,1,0,,,,,,"",""
ball,2,40.1,Bangladesh,Mosaddek Hossain,Mahmudullah,CR Woakes,0,0,,,,,,"",""
ball,2,40.2,Bangladesh,Mosaddek Hossain,Mahmudullah,CR Woakes,1,0,,,,,,"",""
ball,2,40.3,Bangladesh,Mahmudullah,Mosaddek Hossain,CR Woakes,1,0,,,,,,"",""
ball,2,40.4,Bangladesh,Mosaddek Hossain,Mahmudullah,CR Woakes,4,0,,,,,,"",""
ball,2,40.5,Bangladesh,Mosaddek Hossain,Mahmudullah,CR Woakes,4,0,,,,,,"",""
ball,2,40.6,Bangladesh,Mosaddek Hossain,Mahmudullah,CR Woakes,1,0,,,,,,"",""
ball,2,41.1,Bangladesh,Mosaddek Hossain,Mahmudullah,BA Stokes,2,0,,,,,,"",""
ball,2,41.2,Bangladesh,Mosaddek Hossain,Mahmudullah,BA Stokes,2,0,,,,,,"",""
ball,2,41.3,Bangladesh,Mosaddek Hossain,Mahmudullah,BA Stokes,1,0,,,,,,"",""
ball,2,41.4,Bangladesh,Mahmudullah,Mosaddek Hossain,BA Stokes,0,0,,,,,,"",""
ball,2,41.5,Bangladesh,Mahmudullah,Mosaddek Hossain,BA Stokes,1,0,,,,,,"",""
ball,2,41.6,Bangladesh,Mosaddek Hossain,Mahmudullah,BA Stokes,0,1,1,,,,,"",""
ball,2,41.7,Bangladesh,Mosaddek Hossain,Mahmudullah,BA Stokes,0,0,,,,,,"",""
ball,2,42.1,Bangladesh,Mahmudullah,Mosaddek Hossain,CR Woakes,4,0,,,,,,"",""
ball,2,42.2,Bangladesh,Mahmudullah,Mosaddek Hossain,CR Woakes,1,0,,,,,,"",""
ball,2,42.3,Bangladesh,Mosaddek Hossain,Mahmudullah,CR Woakes,1,0,,,,,,"",""
ball,2,42.4,Bangladesh,Mahmudullah,Mosaddek Hossain,CR Woakes,1,0,,,,,,"",""
ball,2,42.5,Bangladesh,Mosaddek Hossain,Mahmudullah,CR Woakes,4,0,,,,,,"",""
ball,2,42.6,Bangladesh,Mosaddek Hossain,Mahmudullah,CR Woakes,1,0,,,,,,"",""
ball,2,43.1,Bangladesh,Mosaddek Hossain,Mahmudullah,BA Stokes,0,0,,,,,,caught,Mosaddek Hossain
ball,2,43.2,Bangladesh,Mahmudullah,Mohammad Saifuddin,BA Stokes,1,0,,,,,,"",""
ball,2,43.3,Bangladesh,Mohammad Saifuddin,Mahmudullah,BA Stokes,1,0,,,,,,"",""
ball,2,43.4,Bangladesh,Mahmudullah,Mohammad Saifuddin,BA Stokes,0,0,,,,,,"",""
ball,2,43.5,Bangladesh,Mahmudullah,Mohammad Saifuddin,BA Stokes,1,0,,,,,,"",""
ball,2,43.6,Bangladesh,Mohammad Saifuddin,Mahmudullah,BA Stokes,0,0,,,,,,"",""
ball,2,44.1,Bangladesh,Mahmudullah,Mohammad Saifuddin,MA Wood,1,0,,,,,,"",""
ball,2,44.2,Bangladesh,Mohammad Saifuddin,Mahmudullah,MA Wood,1,0,,,,,,"",""
ball,2,44.3,Bangladesh,Mahmudullah,Mohammad Saifuddin,MA Wood,1,0,,,,,,"",""
ball,2,44.4,Bangladesh,Mohammad Saifuddin,Mahmudullah,MA Wood,0,0,,,,,,"",""
ball,2,44.5,Bangladesh,Mohammad Saifuddin,Mahmudullah,MA Wood,1,0,,,,,,"",""
ball,2,44.6,Bangladesh,Mahmudullah,Mohammad Saifuddin,MA Wood,0,0,,,,,,caught,Mahmudullah
ball,2,45.1,Bangladesh,Mehedi Hasan Miraz,Mohammad Saifuddin,BA Stokes,1,0,,,,,,"",""
ball,2,45.2,Bangladesh,Mohammad Saifuddin,Mehedi Hasan Miraz,BA Stokes,2,0,,,,,,"",""
ball,2,45.3,Bangladesh,Mohammad Saifuddin,Mehedi Hasan Miraz,BA Stokes,0,0,,,,,,"",""
ball,2,45.4,Bangladesh,Mohammad Saifuddin,Mehedi Hasan Miraz,BA Stokes,0,0,,,,,,bowled,Mohammad Saifuddin
ball,2,45.5,Bangladesh,Mashrafe Mortaza,Mehedi Hasan Miraz,BA Stokes,0,0,,,,,,"",""
ball,2,45.6,Bangladesh,Mashrafe Mortaza,Mehedi Hasan Miraz,BA Stokes,0,0,,,,,,"",""
ball,2,46.1,Bangladesh,Mehedi Hasan Miraz,Mashrafe Mortaza,MA Wood,1,0,,,,,,"",""
ball,2,46.2,Bangladesh,Mashrafe Mortaza,Mehedi Hasan Miraz,MA Wood,1,0,,,,,,"",""
ball,2,46.3,Bangladesh,Mehedi Hasan Miraz,Mashrafe Mortaza,MA Wood,4,0,,,,,,"",""
ball,2,46.4,Bangladesh,Mehedi Hasan Miraz,Mashrafe Mortaza,MA Wood,1,0,,,,,,"",""
ball,2,46.5,Bangladesh,Mashrafe Mortaza,Mehedi Hasan Miraz,MA Wood,1,0,,,,,,"",""
ball,2,46.6,Bangladesh,Mehedi Hasan Miraz,Mashrafe Mortaza,MA Wood,4,0,,,,,,"",""
ball,2,47.1,Bangladesh,Mashrafe Mortaza,Mehedi Hasan Miraz,BA Stokes,0,0,,,,,,"",""
ball,2,47.2,Bangladesh,Mashrafe Mortaza,Mehedi Hasan Miraz,BA Stokes,0,0,,,,,,"",""
ball,2,47.3,Bangladesh,Mashrafe Mortaza,Mehedi Hasan Miraz,BA Stokes,1,0,,,,,,"",""
ball,2,47.4,Bangladesh,Mehedi Hasan Miraz,Mashrafe Mortaza,BA Stokes,1,0,,,,,,"",""
ball,2,47.5,Bangladesh,Mashrafe Mortaza,Mehedi Hasan Miraz,BA Stokes,1,0,,,,,,"",""
ball,2,47.6,Bangladesh,Mehedi Hasan Miraz,Mashrafe Mortaza,BA Stokes,0,0,,,,,,"",""
ball,2,48.1,Bangladesh,Mashrafe Mortaza,Mehedi Hasan Miraz,JC Archer,0,1,,,,1,,"",""
ball,2,48.2,Bangladesh,Mehedi Hasan Miraz,Mashrafe Mortaza,JC Archer,0,0,,,,,,caught,Mehedi Hasan Miraz
ball,2,48.3,Bangladesh,Mustafizur Rahman,Mashrafe Mortaza,JC Archer,0,0,,,,,,"",""
ball,2,48.4,Bangladesh,Mustafizur Rahman,Mashrafe Mortaza,JC Archer,0,0,,,,,,"",""
ball,2,48.5,Bangladesh,Mustafizur Rahman,Mashrafe Mortaza,JC Archer,0,0,,,,,,caught,Mustafizur Rahman
