version,1.6.0
info,balls_per_over,6
info,team,Australia
info,team,West Indies
info,gender,male
info,season,2019
info,date,2019/06/06
info,event,World Cup
info,match_number,10
info,venue,Trent Bridge
info,city,Nottingham
info,toss_winner,West Indies
info,toss_decision,field
info,player_of_match,NM Coulter-Nile
info,umpire,CB Gaffaney
info,umpire,RSA Palliyaguruge
info,reserve_umpire,S Ravi
info,tv_umpire,M Erasmus
info,match_referee,JJ Crowe
info,winner,Australia
info,winner_runs,15
info,player,Australia,DA Warner
info,player,Australia,AJ Finch
info,player,Australia,UT Khawaja
info,player,Australia,SPD Smith
info,player,Australia,GJ Maxwell
info,player,Australia,MP Stoinis
info,player,Australia,AT Carey
info,player,Australia,NM Coulter-Nile
info,player,Australia,PJ Cummins
info,player,Australia,MA Starc
info,player,Australia,A Zampa
info,player,West Indies,CH Gayle
info,player,West Indies,E Lewis
info,player,West Indies,SD Hope
info,player,West Indies,N Pooran
info,player,West Indies,SO Hetmyer
info,player,West Indies,JO Holder
info,player,West Indies,AD Russell
info,player,West Indies,CR Brathwaite
info,player,West Indies,AR Nurse
info,player,West Indies,SS Cottrell
info,player,West Indies,O Thomas
info,registry,people,A Zampa,14f96089
info,registry,people,AD Russell,bbd41817
info,registry,people,AJ Finch,b8d490fd
info,registry,people,AR Nurse,4a745f65
info,registry,people,AT Carey,69d03465
info,registry,people,CB Gaffaney,d5ac41d8
info,registry,people,CH Gayle,db584dad
info,registry,people,CR Brathwaite,e342e5fb
info,registry,people,DA Warner,dcce6f09
info,registry,people,E Lewis,0ebfb1ad
info,registry,people,GJ Maxwell,b681e71e
info,registry,people,JJ Crowe,2e760301
info,registry,people,JO Holder,0f721006
info,registry,people,M Erasmus,15d3c895
info,registry,people,MA Starc,3fb19989
info,registry,people,MP Stoinis,d9273ee7
info,registry,people,N Pooran,3241e3fd
info,registry,people,NM Coulter-Nile,56ab442f
info,registry,people,O Thomas,c6097d68
info,registry,people,PJ Cummins,ded9240e
info,registry,people,RSA Palliyaguruge,4339c19d
info,registry,people,S Ravi,9b9ee0df
info,registry,people,SD Hope,1fc6ef83
info,registry,people,SO Hetmyer,48a1d7b7
info,registry,people,SPD Smith,30a45b23
info,registry,people,SS Cottrell,a1d053dd
info,registry,people,UT Khawaja,331ea488
ball,1,0.1,Australia,DA Warner,AJ Finch,O Thomas,0,5,5,,,,,"",""
ball,1,0.2,Australia,DA Warner,AJ Finch,O Thomas,1,0,,,,,,"",""
ball,1,0.3,Australia,AJ Finch,DA Warner,O Thomas,1,0,,,,,,"",""
ball,1,0.4,Australia,DA Warner,AJ Finch,O Thomas,0,1,,1,,,,"",""
ball,1,0.5,Australia,DA Warner,AJ Finch,O Thomas,1,0,,,,,,"",""
ball,1,0.6,Australia,AJ Finch,DA Warner,O Thomas,0,0,,,,,,"",""
ball,1,0.7,Australia,AJ Finch,DA Warner,O Thomas,0,0,,,,,,"",""
ball,1,0.8,Australia,AJ Finch,DA Warner,O Thomas,1,0,,,,,,"",""
ball,1,1.1,Australia,AJ Finch,DA Warner,SS Cottrell,1,0,,,,,,"",""
ball,1,1.2,Australia,DA Warner,AJ Finch,SS Cottrell,0,0,,,,,,"",""
ball,1,1.3,Australia,DA Warner,AJ Finch,SS Cottrell,0,1,,,,1,,"",""
ball,1,1.4,Australia,AJ Finch,DA Warner,SS Cottrell,2,0,,,,,,"",""
ball,1,1.5,Australia,AJ Finch,DA Warner,SS Cottrell,0,0,,,,,,"",""
ball,1,1.6,Australia,AJ Finch,DA Warner,SS Cottrell,1,0,,,,,,"",""
ball,1,2.1,Australia,AJ Finch,DA Warner,O Thomas,0,0,,,,,,"",""
ball,1,2.2,Australia,AJ Finch,DA Warner,O Thomas,0,0,,,,,,caught,AJ Finch
ball,1,2.3,Australia,UT Khawaja,DA Warner,O Thomas,0,1,1,,,,,"",""
ball,1,2.4,Australia,UT Khawaja,DA Warner,O Thomas,0,0,,,,,,"",""
ball,1,2.5,Australia,UT Khawaja,DA Warner,O Thomas,4,0,,,,,,"",""
ball,1,2.6,Australia,UT Khawaja,DA Warner,O Thomas,0,1,1,,,,,"",""
ball,1,2.7,Australia,UT Khawaja,DA Warner,O Thomas,0,0,,,,,,"",""
ball,1,2.8,Australia,UT Khawaja,DA Warner,O Thomas,1,0,,,,,,"",""
ball,1,3.1,Australia,UT Khawaja,DA Warner,SS Cottrell,1,0,,,,,,"",""
ball,1,3.2,Australia,DA Warner,UT Khawaja,SS Cottrell,0,0,,,,,,"",""
ball,1,3.3,Australia,DA Warner,UT Khawaja,SS Cottrell,1,0,,,,,,"",""
ball,1,3.4,Australia,UT Khawaja,DA Warner,SS Cottrell,0,0,,,,,,"",""
ball,1,3.5,Australia,UT Khawaja,DA Warner,SS Cottrell,1,0,,,,,,"",""
ball,1,3.6,Australia,DA Warner,UT Khawaja,SS Cottrell,0,1,1,,,,,"",""
ball,1,3.7,Australia,DA Warner,UT Khawaja,SS Cottrell,0,0,,,,,,caught,DA Warner
ball,1,4.1,Australia,UT Khawaja,SPD Smith,O Thomas,0,0,,,,,,"",""
ball,1,4.2,Australia,UT Khawaja,SPD Smith,O Thomas,0,0,,,,,,"",""
ball,1,4.3,Australia,UT Khawaja,SPD Smith,O Thomas,0,1,,,1,,,"",""
ball,1,4.4,Australia,SPD Smith,UT Khawaja,O Thomas,1,0,,,,,,"",""
ball,1,4.5,Australia,UT Khawaja,SPD Smith,O Thomas,0,0,,,,,,"",""
ball,1,4.6,Australia,UT Khawaja,SPD Smith,O Thomas,4,0,,,,,,"",""
ball,1,5.1,Australia,SPD Smith,UT Khawaja,SS Cottrell,0,0,,,,,,"",""
ball,1,5.2,Australia,SPD Smith,UT Khawaja,SS Cottrell,0,0,,,,,,"",""
ball,1,5.3,Australia,SPD Smith,UT Khawaja,SS Cottrell,0,0,,,,,,"",""
ball,1,5.4,Australia,SPD Smith,UT Khawaja,SS Cottrell,1,0,,,,,,"",""
ball,1,5.5,Australia,UT Khawaja,SPD Smith,SS Cottrell,0,0,,,,,,"",""
ball,1,5.6,Australia,UT Khawaja,SPD Smith,SS Cottrell,0,0,,,,,,"",""
ball,1,6.1,Australia,SPD Smith,UT Khawaja,AD Russell,1,0,,,,,,"",""
ball,1,6.2,Australia,UT Khawaja,SPD Smith,AD Russell,0,0,,,,,,"",""
ball,1,6.3,Australia,UT Khawaja,SPD Smith,AD Russell,0,0,,,,,,"",""
ball,1,6.4,Australia,UT Khawaja,SPD Smith,AD Russell,2,0,,,,,,"",""
ball,1,6.5,Australia,UT Khawaja,SPD Smith,AD Russell,0,0,,,,,,"",""
ball,1,6.6,Australia,UT Khawaja,SPD Smith,AD Russell,0,0,,,,,,caught,UT Khawaja
ball,1,7.1,Australia,SPD Smith,GJ Maxwell,SS Cottrell,0,0,,,,,,"",""
ball,1,7.2,Australia,SPD Smith,GJ Maxwell,SS Cottrell,0,1,1,,,,,"",""
ball,1,7.3,Australia,SPD Smith,GJ Maxwell,SS Cottrell,1,0,,,,,,"",""
ball,1,7.4,Australia,GJ Maxwell,SPD Smith,SS Cottrell,0,0,,,,,,"",""
ball,1,7.5,Australia,GJ Maxwell,SPD Smith,SS Cottrell,0,0,,,,,,caught,GJ Maxwell
ball,1,7.6,Australia,MP Stoinis,SPD Smith,SS Cottrell,0,0,,,,,,"",""
ball,1,7.7,Australia,MP Stoinis,SPD Smith,SS Cottrell,0,0,,,,,,"",""
ball,1,8.1,Australia,SPD Smith,MP Stoinis,AD Russell,0,0,,,,,,"",""
ball,1,8.2,Australia,SPD Smith,MP Stoinis,AD Russell,0,0,,,,,,"",""
ball,1,8.3,Australia,SPD Smith,MP Stoinis,AD Russell,0,0,,,,,,"",""
ball,1,8.4,Australia,SPD Smith,MP Stoinis,AD Russell,0,0,,,,,,"",""
ball,1,8.5,Australia,SPD Smith,MP Stoinis,AD Russell,0,1,1,,,,,"",""
ball,1,8.6,Australia,SPD Smith,MP Stoinis,AD Russell,0,0,,,,,,"",""
ball,1,8.7,Australia,SPD Smith,MP Stoinis,AD Russell,0,1,1,,,,,"",""
ball,1,8.8,Australia,SPD Smith,MP Stoinis,AD Russell,0,0,,,,,,"",""
ball,1,9.1,Australia,MP Stoinis,SPD Smith,CR Brathwaite,0,0,,,,,,"",""
ball,1,9.2,Australia,MP Stoinis,SPD Smith,CR Brathwaite,4,0,,,,,,"",""
ball,1,9.3,Australia,MP Stoinis,SPD Smith,CR Brathwaite,0,0,,,,,,"",""
ball,1,9.4,Australia,MP Stoinis,SPD Smith,CR Brathwaite,0,0,,,,,,"",""
ball,1,9.5,Australia,MP Stoinis,SPD Smith,CR Brathwaite,0,0,,,,,,"",""
ball,1,9.6,Australia,MP Stoinis,SPD Smith,CR Brathwaite,4,0,,,,,,"",""
ball,1,10.1,Australia,SPD Smith,MP Stoinis,AD Russell,4,0,,,,,,"",""
ball,1,10.2,Australia,SPD Smith,MP Stoinis,AD Russell,1,0,,,,,,"",""
ball,1,10.3,Australia,MP Stoinis,SPD Smith,AD Russell,0,1,1,,,,,"",""
ball,1,10.4,Australia,MP Stoinis,SPD Smith,AD Russell,0,0,,,,,,"",""
ball,1,10.5,Australia,MP Stoinis,SPD Smith,AD Russell,0,0,,,,,,"",""
ball,1,10.6,Australia,MP Stoinis,SPD Smith,AD Russell,0,0,,,,,,"",""
ball,1,10.7,Australia,MP Stoinis,SPD Smith,AD Russell,0,0,,,,,,"",""
ball,1,11.1,Australia,SPD Smith,MP Stoinis,CR Brathwaite,0,0,,,,,,"",""
ball,1,11.2,Australia,SPD Smith,MP Stoinis,CR Brathwaite,1,0,,,,,,"",""
ball,1,11.3,Australia,MP Stoinis,SPD Smith,CR Brathwaite,0,0,,,,,,"",""
ball,1,11.4,Australia,MP Stoinis,SPD Smith,CR Brathwaite,1,0,,,,,,"",""
ball,1,11.5,Australia,SPD Smith,MP Stoinis,CR Brathwaite,0,0,,,,,,"",""
ball,1,11.6,Australia,SPD Smith,MP Stoinis,CR Brathwaite,4,0,,,,,,"",""
ball,1,12.1,Australia,MP Stoinis,SPD Smith,JO Holder,0,0,,,,,,"",""
ball,1,12.2,Australia,MP Stoinis,SPD Smith,JO Holder,0,0,,,,,,"",""
ball,1,12.3,Australia,MP Stoinis,SPD Smith,JO Holder,4,0,,,,,,"",""
ball,1,12.4,Australia,MP Stoinis,SPD Smith,JO Holder,4,0,,,,,,"",""
ball,1,12.5,Australia,MP Stoinis,SPD Smith,JO Holder,0,0,,,,,,"",""
ball,1,12.6,Australia,MP Stoinis,SPD Smith,JO Holder,0,0,,,,,,"",""
ball,1,13.1,Australia,SPD Smith,MP Stoinis,CR Brathwaite,0,0,,,,,,"",""
ball,1,13.2,Australia,SPD Smith,MP Stoinis,CR Brathwaite,1,0,,,,,,"",""
ball,1,13.3,Australia,MP Stoinis,SPD Smith,CR Brathwaite,1,0,,,,,,"",""
ball,1,13.4,Australia,SPD Smith,MP Stoinis,CR Brathwaite,0,0,,,,,,"",""
ball,1,13.5,Australia,SPD Smith,MP Stoinis,CR Brathwaite,0,1,1,,,,,"",""
ball,1,13.6,Australia,SPD Smith,MP Stoinis,CR Brathwaite,0,0,,,,,,"",""
ball,1,13.7,Australia,SPD Smith,MP Stoinis,CR Brathwaite,1,0,,,,,,"",""
ball,1,14.1,Australia,SPD Smith,MP Stoinis,JO Holder,0,0,,,,,,"",""
ball,1,14.2,Australia,SPD Smith,MP Stoinis,JO Holder,1,0,,,,,,"",""
ball,1,14.3,Australia,MP Stoinis,SPD Smith,JO Holder,1,0,,,,,,"",""
ball,1,14.4,Australia,SPD Smith,MP Stoinis,JO Holder,0,0,,,,,,"",""
ball,1,14.5,Australia,SPD Smith,MP Stoinis,JO Holder,0,0,,,,,,"",""
ball,1,14.6,Australia,SPD Smith,MP Stoinis,JO Holder,1,0,,,,,,"",""
ball,1,15.1,Australia,SPD Smith,MP Stoinis,CR Brathwaite,0,0,,,,,,"",""
ball,1,15.2,Australia,SPD Smith,MP Stoinis,CR Brathwaite,0,0,,,,,,"",""
ball,1,15.3,Australia,SPD Smith,MP Stoinis,CR Brathwaite,0,0,,,,,,"",""
ball,1,15.4,Australia,SPD Smith,MP Stoinis,CR Brathwaite,0,0,,,,,,"",""
ball,1,15.5,Australia,SPD Smith,MP Stoinis,CR Brathwaite,0,0,,,,,,"",""
ball,1,15.6,Australia,SPD Smith,MP Stoinis,CR Brathwaite,4,0,,,,,,"",""
ball,1,16.1,Australia,MP Stoinis,SPD Smith,JO Holder,0,0,,,,,,caught,MP Stoinis
ball,1,16.2,Australia,AT Carey,SPD Smith,JO Holder,0,0,,,,,,"",""
ball,1,16.3,Australia,AT Carey,SPD Smith,JO Holder,0,0,,,,,,"",""
ball,1,16.4,Australia,AT Carey,SPD Smith,JO Holder,0,0,,,,,,"",""
ball,1,16.5,Australia,AT Carey,SPD Smith,JO Holder,0,0,,,,,,"",""
ball,1,16.6,Australia,AT Carey,SPD Smith,JO Holder,0,0,,,,,,"",""
ball,1,17.1,Australia,SPD Smith,AT Carey,CR Brathwaite,1,0,,,,,,"",""
ball,1,17.2,Australia,AT Carey,SPD Smith,CR Brathwaite,0,0,,,,,,"",""
ball,1,17.3,Australia,AT Carey,SPD Smith,CR Brathwaite,0,0,,,,,,"",""
ball,1,17.4,Australia,AT Carey,SPD Smith,CR Brathwaite,0,0,,,,,,"",""
ball,1,17.5,Australia,AT Carey,SPD Smith,CR Brathwaite,0,0,,,,,,"",""
ball,1,17.6,Australia,AT Carey,SPD Smith,CR Brathwaite,0,0,,,,,,"",""
ball,1,18.1,Australia,SPD Smith,AT Carey,O Thomas,0,0,,,,,,"",""
ball,1,18.2,Australia,SPD Smith,AT Carey,O Thomas,0,0,,,,,,"",""
ball,1,18.3,Australia,SPD Smith,AT Carey,O Thomas,0,0,,,,,,"",""
ball,1,18.4,Australia,SPD Smith,AT Carey,O Thomas,0,0,,,,,,"",""
ball,1,18.5,Australia,SPD Smith,AT Carey,O Thomas,0,1,1,,,,,"",""
ball,1,18.6,Australia,SPD Smith,AT Carey,O Thomas,0,0,,,,,,"",""
ball,1,18.7,Australia,SPD Smith,AT Carey,O Thomas,0,1,1,,,,,"",""
ball,1,18.8,Australia,SPD Smith,AT Carey,O Thomas,0,0,,,,,,"",""
ball,1,19.1,Australia,AT Carey,SPD Smith,JO Holder,0,0,,,,,,"",""
ball,1,19.2,Australia,AT Carey,SPD Smith,JO Holder,0,0,,,,,,"",""
ball,1,19.3,Australia,AT Carey,SPD Smith,JO Holder,0,0,,,,,,"",""
ball,1,19.4,Australia,AT Carey,SPD Smith,JO Holder,0,0,,,,,,"",""
ball,1,19.5,Australia,AT Carey,SPD Smith,JO Holder,1,0,,,,,,"",""
ball,1,19.6,Australia,SPD Smith,AT Carey,JO Holder,0,0,,,,,,"",""
ball,1,20.1,Australia,AT Carey,SPD Smith,O Thomas,0,0,,,,,,"",""
ball,1,20.2,Australia,AT Carey,SPD Smith,O Thomas,0,0,,,,,,"",""
ball,1,20.3,Australia,AT Carey,SPD Smith,O Thomas,1,0,,,,,,"",""
ball,1,20.4,Australia,SPD Smith,AT Carey,O Thomas,0,0,,,,,,"",""
ball,1,20.5,Australia,SPD Smith,AT Carey,O Thomas,1,0,,,,,,"",""
ball,1,20.6,Australia,AT Carey,SPD Smith,O Thomas,1,0,,,,,,"",""
ball,1,21.1,Australia,AT Carey,SPD Smith,JO Holder,0,0,,,,,,"",""
ball,1,21.2,Australia,AT Carey,SPD Smith,JO Holder,0,0,,,,,,"",""
ball,1,21.3,Australia,AT Carey,SPD Smith,JO Holder,0,0,,,,,,"",""
ball,1,21.4,Australia,AT Carey,SPD Smith,JO Holder,0,0,,,,,,"",""
ball,1,21.5,Australia,AT Carey,SPD Smith,JO Holder,0,0,,,,,,"",""
ball,1,21.6,Australia,AT Carey,SPD Smith,JO Holder,0,0,,,,,,"",""
ball,1,22.1,Australia,SPD Smith,AT Carey,O Thomas,1,0,,,,,,"",""
ball,1,22.2,Australia,AT Carey,SPD Smith,O Thomas,0,0,,,,,,"",""
ball,1,22.3,Australia,AT Carey,SPD Smith,O Thomas,4,0,,,,,,"",""
ball,1,22.4,Australia,AT Carey,SPD Smith,O Thomas,0,0,,,,,,"",""
ball,1,22.5,Australia,AT Carey,SPD Smith,O Thomas,4,0,,,,,,"",""
ball,1,22.6,Australia,AT Carey,SPD Smith,O Thomas,1,0,,,,,,"",""
ball,1,23.1,Australia,AT Carey,SPD Smith,SS Cottrell,0,0,,,,,,"",""
ball,1,23.2,Australia,AT Carey,SPD Smith,SS Cottrell,4,0,,,,,,"",""
ball,1,23.3,Australia,AT Carey,SPD Smith,SS Cottrell,4,0,,,,,,"",""
ball,1,23.4,Australia,AT Carey,SPD Smith,SS Cottrell,1,0,,,,,,"",""
ball,1,23.5,Australia,SPD Smith,AT Carey,SS Cottrell,1,0,,,,,,"",""
ball,1,23.6,Australia,AT Carey,SPD Smith,SS Cottrell,4,0,,,,,,"",""
ball,1,24.1,Australia,SPD Smith,AT Carey,JO Holder,4,0,,,,,,"",""
ball,1,24.2,Australia,SPD Smith,AT Carey,JO Holder,3,0,,,,,,"",""
ball,1,24.3,Australia,AT Carey,SPD Smith,JO Holder,0,0,,,,,,"",""
ball,1,24.4,Australia,AT Carey,SPD Smith,JO Holder,1,0,,,,,,"",""
ball,1,24.5,Australia,SPD Smith,AT Carey,JO Holder,1,0,,,,,,"",""
ball,1,24.6,Australia,AT Carey,SPD Smith,JO Holder,0,0,,,,,,"",""
ball,1,25.1,Australia,SPD Smith,AT Carey,SS Cottrell,1,0,,,,,,"",""
ball,1,25.2,Australia,AT Carey,SPD Smith,SS Cottrell,0,0,,,,,,"",""
ball,1,25.3,Australia,AT Carey,SPD Smith,SS Cottrell,1,0,,,,,,"",""
ball,1,25.4,Australia,SPD Smith,AT Carey,SS Cottrell,0,0,,,,,,"",""
ball,1,25.5,Australia,SPD Smith,AT Carey,SS Cottrell,1,0,,,,,,"",""
ball,1,25.6,Australia,AT Carey,SPD Smith,SS Cottrell,0,0,,,,,,"",""
ball,1,26.1,Australia,SPD Smith,AT Carey,JO Holder,0,0,,,,,,"",""
ball,1,26.2,Australia,SPD Smith,AT Carey,JO Holder,1,0,,,,,,"",""
ball,1,26.3,Australia,AT Carey,SPD Smith,JO Holder,4,0,,,,,,"",""
ball,1,26.4,Australia,AT Carey,SPD Smith,JO Holder,0,0,,,,,,"",""
ball,1,26.5,Australia,AT Carey,SPD Smith,JO Holder,2,0,,,,,,"",""
ball,1,26.6,Australia,AT Carey,SPD Smith,JO Holder,0,0,,,,,,"",""
ball,1,27.1,Australia,SPD Smith,AT Carey,AR Nurse,1,0,,,,,,"",""
ball,1,27.2,Australia,AT Carey,SPD Smith,AR Nurse,4,0,,,,,,"",""
ball,1,27.3,Australia,AT Carey,SPD Smith,AR Nurse,1,0,,,,,,"",""
ball,1,27.4,Australia,SPD Smith,AT Carey,AR Nurse,0,0,,,,,,"",""
ball,1,27.5,Australia,SPD Smith,AT Carey,AR Nurse,1,0,,,,,,"",""
ball,1,27.6,Australia,AT Carey,SPD Smith,AR Nurse,1,0,,,,,,"",""
ball,1,28.1,Australia,AT Carey,SPD Smith,CR Brathwaite,1,0,,,,,,"",""
ball,1,28.2,Australia,SPD Smith,AT Carey,CR Brathwaite,0,0,,,,,,"",""
ball,1,28.3,Australia,SPD Smith,AT Carey,CR Brathwaite,1,0,,,,,,"",""
ball,1,28.4,Australia,AT Carey,SPD Smith,CR Brathwaite,0,0,,,,,,"",""
ball,1,28.5,Australia,AT Carey,SPD Smith,CR Brathwaite,2,0,,,,,,"",""
ball,1,28.6,Australia,AT Carey,SPD Smith,CR Brathwaite,2,0,,,,,,"",""
ball,1,29.1,Australia,SPD Smith,AT Carey,AR Nurse,0,0,,,,,,"",""
ball,1,29.2,Australia,SPD Smith,AT Carey,AR Nurse,0,0,,,,,,"",""
ball,1,29.3,Australia,SPD Smith,AT Carey,AR Nurse,1,0,,,,,,"",""
ball,1,29.4,Australia,AT Carey,SPD Smith,AR Nurse,0,0,,,,,,"",""
ball,1,29.5,Australia,AT Carey,SPD Smith,AR Nurse,1,0,,,,,,"",""
ball,1,29.6,Australia,SPD Smith,AT Carey,AR Nurse,1,0,,,,,,"",""
ball,1,30.1,Australia,SPD Smith,AT Carey,AD Russell,0,0,,,,,,"",""
ball,1,30.2,Australia,SPD Smith,AT Carey,AD Russell,0,0,,,,,,"",""
ball,1,30.3,Australia,SPD Smith,AT Carey,AD Russell,1,0,,,,,,"",""
ball,1,30.4,Australia,AT Carey,SPD Smith,AD Russell,0,0,,,,,,caught,AT Carey
ball,1,30.5,Australia,NM Coulter-Nile,SPD Smith,AD Russell,0,0,,,,,,"",""
ball,1,30.6,Australia,NM Coulter-Nile,SPD Smith,AD Russell,1,0,,,,,,"",""
ball,1,31.1,Australia,NM Coulter-Nile,SPD Smith,O Thomas,0,0,,,,,,"",""
ball,1,31.2,Australia,NM Coulter-Nile,SPD Smith,O Thomas,0,0,,,,,,"",""
ball,1,31.3,Australia,NM Coulter-Nile,SPD Smith,O Thomas,0,0,,,,,,"",""
ball,1,31.4,Australia,NM Coulter-Nile,SPD Smith,O Thomas,0,0,,,,,,"",""
ball,1,31.5,Australia,NM Coulter-Nile,SPD Smith,O Thomas,1,0,,,,,,"",""
ball,1,31.6,Australia,SPD Smith,NM Coulter-Nile,O Thomas,0,0,,,,,,"",""
ball,1,32.1,Australia,NM Coulter-Nile,SPD Smith,AD Russell,0,0,,,,,,"",""
ball,1,32.2,Australia,NM Coulter-Nile,SPD Smith,AD Russell,1,0,,,,,,"",""
ball,1,32.3,Australia,SPD Smith,NM Coulter-Nile,AD Russell,0,0,,,,,,"",""
ball,1,32.4,Australia,SPD Smith,NM Coulter-Nile,AD Russell,0,0,,,,,,"",""
ball,1,32.5,Australia,SPD Smith,NM Coulter-Nile,AD Russell,0,0,,,,,,"",""
ball,1,32.6,Australia,SPD Smith,NM Coulter-Nile,AD Russell,3,0,,,,,,"",""
ball,1,33.1,Australia,SPD Smith,NM Coulter-Nile,O Thomas,1,0,,,,,,"",""
ball,1,33.2,Australia,NM Coulter-Nile,SPD Smith,O Thomas,4,0,,,,,,"",""
ball,1,33.3,Australia,NM Coulter-Nile,SPD Smith,O Thomas,2,0,,,,,,"",""
ball,1,33.4,Australia,NM Coulter-Nile,SPD Smith,O Thomas,0,1,1,,,,,"",""
ball,1,33.5,Australia,NM Coulter-Nile,SPD Smith,O Thomas,0,0,,,,,,"",""
ball,1,33.6,Australia,NM Coulter-Nile,SPD Smith,O Thomas,4,0,,,,,,"",""
ball,1,33.7,Australia,NM Coulter-Nile,SPD Smith,O Thomas,1,0,,,,,,"",""
ball,1,34.1,Australia,NM Coulter-Nile,SPD Smith,AD Russell,0,0,,,,,,"",""
ball,1,34.2,Australia,NM Coulter-Nile,SPD Smith,AD Russell,0,0,,,,,,"",""
ball,1,34.3,Australia,NM Coulter-Nile,SPD Smith,AD Russell,4,0,,,,,,"",""
ball,1,34.4,Australia,NM Coulter-Nile,SPD Smith,AD Russell,0,1,1,,,,,"",""
ball,1,34.5,Australia,NM Coulter-Nile,SPD Smith,AD Russell,0,1,1,,,,,"",""
ball,1,34.6,Australia,NM Coulter-Nile,SPD Smith,AD Russell,2,0,,,,,,"",""
ball,1,34.7,Australia,NM Coulter-Nile,SPD Smith,AD Russell,0,0,,,,,,"",""
ball,1,34.8,Australia,NM Coulter-Nile,SPD Smith,AD Russell,1,0,,,,,,"",""
ball,1,35.1,Australia,NM Coulter-Nile,SPD Smith,SS Cottrell,1,0,,,,,,"",""
ball,1,35.2,Australia,SPD Smith,NM Coulter-Nile,SS Cottrell,0,0,,,,,,"",""
ball,1,35.3,Australia,SPD Smith,NM Coulter-Nile,SS Cottrell,0,0,,,,,,"",""
ball,1,35.4,Australia,SPD Smith,NM Coulter-Nile,SS Cottrell,4,0,,,,,,"",""
ball,1,35.5,Australia,SPD Smith,NM Coulter-Nile,SS Cottrell,0,0,,,,,,"",""
ball,1,35.6,Australia,SPD Smith,NM Coulter-Nile,SS Cottrell,1,0,,,,,,"",""
ball,1,36.1,Australia,SPD Smith,NM Coulter-Nile,AD Russell,0,0,,,,,,"",""
ball,1,36.2,Australia,SPD Smith,NM Coulter-Nile,AD Russell,1,0,,,,,,"",""
ball,1,36.3,Australia,NM Coulter-Nile,SPD Smith,AD Russell,0,0,,,,,,"",""
ball,1,36.4,Australia,NM Coulter-Nile,SPD Smith,AD Russell,4,0,,,,,,"",""
ball,1,36.5,Australia,NM Coulter-Nile,SPD Smith,AD Russell,2,0,,,,,,"",""
ball,1,36.6,Australia,NM Coulter-Nile,SPD Smith,AD Russell,1,0,,,,,,"",""
ball,1,37.1,Australia,NM Coulter-Nile,SPD Smith,SS Cottrell,1,0,,,,,,"",""
ball,1,37.2,Australia,SPD Smith,NM Coulter-Nile,SS Cottrell,0,0,,,,,,"",""
ball,1,37.3,Australia,SPD Smith,NM Coulter-Nile,SS Cottrell,0,0,,,,,,"",""
ball,1,37.4,Australia,SPD Smith,NM Coulter-Nile,SS Cottrell,2,0,,,,,,"",""
ball,1,37.5,Australia,SPD Smith,NM Coulter-Nile,SS Cottrell,1,0,,,,,,"",""
ball,1,37.6,Australia,NM Coulter-Nile,SPD Smith,SS Cottrell,0,1,1,,,,,"",""
ball,1,37.7,Australia,NM Coulter-Nile,SPD Smith,SS Cottrell,1,0,,,,,,"",""
ball,1,38.1,Australia,NM Coulter-Nile,SPD Smith,AD Russell,0,0,,,,,,"",""
ball,1,38.2,Australia,NM Coulter-Nile,SPD Smith,AD Russell,0,0,,,,,,"",""
ball,1,38.3,Australia,NM Coulter-Nile,SPD Smith,AD Russell,0,0,,,,,,"",""
ball,1,38.4,Australia,NM Coulter-Nile,SPD Smith,AD Russell,6,0,,,,,,"",""
ball,1,38.5,Australia,NM Coulter-Nile,SPD Smith,AD Russell,0,0,,,,,,"",""
ball,1,38.6,Australia,NM Coulter-Nile,SPD Smith,AD Russell,1,0,,,,,,"",""
ball,1,39.1,Australia,NM Coulter-Nile,SPD Smith,AR Nurse,1,0,,,,,,"",""
ball,1,39.2,Australia,SPD Smith,NM Coulter-Nile,AR Nurse,1,0,,,,,,"",""
ball,1,39.3,Australia,NM Coulter-Nile,SPD Smith,AR Nurse,1,0,,,,,,"",""
ball,1,39.4,Australia,SPD Smith,NM Coulter-Nile,AR Nurse,0,0,,,,,,"",""
ball,1,39.5,Australia,SPD Smith,NM Coulter-Nile,AR Nurse,0,0,,,,,,"",""
ball,1,39.6,Australia,SPD Smith,NM Coulter-Nile,AR Nurse,1,0,,,,,,"",""
ball,1,40.1,Australia,SPD Smith,NM Coulter-Nile,CR Brathwaite,1,0,,,,,,"",""
ball,1,40.2,Australia,NM Coulter-Nile,SPD Smith,CR Brathwaite,4,0,,,,,,"",""
ball,1,40.3,Australia,NM Coulter-Nile,SPD Smith,CR Brathwaite,1,0,,,,,,"",""
ball,1,40.4,Australia,SPD Smith,NM Coulter-Nile,CR Brathwaite,0,0,,,,,,"",""
ball,1,40.5,Australia,SPD Smith,NM Coulter-Nile,CR Brathwaite,1,0,,,,,,"",""
ball,1,40.6,Australia,NM Coulter-Nile,SPD Smith,CR Brathwaite,1,0,,,,,,"",""
ball,1,41.1,Australia,NM Coulter-Nile,SPD Smith,AR Nurse,1,0,,,,,,"",""
ball,1,41.2,Australia,SPD Smith,NM Coulter-Nile,AR Nurse,1,0,,,,,,"",""
ball,1,41.3,Australia,NM Coulter-Nile,SPD Smith,AR Nurse,1,0,,,,,,"",""
ball,1,41.4,Australia,SPD Smith,NM Coulter-Nile,AR Nurse,0,0,,,,,,"",""
ball,1,41.5,Australia,SPD Smith,NM Coulter-Nile,AR Nurse,0,0,,,,,,"",""
ball,1,41.6,Australia,SPD Smith,NM Coulter-Nile,AR Nurse,1,0,,,,,,"",""
ball,1,42.1,Australia,SPD Smith,NM Coulter-Nile,CR Brathwaite,0,0,,,,,,"",""
ball,1,42.2,Australia,SPD Smith,NM Coulter-Nile,CR Brathwaite,0,1,1,,,,,"",""
ball,1,42.3,Australia,SPD Smith,NM Coulter-Nile,CR Brathwaite,4,0,,,,,,"",""
ball,1,42.4,Australia,SPD Smith,NM Coulter-Nile,CR Brathwaite,1,0,,,,,,"",""
ball,1,42.5,Australia,NM Coulter-Nile,SPD Smith,CR Brathwaite,2,0,,,,,,"",""
ball,1,42.6,Australia,NM Coulter-Nile,SPD Smith,CR Brathwaite,6,0,,,,,,"",""
ball,1,42.7,Australia,NM Coulter-Nile,SPD Smith,CR Brathwaite,1,0,,,,,,"",""
ball,1,43.1,Australia,NM Coulter-Nile,SPD Smith,AR Nurse,4,0,,,,,,"",""
ball,1,43.2,Australia,NM Coulter-Nile,SPD Smith,AR Nurse,0,1,1,,,,,"",""
ball,1,43.3,Australia,NM Coulter-Nile,SPD Smith,AR Nurse,1,0,,,,,,"",""
ball,1,43.4,Australia,SPD Smith,NM Coulter-Nile,AR Nurse,1,0,,,,,,"",""
ball,1,43.5,Australia,NM Coulter-Nile,SPD Smith,AR Nurse,2,0,,,,,,"",""
ball,1,43.6,Australia,NM Coulter-Nile,SPD Smith,AR Nurse,1,0,,,,,,"",""
ball,1,43.7,Australia,SPD Smith,NM Coulter-Nile,AR Nurse,0,1,1,,,,,"",""
ball,1,43.8,Australia,SPD Smith,NM Coulter-Nile,AR Nurse,1,0,,,,,,"",""
ball,1,44.1,Australia,SPD Smith,NM Coulter-Nile,O Thomas,4,0,,,,,,"",""
ball,1,44.2,Australia,SPD Smith,NM Coulter-Nile,O Thomas,0,0,,,,,,caught,SPD Smith
ball,1,44.3,Australia,NM Coulter-Nile,PJ Cummins,O Thomas,0,1,1,,,,,"",""
ball,1,44.4,Australia,NM Coulter-Nile,PJ Cummins,O Thomas,0,1,1,,,,,"",""
ball,1,44.5,Australia,NM Coulter-Nile,PJ Cummins,O Thomas,1,0,,,,,,"",""
ball,1,44.6,Australia,PJ Cummins,NM Coulter-Nile,O Thomas,0,0,,,,,,"",""
ball,1,44.7,Australia,PJ Cummins,NM Coulter-Nile,O Thomas,0,0,,,,,,"",""
ball,1,44.8,Australia,PJ Cummins,NM Coulter-Nile,O Thomas,0,0,,,,,,"",""
ball,1,45.1,Australia,NM Coulter-Nile,PJ Cummins,SS Cottrell,1,0,,,,,,"",""
ball,1,45.2,Australia,PJ Cummins,NM Coulter-Nile,SS Cottrell,1,0,,,,,,"",""
ball,1,45.3,Australia,NM Coulter-Nile,PJ Cummins,SS Cottrell,6,0,,,,,,"",""
ball,1,45.4,Australia,NM Coulter-Nile,PJ Cummins,SS Cottrell,6,0,,,,,,"",""
ball,1,45.5,Australia,NM Coulter-Nile,PJ Cummins,SS Cottrell,1,0,,,,,,"",""
ball,1,45.6,Australia,PJ Cummins,NM Coulter-Nile,SS Cottrell,1,0,,,,,,"",""
ball,1,46.1,Australia,PJ Cummins,NM Coulter-Nile,CR Brathwaite,0,0,,,,,,caught,PJ Cummins
ball,1,46.2,Australia,NM Coulter-Nile,MA Starc,CR Brathwaite,4,0,,,,,,"",""
ball,1,46.3,Australia,NM Coulter-Nile,MA Starc,CR Brathwaite,4,0,,,,,,"",""
ball,1,46.4,Australia,NM Coulter-Nile,MA Starc,CR Brathwaite,1,0,,,,,,"",""
ball,1,46.5,Australia,MA Starc,NM Coulter-Nile,CR Brathwaite,0,0,,,,,,"",""
ball,1,46.6,Australia,MA Starc,NM Coulter-Nile,CR Brathwaite,0,0,,,,,,"",""
ball,1,47.1,Australia,NM Coulter-Nile,MA Starc,O Thomas,0,0,,,,,,"",""
ball,1,47.2,Australia,NM Coulter-Nile,MA Starc,O Thomas,0,0,,,,,,"",""
ball,1,47.3,Australia,NM Coulter-Nile,MA Starc,O Thomas,1,0,,,,,,"",""
ball,1,47.4,Australia,MA Starc,NM Coulter-Nile,O Thomas,0,0,,,,,,"",""
ball,1,47.5,Australia,MA Starc,NM Coulter-Nile,O Thomas,2,0,,,,,,"",""
ball,1,47.6,Australia,MA Starc,NM Coulter-Nile,O Thomas,2,0,,,,,,"",""
ball,1,48.1,Australia,NM Coulter-Nile,MA Starc,CR Brathwaite,2,0,,,,,,"",""
ball,1,48.2,Australia,NM Coulter-Nile,MA Starc,CR Brathwaite,0,0,,,,,,caught,NM Coulter-Nile
ball,1,48.3,Australia,MA Starc,A Zampa,CR Brathwaite,0,0,,,,,,"",""
ball,1,48.4,Australia,MA Starc,A Zampa,CR Brathwaite,4,0,,,,,,"",""
ball,1,48.5,Australia,MA Starc,A Zampa,CR Brathwaite,0,0,,,,,,"",""
ball,1,48.6,Australia,MA Starc,A Zampa,CR Brathwaite,0,0,,,,,,caught,MA Starc
ball,2,0.1,West Indies,CH Gayle,E Lewis,MA Starc,0,5,5,,,,,"",""
ball,2,0.2,West Indies,CH Gayle,E Lewis,MA Starc,1,0,,,,,,"",""
ball,2,0.3,West Indies,E Lewis,CH Gayle,MA Starc,1,0,,,,,,"",""
ball,2,0.4,West Indies,CH Gayle,E Lewis,MA Starc,0,0,,,,,,"",""
ball,2,0.5,West Indies,CH Gayle,E Lewis,MA Starc,0,0,,,,,,"",""
ball,2,0.6,West Indies,CH Gayle,E Lewis,MA Starc,0,0,,,,,,"",""
ball,2,0.7,West Indies,CH Gayle,E Lewis,MA Starc,0,0,,,,,,"",""
ball,2,1.1,West Indies,E Lewis,CH Gayle,PJ Cummins,0,0,,,,,,"",""
ball,2,1.2,West Indies,E Lewis,CH Gayle,PJ Cummins,0,0,,,,,,"",""
ball,2,1.3,West Indies,E Lewis,CH Gayle,PJ Cummins,0,0,,,,,,"",""
ball,2,1.4,West Indies,E Lewis,CH Gayle,PJ Cummins,0,0,,,,,,caught,E Lewis
ball,2,1.5,West Indies,SD Hope,CH Gayle,PJ Cummins,0,0,,,,,,"",""
ball,2,1.6,West Indies,SD Hope,CH Gayle,PJ Cummins,0,0,,,,,,"",""
ball,2,2.1,West Indies,CH Gayle,SD Hope,MA Starc,0,0,,,,,,"",""
ball,2,2.2,West Indies,CH Gayle,SD Hope,MA Starc,0,0,,,,,,"",""
ball,2,2.3,West Indies,CH Gayle,SD Hope,MA Starc,0,0,,,,,,"",""
ball,2,2.4,West Indies,CH Gayle,SD Hope,MA Starc,4,0,,,,,,"",""
ball,2,2.5,West Indies,CH Gayle,SD Hope,MA Starc,0,0,,,,,,"",""
ball,2,2.6,West Indies,CH Gayle,SD Hope,MA Starc,0,1,1,,,,,"",""
ball,2,2.7,West Indies,CH Gayle,SD Hope,MA Starc,0,0,,,,,,"",""
ball,2,3.1,West Indies,SD Hope,CH Gayle,PJ Cummins,0,0,,,,,,"",""
ball,2,3.2,West Indies,SD Hope,CH Gayle,PJ Cummins,1,0,,,,,,"",""
ball,2,3.3,West Indies,CH Gayle,SD Hope,PJ Cummins,4,0,,,,,,"",""
ball,2,3.4,West Indies,CH Gayle,SD Hope,PJ Cummins,4,0,,,,,,"",""
ball,2,3.5,West Indies,CH Gayle,SD Hope,PJ Cummins,2,0,,,,,,"",""
ball,2,3.6,West Indies,CH Gayle,SD Hope,PJ Cummins,4,0,,,,,,"",""
ball,2,4.1,West Indies,SD Hope,CH Gayle,MA Starc,0,0,,,,,,"",""
ball,2,4.2,West Indies,SD Hope,CH Gayle,MA Starc,0,0,,,,,,"",""
ball,2,4.3,West Indies,SD Hope,CH Gayle,MA Starc,0,1,1,,,,,"",""
ball,2,4.4,West Indies,SD Hope,CH Gayle,MA Starc,1,0,,,,,,"",""
ball,2,4.5,West Indies,CH Gayle,SD Hope,MA Starc,2,0,,,,,,"",""
ball,2,4.6,West Indies,CH Gayle,SD Hope,MA Starc,0,0,,,,,,lbw,CH Gayle
ball,2,4.7,West Indies,N Pooran,SD Hope,MA Starc,0,0,,,,,,"",""
ball,2,5.1,West Indies,SD Hope,N Pooran,PJ Cummins,0,0,,,,,,"",""
ball,2,5.2,West Indies,SD Hope,N Pooran,PJ Cummins,0,0,,,,,,"",""
ball,2,5.3,West Indies,SD Hope,N Pooran,PJ Cummins,0,0,,,,,,"",""
ball,2,5.4,West Indies,SD Hope,N Pooran,PJ Cummins,0,0,,,,,,"",""
ball,2,5.5,West Indies,SD Hope,N Pooran,PJ Cummins,0,0,,,,,,"",""
ball,2,5.6,West Indies,SD Hope,N Pooran,PJ Cummins,0,0,,,,,,"",""
ball,2,6.1,West Indies,N Pooran,SD Hope,MA Starc,4,0,,,,,,"",""
ball,2,6.2,West Indies,N Pooran,SD Hope,MA Starc,2,0,,,,,,"",""
ball,2,6.3,West Indies,N Pooran,SD Hope,MA Starc,4,0,,,,,,"",""
ball,2,6.4,West Indies,N Pooran,SD Hope,MA Starc,0,0,,,,,,"",""
ball,2,6.5,West Indies,N Pooran,SD Hope,MA Starc,0,0,,,,,,"",""
ball,2,6.6,West Indies,N Pooran,SD Hope,MA Starc,0,0,,,,,,"",""
ball,2,7.1,West Indies,SD Hope,N Pooran,NM Coulter-Nile,0,0,,,,,,"",""
ball,2,7.2,West Indies,SD Hope,N Pooran,NM Coulter-Nile,0,0,,,,,,"",""
ball,2,7.3,West Indies,SD Hope,N Pooran,NM Coulter-Nile,1,0,,,,,,"",""
ball,2,7.4,West Indies,N Pooran,SD Hope,NM Coulter-Nile,0,0,,,,,,"",""
ball,2,7.5,West Indies,N Pooran,SD Hope,NM Coulter-Nile,4,0,,,,,,"",""
ball,2,7.6,West Indies,N Pooran,SD Hope,NM Coulter-Nile,4,0,,,,,,"",""
ball,2,8.1,West Indies,SD Hope,N Pooran,PJ Cummins,0,0,,,,,,"",""
ball,2,8.2,West Indies,SD Hope,N Pooran,PJ Cummins,0,0,,,,,,"",""
ball,2,8.3,West Indies,SD Hope,N Pooran,PJ Cummins,0,0,,,,,,"",""
ball,2,8.4,West Indies,SD Hope,N Pooran,PJ Cummins,0,0,,,,,,"",""
ball,2,8.5,West Indies,SD Hope,N Pooran,PJ Cummins,0,0,,,,,,"",""
ball,2,8.6,West Indies,SD Hope,N Pooran,PJ Cummins,0,0,,,,,,"",""
ball,2,9.1,West Indies,N Pooran,SD Hope,NM Coulter-Nile,0,0,,,,,,"",""
ball,2,9.2,West Indies,N Pooran,SD Hope,NM Coulter-Nile,0,0,,,,,,"",""
ball,2,9.3,West Indies,N Pooran,SD Hope,NM Coulter-Nile,0,0,,,,,,"",""
ball,2,9.4,West Indies,N Pooran,SD Hope,NM Coulter-Nile,1,0,,,,,,"",""
ball,2,9.5,West Indies,SD Hope,N Pooran,NM Coulter-Nile,2,0,,,,,,"",""
ball,2,9.6,West Indies,SD Hope,N Pooran,NM Coulter-Nile,1,0,,,,,,"",""
ball,2,10.1,West Indies,SD Hope,N Pooran,PJ Cummins,0,0,,,,,,"",""
ball,2,10.2,West Indies,SD Hope,N Pooran,PJ Cummins,0,0,,,,,,"",""
ball,2,10.3,West Indies,SD Hope,N Pooran,PJ Cummins,0,1,1,,,,,"",""
ball,2,10.4,West Indies,SD Hope,N Pooran,PJ Cummins,0,1,1,,,,,"",""
ball,2,10.5,West Indies,SD Hope,N Pooran,PJ Cummins,0,0,,,,,,"",""
ball,2,10.6,West Indies,SD Hope,N Pooran,PJ Cummins,0,0,,,,,,"",""
ball,2,10.7,West Indies,SD Hope,N Pooran,PJ Cummins,0,1,1,,,,,"",""
ball,2,10.8,West Indies,SD Hope,N Pooran,PJ Cummins,0,0,,,,,,"",""
ball,2,10.9,West Indies,SD Hope,N Pooran,PJ Cummins,1,0,,,,,,"",""
ball,2,11.1,West Indies,SD Hope,N Pooran,GJ Maxwell,1,0,,,,,,"",""
ball,2,11.2,West Indies,N Pooran,SD Hope,GJ Maxwell,4,0,,,,,,"",""
ball,2,11.3,West Indies,N Pooran,SD Hope,GJ Maxwell,3,0,,,,,,"",""
ball,2,11.4,West Indies,SD Hope,N Pooran,GJ Maxwell,1,0,,,,,,"",""
ball,2,11.5,West Indies,N Pooran,SD Hope,GJ Maxwell,1,0,,,,,,"",""
ball,2,11.6,West Indies,SD Hope,N Pooran,GJ Maxwell,0,0,,,,,,"",""
ball,2,12.1,West Indies,N Pooran,SD Hope,NM Coulter-Nile,1,0,,,,,,"",""
ball,2,12.2,West Indies,SD Hope,N Pooran,NM Coulter-Nile,1,0,,,,,,"",""
ball,2,12.3,West Indies,N Pooran,SD Hope,NM Coulter-Nile,1,0,,,,,,"",""
ball,2,12.4,West Indies,SD Hope,N Pooran,NM Coulter-Nile,0,0,,,,,,"",""
ball,2,12.5,West Indies,SD Hope,N Pooran,NM Coulter-Nile,0,0,,,,,,"",""
ball,2,12.6,West Indies,SD Hope,N Pooran,NM Coulter-Nile,1,0,,,,,,"",""
ball,2,13.1,West Indies,SD Hope,N Pooran,GJ Maxwell,0,0,,,,,,"",""
ball,2,13.2,West Indies,SD Hope,N Pooran,GJ Maxwell,0,0,,,,,,"",""
ball,2,13.3,West Indies,SD Hope,N Pooran,GJ Maxwell,1,0,,,,,,"",""
ball,2,13.4,West Indies,N Pooran,SD Hope,GJ Maxwell,0,0,,,,,,"",""
ball,2,13.5,West Indies,N Pooran,SD Hope,GJ Maxwell,1,0,,,,,,"",""
ball,2,13.6,West Indies,SD Hope,N Pooran,GJ Maxwell,1,0,,,,,,"",""
ball,2,14.1,West Indies,SD Hope,N Pooran,NM Coulter-Nile,1,0,,,,,,"",""
ball,2,14.2,West Indies,N Pooran,SD Hope,NM Coulter-Nile,0,0,,,,,,"",""
ball,2,14.3,West Indies,N Pooran,SD Hope,NM Coulter-Nile,0,0,,,,,,"",""
ball,2,14.4,West Indies,N Pooran,SD Hope,NM Coulter-Nile,0,0,,,,,,"",""
ball,2,14.5,West Indies,N Pooran,SD Hope,NM Coulter-Nile,1,0,,,,,,"",""
ball,2,14.6,West Indies,SD Hope,N Pooran,NM Coulter-Nile,1,0,,,,,,"",""
ball,2,15.1,West Indies,SD Hope,N Pooran,A Zampa,0,1,,,,1,,"",""
ball,2,15.2,West Indies,N Pooran,SD Hope,A Zampa,0,0,,,,,,"",""
ball,2,15.3,West Indies,N Pooran,SD Hope,A Zampa,0,0,,,,,,"",""
ball,2,15.4,West Indies,N Pooran,SD Hope,A Zampa,1,0,,,,,,"",""
ball,2,15.5,West Indies,SD Hope,N Pooran,A Zampa,0,0,,,,,,"",""
ball,2,15.6,West Indies,SD Hope,N Pooran,A Zampa,0,0,,,,,,"",""
ball,2,16.1,West Indies,N Pooran,SD Hope,MP Stoinis,0,0,,,,,,"",""
ball,2,16.2,West Indies,N Pooran,SD Hope,MP Stoinis,6,0,,,,,,"",""
ball,2,16.3,West Indies,N Pooran,SD Hope,MP Stoinis,0,0,,,,,,"",""
ball,2,16.4,West Indies,N Pooran,SD Hope,MP Stoinis,1,0,,,,,,"",""
ball,2,16.5,West Indies,SD Hope,N Pooran,MP Stoinis,1,0,,,,,,"",""
ball,2,16.6,West Indies,N Pooran,SD Hope,MP Stoinis,0,0,,,,,,"",""
ball,2,17.1,West Indies,SD Hope,N Pooran,A Zampa,0,0,,,,,,"",""
ball,2,17.2,West Indies,SD Hope,N Pooran,A Zampa,0,0,,,,,,"",""
ball,2,17.3,West Indies,SD Hope,N Pooran,A Zampa,0,0,,,,,,"",""
ball,2,17.4,West Indies,SD Hope,N Pooran,A Zampa,0,0,,,,,,"",""
ball,2,17.5,West Indies,SD Hope,N Pooran,A Zampa,4,0,,,,,,"",""
ball,2,17.6,West Indies,SD Hope,N Pooran,A Zampa,1,0,,,,,,"",""
ball,2,18.1,West Indies,SD Hope,N Pooran,MP Stoinis,0,0,,,,,,"",""
ball,2,18.2,West Indies,SD Hope,N Pooran,MP Stoinis,0,0,,,,,,"",""
ball,2,18.3,West Indies,SD Hope,N Pooran,MP Stoinis,1,0,,,,,,"",""
ball,2,18.4,West Indies,N Pooran,SD Hope,MP Stoinis,0,0,,,,,,"",""
ball,2,18.5,West Indies,N Pooran,SD Hope,MP Stoinis,1,0,,,,,,"",""
ball,2,18.6,West Indies,SD Hope,N Pooran,MP Stoinis,4,0,,,,,,"",""
ball,2,19.1,West Indies,N Pooran,SD Hope,A Zampa,0,0,,,,,,caught,N Pooran
ball,2,19.2,West Indies,SO Hetmyer,SD Hope,A Zampa,1,0,,,,,,"",""
ball,2,19.3,West Indies,SD Hope,SO Hetmyer,A Zampa,0,0,,,,,,"",""
ball,2,19.4,West Indies,SD Hope,SO Hetmyer,A Zampa,1,0,,,,,,"",""
ball,2,19.5,West Indies,SO Hetmyer,SD Hope,A Zampa,0,0,,,,,,"",""
ball,2,19.6,West Indies,SO Hetmyer,SD Hope,A Zampa,1,0,,,,,,"",""
ball,2,20.1,West Indies,SO Hetmyer,SD Hope,MA Starc,0,0,,,,,,"",""
ball,2,20.2,West Indies,SO Hetmyer,SD Hope,MA Starc,0,4,,,,4,,"",""
ball,2,20.3,West Indies,SO Hetmyer,SD Hope,MA Starc,0,0,,,,,,"",""
ball,2,20.4,West Indies,SO Hetmyer,SD Hope,MA Starc,1,0,,,,,,"",""
ball,2,20.5,West Indies,SD Hope,SO Hetmyer,MA Starc,0,1,1,,,,,"",""
ball,2,20.6,West Indies,SD Hope,SO Hetmyer,MA Starc,0,0,,,,,,"",""
ball,2,20.7,West Indies,SD Hope,SO Hetmyer,MA Starc,0,0,,,,,,"",""
ball,2,21.1,West Indies,SO Hetmyer,SD Hope,A Zampa,0,0,,,,,,"",""
ball,2,21.2,West Indies,SO Hetmyer,SD Hope,A Zampa,0,0,,,,,,"",""
ball,2,21.3,West Indies,SO Hetmyer,SD Hope,A Zampa,0,0,,,,,,"",""
ball,2,21.4,West Indies,SO Hetmyer,SD Hope,A Zampa,2,0,,,,,,"",""
ball,2,21.5,West Indies,SO Hetmyer,SD Hope,A Zampa,0,0,,,,,,"",""
ball,2,21.6,West Indies,SO Hetmyer,SD Hope,A Zampa,1,0,,,,,,"",""
ball,2,22.1,West Indies,SO Hetmyer,SD Hope,MA Starc,0,0,,,,,,"",""
ball,2,22.2,West Indies,SO Hetmyer,SD Hope,MA Starc,0,0,,,,,,"",""
ball,2,22.3,West Indies,SO Hetmyer,SD Hope,MA Starc,4,0,,,,,,"",""
ball,2,22.4,West Indies,SO Hetmyer,SD Hope,MA Starc,0,0,,,,,,"",""
ball,2,22.5,West Indies,SO Hetmyer,SD Hope,MA Starc,0,0,,,,,,"",""
ball,2,22.6,West Indies,SO Hetmyer,SD Hope,MA Starc,1,0,,,,,,"",""
ball,2,23.1,West Indies,SO Hetmyer,SD Hope,A Zampa,1,0,,,,,,"",""
ball,2,23.2,West Indies,SD Hope,SO Hetmyer,A Zampa,4,0,,,,,,"",""
ball,2,23.3,West Indies,SD Hope,SO Hetmyer,A Zampa,0,0,,,,,,"",""
ball,2,23.4,West Indies,SD Hope,SO Hetmyer,A Zampa,0,0,,,,,,"",""
ball,2,23.5,West Indies,SD Hope,SO Hetmyer,A Zampa,4,0,,,,,,"",""
ball,2,23.6,West Indies,SD Hope,SO Hetmyer,A Zampa,1,0,,,,,,"",""
ball,2,24.1,West Indies,SD Hope,SO Hetmyer,NM Coulter-Nile,1,0,,,,,,"",""
ball,2,24.2,West Indies,SO Hetmyer,SD Hope,NM Coulter-Nile,1,0,,,,,,"",""
ball,2,24.3,West Indies,SD Hope,SO Hetmyer,NM Coulter-Nile,1,0,,,,,,"",""
ball,2,24.4,West Indies,SO Hetmyer,SD Hope,NM Coulter-Nile,0,0,,,,,,"",""
ball,2,24.5,West Indies,SO Hetmyer,SD Hope,NM Coulter-Nile,4,0,,,,,,"",""
ball,2,24.6,West Indies,SO Hetmyer,SD Hope,NM Coulter-Nile,0,0,,,,,,"",""
ball,2,25.1,West Indies,SD Hope,SO Hetmyer,A Zampa,0,0,,,,,,"",""
ball,2,25.2,West Indies,SD Hope,SO Hetmyer,A Zampa,1,0,,,,,,"",""
ball,2,25.3,West Indies,SO Hetmyer,SD Hope,A Zampa,0,0,,,,,,"",""
ball,2,25.4,West Indies,SO Hetmyer,SD Hope,A Zampa,0,0,,,,,,"",""
ball,2,25.5,West Indies,SO Hetmyer,SD Hope,A Zampa,0,0,,,,,,"",""
ball,2,25.6,West Indies,SO Hetmyer,SD Hope,A Zampa,4,0,,,,,,"",""
ball,2,26.1,West Indies,SD Hope,SO Hetmyer,NM Coulter-Nile,0,0,,,,,,"",""
ball,2,26.2,West Indies,SD Hope,SO Hetmyer,NM Coulter-Nile,4,0,,,,,,"",""
ball,2,26.3,West Indies,SD Hope,SO Hetmyer,NM Coulter-Nile,4,0,,,,,,"",""
ball,2,26.4,West Indies,SD Hope,SO Hetmyer,NM Coulter-Nile,0,0,,,,,,"",""
ball,2,26.5,West Indies,SD Hope,SO Hetmyer,NM Coulter-Nile,2,0,,,,,,"",""
ball,2,26.6,West Indies,SD Hope,SO Hetmyer,NM Coulter-Nile,1,0,,,,,,"",""
ball,2,27.1,West Indies,SD Hope,SO Hetmyer,GJ Maxwell,0,0,,,,,,"",""
ball,2,27.2,West Indies,SD Hope,SO Hetmyer,GJ Maxwell,0,0,,,,,,run out,SO Hetmyer
ball,2,27.3,West Indies,SD Hope,JO Holder,GJ Maxwell,0,0,,,,,,"",""
ball,2,27.4,West Indies,SD Hope,JO Holder,GJ Maxwell,1,0,,,,,,"",""
ball,2,27.5,West Indies,JO Holder,SD Hope,GJ Maxwell,1,0,,,,,,"",""
ball,2,27.6,West Indies,SD Hope,JO Holder,GJ Maxwell,0,0,,,,,,"",""
ball,2,28.1,West Indies,JO Holder,SD Hope,A Zampa,4,0,,,,,,"",""
ball,2,28.2,West Indies,JO Holder,SD Hope,A Zampa,1,0,,,,,,"",""
ball,2,28.3,West Indies,SD Hope,JO Holder,A Zampa,0,0,,,,,,"",""
ball,2,28.4,West Indies,SD Hope,JO Holder,A Zampa,2,0,,,,,,"",""
ball,2,28.5,West Indies,SD Hope,JO Holder,A Zampa,1,0,,,,,,"",""
ball,2,28.6,West Indies,JO Holder,SD Hope,A Zampa,1,0,,,,,,"",""
ball,2,29.1,West Indies,JO Holder,SD Hope,GJ Maxwell,0,0,,,,,,"",""
ball,2,29.2,West Indies,JO Holder,SD Hope,GJ Maxwell,0,0,,,,,,"",""
ball,2,29.3,West Indies,JO Holder,SD Hope,GJ Maxwell,0,0,,,,,,"",""
ball,2,29.4,West Indies,JO Holder,SD Hope,GJ Maxwell,0,0,,,,,,"",""
ball,2,29.5,West Indies,JO Holder,SD Hope,GJ Maxwell,0,0,,,,,,"",""
ball,2,29.6,West Indies,JO Holder,SD Hope,GJ Maxwell,0,0,,,,,,"",""
ball,2,30.1,West Indies,SD Hope,JO Holder,PJ Cummins,1,0,,,,,,"",""
ball,2,30.2,West Indies,JO Holder,SD Hope,PJ Cummins,4,0,,,,,,"",""
ball,2,30.3,West Indies,JO Holder,SD Hope,PJ Cummins,1,0,,,,,,"",""
ball,2,30.4,West Indies,SD Hope,JO Holder,PJ Cummins,0,0,,,,,,"",""
ball,2,30.5,West Indies,SD Hope,JO Holder,PJ Cummins,0,0,,,,,,"",""
ball,2,30.6,West Indies,SD Hope,JO Holder,PJ Cummins,1,0,,,,,,"",""
ball,2,31.1,West Indies,SD Hope,JO Holder,GJ Maxwell,2,0,,,,,,"",""
ball,2,31.2,West Indies,SD Hope,JO Holder,GJ Maxwell,0,0,,,,,,"",""
ball,2,31.3,West Indies,SD Hope,JO Holder,GJ Maxwell,0,0,,,,,,"",""
ball,2,31.4,West Indies,SD Hope,JO Holder,GJ Maxwell,0,0,,,,,,"",""
ball,2,31.5,West Indies,SD Hope,JO Holder,GJ Maxwell,2,0,,,,,,"",""
ball,2,31.6,West Indies,SD Hope,JO Holder,GJ Maxwell,2,0,,,,,,"",""
ball,2,32.1,West Indies,JO Holder,SD Hope,PJ Cummins,0,0,,,,,,"",""
ball,2,32.2,West Indies,JO Holder,SD Hope,PJ Cummins,1,0,,,,,,"",""
ball,2,32.3,West Indies,SD Hope,JO Holder,PJ Cummins,0,0,,,,,,"",""
ball,2,32.4,West Indies,SD Hope,JO Holder,PJ Cummins,0,0,,,,,,"",""
ball,2,32.5,West Indies,SD Hope,JO Holder,PJ Cummins,4,0,,,,,,"",""
ball,2,32.6,West Indies,SD Hope,JO Holder,PJ Cummins,0,0,,,,,,"",""
ball,2,33.1,West Indies,JO Holder,SD Hope,GJ Maxwell,4,0,,,,,,"",""
ball,2,33.2,West Indies,JO Holder,SD Hope,GJ Maxwell,4,0,,,,,,"",""
ball,2,33.3,West Indies,JO Holder,SD Hope,GJ Maxwell,1,0,,,,,,"",""
ball,2,33.4,West Indies,SD Hope,JO Holder,GJ Maxwell,0,0,,,,,,"",""
ball,2,33.5,West Indies,SD Hope,JO Holder,GJ Maxwell,1,0,,,,,,"",""
ball,2,33.6,West Indies,JO Holder,SD Hope,GJ Maxwell,0,0,,,,,,"",""
ball,2,34.1,West Indies,SD Hope,JO Holder,PJ Cummins,0,0,,,,,,"",""
ball,2,34.2,West Indies,SD Hope,JO Holder,PJ Cummins,1,0,,,,,,"",""
ball,2,34.3,West Indies,JO Holder,SD Hope,PJ Cummins,1,0,,,,,,"",""
ball,2,34.4,West Indies,SD Hope,JO Holder,PJ Cummins,0,0,,,,,,"",""
ball,2,34.5,West Indies,SD Hope,JO Holder,PJ Cummins,0,0,,,,,,"",""
ball,2,34.6,West Indies,SD Hope,JO Holder,PJ Cummins,0,0,,,,,,caught,SD Hope
ball,2,35.1,West Indies,JO Holder,AD Russell,A Zampa,0,0,,,,,,"",""
ball,2,35.2,West Indies,JO Holder,AD Russell,A Zampa,0,0,,,,,,"",""
ball,2,35.3,West Indies,JO Holder,AD Russell,A Zampa,0,0,,,,,,"",""
ball,2,35.4,West Indies,JO Holder,AD Russell,A Zampa,0,0,,,,,,"",""
ball,2,35.5,West Indies,JO Holder,AD Russell,A Zampa,1,0,,,,,,"",""
ball,2,35.6,West Indies,AD Russell,JO Holder,A Zampa,0,0,,,,,,"",""
ball,2,36.1,West Indies,JO Holder,AD Russell,MA Starc,0,0,,,,,,"",""
ball,2,36.2,West Indies,JO Holder,AD Russell,MA Starc,0,0,,,,,,"",""
ball,2,36.3,West Indies,JO Holder,AD Russell,MA Starc,0,0,,,,,,"",""
ball,2,36.4,West Indies,JO Holder,AD Russell,MA Starc,6,0,,,,,,"",""
ball,2,36.5,West Indies,JO Holder,AD Russell,MA Starc,0,0,,,,,,"",""
ball,2,36.6,West Indies,JO Holder,AD Russell,MA Starc,1,0,,,,,,"",""
ball,2,37.1,West Indies,JO Holder,AD Russell,A Zampa,1,0,,,,,,"",""
ball,2,37.2,West Indies,AD Russell,JO Holder,A Zampa,6,0,,,,,,"",""
ball,2,37.3,West Indies,AD Russell,JO Holder,A Zampa,0,0,,,,,,"",""
ball,2,37.4,West Indies,AD Russell,JO Holder,A Zampa,4,0,,,,,,"",""
ball,2,37.5,West Indies,AD Russell,JO Holder,A Zampa,0,0,,,,,,"",""
ball,2,37.6,West Indies,AD Russell,JO Holder,A Zampa,1,0,,,,,,"",""
ball,2,38.1,West Indies,AD Russell,JO Holder,MA Starc,0,0,,,,,,"",""
ball,2,38.2,West Indies,AD Russell,JO Holder,MA Starc,0,0,,,,,,"",""
ball,2,38.3,West Indies,AD Russell,JO Holder,MA Starc,0,2,,,,2,,"",""
ball,2,38.4,West Indies,AD Russell,JO Holder,MA Starc,4,0,,,,,,"",""
ball,2,38.5,West Indies,AD Russell,JO Holder,MA Starc,0,0,,,,,,caught,AD Russell
ball,2,38.6,West Indies,JO Holder,CR Brathwaite,MA Starc,1,0,,,,,,"",""
ball,2,39.1,West Indies,JO Holder,CR Brathwaite,NM Coulter-Nile,0,0,,,,,,"",""
ball,2,39.2,West Indies,JO Holder,CR Brathwaite,NM Coulter-Nile,0,0,,,,,,"",""
ball,2,39.3,West Indies,JO Holder,CR Brathwaite,NM Coulter-Nile,0,0,,,,,,"",""
ball,2,39.4,West Indies,JO Holder,CR Brathwaite,NM Coulter-Nile,0,0,,,,,,"",""
ball,2,39.5,West Indies,JO Holder,CR Brathwaite,NM Coulter-Nile,4,0,,,,,,"",""
ball,2,39.6,West Indies,JO Holder,CR Brathwaite,NM Coulter-Nile,0,0,,,,,,"",""
ball,2,40.1,West Indies,CR Brathwaite,JO Holder,A Zampa,1,0,,,,,,"",""
ball,2,40.2,West Indies,JO Holder,CR Brathwaite,A Zampa,4,0,,,,,,"",""
ball,2,40.3,West Indies,JO Holder,CR Brathwaite,A Zampa,0,0,,,,,,"",""
ball,2,40.4,West Indies,JO Holder,CR Brathwaite,A Zampa,0,0,,,,,,"",""
ball,2,40.5,West Indies,JO Holder,CR Brathwaite,A Zampa,4,0,,,,,,"",""
ball,2,40.6,West Indies,JO Holder,CR Brathwaite,A Zampa,0,0,,,,,,"",""
ball,2,41.1,West Indies,CR Brathwaite,JO Holder,NM Coulter-Nile,0,0,,,,,,"",""
ball,2,41.2,West Indies,CR Brathwaite,JO Holder,NM Coulter-Nile,0,0,,,,,,"",""
ball,2,41.3,West Indies,CR Brathwaite,JO Holder,NM Coulter-Nile,1,0,,,,,,"",""
ball,2,41.4,West Indies,JO Holder,CR Brathwaite,NM Coulter-Nile,1,0,,,,,,"",""
ball,2,41.5,West Indies,CR Brathwaite,JO Holder,NM Coulter-Nile,0,0,,,,,,"",""
ball,2,41.6,West Indies,CR Brathwaite,JO Holder,NM Coulter-Nile,0,0,,,,,,"",""
ball,2,42.1,West Indies,JO Holder,CR Brathwaite,PJ Cummins,0,0,,,,,,"",""
ball,2,42.2,West Indies,JO Holder,CR Brathwaite,PJ Cummins,1,0,,,,,,"",""
ball,2,42.3,West Indies,CR Brathwaite,JO Holder,PJ Cummins,0,0,,,,,,"",""
ball,2,42.4,West Indies,CR Brathwaite,JO Holder,PJ Cummins,0,0,,,,,,"",""
ball,2,42.5,West Indies,CR Brathwaite,JO Holder,PJ Cummins,0,0,,,,,,"",""
ball,2,42.6,West Indies,CR Brathwaite,JO Holder,PJ Cummins,0,0,,,,,,"",""
ball,2,43.1,West Indies,JO Holder,CR Brathwaite,NM Coulter-Nile,0,0,,,,,,"",""
ball,2,43.2,West Indies,JO Holder,CR Brathwaite,NM Coulter-Nile,2,0,,,,,,"",""
ball,2,43.3,West Indies,JO Holder,CR Brathwaite,NM Coulter-Nile,0,0,,,,,,"",""
ball,2,43.4,West Indies,JO Holder,CR Brathwaite,NM Coulter-Nile,1,0,,,,,,"",""
ball,2,43.5,West Indies,CR Brathwaite,JO Holder,NM Coulter-Nile,6,0,,,,,,"",""
ball,2,43.6,West Indies,CR Brathwaite,JO Holder,NM Coulter-Nile,1,0,,,,,,"",""
ball,2,44.1,West Indies,CR Brathwaite,JO Holder,PJ Cummins,4,0,,,,,,"",""
ball,2,44.2,West Indies,CR Brathwaite,JO Holder,PJ Cummins,2,0,,,,,,"",""
ball,2,44.3,West Indies,CR Brathwaite,JO Holder,PJ Cummins,1,0,,,,,,"",""
ball,2,44.4,West Indies,JO Holder,CR Brathwaite,PJ Cummins,0,0,,,,,,"",""
ball,2,44.5,West Indies,JO Holder,CR Brathwaite,PJ Cummins,0,0,,,,,,"",""
ball,2,44.6,West Indies,JO Holder,CR Brathwaite,PJ Cummins,0,1,,,,1,,"",""
ball,2,45.1,West Indies,JO Holder,CR Brathwaite,MA Starc,1,0,,,,,,"",""
ball,2,45.2,West Indies,CR Brathwaite,JO Holder,MA Starc,0,0,,,,,,"",""
ball,2,45.3,West Indies,CR Brathwaite,JO Holder,MA Starc,0,0,,,,,,caught,CR Brathwaite
ball,2,45.4,West Indies,JO Holder,AR Nurse,MA Starc,0,0,,,,,,"",""
ball,2,45.5,West Indies,JO Holder,AR Nurse,MA Starc,0,0,,,,,,"",""
ball,2,45.6,West Indies,JO Holder,AR Nurse,MA Starc,0,0,,,,,,caught,JO Holder
ball,2,46.1,West Indies,AR Nurse,SS Cottrell,MP Stoinis,0,0,,,,,,"",""
ball,2,46.2,West Indies,AR Nurse,SS Cottrell,MP Stoinis,0,0,,,,,,"",""
ball,2,46.3,West Indies,AR Nurse,SS Cottrell,MP Stoinis,0,0,,,,,,"",""
ball,2,46.4,West Indies,AR Nurse,SS Cottrell,MP Stoinis,1,0,,,,,,"",""
ball,2,46.5,West Indies,SS Cottrell,AR Nurse,MP Stoinis,1,0,,,,,,"",""
ball,2,46.6,West Indies,AR Nurse,SS Cottrell,MP Stoinis,1,0,,,,,,"",""
ball,2,47.1,West Indies,AR Nurse,SS Cottrell,MA Starc,0,0,,,,,,"",""
ball,2,47.2,West Indies,AR Nurse,SS Cottrell,MA Starc,0,1,,,,1,,"",""
ball,2,47.3,West Indies,SS Cottrell,AR Nurse,MA Starc,0,0,,,,,,bowled,SS Cottrell
ball,2,47.4,West Indies,O Thomas,AR Nurse,MA Starc,0,0,,,,,,"",""
ball,2,47.5,West Indies,O Thomas,AR Nurse,MA Starc,0,0,,,,,,"",""
ball,2,47.6,West Indies,O Thomas,AR Nurse,MA Starc,0,0,,,,,,"",""
ball,2,48.1,West Indies,AR Nurse,O Thomas,MP Stoinis,0,0,,,,,,"",""
ball,2,48.2,West Indies,AR Nurse,O Thomas,MP Stoinis,0,0,,,,,,"",""
ball,2,48.3,West Indies,AR Nurse,O Thomas,MP Stoinis,0,0,,,,,,"",""
ball,2,48.4,West Indies,AR Nurse,O Thomas,MP Stoinis,0,0,,,,,,"",""
ball,2,48.5,West Indies,AR Nurse,O Thomas,MP Stoinis,1,0,,,,,,"",""
ball,2,48.6,West Indies,O Thomas,AR Nurse,MP Stoinis,0,0,,,,,,"",""
ball,2,49.1,West Indies,AR Nurse,O Thomas,NM Coulter-Nile,0,0,,,,,,"",""
ball,2,49.2,West Indies,AR Nurse,O Thomas,NM Coulter-Nile,0,0,,,,,,"",""
ball,2,49.3,West Indies,AR Nurse,O Thomas,NM Coulter-Nile,4,0,,,,,,"",""
ball,2,49.4,West Indies,AR Nurse,O Thomas,NM Coulter-Nile,4,0,,,,,,"",""
ball,2,49.5,West Indies,AR Nurse,O Thomas,NM Coulter-Nile,4,0,,,,,,"",""
ball,2,49.6,West Indies,AR Nurse,O Thomas,NM Coulter-Nile,4,0,,,,,,"",""
