version,1.6.0
info,balls_per_over,6
info,team,Bangladesh
info,team,India
info,gender,male
info,season,2019
info,date,2019/07/02
info,event,World Cup
info,match_number,40
info,venue,Edgbaston
info,city,Birmingham
info,toss_winner,India
info,toss_decision,bat
info,player_of_match,RG Sharma
info,umpire,M Erasmus
info,umpire,RSA Palliyaguruge
info,reserve_umpire,HDPK Dharmasena
info,tv_umpire,Aleem Dar
info,match_referee,RS Madugalle
info,winner,India
info,winner_runs,28
info,player,India,KL Rahul
info,player,India,RG Sharma
info,player,India,V Kohli
info,player,India,RR Pant
info,player,India,HH Pandya
info,player,India,MS Dhoni
info,player,India,KD Karthik
info,player,India,B Kumar
info,player,India,Mohammed Shami
info,player,India,JJ Bumrah
info,player,India,YS Chahal
info,player,Bangladesh,Tamim Iqbal
info,player,Bangladesh,Soumya Sarkar
info,player,Bangladesh,Shakib Al Hasan
info,player,Bangladesh,Mushfiqur Rahim
info,player,Bangladesh,Liton Das
info,player,Bangladesh,Mosaddek Hossain
info,player,Bangladesh,Sabbir Rahman
info,player,Bangladesh,Mohammad Saifuddin
info,player,Bangladesh,Mashrafe Mortaza
info,player,Bangladesh,Rubel Hossain
info,player,Bangladesh,Mustafizur Rahman
info,registry,people,Aleem Dar,f02778d1
info,registry,people,B Kumar,2e81a32d
info,registry,people,HDPK Dharmasena,323e4c16
info,registry,people,HH Pandya,dbe50b21
info,registry,people,JJ Bumrah,462411b3
info,registry,people,KD Karthik,c03f1114
info,registry,people,KL Rahul,b17e2f24
info,registry,people,Liton Das,0404d43c
info,registry,people,M Erasmus,15d3c895
info,registry,people,MS Dhoni,4a8a2e3b
info,registry,people,Mashrafe Mortaza,e186f49c
info,registry,people,Mohammad Saifuddin,b3a28446
info,registry,people,Mohammed Shami,8cf9814c
info,registry,people,Mosaddek Hossain,8919756f
info,registry,people,Mushfiqur Rahim,a94e08ea
info,registry,people,Mustafizur Rahman,0a8fce53
info,registry,people,RG Sharma,740742ef
info,registry,people,RR Pant,919a3be2
info,registry,people,RS Madugalle,766b5798
info,registry,people,RSA Palliyaguruge,4339c19d
info,registry,people,Rubel Hossain,f56cd097
info,registry,people,Sabbir Rahman,7147f314
info,registry,people,Shakib Al Hasan,7dc35884
info,registry,people,Soumya Sarkar,4d9f9686
info,registry,people,Tamim Iqbal,3b041a12
info,registry,people,V Kohli,ba607b88
info,registry,people,YS Chahal,57ee1fde
ball,1,0.1,India,KL Rahul,RG Sharma,Mashrafe Mortaza,0,0,,,,,,"",""
ball,1,0.2,India,KL Rahul,RG Sharma,Mashrafe Mortaza,1,0,,,,,,"",""
ball,1,0.3,India,RG Sharma,KL Rahul,Mashrafe Mortaza,0,1,1,,,,,"",""
ball,1,0.4,India,RG Sharma,KL Rahul,Mashrafe Mortaza,0,0,,,,,,"",""
ball,1,0.5,India,RG Sharma,KL Rahul,Mashrafe Mortaza,6,0,,,,,,"",""
ball,1,0.6,India,RG Sharma,KL Rahul,Mashrafe Mortaza,0,0,,,,,,"",""
ball,1,0.7,India,RG Sharma,KL Rahul,Mashrafe Mortaza,2,0,,,,,,"",""
ball,1,1.1,India,KL Rahul,RG Sharma,Mohammad Saifuddin,0,0,,,,,,"",""
ball,1,1.2,India,KL Rahul,RG Sharma,Mohammad Saifuddin,0,0,,,,,,"",""
ball,1,1.3,India,KL Rahul,RG Sharma,Mohammad Saifuddin,0,0,,,,,,"",""
ball,1,1.4,India,KL Rahul,RG Sharma,Mohammad Saifuddin,0,0,,,,,,"",""
ball,1,1.5,India,KL Rahul,RG Sharma,Mohammad Saifuddin,0,0,,,,,,"",""
ball,1,1.6,India,KL Rahul,RG Sharma,Mohammad Saifuddin,1,0,,,,,,"",""
ball,1,2.1,India,KL Rahul,RG Sharma,Mustafizur Rahman,1,0,,,,,,"",""
ball,1,2.2,India,RG Sharma,KL Rahul,Mustafizur Rahman,0,0,,,,,,"",""
ball,1,2.3,India,RG Sharma,KL Rahul,Mustafizur Rahman,0,0,,,,,,"",""
ball,1,2.4,India,RG Sharma,KL Rahul,Mustafizur Rahman,0,0,,,,,,"",""
ball,1,2.5,India,RG Sharma,KL Rahul,Mustafizur Rahman,1,0,,,,,,"",""
ball,1,2.6,India,KL Rahul,RG Sharma,Mustafizur Rahman,1,0,,,,,,"",""
ball,1,3.1,India,KL Rahul,RG Sharma,Mohammad Saifuddin,0,0,,,,,,"",""
ball,1,3.2,India,KL Rahul,RG Sharma,Mohammad Saifuddin,0,0,,,,,,"",""
ball,1,3.3,India,KL Rahul,RG Sharma,Mohammad Saifuddin,0,0,,,,,,"",""
ball,1,3.4,India,KL Rahul,RG Sharma,Mohammad Saifuddin,0,0,,,,,,"",""
ball,1,3.5,India,KL Rahul,RG Sharma,Mohammad Saifuddin,4,0,,,,,,"",""
ball,1,3.6,India,KL Rahul,RG Sharma,Mohammad Saifuddin,0,0,,,,,,"",""
ball,1,4.1,India,RG Sharma,KL Rahul,Mustafizur Rahman,0,0,,,,,,"",""
ball,1,4.2,India,RG Sharma,KL Rahul,Mustafizur Rahman,0,0,,,,,,"",""
ball,1,4.3,India,RG Sharma,KL Rahul,Mustafizur Rahman,0,0,,,,,,"",""
ball,1,4.4,India,RG Sharma,KL Rahul,Mustafizur Rahman,1,0,,,,,,"",""
ball,1,4.5,India,KL Rahul,RG Sharma,Mustafizur Rahman,0,1,,,,1,,"",""
ball,1,4.6,India,RG Sharma,KL Rahul,Mustafizur Rahman,1,0,,,,,,"",""
ball,1,5.1,India,RG Sharma,KL Rahul,Mohammad Saifuddin,0,0,,,,,,"",""
ball,1,5.2,India,RG Sharma,KL Rahul,Mohammad Saifuddin,0,0,,,,,,"",""
ball,1,5.3,India,RG Sharma,KL Rahul,Mohammad Saifuddin,6,0,,,,,,"",""
ball,1,5.4,India,RG Sharma,KL Rahul,Mohammad Saifuddin,1,0,,,,,,"",""
ball,1,5.5,India,KL Rahul,RG Sharma,Mohammad Saifuddin,2,0,,,,,,"",""
ball,1,5.6,India,KL Rahul,RG Sharma,Mohammad Saifuddin,0,0,,,,,,"",""
ball,1,6.1,India,RG Sharma,KL Rahul,Mustafizur Rahman,4,0,,,,,,"",""
ball,1,6.2,India,RG Sharma,KL Rahul,Mustafizur Rahman,0,0,,,,,,"",""
ball,1,6.3,India,RG Sharma,KL Rahul,Mustafizur Rahman,1,0,,,,,,"",""
ball,1,6.4,India,KL Rahul,RG Sharma,Mustafizur Rahman,0,0,,,,,,"",""
ball,1,6.5,India,KL Rahul,RG Sharma,Mustafizur Rahman,1,0,,,,,,"",""
ball,1,6.6,India,RG Sharma,KL Rahul,Mustafizur Rahman,0,0,,,,,,"",""
ball,1,7.1,India,KL Rahul,RG Sharma,Mohammad Saifuddin,1,0,,,,,,"",""
ball,1,7.2,India,RG Sharma,KL Rahul,Mohammad Saifuddin,1,0,,,,,,"",""
ball,1,7.3,India,KL Rahul,RG Sharma,Mohammad Saifuddin,4,0,,,,,,"",""
ball,1,7.4,India,KL Rahul,RG Sharma,Mohammad Saifuddin,4,0,,,,,,"",""
ball,1,7.5,India,KL Rahul,RG Sharma,Mohammad Saifuddin,0,0,,,,,,"",""
ball,1,7.6,India,KL Rahul,RG Sharma,Mohammad Saifuddin,1,0,,,,,,"",""
ball,1,8.1,India,KL Rahul,RG Sharma,Mustafizur Rahman,1,0,,,,,,"",""
ball,1,8.2,India,RG Sharma,KL Rahul,Mustafizur Rahman,4,1,,1,,,,"",""
ball,1,8.3,India,RG Sharma,KL Rahul,Mustafizur Rahman,4,0,,,,,,"",""
ball,1,8.4,India,RG Sharma,KL Rahul,Mustafizur Rahman,0,0,,,,,,"",""
ball,1,8.5,India,RG Sharma,KL Rahul,Mustafizur Rahman,0,0,,,,,,"",""
ball,1,8.6,India,RG Sharma,KL Rahul,Mustafizur Rahman,1,0,,,,,,"",""
ball,1,8.7,India,KL Rahul,RG Sharma,Mustafizur Rahman,1,0,,,,,,"",""
ball,1,9.1,India,KL Rahul,RG Sharma,Mashrafe Mortaza,4,0,,,,,,"",""
ball,1,9.2,India,KL Rahul,RG Sharma,Mashrafe Mortaza,0,0,,,,,,"",""
ball,1,9.3,India,KL Rahul,RG Sharma,Mashrafe Mortaza,1,0,,,,,,"",""
ball,1,9.4,India,RG Sharma,KL Rahul,Mashrafe Mortaza,4,0,,,,,,"",""
ball,1,9.5,India,RG Sharma,KL Rahul,Mashrafe Mortaza,1,0,,,,,,"",""
ball,1,9.6,India,KL Rahul,RG Sharma,Mashrafe Mortaza,0,0,,,,,,"",""
ball,1,10.1,India,RG Sharma,KL Rahul,Shakib Al Hasan,0,0,,,,,,"",""
ball,1,10.2,India,RG Sharma,KL Rahul,Shakib Al Hasan,0,0,,,,,,"",""
ball,1,10.3,India,RG Sharma,KL Rahul,Shakib Al Hasan,0,0,,,,,,"",""
ball,1,10.4,India,RG Sharma,KL Rahul,Shakib Al Hasan,0,0,,,,,,"",""
ball,1,10.5,India,RG Sharma,KL Rahul,Shakib Al Hasan,1,0,,,,,,"",""
ball,1,10.6,India,KL Rahul,RG Sharma,Shakib Al Hasan,0,1,1,,,,,"",""
ball,1,10.7,India,KL Rahul,RG Sharma,Shakib Al Hasan,0,0,,,,,,"",""
ball,1,11.1,India,RG Sharma,KL Rahul,Mashrafe Mortaza,1,0,,,,,,"",""
ball,1,11.2,India,KL Rahul,RG Sharma,Mashrafe Mortaza,0,0,,,,,,"",""
ball,1,11.3,India,KL Rahul,RG Sharma,Mashrafe Mortaza,0,0,,,,,,"",""
ball,1,11.4,India,KL Rahul,RG Sharma,Mashrafe Mortaza,0,0,,,,,,"",""
ball,1,11.5,India,KL Rahul,RG Sharma,Mashrafe Mortaza,0,0,,,,,,"",""
ball,1,11.6,India,KL Rahul,RG Sharma,Mashrafe Mortaza,1,0,,,,,,"",""
ball,1,12.1,India,KL Rahul,RG Sharma,Shakib Al Hasan,0,0,,,,,,"",""
ball,1,12.2,India,KL Rahul,RG Sharma,Shakib Al Hasan,1,0,,,,,,"",""
ball,1,12.3,India,RG Sharma,KL Rahul,Shakib Al Hasan,0,0,,,,,,"",""
ball,1,12.4,India,RG Sharma,KL Rahul,Shakib Al Hasan,0,0,,,,,,"",""
ball,1,12.5,India,RG Sharma,KL Rahul,Shakib Al Hasan,0,0,,,,,,"",""
ball,1,12.6,India,RG Sharma,KL Rahul,Shakib Al Hasan,0,0,,,,,,"",""
ball,1,13.1,India,KL Rahul,RG Sharma,Mashrafe Mortaza,0,0,,,,,,"",""
ball,1,13.2,India,KL Rahul,RG Sharma,Mashrafe Mortaza,0,0,,,,,,"",""
ball,1,13.3,India,KL Rahul,RG Sharma,Mashrafe Mortaza,1,0,,,,,,"",""
ball,1,13.4,India,RG Sharma,KL Rahul,Mashrafe Mortaza,2,0,,,,,,"",""
ball,1,13.5,India,RG Sharma,KL Rahul,Mashrafe Mortaza,1,0,,,,,,"",""
ball,1,13.6,India,KL Rahul,RG Sharma,Mashrafe Mortaza,0,0,,,,,,"",""
ball,1,14.1,India,RG Sharma,KL Rahul,Shakib Al Hasan,0,0,,,,,,"",""
ball,1,14.2,India,RG Sharma,KL Rahul,Shakib Al Hasan,6,0,,,,,,"",""
ball,1,14.3,India,RG Sharma,KL Rahul,Shakib Al Hasan,0,0,,,,,,"",""
ball,1,14.4,India,RG Sharma,KL Rahul,Shakib Al Hasan,1,0,,,,,,"",""
ball,1,14.5,India,KL Rahul,RG Sharma,Shakib Al Hasan,1,0,,,,,,"",""
ball,1,14.6,India,RG Sharma,KL Rahul,Shakib Al Hasan,1,0,,,,,,"",""
ball,1,15.1,India,RG Sharma,KL Rahul,Mashrafe Mortaza,1,0,,,,,,"",""
ball,1,15.2,India,KL Rahul,RG Sharma,Mashrafe Mortaza,0,0,,,,,,"",""
ball,1,15.3,India,KL Rahul,RG Sharma,Mashrafe Mortaza,0,0,,,,,,"",""
ball,1,15.4,India,KL Rahul,RG Sharma,Mashrafe Mortaza,6,0,,,,,,"",""
ball,1,15.5,India,KL Rahul,RG Sharma,Mashrafe Mortaza,3,0,,,,,,"",""
ball,1,15.6,India,RG Sharma,KL Rahul,Mashrafe Mortaza,0,0,,,,,,"",""
ball,1,16.1,India,KL Rahul,RG Sharma,Shakib Al Hasan,0,0,,,,,,"",""
ball,1,16.2,India,KL Rahul,RG Sharma,Shakib Al Hasan,0,0,,,,,,"",""
ball,1,16.3,India,KL Rahul,RG Sharma,Shakib Al Hasan,0,0,,,,,,"",""
ball,1,16.4,India,KL Rahul,RG Sharma,Shakib Al Hasan,1,0,,,,,,"",""
ball,1,16.5,India,RG Sharma,KL Rahul,Shakib Al Hasan,0,0,,,,,,"",""
ball,1,16.6,India,RG Sharma,KL Rahul,Shakib Al Hasan,1,0,,,,,,"",""
ball,1,17.1,India,RG Sharma,KL Rahul,Mosaddek Hossain,0,0,,,,,,"",""
ball,1,17.2,India,RG Sharma,KL Rahul,Mosaddek Hossain,2,0,,,,,,"",""
ball,1,17.3,India,RG Sharma,KL Rahul,Mosaddek Hossain,1,0,,,,,,"",""
ball,1,17.4,India,KL Rahul,RG Sharma,Mosaddek Hossain,1,0,,,,,,"",""
ball,1,17.5,India,RG Sharma,KL Rahul,Mosaddek Hossain,1,0,,,,,,"",""
ball,1,17.6,India,KL Rahul,RG Sharma,Mosaddek Hossain,1,0,,,,,,"",""
ball,1,18.1,India,KL Rahul,RG Sharma,Rubel Hossain,4,0,,,,,,"",""
ball,1,18.2,India,KL Rahul,RG Sharma,Rubel Hossain,2,0,,,,,,"",""
ball,1,18.3,India,KL Rahul,RG Sharma,Rubel Hossain,0,0,,,,,,"",""
ball,1,18.4,India,KL Rahul,RG Sharma,Rubel Hossain,1,0,,,,,,"",""
ball,1,18.5,India,RG Sharma,KL Rahul,Rubel Hossain,1,0,,,,,,"",""
ball,1,18.6,India,KL Rahul,RG Sharma,Rubel Hossain,4,0,,,,,,"",""
ball,1,19.1,India,RG Sharma,KL Rahul,Mosaddek Hossain,1,0,,,,,,"",""
ball,1,19.2,India,KL Rahul,RG Sharma,Mosaddek Hossain,1,0,,,,,,"",""
ball,1,19.3,India,RG Sharma,KL Rahul,Mosaddek Hossain,1,0,,,,,,"",""
ball,1,19.4,India,KL Rahul,RG Sharma,Mosaddek Hossain,1,0,,,,,,"",""
ball,1,19.5,India,RG Sharma,KL Rahul,Mosaddek Hossain,1,0,,,,,,"",""
ball,1,19.6,India,KL Rahul,RG Sharma,Mosaddek Hossain,0,0,,,,,,"",""
ball,1,20.1,India,RG Sharma,KL Rahul,Rubel Hossain,0,0,,,,,,"",""
ball,1,20.2,India,RG Sharma,KL Rahul,Rubel Hossain,0,0,,,,,,"",""
ball,1,20.3,India,RG Sharma,KL Rahul,Rubel Hossain,2,0,,,,,,"",""
ball,1,20.4,India,RG Sharma,KL Rahul,Rubel Hossain,0,0,,,,,,"",""
ball,1,20.5,India,RG Sharma,KL Rahul,Rubel Hossain,1,0,,,,,,"",""
ball,1,20.6,India,KL Rahul,RG Sharma,Rubel Hossain,1,0,,,,,,"",""
ball,1,21.1,India,KL Rahul,RG Sharma,Mosaddek Hossain,1,0,,,,,,"",""
ball,1,21.2,India,RG Sharma,KL Rahul,Mosaddek Hossain,6,0,,,,,,"",""
ball,1,21.3,India,RG Sharma,KL Rahul,Mosaddek Hossain,1,0,,,,,,"",""
ball,1,21.4,India,KL Rahul,RG Sharma,Mosaddek Hossain,1,0,,,,,,"",""
ball,1,21.5,India,RG Sharma,KL Rahul,Mosaddek Hossain,0,0,,,,,,"",""
ball,1,21.6,India,RG Sharma,KL Rahul,Mosaddek Hossain,4,0,,,,,,"",""
ball,1,22.1,India,KL Rahul,RG Sharma,Rubel Hossain,1,0,,,,,,"",""
ball,1,22.2,India,RG Sharma,KL Rahul,Rubel Hossain,4,0,,,,,,"",""
ball,1,22.3,India,RG Sharma,KL Rahul,Rubel Hossain,1,0,,,,,,"",""
ball,1,22.4,India,KL Rahul,RG Sharma,Rubel Hossain,0,0,,,,,,"",""
ball,1,22.5,India,KL Rahul,RG Sharma,Rubel Hossain,1,0,,,,,,"",""
ball,1,22.6,India,RG Sharma,KL Rahul,Rubel Hossain,1,0,,,,,,"",""
ball,1,23.1,India,RG Sharma,KL Rahul,Mustafizur Rahman,6,0,,,,,,"",""
ball,1,23.2,India,RG Sharma,KL Rahul,Mustafizur Rahman,1,0,,,,,,"",""
ball,1,23.3,India,KL Rahul,RG Sharma,Mustafizur Rahman,1,0,,,,,,"",""
ball,1,23.4,India,RG Sharma,KL Rahul,Mustafizur Rahman,0,0,,,,,,"",""
ball,1,23.5,India,RG Sharma,KL Rahul,Mustafizur Rahman,2,0,,,,,,"",""
ball,1,23.6,India,RG Sharma,KL Rahul,Mustafizur Rahman,1,0,,,,,,"",""
ball,1,24.1,India,RG Sharma,KL Rahul,Rubel Hossain,0,0,,,,,,"",""
ball,1,24.2,India,RG Sharma,KL Rahul,Rubel Hossain,1,0,,,,,,"",""
ball,1,24.3,India,KL Rahul,RG Sharma,Rubel Hossain,0,0,,,,,,"",""
ball,1,24.4,India,KL Rahul,RG Sharma,Rubel Hossain,0,0,,,,,,"",""
ball,1,24.5,India,KL Rahul,RG Sharma,Rubel Hossain,2,0,,,,,,"",""
ball,1,24.6,India,KL Rahul,RG Sharma,Rubel Hossain,1,0,,,,,,"",""
ball,1,25.1,India,KL Rahul,RG Sharma,Soumya Sarkar,0,0,,,,,,"",""
ball,1,25.2,India,KL Rahul,RG Sharma,Soumya Sarkar,1,0,,,,,,"",""
ball,1,25.3,India,RG Sharma,KL Rahul,Soumya Sarkar,0,0,,,,,,"",""
ball,1,25.4,India,RG Sharma,KL Rahul,Soumya Sarkar,1,0,,,,,,"",""
ball,1,25.5,India,KL Rahul,RG Sharma,Soumya Sarkar,0,0,,,,,,"",""
ball,1,25.6,India,KL Rahul,RG Sharma,Soumya Sarkar,0,0,,,,,,"",""
ball,1,26.1,India,RG Sharma,KL Rahul,Shakib Al Hasan,1,0,,,,,,"",""
ball,1,26.2,India,KL Rahul,RG Sharma,Shakib Al Hasan,1,0,,,,,,"",""
ball,1,26.3,India,RG Sharma,KL Rahul,Shakib Al Hasan,1,0,,,,,,"",""
ball,1,26.4,India,KL Rahul,RG Sharma,Shakib Al Hasan,1,0,,,,,,"",""
ball,1,26.5,India,RG Sharma,KL Rahul,Shakib Al Hasan,1,0,,,,,,"",""
ball,1,26.6,India,KL Rahul,RG Sharma,Shakib Al Hasan,0,0,,,,,,"",""
ball,1,27.1,India,RG Sharma,KL Rahul,Soumya Sarkar,1,0,,,,,,"",""
ball,1,27.2,India,KL Rahul,RG Sharma,Soumya Sarkar,0,0,,,,,,"",""
ball,1,27.3,India,KL Rahul,RG Sharma,Soumya Sarkar,1,0,,,,,,"",""
ball,1,27.4,India,RG Sharma,KL Rahul,Soumya Sarkar,0,1,1,,,,,"",""
ball,1,27.5,India,RG Sharma,KL Rahul,Soumya Sarkar,0,0,,,,,,"",""
ball,1,27.6,India,RG Sharma,KL Rahul,Soumya Sarkar,1,0,,,,,,"",""
ball,1,27.7,India,KL Rahul,RG Sharma,Soumya Sarkar,0,0,,,,,,"",""
ball,1,28.1,India,RG Sharma,KL Rahul,Shakib Al Hasan,0,0,,,,,,"",""
ball,1,28.2,India,RG Sharma,KL Rahul,Shakib Al Hasan,0,0,,,,,,"",""
ball,1,28.3,India,RG Sharma,KL Rahul,Shakib Al Hasan,1,0,,,,,,"",""
ball,1,28.4,India,KL Rahul,RG Sharma,Shakib Al Hasan,1,0,,,,,,"",""
ball,1,28.5,India,RG Sharma,KL Rahul,Shakib Al Hasan,0,0,,,,,,"",""
ball,1,28.6,India,RG Sharma,KL Rahul,Shakib Al Hasan,1,0,,,,,,"",""
ball,1,29.1,India,RG Sharma,KL Rahul,Soumya Sarkar,4,0,,,,,,"",""
ball,1,29.2,India,RG Sharma,KL Rahul,Soumya Sarkar,0,0,,,,,,caught,RG Sharma
ball,1,29.3,India,KL Rahul,V Kohli,Soumya Sarkar,1,0,,,,,,"",""
ball,1,29.4,India,V Kohli,KL Rahul,Soumya Sarkar,0,0,,,,,,"",""
ball,1,29.5,India,V Kohli,KL Rahul,Soumya Sarkar,0,0,,,,,,"",""
ball,1,29.6,India,V Kohli,KL Rahul,Soumya Sarkar,0,0,,,,,,"",""
ball,1,30.1,India,KL Rahul,V Kohli,Rubel Hossain,0,0,,,,,,"",""
ball,1,30.2,India,KL Rahul,V Kohli,Rubel Hossain,1,0,,,,,,"",""
ball,1,30.3,India,V Kohli,KL Rahul,Rubel Hossain,0,0,,,,,,"",""
ball,1,30.4,India,V Kohli,KL Rahul,Rubel Hossain,1,0,,,,,,"",""
ball,1,30.5,India,KL Rahul,V Kohli,Rubel Hossain,1,0,,,,,,"",""
ball,1,30.6,India,V Kohli,KL Rahul,Rubel Hossain,0,0,,,,,,"",""
ball,1,31.1,India,KL Rahul,V Kohli,Soumya Sarkar,2,0,,,,,,"",""
ball,1,31.2,India,KL Rahul,V Kohli,Soumya Sarkar,1,0,,,,,,"",""
ball,1,31.3,India,V Kohli,KL Rahul,Soumya Sarkar,0,0,,,,,,"",""
ball,1,31.4,India,V Kohli,KL Rahul,Soumya Sarkar,0,0,,,,,,"",""
ball,1,31.5,India,V Kohli,KL Rahul,Soumya Sarkar,2,0,,,,,,"",""
ball,1,31.6,India,V Kohli,KL Rahul,Soumya Sarkar,1,0,,,,,,"",""
ball,1,32.1,India,V Kohli,KL Rahul,Rubel Hossain,0,0,,,,,,"",""
ball,1,32.2,India,V Kohli,KL Rahul,Rubel Hossain,4,0,,,,,,"",""
ball,1,32.3,India,V Kohli,KL Rahul,Rubel Hossain,1,0,,,,,,"",""
ball,1,32.4,India,KL Rahul,V Kohli,Rubel Hossain,0,0,,,,,,caught,KL Rahul
ball,1,32.5,India,RR Pant,V Kohli,Rubel Hossain,0,0,,,,,,"",""
ball,1,32.6,India,RR Pant,V Kohli,Rubel Hossain,1,0,,,,,,"",""
ball,1,33.1,India,RR Pant,V Kohli,Mosaddek Hossain,0,1,1,,,,,"",""
ball,1,33.2,India,RR Pant,V Kohli,Mosaddek Hossain,0,0,,,,,,"",""
ball,1,33.3,India,RR Pant,V Kohli,Mosaddek Hossain,0,0,,,,,,"",""
ball,1,33.4,India,RR Pant,V Kohli,Mosaddek Hossain,0,0,,,,,,"",""
ball,1,33.5,India,RR Pant,V Kohli,Mosaddek Hossain,0,0,,,,,,"",""
ball,1,33.6,India,RR Pant,V Kohli,Mosaddek Hossain,6,0,,,,,,"",""
ball,1,33.7,India,RR Pant,V Kohli,Mosaddek Hossain,1,0,,,,,,"",""
ball,1,34.1,India,RR Pant,V Kohli,Rubel Hossain,0,1,,,,1,,"",""
ball,1,34.2,India,V Kohli,RR Pant,Rubel Hossain,4,0,,,,,,"",""
ball,1,34.3,India,V Kohli,RR Pant,Rubel Hossain,0,0,,,,,,"",""
ball,1,34.4,India,V Kohli,RR Pant,Rubel Hossain,1,0,,,,,,"",""
ball,1,34.5,India,RR Pant,V Kohli,Rubel Hossain,0,0,,,,,,"",""
ball,1,34.6,India,RR Pant,V Kohli,Rubel Hossain,1,0,,,,,,"",""
ball,1,35.1,India,RR Pant,V Kohli,Soumya Sarkar,1,0,,,,,,"",""
ball,1,35.2,India,V Kohli,RR Pant,Soumya Sarkar,1,0,,,,,,"",""
ball,1,35.3,India,RR Pant,V Kohli,Soumya Sarkar,1,0,,,,,,"",""
ball,1,35.4,India,V Kohli,RR Pant,Soumya Sarkar,2,0,,,,,,"",""
ball,1,35.5,India,V Kohli,RR Pant,Soumya Sarkar,0,0,,,,,,"",""
ball,1,35.6,India,V Kohli,RR Pant,Soumya Sarkar,1,0,,,,,,"",""
ball,1,36.1,India,V Kohli,RR Pant,Shakib Al Hasan,4,0,,,,,,"",""
ball,1,36.2,India,V Kohli,RR Pant,Shakib Al Hasan,0,0,,,,,,"",""
ball,1,36.3,India,V Kohli,RR Pant,Shakib Al Hasan,1,0,,,,,,"",""
ball,1,36.4,India,RR Pant,V Kohli,Shakib Al Hasan,4,0,,,,,,"",""
ball,1,36.5,India,RR Pant,V Kohli,Shakib Al Hasan,0,0,,,,,,"",""
ball,1,36.6,India,RR Pant,V Kohli,Shakib Al Hasan,1,0,,,,,,"",""
ball,1,37.1,India,RR Pant,V Kohli,Soumya Sarkar,4,0,,,,,,"",""
ball,1,37.2,India,RR Pant,V Kohli,Soumya Sarkar,1,0,,,,,,"",""
ball,1,37.3,India,V Kohli,RR Pant,Soumya Sarkar,2,0,,,,,,"",""
ball,1,37.4,India,V Kohli,RR Pant,Soumya Sarkar,1,0,,,,,,"",""
ball,1,37.5,India,RR Pant,V Kohli,Soumya Sarkar,0,0,,,,,,"",""
ball,1,37.6,India,RR Pant,V Kohli,Soumya Sarkar,2,0,,,,,,"",""
ball,1,38.1,India,V Kohli,RR Pant,Mustafizur Rahman,0,0,,,,,,"",""
ball,1,38.2,India,V Kohli,RR Pant,Mustafizur Rahman,0,0,,,,,,caught,V Kohli
ball,1,38.3,India,HH Pandya,RR Pant,Mustafizur Rahman,0,0,,,,,,"",""
ball,1,38.4,India,HH Pandya,RR Pant,Mustafizur Rahman,0,0,,,,,,caught,HH Pandya
ball,1,38.5,India,MS Dhoni,RR Pant,Mustafizur Rahman,0,0,,,,,,"",""
ball,1,38.6,India,MS Dhoni,RR Pant,Mustafizur Rahman,0,0,,,,,,"",""
ball,1,39.1,India,RR Pant,MS Dhoni,Mohammad Saifuddin,0,0,,,,,,"",""
ball,1,39.2,India,RR Pant,MS Dhoni,Mohammad Saifuddin,4,0,,,,,,"",""
ball,1,39.3,India,RR Pant,MS Dhoni,Mohammad Saifuddin,4,0,,,,,,"",""
ball,1,39.4,India,RR Pant,MS Dhoni,Mohammad Saifuddin,4,0,,,,,,"",""
ball,1,39.5,India,RR Pant,MS Dhoni,Mohammad Saifuddin,1,0,,,,,,"",""
ball,1,39.6,India,MS Dhoni,RR Pant,Mohammad Saifuddin,1,0,,,,,,"",""
ball,1,40.1,India,MS Dhoni,RR Pant,Shakib Al Hasan,1,0,,,,,,"",""
ball,1,40.2,India,RR Pant,MS Dhoni,Shakib Al Hasan,1,0,,,,,,"",""
ball,1,40.3,India,MS Dhoni,RR Pant,Shakib Al Hasan,1,0,,,,,,"",""
ball,1,40.4,India,RR Pant,MS Dhoni,Shakib Al Hasan,0,0,,,,,,"",""
ball,1,40.5,India,RR Pant,MS Dhoni,Shakib Al Hasan,1,0,,,,,,"",""
ball,1,40.6,India,MS Dhoni,RR Pant,Shakib Al Hasan,0,0,,,,,,"",""
ball,1,41.1,India,RR Pant,MS Dhoni,Mustafizur Rahman,4,0,,,,,,"",""
ball,1,41.2,India,RR Pant,MS Dhoni,Mustafizur Rahman,0,1,1,,,,,"",""
ball,1,41.3,India,RR Pant,MS Dhoni,Mustafizur Rahman,0,0,,,,,,"",""
ball,1,41.4,India,RR Pant,MS Dhoni,Mustafizur Rahman,1,0,,,,,,"",""
ball,1,41.5,India,MS Dhoni,RR Pant,Mustafizur Rahman,0,0,,,,,,"",""
ball,1,41.6,India,MS Dhoni,RR Pant,Mustafizur Rahman,3,0,,,,,,"",""
ball,1,41.7,India,RR Pant,MS Dhoni,Mustafizur Rahman,1,0,,,,,,"",""
ball,1,42.1,India,RR Pant,MS Dhoni,Shakib Al Hasan,0,0,,,,,,"",""
ball,1,42.2,India,RR Pant,MS Dhoni,Shakib Al Hasan,2,0,,,,,,"",""
ball,1,42.3,India,RR Pant,MS Dhoni,Shakib Al Hasan,0,0,,,,,,"",""
ball,1,42.4,India,RR Pant,MS Dhoni,Shakib Al Hasan,1,0,,,,,,"",""
ball,1,42.5,India,MS Dhoni,RR Pant,Shakib Al Hasan,0,0,,,,,,"",""
ball,1,42.6,India,MS Dhoni,RR Pant,Shakib Al Hasan,0,0,,,,,,"",""
ball,1,43.1,India,RR Pant,MS Dhoni,Rubel Hossain,0,4,,,,4,,"",""
ball,1,43.2,India,RR Pant,MS Dhoni,Rubel Hossain,0,0,,,,,,"",""
ball,1,43.3,India,RR Pant,MS Dhoni,Rubel Hossain,0,0,,,,,,"",""
ball,1,43.4,India,RR Pant,MS Dhoni,Rubel Hossain,1,0,,,,,,"",""
ball,1,43.5,India,MS Dhoni,RR Pant,Rubel Hossain,0,0,,,,,,"",""
ball,1,43.6,India,MS Dhoni,RR Pant,Rubel Hossain,4,0,,,,,,"",""
ball,1,44.1,India,RR Pant,MS Dhoni,Shakib Al Hasan,0,0,,,,,,caught,RR Pant
ball,1,44.2,India,KD Karthik,MS Dhoni,Shakib Al Hasan,1,0,,,,,,"",""
ball,1,44.3,India,MS Dhoni,KD Karthik,Shakib Al Hasan,0,0,,,,,,"",""
ball,1,44.4,India,MS Dhoni,KD Karthik,Shakib Al Hasan,1,0,,,,,,"",""
ball,1,44.5,India,KD Karthik,MS Dhoni,Shakib Al Hasan,0,0,,,,,,"",""
ball,1,44.6,India,KD Karthik,MS Dhoni,Shakib Al Hasan,0,0,,,,,,"",""
ball,1,45.1,India,MS Dhoni,KD Karthik,Mustafizur Rahman,4,0,,,,,,"",""
ball,1,45.2,India,MS Dhoni,KD Karthik,Mustafizur Rahman,2,0,,,,,,"",""
ball,1,45.3,India,MS Dhoni,KD Karthik,Mustafizur Rahman,1,0,,,,,,"",""
ball,1,45.4,India,KD Karthik,MS Dhoni,Mustafizur Rahman,1,0,,,,,,"",""
ball,1,45.5,India,MS Dhoni,KD Karthik,Mustafizur Rahman,1,0,,,,,,"",""
ball,1,45.6,India,KD Karthik,MS Dhoni,Mustafizur Rahman,0,0,,,,,,"",""
ball,1,46.1,India,MS Dhoni,KD Karthik,Mohammad Saifuddin,1,0,,,,,,"",""
ball,1,46.2,India,KD Karthik,MS Dhoni,Mohammad Saifuddin,1,0,,,,,,"",""
ball,1,46.3,India,MS Dhoni,KD Karthik,Mohammad Saifuddin,1,0,,,,,,"",""
ball,1,46.4,India,KD Karthik,MS Dhoni,Mohammad Saifuddin,4,0,,,,,,"",""
ball,1,46.5,India,KD Karthik,MS Dhoni,Mohammad Saifuddin,1,0,,,,,,"",""
ball,1,46.6,India,MS Dhoni,KD Karthik,Mohammad Saifuddin,1,0,,,,,,"",""
ball,1,47.1,India,MS Dhoni,KD Karthik,Mustafizur Rahman,1,0,,,,,,"",""
ball,1,47.2,India,KD Karthik,MS Dhoni,Mustafizur Rahman,0,0,,,,,,caught,KD Karthik
ball,1,47.3,India,B Kumar,MS Dhoni,Mustafizur Rahman,1,0,,,,,,"",""
ball,1,47.4,India,MS Dhoni,B Kumar,Mustafizur Rahman,0,0,,,,,,"",""
ball,1,47.5,India,MS Dhoni,B Kumar,Mustafizur Rahman,1,0,,,,,,"",""
ball,1,47.6,India,B Kumar,MS Dhoni,Mustafizur Rahman,0,0,,,,,,"",""
ball,1,48.1,India,MS Dhoni,B Kumar,Mohammad Saifuddin,2,0,,,,,,"",""
ball,1,48.2,India,MS Dhoni,B Kumar,Mohammad Saifuddin,4,0,,,,,,"",""
ball,1,48.3,India,MS Dhoni,B Kumar,Mohammad Saifuddin,0,0,,,,,,"",""
ball,1,48.4,India,MS Dhoni,B Kumar,Mohammad Saifuddin,0,0,,,,,,"",""
ball,1,48.5,India,MS Dhoni,B Kumar,Mohammad Saifuddin,4,0,,,,,,"",""
ball,1,48.6,India,MS Dhoni,B Kumar,Mohammad Saifuddin,1,0,,,,,,"",""
ball,1,49.1,India,MS Dhoni,B Kumar,Mustafizur Rahman,0,0,,,,,,"",""
ball,1,49.2,India,MS Dhoni,B Kumar,Mustafizur Rahman,0,0,,,,,,"",""
ball,1,49.3,India,MS Dhoni,B Kumar,Mustafizur Rahman,0,0,,,,,,caught,MS Dhoni
ball,1,49.4,India,B Kumar,Mohammed Shami,Mustafizur Rahman,1,0,,,,,,"",""
ball,1,49.5,India,Mohammed Shami,B Kumar,Mustafizur Rahman,1,0,,,,,,"",""
ball,1,49.6,India,B Kumar,Mohammed Shami,Mustafizur Rahman,0,1,1,,,,,run out,B Kumar
ball,1,49.7,India,Mohammed Shami,JJ Bumrah,Mustafizur Rahman,0,0,,,,,,bowled,Mohammed Shami
ball,2,0.1,Bangladesh,Tamim Iqbal,Soumya Sarkar,B Kumar,0,0,,,,,,"",""
ball,2,0.2,Bangladesh,Tamim Iqbal,Soumya Sarkar,B Kumar,0,0,,,,,,"",""
ball,2,0.3,Bangladesh,Tamim Iqbal,Soumya Sarkar,B Kumar,0,0,,,,,,"",""
ball,2,0.4,Bangladesh,Tamim Iqbal,Soumya Sarkar,B Kumar,1,0,,,,,,"",""
ball,2,0.5,Bangladesh,Soumya Sarkar,Tamim Iqbal,B Kumar,0,0,,,,,,"",""
ball,2,0.6,Bangladesh,Soumya Sarkar,Tamim Iqbal,B Kumar,0,0,,,,,,"",""
ball,2,1.1,Bangladesh,Tamim Iqbal,Soumya Sarkar,JJ Bumrah,0,0,,,,,,"",""
ball,2,1.2,Bangladesh,Tamim Iqbal,Soumya Sarkar,JJ Bumrah,0,0,,,,,,"",""
ball,2,1.3,Bangladesh,Tamim Iqbal,Soumya Sarkar,JJ Bumrah,0,0,,,,,,"",""
ball,2,1.4,Bangladesh,Tamim Iqbal,Soumya Sarkar,JJ Bumrah,4,0,,,,,,"",""
ball,2,1.5,Bangladesh,Tamim Iqbal,Soumya Sarkar,JJ Bumrah,0,0,,,,,,"",""
ball,2,1.6,Bangladesh,Tamim Iqbal,Soumya Sarkar,JJ Bumrah,4,0,,,,,,"",""
ball,2,2.1,Bangladesh,Soumya Sarkar,Tamim Iqbal,B Kumar,0,0,,,,,,"",""
ball,2,2.2,Bangladesh,Soumya Sarkar,Tamim Iqbal,B Kumar,0,0,,,,,,"",""
ball,2,2.3,Bangladesh,Soumya Sarkar,Tamim Iqbal,B Kumar,0,0,,,,,,"",""
ball,2,2.4,Bangladesh,Soumya Sarkar,Tamim Iqbal,B Kumar,1,0,,,,,,"",""
ball,2,2.5,Bangladesh,Tamim Iqbal,Soumya Sarkar,B Kumar,4,0,,,,,,"",""
ball,2,2.6,Bangladesh,Tamim Iqbal,Soumya Sarkar,B Kumar,2,0,,,,,,"",""
ball,2,3.1,Bangladesh,Soumya Sarkar,Tamim Iqbal,JJ Bumrah,0,0,,,,,,"",""
ball,2,3.2,Bangladesh,Soumya Sarkar,Tamim Iqbal,JJ Bumrah,0,0,,,,,,"",""
ball,2,3.3,Bangladesh,Soumya Sarkar,Tamim Iqbal,JJ Bumrah,0,0,,,,,,"",""
ball,2,3.4,Bangladesh,Soumya Sarkar,Tamim Iqbal,JJ Bumrah,0,0,,,,,,"",""
ball,2,3.5,Bangladesh,Soumya Sarkar,Tamim Iqbal,JJ Bumrah,0,0,,,,,,"",""
ball,2,3.6,Bangladesh,Soumya Sarkar,Tamim Iqbal,JJ Bumrah,0,0,,,,,,"",""
ball,2,4.1,Bangladesh,Tamim Iqbal,Soumya Sarkar,B Kumar,0,0,,,,,,"",""
ball,2,4.2,Bangladesh,Tamim Iqbal,Soumya Sarkar,B Kumar,0,0,,,,,,"",""
ball,2,4.3,Bangladesh,Tamim Iqbal,Soumya Sarkar,B Kumar,0,0,,,,,,"",""
ball,2,4.4,Bangladesh,Tamim Iqbal,Soumya Sarkar,B Kumar,0,0,,,,,,"",""
ball,2,4.5,Bangladesh,Tamim Iqbal,Soumya Sarkar,B Kumar,1,0,,,,,,"",""
ball,2,4.6,Bangladesh,Soumya Sarkar,Tamim Iqbal,B Kumar,1,0,,,,,,"",""
ball,2,5.1,Bangladesh,Soumya Sarkar,Tamim Iqbal,JJ Bumrah,0,0,,,,,,"",""
ball,2,5.2,Bangladesh,Soumya Sarkar,Tamim Iqbal,JJ Bumrah,5,0,,,,,,"",""
ball,2,5.3,Bangladesh,Tamim Iqbal,Soumya Sarkar,JJ Bumrah,0,0,,,,,,"",""
ball,2,5.4,Bangladesh,Tamim Iqbal,Soumya Sarkar,JJ Bumrah,0,0,,,,,,"",""
ball,2,5.5,Bangladesh,Tamim Iqbal,Soumya Sarkar,JJ Bumrah,0,1,,,1,,,"",""
ball,2,5.6,Bangladesh,Soumya Sarkar,Tamim Iqbal,JJ Bumrah,0,0,,,,,,"",""
ball,2,6.1,Bangladesh,Tamim Iqbal,Soumya Sarkar,B Kumar,0,0,,,,,,"",""
ball,2,6.2,Bangladesh,Tamim Iqbal,Soumya Sarkar,B Kumar,0,0,,,,,,"",""
ball,2,6.3,Bangladesh,Tamim Iqbal,Soumya Sarkar,B Kumar,2,0,,,,,,"",""
ball,2,6.4,Bangladesh,Tamim Iqbal,Soumya Sarkar,B Kumar,0,0,,,,,,"",""
ball,2,6.5,Bangladesh,Tamim Iqbal,Soumya Sarkar,B Kumar,2,0,,,,,,"",""
ball,2,6.6,Bangladesh,Tamim Iqbal,Soumya Sarkar,B Kumar,0,0,,,,,,"",""
ball,2,7.1,Bangladesh,Soumya Sarkar,Tamim Iqbal,Mohammed Shami,0,0,,,,,,"",""
ball,2,7.2,Bangladesh,Soumya Sarkar,Tamim Iqbal,Mohammed Shami,0,0,,,,,,"",""
ball,2,7.3,Bangladesh,Soumya Sarkar,Tamim Iqbal,Mohammed Shami,2,0,,,,,,"",""
ball,2,7.4,Bangladesh,Soumya Sarkar,Tamim Iqbal,Mohammed Shami,4,0,,,,,,"",""
ball,2,7.5,Bangladesh,Soumya Sarkar,Tamim Iqbal,Mohammed Shami,0,0,,,,,,"",""
ball,2,7.6,Bangladesh,Soumya Sarkar,Tamim Iqbal,Mohammed Shami,0,0,,,,,,"",""
ball,2,8.1,Bangladesh,Tamim Iqbal,Soumya Sarkar,B Kumar,0,0,,,,,,"",""
ball,2,8.2,Bangladesh,Tamim Iqbal,Soumya Sarkar,B Kumar,1,0,,,,,,"",""
ball,2,8.3,Bangladesh,Soumya Sarkar,Tamim Iqbal,B Kumar,0,0,,,,,,"",""
ball,2,8.4,Bangladesh,Soumya Sarkar,Tamim Iqbal,B Kumar,1,0,,,,,,"",""
ball,2,8.5,Bangladesh,Tamim Iqbal,Soumya Sarkar,B Kumar,1,0,,,,,,"",""
ball,2,8.6,Bangladesh,Soumya Sarkar,Tamim Iqbal,B Kumar,1,0,,,,,,"",""
ball,2,9.1,Bangladesh,Soumya Sarkar,Tamim Iqbal,Mohammed Shami,1,0,,,,,,"",""
ball,2,9.2,Bangladesh,Tamim Iqbal,Soumya Sarkar,Mohammed Shami,0,0,,,,,,"",""
ball,2,9.3,Bangladesh,Tamim Iqbal,Soumya Sarkar,Mohammed Shami,0,0,,,,,,bowled,Tamim Iqbal
ball,2,9.4,Bangladesh,Shakib Al Hasan,Soumya Sarkar,Mohammed Shami,1,0,,,,,,"",""
ball,2,9.5,Bangladesh,Soumya Sarkar,Shakib Al Hasan,Mohammed Shami,0,0,,,,,,"",""
ball,2,9.6,Bangladesh,Soumya Sarkar,Shakib Al Hasan,Mohammed Shami,0,0,,,,,,"",""
ball,2,10.1,Bangladesh,Shakib Al Hasan,Soumya Sarkar,JJ Bumrah,0,0,,,,,,"",""
ball,2,10.2,Bangladesh,Shakib Al Hasan,Soumya Sarkar,JJ Bumrah,4,0,,,,,,"",""
ball,2,10.3,Bangladesh,Shakib Al Hasan,Soumya Sarkar,JJ Bumrah,0,0,,,,,,"",""
ball,2,10.4,Bangladesh,Shakib Al Hasan,Soumya Sarkar,JJ Bumrah,1,0,,,,,,"",""
ball,2,10.5,Bangladesh,Soumya Sarkar,Shakib Al Hasan,JJ Bumrah,1,0,,,,,,"",""
ball,2,10.6,Bangladesh,Shakib Al Hasan,Soumya Sarkar,JJ Bumrah,0,1,1,,,,,"",""
ball,2,10.7,Bangladesh,Shakib Al Hasan,Soumya Sarkar,JJ Bumrah,0,0,,,,,,"",""
ball,2,11.1,Bangladesh,Soumya Sarkar,Shakib Al Hasan,Mohammed Shami,4,0,,,,,,"",""
ball,2,11.2,Bangladesh,Soumya Sarkar,Shakib Al Hasan,Mohammed Shami,0,0,,,,,,"",""
ball,2,11.3,Bangladesh,Soumya Sarkar,Shakib Al Hasan,Mohammed Shami,1,0,,,,,,"",""
ball,2,11.4,Bangladesh,Shakib Al Hasan,Soumya Sarkar,Mohammed Shami,0,0,,,,,,"",""
ball,2,11.5,Bangladesh,Shakib Al Hasan,Soumya Sarkar,Mohammed Shami,0,0,,,,,,"",""
ball,2,11.6,Bangladesh,Shakib Al Hasan,Soumya Sarkar,Mohammed Shami,1,0,,,,,,"",""
ball,2,12.1,Bangladesh,Shakib Al Hasan,Soumya Sarkar,YS Chahal,4,0,,,,,,"",""
ball,2,12.2,Bangladesh,Shakib Al Hasan,Soumya Sarkar,YS Chahal,0,0,,,,,,"",""
ball,2,12.3,Bangladesh,Shakib Al Hasan,Soumya Sarkar,YS Chahal,0,0,,,,,,"",""
ball,2,12.4,Bangladesh,Shakib Al Hasan,Soumya Sarkar,YS Chahal,2,0,,,,,,"",""
ball,2,12.5,Bangladesh,Shakib Al Hasan,Soumya Sarkar,YS Chahal,0,0,,,,,,"",""
ball,2,12.6,Bangladesh,Shakib Al Hasan,Soumya Sarkar,YS Chahal,0,0,,,,,,"",""
ball,2,13.1,Bangladesh,Soumya Sarkar,Shakib Al Hasan,Mohammed Shami,4,0,,,,,,"",""
ball,2,13.2,Bangladesh,Soumya Sarkar,Shakib Al Hasan,Mohammed Shami,1,0,,,,,,"",""
ball,2,13.3,Bangladesh,Shakib Al Hasan,Soumya Sarkar,Mohammed Shami,0,0,,,,,,"",""
ball,2,13.4,Bangladesh,Shakib Al Hasan,Soumya Sarkar,Mohammed Shami,0,0,,,,,,"",""
ball,2,13.5,Bangladesh,Shakib Al Hasan,Soumya Sarkar,Mohammed Shami,1,0,,,,,,"",""
ball,2,13.6,Bangladesh,Soumya Sarkar,Shakib Al Hasan,Mohammed Shami,4,0,,,,,,"",""
ball,2,14.1,Bangladesh,Shakib Al Hasan,Soumya Sarkar,YS Chahal,0,0,,,,,,"",""
ball,2,14.2,Bangladesh,Shakib Al Hasan,Soumya Sarkar,YS Chahal,1,0,,,,,,"",""
ball,2,14.3,Bangladesh,Soumya Sarkar,Shakib Al Hasan,YS Chahal,1,0,,,,,,"",""
ball,2,14.4,Bangladesh,Shakib Al Hasan,Soumya Sarkar,YS Chahal,0,0,,,,,,"",""
ball,2,14.5,Bangladesh,Shakib Al Hasan,Soumya Sarkar,YS Chahal,1,0,,,,,,"",""
ball,2,14.6,Bangladesh,Soumya Sarkar,Shakib Al Hasan,YS Chahal,1,0,,,,,,"",""
ball,2,15.1,Bangladesh,Soumya Sarkar,Shakib Al Hasan,HH Pandya,0,1,1,,,,,"",""
ball,2,15.2,Bangladesh,Soumya Sarkar,Shakib Al Hasan,HH Pandya,0,0,,,,,,caught,Soumya Sarkar
ball,2,15.3,Bangladesh,Mushfiqur Rahim,Shakib Al Hasan,HH Pandya,0,0,,,,,,"",""
ball,2,15.4,Bangladesh,Mushfiqur Rahim,Shakib Al Hasan,HH Pandya,0,0,,,,,,"",""
ball,2,15.5,Bangladesh,Mushfiqur Rahim,Shakib Al Hasan,HH Pandya,0,0,,,,,,"",""
ball,2,15.6,Bangladesh,Mushfiqur Rahim,Shakib Al Hasan,HH Pandya,0,0,,,,,,"",""
ball,2,15.7,Bangladesh,Mushfiqur Rahim,Shakib Al Hasan,HH Pandya,1,0,,,,,,"",""
ball,2,16.1,Bangladesh,Mushfiqur Rahim,Shakib Al Hasan,YS Chahal,1,0,,,,,,"",""
ball,2,16.2,Bangladesh,Shakib Al Hasan,Mushfiqur Rahim,YS Chahal,1,0,,,,,,"",""
ball,2,16.3,Bangladesh,Mushfiqur Rahim,Shakib Al Hasan,YS Chahal,1,0,,,,,,"",""
ball,2,16.4,Bangladesh,Shakib Al Hasan,Mushfiqur Rahim,YS Chahal,0,0,,,,,,"",""
ball,2,16.5,Bangladesh,Shakib Al Hasan,Mushfiqur Rahim,YS Chahal,1,0,,,,,,"",""
ball,2,16.6,Bangladesh,Mushfiqur Rahim,Shakib Al Hasan,YS Chahal,0,0,,,,,,"",""
ball,2,17.1,Bangladesh,Shakib Al Hasan,Mushfiqur Rahim,HH Pandya,1,0,,,,,,"",""
ball,2,17.2,Bangladesh,Mushfiqur Rahim,Shakib Al Hasan,HH Pandya,0,0,,,,,,"",""
ball,2,17.3,Bangladesh,Mushfiqur Rahim,Shakib Al Hasan,HH Pandya,2,0,,,,,,"",""
ball,2,17.4,Bangladesh,Mushfiqur Rahim,Shakib Al Hasan,HH Pandya,1,0,,,,,,"",""
ball,2,17.5,Bangladesh,Shakib Al Hasan,Mushfiqur Rahim,HH Pandya,4,0,,,,,,"",""
ball,2,17.6,Bangladesh,Shakib Al Hasan,Mushfiqur Rahim,HH Pandya,1,0,,,,,,"",""
ball,2,18.1,Bangladesh,Shakib Al Hasan,Mushfiqur Rahim,YS Chahal,0,0,,,,,,"",""
ball,2,18.2,Bangladesh,Shakib Al Hasan,Mushfiqur Rahim,YS Chahal,0,0,,,,,,"",""
ball,2,18.3,Bangladesh,Shakib Al Hasan,Mushfiqur Rahim,YS Chahal,1,0,,,,,,"",""
ball,2,18.4,Bangladesh,Mushfiqur Rahim,Shakib Al Hasan,YS Chahal,4,0,,,,,,"",""
ball,2,18.5,Bangladesh,Mushfiqur Rahim,Shakib Al Hasan,YS Chahal,4,0,,,,,,"",""
ball,2,18.6,Bangladesh,Mushfiqur Rahim,Shakib Al Hasan,YS Chahal,1,0,,,,,,"",""
ball,2,19.1,Bangladesh,Mushfiqur Rahim,Shakib Al Hasan,HH Pandya,1,0,,,,,,"",""
ball,2,19.2,Bangladesh,Shakib Al Hasan,Mushfiqur Rahim,HH Pandya,0,0,,,,,,"",""
ball,2,19.3,Bangladesh,Shakib Al Hasan,Mushfiqur Rahim,HH Pandya,2,0,,,,,,"",""
ball,2,19.4,Bangladesh,Shakib Al Hasan,Mushfiqur Rahim,HH Pandya,1,0,,,,,,"",""
ball,2,19.5,Bangladesh,Mushfiqur Rahim,Shakib Al Hasan,HH Pandya,1,0,,,,,,"",""
ball,2,19.6,Bangladesh,Shakib Al Hasan,Mushfiqur Rahim,HH Pandya,1,0,,,,,,"",""
ball,2,20.1,Bangladesh,Shakib Al Hasan,Mushfiqur Rahim,YS Chahal,0,0,,,,,,"",""
ball,2,20.2,Bangladesh,Shakib Al Hasan,Mushfiqur Rahim,YS Chahal,0,0,,,,,,"",""
ball,2,20.3,Bangladesh,Shakib Al Hasan,Mushfiqur Rahim,YS Chahal,0,0,,,,,,"",""
ball,2,20.4,Bangladesh,Shakib Al Hasan,Mushfiqur Rahim,YS Chahal,1,0,,,,,,"",""
ball,2,20.5,Bangladesh,Mushfiqur Rahim,Shakib Al Hasan,YS Chahal,1,0,,,,,,"",""
ball,2,20.6,Bangladesh,Shakib Al Hasan,Mushfiqur Rahim,YS Chahal,1,0,,,,,,"",""
ball,2,21.1,Bangladesh,Shakib Al Hasan,Mushfiqur Rahim,HH Pandya,4,0,,,,,,"",""
ball,2,21.2,Bangladesh,Shakib Al Hasan,Mushfiqur Rahim,HH Pandya,1,0,,,,,,"",""
ball,2,21.3,Bangladesh,Mushfiqur Rahim,Shakib Al Hasan,HH Pandya,1,0,,,,,,"",""
ball,2,21.4,Bangladesh,Shakib Al Hasan,Mushfiqur Rahim,HH Pandya,1,0,,,,,,"",""
ball,2,21.5,Bangladesh,Mushfiqur Rahim,Shakib Al Hasan,HH Pandya,1,0,,,,,,"",""
ball,2,21.6,Bangladesh,Shakib Al Hasan,Mushfiqur Rahim,HH Pandya,1,0,,,,,,"",""
ball,2,22.1,Bangladesh,Shakib Al Hasan,Mushfiqur Rahim,YS Chahal,0,0,,,,,,"",""
ball,2,22.2,Bangladesh,Shakib Al Hasan,Mushfiqur Rahim,YS Chahal,1,0,,,,,,"",""
ball,2,22.3,Bangladesh,Mushfiqur Rahim,Shakib Al Hasan,YS Chahal,0,0,,,,,,"",""
ball,2,22.4,Bangladesh,Mushfiqur Rahim,Shakib Al Hasan,YS Chahal,4,0,,,,,,"",""
ball,2,22.5,Bangladesh,Mushfiqur Rahim,Shakib Al Hasan,YS Chahal,0,0,,,,,,"",""
ball,2,22.6,Bangladesh,Mushfiqur Rahim,Shakib Al Hasan,YS Chahal,0,0,,,,,,caught,Mushfiqur Rahim
ball,2,23.1,Bangladesh,Shakib Al Hasan,Liton Das,Mohammed Shami,1,0,,,,,,"",""
ball,2,23.2,Bangladesh,Liton Das,Shakib Al Hasan,Mohammed Shami,0,0,,,,,,"",""
ball,2,23.3,Bangladesh,Liton Das,Shakib Al Hasan,Mohammed Shami,0,0,,,,,,"",""
ball,2,23.4,Bangladesh,Liton Das,Shakib Al Hasan,Mohammed Shami,1,0,,,,,,"",""
ball,2,23.5,Bangladesh,Shakib Al Hasan,Liton Das,Mohammed Shami,1,0,,,,,,"",""
ball,2,23.6,Bangladesh,Liton Das,Shakib Al Hasan,Mohammed Shami,1,0,,,,,,"",""
ball,2,24.1,Bangladesh,Liton Das,Shakib Al Hasan,YS Chahal,0,0,,,,,,"",""
ball,2,24.2,Bangladesh,Liton Das,Shakib Al Hasan,YS Chahal,0,0,,,,,,"",""
ball,2,24.3,Bangladesh,Liton Das,Shakib Al Hasan,YS Chahal,1,0,,,,,,"",""
ball,2,24.4,Bangladesh,Shakib Al Hasan,Liton Das,YS Chahal,0,0,,,,,,"",""
ball,2,24.5,Bangladesh,Shakib Al Hasan,Liton Das,YS Chahal,0,0,,,,,,"",""
ball,2,24.6,Bangladesh,Shakib Al Hasan,Liton Das,YS Chahal,1,0,,,,,,"",""
ball,2,25.1,Bangladesh,Shakib Al Hasan,Liton Das,Mohammed Shami,1,0,,,,,,"",""
ball,2,25.2,Bangladesh,Liton Das,Shakib Al Hasan,Mohammed Shami,1,0,,,,,,"",""
ball,2,25.3,Bangladesh,Shakib Al Hasan,Liton Das,Mohammed Shami,0,1,,,,1,,"",""
ball,2,25.4,Bangladesh,Liton Das,Shakib Al Hasan,Mohammed Shami,0,0,,,,,,"",""
ball,2,25.5,Bangladesh,Liton Das,Shakib Al Hasan,Mohammed Shami,2,0,,,,,,"",""
ball,2,25.6,Bangladesh,Liton Das,Shakib Al Hasan,Mohammed Shami,1,0,,,,,,"",""
ball,2,26.1,Bangladesh,Liton Das,Shakib Al Hasan,B Kumar,2,0,,,,,,"",""
ball,2,26.2,Bangladesh,Liton Das,Shakib Al Hasan,B Kumar,0,0,,,,,,"",""
ball,2,26.3,Bangladesh,Liton Das,Shakib Al Hasan,B Kumar,2,0,,,,,,"",""
ball,2,26.4,Bangladesh,Liton Das,Shakib Al Hasan,B Kumar,0,0,,,,,,"",""
ball,2,26.5,Bangladesh,Liton Das,Shakib Al Hasan,B Kumar,2,0,,,,,,"",""
ball,2,26.6,Bangladesh,Liton Das,Shakib Al Hasan,B Kumar,0,0,,,,,,"",""
ball,2,27.1,Bangladesh,Shakib Al Hasan,Liton Das,HH Pandya,0,0,,,,,,"",""
ball,2,27.2,Bangladesh,Shakib Al Hasan,Liton Das,HH Pandya,0,0,,,,,,"",""
ball,2,27.3,Bangladesh,Shakib Al Hasan,Liton Das,HH Pandya,1,0,,,,,,"",""
ball,2,27.4,Bangladesh,Liton Das,Shakib Al Hasan,HH Pandya,1,0,,,,,,"",""
ball,2,27.5,Bangladesh,Shakib Al Hasan,Liton Das,HH Pandya,4,0,,,,,,"",""
ball,2,27.6,Bangladesh,Shakib Al Hasan,Liton Das,HH Pandya,2,0,,,,,,"",""
ball,2,28.1,Bangladesh,Liton Das,Shakib Al Hasan,B Kumar,1,0,,,,,,"",""
ball,2,28.2,Bangladesh,Shakib Al Hasan,Liton Das,B Kumar,2,0,,,,,,"",""
ball,2,28.3,Bangladesh,Shakib Al Hasan,Liton Das,B Kumar,1,0,,,,,,"",""
ball,2,28.4,Bangladesh,Liton Das,Shakib Al Hasan,B Kumar,1,0,,,,,,"",""
ball,2,28.5,Bangladesh,Shakib Al Hasan,Liton Das,B Kumar,2,0,,,,,,"",""
ball,2,28.6,Bangladesh,Shakib Al Hasan,Liton Das,B Kumar,2,0,,,,,,"",""
ball,2,29.1,Bangladesh,Liton Das,Shakib Al Hasan,HH Pandya,0,0,,,,,,"",""
ball,2,29.2,Bangladesh,Liton Das,Shakib Al Hasan,HH Pandya,6,0,,,,,,"",""
ball,2,29.3,Bangladesh,Liton Das,Shakib Al Hasan,HH Pandya,0,0,,,,,,"",""
ball,2,29.4,Bangladesh,Liton Das,Shakib Al Hasan,HH Pandya,0,0,,,,,,caught,Liton Das
ball,2,29.5,Bangladesh,Mosaddek Hossain,Shakib Al Hasan,HH Pandya,1,0,,,,,,"",""
ball,2,29.6,Bangladesh,Shakib Al Hasan,Mosaddek Hossain,HH Pandya,0,0,,,,,,"",""
ball,2,30.1,Bangladesh,Mosaddek Hossain,Shakib Al Hasan,JJ Bumrah,0,0,,,,,,"",""
ball,2,30.2,Bangladesh,Mosaddek Hossain,Shakib Al Hasan,JJ Bumrah,1,0,,,,,,"",""
ball,2,30.3,Bangladesh,Shakib Al Hasan,Mosaddek Hossain,JJ Bumrah,4,0,,,,,,"",""
ball,2,30.4,Bangladesh,Shakib Al Hasan,Mosaddek Hossain,JJ Bumrah,0,0,,,,,,"",""
ball,2,30.5,Bangladesh,Shakib Al Hasan,Mosaddek Hossain,JJ Bumrah,1,0,,,,,,"",""
ball,2,30.6,Bangladesh,Mosaddek Hossain,Shakib Al Hasan,JJ Bumrah,0,0,,,,,,"",""
ball,2,31.1,Bangladesh,Shakib Al Hasan,Mosaddek Hossain,HH Pandya,0,0,,,,,,"",""
ball,2,31.2,Bangladesh,Shakib Al Hasan,Mosaddek Hossain,HH Pandya,1,0,,,,,,"",""
ball,2,31.3,Bangladesh,Mosaddek Hossain,Shakib Al Hasan,HH Pandya,1,0,,,,,,"",""
ball,2,31.4,Bangladesh,Shakib Al Hasan,Mosaddek Hossain,HH Pandya,0,0,,,,,,"",""
ball,2,31.5,Bangladesh,Shakib Al Hasan,Mosaddek Hossain,HH Pandya,1,0,,,,,,"",""
ball,2,31.6,Bangladesh,Mosaddek Hossain,Shakib Al Hasan,HH Pandya,0,0,,,,,,"",""
ball,2,32.1,Bangladesh,Shakib Al Hasan,Mosaddek Hossain,JJ Bumrah,1,0,,,,,,"",""
ball,2,32.2,Bangladesh,Mosaddek Hossain,Shakib Al Hasan,JJ Bumrah,0,0,,,,,,bowled,Mosaddek Hossain
ball,2,32.3,Bangladesh,Sabbir Rahman,Shakib Al Hasan,JJ Bumrah,4,0,,,,,,"",""
ball,2,32.4,Bangladesh,Sabbir Rahman,Shakib Al Hasan,JJ Bumrah,0,0,,,,,,"",""
ball,2,32.5,Bangladesh,Sabbir Rahman,Shakib Al Hasan,JJ Bumrah,0,0,,,,,,"",""
ball,2,32.6,Bangladesh,Sabbir Rahman,Shakib Al Hasan,JJ Bumrah,0,0,,,,,,"",""
ball,2,33.1,Bangladesh,Shakib Al Hasan,Sabbir Rahman,HH Pandya,1,0,,,,,,"",""
ball,2,33.2,Bangladesh,Sabbir Rahman,Shakib Al Hasan,HH Pandya,0,0,,,,,,"",""
ball,2,33.3,Bangladesh,Sabbir Rahman,Shakib Al Hasan,HH Pandya,1,0,,,,,,"",""
ball,2,33.4,Bangladesh,Shakib Al Hasan,Sabbir Rahman,HH Pandya,0,0,,,,,,"",""
ball,2,33.5,Bangladesh,Shakib Al Hasan,Sabbir Rahman,HH Pandya,0,0,,,,,,caught,Shakib Al Hasan
ball,2,33.6,Bangladesh,Mohammad Saifuddin,Sabbir Rahman,HH Pandya,0,0,,,,,,"",""
ball,2,34.1,Bangladesh,Sabbir Rahman,Mohammad Saifuddin,JJ Bumrah,0,0,,,,,,"",""
ball,2,34.2,Bangladesh,Sabbir Rahman,Mohammad Saifuddin,JJ Bumrah,0,0,,,,,,"",""
ball,2,34.3,Bangladesh,Sabbir Rahman,Mohammad Saifuddin,JJ Bumrah,1,0,,,,,,"",""
ball,2,34.4,Bangladesh,Mohammad Saifuddin,Sabbir Rahman,JJ Bumrah,1,0,,,,,,"",""
ball,2,34.5,Bangladesh,Sabbir Rahman,Mohammad Saifuddin,JJ Bumrah,0,0,,,,,,"",""
ball,2,34.6,Bangladesh,Sabbir Rahman,Mohammad Saifuddin,JJ Bumrah,1,0,,,,,,"",""
ball,2,35.1,Bangladesh,Sabbir Rahman,Mohammad Saifuddin,HH Pandya,0,1,1,,,,,"",""
ball,2,35.2,Bangladesh,Sabbir Rahman,Mohammad Saifuddin,HH Pandya,4,0,,,,,,"",""
ball,2,35.3,Bangladesh,Sabbir Rahman,Mohammad Saifuddin,HH Pandya,0,0,,,,,,"",""
ball,2,35.4,Bangladesh,Sabbir Rahman,Mohammad Saifuddin,HH Pandya,2,0,,,,,,"",""
ball,2,35.5,Bangladesh,Sabbir Rahman,Mohammad Saifuddin,HH Pandya,0,0,,,,,,"",""
ball,2,35.6,Bangladesh,Sabbir Rahman,Mohammad Saifuddin,HH Pandya,1,0,,,,,,"",""
ball,2,35.7,Bangladesh,Mohammad Saifuddin,Sabbir Rahman,HH Pandya,0,0,,,,,,"",""
ball,2,36.1,Bangladesh,Sabbir Rahman,Mohammad Saifuddin,YS Chahal,1,0,,,,,,"",""
ball,2,36.2,Bangladesh,Mohammad Saifuddin,Sabbir Rahman,YS Chahal,0,0,,,,,,"",""
ball,2,36.3,Bangladesh,Mohammad Saifuddin,Sabbir Rahman,YS Chahal,0,0,,,,,,"",""
ball,2,36.4,Bangladesh,Mohammad Saifuddin,Sabbir Rahman,YS Chahal,0,0,,,,,,"",""
ball,2,36.5,Bangladesh,Mohammad Saifuddin,Sabbir Rahman,YS Chahal,0,0,,,,,,"",""
ball,2,36.6,Bangladesh,Mohammad Saifuddin,Sabbir Rahman,YS Chahal,0,0,,,,,,"",""
ball,2,37.1,Bangladesh,Sabbir Rahman,Mohammad Saifuddin,Mohammed Shami,4,0,,,,,,"",""
ball,2,37.2,Bangladesh,Sabbir Rahman,Mohammad Saifuddin,Mohammed Shami,4,0,,,,,,"",""
ball,2,37.3,Bangladesh,Sabbir Rahman,Mohammad Saifuddin,Mohammed Shami,1,0,,,,,,"",""
ball,2,37.4,Bangladesh,Mohammad Saifuddin,Sabbir Rahman,Mohammed Shami,4,0,,,,,,"",""
ball,2,37.5,Bangladesh,Mohammad Saifuddin,Sabbir Rahman,Mohammed Shami,0,0,,,,,,"",""
ball,2,37.6,Bangladesh,Mohammad Saifuddin,Sabbir Rahman,Mohammed Shami,4,0,,,,,,"",""
ball,2,38.1,Bangladesh,Sabbir Rahman,Mohammad Saifuddin,YS Chahal,1,0,,,,,,"",""
ball,2,38.2,Bangladesh,Mohammad Saifuddin,Sabbir Rahman,YS Chahal,4,0,,,,,,"",""
ball,2,38.3,Bangladesh,Mohammad Saifuddin,Sabbir Rahman,YS Chahal,0,1,1,,,,,"",""
ball,2,38.4,Bangladesh,Mohammad Saifuddin,Sabbir Rahman,YS Chahal,0,0,,,,,,"",""
ball,2,38.5,Bangladesh,Mohammad Saifuddin,Sabbir Rahman,YS Chahal,0,0,,,,,,"",""
ball,2,38.6,Bangladesh,Mohammad Saifuddin,Sabbir Rahman,YS Chahal,1,0,,,,,,"",""
ball,2,38.7,Bangladesh,Sabbir Rahman,Mohammad Saifuddin,YS Chahal,4,0,,,,,,"",""
ball,2,39.1,Bangladesh,Mohammad Saifuddin,Sabbir Rahman,HH Pandya,4,0,,,,,,"",""
ball,2,39.2,Bangladesh,Mohammad Saifuddin,Sabbir Rahman,HH Pandya,1,0,,,,,,"",""
ball,2,39.3,Bangladesh,Sabbir Rahman,Mohammad Saifuddin,HH Pandya,1,0,,,,,,"",""
ball,2,39.4,Bangladesh,Mohammad Saifuddin,Sabbir Rahman,HH Pandya,0,0,,,,,,"",""
ball,2,39.5,Bangladesh,Mohammad Saifuddin,Sabbir Rahman,HH Pandya,0,0,,,,,,"",""
ball,2,39.6,Bangladesh,Mohammad Saifuddin,Sabbir Rahman,HH Pandya,0,0,,,,,,"",""
ball,2,40.1,Bangladesh,Sabbir Rahman,Mohammad Saifuddin,YS Chahal,0,0,,,,,,"",""
ball,2,40.2,Bangladesh,Sabbir Rahman,Mohammad Saifuddin,YS Chahal,0,1,1,,,,,"",""
ball,2,40.3,Bangladesh,Sabbir Rahman,Mohammad Saifuddin,YS Chahal,0,0,,,,,,"",""
ball,2,40.4,Bangladesh,Sabbir Rahman,Mohammad Saifuddin,YS Chahal,0,0,,,,,,"",""
ball,2,40.5,Bangladesh,Sabbir Rahman,Mohammad Saifuddin,YS Chahal,1,0,,,,,,"",""
ball,2,40.6,Bangladesh,Mohammad Saifuddin,Sabbir Rahman,YS Chahal,1,0,,,,,,"",""
ball,2,40.7,Bangladesh,Sabbir Rahman,Mohammad Saifuddin,YS Chahal,1,0,,,,,,"",""
ball,2,41.1,Bangladesh,Sabbir Rahman,Mohammad Saifuddin,Mohammed Shami,1,0,,,,,,"",""
ball,2,41.2,Bangladesh,Mohammad Saifuddin,Sabbir Rahman,Mohammed Shami,4,0,,,,,,"",""
ball,2,41.3,Bangladesh,Mohammad Saifuddin,Sabbir Rahman,Mohammed Shami,0,0,,,,,,"",""
ball,2,41.4,Bangladesh,Mohammad Saifuddin,Sabbir Rahman,Mohammed Shami,4,0,,,,,,"",""
ball,2,41.5,Bangladesh,Mohammad Saifuddin,Sabbir Rahman,Mohammed Shami,1,0,,,,,,"",""
ball,2,41.6,Bangladesh,Sabbir Rahman,Mohammad Saifuddin,Mohammed Shami,1,0,,,,,,"",""
ball,2,42.1,Bangladesh,Sabbir Rahman,Mohammad Saifuddin,B Kumar,1,0,,,,,,"",""
ball,2,42.2,Bangladesh,Mohammad Saifuddin,Sabbir Rahman,B Kumar,1,0,,,,,,"",""
ball,2,42.3,Bangladesh,Sabbir Rahman,Mohammad Saifuddin,B Kumar,0,1,1,,,,,"",""
ball,2,42.4,Bangladesh,Sabbir Rahman,Mohammad Saifuddin,B Kumar,0,0,,,,,,"",""
ball,2,42.5,Bangladesh,Sabbir Rahman,Mohammad Saifuddin,B Kumar,0,1,1,,,,,"",""
ball,2,42.6,Bangladesh,Sabbir Rahman,Mohammad Saifuddin,B Kumar,0,0,,,,,,"",""
ball,2,42.7,Bangladesh,Sabbir Rahman,Mohammad Saifuddin,B Kumar,0,0,,,,,,"",""
ball,2,42.8,Bangladesh,Sabbir Rahman,Mohammad Saifuddin,B Kumar,1,0,,,,,,"",""
ball,2,43.1,Bangladesh,Sabbir Rahman,Mohammad Saifuddin,JJ Bumrah,0,0,,,,,,bowled,Sabbir Rahman
ball,2,43.2,Bangladesh,Mashrafe Mortaza,Mohammad Saifuddin,JJ Bumrah,0,0,,,,,,"",""
ball,2,43.3,Bangladesh,Mashrafe Mortaza,Mohammad Saifuddin,JJ Bumrah,1,0,,,,,,"",""
ball,2,43.4,Bangladesh,Mohammad Saifuddin,Mashrafe Mortaza,JJ Bumrah,1,0,,,,,,"",""
ball,2,43.5,Bangladesh,Mashrafe Mortaza,Mohammad Saifuddin,JJ Bumrah,1,0,,,,,,"",""
ball,2,43.6,Bangladesh,Mohammad Saifuddin,Mashrafe Mortaza,JJ Bumrah,0,1,1,,,,,"",""
ball,2,43.7,Bangladesh,Mohammad Saifuddin,Mashrafe Mortaza,JJ Bumrah,2,0,,,,,,"",""
ball,2,44.1,Bangladesh,Mashrafe Mortaza,Mohammad Saifuddin,B Kumar,6,0,,,,,,"",""
ball,2,44.2,Bangladesh,Mashrafe Mortaza,Mohammad Saifuddin,B Kumar,0,0,,,,,,caught,Mashrafe Mortaza
ball,2,44.3,Bangladesh,Rubel Hossain,Mohammad Saifuddin,B Kumar,0,0,,,,,,"",""
ball,2,44.4,Bangladesh,Rubel Hossain,Mohammad Saifuddin,B Kumar,1,0,,,,,,"",""
ball,2,44.5,Bangladesh,Mohammad Saifuddin,Rubel Hossain,B Kumar,0,1,1,,,,,"",""
ball,2,44.6,Bangladesh,Mohammad Saifuddin,Rubel Hossain,B Kumar,4,0,,,,,,"",""
ball,2,44.7,Bangladesh,Mohammad Saifuddin,Rubel Hossain,B Kumar,1,0,,,,,,"",""
ball,2,45.1,Bangladesh,Mohammad Saifuddin,Rubel Hossain,JJ Bumrah,0,0,,,,,,"",""
ball,2,45.2,Bangladesh,Mohammad Saifuddin,Rubel Hossain,JJ Bumrah,1,0,,,,,,"",""
ball,2,45.3,Bangladesh,Rubel Hossain,Mohammad Saifuddin,JJ Bumrah,4,0,,,,,,"",""
ball,2,45.4,Bangladesh,Rubel Hossain,Mohammad Saifuddin,JJ Bumrah,1,0,,,,,,"",""
ball,2,45.5,Bangladesh,Mohammad Saifuddin,Rubel Hossain,JJ Bumrah,1,0,,,,,,"",""
ball,2,45.6,Bangladesh,Rubel Hossain,Mohammad Saifuddin,JJ Bumrah,1,0,,,,,,"",""
ball,2,46.1,Bangladesh,Rubel Hossain,Mohammad Saifuddin,Mohammed Shami,0,0,,,,,,"",""
ball,2,46.2,Bangladesh,Rubel Hossain,Mohammad Saifuddin,Mohammed Shami,1,0,,,,,,"",""
ball,2,46.3,Bangladesh,Mohammad Saifuddin,Rubel Hossain,Mohammed Shami,0,1,1,,,,,"",""
ball,2,46.4,Bangladesh,Mohammad Saifuddin,Rubel Hossain,Mohammed Shami,4,0,,,,,,"",""
ball,2,46.5,Bangladesh,Mohammad Saifuddin,Rubel Hossain,Mohammed Shami,1,0,,,,,,"",""
ball,2,46.6,Bangladesh,Rubel Hossain,Mohammad Saifuddin,Mohammed Shami,0,0,,,,,,"",""
ball,2,46.7,Bangladesh,Rubel Hossain,Mohammad Saifuddin,Mohammed Shami,0,0,,,,,,"",""
ball,2,47.1,Bangladesh,Mohammad Saifuddin,Rubel Hossain,JJ Bumrah,1,0,,,,,,"",""
ball,2,47.2,Bangladesh,Rubel Hossain,Mohammad Saifuddin,JJ Bumrah,1,0,,,,,,"",""
ball,2,47.3,Bangladesh,Mohammad Saifuddin,Rubel Hossain,JJ Bumrah,4,0,,,,,,"",""
ball,2,47.4,Bangladesh,Mohammad Saifuddin,Rubel Hossain,JJ Bumrah,1,0,,,,,,"",""
ball,2,47.5,Bangladesh,Rubel Hossain,Mohammad Saifuddin,JJ Bumrah,0,0,,,,,,bowled,Rubel Hossain
ball,2,47.6,Bangladesh,Mustafizur Rahman,Mohammad Saifuddin,JJ Bumrah,0,0,,,,,,bowled,Mustafizur Rahman
