version,1.6.0
info,balls_per_over,6
info,team,India
info,team,South Africa
info,gender,male
info,season,2019
info,date,2019/06/05
info,event,World Cup
info,match_number,8
info,venue,The Rose Bowl
info,city,Southampton
info,toss_winner,South Africa
info,toss_decision,bat
info,player_of_match,RG Sharma
info,umpire,RA Kettleborough
info,umpire,MA Gough
info,reserve_umpire,Aleem Dar
info,tv_umpire,RK Illingworth
info,match_referee,RS Madugalle
info,winner,India
info,winner_wickets,6
info,player,South Africa,HM Amla
info,player,South Africa,Q de Kock
info,player,South Africa,F du Plessis
info,player,South Africa,HE van der Dussen
info,player,South Africa,DA Miller
info,player,South Africa,JP Duminy
info,player,South Africa,AL Phehlukwayo
info,player,South Africa,CH Morris
info,player,South Africa,K Rabada
info,player,South Africa,Imran Tahir
info,player,South Africa,T Shamsi
info,player,India,S Dhawan
info,player,India,RG Sharma
info,player,India,V Kohli
info,player,India,KL Rahul
info,player,India,MS Dhoni
info,player,India,HH Pandya
info,player,India,KM Jadhav
info,player,India,B Kumar
info,player,India,Kuldeep Yadav
info,player,India,YS Chahal
info,player,India,JJ Bumrah
info,registry,people,AL Phehlukwayo,ab6b1c45
info,registry,people,Aleem Dar,f02778d1
info,registry,people,B Kumar,2e81a32d
info,registry,people,CH Morris,fb66ce1f
info,registry,people,DA Miller,d67d5f00
info,registry,people,F du Plessis,3355b542
info,registry,people,HE van der Dussen,9948e262
info,registry,people,HH Pandya,dbe50b21
info,registry,people,HM Amla,e798611a
info,registry,people,Imran Tahir,acee4cc4
info,registry,people,JJ Bumrah,462411b3
info,registry,people,JP Duminy,2e8994e7
info,registry,people,K Rabada,e62dd25d
info,registry,people,KL Rahul,b17e2f24
info,registry,people,KM Jadhav,99d63244
info,registry,people,Kuldeep Yadav,8d2c70ad
info,registry,people,MA Gough,76752ac8
info,registry,people,MS Dhoni,4a8a2e3b
info,registry,people,Q de Kock,372455c4
info,registry,people,RA Kettleborough,4017868f
info,registry,people,RG Sharma,740742ef
info,registry,people,RK Illingworth,20672246
info,registry,people,RS Madugalle,766b5798
info,registry,people,S Dhawan,0a476045
info,registry,people,T Shamsi,a03bba42
info,registry,people,V Kohli,ba607b88
info,registry,people,YS Chahal,57ee1fde
ball,1,0.1,South Africa,HM Amla,Q de Kock,B Kumar,1,0,,,,,,"",""
ball,1,0.2,South Africa,Q de Kock,HM Amla,B Kumar,0,0,,,,,,"",""
ball,1,0.3,South Africa,Q de Kock,HM Amla,B Kumar,0,0,,,,,,"",""
ball,1,0.4,South Africa,Q de Kock,HM Amla,B Kumar,1,0,,,,,,"",""
ball,1,0.5,South Africa,HM Amla,Q de Kock,B Kumar,0,0,,,,,,"",""
ball,1,0.6,South Africa,HM Amla,Q de Kock,B Kumar,0,0,,,,,,"",""
ball,1,1.1,South Africa,Q de Kock,HM Amla,JJ Bumrah,0,0,,,,,,"",""
ball,1,1.2,South Africa,Q de Kock,HM Amla,JJ Bumrah,0,0,,,,,,"",""
ball,1,1.3,South Africa,Q de Kock,HM Amla,JJ Bumrah,0,0,,,,,,"",""
ball,1,1.4,South Africa,Q de Kock,HM Amla,JJ Bumrah,2,0,,,,,,"",""
ball,1,1.5,South Africa,Q de Kock,HM Amla,JJ Bumrah,0,0,,,,,,"",""
ball,1,1.6,South Africa,Q de Kock,HM Amla,JJ Bumrah,0,0,,,,,,"",""
ball,1,2.1,South Africa,HM Amla,Q de Kock,B Kumar,4,0,,,,,,"",""
ball,1,2.2,South Africa,HM Amla,Q de Kock,B Kumar,0,0,,,,,,"",""
ball,1,2.3,South Africa,HM Amla,Q de Kock,B Kumar,1,0,,,,,,"",""
ball,1,2.4,South Africa,Q de Kock,HM Amla,B Kumar,1,0,,,,,,"",""
ball,1,2.5,South Africa,HM Amla,Q de Kock,B Kumar,0,0,,,,,,"",""
ball,1,2.6,South Africa,HM Amla,Q de Kock,B Kumar,0,0,,,,,,"",""
ball,1,3.1,South Africa,Q de Kock,HM Amla,JJ Bumrah,0,1,,,1,,,"",""
ball,1,3.2,South Africa,HM Amla,Q de Kock,JJ Bumrah,0,0,,,,,,caught,HM Amla
ball,1,3.3,South Africa,F du Plessis,Q de Kock,JJ Bumrah,4,0,,,,,,"",""
ball,1,3.4,South Africa,F du Plessis,Q de Kock,JJ Bumrah,0,0,,,,,,"",""
ball,1,3.5,South Africa,F du Plessis,Q de Kock,JJ Bumrah,0,0,,,,,,"",""
ball,1,3.6,South Africa,F du Plessis,Q de Kock,JJ Bumrah,0,0,,,,,,"",""
ball,1,4.1,South Africa,Q de Kock,F du Plessis,B Kumar,4,0,,,,,,"",""
ball,1,4.2,South Africa,Q de Kock,F du Plessis,B Kumar,1,0,,,,,,"",""
ball,1,4.3,South Africa,F du Plessis,Q de Kock,B Kumar,2,0,,,,,,"",""
ball,1,4.4,South Africa,F du Plessis,Q de Kock,B Kumar,0,0,,,,,,"",""
ball,1,4.5,South Africa,F du Plessis,Q de Kock,B Kumar,0,0,,,,,,"",""
ball,1,4.6,South Africa,F du Plessis,Q de Kock,B Kumar,0,0,,,,,,"",""
ball,1,5.1,South Africa,Q de Kock,F du Plessis,JJ Bumrah,0,0,,,,,,"",""
ball,1,5.2,South Africa,Q de Kock,F du Plessis,JJ Bumrah,0,0,,,,,,"",""
ball,1,5.3,South Africa,Q de Kock,F du Plessis,JJ Bumrah,1,0,,,,,,"",""
ball,1,5.4,South Africa,F du Plessis,Q de Kock,JJ Bumrah,1,0,,,,,,"",""
ball,1,5.5,South Africa,Q de Kock,F du Plessis,JJ Bumrah,0,0,,,,,,caught,Q de Kock
ball,1,5.6,South Africa,HE van der Dussen,F du Plessis,JJ Bumrah,2,0,,,,,,"",""
ball,1,6.1,South Africa,F du Plessis,HE van der Dussen,B Kumar,0,0,,,,,,"",""
ball,1,6.2,South Africa,F du Plessis,HE van der Dussen,B Kumar,0,0,,,,,,"",""
ball,1,6.3,South Africa,F du Plessis,HE van der Dussen,B Kumar,0,0,,,,,,"",""
ball,1,6.4,South Africa,F du Plessis,HE van der Dussen,B Kumar,0,0,,,,,,"",""
ball,1,6.5,South Africa,F du Plessis,HE van der Dussen,B Kumar,0,0,,,,,,"",""
ball,1,6.6,South Africa,F du Plessis,HE van der Dussen,B Kumar,4,0,,,,,,"",""
ball,1,7.1,South Africa,HE van der Dussen,F du Plessis,JJ Bumrah,1,0,,,,,,"",""
ball,1,7.2,South Africa,F du Plessis,HE van der Dussen,JJ Bumrah,0,0,,,,,,"",""
ball,1,7.3,South Africa,F du Plessis,HE van der Dussen,JJ Bumrah,0,0,,,,,,"",""
ball,1,7.4,South Africa,F du Plessis,HE van der Dussen,JJ Bumrah,0,0,,,,,,"",""
ball,1,7.5,South Africa,F du Plessis,HE van der Dussen,JJ Bumrah,0,0,,,,,,"",""
ball,1,7.6,South Africa,F du Plessis,HE van der Dussen,JJ Bumrah,0,0,,,,,,"",""
ball,1,8.1,South Africa,HE van der Dussen,F du Plessis,B Kumar,1,0,,,,,,"",""
ball,1,8.2,South Africa,F du Plessis,HE van der Dussen,B Kumar,0,0,,,,,,"",""
ball,1,8.3,South Africa,F du Plessis,HE van der Dussen,B Kumar,0,0,,,,,,"",""
ball,1,8.4,South Africa,F du Plessis,HE van der Dussen,B Kumar,0,0,,,,,,"",""
ball,1,8.5,South Africa,F du Plessis,HE van der Dussen,B Kumar,0,0,,,,,,"",""
ball,1,8.6,South Africa,F du Plessis,HE van der Dussen,B Kumar,0,0,,,,,,"",""
ball,1,9.1,South Africa,HE van der Dussen,F du Plessis,JJ Bumrah,0,0,,,,,,"",""
ball,1,9.2,South Africa,HE van der Dussen,F du Plessis,JJ Bumrah,0,0,,,,,,"",""
ball,1,9.3,South Africa,HE van der Dussen,F du Plessis,JJ Bumrah,0,0,,,,,,"",""
ball,1,9.4,South Africa,HE van der Dussen,F du Plessis,JJ Bumrah,2,0,,,,,,"",""
ball,1,9.5,South Africa,HE van der Dussen,F du Plessis,JJ Bumrah,0,0,,,,,,"",""
ball,1,9.6,South Africa,HE van der Dussen,F du Plessis,JJ Bumrah,0,0,,,,,,"",""
ball,1,10.1,South Africa,F du Plessis,HE van der Dussen,HH Pandya,0,0,,,,,,"",""
ball,1,10.2,South Africa,F du Plessis,HE van der Dussen,HH Pandya,1,0,,,,,,"",""
ball,1,10.3,South Africa,HE van der Dussen,F du Plessis,HH Pandya,1,0,,,,,,"",""
ball,1,10.4,South Africa,F du Plessis,HE van der Dussen,HH Pandya,1,0,,,,,,"",""
ball,1,10.5,South Africa,HE van der Dussen,F du Plessis,HH Pandya,0,0,,,,,,"",""
ball,1,10.6,South Africa,HE van der Dussen,F du Plessis,HH Pandya,0,0,,,,,,"",""
ball,1,11.1,South Africa,F du Plessis,HE van der Dussen,Kuldeep Yadav,1,0,,,,,,"",""
ball,1,11.2,South Africa,HE van der Dussen,F du Plessis,Kuldeep Yadav,1,0,,,,,,"",""
ball,1,11.3,South Africa,F du Plessis,HE van der Dussen,Kuldeep Yadav,1,0,,,,,,"",""
ball,1,11.4,South Africa,HE van der Dussen,F du Plessis,Kuldeep Yadav,0,0,,,,,,"",""
ball,1,11.5,South Africa,HE van der Dussen,F du Plessis,Kuldeep Yadav,0,0,,,,,,"",""
ball,1,11.6,South Africa,HE van der Dussen,F du Plessis,Kuldeep Yadav,0,0,,,,,,"",""
ball,1,12.1,South Africa,F du Plessis,HE van der Dussen,HH Pandya,0,0,,,,,,"",""
ball,1,12.2,South Africa,F du Plessis,HE van der Dussen,HH Pandya,2,0,,,,,,"",""
ball,1,12.3,South Africa,F du Plessis,HE van der Dussen,HH Pandya,0,0,,,,,,"",""
ball,1,12.4,South Africa,F du Plessis,HE van der Dussen,HH Pandya,1,0,,,,,,"",""
ball,1,12.5,South Africa,HE van der Dussen,F du Plessis,HH Pandya,0,0,,,,,,"",""
ball,1,12.6,South Africa,HE van der Dussen,F du Plessis,HH Pandya,0,0,,,,,,"",""
ball,1,13.1,South Africa,F du Plessis,HE van der Dussen,Kuldeep Yadav,0,0,,,,,,"",""
ball,1,13.2,South Africa,F du Plessis,HE van der Dussen,Kuldeep Yadav,0,0,,,,,,"",""
ball,1,13.3,South Africa,F du Plessis,HE van der Dussen,Kuldeep Yadav,0,0,,,,,,"",""
ball,1,13.4,South Africa,F du Plessis,HE van der Dussen,Kuldeep Yadav,0,0,,,,,,"",""
ball,1,13.5,South Africa,F du Plessis,HE van der Dussen,Kuldeep Yadav,1,0,,,,,,"",""
ball,1,13.6,South Africa,HE van der Dussen,F du Plessis,Kuldeep Yadav,4,0,,,,,,"",""
ball,1,14.1,South Africa,F du Plessis,HE van der Dussen,HH Pandya,2,0,,,,,,"",""
ball,1,14.2,South Africa,F du Plessis,HE van der Dussen,HH Pandya,0,0,,,,,,"",""
ball,1,14.3,South Africa,F du Plessis,HE van der Dussen,HH Pandya,4,0,,,,,,"",""
ball,1,14.4,South Africa,F du Plessis,HE van der Dussen,HH Pandya,1,0,,,,,,"",""
ball,1,14.5,South Africa,HE van der Dussen,F du Plessis,HH Pandya,0,0,,,,,,"",""
ball,1,14.6,South Africa,HE van der Dussen,F du Plessis,HH Pandya,1,0,,,,,,"",""
ball,1,15.1,South Africa,HE van der Dussen,F du Plessis,Kuldeep Yadav,1,0,,,,,,"",""
ball,1,15.2,South Africa,F du Plessis,HE van der Dussen,Kuldeep Yadav,0,0,,,,,,"",""
ball,1,15.3,South Africa,F du Plessis,HE van der Dussen,Kuldeep Yadav,2,0,,,,,,"",""
ball,1,15.4,South Africa,F du Plessis,HE van der Dussen,Kuldeep Yadav,4,0,,,,,,"",""
ball,1,15.5,South Africa,F du Plessis,HE van der Dussen,Kuldeep Yadav,1,0,,,,,,"",""
ball,1,15.6,South Africa,HE van der Dussen,F du Plessis,Kuldeep Yadav,1,0,,,,,,"",""
ball,1,16.1,South Africa,HE van der Dussen,F du Plessis,HH Pandya,2,0,,,,,,"",""
ball,1,16.2,South Africa,HE van der Dussen,F du Plessis,HH Pandya,0,1,,,,1,,"",""
ball,1,16.3,South Africa,F du Plessis,HE van der Dussen,HH Pandya,0,0,,,,,,"",""
ball,1,16.4,South Africa,F du Plessis,HE van der Dussen,HH Pandya,1,0,,,,,,"",""
ball,1,16.5,South Africa,HE van der Dussen,F du Plessis,HH Pandya,0,0,,,,,,"",""
ball,1,16.6,South Africa,HE van der Dussen,F du Plessis,HH Pandya,2,0,,,,,,"",""
ball,1,17.1,South Africa,F du Plessis,HE van der Dussen,YS Chahal,3,0,,,,,,"",""
ball,1,17.2,South Africa,HE van der Dussen,F du Plessis,YS Chahal,0,0,,,,,,"",""
ball,1,17.3,South Africa,HE van der Dussen,F du Plessis,YS Chahal,0,0,,,,,,"",""
ball,1,17.4,South Africa,HE van der Dussen,F du Plessis,YS Chahal,0,0,,,,,,"",""
ball,1,17.5,South Africa,HE van der Dussen,F du Plessis,YS Chahal,0,0,,,,,,"",""
ball,1,17.6,South Africa,HE van der Dussen,F du Plessis,YS Chahal,1,0,,,,,,"",""
ball,1,18.1,South Africa,HE van der Dussen,F du Plessis,HH Pandya,0,0,,,,,,"",""
ball,1,18.2,South Africa,HE van der Dussen,F du Plessis,HH Pandya,0,0,,,,,,"",""
ball,1,18.3,South Africa,HE van der Dussen,F du Plessis,HH Pandya,1,0,,,,,,"",""
ball,1,18.4,South Africa,F du Plessis,HE van der Dussen,HH Pandya,0,0,,,,,,"",""
ball,1,18.5,South Africa,F du Plessis,HE van der Dussen,HH Pandya,1,0,,,,,,"",""
ball,1,18.6,South Africa,HE van der Dussen,F du Plessis,HH Pandya,1,0,,,,,,"",""
ball,1,19.1,South Africa,HE van der Dussen,F du Plessis,YS Chahal,0,0,,,,,,bowled,HE van der Dussen
ball,1,19.2,South Africa,DA Miller,F du Plessis,YS Chahal,0,0,,,,,,"",""
ball,1,19.3,South Africa,DA Miller,F du Plessis,YS Chahal,0,1,1,,,,,"",""
ball,1,19.4,South Africa,DA Miller,F du Plessis,YS Chahal,0,0,,,,,,"",""
ball,1,19.5,South Africa,DA Miller,F du Plessis,YS Chahal,1,0,,,,,,"",""
ball,1,19.6,South Africa,F du Plessis,DA Miller,YS Chahal,0,0,,,,,,"",""
ball,1,19.7,South Africa,F du Plessis,DA Miller,YS Chahal,0,0,,,,,,bowled,F du Plessis
ball,1,20.1,South Africa,DA Miller,JP Duminy,Kuldeep Yadav,1,0,,,,,,"",""
ball,1,20.2,South Africa,JP Duminy,DA Miller,Kuldeep Yadav,1,0,,,,,,"",""
ball,1,20.3,South Africa,DA Miller,JP Duminy,Kuldeep Yadav,1,0,,,,,,"",""
ball,1,20.4,South Africa,JP Duminy,DA Miller,Kuldeep Yadav,0,0,,,,,,"",""
ball,1,20.5,South Africa,JP Duminy,DA Miller,Kuldeep Yadav,1,0,,,,,,"",""
ball,1,20.6,South Africa,DA Miller,JP Duminy,Kuldeep Yadav,1,0,,,,,,"",""
ball,1,21.1,South Africa,DA Miller,JP Duminy,YS Chahal,1,0,,,,,,"",""
ball,1,21.2,South Africa,JP Duminy,DA Miller,YS Chahal,0,0,,,,,,"",""
ball,1,21.3,South Africa,JP Duminy,DA Miller,YS Chahal,0,0,,,,,,"",""
ball,1,21.4,South Africa,JP Duminy,DA Miller,YS Chahal,1,0,,,,,,"",""
ball,1,21.5,South Africa,DA Miller,JP Duminy,YS Chahal,0,0,,,,,,"",""
ball,1,21.6,South Africa,DA Miller,JP Duminy,YS Chahal,1,0,,,,,,"",""
ball,1,22.1,South Africa,DA Miller,JP Duminy,Kuldeep Yadav,1,0,,,,,,"",""
ball,1,22.2,South Africa,JP Duminy,DA Miller,Kuldeep Yadav,0,0,,,,,,"",""
ball,1,22.3,South Africa,JP Duminy,DA Miller,Kuldeep Yadav,0,0,,,,,,"",""
ball,1,22.4,South Africa,JP Duminy,DA Miller,Kuldeep Yadav,0,0,,,,,,"",""
ball,1,22.5,South Africa,JP Duminy,DA Miller,Kuldeep Yadav,0,0,,,,,,"",""
ball,1,22.6,South Africa,JP Duminy,DA Miller,Kuldeep Yadav,0,0,,,,,,lbw,JP Duminy
ball,1,23.1,South Africa,DA Miller,AL Phehlukwayo,YS Chahal,2,0,,,,,,"",""
ball,1,23.2,South Africa,DA Miller,AL Phehlukwayo,YS Chahal,1,0,,,,,,"",""
ball,1,23.3,South Africa,AL Phehlukwayo,DA Miller,YS Chahal,0,0,,,,,,"",""
ball,1,23.4,South Africa,AL Phehlukwayo,DA Miller,YS Chahal,4,0,,,,,,"",""
ball,1,23.5,South Africa,AL Phehlukwayo,DA Miller,YS Chahal,1,0,,,,,,"",""
ball,1,23.6,South Africa,DA Miller,AL Phehlukwayo,YS Chahal,1,0,,,,,,"",""
ball,1,24.1,South Africa,DA Miller,AL Phehlukwayo,Kuldeep Yadav,1,0,,,,,,"",""
ball,1,24.2,South Africa,AL Phehlukwayo,DA Miller,Kuldeep Yadav,0,0,,,,,,"",""
ball,1,24.3,South Africa,AL Phehlukwayo,DA Miller,Kuldeep Yadav,1,0,,,,,,"",""
ball,1,24.4,South Africa,DA Miller,AL Phehlukwayo,Kuldeep Yadav,1,0,,,,,,"",""
ball,1,24.5,South Africa,AL Phehlukwayo,DA Miller,Kuldeep Yadav,1,0,,,,,,"",""
ball,1,24.6,South Africa,DA Miller,AL Phehlukwayo,Kuldeep Yadav,1,0,,,,,,"",""
ball,1,25.1,South Africa,DA Miller,AL Phehlukwayo,YS Chahal,0,0,,,,,,"",""
ball,1,25.2,South Africa,DA Miller,AL Phehlukwayo,YS Chahal,1,0,,,,,,"",""
ball,1,25.3,South Africa,AL Phehlukwayo,DA Miller,YS Chahal,0,0,,,,,,"",""
ball,1,25.4,South Africa,AL Phehlukwayo,DA Miller,YS Chahal,0,0,,,,,,"",""
ball,1,25.5,South Africa,AL Phehlukwayo,DA Miller,YS Chahal,1,0,,,,,,"",""
ball,1,25.6,South Africa,DA Miller,AL Phehlukwayo,YS Chahal,0,0,,,,,,"",""
ball,1,26.1,South Africa,AL Phehlukwayo,DA Miller,Kuldeep Yadav,0,0,,,,,,"",""
ball,1,26.2,South Africa,AL Phehlukwayo,DA Miller,Kuldeep Yadav,1,0,,,,,,"",""
ball,1,26.3,South Africa,DA Miller,AL Phehlukwayo,Kuldeep Yadav,1,0,,,,,,"",""
ball,1,26.4,South Africa,AL Phehlukwayo,DA Miller,Kuldeep Yadav,0,0,,,,,,"",""
ball,1,26.5,South Africa,AL Phehlukwayo,DA Miller,Kuldeep Yadav,0,0,,,,,,"",""
ball,1,26.6,South Africa,AL Phehlukwayo,DA Miller,Kuldeep Yadav,0,0,,,,,,"",""
ball,1,27.1,South Africa,DA Miller,AL Phehlukwayo,KM Jadhav,1,0,,,,,,"",""
ball,1,27.2,South Africa,AL Phehlukwayo,DA Miller,KM Jadhav,0,0,,,,,,"",""
ball,1,27.3,South Africa,AL Phehlukwayo,DA Miller,KM Jadhav,1,0,,,,,,"",""
ball,1,27.4,South Africa,DA Miller,AL Phehlukwayo,KM Jadhav,0,0,,,,,,"",""
ball,1,27.5,South Africa,DA Miller,AL Phehlukwayo,KM Jadhav,1,0,,,,,,"",""
ball,1,27.6,South Africa,AL Phehlukwayo,DA Miller,KM Jadhav,2,0,,,,,,"",""
ball,1,28.1,South Africa,DA Miller,AL Phehlukwayo,JJ Bumrah,1,0,,,,,,"",""
ball,1,28.2,South Africa,AL Phehlukwayo,DA Miller,JJ Bumrah,0,0,,,,,,"",""
ball,1,28.3,South Africa,AL Phehlukwayo,DA Miller,JJ Bumrah,0,0,,,,,,"",""
ball,1,28.4,South Africa,AL Phehlukwayo,DA Miller,JJ Bumrah,1,0,,,,,,"",""
ball,1,28.5,South Africa,DA Miller,AL Phehlukwayo,JJ Bumrah,4,0,,,,,,"",""
ball,1,28.6,South Africa,DA Miller,AL Phehlukwayo,JJ Bumrah,0,0,,,,,,"",""
ball,1,29.1,South Africa,AL Phehlukwayo,DA Miller,KM Jadhav,1,0,,,,,,"",""
ball,1,29.2,South Africa,DA Miller,AL Phehlukwayo,KM Jadhav,0,0,,,,,,"",""
ball,1,29.3,South Africa,DA Miller,AL Phehlukwayo,KM Jadhav,2,0,,,,,,"",""
ball,1,29.4,South Africa,DA Miller,AL Phehlukwayo,KM Jadhav,1,0,,,,,,"",""
ball,1,29.5,South Africa,AL Phehlukwayo,DA Miller,KM Jadhav,0,0,,,,,,"",""
ball,1,29.6,South Africa,AL Phehlukwayo,DA Miller,KM Jadhav,1,0,,,,,,"",""
ball,1,30.1,South Africa,AL Phehlukwayo,DA Miller,JJ Bumrah,0,0,,,,,,"",""
ball,1,30.2,South Africa,AL Phehlukwayo,DA Miller,JJ Bumrah,0,0,,,,,,"",""
ball,1,30.3,South Africa,AL Phehlukwayo,DA Miller,JJ Bumrah,0,0,,,,,,"",""
ball,1,30.4,South Africa,AL Phehlukwayo,DA Miller,JJ Bumrah,0,0,,,,,,"",""
ball,1,30.5,South Africa,AL Phehlukwayo,DA Miller,JJ Bumrah,0,0,,,,,,"",""
ball,1,30.6,South Africa,AL Phehlukwayo,DA Miller,JJ Bumrah,0,0,,,,,,"",""
ball,1,31.1,South Africa,DA Miller,AL Phehlukwayo,KM Jadhav,0,0,,,,,,"",""
ball,1,31.2,South Africa,DA Miller,AL Phehlukwayo,KM Jadhav,0,0,,,,,,"",""
ball,1,31.3,South Africa,DA Miller,AL Phehlukwayo,KM Jadhav,1,0,,,,,,"",""
ball,1,31.4,South Africa,AL Phehlukwayo,DA Miller,KM Jadhav,0,0,,,,,,"",""
ball,1,31.5,South Africa,AL Phehlukwayo,DA Miller,KM Jadhav,0,0,,,,,,"",""
ball,1,31.6,South Africa,AL Phehlukwayo,DA Miller,KM Jadhav,0,0,,,,,,"",""
ball,1,32.1,South Africa,DA Miller,AL Phehlukwayo,B Kumar,0,0,,,,,,"",""
ball,1,32.2,South Africa,DA Miller,AL Phehlukwayo,B Kumar,1,0,,,,,,"",""
ball,1,32.3,South Africa,AL Phehlukwayo,DA Miller,B Kumar,1,0,,,,,,"",""
ball,1,32.4,South Africa,DA Miller,AL Phehlukwayo,B Kumar,1,0,,,,,,"",""
ball,1,32.5,South Africa,AL Phehlukwayo,DA Miller,B Kumar,0,0,,,,,,"",""
ball,1,32.6,South Africa,AL Phehlukwayo,DA Miller,B Kumar,0,0,,,,,,"",""
ball,1,33.1,South Africa,DA Miller,AL Phehlukwayo,KM Jadhav,0,0,,,,,,"",""
ball,1,33.2,South Africa,DA Miller,AL Phehlukwayo,KM Jadhav,1,0,,,,,,"",""
ball,1,33.3,South Africa,AL Phehlukwayo,DA Miller,KM Jadhav,4,0,,,,,,"",""
ball,1,33.4,South Africa,AL Phehlukwayo,DA Miller,KM Jadhav,0,0,,,,,,"",""
ball,1,33.5,South Africa,AL Phehlukwayo,DA Miller,KM Jadhav,0,0,,,,,,"",""
ball,1,33.6,South Africa,AL Phehlukwayo,DA Miller,KM Jadhav,0,0,,,,,,"",""
ball,1,34.1,South Africa,DA Miller,AL Phehlukwayo,B Kumar,1,0,,,,,,"",""
ball,1,34.2,South Africa,AL Phehlukwayo,DA Miller,B Kumar,0,0,,,,,,"",""
ball,1,34.3,South Africa,AL Phehlukwayo,DA Miller,B Kumar,0,0,,,,,,"",""
ball,1,34.4,South Africa,AL Phehlukwayo,DA Miller,B Kumar,0,0,,,,,,"",""
ball,1,34.5,South Africa,AL Phehlukwayo,DA Miller,B Kumar,1,0,,,,,,"",""
ball,1,34.6,South Africa,DA Miller,AL Phehlukwayo,B Kumar,0,0,,,,,,"",""
ball,1,35.1,South Africa,AL Phehlukwayo,DA Miller,YS Chahal,0,0,,,,,,"",""
ball,1,35.2,South Africa,AL Phehlukwayo,DA Miller,YS Chahal,1,0,,,,,,"",""
ball,1,35.3,South Africa,DA Miller,AL Phehlukwayo,YS Chahal,0,0,,,,,,caught and bowled,DA Miller
ball,1,35.4,South Africa,CH Morris,AL Phehlukwayo,YS Chahal,3,0,,,,,,"",""
ball,1,35.5,South Africa,AL Phehlukwayo,CH Morris,YS Chahal,0,0,,,,,,"",""
ball,1,35.6,South Africa,AL Phehlukwayo,CH Morris,YS Chahal,0,0,,,,,,"",""
ball,1,36.1,South Africa,CH Morris,AL Phehlukwayo,Kuldeep Yadav,1,0,,,,,,"",""
ball,1,36.2,South Africa,AL Phehlukwayo,CH Morris,Kuldeep Yadav,0,0,,,,,,"",""
ball,1,36.3,South Africa,AL Phehlukwayo,CH Morris,Kuldeep Yadav,0,0,,,,,,"",""
ball,1,36.4,South Africa,AL Phehlukwayo,CH Morris,Kuldeep Yadav,0,0,,,,,,"",""
ball,1,36.5,South Africa,AL Phehlukwayo,CH Morris,Kuldeep Yadav,0,0,,,,,,"",""
ball,1,36.6,South Africa,AL Phehlukwayo,CH Morris,Kuldeep Yadav,1,0,,,,,,"",""
ball,1,37.1,South Africa,AL Phehlukwayo,CH Morris,YS Chahal,2,0,,,,,,"",""
ball,1,37.2,South Africa,AL Phehlukwayo,CH Morris,YS Chahal,0,1,1,,,,,"",""
ball,1,37.3,South Africa,AL Phehlukwayo,CH Morris,YS Chahal,1,0,,,,,,"",""
ball,1,37.4,South Africa,CH Morris,AL Phehlukwayo,YS Chahal,0,0,,,,,,"",""
ball,1,37.5,South Africa,CH Morris,AL Phehlukwayo,YS Chahal,1,0,,,,,,"",""
ball,1,37.6,South Africa,AL Phehlukwayo,CH Morris,YS Chahal,0,0,,,,,,"",""
ball,1,37.7,South Africa,AL Phehlukwayo,CH Morris,YS Chahal,0,1,1,,,,,"",""
ball,1,37.8,South Africa,AL Phehlukwayo,CH Morris,YS Chahal,0,0,,,,,,"",""
ball,1,38.1,South Africa,CH Morris,AL Phehlukwayo,Kuldeep Yadav,1,0,,,,,,"",""
ball,1,38.2,South Africa,AL Phehlukwayo,CH Morris,Kuldeep Yadav,6,0,,,,,,"",""
ball,1,38.3,South Africa,AL Phehlukwayo,CH Morris,Kuldeep Yadav,1,0,,,,,,"",""
ball,1,38.4,South Africa,CH Morris,AL Phehlukwayo,Kuldeep Yadav,1,0,,,,,,"",""
ball,1,38.5,South Africa,AL Phehlukwayo,CH Morris,Kuldeep Yadav,1,0,,,,,,"",""
ball,1,38.6,South Africa,CH Morris,AL Phehlukwayo,Kuldeep Yadav,1,0,,,,,,"",""
ball,1,39.1,South Africa,CH Morris,AL Phehlukwayo,YS Chahal,1,0,,,,,,"",""
ball,1,39.2,South Africa,AL Phehlukwayo,CH Morris,YS Chahal,0,0,,,,,,"",""
ball,1,39.3,South Africa,AL Phehlukwayo,CH Morris,YS Chahal,0,0,,,,,,stumped,AL Phehlukwayo
ball,1,39.4,South Africa,K Rabada,CH Morris,YS Chahal,1,0,,,,,,"",""
ball,1,39.5,South Africa,CH Morris,K Rabada,YS Chahal,0,0,,,,,,"",""
ball,1,39.6,South Africa,CH Morris,K Rabada,YS Chahal,2,0,,,,,,"",""
ball,1,40.1,South Africa,K Rabada,CH Morris,Kuldeep Yadav,0,0,,,,,,"",""
ball,1,40.2,South Africa,K Rabada,CH Morris,Kuldeep Yadav,2,0,,,,,,"",""
ball,1,40.3,South Africa,K Rabada,CH Morris,Kuldeep Yadav,0,0,,,,,,"",""
ball,1,40.4,South Africa,K Rabada,CH Morris,Kuldeep Yadav,0,0,,,,,,"",""
ball,1,40.5,South Africa,K Rabada,CH Morris,Kuldeep Yadav,0,1,1,,,,,"",""
ball,1,40.6,South Africa,K Rabada,CH Morris,Kuldeep Yadav,0,0,,,,,,"",""
ball,1,40.7,South Africa,K Rabada,CH Morris,Kuldeep Yadav,0,0,,,,,,"",""
ball,1,41.1,South Africa,CH Morris,K Rabada,YS Chahal,6,0,,,,,,"",""
ball,1,41.2,South Africa,CH Morris,K Rabada,YS Chahal,1,0,,,,,,"",""
ball,1,41.3,South Africa,K Rabada,CH Morris,YS Chahal,1,0,,,,,,"",""
ball,1,41.4,South Africa,CH Morris,K Rabada,YS Chahal,1,0,,,,,,"",""
ball,1,41.5,South Africa,K Rabada,CH Morris,YS Chahal,0,0,,,,,,"",""
ball,1,41.6,South Africa,K Rabada,CH Morris,YS Chahal,0,0,,,,,,"",""
ball,1,42.1,South Africa,CH Morris,K Rabada,HH Pandya,0,0,,,,,,"",""
ball,1,42.2,South Africa,CH Morris,K Rabada,HH Pandya,1,0,,,,,,"",""
ball,1,42.3,South Africa,K Rabada,CH Morris,HH Pandya,1,0,,,,,,"",""
ball,1,42.4,South Africa,CH Morris,K Rabada,HH Pandya,1,0,,,,,,"",""
ball,1,42.5,South Africa,K Rabada,CH Morris,HH Pandya,2,0,,,,,,"",""
ball,1,42.6,South Africa,K Rabada,CH Morris,HH Pandya,4,0,,,,,,"",""
ball,1,43.1,South Africa,CH Morris,K Rabada,YS Chahal,0,0,,,,,,"",""
ball,1,43.2,South Africa,CH Morris,K Rabada,YS Chahal,0,0,,,,,,"",""
ball,1,43.3,South Africa,CH Morris,K Rabada,YS Chahal,0,0,,,,,,"",""
ball,1,43.4,South Africa,CH Morris,K Rabada,YS Chahal,6,0,,,,,,"",""
ball,1,43.5,South Africa,CH Morris,K Rabada,YS Chahal,1,0,,,,,,"",""
ball,1,43.6,South Africa,K Rabada,CH Morris,YS Chahal,1,0,,,,,,"",""
ball,1,44.1,South Africa,K Rabada,CH Morris,JJ Bumrah,0,0,,,,,,"",""
ball,1,44.2,South Africa,K Rabada,CH Morris,JJ Bumrah,0,0,,,,,,"",""
ball,1,44.3,South Africa,K Rabada,CH Morris,JJ Bumrah,0,0,,,,,,"",""
ball,1,44.4,South Africa,K Rabada,CH Morris,JJ Bumrah,0,1,,,,1,,"",""
ball,1,44.5,South Africa,CH Morris,K Rabada,JJ Bumrah,1,0,,,,,,"",""
ball,1,44.6,South Africa,K Rabada,CH Morris,JJ Bumrah,0,0,,,,,,"",""
ball,1,45.1,South Africa,CH Morris,K Rabada,B Kumar,0,1,1,,,,,"",""
ball,1,45.2,South Africa,CH Morris,K Rabada,B Kumar,1,0,,,,,,"",""
ball,1,45.3,South Africa,K Rabada,CH Morris,B Kumar,0,1,,,,1,,"",""
ball,1,45.4,South Africa,CH Morris,K Rabada,B Kumar,1,0,,,,,,"",""
ball,1,45.5,South Africa,K Rabada,CH Morris,B Kumar,1,0,,,,,,"",""
ball,1,45.6,South Africa,CH Morris,K Rabada,B Kumar,0,1,1,,,,,"",""
ball,1,45.7,South Africa,CH Morris,K Rabada,B Kumar,2,0,,,,,,"",""
ball,1,45.8,South Africa,CH Morris,K Rabada,B Kumar,0,0,,,,,,"",""
ball,1,46.1,South Africa,K Rabada,CH Morris,JJ Bumrah,1,0,,,,,,"",""
ball,1,46.2,South Africa,CH Morris,K Rabada,JJ Bumrah,4,0,,,,,,"",""
ball,1,46.3,South Africa,CH Morris,K Rabada,JJ Bumrah,1,0,,,,,,"",""
ball,1,46.4,South Africa,K Rabada,CH Morris,JJ Bumrah,2,0,,,,,,"",""
ball,1,46.5,South Africa,K Rabada,CH Morris,JJ Bumrah,0,0,,,,,,"",""
ball,1,46.6,South Africa,K Rabada,CH Morris,JJ Bumrah,1,0,,,,,,"",""
ball,1,47.1,South Africa,K Rabada,CH Morris,B Kumar,2,0,,,,,,"",""
ball,1,47.2,South Africa,K Rabada,CH Morris,B Kumar,1,0,,,,,,"",""
ball,1,47.3,South Africa,CH Morris,K Rabada,B Kumar,1,0,,,,,,"",""
ball,1,47.4,South Africa,K Rabada,CH Morris,B Kumar,2,0,,,,,,"",""
ball,1,47.5,South Africa,K Rabada,CH Morris,B Kumar,1,0,,,,,,"",""
ball,1,47.6,South Africa,CH Morris,K Rabada,B Kumar,2,0,,,,,,"",""
ball,1,48.1,South Africa,K Rabada,CH Morris,JJ Bumrah,0,0,,,,,,"",""
ball,1,48.2,South Africa,K Rabada,CH Morris,JJ Bumrah,1,0,,,,,,"",""
ball,1,48.3,South Africa,CH Morris,K Rabada,JJ Bumrah,0,0,,,,,,"",""
ball,1,48.4,South Africa,CH Morris,K Rabada,JJ Bumrah,1,0,,,,,,"",""
ball,1,48.5,South Africa,K Rabada,CH Morris,JJ Bumrah,4,0,,,,,,"",""
ball,1,48.6,South Africa,K Rabada,CH Morris,JJ Bumrah,0,0,,,,,,"",""
ball,1,49.1,South Africa,CH Morris,K Rabada,B Kumar,0,0,,,,,,"",""
ball,1,49.2,South Africa,CH Morris,K Rabada,B Kumar,0,0,,,,,,caught,CH Morris
ball,1,49.3,South Africa,K Rabada,Imran Tahir,B Kumar,2,0,,,,,,"",""
ball,1,49.4,South Africa,K Rabada,Imran Tahir,B Kumar,1,0,,,,,,"",""
ball,1,49.5,South Africa,Imran Tahir,K Rabada,B Kumar,0,0,,,,,,"",""
ball,1,49.6,South Africa,Imran Tahir,K Rabada,B Kumar,0,0,,,,,,caught,Imran Tahir
ball,2,0.1,India,S Dhawan,RG Sharma,Imran Tahir,0,0,,,,,,"",""
ball,2,0.2,India,S Dhawan,RG Sharma,Imran Tahir,0,0,,,,,,"",""
ball,2,0.3,India,S Dhawan,RG Sharma,Imran Tahir,1,0,,,,,,"",""
ball,2,0.4,India,RG Sharma,S Dhawan,Imran Tahir,1,0,,,,,,"",""
ball,2,0.5,India,S Dhawan,RG Sharma,Imran Tahir,0,0,,,,,,"",""
ball,2,0.6,India,S Dhawan,RG Sharma,Imran Tahir,1,0,,,,,,"",""
ball,2,1.1,India,S Dhawan,RG Sharma,K Rabada,0,0,,,,,,"",""
ball,2,1.2,India,S Dhawan,RG Sharma,K Rabada,1,0,,,,,,"",""
ball,2,1.3,India,RG Sharma,S Dhawan,K Rabada,0,0,,,,,,"",""
ball,2,1.4,India,RG Sharma,S Dhawan,K Rabada,0,0,,,,,,"",""
ball,2,1.5,India,RG Sharma,S Dhawan,K Rabada,0,0,,,,,,"",""
ball,2,1.6,India,RG Sharma,S Dhawan,K Rabada,0,0,,,,,,"",""
ball,2,2.1,India,S Dhawan,RG Sharma,CH Morris,1,0,,,,,,"",""
ball,2,2.2,India,RG Sharma,S Dhawan,CH Morris,0,0,,,,,,"",""
ball,2,2.3,India,RG Sharma,S Dhawan,CH Morris,0,0,,,,,,"",""
ball,2,2.4,India,RG Sharma,S Dhawan,CH Morris,1,0,,,,,,"",""
ball,2,2.5,India,S Dhawan,RG Sharma,CH Morris,4,0,,,,,,"",""
ball,2,2.6,India,S Dhawan,RG Sharma,CH Morris,0,0,,,,,,"",""
ball,2,3.1,India,RG Sharma,S Dhawan,K Rabada,0,0,,,,,,"",""
ball,2,3.2,India,RG Sharma,S Dhawan,K Rabada,0,0,,,,,,"",""
ball,2,3.3,India,RG Sharma,S Dhawan,K Rabada,0,0,,,,,,"",""
ball,2,3.4,India,RG Sharma,S Dhawan,K Rabada,0,0,,,,,,"",""
ball,2,3.5,India,RG Sharma,S Dhawan,K Rabada,1,0,,,,,,"",""
ball,2,3.6,India,S Dhawan,RG Sharma,K Rabada,0,0,,,,,,"",""
ball,2,4.1,India,RG Sharma,S Dhawan,CH Morris,2,0,,,,,,"",""
ball,2,4.2,India,RG Sharma,S Dhawan,CH Morris,0,0,,,,,,"",""
ball,2,4.3,India,RG Sharma,S Dhawan,CH Morris,0,0,,,,,,"",""
ball,2,4.4,India,RG Sharma,S Dhawan,CH Morris,0,0,,,,,,"",""
ball,2,4.5,India,RG Sharma,S Dhawan,CH Morris,0,0,,,,,,"",""
ball,2,4.6,India,RG Sharma,S Dhawan,CH Morris,0,0,,,,,,"",""
ball,2,5.1,India,S Dhawan,RG Sharma,K Rabada,0,0,,,,,,caught,S Dhawan
ball,2,5.2,India,V Kohli,RG Sharma,K Rabada,0,0,,,,,,"",""
ball,2,5.3,India,V Kohli,RG Sharma,K Rabada,0,0,,,,,,"",""
ball,2,5.4,India,V Kohli,RG Sharma,K Rabada,0,0,,,,,,"",""
ball,2,5.5,India,V Kohli,RG Sharma,K Rabada,1,0,,,,,,"",""
ball,2,5.6,India,RG Sharma,V Kohli,K Rabada,0,0,,,,,,"",""
ball,2,6.1,India,V Kohli,RG Sharma,CH Morris,0,0,,,,,,"",""
ball,2,6.2,India,V Kohli,RG Sharma,CH Morris,0,0,,,,,,"",""
ball,2,6.3,India,V Kohli,RG Sharma,CH Morris,0,0,,,,,,"",""
ball,2,6.4,India,V Kohli,RG Sharma,CH Morris,0,0,,,,,,"",""
ball,2,6.5,India,V Kohli,RG Sharma,CH Morris,0,0,,,,,,"",""
ball,2,6.6,India,V Kohli,RG Sharma,CH Morris,0,0,,,,,,"",""
ball,2,7.1,India,RG Sharma,V Kohli,K Rabada,0,0,,,,,,"",""
ball,2,7.2,India,RG Sharma,V Kohli,K Rabada,0,0,,,,,,"",""
ball,2,7.3,India,RG Sharma,V Kohli,K Rabada,6,0,,,,,,"",""
ball,2,7.4,India,RG Sharma,V Kohli,K Rabada,4,0,,,,,,"",""
ball,2,7.5,India,RG Sharma,V Kohli,K Rabada,0,0,,,,,,"",""
ball,2,7.6,India,RG Sharma,V Kohli,K Rabada,0,1,1,,,,,"",""
ball,2,7.7,India,RG Sharma,V Kohli,K Rabada,4,0,,,,,,"",""
ball,2,8.1,India,V Kohli,RG Sharma,CH Morris,0,0,,,,,,"",""
ball,2,8.2,India,V Kohli,RG Sharma,CH Morris,0,0,,,,,,"",""
ball,2,8.3,India,V Kohli,RG Sharma,CH Morris,0,0,,,,,,"",""
ball,2,8.4,India,V Kohli,RG Sharma,CH Morris,0,0,,,,,,"",""
ball,2,8.5,India,V Kohli,RG Sharma,CH Morris,0,0,,,,,,"",""
ball,2,8.6,India,V Kohli,RG Sharma,CH Morris,2,0,,,,,,"",""
ball,2,9.1,India,RG Sharma,V Kohli,K Rabada,1,0,,,,,,"",""
ball,2,9.2,India,V Kohli,RG Sharma,K Rabada,1,0,,,,,,"",""
ball,2,9.3,India,RG Sharma,V Kohli,K Rabada,0,0,,,,,,"",""
ball,2,9.4,India,RG Sharma,V Kohli,K Rabada,0,0,,,,,,"",""
ball,2,9.5,India,RG Sharma,V Kohli,K Rabada,0,0,,,,,,"",""
ball,2,9.6,India,RG Sharma,V Kohli,K Rabada,1,0,,,,,,"",""
ball,2,10.1,India,RG Sharma,V Kohli,Imran Tahir,0,0,,,,,,"",""
ball,2,10.2,India,RG Sharma,V Kohli,Imran Tahir,0,0,,,,,,"",""
ball,2,10.3,India,RG Sharma,V Kohli,Imran Tahir,0,0,,,,,,"",""
ball,2,10.4,India,RG Sharma,V Kohli,Imran Tahir,1,0,,,,,,"",""
ball,2,10.5,India,V Kohli,RG Sharma,Imran Tahir,0,0,,,,,,"",""
ball,2,10.6,India,V Kohli,RG Sharma,Imran Tahir,1,0,,,,,,"",""
ball,2,11.1,India,V Kohli,RG Sharma,AL Phehlukwayo,1,0,,,,,,"",""
ball,2,11.2,India,RG Sharma,V Kohli,AL Phehlukwayo,0,0,,,,,,"",""
ball,2,11.3,India,RG Sharma,V Kohli,AL Phehlukwayo,0,0,,,,,,"",""
ball,2,11.4,India,RG Sharma,V Kohli,AL Phehlukwayo,1,0,,,,,,"",""
ball,2,11.5,India,V Kohli,RG Sharma,AL Phehlukwayo,0,0,,,,,,"",""
ball,2,11.6,India,V Kohli,RG Sharma,AL Phehlukwayo,1,0,,,,,,"",""
ball,2,12.1,India,V Kohli,RG Sharma,Imran Tahir,1,0,,,,,,"",""
ball,2,12.2,India,RG Sharma,V Kohli,Imran Tahir,1,0,,,,,,"",""
ball,2,12.3,India,V Kohli,RG Sharma,Imran Tahir,1,0,,,,,,"",""
ball,2,12.4,India,RG Sharma,V Kohli,Imran Tahir,1,0,,,,,,"",""
ball,2,12.5,India,V Kohli,RG Sharma,Imran Tahir,0,0,,,,,,"",""
ball,2,12.6,India,V Kohli,RG Sharma,Imran Tahir,1,0,,,,,,"",""
ball,2,13.1,India,V Kohli,RG Sharma,AL Phehlukwayo,1,0,,,,,,"",""
ball,2,13.2,India,RG Sharma,V Kohli,AL Phehlukwayo,0,0,,,,,,"",""
ball,2,13.3,India,RG Sharma,V Kohli,AL Phehlukwayo,1,0,,,,,,"",""
ball,2,13.4,India,V Kohli,RG Sharma,AL Phehlukwayo,1,0,,,,,,"",""
ball,2,13.5,India,RG Sharma,V Kohli,AL Phehlukwayo,0,0,,,,,,"",""
ball,2,13.6,India,RG Sharma,V Kohli,AL Phehlukwayo,0,0,,,,,,"",""
ball,2,14.1,India,V Kohli,RG Sharma,Imran Tahir,1,0,,,,,,"",""
ball,2,14.2,India,RG Sharma,V Kohli,Imran Tahir,0,0,,,,,,"",""
ball,2,14.3,India,RG Sharma,V Kohli,Imran Tahir,1,0,,,,,,"",""
ball,2,14.4,India,V Kohli,RG Sharma,Imran Tahir,0,0,,,,,,"",""
ball,2,14.5,India,V Kohli,RG Sharma,Imran Tahir,1,0,,,,,,"",""
ball,2,14.6,India,RG Sharma,V Kohli,Imran Tahir,0,0,,,,,,"",""
ball,2,15.1,India,V Kohli,RG Sharma,AL Phehlukwayo,0,0,,,,,,"",""
ball,2,15.2,India,V Kohli,RG Sharma,AL Phehlukwayo,4,0,,,,,,"",""
ball,2,15.3,India,V Kohli,RG Sharma,AL Phehlukwayo,0,0,,,,,,caught,V Kohli
ball,2,15.4,India,KL Rahul,RG Sharma,AL Phehlukwayo,0,0,,,,,,"",""
ball,2,15.5,India,KL Rahul,RG Sharma,AL Phehlukwayo,0,0,,,,,,"",""
ball,2,15.6,India,KL Rahul,RG Sharma,AL Phehlukwayo,0,0,,,,,,"",""
ball,2,16.1,India,RG Sharma,KL Rahul,Imran Tahir,4,0,,,,,,"",""
ball,2,16.2,India,RG Sharma,KL Rahul,Imran Tahir,1,0,,,,,,"",""
ball,2,16.3,India,KL Rahul,RG Sharma,Imran Tahir,1,0,,,,,,"",""
ball,2,16.4,India,RG Sharma,KL Rahul,Imran Tahir,0,0,,,,,,"",""
ball,2,16.5,India,RG Sharma,KL Rahul,Imran Tahir,1,0,,,,,,"",""
ball,2,16.6,India,KL Rahul,RG Sharma,Imran Tahir,1,0,,,,,,"",""
ball,2,17.1,India,KL Rahul,RG Sharma,AL Phehlukwayo,1,0,,,,,,"",""
ball,2,17.2,India,RG Sharma,KL Rahul,AL Phehlukwayo,0,0,,,,,,"",""
ball,2,17.3,India,RG Sharma,KL Rahul,AL Phehlukwayo,0,0,,,,,,"",""
ball,2,17.4,India,RG Sharma,KL Rahul,AL Phehlukwayo,0,0,,,,,,"",""
ball,2,17.5,India,RG Sharma,KL Rahul,AL Phehlukwayo,2,0,,,,,,"",""
ball,2,17.6,India,RG Sharma,KL Rahul,AL Phehlukwayo,0,0,,,,,,"",""
ball,2,18.1,India,KL Rahul,RG Sharma,T Shamsi,0,0,,,,,,"",""
ball,2,18.2,India,KL Rahul,RG Sharma,T Shamsi,0,0,,,,,,"",""
ball,2,18.3,India,KL Rahul,RG Sharma,T Shamsi,1,0,,,,,,"",""
ball,2,18.4,India,RG Sharma,KL Rahul,T Shamsi,0,0,,,,,,"",""
ball,2,18.5,India,RG Sharma,KL Rahul,T Shamsi,2,0,,,,,,"",""
ball,2,18.6,India,RG Sharma,KL Rahul,T Shamsi,0,0,,,,,,"",""
ball,2,19.1,India,KL Rahul,RG Sharma,AL Phehlukwayo,4,0,,,,,,"",""
ball,2,19.2,India,KL Rahul,RG Sharma,AL Phehlukwayo,0,0,,,,,,"",""
ball,2,19.3,India,KL Rahul,RG Sharma,AL Phehlukwayo,0,0,,,,,,"",""
ball,2,19.4,India,KL Rahul,RG Sharma,AL Phehlukwayo,1,0,,,,,,"",""
ball,2,19.5,India,RG Sharma,KL Rahul,AL Phehlukwayo,4,0,,,,,,"",""
ball,2,19.6,India,RG Sharma,KL Rahul,AL Phehlukwayo,1,0,,,,,,"",""
ball,2,20.1,India,RG Sharma,KL Rahul,T Shamsi,0,0,,,,,,"",""
ball,2,20.2,India,RG Sharma,KL Rahul,T Shamsi,0,1,,,,1,,"",""
ball,2,20.3,India,KL Rahul,RG Sharma,T Shamsi,1,0,,,,,,"",""
ball,2,20.4,India,RG Sharma,KL Rahul,T Shamsi,1,0,,,,,,"",""
ball,2,20.5,India,KL Rahul,RG Sharma,T Shamsi,1,0,,,,,,"",""
ball,2,20.6,India,RG Sharma,KL Rahul,T Shamsi,0,0,,,,,,"",""
ball,2,21.1,India,KL Rahul,RG Sharma,CH Morris,0,0,,,,,,"",""
ball,2,21.2,India,KL Rahul,RG Sharma,CH Morris,0,0,,,,,,"",""
ball,2,21.3,India,KL Rahul,RG Sharma,CH Morris,0,0,,,,,,"",""
ball,2,21.4,India,KL Rahul,RG Sharma,CH Morris,0,0,,,,,,"",""
ball,2,21.5,India,KL Rahul,RG Sharma,CH Morris,0,0,,,,,,"",""
ball,2,21.6,India,KL Rahul,RG Sharma,CH Morris,0,0,,,,,,"",""
ball,2,22.1,India,RG Sharma,KL Rahul,T Shamsi,0,0,,,,,,"",""
ball,2,22.2,India,RG Sharma,KL Rahul,T Shamsi,6,0,,,,,,"",""
ball,2,22.3,India,RG Sharma,KL Rahul,T Shamsi,0,0,,,,,,"",""
ball,2,22.4,India,RG Sharma,KL Rahul,T Shamsi,0,0,,,,,,"",""
ball,2,22.5,India,RG Sharma,KL Rahul,T Shamsi,1,0,,,,,,"",""
ball,2,22.6,India,KL Rahul,RG Sharma,T Shamsi,2,0,,,,,,"",""
ball,2,23.1,India,RG Sharma,KL Rahul,CH Morris,0,0,,,,,,"",""
ball,2,23.2,India,RG Sharma,KL Rahul,CH Morris,0,0,,,,,,"",""
ball,2,23.3,India,RG Sharma,KL Rahul,CH Morris,0,0,,,,,,"",""
ball,2,23.4,India,RG Sharma,KL Rahul,CH Morris,0,0,,,,,,"",""
ball,2,23.5,India,RG Sharma,KL Rahul,CH Morris,0,0,,,,,,"",""
ball,2,23.6,India,RG Sharma,KL Rahul,CH Morris,0,1,,,,1,,"",""
ball,2,24.1,India,RG Sharma,KL Rahul,T Shamsi,0,0,,,,,,"",""
ball,2,24.2,India,RG Sharma,KL Rahul,T Shamsi,2,0,,,,,,"",""
ball,2,24.3,India,RG Sharma,KL Rahul,T Shamsi,0,0,,,,,,"",""
ball,2,24.4,India,RG Sharma,KL Rahul,T Shamsi,0,0,,,,,,"",""
ball,2,24.5,India,RG Sharma,KL Rahul,T Shamsi,0,0,,,,,,"",""
ball,2,24.6,India,RG Sharma,KL Rahul,T Shamsi,1,0,,,,,,"",""
ball,2,25.1,India,RG Sharma,KL Rahul,CH Morris,0,1,1,,,,,"",""
ball,2,25.2,India,RG Sharma,KL Rahul,CH Morris,1,0,,,,,,"",""
ball,2,25.3,India,KL Rahul,RG Sharma,CH Morris,0,0,,,,,,"",""
ball,2,25.4,India,KL Rahul,RG Sharma,CH Morris,0,0,,,,,,"",""
ball,2,25.5,India,KL Rahul,RG Sharma,CH Morris,0,0,,,,,,"",""
ball,2,25.6,India,KL Rahul,RG Sharma,CH Morris,4,0,,,,,,"",""
ball,2,25.7,India,KL Rahul,RG Sharma,CH Morris,1,0,,,,,,"",""
ball,2,26.1,India,KL Rahul,RG Sharma,T Shamsi,1,0,,,,,,"",""
ball,2,26.2,India,RG Sharma,KL Rahul,T Shamsi,4,0,,,,,,"",""
ball,2,26.3,India,RG Sharma,KL Rahul,T Shamsi,1,0,,,,,,"",""
ball,2,26.4,India,KL Rahul,RG Sharma,T Shamsi,1,0,,,,,,"",""
ball,2,26.5,India,RG Sharma,KL Rahul,T Shamsi,4,0,,,,,,"",""
ball,2,26.6,India,RG Sharma,KL Rahul,T Shamsi,0,0,,,,,,"",""
ball,2,27.1,India,KL Rahul,RG Sharma,K Rabada,0,0,,,,,,"",""
ball,2,27.2,India,KL Rahul,RG Sharma,K Rabada,1,0,,,,,,"",""
ball,2,27.3,India,RG Sharma,KL Rahul,K Rabada,0,0,,,,,,"",""
ball,2,27.4,India,RG Sharma,KL Rahul,K Rabada,1,0,,,,,,"",""
ball,2,27.5,India,KL Rahul,RG Sharma,K Rabada,0,0,,,,,,"",""
ball,2,27.6,India,KL Rahul,RG Sharma,K Rabada,0,0,,,,,,"",""
ball,2,28.1,India,RG Sharma,KL Rahul,Imran Tahir,1,0,,,,,,"",""
ball,2,28.2,India,KL Rahul,RG Sharma,Imran Tahir,0,0,,,,,,"",""
ball,2,28.3,India,KL Rahul,RG Sharma,Imran Tahir,0,0,,,,,,"",""
ball,2,28.4,India,KL Rahul,RG Sharma,Imran Tahir,3,0,,,,,,"",""
ball,2,28.5,India,RG Sharma,KL Rahul,Imran Tahir,4,0,,,,,,"",""
ball,2,28.6,India,RG Sharma,KL Rahul,Imran Tahir,0,0,,,,,,"",""
ball,2,29.1,India,KL Rahul,RG Sharma,K Rabada,0,0,,,,,,"",""
ball,2,29.2,India,KL Rahul,RG Sharma,K Rabada,1,0,,,,,,"",""
ball,2,29.3,India,RG Sharma,KL Rahul,K Rabada,0,0,,,,,,"",""
ball,2,29.4,India,RG Sharma,KL Rahul,K Rabada,4,0,,,,,,"",""
ball,2,29.5,India,RG Sharma,KL Rahul,K Rabada,0,0,,,,,,"",""
ball,2,29.6,India,RG Sharma,KL Rahul,K Rabada,1,0,,,,,,"",""
ball,2,30.1,India,RG Sharma,KL Rahul,Imran Tahir,4,0,,,,,,"",""
ball,2,30.2,India,RG Sharma,KL Rahul,Imran Tahir,0,0,,,,,,"",""
ball,2,30.3,India,RG Sharma,KL Rahul,Imran Tahir,1,0,,,,,,"",""
ball,2,30.4,India,KL Rahul,RG Sharma,Imran Tahir,1,0,,,,,,"",""
ball,2,30.5,India,RG Sharma,KL Rahul,Imran Tahir,2,0,,,,,,"",""
ball,2,30.6,India,RG Sharma,KL Rahul,Imran Tahir,2,0,,,,,,"",""
ball,2,31.1,India,KL Rahul,RG Sharma,K Rabada,0,0,,,,,,"",""
ball,2,31.2,India,KL Rahul,RG Sharma,K Rabada,0,0,,,,,,"",""
ball,2,31.3,India,KL Rahul,RG Sharma,K Rabada,0,0,,,,,,caught,KL Rahul
ball,2,31.4,India,MS Dhoni,RG Sharma,K Rabada,0,0,,,,,,"",""
ball,2,31.5,India,MS Dhoni,RG Sharma,K Rabada,0,0,,,,,,"",""
ball,2,31.6,India,MS Dhoni,RG Sharma,K Rabada,0,0,,,,,,"",""
ball,2,32.1,India,RG Sharma,MS Dhoni,Imran Tahir,1,0,,,,,,"",""
ball,2,32.2,India,MS Dhoni,RG Sharma,Imran Tahir,1,0,,,,,,"",""
ball,2,32.3,India,RG Sharma,MS Dhoni,Imran Tahir,0,0,,,,,,"",""
ball,2,32.4,India,RG Sharma,MS Dhoni,Imran Tahir,2,0,,,,,,"",""
ball,2,32.5,India,RG Sharma,MS Dhoni,Imran Tahir,0,0,,,,,,"",""
ball,2,32.6,India,RG Sharma,MS Dhoni,Imran Tahir,0,0,,,,,,"",""
ball,2,33.1,India,MS Dhoni,RG Sharma,T Shamsi,0,0,,,,,,"",""
ball,2,33.2,India,MS Dhoni,RG Sharma,T Shamsi,0,0,,,,,,"",""
ball,2,33.3,India,MS Dhoni,RG Sharma,T Shamsi,0,0,,,,,,"",""
ball,2,33.4,India,MS Dhoni,RG Sharma,T Shamsi,0,1,1,,,,,"",""
ball,2,33.5,India,MS Dhoni,RG Sharma,T Shamsi,0,0,,,,,,"",""
ball,2,33.6,India,MS Dhoni,RG Sharma,T Shamsi,1,0,,,,,,"",""
ball,2,33.7,India,RG Sharma,MS Dhoni,T Shamsi,0,0,,,,,,"",""
ball,2,34.1,India,MS Dhoni,RG Sharma,Imran Tahir,1,0,,,,,,"",""
ball,2,34.2,India,RG Sharma,MS Dhoni,Imran Tahir,1,0,,,,,,"",""
ball,2,34.3,India,MS Dhoni,RG Sharma,Imran Tahir,1,0,,,,,,"",""
ball,2,34.4,India,RG Sharma,MS Dhoni,Imran Tahir,1,0,,,,,,"",""
ball,2,34.5,India,MS Dhoni,RG Sharma,Imran Tahir,1,0,,,,,,"",""
ball,2,34.6,India,RG Sharma,MS Dhoni,Imran Tahir,0,0,,,,,,"",""
ball,2,35.1,India,MS Dhoni,RG Sharma,T Shamsi,1,0,,,,,,"",""
ball,2,35.2,India,RG Sharma,MS Dhoni,T Shamsi,1,0,,,,,,"",""
ball,2,35.3,India,MS Dhoni,RG Sharma,T Shamsi,0,0,,,,,,"",""
ball,2,35.4,India,MS Dhoni,RG Sharma,T Shamsi,1,0,,,,,,"",""
ball,2,35.5,India,RG Sharma,MS Dhoni,T Shamsi,1,0,,,,,,"",""
ball,2,35.6,India,MS Dhoni,RG Sharma,T Shamsi,0,0,,,,,,"",""
ball,2,36.1,India,RG Sharma,MS Dhoni,AL Phehlukwayo,0,0,,,,,,"",""
ball,2,36.2,India,RG Sharma,MS Dhoni,AL Phehlukwayo,0,0,,,,,,"",""
ball,2,36.3,India,RG Sharma,MS Dhoni,AL Phehlukwayo,0,0,,,,,,"",""
ball,2,36.4,India,RG Sharma,MS Dhoni,AL Phehlukwayo,0,0,,,,,,"",""
ball,2,36.5,India,RG Sharma,MS Dhoni,AL Phehlukwayo,4,0,,,,,,"",""
ball,2,36.6,India,RG Sharma,MS Dhoni,AL Phehlukwayo,0,0,,,,,,"",""
ball,2,37.1,India,MS Dhoni,RG Sharma,CH Morris,1,0,,,,,,"",""
ball,2,37.2,India,RG Sharma,MS Dhoni,CH Morris,0,0,,,,,,"",""
ball,2,37.3,India,RG Sharma,MS Dhoni,CH Morris,0,0,,,,,,"",""
ball,2,37.4,India,RG Sharma,MS Dhoni,CH Morris,1,0,,,,,,"",""
ball,2,37.5,India,MS Dhoni,RG Sharma,CH Morris,0,0,,,,,,"",""
ball,2,37.6,India,MS Dhoni,RG Sharma,CH Morris,4,0,,,,,,"",""
ball,2,38.1,India,RG Sharma,MS Dhoni,AL Phehlukwayo,0,0,,,,,,"",""
ball,2,38.2,India,RG Sharma,MS Dhoni,AL Phehlukwayo,1,0,,,,,,"",""
ball,2,38.3,India,MS Dhoni,RG Sharma,AL Phehlukwayo,1,0,,,,,,"",""
ball,2,38.4,India,RG Sharma,MS Dhoni,AL Phehlukwayo,0,0,,,,,,"",""
ball,2,38.5,India,RG Sharma,MS Dhoni,AL Phehlukwayo,1,0,,,,,,"",""
ball,2,38.6,India,MS Dhoni,RG Sharma,AL Phehlukwayo,1,0,,,,,,"",""
ball,2,39.1,India,MS Dhoni,RG Sharma,CH Morris,0,0,,,,,,"",""
ball,2,39.2,India,MS Dhoni,RG Sharma,CH Morris,0,0,,,,,,"",""
ball,2,39.3,India,MS Dhoni,RG Sharma,CH Morris,0,0,,,,,,"",""
ball,2,39.4,India,MS Dhoni,RG Sharma,CH Morris,0,0,,,,,,"",""
ball,2,39.5,India,MS Dhoni,RG Sharma,CH Morris,2,0,,,,,,"",""
ball,2,39.6,India,MS Dhoni,RG Sharma,CH Morris,1,0,,,,,,"",""
ball,2,40.1,India,MS Dhoni,RG Sharma,T Shamsi,1,0,,,,,,"",""
ball,2,40.2,India,RG Sharma,MS Dhoni,T Shamsi,0,0,,,,,,"",""
ball,2,40.3,India,RG Sharma,MS Dhoni,T Shamsi,2,0,,,,,,"",""
ball,2,40.4,India,RG Sharma,MS Dhoni,T Shamsi,1,0,,,,,,"",""
ball,2,40.5,India,MS Dhoni,RG Sharma,T Shamsi,0,0,,,,,,"",""
ball,2,40.6,India,MS Dhoni,RG Sharma,T Shamsi,1,0,,,,,,"",""
ball,2,41.1,India,MS Dhoni,RG Sharma,AL Phehlukwayo,2,0,,,,,,"",""
ball,2,41.2,India,MS Dhoni,RG Sharma,AL Phehlukwayo,0,0,,,,,,"",""
ball,2,41.3,India,MS Dhoni,RG Sharma,AL Phehlukwayo,0,0,,,,,,"",""
ball,2,41.4,India,MS Dhoni,RG Sharma,AL Phehlukwayo,0,0,,,,,,"",""
ball,2,41.5,India,MS Dhoni,RG Sharma,AL Phehlukwayo,0,1,,,,1,,"",""
ball,2,41.6,India,RG Sharma,MS Dhoni,AL Phehlukwayo,0,0,,,,,,"",""
ball,2,42.1,India,MS Dhoni,RG Sharma,T Shamsi,0,0,,,,,,"",""
ball,2,42.2,India,MS Dhoni,RG Sharma,T Shamsi,4,0,,,,,,"",""
ball,2,42.3,India,MS Dhoni,RG Sharma,T Shamsi,1,0,,,,,,"",""
ball,2,42.4,India,RG Sharma,MS Dhoni,T Shamsi,4,0,,,,,,"",""
ball,2,42.5,India,RG Sharma,MS Dhoni,T Shamsi,3,0,,,,,,"",""
ball,2,42.6,India,MS Dhoni,RG Sharma,T Shamsi,2,0,,,,,,"",""
ball,2,43.1,India,RG Sharma,MS Dhoni,K Rabada,0,0,,,,,,"",""
ball,2,43.2,India,RG Sharma,MS Dhoni,K Rabada,0,0,,,,,,"",""
ball,2,43.3,India,RG Sharma,MS Dhoni,K Rabada,0,0,,,,,,"",""
ball,2,43.4,India,RG Sharma,MS Dhoni,K Rabada,4,0,,,,,,"",""
ball,2,43.5,India,RG Sharma,MS Dhoni,K Rabada,0,0,,,,,,"",""
ball,2,43.6,India,RG Sharma,MS Dhoni,K Rabada,1,0,,,,,,"",""
ball,2,44.1,India,RG Sharma,MS Dhoni,Imran Tahir,2,0,,,,,,"",""
ball,2,44.2,India,RG Sharma,MS Dhoni,Imran Tahir,1,0,,,,,,"",""
ball,2,44.3,India,MS Dhoni,RG Sharma,Imran Tahir,1,0,,,,,,"",""
ball,2,44.4,India,RG Sharma,MS Dhoni,Imran Tahir,4,0,,,,,,"",""
ball,2,44.5,India,RG Sharma,MS Dhoni,Imran Tahir,1,0,,,,,,"",""
ball,2,44.6,India,MS Dhoni,RG Sharma,Imran Tahir,1,0,,,,,,"",""
ball,2,45.1,India,MS Dhoni,RG Sharma,K Rabada,0,0,,,,,,"",""
ball,2,45.2,India,MS Dhoni,RG Sharma,K Rabada,2,0,,,,,,"",""
ball,2,45.3,India,MS Dhoni,RG Sharma,K Rabada,1,0,,,,,,"",""
ball,2,45.4,India,RG Sharma,MS Dhoni,K Rabada,0,0,,,,,,"",""
ball,2,45.5,India,RG Sharma,MS Dhoni,K Rabada,1,0,,,,,,"",""
ball,2,45.6,India,MS Dhoni,RG Sharma,K Rabada,1,0,,,,,,"",""
ball,2,46.1,India,MS Dhoni,RG Sharma,CH Morris,0,0,,,,,,caught and bowled,MS Dhoni
ball,2,46.2,India,RG Sharma,HH Pandya,CH Morris,1,0,,,,,,"",""
ball,2,46.3,India,HH Pandya,RG Sharma,CH Morris,0,0,,,,,,"",""
ball,2,46.4,India,HH Pandya,RG Sharma,CH Morris,4,0,,,,,,"",""
ball,2,46.5,India,HH Pandya,RG Sharma,CH Morris,4,0,,,,,,"",""
ball,2,46.6,India,HH Pandya,RG Sharma,CH Morris,1,0,,,,,,"",""
ball,2,47.1,India,HH Pandya,RG Sharma,AL Phehlukwayo,2,0,,,,,,"",""
ball,2,47.2,India,HH Pandya,RG Sharma,AL Phehlukwayo,0,0,,,,,,"",""
ball,2,47.3,India,HH Pandya,RG Sharma,AL Phehlukwayo,0,1,1,,,,,"",""
ball,2,47.4,India,HH Pandya,RG Sharma,AL Phehlukwayo,4,0,,,,,,"",""
