version,1.6.0
info,balls_per_over,6
info,team,England
info,team,South Africa
info,gender,male
info,season,2019
info,date,2019/05/30
info,event,World Cup
info,match_number,1
info,venue,Kennington Oval
info,city,London
info,toss_winner,South Africa
info,toss_decision,field
info,player_of_match,BA Stokes
info,umpire,BNJ Oxenford
info,umpire,HDPK Dharmasena
info,reserve_umpire,JS Wilson
info,tv_umpire,PR Reiffel
info,match_referee,DC Boon
info,winner,England
info,winner_runs,104
info,player,England,JJ Roy
info,player,England,JM Bairstow
info,player,England,JE Root
info,player,England,EJG Morgan
info,player,England,BA Stokes
info,player,England,JC Buttler
info,player,England,MM Ali
info,player,England,CR Woakes
info,player,England,LE Plunkett
info,player,England,JC Archer
info,player,England,AU Rashid
info,player,South Africa,Q de Kock
info,player,South Africa,HM Amla
info,player,South Africa,AK Markram
info,player,South Africa,F du Plessis
info,player,South Africa,HE van der Dussen
info,player,South Africa,JP Duminy
info,player,South Africa,D Pretorius
info,player,South Africa,AL Phehlukwayo
info,player,South Africa,K Rabada
info,player,South Africa,L Ngidi
info,player,South Africa,Imran Tahir
info,registry,people,AK Markram,6a26221c
info,registry,people,AL Phehlukwayo,ab6b1c45
info,registry,people,AU Rashid,249d60c9
info,registry,people,BA Stokes,e087956b
info,registry,people,BNJ Oxenford,c1add349
info,registry,people,CR Woakes,4c5d73db
info,registry,people,D Pretorius,11614d87
info,registry,people,DC Boon,e79a1fe3
info,registry,people,EJG Morgan,d2a6c0e6
info,registry,people,F du Plessis,3355b542
info,registry,people,HDPK Dharmasena,323e4c16
info,registry,people,HE van der Dussen,9948e262
info,registry,people,HM Amla,e798611a
info,registry,people,Imran Tahir,acee4cc4
info,registry,people,JC Archer,5574750c
info,registry,people,JC Buttler,99b75528
info,registry,people,JE Root,a343262c
info,registry,people,JJ Roy,d1c36f5c
info,registry,people,JM Bairstow,abb83e27
info,registry,people,JP Duminy,2e8994e7
info,registry,people,JS Wilson,d7f3b72f
info,registry,people,K Rabada,e62dd25d
info,registry,people,L Ngidi,f834dcfc
info,registry,people,LE Plunkett,9a963804
info,registry,people,MM Ali,bb351c23
info,registry,people,PR Reiffel,c9354f29
info,registry,people,Q de Kock,372455c4
ball,1,0.1,England,JJ Roy,JM Bairstow,Imran Tahir,1,0,,,,,,"",""
ball,1,0.2,England,JM Bairstow,JJ Roy,Imran Tahir,0,0,,,,,,caught,JM Bairstow
ball,1,0.3,England,JE Root,JJ Roy,Imran Tahir,0,0,,,,,,"",""
ball,1,0.4,England,JE Root,JJ Roy,Imran Tahir,0,0,,,,,,"",""
ball,1,0.5,England,JE Root,JJ Roy,Imran Tahir,0,0,,,,,,"",""
ball,1,0.6,England,JE Root,JJ Roy,Imran Tahir,0,0,,,,,,"",""
ball,1,1.1,England,JJ Roy,JE Root,L Ngidi,0,0,,,,,,"",""
ball,1,1.2,England,JJ Roy,JE Root,L Ngidi,1,0,,,,,,"",""
ball,1,1.3,England,JE Root,JJ Roy,L Ngidi,0,0,,,,,,"",""
ball,1,1.4,England,JE Root,JJ Roy,L Ngidi,0,0,,,,,,"",""
ball,1,1.5,England,JE Root,JJ Roy,L Ngidi,4,0,,,,,,"",""
ball,1,1.6,England,JE Root,JJ Roy,L Ngidi,1,0,,,,,,"",""
ball,1,2.1,England,JE Root,JJ Roy,Imran Tahir,1,0,,,,,,"",""
ball,1,2.2,England,JJ Roy,JE Root,Imran Tahir,1,0,,,,,,"",""
ball,1,2.3,England,JE Root,JJ Roy,Imran Tahir,1,0,,,,,,"",""
ball,1,2.4,England,JJ Roy,JE Root,Imran Tahir,0,0,,,,,,"",""
ball,1,2.5,England,JJ Roy,JE Root,Imran Tahir,1,0,,,,,,"",""
ball,1,2.6,England,JE Root,JJ Roy,Imran Tahir,0,0,,,,,,"",""
ball,1,3.1,England,JJ Roy,JE Root,L Ngidi,1,0,,,,,,"",""
ball,1,3.2,England,JE Root,JJ Roy,L Ngidi,0,0,,,,,,"",""
ball,1,3.3,England,JE Root,JJ Roy,L Ngidi,0,0,,,,,,"",""
ball,1,3.4,England,JE Root,JJ Roy,L Ngidi,4,0,,,,,,"",""
ball,1,3.5,England,JE Root,JJ Roy,L Ngidi,0,0,,,,,,"",""
ball,1,3.6,England,JE Root,JJ Roy,L Ngidi,0,0,,,,,,"",""
ball,1,4.1,England,JJ Roy,JE Root,Imran Tahir,4,0,,,,,,"",""
ball,1,4.2,England,JJ Roy,JE Root,Imran Tahir,1,0,,,,,,"",""
ball,1,4.3,England,JE Root,JJ Roy,Imran Tahir,2,0,,,,,,"",""
ball,1,4.4,England,JE Root,JJ Roy,Imran Tahir,4,0,,,,,,"",""
ball,1,4.5,England,JE Root,JJ Roy,Imran Tahir,2,0,,,,,,"",""
ball,1,4.6,England,JE Root,JJ Roy,Imran Tahir,0,0,,,,,,"",""
ball,1,5.1,England,JJ Roy,JE Root,L Ngidi,2,0,,,,,,"",""
ball,1,5.2,England,JJ Roy,JE Root,L Ngidi,0,0,,,,,,"",""
ball,1,5.3,England,JJ Roy,JE Root,L Ngidi,4,0,,,,,,"",""
ball,1,5.4,England,JJ Roy,JE Root,L Ngidi,0,1,1,,,,,"",""
ball,1,5.5,England,JJ Roy,JE Root,L Ngidi,1,0,,,,,,"",""
ball,1,5.6,England,JE Root,JJ Roy,L Ngidi,0,0,,,,,,"",""
ball,1,5.7,England,JE Root,JJ Roy,L Ngidi,2,0,,,,,,"",""
ball,1,6.1,England,JJ Roy,JE Root,K Rabada,4,0,,,,,,"",""
ball,1,6.2,England,JJ Roy,JE Root,K Rabada,0,0,,,,,,"",""
ball,1,6.3,England,JJ Roy,JE Root,K Rabada,0,0,,,,,,"",""
ball,1,6.4,England,JJ Roy,JE Root,K Rabada,0,0,,,,,,"",""
ball,1,6.5,England,JJ Roy,JE Root,K Rabada,0,0,,,,,,"",""
ball,1,6.6,England,JJ Roy,JE Root,K Rabada,0,0,,,,,,"",""
ball,1,7.1,England,JE Root,JJ Roy,L Ngidi,0,0,,,,,,"",""
ball,1,7.2,England,JE Root,JJ Roy,L Ngidi,1,0,,,,,,"",""
ball,1,7.3,England,JJ Roy,JE Root,L Ngidi,4,0,,,,,,"",""
ball,1,7.4,England,JJ Roy,JE Root,L Ngidi,1,0,,,,,,"",""
ball,1,7.5,England,JE Root,JJ Roy,L Ngidi,0,0,,,,,,"",""
ball,1,7.6,England,JE Root,JJ Roy,L Ngidi,0,0,,,,,,"",""
ball,1,8.1,England,JJ Roy,JE Root,K Rabada,0,0,,,,,,"",""
ball,1,8.2,England,JJ Roy,JE Root,K Rabada,1,0,,,,,,"",""
ball,1,8.3,England,JE Root,JJ Roy,K Rabada,0,0,,,,,,"",""
ball,1,8.4,England,JE Root,JJ Roy,K Rabada,4,0,,,,,,"",""
ball,1,8.5,England,JE Root,JJ Roy,K Rabada,0,0,,,,,,"",""
ball,1,8.6,England,JE Root,JJ Roy,K Rabada,1,0,,,,,,"",""
ball,1,9.1,England,JE Root,JJ Roy,D Pretorius,2,0,,,,,,"",""
ball,1,9.2,England,JE Root,JJ Roy,D Pretorius,0,0,,,,,,"",""
ball,1,9.3,England,JE Root,JJ Roy,D Pretorius,1,0,,,,,,"",""
ball,1,9.4,England,JJ Roy,JE Root,D Pretorius,0,0,,,,,,"",""
ball,1,9.5,England,JJ Roy,JE Root,D Pretorius,1,0,,,,,,"",""
ball,1,9.6,England,JE Root,JJ Roy,D Pretorius,1,0,,,,,,"",""
ball,1,10.1,England,JE Root,JJ Roy,K Rabada,0,0,,,,,,"",""
ball,1,10.2,England,JE Root,JJ Roy,K Rabada,4,0,,,,,,"",""
ball,1,10.3,England,JE Root,JJ Roy,K Rabada,2,0,,,,,,"",""
ball,1,10.4,England,JE Root,JJ Roy,K Rabada,1,0,,,,,,"",""
ball,1,10.5,England,JJ Roy,JE Root,K Rabada,1,0,,,,,,"",""
ball,1,10.6,England,JE Root,JJ Roy,K Rabada,0,0,,,,,,"",""
ball,1,11.1,England,JJ Roy,JE Root,D Pretorius,0,0,,,,,,"",""
ball,1,11.2,England,JJ Roy,JE Root,D Pretorius,0,0,,,,,,"",""
ball,1,11.3,England,JJ Roy,JE Root,D Pretorius,0,0,,,,,,"",""
ball,1,11.4,England,JJ Roy,JE Root,D Pretorius,0,0,,,,,,"",""
ball,1,11.5,England,JJ Roy,JE Root,D Pretorius,4,0,,,,,,"",""
ball,1,11.6,England,JJ Roy,JE Root,D Pretorius,0,0,,,,,,"",""
ball,1,12.1,England,JE Root,JJ Roy,K Rabada,1,0,,,,,,"",""
ball,1,12.2,England,JJ Roy,JE Root,K Rabada,0,0,,,,,,"",""
ball,1,12.3,England,JJ Roy,JE Root,K Rabada,2,0,,,,,,"",""
ball,1,12.4,England,JJ Roy,JE Root,K Rabada,0,0,,,,,,"",""
ball,1,12.5,England,JJ Roy,JE Root,K Rabada,0,0,,,,,,"",""
ball,1,12.6,England,JJ Roy,JE Root,K Rabada,4,0,,,,,,"",""
ball,1,13.1,England,JE Root,JJ Roy,D Pretorius,0,0,,,,,,"",""
ball,1,13.2,England,JE Root,JJ Roy,D Pretorius,1,0,,,,,,"",""
ball,1,13.3,England,JJ Roy,JE Root,D Pretorius,1,0,,,,,,"",""
ball,1,13.4,England,JE Root,JJ Roy,D Pretorius,1,0,,,,,,"",""
ball,1,13.5,England,JJ Roy,JE Root,D Pretorius,0,0,,,,,,"",""
ball,1,13.6,England,JJ Roy,JE Root,D Pretorius,1,0,,,,,,"",""
ball,1,14.1,England,JJ Roy,JE Root,AL Phehlukwayo,1,0,,,,,,"",""
ball,1,14.2,England,JE Root,JJ Roy,AL Phehlukwayo,1,0,,,,,,"",""
ball,1,14.3,England,JJ Roy,JE Root,AL Phehlukwayo,0,0,,,,,,"",""
ball,1,14.4,England,JJ Roy,JE Root,AL Phehlukwayo,1,0,,,,,,"",""
ball,1,14.5,England,JE Root,JJ Roy,AL Phehlukwayo,0,0,,,,,,"",""
ball,1,14.6,England,JE Root,JJ Roy,AL Phehlukwayo,1,0,,,,,,"",""
ball,1,15.1,England,JE Root,JJ Roy,D Pretorius,1,0,,,,,,"",""
ball,1,15.2,England,JJ Roy,JE Root,D Pretorius,4,0,,,,,,"",""
ball,1,15.3,England,JJ Roy,JE Root,D Pretorius,1,0,,,,,,"",""
ball,1,15.4,England,JE Root,JJ Roy,D Pretorius,2,0,,,,,,"",""
ball,1,15.5,England,JE Root,JJ Roy,D Pretorius,1,0,,,,,,"",""
ball,1,15.6,England,JJ Roy,JE Root,D Pretorius,0,0,,,,,,"",""
ball,1,16.1,England,JE Root,JJ Roy,AL Phehlukwayo,1,0,,,,,,"",""
ball,1,16.2,England,JJ Roy,JE Root,AL Phehlukwayo,1,0,,,,,,"",""
ball,1,16.3,England,JE Root,JJ Roy,AL Phehlukwayo,0,0,,,,,,"",""
ball,1,16.4,England,JE Root,JJ Roy,AL Phehlukwayo,0,0,,,,,,"",""
ball,1,16.5,England,JE Root,JJ Roy,AL Phehlukwayo,1,0,,,,,,"",""
ball,1,16.6,England,JJ Roy,JE Root,AL Phehlukwayo,0,1,,,,1,,"",""
ball,1,17.1,England,JJ Roy,JE Root,D Pretorius,0,0,,,,,,"",""
ball,1,17.2,England,JJ Roy,JE Root,D Pretorius,0,0,,,,,,"",""
ball,1,17.3,England,JJ Roy,JE Root,D Pretorius,1,0,,,,,,"",""
ball,1,17.4,England,JE Root,JJ Roy,D Pretorius,0,0,,,,,,"",""
ball,1,17.5,England,JE Root,JJ Roy,D Pretorius,0,0,,,,,,"",""
ball,1,17.6,England,JE Root,JJ Roy,D Pretorius,1,0,,,,,,"",""
ball,1,18.1,England,JE Root,JJ Roy,AL Phehlukwayo,0,0,,,,,,"",""
ball,1,18.2,England,JE Root,JJ Roy,AL Phehlukwayo,1,0,,,,,,"",""
ball,1,18.3,England,JJ Roy,JE Root,AL Phehlukwayo,4,0,,,,,,"",""
ball,1,18.4,England,JJ Roy,JE Root,AL Phehlukwayo,0,0,,,,,,caught,JJ Roy
ball,1,18.5,England,EJG Morgan,JE Root,AL Phehlukwayo,0,0,,,,,,"",""
ball,1,18.6,England,EJG Morgan,JE Root,AL Phehlukwayo,4,0,,,,,,"",""
ball,1,19.1,England,JE Root,EJG Morgan,K Rabada,0,0,,,,,,caught,JE Root
ball,1,19.2,England,BA Stokes,EJG Morgan,K Rabada,0,0,,,,,,"",""
ball,1,19.3,England,BA Stokes,EJG Morgan,K Rabada,0,0,,,,,,"",""
ball,1,19.4,England,BA Stokes,EJG Morgan,K Rabada,1,0,,,,,,"",""
ball,1,19.5,England,EJG Morgan,BA Stokes,K Rabada,0,0,,,,,,"",""
ball,1,19.6,England,EJG Morgan,BA Stokes,K Rabada,0,0,,,,,,"",""
ball,1,20.1,England,BA Stokes,EJG Morgan,Imran Tahir,1,0,,,,,,"",""
ball,1,20.2,England,EJG Morgan,BA Stokes,Imran Tahir,0,0,,,,,,"",""
ball,1,20.3,England,EJG Morgan,BA Stokes,Imran Tahir,0,0,,,,,,"",""
ball,1,20.4,England,EJG Morgan,BA Stokes,Imran Tahir,1,0,,,,,,"",""
ball,1,20.5,England,BA Stokes,EJG Morgan,Imran Tahir,0,0,,,,,,"",""
ball,1,20.6,England,BA Stokes,EJG Morgan,Imran Tahir,1,0,,,,,,"",""
ball,1,21.1,England,BA Stokes,EJG Morgan,K Rabada,0,1,1,,,,,"",""
ball,1,21.2,England,BA Stokes,EJG Morgan,K Rabada,0,0,,,,,,"",""
ball,1,21.3,England,BA Stokes,EJG Morgan,K Rabada,1,0,,,,,,"",""
ball,1,21.4,England,EJG Morgan,BA Stokes,K Rabada,1,0,,,,,,"",""
ball,1,21.5,England,BA Stokes,EJG Morgan,K Rabada,1,0,,,,,,"",""
ball,1,21.6,England,EJG Morgan,BA Stokes,K Rabada,1,0,,,,,,"",""
ball,1,21.7,England,BA Stokes,EJG Morgan,K Rabada,0,0,,,,,,"",""
ball,1,22.1,England,EJG Morgan,BA Stokes,Imran Tahir,1,0,,,,,,"",""
ball,1,22.2,England,BA Stokes,EJG Morgan,Imran Tahir,1,0,,,,,,"",""
ball,1,22.3,England,EJG Morgan,BA Stokes,Imran Tahir,1,0,,,,,,"",""
ball,1,22.4,England,BA Stokes,EJG Morgan,Imran Tahir,2,0,,,,,,"",""
ball,1,22.5,England,BA Stokes,EJG Morgan,Imran Tahir,0,0,,,,,,"",""
ball,1,22.6,England,BA Stokes,EJG Morgan,Imran Tahir,1,0,,,,,,"",""
ball,1,23.1,England,BA Stokes,EJG Morgan,L Ngidi,1,0,,,,,,"",""
ball,1,23.2,England,EJG Morgan,BA Stokes,L Ngidi,4,0,,,,,,"",""
ball,1,23.3,England,EJG Morgan,BA Stokes,L Ngidi,0,0,,,,,,"",""
ball,1,23.4,England,EJG Morgan,BA Stokes,L Ngidi,0,0,,,,,,"",""
ball,1,23.5,England,EJG Morgan,BA Stokes,L Ngidi,0,0,,,,,,"",""
ball,1,23.6,England,EJG Morgan,BA Stokes,L Ngidi,0,0,,,,,,"",""
ball,1,24.1,England,BA Stokes,EJG Morgan,JP Duminy,0,0,,,,,,"",""
ball,1,24.2,England,BA Stokes,EJG Morgan,JP Duminy,2,0,,,,,,"",""
ball,1,24.3,England,BA Stokes,EJG Morgan,JP Duminy,0,0,,,,,,"",""
ball,1,24.4,England,BA Stokes,EJG Morgan,JP Duminy,1,0,,,,,,"",""
ball,1,24.5,England,EJG Morgan,BA Stokes,JP Duminy,1,0,,,,,,"",""
ball,1,24.6,England,BA Stokes,EJG Morgan,JP Duminy,0,0,,,,,,"",""
ball,1,25.1,England,EJG Morgan,BA Stokes,L Ngidi,0,0,,,,,,"",""
ball,1,25.2,England,EJG Morgan,BA Stokes,L Ngidi,6,0,,,,,,"",""
ball,1,25.3,England,EJG Morgan,BA Stokes,L Ngidi,6,0,,,,,,"",""
ball,1,25.4,England,EJG Morgan,BA Stokes,L Ngidi,0,0,,,,,,"",""
ball,1,25.5,England,EJG Morgan,BA Stokes,L Ngidi,1,0,,,,,,"",""
ball,1,25.6,England,BA Stokes,EJG Morgan,L Ngidi,0,0,,,,,,"",""
ball,1,26.1,England,EJG Morgan,BA Stokes,JP Duminy,1,0,,,,,,"",""
ball,1,26.2,England,BA Stokes,EJG Morgan,JP Duminy,1,0,,,,,,"",""
ball,1,26.3,England,EJG Morgan,BA Stokes,JP Duminy,1,0,,,,,,"",""
ball,1,26.4,England,BA Stokes,EJG Morgan,JP Duminy,1,0,,,,,,"",""
ball,1,26.5,England,EJG Morgan,BA Stokes,JP Duminy,4,0,,,,,,"",""
ball,1,26.6,England,EJG Morgan,BA Stokes,JP Duminy,2,0,,,,,,"",""
ball,1,27.1,England,BA Stokes,EJG Morgan,AK Markram,1,0,,,,,,"",""
ball,1,27.2,England,EJG Morgan,BA Stokes,AK Markram,0,0,,,,,,"",""
ball,1,27.3,England,EJG Morgan,BA Stokes,AK Markram,0,0,,,,,,"",""
ball,1,27.4,England,EJG Morgan,BA Stokes,AK Markram,0,0,,,,,,"",""
ball,1,27.5,England,EJG Morgan,BA Stokes,AK Markram,0,0,,,,,,"",""
ball,1,27.6,England,EJG Morgan,BA Stokes,AK Markram,1,0,,,,,,"",""
ball,1,28.1,England,EJG Morgan,BA Stokes,Imran Tahir,0,0,,,,,,"",""
ball,1,28.2,England,EJG Morgan,BA Stokes,Imran Tahir,1,0,,,,,,"",""
ball,1,28.3,England,BA Stokes,EJG Morgan,Imran Tahir,0,0,,,,,,"",""
ball,1,28.4,England,BA Stokes,EJG Morgan,Imran Tahir,4,0,,,,,,"",""
ball,1,28.5,England,BA Stokes,EJG Morgan,Imran Tahir,1,0,,,,,,"",""
ball,1,28.6,England,EJG Morgan,BA Stokes,Imran Tahir,1,0,,,,,,"",""
ball,1,29.1,England,EJG Morgan,BA Stokes,AK Markram,0,0,,,,,,"",""
ball,1,29.2,England,EJG Morgan,BA Stokes,AK Markram,0,0,,,,,,"",""
ball,1,29.3,England,EJG Morgan,BA Stokes,AK Markram,1,0,,,,,,"",""
ball,1,29.4,England,BA Stokes,EJG Morgan,AK Markram,1,0,,,,,,"",""
ball,1,29.5,England,EJG Morgan,BA Stokes,AK Markram,0,0,,,,,,"",""
ball,1,29.6,England,EJG Morgan,BA Stokes,AK Markram,1,0,,,,,,"",""
ball,1,30.1,England,EJG Morgan,BA Stokes,AL Phehlukwayo,0,0,,,,,,"",""
ball,1,30.2,England,EJG Morgan,BA Stokes,AL Phehlukwayo,0,0,,,,,,"",""
ball,1,30.3,England,EJG Morgan,BA Stokes,AL Phehlukwayo,0,0,,,,,,"",""
ball,1,30.4,England,EJG Morgan,BA Stokes,AL Phehlukwayo,0,1,1,,,,,"",""
ball,1,30.5,England,EJG Morgan,BA Stokes,AL Phehlukwayo,0,0,,,,,,"",""
ball,1,30.6,England,EJG Morgan,BA Stokes,AL Phehlukwayo,0,0,,,,,,"",""
ball,1,30.7,England,EJG Morgan,BA Stokes,AL Phehlukwayo,0,0,,,,,,"",""
ball,1,31.1,England,BA Stokes,EJG Morgan,AK Markram,0,0,,,,,,"",""
ball,1,31.2,England,BA Stokes,EJG Morgan,AK Markram,4,0,,,,,,"",""
ball,1,31.3,England,BA Stokes,EJG Morgan,AK Markram,1,0,,,,,,"",""
ball,1,31.4,England,EJG Morgan,BA Stokes,AK Markram,0,0,,,,,,"",""
ball,1,31.5,England,EJG Morgan,BA Stokes,AK Markram,6,0,,,,,,"",""
ball,1,31.6,England,EJG Morgan,BA Stokes,AK Markram,0,0,,,,,,"",""
ball,1,32.1,England,BA Stokes,EJG Morgan,AL Phehlukwayo,1,0,,,,,,"",""
ball,1,32.2,England,EJG Morgan,BA Stokes,AL Phehlukwayo,0,0,,,,,,"",""
ball,1,32.3,England,EJG Morgan,BA Stokes,AL Phehlukwayo,4,0,,,,,,"",""
ball,1,32.4,England,EJG Morgan,BA Stokes,AL Phehlukwayo,0,0,,,,,,"",""
ball,1,32.5,England,EJG Morgan,BA Stokes,AL Phehlukwayo,0,0,,,,,,"",""
ball,1,32.6,England,EJG Morgan,BA Stokes,AL Phehlukwayo,0,0,,,,,,"",""
ball,1,33.1,England,BA Stokes,EJG Morgan,D Pretorius,0,0,,,,,,"",""
ball,1,33.2,England,BA Stokes,EJG Morgan,D Pretorius,1,0,,,,,,"",""
ball,1,33.3,England,EJG Morgan,BA Stokes,D Pretorius,1,0,,,,,,"",""
ball,1,33.4,England,BA Stokes,EJG Morgan,D Pretorius,1,0,,,,,,"",""
ball,1,33.5,England,EJG Morgan,BA Stokes,D Pretorius,1,0,,,,,,"",""
ball,1,33.6,England,BA Stokes,EJG Morgan,D Pretorius,1,0,,,,,,"",""
ball,1,34.1,England,BA Stokes,EJG Morgan,AL Phehlukwayo,0,0,,,,,,"",""
ball,1,34.2,England,BA Stokes,EJG Morgan,AL Phehlukwayo,4,0,,,,,,"",""
ball,1,34.3,England,BA Stokes,EJG Morgan,AL Phehlukwayo,2,0,,,,,,"",""
ball,1,34.4,England,BA Stokes,EJG Morgan,AL Phehlukwayo,1,0,,,,,,"",""
ball,1,34.5,England,EJG Morgan,BA Stokes,AL Phehlukwayo,1,0,,,,,,"",""
ball,1,34.6,England,BA Stokes,EJG Morgan,AL Phehlukwayo,0,0,,,,,,"",""
ball,1,35.1,England,EJG Morgan,BA Stokes,D Pretorius,1,0,,,,,,"",""
ball,1,35.2,England,BA Stokes,EJG Morgan,D Pretorius,4,0,,,,,,"",""
ball,1,35.3,England,BA Stokes,EJG Morgan,D Pretorius,0,0,,,,,,"",""
ball,1,35.4,England,BA Stokes,EJG Morgan,D Pretorius,4,0,,,,,,"",""
ball,1,35.5,England,BA Stokes,EJG Morgan,D Pretorius,4,0,,,,,,"",""
ball,1,35.6,England,BA Stokes,EJG Morgan,D Pretorius,0,0,,,,,,"",""
ball,1,36.1,England,EJG Morgan,BA Stokes,Imran Tahir,2,0,,,,,,"",""
ball,1,36.2,England,EJG Morgan,BA Stokes,Imran Tahir,1,0,,,,,,"",""
ball,1,36.3,England,BA Stokes,EJG Morgan,Imran Tahir,0,0,,,,,,"",""
ball,1,36.4,England,BA Stokes,EJG Morgan,Imran Tahir,1,0,,,,,,"",""
ball,1,36.5,England,EJG Morgan,BA Stokes,Imran Tahir,0,0,,,,,,caught,EJG Morgan
ball,1,36.6,England,BA Stokes,JC Buttler,Imran Tahir,0,0,,,,,,"",""
ball,1,37.1,England,JC Buttler,BA Stokes,K Rabada,1,0,,,,,,"",""
ball,1,37.2,England,BA Stokes,JC Buttler,K Rabada,1,0,,,,,,"",""
ball,1,37.3,England,JC Buttler,BA Stokes,K Rabada,1,0,,,,,,"",""
ball,1,37.4,England,BA Stokes,JC Buttler,K Rabada,1,0,,,,,,"",""
ball,1,37.5,England,JC Buttler,BA Stokes,K Rabada,1,0,,,,,,"",""
ball,1,37.6,England,BA Stokes,JC Buttler,K Rabada,0,0,,,,,,"",""
ball,1,38.1,England,JC Buttler,BA Stokes,Imran Tahir,0,0,,,,,,"",""
ball,1,38.2,England,JC Buttler,BA Stokes,Imran Tahir,1,0,,,,,,"",""
ball,1,38.3,England,BA Stokes,JC Buttler,Imran Tahir,1,0,,,,,,"",""
ball,1,38.4,England,JC Buttler,BA Stokes,Imran Tahir,2,0,,,,,,"",""
ball,1,38.5,England,JC Buttler,BA Stokes,Imran Tahir,0,0,,,,,,"",""
ball,1,38.6,England,JC Buttler,BA Stokes,Imran Tahir,1,0,,,,,,"",""
ball,1,39.1,England,JC Buttler,BA Stokes,L Ngidi,2,0,,,,,,"",""
ball,1,39.2,England,JC Buttler,BA Stokes,L Ngidi,1,0,,,,,,"",""
ball,1,39.3,England,BA Stokes,JC Buttler,L Ngidi,1,0,,,,,,"",""
ball,1,39.4,England,JC Buttler,BA Stokes,L Ngidi,2,0,,,,,,"",""
ball,1,39.5,England,JC Buttler,BA Stokes,L Ngidi,1,0,,,,,,"",""
ball,1,39.6,England,BA Stokes,JC Buttler,L Ngidi,1,0,,,,,,"",""
ball,1,40.1,England,BA Stokes,JC Buttler,Imran Tahir,1,0,,,,,,"",""
ball,1,40.2,England,JC Buttler,BA Stokes,Imran Tahir,2,0,,,,,,"",""
ball,1,40.3,England,JC Buttler,BA Stokes,Imran Tahir,1,0,,,,,,"",""
ball,1,40.4,England,BA Stokes,JC Buttler,Imran Tahir,4,0,,,,,,"",""
ball,1,40.5,England,BA Stokes,JC Buttler,Imran Tahir,1,0,,,,,,"",""
ball,1,40.6,England,JC Buttler,BA Stokes,Imran Tahir,2,0,,,,,,"",""
ball,1,41.1,England,BA Stokes,JC Buttler,L Ngidi,1,0,,,,,,"",""
ball,1,41.2,England,JC Buttler,BA Stokes,L Ngidi,0,0,,,,,,bowled,JC Buttler
ball,1,41.3,England,MM Ali,BA Stokes,L Ngidi,0,0,,,,,,"",""
ball,1,41.4,England,MM Ali,BA Stokes,L Ngidi,1,0,,,,,,"",""
ball,1,41.5,England,BA Stokes,MM Ali,L Ngidi,0,1,1,,,,,"",""
ball,1,41.6,England,BA Stokes,MM Ali,L Ngidi,1,0,,,,,,"",""
ball,1,41.7,England,MM Ali,BA Stokes,L Ngidi,0,0,,,,,,"",""
ball,1,42.1,England,BA Stokes,MM Ali,Imran Tahir,1,0,,,,,,"",""
ball,1,42.2,England,MM Ali,BA Stokes,Imran Tahir,1,0,,,,,,"",""
ball,1,42.3,England,BA Stokes,MM Ali,Imran Tahir,2,0,,,,,,"",""
ball,1,42.4,England,BA Stokes,MM Ali,Imran Tahir,2,0,,,,,,"",""
ball,1,42.5,England,BA Stokes,MM Ali,Imran Tahir,1,0,,,,,,"",""
ball,1,42.6,England,MM Ali,BA Stokes,Imran Tahir,0,0,,,,,,"",""
ball,1,43.1,England,BA Stokes,MM Ali,L Ngidi,1,0,,,,,,"",""
ball,1,43.2,England,MM Ali,BA Stokes,L Ngidi,0,0,,,,,,"",""
ball,1,43.3,England,MM Ali,BA Stokes,L Ngidi,0,0,,,,,,"",""
ball,1,43.4,England,MM Ali,BA Stokes,L Ngidi,1,0,,,,,,"",""
ball,1,43.5,England,BA Stokes,MM Ali,L Ngidi,1,0,,,,,,"",""
ball,1,43.6,England,MM Ali,BA Stokes,L Ngidi,0,0,,,,,,caught,MM Ali
ball,1,44.1,England,CR Woakes,BA Stokes,AL Phehlukwayo,0,0,,,,,,"",""
ball,1,44.2,England,CR Woakes,BA Stokes,AL Phehlukwayo,0,0,,,,,,"",""
ball,1,44.3,England,CR Woakes,BA Stokes,AL Phehlukwayo,1,0,,,,,,"",""
ball,1,44.4,England,BA Stokes,CR Woakes,AL Phehlukwayo,1,0,,,,,,"",""
ball,1,44.5,England,CR Woakes,BA Stokes,AL Phehlukwayo,1,0,,,,,,"",""
ball,1,44.6,England,BA Stokes,CR Woakes,AL Phehlukwayo,2,0,,,,,,"",""
ball,1,45.1,England,CR Woakes,BA Stokes,K Rabada,1,0,,,,,,"",""
ball,1,45.2,England,BA Stokes,CR Woakes,K Rabada,1,0,,,,,,"",""
ball,1,45.3,England,CR Woakes,BA Stokes,K Rabada,4,0,,,,,,"",""
ball,1,45.4,England,CR Woakes,BA Stokes,K Rabada,1,0,,,,,,"",""
ball,1,45.5,England,BA Stokes,CR Woakes,K Rabada,0,1,1,,,,,"",""
ball,1,45.6,England,BA Stokes,CR Woakes,K Rabada,1,0,,,,,,"",""
ball,1,45.7,England,CR Woakes,BA Stokes,K Rabada,1,0,,,,,,"",""
ball,1,46.1,England,CR Woakes,BA Stokes,AL Phehlukwayo,0,1,1,,,,,"",""
ball,1,46.2,England,CR Woakes,BA Stokes,AL Phehlukwayo,1,0,,,,,,"",""
ball,1,46.3,England,BA Stokes,CR Woakes,AL Phehlukwayo,0,1,1,,,,,"",""
ball,1,46.4,England,BA Stokes,CR Woakes,AL Phehlukwayo,1,0,,,,,,"",""
ball,1,46.5,England,CR Woakes,BA Stokes,AL Phehlukwayo,0,1,1,,,,,"",""
ball,1,46.6,England,CR Woakes,BA Stokes,AL Phehlukwayo,2,0,,,,,,"",""
ball,1,46.7,England,CR Woakes,BA Stokes,AL Phehlukwayo,1,0,,,,,,"",""
ball,1,46.8,England,BA Stokes,CR Woakes,AL Phehlukwayo,1,0,,,,,,"",""
ball,1,46.9,England,CR Woakes,BA Stokes,AL Phehlukwayo,0,0,,,,,,"",""
ball,1,47.1,England,BA Stokes,CR Woakes,K Rabada,0,1,,,,1,,"",""
ball,1,47.2,England,CR Woakes,BA Stokes,K Rabada,0,0,,,,,,"",""
ball,1,47.3,England,CR Woakes,BA Stokes,K Rabada,0,0,,,,,,caught,CR Woakes
ball,1,47.4,England,BA Stokes,LE Plunkett,K Rabada,4,0,,,,,,"",""
ball,1,47.5,England,BA Stokes,LE Plunkett,K Rabada,1,0,,,,,,"",""
ball,1,47.6,England,LE Plunkett,BA Stokes,K Rabada,4,0,,,,,,"",""
ball,1,48.1,England,BA Stokes,LE Plunkett,L Ngidi,4,0,,,,,,"",""
ball,1,48.2,England,BA Stokes,LE Plunkett,L Ngidi,1,0,,,,,,"",""
ball,1,48.3,England,LE Plunkett,BA Stokes,L Ngidi,0,0,,,,,,"",""
ball,1,48.4,England,LE Plunkett,BA Stokes,L Ngidi,1,0,,,,,,"",""
ball,1,48.5,England,BA Stokes,LE Plunkett,L Ngidi,0,0,,,,,,"",""
ball,1,48.6,England,BA Stokes,LE Plunkett,L Ngidi,0,0,,,,,,caught,BA Stokes
ball,1,49.1,England,LE Plunkett,JC Archer,K Rabada,1,0,,,,,,"",""
ball,1,49.2,England,JC Archer,LE Plunkett,K Rabada,4,0,,,,,,"",""
ball,1,49.3,England,JC Archer,LE Plunkett,K Rabada,2,0,,,,,,"",""
ball,1,49.4,England,JC Archer,LE Plunkett,K Rabada,1,0,,,,,,"",""
ball,1,49.5,England,LE Plunkett,JC Archer,K Rabada,2,0,,,,,,"",""
ball,1,49.6,England,LE Plunkett,JC Archer,K Rabada,1,0,,,,,,"",""
ball,2,0.1,South Africa,Q de Kock,HM Amla,CR Woakes,0,0,,,,,,"",""
ball,2,0.2,South Africa,Q de Kock,HM Amla,CR Woakes,0,0,,,,,,"",""
ball,2,0.3,South Africa,Q de Kock,HM Amla,CR Woakes,0,0,,,,,,"",""
ball,2,0.4,South Africa,Q de Kock,HM Amla,CR Woakes,2,0,,,,,,"",""
ball,2,0.5,South Africa,Q de Kock,HM Amla,CR Woakes,0,0,,,,,,"",""
ball,2,0.6,South Africa,Q de Kock,HM Amla,CR Woakes,0,0,,,,,,"",""
ball,2,1.1,South Africa,HM Amla,Q de Kock,JC Archer,0,0,,,,,,"",""
ball,2,1.2,South Africa,HM Amla,Q de Kock,JC Archer,0,0,,,,,,"",""
ball,2,1.3,South Africa,HM Amla,Q de Kock,JC Archer,1,0,,,,,,"",""
ball,2,1.4,South Africa,Q de Kock,HM Amla,JC Archer,0,0,,,,,,"",""
ball,2,1.5,South Africa,Q de Kock,HM Amla,JC Archer,0,0,,,,,,"",""
ball,2,1.6,South Africa,Q de Kock,HM Amla,JC Archer,1,0,,,,,,"",""
ball,2,2.1,South Africa,Q de Kock,HM Amla,CR Woakes,0,0,,,,,,"",""
ball,2,2.2,South Africa,Q de Kock,HM Amla,CR Woakes,0,0,,,,,,"",""
ball,2,2.3,South Africa,Q de Kock,HM Amla,CR Woakes,0,0,,,,,,"",""
ball,2,2.4,South Africa,Q de Kock,HM Amla,CR Woakes,4,0,,,,,,"",""
ball,2,2.5,South Africa,Q de Kock,HM Amla,CR Woakes,2,0,,,,,,"",""
ball,2,2.6,South Africa,Q de Kock,HM Amla,CR Woakes,0,0,,,,,,"",""
ball,2,3.1,South Africa,HM Amla,Q de Kock,JC Archer,0,0,,,,,,"",""
ball,2,3.2,South Africa,HM Amla,Q de Kock,JC Archer,4,0,,,,,,"",""
ball,2,3.3,South Africa,HM Amla,Q de Kock,JC Archer,0,0,,,,,,"",""
ball,2,3.4,South Africa,HM Amla,Q de Kock,JC Archer,0,0,,,,,,"",""
ball,2,3.5,South Africa,HM Amla,Q de Kock,JC Archer,0,0,,,,,,"",""
ball,2,3.6,South Africa,AK Markram,Q de Kock,JC Archer,0,0,,,,,,"",""
ball,2,4.1,South Africa,Q de Kock,AK Markram,CR Woakes,0,0,,,,,,"",""
ball,2,4.2,South Africa,Q de Kock,AK Markram,CR Woakes,0,0,,,,,,"",""
ball,2,4.3,South Africa,Q de Kock,AK Markram,CR Woakes,4,0,,,,,,"",""
ball,2,4.4,South Africa,Q de Kock,AK Markram,CR Woakes,0,0,,,,,,"",""
ball,2,4.5,South Africa,Q de Kock,AK Markram,CR Woakes,4,0,,,,,,"",""
ball,2,4.6,South Africa,Q de Kock,AK Markram,CR Woakes,0,0,,,,,,"",""
ball,2,5.1,South Africa,AK Markram,Q de Kock,JC Archer,0,0,,,,,,"",""
ball,2,5.2,South Africa,AK Markram,Q de Kock,JC Archer,2,0,,,,,,"",""
ball,2,5.3,South Africa,AK Markram,Q de Kock,JC Archer,1,0,,,,,,"",""
ball,2,5.4,South Africa,Q de Kock,AK Markram,JC Archer,0,0,,,,,,"",""
ball,2,5.5,South Africa,Q de Kock,AK Markram,JC Archer,1,0,,,,,,"",""
ball,2,5.6,South Africa,AK Markram,Q de Kock,JC Archer,0,0,,,,,,"",""
ball,2,6.1,South Africa,Q de Kock,AK Markram,CR Woakes,1,0,,,,,,"",""
ball,2,6.2,South Africa,AK Markram,Q de Kock,CR Woakes,0,0,,,,,,"",""
ball,2,6.3,South Africa,AK Markram,Q de Kock,CR Woakes,0,0,,,,,,"",""
ball,2,6.4,South Africa,AK Markram,Q de Kock,CR Woakes,0,0,,,,,,"",""
ball,2,6.5,South Africa,AK Markram,Q de Kock,CR Woakes,4,0,,,,,,"",""
ball,2,6.6,South Africa,AK Markram,Q de Kock,CR Woakes,0,0,,,,,,"",""
ball,2,7.1,South Africa,Q de Kock,AK Markram,JC Archer,0,0,,,,,,"",""
ball,2,7.2,South Africa,Q de Kock,AK Markram,JC Archer,1,0,,,,,,"",""
ball,2,7.3,South Africa,AK Markram,Q de Kock,JC Archer,4,0,,,,,,"",""
ball,2,7.4,South Africa,AK Markram,Q de Kock,JC Archer,0,0,,,,,,caught,AK Markram
ball,2,7.5,South Africa,F du Plessis,Q de Kock,JC Archer,4,0,,,,,,"",""
ball,2,7.6,South Africa,F du Plessis,Q de Kock,JC Archer,0,0,,,,,,"",""
ball,2,8.1,South Africa,Q de Kock,F du Plessis,CR Woakes,0,0,,,,,,"",""
ball,2,8.2,South Africa,Q de Kock,F du Plessis,CR Woakes,1,0,,,,,,"",""
ball,2,8.3,South Africa,F du Plessis,Q de Kock,CR Woakes,1,0,,,,,,"",""
ball,2,8.4,South Africa,Q de Kock,F du Plessis,CR Woakes,1,0,,,,,,"",""
ball,2,8.5,South Africa,F du Plessis,Q de Kock,CR Woakes,0,0,,,,,,"",""
ball,2,8.6,South Africa,F du Plessis,Q de Kock,CR Woakes,0,0,,,,,,"",""
ball,2,9.1,South Africa,Q de Kock,F du Plessis,JC Archer,1,0,,,,,,"",""
ball,2,9.2,South Africa,F du Plessis,Q de Kock,JC Archer,0,0,,,,,,"",""
ball,2,9.3,South Africa,F du Plessis,Q de Kock,JC Archer,0,0,,,,,,caught,F du Plessis
ball,2,9.4,South Africa,Q de Kock,HE van der Dussen,JC Archer,0,0,,,,,,"",""
ball,2,9.5,South Africa,Q de Kock,HE van der Dussen,JC Archer,0,0,,,,,,"",""
ball,2,9.6,South Africa,Q de Kock,HE van der Dussen,JC Archer,0,0,,,,,,"",""
ball,2,10.1,South Africa,HE van der Dussen,Q de Kock,AU Rashid,1,0,,,,,,"",""
ball,2,10.2,South Africa,Q de Kock,HE van der Dussen,AU Rashid,2,0,,,,,,"",""
ball,2,10.3,South Africa,Q de Kock,HE van der Dussen,AU Rashid,0,0,,,,,,"",""
ball,2,10.4,South Africa,Q de Kock,HE van der Dussen,AU Rashid,0,0,,,,,,"",""
ball,2,10.5,South Africa,Q de Kock,HE van der Dussen,AU Rashid,4,0,,,,,,"",""
ball,2,10.6,South Africa,Q de Kock,HE van der Dussen,AU Rashid,0,0,,,,,,"",""
ball,2,11.1,South Africa,HE van der Dussen,Q de Kock,MM Ali,2,0,,,,,,"",""
ball,2,11.2,South Africa,HE van der Dussen,Q de Kock,MM Ali,0,0,,,,,,"",""
ball,2,11.3,South Africa,HE van der Dussen,Q de Kock,MM Ali,1,0,,,,,,"",""
ball,2,11.4,South Africa,Q de Kock,HE van der Dussen,MM Ali,1,0,,,,,,"",""
ball,2,11.5,South Africa,HE van der Dussen,Q de Kock,MM Ali,1,0,,,,,,"",""
ball,2,11.6,South Africa,Q de Kock,HE van der Dussen,MM Ali,6,0,,,,,,"",""
ball,2,12.1,South Africa,HE van der Dussen,Q de Kock,AU Rashid,1,0,,,,,,"",""
ball,2,12.2,South Africa,Q de Kock,HE van der Dussen,AU Rashid,0,0,,,,,,"",""
ball,2,12.3,South Africa,Q de Kock,HE van der Dussen,AU Rashid,1,0,,,,,,"",""
ball,2,12.4,South Africa,HE van der Dussen,Q de Kock,AU Rashid,0,0,,,,,,"",""
ball,2,12.5,South Africa,HE van der Dussen,Q de Kock,AU Rashid,0,1,,,,1,,"",""
ball,2,12.6,South Africa,Q de Kock,HE van der Dussen,AU Rashid,1,0,,,,,,"",""
ball,2,13.1,South Africa,Q de Kock,HE van der Dussen,MM Ali,0,0,,,,,,"",""
ball,2,13.2,South Africa,Q de Kock,HE van der Dussen,MM Ali,0,0,,,,,,"",""
ball,2,13.3,South Africa,Q de Kock,HE van der Dussen,MM Ali,1,0,,,,,,"",""
ball,2,13.4,South Africa,HE van der Dussen,Q de Kock,MM Ali,0,0,,,,,,"",""
ball,2,13.5,South Africa,HE van der Dussen,Q de Kock,MM Ali,0,0,,,,,,"",""
ball,2,13.6,South Africa,HE van der Dussen,Q de Kock,MM Ali,0,4,,,4,,,"",""
ball,2,14.1,South Africa,Q de Kock,HE van der Dussen,AU Rashid,2,0,,,,,,"",""
ball,2,14.2,South Africa,Q de Kock,HE van der Dussen,AU Rashid,1,0,,,,,,"",""
ball,2,14.3,South Africa,HE van der Dussen,Q de Kock,AU Rashid,0,0,,,,,,"",""
ball,2,14.4,South Africa,HE van der Dussen,Q de Kock,AU Rashid,0,0,,,,,,"",""
ball,2,14.5,South Africa,HE van der Dussen,Q de Kock,AU Rashid,0,0,,,,,,"",""
ball,2,14.6,South Africa,HE van der Dussen,Q de Kock,AU Rashid,0,0,,,,,,"",""
ball,2,15.1,South Africa,Q de Kock,HE van der Dussen,MM Ali,1,0,,,,,,"",""
ball,2,15.2,South Africa,HE van der Dussen,Q de Kock,MM Ali,4,0,,,,,,"",""
ball,2,15.3,South Africa,HE van der Dussen,Q de Kock,MM Ali,0,0,,,,,,"",""
ball,2,15.4,South Africa,HE van der Dussen,Q de Kock,MM Ali,0,0,,,,,,"",""
ball,2,15.5,South Africa,HE van der Dussen,Q de Kock,MM Ali,0,0,,,,,,"",""
ball,2,15.6,South Africa,HE van der Dussen,Q de Kock,MM Ali,0,0,,,,,,"",""
ball,2,16.1,South Africa,Q de Kock,HE van der Dussen,AU Rashid,4,0,,,,,,"",""
ball,2,16.2,South Africa,Q de Kock,HE van der Dussen,AU Rashid,0,0,,,,,,"",""
ball,2,16.3,South Africa,Q de Kock,HE van der Dussen,AU Rashid,1,0,,,,,,"",""
ball,2,16.4,South Africa,HE van der Dussen,Q de Kock,AU Rashid,1,0,,,,,,"",""
ball,2,16.5,South Africa,Q de Kock,HE van der Dussen,AU Rashid,0,0,,,,,,"",""
ball,2,16.6,South Africa,Q de Kock,HE van der Dussen,AU Rashid,1,0,,,,,,"",""
ball,2,17.1,South Africa,Q de Kock,HE van der Dussen,MM Ali,0,0,,,,,,"",""
ball,2,17.2,South Africa,Q de Kock,HE van der Dussen,MM Ali,0,0,,,,,,"",""
ball,2,17.3,South Africa,Q de Kock,HE van der Dussen,MM Ali,0,0,,,,,,"",""
ball,2,17.4,South Africa,Q de Kock,HE van der Dussen,MM Ali,1,0,,,,,,"",""
ball,2,17.5,South Africa,HE van der Dussen,Q de Kock,MM Ali,2,0,,,,,,"",""
ball,2,17.6,South Africa,HE van der Dussen,Q de Kock,MM Ali,0,0,,,,,,"",""
ball,2,18.1,South Africa,Q de Kock,HE van der Dussen,LE Plunkett,2,0,,,,,,"",""
ball,2,18.2,South Africa,Q de Kock,HE van der Dussen,LE Plunkett,1,0,,,,,,"",""
ball,2,18.3,South Africa,HE van der Dussen,Q de Kock,LE Plunkett,1,0,,,,,,"",""
ball,2,18.4,South Africa,Q de Kock,HE van der Dussen,LE Plunkett,0,0,,,,,,"",""
ball,2,18.5,South Africa,Q de Kock,HE van der Dussen,LE Plunkett,1,0,,,,,,"",""
ball,2,18.6,South Africa,HE van der Dussen,Q de Kock,LE Plunkett,1,0,,,,,,"",""
ball,2,19.1,South Africa,HE van der Dussen,Q de Kock,MM Ali,1,0,,,,,,"",""
ball,2,19.2,South Africa,Q de Kock,HE van der Dussen,MM Ali,0,0,,,,,,"",""
ball,2,19.3,South Africa,Q de Kock,HE van der Dussen,MM Ali,0,0,,,,,,"",""
ball,2,19.4,South Africa,Q de Kock,HE van der Dussen,MM Ali,0,0,,,,,,"",""
ball,2,19.5,South Africa,Q de Kock,HE van der Dussen,MM Ali,1,0,,,,,,"",""
ball,2,19.6,South Africa,HE van der Dussen,Q de Kock,MM Ali,0,0,,,,,,"",""
ball,2,20.1,South Africa,Q de Kock,HE van der Dussen,LE Plunkett,4,0,,,,,,"",""
ball,2,20.2,South Africa,Q de Kock,HE van der Dussen,LE Plunkett,1,0,,,,,,"",""
ball,2,20.3,South Africa,HE van der Dussen,Q de Kock,LE Plunkett,1,0,,,,,,"",""
ball,2,20.4,South Africa,Q de Kock,HE van der Dussen,LE Plunkett,0,0,,,,,,"",""
ball,2,20.5,South Africa,Q de Kock,HE van der Dussen,LE Plunkett,6,0,,,,,,"",""
ball,2,20.6,South Africa,Q de Kock,HE van der Dussen,LE Plunkett,0,0,,,,,,"",""
ball,2,21.1,South Africa,HE van der Dussen,Q de Kock,MM Ali,6,0,,,,,,"",""
ball,2,21.2,South Africa,HE van der Dussen,Q de Kock,MM Ali,4,0,,,,,,"",""
ball,2,21.3,South Africa,HE van der Dussen,Q de Kock,MM Ali,1,0,,,,,,"",""
ball,2,21.4,South Africa,Q de Kock,HE van der Dussen,MM Ali,1,0,,,,,,"",""
ball,2,21.5,South Africa,HE van der Dussen,Q de Kock,MM Ali,4,0,,,,,,"",""
ball,2,21.6,South Africa,HE van der Dussen,Q de Kock,MM Ali,0,0,,,,,,"",""
ball,2,22.1,South Africa,Q de Kock,HE van der Dussen,LE Plunkett,1,0,,,,,,"",""
ball,2,22.2,South Africa,HE van der Dussen,Q de Kock,LE Plunkett,2,0,,,,,,"",""
ball,2,22.3,South Africa,HE van der Dussen,Q de Kock,LE Plunkett,0,0,,,,,,"",""
ball,2,22.4,South Africa,HE van der Dussen,Q de Kock,LE Plunkett,0,0,,,,,,"",""
ball,2,22.5,South Africa,HE van der Dussen,Q de Kock,LE Plunkett,1,0,,,,,,"",""
ball,2,22.6,South Africa,Q de Kock,HE van der Dussen,LE Plunkett,0,0,,,,,,caught,Q de Kock
ball,2,23.1,South Africa,HE van der Dussen,JP Duminy,MM Ali,1,0,,,,,,"",""
ball,2,23.2,South Africa,JP Duminy,HE van der Dussen,MM Ali,1,0,,,,,,"",""
ball,2,23.3,South Africa,HE van der Dussen,JP Duminy,MM Ali,1,0,,,,,,"",""
ball,2,23.4,South Africa,JP Duminy,HE van der Dussen,MM Ali,1,0,,,,,,"",""
ball,2,23.5,South Africa,HE van der Dussen,JP Duminy,MM Ali,1,0,,,,,,"",""
ball,2,23.6,South Africa,JP Duminy,HE van der Dussen,MM Ali,1,0,,,,,,"",""
ball,2,24.1,South Africa,JP Duminy,HE van der Dussen,LE Plunkett,0,0,,,,,,"",""
ball,2,24.2,South Africa,JP Duminy,HE van der Dussen,LE Plunkett,0,0,,,,,,"",""
ball,2,24.3,South Africa,JP Duminy,HE van der Dussen,LE Plunkett,1,0,,,,,,"",""
ball,2,24.4,South Africa,HE van der Dussen,JP Duminy,LE Plunkett,1,0,,,,,,"",""
ball,2,24.5,South Africa,JP Duminy,HE van der Dussen,LE Plunkett,0,0,,,,,,"",""
ball,2,24.6,South Africa,JP Duminy,HE van der Dussen,LE Plunkett,0,0,,,,,,"",""
ball,2,25.1,South Africa,HE van der Dussen,JP Duminy,MM Ali,0,0,,,,,,"",""
ball,2,25.2,South Africa,HE van der Dussen,JP Duminy,MM Ali,1,0,,,,,,"",""
ball,2,25.3,South Africa,JP Duminy,HE van der Dussen,MM Ali,4,0,,,,,,"",""
ball,2,25.4,South Africa,JP Duminy,HE van der Dussen,MM Ali,0,0,,,,,,"",""
ball,2,25.5,South Africa,JP Duminy,HE van der Dussen,MM Ali,0,0,,,,,,caught,JP Duminy
ball,2,25.6,South Africa,HE van der Dussen,D Pretorius,MM Ali,0,0,,,,,,"",""
ball,2,26.1,South Africa,D Pretorius,HE van der Dussen,LE Plunkett,1,0,,,,,,"",""
ball,2,26.2,South Africa,HE van der Dussen,D Pretorius,LE Plunkett,1,0,,,,,,run out,D Pretorius
ball,2,26.3,South Africa,HE van der Dussen,AL Phehlukwayo,LE Plunkett,1,0,,,,,,"",""
ball,2,26.4,South Africa,AL Phehlukwayo,HE van der Dussen,LE Plunkett,0,0,,,,,,"",""
ball,2,26.5,South Africa,AL Phehlukwayo,HE van der Dussen,LE Plunkett,1,0,,,,,,"",""
ball,2,26.6,South Africa,HE van der Dussen,AL Phehlukwayo,LE Plunkett,0,0,,,,,,"",""
ball,2,27.1,South Africa,AL Phehlukwayo,HE van der Dussen,MM Ali,2,0,,,,,,"",""
ball,2,27.2,South Africa,AL Phehlukwayo,HE van der Dussen,MM Ali,0,0,,,,,,"",""
ball,2,27.3,South Africa,AL Phehlukwayo,HE van der Dussen,MM Ali,0,0,,,,,,"",""
ball,2,27.4,South Africa,AL Phehlukwayo,HE van der Dussen,MM Ali,0,0,,,,,,"",""
ball,2,27.5,South Africa,AL Phehlukwayo,HE van der Dussen,MM Ali,1,0,,,,,,"",""
ball,2,27.6,South Africa,HE van der Dussen,AL Phehlukwayo,MM Ali,1,0,,,,,,"",""
ball,2,28.1,South Africa,HE van der Dussen,AL Phehlukwayo,AU Rashid,1,0,,,,,,"",""
ball,2,28.2,South Africa,AL Phehlukwayo,HE van der Dussen,AU Rashid,0,0,,,,,,"",""
ball,2,28.3,South Africa,AL Phehlukwayo,HE van der Dussen,AU Rashid,0,0,,,,,,"",""
ball,2,28.4,South Africa,AL Phehlukwayo,HE van der Dussen,AU Rashid,4,0,,,,,,"",""
ball,2,28.5,South Africa,AL Phehlukwayo,HE van der Dussen,AU Rashid,0,0,,,,,,"",""
ball,2,28.6,South Africa,AL Phehlukwayo,HE van der Dussen,AU Rashid,1,0,,,,,,"",""
ball,2,29.1,South Africa,AL Phehlukwayo,HE van der Dussen,MM Ali,4,0,,,,,,"",""
ball,2,29.2,South Africa,AL Phehlukwayo,HE van der Dussen,MM Ali,0,0,,,,,,"",""
ball,2,29.3,South Africa,AL Phehlukwayo,HE van der Dussen,MM Ali,1,0,,,,,,"",""
ball,2,29.4,South Africa,HE van der Dussen,AL Phehlukwayo,MM Ali,4,0,,,,,,"",""
ball,2,29.5,South Africa,HE van der Dussen,AL Phehlukwayo,MM Ali,0,0,,,,,,"",""
ball,2,29.6,South Africa,HE van der Dussen,AL Phehlukwayo,MM Ali,1,0,,,,,,"",""
ball,2,30.1,South Africa,HE van der Dussen,AL Phehlukwayo,AU Rashid,0,0,,,,,,"",""
ball,2,30.2,South Africa,HE van der Dussen,AL Phehlukwayo,AU Rashid,0,0,,,,,,"",""
ball,2,30.3,South Africa,HE van der Dussen,AL Phehlukwayo,AU Rashid,0,0,,,,,,"",""
ball,2,30.4,South Africa,HE van der Dussen,AL Phehlukwayo,AU Rashid,1,0,,,,,,"",""
ball,2,30.5,South Africa,AL Phehlukwayo,HE van der Dussen,AU Rashid,0,0,,,,,,"",""
ball,2,30.6,South Africa,AL Phehlukwayo,HE van der Dussen,AU Rashid,0,0,,,,,,"",""
ball,2,31.1,South Africa,HE van der Dussen,AL Phehlukwayo,JC Archer,0,0,,,,,,"",""
ball,2,31.2,South Africa,HE van der Dussen,AL Phehlukwayo,JC Archer,0,0,,,,,,"",""
ball,2,31.3,South Africa,HE van der Dussen,AL Phehlukwayo,JC Archer,0,0,,,,,,"",""
ball,2,31.4,South Africa,HE van der Dussen,AL Phehlukwayo,JC Archer,0,0,,,,,,"",""
ball,2,31.5,South Africa,HE van der Dussen,AL Phehlukwayo,JC Archer,0,0,,,,,,caught,HE van der Dussen
ball,2,31.6,South Africa,HM Amla,AL Phehlukwayo,JC Archer,0,0,,,,,,"",""
ball,2,32.1,South Africa,AL Phehlukwayo,HM Amla,AU Rashid,4,0,,,,,,"",""
ball,2,32.2,South Africa,AL Phehlukwayo,HM Amla,AU Rashid,1,0,,,,,,"",""
ball,2,32.3,South Africa,HM Amla,AL Phehlukwayo,AU Rashid,0,0,,,,,,"",""
ball,2,32.4,South Africa,HM Amla,AL Phehlukwayo,AU Rashid,0,0,,,,,,"",""
ball,2,32.5,South Africa,HM Amla,AL Phehlukwayo,AU Rashid,1,0,,,,,,"",""
ball,2,32.6,South Africa,AL Phehlukwayo,HM Amla,AU Rashid,0,0,,,,,,"",""
ball,2,33.1,South Africa,HM Amla,AL Phehlukwayo,JC Archer,0,0,,,,,,"",""
ball,2,33.2,South Africa,HM Amla,AL Phehlukwayo,JC Archer,1,0,,,,,,"",""
ball,2,33.3,South Africa,AL Phehlukwayo,HM Amla,JC Archer,0,0,,,,,,"",""
ball,2,33.4,South Africa,AL Phehlukwayo,HM Amla,JC Archer,4,0,,,,,,"",""
ball,2,33.5,South Africa,AL Phehlukwayo,HM Amla,JC Archer,0,1,1,,,,,"",""
ball,2,33.6,South Africa,AL Phehlukwayo,HM Amla,JC Archer,0,0,,,,,,"",""
ball,2,33.7,South Africa,AL Phehlukwayo,HM Amla,JC Archer,1,0,,,,,,"",""
ball,2,34.1,South Africa,AL Phehlukwayo,HM Amla,AU Rashid,0,0,,,,,,caught,AL Phehlukwayo
ball,2,34.2,South Africa,K Rabada,HM Amla,AU Rashid,0,0,,,,,,"",""
ball,2,34.3,South Africa,K Rabada,HM Amla,AU Rashid,0,0,,,,,,"",""
ball,2,34.4,South Africa,K Rabada,HM Amla,AU Rashid,1,0,,,,,,"",""
ball,2,34.5,South Africa,HM Amla,K Rabada,AU Rashid,0,0,,,,,,"",""
ball,2,34.6,South Africa,HM Amla,K Rabada,AU Rashid,1,0,,,,,,"",""
ball,2,35.1,South Africa,HM Amla,K Rabada,BA Stokes,1,0,,,,,,"",""
ball,2,35.2,South Africa,K Rabada,HM Amla,BA Stokes,0,0,,,,,,"",""
ball,2,35.3,South Africa,K Rabada,HM Amla,BA Stokes,0,0,,,,,,"",""
ball,2,35.4,South Africa,K Rabada,HM Amla,BA Stokes,0,0,,,,,,"",""
ball,2,35.5,South Africa,K Rabada,HM Amla,BA Stokes,0,0,,,,,,"",""
ball,2,35.6,South Africa,K Rabada,HM Amla,BA Stokes,0,0,,,,,,"",""
ball,2,36.1,South Africa,HM Amla,K Rabada,LE Plunkett,0,0,,,,,,"",""
ball,2,36.2,South Africa,HM Amla,K Rabada,LE Plunkett,1,0,,,,,,"",""
ball,2,36.3,South Africa,K Rabada,HM Amla,LE Plunkett,0,0,,,,,,"",""
ball,2,36.4,South Africa,K Rabada,HM Amla,LE Plunkett,1,0,,,,,,"",""
ball,2,36.5,South Africa,HM Amla,K Rabada,LE Plunkett,1,0,,,,,,"",""
ball,2,36.6,South Africa,K Rabada,HM Amla,LE Plunkett,0,0,,,,,,"",""
ball,2,37.1,South Africa,HM Amla,K Rabada,BA Stokes,1,0,,,,,,"",""
ball,2,37.2,South Africa,K Rabada,HM Amla,BA Stokes,4,0,,,,,,"",""
ball,2,37.3,South Africa,K Rabada,HM Amla,BA Stokes,0,0,,,,,,"",""
ball,2,37.4,South Africa,K Rabada,HM Amla,BA Stokes,0,0,,,,,,"",""
ball,2,37.5,South Africa,K Rabada,HM Amla,BA Stokes,1,0,,,,,,"",""
ball,2,37.6,South Africa,HM Amla,K Rabada,BA Stokes,1,0,,,,,,"",""
ball,2,38.1,South Africa,HM Amla,K Rabada,LE Plunkett,0,0,,,,,,caught,HM Amla
ball,2,38.2,South Africa,L Ngidi,K Rabada,LE Plunkett,0,0,,,,,,"",""
ball,2,38.3,South Africa,L Ngidi,K Rabada,LE Plunkett,0,0,,,,,,"",""
ball,2,38.4,South Africa,L Ngidi,K Rabada,LE Plunkett,6,0,,,,,,"",""
ball,2,38.5,South Africa,L Ngidi,K Rabada,LE Plunkett,0,0,,,,,,"",""
ball,2,38.6,South Africa,L Ngidi,K Rabada,LE Plunkett,0,0,,,,,,"",""
ball,2,39.1,South Africa,K Rabada,L Ngidi,BA Stokes,4,0,,,,,,"",""
ball,2,39.2,South Africa,K Rabada,L Ngidi,BA Stokes,0,0,,,,,,"",""
ball,2,39.3,South Africa,K Rabada,L Ngidi,BA Stokes,0,4,,,,4,,"",""
ball,2,39.4,South Africa,K Rabada,L Ngidi,BA Stokes,0,0,,,,,,caught,K Rabada
ball,2,39.5,South Africa,Imran Tahir,L Ngidi,BA Stokes,0,0,,,,,,caught,Imran Tahir
