version,1.6.0
info,balls_per_over,6
info,team,South Africa
info,team,Sri Lanka
info,gender,male
info,season,2019
info,date,2019/06/28
info,event,World Cup
info,match_number,35
info,venue,Riverside Ground
info,city,Chester-le-Street
info,toss_winner,South Africa
info,toss_decision,field
info,player_of_match,D Pretorius
info,umpire,RJ Tucker
info,umpire,S Ravi
info,reserve_umpire,PR Reiffel
info,tv_umpire,BNJ Oxenford
info,match_referee,DC Boon
info,winner,South Africa
info,winner_wickets,9
info,player,Sri Lanka,FDM Karunaratne
info,player,Sri Lanka,MDKJ Perera
info,player,Sri Lanka,WIA Fernando
info,player,Sri Lanka,BKG Mendis
info,player,Sri Lanka,AD Mathews
info,player,Sri Lanka,DM de Silva
info,player,Sri Lanka,BMAJ Mendis
info,player,Sri Lanka,NLTC Perera
info,player,Sri Lanka,I Udana
info,player,Sri Lanka,RAS Lakmal
info,player,Sri Lanka,SL Malinga
info,player,South Africa,Q de Kock
info,player,South Africa,HM Amla
info,player,South Africa,F du Plessis
info,player,South Africa,HE van der Dussen
info,player,South Africa,AK Markram
info,player,South Africa,JP Duminy
info,player,South Africa,D Pretorius
info,player,South Africa,AL Phehlukwayo
info,player,South Africa,CH Morris
info,player,South Africa,K Rabada
info,player,South Africa,Imran Tahir
info,registry,people,AD Mathews,896d78ad
info,registry,people,AK Markram,6a26221c
info,registry,people,AL Phehlukwayo,ab6b1c45
info,registry,people,BKG Mendis,5d1e7582
info,registry,people,BMAJ Mendis,9868bc75
info,registry,people,BNJ Oxenford,c1add349
info,registry,people,CH Morris,fb66ce1f
info,registry,people,D Pretorius,11614d87
info,registry,people,DC Boon,e79a1fe3
info,registry,people,DM de Silva,7d608e12
info,registry,people,F du Plessis,3355b542
info,registry,people,FDM Karunaratne,400e2d4d
info,registry,people,HE van der Dussen,9948e262
info,registry,people,HM Amla,e798611a
info,registry,people,I Udana,ac5ae4af
info,registry,people,Imran Tahir,acee4cc4
info,registry,people,JP Duminy,2e8994e7
info,registry,people,K Rabada,e62dd25d
info,registry,people,MDKJ Perera,f21043a5
info,registry,people,NLTC Perera,0f12f9df
info,registry,people,PR Reiffel,c9354f29
info,registry,people,Q de Kock,372455c4
info,registry,people,RAS Lakmal,2f28dc94
info,registry,people,RJ Tucker,38810cfc
info,registry,people,S Ravi,9b9ee0df
info,registry,people,SL Malinga,a12e1d51
info,registry,people,WIA Fernando,9550470d
ball,1,0.1,Sri Lanka,FDM Karunaratne,MDKJ Perera,K Rabada,0,0,,,,,,caught,FDM Karunaratne
ball,1,0.2,Sri Lanka,WIA Fernando,MDKJ Perera,K Rabada,0,0,,,,,,"",""
ball,1,0.3,Sri Lanka,WIA Fernando,MDKJ Perera,K Rabada,3,0,,,,,,"",""
ball,1,0.4,Sri Lanka,MDKJ Perera,WIA Fernando,K Rabada,0,1,1,,,,,"",""
ball,1,0.5,Sri Lanka,MDKJ Perera,WIA Fernando,K Rabada,0,0,,,,,,"",""
ball,1,0.6,Sri Lanka,MDKJ Perera,WIA Fernando,K Rabada,2,0,,,,,,"",""
ball,1,0.7,Sri Lanka,MDKJ Perera,WIA Fernando,K Rabada,0,0,,,,,,"",""
ball,1,1.1,Sri Lanka,WIA Fernando,MDKJ Perera,CH Morris,0,0,,,,,,"",""
ball,1,1.2,Sri Lanka,WIA Fernando,MDKJ Perera,CH Morris,3,0,,,,,,"",""
ball,1,1.3,Sri Lanka,MDKJ Perera,WIA Fernando,CH Morris,0,0,,,,,,"",""
ball,1,1.4,Sri Lanka,MDKJ Perera,WIA Fernando,CH Morris,0,1,1,,,,,"",""
ball,1,1.5,Sri Lanka,MDKJ Perera,WIA Fernando,CH Morris,0,0,,,,,,"",""
ball,1,1.6,Sri Lanka,MDKJ Perera,WIA Fernando,CH Morris,4,0,,,,,,"",""
ball,1,1.7,Sri Lanka,MDKJ Perera,WIA Fernando,CH Morris,0,0,,,,,,"",""
ball,1,2.1,Sri Lanka,WIA Fernando,MDKJ Perera,K Rabada,2,0,,,,,,"",""
ball,1,2.2,Sri Lanka,WIA Fernando,MDKJ Perera,K Rabada,0,0,,,,,,"",""
ball,1,2.3,Sri Lanka,WIA Fernando,MDKJ Perera,K Rabada,4,0,,,,,,"",""
ball,1,2.4,Sri Lanka,WIA Fernando,MDKJ Perera,K Rabada,0,0,,,,,,"",""
ball,1,2.5,Sri Lanka,WIA Fernando,MDKJ Perera,K Rabada,0,0,,,,,,"",""
ball,1,2.6,Sri Lanka,WIA Fernando,MDKJ Perera,K Rabada,0,0,,,,,,"",""
ball,1,3.1,Sri Lanka,MDKJ Perera,WIA Fernando,CH Morris,4,0,,,,,,"",""
ball,1,3.2,Sri Lanka,MDKJ Perera,WIA Fernando,CH Morris,1,0,,,,,,"",""
ball,1,3.3,Sri Lanka,WIA Fernando,MDKJ Perera,CH Morris,0,0,,,,,,"",""
ball,1,3.4,Sri Lanka,WIA Fernando,MDKJ Perera,CH Morris,1,0,,,,,,"",""
ball,1,3.5,Sri Lanka,MDKJ Perera,WIA Fernando,CH Morris,0,0,,,,,,"",""
ball,1,3.6,Sri Lanka,MDKJ Perera,WIA Fernando,CH Morris,0,0,,,,,,"",""
ball,1,4.1,Sri Lanka,WIA Fernando,MDKJ Perera,K Rabada,0,0,,,,,,"",""
ball,1,4.2,Sri Lanka,WIA Fernando,MDKJ Perera,K Rabada,0,0,,,,,,"",""
ball,1,4.3,Sri Lanka,WIA Fernando,MDKJ Perera,K Rabada,0,4,,,4,,,"",""
ball,1,4.4,Sri Lanka,WIA Fernando,MDKJ Perera,K Rabada,1,0,,,,,,"",""
ball,1,4.5,Sri Lanka,MDKJ Perera,WIA Fernando,K Rabada,1,0,,,,,,"",""
ball,1,4.6,Sri Lanka,WIA Fernando,MDKJ Perera,K Rabada,4,0,,,,,,"",""
ball,1,5.1,Sri Lanka,MDKJ Perera,WIA Fernando,D Pretorius,0,0,,,,,,"",""
ball,1,5.2,Sri Lanka,MDKJ Perera,WIA Fernando,D Pretorius,0,0,,,,,,"",""
ball,1,5.3,Sri Lanka,MDKJ Perera,WIA Fernando,D Pretorius,1,0,,,,,,"",""
ball,1,5.4,Sri Lanka,WIA Fernando,MDKJ Perera,D Pretorius,0,0,,,,,,"",""
ball,1,5.5,Sri Lanka,WIA Fernando,MDKJ Perera,D Pretorius,0,0,,,,,,"",""
ball,1,5.6,Sri Lanka,WIA Fernando,MDKJ Perera,D Pretorius,0,0,,,,,,"",""
ball,1,6.1,Sri Lanka,MDKJ Perera,WIA Fernando,K Rabada,0,0,,,,,,"",""
ball,1,6.2,Sri Lanka,MDKJ Perera,WIA Fernando,K Rabada,1,0,,,,,,"",""
ball,1,6.3,Sri Lanka,WIA Fernando,MDKJ Perera,K Rabada,1,0,,,,,,"",""
ball,1,6.4,Sri Lanka,MDKJ Perera,WIA Fernando,K Rabada,0,1,1,,,,,"",""
ball,1,6.5,Sri Lanka,MDKJ Perera,WIA Fernando,K Rabada,4,0,,,,,,"",""
ball,1,6.6,Sri Lanka,MDKJ Perera,WIA Fernando,K Rabada,1,0,,,,,,"",""
ball,1,6.7,Sri Lanka,WIA Fernando,MDKJ Perera,K Rabada,0,0,,,,,,"",""
ball,1,7.1,Sri Lanka,MDKJ Perera,WIA Fernando,D Pretorius,1,0,,,,,,"",""
ball,1,7.2,Sri Lanka,WIA Fernando,MDKJ Perera,D Pretorius,1,0,,,,,,"",""
ball,1,7.3,Sri Lanka,MDKJ Perera,WIA Fernando,D Pretorius,0,0,,,,,,"",""
ball,1,7.4,Sri Lanka,MDKJ Perera,WIA Fernando,D Pretorius,0,1,,,,1,,"",""
ball,1,7.5,Sri Lanka,WIA Fernando,MDKJ Perera,D Pretorius,4,0,,,,,,"",""
ball,1,7.6,Sri Lanka,WIA Fernando,MDKJ Perera,D Pretorius,0,0,,,,,,"",""
ball,1,8.1,Sri Lanka,MDKJ Perera,WIA Fernando,AL Phehlukwayo,1,0,,,,,,"",""
ball,1,8.2,Sri Lanka,WIA Fernando,MDKJ Perera,AL Phehlukwayo,1,0,,,,,,"",""
ball,1,8.3,Sri Lanka,MDKJ Perera,WIA Fernando,AL Phehlukwayo,0,0,,,,,,"",""
ball,1,8.4,Sri Lanka,MDKJ Perera,WIA Fernando,AL Phehlukwayo,1,0,,,,,,"",""
ball,1,8.5,Sri Lanka,WIA Fernando,MDKJ Perera,AL Phehlukwayo,1,0,,,,,,"",""
ball,1,8.6,Sri Lanka,MDKJ Perera,WIA Fernando,AL Phehlukwayo,1,0,,,,,,"",""
ball,1,9.1,Sri Lanka,MDKJ Perera,WIA Fernando,D Pretorius,0,1,1,,,,,"",""
ball,1,9.2,Sri Lanka,MDKJ Perera,WIA Fernando,D Pretorius,4,0,,,,,,"",""
ball,1,9.3,Sri Lanka,MDKJ Perera,WIA Fernando,D Pretorius,0,0,,,,,,"",""
ball,1,9.4,Sri Lanka,MDKJ Perera,WIA Fernando,D Pretorius,1,0,,,,,,"",""
ball,1,9.5,Sri Lanka,WIA Fernando,MDKJ Perera,D Pretorius,4,0,,,,,,"",""
ball,1,9.6,Sri Lanka,WIA Fernando,MDKJ Perera,D Pretorius,0,0,,,,,,caught,WIA Fernando
ball,1,9.7,Sri Lanka,BKG Mendis,MDKJ Perera,D Pretorius,0,0,,,,,,"",""
ball,1,10.1,Sri Lanka,MDKJ Perera,BKG Mendis,AL Phehlukwayo,1,0,,,,,,"",""
ball,1,10.2,Sri Lanka,BKG Mendis,MDKJ Perera,AL Phehlukwayo,0,0,,,,,,"",""
ball,1,10.3,Sri Lanka,BKG Mendis,MDKJ Perera,AL Phehlukwayo,1,0,,,,,,"",""
ball,1,10.4,Sri Lanka,MDKJ Perera,BKG Mendis,AL Phehlukwayo,0,0,,,,,,"",""
ball,1,10.5,Sri Lanka,MDKJ Perera,BKG Mendis,AL Phehlukwayo,0,1,,,,1,,"",""
ball,1,10.6,Sri Lanka,BKG Mendis,MDKJ Perera,AL Phehlukwayo,0,0,,,,,,"",""
ball,1,11.1,Sri Lanka,MDKJ Perera,BKG Mendis,D Pretorius,1,0,,,,,,"",""
ball,1,11.2,Sri Lanka,BKG Mendis,MDKJ Perera,D Pretorius,1,0,,,,,,"",""
ball,1,11.3,Sri Lanka,MDKJ Perera,BKG Mendis,D Pretorius,0,0,,,,,,bowled,MDKJ Perera
ball,1,11.4,Sri Lanka,AD Mathews,BKG Mendis,D Pretorius,0,0,,,,,,"",""
ball,1,11.5,Sri Lanka,AD Mathews,BKG Mendis,D Pretorius,0,0,,,,,,"",""
ball,1,11.6,Sri Lanka,AD Mathews,BKG Mendis,D Pretorius,0,0,,,,,,"",""
ball,1,12.1,Sri Lanka,BKG Mendis,AD Mathews,AL Phehlukwayo,0,0,,,,,,"",""
ball,1,12.2,Sri Lanka,BKG Mendis,AD Mathews,AL Phehlukwayo,4,0,,,,,,"",""
ball,1,12.3,Sri Lanka,BKG Mendis,AD Mathews,AL Phehlukwayo,0,0,,,,,,"",""
ball,1,12.4,Sri Lanka,BKG Mendis,AD Mathews,AL Phehlukwayo,0,0,,,,,,"",""
ball,1,12.5,Sri Lanka,BKG Mendis,AD Mathews,AL Phehlukwayo,0,0,,,,,,"",""
ball,1,12.6,Sri Lanka,BKG Mendis,AD Mathews,AL Phehlukwayo,0,0,,,,,,"",""
ball,1,13.1,Sri Lanka,AD Mathews,BKG Mendis,D Pretorius,0,0,,,,,,"",""
ball,1,13.2,Sri Lanka,AD Mathews,BKG Mendis,D Pretorius,0,0,,,,,,"",""
ball,1,13.3,Sri Lanka,AD Mathews,BKG Mendis,D Pretorius,0,0,,,,,,"",""
ball,1,13.4,Sri Lanka,AD Mathews,BKG Mendis,D Pretorius,0,0,,,,,,"",""
ball,1,13.5,Sri Lanka,AD Mathews,BKG Mendis,D Pretorius,1,0,,,,,,"",""
ball,1,13.6,Sri Lanka,BKG Mendis,AD Mathews,D Pretorius,0,0,,,,,,"",""
ball,1,14.1,Sri Lanka,AD Mathews,BKG Mendis,AL Phehlukwayo,3,0,,,,,,"",""
ball,1,14.2,Sri Lanka,BKG Mendis,AD Mathews,AL Phehlukwayo,0,0,,,,,,"",""
ball,1,14.3,Sri Lanka,BKG Mendis,AD Mathews,AL Phehlukwayo,0,0,,,,,,"",""
ball,1,14.4,Sri Lanka,BKG Mendis,AD Mathews,AL Phehlukwayo,0,1,1,,,,,"",""
ball,1,14.5,Sri Lanka,BKG Mendis,AD Mathews,AL Phehlukwayo,0,0,,,,,,"",""
ball,1,14.6,Sri Lanka,BKG Mendis,AD Mathews,AL Phehlukwayo,0,0,,,,,,"",""
ball,1,14.7,Sri Lanka,BKG Mendis,AD Mathews,AL Phehlukwayo,1,0,,,,,,"",""
ball,1,15.1,Sri Lanka,BKG Mendis,AD Mathews,D Pretorius,0,0,,,,,,"",""
ball,1,15.2,Sri Lanka,BKG Mendis,AD Mathews,D Pretorius,1,0,,,,,,"",""
ball,1,15.3,Sri Lanka,AD Mathews,BKG Mendis,D Pretorius,0,0,,,,,,"",""
ball,1,15.4,Sri Lanka,AD Mathews,BKG Mendis,D Pretorius,0,0,,,,,,"",""
ball,1,15.5,Sri Lanka,AD Mathews,BKG Mendis,D Pretorius,0,0,,,,,,"",""
ball,1,15.6,Sri Lanka,AD Mathews,BKG Mendis,D Pretorius,0,0,,,,,,"",""
ball,1,16.1,Sri Lanka,BKG Mendis,AD Mathews,K Rabada,0,0,,,,,,"",""
ball,1,16.2,Sri Lanka,BKG Mendis,AD Mathews,K Rabada,0,0,,,,,,"",""
ball,1,16.3,Sri Lanka,BKG Mendis,AD Mathews,K Rabada,0,0,,,,,,"",""
ball,1,16.4,Sri Lanka,BKG Mendis,AD Mathews,K Rabada,1,0,,,,,,"",""
ball,1,16.5,Sri Lanka,AD Mathews,BKG Mendis,K Rabada,0,0,,,,,,"",""
ball,1,16.6,Sri Lanka,AD Mathews,BKG Mendis,K Rabada,1,0,,,,,,"",""
ball,1,17.1,Sri Lanka,AD Mathews,BKG Mendis,CH Morris,0,0,,,,,,"",""
ball,1,17.2,Sri Lanka,AD Mathews,BKG Mendis,CH Morris,0,1,1,,,,,"",""
ball,1,17.3,Sri Lanka,AD Mathews,BKG Mendis,CH Morris,0,0,,,,,,"",""
ball,1,17.4,Sri Lanka,AD Mathews,BKG Mendis,CH Morris,0,0,,,,,,"",""
ball,1,17.5,Sri Lanka,AD Mathews,BKG Mendis,CH Morris,0,0,,,,,,"",""
ball,1,17.6,Sri Lanka,AD Mathews,BKG Mendis,CH Morris,0,0,,,,,,"",""
ball,1,17.7,Sri Lanka,AD Mathews,BKG Mendis,CH Morris,0,0,,,,,,"",""
ball,1,18.1,Sri Lanka,BKG Mendis,AD Mathews,K Rabada,0,0,,,,,,"",""
ball,1,18.2,Sri Lanka,BKG Mendis,AD Mathews,K Rabada,0,0,,,,,,"",""
ball,1,18.3,Sri Lanka,BKG Mendis,AD Mathews,K Rabada,0,0,,,,,,"",""
ball,1,18.4,Sri Lanka,BKG Mendis,AD Mathews,K Rabada,0,0,,,,,,"",""
ball,1,18.5,Sri Lanka,BKG Mendis,AD Mathews,K Rabada,0,0,,,,,,"",""
ball,1,18.6,Sri Lanka,BKG Mendis,AD Mathews,K Rabada,1,0,,,,,,"",""
ball,1,19.1,Sri Lanka,BKG Mendis,AD Mathews,CH Morris,2,0,,,,,,"",""
ball,1,19.2,Sri Lanka,BKG Mendis,AD Mathews,CH Morris,0,0,,,,,,"",""
ball,1,19.3,Sri Lanka,BKG Mendis,AD Mathews,CH Morris,1,0,,,,,,"",""
ball,1,19.4,Sri Lanka,AD Mathews,BKG Mendis,CH Morris,0,0,,,,,,"",""
ball,1,19.5,Sri Lanka,AD Mathews,BKG Mendis,CH Morris,1,0,,,,,,"",""
ball,1,19.6,Sri Lanka,BKG Mendis,AD Mathews,CH Morris,0,0,,,,,,"",""
ball,1,20.1,Sri Lanka,AD Mathews,BKG Mendis,Imran Tahir,1,0,,,,,,"",""
ball,1,20.2,Sri Lanka,BKG Mendis,AD Mathews,Imran Tahir,4,0,,,,,,"",""
ball,1,20.3,Sri Lanka,BKG Mendis,AD Mathews,Imran Tahir,0,0,,,,,,"",""
ball,1,20.4,Sri Lanka,BKG Mendis,AD Mathews,Imran Tahir,0,0,,,,,,"",""
ball,1,20.5,Sri Lanka,BKG Mendis,AD Mathews,Imran Tahir,0,0,,,,,,"",""
ball,1,20.6,Sri Lanka,BKG Mendis,AD Mathews,Imran Tahir,0,0,,,,,,"",""
ball,1,21.1,Sri Lanka,AD Mathews,BKG Mendis,CH Morris,4,0,,,,,,"",""
ball,1,21.2,Sri Lanka,AD Mathews,BKG Mendis,CH Morris,0,0,,,,,,"",""
ball,1,21.3,Sri Lanka,AD Mathews,BKG Mendis,CH Morris,0,0,,,,,,"",""
ball,1,21.4,Sri Lanka,AD Mathews,BKG Mendis,CH Morris,0,0,,,,,,"",""
ball,1,21.5,Sri Lanka,AD Mathews,BKG Mendis,CH Morris,0,0,,,,,,bowled,AD Mathews
ball,1,21.6,Sri Lanka,DM de Silva,BKG Mendis,CH Morris,0,0,,,,,,"",""
ball,1,22.1,Sri Lanka,BKG Mendis,DM de Silva,Imran Tahir,0,0,,,,,,"",""
ball,1,22.2,Sri Lanka,BKG Mendis,DM de Silva,Imran Tahir,1,0,,,,,,"",""
ball,1,22.3,Sri Lanka,DM de Silva,BKG Mendis,Imran Tahir,0,0,,,,,,"",""
ball,1,22.4,Sri Lanka,DM de Silva,BKG Mendis,Imran Tahir,0,0,,,,,,"",""
ball,1,22.5,Sri Lanka,DM de Silva,BKG Mendis,Imran Tahir,0,0,,,,,,"",""
ball,1,22.6,Sri Lanka,DM de Silva,BKG Mendis,Imran Tahir,1,0,,,,,,"",""
ball,1,23.1,Sri Lanka,DM de Silva,BKG Mendis,CH Morris,2,0,,,,,,"",""
ball,1,23.2,Sri Lanka,DM de Silva,BKG Mendis,CH Morris,0,0,,,,,,"",""
ball,1,23.3,Sri Lanka,DM de Silva,BKG Mendis,CH Morris,0,0,,,,,,"",""
ball,1,23.4,Sri Lanka,DM de Silva,BKG Mendis,CH Morris,0,0,,,,,,"",""
ball,1,23.5,Sri Lanka,DM de Silva,BKG Mendis,CH Morris,0,0,,,,,,"",""
ball,1,23.6,Sri Lanka,DM de Silva,BKG Mendis,CH Morris,0,0,,,,,,"",""
ball,1,24.1,Sri Lanka,BKG Mendis,DM de Silva,Imran Tahir,0,0,,,,,,"",""
ball,1,24.2,Sri Lanka,BKG Mendis,DM de Silva,Imran Tahir,1,0,,,,,,"",""
ball,1,24.3,Sri Lanka,DM de Silva,BKG Mendis,Imran Tahir,1,0,,,,,,"",""
ball,1,24.4,Sri Lanka,BKG Mendis,DM de Silva,Imran Tahir,0,0,,,,,,"",""
ball,1,24.5,Sri Lanka,BKG Mendis,DM de Silva,Imran Tahir,0,0,,,,,,"",""
ball,1,24.6,Sri Lanka,BKG Mendis,DM de Silva,Imran Tahir,0,0,,,,,,"",""
ball,1,25.1,Sri Lanka,DM de Silva,BKG Mendis,D Pretorius,0,0,,,,,,"",""
ball,1,25.2,Sri Lanka,DM de Silva,BKG Mendis,D Pretorius,0,0,,,,,,"",""
ball,1,25.3,Sri Lanka,DM de Silva,BKG Mendis,D Pretorius,0,0,,,,,,"",""
ball,1,25.4,Sri Lanka,DM de Silva,BKG Mendis,D Pretorius,0,0,,,,,,"",""
ball,1,25.5,Sri Lanka,DM de Silva,BKG Mendis,D Pretorius,0,0,,,,,,"",""
ball,1,25.6,Sri Lanka,DM de Silva,BKG Mendis,D Pretorius,0,0,,,,,,"",""
ball,1,26.1,Sri Lanka,BKG Mendis,DM de Silva,Imran Tahir,0,0,,,,,,"",""
ball,1,26.2,Sri Lanka,BKG Mendis,DM de Silva,Imran Tahir,0,0,,,,,,"",""
ball,1,26.3,Sri Lanka,BKG Mendis,DM de Silva,Imran Tahir,1,0,,,,,,"",""
ball,1,26.4,Sri Lanka,DM de Silva,BKG Mendis,Imran Tahir,1,0,,,,,,"",""
ball,1,26.5,Sri Lanka,BKG Mendis,DM de Silva,Imran Tahir,2,0,,,,,,"",""
ball,1,26.6,Sri Lanka,BKG Mendis,DM de Silva,Imran Tahir,1,0,,,,,,"",""
ball,1,27.1,Sri Lanka,BKG Mendis,DM de Silva,D Pretorius,0,0,,,,,,caught,BKG Mendis
ball,1,27.2,Sri Lanka,BMAJ Mendis,DM de Silva,D Pretorius,0,0,,,,,,"",""
ball,1,27.3,Sri Lanka,BMAJ Mendis,DM de Silva,D Pretorius,0,0,,,,,,"",""
ball,1,27.4,Sri Lanka,BMAJ Mendis,DM de Silva,D Pretorius,0,0,,,,,,"",""
ball,1,27.5,Sri Lanka,BMAJ Mendis,DM de Silva,D Pretorius,0,0,,,,,,"",""
ball,1,27.6,Sri Lanka,BMAJ Mendis,DM de Silva,D Pretorius,0,0,,,,,,"",""
ball,1,28.1,Sri Lanka,DM de Silva,BMAJ Mendis,Imran Tahir,0,0,,,,,,"",""
ball,1,28.2,Sri Lanka,DM de Silva,BMAJ Mendis,Imran Tahir,1,0,,,,,,"",""
ball,1,28.3,Sri Lanka,BMAJ Mendis,DM de Silva,Imran Tahir,1,0,,,,,,"",""
ball,1,28.4,Sri Lanka,DM de Silva,BMAJ Mendis,Imran Tahir,0,0,,,,,,"",""
ball,1,28.5,Sri Lanka,DM de Silva,BMAJ Mendis,Imran Tahir,1,0,,,,,,"",""
ball,1,28.6,Sri Lanka,BMAJ Mendis,DM de Silva,Imran Tahir,0,0,,,,,,"",""
ball,1,29.1,Sri Lanka,DM de Silva,BMAJ Mendis,D Pretorius,1,0,,,,,,"",""
ball,1,29.2,Sri Lanka,BMAJ Mendis,DM de Silva,D Pretorius,0,0,,,,,,"",""
ball,1,29.3,Sri Lanka,BMAJ Mendis,DM de Silva,D Pretorius,0,0,,,,,,"",""
ball,1,29.4,Sri Lanka,BMAJ Mendis,DM de Silva,D Pretorius,0,0,,,,,,"",""
ball,1,29.5,Sri Lanka,BMAJ Mendis,DM de Silva,D Pretorius,0,0,,,,,,"",""
ball,1,29.6,Sri Lanka,BMAJ Mendis,DM de Silva,D Pretorius,0,0,,,,,,"",""
ball,1,30.1,Sri Lanka,DM de Silva,BMAJ Mendis,Imran Tahir,2,0,,,,,,"",""
ball,1,30.2,Sri Lanka,DM de Silva,BMAJ Mendis,Imran Tahir,1,0,,,,,,"",""
ball,1,30.3,Sri Lanka,BMAJ Mendis,DM de Silva,Imran Tahir,0,0,,,,,,"",""
ball,1,30.4,Sri Lanka,BMAJ Mendis,DM de Silva,Imran Tahir,0,0,,,,,,"",""
ball,1,30.5,Sri Lanka,BMAJ Mendis,DM de Silva,Imran Tahir,1,0,,,,,,"",""
ball,1,30.6,Sri Lanka,DM de Silva,BMAJ Mendis,Imran Tahir,4,0,,,,,,"",""
ball,1,31.1,Sri Lanka,BMAJ Mendis,DM de Silva,D Pretorius,0,0,,,,,,"",""
ball,1,31.2,Sri Lanka,BMAJ Mendis,DM de Silva,D Pretorius,0,1,,,,1,,"",""
ball,1,31.3,Sri Lanka,DM de Silva,BMAJ Mendis,D Pretorius,2,0,,,,,,"",""
ball,1,31.4,Sri Lanka,DM de Silva,BMAJ Mendis,D Pretorius,0,0,,,,,,"",""
ball,1,31.5,Sri Lanka,DM de Silva,BMAJ Mendis,D Pretorius,1,0,,,,,,"",""
ball,1,31.6,Sri Lanka,BMAJ Mendis,DM de Silva,D Pretorius,0,0,,,,,,"",""
ball,1,32.1,Sri Lanka,DM de Silva,BMAJ Mendis,Imran Tahir,1,0,,,,,,"",""
ball,1,32.2,Sri Lanka,BMAJ Mendis,DM de Silva,Imran Tahir,0,0,,,,,,"",""
ball,1,32.3,Sri Lanka,BMAJ Mendis,DM de Silva,Imran Tahir,0,0,,,,,,"",""
ball,1,32.4,Sri Lanka,BMAJ Mendis,DM de Silva,Imran Tahir,0,0,,,,,,"",""
ball,1,32.5,Sri Lanka,BMAJ Mendis,DM de Silva,Imran Tahir,0,0,,,,,,"",""
ball,1,32.6,Sri Lanka,BMAJ Mendis,DM de Silva,Imran Tahir,0,0,,,,,,"",""
ball,1,33.1,Sri Lanka,DM de Silva,BMAJ Mendis,K Rabada,0,0,,,,,,"",""
ball,1,33.2,Sri Lanka,DM de Silva,BMAJ Mendis,K Rabada,0,0,,,,,,"",""
ball,1,33.3,Sri Lanka,DM de Silva,BMAJ Mendis,K Rabada,0,0,,,,,,"",""
ball,1,33.4,Sri Lanka,DM de Silva,BMAJ Mendis,K Rabada,0,0,,,,,,"",""
ball,1,33.5,Sri Lanka,DM de Silva,BMAJ Mendis,K Rabada,0,0,,,,,,"",""
ball,1,33.6,Sri Lanka,DM de Silva,BMAJ Mendis,K Rabada,0,0,,,,,,"",""
ball,1,34.1,Sri Lanka,BMAJ Mendis,DM de Silva,AL Phehlukwayo,1,0,,,,,,"",""
ball,1,34.2,Sri Lanka,DM de Silva,BMAJ Mendis,AL Phehlukwayo,4,0,,,,,,"",""
ball,1,34.3,Sri Lanka,DM de Silva,BMAJ Mendis,AL Phehlukwayo,1,0,,,,,,"",""
ball,1,34.4,Sri Lanka,BMAJ Mendis,DM de Silva,AL Phehlukwayo,0,0,,,,,,"",""
ball,1,34.5,Sri Lanka,BMAJ Mendis,DM de Silva,AL Phehlukwayo,1,0,,,,,,"",""
ball,1,34.6,Sri Lanka,DM de Silva,BMAJ Mendis,AL Phehlukwayo,0,0,,,,,,"",""
ball,1,35.1,Sri Lanka,BMAJ Mendis,DM de Silva,K Rabada,0,0,,,,,,"",""
ball,1,35.2,Sri Lanka,BMAJ Mendis,DM de Silva,K Rabada,0,0,,,,,,"",""
ball,1,35.3,Sri Lanka,BMAJ Mendis,DM de Silva,K Rabada,0,0,,,,,,"",""
ball,1,35.4,Sri Lanka,BMAJ Mendis,DM de Silva,K Rabada,0,0,,,,,,"",""
ball,1,35.5,Sri Lanka,BMAJ Mendis,DM de Silva,K Rabada,0,0,,,,,,"",""
ball,1,35.6,Sri Lanka,BMAJ Mendis,DM de Silva,K Rabada,0,0,,,,,,"",""
ball,1,36.1,Sri Lanka,DM de Silva,BMAJ Mendis,JP Duminy,0,0,,,,,,bowled,DM de Silva
ball,1,36.2,Sri Lanka,NLTC Perera,BMAJ Mendis,JP Duminy,1,0,,,,,,"",""
ball,1,36.3,Sri Lanka,BMAJ Mendis,NLTC Perera,JP Duminy,0,0,,,,,,"",""
ball,1,36.4,Sri Lanka,BMAJ Mendis,NLTC Perera,JP Duminy,0,0,,,,,,"",""
ball,1,36.5,Sri Lanka,BMAJ Mendis,NLTC Perera,JP Duminy,0,0,,,,,,"",""
ball,1,36.6,Sri Lanka,BMAJ Mendis,NLTC Perera,JP Duminy,0,0,,,,,,"",""
ball,1,37.1,Sri Lanka,NLTC Perera,BMAJ Mendis,CH Morris,1,0,,,,,,"",""
ball,1,37.2,Sri Lanka,BMAJ Mendis,NLTC Perera,CH Morris,0,0,,,,,,"",""
ball,1,37.3,Sri Lanka,BMAJ Mendis,NLTC Perera,CH Morris,1,0,,,,,,"",""
ball,1,37.4,Sri Lanka,NLTC Perera,BMAJ Mendis,CH Morris,1,0,,,,,,"",""
ball,1,37.5,Sri Lanka,BMAJ Mendis,NLTC Perera,CH Morris,6,0,,,,,,"",""
ball,1,37.6,Sri Lanka,BMAJ Mendis,NLTC Perera,CH Morris,0,0,,,,,,"",""
ball,1,38.1,Sri Lanka,NLTC Perera,BMAJ Mendis,JP Duminy,0,0,,,,,,"",""
ball,1,38.2,Sri Lanka,NLTC Perera,BMAJ Mendis,JP Duminy,1,0,,,,,,"",""
ball,1,38.3,Sri Lanka,BMAJ Mendis,NLTC Perera,JP Duminy,4,0,,,,,,"",""
ball,1,38.4,Sri Lanka,BMAJ Mendis,NLTC Perera,JP Duminy,1,0,,,,,,"",""
ball,1,38.5,Sri Lanka,NLTC Perera,BMAJ Mendis,JP Duminy,0,5,5,,,,,"",""
ball,1,38.6,Sri Lanka,NLTC Perera,BMAJ Mendis,JP Duminy,0,0,,,,,,"",""
ball,1,38.7,Sri Lanka,NLTC Perera,BMAJ Mendis,JP Duminy,3,0,,,,,,"",""
ball,1,39.1,Sri Lanka,NLTC Perera,BMAJ Mendis,CH Morris,1,0,,,,,,"",""
ball,1,39.2,Sri Lanka,BMAJ Mendis,NLTC Perera,CH Morris,0,0,,,,,,"",""
ball,1,39.3,Sri Lanka,BMAJ Mendis,NLTC Perera,CH Morris,2,0,,,,,,"",""
ball,1,39.4,Sri Lanka,BMAJ Mendis,NLTC Perera,CH Morris,0,1,1,,,,,"",""
ball,1,39.5,Sri Lanka,BMAJ Mendis,NLTC Perera,CH Morris,0,0,,,,,,"",""
ball,1,39.6,Sri Lanka,BMAJ Mendis,NLTC Perera,CH Morris,0,0,,,,,,caught,BMAJ Mendis
ball,1,39.7,Sri Lanka,NLTC Perera,I Udana,CH Morris,0,0,,,,,,"",""
ball,1,40.1,Sri Lanka,I Udana,NLTC Perera,Imran Tahir,0,0,,,,,,"",""
ball,1,40.2,Sri Lanka,I Udana,NLTC Perera,Imran Tahir,0,0,,,,,,"",""
ball,1,40.3,Sri Lanka,I Udana,NLTC Perera,Imran Tahir,1,0,,,,,,"",""
ball,1,40.4,Sri Lanka,NLTC Perera,I Udana,Imran Tahir,2,0,,,,,,"",""
ball,1,40.5,Sri Lanka,NLTC Perera,I Udana,Imran Tahir,1,0,,,,,,"",""
ball,1,40.6,Sri Lanka,I Udana,NLTC Perera,Imran Tahir,0,0,,,,,,"",""
ball,1,41.1,Sri Lanka,NLTC Perera,I Udana,AL Phehlukwayo,1,0,,,,,,"",""
ball,1,41.2,Sri Lanka,I Udana,NLTC Perera,AL Phehlukwayo,0,0,,,,,,"",""
ball,1,41.3,Sri Lanka,I Udana,NLTC Perera,AL Phehlukwayo,1,0,,,,,,"",""
ball,1,41.4,Sri Lanka,NLTC Perera,I Udana,AL Phehlukwayo,1,0,,,,,,"",""
ball,1,41.5,Sri Lanka,I Udana,NLTC Perera,AL Phehlukwayo,0,0,,,,,,"",""
ball,1,41.6,Sri Lanka,I Udana,NLTC Perera,AL Phehlukwayo,0,1,1,,,,,"",""
ball,1,41.7,Sri Lanka,I Udana,NLTC Perera,AL Phehlukwayo,0,0,,,,,,"",""
ball,1,42.1,Sri Lanka,NLTC Perera,I Udana,Imran Tahir,0,0,,,,,,"",""
ball,1,42.2,Sri Lanka,NLTC Perera,I Udana,Imran Tahir,2,0,,,,,,"",""
ball,1,42.3,Sri Lanka,NLTC Perera,I Udana,Imran Tahir,0,0,,,,,,"",""
ball,1,42.4,Sri Lanka,NLTC Perera,I Udana,Imran Tahir,0,0,,,,,,"",""
ball,1,42.5,Sri Lanka,NLTC Perera,I Udana,Imran Tahir,1,0,,,,,,"",""
ball,1,42.6,Sri Lanka,I Udana,NLTC Perera,Imran Tahir,0,0,,,,,,"",""
ball,1,43.1,Sri Lanka,NLTC Perera,I Udana,AL Phehlukwayo,1,0,,,,,,"",""
ball,1,43.2,Sri Lanka,I Udana,NLTC Perera,AL Phehlukwayo,2,0,,,,,,"",""
ball,1,43.3,Sri Lanka,I Udana,NLTC Perera,AL Phehlukwayo,0,0,,,,,,"",""
ball,1,43.4,Sri Lanka,I Udana,NLTC Perera,AL Phehlukwayo,1,0,,,,,,"",""
ball,1,43.5,Sri Lanka,NLTC Perera,I Udana,AL Phehlukwayo,0,0,,,,,,"",""
ball,1,43.6,Sri Lanka,NLTC Perera,I Udana,AL Phehlukwayo,1,0,,,,,,"",""
ball,1,44.1,Sri Lanka,NLTC Perera,I Udana,Imran Tahir,1,0,,,,,,"",""
ball,1,44.2,Sri Lanka,I Udana,NLTC Perera,Imran Tahir,0,0,,,,,,"",""
ball,1,44.3,Sri Lanka,I Udana,NLTC Perera,Imran Tahir,0,0,,,,,,"",""
ball,1,44.4,Sri Lanka,I Udana,NLTC Perera,Imran Tahir,0,0,,,,,,"",""
ball,1,44.5,Sri Lanka,I Udana,NLTC Perera,Imran Tahir,1,0,,,,,,"",""
ball,1,44.6,Sri Lanka,NLTC Perera,I Udana,Imran Tahir,1,0,,,,,,"",""
ball,1,45.1,Sri Lanka,NLTC Perera,I Udana,AL Phehlukwayo,1,0,,,,,,"",""
ball,1,45.2,Sri Lanka,I Udana,NLTC Perera,AL Phehlukwayo,1,0,,,,,,"",""
ball,1,45.3,Sri Lanka,NLTC Perera,I Udana,AL Phehlukwayo,0,0,,,,,,caught,NLTC Perera
ball,1,45.4,Sri Lanka,I Udana,RAS Lakmal,AL Phehlukwayo,0,0,,,,,,"",""
ball,1,45.5,Sri Lanka,I Udana,RAS Lakmal,AL Phehlukwayo,0,0,,,,,,"",""
ball,1,45.6,Sri Lanka,I Udana,RAS Lakmal,AL Phehlukwayo,4,0,,,,,,"",""
ball,1,46.1,Sri Lanka,RAS Lakmal,I Udana,K Rabada,1,0,,,,,,"",""
ball,1,46.2,Sri Lanka,I Udana,RAS Lakmal,K Rabada,0,0,,,,,,"",""
ball,1,46.3,Sri Lanka,I Udana,RAS Lakmal,K Rabada,2,0,,,,,,"",""
ball,1,46.4,Sri Lanka,I Udana,RAS Lakmal,K Rabada,0,0,,,,,,"",""
ball,1,46.5,Sri Lanka,I Udana,RAS Lakmal,K Rabada,0,0,,,,,,"",""
ball,1,46.6,Sri Lanka,I Udana,RAS Lakmal,K Rabada,1,0,,,,,,"",""
ball,1,47.1,Sri Lanka,I Udana,RAS Lakmal,CH Morris,0,0,,,,,,"",""
ball,1,47.2,Sri Lanka,I Udana,RAS Lakmal,CH Morris,0,0,,,,,,"",""
ball,1,47.3,Sri Lanka,I Udana,RAS Lakmal,CH Morris,0,0,,,,,,"",""
ball,1,47.4,Sri Lanka,I Udana,RAS Lakmal,CH Morris,1,0,,,,,,"",""
ball,1,47.5,Sri Lanka,RAS Lakmal,I Udana,CH Morris,1,0,,,,,,"",""
ball,1,47.6,Sri Lanka,I Udana,RAS Lakmal,CH Morris,1,0,,,,,,"",""
ball,1,48.1,Sri Lanka,I Udana,RAS Lakmal,K Rabada,1,0,,,,,,"",""
ball,1,48.2,Sri Lanka,RAS Lakmal,I Udana,K Rabada,1,0,,,,,,"",""
ball,1,48.3,Sri Lanka,I Udana,RAS Lakmal,K Rabada,0,0,,,,,,caught and bowled,I Udana
ball,1,48.4,Sri Lanka,RAS Lakmal,SL Malinga,K Rabada,0,0,,,,,,"",""
ball,1,48.5,Sri Lanka,RAS Lakmal,SL Malinga,K Rabada,0,0,,,,,,"",""
ball,1,48.6,Sri Lanka,RAS Lakmal,SL Malinga,K Rabada,1,0,,,,,,"",""
ball,1,49.1,Sri Lanka,RAS Lakmal,SL Malinga,CH Morris,1,0,,,,,,"",""
ball,1,49.2,Sri Lanka,SL Malinga,RAS Lakmal,CH Morris,4,0,,,,,,"",""
ball,1,49.3,Sri Lanka,SL Malinga,RAS Lakmal,CH Morris,0,0,,,,,,caught,SL Malinga
ball,2,0.1,South Africa,Q de Kock,HM Amla,SL Malinga,1,0,,,,,,"",""
ball,2,0.2,South Africa,HM Amla,Q de Kock,SL Malinga,0,0,,,,,,"",""
ball,2,0.3,South Africa,HM Amla,Q de Kock,SL Malinga,0,0,,,,,,"",""
ball,2,0.4,South Africa,HM Amla,Q de Kock,SL Malinga,4,0,,,,,,"",""
ball,2,0.5,South Africa,HM Amla,Q de Kock,SL Malinga,4,0,,,,,,"",""
ball,2,0.6,South Africa,HM Amla,Q de Kock,SL Malinga,0,0,,,,,,"",""
ball,2,1.1,South Africa,Q de Kock,HM Amla,DM de Silva,0,0,,,,,,"",""
ball,2,1.2,South Africa,Q de Kock,HM Amla,DM de Silva,0,0,,,,,,"",""
ball,2,1.3,South Africa,Q de Kock,HM Amla,DM de Silva,0,0,,,,,,"",""
ball,2,1.4,South Africa,Q de Kock,HM Amla,DM de Silva,0,0,,,,,,"",""
ball,2,1.5,South Africa,Q de Kock,HM Amla,DM de Silva,1,0,,,,,,"",""
ball,2,1.6,South Africa,HM Amla,Q de Kock,DM de Silva,0,0,,,,,,"",""
ball,2,2.1,South Africa,Q de Kock,HM Amla,SL Malinga,4,0,,,,,,"",""
ball,2,2.2,South Africa,Q de Kock,HM Amla,SL Malinga,1,0,,,,,,"",""
ball,2,2.3,South Africa,HM Amla,Q de Kock,SL Malinga,0,0,,,,,,"",""
ball,2,2.4,South Africa,HM Amla,Q de Kock,SL Malinga,0,1,1,,,,,"",""
ball,2,2.5,South Africa,HM Amla,Q de Kock,SL Malinga,0,0,,,,,,"",""
ball,2,2.6,South Africa,HM Amla,Q de Kock,SL Malinga,4,0,,,,,,"",""
ball,2,2.7,South Africa,HM Amla,Q de Kock,SL Malinga,0,0,,,,,,"",""
ball,2,3.1,South Africa,Q de Kock,HM Amla,DM de Silva,0,0,,,,,,"",""
ball,2,3.2,South Africa,Q de Kock,HM Amla,DM de Silva,0,0,,,,,,"",""
ball,2,3.3,South Africa,Q de Kock,HM Amla,DM de Silva,4,0,,,,,,"",""
ball,2,3.4,South Africa,Q de Kock,HM Amla,DM de Silva,0,0,,,,,,"",""
ball,2,3.5,South Africa,Q de Kock,HM Amla,DM de Silva,4,0,,,,,,"",""
ball,2,3.6,South Africa,Q de Kock,HM Amla,DM de Silva,0,0,,,,,,"",""
ball,2,4.1,South Africa,HM Amla,Q de Kock,SL Malinga,0,0,,,,,,"",""
ball,2,4.2,South Africa,HM Amla,Q de Kock,SL Malinga,0,0,,,,,,"",""
ball,2,4.3,South Africa,HM Amla,Q de Kock,SL Malinga,3,0,,,,,,"",""
ball,2,4.4,South Africa,Q de Kock,HM Amla,SL Malinga,0,0,,,,,,"",""
ball,2,4.5,South Africa,Q de Kock,HM Amla,SL Malinga,0,0,,,,,,bowled,Q de Kock
ball,2,4.6,South Africa,F du Plessis,HM Amla,SL Malinga,0,0,,,,,,"",""
ball,2,5.1,South Africa,HM Amla,F du Plessis,RAS Lakmal,0,1,,,,1,,"",""
ball,2,5.2,South Africa,F du Plessis,HM Amla,RAS Lakmal,0,0,,,,,,"",""
ball,2,5.3,South Africa,F du Plessis,HM Amla,RAS Lakmal,0,0,,,,,,"",""
ball,2,5.4,South Africa,F du Plessis,HM Amla,RAS Lakmal,0,0,,,,,,"",""
ball,2,5.5,South Africa,F du Plessis,HM Amla,RAS Lakmal,0,0,,,,,,"",""
ball,2,5.6,South Africa,F du Plessis,HM Amla,RAS Lakmal,2,0,,,,,,"",""
ball,2,6.1,South Africa,HM Amla,F du Plessis,SL Malinga,0,0,,,,,,"",""
ball,2,6.2,South Africa,HM Amla,F du Plessis,SL Malinga,1,0,,,,,,"",""
ball,2,6.3,South Africa,F du Plessis,HM Amla,SL Malinga,1,0,,,,,,"",""
ball,2,6.4,South Africa,HM Amla,F du Plessis,SL Malinga,0,0,,,,,,"",""
ball,2,6.5,South Africa,HM Amla,F du Plessis,SL Malinga,0,0,,,,,,"",""
ball,2,6.6,South Africa,HM Amla,F du Plessis,SL Malinga,0,0,,,,,,"",""
ball,2,7.1,South Africa,F du Plessis,HM Amla,NLTC Perera,0,0,,,,,,"",""
ball,2,7.2,South Africa,F du Plessis,HM Amla,NLTC Perera,0,0,,,,,,"",""
ball,2,7.3,South Africa,F du Plessis,HM Amla,NLTC Perera,0,0,,,,,,"",""
ball,2,7.4,South Africa,F du Plessis,HM Amla,NLTC Perera,0,0,,,,,,"",""
ball,2,7.5,South Africa,F du Plessis,HM Amla,NLTC Perera,0,0,,,,,,"",""
ball,2,7.6,South Africa,F du Plessis,HM Amla,NLTC Perera,0,0,,,,,,"",""
ball,2,8.1,South Africa,HM Amla,F du Plessis,SL Malinga,2,0,,,,,,"",""
ball,2,8.2,South Africa,HM Amla,F du Plessis,SL Malinga,0,1,1,,,,,"",""
ball,2,8.3,South Africa,HM Amla,F du Plessis,SL Malinga,0,0,,,,,,"",""
ball,2,8.4,South Africa,HM Amla,F du Plessis,SL Malinga,1,0,,,,,,"",""
ball,2,8.5,South Africa,F du Plessis,HM Amla,SL Malinga,0,0,,,,,,"",""
ball,2,8.6,South Africa,F du Plessis,HM Amla,SL Malinga,2,0,,,,,,"",""
ball,2,8.7,South Africa,F du Plessis,HM Amla,SL Malinga,0,0,,,,,,"",""
ball,2,9.1,South Africa,HM Amla,F du Plessis,NLTC Perera,2,0,,,,,,"",""
ball,2,9.2,South Africa,HM Amla,F du Plessis,NLTC Perera,0,0,,,,,,"",""
ball,2,9.3,South Africa,HM Amla,F du Plessis,NLTC Perera,4,0,,,,,,"",""
ball,2,9.4,South Africa,HM Amla,F du Plessis,NLTC Perera,1,0,,,,,,"",""
ball,2,9.5,South Africa,F du Plessis,HM Amla,NLTC Perera,0,0,,,,,,"",""
ball,2,9.6,South Africa,F du Plessis,HM Amla,NLTC Perera,4,0,,,,,,"",""
ball,2,10.1,South Africa,HM Amla,F du Plessis,RAS Lakmal,2,0,,,,,,"",""
ball,2,10.2,South Africa,HM Amla,F du Plessis,RAS Lakmal,0,0,,,,,,"",""
ball,2,10.3,South Africa,HM Amla,F du Plessis,RAS Lakmal,0,0,,,,,,"",""
ball,2,10.4,South Africa,HM Amla,F du Plessis,RAS Lakmal,0,0,,,,,,"",""
ball,2,10.5,South Africa,HM Amla,F du Plessis,RAS Lakmal,2,0,,,,,,"",""
ball,2,10.6,South Africa,HM Amla,F du Plessis,RAS Lakmal,1,0,,,,,,"",""
ball,2,11.1,South Africa,HM Amla,F du Plessis,NLTC Perera,0,0,,,,,,"",""
ball,2,11.2,South Africa,HM Amla,F du Plessis,NLTC Perera,2,0,,,,,,"",""
ball,2,11.3,South Africa,HM Amla,F du Plessis,NLTC Perera,1,0,,,,,,"",""
ball,2,11.4,South Africa,F du Plessis,HM Amla,NLTC Perera,1,0,,,,,,"",""
ball,2,11.5,South Africa,HM Amla,F du Plessis,NLTC Perera,0,0,,,,,,"",""
ball,2,11.6,South Africa,HM Amla,F du Plessis,NLTC Perera,0,0,,,,,,"",""
ball,2,12.1,South Africa,F du Plessis,HM Amla,RAS Lakmal,0,0,,,,,,"",""
ball,2,12.2,South Africa,F du Plessis,HM Amla,RAS Lakmal,4,0,,,,,,"",""
ball,2,12.3,South Africa,F du Plessis,HM Amla,RAS Lakmal,1,0,,,,,,"",""
ball,2,12.4,South Africa,HM Amla,F du Plessis,RAS Lakmal,1,0,,,,,,"",""
ball,2,12.5,South Africa,F du Plessis,HM Amla,RAS Lakmal,0,0,,,,,,"",""
ball,2,12.6,South Africa,F du Plessis,HM Amla,RAS Lakmal,1,0,,,,,,"",""
ball,2,13.1,South Africa,F du Plessis,HM Amla,BMAJ Mendis,0,0,,,,,,"",""
ball,2,13.2,South Africa,F du Plessis,HM Amla,BMAJ Mendis,1,0,,,,,,"",""
ball,2,13.3,South Africa,HM Amla,F du Plessis,BMAJ Mendis,0,1,1,,,,,"",""
ball,2,13.4,South Africa,HM Amla,F du Plessis,BMAJ Mendis,1,0,,,,,,"",""
ball,2,13.5,South Africa,F du Plessis,HM Amla,BMAJ Mendis,0,0,,,,,,"",""
ball,2,13.6,South Africa,F du Plessis,HM Amla,BMAJ Mendis,0,0,,,,,,"",""
ball,2,13.7,South Africa,F du Plessis,HM Amla,BMAJ Mendis,0,0,,,,,,"",""
ball,2,14.1,South Africa,HM Amla,F du Plessis,RAS Lakmal,1,0,,,,,,"",""
ball,2,14.2,South Africa,F du Plessis,HM Amla,RAS Lakmal,0,0,,,,,,"",""
ball,2,14.3,South Africa,F du Plessis,HM Amla,RAS Lakmal,0,0,,,,,,"",""
ball,2,14.4,South Africa,F du Plessis,HM Amla,RAS Lakmal,1,0,,,,,,"",""
ball,2,14.5,South Africa,HM Amla,F du Plessis,RAS Lakmal,4,0,,,,,,"",""
ball,2,14.6,South Africa,HM Amla,F du Plessis,RAS Lakmal,1,0,,,,,,"",""
ball,2,15.1,South Africa,HM Amla,F du Plessis,BMAJ Mendis,0,0,,,,,,"",""
ball,2,15.2,South Africa,HM Amla,F du Plessis,BMAJ Mendis,1,0,,,,,,"",""
ball,2,15.3,South Africa,F du Plessis,HM Amla,BMAJ Mendis,1,0,,,,,,"",""
ball,2,15.4,South Africa,HM Amla,F du Plessis,BMAJ Mendis,0,0,,,,,,"",""
ball,2,15.5,South Africa,HM Amla,F du Plessis,BMAJ Mendis,0,0,,,,,,"",""
ball,2,15.6,South Africa,HM Amla,F du Plessis,BMAJ Mendis,0,0,,,,,,"",""
ball,2,16.1,South Africa,F du Plessis,HM Amla,RAS Lakmal,0,5,5,,,,,"",""
ball,2,16.2,South Africa,F du Plessis,HM Amla,RAS Lakmal,1,0,,,,,,"",""
ball,2,16.3,South Africa,HM Amla,F du Plessis,RAS Lakmal,1,0,,,,,,"",""
ball,2,16.4,South Africa,F du Plessis,HM Amla,RAS Lakmal,0,0,,,,,,"",""
ball,2,16.5,South Africa,F du Plessis,HM Amla,RAS Lakmal,0,0,,,,,,"",""
ball,2,16.6,South Africa,F du Plessis,HM Amla,RAS Lakmal,4,0,,,,,,"",""
ball,2,16.7,South Africa,F du Plessis,HM Amla,RAS Lakmal,2,0,,,,,,"",""
ball,2,17.1,South Africa,HM Amla,F du Plessis,BMAJ Mendis,0,0,,,,,,"",""
ball,2,17.2,South Africa,HM Amla,F du Plessis,BMAJ Mendis,1,0,,,,,,"",""
ball,2,17.3,South Africa,F du Plessis,HM Amla,BMAJ Mendis,1,0,,,,,,"",""
ball,2,17.4,South Africa,HM Amla,F du Plessis,BMAJ Mendis,0,0,,,,,,"",""
ball,2,17.5,South Africa,HM Amla,F du Plessis,BMAJ Mendis,1,0,,,,,,"",""
ball,2,17.6,South Africa,F du Plessis,HM Amla,BMAJ Mendis,1,0,,,,,,"",""
ball,2,18.1,South Africa,F du Plessis,HM Amla,I Udana,1,0,,,,,,"",""
ball,2,18.2,South Africa,HM Amla,F du Plessis,I Udana,1,0,,,,,,"",""
ball,2,18.3,South Africa,F du Plessis,HM Amla,I Udana,0,1,1,,,,,"",""
ball,2,18.4,South Africa,F du Plessis,HM Amla,I Udana,1,0,,,,,,"",""
ball,2,18.5,South Africa,HM Amla,F du Plessis,I Udana,1,0,,,,,,"",""
ball,2,18.6,South Africa,F du Plessis,HM Amla,I Udana,1,0,,,,,,"",""
ball,2,18.7,South Africa,HM Amla,F du Plessis,I Udana,1,0,,,,,,"",""
ball,2,19.1,South Africa,HM Amla,F du Plessis,BMAJ Mendis,1,0,,,,,,"",""
ball,2,19.2,South Africa,F du Plessis,HM Amla,BMAJ Mendis,0,0,,,,,,"",""
ball,2,19.3,South Africa,F du Plessis,HM Amla,BMAJ Mendis,2,0,,,,,,"",""
ball,2,19.4,South Africa,F du Plessis,HM Amla,BMAJ Mendis,1,0,,,,,,"",""
ball,2,19.5,South Africa,HM Amla,F du Plessis,BMAJ Mendis,1,0,,,,,,"",""
ball,2,19.6,South Africa,F du Plessis,HM Amla,BMAJ Mendis,1,0,,,,,,"",""
ball,2,20.1,South Africa,F du Plessis,HM Amla,I Udana,0,0,,,,,,"",""
ball,2,20.2,South Africa,F du Plessis,HM Amla,I Udana,0,0,,,,,,"",""
ball,2,20.3,South Africa,F du Plessis,HM Amla,I Udana,1,0,,,,,,"",""
ball,2,20.4,South Africa,HM Amla,F du Plessis,I Udana,1,0,,,,,,"",""
ball,2,20.5,South Africa,F du Plessis,HM Amla,I Udana,1,0,,,,,,"",""
ball,2,20.6,South Africa,HM Amla,F du Plessis,I Udana,0,1,1,,,,,"",""
ball,2,20.7,South Africa,HM Amla,F du Plessis,I Udana,0,0,,,,,,"",""
ball,2,21.1,South Africa,F du Plessis,HM Amla,SL Malinga,2,0,,,,,,"",""
ball,2,21.2,South Africa,F du Plessis,HM Amla,SL Malinga,1,0,,,,,,"",""
ball,2,21.3,South Africa,HM Amla,F du Plessis,SL Malinga,0,0,,,,,,"",""
ball,2,21.4,South Africa,HM Amla,F du Plessis,SL Malinga,0,0,,,,,,"",""
ball,2,21.5,South Africa,HM Amla,F du Plessis,SL Malinga,1,0,,,,,,"",""
ball,2,21.6,South Africa,F du Plessis,HM Amla,SL Malinga,0,0,,,,,,"",""
ball,2,22.1,South Africa,HM Amla,F du Plessis,I Udana,1,0,,,,,,"",""
ball,2,22.2,South Africa,F du Plessis,HM Amla,I Udana,0,0,,,,,,"",""
ball,2,22.3,South Africa,F du Plessis,HM Amla,I Udana,0,0,,,,,,"",""
ball,2,22.4,South Africa,F du Plessis,HM Amla,I Udana,4,0,,,,,,"",""
ball,2,22.5,South Africa,F du Plessis,HM Amla,I Udana,1,0,,,,,,"",""
ball,2,22.6,South Africa,HM Amla,F du Plessis,I Udana,1,0,,,,,,"",""
ball,2,23.1,South Africa,HM Amla,F du Plessis,SL Malinga,0,0,,,,,,"",""
ball,2,23.2,South Africa,HM Amla,F du Plessis,SL Malinga,0,0,,,,,,"",""
ball,2,23.3,South Africa,HM Amla,F du Plessis,SL Malinga,0,0,,,,,,"",""
ball,2,23.4,South Africa,HM Amla,F du Plessis,SL Malinga,0,0,,,,,,"",""
ball,2,23.5,South Africa,HM Amla,F du Plessis,SL Malinga,0,0,,,,,,"",""
ball,2,23.6,South Africa,HM Amla,F du Plessis,SL Malinga,0,0,,,,,,"",""
ball,2,24.1,South Africa,F du Plessis,HM Amla,DM de Silva,1,0,,,,,,"",""
ball,2,24.2,South Africa,HM Amla,F du Plessis,DM de Silva,1,0,,,,,,"",""
ball,2,24.3,South Africa,F du Plessis,HM Amla,DM de Silva,1,0,,,,,,"",""
ball,2,24.4,South Africa,HM Amla,F du Plessis,DM de Silva,0,0,,,,,,"",""
ball,2,24.5,South Africa,HM Amla,F du Plessis,DM de Silva,0,0,,,,,,"",""
ball,2,24.6,South Africa,HM Amla,F du Plessis,DM de Silva,1,0,,,,,,"",""
ball,2,25.1,South Africa,HM Amla,F du Plessis,SL Malinga,1,0,,,,,,"",""
ball,2,25.2,South Africa,F du Plessis,HM Amla,SL Malinga,0,0,,,,,,"",""
ball,2,25.3,South Africa,F du Plessis,HM Amla,SL Malinga,0,0,,,,,,"",""
ball,2,25.4,South Africa,F du Plessis,HM Amla,SL Malinga,0,0,,,,,,"",""
ball,2,25.5,South Africa,F du Plessis,HM Amla,SL Malinga,0,0,,,,,,"",""
ball,2,25.6,South Africa,F du Plessis,HM Amla,SL Malinga,0,0,,,,,,"",""
ball,2,26.1,South Africa,HM Amla,F du Plessis,DM de Silva,1,0,,,,,,"",""
ball,2,26.2,South Africa,F du Plessis,HM Amla,DM de Silva,1,0,,,,,,"",""
ball,2,26.3,South Africa,HM Amla,F du Plessis,DM de Silva,0,0,,,,,,"",""
ball,2,26.4,South Africa,HM Amla,F du Plessis,DM de Silva,0,2,2,,,,,"",""
ball,2,26.5,South Africa,F du Plessis,HM Amla,DM de Silva,0,0,,,,,,"",""
ball,2,26.6,South Africa,F du Plessis,HM Amla,DM de Silva,0,0,,,,,,"",""
ball,2,26.7,South Africa,F du Plessis,HM Amla,DM de Silva,1,0,,,,,,"",""
ball,2,27.1,South Africa,F du Plessis,HM Amla,RAS Lakmal,1,0,,,,,,"",""
ball,2,27.2,South Africa,HM Amla,F du Plessis,RAS Lakmal,1,0,,,,,,"",""
ball,2,27.3,South Africa,F du Plessis,HM Amla,RAS Lakmal,6,0,,,,,,"",""
ball,2,27.4,South Africa,F du Plessis,HM Amla,RAS Lakmal,4,0,,,,,,"",""
ball,2,27.5,South Africa,F du Plessis,HM Amla,RAS Lakmal,1,0,,,,,,"",""
ball,2,27.6,South Africa,HM Amla,F du Plessis,RAS Lakmal,0,0,,,,,,"",""
ball,2,28.1,South Africa,F du Plessis,HM Amla,BMAJ Mendis,1,0,,,,,,"",""
ball,2,28.2,South Africa,HM Amla,F du Plessis,BMAJ Mendis,1,0,,,,,,"",""
ball,2,28.3,South Africa,F du Plessis,HM Amla,BMAJ Mendis,0,1,1,,,,,"",""
ball,2,28.4,South Africa,F du Plessis,HM Amla,BMAJ Mendis,0,0,,,,,,"",""
ball,2,28.5,South Africa,F du Plessis,HM Amla,BMAJ Mendis,1,0,,,,,,"",""
ball,2,28.6,South Africa,HM Amla,F du Plessis,BMAJ Mendis,0,0,,,,,,"",""
ball,2,28.7,South Africa,HM Amla,F du Plessis,BMAJ Mendis,1,0,,,,,,"",""
ball,2,29.1,South Africa,HM Amla,F du Plessis,NLTC Perera,1,0,,,,,,"",""
ball,2,29.2,South Africa,F du Plessis,HM Amla,NLTC Perera,0,0,,,,,,"",""
ball,2,29.3,South Africa,F du Plessis,HM Amla,NLTC Perera,1,0,,,,,,"",""
ball,2,29.4,South Africa,HM Amla,F du Plessis,NLTC Perera,1,0,,,,,,"",""
ball,2,29.5,South Africa,F du Plessis,HM Amla,NLTC Perera,1,0,,,,,,"",""
ball,2,29.6,South Africa,HM Amla,F du Plessis,NLTC Perera,1,0,,,,,,"",""
ball,2,30.1,South Africa,HM Amla,F du Plessis,BMAJ Mendis,3,0,,,,,,"",""
ball,2,30.2,South Africa,F du Plessis,HM Amla,BMAJ Mendis,0,1,1,,,,,"",""
ball,2,30.3,South Africa,F du Plessis,HM Amla,BMAJ Mendis,2,0,,,,,,"",""
ball,2,30.4,South Africa,F du Plessis,HM Amla,BMAJ Mendis,1,0,,,,,,"",""
ball,2,30.5,South Africa,HM Amla,F du Plessis,BMAJ Mendis,0,0,,,,,,"",""
ball,2,30.6,South Africa,HM Amla,F du Plessis,BMAJ Mendis,0,0,,,,,,"",""
ball,2,30.7,South Africa,HM Amla,F du Plessis,BMAJ Mendis,0,0,,,,,,"",""
ball,2,31.1,South Africa,F du Plessis,HM Amla,NLTC Perera,1,0,,,,,,"",""
ball,2,31.2,South Africa,HM Amla,F du Plessis,NLTC Perera,0,0,,,,,,"",""
ball,2,31.3,South Africa,HM Amla,F du Plessis,NLTC Perera,1,0,,,,,,"",""
ball,2,31.4,South Africa,F du Plessis,HM Amla,NLTC Perera,0,0,,,,,,"",""
ball,2,31.5,South Africa,F du Plessis,HM Amla,NLTC Perera,1,0,,,,,,"",""
ball,2,31.6,South Africa,HM Amla,F du Plessis,NLTC Perera,0,0,,,,,,"",""
ball,2,32.1,South Africa,F du Plessis,HM Amla,BMAJ Mendis,1,0,,,,,,"",""
ball,2,32.2,South Africa,HM Amla,F du Plessis,BMAJ Mendis,1,0,,,,,,"",""
ball,2,32.3,South Africa,F du Plessis,HM Amla,BMAJ Mendis,1,0,,,,,,"",""
ball,2,32.4,South Africa,HM Amla,F du Plessis,BMAJ Mendis,1,0,,,,,,"",""
ball,2,32.5,South Africa,F du Plessis,HM Amla,BMAJ Mendis,4,0,,,,,,"",""
ball,2,32.6,South Africa,F du Plessis,HM Amla,BMAJ Mendis,1,0,,,,,,"",""
ball,2,33.1,South Africa,F du Plessis,HM Amla,SL Malinga,1,0,,,,,,"",""
ball,2,33.2,South Africa,HM Amla,F du Plessis,SL Malinga,0,0,,,,,,"",""
ball,2,33.3,South Africa,HM Amla,F du Plessis,SL Malinga,1,0,,,,,,"",""
ball,2,33.4,South Africa,F du Plessis,HM Amla,SL Malinga,0,0,,,,,,"",""
ball,2,33.5,South Africa,F du Plessis,HM Amla,SL Malinga,4,0,,,,,,"",""
ball,2,33.6,South Africa,F du Plessis,HM Amla,SL Malinga,1,0,,,,,,"",""
ball,2,34.1,South Africa,F du Plessis,HM Amla,I Udana,0,0,,,,,,"",""
ball,2,34.2,South Africa,F du Plessis,HM Amla,I Udana,1,0,,,,,,"",""
ball,2,34.3,South Africa,HM Amla,F du Plessis,I Udana,0,0,,,,,,"",""
ball,2,34.4,South Africa,HM Amla,F du Plessis,I Udana,1,0,,,,,,"",""
ball,2,34.5,South Africa,F du Plessis,HM Amla,I Udana,0,0,,,,,,"",""
ball,2,34.6,South Africa,F du Plessis,HM Amla,I Udana,4,0,,,,,,"",""
ball,2,35.1,South Africa,HM Amla,F du Plessis,SL Malinga,1,0,,,,,,"",""
ball,2,35.2,South Africa,F du Plessis,HM Amla,SL Malinga,0,0,,,,,,"",""
ball,2,35.3,South Africa,F du Plessis,HM Amla,SL Malinga,4,0,,,,,,"",""
ball,2,35.4,South Africa,F du Plessis,HM Amla,SL Malinga,0,0,,,,,,"",""
ball,2,35.5,South Africa,F du Plessis,HM Amla,SL Malinga,0,0,,,,,,"",""
ball,2,35.6,South Africa,F du Plessis,HM Amla,SL Malinga,0,0,,,,,,"",""
ball,2,36.1,South Africa,HM Amla,F du Plessis,I Udana,2,0,,,,,,"",""
ball,2,36.2,South Africa,HM Amla,F du Plessis,I Udana,2,0,,,,,,"",""
ball,2,36.3,South Africa,HM Amla,F du Plessis,I Udana,0,0,,,,,,"",""
ball,2,36.4,South Africa,HM Amla,F du Plessis,I Udana,0,0,,,,,,"",""
ball,2,36.5,South Africa,HM Amla,F du Plessis,I Udana,1,0,,,,,,"",""
ball,2,36.6,South Africa,F du Plessis,HM Amla,I Udana,0,0,,,,,,"",""
ball,2,37.1,South Africa,HM Amla,F du Plessis,NLTC Perera,1,0,,,,,,"",""
ball,2,37.2,South Africa,F du Plessis,HM Amla,NLTC Perera,4,0,,,,,,"",""
