version,1.6.0
info,balls_per_over,6
info,team,England
info,team,New Zealand
info,gender,male
info,season,2019
info,date,2019/07/14
info,event,World Cup
info,venue,Lord's
info,city,London
info,toss_winner,New Zealand
info,toss_decision,bat
info,player_of_match,BA Stokes
info,umpire,HDPK Dharmasena
info,umpire,M Erasmus
info,reserve_umpire,Aleem Dar
info,tv_umpire,RJ Tucker
info,match_referee,RS Madugalle
info,outcome,tie
info,eliminator,England
info,player,New Zealand,MJ Guptill
info,player,New Zealand,HM Nicholls
info,player,New Zealand,KS Williamson
info,player,New Zealand,LRPL Taylor
info,player,New Zealand,TWM Latham
info,player,New Zealand,JDS Neesham
info,player,New Zealand,C de Grandhomme
info,player,New Zealand,MJ Santner
info,player,New Zealand,MJ Henry
info,player,New Zealand,TA Boult
info,player,New Zealand,LH Ferguson
info,player,England,JJ Roy
info,player,England,JM Bairstow
info,player,England,JE Root
info,player,England,EJG Morgan
info,player,England,BA Stokes
info,player,England,JC Buttler
info,player,England,CR Woakes
info,player,England,LE Plunkett
info,player,England,JC Archer
info,player,England,AU Rashid
info,player,England,MA Wood
info,registry,people,AU Rashid,249d60c9
info,registry,people,Aleem Dar,f02778d1
info,registry,people,BA Stokes,e087956b
info,registry,people,C de Grandhomme,94d7f855
info,registry,people,CR Woakes,4c5d73db
info,registry,people,EJG Morgan,d2a6c0e6
info,registry,people,HDPK Dharmasena,323e4c16
info,registry,people,HM Nicholls,03521fd3
info,registry,people,JC Archer,5574750c
info,registry,people,JC Buttler,99b75528
info,registry,people,JDS Neesham,9219eff0
info,registry,people,JE Root,a343262c
info,registry,people,JJ Roy,d1c36f5c
info,registry,people,JM Bairstow,abb83e27
info,registry,people,JM Vince,a15618fe
info,registry,people,KS Williamson,d027ba9f
info,registry,people,LE Plunkett,9a963804
info,registry,people,LH Ferguson,2f9d0389
info,registry,people,LRPL Taylor,b61a3e1a
info,registry,people,M Erasmus,15d3c895
info,registry,people,MA Wood,8d92a2c3
info,registry,people,MJ Guptill,2be41edb
info,registry,people,MJ Henry,e84ac20c
info,registry,people,MJ Santner,e4a0deae
info,registry,people,RJ Tucker,38810cfc
info,registry,people,RS Madugalle,766b5798
info,registry,people,TA Boult,a818c1be
info,registry,people,TG Southee,13c35c9e
info,registry,people,TWM Latham,e824e6ee
ball,1,0.1,New Zealand,MJ Guptill,HM Nicholls,CR Woakes,0,1,1,,,,,"",""
ball,1,0.2,New Zealand,MJ Guptill,HM Nicholls,CR Woakes,0,0,,,,,,"",""
ball,1,0.3,New Zealand,MJ Guptill,HM Nicholls,CR Woakes,0,0,,,,,,"",""
ball,1,0.4,New Zealand,MJ Guptill,HM Nicholls,CR Woakes,0,0,,,,,,"",""
ball,1,0.5,New Zealand,MJ Guptill,HM Nicholls,CR Woakes,0,0,,,,,,"",""
ball,1,0.6,New Zealand,MJ Guptill,HM Nicholls,CR Woakes,4,0,,,,,,"",""
ball,1,0.7,New Zealand,MJ Guptill,HM Nicholls,CR Woakes,0,0,,,,,,"",""
ball,1,1.1,New Zealand,HM Nicholls,MJ Guptill,JC Archer,0,0,,,,,,"",""
ball,1,1.2,New Zealand,HM Nicholls,MJ Guptill,JC Archer,0,1,,,,1,,"",""
ball,1,1.3,New Zealand,MJ Guptill,HM Nicholls,JC Archer,0,0,,,,,,"",""
ball,1,1.4,New Zealand,MJ Guptill,HM Nicholls,JC Archer,2,0,,,,,,"",""
ball,1,1.5,New Zealand,MJ Guptill,HM Nicholls,JC Archer,0,0,,,,,,"",""
ball,1,1.6,New Zealand,MJ Guptill,HM Nicholls,JC Archer,0,0,,,,,,"",""
ball,1,2.1,New Zealand,HM Nicholls,MJ Guptill,CR Woakes,0,0,,,,,,"",""
ball,1,2.2,New Zealand,HM Nicholls,MJ Guptill,CR Woakes,0,0,,,,,,"",""
ball,1,2.3,New Zealand,HM Nicholls,MJ Guptill,CR Woakes,0,0,,,,,,"",""
ball,1,2.4,New Zealand,HM Nicholls,MJ Guptill,CR Woakes,0,0,,,,,,"",""
ball,1,2.5,New Zealand,HM Nicholls,MJ Guptill,CR Woakes,2,0,,,,,,"",""
ball,1,2.6,New Zealand,HM Nicholls,MJ Guptill,CR Woakes,0,0,,,,,,"",""
ball,1,3.1,New Zealand,MJ Guptill,HM Nicholls,JC Archer,0,0,,,,,,"",""
ball,1,3.2,New Zealand,MJ Guptill,HM Nicholls,JC Archer,6,0,,,,,,"",""
ball,1,3.3,New Zealand,MJ Guptill,HM Nicholls,JC Archer,0,0,,,,,,"",""
ball,1,3.4,New Zealand,MJ Guptill,HM Nicholls,JC Archer,4,0,,,,,,"",""
ball,1,3.5,New Zealand,MJ Guptill,HM Nicholls,JC Archer,1,0,,,,,,"",""
ball,1,3.6,New Zealand,HM Nicholls,MJ Guptill,JC Archer,1,0,,,,,,"",""
ball,1,4.1,New Zealand,HM Nicholls,MJ Guptill,CR Woakes,0,0,,,,,,"",""
ball,1,4.2,New Zealand,HM Nicholls,MJ Guptill,CR Woakes,1,0,,,,,,"",""
ball,1,4.3,New Zealand,MJ Guptill,HM Nicholls,CR Woakes,1,0,,,,,,"",""
ball,1,4.4,New Zealand,HM Nicholls,MJ Guptill,CR Woakes,0,0,,,,,,"",""
ball,1,4.5,New Zealand,HM Nicholls,MJ Guptill,CR Woakes,0,0,,,,,,"",""
ball,1,4.6,New Zealand,HM Nicholls,MJ Guptill,CR Woakes,0,0,,,,,,"",""
ball,1,5.1,New Zealand,MJ Guptill,HM Nicholls,JC Archer,1,0,,,,,,"",""
ball,1,5.2,New Zealand,HM Nicholls,MJ Guptill,JC Archer,0,0,,,,,,"",""
ball,1,5.3,New Zealand,HM Nicholls,MJ Guptill,JC Archer,2,0,,,,,,"",""
ball,1,5.4,New Zealand,HM Nicholls,MJ Guptill,JC Archer,0,0,,,,,,"",""
ball,1,5.5,New Zealand,HM Nicholls,MJ Guptill,JC Archer,0,0,,,,,,"",""
ball,1,5.6,New Zealand,HM Nicholls,MJ Guptill,JC Archer,1,0,,,,,,"",""
ball,1,6.1,New Zealand,HM Nicholls,MJ Guptill,CR Woakes,1,0,,,,,,"",""
ball,1,6.2,New Zealand,MJ Guptill,HM Nicholls,CR Woakes,0,0,,,,,,lbw,MJ Guptill
ball,1,6.3,New Zealand,KS Williamson,HM Nicholls,CR Woakes,0,0,,,,,,"",""
ball,1,6.4,New Zealand,KS Williamson,HM Nicholls,CR Woakes,0,0,,,,,,"",""
ball,1,6.5,New Zealand,KS Williamson,HM Nicholls,CR Woakes,0,0,,,,,,"",""
ball,1,6.6,New Zealand,KS Williamson,HM Nicholls,CR Woakes,0,0,,,,,,"",""
ball,1,7.1,New Zealand,HM Nicholls,KS Williamson,JC Archer,0,0,,,,,,"",""
ball,1,7.2,New Zealand,HM Nicholls,KS Williamson,JC Archer,1,0,,,,,,"",""
ball,1,7.3,New Zealand,KS Williamson,HM Nicholls,JC Archer,0,0,,,,,,"",""
ball,1,7.4,New Zealand,KS Williamson,HM Nicholls,JC Archer,0,0,,,,,,"",""
ball,1,7.5,New Zealand,KS Williamson,HM Nicholls,JC Archer,0,0,,,,,,"",""
ball,1,7.6,New Zealand,KS Williamson,HM Nicholls,JC Archer,0,0,,,,,,"",""
ball,1,8.1,New Zealand,HM Nicholls,KS Williamson,CR Woakes,0,0,,,,,,"",""
ball,1,8.2,New Zealand,HM Nicholls,KS Williamson,CR Woakes,0,0,,,,,,"",""
ball,1,8.3,New Zealand,HM Nicholls,KS Williamson,CR Woakes,0,0,,,,,,"",""
ball,1,8.4,New Zealand,HM Nicholls,KS Williamson,CR Woakes,1,0,,,,,,"",""
ball,1,8.5,New Zealand,KS Williamson,HM Nicholls,CR Woakes,0,0,,,,,,"",""
ball,1,8.6,New Zealand,KS Williamson,HM Nicholls,CR Woakes,0,0,,,,,,"",""
ball,1,9.1,New Zealand,HM Nicholls,KS Williamson,JC Archer,0,0,,,,,,"",""
ball,1,9.2,New Zealand,HM Nicholls,KS Williamson,JC Archer,0,1,,,,1,,"",""
ball,1,9.3,New Zealand,KS Williamson,HM Nicholls,JC Archer,0,0,,,,,,"",""
ball,1,9.4,New Zealand,KS Williamson,HM Nicholls,JC Archer,1,0,,,,,,"",""
ball,1,9.5,New Zealand,HM Nicholls,KS Williamson,JC Archer,0,0,,,,,,"",""
ball,1,9.6,New Zealand,HM Nicholls,KS Williamson,JC Archer,0,0,,,,,,"",""
ball,1,10.1,New Zealand,KS Williamson,HM Nicholls,CR Woakes,0,1,1,,,,,"",""
ball,1,10.2,New Zealand,KS Williamson,HM Nicholls,CR Woakes,1,0,,,,,,"",""
ball,1,10.3,New Zealand,HM Nicholls,KS Williamson,CR Woakes,0,0,,,,,,"",""
ball,1,10.4,New Zealand,HM Nicholls,KS Williamson,CR Woakes,4,0,,,,,,"",""
ball,1,10.5,New Zealand,HM Nicholls,KS Williamson,CR Woakes,1,0,,,,,,"",""
ball,1,10.6,New Zealand,KS Williamson,HM Nicholls,CR Woakes,0,0,,,,,,"",""
ball,1,10.7,New Zealand,KS Williamson,HM Nicholls,CR Woakes,0,0,,,,,,"",""
ball,1,11.1,New Zealand,HM Nicholls,KS Williamson,LE Plunkett,0,0,,,,,,"",""
ball,1,11.2,New Zealand,HM Nicholls,KS Williamson,LE Plunkett,2,0,,,,,,"",""
ball,1,11.3,New Zealand,HM Nicholls,KS Williamson,LE Plunkett,0,0,,,,,,"",""
ball,1,11.4,New Zealand,HM Nicholls,KS Williamson,LE Plunkett,2,0,,,,,,"",""
ball,1,11.5,New Zealand,HM Nicholls,KS Williamson,LE Plunkett,0,0,,,,,,"",""
ball,1,11.6,New Zealand,HM Nicholls,KS Williamson,LE Plunkett,2,0,,,,,,"",""
ball,1,12.1,New Zealand,KS Williamson,HM Nicholls,CR Woakes,0,0,,,,,,"",""
ball,1,12.2,New Zealand,KS Williamson,HM Nicholls,CR Woakes,0,0,,,,,,"",""
ball,1,12.3,New Zealand,KS Williamson,HM Nicholls,CR Woakes,0,1,1,,,,,"",""
ball,1,12.4,New Zealand,KS Williamson,HM Nicholls,CR Woakes,0,0,,,,,,"",""
ball,1,12.5,New Zealand,KS Williamson,HM Nicholls,CR Woakes,0,0,,,,,,"",""
ball,1,12.6,New Zealand,KS Williamson,HM Nicholls,CR Woakes,0,0,,,,,,"",""
ball,1,12.7,New Zealand,KS Williamson,HM Nicholls,CR Woakes,0,0,,,,,,"",""
ball,1,13.1,New Zealand,HM Nicholls,KS Williamson,LE Plunkett,1,0,,,,,,"",""
ball,1,13.2,New Zealand,KS Williamson,HM Nicholls,LE Plunkett,0,0,,,,,,"",""
ball,1,13.3,New Zealand,KS Williamson,HM Nicholls,LE Plunkett,1,0,,,,,,"",""
ball,1,13.4,New Zealand,HM Nicholls,KS Williamson,LE Plunkett,1,0,,,,,,"",""
ball,1,13.5,New Zealand,KS Williamson,HM Nicholls,LE Plunkett,1,0,,,,,,"",""
ball,1,13.6,New Zealand,HM Nicholls,KS Williamson,LE Plunkett,4,0,,,,,,"",""
ball,1,14.1,New Zealand,KS Williamson,HM Nicholls,MA Wood,0,1,1,,,,,"",""
ball,1,14.2,New Zealand,KS Williamson,HM Nicholls,MA Wood,0,0,,,,,,"",""
ball,1,14.3,New Zealand,KS Williamson,HM Nicholls,MA Wood,0,0,,,,,,"",""
ball,1,14.4,New Zealand,KS Williamson,HM Nicholls,MA Wood,0,0,,,,,,"",""
ball,1,14.5,New Zealand,KS Williamson,HM Nicholls,MA Wood,1,0,,,,,,"",""
ball,1,14.6,New Zealand,HM Nicholls,KS Williamson,MA Wood,0,1,,,,1,,"",""
ball,1,14.7,New Zealand,KS Williamson,HM Nicholls,MA Wood,0,1,1,,,,,"",""
ball,1,14.8,New Zealand,KS Williamson,HM Nicholls,MA Wood,4,0,,,,,,"",""
ball,1,15.1,New Zealand,HM Nicholls,KS Williamson,LE Plunkett,4,0,,,,,,"",""
ball,1,15.2,New Zealand,HM Nicholls,KS Williamson,LE Plunkett,0,0,,,,,,"",""
ball,1,15.3,New Zealand,HM Nicholls,KS Williamson,LE Plunkett,0,0,,,,,,"",""
ball,1,15.4,New Zealand,HM Nicholls,KS Williamson,LE Plunkett,0,0,,,,,,"",""
ball,1,15.5,New Zealand,HM Nicholls,KS Williamson,LE Plunkett,1,0,,,,,,"",""
ball,1,15.6,New Zealand,KS Williamson,HM Nicholls,LE Plunkett,0,0,,,,,,"",""
ball,1,16.1,New Zealand,HM Nicholls,KS Williamson,MA Wood,0,0,,,,,,"",""
ball,1,16.2,New Zealand,HM Nicholls,KS Williamson,MA Wood,0,0,,,,,,"",""
ball,1,16.3,New Zealand,HM Nicholls,KS Williamson,MA Wood,1,0,,,,,,"",""
ball,1,16.4,New Zealand,KS Williamson,HM Nicholls,MA Wood,0,0,,,,,,"",""
ball,1,16.5,New Zealand,KS Williamson,HM Nicholls,MA Wood,1,0,,,,,,"",""
ball,1,16.6,New Zealand,HM Nicholls,KS Williamson,MA Wood,0,0,,,,,,"",""
ball,1,17.1,New Zealand,KS Williamson,HM Nicholls,AU Rashid,1,0,,,,,,"",""
ball,1,17.2,New Zealand,HM Nicholls,KS Williamson,AU Rashid,1,0,,,,,,"",""
ball,1,17.3,New Zealand,KS Williamson,HM Nicholls,AU Rashid,1,0,,,,,,"",""
ball,1,17.4,New Zealand,HM Nicholls,KS Williamson,AU Rashid,1,0,,,,,,"",""
ball,1,17.5,New Zealand,KS Williamson,HM Nicholls,AU Rashid,2,0,,,,,,"",""
ball,1,17.6,New Zealand,KS Williamson,HM Nicholls,AU Rashid,1,0,,,,,,"",""
ball,1,18.1,New Zealand,KS Williamson,HM Nicholls,MA Wood,1,0,,,,,,"",""
ball,1,18.2,New Zealand,HM Nicholls,KS Williamson,MA Wood,4,0,,,,,,"",""
ball,1,18.3,New Zealand,HM Nicholls,KS Williamson,MA Wood,1,0,,,,,,"",""
ball,1,18.4,New Zealand,KS Williamson,HM Nicholls,MA Wood,1,0,,,,,,"",""
ball,1,18.5,New Zealand,HM Nicholls,KS Williamson,MA Wood,0,0,,,,,,"",""
ball,1,18.6,New Zealand,HM Nicholls,KS Williamson,MA Wood,0,0,,,,,,"",""
ball,1,19.1,New Zealand,KS Williamson,HM Nicholls,AU Rashid,4,0,,,,,,"",""
ball,1,19.2,New Zealand,KS Williamson,HM Nicholls,AU Rashid,0,0,,,,,,"",""
ball,1,19.3,New Zealand,KS Williamson,HM Nicholls,AU Rashid,0,0,,,,,,"",""
ball,1,19.4,New Zealand,KS Williamson,HM Nicholls,AU Rashid,2,0,,,,,,"",""
ball,1,19.5,New Zealand,KS Williamson,HM Nicholls,AU Rashid,0,0,,,,,,"",""
ball,1,19.6,New Zealand,KS Williamson,HM Nicholls,AU Rashid,1,0,,,,,,"",""
ball,1,20.1,New Zealand,KS Williamson,HM Nicholls,MA Wood,3,0,,,,,,"",""
ball,1,20.2,New Zealand,HM Nicholls,KS Williamson,MA Wood,0,0,,,,,,"",""
ball,1,20.3,New Zealand,HM Nicholls,KS Williamson,MA Wood,2,0,,,,,,"",""
ball,1,20.4,New Zealand,HM Nicholls,KS Williamson,MA Wood,1,0,,,,,,"",""
ball,1,20.5,New Zealand,KS Williamson,HM Nicholls,MA Wood,0,0,,,,,,"",""
ball,1,20.6,New Zealand,KS Williamson,HM Nicholls,MA Wood,1,0,,,,,,"",""
ball,1,21.1,New Zealand,KS Williamson,HM Nicholls,AU Rashid,1,0,,,,,,"",""
ball,1,21.2,New Zealand,HM Nicholls,KS Williamson,AU Rashid,1,0,,,,,,"",""
ball,1,21.3,New Zealand,KS Williamson,HM Nicholls,AU Rashid,1,0,,,,,,"",""
ball,1,21.4,New Zealand,HM Nicholls,KS Williamson,AU Rashid,1,0,,,,,,"",""
ball,1,21.5,New Zealand,KS Williamson,HM Nicholls,AU Rashid,0,0,,,,,,"",""
ball,1,21.6,New Zealand,KS Williamson,HM Nicholls,AU Rashid,0,0,,,,,,"",""
ball,1,22.1,New Zealand,HM Nicholls,KS Williamson,LE Plunkett,0,0,,,,,,"",""
ball,1,22.2,New Zealand,HM Nicholls,KS Williamson,LE Plunkett,1,0,,,,,,"",""
ball,1,22.3,New Zealand,KS Williamson,HM Nicholls,LE Plunkett,0,0,,,,,,"",""
ball,1,22.4,New Zealand,KS Williamson,HM Nicholls,LE Plunkett,0,0,,,,,,caught,KS Williamson
ball,1,22.5,New Zealand,LRPL Taylor,HM Nicholls,LE Plunkett,0,0,,,,,,"",""
ball,1,22.6,New Zealand,LRPL Taylor,HM Nicholls,LE Plunkett,0,0,,,,,,"",""
ball,1,23.1,New Zealand,HM Nicholls,LRPL Taylor,AU Rashid,0,0,,,,,,"",""
ball,1,23.2,New Zealand,HM Nicholls,LRPL Taylor,AU Rashid,1,0,,,,,,"",""
ball,1,23.3,New Zealand,LRPL Taylor,HM Nicholls,AU Rashid,1,0,,,,,,"",""
ball,1,23.4,New Zealand,HM Nicholls,LRPL Taylor,AU Rashid,1,0,,,,,,"",""
ball,1,23.5,New Zealand,LRPL Taylor,HM Nicholls,AU Rashid,2,0,,,,,,"",""
ball,1,23.6,New Zealand,LRPL Taylor,HM Nicholls,AU Rashid,0,0,,,,,,"",""
ball,1,24.1,New Zealand,HM Nicholls,LRPL Taylor,LE Plunkett,0,0,,,,,,"",""
ball,1,24.2,New Zealand,HM Nicholls,LRPL Taylor,LE Plunkett,1,0,,,,,,"",""
ball,1,24.3,New Zealand,LRPL Taylor,HM Nicholls,LE Plunkett,0,0,,,,,,"",""
ball,1,24.4,New Zealand,LRPL Taylor,HM Nicholls,LE Plunkett,0,0,,,,,,"",""
ball,1,24.5,New Zealand,LRPL Taylor,HM Nicholls,LE Plunkett,0,0,,,,,,"",""
ball,1,24.6,New Zealand,LRPL Taylor,HM Nicholls,LE Plunkett,0,0,,,,,,"",""
ball,1,25.1,New Zealand,HM Nicholls,LRPL Taylor,AU Rashid,1,0,,,,,,"",""
ball,1,25.2,New Zealand,LRPL Taylor,HM Nicholls,AU Rashid,1,0,,,,,,"",""
ball,1,25.3,New Zealand,HM Nicholls,LRPL Taylor,AU Rashid,1,0,,,,,,"",""
ball,1,25.4,New Zealand,LRPL Taylor,HM Nicholls,AU Rashid,0,0,,,,,,"",""
ball,1,25.5,New Zealand,LRPL Taylor,HM Nicholls,AU Rashid,1,0,,,,,,"",""
ball,1,25.6,New Zealand,HM Nicholls,LRPL Taylor,AU Rashid,1,0,,,,,,"",""
ball,1,26.1,New Zealand,HM Nicholls,LRPL Taylor,LE Plunkett,0,0,,,,,,"",""
ball,1,26.2,New Zealand,HM Nicholls,LRPL Taylor,LE Plunkett,0,0,,,,,,"",""
ball,1,26.3,New Zealand,HM Nicholls,LRPL Taylor,LE Plunkett,3,0,,,,,,"",""
ball,1,26.4,New Zealand,LRPL Taylor,HM Nicholls,LE Plunkett,1,0,,,,,,"",""
ball,1,26.5,New Zealand,HM Nicholls,LRPL Taylor,LE Plunkett,0,0,,,,,,bowled,HM Nicholls
ball,1,26.6,New Zealand,TWM Latham,LRPL Taylor,LE Plunkett,0,0,,,,,,"",""
ball,1,27.1,New Zealand,LRPL Taylor,TWM Latham,AU Rashid,0,0,,,,,,"",""
ball,1,27.2,New Zealand,LRPL Taylor,TWM Latham,AU Rashid,1,0,,,,,,"",""
ball,1,27.3,New Zealand,TWM Latham,LRPL Taylor,AU Rashid,1,0,,,,,,"",""
ball,1,27.4,New Zealand,LRPL Taylor,TWM Latham,AU Rashid,1,0,,,,,,"",""
ball,1,27.5,New Zealand,TWM Latham,LRPL Taylor,AU Rashid,1,0,,,,,,"",""
ball,1,27.6,New Zealand,LRPL Taylor,TWM Latham,AU Rashid,0,0,,,,,,"",""
ball,1,28.1,New Zealand,TWM Latham,LRPL Taylor,LE Plunkett,0,0,,,,,,"",""
ball,1,28.2,New Zealand,TWM Latham,LRPL Taylor,LE Plunkett,0,0,,,,,,"",""
ball,1,28.3,New Zealand,TWM Latham,LRPL Taylor,LE Plunkett,0,0,,,,,,"",""
ball,1,28.4,New Zealand,TWM Latham,LRPL Taylor,LE Plunkett,0,0,,,,,,"",""
ball,1,28.5,New Zealand,TWM Latham,LRPL Taylor,LE Plunkett,0,0,,,,,,"",""
ball,1,28.6,New Zealand,TWM Latham,LRPL Taylor,LE Plunkett,1,0,,,,,,"",""
ball,1,29.1,New Zealand,TWM Latham,LRPL Taylor,AU Rashid,1,0,,,,,,"",""
ball,1,29.2,New Zealand,LRPL Taylor,TWM Latham,AU Rashid,0,0,,,,,,"",""
ball,1,29.3,New Zealand,LRPL Taylor,TWM Latham,AU Rashid,0,0,,,,,,"",""
ball,1,29.4,New Zealand,LRPL Taylor,TWM Latham,AU Rashid,0,0,,,,,,"",""
ball,1,29.5,New Zealand,LRPL Taylor,TWM Latham,AU Rashid,1,0,,,,,,"",""
ball,1,29.6,New Zealand,TWM Latham,LRPL Taylor,AU Rashid,1,0,,,,,,"",""
ball,1,30.1,New Zealand,TWM Latham,LRPL Taylor,BA Stokes,1,0,,,,,,"",""
ball,1,30.2,New Zealand,LRPL Taylor,TWM Latham,BA Stokes,1,0,,,,,,"",""
ball,1,30.3,New Zealand,TWM Latham,LRPL Taylor,BA Stokes,0,0,,,,,,"",""
ball,1,30.4,New Zealand,TWM Latham,LRPL Taylor,BA Stokes,1,0,,,,,,"",""
ball,1,30.5,New Zealand,LRPL Taylor,TWM Latham,BA Stokes,1,0,,,,,,"",""
ball,1,30.6,New Zealand,TWM Latham,LRPL Taylor,BA Stokes,0,0,,,,,,"",""
ball,1,31.1,New Zealand,LRPL Taylor,TWM Latham,AU Rashid,1,0,,,,,,"",""
ball,1,31.2,New Zealand,TWM Latham,LRPL Taylor,AU Rashid,1,0,,,,,,"",""
ball,1,31.3,New Zealand,LRPL Taylor,TWM Latham,AU Rashid,1,0,,,,,,"",""
ball,1,31.4,New Zealand,TWM Latham,LRPL Taylor,AU Rashid,1,0,,,,,,"",""
ball,1,31.5,New Zealand,LRPL Taylor,TWM Latham,AU Rashid,0,0,,,,,,"",""
ball,1,31.6,New Zealand,LRPL Taylor,TWM Latham,AU Rashid,0,0,,,,,,"",""
ball,1,32.1,New Zealand,TWM Latham,LRPL Taylor,BA Stokes,0,0,,,,,,"",""
ball,1,32.2,New Zealand,TWM Latham,LRPL Taylor,BA Stokes,1,0,,,,,,"",""
ball,1,32.3,New Zealand,LRPL Taylor,TWM Latham,BA Stokes,1,0,,,,,,"",""
ball,1,32.4,New Zealand,TWM Latham,LRPL Taylor,BA Stokes,1,0,,,,,,"",""
ball,1,32.5,New Zealand,LRPL Taylor,TWM Latham,BA Stokes,0,2,,,,2,,"",""
ball,1,32.6,New Zealand,LRPL Taylor,TWM Latham,BA Stokes,0,1,1,,,,,"",""
ball,1,32.7,New Zealand,LRPL Taylor,TWM Latham,BA Stokes,1,0,,,,,,"",""
ball,1,33.1,New Zealand,LRPL Taylor,TWM Latham,MA Wood,0,0,,,,,,lbw,LRPL Taylor
ball,1,33.2,New Zealand,JDS Neesham,TWM Latham,MA Wood,0,0,,,,,,"",""
ball,1,33.3,New Zealand,JDS Neesham,TWM Latham,MA Wood,0,0,,,,,,"",""
ball,1,33.4,New Zealand,JDS Neesham,TWM Latham,MA Wood,0,0,,,,,,"",""
ball,1,33.5,New Zealand,JDS Neesham,TWM Latham,MA Wood,0,0,,,,,,"",""
ball,1,33.6,New Zealand,JDS Neesham,TWM Latham,MA Wood,0,0,,,,,,"",""
ball,1,34.1,New Zealand,TWM Latham,JDS Neesham,BA Stokes,1,0,,,,,,"",""
ball,1,34.2,New Zealand,JDS Neesham,TWM Latham,BA Stokes,0,0,,,,,,"",""
ball,1,34.3,New Zealand,JDS Neesham,TWM Latham,BA Stokes,0,0,,,,,,"",""
ball,1,34.4,New Zealand,JDS Neesham,TWM Latham,BA Stokes,4,0,,,,,,"",""
ball,1,34.5,New Zealand,JDS Neesham,TWM Latham,BA Stokes,0,1,1,,,,,"",""
ball,1,34.6,New Zealand,JDS Neesham,TWM Latham,BA Stokes,4,0,,,,,,"",""
ball,1,34.7,New Zealand,JDS Neesham,TWM Latham,BA Stokes,1,0,,,,,,"",""
ball,1,35.1,New Zealand,JDS Neesham,TWM Latham,MA Wood,0,0,,,,,,"",""
ball,1,35.2,New Zealand,JDS Neesham,TWM Latham,MA Wood,0,0,,,,,,"",""
ball,1,35.3,New Zealand,JDS Neesham,TWM Latham,MA Wood,0,0,,,,,,"",""
ball,1,35.4,New Zealand,JDS Neesham,TWM Latham,MA Wood,1,0,,,,,,"",""
ball,1,35.5,New Zealand,TWM Latham,JDS Neesham,MA Wood,0,0,,,,,,"",""
ball,1,35.6,New Zealand,TWM Latham,JDS Neesham,MA Wood,0,0,,,,,,"",""
ball,1,36.1,New Zealand,JDS Neesham,TWM Latham,LE Plunkett,0,0,,,,,,"",""
ball,1,36.2,New Zealand,JDS Neesham,TWM Latham,LE Plunkett,1,0,,,,,,"",""
ball,1,36.3,New Zealand,TWM Latham,JDS Neesham,LE Plunkett,0,0,,,,,,"",""
ball,1,36.4,New Zealand,TWM Latham,JDS Neesham,LE Plunkett,4,0,,,,,,"",""
ball,1,36.5,New Zealand,TWM Latham,JDS Neesham,LE Plunkett,1,0,,,,,,"",""
ball,1,36.6,New Zealand,JDS Neesham,TWM Latham,LE Plunkett,0,0,,,,,,"",""
ball,1,37.1,New Zealand,TWM Latham,JDS Neesham,MA Wood,4,0,,,,,,"",""
ball,1,37.2,New Zealand,TWM Latham,JDS Neesham,MA Wood,0,0,,,,,,"",""
ball,1,37.3,New Zealand,TWM Latham,JDS Neesham,MA Wood,1,0,,,,,,"",""
ball,1,37.4,New Zealand,JDS Neesham,TWM Latham,MA Wood,0,0,,,,,,"",""
ball,1,37.5,New Zealand,JDS Neesham,TWM Latham,MA Wood,0,0,,,,,,"",""
ball,1,37.6,New Zealand,JDS Neesham,TWM Latham,MA Wood,1,0,,,,,,"",""
ball,1,38.1,New Zealand,JDS Neesham,TWM Latham,LE Plunkett,0,0,,,,,,"",""
ball,1,38.2,New Zealand,JDS Neesham,TWM Latham,LE Plunkett,1,0,,,,,,"",""
ball,1,38.3,New Zealand,TWM Latham,JDS Neesham,LE Plunkett,1,0,,,,,,"",""
ball,1,38.4,New Zealand,JDS Neesham,TWM Latham,LE Plunkett,2,0,,,,,,"",""
ball,1,38.5,New Zealand,JDS Neesham,TWM Latham,LE Plunkett,4,0,,,,,,"",""
ball,1,38.6,New Zealand,JDS Neesham,TWM Latham,LE Plunkett,0,0,,,,,,caught,JDS Neesham
ball,1,39.1,New Zealand,TWM Latham,C de Grandhomme,MA Wood,1,0,,,,,,"",""
ball,1,39.2,New Zealand,C de Grandhomme,TWM Latham,MA Wood,2,0,,,,,,"",""
ball,1,39.3,New Zealand,C de Grandhomme,TWM Latham,MA Wood,0,0,,,,,,"",""
ball,1,39.4,New Zealand,C de Grandhomme,TWM Latham,MA Wood,2,0,,,,,,"",""
ball,1,39.5,New Zealand,C de Grandhomme,TWM Latham,MA Wood,0,0,,,,,,"",""
ball,1,39.6,New Zealand,C de Grandhomme,TWM Latham,MA Wood,1,0,,,,,,"",""
ball,1,40.1,New Zealand,C de Grandhomme,TWM Latham,LE Plunkett,0,0,,,,,,"",""
ball,1,40.2,New Zealand,C de Grandhomme,TWM Latham,LE Plunkett,0,0,,,,,,"",""
ball,1,40.3,New Zealand,C de Grandhomme,TWM Latham,LE Plunkett,1,0,,,,,,"",""
ball,1,40.4,New Zealand,TWM Latham,C de Grandhomme,LE Plunkett,1,0,,,,,,"",""
ball,1,40.5,New Zealand,C de Grandhomme,TWM Latham,LE Plunkett,0,0,,,,,,"",""
ball,1,40.6,New Zealand,C de Grandhomme,TWM Latham,LE Plunkett,0,0,,,,,,"",""
ball,1,41.1,New Zealand,TWM Latham,C de Grandhomme,JC Archer,1,0,,,,,,"",""
ball,1,41.2,New Zealand,C de Grandhomme,TWM Latham,JC Archer,0,0,,,,,,"",""
ball,1,41.3,New Zealand,C de Grandhomme,TWM Latham,JC Archer,1,0,,,,,,"",""
ball,1,41.4,New Zealand,TWM Latham,C de Grandhomme,JC Archer,1,0,,,,,,"",""
ball,1,41.5,New Zealand,C de Grandhomme,TWM Latham,JC Archer,1,0,,,,,,"",""
ball,1,41.6,New Zealand,TWM Latham,C de Grandhomme,JC Archer,0,1,1,,,,,"",""
ball,1,41.7,New Zealand,TWM Latham,C de Grandhomme,JC Archer,0,0,,,,,,"",""
ball,1,42.1,New Zealand,C de Grandhomme,TWM Latham,MA Wood,1,0,,,,,,"",""
ball,1,42.2,New Zealand,TWM Latham,C de Grandhomme,MA Wood,1,0,,,,,,"",""
ball,1,42.3,New Zealand,C de Grandhomme,TWM Latham,MA Wood,0,4,,,,4,,"",""
ball,1,42.4,New Zealand,C de Grandhomme,TWM Latham,MA Wood,2,0,,,,,,"",""
ball,1,42.5,New Zealand,C de Grandhomme,TWM Latham,MA Wood,1,0,,,,,,"",""
ball,1,42.6,New Zealand,TWM Latham,C de Grandhomme,MA Wood,1,0,,,,,,"",""
ball,1,43.1,New Zealand,TWM Latham,C de Grandhomme,JC Archer,1,0,,,,,,"",""
ball,1,43.2,New Zealand,C de Grandhomme,TWM Latham,JC Archer,0,1,,,,1,,"",""
ball,1,43.3,New Zealand,TWM Latham,C de Grandhomme,JC Archer,1,0,,,,,,"",""
ball,1,43.4,New Zealand,C de Grandhomme,TWM Latham,JC Archer,0,1,1,,,,,"",""
ball,1,43.5,New Zealand,C de Grandhomme,TWM Latham,JC Archer,0,0,,,,,,"",""
ball,1,43.6,New Zealand,C de Grandhomme,TWM Latham,JC Archer,0,1,,,,1,,"",""
ball,1,43.7,New Zealand,TWM Latham,C de Grandhomme,JC Archer,0,1,1,,,,,"",""
ball,1,43.8,New Zealand,TWM Latham,C de Grandhomme,JC Archer,0,1,1,,,,,"",""
ball,1,43.9,New Zealand,TWM Latham,C de Grandhomme,JC Archer,1,0,,,,,,"",""
ball,1,44.1,New Zealand,TWM Latham,C de Grandhomme,MA Wood,0,0,,,,,,"",""
ball,1,44.2,New Zealand,TWM Latham,C de Grandhomme,MA Wood,0,0,,,,,,"",""
ball,1,44.3,New Zealand,TWM Latham,C de Grandhomme,MA Wood,6,0,,,,,,"",""
ball,1,44.4,New Zealand,TWM Latham,C de Grandhomme,MA Wood,0,0,,,,,,"",""
ball,1,44.5,New Zealand,TWM Latham,C de Grandhomme,MA Wood,1,0,,,,,,"",""
ball,1,44.6,New Zealand,C de Grandhomme,TWM Latham,MA Wood,0,0,,,,,,"",""
ball,1,45.1,New Zealand,TWM Latham,C de Grandhomme,JC Archer,1,0,,,,,,"",""
ball,1,45.2,New Zealand,C de Grandhomme,TWM Latham,JC Archer,1,0,,,,,,"",""
ball,1,45.3,New Zealand,TWM Latham,C de Grandhomme,JC Archer,1,0,,,,,,"",""
ball,1,45.4,New Zealand,C de Grandhomme,TWM Latham,JC Archer,0,0,,,,,,"",""
ball,1,45.5,New Zealand,C de Grandhomme,TWM Latham,JC Archer,0,0,,,,,,"",""
ball,1,45.6,New Zealand,C de Grandhomme,TWM Latham,JC Archer,0,0,,,,,,"",""
ball,1,46.1,New Zealand,TWM Latham,C de Grandhomme,CR Woakes,1,0,,,,,,"",""
ball,1,46.2,New Zealand,C de Grandhomme,TWM Latham,CR Woakes,2,0,,,,,,"",""
ball,1,46.3,New Zealand,C de Grandhomme,TWM Latham,CR Woakes,1,0,,,,,,"",""
ball,1,46.4,New Zealand,TWM Latham,C de Grandhomme,CR Woakes,1,0,,,,,,"",""
ball,1,46.5,New Zealand,C de Grandhomme,TWM Latham,CR Woakes,0,0,,,,,,caught,C de Grandhomme
ball,1,46.6,New Zealand,TWM Latham,MJ Santner,CR Woakes,1,0,,,,,,"",""
ball,1,47.1,New Zealand,TWM Latham,MJ Santner,JC Archer,1,0,,,,,,"",""
ball,1,47.2,New Zealand,MJ Santner,TWM Latham,JC Archer,1,0,,,,,,"",""
ball,1,47.3,New Zealand,TWM Latham,MJ Santner,JC Archer,0,0,,,,,,"",""
ball,1,47.4,New Zealand,TWM Latham,MJ Santner,JC Archer,1,0,,,,,,"",""
ball,1,47.5,New Zealand,MJ Santner,TWM Latham,JC Archer,1,0,,,,,,"",""
ball,1,47.6,New Zealand,TWM Latham,MJ Santner,JC Archer,1,0,,,,,,"",""
ball,1,48.1,New Zealand,TWM Latham,MJ Santner,CR Woakes,0,1,,,,1,,"",""
ball,1,48.2,New Zealand,MJ Santner,TWM Latham,CR Woakes,1,0,,,,,,"",""
ball,1,48.3,New Zealand,TWM Latham,MJ Santner,CR Woakes,0,5,5,,,,,"",""
ball,1,48.4,New Zealand,TWM Latham,MJ Santner,CR Woakes,0,0,,,,,,caught,TWM Latham
ball,1,48.5,New Zealand,MJ Santner,MJ Henry,CR Woakes,0,1,,1,,,,"",""
ball,1,48.6,New Zealand,MJ Santner,MJ Henry,CR Woakes,0,0,,,,,,"",""
ball,1,48.7,New Zealand,MJ Santner,MJ Henry,CR Woakes,1,0,,,,,,"",""
ball,1,48.8,New Zealand,MJ Henry,MJ Santner,CR Woakes,4,0,,,,,,"",""
ball,1,49.1,New Zealand,MJ Santner,MJ Henry,JC Archer,0,0,,,,,,"",""
ball,1,49.2,New Zealand,MJ Santner,MJ Henry,JC Archer,1,0,,,,,,"",""
ball,1,49.3,New Zealand,MJ Henry,MJ Santner,JC Archer,0,1,1,,,,,"",""
ball,1,49.4,New Zealand,MJ Henry,MJ Santner,JC Archer,0,0,,,,,,bowled,MJ Henry
ball,1,49.5,New Zealand,TA Boult,MJ Santner,JC Archer,0,0,,,,,,"",""
ball,1,49.6,New Zealand,TA Boult,MJ Santner,JC Archer,1,0,,,,,,"",""
ball,1,49.7,New Zealand,MJ Santner,TA Boult,JC Archer,0,0,,,,,,"",""
ball,2,0.1,England,JJ Roy,JM Bairstow,TA Boult,0,0,,,,,,"",""
ball,2,0.2,England,JJ Roy,JM Bairstow,TA Boult,1,0,,,,,,"",""
ball,2,0.3,England,JM Bairstow,JJ Roy,TA Boult,0,0,,,,,,"",""
ball,2,0.4,England,JM Bairstow,JJ Roy,TA Boult,0,0,,,,,,"",""
ball,2,0.5,England,JM Bairstow,JJ Roy,TA Boult,0,0,,,,,,"",""
ball,2,0.6,England,JM Bairstow,JJ Roy,TA Boult,0,0,,,,,,"",""
ball,2,1.1,England,JJ Roy,JM Bairstow,MJ Henry,0,0,,,,,,"",""
ball,2,1.2,England,JJ Roy,JM Bairstow,MJ Henry,0,0,,,,,,"",""
ball,2,1.3,England,JJ Roy,JM Bairstow,MJ Henry,0,0,,,,,,"",""
ball,2,1.4,England,JJ Roy,JM Bairstow,MJ Henry,0,0,,,,,,"",""
ball,2,1.5,England,JJ Roy,JM Bairstow,MJ Henry,0,0,,,,,,"",""
ball,2,1.6,England,JJ Roy,JM Bairstow,MJ Henry,4,0,,,,,,"",""
ball,2,2.1,England,JM Bairstow,JJ Roy,TA Boult,0,1,1,,,,,"",""
ball,2,2.2,England,JM Bairstow,JJ Roy,TA Boult,0,0,,,,,,"",""
ball,2,2.3,England,JM Bairstow,JJ Roy,TA Boult,0,0,,,,,,"",""
ball,2,2.4,England,JM Bairstow,JJ Roy,TA Boult,1,0,,,,,,"",""
ball,2,2.5,England,JJ Roy,JM Bairstow,TA Boult,0,0,,,,,,"",""
ball,2,2.6,England,JJ Roy,JM Bairstow,TA Boult,4,0,,,,,,"",""
ball,2,2.7,England,JJ Roy,JM Bairstow,TA Boult,1,0,,,,,,"",""
ball,2,3.1,England,JJ Roy,JM Bairstow,MJ Henry,0,0,,,,,,"",""
ball,2,3.2,England,JJ Roy,JM Bairstow,MJ Henry,0,0,,,,,,"",""
ball,2,3.3,England,JJ Roy,JM Bairstow,MJ Henry,1,0,,,,,,"",""
ball,2,3.4,England,JM Bairstow,JJ Roy,MJ Henry,1,0,,,,,,"",""
ball,2,3.5,England,JJ Roy,JM Bairstow,MJ Henry,0,0,,,,,,"",""
ball,2,3.6,England,JJ Roy,JM Bairstow,MJ Henry,2,0,,,,,,"",""
ball,2,4.1,England,JM Bairstow,JJ Roy,TA Boult,0,0,,,,,,"",""
ball,2,4.2,England,JM Bairstow,JJ Roy,TA Boult,0,0,,,,,,"",""
ball,2,4.3,England,JM Bairstow,JJ Roy,TA Boult,4,0,,,,,,"",""
ball,2,4.4,England,JM Bairstow,JJ Roy,TA Boult,0,0,,,,,,"",""
ball,2,4.5,England,JM Bairstow,JJ Roy,TA Boult,4,0,,,,,,"",""
ball,2,4.6,England,JM Bairstow,JJ Roy,TA Boult,0,0,,,,,,"",""
ball,2,5.1,England,JJ Roy,JM Bairstow,MJ Henry,0,0,,,,,,"",""
ball,2,5.2,England,JJ Roy,JM Bairstow,MJ Henry,4,0,,,,,,"",""
ball,2,5.3,England,JJ Roy,JM Bairstow,MJ Henry,0,0,,,,,,"",""
ball,2,5.4,England,JJ Roy,JM Bairstow,MJ Henry,0,0,,,,,,caught,JJ Roy
ball,2,5.5,England,JE Root,JM Bairstow,MJ Henry,0,0,,,,,,"",""
ball,2,5.6,England,JE Root,JM Bairstow,MJ Henry,0,0,,,,,,"",""
ball,2,6.1,England,JM Bairstow,JE Root,TA Boult,0,0,,,,,,"",""
ball,2,6.2,England,JM Bairstow,JE Root,TA Boult,0,0,,,,,,"",""
ball,2,6.3,England,JM Bairstow,JE Root,TA Boult,0,1,1,,,,,"",""
ball,2,6.4,England,JM Bairstow,JE Root,TA Boult,4,0,,,,,,"",""
ball,2,6.5,England,JM Bairstow,JE Root,TA Boult,0,0,,,,,,"",""
ball,2,6.6,England,JM Bairstow,JE Root,TA Boult,0,0,,,,,,"",""
ball,2,6.7,England,JM Bairstow,JE Root,TA Boult,0,0,,,,,,"",""
ball,2,7.1,England,JE Root,JM Bairstow,MJ Henry,0,0,,,,,,"",""
ball,2,7.2,England,JE Root,JM Bairstow,MJ Henry,0,0,,,,,,"",""
ball,2,7.3,England,JE Root,JM Bairstow,MJ Henry,0,0,,,,,,"",""
ball,2,7.4,England,JE Root,JM Bairstow,MJ Henry,1,0,,,,,,"",""
ball,2,7.5,England,JM Bairstow,JE Root,MJ Henry,0,0,,,,,,"",""
ball,2,7.6,England,JM Bairstow,JE Root,MJ Henry,0,0,,,,,,"",""
ball,2,8.1,England,JE Root,JM Bairstow,TA Boult,1,0,,,,,,"",""
ball,2,8.2,England,JM Bairstow,JE Root,TA Boult,0,0,,,,,,"",""
ball,2,8.3,England,JM Bairstow,JE Root,TA Boult,0,0,,,,,,"",""
ball,2,8.4,England,JM Bairstow,JE Root,TA Boult,0,0,,,,,,"",""
ball,2,8.5,England,JM Bairstow,JE Root,TA Boult,4,0,,,,,,"",""
ball,2,8.6,England,JM Bairstow,JE Root,TA Boult,0,0,,,,,,"",""
ball,2,9.1,England,JE Root,JM Bairstow,MJ Henry,0,0,,,,,,"",""
ball,2,9.2,England,JE Root,JM Bairstow,MJ Henry,0,0,,,,,,"",""
ball,2,9.3,England,JE Root,JM Bairstow,MJ Henry,0,0,,,,,,"",""
ball,2,9.4,England,JE Root,JM Bairstow,MJ Henry,0,0,,,,,,"",""
ball,2,9.5,England,JE Root,JM Bairstow,MJ Henry,0,0,,,,,,"",""
ball,2,9.6,England,JE Root,JM Bairstow,MJ Henry,0,0,,,,,,"",""
ball,2,10.1,England,JM Bairstow,JE Root,C de Grandhomme,0,0,,,,,,"",""
ball,2,10.2,England,JM Bairstow,JE Root,C de Grandhomme,0,0,,,,,,"",""
ball,2,10.3,England,JM Bairstow,JE Root,C de Grandhomme,0,0,,,,,,"",""
ball,2,10.4,England,JM Bairstow,JE Root,C de Grandhomme,0,0,,,,,,"",""
ball,2,10.5,England,JM Bairstow,JE Root,C de Grandhomme,0,0,,,,,,"",""
ball,2,10.6,England,JM Bairstow,JE Root,C de Grandhomme,0,0,,,,,,"",""
ball,2,11.1,England,JE Root,JM Bairstow,MJ Henry,0,0,,,,,,"",""
ball,2,11.2,England,JE Root,JM Bairstow,MJ Henry,0,0,,,,,,"",""
ball,2,11.3,England,JE Root,JM Bairstow,MJ Henry,0,0,,,,,,"",""
ball,2,11.4,England,JE Root,JM Bairstow,MJ Henry,0,0,,,,,,"",""
ball,2,11.5,England,JE Root,JM Bairstow,MJ Henry,0,0,,,,,,"",""
ball,2,11.6,England,JE Root,JM Bairstow,MJ Henry,0,0,,,,,,"",""
ball,2,12.1,England,JM Bairstow,JE Root,C de Grandhomme,1,0,,,,,,"",""
ball,2,12.2,England,JE Root,JM Bairstow,C de Grandhomme,0,0,,,,,,"",""
ball,2,12.3,England,JE Root,JM Bairstow,C de Grandhomme,0,0,,,,,,"",""
ball,2,12.4,England,JE Root,JM Bairstow,C de Grandhomme,1,0,,,,,,"",""
ball,2,12.5,England,JM Bairstow,JE Root,C de Grandhomme,0,0,,,,,,"",""
ball,2,12.6,England,JM Bairstow,JE Root,C de Grandhomme,1,0,,,,,,"",""
ball,2,13.1,England,JM Bairstow,JE Root,MJ Henry,0,0,,,,,,"",""
ball,2,13.2,England,JM Bairstow,JE Root,MJ Henry,0,0,,,,,,"",""
ball,2,13.3,England,JM Bairstow,JE Root,MJ Henry,0,0,,,,,,"",""
ball,2,13.4,England,JM Bairstow,JE Root,MJ Henry,4,0,,,,,,"",""
ball,2,13.5,England,JM Bairstow,JE Root,MJ Henry,4,0,,,,,,"",""
ball,2,13.6,England,JM Bairstow,JE Root,MJ Henry,1,0,,,,,,"",""
ball,2,14.1,England,JM Bairstow,JE Root,C de Grandhomme,0,0,,,,,,"",""
ball,2,14.2,England,JM Bairstow,JE Root,C de Grandhomme,1,0,,,,,,"",""
ball,2,14.3,England,JE Root,JM Bairstow,C de Grandhomme,2,0,,,,,,"",""
ball,2,14.4,England,JE Root,JM Bairstow,C de Grandhomme,1,0,,,,,,"",""
ball,2,14.5,England,JM Bairstow,JE Root,C de Grandhomme,1,0,,,,,,"",""
ball,2,14.6,England,JE Root,JM Bairstow,C de Grandhomme,0,0,,,,,,"",""
ball,2,15.1,England,JM Bairstow,JE Root,LH Ferguson,0,0,,,,,,"",""
ball,2,15.2,England,JM Bairstow,JE Root,LH Ferguson,0,1,1,,,,,"",""
ball,2,15.3,England,JM Bairstow,JE Root,LH Ferguson,0,0,,,,,,"",""
ball,2,15.4,England,JM Bairstow,JE Root,LH Ferguson,0,0,,,,,,"",""
ball,2,15.5,England,JM Bairstow,JE Root,LH Ferguson,1,0,,,,,,"",""
ball,2,15.6,England,JE Root,JM Bairstow,LH Ferguson,0,0,,,,,,"",""
ball,2,15.7,England,JE Root,JM Bairstow,LH Ferguson,1,0,,,,,,"",""
ball,2,16.1,England,JE Root,JM Bairstow,C de Grandhomme,0,0,,,,,,"",""
ball,2,16.2,England,JE Root,JM Bairstow,C de Grandhomme,0,0,,,,,,"",""
ball,2,16.3,England,JE Root,JM Bairstow,C de Grandhomme,0,0,,,,,,caught,JE Root
ball,2,16.4,England,EJG Morgan,JM Bairstow,C de Grandhomme,1,0,,,,,,"",""
ball,2,16.5,England,JM Bairstow,EJG Morgan,C de Grandhomme,0,0,,,,,,"",""
ball,2,16.6,England,JM Bairstow,EJG Morgan,C de Grandhomme,0,0,,,,,,"",""
ball,2,17.1,England,EJG Morgan,JM Bairstow,LH Ferguson,0,0,,,,,,"",""
ball,2,17.2,England,EJG Morgan,JM Bairstow,LH Ferguson,2,0,,,,,,"",""
ball,2,17.3,England,EJG Morgan,JM Bairstow,LH Ferguson,0,0,,,,,,"",""
ball,2,17.4,England,EJG Morgan,JM Bairstow,LH Ferguson,0,0,,,,,,"",""
ball,2,17.5,England,EJG Morgan,JM Bairstow,LH Ferguson,1,0,,,,,,"",""
ball,2,17.6,England,JM Bairstow,EJG Morgan,LH Ferguson,0,0,,,,,,"",""
ball,2,18.1,England,EJG Morgan,JM Bairstow,C de Grandhomme,2,0,,,,,,"",""
ball,2,18.2,England,EJG Morgan,JM Bairstow,C de Grandhomme,0,0,,,,,,"",""
ball,2,18.3,England,EJG Morgan,JM Bairstow,C de Grandhomme,0,0,,,,,,"",""
ball,2,18.4,England,EJG Morgan,JM Bairstow,C de Grandhomme,0,0,,,,,,"",""
ball,2,18.5,England,EJG Morgan,JM Bairstow,C de Grandhomme,1,0,,,,,,"",""
ball,2,18.6,England,JM Bairstow,EJG Morgan,C de Grandhomme,0,0,,,,,,"",""
ball,2,19.1,England,EJG Morgan,JM Bairstow,LH Ferguson,0,1,,,,1,,"",""
ball,2,19.2,England,JM Bairstow,EJG Morgan,LH Ferguson,4,0,,,,,,"",""
ball,2,19.3,England,JM Bairstow,EJG Morgan,LH Ferguson,0,0,,,,,,bowled,JM Bairstow
ball,2,19.4,England,BA Stokes,EJG Morgan,LH Ferguson,1,0,,,,,,"",""
ball,2,19.5,England,EJG Morgan,BA Stokes,LH Ferguson,0,0,,,,,,"",""
ball,2,19.6,England,EJG Morgan,BA Stokes,LH Ferguson,1,0,,,,,,"",""
ball,2,20.1,England,EJG Morgan,BA Stokes,C de Grandhomme,1,0,,,,,,"",""
ball,2,20.2,England,BA Stokes,EJG Morgan,C de Grandhomme,0,0,,,,,,"",""
ball,2,20.3,England,BA Stokes,EJG Morgan,C de Grandhomme,0,0,,,,,,"",""
ball,2,20.4,England,BA Stokes,EJG Morgan,C de Grandhomme,0,1,1,,,,,"",""
ball,2,20.5,England,BA Stokes,EJG Morgan,C de Grandhomme,0,0,,,,,,"",""
ball,2,20.6,England,BA Stokes,EJG Morgan,C de Grandhomme,0,0,,,,,,"",""
ball,2,20.7,England,BA Stokes,EJG Morgan,C de Grandhomme,0,0,,,,,,"",""
ball,2,21.1,England,EJG Morgan,BA Stokes,LH Ferguson,0,0,,,,,,"",""
ball,2,21.2,England,EJG Morgan,BA Stokes,LH Ferguson,0,0,,,,,,"",""
ball,2,21.3,England,EJG Morgan,BA Stokes,LH Ferguson,0,0,,,,,,"",""
ball,2,21.4,England,EJG Morgan,BA Stokes,LH Ferguson,0,2,,,,2,,"",""
ball,2,21.5,England,EJG Morgan,BA Stokes,LH Ferguson,0,0,,,,,,"",""
ball,2,21.6,England,EJG Morgan,BA Stokes,LH Ferguson,0,5,5,,,,,"",""
ball,2,21.7,England,EJG Morgan,BA Stokes,LH Ferguson,0,0,,,,,,"",""
ball,2,22.1,England,BA Stokes,EJG Morgan,C de Grandhomme,0,0,,,,,,"",""
ball,2,22.2,England,BA Stokes,EJG Morgan,C de Grandhomme,0,0,,,,,,"",""
ball,2,22.3,England,BA Stokes,EJG Morgan,C de Grandhomme,4,0,,,,,,"",""
ball,2,22.4,England,BA Stokes,EJG Morgan,C de Grandhomme,0,0,,,,,,"",""
ball,2,22.5,England,BA Stokes,EJG Morgan,C de Grandhomme,0,0,,,,,,"",""
ball,2,22.6,England,BA Stokes,EJG Morgan,C de Grandhomme,0,0,,,,,,"",""
ball,2,23.1,England,EJG Morgan,BA Stokes,JDS Neesham,0,0,,,,,,caught,EJG Morgan
ball,2,23.2,England,JC Buttler,BA Stokes,JDS Neesham,2,0,,,,,,"",""
ball,2,23.3,England,JC Buttler,BA Stokes,JDS Neesham,1,0,,,,,,"",""
ball,2,23.4,England,BA Stokes,JC Buttler,JDS Neesham,0,0,,,,,,"",""
ball,2,23.5,England,BA Stokes,JC Buttler,JDS Neesham,0,0,,,,,,"",""
ball,2,23.6,England,BA Stokes,JC Buttler,JDS Neesham,0,0,,,,,,"",""
ball,2,24.1,England,JC Buttler,BA Stokes,C de Grandhomme,1,0,,,,,,"",""
ball,2,24.2,England,BA Stokes,JC Buttler,C de Grandhomme,1,0,,,,,,"",""
ball,2,24.3,England,JC Buttler,BA Stokes,C de Grandhomme,1,0,,,,,,"",""
ball,2,24.4,England,BA Stokes,JC Buttler,C de Grandhomme,0,0,,,,,,"",""
ball,2,24.5,England,BA Stokes,JC Buttler,C de Grandhomme,0,0,,,,,,"",""
ball,2,24.6,England,BA Stokes,JC Buttler,C de Grandhomme,1,0,,,,,,"",""
ball,2,25.1,England,BA Stokes,JC Buttler,JDS Neesham,2,0,,,,,,"",""
ball,2,25.2,England,BA Stokes,JC Buttler,JDS Neesham,0,0,,,,,,"",""
ball,2,25.3,England,BA Stokes,JC Buttler,JDS Neesham,0,0,,,,,,"",""
ball,2,25.4,England,BA Stokes,JC Buttler,JDS Neesham,0,0,,,,,,"",""
ball,2,25.5,England,BA Stokes,JC Buttler,JDS Neesham,1,0,,,,,,"",""
ball,2,25.6,England,JC Buttler,BA Stokes,JDS Neesham,2,0,,,,,,"",""
ball,2,26.1,England,BA Stokes,JC Buttler,C de Grandhomme,0,0,,,,,,"",""
ball,2,26.2,England,BA Stokes,JC Buttler,C de Grandhomme,0,0,,,,,,"",""
ball,2,26.3,England,BA Stokes,JC Buttler,C de Grandhomme,0,0,,,,,,"",""
ball,2,26.4,England,BA Stokes,JC Buttler,C de Grandhomme,0,0,,,,,,"",""
ball,2,26.5,England,BA Stokes,JC Buttler,C de Grandhomme,0,0,,,,,,"",""
ball,2,26.6,England,BA Stokes,JC Buttler,C de Grandhomme,0,0,,,,,,"",""
ball,2,27.1,England,JC Buttler,BA Stokes,JDS Neesham,1,0,,,,,,"",""
ball,2,27.2,England,BA Stokes,JC Buttler,JDS Neesham,0,0,,,,,,"",""
ball,2,27.3,England,BA Stokes,JC Buttler,JDS Neesham,4,0,,,,,,"",""
ball,2,27.4,England,BA Stokes,JC Buttler,JDS Neesham,0,1,1,,,,,"",""
ball,2,27.5,England,BA Stokes,JC Buttler,JDS Neesham,1,0,,,,,,"",""
ball,2,27.6,England,JC Buttler,BA Stokes,JDS Neesham,0,0,,,,,,"",""
ball,2,27.7,England,JC Buttler,BA Stokes,JDS Neesham,1,0,,,,,,"",""
ball,2,28.1,England,JC Buttler,BA Stokes,C de Grandhomme,1,0,,,,,,"",""
ball,2,28.2,England,BA Stokes,JC Buttler,C de Grandhomme,0,0,,,,,,"",""
ball,2,28.3,England,BA Stokes,JC Buttler,C de Grandhomme,1,0,,,,,,"",""
ball,2,28.4,England,JC Buttler,BA Stokes,C de Grandhomme,0,0,,,,,,"",""
ball,2,28.5,England,JC Buttler,BA Stokes,C de Grandhomme,0,2,,,2,,,"",""
ball,2,28.6,England,JC Buttler,BA Stokes,C de Grandhomme,1,0,,,,,,"",""
ball,2,29.1,England,JC Buttler,BA Stokes,TA Boult,1,0,,,,,,"",""
ball,2,29.2,England,BA Stokes,JC Buttler,TA Boult,1,0,,,,,,"",""
ball,2,29.3,England,JC Buttler,BA Stokes,TA Boult,0,0,,,,,,"",""
ball,2,29.4,England,JC Buttler,BA Stokes,TA Boult,1,0,,,,,,"",""
ball,2,29.5,England,BA Stokes,JC Buttler,TA Boult,0,0,,,,,,"",""
ball,2,29.6,England,BA Stokes,JC Buttler,TA Boult,1,0,,,,,,"",""
ball,2,30.1,England,BA Stokes,JC Buttler,MJ Santner,0,0,,,,,,"",""
ball,2,30.2,England,BA Stokes,JC Buttler,MJ Santner,0,0,,,,,,"",""
ball,2,30.3,England,BA Stokes,JC Buttler,MJ Santner,1,0,,,,,,"",""
ball,2,30.4,England,JC Buttler,BA Stokes,MJ Santner,1,0,,,,,,"",""
ball,2,30.5,England,BA Stokes,JC Buttler,MJ Santner,1,0,,,,,,"",""
ball,2,30.6,England,JC Buttler,BA Stokes,MJ Santner,1,0,,,,,,"",""
ball,2,31.1,England,JC Buttler,BA Stokes,TA Boult,1,0,,,,,,"",""
ball,2,31.2,England,BA Stokes,JC Buttler,TA Boult,1,0,,,,,,"",""
ball,2,31.3,England,JC Buttler,BA Stokes,TA Boult,4,0,,,,,,"",""
ball,2,31.4,England,JC Buttler,BA Stokes,TA Boult,0,0,,,,,,"",""
ball,2,31.5,England,JC Buttler,BA Stokes,TA Boult,0,0,,,,,,"",""
ball,2,31.6,England,JC Buttler,BA Stokes,TA Boult,1,0,,,,,,"",""
ball,2,32.1,England,JC Buttler,BA Stokes,MJ Santner,0,0,,,,,,"",""
ball,2,32.2,England,JC Buttler,BA Stokes,MJ Santner,0,1,1,,,,,"",""
ball,2,32.3,England,JC Buttler,BA Stokes,MJ Santner,1,0,,,,,,"",""
ball,2,32.4,England,BA Stokes,JC Buttler,MJ Santner,0,0,,,,,,"",""
ball,2,32.5,England,BA Stokes,JC Buttler,MJ Santner,1,0,,,,,,"",""
ball,2,32.6,England,JC Buttler,BA Stokes,MJ Santner,0,0,,,,,,"",""
ball,2,32.7,England,JC Buttler,BA Stokes,MJ Santner,0,0,,,,,,"",""
ball,2,33.1,England,BA Stokes,JC Buttler,MJ Henry,2,0,,,,,,"",""
ball,2,33.2,England,BA Stokes,JC Buttler,MJ Henry,2,0,,,,,,"",""
ball,2,33.3,England,BA Stokes,JC Buttler,MJ Henry,2,0,,,,,,"",""
ball,2,33.4,England,BA Stokes,JC Buttler,MJ Henry,1,0,,,,,,"",""
ball,2,33.5,England,JC Buttler,BA Stokes,MJ Henry,1,0,,,,,,"",""
ball,2,33.6,England,BA Stokes,JC Buttler,MJ Henry,0,0,,,,,,"",""
ball,2,34.1,England,JC Buttler,BA Stokes,MJ Santner,1,0,,,,,,"",""
ball,2,34.2,England,BA Stokes,JC Buttler,MJ Santner,1,0,,,,,,"",""
ball,2,34.3,England,JC Buttler,BA Stokes,MJ Santner,1,0,,,,,,"",""
ball,2,34.4,England,BA Stokes,JC Buttler,MJ Santner,0,0,,,,,,"",""
ball,2,34.5,England,BA Stokes,JC Buttler,MJ Santner,1,0,,,,,,"",""
ball,2,34.6,England,JC Buttler,BA Stokes,MJ Santner,0,0,,,,,,"",""
ball,2,35.1,England,BA Stokes,JC Buttler,MJ Henry,0,0,,,,,,"",""
ball,2,35.2,England,BA Stokes,JC Buttler,MJ Henry,1,0,,,,,,"",""
ball,2,35.3,England,JC Buttler,BA Stokes,MJ Henry,0,0,,,,,,"",""
ball,2,35.4,England,JC Buttler,BA Stokes,MJ Henry,0,0,,,,,,"",""
ball,2,35.5,England,JC Buttler,BA Stokes,MJ Henry,1,0,,,,,,"",""
ball,2,35.6,England,BA Stokes,JC Buttler,MJ Henry,0,0,,,,,,"",""
ball,2,36.1,England,JC Buttler,BA Stokes,LH Ferguson,4,0,,,,,,"",""
ball,2,36.2,England,JC Buttler,BA Stokes,LH Ferguson,1,0,,,,,,"",""
ball,2,36.3,England,BA Stokes,JC Buttler,LH Ferguson,1,0,,,,,,"",""
ball,2,36.4,England,JC Buttler,BA Stokes,LH Ferguson,0,0,,,,,,"",""
ball,2,36.5,England,JC Buttler,BA Stokes,LH Ferguson,0,0,,,,,,"",""
ball,2,36.6,England,JC Buttler,BA Stokes,LH Ferguson,0,0,,,,,,"",""
ball,2,37.1,England,BA Stokes,JC Buttler,JDS Neesham,0,0,,,,,,"",""
ball,2,37.2,England,BA Stokes,JC Buttler,JDS Neesham,2,0,,,,,,"",""
ball,2,37.3,England,BA Stokes,JC Buttler,JDS Neesham,1,0,,,,,,"",""
ball,2,37.4,England,JC Buttler,BA Stokes,JDS Neesham,0,0,,,,,,"",""
ball,2,37.5,England,JC Buttler,BA Stokes,JDS Neesham,4,0,,,,,,"",""
ball,2,37.6,England,JC Buttler,BA Stokes,JDS Neesham,0,0,,,,,,"",""
ball,2,38.1,England,BA Stokes,JC Buttler,LH Ferguson,0,0,,,,,,"",""
ball,2,38.2,England,BA Stokes,JC Buttler,LH Ferguson,4,0,,,,,,"",""
ball,2,38.3,England,BA Stokes,JC Buttler,LH Ferguson,0,0,,,,,,"",""
ball,2,38.4,England,BA Stokes,JC Buttler,LH Ferguson,1,0,,,,,,"",""
ball,2,38.5,England,JC Buttler,BA Stokes,LH Ferguson,1,0,,,,,,"",""
ball,2,38.6,England,BA Stokes,JC Buttler,LH Ferguson,0,0,,,,,,"",""
ball,2,39.1,England,JC Buttler,BA Stokes,MJ Henry,1,0,,,,,,"",""
ball,2,39.2,England,BA Stokes,JC Buttler,MJ Henry,0,0,,,,,,"",""
ball,2,39.3,England,BA Stokes,JC Buttler,MJ Henry,1,0,,,,,,"",""
ball,2,39.4,England,JC Buttler,BA Stokes,MJ Henry,1,0,,,,,,"",""
ball,2,39.5,England,BA Stokes,JC Buttler,MJ Henry,1,0,,,,,,"",""
ball,2,39.6,England,JC Buttler,BA Stokes,MJ Henry,4,0,,,,,,"",""
ball,2,40.1,England,BA Stokes,JC Buttler,LH Ferguson,0,0,,,,,,"",""
ball,2,40.2,England,BA Stokes,JC Buttler,LH Ferguson,0,0,,,,,,"",""
ball,2,40.3,England,BA Stokes,JC Buttler,LH Ferguson,0,0,,,,,,"",""
ball,2,40.4,England,BA Stokes,JC Buttler,LH Ferguson,0,1,1,,,,,"",""
ball,2,40.5,England,BA Stokes,JC Buttler,LH Ferguson,1,0,,,,,,"",""
ball,2,40.6,England,JC Buttler,BA Stokes,LH Ferguson,0,0,,,,,,"",""
ball,2,40.7,England,JC Buttler,BA Stokes,LH Ferguson,1,0,,,,,,"",""
ball,2,41.1,England,JC Buttler,BA Stokes,JDS Neesham,1,0,,,,,,"",""
ball,2,41.2,England,BA Stokes,JC Buttler,JDS Neesham,0,0,,,,,,"",""
ball,2,41.3,England,BA Stokes,JC Buttler,JDS Neesham,2,0,,,,,,"",""
ball,2,41.4,England,BA Stokes,JC Buttler,JDS Neesham,0,0,,,,,,"",""
ball,2,41.5,England,BA Stokes,JC Buttler,JDS Neesham,0,0,,,,,,"",""
ball,2,41.6,England,BA Stokes,JC Buttler,JDS Neesham,1,0,,,,,,"",""
ball,2,42.1,England,BA Stokes,JC Buttler,LH Ferguson,1,0,,,,,,"",""
ball,2,42.2,England,JC Buttler,BA Stokes,LH Ferguson,1,0,,,,,,"",""
ball,2,42.3,England,BA Stokes,JC Buttler,LH Ferguson,0,0,,,,,,"",""
ball,2,42.4,England,BA Stokes,JC Buttler,LH Ferguson,1,0,,,,,,"",""
ball,2,42.5,England,JC Buttler,BA Stokes,LH Ferguson,2,0,,,,,,"",""
ball,2,42.6,England,JC Buttler,BA Stokes,LH Ferguson,1,0,,,,,,"",""
ball,2,43.1,England,JC Buttler,BA Stokes,TA Boult,0,0,,,,,,"",""
ball,2,43.2,England,JC Buttler,BA Stokes,TA Boult,4,0,,,,,,"",""
ball,2,43.3,England,JC Buttler,BA Stokes,TA Boult,0,0,,,,,,"",""
ball,2,43.4,England,JC Buttler,BA Stokes,TA Boult,1,0,,,,,,"",""
ball,2,43.5,England,BA Stokes,JC Buttler,TA Boult,1,0,,,,,,"",""
ball,2,43.6,England,JC Buttler,BA Stokes,TA Boult,0,0,,,,,,"",""
ball,2,44.1,England,BA Stokes,JC Buttler,LH Ferguson,1,0,,,,,,"",""
ball,2,44.2,England,JC Buttler,BA Stokes,LH Ferguson,4,0,,,,,,"",""
ball,2,44.3,England,JC Buttler,BA Stokes,LH Ferguson,2,0,,,,,,"",""
ball,2,44.4,England,JC Buttler,BA Stokes,LH Ferguson,0,0,,,,,,"",""
ball,2,44.5,England,JC Buttler,BA Stokes,LH Ferguson,0,0,,,,,,caught,JC Buttler
ball,2,44.6,England,BA Stokes,CR Woakes,LH Ferguson,0,0,,,,,,"",""
ball,2,45.1,England,CR Woakes,BA Stokes,JDS Neesham,0,0,,,,,,"",""
ball,2,45.2,England,CR Woakes,BA Stokes,JDS Neesham,1,0,,,,,,"",""
ball,2,45.3,England,BA Stokes,CR Woakes,JDS Neesham,0,0,,,,,,"",""
ball,2,45.4,England,BA Stokes,CR Woakes,JDS Neesham,1,0,,,,,,"",""
ball,2,45.5,England,CR Woakes,BA Stokes,JDS Neesham,1,0,,,,,,"",""
ball,2,45.6,England,BA Stokes,CR Woakes,JDS Neesham,4,0,,,,,,"",""
ball,2,46.1,England,CR Woakes,BA Stokes,LH Ferguson,0,0,,,,,,caught,CR Woakes
ball,2,46.2,England,BA Stokes,LE Plunkett,LH Ferguson,1,0,,,,,,"",""
ball,2,46.3,England,LE Plunkett,BA Stokes,LH Ferguson,0,0,,,,,,"",""
ball,2,46.4,England,LE Plunkett,BA Stokes,LH Ferguson,0,0,,,,,,"",""
ball,2,46.5,England,LE Plunkett,BA Stokes,LH Ferguson,4,0,,,,,,"",""
ball,2,46.6,England,LE Plunkett,BA Stokes,LH Ferguson,0,0,,,,,,"",""
ball,2,47.1,England,BA Stokes,LE Plunkett,TA Boult,4,0,,,,,,"",""
ball,2,47.2,England,BA Stokes,LE Plunkett,TA Boult,1,0,,,,,,"",""
ball,2,47.3,England,LE Plunkett,BA Stokes,TA Boult,2,0,,,,,,"",""
ball,2,47.4,England,LE Plunkett,BA Stokes,TA Boult,0,0,,,,,,"",""
ball,2,47.5,England,LE Plunkett,BA Stokes,TA Boult,2,0,,,,,,"",""
ball,2,47.6,England,LE Plunkett,BA Stokes,TA Boult,1,0,,,,,,"",""
ball,2,48.1,England,LE Plunkett,BA Stokes,JDS Neesham,1,0,,,,,,"",""
ball,2,48.2,England,BA Stokes,LE Plunkett,JDS Neesham,1,0,,,,,,"",""
ball,2,48.3,England,LE Plunkett,BA Stokes,JDS Neesham,0,0,,,,,,caught,LE Plunkett
ball,2,48.4,England,BA Stokes,JC Archer,JDS Neesham,6,0,,,,,,"",""
ball,2,48.5,England,BA Stokes,JC Archer,JDS Neesham,1,0,,,,,,"",""
ball,2,48.6,England,JC Archer,BA Stokes,JDS Neesham,0,0,,,,,,bowled,JC Archer
ball,2,49.1,England,BA Stokes,AU Rashid,TA Boult,0,0,,,,,,"",""
ball,2,49.2,England,BA Stokes,AU Rashid,TA Boult,0,0,,,,,,"",""
ball,2,49.3,England,BA Stokes,AU Rashid,TA Boult,6,0,,,,,,"",""
ball,2,49.4,England,BA Stokes,AU Rashid,TA Boult,6,0,,,,,,"",""
ball,2,49.5,England,BA Stokes,AU Rashid,TA Boult,1,0,,,,,,run out,AU Rashid
ball,2,49.6,England,BA Stokes,MA Wood,TA Boult,1,0,,,,,,run out,MA Wood
ball,3,0.1,England,BA Stokes,JC Buttler,TA Boult,3,0,,,,,,"",""
ball,3,0.2,England,JC Buttler,BA Stokes,TA Boult,1,0,,,,,,"",""
ball,3,0.3,England,BA Stokes,JC Buttler,TA Boult,4,0,,,,,,"",""
ball,3,0.4,England,BA Stokes,JC Buttler,TA Boult,1,0,,,,,,"",""
ball,3,0.5,England,JC Buttler,BA Stokes,TA Boult,2,0,,,,,,"",""
ball,3,0.6,England,JC Buttler,BA Stokes,TA Boult,4,0,,,,,,"",""
ball,4,0.1,New Zealand,JDS Neesham,MJ Guptill,JC Archer,0,1,1,,,,,"",""
ball,4,0.2,New Zealand,JDS Neesham,MJ Guptill,JC Archer,2,0,,,,,,"",""
ball,4,0.3,New Zealand,JDS Neesham,MJ Guptill,JC Archer,6,0,,,,,,"",""
ball,4,0.4,New Zealand,JDS Neesham,MJ Guptill,JC Archer,2,0,,,,,,"",""
ball,4,0.5,New Zealand,JDS Neesham,MJ Guptill,JC Archer,2,0,,,,,,"",""
ball,4,0.6,New Zealand,JDS Neesham,MJ Guptill,JC Archer,1,0,,,,,,"",""
ball,4,0.7,New Zealand,MJ Guptill,JDS Neesham,JC Archer,1,0,,,,,,run out,MJ Guptill
