version,1.7.0
info,balls_per_over,6
info,team,England
info,team,New Zealand
info,gender,male
info,season,2023/24
info,date,2023/10/05
info,event,ICC Cricket World Cup
info,match_number,1
info,venue,"Narendra Modi Stadium, Ahmedabad"
info,city,Ahmedabad
info,toss_winner,New Zealand
info,toss_decision,field
info,player_of_match,R Ravindra
info,umpire,HDPK Dharmasena
info,umpire,Nitin Menon
info,reserve_umpire,Sharfuddoula
info,tv_umpire,P Wilson
info,match_referee,J Srinath
info,winner,New Zealand
info,winner_wickets,9
info,player,England,JM Bairstow
info,player,England,DJ Malan
info,player,England,JE Root
info,player,England,HC Brook
info,player,England,MM Ali
info,player,England,JC Buttler
info,player,England,LS Livingstone
info,player,England,SM Curran
info,player,England,CR Woakes
info,player,England,AU Rashid
info,player,England,MA Wood
info,player,New Zealand,DP Conway
info,player,New Zealand,WA Young
info,player,New Zealand,R Ravindra
info,player,New Zealand,DJ Mitchell
info,player,New Zealand,TWM Latham
info,player,New Zealand,GD Phillips
info,player,New Zealand,MS Chapman
info,player,New Zealand,JDS Neesham
info,player,New Zealand,MJ Santner
info,player,New Zealand,MJ Henry
info,player,New Zealand,TA Boult
info,registry,people,AU Rashid,249d60c9
info,registry,people,CR Woakes,4c5d73db
info,registry,people,DJ Malan,ad9c32a2
info,registry,people,DJ Mitchell,eade4650
info,registry,people,DP Conway,df5a6881
info,registry,people,GD Phillips,9a46c4e5
info,registry,people,HC Brook,4ae1755b
info,registry,people,HDPK Dharmasena,323e4c16
info,registry,people,J Srinath,bad31fac
info,registry,people,JC Buttler,99b75528
info,registry,people,JDS Neesham,9219eff0
info,registry,people,JE Root,a343262c
info,registry,people,JM Bairstow,abb83e27
info,registry,people,LS Livingstone,50c6bc2b
info,registry,people,MA Wood,8d92a2c3
info,registry,people,MJ Henry,e84ac20c
info,registry,people,MJ Santner,e4a0deae
info,registry,people,MM Ali,bb351c23
info,registry,people,MS Chapman,7fa12533
info,registry,people,Nitin Menon,e1d41d9e
info,registry,people,P Wilson,68304a36
info,registry,people,R Ravindra,ba5e1069
info,registry,people,SM Curran,e94915e6
info,registry,people,Sharfuddoula,63896abb
info,registry,people,TA Boult,a818c1be
info,registry,people,TWM Latham,e824e6ee
info,registry,people,WA Young,8afe73e2
ball,1,0.1,England,JM Bairstow,DJ Malan,TA Boult,0,0,,,,,,"",""
ball,1,0.2,England,JM Bairstow,DJ Malan,TA Boult,6,0,,,,,,"",""
ball,1,0.3,England,JM Bairstow,DJ Malan,TA Boult,1,0,,,,,,"",""
ball,1,0.4,England,DJ Malan,JM Bairstow,TA Boult,1,0,,,,,,"",""
ball,1,0.5,England,JM Bairstow,DJ Malan,TA Boult,4,0,,,,,,"",""
ball,1,0.6,England,JM Bairstow,DJ Malan,TA Boult,0,0,,,,,,"",""
ball,1,1.1,England,DJ Malan,JM Bairstow,MJ Henry,0,0,,,,,,"",""
ball,1,1.2,England,DJ Malan,JM Bairstow,MJ Henry,0,0,,,,,,"",""
ball,1,1.3,England,DJ Malan,JM Bairstow,MJ Henry,0,0,,,,,,"",""
ball,1,1.4,England,DJ Malan,JM Bairstow,MJ Henry,0,0,,,,,,"",""
ball,1,1.5,England,DJ Malan,JM Bairstow,MJ Henry,0,0,,,,,,"",""
ball,1,1.6,England,DJ Malan,JM Bairstow,MJ Henry,0,0,,,,,,"",""
ball,1,2.1,England,JM Bairstow,DJ Malan,TA Boult,0,0,,,,,,"",""
ball,1,2.2,England,JM Bairstow,DJ Malan,TA Boult,1,0,,,,,,"",""
ball,1,2.3,England,DJ Malan,JM Bairstow,TA Boult,2,0,,,,,,"",""
ball,1,2.4,England,DJ Malan,JM Bairstow,TA Boult,1,0,,,,,,"",""
ball,1,2.5,England,JM Bairstow,DJ Malan,TA Boult,0,0,,,,,,"",""
ball,1,2.6,England,JM Bairstow,DJ Malan,TA Boult,0,0,,,,,,"",""
ball,1,3.1,England,DJ Malan,JM Bairstow,MJ Henry,0,0,,,,,,"",""
ball,1,3.2,England,DJ Malan,JM Bairstow,MJ Henry,0,0,,,,,,"",""
ball,1,3.3,England,DJ Malan,JM Bairstow,MJ Henry,4,0,,,,,,"",""
ball,1,3.4,England,DJ Malan,JM Bairstow,MJ Henry,0,0,,,,,,"",""
ball,1,3.5,England,DJ Malan,JM Bairstow,MJ Henry,1,0,,,,,,"",""
ball,1,3.6,England,JM Bairstow,DJ Malan,MJ Henry,0,0,,,,,,"",""
ball,1,4.1,England,DJ Malan,JM Bairstow,TA Boult,4,0,,,,,,"",""
ball,1,4.2,England,DJ Malan,JM Bairstow,TA Boult,0,0,,,,,,"",""
ball,1,4.3,England,DJ Malan,JM Bairstow,TA Boult,0,1,1,,,,,"",""
ball,1,4.4,England,DJ Malan,JM Bairstow,TA Boult,0,0,,,,,,"",""
ball,1,4.5,England,DJ Malan,JM Bairstow,TA Boult,0,0,,,,,,"",""
ball,1,4.6,England,DJ Malan,JM Bairstow,TA Boult,0,0,,,,,,"",""
ball,1,4.7,England,DJ Malan,JM Bairstow,TA Boult,0,0,,,,,,"",""
ball,1,5.1,England,JM Bairstow,DJ Malan,MJ Henry,0,0,,,,,,"",""
ball,1,5.2,England,JM Bairstow,DJ Malan,MJ Henry,0,0,,,,,,"",""
ball,1,5.3,England,JM Bairstow,DJ Malan,MJ Henry,0,0,,,,,,"",""
ball,1,5.4,England,JM Bairstow,DJ Malan,MJ Henry,4,0,,,,,,"",""
ball,1,5.5,England,JM Bairstow,DJ Malan,MJ Henry,4,0,,,,,,"",""
ball,1,5.6,England,JM Bairstow,DJ Malan,MJ Henry,1,0,,,,,,"",""
ball,1,6.1,England,JM Bairstow,DJ Malan,MJ Santner,0,1,1,,,,,"",""
ball,1,6.2,England,JM Bairstow,DJ Malan,MJ Santner,1,0,,,,,,"",""
ball,1,6.3,England,DJ Malan,JM Bairstow,MJ Santner,1,0,,,,,,"",""
ball,1,6.4,England,JM Bairstow,DJ Malan,MJ Santner,0,0,,,,,,"",""
ball,1,6.5,England,JM Bairstow,DJ Malan,MJ Santner,1,0,,,,,,"",""
ball,1,6.6,England,DJ Malan,JM Bairstow,MJ Santner,0,0,,,,,,"",""
ball,1,6.7,England,DJ Malan,JM Bairstow,MJ Santner,0,0,,,,,,"",""
ball,1,7.1,England,JM Bairstow,DJ Malan,MJ Henry,0,0,,,,,,"",""
ball,1,7.2,England,JM Bairstow,DJ Malan,MJ Henry,0,0,,,,,,"",""
ball,1,7.3,England,JM Bairstow,DJ Malan,MJ Henry,1,0,,,,,,"",""
ball,1,7.4,England,DJ Malan,JM Bairstow,MJ Henry,0,0,,,,,,caught,DJ Malan
ball,1,7.5,England,JE Root,JM Bairstow,MJ Henry,0,0,,,,,,"",""
ball,1,7.6,England,JE Root,JM Bairstow,MJ Henry,1,0,,,,,,"",""
ball,1,8.1,England,JE Root,JM Bairstow,MJ Santner,1,0,,,,,,"",""
ball,1,8.2,England,JM Bairstow,JE Root,MJ Santner,0,0,,,,,,"",""
ball,1,8.3,England,JM Bairstow,JE Root,MJ Santner,0,0,,,,,,"",""
ball,1,8.4,England,JM Bairstow,JE Root,MJ Santner,1,0,,,,,,"",""
ball,1,8.5,England,JE Root,JM Bairstow,MJ Santner,1,0,,,,,,"",""
ball,1,8.6,England,JM Bairstow,JE Root,MJ Santner,2,0,,,,,,"",""
ball,1,9.1,England,JE Root,JM Bairstow,MJ Henry,0,0,,,,,,"",""
ball,1,9.2,England,JE Root,JM Bairstow,MJ Henry,0,0,,,,,,"",""
ball,1,9.3,England,JE Root,JM Bairstow,MJ Henry,1,0,,,,,,"",""
ball,1,9.4,England,JM Bairstow,JE Root,MJ Henry,0,0,,,,,,"",""
ball,1,9.5,England,JM Bairstow,JE Root,MJ Henry,0,0,,,,,,"",""
ball,1,9.6,England,JM Bairstow,JE Root,MJ Henry,4,0,,,,,,"",""
ball,1,10.1,England,JE Root,JM Bairstow,MJ Santner,1,0,,,,,,"",""
ball,1,10.2,England,JM Bairstow,JE Root,MJ Santner,1,0,,,,,,"",""
ball,1,10.3,England,JE Root,JM Bairstow,MJ Santner,1,0,,,,,,"",""
ball,1,10.4,England,JM Bairstow,JE Root,MJ Santner,0,0,,,,,,"",""
ball,1,10.5,England,JM Bairstow,JE Root,MJ Santner,0,0,,,,,,"",""
ball,1,10.6,England,JM Bairstow,JE Root,MJ Santner,0,0,,,,,,"",""
ball,1,11.1,England,JE Root,JM Bairstow,TA Boult,0,0,,,,,,"",""
ball,1,11.2,England,JE Root,JM Bairstow,TA Boult,0,0,,,,,,"",""
ball,1,11.3,England,JE Root,JM Bairstow,TA Boult,6,0,,,,,,"",""
ball,1,11.4,England,JE Root,JM Bairstow,TA Boult,0,0,,,,,,"",""
ball,1,11.5,England,JE Root,JM Bairstow,TA Boult,0,0,,,,,,"",""
ball,1,11.6,England,JE Root,JM Bairstow,TA Boult,1,0,,,,,,"",""
ball,1,12.1,England,JE Root,JM Bairstow,MJ Santner,0,0,,,,,,"",""
ball,1,12.2,England,JE Root,JM Bairstow,MJ Santner,1,0,,,,,,"",""
ball,1,12.3,England,JM Bairstow,JE Root,MJ Santner,1,0,,,,,,"",""
ball,1,12.4,England,JE Root,JM Bairstow,MJ Santner,1,0,,,,,,"",""
ball,1,12.5,England,JM Bairstow,JE Root,MJ Santner,0,0,,,,,,caught,JM Bairstow
ball,1,12.6,England,HC Brook,JE Root,MJ Santner,0,0,,,,,,"",""
ball,1,13.1,England,JE Root,HC Brook,TA Boult,1,0,,,,,,"",""
ball,1,13.2,England,HC Brook,JE Root,TA Boult,4,0,,,,,,"",""
ball,1,13.3,England,HC Brook,JE Root,TA Boult,0,0,,,,,,"",""
ball,1,13.4,England,HC Brook,JE Root,TA Boult,0,0,,,,,,"",""
ball,1,13.5,England,HC Brook,JE Root,TA Boult,0,0,,,,,,"",""
ball,1,13.6,England,HC Brook,JE Root,TA Boult,0,0,,,,,,"",""
ball,1,14.1,England,JE Root,HC Brook,MJ Santner,1,0,,,,,,"",""
ball,1,14.2,England,HC Brook,JE Root,MJ Santner,1,0,,,,,,"",""
ball,1,14.3,England,JE Root,HC Brook,MJ Santner,0,0,,,,,,"",""
ball,1,14.4,England,JE Root,HC Brook,MJ Santner,0,0,,,,,,"",""
ball,1,14.5,England,JE Root,HC Brook,MJ Santner,1,0,,,,,,"",""
ball,1,14.6,England,HC Brook,JE Root,MJ Santner,1,0,,,,,,"",""
ball,1,15.1,England,HC Brook,JE Root,JDS Neesham,4,0,,,,,,"",""
ball,1,15.2,England,HC Brook,JE Root,JDS Neesham,1,0,,,,,,"",""
ball,1,15.3,England,JE Root,HC Brook,JDS Neesham,0,0,,,,,,"",""
ball,1,15.4,England,JE Root,HC Brook,JDS Neesham,0,0,,,,,,"",""
ball,1,15.5,England,JE Root,HC Brook,JDS Neesham,1,0,,,,,,"",""
ball,1,15.6,England,HC Brook,JE Root,JDS Neesham,0,0,,,,,,"",""
ball,1,16.1,England,JE Root,HC Brook,R Ravindra,1,0,,,,,,"",""
ball,1,16.2,England,HC Brook,JE Root,R Ravindra,0,0,,,,,,"",""
ball,1,16.3,England,HC Brook,JE Root,R Ravindra,4,0,,,,,,"",""
ball,1,16.4,England,HC Brook,JE Root,R Ravindra,4,0,,,,,,"",""
ball,1,16.5,England,HC Brook,JE Root,R Ravindra,6,0,,,,,,"",""
ball,1,16.6,England,HC Brook,JE Root,R Ravindra,0,0,,,,,,caught,HC Brook
ball,1,17.1,England,JE Root,MM Ali,JDS Neesham,1,0,,,,,,"",""
ball,1,17.2,England,MM Ali,JE Root,JDS Neesham,1,0,,,,,,"",""
ball,1,17.3,England,JE Root,MM Ali,JDS Neesham,4,0,,,,,,"",""
ball,1,17.4,England,JE Root,MM Ali,JDS Neesham,1,0,,,,,,"",""
ball,1,17.5,England,MM Ali,JE Root,JDS Neesham,0,0,,,,,,"",""
ball,1,17.6,England,MM Ali,JE Root,JDS Neesham,4,0,,,,,,"",""
ball,1,18.1,England,JE Root,MM Ali,R Ravindra,1,0,,,,,,"",""
ball,1,18.2,England,MM Ali,JE Root,R Ravindra,1,0,,,,,,"",""
ball,1,18.3,England,JE Root,MM Ali,R Ravindra,1,0,,,,,,"",""
ball,1,18.4,England,MM Ali,JE Root,R Ravindra,0,0,,,,,,"",""
ball,1,18.5,England,MM Ali,JE Root,R Ravindra,0,0,,,,,,"",""
ball,1,18.6,England,MM Ali,JE Root,R Ravindra,1,0,,,,,,"",""
ball,1,19.1,England,MM Ali,JE Root,JDS Neesham,1,0,,,,,,"",""
ball,1,19.2,England,JE Root,MM Ali,JDS Neesham,1,0,,,,,,"",""
ball,1,19.3,England,MM Ali,JE Root,JDS Neesham,0,0,,,,,,"",""
ball,1,19.4,England,MM Ali,JE Root,JDS Neesham,0,0,,,,,,"",""
ball,1,19.5,England,MM Ali,JE Root,JDS Neesham,0,0,,,,,,"",""
ball,1,19.6,England,MM Ali,JE Root,JDS Neesham,0,1,1,,,,,"",""
ball,1,19.7,England,MM Ali,JE Root,JDS Neesham,0,0,,,,,,"",""
ball,1,20.1,England,JE Root,MM Ali,R Ravindra,1,0,,,,,,"",""
ball,1,20.2,England,MM Ali,JE Root,R Ravindra,1,0,,,,,,"",""
ball,1,20.3,England,JE Root,MM Ali,R Ravindra,1,0,,,,,,"",""
ball,1,20.4,England,MM Ali,JE Root,R Ravindra,1,0,,,,,,"",""
ball,1,20.5,England,JE Root,MM Ali,R Ravindra,1,0,,,,,,"",""
ball,1,20.6,England,MM Ali,JE Root,R Ravindra,1,0,,,,,,"",""
ball,1,21.1,England,MM Ali,JE Root,GD Phillips,0,0,,,,,,"",""
ball,1,21.2,England,MM Ali,JE Root,GD Phillips,0,0,,,,,,bowled,MM Ali
ball,1,21.3,England,JC Buttler,JE Root,GD Phillips,1,0,,,,,,"",""
ball,1,21.4,England,JE Root,JC Buttler,GD Phillips,1,0,,,,,,"",""
ball,1,21.5,England,JC Buttler,JE Root,GD Phillips,0,0,,,,,,"",""
ball,1,21.6,England,JC Buttler,JE Root,GD Phillips,1,0,,,,,,"",""
ball,1,22.1,England,JC Buttler,JE Root,R Ravindra,1,0,,,,,,"",""
ball,1,22.2,England,JE Root,JC Buttler,R Ravindra,1,0,,,,,,"",""
ball,1,22.3,England,JC Buttler,JE Root,R Ravindra,0,0,,,,,,"",""
ball,1,22.4,England,JC Buttler,JE Root,R Ravindra,0,0,,,,,,"",""
ball,1,22.5,England,JC Buttler,JE Root,R Ravindra,1,0,,,,,,"",""
ball,1,22.6,England,JE Root,JC Buttler,R Ravindra,1,0,,,,,,"",""
ball,1,23.1,England,JE Root,JC Buttler,MJ Santner,1,0,,,,,,"",""
ball,1,23.2,England,JC Buttler,JE Root,MJ Santner,0,0,,,,,,"",""
ball,1,23.3,England,JC Buttler,JE Root,MJ Santner,1,0,,,,,,"",""
ball,1,23.4,England,JE Root,JC Buttler,MJ Santner,1,0,,,,,,"",""
ball,1,23.5,England,JC Buttler,JE Root,MJ Santner,0,0,,,,,,"",""
ball,1,23.6,England,JC Buttler,JE Root,MJ Santner,0,0,,,,,,"",""
ball,1,24.1,England,JE Root,JC Buttler,R Ravindra,1,0,,,,,,"",""
ball,1,24.2,England,JC Buttler,JE Root,R Ravindra,1,0,,,,,,"",""
ball,1,24.3,England,JE Root,JC Buttler,R Ravindra,4,0,,,,,,"",""
ball,1,24.4,England,JE Root,JC Buttler,R Ravindra,0,0,,,,,,"",""
ball,1,24.5,England,JE Root,JC Buttler,R Ravindra,1,0,,,,,,"",""
ball,1,24.6,England,JC Buttler,JE Root,R Ravindra,0,0,,,,,,"",""
ball,1,25.1,England,JE Root,JC Buttler,MJ Santner,0,0,,,,,,"",""
ball,1,25.2,England,JE Root,JC Buttler,MJ Santner,0,0,,,,,,"",""
ball,1,25.3,England,JE Root,JC Buttler,MJ Santner,1,0,,,,,,"",""
ball,1,25.4,England,JC Buttler,JE Root,MJ Santner,1,0,,,,,,"",""
ball,1,25.5,England,JE Root,JC Buttler,MJ Santner,1,0,,,,,,"",""
ball,1,25.6,England,JC Buttler,JE Root,MJ Santner,1,0,,,,,,"",""
ball,1,26.1,England,JC Buttler,JE Root,R Ravindra,0,0,,,,,,"",""
ball,1,26.2,England,JC Buttler,JE Root,R Ravindra,6,0,,,,,,"",""
ball,1,26.3,England,JC Buttler,JE Root,R Ravindra,2,0,,,,,,"",""
ball,1,26.4,England,JC Buttler,JE Root,R Ravindra,1,0,,,,,,"",""
ball,1,26.5,England,JE Root,JC Buttler,R Ravindra,1,0,,,,,,"",""
ball,1,26.6,England,JC Buttler,JE Root,R Ravindra,1,0,,,,,,"",""
ball,1,27.1,England,JC Buttler,JE Root,TA Boult,0,0,,,,,,"",""
ball,1,27.2,England,JC Buttler,JE Root,TA Boult,1,0,,,,,,"",""
ball,1,27.3,England,JE Root,JC Buttler,TA Boult,1,0,,,,,,"",""
ball,1,27.4,England,JC Buttler,JE Root,TA Boult,0,0,,,,,,"",""
ball,1,27.5,England,JC Buttler,JE Root,TA Boult,2,0,,,,,,"",""
ball,1,27.6,England,JC Buttler,JE Root,TA Boult,1,0,,,,,,"",""
ball,1,28.1,England,JC Buttler,JE Root,JDS Neesham,1,0,,,,,,"",""
ball,1,28.2,England,JE Root,JC Buttler,JDS Neesham,1,0,,,,,,"",""
ball,1,28.3,England,JC Buttler,JE Root,JDS Neesham,6,0,,,,,,"",""
ball,1,28.4,England,JC Buttler,JE Root,JDS Neesham,1,0,,,,,,"",""
ball,1,28.5,England,JE Root,JC Buttler,JDS Neesham,1,0,,,,,,"",""
ball,1,28.6,England,JC Buttler,JE Root,JDS Neesham,0,0,,,,,,"",""
ball,1,29.1,England,JE Root,JC Buttler,TA Boult,0,0,,,,,,"",""
ball,1,29.2,England,JE Root,JC Buttler,TA Boult,0,0,,,,,,"",""
ball,1,29.3,England,JE Root,JC Buttler,TA Boult,0,0,,,,,,"",""
ball,1,29.4,England,JE Root,JC Buttler,TA Boult,1,0,,,,,,"",""
ball,1,29.5,England,JC Buttler,JE Root,TA Boult,0,0,,,,,,"",""
ball,1,29.6,England,JC Buttler,JE Root,TA Boult,0,0,,,,,,"",""
ball,1,30.1,England,JE Root,JC Buttler,JDS Neesham,1,0,,,,,,"",""
ball,1,30.2,England,JC Buttler,JE Root,JDS Neesham,4,0,,,,,,"",""
ball,1,30.3,England,JC Buttler,JE Root,JDS Neesham,0,0,,,,,,"",""
ball,1,30.4,England,JC Buttler,JE Root,JDS Neesham,0,0,,,,,,"",""
ball,1,30.5,England,JC Buttler,JE Root,JDS Neesham,0,0,,,,,,"",""
ball,1,30.6,England,JC Buttler,JE Root,JDS Neesham,0,0,,,,,,"",""
ball,1,31.1,England,JE Root,JC Buttler,MJ Henry,1,0,,,,,,"",""
ball,1,31.2,England,JC Buttler,JE Root,MJ Henry,1,0,,,,,,"",""
ball,1,31.3,England,JE Root,JC Buttler,MJ Henry,0,0,,,,,,"",""
ball,1,31.4,England,JE Root,JC Buttler,MJ Henry,1,0,,,,,,"",""
ball,1,31.5,England,JC Buttler,JE Root,MJ Henry,4,0,,,,,,"",""
ball,1,31.6,England,JC Buttler,JE Root,MJ Henry,1,0,,,,,,"",""
ball,1,32.1,England,JC Buttler,JE Root,R Ravindra,2,0,,,,,,"",""
ball,1,32.2,England,JC Buttler,JE Root,R Ravindra,1,0,,,,,,"",""
ball,1,32.3,England,JE Root,JC Buttler,R Ravindra,4,0,,,,,,"",""
ball,1,32.4,England,JE Root,JC Buttler,R Ravindra,0,0,,,,,,"",""
ball,1,32.5,England,JE Root,JC Buttler,R Ravindra,0,0,,,,,,"",""
ball,1,32.6,England,JE Root,JC Buttler,R Ravindra,1,0,,,,,,"",""
ball,1,33.1,England,JE Root,JC Buttler,MJ Henry,1,0,,,,,,"",""
ball,1,33.2,England,JC Buttler,JE Root,MJ Henry,0,0,,,,,,caught,JC Buttler
ball,1,33.3,England,LS Livingstone,JE Root,MJ Henry,1,0,,,,,,"",""
ball,1,33.4,England,JE Root,LS Livingstone,MJ Henry,1,0,,,,,,"",""
ball,1,33.5,England,LS Livingstone,JE Root,MJ Henry,0,0,,,,,,"",""
ball,1,33.6,England,LS Livingstone,JE Root,MJ Henry,1,0,,,,,,"",""
ball,1,34.1,England,LS Livingstone,JE Root,R Ravindra,1,0,,,,,,"",""
ball,1,34.2,England,JE Root,LS Livingstone,R Ravindra,1,0,,,,,,"",""
ball,1,34.3,England,LS Livingstone,JE Root,R Ravindra,4,0,,,,,,"",""
ball,1,34.4,England,LS Livingstone,JE Root,R Ravindra,1,0,,,,,,"",""
ball,1,34.5,England,JE Root,LS Livingstone,R Ravindra,1,0,,,,,,"",""
ball,1,34.6,England,LS Livingstone,JE Root,R Ravindra,4,0,,,,,,"",""
ball,1,35.1,England,JE Root,LS Livingstone,MJ Santner,0,0,,,,,,"",""
ball,1,35.2,England,JE Root,LS Livingstone,MJ Santner,1,0,,,,,,"",""
ball,1,35.3,England,LS Livingstone,JE Root,MJ Santner,1,0,,,,,,"",""
ball,1,35.4,England,JE Root,LS Livingstone,MJ Santner,2,0,,,,,,"",""
ball,1,35.5,England,JE Root,LS Livingstone,MJ Santner,1,0,,,,,,"",""
ball,1,35.6,England,LS Livingstone,JE Root,MJ Santner,0,0,,,,,,"",""
ball,1,36.1,England,JE Root,LS Livingstone,MJ Henry,4,0,,,,,,"",""
ball,1,36.2,England,JE Root,LS Livingstone,MJ Henry,0,0,,,,,,"",""
ball,1,36.3,England,JE Root,LS Livingstone,MJ Henry,1,0,,,,,,"",""
ball,1,36.4,England,LS Livingstone,JE Root,MJ Henry,0,0,,,,,,"",""
ball,1,36.5,England,LS Livingstone,JE Root,MJ Henry,0,0,,,,,,"",""
ball,1,36.6,England,LS Livingstone,JE Root,MJ Henry,1,0,,,,,,"",""
ball,1,37.1,England,LS Livingstone,JE Root,JDS Neesham,0,0,,,,,,"",""
ball,1,37.2,England,LS Livingstone,JE Root,JDS Neesham,0,0,,,,,,"",""
ball,1,37.3,England,LS Livingstone,JE Root,JDS Neesham,1,0,,,,,,"",""
ball,1,37.4,England,JE Root,LS Livingstone,JDS Neesham,1,0,,,,,,"",""
ball,1,37.5,England,LS Livingstone,JE Root,JDS Neesham,4,0,,,,,,"",""
ball,1,37.6,England,LS Livingstone,JE Root,JDS Neesham,1,0,,,,,,"",""
ball,1,38.1,England,LS Livingstone,JE Root,TA Boult,0,0,,,,,,"",""
ball,1,38.2,England,LS Livingstone,JE Root,TA Boult,0,0,,,,,,"",""
ball,1,38.3,England,LS Livingstone,JE Root,TA Boult,0,0,,,,,,"",""
ball,1,38.4,England,LS Livingstone,JE Root,TA Boult,0,0,,,,,,"",""
ball,1,38.5,England,LS Livingstone,JE Root,TA Boult,0,0,,,,,,caught,LS Livingstone
ball,1,38.6,England,SM Curran,JE Root,TA Boult,0,0,,,,,,"",""
ball,1,39.1,England,JE Root,SM Curran,MJ Santner,0,0,,,,,,"",""
ball,1,39.2,England,JE Root,SM Curran,MJ Santner,1,0,,,,,,"",""
ball,1,39.3,England,SM Curran,JE Root,MJ Santner,1,0,,,,,,"",""
ball,1,39.4,England,JE Root,SM Curran,MJ Santner,0,0,,,,,,"",""
ball,1,39.5,England,JE Root,SM Curran,MJ Santner,0,0,,,,,,"",""
ball,1,39.6,England,JE Root,SM Curran,MJ Santner,1,0,,,,,,"",""
ball,1,40.1,England,JE Root,SM Curran,R Ravindra,1,0,,,,,,"",""
ball,1,40.2,England,SM Curran,JE Root,R Ravindra,1,0,,,,,,"",""
ball,1,40.3,England,JE Root,SM Curran,R Ravindra,1,0,,,,,,"",""
ball,1,40.4,England,SM Curran,JE Root,R Ravindra,0,0,,,,,,"",""
ball,1,40.5,England,SM Curran,JE Root,R Ravindra,1,0,,,,,,"",""
ball,1,40.6,England,JE Root,SM Curran,R Ravindra,1,0,,,,,,"",""
ball,1,41.1,England,JE Root,SM Curran,GD Phillips,0,0,,,,,,bowled,JE Root
ball,1,41.2,England,CR Woakes,SM Curran,GD Phillips,1,0,,,,,,"",""
ball,1,41.3,England,SM Curran,CR Woakes,GD Phillips,1,0,,,,,,"",""
ball,1,41.4,England,CR Woakes,SM Curran,GD Phillips,1,0,,,,,,"",""
ball,1,41.5,England,SM Curran,CR Woakes,GD Phillips,2,0,,,,,,"",""
ball,1,41.6,England,SM Curran,CR Woakes,GD Phillips,1,0,,,,,,"",""
ball,1,42.1,England,SM Curran,CR Woakes,R Ravindra,1,0,,,,,,"",""
ball,1,42.2,England,CR Woakes,SM Curran,R Ravindra,1,0,,,,,,"",""
ball,1,42.3,England,SM Curran,CR Woakes,R Ravindra,0,0,,,,,,"",""
ball,1,42.4,England,SM Curran,CR Woakes,R Ravindra,1,0,,,,,,"",""
ball,1,42.5,England,CR Woakes,SM Curran,R Ravindra,0,0,,,,,,"",""
ball,1,42.6,England,CR Woakes,SM Curran,R Ravindra,1,0,,,,,,"",""
ball,1,43.1,England,CR Woakes,SM Curran,GD Phillips,1,0,,,,,,"",""
ball,1,43.2,England,SM Curran,CR Woakes,GD Phillips,1,0,,,,,,"",""
ball,1,43.3,England,CR Woakes,SM Curran,GD Phillips,4,0,,,,,,"",""
ball,1,43.4,England,CR Woakes,SM Curran,GD Phillips,1,0,,,,,,"",""
ball,1,43.5,England,SM Curran,CR Woakes,GD Phillips,1,0,,,,,,"",""
ball,1,43.6,England,CR Woakes,SM Curran,GD Phillips,0,0,,,,,,"",""
ball,1,44.1,England,SM Curran,CR Woakes,MJ Santner,0,0,,,,,,"",""
ball,1,44.2,England,SM Curran,CR Woakes,MJ Santner,1,0,,,,,,"",""
ball,1,44.3,England,CR Woakes,SM Curran,MJ Santner,1,0,,,,,,"",""
ball,1,44.4,England,SM Curran,CR Woakes,MJ Santner,1,0,,,,,,"",""
ball,1,44.5,England,CR Woakes,SM Curran,MJ Santner,0,0,,,,,,"",""
ball,1,44.6,England,CR Woakes,SM Curran,MJ Santner,0,0,,,,,,caught,CR Woakes
ball,1,45.1,England,SM Curran,AU Rashid,MJ Henry,1,0,,,,,,"",""
ball,1,45.2,England,AU Rashid,SM Curran,MJ Henry,1,0,,,,,,"",""
ball,1,45.3,England,SM Curran,AU Rashid,MJ Henry,0,0,,,,,,"",""
ball,1,45.4,England,SM Curran,AU Rashid,MJ Henry,0,0,,,,,,caught,SM Curran
ball,1,45.5,England,MA Wood,AU Rashid,MJ Henry,1,0,,,,,,"",""
ball,1,45.6,England,AU Rashid,MA Wood,MJ Henry,1,0,,,,,,"",""
ball,1,46.1,England,AU Rashid,MA Wood,TA Boult,1,0,,,,,,"",""
ball,1,46.2,England,MA Wood,AU Rashid,TA Boult,1,0,,,,,,"",""
ball,1,46.3,England,AU Rashid,MA Wood,TA Boult,0,0,,,,,,"",""
ball,1,46.4,England,AU Rashid,MA Wood,TA Boult,1,0,,,,,,"",""
ball,1,46.5,England,MA Wood,AU Rashid,TA Boult,1,0,,,,,,"",""
ball,1,46.6,England,AU Rashid,MA Wood,TA Boult,0,0,,,,,,"",""
ball,1,47.1,England,MA Wood,AU Rashid,MJ Henry,0,0,,,,,,"",""
ball,1,47.2,England,MA Wood,AU Rashid,MJ Henry,2,0,,,,,,"",""
ball,1,47.3,England,MA Wood,AU Rashid,MJ Henry,1,0,,,,,,"",""
ball,1,47.4,England,AU Rashid,MA Wood,MJ Henry,0,0,,,,,,"",""
ball,1,47.5,England,AU Rashid,MA Wood,MJ Henry,1,0,,,,,,"",""
ball,1,47.6,England,MA Wood,AU Rashid,MJ Henry,1,0,,,,,,"",""
ball,1,48.1,England,MA Wood,AU Rashid,TA Boult,0,0,,,,,,"",""
ball,1,48.2,England,MA Wood,AU Rashid,TA Boult,1,0,,,,,,"",""
ball,1,48.3,England,AU Rashid,MA Wood,TA Boult,1,0,,,,,,"",""
ball,1,48.4,England,MA Wood,AU Rashid,TA Boult,1,0,,,,,,"",""
ball,1,48.5,England,AU Rashid,MA Wood,TA Boult,1,0,,,,,,"",""
ball,1,48.6,England,MA Wood,AU Rashid,TA Boult,1,0,,,,,,"",""
ball,1,49.1,England,MA Wood,AU Rashid,JDS Neesham,1,0,,,,,,"",""
ball,1,49.2,England,AU Rashid,MA Wood,JDS Neesham,0,3,3,,,,,"",""
ball,1,49.3,England,AU Rashid,MA Wood,JDS Neesham,6,0,,,,,,"",""
ball,1,49.4,England,AU Rashid,MA Wood,JDS Neesham,1,0,,,,,,"",""
ball,1,49.5,England,MA Wood,AU Rashid,JDS Neesham,1,0,,,,,,"",""
ball,1,49.6,England,AU Rashid,MA Wood,JDS Neesham,1,0,,,,,,"",""
ball,1,49.7,England,MA Wood,AU Rashid,JDS Neesham,1,0,,,,,,"",""
ball,2,0.1,New Zealand,DP Conway,WA Young,CR Woakes,4,0,,,,,,"",""
ball,2,0.2,New Zealand,DP Conway,WA Young,CR Woakes,0,0,,,,,,"",""
ball,2,0.3,New Zealand,DP Conway,WA Young,CR Woakes,0,0,,,,,,"",""
ball,2,0.4,New Zealand,DP Conway,WA Young,CR Woakes,2,0,,,,,,"",""
ball,2,0.5,New Zealand,DP Conway,WA Young,CR Woakes,4,0,,,,,,"",""
ball,2,0.6,New Zealand,DP Conway,WA Young,CR Woakes,0,0,,,,,,"",""
ball,2,1.1,New Zealand,WA Young,DP Conway,SM Curran,0,0,,,,,,caught,WA Young
ball,2,1.2,New Zealand,R Ravindra,DP Conway,SM Curran,0,0,,,,,,"",""
ball,2,1.3,New Zealand,R Ravindra,DP Conway,SM Curran,0,0,,,,,,"",""
ball,2,1.4,New Zealand,R Ravindra,DP Conway,SM Curran,0,0,,,,,,"",""
ball,2,1.5,New Zealand,R Ravindra,DP Conway,SM Curran,0,0,,,,,,"",""
ball,2,1.6,New Zealand,R Ravindra,DP Conway,SM Curran,0,0,,,,,,"",""
ball,2,2.1,New Zealand,DP Conway,R Ravindra,CR Woakes,0,0,,,,,,"",""
ball,2,2.2,New Zealand,DP Conway,R Ravindra,CR Woakes,1,0,,,,,,"",""
ball,2,2.3,New Zealand,R Ravindra,DP Conway,CR Woakes,0,0,,,,,,"",""
ball,2,2.4,New Zealand,R Ravindra,DP Conway,CR Woakes,4,0,,,,,,"",""
ball,2,2.5,New Zealand,R Ravindra,DP Conway,CR Woakes,4,0,,,,,,"",""
ball,2,2.6,New Zealand,R Ravindra,DP Conway,CR Woakes,0,0,,,,,,"",""
ball,2,3.1,New Zealand,DP Conway,R Ravindra,SM Curran,0,0,,,,,,"",""
ball,2,3.2,New Zealand,DP Conway,R Ravindra,SM Curran,0,0,,,,,,"",""
ball,2,3.3,New Zealand,DP Conway,R Ravindra,SM Curran,0,0,,,,,,"",""
ball,2,3.4,New Zealand,DP Conway,R Ravindra,SM Curran,0,0,,,,,,"",""
ball,2,3.5,New Zealand,DP Conway,R Ravindra,SM Curran,0,0,,,,,,"",""
ball,2,3.6,New Zealand,DP Conway,R Ravindra,SM Curran,0,0,,,,,,"",""
ball,2,4.1,New Zealand,R Ravindra,DP Conway,CR Woakes,0,0,,,,,,"",""
ball,2,4.2,New Zealand,R Ravindra,DP Conway,CR Woakes,0,0,,,,,,"",""
ball,2,4.3,New Zealand,R Ravindra,DP Conway,CR Woakes,0,0,,,,,,"",""
ball,2,4.4,New Zealand,R Ravindra,DP Conway,CR Woakes,4,0,,,,,,"",""
ball,2,4.5,New Zealand,R Ravindra,DP Conway,CR Woakes,0,0,,,,,,"",""
ball,2,4.6,New Zealand,R Ravindra,DP Conway,CR Woakes,4,0,,,,,,"",""
ball,2,5.1,New Zealand,DP Conway,R Ravindra,SM Curran,1,0,,,,,,"",""
ball,2,5.2,New Zealand,R Ravindra,DP Conway,SM Curran,1,0,,,,,,"",""
ball,2,5.3,New Zealand,DP Conway,R Ravindra,SM Curran,1,0,,,,,,"",""
ball,2,5.4,New Zealand,R Ravindra,DP Conway,SM Curran,1,0,,,,,,"",""
ball,2,5.5,New Zealand,DP Conway,R Ravindra,SM Curran,0,1,1,,,,,"",""
ball,2,5.6,New Zealand,DP Conway,R Ravindra,SM Curran,1,0,,,,,,"",""
ball,2,5.7,New Zealand,R Ravindra,DP Conway,SM Curran,4,0,,,,,,"",""
ball,2,6.1,New Zealand,DP Conway,R Ravindra,MA Wood,4,0,,,,,,"",""
ball,2,6.2,New Zealand,DP Conway,R Ravindra,MA Wood,1,0,,,,,,"",""
ball,2,6.3,New Zealand,R Ravindra,DP Conway,MA Wood,2,0,,,,,,"",""
ball,2,6.4,New Zealand,R Ravindra,DP Conway,MA Wood,0,0,,,,,,"",""
ball,2,6.5,New Zealand,R Ravindra,DP Conway,MA Wood,6,0,,,,,,"",""
ball,2,6.6,New Zealand,R Ravindra,DP Conway,MA Wood,4,0,,,,,,"",""
ball,2,7.1,New Zealand,DP Conway,R Ravindra,SM Curran,4,0,,,,,,"",""
ball,2,7.2,New Zealand,DP Conway,R Ravindra,SM Curran,0,0,,,,,,"",""
ball,2,7.3,New Zealand,DP Conway,R Ravindra,SM Curran,1,0,,,,,,"",""
ball,2,7.4,New Zealand,R Ravindra,DP Conway,SM Curran,4,0,,,,,,"",""
ball,2,7.5,New Zealand,R Ravindra,DP Conway,SM Curran,0,0,,,,,,"",""
ball,2,7.6,New Zealand,R Ravindra,DP Conway,SM Curran,0,0,,,,,,"",""
ball,2,8.1,New Zealand,DP Conway,R Ravindra,MA Wood,4,0,,,,,,"",""
ball,2,8.2,New Zealand,DP Conway,R Ravindra,MA Wood,1,0,,,,,,"",""
ball,2,8.3,New Zealand,R Ravindra,DP Conway,MA Wood,1,0,,,,,,"",""
ball,2,8.4,New Zealand,DP Conway,R Ravindra,MA Wood,0,0,,,,,,"",""
ball,2,8.5,New Zealand,DP Conway,R Ravindra,MA Wood,4,0,,,,,,"",""
ball,2,8.6,New Zealand,DP Conway,R Ravindra,MA Wood,0,0,,,,,,"",""
ball,2,9.1,New Zealand,R Ravindra,DP Conway,MM Ali,2,0,,,,,,"",""
ball,2,9.2,New Zealand,R Ravindra,DP Conway,MM Ali,0,0,,,,,,"",""
ball,2,9.3,New Zealand,R Ravindra,DP Conway,MM Ali,6,0,,,,,,"",""
ball,2,9.4,New Zealand,R Ravindra,DP Conway,MM Ali,0,0,,,,,,"",""
ball,2,9.5,New Zealand,R Ravindra,DP Conway,MM Ali,0,0,,,,,,"",""
ball,2,9.6,New Zealand,R Ravindra,DP Conway,MM Ali,0,0,,,,,,"",""
ball,2,10.1,New Zealand,DP Conway,R Ravindra,MA Wood,4,0,,,,,,"",""
ball,2,10.2,New Zealand,DP Conway,R Ravindra,MA Wood,0,0,,,,,,"",""
ball,2,10.3,New Zealand,DP Conway,R Ravindra,MA Wood,6,0,,,,,,"",""
ball,2,10.4,New Zealand,DP Conway,R Ravindra,MA Wood,0,0,,,,,,"",""
ball,2,10.5,New Zealand,DP Conway,R Ravindra,MA Wood,1,0,,,,,,"",""
ball,2,10.6,New Zealand,R Ravindra,DP Conway,MA Wood,0,0,,,,,,"",""
ball,2,11.1,New Zealand,DP Conway,R Ravindra,MM Ali,0,0,,,,,,"",""
ball,2,11.2,New Zealand,DP Conway,R Ravindra,MM Ali,1,0,,,,,,"",""
ball,2,11.3,New Zealand,R Ravindra,DP Conway,MM Ali,0,0,,,,,,"",""
ball,2,11.4,New Zealand,R Ravindra,DP Conway,MM Ali,0,0,,,,,,"",""
ball,2,11.5,New Zealand,R Ravindra,DP Conway,MM Ali,6,0,,,,,,"",""
ball,2,11.6,New Zealand,R Ravindra,DP Conway,MM Ali,0,0,,,,,,"",""
ball,2,12.1,New Zealand,DP Conway,R Ravindra,AU Rashid,1,0,,,,,,"",""
ball,2,12.2,New Zealand,R Ravindra,DP Conway,AU Rashid,0,0,,,,,,"",""
ball,2,12.3,New Zealand,R Ravindra,DP Conway,AU Rashid,1,0,,,,,,"",""
ball,2,12.4,New Zealand,DP Conway,R Ravindra,AU Rashid,4,0,,,,,,"",""
ball,2,12.5,New Zealand,DP Conway,R Ravindra,AU Rashid,1,0,,,,,,"",""
ball,2,12.6,New Zealand,R Ravindra,DP Conway,AU Rashid,1,0,,,,,,"",""
ball,2,13.1,New Zealand,R Ravindra,DP Conway,MM Ali,1,0,,,,,,"",""
ball,2,13.2,New Zealand,DP Conway,R Ravindra,MM Ali,0,0,,,,,,"",""
ball,2,13.3,New Zealand,DP Conway,R Ravindra,MM Ali,1,0,,,,,,"",""
ball,2,13.4,New Zealand,R Ravindra,DP Conway,MM Ali,1,0,,,,,,"",""
ball,2,13.5,New Zealand,DP Conway,R Ravindra,MM Ali,0,0,,,,,,"",""
ball,2,13.6,New Zealand,DP Conway,R Ravindra,MM Ali,1,0,,,,,,"",""
ball,2,14.1,New Zealand,DP Conway,R Ravindra,AU Rashid,1,0,,,,,,"",""
ball,2,14.2,New Zealand,R Ravindra,DP Conway,AU Rashid,0,0,,,,,,"",""
ball,2,14.3,New Zealand,R Ravindra,DP Conway,AU Rashid,1,0,,,,,,"",""
ball,2,14.4,New Zealand,DP Conway,R Ravindra,AU Rashid,4,0,,,,,,"",""
ball,2,14.5,New Zealand,DP Conway,R Ravindra,AU Rashid,0,0,,,,,,"",""
ball,2,14.6,New Zealand,DP Conway,R Ravindra,AU Rashid,4,0,,,,,,"",""
ball,2,15.1,New Zealand,R Ravindra,DP Conway,MM Ali,1,0,,,,,,"",""
ball,2,15.2,New Zealand,DP Conway,R Ravindra,MM Ali,1,0,,,,,,"",""
ball,2,15.3,New Zealand,R Ravindra,DP Conway,MM Ali,1,0,,,,,,"",""
ball,2,15.4,New Zealand,DP Conway,R Ravindra,MM Ali,1,0,,,,,,"",""
ball,2,15.5,New Zealand,R Ravindra,DP Conway,MM Ali,1,0,,,,,,"",""
ball,2,15.6,New Zealand,DP Conway,R Ravindra,MM Ali,4,0,,,,,,"",""
ball,2,16.1,New Zealand,R Ravindra,DP Conway,AU Rashid,4,0,,,,,,"",""
ball,2,16.2,New Zealand,R Ravindra,DP Conway,AU Rashid,0,0,,,,,,"",""
ball,2,16.3,New Zealand,R Ravindra,DP Conway,AU Rashid,1,0,,,,,,"",""
ball,2,16.4,New Zealand,DP Conway,R Ravindra,AU Rashid,1,0,,,,,,"",""
ball,2,16.5,New Zealand,R Ravindra,DP Conway,AU Rashid,1,0,,,,,,"",""
ball,2,16.6,New Zealand,DP Conway,R Ravindra,AU Rashid,1,0,,,,,,"",""
ball,2,17.1,New Zealand,DP Conway,R Ravindra,MM Ali,1,0,,,,,,"",""
ball,2,17.2,New Zealand,R Ravindra,DP Conway,MM Ali,1,0,,,,,,"",""
ball,2,17.3,New Zealand,DP Conway,R Ravindra,MM Ali,1,0,,,,,,"",""
ball,2,17.4,New Zealand,R Ravindra,DP Conway,MM Ali,1,0,,,,,,"",""
ball,2,17.5,New Zealand,DP Conway,R Ravindra,MM Ali,0,0,,,,,,"",""
ball,2,17.6,New Zealand,DP Conway,R Ravindra,MM Ali,1,0,,,,,,"",""
ball,2,18.1,New Zealand,DP Conway,R Ravindra,CR Woakes,0,0,,,,,,"",""
ball,2,18.2,New Zealand,DP Conway,R Ravindra,CR Woakes,0,0,,,,,,"",""
ball,2,18.3,New Zealand,DP Conway,R Ravindra,CR Woakes,1,0,,,,,,"",""
ball,2,18.4,New Zealand,R Ravindra,DP Conway,CR Woakes,1,0,,,,,,"",""
ball,2,18.5,New Zealand,DP Conway,R Ravindra,CR Woakes,0,0,,,,,,"",""
ball,2,18.6,New Zealand,DP Conway,R Ravindra,CR Woakes,0,0,,,,,,"",""
ball,2,19.1,New Zealand,R Ravindra,DP Conway,AU Rashid,1,0,,,,,,"",""
ball,2,19.2,New Zealand,DP Conway,R Ravindra,AU Rashid,0,0,,,,,,"",""
ball,2,19.3,New Zealand,DP Conway,R Ravindra,AU Rashid,2,0,,,,,,"",""
ball,2,19.4,New Zealand,DP Conway,R Ravindra,AU Rashid,0,0,,,,,,"",""
ball,2,19.5,New Zealand,DP Conway,R Ravindra,AU Rashid,0,0,,,,,,"",""
ball,2,19.6,New Zealand,DP Conway,R Ravindra,AU Rashid,6,0,,,,,,"",""
ball,2,20.1,New Zealand,R Ravindra,DP Conway,CR Woakes,1,0,,,,,,"",""
ball,2,20.2,New Zealand,DP Conway,R Ravindra,CR Woakes,1,0,,,,,,"",""
ball,2,20.3,New Zealand,R Ravindra,DP Conway,CR Woakes,1,0,,,,,,"",""
ball,2,20.4,New Zealand,DP Conway,R Ravindra,CR Woakes,4,0,,,,,,"",""
ball,2,20.5,New Zealand,DP Conway,R Ravindra,CR Woakes,1,0,,,,,,"",""
ball,2,20.6,New Zealand,R Ravindra,DP Conway,CR Woakes,0,0,,,,,,"",""
ball,2,21.1,New Zealand,DP Conway,R Ravindra,AU Rashid,1,0,,,,,,"",""
ball,2,21.2,New Zealand,R Ravindra,DP Conway,AU Rashid,2,0,,,,,,"",""
ball,2,21.3,New Zealand,R Ravindra,DP Conway,AU Rashid,1,0,,,,,,"",""
ball,2,21.4,New Zealand,DP Conway,R Ravindra,AU Rashid,1,0,,,,,,"",""
ball,2,21.5,New Zealand,R Ravindra,DP Conway,AU Rashid,1,0,,,,,,"",""
ball,2,21.6,New Zealand,DP Conway,R Ravindra,AU Rashid,0,0,,,,,,"",""
ball,2,22.1,New Zealand,R Ravindra,DP Conway,CR Woakes,0,0,,,,,,"",""
ball,2,22.2,New Zealand,R Ravindra,DP Conway,CR Woakes,6,0,,,,,,"",""
ball,2,22.3,New Zealand,R Ravindra,DP Conway,CR Woakes,0,0,,,,,,"",""
ball,2,22.4,New Zealand,R Ravindra,DP Conway,CR Woakes,1,0,,,,,,"",""
ball,2,22.5,New Zealand,DP Conway,R Ravindra,CR Woakes,0,0,,,,,,"",""
ball,2,22.6,New Zealand,DP Conway,R Ravindra,CR Woakes,1,0,,,,,,"",""
ball,2,23.1,New Zealand,DP Conway,R Ravindra,AU Rashid,1,0,,,,,,"",""
ball,2,23.2,New Zealand,R Ravindra,DP Conway,AU Rashid,0,0,,,,,,"",""
ball,2,23.3,New Zealand,R Ravindra,DP Conway,AU Rashid,0,0,,,,,,"",""
ball,2,23.4,New Zealand,R Ravindra,DP Conway,AU Rashid,1,0,,,,,,"",""
ball,2,23.5,New Zealand,DP Conway,R Ravindra,AU Rashid,0,0,,,,,,"",""
ball,2,23.6,New Zealand,DP Conway,R Ravindra,AU Rashid,0,0,,,,,,"",""
ball,2,24.1,New Zealand,R Ravindra,DP Conway,MA Wood,1,0,,,,,,"",""
ball,2,24.2,New Zealand,DP Conway,R Ravindra,MA Wood,1,0,,,,,,"",""
ball,2,24.3,New Zealand,R Ravindra,DP Conway,MA Wood,0,1,1,,,,,"",""
ball,2,24.4,New Zealand,R Ravindra,DP Conway,MA Wood,1,0,,,,,,"",""
ball,2,24.5,New Zealand,DP Conway,R Ravindra,MA Wood,4,0,,,,,,"",""
ball,2,24.6,New Zealand,DP Conway,R Ravindra,MA Wood,1,0,,,,,,"",""
ball,2,24.7,New Zealand,R Ravindra,DP Conway,MA Wood,0,0,,,,,,"",""
ball,2,25.1,New Zealand,DP Conway,R Ravindra,AU Rashid,0,0,,,,,,"",""
ball,2,25.2,New Zealand,DP Conway,R Ravindra,AU Rashid,0,0,,,,,,"",""
ball,2,25.3,New Zealand,DP Conway,R Ravindra,AU Rashid,0,1,,,,1,,"",""
ball,2,25.4,New Zealand,R Ravindra,DP Conway,AU Rashid,2,0,,,,,,"",""
ball,2,25.5,New Zealand,R Ravindra,DP Conway,AU Rashid,1,0,,,,,,"",""
ball,2,25.6,New Zealand,DP Conway,R Ravindra,AU Rashid,1,0,,,,,,"",""
ball,2,26.1,New Zealand,DP Conway,R Ravindra,MA Wood,1,0,,,,,,"",""
ball,2,26.2,New Zealand,R Ravindra,DP Conway,MA Wood,1,0,,,,,,"",""
ball,2,26.3,New Zealand,DP Conway,R Ravindra,MA Wood,0,0,,,,,,"",""
ball,2,26.4,New Zealand,DP Conway,R Ravindra,MA Wood,4,0,,,,,,"",""
ball,2,26.5,New Zealand,DP Conway,R Ravindra,MA Wood,2,0,,,,,,"",""
ball,2,26.6,New Zealand,DP Conway,R Ravindra,MA Wood,0,0,,,,,,"",""
ball,2,27.1,New Zealand,R Ravindra,DP Conway,MM Ali,4,0,,,,,,"",""
ball,2,27.2,New Zealand,R Ravindra,DP Conway,MM Ali,1,0,,,,,,"",""
ball,2,27.3,New Zealand,DP Conway,R Ravindra,MM Ali,1,0,,,,,,"",""
ball,2,27.4,New Zealand,R Ravindra,DP Conway,MM Ali,1,0,,,,,,"",""
ball,2,27.5,New Zealand,DP Conway,R Ravindra,MM Ali,0,0,,,,,,"",""
ball,2,27.6,New Zealand,DP Conway,R Ravindra,MM Ali,1,0,,,,,,"",""
ball,2,28.1,New Zealand,DP Conway,R Ravindra,LS Livingstone,0,0,,,,,,"",""
ball,2,28.2,New Zealand,DP Conway,R Ravindra,LS Livingstone,0,0,,,,,,"",""
ball,2,28.3,New Zealand,DP Conway,R Ravindra,LS Livingstone,0,0,,,,,,"",""
ball,2,28.4,New Zealand,DP Conway,R Ravindra,LS Livingstone,1,0,,,,,,"",""
ball,2,28.5,New Zealand,R Ravindra,DP Conway,LS Livingstone,0,0,,,,,,"",""
ball,2,28.6,New Zealand,R Ravindra,DP Conway,LS Livingstone,0,0,,,,,,"",""
ball,2,29.1,New Zealand,DP Conway,R Ravindra,MM Ali,0,0,,,,,,"",""
ball,2,29.2,New Zealand,DP Conway,R Ravindra,MM Ali,0,0,,,,,,"",""
ball,2,29.3,New Zealand,DP Conway,R Ravindra,MM Ali,0,0,,,,,,"",""
ball,2,29.4,New Zealand,DP Conway,R Ravindra,MM Ali,1,0,,,,,,"",""
ball,2,29.5,New Zealand,R Ravindra,DP Conway,MM Ali,1,0,,,,,,"",""
ball,2,29.6,New Zealand,DP Conway,R Ravindra,MM Ali,0,0,,,,,,"",""
ball,2,30.1,New Zealand,R Ravindra,DP Conway,LS Livingstone,1,0,,,,,,"",""
ball,2,30.2,New Zealand,DP Conway,R Ravindra,LS Livingstone,0,0,,,,,,"",""
ball,2,30.3,New Zealand,DP Conway,R Ravindra,LS Livingstone,1,0,,,,,,"",""
ball,2,30.4,New Zealand,R Ravindra,DP Conway,LS Livingstone,1,0,,,,,,"",""
ball,2,30.5,New Zealand,DP Conway,R Ravindra,LS Livingstone,4,0,,,,,,"",""
ball,2,30.6,New Zealand,DP Conway,R Ravindra,LS Livingstone,0,4,,,4,,,"",""
ball,2,31.1,New Zealand,R Ravindra,DP Conway,MM Ali,1,0,,,,,,"",""
ball,2,31.2,New Zealand,DP Conway,R Ravindra,MM Ali,1,0,,,,,,"",""
ball,2,31.3,New Zealand,R Ravindra,DP Conway,MM Ali,0,0,,,,,,"",""
ball,2,31.4,New Zealand,R Ravindra,DP Conway,MM Ali,1,0,,,,,,"",""
ball,2,31.5,New Zealand,DP Conway,R Ravindra,MM Ali,1,0,,,,,,"",""
ball,2,31.6,New Zealand,R Ravindra,DP Conway,MM Ali,0,0,,,,,,"",""
ball,2,32.1,New Zealand,DP Conway,R Ravindra,SM Curran,0,0,,,,,,"",""
ball,2,32.2,New Zealand,DP Conway,R Ravindra,SM Curran,1,0,,,,,,"",""
ball,2,32.3,New Zealand,R Ravindra,DP Conway,SM Curran,0,0,,,,,,"",""
ball,2,32.4,New Zealand,R Ravindra,DP Conway,SM Curran,0,1,1,,,,,"",""
ball,2,32.5,New Zealand,R Ravindra,DP Conway,SM Curran,1,0,,,,,,"",""
ball,2,32.6,New Zealand,DP Conway,R Ravindra,SM Curran,1,0,,,,,,"",""
ball,2,32.7,New Zealand,R Ravindra,DP Conway,SM Curran,4,0,,,,,,"",""
ball,2,33.1,New Zealand,DP Conway,R Ravindra,MM Ali,0,0,,,,,,"",""
ball,2,33.2,New Zealand,DP Conway,R Ravindra,MM Ali,1,0,,,,,,"",""
ball,2,33.3,New Zealand,R Ravindra,DP Conway,MM Ali,0,0,,,,,,"",""
ball,2,33.4,New Zealand,R Ravindra,DP Conway,MM Ali,6,0,,,,,,"",""
ball,2,33.5,New Zealand,R Ravindra,DP Conway,MM Ali,2,0,,,,,,"",""
ball,2,33.6,New Zealand,R Ravindra,DP Conway,MM Ali,2,0,,,,,,"",""
ball,2,34.1,New Zealand,DP Conway,R Ravindra,SM Curran,6,0,,,,,,"",""
ball,2,34.2,New Zealand,DP Conway,R Ravindra,SM Curran,4,0,,,,,,"",""
ball,2,34.3,New Zealand,DP Conway,R Ravindra,SM Curran,2,0,,,,,,"",""
ball,2,34.4,New Zealand,DP Conway,R Ravindra,SM Curran,2,0,,,,,,"",""
ball,2,34.5,New Zealand,DP Conway,R Ravindra,SM Curran,2,0,,,,,,"",""
ball,2,34.6,New Zealand,DP Conway,R Ravindra,SM Curran,4,0,,,,,,"",""
ball,2,35.1,New Zealand,R Ravindra,DP Conway,LS Livingstone,1,0,,,,,,"",""
ball,2,35.2,New Zealand,DP Conway,R Ravindra,LS Livingstone,4,0,,,,,,"",""
ball,2,35.3,New Zealand,DP Conway,R Ravindra,LS Livingstone,2,0,,,,,,"",""
ball,2,35.4,New Zealand,DP Conway,R Ravindra,LS Livingstone,4,0,,,,,,"",""
ball,2,35.5,New Zealand,DP Conway,R Ravindra,LS Livingstone,1,0,,,,,,"",""
ball,2,35.6,New Zealand,R Ravindra,DP Conway,LS Livingstone,4,0,,,,,,"",""
ball,2,36.1,New Zealand,DP Conway,R Ravindra,MM Ali,1,0,,,,,,"",""
ball,2,36.2,New Zealand,R Ravindra,DP Conway,MM Ali,1,0,,,,,,"",""
