version,1.7.0
info,balls_per_over,6
info,team,Bangladesh
info,team,India
info,gender,male
info,season,2023/24
info,date,2023/10/19
info,event,ICC Cricket World Cup
info,match_number,17
info,venue,"Maharashtra Cricket Association Stadium, Pune"
info,city,Pune
info,toss_winner,Bangladesh
info,toss_decision,bat
info,player_of_match,V Kohli
info,umpire,AT Holdstock
info,umpire,RA Kettleborough
info,reserve_umpire,M Erasmus
info,tv_umpire,HDPK Dharmasena
info,match_referee,AJ Pycroft
info,winner,India
info,winner_wickets,7
info,player,Bangladesh,Tanzid Hasan
info,player,Bangladesh,Liton Das
info,player,Bangladesh,Nazmul Hossain Shanto
info,player,Bangladesh,Mehedi Hasan Miraz
info,player,Bangladesh,Towhid Hridoy
info,player,Bangladesh,Mushfiqur Rahim
info,player,Bangladesh,Mahmudullah
info,player,Bangladesh,Nasum Ahmed
info,player,Bangladesh,Mustafizur Rahman
info,player,Bangladesh,Shoriful Islam
info,player,Bangladesh,Hasan Mahmud
info,player,India,RG Sharma
info,player,India,Shubman Gill
info,player,India,V Kohli
info,player,India,SS Iyer
info,player,India,KL Rahul
info,player,India,HH Pandya
info,player,India,RA Jadeja
info,player,India,SN Thakur
info,player,India,JJ Bumrah
info,player,India,Kuldeep Yadav
info,player,India,Mohammed Siraj
info,registry,people,AJ Pycroft,685d3f80
info,registry,people,AT Holdstock,6fa3258c
info,registry,people,HDPK Dharmasena,323e4c16
info,registry,people,HH Pandya,dbe50b21
info,registry,people,Hasan Mahmud,80ad39ac
info,registry,people,JJ Bumrah,462411b3
info,registry,people,KL Rahul,b17e2f24
info,registry,people,Kuldeep Yadav,8d2c70ad
info,registry,people,Liton Das,0404d43c
info,registry,people,M Erasmus,15d3c895
info,registry,people,Mahmudullah,bf1d7d3e
info,registry,people,Mehedi Hasan Miraz,c58b0108
info,registry,people,Mohammed Siraj,2f49c897
info,registry,people,Mushfiqur Rahim,a94e08ea
info,registry,people,Mustafizur Rahman,0a8fce53
info,registry,people,Nasum Ahmed,37654b75
info,registry,people,Nazmul Hossain Shanto,1274d7ab
info,registry,people,RA Jadeja,fe93fd9d
info,registry,people,RA Kettleborough,4017868f
info,registry,people,RG Sharma,740742ef
info,registry,people,SN Thakur,1abb78f8
info,registry,people,SS Iyer,85ec8e33
info,registry,people,Shoriful Islam,bb34fd31
info,registry,people,Shubman Gill,b4b99816
info,registry,people,Tanzid Hasan,80fe764d
info,registry,people,Towhid Hridoy,9e52a414
info,registry,people,V Kohli,ba607b88
ball,1,0.1,Bangladesh,Tanzid Hasan,Liton Das,JJ Bumrah,0,0,,,,,,"",""
ball,1,0.2,Bangladesh,Tanzid Hasan,Liton Das,JJ Bumrah,0,0,,,,,,"",""
ball,1,0.3,Bangladesh,Tanzid Hasan,Liton Das,JJ Bumrah,1,0,,,,,,"",""
ball,1,0.4,Bangladesh,Liton Das,Tanzid Hasan,JJ Bumrah,0,0,,,,,,"",""
ball,1,0.5,Bangladesh,Liton Das,Tanzid Hasan,JJ Bumrah,0,0,,,,,,"",""
ball,1,0.6,Bangladesh,Liton Das,Tanzid Hasan,JJ Bumrah,0,0,,,,,,"",""
ball,1,1.1,Bangladesh,Tanzid Hasan,Liton Das,Mohammed Siraj,4,0,,,,,,"",""
ball,1,1.2,Bangladesh,Tanzid Hasan,Liton Das,Mohammed Siraj,0,0,,,,,,"",""
ball,1,1.3,Bangladesh,Tanzid Hasan,Liton Das,Mohammed Siraj,0,0,,,,,,"",""
ball,1,1.4,Bangladesh,Tanzid Hasan,Liton Das,Mohammed Siraj,0,0,,,,,,"",""
ball,1,1.5,Bangladesh,Tanzid Hasan,Liton Das,Mohammed Siraj,0,0,,,,,,"",""
ball,1,1.6,Bangladesh,Tanzid Hasan,Liton Das,Mohammed Siraj,0,0,,,,,,"",""
ball,1,2.1,Bangladesh,Liton Das,Tanzid Hasan,JJ Bumrah,0,0,,,,,,"",""
ball,1,2.2,Bangladesh,Liton Das,Tanzid Hasan,JJ Bumrah,0,0,,,,,,"",""
ball,1,2.3,Bangladesh,Liton Das,Tanzid Hasan,JJ Bumrah,0,0,,,,,,"",""
ball,1,2.4,Bangladesh,Liton Das,Tanzid Hasan,JJ Bumrah,0,0,,,,,,"",""
ball,1,2.5,Bangladesh,Liton Das,Tanzid Hasan,JJ Bumrah,0,0,,,,,,"",""
ball,1,2.6,Bangladesh,Liton Das,Tanzid Hasan,JJ Bumrah,0,0,,,,,,"",""
ball,1,3.1,Bangladesh,Tanzid Hasan,Liton Das,Mohammed Siraj,0,0,,,,,,"",""
ball,1,3.2,Bangladesh,Tanzid Hasan,Liton Das,Mohammed Siraj,1,0,,,,,,"",""
ball,1,3.3,Bangladesh,Liton Das,Tanzid Hasan,Mohammed Siraj,0,0,,,,,,"",""
ball,1,3.4,Bangladesh,Liton Das,Tanzid Hasan,Mohammed Siraj,0,0,,,,,,"",""
ball,1,3.5,Bangladesh,Liton Das,Tanzid Hasan,Mohammed Siraj,0,0,,,,,,"",""
ball,1,3.6,Bangladesh,Liton Das,Tanzid Hasan,Mohammed Siraj,0,0,,,,,,"",""
ball,1,4.1,Bangladesh,Tanzid Hasan,Liton Das,JJ Bumrah,1,0,,,,,,"",""
ball,1,4.2,Bangladesh,Liton Das,Tanzid Hasan,JJ Bumrah,1,0,,,,,,"",""
ball,1,4.3,Bangladesh,Tanzid Hasan,Liton Das,JJ Bumrah,0,0,,,,,,"",""
ball,1,4.4,Bangladesh,Tanzid Hasan,Liton Das,JJ Bumrah,0,0,,,,,,"",""
ball,1,4.5,Bangladesh,Tanzid Hasan,Liton Das,JJ Bumrah,0,0,,,,,,"",""
ball,1,4.6,Bangladesh,Tanzid Hasan,Liton Das,JJ Bumrah,2,0,,,,,,"",""
ball,1,5.1,Bangladesh,Liton Das,Tanzid Hasan,Mohammed Siraj,0,0,,,,,,"",""
ball,1,5.2,Bangladesh,Liton Das,Tanzid Hasan,Mohammed Siraj,4,0,,,,,,"",""
ball,1,5.3,Bangladesh,Liton Das,Tanzid Hasan,Mohammed Siraj,0,0,,,,,,"",""
ball,1,5.4,Bangladesh,Liton Das,Tanzid Hasan,Mohammed Siraj,4,0,,,,,,"",""
ball,1,5.5,Bangladesh,Liton Das,Tanzid Hasan,Mohammed Siraj,0,0,,,,,,"",""
ball,1,5.6,Bangladesh,Liton Das,Tanzid Hasan,Mohammed Siraj,1,0,,,,,,"",""
ball,1,6.1,Bangladesh,Liton Das,Tanzid Hasan,JJ Bumrah,0,0,,,,,,"",""
ball,1,6.2,Bangladesh,Liton Das,Tanzid Hasan,JJ Bumrah,0,0,,,,,,"",""
ball,1,6.3,Bangladesh,Liton Das,Tanzid Hasan,JJ Bumrah,1,0,,,,,,"",""
ball,1,6.4,Bangladesh,Tanzid Hasan,Liton Das,JJ Bumrah,0,1,1,,,,,"",""
ball,1,6.5,Bangladesh,Tanzid Hasan,Liton Das,JJ Bumrah,0,0,,,,,,"",""
ball,1,6.6,Bangladesh,Tanzid Hasan,Liton Das,JJ Bumrah,0,0,,,,,,"",""
ball,1,6.7,Bangladesh,Tanzid Hasan,Liton Das,JJ Bumrah,6,0,,,,,,"",""
ball,1,7.1,Bangladesh,Liton Das,Tanzid Hasan,Mohammed Siraj,0,0,,,,,,"",""
ball,1,7.2,Bangladesh,Liton Das,Tanzid Hasan,Mohammed Siraj,1,0,,,,,,"",""
ball,1,7.3,Bangladesh,Tanzid Hasan,Liton Das,Mohammed Siraj,4,0,,,,,,"",""
ball,1,7.4,Bangladesh,Tanzid Hasan,Liton Das,Mohammed Siraj,0,1,1,,,,,"",""
ball,1,7.5,Bangladesh,Tanzid Hasan,Liton Das,Mohammed Siraj,0,0,,,,,,"",""
ball,1,7.6,Bangladesh,Tanzid Hasan,Liton Das,Mohammed Siraj,4,0,,,,,,"",""
ball,1,7.7,Bangladesh,Tanzid Hasan,Liton Das,Mohammed Siraj,0,0,,,,,,"",""
ball,1,8.1,Bangladesh,Liton Das,Tanzid Hasan,HH Pandya,0,0,,,,,,"",""
ball,1,8.2,Bangladesh,Liton Das,Tanzid Hasan,HH Pandya,4,0,,,,,,"",""
ball,1,8.3,Bangladesh,Liton Das,Tanzid Hasan,HH Pandya,4,0,,,,,,"",""
ball,1,8.4,Bangladesh,Liton Das,Tanzid Hasan,V Kohli,0,0,,,,,,"",""
ball,1,8.5,Bangladesh,Liton Das,Tanzid Hasan,V Kohli,1,0,,,,,,"",""
ball,1,8.6,Bangladesh,Tanzid Hasan,Liton Das,V Kohli,1,0,,,,,,"",""
ball,1,9.1,Bangladesh,Tanzid Hasan,Liton Das,SN Thakur,0,0,,,,,,"",""
ball,1,9.2,Bangladesh,Tanzid Hasan,Liton Das,SN Thakur,6,0,,,,,,"",""
ball,1,9.3,Bangladesh,Tanzid Hasan,Liton Das,SN Thakur,4,0,,,,,,"",""
ball,1,9.4,Bangladesh,Tanzid Hasan,Liton Das,SN Thakur,6,0,,,,,,"",""
ball,1,9.5,Bangladesh,Tanzid Hasan,Liton Das,SN Thakur,0,0,,,,,,"",""
ball,1,9.6,Bangladesh,Tanzid Hasan,Liton Das,SN Thakur,0,0,,,,,,"",""
ball,1,10.1,Bangladesh,Liton Das,Tanzid Hasan,Kuldeep Yadav,1,0,,,,,,"",""
ball,1,10.2,Bangladesh,Tanzid Hasan,Liton Das,Kuldeep Yadav,0,0,,,,,,"",""
ball,1,10.3,Bangladesh,Tanzid Hasan,Liton Das,Kuldeep Yadav,1,0,,,,,,"",""
ball,1,10.4,Bangladesh,Liton Das,Tanzid Hasan,Kuldeep Yadav,2,0,,,,,,"",""
ball,1,10.5,Bangladesh,Liton Das,Tanzid Hasan,Kuldeep Yadav,0,0,,,,,,"",""
ball,1,10.6,Bangladesh,Liton Das,Tanzid Hasan,Kuldeep Yadav,1,0,,,,,,"",""
ball,1,11.1,Bangladesh,Liton Das,Tanzid Hasan,SN Thakur,2,0,,,,,,"",""
ball,1,11.2,Bangladesh,Liton Das,Tanzid Hasan,SN Thakur,1,0,,,,,,"",""
ball,1,11.3,Bangladesh,Tanzid Hasan,Liton Das,SN Thakur,0,0,,,,,,"",""
ball,1,11.4,Bangladesh,Tanzid Hasan,Liton Das,SN Thakur,0,0,,,,,,"",""
ball,1,11.5,Bangladesh,Tanzid Hasan,Liton Das,SN Thakur,1,0,,,,,,"",""
ball,1,11.6,Bangladesh,Liton Das,Tanzid Hasan,SN Thakur,0,0,,,,,,"",""
ball,1,12.1,Bangladesh,Tanzid Hasan,Liton Das,Kuldeep Yadav,1,0,,,,,,"",""
ball,1,12.2,Bangladesh,Liton Das,Tanzid Hasan,Kuldeep Yadav,4,0,,,,,,"",""
ball,1,12.3,Bangladesh,Liton Das,Tanzid Hasan,Kuldeep Yadav,2,0,,,,,,"",""
ball,1,12.4,Bangladesh,Liton Das,Tanzid Hasan,Kuldeep Yadav,1,0,,,,,,"",""
ball,1,12.5,Bangladesh,Tanzid Hasan,Liton Das,Kuldeep Yadav,1,0,,,,,,"",""
ball,1,12.6,Bangladesh,Liton Das,Tanzid Hasan,Kuldeep Yadav,0,1,1,,,,,"",""
ball,1,12.7,Bangladesh,Liton Das,Tanzid Hasan,Kuldeep Yadav,0,0,,,,,,"",""
ball,1,13.1,Bangladesh,Tanzid Hasan,Liton Das,SN Thakur,1,0,,,,,,"",""
ball,1,13.2,Bangladesh,Liton Das,Tanzid Hasan,SN Thakur,1,0,,,,,,"",""
ball,1,13.3,Bangladesh,Tanzid Hasan,Liton Das,SN Thakur,0,0,,,,,,"",""
ball,1,13.4,Bangladesh,Tanzid Hasan,Liton Das,SN Thakur,4,0,,,,,,"",""
ball,1,13.5,Bangladesh,Tanzid Hasan,Liton Das,SN Thakur,1,0,,,,,,"",""
ball,1,13.6,Bangladesh,Liton Das,Tanzid Hasan,SN Thakur,1,0,,,,,,"",""
ball,1,14.1,Bangladesh,Liton Das,Tanzid Hasan,Kuldeep Yadav,1,0,,,,,,"",""
ball,1,14.2,Bangladesh,Tanzid Hasan,Liton Das,Kuldeep Yadav,1,0,,,,,,"",""
ball,1,14.3,Bangladesh,Liton Das,Tanzid Hasan,Kuldeep Yadav,1,0,,,,,,"",""
ball,1,14.4,Bangladesh,Tanzid Hasan,Liton Das,Kuldeep Yadav,0,0,,,,,,lbw,Tanzid Hasan
ball,1,14.5,Bangladesh,Nazmul Hossain Shanto,Liton Das,Kuldeep Yadav,0,0,,,,,,"",""
ball,1,14.6,Bangladesh,Nazmul Hossain Shanto,Liton Das,Kuldeep Yadav,1,0,,,,,,"",""
ball,1,15.1,Bangladesh,Nazmul Hossain Shanto,Liton Das,SN Thakur,0,0,,,,,,"",""
ball,1,15.2,Bangladesh,Nazmul Hossain Shanto,Liton Das,SN Thakur,0,0,,,,,,"",""
ball,1,15.3,Bangladesh,Nazmul Hossain Shanto,Liton Das,SN Thakur,0,0,,,,,,"",""
ball,1,15.4,Bangladesh,Nazmul Hossain Shanto,Liton Das,SN Thakur,1,0,,,,,,"",""
ball,1,15.5,Bangladesh,Liton Das,Nazmul Hossain Shanto,SN Thakur,0,0,,,,,,"",""
ball,1,15.6,Bangladesh,Liton Das,Nazmul Hossain Shanto,SN Thakur,1,0,,,,,,"",""
ball,1,16.1,Bangladesh,Liton Das,Nazmul Hossain Shanto,Kuldeep Yadav,1,0,,,,,,"",""
ball,1,16.2,Bangladesh,Nazmul Hossain Shanto,Liton Das,Kuldeep Yadav,0,0,,,,,,"",""
ball,1,16.3,Bangladesh,Nazmul Hossain Shanto,Liton Das,Kuldeep Yadav,0,0,,,,,,"",""
ball,1,16.4,Bangladesh,Nazmul Hossain Shanto,Liton Das,Kuldeep Yadav,0,0,,,,,,"",""
ball,1,16.5,Bangladesh,Nazmul Hossain Shanto,Liton Das,Kuldeep Yadav,0,0,,,,,,"",""
ball,1,16.6,Bangladesh,Nazmul Hossain Shanto,Liton Das,Kuldeep Yadav,1,0,,,,,,"",""
ball,1,17.1,Bangladesh,Nazmul Hossain Shanto,Liton Das,RA Jadeja,1,0,,,,,,"",""
ball,1,17.2,Bangladesh,Liton Das,Nazmul Hossain Shanto,RA Jadeja,1,0,,,,,,"",""
ball,1,17.3,Bangladesh,Nazmul Hossain Shanto,Liton Das,RA Jadeja,1,0,,,,,,"",""
ball,1,17.4,Bangladesh,Liton Das,Nazmul Hossain Shanto,RA Jadeja,0,0,,,,,,"",""
ball,1,17.5,Bangladesh,Liton Das,Nazmul Hossain Shanto,RA Jadeja,0,0,,,,,,"",""
ball,1,17.6,Bangladesh,Liton Das,Nazmul Hossain Shanto,RA Jadeja,2,0,,,,,,"",""
ball,1,18.1,Bangladesh,Nazmul Hossain Shanto,Liton Das,Kuldeep Yadav,1,0,,,,,,"",""
ball,1,18.2,Bangladesh,Liton Das,Nazmul Hossain Shanto,Kuldeep Yadav,1,0,,,,,,"",""
ball,1,18.3,Bangladesh,Nazmul Hossain Shanto,Liton Das,Kuldeep Yadav,1,0,,,,,,"",""
ball,1,18.4,Bangladesh,Liton Das,Nazmul Hossain Shanto,Kuldeep Yadav,0,0,,,,,,"",""
ball,1,18.5,Bangladesh,Liton Das,Nazmul Hossain Shanto,Kuldeep Yadav,0,0,,,,,,"",""
ball,1,18.6,Bangladesh,Liton Das,Nazmul Hossain Shanto,Kuldeep Yadav,1,0,,,,,,"",""
ball,1,19.1,Bangladesh,Liton Das,Nazmul Hossain Shanto,RA Jadeja,0,0,,,,,,"",""
ball,1,19.2,Bangladesh,Liton Das,Nazmul Hossain Shanto,RA Jadeja,0,0,,,,,,"",""
ball,1,19.3,Bangladesh,Liton Das,Nazmul Hossain Shanto,RA Jadeja,1,0,,,,,,"",""
ball,1,19.4,Bangladesh,Nazmul Hossain Shanto,Liton Das,RA Jadeja,1,0,,,,,,"",""
ball,1,19.5,Bangladesh,Liton Das,Nazmul Hossain Shanto,RA Jadeja,1,0,,,,,,"",""
ball,1,19.6,Bangladesh,Nazmul Hossain Shanto,Liton Das,RA Jadeja,0,0,,,,,,lbw,Nazmul Hossain Shanto
ball,1,20.1,Bangladesh,Liton Das,Mehedi Hasan Miraz,Kuldeep Yadav,1,0,,,,,,"",""
ball,1,20.2,Bangladesh,Mehedi Hasan Miraz,Liton Das,Kuldeep Yadav,0,0,,,,,,"",""
ball,1,20.3,Bangladesh,Mehedi Hasan Miraz,Liton Das,Kuldeep Yadav,0,0,,,,,,"",""
ball,1,20.4,Bangladesh,Mehedi Hasan Miraz,Liton Das,Kuldeep Yadav,1,0,,,,,,"",""
ball,1,20.5,Bangladesh,Liton Das,Mehedi Hasan Miraz,Kuldeep Yadav,1,0,,,,,,"",""
ball,1,20.6,Bangladesh,Mehedi Hasan Miraz,Liton Das,Kuldeep Yadav,0,0,,,,,,"",""
ball,1,21.1,Bangladesh,Liton Das,Mehedi Hasan Miraz,RA Jadeja,0,0,,,,,,"",""
ball,1,21.2,Bangladesh,Liton Das,Mehedi Hasan Miraz,RA Jadeja,0,0,,,,,,"",""
ball,1,21.3,Bangladesh,Liton Das,Mehedi Hasan Miraz,RA Jadeja,1,0,,,,,,"",""
ball,1,21.4,Bangladesh,Mehedi Hasan Miraz,Liton Das,RA Jadeja,0,0,,,,,,"",""
ball,1,21.5,Bangladesh,Mehedi Hasan Miraz,Liton Das,RA Jadeja,0,0,,,,,,"",""
ball,1,21.6,Bangladesh,Mehedi Hasan Miraz,Liton Das,RA Jadeja,0,0,,,,,,"",""
ball,1,22.1,Bangladesh,Liton Das,Mehedi Hasan Miraz,Mohammed Siraj,1,0,,,,,,"",""
ball,1,22.2,Bangladesh,Mehedi Hasan Miraz,Liton Das,Mohammed Siraj,0,0,,,,,,"",""
ball,1,22.3,Bangladesh,Mehedi Hasan Miraz,Liton Das,Mohammed Siraj,0,1,,,,1,,"",""
ball,1,22.4,Bangladesh,Liton Das,Mehedi Hasan Miraz,Mohammed Siraj,1,0,,,,,,"",""
ball,1,22.5,Bangladesh,Mehedi Hasan Miraz,Liton Das,Mohammed Siraj,0,0,,,,,,"",""
ball,1,22.6,Bangladesh,Mehedi Hasan Miraz,Liton Das,Mohammed Siraj,1,0,,,,,,"",""
ball,1,23.1,Bangladesh,Mehedi Hasan Miraz,Liton Das,RA Jadeja,1,0,,,,,,"",""
ball,1,23.2,Bangladesh,Liton Das,Mehedi Hasan Miraz,RA Jadeja,2,0,,,,,,"",""
ball,1,23.3,Bangladesh,Liton Das,Mehedi Hasan Miraz,RA Jadeja,4,0,,,,,,"",""
ball,1,23.4,Bangladesh,Liton Das,Mehedi Hasan Miraz,RA Jadeja,4,0,,,,,,"",""
ball,1,23.5,Bangladesh,Liton Das,Mehedi Hasan Miraz,RA Jadeja,0,0,,,,,,"",""
ball,1,23.6,Bangladesh,Liton Das,Mehedi Hasan Miraz,RA Jadeja,0,0,,,,,,"",""
ball,1,24.1,Bangladesh,Mehedi Hasan Miraz,Liton Das,Mohammed Siraj,0,0,,,,,,caught,Mehedi Hasan Miraz
ball,1,24.2,Bangladesh,Towhid Hridoy,Liton Das,Mohammed Siraj,1,0,,,,,,"",""
ball,1,24.3,Bangladesh,Liton Das,Towhid Hridoy,Mohammed Siraj,0,0,,,,,,"",""
ball,1,24.4,Bangladesh,Liton Das,Towhid Hridoy,Mohammed Siraj,1,0,,,,,,"",""
ball,1,24.5,Bangladesh,Towhid Hridoy,Liton Das,Mohammed Siraj,0,0,,,,,,"",""
ball,1,24.6,Bangladesh,Towhid Hridoy,Liton Das,Mohammed Siraj,0,0,,,,,,"",""
ball,1,25.1,Bangladesh,Liton Das,Towhid Hridoy,RA Jadeja,0,0,,,,,,"",""
ball,1,25.2,Bangladesh,Liton Das,Towhid Hridoy,RA Jadeja,0,0,,,,,,"",""
ball,1,25.3,Bangladesh,Liton Das,Towhid Hridoy,RA Jadeja,1,0,,,,,,"",""
ball,1,25.4,Bangladesh,Towhid Hridoy,Liton Das,RA Jadeja,1,0,,,,,,"",""
ball,1,25.5,Bangladesh,Liton Das,Towhid Hridoy,RA Jadeja,0,0,,,,,,"",""
ball,1,25.6,Bangladesh,Liton Das,Towhid Hridoy,RA Jadeja,0,0,,,,,,"",""
ball,1,26.1,Bangladesh,Towhid Hridoy,Liton Das,SN Thakur,1,0,,,,,,"",""
ball,1,26.2,Bangladesh,Liton Das,Towhid Hridoy,SN Thakur,0,0,,,,,,"",""
ball,1,26.3,Bangladesh,Liton Das,Towhid Hridoy,SN Thakur,1,0,,,,,,"",""
ball,1,26.4,Bangladesh,Towhid Hridoy,Liton Das,SN Thakur,0,0,,,,,,"",""
ball,1,26.5,Bangladesh,Towhid Hridoy,Liton Das,SN Thakur,0,0,,,,,,"",""
ball,1,26.6,Bangladesh,Towhid Hridoy,Liton Das,SN Thakur,1,0,,,,,,"",""
ball,1,27.1,Bangladesh,Towhid Hridoy,Liton Das,RA Jadeja,0,0,,,,,,"",""
ball,1,27.2,Bangladesh,Towhid Hridoy,Liton Das,RA Jadeja,0,0,,,,,,"",""
ball,1,27.3,Bangladesh,Towhid Hridoy,Liton Das,RA Jadeja,1,0,,,,,,"",""
ball,1,27.4,Bangladesh,Liton Das,Towhid Hridoy,RA Jadeja,0,0,,,,,,caught,Liton Das
ball,1,27.5,Bangladesh,Mushfiqur Rahim,Towhid Hridoy,RA Jadeja,1,0,,,,,,"",""
ball,1,27.6,Bangladesh,Towhid Hridoy,Mushfiqur Rahim,RA Jadeja,0,0,,,,,,"",""
ball,1,28.1,Bangladesh,Mushfiqur Rahim,Towhid Hridoy,SN Thakur,0,0,,,,,,"",""
ball,1,28.2,Bangladesh,Mushfiqur Rahim,Towhid Hridoy,SN Thakur,1,0,,,,,,"",""
ball,1,28.3,Bangladesh,Towhid Hridoy,Mushfiqur Rahim,SN Thakur,0,0,,,,,,"",""
ball,1,28.4,Bangladesh,Towhid Hridoy,Mushfiqur Rahim,SN Thakur,0,0,,,,,,"",""
ball,1,28.5,Bangladesh,Towhid Hridoy,Mushfiqur Rahim,SN Thakur,1,0,,,,,,"",""
ball,1,28.6,Bangladesh,Mushfiqur Rahim,Towhid Hridoy,SN Thakur,0,0,,,,,,"",""
ball,1,29.1,Bangladesh,Towhid Hridoy,Mushfiqur Rahim,RA Jadeja,0,0,,,,,,"",""
ball,1,29.2,Bangladesh,Towhid Hridoy,Mushfiqur Rahim,RA Jadeja,1,0,,,,,,"",""
ball,1,29.3,Bangladesh,Mushfiqur Rahim,Towhid Hridoy,RA Jadeja,0,0,,,,,,"",""
ball,1,29.4,Bangladesh,Mushfiqur Rahim,Towhid Hridoy,RA Jadeja,2,0,,,,,,"",""
ball,1,29.5,Bangladesh,Mushfiqur Rahim,Towhid Hridoy,RA Jadeja,0,0,,,,,,"",""
ball,1,29.6,Bangladesh,Mushfiqur Rahim,Towhid Hridoy,RA Jadeja,0,0,,,,,,"",""
ball,1,30.1,Bangladesh,Towhid Hridoy,Mushfiqur Rahim,SN Thakur,1,0,,,,,,"",""
ball,1,30.2,Bangladesh,Mushfiqur Rahim,Towhid Hridoy,SN Thakur,0,0,,,,,,"",""
ball,1,30.3,Bangladesh,Mushfiqur Rahim,Towhid Hridoy,SN Thakur,1,0,,,,,,"",""
ball,1,30.4,Bangladesh,Towhid Hridoy,Mushfiqur Rahim,SN Thakur,1,0,,,,,,"",""
ball,1,30.5,Bangladesh,Mushfiqur Rahim,Towhid Hridoy,SN Thakur,3,0,,,,,,"",""
ball,1,30.6,Bangladesh,Towhid Hridoy,Mushfiqur Rahim,SN Thakur,0,0,,,,,,"",""
ball,1,31.1,Bangladesh,Mushfiqur Rahim,Towhid Hridoy,RA Jadeja,6,0,,,,,,"",""
ball,1,31.2,Bangladesh,Mushfiqur Rahim,Towhid Hridoy,RA Jadeja,1,0,,,,,,"",""
ball,1,31.3,Bangladesh,Towhid Hridoy,Mushfiqur Rahim,RA Jadeja,0,0,,,,,,"",""
ball,1,31.4,Bangladesh,Towhid Hridoy,Mushfiqur Rahim,RA Jadeja,0,0,,,,,,"",""
ball,1,31.5,Bangladesh,Towhid Hridoy,Mushfiqur Rahim,RA Jadeja,0,0,,,,,,"",""
ball,1,31.6,Bangladesh,Towhid Hridoy,Mushfiqur Rahim,RA Jadeja,0,0,,,,,,"",""
ball,1,32.1,Bangladesh,Mushfiqur Rahim,Towhid Hridoy,Kuldeep Yadav,0,0,,,,,,"",""
ball,1,32.2,Bangladesh,Mushfiqur Rahim,Towhid Hridoy,Kuldeep Yadav,1,0,,,,,,"",""
ball,1,32.3,Bangladesh,Towhid Hridoy,Mushfiqur Rahim,Kuldeep Yadav,1,0,,,,,,"",""
ball,1,32.4,Bangladesh,Mushfiqur Rahim,Towhid Hridoy,Kuldeep Yadav,0,0,,,,,,"",""
ball,1,32.5,Bangladesh,Mushfiqur Rahim,Towhid Hridoy,Kuldeep Yadav,1,0,,,,,,"",""
ball,1,32.6,Bangladesh,Towhid Hridoy,Mushfiqur Rahim,Kuldeep Yadav,2,0,,,,,,"",""
ball,1,33.1,Bangladesh,Mushfiqur Rahim,Towhid Hridoy,JJ Bumrah,0,0,,,,,,"",""
ball,1,33.2,Bangladesh,Mushfiqur Rahim,Towhid Hridoy,JJ Bumrah,2,0,,,,,,"",""
ball,1,33.3,Bangladesh,Mushfiqur Rahim,Towhid Hridoy,JJ Bumrah,0,0,,,,,,"",""
ball,1,33.4,Bangladesh,Mushfiqur Rahim,Towhid Hridoy,JJ Bumrah,0,0,,,,,,"",""
ball,1,33.5,Bangladesh,Mushfiqur Rahim,Towhid Hridoy,JJ Bumrah,0,0,,,,,,"",""
ball,1,33.6,Bangladesh,Mushfiqur Rahim,Towhid Hridoy,JJ Bumrah,1,0,,,,,,"",""
ball,1,34.1,Bangladesh,Mushfiqur Rahim,Towhid Hridoy,Kuldeep Yadav,0,0,,,,,,"",""
ball,1,34.2,Bangladesh,Mushfiqur Rahim,Towhid Hridoy,Kuldeep Yadav,0,0,,,,,,"",""
ball,1,34.3,Bangladesh,Mushfiqur Rahim,Towhid Hridoy,Kuldeep Yadav,0,0,,,,,,"",""
ball,1,34.4,Bangladesh,Mushfiqur Rahim,Towhid Hridoy,Kuldeep Yadav,1,0,,,,,,"",""
ball,1,34.5,Bangladesh,Towhid Hridoy,Mushfiqur Rahim,Kuldeep Yadav,0,0,,,,,,"",""
ball,1,34.6,Bangladesh,Towhid Hridoy,Mushfiqur Rahim,Kuldeep Yadav,0,0,,,,,,"",""
ball,1,35.1,Bangladesh,Mushfiqur Rahim,Towhid Hridoy,JJ Bumrah,0,0,,,,,,"",""
ball,1,35.2,Bangladesh,Mushfiqur Rahim,Towhid Hridoy,JJ Bumrah,4,0,,,,,,"",""
ball,1,35.3,Bangladesh,Mushfiqur Rahim,Towhid Hridoy,JJ Bumrah,1,0,,,,,,"",""
ball,1,35.4,Bangladesh,Towhid Hridoy,Mushfiqur Rahim,JJ Bumrah,0,0,,,,,,"",""
ball,1,35.5,Bangladesh,Towhid Hridoy,Mushfiqur Rahim,JJ Bumrah,0,0,,,,,,"",""
ball,1,35.6,Bangladesh,Towhid Hridoy,Mushfiqur Rahim,JJ Bumrah,0,0,,,,,,"",""
ball,1,36.1,Bangladesh,Mushfiqur Rahim,Towhid Hridoy,Mohammed Siraj,1,0,,,,,,"",""
ball,1,36.2,Bangladesh,Towhid Hridoy,Mushfiqur Rahim,Mohammed Siraj,1,0,,,,,,"",""
ball,1,36.3,Bangladesh,Mushfiqur Rahim,Towhid Hridoy,Mohammed Siraj,1,0,,,,,,"",""
ball,1,36.4,Bangladesh,Towhid Hridoy,Mushfiqur Rahim,Mohammed Siraj,0,1,1,,,,,"",""
ball,1,36.5,Bangladesh,Towhid Hridoy,Mushfiqur Rahim,Mohammed Siraj,2,0,,,,,,"",""
ball,1,36.6,Bangladesh,Towhid Hridoy,Mushfiqur Rahim,Mohammed Siraj,1,0,,,,,,"",""
ball,1,36.7,Bangladesh,Mushfiqur Rahim,Towhid Hridoy,Mohammed Siraj,1,0,,,,,,"",""
ball,1,37.1,Bangladesh,Mushfiqur Rahim,Towhid Hridoy,SN Thakur,1,0,,,,,,"",""
ball,1,37.2,Bangladesh,Towhid Hridoy,Mushfiqur Rahim,SN Thakur,0,0,,,,,,caught,Towhid Hridoy
ball,1,37.3,Bangladesh,Mahmudullah,Mushfiqur Rahim,SN Thakur,1,0,,,,,,"",""
ball,1,37.4,Bangladesh,Mushfiqur Rahim,Mahmudullah,SN Thakur,1,0,,,,,,"",""
ball,1,37.5,Bangladesh,Mahmudullah,Mushfiqur Rahim,SN Thakur,0,0,,,,,,"",""
ball,1,37.6,Bangladesh,Mahmudullah,Mushfiqur Rahim,SN Thakur,0,0,,,,,,"",""
ball,1,38.1,Bangladesh,Mushfiqur Rahim,Mahmudullah,Mohammed Siraj,0,0,,,,,,"",""
ball,1,38.2,Bangladesh,Mushfiqur Rahim,Mahmudullah,Mohammed Siraj,1,0,,,,,,"",""
ball,1,38.3,Bangladesh,Mahmudullah,Mushfiqur Rahim,Mohammed Siraj,0,0,,,,,,"",""
ball,1,38.4,Bangladesh,Mahmudullah,Mushfiqur Rahim,Mohammed Siraj,0,0,,,,,,"",""
ball,1,38.5,Bangladesh,Mahmudullah,Mushfiqur Rahim,Mohammed Siraj,0,0,,,,,,"",""
ball,1,38.6,Bangladesh,Mahmudullah,Mushfiqur Rahim,Mohammed Siraj,4,0,,,,,,"",""
ball,1,39.1,Bangladesh,Mushfiqur Rahim,Mahmudullah,RA Jadeja,1,0,,,,,,"",""
ball,1,39.2,Bangladesh,Mahmudullah,Mushfiqur Rahim,RA Jadeja,1,0,,,,,,"",""
ball,1,39.3,Bangladesh,Mushfiqur Rahim,Mahmudullah,RA Jadeja,0,0,,,,,,"",""
ball,1,39.4,Bangladesh,Mushfiqur Rahim,Mahmudullah,RA Jadeja,1,0,,,,,,"",""
ball,1,39.5,Bangladesh,Mahmudullah,Mushfiqur Rahim,RA Jadeja,0,0,,,,,,"",""
ball,1,39.6,Bangladesh,Mahmudullah,Mushfiqur Rahim,RA Jadeja,0,0,,,,,,"",""
ball,1,40.1,Bangladesh,Mushfiqur Rahim,Mahmudullah,Kuldeep Yadav,1,0,,,,,,"",""
ball,1,40.2,Bangladesh,Mahmudullah,Mushfiqur Rahim,Kuldeep Yadav,0,0,,,,,,"",""
ball,1,40.3,Bangladesh,Mahmudullah,Mushfiqur Rahim,Kuldeep Yadav,6,0,,,,,,"",""
ball,1,40.4,Bangladesh,Mahmudullah,Mushfiqur Rahim,Kuldeep Yadav,0,0,,,,,,"",""
ball,1,40.5,Bangladesh,Mahmudullah,Mushfiqur Rahim,Kuldeep Yadav,1,0,,,,,,"",""
ball,1,40.6,Bangladesh,Mushfiqur Rahim,Mahmudullah,Kuldeep Yadav,1,0,,,,,,"",""
ball,1,41.1,Bangladesh,Mushfiqur Rahim,Mahmudullah,RA Jadeja,0,0,,,,,,"",""
ball,1,41.2,Bangladesh,Mushfiqur Rahim,Mahmudullah,RA Jadeja,1,0,,,,,,"",""
ball,1,41.3,Bangladesh,Mahmudullah,Mushfiqur Rahim,RA Jadeja,0,0,,,,,,"",""
ball,1,41.4,Bangladesh,Mahmudullah,Mushfiqur Rahim,RA Jadeja,0,0,,,,,,"",""
ball,1,41.5,Bangladesh,Mahmudullah,Mushfiqur Rahim,RA Jadeja,0,0,,,,,,"",""
ball,1,41.6,Bangladesh,Mahmudullah,Mushfiqur Rahim,RA Jadeja,0,0,,,,,,"",""
ball,1,42.1,Bangladesh,Mushfiqur Rahim,Mahmudullah,JJ Bumrah,1,0,,,,,,"",""
ball,1,42.2,Bangladesh,Mahmudullah,Mushfiqur Rahim,JJ Bumrah,1,0,,,,,,"",""
ball,1,42.3,Bangladesh,Mushfiqur Rahim,Mahmudullah,JJ Bumrah,0,0,,,,,,caught,Mushfiqur Rahim
ball,1,42.4,Bangladesh,Nasum Ahmed,Mahmudullah,JJ Bumrah,0,0,,,,,,"",""
ball,1,42.5,Bangladesh,Nasum Ahmed,Mahmudullah,JJ Bumrah,0,0,,,,,,"",""
ball,1,42.6,Bangladesh,Nasum Ahmed,Mahmudullah,JJ Bumrah,0,0,,,,,,"",""
ball,1,43.1,Bangladesh,Mahmudullah,Nasum Ahmed,Kuldeep Yadav,1,0,,,,,,"",""
ball,1,43.2,Bangladesh,Nasum Ahmed,Mahmudullah,Kuldeep Yadav,0,0,,,,,,"",""
ball,1,43.3,Bangladesh,Nasum Ahmed,Mahmudullah,Kuldeep Yadav,0,0,,,,,,"",""
ball,1,43.4,Bangladesh,Nasum Ahmed,Mahmudullah,Kuldeep Yadav,1,0,,,,,,"",""
ball,1,43.5,Bangladesh,Mahmudullah,Nasum Ahmed,Kuldeep Yadav,1,0,,,,,,"",""
ball,1,43.6,Bangladesh,Nasum Ahmed,Mahmudullah,Kuldeep Yadav,1,0,,,,,,"",""
ball,1,44.1,Bangladesh,Nasum Ahmed,Mahmudullah,JJ Bumrah,0,0,,,,,,"",""
ball,1,44.2,Bangladesh,Nasum Ahmed,Mahmudullah,JJ Bumrah,1,0,,,,,,"",""
ball,1,44.3,Bangladesh,Mahmudullah,Nasum Ahmed,JJ Bumrah,1,0,,,,,,"",""
ball,1,44.4,Bangladesh,Nasum Ahmed,Mahmudullah,JJ Bumrah,0,0,,,,,,"",""
ball,1,44.5,Bangladesh,Nasum Ahmed,Mahmudullah,JJ Bumrah,1,0,,,,,,"",""
ball,1,44.6,Bangladesh,Mahmudullah,Nasum Ahmed,JJ Bumrah,2,0,,,,,,"",""
ball,1,45.1,Bangladesh,Nasum Ahmed,Mahmudullah,SN Thakur,1,0,,,,,,"",""
ball,1,45.2,Bangladesh,Mahmudullah,Nasum Ahmed,SN Thakur,2,0,,,,,,"",""
ball,1,45.3,Bangladesh,Mahmudullah,Nasum Ahmed,SN Thakur,4,0,,,,,,"",""
ball,1,45.4,Bangladesh,Mahmudullah,Nasum Ahmed,SN Thakur,6,0,,,,,,"",""
ball,1,45.5,Bangladesh,Mahmudullah,Nasum Ahmed,SN Thakur,1,0,,,,,,"",""
ball,1,45.6,Bangladesh,Nasum Ahmed,Mahmudullah,SN Thakur,1,0,,,,,,"",""
ball,1,46.1,Bangladesh,Nasum Ahmed,Mahmudullah,Mohammed Siraj,4,0,,,,,,"",""
ball,1,46.2,Bangladesh,Nasum Ahmed,Mahmudullah,Mohammed Siraj,0,0,,,,,,"",""
ball,1,46.3,Bangladesh,Nasum Ahmed,Mahmudullah,Mohammed Siraj,0,0,,,,,,"",""
ball,1,46.4,Bangladesh,Nasum Ahmed,Mahmudullah,Mohammed Siraj,4,0,,,,,,"",""
ball,1,46.5,Bangladesh,Nasum Ahmed,Mahmudullah,Mohammed Siraj,0,0,,,,,,caught,Nasum Ahmed
ball,1,46.6,Bangladesh,Mustafizur Rahman,Mahmudullah,Mohammed Siraj,0,0,,,,,,"",""
ball,1,47.1,Bangladesh,Mahmudullah,Mustafizur Rahman,JJ Bumrah,0,0,,,,,,"",""
ball,1,47.2,Bangladesh,Mahmudullah,Mustafizur Rahman,JJ Bumrah,4,0,,,,,,"",""
ball,1,47.3,Bangladesh,Mahmudullah,Mustafizur Rahman,JJ Bumrah,1,0,,,,,,"",""
ball,1,47.4,Bangladesh,Mustafizur Rahman,Mahmudullah,JJ Bumrah,0,0,,,,,,"",""
ball,1,47.5,Bangladesh,Mustafizur Rahman,Mahmudullah,JJ Bumrah,0,0,,,,,,"",""
ball,1,47.6,Bangladesh,Mustafizur Rahman,Mahmudullah,JJ Bumrah,0,0,,,,,,"",""
ball,1,48.1,Bangladesh,Mahmudullah,Mustafizur Rahman,Mohammed Siraj,2,0,,,,,,"",""
ball,1,48.2,Bangladesh,Mahmudullah,Mustafizur Rahman,Mohammed Siraj,0,0,,,,,,"",""
ball,1,48.3,Bangladesh,Mahmudullah,Mustafizur Rahman,Mohammed Siraj,6,0,,,,,,"",""
ball,1,48.4,Bangladesh,Mahmudullah,Mustafizur Rahman,Mohammed Siraj,0,1,1,,,,,"",""
ball,1,48.5,Bangladesh,Mahmudullah,Mustafizur Rahman,Mohammed Siraj,1,0,,,,,,"",""
ball,1,48.6,Bangladesh,Mustafizur Rahman,Mahmudullah,Mohammed Siraj,0,0,,,,,,"",""
ball,1,48.7,Bangladesh,Mustafizur Rahman,Mahmudullah,Mohammed Siraj,0,0,,,,,,"",""
ball,1,49.1,Bangladesh,Mahmudullah,Mustafizur Rahman,JJ Bumrah,0,0,,,,,,"",""
ball,1,49.2,Bangladesh,Mahmudullah,Mustafizur Rahman,JJ Bumrah,0,0,,,,,,bowled,Mahmudullah
ball,1,49.3,Bangladesh,Shoriful Islam,Mustafizur Rahman,JJ Bumrah,1,0,,,,,,"",""
ball,1,49.4,Bangladesh,Mustafizur Rahman,Shoriful Islam,JJ Bumrah,1,0,,,,,,"",""
ball,1,49.5,Bangladesh,Shoriful Islam,Mustafizur Rahman,JJ Bumrah,0,0,,,,,,"",""
ball,1,49.6,Bangladesh,Shoriful Islam,Mustafizur Rahman,JJ Bumrah,6,0,,,,,,"",""
ball,2,0.1,India,RG Sharma,Shubman Gill,Shoriful Islam,0,0,,,,,,"",""
ball,2,0.2,India,RG Sharma,Shubman Gill,Shoriful Islam,4,0,,,,,,"",""
ball,2,0.3,India,RG Sharma,Shubman Gill,Shoriful Islam,0,0,,,,,,"",""
ball,2,0.4,India,RG Sharma,Shubman Gill,Shoriful Islam,0,0,,,,,,"",""
ball,2,0.5,India,RG Sharma,Shubman Gill,Shoriful Islam,4,0,,,,,,"",""
ball,2,0.6,India,RG Sharma,Shubman Gill,Shoriful Islam,0,0,,,,,,"",""
ball,2,1.1,India,Shubman Gill,RG Sharma,Mustafizur Rahman,4,0,,,,,,"",""
ball,2,1.2,India,Shubman Gill,RG Sharma,Mustafizur Rahman,1,0,,,,,,"",""
ball,2,1.3,India,RG Sharma,Shubman Gill,Mustafizur Rahman,1,0,,,,,,"",""
ball,2,1.4,India,Shubman Gill,RG Sharma,Mustafizur Rahman,0,0,,,,,,"",""
ball,2,1.5,India,Shubman Gill,RG Sharma,Mustafizur Rahman,0,0,,,,,,"",""
ball,2,1.6,India,Shubman Gill,RG Sharma,Mustafizur Rahman,0,0,,,,,,"",""
ball,2,2.1,India,RG Sharma,Shubman Gill,Shoriful Islam,0,0,,,,,,"",""
ball,2,2.2,India,RG Sharma,Shubman Gill,Shoriful Islam,4,0,,,,,,"",""
ball,2,2.3,India,RG Sharma,Shubman Gill,Shoriful Islam,0,0,,,,,,"",""
ball,2,2.4,India,RG Sharma,Shubman Gill,Shoriful Islam,0,0,,,,,,"",""
ball,2,2.5,India,RG Sharma,Shubman Gill,Shoriful Islam,6,0,,,,,,"",""
ball,2,2.6,India,RG Sharma,Shubman Gill,Shoriful Islam,2,0,,,,,,"",""
ball,2,3.1,India,Shubman Gill,RG Sharma,Nasum Ahmed,0,0,,,,,,"",""
ball,2,3.2,India,Shubman Gill,RG Sharma,Nasum Ahmed,0,0,,,,,,"",""
ball,2,3.3,India,Shubman Gill,RG Sharma,Nasum Ahmed,1,0,,,,,,"",""
ball,2,3.4,India,RG Sharma,Shubman Gill,Nasum Ahmed,1,0,,,,,,"",""
ball,2,3.5,India,Shubman Gill,RG Sharma,Nasum Ahmed,0,0,,,,,,"",""
ball,2,3.6,India,Shubman Gill,RG Sharma,Nasum Ahmed,0,0,,,,,,"",""
ball,2,4.1,India,RG Sharma,Shubman Gill,Shoriful Islam,0,0,,,,,,"",""
ball,2,4.2,India,RG Sharma,Shubman Gill,Shoriful Islam,4,0,,,,,,"",""
ball,2,4.3,India,RG Sharma,Shubman Gill,Shoriful Islam,0,0,,,,,,"",""
ball,2,4.4,India,RG Sharma,Shubman Gill,Shoriful Islam,1,0,,,,,,"",""
ball,2,4.5,India,Shubman Gill,RG Sharma,Shoriful Islam,0,0,,,,,,"",""
ball,2,4.6,India,Shubman Gill,RG Sharma,Shoriful Islam,0,0,,,,,,"",""
ball,2,5.1,India,RG Sharma,Shubman Gill,Nasum Ahmed,4,0,,,,,,"",""
ball,2,5.2,India,RG Sharma,Shubman Gill,Nasum Ahmed,0,0,,,,,,"",""
ball,2,5.3,India,RG Sharma,Shubman Gill,Nasum Ahmed,0,0,,,,,,"",""
ball,2,5.4,India,RG Sharma,Shubman Gill,Nasum Ahmed,0,0,,,,,,"",""
ball,2,5.5,India,RG Sharma,Shubman Gill,Nasum Ahmed,0,0,,,,,,"",""
ball,2,5.6,India,RG Sharma,Shubman Gill,Nasum Ahmed,0,0,,,,,,"",""
ball,2,6.1,India,Shubman Gill,RG Sharma,Hasan Mahmud,0,0,,,,,,"",""
ball,2,6.2,India,Shubman Gill,RG Sharma,Hasan Mahmud,4,0,,,,,,"",""
ball,2,6.3,India,Shubman Gill,RG Sharma,Hasan Mahmud,2,0,,,,,,"",""
ball,2,6.4,India,Shubman Gill,RG Sharma,Hasan Mahmud,0,0,,,,,,"",""
ball,2,6.5,India,Shubman Gill,RG Sharma,Hasan Mahmud,0,0,,,,,,"",""
ball,2,6.6,India,Shubman Gill,RG Sharma,Hasan Mahmud,0,0,,,,,,"",""
ball,2,7.1,India,RG Sharma,Shubman Gill,Nasum Ahmed,4,0,,,,,,"",""
ball,2,7.2,India,RG Sharma,Shubman Gill,Nasum Ahmed,0,0,,,,,,"",""
ball,2,7.3,India,RG Sharma,Shubman Gill,Nasum Ahmed,0,0,,,,,,"",""
ball,2,7.4,India,RG Sharma,Shubman Gill,Nasum Ahmed,0,0,,,,,,"",""
ball,2,7.5,India,RG Sharma,Shubman Gill,Nasum Ahmed,0,0,,,,,,"",""
ball,2,7.6,India,RG Sharma,Shubman Gill,Nasum Ahmed,1,0,,,,,,"",""
ball,2,8.1,India,RG Sharma,Shubman Gill,Hasan Mahmud,0,0,,,,,,"",""
ball,2,8.2,India,RG Sharma,Shubman Gill,Hasan Mahmud,0,0,,,,,,"",""
ball,2,8.3,India,RG Sharma,Shubman Gill,Hasan Mahmud,1,0,,,,,,"",""
ball,2,8.4,India,Shubman Gill,RG Sharma,Hasan Mahmud,0,0,,,,,,"",""
ball,2,8.5,India,Shubman Gill,RG Sharma,Hasan Mahmud,0,0,,,,,,"",""
ball,2,8.6,India,Shubman Gill,RG Sharma,Hasan Mahmud,1,0,,,,,,"",""
ball,2,9.1,India,Shubman Gill,RG Sharma,Nasum Ahmed,0,0,,,,,,"",""
ball,2,9.2,India,Shubman Gill,RG Sharma,Nasum Ahmed,6,0,,,,,,"",""
ball,2,9.3,India,Shubman Gill,RG Sharma,Nasum Ahmed,0,0,,,,,,"",""
ball,2,9.4,India,Shubman Gill,RG Sharma,Nasum Ahmed,6,0,,,,,,"",""
ball,2,9.5,India,Shubman Gill,RG Sharma,Nasum Ahmed,0,0,,,,,,"",""
ball,2,9.6,India,Shubman Gill,RG Sharma,Nasum Ahmed,1,0,,,,,,"",""
ball,2,10.1,India,Shubman Gill,RG Sharma,Hasan Mahmud,0,0,,,,,,"",""
ball,2,10.2,India,Shubman Gill,RG Sharma,Hasan Mahmud,1,0,,,,,,"",""
ball,2,10.3,India,RG Sharma,Shubman Gill,Hasan Mahmud,0,0,,,,,,"",""
ball,2,10.4,India,RG Sharma,Shubman Gill,Hasan Mahmud,0,0,,,,,,"",""
ball,2,10.5,India,RG Sharma,Shubman Gill,Hasan Mahmud,4,0,,,,,,"",""
ball,2,10.6,India,RG Sharma,Shubman Gill,Hasan Mahmud,0,0,,,,,,"",""
ball,2,11.1,India,Shubman Gill,RG Sharma,Mustafizur Rahman,0,0,,,,,,"",""
ball,2,11.2,India,Shubman Gill,RG Sharma,Mustafizur Rahman,4,0,,,,,,"",""
ball,2,11.3,India,Shubman Gill,RG Sharma,Mustafizur Rahman,0,0,,,,,,"",""
ball,2,11.4,India,Shubman Gill,RG Sharma,Mustafizur Rahman,4,0,,,,,,"",""
ball,2,11.5,India,Shubman Gill,RG Sharma,Mustafizur Rahman,4,0,,,,,,"",""
ball,2,11.6,India,Shubman Gill,RG Sharma,Mustafizur Rahman,0,0,,,,,,"",""
ball,2,12.1,India,RG Sharma,Shubman Gill,Hasan Mahmud,1,0,,,,,,"",""
ball,2,12.2,India,Shubman Gill,RG Sharma,Hasan Mahmud,1,0,,,,,,"",""
ball,2,12.3,India,RG Sharma,Shubman Gill,Hasan Mahmud,6,0,,,,,,"",""
ball,2,12.4,India,RG Sharma,Shubman Gill,Hasan Mahmud,0,0,,,,,,caught,RG Sharma
ball,2,12.5,India,V Kohli,Shubman Gill,Hasan Mahmud,2,1,,1,,,,"",""
ball,2,12.6,India,V Kohli,Shubman Gill,Hasan Mahmud,4,1,,1,,,,"",""
ball,2,12.7,India,V Kohli,Shubman Gill,Hasan Mahmud,6,0,,,,,,"",""
ball,2,12.8,India,V Kohli,Shubman Gill,Hasan Mahmud,1,0,,,,,,"",""
ball,2,13.1,India,V Kohli,Shubman Gill,Mustafizur Rahman,1,0,,,,,,"",""
ball,2,13.2,India,Shubman Gill,V Kohli,Mustafizur Rahman,0,0,,,,,,"",""
ball,2,13.3,India,Shubman Gill,V Kohli,Mustafizur Rahman,1,0,,,,,,"",""
ball,2,13.4,India,V Kohli,Shubman Gill,Mustafizur Rahman,0,0,,,,,,"",""
ball,2,13.5,India,V Kohli,Shubman Gill,Mustafizur Rahman,0,0,,,,,,"",""
ball,2,13.6,India,V Kohli,Shubman Gill,Mustafizur Rahman,1,0,,,,,,"",""
ball,2,14.1,India,V Kohli,Shubman Gill,Nasum Ahmed,4,0,,,,,,"",""
ball,2,14.2,India,V Kohli,Shubman Gill,Nasum Ahmed,0,0,,,,,,"",""
ball,2,14.3,India,V Kohli,Shubman Gill,Nasum Ahmed,1,0,,,,,,"",""
ball,2,14.4,India,Shubman Gill,V Kohli,Nasum Ahmed,0,0,,,,,,"",""
ball,2,14.5,India,Shubman Gill,V Kohli,Nasum Ahmed,0,0,,,,,,"",""
ball,2,14.6,India,Shubman Gill,V Kohli,Nasum Ahmed,0,0,,,,,,"",""
ball,2,15.1,India,V Kohli,Shubman Gill,Mustafizur Rahman,0,0,,,,,,"",""
ball,2,15.2,India,V Kohli,Shubman Gill,Mustafizur Rahman,0,0,,,,,,"",""
ball,2,15.3,India,V Kohli,Shubman Gill,Mustafizur Rahman,1,0,,,,,,"",""
ball,2,15.4,India,Shubman Gill,V Kohli,Mustafizur Rahman,0,0,,,,,,"",""
ball,2,15.5,India,Shubman Gill,V Kohli,Mustafizur Rahman,2,0,,,,,,"",""
ball,2,15.6,India,Shubman Gill,V Kohli,Mustafizur Rahman,1,0,,,,,,"",""
ball,2,16.1,India,Shubman Gill,V Kohli,Nasum Ahmed,1,0,,,,,,"",""
ball,2,16.2,India,V Kohli,Shubman Gill,Nasum Ahmed,1,0,,,,,,"",""
ball,2,16.3,India,Shubman Gill,V Kohli,Nasum Ahmed,1,0,,,,,,"",""
ball,2,16.4,India,V Kohli,Shubman Gill,Nasum Ahmed,2,0,,,,,,"",""
ball,2,16.5,India,V Kohli,Shubman Gill,Nasum Ahmed,1,0,,,,,,"",""
ball,2,16.6,India,Shubman Gill,V Kohli,Nasum Ahmed,1,0,,,,,,"",""
ball,2,17.1,India,Shubman Gill,V Kohli,Mehedi Hasan Miraz,0,0,,,,,,"",""
ball,2,17.2,India,Shubman Gill,V Kohli,Mehedi Hasan Miraz,1,0,,,,,,"",""
ball,2,17.3,India,V Kohli,Shubman Gill,Mehedi Hasan Miraz,1,0,,,,,,"",""
ball,2,17.4,India,Shubman Gill,V Kohli,Mehedi Hasan Miraz,0,0,,,,,,"",""
ball,2,17.5,India,Shubman Gill,V Kohli,Mehedi Hasan Miraz,1,0,,,,,,"",""
ball,2,17.6,India,V Kohli,Shubman Gill,Mehedi Hasan Miraz,0,0,,,,,,"",""
ball,2,18.1,India,Shubman Gill,V Kohli,Shoriful Islam,1,0,,,,,,"",""
ball,2,18.2,India,V Kohli,Shubman Gill,Shoriful Islam,2,0,,,,,,"",""
ball,2,18.3,India,V Kohli,Shubman Gill,Shoriful Islam,0,0,,,,,,"",""
ball,2,18.4,India,V Kohli,Shubman Gill,Shoriful Islam,1,0,,,,,,"",""
ball,2,18.5,India,Shubman Gill,V Kohli,Shoriful Islam,1,0,,,,,,"",""
ball,2,18.6,India,V Kohli,Shubman Gill,Shoriful Islam,0,0,,,,,,"",""
ball,2,19.1,India,Shubman Gill,V Kohli,Mehedi Hasan Miraz,2,0,,,,,,"",""
ball,2,19.2,India,Shubman Gill,V Kohli,Mehedi Hasan Miraz,0,0,,,,,,caught,Shubman Gill
ball,2,19.3,India,SS Iyer,V Kohli,Mehedi Hasan Miraz,1,0,,,,,,"",""
ball,2,19.4,India,V Kohli,SS Iyer,Mehedi Hasan Miraz,4,0,,,,,,"",""
ball,2,19.5,India,V Kohli,SS Iyer,Mehedi Hasan Miraz,1,0,,,,,,"",""
ball,2,19.6,India,SS Iyer,V Kohli,Mehedi Hasan Miraz,4,0,,,,,,"",""
ball,2,20.1,India,V Kohli,SS Iyer,Shoriful Islam,0,0,,,,,,"",""
ball,2,20.2,India,V Kohli,SS Iyer,Shoriful Islam,0,0,,,,,,"",""
ball,2,20.3,India,V Kohli,SS Iyer,Shoriful Islam,1,0,,,,,,"",""
ball,2,20.4,India,SS Iyer,V Kohli,Shoriful Islam,0,0,,,,,,"",""
ball,2,20.5,India,SS Iyer,V Kohli,Shoriful Islam,0,0,,,,,,"",""
ball,2,20.6,India,SS Iyer,V Kohli,Shoriful Islam,0,0,,,,,,"",""
ball,2,21.1,India,V Kohli,SS Iyer,Mehedi Hasan Miraz,1,0,,,,,,"",""
ball,2,21.2,India,SS Iyer,V Kohli,Mehedi Hasan Miraz,0,0,,,,,,"",""
ball,2,21.3,India,SS Iyer,V Kohli,Mehedi Hasan Miraz,1,0,,,,,,"",""
ball,2,21.4,India,V Kohli,SS Iyer,Mehedi Hasan Miraz,0,0,,,,,,"",""
ball,2,21.5,India,V Kohli,SS Iyer,Mehedi Hasan Miraz,0,0,,,,,,"",""
ball,2,21.6,India,V Kohli,SS Iyer,Mehedi Hasan Miraz,1,0,,,,,,"",""
ball,2,22.1,India,V Kohli,SS Iyer,Shoriful Islam,0,0,,,,,,"",""
ball,2,22.2,India,V Kohli,SS Iyer,Shoriful Islam,1,0,,,,,,"",""
ball,2,22.3,India,SS Iyer,V Kohli,Shoriful Islam,2,0,,,,,,"",""
ball,2,22.4,India,SS Iyer,V Kohli,Shoriful Islam,1,0,,,,,,"",""
ball,2,22.5,India,V Kohli,SS Iyer,Shoriful Islam,0,0,,,,,,"",""
ball,2,22.6,India,V Kohli,SS Iyer,Shoriful Islam,0,0,,,,,,"",""
ball,2,23.1,India,SS Iyer,V Kohli,Mehedi Hasan Miraz,0,0,,,,,,"",""
ball,2,23.2,India,SS Iyer,V Kohli,Mehedi Hasan Miraz,1,0,,,,,,"",""
ball,2,23.3,India,V Kohli,SS Iyer,Mehedi Hasan Miraz,1,0,,,,,,"",""
ball,2,23.4,India,SS Iyer,V Kohli,Mehedi Hasan Miraz,1,0,,,,,,"",""
ball,2,23.5,India,V Kohli,SS Iyer,Mehedi Hasan Miraz,0,0,,,,,,"",""
ball,2,23.6,India,V Kohli,SS Iyer,Mehedi Hasan Miraz,1,0,,,,,,"",""
ball,2,24.1,India,V Kohli,SS Iyer,Hasan Mahmud,0,0,,,,,,"",""
ball,2,24.2,India,V Kohli,SS Iyer,Hasan Mahmud,1,0,,,,,,"",""
ball,2,24.3,India,SS Iyer,V Kohli,Hasan Mahmud,1,0,,,,,,"",""
ball,2,24.4,India,V Kohli,SS Iyer,Hasan Mahmud,1,0,,,,,,"",""
ball,2,24.5,India,SS Iyer,V Kohli,Hasan Mahmud,0,0,,,,,,"",""
ball,2,24.6,India,SS Iyer,V Kohli,Hasan Mahmud,4,0,,,,,,"",""
ball,2,25.1,India,V Kohli,SS Iyer,Mehedi Hasan Miraz,0,0,,,,,,"",""
ball,2,25.2,India,V Kohli,SS Iyer,Mehedi Hasan Miraz,1,0,,,,,,"",""
ball,2,25.3,India,SS Iyer,V Kohli,Mehedi Hasan Miraz,1,0,,,,,,"",""
ball,2,25.4,India,V Kohli,SS Iyer,Mehedi Hasan Miraz,1,0,,,,,,"",""
ball,2,25.5,India,SS Iyer,V Kohli,Mehedi Hasan Miraz,0,0,,,,,,"",""
ball,2,25.6,India,SS Iyer,V Kohli,Mehedi Hasan Miraz,0,0,,,,,,"",""
ball,2,26.1,India,V Kohli,SS Iyer,Hasan Mahmud,1,0,,,,,,"",""
ball,2,26.2,India,SS Iyer,V Kohli,Hasan Mahmud,0,0,,,,,,"",""
ball,2,26.3,India,SS Iyer,V Kohli,Hasan Mahmud,0,0,,,,,,"",""
ball,2,26.4,India,SS Iyer,V Kohli,Hasan Mahmud,1,0,,,,,,"",""
ball,2,26.5,India,V Kohli,SS Iyer,Hasan Mahmud,4,0,,,,,,"",""
ball,2,26.6,India,V Kohli,SS Iyer,Hasan Mahmud,1,0,,,,,,"",""
ball,2,27.1,India,V Kohli,SS Iyer,Nasum Ahmed,0,0,,,,,,"",""
ball,2,27.2,India,V Kohli,SS Iyer,Nasum Ahmed,1,0,,,,,,"",""
ball,2,27.3,India,SS Iyer,V Kohli,Nasum Ahmed,0,0,,,,,,"",""
ball,2,27.4,India,SS Iyer,V Kohli,Nasum Ahmed,1,0,,,,,,"",""
ball,2,27.5,India,V Kohli,SS Iyer,Nasum Ahmed,1,0,,,,,,"",""
ball,2,27.6,India,SS Iyer,V Kohli,Nasum Ahmed,0,0,,,,,,"",""
ball,2,28.1,India,V Kohli,SS Iyer,Mustafizur Rahman,0,0,,,,,,"",""
ball,2,28.2,India,V Kohli,SS Iyer,Mustafizur Rahman,0,0,,,,,,"",""
ball,2,28.3,India,V Kohli,SS Iyer,Mustafizur Rahman,0,0,,,,,,"",""
ball,2,28.4,India,V Kohli,SS Iyer,Mustafizur Rahman,0,0,,,,,,"",""
ball,2,28.5,India,V Kohli,SS Iyer,Mustafizur Rahman,0,0,,,,,,"",""
ball,2,28.6,India,V Kohli,SS Iyer,Mustafizur Rahman,4,0,,,,,,"",""
ball,2,29.1,India,SS Iyer,V Kohli,Mehedi Hasan Miraz,0,0,,,,,,caught,SS Iyer
ball,2,29.2,India,KL Rahul,V Kohli,Mehedi Hasan Miraz,0,0,,,,,,"",""
ball,2,29.3,India,KL Rahul,V Kohli,Mehedi Hasan Miraz,0,0,,,,,,"",""
ball,2,29.4,India,KL Rahul,V Kohli,Mehedi Hasan Miraz,4,0,,,,,,"",""
ball,2,29.5,India,KL Rahul,V Kohli,Mehedi Hasan Miraz,1,0,,,,,,"",""
ball,2,29.6,India,V Kohli,KL Rahul,Mehedi Hasan Miraz,1,0,,,,,,"",""
ball,2,30.1,India,V Kohli,KL Rahul,Nasum Ahmed,1,0,,,,,,"",""
ball,2,30.2,India,KL Rahul,V Kohli,Nasum Ahmed,0,0,,,,,,"",""
ball,2,30.3,India,KL Rahul,V Kohli,Nasum Ahmed,0,0,,,,,,"",""
ball,2,30.4,India,KL Rahul,V Kohli,Nasum Ahmed,1,0,,,,,,"",""
ball,2,30.5,India,V Kohli,KL Rahul,Nasum Ahmed,1,0,,,,,,"",""
ball,2,30.6,India,KL Rahul,V Kohli,Nasum Ahmed,1,0,,,,,,"",""
ball,2,31.1,India,KL Rahul,V Kohli,Mehedi Hasan Miraz,0,0,,,,,,"",""
ball,2,31.2,India,KL Rahul,V Kohli,Mehedi Hasan Miraz,0,1,1,,,,,"",""
ball,2,31.3,India,KL Rahul,V Kohli,Mehedi Hasan Miraz,0,0,,,,,,"",""
ball,2,31.4,India,KL Rahul,V Kohli,Mehedi Hasan Miraz,1,0,,,,,,"",""
ball,2,31.5,India,V Kohli,KL Rahul,Mehedi Hasan Miraz,0,0,,,,,,"",""
ball,2,31.6,India,V Kohli,KL Rahul,Mehedi Hasan Miraz,1,0,,,,,,"",""
ball,2,31.7,India,KL Rahul,V Kohli,Mehedi Hasan Miraz,1,0,,,,,,"",""
ball,2,32.1,India,KL Rahul,V Kohli,Mahmudullah,1,0,,,,,,"",""
ball,2,32.2,India,V Kohli,KL Rahul,Mahmudullah,1,0,,,,,,"",""
ball,2,32.3,India,KL Rahul,V Kohli,Mahmudullah,1,0,,,,,,"",""
ball,2,32.4,India,V Kohli,KL Rahul,Mahmudullah,1,0,,,,,,"",""
ball,2,32.5,India,KL Rahul,V Kohli,Mahmudullah,1,0,,,,,,"",""
ball,2,32.6,India,V Kohli,KL Rahul,Mahmudullah,1,0,,,,,,"",""
ball,2,33.1,India,V Kohli,KL Rahul,Mehedi Hasan Miraz,0,0,,,,,,"",""
ball,2,33.2,India,V Kohli,KL Rahul,Mehedi Hasan Miraz,1,0,,,,,,"",""
ball,2,33.3,India,KL Rahul,V Kohli,Mehedi Hasan Miraz,1,0,,,,,,"",""
ball,2,33.4,India,V Kohli,KL Rahul,Mehedi Hasan Miraz,1,0,,,,,,"",""
ball,2,33.5,India,KL Rahul,V Kohli,Mehedi Hasan Miraz,0,0,,,,,,"",""
ball,2,33.6,India,KL Rahul,V Kohli,Mehedi Hasan Miraz,0,0,,,,,,"",""
ball,2,34.1,India,V Kohli,KL Rahul,Shoriful Islam,1,0,,,,,,"",""
ball,2,34.2,India,KL Rahul,V Kohli,Shoriful Islam,0,0,,,,,,"",""
ball,2,34.3,India,KL Rahul,V Kohli,Shoriful Islam,0,0,,,,,,"",""
ball,2,34.4,India,KL Rahul,V Kohli,Shoriful Islam,4,0,,,,,,"",""
ball,2,34.5,India,KL Rahul,V Kohli,Shoriful Islam,0,0,,,,,,"",""
ball,2,34.6,India,KL Rahul,V Kohli,Shoriful Islam,0,0,,,,,,"",""
ball,2,35.1,India,V Kohli,KL Rahul,Mehedi Hasan Miraz,0,0,,,,,,"",""
ball,2,35.2,India,V Kohli,KL Rahul,Mehedi Hasan Miraz,1,0,,,,,,"",""
ball,2,35.3,India,KL Rahul,V Kohli,Mehedi Hasan Miraz,0,0,,,,,,"",""
ball,2,35.4,India,KL Rahul,V Kohli,Mehedi Hasan Miraz,0,0,,,,,,"",""
ball,2,35.5,India,KL Rahul,V Kohli,Mehedi Hasan Miraz,1,0,,,,,,"",""
ball,2,35.6,India,V Kohli,KL Rahul,Mehedi Hasan Miraz,1,0,,,,,,"",""
ball,2,36.1,India,V Kohli,KL Rahul,Shoriful Islam,1,0,,,,,,"",""
ball,2,36.2,India,KL Rahul,V Kohli,Shoriful Islam,1,0,,,,,,"",""
ball,2,36.3,India,V Kohli,KL Rahul,Shoriful Islam,1,0,,,,,,"",""
ball,2,36.4,India,KL Rahul,V Kohli,Shoriful Islam,6,0,,,,,,"",""
ball,2,36.5,India,KL Rahul,V Kohli,Shoriful Islam,4,0,,,,,,"",""
ball,2,36.6,India,KL Rahul,V Kohli,Shoriful Islam,1,0,,,,,,"",""
ball,2,37.1,India,KL Rahul,V Kohli,Mehedi Hasan Miraz,1,0,,,,,,"",""
ball,2,37.2,India,V Kohli,KL Rahul,Mehedi Hasan Miraz,1,0,,,,,,"",""
ball,2,37.3,India,KL Rahul,V Kohli,Mehedi Hasan Miraz,1,0,,,,,,"",""
ball,2,37.4,India,V Kohli,KL Rahul,Mehedi Hasan Miraz,1,0,,,,,,"",""
ball,2,37.5,India,KL Rahul,V Kohli,Mehedi Hasan Miraz,1,0,,,,,,"",""
ball,2,37.6,India,V Kohli,KL Rahul,Mehedi Hasan Miraz,1,0,,,,,,"",""
ball,2,38.1,India,V Kohli,KL Rahul,Hasan Mahmud,1,0,,,,,,"",""
ball,2,38.2,India,KL Rahul,V Kohli,Hasan Mahmud,1,0,,,,,,"",""
ball,2,38.3,India,V Kohli,KL Rahul,Hasan Mahmud,0,0,,,,,,"",""
ball,2,38.4,India,V Kohli,KL Rahul,Hasan Mahmud,0,0,,,,,,"",""
ball,2,38.5,India,V Kohli,KL Rahul,Hasan Mahmud,6,0,,,,,,"",""
ball,2,38.6,India,V Kohli,KL Rahul,Hasan Mahmud,1,0,,,,,,"",""
ball,2,39.1,India,V Kohli,KL Rahul,Nasum Ahmed,4,0,,,,,,"",""
ball,2,39.2,India,V Kohli,KL Rahul,Nasum Ahmed,0,0,,,,,,"",""
ball,2,39.3,India,V Kohli,KL Rahul,Nasum Ahmed,0,0,,,,,,"",""
ball,2,39.4,India,V Kohli,KL Rahul,Nasum Ahmed,6,0,,,,,,"",""
ball,2,39.5,India,V Kohli,KL Rahul,Nasum Ahmed,0,0,,,,,,"",""
ball,2,39.6,India,V Kohli,KL Rahul,Nasum Ahmed,1,0,,,,,,"",""
ball,2,40.1,India,V Kohli,KL Rahul,Hasan Mahmud,0,0,,,,,,"",""
ball,2,40.2,India,V Kohli,KL Rahul,Hasan Mahmud,0,1,1,,,,,"",""
ball,2,40.3,India,V Kohli,KL Rahul,Hasan Mahmud,2,0,,,,,,"",""
ball,2,40.4,India,V Kohli,KL Rahul,Hasan Mahmud,0,0,,,,,,"",""
ball,2,40.5,India,V Kohli,KL Rahul,Hasan Mahmud,2,0,,,,,,"",""
ball,2,40.6,India,V Kohli,KL Rahul,Hasan Mahmud,0,0,,,,,,"",""
ball,2,40.7,India,V Kohli,KL Rahul,Hasan Mahmud,1,0,,,,,,"",""
ball,2,41.1,India,V Kohli,KL Rahul,Nasum Ahmed,0,0,,,,,,"",""
ball,2,41.2,India,V Kohli,KL Rahul,Nasum Ahmed,0,0,,,,,,"",""
ball,2,41.3,India,V Kohli,KL Rahul,Nasum Ahmed,6,0,,,,,,"",""
