version,1.7.0
info,balls_per_over,6
info,team,Sri Lanka
info,team,New Zealand
info,gender,male
info,season,2023/24
info,date,2023/11/09
info,event,ICC Cricket World Cup
info,match_number,41
info,venue,"M Chinnaswamy Stadium, Bengaluru"
info,city,Bengaluru
info,toss_winner,New Zealand
info,toss_decision,field
info,player_of_match,TA Boult
info,umpire,AT Holdstock
info,umpire,JS Wilson
info,reserve_umpire,PR Reiffel
info,tv_umpire,RA Kettleborough
info,match_referee,J Srinath
info,winner,New Zealand
info,winner_wickets,5
info,player,Sri Lanka,P Nissanka
info,player,Sri Lanka,MDKJ Perera
info,player,Sri Lanka,BKG Mendis
info,player,Sri Lanka,S Samarawickrama
info,player,Sri Lanka,KIC Asalanka
info,player,Sri Lanka,AD Mathews
info,player,Sri Lanka,DM de Silva
info,player,Sri Lanka,C Karunaratne
info,player,Sri Lanka,M Theekshana
info,player,Sri Lanka,PVD Chameera
info,player,Sri Lanka,D Madushanka
info,player,New Zealand,DP Conway
info,player,New Zealand,R Ravindra
info,player,New Zealand,KS Williamson
info,player,New Zealand,DJ Mitchell
info,player,New Zealand,MS Chapman
info,player,New Zealand,GD Phillips
info,player,New Zealand,TWM Latham
info,player,New Zealand,MJ Santner
info,player,New Zealand,LH Ferguson
info,player,New Zealand,TG Southee
info,player,New Zealand,TA Boult
info,registry,people,AD Mathews,896d78ad
info,registry,people,AT Holdstock,6fa3258c
info,registry,people,BKG Mendis,5d1e7582
info,registry,people,C Karunaratne,fb3e0d39
info,registry,people,D Madushanka,de7d833e
info,registry,people,DJ Mitchell,eade4650
info,registry,people,DM de Silva,7d608e12
info,registry,people,DP Conway,df5a6881
info,registry,people,GD Phillips,9a46c4e5
info,registry,people,J Srinath,bad31fac
info,registry,people,JS Wilson,d7f3b72f
info,registry,people,KIC Asalanka,732c038e
info,registry,people,KS Williamson,d027ba9f
info,registry,people,LH Ferguson,2f9d0389
info,registry,people,M Theekshana,f24c6701
info,registry,people,MDKJ Perera,f21043a5
info,registry,people,MJ Santner,e4a0deae
info,registry,people,MS Chapman,7fa12533
info,registry,people,P Nissanka,8ee36b18
info,registry,people,PR Reiffel,c9354f29
info,registry,people,PVD Chameera,327b58d3
info,registry,people,R Ravindra,ba5e1069
info,registry,people,RA Kettleborough,4017868f
info,registry,people,S Samarawickrama,9ab2914d
info,registry,people,TA Boult,a818c1be
info,registry,people,TG Southee,13c35c9e
info,registry,people,TWM Latham,e824e6ee
ball,1,0.1,Sri Lanka,P Nissanka,MDKJ Perera,TA Boult,0,0,,,,,,"",""
ball,1,0.2,Sri Lanka,P Nissanka,MDKJ Perera,TA Boult,0,0,,,,,,"",""
ball,1,0.3,Sri Lanka,P Nissanka,MDKJ Perera,TA Boult,0,0,,,,,,"",""
ball,1,0.4,Sri Lanka,P Nissanka,MDKJ Perera,TA Boult,0,0,,,,,,"",""
ball,1,0.5,Sri Lanka,P Nissanka,MDKJ Perera,TA Boult,0,0,,,,,,"",""
ball,1,0.6,Sri Lanka,P Nissanka,MDKJ Perera,TA Boult,1,0,,,,,,"",""
ball,1,1.1,Sri Lanka,P Nissanka,MDKJ Perera,TG Southee,1,0,,,,,,"",""
ball,1,1.2,Sri Lanka,MDKJ Perera,P Nissanka,TG Southee,0,0,,,,,,"",""
ball,1,1.3,Sri Lanka,MDKJ Perera,P Nissanka,TG Southee,0,0,,,,,,"",""
ball,1,1.4,Sri Lanka,MDKJ Perera,P Nissanka,TG Southee,1,0,,,,,,"",""
ball,1,1.5,Sri Lanka,P Nissanka,MDKJ Perera,TG Southee,0,0,,,,,,caught,P Nissanka
ball,1,1.6,Sri Lanka,BKG Mendis,MDKJ Perera,TG Southee,0,0,,,,,,"",""
ball,1,2.1,Sri Lanka,MDKJ Perera,BKG Mendis,TA Boult,4,0,,,,,,"",""
ball,1,2.2,Sri Lanka,MDKJ Perera,BKG Mendis,TA Boult,0,0,,,,,,"",""
ball,1,2.3,Sri Lanka,MDKJ Perera,BKG Mendis,TA Boult,0,0,,,,,,"",""
ball,1,2.4,Sri Lanka,MDKJ Perera,BKG Mendis,TA Boult,0,1,1,,,,,"",""
ball,1,2.5,Sri Lanka,MDKJ Perera,BKG Mendis,TA Boult,1,0,,,,,,"",""
ball,1,2.6,Sri Lanka,BKG Mendis,MDKJ Perera,TA Boult,0,1,1,,,,,"",""
ball,1,2.7,Sri Lanka,BKG Mendis,MDKJ Perera,TA Boult,4,0,,,,,,"",""
ball,1,2.8,Sri Lanka,BKG Mendis,MDKJ Perera,TA Boult,1,0,,,,,,"",""
ball,1,3.1,Sri Lanka,BKG Mendis,MDKJ Perera,TG Southee,0,0,,,,,,"",""
ball,1,3.2,Sri Lanka,BKG Mendis,MDKJ Perera,TG Southee,0,0,,,,,,"",""
ball,1,3.3,Sri Lanka,BKG Mendis,MDKJ Perera,TG Southee,1,0,,,,,,"",""
ball,1,3.4,Sri Lanka,MDKJ Perera,BKG Mendis,TG Southee,4,0,,,,,,"",""
ball,1,3.5,Sri Lanka,MDKJ Perera,BKG Mendis,TG Southee,6,0,,,,,,"",""
ball,1,3.6,Sri Lanka,MDKJ Perera,BKG Mendis,TG Southee,4,0,,,,,,"",""
ball,1,4.1,Sri Lanka,BKG Mendis,MDKJ Perera,TA Boult,0,0,,,,,,caught,BKG Mendis
ball,1,4.2,Sri Lanka,S Samarawickrama,MDKJ Perera,TA Boult,1,0,,,,,,"",""
ball,1,4.3,Sri Lanka,MDKJ Perera,S Samarawickrama,TA Boult,1,0,,,,,,"",""
ball,1,4.4,Sri Lanka,S Samarawickrama,MDKJ Perera,TA Boult,0,0,,,,,,caught,S Samarawickrama
ball,1,4.5,Sri Lanka,KIC Asalanka,MDKJ Perera,TA Boult,0,0,,,,,,"",""
ball,1,4.6,Sri Lanka,KIC Asalanka,MDKJ Perera,TA Boult,2,0,,,,,,"",""
ball,1,5.1,Sri Lanka,MDKJ Perera,KIC Asalanka,TG Southee,0,0,,,,,,"",""
ball,1,5.2,Sri Lanka,MDKJ Perera,KIC Asalanka,TG Southee,6,0,,,,,,"",""
ball,1,5.3,Sri Lanka,MDKJ Perera,KIC Asalanka,TG Southee,4,0,,,,,,"",""
ball,1,5.4,Sri Lanka,MDKJ Perera,KIC Asalanka,TG Southee,0,0,,,,,,"",""
ball,1,5.5,Sri Lanka,MDKJ Perera,KIC Asalanka,TG Southee,4,0,,,,,,"",""
ball,1,5.6,Sri Lanka,MDKJ Perera,KIC Asalanka,TG Southee,4,0,,,,,,"",""
ball,1,6.1,Sri Lanka,KIC Asalanka,MDKJ Perera,TA Boult,0,0,,,,,,"",""
ball,1,6.2,Sri Lanka,KIC Asalanka,MDKJ Perera,TA Boult,1,0,,,,,,"",""
ball,1,6.3,Sri Lanka,MDKJ Perera,KIC Asalanka,TA Boult,0,0,,,,,,"",""
ball,1,6.4,Sri Lanka,MDKJ Perera,KIC Asalanka,TA Boult,0,0,,,,,,"",""
ball,1,6.5,Sri Lanka,MDKJ Perera,KIC Asalanka,TA Boult,4,0,,,,,,"",""
ball,1,6.6,Sri Lanka,MDKJ Perera,KIC Asalanka,TA Boult,4,0,,,,,,"",""
ball,1,7.1,Sri Lanka,KIC Asalanka,MDKJ Perera,LH Ferguson,4,0,,,,,,"",""
ball,1,7.2,Sri Lanka,KIC Asalanka,MDKJ Perera,LH Ferguson,1,0,,,,,,"",""
ball,1,7.3,Sri Lanka,MDKJ Perera,KIC Asalanka,LH Ferguson,4,0,,,,,,"",""
ball,1,7.4,Sri Lanka,MDKJ Perera,KIC Asalanka,LH Ferguson,0,0,,,,,,"",""
ball,1,7.5,Sri Lanka,MDKJ Perera,KIC Asalanka,LH Ferguson,0,0,,,,,,"",""
ball,1,7.6,Sri Lanka,MDKJ Perera,KIC Asalanka,LH Ferguson,0,0,,,,,,"",""
ball,1,8.1,Sri Lanka,KIC Asalanka,MDKJ Perera,TA Boult,0,0,,,,,,"",""
ball,1,8.2,Sri Lanka,KIC Asalanka,MDKJ Perera,TA Boult,0,0,,,,,,lbw,KIC Asalanka
ball,1,8.3,Sri Lanka,AD Mathews,MDKJ Perera,TA Boult,0,0,,,,,,"",""
ball,1,8.4,Sri Lanka,AD Mathews,MDKJ Perera,TA Boult,0,0,,,,,,"",""
ball,1,8.5,Sri Lanka,AD Mathews,MDKJ Perera,TA Boult,0,0,,,,,,"",""
ball,1,8.6,Sri Lanka,AD Mathews,MDKJ Perera,TA Boult,0,0,,,,,,"",""
ball,1,9.1,Sri Lanka,MDKJ Perera,AD Mathews,LH Ferguson,0,0,,,,,,"",""
ball,1,9.2,Sri Lanka,MDKJ Perera,AD Mathews,LH Ferguson,0,0,,,,,,"",""
ball,1,9.3,Sri Lanka,MDKJ Perera,AD Mathews,LH Ferguson,0,0,,,,,,caught,MDKJ Perera
ball,1,9.4,Sri Lanka,DM de Silva,AD Mathews,LH Ferguson,0,0,,,,,,"",""
ball,1,9.5,Sri Lanka,DM de Silva,AD Mathews,LH Ferguson,4,0,,,,,,"",""
ball,1,9.6,Sri Lanka,DM de Silva,AD Mathews,LH Ferguson,0,0,,,,,,"",""
ball,1,10.1,Sri Lanka,AD Mathews,DM de Silva,TA Boult,0,0,,,,,,"",""
ball,1,10.2,Sri Lanka,AD Mathews,DM de Silva,TA Boult,4,0,,,,,,"",""
ball,1,10.3,Sri Lanka,AD Mathews,DM de Silva,TA Boult,0,0,,,,,,"",""
ball,1,10.4,Sri Lanka,AD Mathews,DM de Silva,TA Boult,0,0,,,,,,"",""
ball,1,10.5,Sri Lanka,AD Mathews,DM de Silva,TA Boult,0,0,,,,,,"",""
ball,1,10.6,Sri Lanka,AD Mathews,DM de Silva,TA Boult,0,0,,,,,,"",""
ball,1,11.1,Sri Lanka,DM de Silva,AD Mathews,LH Ferguson,1,0,,,,,,"",""
ball,1,11.2,Sri Lanka,AD Mathews,DM de Silva,LH Ferguson,0,0,,,,,,"",""
ball,1,11.3,Sri Lanka,AD Mathews,DM de Silva,LH Ferguson,4,0,,,,,,"",""
ball,1,11.4,Sri Lanka,AD Mathews,DM de Silva,LH Ferguson,0,0,,,,,,"",""
ball,1,11.5,Sri Lanka,AD Mathews,DM de Silva,LH Ferguson,0,0,,,,,,"",""
ball,1,11.6,Sri Lanka,AD Mathews,DM de Silva,LH Ferguson,1,0,,,,,,"",""
ball,1,12.1,Sri Lanka,AD Mathews,DM de Silva,MJ Santner,0,0,,,,,,"",""
ball,1,12.2,Sri Lanka,AD Mathews,DM de Silva,MJ Santner,1,0,,,,,,"",""
ball,1,12.3,Sri Lanka,DM de Silva,AD Mathews,MJ Santner,0,0,,,,,,"",""
ball,1,12.4,Sri Lanka,DM de Silva,AD Mathews,MJ Santner,0,0,,,,,,"",""
ball,1,12.5,Sri Lanka,DM de Silva,AD Mathews,MJ Santner,0,0,,,,,,"",""
ball,1,12.6,Sri Lanka,DM de Silva,AD Mathews,MJ Santner,0,0,,,,,,"",""
ball,1,13.1,Sri Lanka,AD Mathews,DM de Silva,LH Ferguson,1,0,,,,,,"",""
ball,1,13.2,Sri Lanka,DM de Silva,AD Mathews,LH Ferguson,0,0,,,,,,"",""
ball,1,13.3,Sri Lanka,DM de Silva,AD Mathews,LH Ferguson,0,0,,,,,,"",""
ball,1,13.4,Sri Lanka,DM de Silva,AD Mathews,LH Ferguson,4,0,,,,,,"",""
ball,1,13.5,Sri Lanka,DM de Silva,AD Mathews,LH Ferguson,1,0,,,,,,"",""
ball,1,13.6,Sri Lanka,AD Mathews,DM de Silva,LH Ferguson,0,0,,,,,,"",""
ball,1,14.1,Sri Lanka,DM de Silva,AD Mathews,MJ Santner,0,0,,,,,,"",""
ball,1,14.2,Sri Lanka,DM de Silva,AD Mathews,MJ Santner,1,0,,,,,,"",""
ball,1,14.3,Sri Lanka,AD Mathews,DM de Silva,MJ Santner,1,0,,,,,,"",""
ball,1,14.4,Sri Lanka,DM de Silva,AD Mathews,MJ Santner,1,0,,,,,,"",""
ball,1,14.5,Sri Lanka,AD Mathews,DM de Silva,MJ Santner,0,0,,,,,,"",""
ball,1,14.6,Sri Lanka,AD Mathews,DM de Silva,MJ Santner,1,0,,,,,,"",""
ball,1,15.1,Sri Lanka,AD Mathews,DM de Silva,TG Southee,1,0,,,,,,"",""
ball,1,15.2,Sri Lanka,DM de Silva,AD Mathews,TG Southee,0,0,,,,,,"",""
ball,1,15.3,Sri Lanka,DM de Silva,AD Mathews,TG Southee,0,0,,,,,,"",""
ball,1,15.4,Sri Lanka,DM de Silva,AD Mathews,TG Southee,0,0,,,,,,"",""
ball,1,15.5,Sri Lanka,DM de Silva,AD Mathews,TG Southee,0,0,,,,,,"",""
ball,1,15.6,Sri Lanka,DM de Silva,AD Mathews,TG Southee,6,0,,,,,,"",""
ball,1,16.1,Sri Lanka,AD Mathews,DM de Silva,MJ Santner,2,0,,,,,,"",""
ball,1,16.2,Sri Lanka,AD Mathews,DM de Silva,MJ Santner,0,0,,,,,,"",""
ball,1,16.3,Sri Lanka,AD Mathews,DM de Silva,MJ Santner,0,0,,,,,,"",""
ball,1,16.4,Sri Lanka,AD Mathews,DM de Silva,MJ Santner,0,0,,,,,,caught,AD Mathews
ball,1,16.5,Sri Lanka,C Karunaratne,DM de Silva,MJ Santner,0,0,,,,,,"",""
ball,1,16.6,Sri Lanka,C Karunaratne,DM de Silva,MJ Santner,0,0,,,,,,"",""
ball,1,17.1,Sri Lanka,DM de Silva,C Karunaratne,TG Southee,1,0,,,,,,"",""
ball,1,17.2,Sri Lanka,C Karunaratne,DM de Silva,TG Southee,0,0,,,,,,"",""
ball,1,17.3,Sri Lanka,C Karunaratne,DM de Silva,TG Southee,0,0,,,,,,"",""
ball,1,17.4,Sri Lanka,C Karunaratne,DM de Silva,TG Southee,0,0,,,,,,"",""
ball,1,17.5,Sri Lanka,C Karunaratne,DM de Silva,TG Southee,0,0,,,,,,"",""
ball,1,17.6,Sri Lanka,C Karunaratne,DM de Silva,TG Southee,0,0,,,,,,"",""
ball,1,18.1,Sri Lanka,DM de Silva,C Karunaratne,MJ Santner,0,0,,,,,,"",""
ball,1,18.2,Sri Lanka,DM de Silva,C Karunaratne,MJ Santner,0,0,,,,,,"",""
ball,1,18.3,Sri Lanka,DM de Silva,C Karunaratne,MJ Santner,0,0,,,,,,caught,DM de Silva
ball,1,18.4,Sri Lanka,M Theekshana,C Karunaratne,MJ Santner,0,0,,,,,,"",""
ball,1,18.5,Sri Lanka,M Theekshana,C Karunaratne,MJ Santner,0,0,,,,,,"",""
ball,1,18.6,Sri Lanka,M Theekshana,C Karunaratne,MJ Santner,0,0,,,,,,"",""
ball,1,19.1,Sri Lanka,C Karunaratne,M Theekshana,R Ravindra,0,0,,,,,,"",""
ball,1,19.2,Sri Lanka,C Karunaratne,M Theekshana,R Ravindra,1,0,,,,,,"",""
ball,1,19.3,Sri Lanka,M Theekshana,C Karunaratne,R Ravindra,1,0,,,,,,"",""
ball,1,19.4,Sri Lanka,C Karunaratne,M Theekshana,R Ravindra,4,0,,,,,,"",""
ball,1,19.5,Sri Lanka,C Karunaratne,M Theekshana,R Ravindra,0,0,,,,,,"",""
ball,1,19.6,Sri Lanka,C Karunaratne,M Theekshana,R Ravindra,0,0,,,,,,"",""
ball,1,20.1,Sri Lanka,M Theekshana,C Karunaratne,MJ Santner,0,0,,,,,,"",""
ball,1,20.2,Sri Lanka,M Theekshana,C Karunaratne,MJ Santner,0,0,,,,,,"",""
ball,1,20.3,Sri Lanka,M Theekshana,C Karunaratne,MJ Santner,0,0,,,,,,"",""
ball,1,20.4,Sri Lanka,M Theekshana,C Karunaratne,MJ Santner,0,0,,,,,,"",""
ball,1,20.5,Sri Lanka,M Theekshana,C Karunaratne,MJ Santner,1,0,,,,,,"",""
ball,1,20.6,Sri Lanka,C Karunaratne,M Theekshana,MJ Santner,0,0,,,,,,"",""
ball,1,21.1,Sri Lanka,M Theekshana,C Karunaratne,LH Ferguson,0,0,,,,,,"",""
ball,1,21.2,Sri Lanka,M Theekshana,C Karunaratne,LH Ferguson,0,0,,,,,,"",""
ball,1,21.3,Sri Lanka,M Theekshana,C Karunaratne,LH Ferguson,0,0,,,,,,"",""
ball,1,21.4,Sri Lanka,M Theekshana,C Karunaratne,LH Ferguson,0,0,,,,,,"",""
ball,1,21.5,Sri Lanka,M Theekshana,C Karunaratne,LH Ferguson,0,0,,,,,,"",""
ball,1,21.6,Sri Lanka,M Theekshana,C Karunaratne,LH Ferguson,0,0,,,,,,"",""
ball,1,22.1,Sri Lanka,C Karunaratne,M Theekshana,MJ Santner,1,0,,,,,,"",""
ball,1,22.2,Sri Lanka,M Theekshana,C Karunaratne,MJ Santner,0,0,,,,,,"",""
ball,1,22.3,Sri Lanka,M Theekshana,C Karunaratne,MJ Santner,0,0,,,,,,"",""
ball,1,22.4,Sri Lanka,M Theekshana,C Karunaratne,MJ Santner,0,0,,,,,,"",""
ball,1,22.5,Sri Lanka,M Theekshana,C Karunaratne,MJ Santner,0,0,,,,,,"",""
ball,1,22.6,Sri Lanka,M Theekshana,C Karunaratne,MJ Santner,0,0,,,,,,"",""
ball,1,23.1,Sri Lanka,C Karunaratne,M Theekshana,LH Ferguson,0,0,,,,,,"",""
ball,1,23.2,Sri Lanka,C Karunaratne,M Theekshana,LH Ferguson,0,0,,,,,,"",""
ball,1,23.3,Sri Lanka,C Karunaratne,M Theekshana,LH Ferguson,0,0,,,,,,caught,C Karunaratne
ball,1,23.4,Sri Lanka,PVD Chameera,M Theekshana,LH Ferguson,0,0,,,,,,"",""
ball,1,23.5,Sri Lanka,PVD Chameera,M Theekshana,LH Ferguson,0,0,,,,,,"",""
ball,1,23.6,Sri Lanka,PVD Chameera,M Theekshana,LH Ferguson,0,0,,,,,,"",""
ball,1,24.1,Sri Lanka,M Theekshana,PVD Chameera,MJ Santner,0,0,,,,,,"",""
ball,1,24.2,Sri Lanka,M Theekshana,PVD Chameera,MJ Santner,0,0,,,,,,"",""
ball,1,24.3,Sri Lanka,M Theekshana,PVD Chameera,MJ Santner,1,0,,,,,,"",""
ball,1,24.4,Sri Lanka,PVD Chameera,M Theekshana,MJ Santner,0,0,,,,,,"",""
ball,1,24.5,Sri Lanka,PVD Chameera,M Theekshana,MJ Santner,0,0,,,,,,"",""
ball,1,24.6,Sri Lanka,PVD Chameera,M Theekshana,MJ Santner,0,0,,,,,,"",""
ball,1,25.1,Sri Lanka,M Theekshana,PVD Chameera,LH Ferguson,0,0,,,,,,"",""
ball,1,25.2,Sri Lanka,M Theekshana,PVD Chameera,LH Ferguson,0,0,,,,,,"",""
ball,1,25.3,Sri Lanka,M Theekshana,PVD Chameera,LH Ferguson,1,0,,,,,,"",""
ball,1,25.4,Sri Lanka,PVD Chameera,M Theekshana,LH Ferguson,0,0,,,,,,"",""
ball,1,25.5,Sri Lanka,PVD Chameera,M Theekshana,LH Ferguson,0,0,,,,,,"",""
ball,1,25.6,Sri Lanka,PVD Chameera,M Theekshana,LH Ferguson,0,0,,,,,,"",""
ball,1,26.1,Sri Lanka,M Theekshana,PVD Chameera,MJ Santner,4,0,,,,,,"",""
ball,1,26.2,Sri Lanka,M Theekshana,PVD Chameera,MJ Santner,4,0,,,,,,"",""
ball,1,26.3,Sri Lanka,M Theekshana,PVD Chameera,MJ Santner,0,0,,,,,,"",""
ball,1,26.4,Sri Lanka,M Theekshana,PVD Chameera,MJ Santner,0,0,,,,,,"",""
ball,1,26.5,Sri Lanka,M Theekshana,PVD Chameera,MJ Santner,1,0,,,,,,"",""
ball,1,26.6,Sri Lanka,PVD Chameera,M Theekshana,MJ Santner,0,0,,,,,,"",""
ball,1,27.1,Sri Lanka,M Theekshana,PVD Chameera,LH Ferguson,0,0,,,,,,"",""
ball,1,27.2,Sri Lanka,M Theekshana,PVD Chameera,LH Ferguson,0,0,,,,,,"",""
ball,1,27.3,Sri Lanka,M Theekshana,PVD Chameera,LH Ferguson,0,0,,,,,,"",""
ball,1,27.4,Sri Lanka,M Theekshana,PVD Chameera,LH Ferguson,0,0,,,,,,"",""
ball,1,27.5,Sri Lanka,M Theekshana,PVD Chameera,LH Ferguson,1,0,,,,,,"",""
ball,1,27.6,Sri Lanka,PVD Chameera,M Theekshana,LH Ferguson,0,0,,,,,,"",""
ball,1,28.1,Sri Lanka,M Theekshana,PVD Chameera,MJ Santner,0,0,,,,,,"",""
ball,1,28.2,Sri Lanka,M Theekshana,PVD Chameera,MJ Santner,0,0,,,,,,"",""
ball,1,28.3,Sri Lanka,M Theekshana,PVD Chameera,MJ Santner,0,0,,,,,,"",""
ball,1,28.4,Sri Lanka,M Theekshana,PVD Chameera,MJ Santner,0,0,,,,,,"",""
ball,1,28.5,Sri Lanka,M Theekshana,PVD Chameera,MJ Santner,0,0,,,,,,"",""
ball,1,28.6,Sri Lanka,M Theekshana,PVD Chameera,MJ Santner,0,0,,,,,,"",""
ball,1,29.1,Sri Lanka,PVD Chameera,M Theekshana,TA Boult,0,0,,,,,,"",""
ball,1,29.2,Sri Lanka,PVD Chameera,M Theekshana,TA Boult,0,0,,,,,,"",""
ball,1,29.3,Sri Lanka,PVD Chameera,M Theekshana,TA Boult,0,0,,,,,,"",""
ball,1,29.4,Sri Lanka,PVD Chameera,M Theekshana,TA Boult,0,0,,,,,,"",""
ball,1,29.5,Sri Lanka,PVD Chameera,M Theekshana,TA Boult,0,0,,,,,,"",""
ball,1,29.6,Sri Lanka,PVD Chameera,M Theekshana,TA Boult,0,0,,,,,,"",""
ball,1,30.1,Sri Lanka,M Theekshana,PVD Chameera,MJ Santner,0,0,,,,,,"",""
ball,1,30.2,Sri Lanka,M Theekshana,PVD Chameera,MJ Santner,1,0,,,,,,"",""
ball,1,30.3,Sri Lanka,PVD Chameera,M Theekshana,MJ Santner,1,0,,,,,,"",""
ball,1,30.4,Sri Lanka,M Theekshana,PVD Chameera,MJ Santner,0,0,,,,,,"",""
ball,1,30.5,Sri Lanka,M Theekshana,PVD Chameera,MJ Santner,1,0,,,,,,"",""
ball,1,30.6,Sri Lanka,PVD Chameera,M Theekshana,MJ Santner,0,0,,,,,,"",""
ball,1,31.1,Sri Lanka,M Theekshana,PVD Chameera,TA Boult,0,0,,,,,,"",""
ball,1,31.2,Sri Lanka,M Theekshana,PVD Chameera,TA Boult,0,0,,,,,,"",""
ball,1,31.3,Sri Lanka,M Theekshana,PVD Chameera,TA Boult,0,0,,,,,,"",""
ball,1,31.4,Sri Lanka,M Theekshana,PVD Chameera,TA Boult,0,0,,,,,,"",""
ball,1,31.5,Sri Lanka,M Theekshana,PVD Chameera,TA Boult,0,0,,,,,,"",""
ball,1,31.6,Sri Lanka,M Theekshana,PVD Chameera,TA Boult,0,0,,,,,,"",""
ball,1,32.1,Sri Lanka,PVD Chameera,M Theekshana,R Ravindra,0,0,,,,,,caught,PVD Chameera
ball,1,32.2,Sri Lanka,D Madushanka,M Theekshana,R Ravindra,1,0,,,,,,"",""
ball,1,32.3,Sri Lanka,M Theekshana,D Madushanka,R Ravindra,1,0,,,,,,"",""
ball,1,32.4,Sri Lanka,D Madushanka,M Theekshana,R Ravindra,0,0,,,,,,"",""
ball,1,32.5,Sri Lanka,D Madushanka,M Theekshana,R Ravindra,1,0,,,,,,"",""
ball,1,32.6,Sri Lanka,M Theekshana,D Madushanka,R Ravindra,1,0,,,,,,"",""
ball,1,33.1,Sri Lanka,M Theekshana,D Madushanka,TA Boult,0,0,,,,,,"",""
ball,1,33.2,Sri Lanka,M Theekshana,D Madushanka,TA Boult,0,0,,,,,,"",""
ball,1,33.3,Sri Lanka,M Theekshana,D Madushanka,TA Boult,0,0,,,,,,"",""
ball,1,33.4,Sri Lanka,M Theekshana,D Madushanka,TA Boult,4,0,,,,,,"",""
ball,1,33.5,Sri Lanka,M Theekshana,D Madushanka,TA Boult,1,0,,,,,,"",""
ball,1,33.6,Sri Lanka,D Madushanka,M Theekshana,TA Boult,0,0,,,,,,"",""
ball,1,34.1,Sri Lanka,M Theekshana,D Madushanka,R Ravindra,1,0,,,,,,"",""
ball,1,34.2,Sri Lanka,D Madushanka,M Theekshana,R Ravindra,0,0,,,,,,"",""
ball,1,34.3,Sri Lanka,D Madushanka,M Theekshana,R Ravindra,0,0,,,,,,"",""
ball,1,34.4,Sri Lanka,D Madushanka,M Theekshana,R Ravindra,1,0,,,,,,"",""
ball,1,34.5,Sri Lanka,M Theekshana,D Madushanka,R Ravindra,1,0,,,,,,"",""
ball,1,34.6,Sri Lanka,D Madushanka,M Theekshana,R Ravindra,0,0,,,,,,"",""
ball,1,35.1,Sri Lanka,M Theekshana,D Madushanka,TA Boult,0,0,,,,,,"",""
ball,1,35.2,Sri Lanka,M Theekshana,D Madushanka,TA Boult,0,0,,,,,,"",""
ball,1,35.3,Sri Lanka,M Theekshana,D Madushanka,TA Boult,0,0,,,,,,"",""
ball,1,35.4,Sri Lanka,M Theekshana,D Madushanka,TA Boult,0,1,1,,,,,"",""
ball,1,35.5,Sri Lanka,M Theekshana,D Madushanka,TA Boult,1,0,,,,,,"",""
ball,1,35.6,Sri Lanka,D Madushanka,M Theekshana,TA Boult,0,0,,,,,,"",""
ball,1,35.7,Sri Lanka,D Madushanka,M Theekshana,TA Boult,0,0,,,,,,"",""
ball,1,36.1,Sri Lanka,M Theekshana,D Madushanka,R Ravindra,1,0,,,,,,"",""
ball,1,36.2,Sri Lanka,D Madushanka,M Theekshana,R Ravindra,0,0,,,,,,"",""
ball,1,36.3,Sri Lanka,D Madushanka,M Theekshana,R Ravindra,0,0,,,,,,"",""
ball,1,36.4,Sri Lanka,D Madushanka,M Theekshana,R Ravindra,0,0,,,,,,"",""
ball,1,36.5,Sri Lanka,D Madushanka,M Theekshana,R Ravindra,0,0,,,,,,"",""
ball,1,36.6,Sri Lanka,D Madushanka,M Theekshana,R Ravindra,1,0,,,,,,"",""
ball,1,37.1,Sri Lanka,D Madushanka,M Theekshana,LH Ferguson,1,0,,,,,,"",""
ball,1,37.2,Sri Lanka,M Theekshana,D Madushanka,LH Ferguson,0,0,,,,,,"",""
ball,1,37.3,Sri Lanka,M Theekshana,D Madushanka,LH Ferguson,1,0,,,,,,"",""
ball,1,37.4,Sri Lanka,D Madushanka,M Theekshana,LH Ferguson,4,0,,,,,,"",""
ball,1,37.5,Sri Lanka,D Madushanka,M Theekshana,LH Ferguson,0,0,,,,,,"",""
ball,1,37.6,Sri Lanka,D Madushanka,M Theekshana,LH Ferguson,0,0,,,,,,"",""
ball,1,38.1,Sri Lanka,M Theekshana,D Madushanka,R Ravindra,1,0,,,,,,"",""
ball,1,38.2,Sri Lanka,D Madushanka,M Theekshana,R Ravindra,1,0,,,,,,"",""
ball,1,38.3,Sri Lanka,M Theekshana,D Madushanka,R Ravindra,0,0,,,,,,"",""
ball,1,38.4,Sri Lanka,M Theekshana,D Madushanka,R Ravindra,0,0,,,,,,"",""
ball,1,38.5,Sri Lanka,M Theekshana,D Madushanka,R Ravindra,0,0,,,,,,"",""
ball,1,38.6,Sri Lanka,M Theekshana,D Madushanka,R Ravindra,1,0,,,,,,"",""
ball,1,39.1,Sri Lanka,M Theekshana,D Madushanka,LH Ferguson,0,0,,,,,,"",""
ball,1,39.2,Sri Lanka,M Theekshana,D Madushanka,LH Ferguson,1,0,,,,,,"",""
ball,1,39.3,Sri Lanka,D Madushanka,M Theekshana,LH Ferguson,1,0,,,,,,"",""
ball,1,39.4,Sri Lanka,M Theekshana,D Madushanka,LH Ferguson,0,0,,,,,,"",""
ball,1,39.5,Sri Lanka,M Theekshana,D Madushanka,LH Ferguson,0,0,,,,,,"",""
ball,1,39.6,Sri Lanka,M Theekshana,D Madushanka,LH Ferguson,0,0,,,,,,"",""
ball,1,40.1,Sri Lanka,D Madushanka,M Theekshana,TG Southee,0,0,,,,,,"",""
ball,1,40.2,Sri Lanka,D Madushanka,M Theekshana,TG Southee,4,0,,,,,,"",""
ball,1,40.3,Sri Lanka,D Madushanka,M Theekshana,TG Southee,0,0,,,,,,"",""
ball,1,40.4,Sri Lanka,D Madushanka,M Theekshana,TG Southee,0,0,,,,,,"",""
ball,1,40.5,Sri Lanka,D Madushanka,M Theekshana,TG Southee,0,0,,,,,,"",""
ball,1,40.6,Sri Lanka,D Madushanka,M Theekshana,TG Southee,0,0,,,,,,"",""
ball,1,41.1,Sri Lanka,M Theekshana,D Madushanka,GD Phillips,0,0,,,,,,"",""
ball,1,41.2,Sri Lanka,M Theekshana,D Madushanka,GD Phillips,1,0,,,,,,"",""
ball,1,41.3,Sri Lanka,D Madushanka,M Theekshana,GD Phillips,0,0,,,,,,"",""
ball,1,41.4,Sri Lanka,D Madushanka,M Theekshana,GD Phillips,0,0,,,,,,"",""
ball,1,41.5,Sri Lanka,D Madushanka,M Theekshana,GD Phillips,1,0,,,,,,"",""
ball,1,41.6,Sri Lanka,M Theekshana,D Madushanka,GD Phillips,1,0,,,,,,"",""
ball,1,42.1,Sri Lanka,M Theekshana,D Madushanka,R Ravindra,1,0,,,,,,"",""
ball,1,42.2,Sri Lanka,D Madushanka,M Theekshana,R Ravindra,0,0,,,,,,"",""
ball,1,42.3,Sri Lanka,D Madushanka,M Theekshana,R Ravindra,0,0,,,,,,"",""
ball,1,42.4,Sri Lanka,D Madushanka,M Theekshana,R Ravindra,0,0,,,,,,"",""
ball,1,42.5,Sri Lanka,D Madushanka,M Theekshana,R Ravindra,0,0,,,,,,"",""
ball,1,42.6,Sri Lanka,D Madushanka,M Theekshana,R Ravindra,0,0,,,,,,"",""
ball,1,43.1,Sri Lanka,M Theekshana,D Madushanka,TG Southee,0,0,,,,,,"",""
ball,1,43.2,Sri Lanka,M Theekshana,D Madushanka,TG Southee,1,0,,,,,,"",""
ball,1,43.3,Sri Lanka,D Madushanka,M Theekshana,TG Southee,0,0,,,,,,"",""
ball,1,43.4,Sri Lanka,D Madushanka,M Theekshana,TG Southee,0,0,,,,,,"",""
ball,1,43.5,Sri Lanka,D Madushanka,M Theekshana,TG Southee,1,0,,,,,,"",""
ball,1,43.6,Sri Lanka,M Theekshana,D Madushanka,TG Southee,0,0,,,,,,"",""
ball,1,44.1,Sri Lanka,D Madushanka,M Theekshana,R Ravindra,0,0,,,,,,"",""
ball,1,44.2,Sri Lanka,D Madushanka,M Theekshana,R Ravindra,0,0,,,,,,"",""
ball,1,44.3,Sri Lanka,D Madushanka,M Theekshana,R Ravindra,0,0,,,,,,"",""
ball,1,44.4,Sri Lanka,D Madushanka,M Theekshana,R Ravindra,0,0,,,,,,"",""
ball,1,44.5,Sri Lanka,D Madushanka,M Theekshana,R Ravindra,1,0,,,,,,"",""
ball,1,44.6,Sri Lanka,M Theekshana,D Madushanka,R Ravindra,1,0,,,,,,"",""
ball,1,45.1,Sri Lanka,M Theekshana,D Madushanka,TG Southee,0,0,,,,,,"",""
ball,1,45.2,Sri Lanka,M Theekshana,D Madushanka,TG Southee,1,0,,,,,,"",""
ball,1,45.3,Sri Lanka,D Madushanka,M Theekshana,TG Southee,0,0,,,,,,"",""
ball,1,45.4,Sri Lanka,D Madushanka,M Theekshana,TG Southee,1,0,,,,,,"",""
ball,1,45.5,Sri Lanka,M Theekshana,D Madushanka,TG Southee,1,0,,,,,,"",""
ball,1,45.6,Sri Lanka,D Madushanka,M Theekshana,TG Southee,0,0,,,,,,"",""
ball,1,46.1,Sri Lanka,M Theekshana,D Madushanka,R Ravindra,0,0,,,,,,"",""
ball,1,46.2,Sri Lanka,M Theekshana,D Madushanka,R Ravindra,0,1,,,,1,,"",""
ball,1,46.3,Sri Lanka,D Madushanka,M Theekshana,R Ravindra,0,0,,,,,,"",""
ball,1,46.4,Sri Lanka,D Madushanka,M Theekshana,R Ravindra,0,0,,,,,,caught,D Madushanka
ball,2,0.1,New Zealand,DP Conway,R Ravindra,D Madushanka,0,0,,,,,,"",""
ball,2,0.2,New Zealand,DP Conway,R Ravindra,D Madushanka,0,0,,,,,,"",""
ball,2,0.3,New Zealand,DP Conway,R Ravindra,D Madushanka,0,0,,,,,,"",""
ball,2,0.4,New Zealand,DP Conway,R Ravindra,D Madushanka,0,0,,,,,,"",""
ball,2,0.5,New Zealand,DP Conway,R Ravindra,D Madushanka,4,0,,,,,,"",""
ball,2,0.6,New Zealand,DP Conway,R Ravindra,D Madushanka,0,0,,,,,,"",""
ball,2,1.1,New Zealand,R Ravindra,DP Conway,M Theekshana,0,0,,,,,,"",""
ball,2,1.2,New Zealand,R Ravindra,DP Conway,M Theekshana,0,0,,,,,,"",""
ball,2,1.3,New Zealand,R Ravindra,DP Conway,M Theekshana,2,0,,,,,,"",""
ball,2,1.4,New Zealand,R Ravindra,DP Conway,M Theekshana,2,0,,,,,,"",""
ball,2,1.5,New Zealand,R Ravindra,DP Conway,M Theekshana,0,0,,,,,,"",""
ball,2,1.6,New Zealand,R Ravindra,DP Conway,M Theekshana,4,0,,,,,,"",""
ball,2,2.1,New Zealand,DP Conway,R Ravindra,D Madushanka,0,0,,,,,,"",""
ball,2,2.2,New Zealand,DP Conway,R Ravindra,D Madushanka,0,0,,,,,,"",""
ball,2,2.3,New Zealand,DP Conway,R Ravindra,D Madushanka,0,0,,,,,,"",""
ball,2,2.4,New Zealand,DP Conway,R Ravindra,D Madushanka,4,0,,,,,,"",""
ball,2,2.5,New Zealand,DP Conway,R Ravindra,D Madushanka,0,0,,,,,,"",""
ball,2,2.6,New Zealand,DP Conway,R Ravindra,D Madushanka,0,0,,,,,,"",""
ball,2,3.1,New Zealand,R Ravindra,DP Conway,M Theekshana,0,0,,,,,,"",""
ball,2,3.2,New Zealand,R Ravindra,DP Conway,M Theekshana,0,0,,,,,,"",""
ball,2,3.3,New Zealand,R Ravindra,DP Conway,M Theekshana,1,0,,,,,,"",""
ball,2,3.4,New Zealand,DP Conway,R Ravindra,M Theekshana,1,0,,,,,,"",""
ball,2,3.5,New Zealand,R Ravindra,DP Conway,M Theekshana,0,0,,,,,,"",""
ball,2,3.6,New Zealand,R Ravindra,DP Conway,M Theekshana,0,0,,,,,,"",""
ball,2,4.1,New Zealand,DP Conway,R Ravindra,D Madushanka,0,0,,,,,,"",""
ball,2,4.2,New Zealand,DP Conway,R Ravindra,D Madushanka,4,0,,,,,,"",""
ball,2,4.3,New Zealand,DP Conway,R Ravindra,D Madushanka,2,0,,,,,,"",""
ball,2,4.4,New Zealand,DP Conway,R Ravindra,D Madushanka,4,0,,,,,,"",""
ball,2,4.5,New Zealand,DP Conway,R Ravindra,D Madushanka,4,0,,,,,,"",""
ball,2,4.6,New Zealand,DP Conway,R Ravindra,D Madushanka,0,0,,,,,,"",""
ball,2,5.1,New Zealand,R Ravindra,DP Conway,DM de Silva,1,0,,,,,,"",""
ball,2,5.2,New Zealand,DP Conway,R Ravindra,DM de Silva,1,0,,,,,,"",""
ball,2,5.3,New Zealand,R Ravindra,DP Conway,DM de Silva,6,0,,,,,,"",""
ball,2,5.4,New Zealand,R Ravindra,DP Conway,DM de Silva,1,0,,,,,,"",""
ball,2,5.5,New Zealand,DP Conway,R Ravindra,DM de Silva,0,0,,,,,,"",""
ball,2,5.6,New Zealand,DP Conway,R Ravindra,DM de Silva,1,0,,,,,,"",""
ball,2,6.1,New Zealand,DP Conway,R Ravindra,D Madushanka,0,0,,,,,,"",""
ball,2,6.2,New Zealand,DP Conway,R Ravindra,D Madushanka,4,0,,,,,,"",""
ball,2,6.3,New Zealand,DP Conway,R Ravindra,D Madushanka,4,0,,,,,,"",""
ball,2,6.4,New Zealand,DP Conway,R Ravindra,D Madushanka,0,0,,,,,,"",""
ball,2,6.5,New Zealand,DP Conway,R Ravindra,D Madushanka,1,0,,,,,,"",""
ball,2,6.6,New Zealand,R Ravindra,DP Conway,D Madushanka,0,0,,,,,,"",""
ball,2,7.1,New Zealand,DP Conway,R Ravindra,DM de Silva,1,0,,,,,,"",""
ball,2,7.2,New Zealand,R Ravindra,DP Conway,DM de Silva,0,0,,,,,,"",""
ball,2,7.3,New Zealand,R Ravindra,DP Conway,DM de Silva,6,0,,,,,,"",""
ball,2,7.4,New Zealand,R Ravindra,DP Conway,DM de Silva,4,0,,,,,,"",""
ball,2,7.5,New Zealand,R Ravindra,DP Conway,DM de Silva,0,0,,,,,,"",""
ball,2,7.6,New Zealand,R Ravindra,DP Conway,DM de Silva,1,0,,,,,,"",""
ball,2,8.1,New Zealand,R Ravindra,DP Conway,PVD Chameera,0,0,,,,,,"",""
ball,2,8.2,New Zealand,R Ravindra,DP Conway,PVD Chameera,1,0,,,,,,"",""
ball,2,8.3,New Zealand,DP Conway,R Ravindra,PVD Chameera,0,0,,,,,,"",""
ball,2,8.4,New Zealand,DP Conway,R Ravindra,PVD Chameera,0,0,,,,,,"",""
ball,2,8.5,New Zealand,DP Conway,R Ravindra,PVD Chameera,1,0,,,,,,"",""
ball,2,8.6,New Zealand,R Ravindra,DP Conway,PVD Chameera,0,0,,,,,,"",""
ball,2,9.1,New Zealand,DP Conway,R Ravindra,M Theekshana,4,0,,,,,,"",""
ball,2,9.2,New Zealand,DP Conway,R Ravindra,M Theekshana,0,0,,,,,,"",""
ball,2,9.3,New Zealand,DP Conway,R Ravindra,M Theekshana,0,0,,,,,,"",""
ball,2,9.4,New Zealand,DP Conway,R Ravindra,M Theekshana,4,0,,,,,,"",""
ball,2,9.5,New Zealand,DP Conway,R Ravindra,M Theekshana,0,0,,,,,,"",""
ball,2,9.6,New Zealand,DP Conway,R Ravindra,M Theekshana,0,0,,,,,,"",""
ball,2,10.1,New Zealand,R Ravindra,DP Conway,PVD Chameera,0,0,,,,,,"",""
ball,2,10.2,New Zealand,R Ravindra,DP Conway,PVD Chameera,0,0,,,,,,"",""
ball,2,10.3,New Zealand,R Ravindra,DP Conway,PVD Chameera,6,0,,,,,,"",""
ball,2,10.4,New Zealand,R Ravindra,DP Conway,PVD Chameera,1,0,,,,,,"",""
ball,2,10.5,New Zealand,DP Conway,R Ravindra,PVD Chameera,0,0,,,,,,"",""
ball,2,10.6,New Zealand,DP Conway,R Ravindra,PVD Chameera,0,0,,,,,,"",""
ball,2,11.1,New Zealand,R Ravindra,DP Conway,M Theekshana,0,0,,,,,,"",""
ball,2,11.2,New Zealand,R Ravindra,DP Conway,M Theekshana,0,0,,,,,,"",""
ball,2,11.3,New Zealand,R Ravindra,DP Conway,M Theekshana,4,0,,,,,,"",""
ball,2,11.4,New Zealand,R Ravindra,DP Conway,M Theekshana,0,0,,,,,,"",""
ball,2,11.5,New Zealand,R Ravindra,DP Conway,M Theekshana,1,0,,,,,,"",""
ball,2,11.6,New Zealand,DP Conway,R Ravindra,M Theekshana,1,0,,,,,,"",""
ball,2,12.1,New Zealand,DP Conway,R Ravindra,PVD Chameera,0,0,,,,,,"",""
ball,2,12.2,New Zealand,DP Conway,R Ravindra,PVD Chameera,0,0,,,,,,caught,DP Conway
ball,2,12.3,New Zealand,KS Williamson,R Ravindra,PVD Chameera,0,0,,,,,,"",""
ball,2,12.4,New Zealand,KS Williamson,R Ravindra,PVD Chameera,0,0,,,,,,"",""
ball,2,12.5,New Zealand,KS Williamson,R Ravindra,PVD Chameera,0,0,,,,,,"",""
ball,2,12.6,New Zealand,KS Williamson,R Ravindra,PVD Chameera,0,0,,,,,,"",""
ball,2,13.1,New Zealand,R Ravindra,KS Williamson,M Theekshana,1,0,,,,,,"",""
ball,2,13.2,New Zealand,KS Williamson,R Ravindra,M Theekshana,1,0,,,,,,"",""
ball,2,13.3,New Zealand,R Ravindra,KS Williamson,M Theekshana,0,0,,,,,,caught,R Ravindra
ball,2,13.4,New Zealand,DJ Mitchell,KS Williamson,M Theekshana,4,0,,,,,,"",""
ball,2,13.5,New Zealand,DJ Mitchell,KS Williamson,M Theekshana,0,0,,,,,,"",""
ball,2,13.6,New Zealand,DJ Mitchell,KS Williamson,M Theekshana,0,0,,,,,,"",""
ball,2,14.1,New Zealand,KS Williamson,DJ Mitchell,PVD Chameera,1,0,,,,,,"",""
ball,2,14.2,New Zealand,DJ Mitchell,KS Williamson,PVD Chameera,0,0,,,,,,"",""
ball,2,14.3,New Zealand,DJ Mitchell,KS Williamson,PVD Chameera,0,0,,,,,,"",""
ball,2,14.4,New Zealand,DJ Mitchell,KS Williamson,PVD Chameera,6,0,,,,,,"",""
ball,2,14.5,New Zealand,DJ Mitchell,KS Williamson,PVD Chameera,0,0,,,,,,"",""
ball,2,14.6,New Zealand,DJ Mitchell,KS Williamson,PVD Chameera,4,0,,,,,,"",""
ball,2,15.1,New Zealand,KS Williamson,DJ Mitchell,M Theekshana,0,0,,,,,,"",""
ball,2,15.2,New Zealand,KS Williamson,DJ Mitchell,M Theekshana,0,0,,,,,,"",""
ball,2,15.3,New Zealand,KS Williamson,DJ Mitchell,M Theekshana,1,0,,,,,,"",""
ball,2,15.4,New Zealand,DJ Mitchell,KS Williamson,M Theekshana,4,0,,,,,,"",""
ball,2,15.5,New Zealand,DJ Mitchell,KS Williamson,M Theekshana,0,0,,,,,,"",""
ball,2,15.6,New Zealand,DJ Mitchell,KS Williamson,M Theekshana,0,0,,,,,,"",""
ball,2,16.1,New Zealand,KS Williamson,DJ Mitchell,AD Mathews,1,0,,,,,,"",""
ball,2,16.2,New Zealand,DJ Mitchell,KS Williamson,AD Mathews,2,0,,,,,,"",""
ball,2,16.3,New Zealand,DJ Mitchell,KS Williamson,AD Mathews,1,0,,,,,,"",""
ball,2,16.4,New Zealand,KS Williamson,DJ Mitchell,AD Mathews,4,0,,,,,,"",""
ball,2,16.5,New Zealand,KS Williamson,DJ Mitchell,AD Mathews,1,0,,,,,,"",""
ball,2,16.6,New Zealand,DJ Mitchell,KS Williamson,AD Mathews,1,0,,,,,,"",""
ball,2,17.1,New Zealand,DJ Mitchell,KS Williamson,M Theekshana,0,0,,,,,,"",""
ball,2,17.2,New Zealand,DJ Mitchell,KS Williamson,M Theekshana,6,0,,,,,,"",""
ball,2,17.3,New Zealand,DJ Mitchell,KS Williamson,M Theekshana,0,0,,,,,,"",""
ball,2,17.4,New Zealand,DJ Mitchell,KS Williamson,M Theekshana,0,0,,,,,,"",""
ball,2,17.5,New Zealand,DJ Mitchell,KS Williamson,M Theekshana,1,0,,,,,,"",""
ball,2,17.6,New Zealand,KS Williamson,DJ Mitchell,M Theekshana,1,0,,,,,,"",""
ball,2,18.1,New Zealand,KS Williamson,DJ Mitchell,AD Mathews,4,0,,,,,,"",""
ball,2,18.2,New Zealand,KS Williamson,DJ Mitchell,AD Mathews,0,0,,,,,,bowled,KS Williamson
ball,2,18.3,New Zealand,MS Chapman,DJ Mitchell,AD Mathews,0,1,1,,,,,"",""
ball,2,18.4,New Zealand,MS Chapman,DJ Mitchell,AD Mathews,0,0,,,,,,"",""
ball,2,18.5,New Zealand,MS Chapman,DJ Mitchell,AD Mathews,1,0,,,,,,"",""
ball,2,18.6,New Zealand,DJ Mitchell,MS Chapman,AD Mathews,0,0,,,,,,"",""
ball,2,18.7,New Zealand,DJ Mitchell,MS Chapman,AD Mathews,0,0,,,,,,"",""
ball,2,19.1,New Zealand,MS Chapman,DJ Mitchell,D Madushanka,4,0,,,,,,"",""
ball,2,19.2,New Zealand,MS Chapman,DJ Mitchell,D Madushanka,1,0,,,,,,"",""
ball,2,19.3,New Zealand,DJ Mitchell,MS Chapman,D Madushanka,1,0,,,,,,"",""
ball,2,19.4,New Zealand,MS Chapman,DJ Mitchell,D Madushanka,1,0,,,,,,"",""
ball,2,19.5,New Zealand,DJ Mitchell,MS Chapman,D Madushanka,4,0,,,,,,"",""
ball,2,19.6,New Zealand,DJ Mitchell,MS Chapman,D Madushanka,1,0,,,,,,"",""
ball,2,20.1,New Zealand,DJ Mitchell,MS Chapman,AD Mathews,0,0,,,,,,"",""
ball,2,20.2,New Zealand,DJ Mitchell,MS Chapman,AD Mathews,1,0,,,,,,"",""
ball,2,20.3,New Zealand,MS Chapman,DJ Mitchell,AD Mathews,0,0,,,,,,run out,MS Chapman
ball,2,20.4,New Zealand,DJ Mitchell,GD Phillips,AD Mathews,1,0,,,,,,"",""
ball,2,20.5,New Zealand,GD Phillips,DJ Mitchell,AD Mathews,4,0,,,,,,"",""
ball,2,20.6,New Zealand,GD Phillips,DJ Mitchell,AD Mathews,0,0,,,,,,"",""
ball,2,21.1,New Zealand,DJ Mitchell,GD Phillips,D Madushanka,1,0,,,,,,"",""
ball,2,21.2,New Zealand,GD Phillips,DJ Mitchell,D Madushanka,1,0,,,,,,"",""
ball,2,21.3,New Zealand,DJ Mitchell,GD Phillips,D Madushanka,1,0,,,,,,"",""
ball,2,21.4,New Zealand,GD Phillips,DJ Mitchell,D Madushanka,0,1,1,,,,,"",""
ball,2,21.5,New Zealand,GD Phillips,DJ Mitchell,D Madushanka,2,0,,,,,,"",""
ball,2,21.6,New Zealand,GD Phillips,DJ Mitchell,D Madushanka,0,0,,,,,,"",""
ball,2,21.7,New Zealand,GD Phillips,DJ Mitchell,D Madushanka,1,0,,,,,,"",""
ball,2,22.1,New Zealand,GD Phillips,DJ Mitchell,AD Mathews,0,0,,,,,,"",""
ball,2,22.2,New Zealand,GD Phillips,DJ Mitchell,AD Mathews,1,0,,,,,,"",""
ball,2,22.3,New Zealand,DJ Mitchell,GD Phillips,AD Mathews,4,0,,,,,,"",""
ball,2,22.4,New Zealand,DJ Mitchell,GD Phillips,AD Mathews,0,0,,,,,,caught,DJ Mitchell
ball,2,22.5,New Zealand,TWM Latham,GD Phillips,AD Mathews,0,0,,,,,,"",""
ball,2,22.6,New Zealand,TWM Latham,GD Phillips,AD Mathews,2,0,,,,,,"",""
ball,2,23.1,New Zealand,GD Phillips,TWM Latham,D Madushanka,4,0,,,,,,"",""
ball,2,23.2,New Zealand,GD Phillips,TWM Latham,D Madushanka,4,0,,,,,,"",""
