version,1.7.0
info,balls_per_over,6
info,team,England
info,team,Netherlands
info,gender,male
info,season,2023/24
info,date,2023/11/08
info,event,ICC Cricket World Cup
info,match_number,40
info,venue,"Maharashtra Cricket Association Stadium, Pune"
info,city,Pune
info,toss_winner,England
info,toss_decision,bat
info,player_of_match,BA Stokes
info,umpire,Ahsan Raza
info,umpire,RJ Tucker
info,reserve_umpire,P Wilson
info,tv_umpire,M Erasmus
info,match_referee,AJ Pycroft
info,winner,England
info,winner_runs,160
info,player,England,JM Bairstow
info,player,England,DJ Malan
info,player,England,JE Root
info,player,England,BA Stokes
info,player,England,HC Brook
info,player,England,JC Buttler
info,player,England,MM Ali
info,player,England,CR Woakes
info,player,England,DJ Willey
info,player,England,AAP Atkinson
info,player,England,AU Rashid
info,player,Netherlands,W Barresi
info,player,Netherlands,MP O'Dowd
info,player,Netherlands,CN Ackermann
info,player,Netherlands,SA Engelbrecht
info,player,Netherlands,SA Edwards
info,player,Netherlands,BFW de Leede
info,player,Netherlands,AT Nidamanuru
info,player,Netherlands,LV van Beek
info,player,Netherlands,RE van der Merwe
info,player,Netherlands,A Dutt
info,player,Netherlands,PA van Meekeren
info,registry,people,A Dutt,803dbf1d
info,registry,people,AAP Atkinson,70d57519
info,registry,people,AJ Pycroft,685d3f80
info,registry,people,AT Nidamanuru,a319edf8
info,registry,people,AU Rashid,249d60c9
info,registry,people,Ahsan Raza,e0e5b209
info,registry,people,BA Stokes,e087956b
info,registry,people,BFW de Leede,fc4375ef
info,registry,people,CN Ackermann,e734d090
info,registry,people,CR Woakes,4c5d73db
info,registry,people,DJ Malan,ad9c32a2
info,registry,people,DJ Willey,7f048519
info,registry,people,HC Brook,4ae1755b
info,registry,people,JC Buttler,99b75528
info,registry,people,JE Root,a343262c
info,registry,people,JM Bairstow,abb83e27
info,registry,people,LV van Beek,782fb776
info,registry,people,M Erasmus,15d3c895
info,registry,people,MM Ali,bb351c23
info,registry,people,MP O'Dowd,b699df47
info,registry,people,P Wilson,68304a36
info,registry,people,PA van Meekeren,4557dc54
info,registry,people,RE van der Merwe,05c2ca46
info,registry,people,RJ Tucker,38810cfc
info,registry,people,SA Edwards,b59db04f
info,registry,people,SA Engelbrecht,81a0e294
info,registry,people,W Barresi,0d677597
ball,1,0.1,England,JM Bairstow,DJ Malan,A Dutt,0,0,,,,,,"",""
ball,1,0.2,England,JM Bairstow,DJ Malan,A Dutt,0,0,,,,,,"",""
ball,1,0.3,England,JM Bairstow,DJ Malan,A Dutt,0,0,,,,,,"",""
ball,1,0.4,England,JM Bairstow,DJ Malan,A Dutt,4,0,,,,,,"",""
ball,1,0.5,England,JM Bairstow,DJ Malan,A Dutt,2,0,,,,,,"",""
ball,1,0.6,England,JM Bairstow,DJ Malan,A Dutt,0,0,,,,,,"",""
ball,1,1.1,England,DJ Malan,JM Bairstow,LV van Beek,0,0,,,,,,"",""
ball,1,1.2,England,DJ Malan,JM Bairstow,LV van Beek,4,0,,,,,,"",""
ball,1,1.3,England,DJ Malan,JM Bairstow,LV van Beek,4,0,,,,,,"",""
ball,1,1.4,England,DJ Malan,JM Bairstow,LV van Beek,4,0,,,,,,"",""
ball,1,1.5,England,DJ Malan,JM Bairstow,LV van Beek,0,0,,,,,,"",""
ball,1,1.6,England,DJ Malan,JM Bairstow,LV van Beek,0,1,1,,,,,"",""
ball,1,1.7,England,DJ Malan,JM Bairstow,LV van Beek,0,1,1,,,,,"",""
ball,1,1.8,England,DJ Malan,JM Bairstow,LV van Beek,0,0,,,,,,"",""
ball,1,2.1,England,JM Bairstow,DJ Malan,A Dutt,0,0,,,,,,"",""
ball,1,2.2,England,JM Bairstow,DJ Malan,A Dutt,1,0,,,,,,"",""
ball,1,2.3,England,DJ Malan,JM Bairstow,A Dutt,4,0,,,,,,"",""
ball,1,2.4,England,DJ Malan,JM Bairstow,A Dutt,4,0,,,,,,"",""
ball,1,2.5,England,DJ Malan,JM Bairstow,A Dutt,0,0,,,,,,"",""
ball,1,2.6,England,DJ Malan,JM Bairstow,A Dutt,0,0,,,,,,"",""
ball,1,3.1,England,JM Bairstow,DJ Malan,LV van Beek,0,0,,,,,,"",""
ball,1,3.2,England,JM Bairstow,DJ Malan,LV van Beek,1,0,,,,,,"",""
ball,1,3.3,England,DJ Malan,JM Bairstow,LV van Beek,0,0,,,,,,"",""
ball,1,3.4,England,DJ Malan,JM Bairstow,LV van Beek,4,0,,,,,,"",""
ball,1,3.5,England,DJ Malan,JM Bairstow,LV van Beek,1,0,,,,,,"",""
ball,1,3.6,England,JM Bairstow,DJ Malan,LV van Beek,4,0,,,,,,"",""
ball,1,4.1,England,DJ Malan,JM Bairstow,A Dutt,1,0,,,,,,"",""
ball,1,4.2,England,JM Bairstow,DJ Malan,A Dutt,1,0,,,,,,"",""
ball,1,4.3,England,DJ Malan,JM Bairstow,A Dutt,0,0,,,,,,"",""
ball,1,4.4,England,DJ Malan,JM Bairstow,A Dutt,0,0,,,,,,"",""
ball,1,4.5,England,DJ Malan,JM Bairstow,A Dutt,1,0,,,,,,"",""
ball,1,4.6,England,JM Bairstow,DJ Malan,A Dutt,0,0,,,,,,"",""
ball,1,5.1,England,DJ Malan,JM Bairstow,LV van Beek,1,0,,,,,,"",""
ball,1,5.2,England,JM Bairstow,DJ Malan,LV van Beek,1,0,,,,,,"",""
ball,1,5.3,England,DJ Malan,JM Bairstow,LV van Beek,1,0,,,,,,"",""
ball,1,5.4,England,JM Bairstow,DJ Malan,LV van Beek,0,0,,,,,,"",""
ball,1,5.5,England,JM Bairstow,DJ Malan,LV van Beek,1,0,,,,,,"",""
ball,1,5.6,England,DJ Malan,JM Bairstow,LV van Beek,1,0,,,,,,"",""
ball,1,6.1,England,DJ Malan,JM Bairstow,A Dutt,0,0,,,,,,"",""
ball,1,6.2,England,DJ Malan,JM Bairstow,A Dutt,0,0,,,,,,"",""
ball,1,6.3,England,DJ Malan,JM Bairstow,A Dutt,0,0,,,,,,"",""
ball,1,6.4,England,DJ Malan,JM Bairstow,A Dutt,0,0,,,,,,"",""
ball,1,6.5,England,DJ Malan,JM Bairstow,A Dutt,1,0,,,,,,"",""
ball,1,6.6,England,JM Bairstow,DJ Malan,A Dutt,0,0,,,,,,caught,JM Bairstow
ball,1,7.1,England,DJ Malan,JE Root,LV van Beek,2,0,,,,,,"",""
ball,1,7.2,England,DJ Malan,JE Root,LV van Beek,4,0,,,,,,"",""
ball,1,7.3,England,DJ Malan,JE Root,LV van Beek,0,1,1,,,,,"",""
ball,1,7.4,England,DJ Malan,JE Root,LV van Beek,4,0,,,,,,"",""
ball,1,7.5,England,DJ Malan,JE Root,LV van Beek,0,0,,,,,,"",""
ball,1,7.6,England,DJ Malan,JE Root,LV van Beek,4,0,,,,,,"",""
ball,1,7.7,England,DJ Malan,JE Root,LV van Beek,0,0,,,,,,"",""
ball,1,8.1,England,JE Root,DJ Malan,A Dutt,1,0,,,,,,"",""
ball,1,8.2,England,DJ Malan,JE Root,A Dutt,0,0,,,,,,"",""
ball,1,8.3,England,DJ Malan,JE Root,A Dutt,4,0,,,,,,"",""
ball,1,8.4,England,DJ Malan,JE Root,A Dutt,0,0,,,,,,"",""
ball,1,8.5,England,DJ Malan,JE Root,A Dutt,0,0,,,,,,"",""
ball,1,8.6,England,DJ Malan,JE Root,A Dutt,1,0,,,,,,"",""
ball,1,9.1,England,DJ Malan,JE Root,PA van Meekeren,1,0,,,,,,"",""
ball,1,9.2,England,JE Root,DJ Malan,PA van Meekeren,0,0,,,,,,"",""
ball,1,9.3,England,JE Root,DJ Malan,PA van Meekeren,0,0,,,,,,"",""
ball,1,9.4,England,JE Root,DJ Malan,PA van Meekeren,0,0,,,,,,"",""
ball,1,9.5,England,JE Root,DJ Malan,PA van Meekeren,0,0,,,,,,"",""
ball,1,9.6,England,JE Root,DJ Malan,PA van Meekeren,0,0,,,,,,"",""
ball,1,10.1,England,DJ Malan,JE Root,BFW de Leede,0,0,,,,,,"",""
ball,1,10.2,England,DJ Malan,JE Root,BFW de Leede,1,0,,,,,,"",""
ball,1,10.3,England,JE Root,DJ Malan,BFW de Leede,1,0,,,,,,"",""
ball,1,10.4,England,DJ Malan,JE Root,BFW de Leede,0,0,,,,,,"",""
ball,1,10.5,England,DJ Malan,JE Root,BFW de Leede,0,0,,,,,,"",""
ball,1,10.6,England,DJ Malan,JE Root,BFW de Leede,1,0,,,,,,"",""
ball,1,11.1,England,DJ Malan,JE Root,PA van Meekeren,2,0,,,,,,"",""
ball,1,11.2,England,DJ Malan,JE Root,PA van Meekeren,1,0,,,,,,"",""
ball,1,11.3,England,JE Root,DJ Malan,PA van Meekeren,0,0,,,,,,"",""
ball,1,11.4,England,JE Root,DJ Malan,PA van Meekeren,0,0,,,,,,"",""
ball,1,11.5,England,JE Root,DJ Malan,PA van Meekeren,1,0,,,,,,"",""
ball,1,11.6,England,DJ Malan,JE Root,PA van Meekeren,1,0,,,,,,"",""
ball,1,12.1,England,DJ Malan,JE Root,BFW de Leede,0,0,,,,,,"",""
ball,1,12.2,England,DJ Malan,JE Root,BFW de Leede,1,0,,,,,,"",""
ball,1,12.3,England,JE Root,DJ Malan,BFW de Leede,2,0,,,,,,"",""
ball,1,12.4,England,JE Root,DJ Malan,BFW de Leede,0,0,,,,,,"",""
ball,1,12.5,England,JE Root,DJ Malan,BFW de Leede,0,0,,,,,,"",""
ball,1,12.6,England,JE Root,DJ Malan,BFW de Leede,1,0,,,,,,"",""
ball,1,13.1,England,JE Root,DJ Malan,PA van Meekeren,0,1,1,,,,,"",""
ball,1,13.2,England,JE Root,DJ Malan,PA van Meekeren,4,0,,,,,,"",""
ball,1,13.3,England,JE Root,DJ Malan,PA van Meekeren,1,0,,,,,,"",""
ball,1,13.4,England,DJ Malan,JE Root,PA van Meekeren,1,0,,,,,,"",""
ball,1,13.5,England,JE Root,DJ Malan,PA van Meekeren,2,0,,,,,,"",""
ball,1,13.6,England,JE Root,DJ Malan,PA van Meekeren,1,0,,,,,,"",""
ball,1,13.7,England,DJ Malan,JE Root,PA van Meekeren,0,0,,,,,,"",""
ball,1,14.1,England,JE Root,DJ Malan,RE van der Merwe,1,0,,,,,,"",""
ball,1,14.2,England,DJ Malan,JE Root,RE van der Merwe,1,0,,,,,,"",""
ball,1,14.3,England,JE Root,DJ Malan,RE van der Merwe,1,0,,,,,,"",""
ball,1,14.4,England,DJ Malan,JE Root,RE van der Merwe,0,0,,,,,,"",""
ball,1,14.5,England,DJ Malan,JE Root,RE van der Merwe,1,0,,,,,,"",""
ball,1,14.6,England,JE Root,DJ Malan,RE van der Merwe,0,0,,,,,,"",""
ball,1,15.1,England,DJ Malan,JE Root,CN Ackermann,1,0,,,,,,"",""
ball,1,15.2,England,JE Root,DJ Malan,CN Ackermann,0,0,,,,,,"",""
ball,1,15.3,England,JE Root,DJ Malan,CN Ackermann,1,0,,,,,,"",""
ball,1,15.4,England,DJ Malan,JE Root,CN Ackermann,1,0,,,,,,"",""
ball,1,15.5,England,JE Root,DJ Malan,CN Ackermann,1,0,,,,,,"",""
ball,1,15.6,England,DJ Malan,JE Root,CN Ackermann,1,0,,,,,,"",""
ball,1,16.1,England,DJ Malan,JE Root,RE van der Merwe,6,0,,,,,,"",""
ball,1,16.2,England,DJ Malan,JE Root,RE van der Merwe,1,0,,,,,,"",""
ball,1,16.3,England,JE Root,DJ Malan,RE van der Merwe,1,0,,,,,,"",""
ball,1,16.4,England,DJ Malan,JE Root,RE van der Merwe,1,0,,,,,,"",""
ball,1,16.5,England,JE Root,DJ Malan,RE van der Merwe,1,0,,,,,,"",""
ball,1,16.6,England,DJ Malan,JE Root,RE van der Merwe,0,0,,,,,,"",""
ball,1,17.1,England,JE Root,DJ Malan,CN Ackermann,1,0,,,,,,"",""
ball,1,17.2,England,DJ Malan,JE Root,CN Ackermann,1,0,,,,,,"",""
ball,1,17.3,England,JE Root,DJ Malan,CN Ackermann,1,0,,,,,,"",""
ball,1,17.4,England,DJ Malan,JE Root,CN Ackermann,1,0,,,,,,"",""
ball,1,17.5,England,JE Root,DJ Malan,CN Ackermann,1,0,,,,,,"",""
ball,1,17.6,England,DJ Malan,JE Root,CN Ackermann,1,0,,,,,,"",""
ball,1,18.1,England,DJ Malan,JE Root,RE van der Merwe,0,0,,,,,,"",""
ball,1,18.2,England,DJ Malan,JE Root,RE van der Merwe,6,0,,,,,,"",""
ball,1,18.3,England,DJ Malan,JE Root,RE van der Merwe,0,0,,,,,,"",""
ball,1,18.4,England,DJ Malan,JE Root,RE van der Merwe,1,0,,,,,,"",""
ball,1,18.5,England,JE Root,DJ Malan,RE van der Merwe,0,0,,,,,,"",""
ball,1,18.6,England,JE Root,DJ Malan,RE van der Merwe,1,0,,,,,,"",""
ball,1,19.1,England,JE Root,DJ Malan,A Dutt,2,0,,,,,,"",""
ball,1,19.2,England,JE Root,DJ Malan,A Dutt,1,0,,,,,,"",""
ball,1,19.3,England,DJ Malan,JE Root,A Dutt,1,0,,,,,,"",""
ball,1,19.4,England,JE Root,DJ Malan,A Dutt,1,0,,,,,,"",""
ball,1,19.5,England,DJ Malan,JE Root,A Dutt,0,1,1,,,,,"",""
ball,1,19.6,England,DJ Malan,JE Root,A Dutt,0,0,,,,,,"",""
ball,1,19.7,England,DJ Malan,JE Root,A Dutt,1,0,,,,,,"",""
ball,1,20.1,England,DJ Malan,JE Root,LV van Beek,1,0,,,,,,"",""
ball,1,20.2,England,JE Root,DJ Malan,LV van Beek,0,0,,,,,,bowled,JE Root
ball,1,20.3,England,BA Stokes,DJ Malan,LV van Beek,0,0,,,,,,"",""
ball,1,20.4,England,BA Stokes,DJ Malan,LV van Beek,0,0,,,,,,"",""
ball,1,20.5,England,BA Stokes,DJ Malan,LV van Beek,1,0,,,,,,"",""
ball,1,20.6,England,DJ Malan,BA Stokes,LV van Beek,1,0,,,,,,"",""
ball,1,21.1,England,DJ Malan,BA Stokes,A Dutt,0,0,,,,,,"",""
ball,1,21.2,England,DJ Malan,BA Stokes,A Dutt,1,0,,,,,,"",""
ball,1,21.3,England,BA Stokes,DJ Malan,A Dutt,2,0,,,,,,"",""
ball,1,21.4,England,BA Stokes,DJ Malan,A Dutt,0,0,,,,,,"",""
ball,1,21.5,England,BA Stokes,DJ Malan,A Dutt,1,0,,,,,,"",""
ball,1,21.6,England,DJ Malan,BA Stokes,A Dutt,0,0,,,,,,run out,DJ Malan
ball,1,22.1,England,BA Stokes,HC Brook,LV van Beek,0,0,,,,,,"",""
ball,1,22.2,England,BA Stokes,HC Brook,LV van Beek,0,0,,,,,,"",""
ball,1,22.3,England,BA Stokes,HC Brook,LV van Beek,1,0,,,,,,"",""
ball,1,22.4,England,HC Brook,BA Stokes,LV van Beek,0,0,,,,,,"",""
ball,1,22.5,England,HC Brook,BA Stokes,LV van Beek,0,0,,,,,,"",""
ball,1,22.6,England,HC Brook,BA Stokes,LV van Beek,1,0,,,,,,"",""
ball,1,23.1,England,HC Brook,BA Stokes,PA van Meekeren,0,0,,,,,,"",""
ball,1,23.2,England,HC Brook,BA Stokes,PA van Meekeren,0,0,,,,,,"",""
ball,1,23.3,England,HC Brook,BA Stokes,PA van Meekeren,4,0,,,,,,"",""
ball,1,23.4,England,HC Brook,BA Stokes,PA van Meekeren,4,0,,,,,,"",""
ball,1,23.5,England,HC Brook,BA Stokes,PA van Meekeren,0,0,,,,,,"",""
ball,1,23.6,England,HC Brook,BA Stokes,PA van Meekeren,0,0,,,,,,"",""
ball,1,24.1,England,BA Stokes,HC Brook,BFW de Leede,4,0,,,,,,"",""
ball,1,24.2,England,BA Stokes,HC Brook,BFW de Leede,1,0,,,,,,"",""
ball,1,24.3,England,HC Brook,BA Stokes,BFW de Leede,0,0,,,,,,"",""
ball,1,24.4,England,HC Brook,BA Stokes,BFW de Leede,0,0,,,,,,"",""
ball,1,24.5,England,HC Brook,BA Stokes,BFW de Leede,1,0,,,,,,"",""
ball,1,24.6,England,BA Stokes,HC Brook,BFW de Leede,0,0,,,,,,"",""
ball,1,25.1,England,HC Brook,BA Stokes,PA van Meekeren,1,0,,,,,,"",""
ball,1,25.2,England,BA Stokes,HC Brook,PA van Meekeren,0,0,,,,,,"",""
ball,1,25.3,England,BA Stokes,HC Brook,PA van Meekeren,4,0,,,,,,"",""
ball,1,25.4,England,BA Stokes,HC Brook,PA van Meekeren,2,0,,,,,,"",""
ball,1,25.5,England,BA Stokes,HC Brook,PA van Meekeren,1,0,,,,,,"",""
ball,1,25.6,England,HC Brook,BA Stokes,PA van Meekeren,0,0,,,,,,"",""
ball,1,26.1,England,BA Stokes,HC Brook,BFW de Leede,0,0,,,,,,"",""
ball,1,26.2,England,BA Stokes,HC Brook,BFW de Leede,0,0,,,,,,"",""
ball,1,26.3,England,BA Stokes,HC Brook,BFW de Leede,1,0,,,,,,"",""
ball,1,26.4,England,HC Brook,BA Stokes,BFW de Leede,0,0,,,,,,"",""
ball,1,26.5,England,HC Brook,BA Stokes,BFW de Leede,0,0,,,,,,caught,HC Brook
ball,1,26.6,England,JC Buttler,BA Stokes,BFW de Leede,0,0,,,,,,"",""
ball,1,27.1,England,BA Stokes,JC Buttler,CN Ackermann,1,0,,,,,,"",""
ball,1,27.2,England,JC Buttler,BA Stokes,CN Ackermann,0,0,,,,,,"",""
ball,1,27.3,England,JC Buttler,BA Stokes,CN Ackermann,0,0,,,,,,"",""
ball,1,27.4,England,JC Buttler,BA Stokes,CN Ackermann,0,0,,,,,,"",""
ball,1,27.5,England,JC Buttler,BA Stokes,CN Ackermann,2,0,,,,,,"",""
ball,1,27.6,England,JC Buttler,BA Stokes,CN Ackermann,0,0,,,,,,"",""
ball,1,28.1,England,BA Stokes,JC Buttler,BFW de Leede,1,0,,,,,,"",""
ball,1,28.2,England,JC Buttler,BA Stokes,BFW de Leede,1,0,,,,,,"",""
ball,1,28.3,England,BA Stokes,JC Buttler,BFW de Leede,0,0,,,,,,"",""
ball,1,28.4,England,BA Stokes,JC Buttler,BFW de Leede,0,0,,,,,,"",""
ball,1,28.5,England,BA Stokes,JC Buttler,BFW de Leede,4,0,,,,,,"",""
ball,1,28.6,England,BA Stokes,JC Buttler,BFW de Leede,1,0,,,,,,"",""
ball,1,29.1,England,BA Stokes,JC Buttler,CN Ackermann,0,0,,,,,,"",""
ball,1,29.2,England,BA Stokes,JC Buttler,CN Ackermann,1,0,,,,,,"",""
ball,1,29.3,England,JC Buttler,BA Stokes,CN Ackermann,1,0,,,,,,"",""
ball,1,29.4,England,BA Stokes,JC Buttler,CN Ackermann,1,0,,,,,,"",""
ball,1,29.5,England,JC Buttler,BA Stokes,CN Ackermann,0,0,,,,,,"",""
ball,1,29.6,England,JC Buttler,BA Stokes,CN Ackermann,1,0,,,,,,"",""
ball,1,30.1,England,JC Buttler,BA Stokes,PA van Meekeren,0,0,,,,,,caught,JC Buttler
ball,1,30.2,England,MM Ali,BA Stokes,PA van Meekeren,0,0,,,,,,"",""
ball,1,30.3,England,MM Ali,BA Stokes,PA van Meekeren,0,0,,,,,,"",""
ball,1,30.4,England,MM Ali,BA Stokes,PA van Meekeren,1,0,,,,,,"",""
ball,1,30.5,England,BA Stokes,MM Ali,PA van Meekeren,0,0,,,,,,"",""
ball,1,30.6,England,BA Stokes,MM Ali,PA van Meekeren,1,0,,,,,,"",""
ball,1,31.1,England,BA Stokes,MM Ali,CN Ackermann,0,0,,,,,,"",""
ball,1,31.2,England,BA Stokes,MM Ali,CN Ackermann,1,0,,,,,,"",""
ball,1,31.3,England,MM Ali,BA Stokes,CN Ackermann,0,0,,,,,,"",""
ball,1,31.4,England,MM Ali,BA Stokes,CN Ackermann,0,0,,,,,,"",""
ball,1,31.5,England,MM Ali,BA Stokes,CN Ackermann,1,0,,,,,,"",""
ball,1,31.6,England,BA Stokes,MM Ali,CN Ackermann,1,0,,,,,,"",""
ball,1,32.1,England,BA Stokes,MM Ali,PA van Meekeren,0,1,1,,,,,"",""
ball,1,32.2,England,BA Stokes,MM Ali,PA van Meekeren,1,0,,,,,,"",""
ball,1,32.3,England,MM Ali,BA Stokes,PA van Meekeren,0,0,,,,,,"",""
ball,1,32.4,England,MM Ali,BA Stokes,PA van Meekeren,0,0,,,,,,"",""
ball,1,32.5,England,MM Ali,BA Stokes,PA van Meekeren,1,0,,,,,,"",""
ball,1,32.6,England,BA Stokes,MM Ali,PA van Meekeren,0,0,,,,,,"",""
ball,1,32.7,England,BA Stokes,MM Ali,PA van Meekeren,0,0,,,,,,"",""
ball,1,33.1,England,MM Ali,BA Stokes,CN Ackermann,0,0,,,,,,"",""
ball,1,33.2,England,MM Ali,BA Stokes,CN Ackermann,1,0,,,,,,"",""
ball,1,33.3,England,BA Stokes,MM Ali,CN Ackermann,0,0,,,,,,"",""
ball,1,33.4,England,BA Stokes,MM Ali,CN Ackermann,0,0,,,,,,"",""
ball,1,33.5,England,BA Stokes,MM Ali,CN Ackermann,1,0,,,,,,"",""
ball,1,33.6,England,MM Ali,BA Stokes,CN Ackermann,0,0,,,,,,"",""
ball,1,34.1,England,BA Stokes,MM Ali,BFW de Leede,0,0,,,,,,"",""
ball,1,34.2,England,BA Stokes,MM Ali,BFW de Leede,2,0,,,,,,"",""
ball,1,34.3,England,BA Stokes,MM Ali,BFW de Leede,0,0,,,,,,"",""
ball,1,34.4,England,BA Stokes,MM Ali,BFW de Leede,1,0,,,,,,"",""
ball,1,34.5,England,MM Ali,BA Stokes,BFW de Leede,0,0,,,,,,"",""
ball,1,34.6,England,MM Ali,BA Stokes,BFW de Leede,0,0,,,,,,"",""
ball,1,35.1,England,BA Stokes,MM Ali,A Dutt,1,0,,,,,,"",""
ball,1,35.2,England,MM Ali,BA Stokes,A Dutt,0,0,,,,,,caught,MM Ali
ball,1,35.3,England,CR Woakes,BA Stokes,A Dutt,0,0,,,,,,"",""
ball,1,35.4,England,CR Woakes,BA Stokes,A Dutt,1,0,,,,,,"",""
ball,1,35.5,England,BA Stokes,CR Woakes,A Dutt,0,0,,,,,,"",""
ball,1,35.6,England,BA Stokes,CR Woakes,A Dutt,1,0,,,,,,"",""
ball,1,36.1,England,BA Stokes,CR Woakes,BFW de Leede,2,0,,,,,,"",""
ball,1,36.2,England,BA Stokes,CR Woakes,BFW de Leede,1,0,,,,,,"",""
ball,1,36.3,England,CR Woakes,BA Stokes,BFW de Leede,0,0,,,,,,"",""
ball,1,36.4,England,CR Woakes,BA Stokes,BFW de Leede,2,0,,,,,,"",""
ball,1,36.5,England,CR Woakes,BA Stokes,BFW de Leede,1,0,,,,,,"",""
ball,1,36.6,England,BA Stokes,CR Woakes,BFW de Leede,0,0,,,,,,"",""
ball,1,37.1,England,CR Woakes,BA Stokes,A Dutt,0,0,,,,,,"",""
ball,1,37.2,England,CR Woakes,BA Stokes,A Dutt,1,0,,,,,,"",""
ball,1,37.3,England,BA Stokes,CR Woakes,A Dutt,1,0,,,,,,"",""
ball,1,37.4,England,CR Woakes,BA Stokes,A Dutt,2,0,,,,,,"",""
ball,1,37.5,England,CR Woakes,BA Stokes,A Dutt,0,0,,,,,,"",""
ball,1,37.6,England,CR Woakes,BA Stokes,A Dutt,0,0,,,,,,"",""
ball,1,38.1,England,BA Stokes,CR Woakes,LV van Beek,0,0,,,,,,"",""
ball,1,38.2,England,BA Stokes,CR Woakes,LV van Beek,1,0,,,,,,"",""
ball,1,38.3,England,CR Woakes,BA Stokes,LV van Beek,0,0,,,,,,"",""
ball,1,38.4,England,CR Woakes,BA Stokes,LV van Beek,0,0,,,,,,"",""
ball,1,38.5,England,CR Woakes,BA Stokes,LV van Beek,2,0,,,,,,"",""
ball,1,38.6,England,CR Woakes,BA Stokes,LV van Beek,0,0,,,,,,"",""
ball,1,39.1,England,BA Stokes,CR Woakes,CN Ackermann,1,0,,,,,,"",""
ball,1,39.2,England,CR Woakes,BA Stokes,CN Ackermann,4,0,,,,,,"",""
ball,1,39.3,England,CR Woakes,BA Stokes,CN Ackermann,1,0,,,,,,"",""
ball,1,39.4,England,BA Stokes,CR Woakes,CN Ackermann,1,0,,,,,,"",""
ball,1,39.5,England,CR Woakes,BA Stokes,CN Ackermann,0,0,,,,,,"",""
ball,1,39.6,England,CR Woakes,BA Stokes,CN Ackermann,1,0,,,,,,"",""
ball,1,40.1,England,CR Woakes,BA Stokes,LV van Beek,1,0,,,,,,"",""
ball,1,40.2,England,BA Stokes,CR Woakes,LV van Beek,0,0,,,,,,"",""
ball,1,40.3,England,BA Stokes,CR Woakes,LV van Beek,1,0,,,,,,"",""
ball,1,40.4,England,CR Woakes,BA Stokes,LV van Beek,4,0,,,,,,"",""
ball,1,40.5,England,CR Woakes,BA Stokes,LV van Beek,0,0,,,,,,"",""
ball,1,40.6,England,CR Woakes,BA Stokes,LV van Beek,4,0,,,,,,"",""
ball,1,41.1,England,BA Stokes,CR Woakes,PA van Meekeren,1,0,,,,,,"",""
ball,1,41.2,England,CR Woakes,BA Stokes,PA van Meekeren,0,0,,,,,,"",""
ball,1,41.3,England,CR Woakes,BA Stokes,PA van Meekeren,0,0,,,,,,"",""
ball,1,41.4,England,CR Woakes,BA Stokes,PA van Meekeren,0,0,,,,,,"",""
ball,1,41.5,England,CR Woakes,BA Stokes,PA van Meekeren,2,0,,,,,,"",""
ball,1,41.6,England,CR Woakes,BA Stokes,PA van Meekeren,1,0,,,,,,"",""
ball,1,42.1,England,CR Woakes,BA Stokes,BFW de Leede,0,0,,,,,,"",""
ball,1,42.2,England,CR Woakes,BA Stokes,BFW de Leede,1,0,,,,,,"",""
ball,1,42.3,England,BA Stokes,CR Woakes,BFW de Leede,6,0,,,,,,"",""
ball,1,42.4,England,BA Stokes,CR Woakes,BFW de Leede,1,0,,,,,,"",""
ball,1,42.5,England,CR Woakes,BA Stokes,BFW de Leede,1,0,,,,,,"",""
ball,1,42.6,England,BA Stokes,CR Woakes,BFW de Leede,1,0,,,,,,"",""
ball,1,43.1,England,BA Stokes,CR Woakes,PA van Meekeren,2,0,,,,,,"",""
ball,1,43.2,England,BA Stokes,CR Woakes,PA van Meekeren,1,0,,,,,,"",""
ball,1,43.3,England,CR Woakes,BA Stokes,PA van Meekeren,0,0,,,,,,"",""
ball,1,43.4,England,CR Woakes,BA Stokes,PA van Meekeren,1,0,,,,,,"",""
ball,1,43.5,England,BA Stokes,CR Woakes,PA van Meekeren,0,1,1,,,,,"",""
ball,1,43.6,England,BA Stokes,CR Woakes,PA van Meekeren,1,0,,,,,,"",""
ball,1,43.7,England,CR Woakes,BA Stokes,PA van Meekeren,1,0,,,,,,"",""
ball,1,44.1,England,CR Woakes,BA Stokes,A Dutt,1,0,,,,,,"",""
ball,1,44.2,England,BA Stokes,CR Woakes,A Dutt,4,0,,,,,,"",""
ball,1,44.3,England,BA Stokes,CR Woakes,A Dutt,6,0,,,,,,"",""
ball,1,44.4,England,BA Stokes,CR Woakes,A Dutt,0,0,,,,,,"",""
ball,1,44.5,England,BA Stokes,CR Woakes,A Dutt,0,0,,,,,,"",""
ball,1,44.6,England,BA Stokes,CR Woakes,A Dutt,6,1,,1,,,,"",""
ball,1,44.7,England,BA Stokes,CR Woakes,A Dutt,6,0,,,,,,"",""
ball,1,45.1,England,CR Woakes,BA Stokes,LV van Beek,0,1,1,,,,,"",""
ball,1,45.2,England,CR Woakes,BA Stokes,LV van Beek,0,1,1,,,,,"",""
ball,1,45.3,England,CR Woakes,BA Stokes,LV van Beek,1,0,,,,,,"",""
ball,1,45.4,England,BA Stokes,CR Woakes,LV van Beek,1,0,,,,,,"",""
ball,1,45.5,England,CR Woakes,BA Stokes,LV van Beek,0,5,5,,,,,"",""
ball,1,45.6,England,CR Woakes,BA Stokes,LV van Beek,0,0,,,,,,"",""
ball,1,45.7,England,CR Woakes,BA Stokes,LV van Beek,2,0,,,,,,"",""
ball,1,45.8,England,CR Woakes,BA Stokes,LV van Beek,0,1,1,,,,,"",""
ball,1,45.9,England,CR Woakes,BA Stokes,LV van Beek,1,0,,,,,,"",""
ball,1,45.10,England,BA Stokes,CR Woakes,LV van Beek,1,0,,,,,,"",""
ball,1,46.1,England,BA Stokes,CR Woakes,BFW de Leede,2,0,,,,,,"",""
ball,1,46.2,England,BA Stokes,CR Woakes,BFW de Leede,0,0,,,,,,"",""
ball,1,46.3,England,BA Stokes,CR Woakes,BFW de Leede,6,0,,,,,,"",""
ball,1,46.4,England,BA Stokes,CR Woakes,BFW de Leede,4,0,,,,,,"",""
ball,1,46.5,England,BA Stokes,CR Woakes,BFW de Leede,1,0,,,,,,"",""
ball,1,46.6,England,CR Woakes,BA Stokes,BFW de Leede,4,0,,,,,,"",""
ball,1,47.1,England,BA Stokes,CR Woakes,PA van Meekeren,1,0,,,,,,"",""
ball,1,47.2,England,CR Woakes,BA Stokes,PA van Meekeren,0,1,1,,,,,"",""
ball,1,47.3,England,CR Woakes,BA Stokes,PA van Meekeren,0,0,,,,,,"",""
ball,1,47.4,England,CR Woakes,BA Stokes,PA van Meekeren,0,0,,,,,,"",""
ball,1,47.5,England,CR Woakes,BA Stokes,PA van Meekeren,1,0,,,,,,"",""
ball,1,47.6,England,BA Stokes,CR Woakes,PA van Meekeren,0,1,1,,,,,"",""
ball,1,47.7,England,BA Stokes,CR Woakes,PA van Meekeren,4,0,,,,,,"",""
ball,1,47.8,England,BA Stokes,CR Woakes,PA van Meekeren,1,0,,,,,,"",""
ball,1,48.1,England,BA Stokes,CR Woakes,BFW de Leede,1,0,,,,,,"",""
ball,1,48.2,England,CR Woakes,BA Stokes,BFW de Leede,6,0,,,,,,"",""
ball,1,48.3,England,CR Woakes,BA Stokes,BFW de Leede,4,0,,,,,,"",""
ball,1,48.4,England,CR Woakes,BA Stokes,BFW de Leede,0,0,,,,,,caught,CR Woakes
ball,1,48.5,England,DJ Willey,BA Stokes,BFW de Leede,6,0,,,,,,"",""
ball,1,48.6,England,DJ Willey,BA Stokes,BFW de Leede,0,0,,,,,,caught,DJ Willey
ball,1,49.1,England,BA Stokes,AAP Atkinson,LV van Beek,0,1,1,,,,,"",""
ball,1,49.2,England,BA Stokes,AAP Atkinson,LV van Beek,0,0,,,,,,"",""
ball,1,49.3,England,BA Stokes,AAP Atkinson,LV van Beek,6,0,,,,,,"",""
ball,1,49.4,England,BA Stokes,AAP Atkinson,LV van Beek,0,0,,,,,,"",""
ball,1,49.5,England,BA Stokes,AAP Atkinson,LV van Beek,0,0,,,,,,caught,BA Stokes
ball,1,49.6,England,AU Rashid,AAP Atkinson,LV van Beek,1,0,,,,,,"",""
ball,1,49.7,England,AAP Atkinson,AU Rashid,LV van Beek,0,1,1,,,,,"",""
ball,1,49.8,England,AAP Atkinson,AU Rashid,LV van Beek,0,1,1,,,,,"",""
ball,1,49.9,England,AAP Atkinson,AU Rashid,LV van Beek,2,0,,,,,,"",""
ball,2,0.1,Netherlands,W Barresi,MP O'Dowd,CR Woakes,0,1,1,,,,,"",""
ball,2,0.2,Netherlands,W Barresi,MP O'Dowd,CR Woakes,0,0,,,,,,"",""
ball,2,0.3,Netherlands,W Barresi,MP O'Dowd,CR Woakes,0,0,,,,,,"",""
ball,2,0.4,Netherlands,W Barresi,MP O'Dowd,CR Woakes,0,0,,,,,,"",""
ball,2,0.5,Netherlands,W Barresi,MP O'Dowd,CR Woakes,0,0,,,,,,"",""
ball,2,0.6,Netherlands,W Barresi,MP O'Dowd,CR Woakes,1,0,,,,,,"",""
ball,2,0.7,Netherlands,MP O'Dowd,W Barresi,CR Woakes,0,0,,,,,,"",""
ball,2,1.1,Netherlands,W Barresi,MP O'Dowd,DJ Willey,0,0,,,,,,"",""
ball,2,1.2,Netherlands,W Barresi,MP O'Dowd,DJ Willey,0,0,,,,,,"",""
ball,2,1.3,Netherlands,W Barresi,MP O'Dowd,DJ Willey,0,0,,,,,,"",""
ball,2,1.4,Netherlands,W Barresi,MP O'Dowd,DJ Willey,0,0,,,,,,"",""
ball,2,1.5,Netherlands,W Barresi,MP O'Dowd,DJ Willey,0,0,,,,,,"",""
ball,2,1.6,Netherlands,W Barresi,MP O'Dowd,DJ Willey,0,0,,,,,,"",""
ball,2,2.1,Netherlands,MP O'Dowd,W Barresi,CR Woakes,0,0,,,,,,"",""
ball,2,2.2,Netherlands,MP O'Dowd,W Barresi,CR Woakes,0,0,,,,,,"",""
ball,2,2.3,Netherlands,MP O'Dowd,W Barresi,CR Woakes,0,0,,,,,,"",""
ball,2,2.4,Netherlands,MP O'Dowd,W Barresi,CR Woakes,0,0,,,,,,"",""
ball,2,2.5,Netherlands,MP O'Dowd,W Barresi,CR Woakes,1,0,,,,,,"",""
ball,2,2.6,Netherlands,W Barresi,MP O'Dowd,CR Woakes,1,0,,,,,,"",""
ball,2,3.1,Netherlands,W Barresi,MP O'Dowd,DJ Willey,0,0,,,,,,"",""
ball,2,3.2,Netherlands,W Barresi,MP O'Dowd,DJ Willey,0,0,,,,,,"",""
ball,2,3.3,Netherlands,W Barresi,MP O'Dowd,DJ Willey,4,0,,,,,,"",""
ball,2,3.4,Netherlands,W Barresi,MP O'Dowd,DJ Willey,0,0,,,,,,"",""
ball,2,3.5,Netherlands,W Barresi,MP O'Dowd,DJ Willey,0,0,,,,,,"",""
ball,2,3.6,Netherlands,W Barresi,MP O'Dowd,DJ Willey,0,0,,,,,,"",""
ball,2,4.1,Netherlands,MP O'Dowd,W Barresi,CR Woakes,4,0,,,,,,"",""
ball,2,4.2,Netherlands,MP O'Dowd,W Barresi,CR Woakes,0,0,,,,,,"",""
ball,2,4.3,Netherlands,MP O'Dowd,W Barresi,CR Woakes,0,0,,,,,,"",""
ball,2,4.4,Netherlands,MP O'Dowd,W Barresi,CR Woakes,0,0,,,,,,"",""
ball,2,4.5,Netherlands,MP O'Dowd,W Barresi,CR Woakes,0,0,,,,,,caught,MP O'Dowd
ball,2,4.6,Netherlands,CN Ackermann,W Barresi,CR Woakes,0,0,,,,,,"",""
ball,2,5.1,Netherlands,W Barresi,CN Ackermann,DJ Willey,0,0,,,,,,"",""
ball,2,5.2,Netherlands,W Barresi,CN Ackermann,DJ Willey,0,0,,,,,,"",""
ball,2,5.3,Netherlands,W Barresi,CN Ackermann,DJ Willey,1,0,,,,,,"",""
ball,2,5.4,Netherlands,CN Ackermann,W Barresi,DJ Willey,0,0,,,,,,caught,CN Ackermann
ball,2,5.5,Netherlands,SA Engelbrecht,W Barresi,DJ Willey,2,0,,,,,,"",""
ball,2,5.6,Netherlands,SA Engelbrecht,W Barresi,DJ Willey,4,0,,,,,,"",""
ball,2,6.1,Netherlands,W Barresi,SA Engelbrecht,CR Woakes,0,0,,,,,,"",""
ball,2,6.2,Netherlands,W Barresi,SA Engelbrecht,CR Woakes,0,0,,,,,,"",""
ball,2,6.3,Netherlands,W Barresi,SA Engelbrecht,CR Woakes,0,0,,,,,,"",""
ball,2,6.4,Netherlands,W Barresi,SA Engelbrecht,CR Woakes,2,0,,,,,,"",""
ball,2,6.5,Netherlands,W Barresi,SA Engelbrecht,CR Woakes,0,0,,,,,,"",""
ball,2,6.6,Netherlands,W Barresi,SA Engelbrecht,CR Woakes,0,0,,,,,,"",""
ball,2,7.1,Netherlands,SA Engelbrecht,W Barresi,DJ Willey,0,0,,,,,,"",""
ball,2,7.2,Netherlands,SA Engelbrecht,W Barresi,DJ Willey,0,0,,,,,,"",""
ball,2,7.3,Netherlands,SA Engelbrecht,W Barresi,DJ Willey,0,0,,,,,,"",""
ball,2,7.4,Netherlands,SA Engelbrecht,W Barresi,DJ Willey,0,0,,,,,,"",""
ball,2,7.5,Netherlands,SA Engelbrecht,W Barresi,DJ Willey,0,0,,,,,,"",""
ball,2,7.6,Netherlands,SA Engelbrecht,W Barresi,DJ Willey,0,0,,,,,,"",""
ball,2,8.1,Netherlands,W Barresi,SA Engelbrecht,CR Woakes,0,0,,,,,,"",""
ball,2,8.2,Netherlands,W Barresi,SA Engelbrecht,CR Woakes,0,0,,,,,,"",""
ball,2,8.3,Netherlands,W Barresi,SA Engelbrecht,CR Woakes,0,0,,,,,,"",""
ball,2,8.4,Netherlands,W Barresi,SA Engelbrecht,CR Woakes,0,0,,,,,,"",""
ball,2,8.5,Netherlands,W Barresi,SA Engelbrecht,CR Woakes,0,0,,,,,,"",""
ball,2,8.6,Netherlands,W Barresi,SA Engelbrecht,CR Woakes,1,0,,,,,,"",""
ball,2,9.1,Netherlands,W Barresi,SA Engelbrecht,DJ Willey,0,0,,,,,,"",""
ball,2,9.2,Netherlands,W Barresi,SA Engelbrecht,DJ Willey,0,0,,,,,,"",""
ball,2,9.3,Netherlands,W Barresi,SA Engelbrecht,DJ Willey,0,0,,,,,,"",""
ball,2,9.4,Netherlands,W Barresi,SA Engelbrecht,DJ Willey,0,0,,,,,,"",""
ball,2,9.5,Netherlands,W Barresi,SA Engelbrecht,DJ Willey,1,0,,,,,,"",""
ball,2,9.6,Netherlands,SA Engelbrecht,W Barresi,DJ Willey,0,0,,,,,,"",""
ball,2,10.1,Netherlands,W Barresi,SA Engelbrecht,AAP Atkinson,0,0,,,,,,"",""
ball,2,10.2,Netherlands,W Barresi,SA Engelbrecht,AAP Atkinson,1,0,,,,,,"",""
ball,2,10.3,Netherlands,SA Engelbrecht,W Barresi,AAP Atkinson,0,0,,,,,,"",""
ball,2,10.4,Netherlands,SA Engelbrecht,W Barresi,AAP Atkinson,4,0,,,,,,"",""
ball,2,10.5,Netherlands,SA Engelbrecht,W Barresi,AAP Atkinson,0,0,,,,,,"",""
ball,2,10.6,Netherlands,SA Engelbrecht,W Barresi,AAP Atkinson,0,0,,,,,,"",""
ball,2,11.1,Netherlands,W Barresi,SA Engelbrecht,MM Ali,1,0,,,,,,"",""
ball,2,11.2,Netherlands,SA Engelbrecht,W Barresi,MM Ali,1,0,,,,,,"",""
ball,2,11.3,Netherlands,W Barresi,SA Engelbrecht,MM Ali,0,0,,,,,,"",""
ball,2,11.4,Netherlands,W Barresi,SA Engelbrecht,MM Ali,0,0,,,,,,"",""
ball,2,11.5,Netherlands,W Barresi,SA Engelbrecht,MM Ali,2,0,,,,,,"",""
ball,2,11.6,Netherlands,W Barresi,SA Engelbrecht,MM Ali,0,0,,,,,,"",""
ball,2,12.1,Netherlands,SA Engelbrecht,W Barresi,AAP Atkinson,1,0,,,,,,"",""
ball,2,12.2,Netherlands,W Barresi,SA Engelbrecht,AAP Atkinson,1,0,,,,,,"",""
ball,2,12.3,Netherlands,SA Engelbrecht,W Barresi,AAP Atkinson,0,0,,,,,,"",""
ball,2,12.4,Netherlands,SA Engelbrecht,W Barresi,AAP Atkinson,0,0,,,,,,"",""
ball,2,12.5,Netherlands,SA Engelbrecht,W Barresi,AAP Atkinson,0,1,1,,,,,"",""
ball,2,12.6,Netherlands,SA Engelbrecht,W Barresi,AAP Atkinson,2,0,,,,,,"",""
ball,2,12.7,Netherlands,SA Engelbrecht,W Barresi,AAP Atkinson,1,0,,,,,,"",""
ball,2,13.1,Netherlands,SA Engelbrecht,W Barresi,MM Ali,0,1,,,,1,,"",""
ball,2,13.2,Netherlands,W Barresi,SA Engelbrecht,MM Ali,1,0,,,,,,"",""
ball,2,13.3,Netherlands,SA Engelbrecht,W Barresi,MM Ali,1,0,,,,,,"",""
ball,2,13.4,Netherlands,W Barresi,SA Engelbrecht,MM Ali,6,0,,,,,,"",""
ball,2,13.5,Netherlands,W Barresi,SA Engelbrecht,MM Ali,4,0,,,,,,"",""
ball,2,13.6,Netherlands,W Barresi,SA Engelbrecht,MM Ali,1,0,,,,,,"",""
ball,2,14.1,Netherlands,W Barresi,SA Engelbrecht,AAP Atkinson,4,0,,,,,,"",""
ball,2,14.2,Netherlands,W Barresi,SA Engelbrecht,AAP Atkinson,0,0,,,,,,"",""
ball,2,14.3,Netherlands,W Barresi,SA Engelbrecht,AAP Atkinson,0,0,,,,,,"",""
ball,2,14.4,Netherlands,W Barresi,SA Engelbrecht,AAP Atkinson,1,0,,,,,,"",""
ball,2,14.5,Netherlands,SA Engelbrecht,W Barresi,AAP Atkinson,0,0,,,,,,"",""
ball,2,14.6,Netherlands,SA Engelbrecht,W Barresi,AAP Atkinson,0,0,,,,,,"",""
ball,2,15.1,Netherlands,W Barresi,SA Engelbrecht,MM Ali,0,0,,,,,,"",""
ball,2,15.2,Netherlands,W Barresi,SA Engelbrecht,MM Ali,0,0,,,,,,"",""
ball,2,15.3,Netherlands,W Barresi,SA Engelbrecht,MM Ali,1,0,,,,,,"",""
ball,2,15.4,Netherlands,SA Engelbrecht,W Barresi,MM Ali,0,0,,,,,,"",""
ball,2,15.5,Netherlands,SA Engelbrecht,W Barresi,MM Ali,0,0,,,,,,"",""
ball,2,15.6,Netherlands,SA Engelbrecht,W Barresi,MM Ali,0,0,,,,,,"",""
ball,2,16.1,Netherlands,W Barresi,SA Engelbrecht,AAP Atkinson,0,0,,,,,,"",""
ball,2,16.2,Netherlands,W Barresi,SA Engelbrecht,AAP Atkinson,0,0,,,,,,"",""
ball,2,16.3,Netherlands,W Barresi,SA Engelbrecht,AAP Atkinson,1,0,,,,,,"",""
ball,2,16.4,Netherlands,SA Engelbrecht,W Barresi,AAP Atkinson,0,0,,,,,,"",""
ball,2,16.5,Netherlands,SA Engelbrecht,W Barresi,AAP Atkinson,6,0,,,,,,"",""
ball,2,16.6,Netherlands,SA Engelbrecht,W Barresi,AAP Atkinson,0,0,,,,,,"",""
ball,2,17.1,Netherlands,W Barresi,SA Engelbrecht,MM Ali,1,0,,,,,,"",""
ball,2,17.2,Netherlands,SA Engelbrecht,W Barresi,MM Ali,1,0,,,,,,"",""
ball,2,17.3,Netherlands,W Barresi,SA Engelbrecht,MM Ali,1,0,,,,,,run out,W Barresi
ball,2,17.4,Netherlands,SA Engelbrecht,SA Edwards,MM Ali,1,0,,,,,,"",""
ball,2,17.5,Netherlands,SA Edwards,SA Engelbrecht,MM Ali,0,0,,,,,,"",""
ball,2,17.6,Netherlands,SA Edwards,SA Engelbrecht,MM Ali,1,0,,,,,,"",""
ball,2,18.1,Netherlands,SA Edwards,SA Engelbrecht,CR Woakes,1,0,,,,,,"",""
ball,2,18.2,Netherlands,SA Engelbrecht,SA Edwards,CR Woakes,0,0,,,,,,"",""
ball,2,18.3,Netherlands,SA Engelbrecht,SA Edwards,CR Woakes,0,0,,,,,,"",""
ball,2,18.4,Netherlands,SA Engelbrecht,SA Edwards,CR Woakes,0,0,,,,,,"",""
ball,2,18.5,Netherlands,SA Engelbrecht,SA Edwards,CR Woakes,2,0,,,,,,"",""
ball,2,18.6,Netherlands,SA Engelbrecht,SA Edwards,CR Woakes,0,0,,,,,,"",""
ball,2,19.1,Netherlands,SA Edwards,SA Engelbrecht,MM Ali,0,0,,,,,,"",""
ball,2,19.2,Netherlands,SA Edwards,SA Engelbrecht,MM Ali,1,0,,,,,,"",""
ball,2,19.3,Netherlands,SA Engelbrecht,SA Edwards,MM Ali,0,0,,,,,,"",""
ball,2,19.4,Netherlands,SA Engelbrecht,SA Edwards,MM Ali,1,0,,,,,,"",""
ball,2,19.5,Netherlands,SA Edwards,SA Engelbrecht,MM Ali,1,0,,,,,,"",""
ball,2,19.6,Netherlands,SA Engelbrecht,SA Edwards,MM Ali,1,0,,,,,,"",""
ball,2,20.1,Netherlands,SA Engelbrecht,SA Edwards,CR Woakes,0,0,,,,,,"",""
ball,2,20.2,Netherlands,SA Engelbrecht,SA Edwards,CR Woakes,0,1,1,,,,,"",""
ball,2,20.3,Netherlands,SA Engelbrecht,SA Edwards,CR Woakes,0,0,,,,,,"",""
ball,2,20.4,Netherlands,SA Engelbrecht,SA Edwards,CR Woakes,0,0,,,,,,"",""
ball,2,20.5,Netherlands,SA Engelbrecht,SA Edwards,CR Woakes,4,0,,,,,,"",""
ball,2,20.6,Netherlands,SA Engelbrecht,SA Edwards,CR Woakes,0,0,,,,,,"",""
ball,2,20.7,Netherlands,SA Engelbrecht,SA Edwards,CR Woakes,0,0,,,,,,"",""
ball,2,21.1,Netherlands,SA Edwards,SA Engelbrecht,AU Rashid,1,0,,,,,,"",""
ball,2,21.2,Netherlands,SA Engelbrecht,SA Edwards,AU Rashid,1,0,,,,,,"",""
ball,2,21.3,Netherlands,SA Edwards,SA Engelbrecht,AU Rashid,4,0,,,,,,"",""
ball,2,21.4,Netherlands,SA Edwards,SA Engelbrecht,AU Rashid,1,0,,,,,,"",""
ball,2,21.5,Netherlands,SA Engelbrecht,SA Edwards,AU Rashid,0,0,,,,,,"",""
ball,2,21.6,Netherlands,SA Engelbrecht,SA Edwards,AU Rashid,0,0,,,,,,"",""
ball,2,22.1,Netherlands,SA Edwards,SA Engelbrecht,DJ Willey,0,0,,,,,,"",""
ball,2,22.2,Netherlands,SA Edwards,SA Engelbrecht,DJ Willey,0,0,,,,,,"",""
ball,2,22.3,Netherlands,SA Edwards,SA Engelbrecht,DJ Willey,1,0,,,,,,"",""
ball,2,22.4,Netherlands,SA Engelbrecht,SA Edwards,DJ Willey,0,0,,,,,,caught,SA Engelbrecht
ball,2,22.5,Netherlands,BFW de Leede,SA Edwards,DJ Willey,0,0,,,,,,"",""
ball,2,22.6,Netherlands,BFW de Leede,SA Edwards,DJ Willey,0,0,,,,,,"",""
ball,2,23.1,Netherlands,SA Edwards,BFW de Leede,AU Rashid,1,0,,,,,,"",""
ball,2,23.2,Netherlands,BFW de Leede,SA Edwards,AU Rashid,0,1,1,,,,,"",""
ball,2,23.3,Netherlands,BFW de Leede,SA Edwards,AU Rashid,0,0,,,,,,"",""
ball,2,23.4,Netherlands,BFW de Leede,SA Edwards,AU Rashid,0,0,,,,,,"",""
ball,2,23.5,Netherlands,BFW de Leede,SA Edwards,AU Rashid,0,0,,,,,,"",""
ball,2,23.6,Netherlands,BFW de Leede,SA Edwards,AU Rashid,0,0,,,,,,"",""
ball,2,23.7,Netherlands,BFW de Leede,SA Edwards,AU Rashid,1,0,,,,,,"",""
ball,2,24.1,Netherlands,BFW de Leede,SA Edwards,DJ Willey,4,0,,,,,,"",""
ball,2,24.2,Netherlands,BFW de Leede,SA Edwards,DJ Willey,1,0,,,,,,"",""
ball,2,24.3,Netherlands,SA Edwards,BFW de Leede,DJ Willey,0,0,,,,,,"",""
ball,2,24.4,Netherlands,SA Edwards,BFW de Leede,DJ Willey,0,0,,,,,,"",""
ball,2,24.5,Netherlands,SA Edwards,BFW de Leede,DJ Willey,1,0,,,,,,"",""
ball,2,24.6,Netherlands,BFW de Leede,SA Edwards,DJ Willey,0,0,,,,,,"",""
ball,2,25.1,Netherlands,SA Edwards,BFW de Leede,AU Rashid,1,0,,,,,,"",""
ball,2,25.2,Netherlands,BFW de Leede,SA Edwards,AU Rashid,4,0,,,,,,"",""
ball,2,25.3,Netherlands,BFW de Leede,SA Edwards,AU Rashid,0,0,,,,,,bowled,BFW de Leede
ball,2,25.4,Netherlands,AT Nidamanuru,SA Edwards,AU Rashid,4,0,,,,,,"",""
ball,2,25.5,Netherlands,AT Nidamanuru,SA Edwards,AU Rashid,1,0,,,,,,"",""
ball,2,25.6,Netherlands,SA Edwards,AT Nidamanuru,AU Rashid,6,0,,,,,,"",""
ball,2,26.1,Netherlands,AT Nidamanuru,SA Edwards,AAP Atkinson,0,2,,,,2,,"",""
ball,2,26.2,Netherlands,AT Nidamanuru,SA Edwards,AAP Atkinson,0,0,,,,,,"",""
ball,2,26.3,Netherlands,AT Nidamanuru,SA Edwards,AAP Atkinson,1,0,,,,,,"",""
ball,2,26.4,Netherlands,SA Edwards,AT Nidamanuru,AAP Atkinson,0,0,,,,,,"",""
ball,2,26.5,Netherlands,SA Edwards,AT Nidamanuru,AAP Atkinson,1,0,,,,,,"",""
ball,2,26.6,Netherlands,AT Nidamanuru,SA Edwards,AAP Atkinson,0,0,,,,,,"",""
ball,2,27.1,Netherlands,SA Edwards,AT Nidamanuru,AU Rashid,2,0,,,,,,"",""
ball,2,27.2,Netherlands,SA Edwards,AT Nidamanuru,AU Rashid,1,0,,,,,,"",""
ball,2,27.3,Netherlands,AT Nidamanuru,SA Edwards,AU Rashid,6,0,,,,,,"",""
ball,2,27.4,Netherlands,AT Nidamanuru,SA Edwards,AU Rashid,0,0,,,,,,"",""
ball,2,27.5,Netherlands,AT Nidamanuru,SA Edwards,AU Rashid,0,0,,,,,,"",""
ball,2,27.6,Netherlands,AT Nidamanuru,SA Edwards,AU Rashid,1,0,,,,,,"",""
ball,2,28.1,Netherlands,AT Nidamanuru,SA Edwards,AAP Atkinson,0,0,,,,,,"",""
ball,2,28.2,Netherlands,AT Nidamanuru,SA Edwards,AAP Atkinson,6,0,,,,,,"",""
ball,2,28.3,Netherlands,AT Nidamanuru,SA Edwards,AAP Atkinson,1,0,,,,,,"",""
ball,2,28.4,Netherlands,SA Edwards,AT Nidamanuru,AAP Atkinson,1,0,,,,,,"",""
ball,2,28.5,Netherlands,AT Nidamanuru,SA Edwards,AAP Atkinson,0,0,,,,,,"",""
ball,2,28.6,Netherlands,AT Nidamanuru,SA Edwards,AAP Atkinson,0,0,,,,,,"",""
ball,2,29.1,Netherlands,SA Edwards,AT Nidamanuru,AU Rashid,0,0,,,,,,"",""
ball,2,29.2,Netherlands,SA Edwards,AT Nidamanuru,AU Rashid,0,0,,,,,,"",""
ball,2,29.3,Netherlands,SA Edwards,AT Nidamanuru,AU Rashid,0,0,,,,,,"",""
ball,2,29.4,Netherlands,SA Edwards,AT Nidamanuru,AU Rashid,1,0,,,,,,"",""
ball,2,29.5,Netherlands,AT Nidamanuru,SA Edwards,AU Rashid,0,1,,,,1,,"",""
ball,2,29.6,Netherlands,SA Edwards,AT Nidamanuru,AU Rashid,1,0,,,,,,"",""
ball,2,30.1,Netherlands,SA Edwards,AT Nidamanuru,AAP Atkinson,0,0,,,,,,"",""
ball,2,30.2,Netherlands,SA Edwards,AT Nidamanuru,AAP Atkinson,0,0,,,,,,"",""
ball,2,30.3,Netherlands,SA Edwards,AT Nidamanuru,AAP Atkinson,4,0,,,,,,"",""
ball,2,30.4,Netherlands,SA Edwards,AT Nidamanuru,AAP Atkinson,0,0,,,,,,"",""
ball,2,30.5,Netherlands,SA Edwards,AT Nidamanuru,AAP Atkinson,4,0,,,,,,"",""
ball,2,30.6,Netherlands,SA Edwards,AT Nidamanuru,AAP Atkinson,0,0,,,,,,"",""
ball,2,31.1,Netherlands,AT Nidamanuru,SA Edwards,MM Ali,0,0,,,,,,"",""
ball,2,31.2,Netherlands,AT Nidamanuru,SA Edwards,MM Ali,0,0,,,,,,"",""
ball,2,31.3,Netherlands,AT Nidamanuru,SA Edwards,MM Ali,1,0,,,,,,"",""
ball,2,31.4,Netherlands,SA Edwards,AT Nidamanuru,MM Ali,1,0,,,,,,"",""
ball,2,31.5,Netherlands,AT Nidamanuru,SA Edwards,MM Ali,6,0,,,,,,"",""
ball,2,31.6,Netherlands,AT Nidamanuru,SA Edwards,MM Ali,0,0,,,,,,"",""
ball,2,32.1,Netherlands,SA Edwards,AT Nidamanuru,AU Rashid,0,0,,,,,,"",""
ball,2,32.2,Netherlands,SA Edwards,AT Nidamanuru,AU Rashid,1,0,,,,,,"",""
ball,2,32.3,Netherlands,AT Nidamanuru,SA Edwards,AU Rashid,2,0,,,,,,"",""
ball,2,32.4,Netherlands,AT Nidamanuru,SA Edwards,AU Rashid,1,0,,,,,,"",""
ball,2,32.5,Netherlands,SA Edwards,AT Nidamanuru,AU Rashid,1,0,,,,,,"",""
ball,2,32.6,Netherlands,AT Nidamanuru,SA Edwards,AU Rashid,1,0,,,,,,"",""
ball,2,33.1,Netherlands,AT Nidamanuru,SA Edwards,MM Ali,1,0,,,,,,"",""
ball,2,33.2,Netherlands,SA Edwards,AT Nidamanuru,MM Ali,0,0,,,,,,"",""
ball,2,33.3,Netherlands,SA Edwards,AT Nidamanuru,MM Ali,0,0,,,,,,"",""
ball,2,33.4,Netherlands,SA Edwards,AT Nidamanuru,MM Ali,0,0,,,,,,"",""
ball,2,33.5,Netherlands,SA Edwards,AT Nidamanuru,MM Ali,0,0,,,,,,caught,SA Edwards
ball,2,33.6,Netherlands,LV van Beek,AT Nidamanuru,MM Ali,2,0,,,,,,"",""
ball,2,34.1,Netherlands,AT Nidamanuru,LV van Beek,AU Rashid,0,0,,,,,,"",""
ball,2,34.2,Netherlands,AT Nidamanuru,LV van Beek,AU Rashid,0,0,,,,,,"",""
ball,2,34.3,Netherlands,AT Nidamanuru,LV van Beek,AU Rashid,0,0,,,,,,"",""
ball,2,34.4,Netherlands,AT Nidamanuru,LV van Beek,AU Rashid,1,0,,,,,,"",""
ball,2,34.5,Netherlands,LV van Beek,AT Nidamanuru,AU Rashid,0,0,,,,,,caught,LV van Beek
ball,2,34.6,Netherlands,RE van der Merwe,AT Nidamanuru,AU Rashid,0,0,,,,,,"",""
ball,2,35.1,Netherlands,AT Nidamanuru,RE van der Merwe,MM Ali,1,0,,,,,,"",""
ball,2,35.2,Netherlands,RE van der Merwe,AT Nidamanuru,MM Ali,0,0,,,,,,"",""
ball,2,35.3,Netherlands,RE van der Merwe,AT Nidamanuru,MM Ali,0,0,,,,,,"",""
ball,2,35.4,Netherlands,RE van der Merwe,AT Nidamanuru,MM Ali,0,0,,,,,,caught,RE van der Merwe
ball,2,35.5,Netherlands,A Dutt,AT Nidamanuru,MM Ali,1,0,,,,,,"",""
ball,2,35.6,Netherlands,AT Nidamanuru,A Dutt,MM Ali,1,0,,,,,,"",""
ball,2,36.1,Netherlands,AT Nidamanuru,A Dutt,AU Rashid,4,0,,,,,,"",""
ball,2,36.2,Netherlands,AT Nidamanuru,A Dutt,AU Rashid,1,0,,,,,,"",""
ball,2,36.3,Netherlands,A Dutt,AT Nidamanuru,AU Rashid,0,0,,,,,,"",""
ball,2,36.4,Netherlands,A Dutt,AT Nidamanuru,AU Rashid,0,0,,,,,,bowled,A Dutt
ball,2,36.5,Netherlands,PA van Meekeren,AT Nidamanuru,AU Rashid,4,0,,,,,,"",""
ball,2,36.6,Netherlands,PA van Meekeren,AT Nidamanuru,AU Rashid,0,0,,,,,,"",""
ball,2,37.1,Netherlands,AT Nidamanuru,PA van Meekeren,MM Ali,1,0,,,,,,"",""
ball,2,37.2,Netherlands,PA van Meekeren,AT Nidamanuru,MM Ali,0,0,,,,,,stumped,PA van Meekeren
