version,1.7.0
info,balls_per_over,6
info,team,New Zealand
info,team,Netherlands
info,gender,male
info,season,2023/24
info,date,2023/10/09
info,event,ICC Cricket World Cup
info,match_number,6
info,venue,"Rajiv Gandhi International Stadium, Uppal, Hyderabad"
info,city,Hyderabad
info,toss_winner,Netherlands
info,toss_decision,field
info,player_of_match,MJ Santner
info,umpire,PR Reiffel
info,umpire,RJ Tucker
info,reserve_umpire,Nitin Menon
info,tv_umpire,JS Wilson
info,match_referee,AJ Pycroft
info,winner,New Zealand
info,winner_runs,99
info,player,New Zealand,DP Conway
info,player,New Zealand,WA Young
info,player,New Zealand,R Ravindra
info,player,New Zealand,DJ Mitchell
info,player,New Zealand,TWM Latham
info,player,New Zealand,GD Phillips
info,player,New Zealand,MS Chapman
info,player,New Zealand,MJ Santner
info,player,New Zealand,MJ Henry
info,player,New Zealand,LH Ferguson
info,player,New Zealand,TA Boult
info,player,Netherlands,Vikramjit Singh
info,player,Netherlands,MP O'Dowd
info,player,Netherlands,CN Ackermann
info,player,Netherlands,BFW de Leede
info,player,Netherlands,AT Nidamanuru
info,player,Netherlands,SA Edwards
info,player,Netherlands,SA Engelbrecht
info,player,Netherlands,RE van der Merwe
info,player,Netherlands,R Klein
info,player,Netherlands,A Dutt
info,player,Netherlands,PA van Meekeren
info,registry,people,A Dutt,803dbf1d
info,registry,people,AJ Pycroft,685d3f80
info,registry,people,AT Nidamanuru,a319edf8
info,registry,people,BFW de Leede,fc4375ef
info,registry,people,CN Ackermann,e734d090
info,registry,people,DJ Mitchell,eade4650
info,registry,people,DP Conway,df5a6881
info,registry,people,GD Phillips,9a46c4e5
info,registry,people,JS Wilson,d7f3b72f
info,registry,people,LH Ferguson,2f9d0389
info,registry,people,MJ Henry,e84ac20c
info,registry,people,MJ Santner,e4a0deae
info,registry,people,MP O'Dowd,b699df47
info,registry,people,MS Chapman,7fa12533
info,registry,people,Nitin Menon,e1d41d9e
info,registry,people,PA van Meekeren,4557dc54
info,registry,people,PR Reiffel,c9354f29
info,registry,people,R Klein,ff1ec94d
info,registry,people,R Ravindra,ba5e1069
info,registry,people,RE van der Merwe,05c2ca46
info,registry,people,RJ Tucker,38810cfc
info,registry,people,SA Edwards,b59db04f
info,registry,people,SA Engelbrecht,81a0e294
info,registry,people,TA Boult,a818c1be
info,registry,people,TWM Latham,e824e6ee
info,registry,people,Vikramjit Singh,2a9eee66
info,registry,people,WA Young,8afe73e2
ball,1,0.1,New Zealand,DP Conway,WA Young,A Dutt,0,0,,,,,,"",""
ball,1,0.2,New Zealand,DP Conway,WA Young,A Dutt,0,0,,,,,,"",""
ball,1,0.3,New Zealand,DP Conway,WA Young,A Dutt,0,0,,,,,,"",""
ball,1,0.4,New Zealand,DP Conway,WA Young,A Dutt,0,0,,,,,,"",""
ball,1,0.5,New Zealand,DP Conway,WA Young,A Dutt,0,0,,,,,,"",""
ball,1,0.6,New Zealand,DP Conway,WA Young,A Dutt,0,0,,,,,,"",""
ball,1,1.1,New Zealand,WA Young,DP Conway,R Klein,0,0,,,,,,"",""
ball,1,1.2,New Zealand,WA Young,DP Conway,R Klein,0,0,,,,,,"",""
ball,1,1.3,New Zealand,WA Young,DP Conway,R Klein,0,0,,,,,,"",""
ball,1,1.4,New Zealand,WA Young,DP Conway,R Klein,0,0,,,,,,"",""
ball,1,1.5,New Zealand,WA Young,DP Conway,R Klein,0,0,,,,,,"",""
ball,1,1.6,New Zealand,WA Young,DP Conway,R Klein,0,0,,,,,,"",""
ball,1,2.1,New Zealand,DP Conway,WA Young,A Dutt,0,0,,,,,,"",""
ball,1,2.2,New Zealand,DP Conway,WA Young,A Dutt,0,0,,,,,,"",""
ball,1,2.3,New Zealand,DP Conway,WA Young,A Dutt,0,0,,,,,,"",""
ball,1,2.4,New Zealand,DP Conway,WA Young,A Dutt,0,0,,,,,,"",""
ball,1,2.5,New Zealand,DP Conway,WA Young,A Dutt,0,0,,,,,,"",""
ball,1,2.6,New Zealand,DP Conway,WA Young,A Dutt,0,0,,,,,,"",""
ball,1,3.1,New Zealand,WA Young,DP Conway,R Klein,4,0,,,,,,"",""
ball,1,3.2,New Zealand,WA Young,DP Conway,R Klein,0,0,,,,,,"",""
ball,1,3.3,New Zealand,WA Young,DP Conway,R Klein,0,0,,,,,,"",""
ball,1,3.4,New Zealand,WA Young,DP Conway,R Klein,0,0,,,,,,"",""
ball,1,3.5,New Zealand,WA Young,DP Conway,R Klein,4,0,,,,,,"",""
ball,1,3.6,New Zealand,WA Young,DP Conway,R Klein,0,0,,,,,,"",""
ball,1,4.1,New Zealand,DP Conway,WA Young,A Dutt,1,0,,,,,,"",""
ball,1,4.2,New Zealand,WA Young,DP Conway,A Dutt,4,0,,,,,,"",""
ball,1,4.3,New Zealand,WA Young,DP Conway,A Dutt,6,0,,,,,,"",""
ball,1,4.4,New Zealand,WA Young,DP Conway,A Dutt,0,0,,,,,,"",""
ball,1,4.5,New Zealand,WA Young,DP Conway,A Dutt,0,0,,,,,,"",""
ball,1,4.6,New Zealand,WA Young,DP Conway,A Dutt,0,0,,,,,,"",""
ball,1,5.1,New Zealand,DP Conway,WA Young,R Klein,4,0,,,,,,"",""
ball,1,5.2,New Zealand,DP Conway,WA Young,R Klein,4,0,,,,,,"",""
ball,1,5.3,New Zealand,DP Conway,WA Young,R Klein,1,0,,,,,,"",""
ball,1,5.4,New Zealand,WA Young,DP Conway,R Klein,0,0,,,,,,"",""
ball,1,5.5,New Zealand,WA Young,DP Conway,R Klein,0,0,,,,,,"",""
ball,1,5.6,New Zealand,WA Young,DP Conway,R Klein,0,0,,,,,,"",""
ball,1,6.1,New Zealand,DP Conway,WA Young,A Dutt,4,0,,,,,,"",""
ball,1,6.2,New Zealand,DP Conway,WA Young,A Dutt,0,0,,,,,,"",""
ball,1,6.3,New Zealand,DP Conway,WA Young,A Dutt,0,0,,,,,,"",""
ball,1,6.4,New Zealand,DP Conway,WA Young,A Dutt,0,0,,,,,,"",""
ball,1,6.5,New Zealand,DP Conway,WA Young,A Dutt,0,0,,,,,,"",""
ball,1,6.6,New Zealand,DP Conway,WA Young,A Dutt,0,5,5,,,,,"",""
ball,1,6.7,New Zealand,DP Conway,WA Young,A Dutt,6,0,,,,,,"",""
ball,1,7.1,New Zealand,WA Young,DP Conway,PA van Meekeren,4,0,,,,,,"",""
ball,1,7.2,New Zealand,WA Young,DP Conway,PA van Meekeren,0,0,,,,,,"",""
ball,1,7.3,New Zealand,WA Young,DP Conway,PA van Meekeren,4,0,,,,,,"",""
ball,1,7.4,New Zealand,WA Young,DP Conway,PA van Meekeren,1,0,,,,,,"",""
ball,1,7.5,New Zealand,DP Conway,WA Young,PA van Meekeren,0,0,,,,,,"",""
ball,1,7.6,New Zealand,DP Conway,WA Young,PA van Meekeren,0,0,,,,,,"",""
ball,1,8.1,New Zealand,WA Young,DP Conway,RE van der Merwe,0,0,,,,,,"",""
ball,1,8.2,New Zealand,WA Young,DP Conway,RE van der Merwe,1,0,,,,,,"",""
ball,1,8.3,New Zealand,DP Conway,WA Young,RE van der Merwe,0,0,,,,,,"",""
ball,1,8.4,New Zealand,DP Conway,WA Young,RE van der Merwe,0,0,,,,,,"",""
ball,1,8.5,New Zealand,DP Conway,WA Young,RE van der Merwe,4,0,,,,,,"",""
ball,1,8.6,New Zealand,DP Conway,WA Young,RE van der Merwe,4,0,,,,,,"",""
ball,1,9.1,New Zealand,WA Young,DP Conway,PA van Meekeren,0,0,,,,,,"",""
ball,1,9.2,New Zealand,WA Young,DP Conway,PA van Meekeren,0,0,,,,,,"",""
ball,1,9.3,New Zealand,WA Young,DP Conway,PA van Meekeren,0,1,,,,1,,"",""
ball,1,9.4,New Zealand,DP Conway,WA Young,PA van Meekeren,1,0,,,,,,"",""
ball,1,9.5,New Zealand,WA Young,DP Conway,PA van Meekeren,0,0,,,,,,"",""
ball,1,9.6,New Zealand,WA Young,DP Conway,PA van Meekeren,0,0,,,,,,"",""
ball,1,10.1,New Zealand,DP Conway,WA Young,RE van der Merwe,0,0,,,,,,"",""
ball,1,10.2,New Zealand,DP Conway,WA Young,RE van der Merwe,0,0,,,,,,"",""
ball,1,10.3,New Zealand,DP Conway,WA Young,RE van der Merwe,1,0,,,,,,"",""
ball,1,10.4,New Zealand,WA Young,DP Conway,RE van der Merwe,0,0,,,,,,"",""
ball,1,10.5,New Zealand,WA Young,DP Conway,RE van der Merwe,1,0,,,,,,"",""
ball,1,10.6,New Zealand,DP Conway,WA Young,RE van der Merwe,1,0,,,,,,"",""
ball,1,11.1,New Zealand,DP Conway,WA Young,PA van Meekeren,0,0,,,,,,"",""
ball,1,11.2,New Zealand,DP Conway,WA Young,PA van Meekeren,0,0,,,,,,"",""
ball,1,11.3,New Zealand,DP Conway,WA Young,PA van Meekeren,0,0,,,,,,"",""
ball,1,11.4,New Zealand,DP Conway,WA Young,PA van Meekeren,0,0,,,,,,"",""
ball,1,11.5,New Zealand,DP Conway,WA Young,PA van Meekeren,0,0,,,,,,"",""
ball,1,11.6,New Zealand,DP Conway,WA Young,PA van Meekeren,1,0,,,,,,"",""
ball,1,12.1,New Zealand,DP Conway,WA Young,RE van der Merwe,0,0,,,,,,caught,DP Conway
ball,1,12.2,New Zealand,R Ravindra,WA Young,RE van der Merwe,1,0,,,,,,"",""
ball,1,12.3,New Zealand,WA Young,R Ravindra,RE van der Merwe,0,0,,,,,,"",""
ball,1,12.4,New Zealand,WA Young,R Ravindra,RE van der Merwe,1,0,,,,,,"",""
ball,1,12.5,New Zealand,R Ravindra,WA Young,RE van der Merwe,1,0,,,,,,"",""
ball,1,12.6,New Zealand,WA Young,R Ravindra,RE van der Merwe,1,0,,,,,,"",""
ball,1,13.1,New Zealand,WA Young,R Ravindra,CN Ackermann,0,0,,,,,,"",""
ball,1,13.2,New Zealand,WA Young,R Ravindra,CN Ackermann,4,0,,,,,,"",""
ball,1,13.3,New Zealand,WA Young,R Ravindra,CN Ackermann,1,0,,,,,,"",""
ball,1,13.4,New Zealand,R Ravindra,WA Young,CN Ackermann,1,0,,,,,,"",""
ball,1,13.5,New Zealand,WA Young,R Ravindra,CN Ackermann,1,0,,,,,,"",""
ball,1,13.6,New Zealand,R Ravindra,WA Young,CN Ackermann,0,0,,,,,,"",""
ball,1,14.1,New Zealand,WA Young,R Ravindra,RE van der Merwe,0,0,,,,,,"",""
ball,1,14.2,New Zealand,WA Young,R Ravindra,RE van der Merwe,1,0,,,,,,"",""
ball,1,14.3,New Zealand,R Ravindra,WA Young,RE van der Merwe,0,0,,,,,,"",""
ball,1,14.4,New Zealand,R Ravindra,WA Young,RE van der Merwe,1,0,,,,,,"",""
ball,1,14.5,New Zealand,WA Young,R Ravindra,RE van der Merwe,0,0,,,,,,"",""
ball,1,14.6,New Zealand,WA Young,R Ravindra,RE van der Merwe,1,0,,,,,,"",""
ball,1,15.1,New Zealand,WA Young,R Ravindra,CN Ackermann,1,0,,,,,,"",""
ball,1,15.2,New Zealand,R Ravindra,WA Young,CN Ackermann,0,0,,,,,,"",""
ball,1,15.3,New Zealand,R Ravindra,WA Young,CN Ackermann,1,0,,,,,,"",""
ball,1,15.4,New Zealand,WA Young,R Ravindra,CN Ackermann,0,0,,,,,,"",""
ball,1,15.5,New Zealand,WA Young,R Ravindra,CN Ackermann,0,0,,,,,,"",""
ball,1,15.6,New Zealand,WA Young,R Ravindra,CN Ackermann,0,0,,,,,,"",""
ball,1,16.1,New Zealand,R Ravindra,WA Young,RE van der Merwe,1,0,,,,,,"",""
ball,1,16.2,New Zealand,WA Young,R Ravindra,RE van der Merwe,4,0,,,,,,"",""
ball,1,16.3,New Zealand,WA Young,R Ravindra,RE van der Merwe,1,0,,,,,,"",""
ball,1,16.4,New Zealand,R Ravindra,WA Young,RE van der Merwe,0,0,,,,,,"",""
ball,1,16.5,New Zealand,R Ravindra,WA Young,RE van der Merwe,0,0,,,,,,"",""
ball,1,16.6,New Zealand,R Ravindra,WA Young,RE van der Merwe,1,0,,,,,,"",""
ball,1,17.1,New Zealand,R Ravindra,WA Young,A Dutt,0,0,,,,,,"",""
ball,1,17.2,New Zealand,R Ravindra,WA Young,A Dutt,1,0,,,,,,"",""
ball,1,17.3,New Zealand,WA Young,R Ravindra,A Dutt,0,0,,,,,,"",""
ball,1,17.4,New Zealand,WA Young,R Ravindra,A Dutt,0,0,,,,,,"",""
ball,1,17.5,New Zealand,WA Young,R Ravindra,A Dutt,0,0,,,,,,"",""
ball,1,17.6,New Zealand,WA Young,R Ravindra,A Dutt,0,0,,,,,,"",""
ball,1,18.1,New Zealand,R Ravindra,WA Young,BFW de Leede,0,0,,,,,,"",""
ball,1,18.2,New Zealand,R Ravindra,WA Young,BFW de Leede,1,0,,,,,,"",""
ball,1,18.3,New Zealand,WA Young,R Ravindra,BFW de Leede,2,0,,,,,,"",""
ball,1,18.4,New Zealand,WA Young,R Ravindra,BFW de Leede,1,0,,,,,,"",""
ball,1,18.5,New Zealand,R Ravindra,WA Young,BFW de Leede,1,0,,,,,,"",""
ball,1,18.6,New Zealand,WA Young,R Ravindra,BFW de Leede,0,0,,,,,,"",""
ball,1,19.1,New Zealand,R Ravindra,WA Young,A Dutt,1,0,,,,,,"",""
ball,1,19.2,New Zealand,WA Young,R Ravindra,A Dutt,1,0,,,,,,"",""
ball,1,19.3,New Zealand,R Ravindra,WA Young,A Dutt,2,0,,,,,,"",""
ball,1,19.4,New Zealand,R Ravindra,WA Young,A Dutt,0,0,,,,,,"",""
ball,1,19.5,New Zealand,R Ravindra,WA Young,A Dutt,1,0,,,,,,"",""
ball,1,19.6,New Zealand,WA Young,R Ravindra,A Dutt,1,0,,,,,,"",""
ball,1,20.1,New Zealand,WA Young,R Ravindra,BFW de Leede,0,0,,,,,,"",""
ball,1,20.2,New Zealand,WA Young,R Ravindra,BFW de Leede,1,0,,,,,,"",""
ball,1,20.3,New Zealand,R Ravindra,WA Young,BFW de Leede,0,0,,,,,,"",""
ball,1,20.4,New Zealand,R Ravindra,WA Young,BFW de Leede,0,0,,,,,,"",""
ball,1,20.5,New Zealand,R Ravindra,WA Young,BFW de Leede,4,0,,,,,,"",""
ball,1,20.6,New Zealand,R Ravindra,WA Young,BFW de Leede,1,0,,,,,,"",""
ball,1,21.1,New Zealand,R Ravindra,WA Young,CN Ackermann,1,0,,,,,,"",""
ball,1,21.2,New Zealand,WA Young,R Ravindra,CN Ackermann,6,0,,,,,,"",""
ball,1,21.3,New Zealand,WA Young,R Ravindra,CN Ackermann,1,0,,,,,,"",""
ball,1,21.4,New Zealand,R Ravindra,WA Young,CN Ackermann,0,0,,,,,,"",""
ball,1,21.5,New Zealand,R Ravindra,WA Young,CN Ackermann,1,0,,,,,,"",""
ball,1,21.6,New Zealand,WA Young,R Ravindra,CN Ackermann,0,0,,,,,,"",""
ball,1,22.1,New Zealand,R Ravindra,WA Young,BFW de Leede,0,0,,,,,,"",""
ball,1,22.2,New Zealand,R Ravindra,WA Young,BFW de Leede,1,0,,,,,,"",""
ball,1,22.3,New Zealand,WA Young,R Ravindra,BFW de Leede,1,0,,,,,,"",""
ball,1,22.4,New Zealand,R Ravindra,WA Young,BFW de Leede,1,0,,,,,,"",""
ball,1,22.5,New Zealand,WA Young,R Ravindra,BFW de Leede,2,0,,,,,,"",""
ball,1,22.6,New Zealand,WA Young,R Ravindra,BFW de Leede,0,0,,,,,,"",""
ball,1,23.1,New Zealand,R Ravindra,WA Young,CN Ackermann,6,0,,,,,,"",""
ball,1,23.2,New Zealand,R Ravindra,WA Young,CN Ackermann,1,0,,,,,,"",""
ball,1,23.3,New Zealand,WA Young,R Ravindra,CN Ackermann,0,0,,,,,,"",""
ball,1,23.4,New Zealand,WA Young,R Ravindra,CN Ackermann,1,0,,,,,,"",""
ball,1,23.5,New Zealand,R Ravindra,WA Young,CN Ackermann,1,0,,,,,,"",""
ball,1,23.6,New Zealand,WA Young,R Ravindra,CN Ackermann,1,0,,,,,,"",""
ball,1,24.1,New Zealand,WA Young,R Ravindra,PA van Meekeren,2,0,,,,,,"",""
ball,1,24.2,New Zealand,WA Young,R Ravindra,PA van Meekeren,0,0,,,,,,"",""
ball,1,24.3,New Zealand,WA Young,R Ravindra,PA van Meekeren,0,0,,,,,,"",""
ball,1,24.4,New Zealand,WA Young,R Ravindra,PA van Meekeren,0,0,,,,,,"",""
ball,1,24.5,New Zealand,WA Young,R Ravindra,PA van Meekeren,1,0,,,,,,"",""
ball,1,24.6,New Zealand,R Ravindra,WA Young,PA van Meekeren,0,0,,,,,,"",""
ball,1,25.1,New Zealand,WA Young,R Ravindra,Vikramjit Singh,1,0,,,,,,"",""
ball,1,25.2,New Zealand,R Ravindra,WA Young,Vikramjit Singh,1,0,,,,,,"",""
ball,1,25.3,New Zealand,WA Young,R Ravindra,Vikramjit Singh,2,0,,,,,,"",""
ball,1,25.4,New Zealand,WA Young,R Ravindra,Vikramjit Singh,0,0,,,,,,"",""
ball,1,25.5,New Zealand,WA Young,R Ravindra,Vikramjit Singh,1,0,,,,,,"",""
ball,1,25.6,New Zealand,R Ravindra,WA Young,Vikramjit Singh,4,0,,,,,,"",""
ball,1,26.1,New Zealand,WA Young,R Ravindra,PA van Meekeren,0,0,,,,,,caught,WA Young
ball,1,26.2,New Zealand,DJ Mitchell,R Ravindra,PA van Meekeren,0,0,,,,,,"",""
ball,1,26.3,New Zealand,DJ Mitchell,R Ravindra,PA van Meekeren,0,0,,,,,,"",""
ball,1,26.4,New Zealand,DJ Mitchell,R Ravindra,PA van Meekeren,1,0,,,,,,"",""
ball,1,26.5,New Zealand,R Ravindra,DJ Mitchell,PA van Meekeren,1,0,,,,,,"",""
ball,1,26.6,New Zealand,DJ Mitchell,R Ravindra,PA van Meekeren,1,0,,,,,,"",""
ball,1,27.1,New Zealand,DJ Mitchell,R Ravindra,R Klein,1,0,,,,,,"",""
ball,1,27.2,New Zealand,R Ravindra,DJ Mitchell,R Klein,0,0,,,,,,"",""
ball,1,27.3,New Zealand,R Ravindra,DJ Mitchell,R Klein,1,0,,,,,,"",""
ball,1,27.4,New Zealand,DJ Mitchell,R Ravindra,R Klein,0,0,,,,,,"",""
ball,1,27.5,New Zealand,DJ Mitchell,R Ravindra,R Klein,1,0,,,,,,"",""
ball,1,27.6,New Zealand,R Ravindra,DJ Mitchell,R Klein,0,0,,,,,,"",""
ball,1,28.1,New Zealand,DJ Mitchell,R Ravindra,PA van Meekeren,0,0,,,,,,"",""
ball,1,28.2,New Zealand,DJ Mitchell,R Ravindra,PA van Meekeren,4,0,,,,,,"",""
ball,1,28.3,New Zealand,DJ Mitchell,R Ravindra,PA van Meekeren,0,0,,,,,,"",""
ball,1,28.4,New Zealand,DJ Mitchell,R Ravindra,PA van Meekeren,0,1,,1,,,,"",""
ball,1,28.5,New Zealand,DJ Mitchell,R Ravindra,PA van Meekeren,6,0,,,,,,"",""
ball,1,28.6,New Zealand,DJ Mitchell,R Ravindra,PA van Meekeren,1,0,,,,,,"",""
ball,1,28.7,New Zealand,R Ravindra,DJ Mitchell,PA van Meekeren,1,0,,,,,,"",""
ball,1,29.1,New Zealand,R Ravindra,DJ Mitchell,R Klein,1,0,,,,,,"",""
ball,1,29.2,New Zealand,DJ Mitchell,R Ravindra,R Klein,0,0,,,,,,"",""
ball,1,29.3,New Zealand,DJ Mitchell,R Ravindra,R Klein,4,0,,,,,,"",""
ball,1,29.4,New Zealand,DJ Mitchell,R Ravindra,R Klein,0,3,3,,,,,"",""
ball,1,29.5,New Zealand,DJ Mitchell,R Ravindra,R Klein,0,0,,,,,,"",""
ball,1,29.6,New Zealand,DJ Mitchell,R Ravindra,R Klein,0,0,,,,,,"",""
ball,1,29.7,New Zealand,DJ Mitchell,R Ravindra,R Klein,0,0,,,,,,"",""
ball,1,30.1,New Zealand,R Ravindra,DJ Mitchell,RE van der Merwe,1,0,,,,,,"",""
ball,1,30.2,New Zealand,DJ Mitchell,R Ravindra,RE van der Merwe,0,0,,,,,,"",""
ball,1,30.3,New Zealand,DJ Mitchell,R Ravindra,RE van der Merwe,1,0,,,,,,"",""
ball,1,30.4,New Zealand,R Ravindra,DJ Mitchell,RE van der Merwe,1,0,,,,,,"",""
ball,1,30.5,New Zealand,DJ Mitchell,R Ravindra,RE van der Merwe,1,0,,,,,,"",""
ball,1,30.6,New Zealand,R Ravindra,DJ Mitchell,RE van der Merwe,2,0,,,,,,"",""
ball,1,31.1,New Zealand,DJ Mitchell,R Ravindra,R Klein,1,0,,,,,,"",""
ball,1,31.2,New Zealand,R Ravindra,DJ Mitchell,R Klein,0,0,,,,,,"",""
ball,1,31.3,New Zealand,R Ravindra,DJ Mitchell,R Klein,4,0,,,,,,"",""
ball,1,31.4,New Zealand,R Ravindra,DJ Mitchell,R Klein,1,0,,,,,,"",""
ball,1,31.5,New Zealand,DJ Mitchell,R Ravindra,R Klein,0,0,,,,,,"",""
ball,1,31.6,New Zealand,DJ Mitchell,R Ravindra,R Klein,0,0,,,,,,"",""
ball,1,32.1,New Zealand,R Ravindra,DJ Mitchell,RE van der Merwe,2,0,,,,,,"",""
ball,1,32.2,New Zealand,R Ravindra,DJ Mitchell,RE van der Merwe,0,0,,,,,,caught,R Ravindra
ball,1,32.3,New Zealand,TWM Latham,DJ Mitchell,RE van der Merwe,0,0,,,,,,"",""
ball,1,32.4,New Zealand,TWM Latham,DJ Mitchell,RE van der Merwe,1,0,,,,,,"",""
ball,1,32.5,New Zealand,DJ Mitchell,TWM Latham,RE van der Merwe,0,0,,,,,,"",""
ball,1,32.6,New Zealand,DJ Mitchell,TWM Latham,RE van der Merwe,1,0,,,,,,"",""
ball,1,33.1,New Zealand,DJ Mitchell,TWM Latham,BFW de Leede,0,0,,,,,,"",""
ball,1,33.2,New Zealand,DJ Mitchell,TWM Latham,BFW de Leede,4,0,,,,,,"",""
ball,1,33.3,New Zealand,DJ Mitchell,TWM Latham,BFW de Leede,1,0,,,,,,"",""
ball,1,33.4,New Zealand,TWM Latham,DJ Mitchell,BFW de Leede,0,0,,,,,,"",""
ball,1,33.5,New Zealand,TWM Latham,DJ Mitchell,BFW de Leede,0,0,,,,,,"",""
ball,1,33.6,New Zealand,TWM Latham,DJ Mitchell,BFW de Leede,0,0,,,,,,"",""
ball,1,34.1,New Zealand,DJ Mitchell,TWM Latham,RE van der Merwe,1,0,,,,,,"",""
ball,1,34.2,New Zealand,TWM Latham,DJ Mitchell,RE van der Merwe,4,0,,,,,,"",""
ball,1,34.3,New Zealand,TWM Latham,DJ Mitchell,RE van der Merwe,1,0,,,,,,"",""
ball,1,34.4,New Zealand,DJ Mitchell,TWM Latham,RE van der Merwe,0,0,,,,,,"",""
ball,1,34.5,New Zealand,DJ Mitchell,TWM Latham,RE van der Merwe,0,0,,,,,,"",""
ball,1,34.6,New Zealand,DJ Mitchell,TWM Latham,RE van der Merwe,0,0,,,,,,"",""
ball,1,35.1,New Zealand,TWM Latham,DJ Mitchell,BFW de Leede,0,0,,,,,,"",""
ball,1,35.2,New Zealand,TWM Latham,DJ Mitchell,BFW de Leede,0,0,,,,,,"",""
ball,1,35.3,New Zealand,TWM Latham,DJ Mitchell,BFW de Leede,0,0,,,,,,"",""
ball,1,35.4,New Zealand,TWM Latham,DJ Mitchell,BFW de Leede,4,0,,,,,,"",""
ball,1,35.5,New Zealand,TWM Latham,DJ Mitchell,BFW de Leede,4,0,,,,,,"",""
ball,1,35.6,New Zealand,TWM Latham,DJ Mitchell,BFW de Leede,4,0,,,,,,"",""
ball,1,36.1,New Zealand,DJ Mitchell,TWM Latham,RE van der Merwe,4,0,,,,,,"",""
ball,1,36.2,New Zealand,DJ Mitchell,TWM Latham,RE van der Merwe,1,0,,,,,,"",""
ball,1,36.3,New Zealand,TWM Latham,DJ Mitchell,RE van der Merwe,1,0,,,,,,"",""
ball,1,36.4,New Zealand,DJ Mitchell,TWM Latham,RE van der Merwe,1,0,,,,,,"",""
ball,1,36.5,New Zealand,TWM Latham,DJ Mitchell,RE van der Merwe,1,0,,,,,,"",""
ball,1,36.6,New Zealand,DJ Mitchell,TWM Latham,RE van der Merwe,6,0,,,,,,"",""
ball,1,37.1,New Zealand,TWM Latham,DJ Mitchell,BFW de Leede,0,0,,,,,,"",""
ball,1,37.2,New Zealand,TWM Latham,DJ Mitchell,BFW de Leede,0,0,,,,,,"",""
ball,1,37.3,New Zealand,TWM Latham,DJ Mitchell,BFW de Leede,0,0,,,,,,"",""
ball,1,37.4,New Zealand,TWM Latham,DJ Mitchell,BFW de Leede,1,0,,,,,,"",""
ball,1,37.5,New Zealand,DJ Mitchell,TWM Latham,BFW de Leede,0,0,,,,,,"",""
ball,1,37.6,New Zealand,DJ Mitchell,TWM Latham,BFW de Leede,0,0,,,,,,"",""
ball,1,38.1,New Zealand,TWM Latham,DJ Mitchell,PA van Meekeren,1,0,,,,,,"",""
ball,1,38.2,New Zealand,DJ Mitchell,TWM Latham,PA van Meekeren,0,0,,,,,,"",""
ball,1,38.3,New Zealand,DJ Mitchell,TWM Latham,PA van Meekeren,0,0,,,,,,"",""
ball,1,38.4,New Zealand,DJ Mitchell,TWM Latham,PA van Meekeren,1,0,,,,,,"",""
ball,1,38.5,New Zealand,TWM Latham,DJ Mitchell,PA van Meekeren,0,0,,,,,,"",""
ball,1,38.6,New Zealand,TWM Latham,DJ Mitchell,PA van Meekeren,4,0,,,,,,"",""
ball,1,39.1,New Zealand,DJ Mitchell,TWM Latham,R Klein,4,0,,,,,,"",""
ball,1,39.2,New Zealand,DJ Mitchell,TWM Latham,R Klein,0,0,,,,,,"",""
ball,1,39.3,New Zealand,DJ Mitchell,TWM Latham,R Klein,1,0,,,,,,"",""
ball,1,39.4,New Zealand,TWM Latham,DJ Mitchell,R Klein,1,0,,,,,,"",""
ball,1,39.5,New Zealand,DJ Mitchell,TWM Latham,R Klein,1,0,,,,,,"",""
ball,1,39.6,New Zealand,TWM Latham,DJ Mitchell,R Klein,0,0,,,,,,"",""
ball,1,40.1,New Zealand,DJ Mitchell,TWM Latham,PA van Meekeren,0,0,,,,,,bowled,DJ Mitchell
ball,1,40.2,New Zealand,GD Phillips,TWM Latham,PA van Meekeren,0,1,,,,1,,"",""
ball,1,40.3,New Zealand,TWM Latham,GD Phillips,PA van Meekeren,1,0,,,,,,"",""
ball,1,40.4,New Zealand,GD Phillips,TWM Latham,PA van Meekeren,0,1,,,,1,,"",""
ball,1,40.5,New Zealand,TWM Latham,GD Phillips,PA van Meekeren,1,0,,,,,,"",""
ball,1,40.6,New Zealand,GD Phillips,TWM Latham,PA van Meekeren,4,0,,,,,,"",""
ball,1,41.1,New Zealand,TWM Latham,GD Phillips,BFW de Leede,0,0,,,,,,"",""
ball,1,41.2,New Zealand,TWM Latham,GD Phillips,BFW de Leede,0,0,,,,,,"",""
ball,1,41.3,New Zealand,TWM Latham,GD Phillips,BFW de Leede,1,0,,,,,,"",""
ball,1,41.4,New Zealand,GD Phillips,TWM Latham,BFW de Leede,0,0,,,,,,caught,GD Phillips
ball,1,41.5,New Zealand,MS Chapman,TWM Latham,BFW de Leede,0,0,,,,,,"",""
ball,1,41.6,New Zealand,MS Chapman,TWM Latham,BFW de Leede,1,0,,,,,,"",""
ball,1,42.1,New Zealand,MS Chapman,TWM Latham,A Dutt,0,0,,,,,,"",""
ball,1,42.2,New Zealand,MS Chapman,TWM Latham,A Dutt,1,0,,,,,,"",""
ball,1,42.3,New Zealand,TWM Latham,MS Chapman,A Dutt,1,0,,,,,,"",""
ball,1,42.4,New Zealand,MS Chapman,TWM Latham,A Dutt,0,0,,,,,,"",""
ball,1,42.5,New Zealand,MS Chapman,TWM Latham,A Dutt,0,0,,,,,,"",""
ball,1,42.6,New Zealand,MS Chapman,TWM Latham,A Dutt,1,0,,,,,,"",""
ball,1,43.1,New Zealand,MS Chapman,TWM Latham,BFW de Leede,0,0,,,,,,"",""
ball,1,43.2,New Zealand,MS Chapman,TWM Latham,BFW de Leede,0,0,,,,,,"",""
ball,1,43.3,New Zealand,MS Chapman,TWM Latham,BFW de Leede,0,0,,,,,,"",""
ball,1,43.4,New Zealand,MS Chapman,TWM Latham,BFW de Leede,1,0,,,,,,"",""
ball,1,43.5,New Zealand,TWM Latham,MS Chapman,BFW de Leede,1,0,,,,,,"",""
ball,1,43.6,New Zealand,MS Chapman,TWM Latham,BFW de Leede,1,0,,,,,,"",""
ball,1,44.1,New Zealand,MS Chapman,TWM Latham,A Dutt,0,0,,,,,,caught,MS Chapman
ball,1,44.2,New Zealand,MJ Santner,TWM Latham,A Dutt,0,0,,,,,,"",""
ball,1,44.3,New Zealand,MJ Santner,TWM Latham,A Dutt,4,0,,,,,,"",""
ball,1,44.4,New Zealand,MJ Santner,TWM Latham,A Dutt,2,0,,,,,,"",""
ball,1,44.5,New Zealand,MJ Santner,TWM Latham,A Dutt,1,0,,,,,,"",""
ball,1,44.6,New Zealand,TWM Latham,MJ Santner,A Dutt,1,0,,,,,,"",""
ball,1,45.1,New Zealand,TWM Latham,MJ Santner,BFW de Leede,1,0,,,,,,"",""
ball,1,45.2,New Zealand,MJ Santner,TWM Latham,BFW de Leede,1,0,,,,,,"",""
ball,1,45.3,New Zealand,TWM Latham,MJ Santner,BFW de Leede,0,0,,,,,,"",""
ball,1,45.4,New Zealand,TWM Latham,MJ Santner,BFW de Leede,0,0,,,,,,"",""
ball,1,45.5,New Zealand,TWM Latham,MJ Santner,BFW de Leede,1,0,,,,,,"",""
ball,1,45.6,New Zealand,MJ Santner,TWM Latham,BFW de Leede,1,0,,,,,,"",""
ball,1,46.1,New Zealand,MJ Santner,TWM Latham,A Dutt,1,0,,,,,,"",""
ball,1,46.2,New Zealand,TWM Latham,MJ Santner,A Dutt,1,0,,,,,,"",""
ball,1,46.3,New Zealand,MJ Santner,TWM Latham,A Dutt,1,0,,,,,,"",""
ball,1,46.4,New Zealand,TWM Latham,MJ Santner,A Dutt,1,0,,,,,,"",""
ball,1,46.5,New Zealand,MJ Santner,TWM Latham,A Dutt,1,0,,,,,,"",""
ball,1,46.6,New Zealand,TWM Latham,MJ Santner,A Dutt,1,0,,,,,,"",""
ball,1,47.1,New Zealand,TWM Latham,MJ Santner,PA van Meekeren,6,0,,,,,,"",""
ball,1,47.2,New Zealand,TWM Latham,MJ Santner,PA van Meekeren,1,0,,,,,,"",""
ball,1,47.3,New Zealand,MJ Santner,TWM Latham,PA van Meekeren,1,0,,,,,,"",""
ball,1,47.4,New Zealand,TWM Latham,MJ Santner,PA van Meekeren,4,0,,,,,,"",""
ball,1,47.5,New Zealand,TWM Latham,MJ Santner,PA van Meekeren,1,0,,,,,,"",""
ball,1,47.6,New Zealand,MJ Santner,TWM Latham,PA van Meekeren,4,0,,,,,,"",""
ball,1,48.1,New Zealand,TWM Latham,MJ Santner,A Dutt,1,0,,,,,,"",""
ball,1,48.2,New Zealand,MJ Santner,TWM Latham,A Dutt,1,0,,,,,,"",""
ball,1,48.3,New Zealand,TWM Latham,MJ Santner,A Dutt,2,0,,,,,,"",""
ball,1,48.4,New Zealand,TWM Latham,MJ Santner,A Dutt,0,0,,,,,,stumped,TWM Latham
ball,1,48.5,New Zealand,MJ Henry,MJ Santner,A Dutt,6,0,,,,,,"",""
ball,1,48.6,New Zealand,MJ Henry,MJ Santner,A Dutt,2,0,,,,,,"",""
ball,1,49.1,New Zealand,MJ Santner,MJ Henry,BFW de Leede,4,0,,,,,,"",""
ball,1,49.2,New Zealand,MJ Santner,MJ Henry,BFW de Leede,1,0,,,,,,"",""
ball,1,49.3,New Zealand,MJ Henry,MJ Santner,BFW de Leede,1,0,,,,,,"",""
ball,1,49.4,New Zealand,MJ Santner,MJ Henry,BFW de Leede,1,0,,,,,,"",""
ball,1,49.5,New Zealand,MJ Henry,MJ Santner,BFW de Leede,1,0,,,,,,"",""
ball,1,49.6,New Zealand,MJ Santner,MJ Henry,BFW de Leede,6,1,,1,,,,"",""
ball,1,49.7,New Zealand,MJ Santner,MJ Henry,BFW de Leede,6,0,,,,,,"",""
ball,2,0.1,Netherlands,Vikramjit Singh,MP O'Dowd,TA Boult,1,0,,,,,,"",""
ball,2,0.2,Netherlands,MP O'Dowd,Vikramjit Singh,TA Boult,0,0,,,,,,"",""
ball,2,0.3,Netherlands,MP O'Dowd,Vikramjit Singh,TA Boult,0,0,,,,,,"",""
ball,2,0.4,Netherlands,MP O'Dowd,Vikramjit Singh,TA Boult,0,0,,,,,,"",""
ball,2,0.5,Netherlands,MP O'Dowd,Vikramjit Singh,TA Boult,0,0,,,,,,"",""
ball,2,0.6,Netherlands,MP O'Dowd,Vikramjit Singh,TA Boult,1,0,,,,,,"",""
ball,2,1.1,Netherlands,MP O'Dowd,Vikramjit Singh,MJ Henry,2,0,,,,,,"",""
ball,2,1.2,Netherlands,MP O'Dowd,Vikramjit Singh,MJ Henry,0,0,,,,,,"",""
ball,2,1.3,Netherlands,MP O'Dowd,Vikramjit Singh,MJ Henry,0,0,,,,,,"",""
ball,2,1.4,Netherlands,MP O'Dowd,Vikramjit Singh,MJ Henry,1,0,,,,,,"",""
ball,2,1.5,Netherlands,Vikramjit Singh,MP O'Dowd,MJ Henry,0,0,,,,,,"",""
ball,2,1.6,Netherlands,Vikramjit Singh,MP O'Dowd,MJ Henry,1,0,,,,,,"",""
ball,2,2.1,Netherlands,Vikramjit Singh,MP O'Dowd,TA Boult,0,0,,,,,,"",""
ball,2,2.2,Netherlands,Vikramjit Singh,MP O'Dowd,TA Boult,0,0,,,,,,"",""
ball,2,2.3,Netherlands,Vikramjit Singh,MP O'Dowd,TA Boult,0,0,,,,,,"",""
ball,2,2.4,Netherlands,Vikramjit Singh,MP O'Dowd,TA Boult,0,0,,,,,,"",""
ball,2,2.5,Netherlands,Vikramjit Singh,MP O'Dowd,TA Boult,0,0,,,,,,"",""
ball,2,2.6,Netherlands,Vikramjit Singh,MP O'Dowd,TA Boult,1,0,,,,,,"",""
ball,2,3.1,Netherlands,Vikramjit Singh,MP O'Dowd,MJ Henry,0,0,,,,,,"",""
ball,2,3.2,Netherlands,Vikramjit Singh,MP O'Dowd,MJ Henry,0,0,,,,,,"",""
ball,2,3.3,Netherlands,Vikramjit Singh,MP O'Dowd,MJ Henry,0,0,,,,,,"",""
ball,2,3.4,Netherlands,Vikramjit Singh,MP O'Dowd,MJ Henry,4,0,,,,,,"",""
ball,2,3.5,Netherlands,Vikramjit Singh,MP O'Dowd,MJ Henry,1,0,,,,,,"",""
ball,2,3.6,Netherlands,MP O'Dowd,Vikramjit Singh,MJ Henry,0,0,,,,,,"",""
ball,2,4.1,Netherlands,Vikramjit Singh,MP O'Dowd,TA Boult,1,0,,,,,,"",""
ball,2,4.2,Netherlands,MP O'Dowd,Vikramjit Singh,TA Boult,0,0,,,,,,"",""
ball,2,4.3,Netherlands,MP O'Dowd,Vikramjit Singh,TA Boult,0,0,,,,,,"",""
ball,2,4.4,Netherlands,MP O'Dowd,Vikramjit Singh,TA Boult,0,0,,,,,,"",""
ball,2,4.5,Netherlands,MP O'Dowd,Vikramjit Singh,TA Boult,0,0,,,,,,"",""
ball,2,4.6,Netherlands,MP O'Dowd,Vikramjit Singh,TA Boult,4,0,,,,,,"",""
ball,2,5.1,Netherlands,Vikramjit Singh,MP O'Dowd,MJ Henry,0,0,,,,,,"",""
ball,2,5.2,Netherlands,Vikramjit Singh,MP O'Dowd,MJ Henry,3,0,,,,,,"",""
ball,2,5.3,Netherlands,MP O'Dowd,Vikramjit Singh,MJ Henry,1,0,,,,,,"",""
ball,2,5.4,Netherlands,Vikramjit Singh,MP O'Dowd,MJ Henry,0,0,,,,,,"",""
ball,2,5.5,Netherlands,Vikramjit Singh,MP O'Dowd,MJ Henry,0,0,,,,,,"",""
ball,2,5.6,Netherlands,Vikramjit Singh,MP O'Dowd,MJ Henry,0,0,,,,,,bowled,Vikramjit Singh
ball,2,6.1,Netherlands,MP O'Dowd,CN Ackermann,TA Boult,1,0,,,,,,"",""
ball,2,6.2,Netherlands,CN Ackermann,MP O'Dowd,TA Boult,0,0,,,,,,"",""
ball,2,6.3,Netherlands,CN Ackermann,MP O'Dowd,TA Boult,0,0,,,,,,"",""
ball,2,6.4,Netherlands,CN Ackermann,MP O'Dowd,TA Boult,0,0,,,,,,"",""
ball,2,6.5,Netherlands,CN Ackermann,MP O'Dowd,TA Boult,3,0,,,,,,"",""
ball,2,6.6,Netherlands,MP O'Dowd,CN Ackermann,TA Boult,0,0,,,,,,"",""
ball,2,7.1,Netherlands,CN Ackermann,MP O'Dowd,MJ Henry,0,0,,,,,,"",""
ball,2,7.2,Netherlands,CN Ackermann,MP O'Dowd,MJ Henry,1,0,,,,,,"",""
ball,2,7.3,Netherlands,MP O'Dowd,CN Ackermann,MJ Henry,0,0,,,,,,"",""
ball,2,7.4,Netherlands,MP O'Dowd,CN Ackermann,MJ Henry,0,0,,,,,,"",""
ball,2,7.5,Netherlands,MP O'Dowd,CN Ackermann,MJ Henry,0,0,,,,,,"",""
ball,2,7.6,Netherlands,MP O'Dowd,CN Ackermann,MJ Henry,0,0,,,,,,"",""
ball,2,8.1,Netherlands,CN Ackermann,MP O'Dowd,MJ Santner,0,0,,,,,,"",""
ball,2,8.2,Netherlands,CN Ackermann,MP O'Dowd,MJ Santner,0,0,,,,,,"",""
ball,2,8.3,Netherlands,CN Ackermann,MP O'Dowd,MJ Santner,0,0,,,,,,"",""
ball,2,8.4,Netherlands,CN Ackermann,MP O'Dowd,MJ Santner,3,0,,,,,,"",""
ball,2,8.5,Netherlands,MP O'Dowd,CN Ackermann,MJ Santner,0,0,,,,,,"",""
ball,2,8.6,Netherlands,MP O'Dowd,CN Ackermann,MJ Santner,0,0,,,,,,"",""
ball,2,9.1,Netherlands,CN Ackermann,MP O'Dowd,MJ Henry,4,0,,,,,,"",""
ball,2,9.2,Netherlands,CN Ackermann,MP O'Dowd,MJ Henry,1,0,,,,,,"",""
ball,2,9.3,Netherlands,MP O'Dowd,CN Ackermann,MJ Henry,0,0,,,,,,"",""
ball,2,9.4,Netherlands,MP O'Dowd,CN Ackermann,MJ Henry,0,0,,,,,,"",""
ball,2,9.5,Netherlands,MP O'Dowd,CN Ackermann,MJ Henry,0,0,,,,,,"",""
ball,2,9.6,Netherlands,MP O'Dowd,CN Ackermann,MJ Henry,1,0,,,,,,"",""
ball,2,10.1,Netherlands,MP O'Dowd,CN Ackermann,MJ Santner,4,0,,,,,,"",""
ball,2,10.2,Netherlands,MP O'Dowd,CN Ackermann,MJ Santner,1,0,,,,,,"",""
ball,2,10.3,Netherlands,CN Ackermann,MP O'Dowd,MJ Santner,2,0,,,,,,"",""
ball,2,10.4,Netherlands,CN Ackermann,MP O'Dowd,MJ Santner,1,0,,,,,,"",""
ball,2,10.5,Netherlands,MP O'Dowd,CN Ackermann,MJ Santner,0,0,,,,,,lbw,MP O'Dowd
ball,2,10.6,Netherlands,BFW de Leede,CN Ackermann,MJ Santner,1,0,,,,,,"",""
ball,2,11.1,Netherlands,BFW de Leede,CN Ackermann,LH Ferguson,4,0,,,,,,"",""
ball,2,11.2,Netherlands,BFW de Leede,CN Ackermann,LH Ferguson,0,0,,,,,,"",""
ball,2,11.3,Netherlands,BFW de Leede,CN Ackermann,LH Ferguson,4,0,,,,,,"",""
ball,2,11.4,Netherlands,BFW de Leede,CN Ackermann,LH Ferguson,0,0,,,,,,"",""
ball,2,11.5,Netherlands,BFW de Leede,CN Ackermann,LH Ferguson,0,0,,,,,,"",""
ball,2,11.6,Netherlands,BFW de Leede,CN Ackermann,LH Ferguson,0,0,,,,,,"",""
ball,2,12.1,Netherlands,CN Ackermann,BFW de Leede,MJ Santner,1,0,,,,,,"",""
ball,2,12.2,Netherlands,BFW de Leede,CN Ackermann,MJ Santner,0,0,,,,,,"",""
ball,2,12.3,Netherlands,BFW de Leede,CN Ackermann,MJ Santner,0,0,,,,,,"",""
ball,2,12.4,Netherlands,BFW de Leede,CN Ackermann,MJ Santner,4,0,,,,,,"",""
ball,2,12.5,Netherlands,BFW de Leede,CN Ackermann,MJ Santner,0,0,,,,,,"",""
ball,2,12.6,Netherlands,BFW de Leede,CN Ackermann,MJ Santner,0,0,,,,,,"",""
ball,2,13.1,Netherlands,CN Ackermann,BFW de Leede,LH Ferguson,0,0,,,,,,"",""
ball,2,13.2,Netherlands,CN Ackermann,BFW de Leede,LH Ferguson,0,0,,,,,,"",""
ball,2,13.3,Netherlands,CN Ackermann,BFW de Leede,LH Ferguson,0,0,,,,,,"",""
ball,2,13.4,Netherlands,CN Ackermann,BFW de Leede,LH Ferguson,0,0,,,,,,"",""
ball,2,13.5,Netherlands,CN Ackermann,BFW de Leede,LH Ferguson,1,0,,,,,,"",""
ball,2,13.6,Netherlands,BFW de Leede,CN Ackermann,LH Ferguson,0,0,,,,,,"",""
ball,2,14.1,Netherlands,CN Ackermann,BFW de Leede,R Ravindra,1,0,,,,,,"",""
ball,2,14.2,Netherlands,BFW de Leede,CN Ackermann,R Ravindra,1,0,,,,,,"",""
ball,2,14.3,Netherlands,CN Ackermann,BFW de Leede,R Ravindra,1,0,,,,,,"",""
ball,2,14.4,Netherlands,BFW de Leede,CN Ackermann,R Ravindra,0,0,,,,,,"",""
ball,2,14.5,Netherlands,BFW de Leede,CN Ackermann,R Ravindra,0,0,,,,,,"",""
ball,2,14.6,Netherlands,BFW de Leede,CN Ackermann,R Ravindra,1,0,,,,,,"",""
ball,2,15.1,Netherlands,BFW de Leede,CN Ackermann,LH Ferguson,0,0,,,,,,"",""
ball,2,15.2,Netherlands,BFW de Leede,CN Ackermann,LH Ferguson,0,0,,,,,,"",""
ball,2,15.3,Netherlands,BFW de Leede,CN Ackermann,LH Ferguson,0,0,,,,,,"",""
ball,2,15.4,Netherlands,BFW de Leede,CN Ackermann,LH Ferguson,1,0,,,,,,"",""
ball,2,15.5,Netherlands,CN Ackermann,BFW de Leede,LH Ferguson,1,0,,,,,,"",""
ball,2,15.6,Netherlands,BFW de Leede,CN Ackermann,LH Ferguson,0,0,,,,,,"",""
ball,2,16.1,Netherlands,CN Ackermann,BFW de Leede,R Ravindra,1,0,,,,,,"",""
ball,2,16.2,Netherlands,BFW de Leede,CN Ackermann,R Ravindra,0,0,,,,,,"",""
ball,2,16.3,Netherlands,BFW de Leede,CN Ackermann,R Ravindra,2,0,,,,,,"",""
ball,2,16.4,Netherlands,BFW de Leede,CN Ackermann,R Ravindra,0,0,,,,,,caught,BFW de Leede
ball,2,16.5,Netherlands,AT Nidamanuru,CN Ackermann,R Ravindra,0,0,,,,,,"",""
ball,2,16.6,Netherlands,AT Nidamanuru,CN Ackermann,R Ravindra,0,0,,,,,,"",""
ball,2,17.1,Netherlands,CN Ackermann,AT Nidamanuru,LH Ferguson,1,0,,,,,,"",""
ball,2,17.2,Netherlands,AT Nidamanuru,CN Ackermann,LH Ferguson,0,0,,,,,,"",""
ball,2,17.3,Netherlands,AT Nidamanuru,CN Ackermann,LH Ferguson,0,1,,,,1,,"",""
ball,2,17.4,Netherlands,CN Ackermann,AT Nidamanuru,LH Ferguson,1,0,,,,,,"",""
ball,2,17.5,Netherlands,AT Nidamanuru,CN Ackermann,LH Ferguson,0,0,,,,,,"",""
ball,2,17.6,Netherlands,AT Nidamanuru,CN Ackermann,LH Ferguson,0,0,,,,,,"",""
ball,2,18.1,Netherlands,CN Ackermann,AT Nidamanuru,R Ravindra,1,0,,,,,,"",""
ball,2,18.2,Netherlands,AT Nidamanuru,CN Ackermann,R Ravindra,4,0,,,,,,"",""
ball,2,18.3,Netherlands,AT Nidamanuru,CN Ackermann,R Ravindra,0,0,,,,,,"",""
ball,2,18.4,Netherlands,AT Nidamanuru,CN Ackermann,R Ravindra,0,0,,,,,,"",""
ball,2,18.5,Netherlands,AT Nidamanuru,CN Ackermann,R Ravindra,0,0,,,,,,"",""
ball,2,18.6,Netherlands,AT Nidamanuru,CN Ackermann,R Ravindra,1,0,,,,,,"",""
ball,2,19.1,Netherlands,AT Nidamanuru,CN Ackermann,MJ Santner,0,0,,,,,,"",""
ball,2,19.2,Netherlands,AT Nidamanuru,CN Ackermann,MJ Santner,1,0,,,,,,"",""
ball,2,19.3,Netherlands,CN Ackermann,AT Nidamanuru,MJ Santner,0,0,,,,,,"",""
ball,2,19.4,Netherlands,CN Ackermann,AT Nidamanuru,MJ Santner,1,0,,,,,,"",""
ball,2,19.5,Netherlands,AT Nidamanuru,CN Ackermann,MJ Santner,1,0,,,,,,"",""
ball,2,19.6,Netherlands,CN Ackermann,AT Nidamanuru,MJ Santner,1,0,,,,,,"",""
ball,2,20.1,Netherlands,CN Ackermann,AT Nidamanuru,R Ravindra,1,0,,,,,,"",""
ball,2,20.2,Netherlands,AT Nidamanuru,CN Ackermann,R Ravindra,0,0,,,,,,"",""
ball,2,20.3,Netherlands,AT Nidamanuru,CN Ackermann,R Ravindra,4,0,,,,,,"",""
ball,2,20.4,Netherlands,AT Nidamanuru,CN Ackermann,R Ravindra,0,0,,,,,,"",""
ball,2,20.5,Netherlands,AT Nidamanuru,CN Ackermann,R Ravindra,0,0,,,,,,"",""
ball,2,20.6,Netherlands,AT Nidamanuru,CN Ackermann,R Ravindra,0,0,,,,,,"",""
ball,2,21.1,Netherlands,CN Ackermann,AT Nidamanuru,MJ Santner,2,0,,,,,,"",""
ball,2,21.2,Netherlands,CN Ackermann,AT Nidamanuru,MJ Santner,1,0,,,,,,"",""
ball,2,21.3,Netherlands,AT Nidamanuru,CN Ackermann,MJ Santner,6,0,,,,,,"",""
ball,2,21.4,Netherlands,AT Nidamanuru,CN Ackermann,MJ Santner,1,0,,,,,,"",""
ball,2,21.5,Netherlands,CN Ackermann,AT Nidamanuru,MJ Santner,4,0,,,,,,"",""
ball,2,21.6,Netherlands,CN Ackermann,AT Nidamanuru,MJ Santner,1,0,,,,,,"",""
ball,2,22.1,Netherlands,CN Ackermann,AT Nidamanuru,R Ravindra,0,0,,,,,,"",""
ball,2,22.2,Netherlands,CN Ackermann,AT Nidamanuru,R Ravindra,0,0,,,,,,"",""
ball,2,22.3,Netherlands,CN Ackermann,AT Nidamanuru,R Ravindra,0,0,,,,,,"",""
ball,2,22.4,Netherlands,CN Ackermann,AT Nidamanuru,R Ravindra,0,0,,,,,,"",""
ball,2,22.5,Netherlands,CN Ackermann,AT Nidamanuru,R Ravindra,1,0,,,,,,"",""
ball,2,22.6,Netherlands,AT Nidamanuru,CN Ackermann,R Ravindra,0,0,,,,,,"",""
ball,2,23.1,Netherlands,CN Ackermann,AT Nidamanuru,TA Boult,0,0,,,,,,"",""
ball,2,23.2,Netherlands,CN Ackermann,AT Nidamanuru,TA Boult,1,0,,,,,,"",""
ball,2,23.3,Netherlands,AT Nidamanuru,CN Ackermann,TA Boult,1,0,,,,,,"",""
ball,2,23.4,Netherlands,CN Ackermann,AT Nidamanuru,TA Boult,0,0,,,,,,"",""
ball,2,23.5,Netherlands,CN Ackermann,AT Nidamanuru,TA Boult,4,0,,,,,,"",""
ball,2,23.6,Netherlands,CN Ackermann,AT Nidamanuru,TA Boult,0,2,2,,,,,"",""
ball,2,23.7,Netherlands,AT Nidamanuru,CN Ackermann,TA Boult,0,0,,,,,,"",""
ball,2,24.1,Netherlands,CN Ackermann,AT Nidamanuru,R Ravindra,0,0,,,,,,"",""
ball,2,24.2,Netherlands,CN Ackermann,AT Nidamanuru,R Ravindra,1,0,,,,,,"",""
ball,2,24.3,Netherlands,AT Nidamanuru,CN Ackermann,R Ravindra,1,0,,,,,,"",""
ball,2,24.4,Netherlands,CN Ackermann,AT Nidamanuru,R Ravindra,1,0,,,,,,"",""
ball,2,24.5,Netherlands,AT Nidamanuru,CN Ackermann,R Ravindra,1,0,,,,,,"",""
ball,2,24.6,Netherlands,CN Ackermann,AT Nidamanuru,R Ravindra,1,0,,,,,,"",""
ball,2,25.1,Netherlands,CN Ackermann,AT Nidamanuru,TA Boult,0,0,,,,,,"",""
ball,2,25.2,Netherlands,CN Ackermann,AT Nidamanuru,TA Boult,0,0,,,,,,"",""
ball,2,25.3,Netherlands,CN Ackermann,AT Nidamanuru,TA Boult,2,0,,,,,,"",""
ball,2,25.4,Netherlands,CN Ackermann,AT Nidamanuru,TA Boult,1,0,,,,,,run out,AT Nidamanuru
ball,2,25.5,Netherlands,SA Edwards,CN Ackermann,TA Boult,1,0,,,,,,"",""
ball,2,25.6,Netherlands,CN Ackermann,SA Edwards,TA Boult,1,0,,,,,,"",""
ball,2,26.1,Netherlands,CN Ackermann,SA Edwards,R Ravindra,1,0,,,,,,"",""
ball,2,26.2,Netherlands,SA Edwards,CN Ackermann,R Ravindra,0,0,,,,,,"",""
ball,2,26.3,Netherlands,SA Edwards,CN Ackermann,R Ravindra,4,0,,,,,,"",""
ball,2,26.4,Netherlands,SA Edwards,CN Ackermann,R Ravindra,0,0,,,,,,"",""
ball,2,26.5,Netherlands,SA Edwards,CN Ackermann,R Ravindra,0,0,,,,,,"",""
ball,2,26.6,Netherlands,SA Edwards,CN Ackermann,R Ravindra,1,0,,,,,,"",""
ball,2,27.1,Netherlands,SA Edwards,CN Ackermann,MJ Henry,1,0,,,,,,"",""
ball,2,27.2,Netherlands,CN Ackermann,SA Edwards,MJ Henry,4,0,,,,,,"",""
ball,2,27.3,Netherlands,CN Ackermann,SA Edwards,MJ Henry,0,0,,,,,,"",""
ball,2,27.4,Netherlands,CN Ackermann,SA Edwards,MJ Henry,1,0,,,,,,"",""
ball,2,27.5,Netherlands,SA Edwards,CN Ackermann,MJ Henry,0,0,,,,,,"",""
ball,2,27.6,Netherlands,SA Edwards,CN Ackermann,MJ Henry,0,0,,,,,,"",""
ball,2,28.1,Netherlands,CN Ackermann,SA Edwards,GD Phillips,1,0,,,,,,"",""
ball,2,28.2,Netherlands,SA Edwards,CN Ackermann,GD Phillips,0,0,,,,,,"",""
ball,2,28.3,Netherlands,SA Edwards,CN Ackermann,GD Phillips,1,0,,,,,,"",""
ball,2,28.4,Netherlands,CN Ackermann,SA Edwards,GD Phillips,2,0,,,,,,"",""
ball,2,28.5,Netherlands,CN Ackermann,SA Edwards,GD Phillips,1,0,,,,,,"",""
ball,2,28.6,Netherlands,SA Edwards,CN Ackermann,GD Phillips,1,0,,,,,,"",""
ball,2,29.1,Netherlands,SA Edwards,CN Ackermann,MJ Henry,1,0,,,,,,"",""
ball,2,29.2,Netherlands,CN Ackermann,SA Edwards,MJ Henry,4,0,,,,,,"",""
ball,2,29.3,Netherlands,CN Ackermann,SA Edwards,MJ Henry,0,0,,,,,,"",""
ball,2,29.4,Netherlands,CN Ackermann,SA Edwards,MJ Henry,0,0,,,,,,"",""
ball,2,29.5,Netherlands,CN Ackermann,SA Edwards,MJ Henry,1,0,,,,,,"",""
ball,2,29.6,Netherlands,SA Edwards,CN Ackermann,MJ Henry,2,0,,,,,,"",""
ball,2,30.1,Netherlands,CN Ackermann,SA Edwards,GD Phillips,0,0,,,,,,"",""
ball,2,30.2,Netherlands,CN Ackermann,SA Edwards,GD Phillips,1,0,,,,,,"",""
ball,2,30.3,Netherlands,SA Edwards,CN Ackermann,GD Phillips,1,0,,,,,,"",""
ball,2,30.4,Netherlands,CN Ackermann,SA Edwards,GD Phillips,1,0,,,,,,"",""
ball,2,30.5,Netherlands,SA Edwards,CN Ackermann,GD Phillips,1,0,,,,,,"",""
ball,2,30.6,Netherlands,CN Ackermann,SA Edwards,GD Phillips,1,0,,,,,,"",""
ball,2,31.1,Netherlands,CN Ackermann,SA Edwards,LH Ferguson,1,0,,,,,,"",""
ball,2,31.2,Netherlands,SA Edwards,CN Ackermann,LH Ferguson,0,0,,,,,,"",""
ball,2,31.3,Netherlands,SA Edwards,CN Ackermann,LH Ferguson,0,0,,,,,,"",""
ball,2,31.4,Netherlands,SA Edwards,CN Ackermann,LH Ferguson,1,0,,,,,,"",""
ball,2,31.5,Netherlands,CN Ackermann,SA Edwards,LH Ferguson,1,0,,,,,,"",""
ball,2,31.6,Netherlands,SA Edwards,CN Ackermann,LH Ferguson,1,0,,,,,,"",""
ball,2,32.1,Netherlands,SA Edwards,CN Ackermann,MJ Santner,1,0,,,,,,"",""
ball,2,32.2,Netherlands,CN Ackermann,SA Edwards,MJ Santner,0,0,,,,,,"",""
ball,2,32.3,Netherlands,CN Ackermann,SA Edwards,MJ Santner,1,0,,,,,,"",""
ball,2,32.4,Netherlands,SA Edwards,CN Ackermann,MJ Santner,1,0,,,,,,"",""
ball,2,32.5,Netherlands,CN Ackermann,SA Edwards,MJ Santner,0,0,,,,,,caught,CN Ackermann
ball,2,32.6,Netherlands,SA Engelbrecht,SA Edwards,MJ Santner,1,0,,,,,,"",""
ball,2,33.1,Netherlands,SA Engelbrecht,SA Edwards,LH Ferguson,0,0,,,,,,"",""
ball,2,33.2,Netherlands,SA Engelbrecht,SA Edwards,LH Ferguson,4,0,,,,,,"",""
ball,2,33.3,Netherlands,SA Engelbrecht,SA Edwards,LH Ferguson,0,0,,,,,,"",""
ball,2,33.4,Netherlands,SA Engelbrecht,SA Edwards,LH Ferguson,0,0,,,,,,"",""
ball,2,33.5,Netherlands,SA Engelbrecht,SA Edwards,LH Ferguson,0,0,,,,,,"",""
ball,2,33.6,Netherlands,SA Engelbrecht,SA Edwards,LH Ferguson,0,0,,,,,,"",""
ball,2,34.1,Netherlands,SA Edwards,SA Engelbrecht,MJ Santner,0,0,,,,,,"",""
ball,2,34.2,Netherlands,SA Edwards,SA Engelbrecht,MJ Santner,6,0,,,,,,"",""
ball,2,34.3,Netherlands,SA Edwards,SA Engelbrecht,MJ Santner,4,0,,,,,,"",""
ball,2,34.4,Netherlands,SA Edwards,SA Engelbrecht,MJ Santner,2,0,,,,,,"",""
ball,2,34.5,Netherlands,SA Edwards,SA Engelbrecht,MJ Santner,0,0,,,,,,caught and bowled,SA Edwards
ball,2,34.6,Netherlands,RE van der Merwe,SA Engelbrecht,MJ Santner,0,0,,,,,,"",""
ball,2,35.1,Netherlands,SA Engelbrecht,RE van der Merwe,LH Ferguson,1,0,,,,,,"",""
ball,2,35.2,Netherlands,RE van der Merwe,SA Engelbrecht,LH Ferguson,0,0,,,,,,"",""
ball,2,35.3,Netherlands,RE van der Merwe,SA Engelbrecht,LH Ferguson,1,0,,,,,,"",""
ball,2,35.4,Netherlands,SA Engelbrecht,RE van der Merwe,LH Ferguson,4,0,,,,,,"",""
ball,2,35.5,Netherlands,SA Engelbrecht,RE van der Merwe,LH Ferguson,0,0,,,,,,"",""
ball,2,35.6,Netherlands,SA Engelbrecht,RE van der Merwe,LH Ferguson,0,0,,,,,,"",""
ball,2,36.1,Netherlands,RE van der Merwe,SA Engelbrecht,MJ Santner,0,0,,,,,,"",""
ball,2,36.2,Netherlands,RE van der Merwe,SA Engelbrecht,MJ Santner,0,0,,,,,,"",""
ball,2,36.3,Netherlands,RE van der Merwe,SA Engelbrecht,MJ Santner,0,0,,,,,,caught,RE van der Merwe
ball,2,36.4,Netherlands,R Klein,SA Engelbrecht,MJ Santner,0,0,,,,,,"",""
ball,2,36.5,Netherlands,R Klein,SA Engelbrecht,MJ Santner,1,0,,,,,,"",""
ball,2,36.6,Netherlands,SA Engelbrecht,R Klein,MJ Santner,2,0,,,,,,"",""
ball,2,37.1,Netherlands,R Klein,SA Engelbrecht,TA Boult,0,0,,,,,,"",""
ball,2,37.2,Netherlands,R Klein,SA Engelbrecht,TA Boult,0,0,,,,,,"",""
ball,2,37.3,Netherlands,R Klein,SA Engelbrecht,TA Boult,0,0,,,,,,"",""
ball,2,37.4,Netherlands,R Klein,SA Engelbrecht,TA Boult,0,0,,,,,,"",""
ball,2,37.5,Netherlands,R Klein,SA Engelbrecht,TA Boult,2,0,,,,,,"",""
ball,2,37.6,Netherlands,R Klein,SA Engelbrecht,TA Boult,1,0,,,,,,"",""
ball,2,38.1,Netherlands,R Klein,SA Engelbrecht,R Ravindra,1,0,,,,,,"",""
ball,2,38.2,Netherlands,SA Engelbrecht,R Klein,R Ravindra,1,0,,,,,,"",""
ball,2,38.3,Netherlands,R Klein,SA Engelbrecht,R Ravindra,1,0,,,,,,"",""
ball,2,38.4,Netherlands,SA Engelbrecht,R Klein,R Ravindra,0,0,,,,,,"",""
ball,2,38.5,Netherlands,SA Engelbrecht,R Klein,R Ravindra,1,0,,,,,,"",""
ball,2,38.6,Netherlands,R Klein,SA Engelbrecht,R Ravindra,0,0,,,,,,"",""
ball,2,39.1,Netherlands,SA Engelbrecht,R Klein,TA Boult,0,0,,,,,,"",""
ball,2,39.2,Netherlands,SA Engelbrecht,R Klein,TA Boult,4,0,,,,,,"",""
ball,2,39.3,Netherlands,SA Engelbrecht,R Klein,TA Boult,1,0,,,,,,"",""
ball,2,39.4,Netherlands,R Klein,SA Engelbrecht,TA Boult,1,0,,,,,,"",""
ball,2,39.5,Netherlands,SA Engelbrecht,R Klein,TA Boult,0,0,,,,,,"",""
ball,2,39.6,Netherlands,SA Engelbrecht,R Klein,TA Boult,0,0,,,,,,"",""
ball,2,40.1,Netherlands,R Klein,SA Engelbrecht,R Ravindra,0,0,,,,,,"",""
ball,2,40.2,Netherlands,R Klein,SA Engelbrecht,R Ravindra,1,0,,,,,,"",""
ball,2,40.3,Netherlands,SA Engelbrecht,R Klein,R Ravindra,0,0,,,,,,"",""
ball,2,40.4,Netherlands,SA Engelbrecht,R Klein,R Ravindra,0,0,,,,,,"",""
ball,2,40.5,Netherlands,SA Engelbrecht,R Klein,R Ravindra,0,0,,,,,,"",""
ball,2,40.6,Netherlands,SA Engelbrecht,R Klein,R Ravindra,0,1,,1,,,,"",""
ball,2,40.7,Netherlands,SA Engelbrecht,R Klein,R Ravindra,0,0,,,,,,"",""
ball,2,41.1,Netherlands,R Klein,SA Engelbrecht,MJ Santner,0,0,,,,,,lbw,R Klein
ball,2,41.2,Netherlands,A Dutt,SA Engelbrecht,MJ Santner,0,0,,,,,,"",""
ball,2,41.3,Netherlands,A Dutt,SA Engelbrecht,MJ Santner,0,0,,,,,,"",""
ball,2,41.4,Netherlands,A Dutt,SA Engelbrecht,MJ Santner,0,0,,,,,,"",""
ball,2,41.5,Netherlands,A Dutt,SA Engelbrecht,MJ Santner,0,0,,,,,,"",""
ball,2,41.6,Netherlands,A Dutt,SA Engelbrecht,MJ Santner,1,0,,,,,,"",""
ball,2,42.1,Netherlands,A Dutt,SA Engelbrecht,R Ravindra,1,0,,,,,,"",""
ball,2,42.2,Netherlands,SA Engelbrecht,A Dutt,R Ravindra,1,0,,,,,,"",""
ball,2,42.3,Netherlands,A Dutt,SA Engelbrecht,R Ravindra,0,0,,,,,,"",""
ball,2,42.4,Netherlands,A Dutt,SA Engelbrecht,R Ravindra,1,0,,,,,,"",""
ball,2,42.5,Netherlands,SA Engelbrecht,A Dutt,R Ravindra,1,0,,,,,,"",""
ball,2,42.6,Netherlands,A Dutt,SA Engelbrecht,R Ravindra,6,0,,,,,,"",""
ball,2,43.1,Netherlands,SA Engelbrecht,A Dutt,MJ Santner,2,0,,,,,,"",""
ball,2,43.2,Netherlands,SA Engelbrecht,A Dutt,MJ Santner,1,0,,,,,,"",""
ball,2,43.3,Netherlands,A Dutt,SA Engelbrecht,MJ Santner,0,0,,,,,,"",""
ball,2,43.4,Netherlands,A Dutt,SA Engelbrecht,MJ Santner,0,0,,,,,,"",""
ball,2,43.5,Netherlands,A Dutt,SA Engelbrecht,MJ Santner,0,0,,,,,,"",""
ball,2,43.6,Netherlands,A Dutt,SA Engelbrecht,MJ Santner,0,0,,,,,,"",""
ball,2,44.1,Netherlands,SA Engelbrecht,A Dutt,MJ Henry,2,0,,,,,,"",""
ball,2,44.2,Netherlands,SA Engelbrecht,A Dutt,MJ Henry,0,0,,,,,,"",""
ball,2,44.3,Netherlands,SA Engelbrecht,A Dutt,MJ Henry,1,0,,,,,,"",""
ball,2,44.4,Netherlands,A Dutt,SA Engelbrecht,MJ Henry,1,0,,,,,,"",""
ball,2,44.5,Netherlands,SA Engelbrecht,A Dutt,MJ Henry,2,0,,,,,,"",""
ball,2,44.6,Netherlands,SA Engelbrecht,A Dutt,MJ Henry,0,0,,,,,,caught,SA Engelbrecht
ball,2,45.1,Netherlands,A Dutt,PA van Meekeren,LH Ferguson,0,0,,,,,,"",""
ball,2,45.2,Netherlands,A Dutt,PA van Meekeren,LH Ferguson,0,0,,,,,,"",""
ball,2,45.3,Netherlands,A Dutt,PA van Meekeren,LH Ferguson,1,0,,,,,,"",""
ball,2,45.4,Netherlands,PA van Meekeren,A Dutt,LH Ferguson,0,0,,,,,,"",""
ball,2,45.5,Netherlands,PA van Meekeren,A Dutt,LH Ferguson,4,0,,,,,,"",""
ball,2,45.6,Netherlands,PA van Meekeren,A Dutt,LH Ferguson,0,0,,,,,,"",""
ball,2,46.1,Netherlands,A Dutt,PA van Meekeren,MJ Henry,0,0,,,,,,"",""
ball,2,46.2,Netherlands,A Dutt,PA van Meekeren,MJ Henry,0,0,,,,,,"",""
ball,2,46.3,Netherlands,A Dutt,PA van Meekeren,MJ Henry,0,0,,,,,,bowled,A Dutt
