version,1.7.0
info,balls_per_over,6
info,team,Sri Lanka
info,team,Bangladesh
info,gender,male
info,season,2023/24
info,date,2023/11/06
info,event,ICC Cricket World Cup
info,match_number,38
info,venue,"Arun Jaitley Stadium, Delhi"
info,city,Delhi
info,toss_winner,Bangladesh
info,toss_decision,field
info,player_of_match,Shakib Al Hasan
info,umpire,M Erasmus
info,umpire,RK Illingworth
info,reserve_umpire,AT Holdstock
info,tv_umpire,Nitin Menon
info,match_referee,RB Richardson
info,winner,Bangladesh
info,winner_wickets,3
info,player,Sri Lanka,P Nissanka
info,player,Sri Lanka,MDKJ Perera
info,player,Sri Lanka,BKG Mendis
info,player,Sri Lanka,S Samarawickrama
info,player,Sri Lanka,KIC Asalanka
info,player,Sri Lanka,AD Mathews
info,player,Sri Lanka,DM de Silva
info,player,Sri Lanka,M Theekshana
info,player,Sri Lanka,PVD Chameera
info,player,Sri Lanka,CAK Rajitha
info,player,Sri Lanka,D Madushanka
info,player,Bangladesh,Tanzid Hasan
info,player,Bangladesh,Liton Das
info,player,Bangladesh,Nazmul Hossain Shanto
info,player,Bangladesh,Shakib Al Hasan
info,player,Bangladesh,Mahmudullah
info,player,Bangladesh,Mushfiqur Rahim
info,player,Bangladesh,Towhid Hridoy
info,player,Bangladesh,Mehedi Hasan Miraz
info,player,Bangladesh,Tanzim Hasan Sakib
info,player,Bangladesh,Taskin Ahmed
info,player,Bangladesh,Shoriful Islam
info,registry,people,AD Mathews,896d78ad
info,registry,people,AT Holdstock,6fa3258c
info,registry,people,BKG Mendis,5d1e7582
info,registry,people,CAK Rajitha,8012d0b8
info,registry,people,D Madushanka,de7d833e
info,registry,people,DM de Silva,7d608e12
info,registry,people,KIC Asalanka,732c038e
info,registry,people,Liton Das,0404d43c
info,registry,people,M Erasmus,15d3c895
info,registry,people,M Theekshana,f24c6701
info,registry,people,MDKJ Perera,f21043a5
info,registry,people,Mahmudullah,bf1d7d3e
info,registry,people,Mehedi Hasan Miraz,c58b0108
info,registry,people,Mushfiqur Rahim,a94e08ea
info,registry,people,Nasum Ahmed,37654b75
info,registry,people,Nazmul Hossain Shanto,1274d7ab
info,registry,people,Nitin Menon,e1d41d9e
info,registry,people,P Nissanka,8ee36b18
info,registry,people,PVD Chameera,327b58d3
info,registry,people,RB Richardson,410e2f12
info,registry,people,RK Illingworth,20672246
info,registry,people,S Samarawickrama,9ab2914d
info,registry,people,Shakib Al Hasan,7dc35884
info,registry,people,Shoriful Islam,bb34fd31
info,registry,people,Tanzid Hasan,80fe764d
info,registry,people,Tanzim Hasan Sakib,0b0cc297
info,registry,people,Taskin Ahmed,ef18b66e
info,registry,people,Towhid Hridoy,9e52a414
ball,1,0.1,Sri Lanka,P Nissanka,MDKJ Perera,Shoriful Islam,0,1,,,,1,,"",""
ball,1,0.2,Sri Lanka,MDKJ Perera,P Nissanka,Shoriful Islam,0,0,,,,,,"",""
ball,1,0.3,Sri Lanka,MDKJ Perera,P Nissanka,Shoriful Islam,4,0,,,,,,"",""
ball,1,0.4,Sri Lanka,MDKJ Perera,P Nissanka,Shoriful Islam,0,0,,,,,,"",""
ball,1,0.5,Sri Lanka,MDKJ Perera,P Nissanka,Shoriful Islam,0,0,,,,,,"",""
ball,1,0.6,Sri Lanka,MDKJ Perera,P Nissanka,Shoriful Islam,0,0,,,,,,caught,MDKJ Perera
ball,1,1.1,Sri Lanka,P Nissanka,BKG Mendis,Taskin Ahmed,0,0,,,,,,"",""
ball,1,1.2,Sri Lanka,P Nissanka,BKG Mendis,Taskin Ahmed,0,0,,,,,,"",""
ball,1,1.3,Sri Lanka,P Nissanka,BKG Mendis,Taskin Ahmed,1,0,,,,,,"",""
ball,1,1.4,Sri Lanka,BKG Mendis,P Nissanka,Taskin Ahmed,0,0,,,,,,"",""
ball,1,1.5,Sri Lanka,BKG Mendis,P Nissanka,Taskin Ahmed,0,0,,,,,,"",""
ball,1,1.6,Sri Lanka,BKG Mendis,P Nissanka,Taskin Ahmed,0,0,,,,,,"",""
ball,1,2.1,Sri Lanka,P Nissanka,BKG Mendis,Shoriful Islam,0,0,,,,,,"",""
ball,1,2.2,Sri Lanka,P Nissanka,BKG Mendis,Shoriful Islam,4,0,,,,,,"",""
ball,1,2.3,Sri Lanka,P Nissanka,BKG Mendis,Shoriful Islam,4,0,,,,,,"",""
ball,1,2.4,Sri Lanka,P Nissanka,BKG Mendis,Shoriful Islam,0,0,,,,,,"",""
ball,1,2.5,Sri Lanka,P Nissanka,BKG Mendis,Shoriful Islam,0,0,,,,,,"",""
ball,1,2.6,Sri Lanka,P Nissanka,BKG Mendis,Shoriful Islam,4,0,,,,,,"",""
ball,1,3.1,Sri Lanka,BKG Mendis,P Nissanka,Taskin Ahmed,0,0,,,,,,"",""
ball,1,3.2,Sri Lanka,BKG Mendis,P Nissanka,Taskin Ahmed,0,0,,,,,,"",""
ball,1,3.3,Sri Lanka,BKG Mendis,P Nissanka,Taskin Ahmed,0,0,,,,,,"",""
ball,1,3.4,Sri Lanka,BKG Mendis,P Nissanka,Taskin Ahmed,0,0,,,,,,"",""
ball,1,3.5,Sri Lanka,BKG Mendis,P Nissanka,Taskin Ahmed,0,0,,,,,,"",""
ball,1,3.6,Sri Lanka,BKG Mendis,P Nissanka,Taskin Ahmed,0,0,,,,,,"",""
ball,1,4.1,Sri Lanka,P Nissanka,BKG Mendis,Shoriful Islam,0,0,,,,,,"",""
ball,1,4.2,Sri Lanka,P Nissanka,BKG Mendis,Shoriful Islam,4,0,,,,,,"",""
ball,1,4.3,Sri Lanka,P Nissanka,BKG Mendis,Shoriful Islam,2,0,,,,,,"",""
ball,1,4.4,Sri Lanka,P Nissanka,BKG Mendis,Shoriful Islam,0,0,,,,,,"",""
ball,1,4.5,Sri Lanka,P Nissanka,BKG Mendis,Shoriful Islam,0,0,,,,,,"",""
ball,1,4.6,Sri Lanka,P Nissanka,BKG Mendis,Shoriful Islam,0,0,,,,,,"",""
ball,1,5.1,Sri Lanka,BKG Mendis,P Nissanka,Taskin Ahmed,0,0,,,,,,"",""
ball,1,5.2,Sri Lanka,BKG Mendis,P Nissanka,Taskin Ahmed,0,0,,,,,,"",""
ball,1,5.3,Sri Lanka,BKG Mendis,P Nissanka,Taskin Ahmed,0,0,,,,,,"",""
ball,1,5.4,Sri Lanka,BKG Mendis,P Nissanka,Taskin Ahmed,0,0,,,,,,"",""
ball,1,5.5,Sri Lanka,BKG Mendis,P Nissanka,Taskin Ahmed,1,0,,,,,,"",""
ball,1,5.6,Sri Lanka,P Nissanka,BKG Mendis,Taskin Ahmed,4,0,,,,,,"",""
ball,1,6.1,Sri Lanka,BKG Mendis,P Nissanka,Tanzim Hasan Sakib,1,0,,,,,,"",""
ball,1,6.2,Sri Lanka,P Nissanka,BKG Mendis,Tanzim Hasan Sakib,0,0,,,,,,"",""
ball,1,6.3,Sri Lanka,P Nissanka,BKG Mendis,Tanzim Hasan Sakib,4,0,,,,,,"",""
ball,1,6.4,Sri Lanka,P Nissanka,BKG Mendis,Tanzim Hasan Sakib,4,0,,,,,,"",""
ball,1,6.5,Sri Lanka,P Nissanka,BKG Mendis,Tanzim Hasan Sakib,0,0,,,,,,"",""
ball,1,6.6,Sri Lanka,P Nissanka,BKG Mendis,Tanzim Hasan Sakib,0,0,,,,,,"",""
ball,1,7.1,Sri Lanka,BKG Mendis,P Nissanka,Taskin Ahmed,0,0,,,,,,"",""
ball,1,7.2,Sri Lanka,BKG Mendis,P Nissanka,Taskin Ahmed,1,0,,,,,,"",""
ball,1,7.3,Sri Lanka,P Nissanka,BKG Mendis,Taskin Ahmed,1,0,,,,,,"",""
ball,1,7.4,Sri Lanka,BKG Mendis,P Nissanka,Taskin Ahmed,1,0,,,,,,"",""
ball,1,7.5,Sri Lanka,P Nissanka,BKG Mendis,Taskin Ahmed,0,0,,,,,,"",""
ball,1,7.6,Sri Lanka,P Nissanka,BKG Mendis,Taskin Ahmed,0,1,1,,,,,"",""
ball,1,7.7,Sri Lanka,P Nissanka,BKG Mendis,Taskin Ahmed,1,0,,,,,,"",""
ball,1,8.1,Sri Lanka,P Nissanka,BKG Mendis,Tanzim Hasan Sakib,1,0,,,,,,"",""
ball,1,8.2,Sri Lanka,BKG Mendis,P Nissanka,Tanzim Hasan Sakib,0,0,,,,,,"",""
ball,1,8.3,Sri Lanka,BKG Mendis,P Nissanka,Tanzim Hasan Sakib,1,0,,,,,,"",""
ball,1,8.4,Sri Lanka,P Nissanka,BKG Mendis,Tanzim Hasan Sakib,1,0,,,,,,"",""
ball,1,8.5,Sri Lanka,BKG Mendis,P Nissanka,Tanzim Hasan Sakib,1,0,,,,,,"",""
ball,1,8.6,Sri Lanka,P Nissanka,BKG Mendis,Tanzim Hasan Sakib,0,0,,,,,,"",""
ball,1,9.1,Sri Lanka,BKG Mendis,P Nissanka,Taskin Ahmed,0,0,,,,,,"",""
ball,1,9.2,Sri Lanka,BKG Mendis,P Nissanka,Taskin Ahmed,1,0,,,,,,"",""
ball,1,9.3,Sri Lanka,P Nissanka,BKG Mendis,Taskin Ahmed,0,0,,,,,,"",""
ball,1,9.4,Sri Lanka,P Nissanka,BKG Mendis,Taskin Ahmed,0,0,,,,,,"",""
ball,1,9.5,Sri Lanka,P Nissanka,BKG Mendis,Taskin Ahmed,4,0,,,,,,"",""
ball,1,9.6,Sri Lanka,P Nissanka,BKG Mendis,Taskin Ahmed,0,0,,,,,,"",""
ball,1,10.1,Sri Lanka,BKG Mendis,P Nissanka,Tanzim Hasan Sakib,6,0,,,,,,"",""
ball,1,10.2,Sri Lanka,BKG Mendis,P Nissanka,Tanzim Hasan Sakib,0,1,1,,,,,"",""
ball,1,10.3,Sri Lanka,BKG Mendis,P Nissanka,Tanzim Hasan Sakib,0,0,,,,,,"",""
ball,1,10.4,Sri Lanka,BKG Mendis,P Nissanka,Tanzim Hasan Sakib,0,0,,,,,,"",""
ball,1,10.5,Sri Lanka,BKG Mendis,P Nissanka,Tanzim Hasan Sakib,4,0,,,,,,"",""
ball,1,10.6,Sri Lanka,BKG Mendis,P Nissanka,Tanzim Hasan Sakib,1,0,,,,,,"",""
ball,1,10.7,Sri Lanka,P Nissanka,BKG Mendis,Tanzim Hasan Sakib,0,0,,,,,,"",""
ball,1,11.1,Sri Lanka,BKG Mendis,P Nissanka,Shakib Al Hasan,1,0,,,,,,"",""
ball,1,11.2,Sri Lanka,P Nissanka,BKG Mendis,Shakib Al Hasan,1,0,,,,,,"",""
ball,1,11.3,Sri Lanka,BKG Mendis,P Nissanka,Shakib Al Hasan,0,0,,,,,,caught,BKG Mendis
ball,1,11.4,Sri Lanka,S Samarawickrama,P Nissanka,Shakib Al Hasan,1,0,,,,,,"",""
ball,1,11.5,Sri Lanka,P Nissanka,S Samarawickrama,Shakib Al Hasan,1,0,,,,,,"",""
ball,1,11.6,Sri Lanka,S Samarawickrama,P Nissanka,Shakib Al Hasan,1,0,,,,,,"",""
ball,1,12.1,Sri Lanka,S Samarawickrama,P Nissanka,Tanzim Hasan Sakib,0,0,,,,,,"",""
ball,1,12.2,Sri Lanka,S Samarawickrama,P Nissanka,Tanzim Hasan Sakib,2,0,,,,,,"",""
ball,1,12.3,Sri Lanka,S Samarawickrama,P Nissanka,Tanzim Hasan Sakib,1,0,,,,,,"",""
ball,1,12.4,Sri Lanka,P Nissanka,S Samarawickrama,Tanzim Hasan Sakib,0,0,,,,,,bowled,P Nissanka
ball,1,12.5,Sri Lanka,KIC Asalanka,S Samarawickrama,Tanzim Hasan Sakib,0,0,,,,,,"",""
ball,1,12.6,Sri Lanka,KIC Asalanka,S Samarawickrama,Tanzim Hasan Sakib,0,0,,,,,,"",""
ball,1,13.1,Sri Lanka,S Samarawickrama,KIC Asalanka,Shoriful Islam,1,0,,,,,,"",""
ball,1,13.2,Sri Lanka,KIC Asalanka,S Samarawickrama,Shoriful Islam,0,0,,,,,,"",""
ball,1,13.3,Sri Lanka,KIC Asalanka,S Samarawickrama,Shoriful Islam,0,0,,,,,,"",""
ball,1,13.4,Sri Lanka,KIC Asalanka,S Samarawickrama,Shoriful Islam,0,0,,,,,,"",""
ball,1,13.5,Sri Lanka,KIC Asalanka,S Samarawickrama,Shoriful Islam,3,0,,,,,,"",""
ball,1,13.6,Sri Lanka,S Samarawickrama,KIC Asalanka,Shoriful Islam,0,0,,,,,,"",""
ball,1,14.1,Sri Lanka,KIC Asalanka,S Samarawickrama,Tanzim Hasan Sakib,0,0,,,,,,"",""
ball,1,14.2,Sri Lanka,KIC Asalanka,S Samarawickrama,Tanzim Hasan Sakib,0,0,,,,,,"",""
ball,1,14.3,Sri Lanka,KIC Asalanka,S Samarawickrama,Tanzim Hasan Sakib,1,0,,,,,,"",""
ball,1,14.4,Sri Lanka,S Samarawickrama,KIC Asalanka,Tanzim Hasan Sakib,1,0,,,,,,"",""
ball,1,14.5,Sri Lanka,KIC Asalanka,S Samarawickrama,Tanzim Hasan Sakib,6,0,,,,,,"",""
ball,1,14.6,Sri Lanka,KIC Asalanka,S Samarawickrama,Tanzim Hasan Sakib,0,0,,,,,,"",""
ball,1,15.1,Sri Lanka,S Samarawickrama,KIC Asalanka,Mehedi Hasan Miraz,0,0,,,,,,"",""
ball,1,15.2,Sri Lanka,S Samarawickrama,KIC Asalanka,Mehedi Hasan Miraz,1,0,,,,,,"",""
ball,1,15.3,Sri Lanka,KIC Asalanka,S Samarawickrama,Mehedi Hasan Miraz,1,0,,,,,,"",""
ball,1,15.4,Sri Lanka,S Samarawickrama,KIC Asalanka,Mehedi Hasan Miraz,1,0,,,,,,"",""
ball,1,15.5,Sri Lanka,KIC Asalanka,S Samarawickrama,Mehedi Hasan Miraz,0,0,,,,,,"",""
ball,1,15.6,Sri Lanka,KIC Asalanka,S Samarawickrama,Mehedi Hasan Miraz,0,0,,,,,,"",""
ball,1,16.1,Sri Lanka,S Samarawickrama,KIC Asalanka,Shakib Al Hasan,1,0,,,,,,"",""
ball,1,16.2,Sri Lanka,KIC Asalanka,S Samarawickrama,Shakib Al Hasan,0,0,,,,,,"",""
ball,1,16.3,Sri Lanka,KIC Asalanka,S Samarawickrama,Shakib Al Hasan,2,0,,,,,,"",""
ball,1,16.4,Sri Lanka,KIC Asalanka,S Samarawickrama,Shakib Al Hasan,0,0,,,,,,"",""
ball,1,16.5,Sri Lanka,KIC Asalanka,S Samarawickrama,Shakib Al Hasan,6,0,,,,,,"",""
ball,1,16.6,Sri Lanka,KIC Asalanka,S Samarawickrama,Shakib Al Hasan,0,0,,,,,,"",""
ball,1,17.1,Sri Lanka,S Samarawickrama,KIC Asalanka,Mehedi Hasan Miraz,0,0,,,,,,"",""
ball,1,17.2,Sri Lanka,S Samarawickrama,KIC Asalanka,Mehedi Hasan Miraz,0,0,,,,,,"",""
ball,1,17.3,Sri Lanka,S Samarawickrama,KIC Asalanka,Mehedi Hasan Miraz,0,0,,,,,,"",""
ball,1,17.4,Sri Lanka,S Samarawickrama,KIC Asalanka,Mehedi Hasan Miraz,4,0,,,,,,"",""
ball,1,17.5,Sri Lanka,S Samarawickrama,KIC Asalanka,Mehedi Hasan Miraz,4,0,,,,,,"",""
ball,1,17.6,Sri Lanka,S Samarawickrama,KIC Asalanka,Mehedi Hasan Miraz,1,0,,,,,,"",""
ball,1,18.1,Sri Lanka,S Samarawickrama,KIC Asalanka,Shakib Al Hasan,1,0,,,,,,"",""
ball,1,18.2,Sri Lanka,KIC Asalanka,S Samarawickrama,Shakib Al Hasan,1,0,,,,,,"",""
ball,1,18.3,Sri Lanka,S Samarawickrama,KIC Asalanka,Shakib Al Hasan,0,0,,,,,,"",""
ball,1,18.4,Sri Lanka,S Samarawickrama,KIC Asalanka,Shakib Al Hasan,1,0,,,,,,"",""
ball,1,18.5,Sri Lanka,KIC Asalanka,S Samarawickrama,Shakib Al Hasan,0,0,,,,,,"",""
ball,1,18.6,Sri Lanka,KIC Asalanka,S Samarawickrama,Shakib Al Hasan,0,0,,,,,,"",""
ball,1,19.1,Sri Lanka,S Samarawickrama,KIC Asalanka,Mehedi Hasan Miraz,2,0,,,,,,"",""
ball,1,19.2,Sri Lanka,S Samarawickrama,KIC Asalanka,Mehedi Hasan Miraz,0,0,,,,,,"",""
ball,1,19.3,Sri Lanka,S Samarawickrama,KIC Asalanka,Mehedi Hasan Miraz,1,0,,,,,,"",""
ball,1,19.4,Sri Lanka,KIC Asalanka,S Samarawickrama,Mehedi Hasan Miraz,0,0,,,,,,"",""
ball,1,19.5,Sri Lanka,KIC Asalanka,S Samarawickrama,Mehedi Hasan Miraz,1,0,,,,,,"",""
ball,1,19.6,Sri Lanka,S Samarawickrama,KIC Asalanka,Mehedi Hasan Miraz,1,0,,,,,,"",""
ball,1,20.1,Sri Lanka,S Samarawickrama,KIC Asalanka,Shakib Al Hasan,0,0,,,,,,"",""
ball,1,20.2,Sri Lanka,S Samarawickrama,KIC Asalanka,Shakib Al Hasan,1,0,,,,,,"",""
ball,1,20.3,Sri Lanka,KIC Asalanka,S Samarawickrama,Shakib Al Hasan,0,0,,,,,,"",""
ball,1,20.4,Sri Lanka,KIC Asalanka,S Samarawickrama,Shakib Al Hasan,1,0,,,,,,"",""
ball,1,20.5,Sri Lanka,S Samarawickrama,KIC Asalanka,Shakib Al Hasan,1,0,,,,,,"",""
ball,1,20.6,Sri Lanka,KIC Asalanka,S Samarawickrama,Shakib Al Hasan,1,0,,,,,,"",""
ball,1,21.1,Sri Lanka,KIC Asalanka,S Samarawickrama,Mehedi Hasan Miraz,1,0,,,,,,"",""
ball,1,21.2,Sri Lanka,S Samarawickrama,KIC Asalanka,Mehedi Hasan Miraz,0,0,,,,,,"",""
ball,1,21.3,Sri Lanka,S Samarawickrama,KIC Asalanka,Mehedi Hasan Miraz,4,0,,,,,,"",""
ball,1,21.4,Sri Lanka,S Samarawickrama,KIC Asalanka,Mehedi Hasan Miraz,1,0,,,,,,"",""
ball,1,21.5,Sri Lanka,KIC Asalanka,S Samarawickrama,Mehedi Hasan Miraz,1,0,,,,,,"",""
ball,1,21.6,Sri Lanka,S Samarawickrama,KIC Asalanka,Mehedi Hasan Miraz,1,0,,,,,,"",""
ball,1,22.1,Sri Lanka,S Samarawickrama,KIC Asalanka,Shakib Al Hasan,1,0,,,,,,"",""
ball,1,22.2,Sri Lanka,KIC Asalanka,S Samarawickrama,Shakib Al Hasan,1,0,,,,,,"",""
ball,1,22.3,Sri Lanka,S Samarawickrama,KIC Asalanka,Shakib Al Hasan,0,0,,,,,,"",""
ball,1,22.4,Sri Lanka,S Samarawickrama,KIC Asalanka,Shakib Al Hasan,0,0,,,,,,"",""
ball,1,22.5,Sri Lanka,S Samarawickrama,KIC Asalanka,Shakib Al Hasan,0,0,,,,,,"",""
ball,1,22.6,Sri Lanka,S Samarawickrama,KIC Asalanka,Shakib Al Hasan,1,0,,,,,,"",""
ball,1,23.1,Sri Lanka,S Samarawickrama,KIC Asalanka,Shoriful Islam,1,0,,,,,,"",""
ball,1,23.2,Sri Lanka,KIC Asalanka,S Samarawickrama,Shoriful Islam,1,0,,,,,,"",""
ball,1,23.3,Sri Lanka,S Samarawickrama,KIC Asalanka,Shoriful Islam,0,0,,,,,,"",""
ball,1,23.4,Sri Lanka,S Samarawickrama,KIC Asalanka,Shoriful Islam,1,0,,,,,,"",""
ball,1,23.5,Sri Lanka,KIC Asalanka,S Samarawickrama,Shoriful Islam,0,0,,,,,,"",""
ball,1,23.6,Sri Lanka,KIC Asalanka,S Samarawickrama,Shoriful Islam,0,0,,,,,,"",""
ball,1,24.1,Sri Lanka,S Samarawickrama,KIC Asalanka,Shakib Al Hasan,4,0,,,,,,"",""
ball,1,24.2,Sri Lanka,S Samarawickrama,KIC Asalanka,Shakib Al Hasan,0,0,,,,,,"caught, timed out","S Samarawickrama, AD Mathews"
ball,1,24.3,Sri Lanka,DM de Silva,KIC Asalanka,Shakib Al Hasan,0,0,,,,,,"",""
ball,1,24.4,Sri Lanka,DM de Silva,KIC Asalanka,Shakib Al Hasan,0,0,,,,,,"",""
ball,1,24.5,Sri Lanka,DM de Silva,KIC Asalanka,Shakib Al Hasan,1,0,,,,,,"",""
ball,1,24.6,Sri Lanka,KIC Asalanka,DM de Silva,Shakib Al Hasan,1,0,,,,,,"",""
ball,1,25.1,Sri Lanka,KIC Asalanka,DM de Silva,Shoriful Islam,0,0,,,,,,"",""
ball,1,25.2,Sri Lanka,KIC Asalanka,DM de Silva,Shoriful Islam,1,0,,,,,,"",""
ball,1,25.3,Sri Lanka,DM de Silva,KIC Asalanka,Shoriful Islam,1,0,,,,,,"",""
ball,1,25.4,Sri Lanka,KIC Asalanka,DM de Silva,Shoriful Islam,1,0,,,,,,"",""
ball,1,25.5,Sri Lanka,DM de Silva,KIC Asalanka,Shoriful Islam,0,0,,,,,,"",""
ball,1,25.6,Sri Lanka,DM de Silva,KIC Asalanka,Shoriful Islam,0,0,,,,,,"",""
ball,1,26.1,Sri Lanka,KIC Asalanka,DM de Silva,Shakib Al Hasan,6,0,,,,,,"",""
ball,1,26.2,Sri Lanka,KIC Asalanka,DM de Silva,Shakib Al Hasan,1,0,,,,,,"",""
ball,1,26.3,Sri Lanka,DM de Silva,KIC Asalanka,Shakib Al Hasan,0,0,,,,,,"",""
ball,1,26.4,Sri Lanka,DM de Silva,KIC Asalanka,Shakib Al Hasan,1,0,,,,,,"",""
ball,1,26.5,Sri Lanka,KIC Asalanka,DM de Silva,Shakib Al Hasan,0,0,,,,,,"",""
ball,1,26.6,Sri Lanka,KIC Asalanka,DM de Silva,Shakib Al Hasan,1,0,,,,,,"",""
ball,1,27.1,Sri Lanka,KIC Asalanka,DM de Silva,Mehedi Hasan Miraz,0,0,,,,,,"",""
ball,1,27.2,Sri Lanka,KIC Asalanka,DM de Silva,Mehedi Hasan Miraz,1,0,,,,,,"",""
ball,1,27.3,Sri Lanka,DM de Silva,KIC Asalanka,Mehedi Hasan Miraz,1,0,,,,,,"",""
ball,1,27.4,Sri Lanka,KIC Asalanka,DM de Silva,Mehedi Hasan Miraz,0,0,,,,,,"",""
ball,1,27.5,Sri Lanka,KIC Asalanka,DM de Silva,Mehedi Hasan Miraz,0,0,,,,,,"",""
ball,1,27.6,Sri Lanka,KIC Asalanka,DM de Silva,Mehedi Hasan Miraz,1,0,,,,,,"",""
ball,1,28.1,Sri Lanka,KIC Asalanka,DM de Silva,Taskin Ahmed,0,0,,,,,,"",""
ball,1,28.2,Sri Lanka,KIC Asalanka,DM de Silva,Taskin Ahmed,2,0,,,,,,"",""
ball,1,28.3,Sri Lanka,KIC Asalanka,DM de Silva,Taskin Ahmed,0,0,,,,,,"",""
ball,1,28.4,Sri Lanka,KIC Asalanka,DM de Silva,Taskin Ahmed,0,0,,,,,,"",""
ball,1,28.5,Sri Lanka,KIC Asalanka,DM de Silva,Taskin Ahmed,4,0,,,,,,"",""
ball,1,28.6,Sri Lanka,KIC Asalanka,DM de Silva,Taskin Ahmed,0,0,,,,,,"",""
ball,1,29.1,Sri Lanka,DM de Silva,KIC Asalanka,Mehedi Hasan Miraz,0,0,,,,,,"",""
ball,1,29.2,Sri Lanka,DM de Silva,KIC Asalanka,Mehedi Hasan Miraz,0,0,,,,,,"",""
ball,1,29.3,Sri Lanka,DM de Silva,KIC Asalanka,Mehedi Hasan Miraz,0,0,,,,,,"",""
ball,1,29.4,Sri Lanka,DM de Silva,KIC Asalanka,Mehedi Hasan Miraz,0,0,,,,,,"",""
ball,1,29.5,Sri Lanka,DM de Silva,KIC Asalanka,Mehedi Hasan Miraz,4,0,,,,,,"",""
ball,1,29.6,Sri Lanka,DM de Silva,KIC Asalanka,Mehedi Hasan Miraz,0,0,,,,,,"",""
ball,1,30.1,Sri Lanka,KIC Asalanka,DM de Silva,Tanzim Hasan Sakib,0,0,,,,,,"",""
ball,1,30.2,Sri Lanka,KIC Asalanka,DM de Silva,Tanzim Hasan Sakib,0,0,,,,,,"",""
ball,1,30.3,Sri Lanka,KIC Asalanka,DM de Silva,Tanzim Hasan Sakib,1,0,,,,,,"",""
ball,1,30.4,Sri Lanka,DM de Silva,KIC Asalanka,Tanzim Hasan Sakib,1,0,,,,,,"",""
ball,1,30.5,Sri Lanka,KIC Asalanka,DM de Silva,Tanzim Hasan Sakib,4,0,,,,,,"",""
ball,1,30.6,Sri Lanka,KIC Asalanka,DM de Silva,Tanzim Hasan Sakib,1,0,,,,,,"",""
ball,1,31.1,Sri Lanka,KIC Asalanka,DM de Silva,Mehedi Hasan Miraz,0,0,,,,,,"",""
ball,1,31.2,Sri Lanka,KIC Asalanka,DM de Silva,Mehedi Hasan Miraz,1,0,,,,,,"",""
ball,1,31.3,Sri Lanka,DM de Silva,KIC Asalanka,Mehedi Hasan Miraz,1,0,,,,,,"",""
ball,1,31.4,Sri Lanka,KIC Asalanka,DM de Silva,Mehedi Hasan Miraz,1,0,,,,,,"",""
ball,1,31.5,Sri Lanka,DM de Silva,KIC Asalanka,Mehedi Hasan Miraz,0,0,,,,,,"",""
ball,1,31.6,Sri Lanka,DM de Silva,KIC Asalanka,Mehedi Hasan Miraz,0,0,,,,,,"",""
ball,1,32.1,Sri Lanka,KIC Asalanka,DM de Silva,Tanzim Hasan Sakib,4,0,,,,,,"",""
ball,1,32.2,Sri Lanka,KIC Asalanka,DM de Silva,Tanzim Hasan Sakib,0,0,,,,,,"",""
ball,1,32.3,Sri Lanka,KIC Asalanka,DM de Silva,Tanzim Hasan Sakib,4,0,,,,,,"",""
ball,1,32.4,Sri Lanka,KIC Asalanka,DM de Silva,Tanzim Hasan Sakib,1,0,,,,,,"",""
ball,1,32.5,Sri Lanka,DM de Silva,KIC Asalanka,Tanzim Hasan Sakib,4,0,,,,,,"",""
ball,1,32.6,Sri Lanka,DM de Silva,KIC Asalanka,Tanzim Hasan Sakib,0,1,,,,1,,"",""
ball,1,33.1,Sri Lanka,DM de Silva,KIC Asalanka,Shoriful Islam,0,0,,,,,,"",""
ball,1,33.2,Sri Lanka,DM de Silva,KIC Asalanka,Shoriful Islam,1,0,,,,,,"",""
ball,1,33.3,Sri Lanka,KIC Asalanka,DM de Silva,Shoriful Islam,0,0,,,,,,"",""
ball,1,33.4,Sri Lanka,KIC Asalanka,DM de Silva,Shoriful Islam,1,0,,,,,,"",""
ball,1,33.5,Sri Lanka,DM de Silva,KIC Asalanka,Shoriful Islam,0,0,,,,,,"",""
ball,1,33.6,Sri Lanka,DM de Silva,KIC Asalanka,Shoriful Islam,0,1,1,,,,,"",""
ball,1,33.7,Sri Lanka,DM de Silva,KIC Asalanka,Shoriful Islam,2,0,,,,,,"",""
ball,1,34.1,Sri Lanka,KIC Asalanka,DM de Silva,Taskin Ahmed,0,0,,,,,,"",""
ball,1,34.2,Sri Lanka,KIC Asalanka,DM de Silva,Taskin Ahmed,0,0,,,,,,"",""
ball,1,34.3,Sri Lanka,KIC Asalanka,DM de Silva,Taskin Ahmed,0,0,,,,,,"",""
ball,1,34.4,Sri Lanka,KIC Asalanka,DM de Silva,Taskin Ahmed,1,0,,,,,,"",""
ball,1,34.5,Sri Lanka,DM de Silva,KIC Asalanka,Taskin Ahmed,0,0,,,,,,"",""
ball,1,34.6,Sri Lanka,DM de Silva,KIC Asalanka,Taskin Ahmed,4,0,,,,,,"",""
ball,1,35.1,Sri Lanka,KIC Asalanka,DM de Silva,Mehedi Hasan Miraz,0,0,,,,,,"",""
ball,1,35.2,Sri Lanka,KIC Asalanka,DM de Silva,Mehedi Hasan Miraz,0,0,,,,,,"",""
ball,1,35.3,Sri Lanka,KIC Asalanka,DM de Silva,Mehedi Hasan Miraz,1,0,,,,,,"",""
ball,1,35.4,Sri Lanka,DM de Silva,KIC Asalanka,Mehedi Hasan Miraz,1,0,,,,,,"",""
ball,1,35.5,Sri Lanka,KIC Asalanka,DM de Silva,Mehedi Hasan Miraz,0,0,,,,,,"",""
ball,1,35.6,Sri Lanka,KIC Asalanka,DM de Silva,Mehedi Hasan Miraz,0,0,,,,,,"",""
ball,1,36.1,Sri Lanka,DM de Silva,KIC Asalanka,Shakib Al Hasan,1,0,,,,,,"",""
ball,1,36.2,Sri Lanka,KIC Asalanka,DM de Silva,Shakib Al Hasan,1,0,,,,,,"",""
ball,1,36.3,Sri Lanka,DM de Silva,KIC Asalanka,Shakib Al Hasan,1,0,,,,,,"",""
ball,1,36.4,Sri Lanka,KIC Asalanka,DM de Silva,Shakib Al Hasan,1,0,,,,,,"",""
ball,1,36.5,Sri Lanka,DM de Silva,KIC Asalanka,Shakib Al Hasan,6,0,,,,,,"",""
ball,1,36.6,Sri Lanka,DM de Silva,KIC Asalanka,Shakib Al Hasan,0,0,,,,,,"",""
ball,1,37.1,Sri Lanka,KIC Asalanka,DM de Silva,Mehedi Hasan Miraz,0,0,,,,,,"",""
ball,1,37.2,Sri Lanka,KIC Asalanka,DM de Silva,Mehedi Hasan Miraz,1,0,,,,,,"",""
ball,1,37.3,Sri Lanka,DM de Silva,KIC Asalanka,Mehedi Hasan Miraz,0,0,,,,,,"",""
ball,1,37.4,Sri Lanka,DM de Silva,KIC Asalanka,Mehedi Hasan Miraz,4,0,,,,,,"",""
ball,1,37.5,Sri Lanka,DM de Silva,KIC Asalanka,Mehedi Hasan Miraz,0,0,,,,,,"",""
ball,1,37.6,Sri Lanka,DM de Silva,KIC Asalanka,Mehedi Hasan Miraz,0,0,,,,,,stumped,DM de Silva
ball,1,38.1,Sri Lanka,KIC Asalanka,M Theekshana,Taskin Ahmed,0,0,,,,,,"",""
ball,1,38.2,Sri Lanka,KIC Asalanka,M Theekshana,Taskin Ahmed,1,0,,,,,,"",""
ball,1,38.3,Sri Lanka,M Theekshana,KIC Asalanka,Taskin Ahmed,0,0,,,,,,"",""
ball,1,38.4,Sri Lanka,M Theekshana,KIC Asalanka,Taskin Ahmed,1,0,,,,,,"",""
ball,1,38.5,Sri Lanka,KIC Asalanka,M Theekshana,Taskin Ahmed,1,0,,,,,,"",""
ball,1,38.6,Sri Lanka,M Theekshana,KIC Asalanka,Taskin Ahmed,0,0,,,,,,"",""
ball,1,39.1,Sri Lanka,KIC Asalanka,M Theekshana,Mehedi Hasan Miraz,4,0,,,,,,"",""
ball,1,39.2,Sri Lanka,KIC Asalanka,M Theekshana,Mehedi Hasan Miraz,0,0,,,,,,"",""
ball,1,39.3,Sri Lanka,KIC Asalanka,M Theekshana,Mehedi Hasan Miraz,1,0,,,,,,"",""
ball,1,39.4,Sri Lanka,M Theekshana,KIC Asalanka,Mehedi Hasan Miraz,1,0,,,,,,"",""
ball,1,39.5,Sri Lanka,KIC Asalanka,M Theekshana,Mehedi Hasan Miraz,1,0,,,,,,"",""
ball,1,39.6,Sri Lanka,M Theekshana,KIC Asalanka,Mehedi Hasan Miraz,0,0,,,,,,"",""
ball,1,40.1,Sri Lanka,KIC Asalanka,M Theekshana,Taskin Ahmed,0,0,,,,,,"",""
ball,1,40.2,Sri Lanka,KIC Asalanka,M Theekshana,Taskin Ahmed,1,0,,,,,,"",""
ball,1,40.3,Sri Lanka,M Theekshana,KIC Asalanka,Taskin Ahmed,0,0,,,,,,"",""
ball,1,40.4,Sri Lanka,M Theekshana,KIC Asalanka,Taskin Ahmed,1,0,,,,,,"",""
ball,1,40.5,Sri Lanka,KIC Asalanka,M Theekshana,Taskin Ahmed,1,0,,,,,,"",""
ball,1,40.6,Sri Lanka,M Theekshana,KIC Asalanka,Taskin Ahmed,0,0,,,,,,"",""
ball,1,41.1,Sri Lanka,KIC Asalanka,M Theekshana,Tanzim Hasan Sakib,1,0,,,,,,"",""
ball,1,41.2,Sri Lanka,M Theekshana,KIC Asalanka,Tanzim Hasan Sakib,0,1,1,,,,,"",""
ball,1,41.3,Sri Lanka,M Theekshana,KIC Asalanka,Tanzim Hasan Sakib,0,0,,,,,,"",""
ball,1,41.4,Sri Lanka,M Theekshana,KIC Asalanka,Tanzim Hasan Sakib,0,0,,,,,,"",""
ball,1,41.5,Sri Lanka,M Theekshana,KIC Asalanka,Tanzim Hasan Sakib,0,0,,,,,,"",""
ball,1,41.6,Sri Lanka,M Theekshana,KIC Asalanka,Tanzim Hasan Sakib,0,0,,,,,,"",""
ball,1,41.7,Sri Lanka,M Theekshana,KIC Asalanka,Tanzim Hasan Sakib,1,0,,,,,,"",""
ball,1,42.1,Sri Lanka,M Theekshana,KIC Asalanka,Taskin Ahmed,0,0,,,,,,"",""
ball,1,42.2,Sri Lanka,M Theekshana,KIC Asalanka,Taskin Ahmed,0,0,,,,,,"",""
ball,1,42.3,Sri Lanka,M Theekshana,KIC Asalanka,Taskin Ahmed,0,0,,,,,,"",""
ball,1,42.4,Sri Lanka,M Theekshana,KIC Asalanka,Taskin Ahmed,4,0,,,,,,"",""
ball,1,42.5,Sri Lanka,M Theekshana,KIC Asalanka,Taskin Ahmed,2,0,,,,,,"",""
ball,1,42.6,Sri Lanka,M Theekshana,KIC Asalanka,Taskin Ahmed,0,0,,,,,,"",""
ball,1,43.1,Sri Lanka,KIC Asalanka,M Theekshana,Tanzim Hasan Sakib,1,0,,,,,,"",""
ball,1,43.2,Sri Lanka,M Theekshana,KIC Asalanka,Tanzim Hasan Sakib,4,0,,,,,,"",""
ball,1,43.3,Sri Lanka,M Theekshana,KIC Asalanka,Tanzim Hasan Sakib,1,0,,,,,,"",""
ball,1,43.4,Sri Lanka,KIC Asalanka,M Theekshana,Tanzim Hasan Sakib,6,0,,,,,,"",""
ball,1,43.5,Sri Lanka,KIC Asalanka,M Theekshana,Tanzim Hasan Sakib,1,0,,,,,,"",""
ball,1,43.6,Sri Lanka,M Theekshana,KIC Asalanka,Tanzim Hasan Sakib,0,0,,,,,,"",""
ball,1,44.1,Sri Lanka,KIC Asalanka,M Theekshana,Shakib Al Hasan,1,0,,,,,,"",""
ball,1,44.2,Sri Lanka,M Theekshana,KIC Asalanka,Shakib Al Hasan,0,0,,,,,,"",""
ball,1,44.3,Sri Lanka,M Theekshana,KIC Asalanka,Shakib Al Hasan,0,0,,,,,,"",""
ball,1,44.4,Sri Lanka,M Theekshana,KIC Asalanka,Shakib Al Hasan,1,0,,,,,,"",""
ball,1,44.5,Sri Lanka,KIC Asalanka,M Theekshana,Shakib Al Hasan,1,0,,,,,,"",""
ball,1,44.6,Sri Lanka,M Theekshana,KIC Asalanka,Shakib Al Hasan,1,0,,,,,,"",""
ball,1,45.1,Sri Lanka,M Theekshana,KIC Asalanka,Shoriful Islam,0,1,,,,1,,"",""
ball,1,45.2,Sri Lanka,KIC Asalanka,M Theekshana,Shoriful Islam,1,0,,,,,,"",""
ball,1,45.3,Sri Lanka,M Theekshana,KIC Asalanka,Shoriful Islam,4,0,,,,,,"",""
ball,1,45.4,Sri Lanka,M Theekshana,KIC Asalanka,Shoriful Islam,0,0,,,,,,"",""
ball,1,45.5,Sri Lanka,M Theekshana,KIC Asalanka,Shoriful Islam,0,0,,,,,,"",""
ball,1,45.6,Sri Lanka,M Theekshana,KIC Asalanka,Shoriful Islam,0,0,,,,,,caught,M Theekshana
ball,1,46.1,Sri Lanka,KIC Asalanka,PVD Chameera,Shakib Al Hasan,2,0,,,,,,"",""
ball,1,46.2,Sri Lanka,KIC Asalanka,PVD Chameera,Shakib Al Hasan,1,0,,,,,,"",""
ball,1,46.3,Sri Lanka,PVD Chameera,KIC Asalanka,Shakib Al Hasan,0,0,,,,,,"",""
ball,1,46.4,Sri Lanka,PVD Chameera,KIC Asalanka,Shakib Al Hasan,0,0,,,,,,"",""
ball,1,46.5,Sri Lanka,PVD Chameera,KIC Asalanka,Shakib Al Hasan,0,0,,,,,,"",""
ball,1,46.6,Sri Lanka,PVD Chameera,KIC Asalanka,Shakib Al Hasan,1,0,,,,,,"",""
ball,1,47.1,Sri Lanka,PVD Chameera,KIC Asalanka,Shoriful Islam,0,0,,,,,,"",""
ball,1,47.2,Sri Lanka,PVD Chameera,KIC Asalanka,Shoriful Islam,1,0,,,,,,"",""
ball,1,47.3,Sri Lanka,KIC Asalanka,PVD Chameera,Shoriful Islam,0,0,,,,,,"",""
ball,1,47.4,Sri Lanka,KIC Asalanka,PVD Chameera,Shoriful Islam,4,0,,,,,,"",""
ball,1,47.5,Sri Lanka,KIC Asalanka,PVD Chameera,Shoriful Islam,2,0,,,,,,"",""
ball,1,47.6,Sri Lanka,KIC Asalanka,PVD Chameera,Shoriful Islam,1,0,,,,,,"",""
ball,1,48.1,Sri Lanka,KIC Asalanka,PVD Chameera,Tanzim Hasan Sakib,1,0,,,,,,"",""
ball,1,48.2,Sri Lanka,PVD Chameera,KIC Asalanka,Tanzim Hasan Sakib,1,0,,,,,,"",""
ball,1,48.3,Sri Lanka,KIC Asalanka,PVD Chameera,Tanzim Hasan Sakib,6,0,,,,,,"",""
ball,1,48.4,Sri Lanka,KIC Asalanka,PVD Chameera,Tanzim Hasan Sakib,0,0,,,,,,caught,KIC Asalanka
ball,1,48.5,Sri Lanka,CAK Rajitha,PVD Chameera,Tanzim Hasan Sakib,0,0,,,,,,"",""
ball,1,48.6,Sri Lanka,CAK Rajitha,PVD Chameera,Tanzim Hasan Sakib,0,0,,,,,,caught,CAK Rajitha
ball,1,49.1,Sri Lanka,PVD Chameera,D Madushanka,Shoriful Islam,0,0,,,,,,"",""
ball,1,49.2,Sri Lanka,PVD Chameera,D Madushanka,Shoriful Islam,1,0,,,,,,"",""
ball,1,49.3,Sri Lanka,D Madushanka,PVD Chameera,Shoriful Islam,0,0,,,,,,run out,PVD Chameera
ball,2,0.1,Bangladesh,Tanzid Hasan,Liton Das,D Madushanka,0,1,,,,1,,"",""
ball,2,0.2,Bangladesh,Liton Das,Tanzid Hasan,D Madushanka,0,0,,,,,,"",""
ball,2,0.3,Bangladesh,Liton Das,Tanzid Hasan,D Madushanka,0,0,,,,,,"",""
ball,2,0.4,Bangladesh,Liton Das,Tanzid Hasan,D Madushanka,1,0,,,,,,"",""
ball,2,0.5,Bangladesh,Tanzid Hasan,Liton Das,D Madushanka,4,0,,,,,,"",""
ball,2,0.6,Bangladesh,Tanzid Hasan,Liton Das,D Madushanka,4,0,,,,,,"",""
ball,2,1.1,Bangladesh,Liton Das,Tanzid Hasan,M Theekshana,4,0,,,,,,"",""
ball,2,1.2,Bangladesh,Liton Das,Tanzid Hasan,M Theekshana,0,1,1,,,,,"",""
ball,2,1.3,Bangladesh,Liton Das,Tanzid Hasan,M Theekshana,0,0,,,,,,"",""
ball,2,1.4,Bangladesh,Liton Das,Tanzid Hasan,M Theekshana,0,0,,,,,,"",""
ball,2,1.5,Bangladesh,Liton Das,Tanzid Hasan,M Theekshana,0,0,,,,,,"",""
ball,2,1.6,Bangladesh,Liton Das,Tanzid Hasan,M Theekshana,1,0,,,,,,"",""
ball,2,1.7,Bangladesh,Tanzid Hasan,Liton Das,M Theekshana,1,0,,,,,,"",""
ball,2,2.1,Bangladesh,Tanzid Hasan,Liton Das,D Madushanka,0,0,,,,,,caught,Tanzid Hasan
ball,2,2.2,Bangladesh,Nazmul Hossain Shanto,Liton Das,D Madushanka,0,0,,,,,,"",""
ball,2,2.3,Bangladesh,Nazmul Hossain Shanto,Liton Das,D Madushanka,1,0,,,,,,"",""
ball,2,2.4,Bangladesh,Liton Das,Nazmul Hossain Shanto,D Madushanka,0,0,,,,,,"",""
ball,2,2.5,Bangladesh,Liton Das,Nazmul Hossain Shanto,D Madushanka,4,0,,,,,,"",""
ball,2,2.6,Bangladesh,Liton Das,Nazmul Hossain Shanto,D Madushanka,0,1,1,,,,,"",""
ball,2,2.7,Bangladesh,Liton Das,Nazmul Hossain Shanto,D Madushanka,0,0,,,,,,"",""
ball,2,3.1,Bangladesh,Nazmul Hossain Shanto,Liton Das,M Theekshana,4,0,,,,,,"",""
ball,2,3.2,Bangladesh,Nazmul Hossain Shanto,Liton Das,M Theekshana,1,0,,,,,,"",""
ball,2,3.3,Bangladesh,Liton Das,Nazmul Hossain Shanto,M Theekshana,0,0,,,,,,"",""
ball,2,3.4,Bangladesh,Liton Das,Nazmul Hossain Shanto,M Theekshana,0,0,,,,,,"",""
ball,2,3.5,Bangladesh,Liton Das,Nazmul Hossain Shanto,M Theekshana,0,0,,,,,,"",""
ball,2,3.6,Bangladesh,Liton Das,Nazmul Hossain Shanto,M Theekshana,0,0,,,,,,"",""
ball,2,4.1,Bangladesh,Nazmul Hossain Shanto,Liton Das,D Madushanka,0,0,,,,,,"",""
ball,2,4.2,Bangladesh,Nazmul Hossain Shanto,Liton Das,D Madushanka,0,0,,,,,,"",""
ball,2,4.3,Bangladesh,Nazmul Hossain Shanto,Liton Das,D Madushanka,0,0,,,,,,"",""
ball,2,4.4,Bangladesh,Nazmul Hossain Shanto,Liton Das,D Madushanka,0,0,,,,,,"",""
ball,2,4.5,Bangladesh,Nazmul Hossain Shanto,Liton Das,D Madushanka,0,0,,,,,,"",""
ball,2,4.6,Bangladesh,Nazmul Hossain Shanto,Liton Das,D Madushanka,0,0,,,,,,"",""
ball,2,5.1,Bangladesh,Liton Das,Nazmul Hossain Shanto,CAK Rajitha,0,0,,,,,,"",""
ball,2,5.2,Bangladesh,Liton Das,Nazmul Hossain Shanto,CAK Rajitha,0,0,,,,,,"",""
ball,2,5.3,Bangladesh,Liton Das,Nazmul Hossain Shanto,CAK Rajitha,6,0,,,,,,"",""
ball,2,5.4,Bangladesh,Liton Das,Nazmul Hossain Shanto,CAK Rajitha,6,0,,,,,,"",""
ball,2,5.5,Bangladesh,Liton Das,Nazmul Hossain Shanto,CAK Rajitha,1,0,,,,,,"",""
ball,2,5.6,Bangladesh,Nazmul Hossain Shanto,Liton Das,CAK Rajitha,0,0,,,,,,"",""
ball,2,6.1,Bangladesh,Liton Das,Nazmul Hossain Shanto,D Madushanka,0,0,,,,,,"",""
ball,2,6.2,Bangladesh,Liton Das,Nazmul Hossain Shanto,D Madushanka,0,0,,,,,,lbw,Liton Das
ball,2,6.3,Bangladesh,Shakib Al Hasan,Nazmul Hossain Shanto,D Madushanka,0,0,,,,,,"",""
ball,2,6.4,Bangladesh,Shakib Al Hasan,Nazmul Hossain Shanto,D Madushanka,1,0,,,,,,"",""
ball,2,6.5,Bangladesh,Nazmul Hossain Shanto,Shakib Al Hasan,D Madushanka,1,0,,,,,,"",""
ball,2,6.6,Bangladesh,Shakib Al Hasan,Nazmul Hossain Shanto,D Madushanka,0,0,,,,,,"",""
ball,2,7.1,Bangladesh,Nazmul Hossain Shanto,Shakib Al Hasan,PVD Chameera,0,0,,,,,,"",""
ball,2,7.2,Bangladesh,Nazmul Hossain Shanto,Shakib Al Hasan,PVD Chameera,0,0,,,,,,"",""
ball,2,7.3,Bangladesh,Nazmul Hossain Shanto,Shakib Al Hasan,PVD Chameera,1,0,,,,,,"",""
ball,2,7.4,Bangladesh,Shakib Al Hasan,Nazmul Hossain Shanto,PVD Chameera,0,0,,,,,,"",""
ball,2,7.5,Bangladesh,Shakib Al Hasan,Nazmul Hossain Shanto,PVD Chameera,0,0,,,,,,"",""
ball,2,7.6,Bangladesh,Shakib Al Hasan,Nazmul Hossain Shanto,PVD Chameera,4,0,,,,,,"",""
ball,2,8.1,Bangladesh,Nazmul Hossain Shanto,Shakib Al Hasan,D Madushanka,0,0,,,,,,"",""
ball,2,8.2,Bangladesh,Nazmul Hossain Shanto,Shakib Al Hasan,D Madushanka,4,0,,,,,,"",""
ball,2,8.3,Bangladesh,Nazmul Hossain Shanto,Shakib Al Hasan,D Madushanka,1,0,,,,,,"",""
ball,2,8.4,Bangladesh,Shakib Al Hasan,Nazmul Hossain Shanto,D Madushanka,0,0,,,,,,"",""
ball,2,8.5,Bangladesh,Shakib Al Hasan,Nazmul Hossain Shanto,D Madushanka,1,0,,,,,,"",""
ball,2,8.6,Bangladesh,Nazmul Hossain Shanto,Shakib Al Hasan,D Madushanka,0,0,,,,,,"",""
ball,2,9.1,Bangladesh,Shakib Al Hasan,Nazmul Hossain Shanto,PVD Chameera,1,0,,,,,,"",""
ball,2,9.2,Bangladesh,Nazmul Hossain Shanto,Shakib Al Hasan,PVD Chameera,1,0,,,,,,"",""
ball,2,9.3,Bangladesh,Shakib Al Hasan,Nazmul Hossain Shanto,PVD Chameera,0,0,,,,,,"",""
ball,2,9.4,Bangladesh,Shakib Al Hasan,Nazmul Hossain Shanto,PVD Chameera,0,0,,,,,,"",""
ball,2,9.5,Bangladesh,Shakib Al Hasan,Nazmul Hossain Shanto,PVD Chameera,0,0,,,,,,"",""
ball,2,9.6,Bangladesh,Shakib Al Hasan,Nazmul Hossain Shanto,PVD Chameera,0,1,1,,,,,"",""
ball,2,9.7,Bangladesh,Shakib Al Hasan,Nazmul Hossain Shanto,PVD Chameera,0,0,,,,,,"",""
ball,2,10.1,Bangladesh,Nazmul Hossain Shanto,Shakib Al Hasan,AD Mathews,1,0,,,,,,"",""
ball,2,10.2,Bangladesh,Shakib Al Hasan,Nazmul Hossain Shanto,AD Mathews,0,0,,,,,,"",""
ball,2,10.3,Bangladesh,Shakib Al Hasan,Nazmul Hossain Shanto,AD Mathews,1,0,,,,,,"",""
ball,2,10.4,Bangladesh,Nazmul Hossain Shanto,Shakib Al Hasan,AD Mathews,0,0,,,,,,"",""
ball,2,10.5,Bangladesh,Nazmul Hossain Shanto,Shakib Al Hasan,AD Mathews,2,0,,,,,,"",""
ball,2,10.6,Bangladesh,Nazmul Hossain Shanto,Shakib Al Hasan,AD Mathews,0,0,,,,,,"",""
ball,2,11.1,Bangladesh,Shakib Al Hasan,Nazmul Hossain Shanto,PVD Chameera,0,0,,,,,,"",""
ball,2,11.2,Bangladesh,Shakib Al Hasan,Nazmul Hossain Shanto,PVD Chameera,0,0,,,,,,"",""
ball,2,11.3,Bangladesh,Shakib Al Hasan,Nazmul Hossain Shanto,PVD Chameera,6,0,,,,,,"",""
ball,2,11.4,Bangladesh,Shakib Al Hasan,Nazmul Hossain Shanto,PVD Chameera,0,0,,,,,,"",""
ball,2,11.5,Bangladesh,Shakib Al Hasan,Nazmul Hossain Shanto,PVD Chameera,4,0,,,,,,"",""
ball,2,11.6,Bangladesh,Shakib Al Hasan,Nazmul Hossain Shanto,PVD Chameera,0,0,,,,,,"",""
ball,2,12.1,Bangladesh,Nazmul Hossain Shanto,Shakib Al Hasan,AD Mathews,0,0,,,,,,"",""
ball,2,12.2,Bangladesh,Nazmul Hossain Shanto,Shakib Al Hasan,AD Mathews,0,0,,,,,,"",""
ball,2,12.3,Bangladesh,Nazmul Hossain Shanto,Shakib Al Hasan,AD Mathews,0,0,,,,,,"",""
ball,2,12.4,Bangladesh,Nazmul Hossain Shanto,Shakib Al Hasan,AD Mathews,0,0,,,,,,"",""
ball,2,12.5,Bangladesh,Nazmul Hossain Shanto,Shakib Al Hasan,AD Mathews,0,0,,,,,,"",""
ball,2,12.6,Bangladesh,Nazmul Hossain Shanto,Shakib Al Hasan,AD Mathews,1,0,,,,,,"",""
ball,2,13.1,Bangladesh,Nazmul Hossain Shanto,Shakib Al Hasan,M Theekshana,0,0,,,,,,"",""
ball,2,13.2,Bangladesh,Nazmul Hossain Shanto,Shakib Al Hasan,M Theekshana,0,0,,,,,,"",""
ball,2,13.3,Bangladesh,Nazmul Hossain Shanto,Shakib Al Hasan,M Theekshana,1,0,,,,,,"",""
ball,2,13.4,Bangladesh,Shakib Al Hasan,Nazmul Hossain Shanto,M Theekshana,0,0,,,,,,"",""
ball,2,13.5,Bangladesh,Shakib Al Hasan,Nazmul Hossain Shanto,M Theekshana,1,0,,,,,,"",""
ball,2,13.6,Bangladesh,Nazmul Hossain Shanto,Shakib Al Hasan,M Theekshana,0,1,1,,,,,"",""
ball,2,13.7,Bangladesh,Nazmul Hossain Shanto,Shakib Al Hasan,M Theekshana,0,0,,,,,,"",""
ball,2,14.1,Bangladesh,Shakib Al Hasan,Nazmul Hossain Shanto,PVD Chameera,0,0,,,,,,"",""
ball,2,14.2,Bangladesh,Shakib Al Hasan,Nazmul Hossain Shanto,PVD Chameera,1,0,,,,,,"",""
ball,2,14.3,Bangladesh,Nazmul Hossain Shanto,Shakib Al Hasan,PVD Chameera,0,0,,,,,,"",""
ball,2,14.4,Bangladesh,Nazmul Hossain Shanto,Shakib Al Hasan,PVD Chameera,0,0,,,,,,"",""
ball,2,14.5,Bangladesh,Nazmul Hossain Shanto,Shakib Al Hasan,PVD Chameera,4,0,,,,,,"",""
ball,2,14.6,Bangladesh,Nazmul Hossain Shanto,Shakib Al Hasan,PVD Chameera,1,0,,,,,,"",""
ball,2,15.1,Bangladesh,Nazmul Hossain Shanto,Shakib Al Hasan,M Theekshana,0,0,,,,,,"",""
ball,2,15.2,Bangladesh,Nazmul Hossain Shanto,Shakib Al Hasan,M Theekshana,1,0,,,,,,"",""
ball,2,15.3,Bangladesh,Shakib Al Hasan,Nazmul Hossain Shanto,M Theekshana,0,0,,,,,,"",""
ball,2,15.4,Bangladesh,Shakib Al Hasan,Nazmul Hossain Shanto,M Theekshana,4,0,,,,,,"",""
ball,2,15.5,Bangladesh,Shakib Al Hasan,Nazmul Hossain Shanto,M Theekshana,4,0,,,,,,"",""
ball,2,15.6,Bangladesh,Shakib Al Hasan,Nazmul Hossain Shanto,M Theekshana,0,0,,,,,,"",""
ball,2,16.1,Bangladesh,Nazmul Hossain Shanto,Shakib Al Hasan,D Madushanka,0,0,,,,,,"",""
ball,2,16.2,Bangladesh,Nazmul Hossain Shanto,Shakib Al Hasan,D Madushanka,0,0,,,,,,"",""
ball,2,16.3,Bangladesh,Nazmul Hossain Shanto,Shakib Al Hasan,D Madushanka,4,0,,,,,,"",""
ball,2,16.4,Bangladesh,Nazmul Hossain Shanto,Shakib Al Hasan,D Madushanka,0,1,1,,,,,"",""
ball,2,16.5,Bangladesh,Nazmul Hossain Shanto,Shakib Al Hasan,D Madushanka,0,0,,,,,,"",""
ball,2,16.6,Bangladesh,Nazmul Hossain Shanto,Shakib Al Hasan,D Madushanka,1,0,,,,,,"",""
ball,2,16.7,Bangladesh,Shakib Al Hasan,Nazmul Hossain Shanto,D Madushanka,0,1,1,,,,,"",""
ball,2,16.8,Bangladesh,Shakib Al Hasan,Nazmul Hossain Shanto,D Madushanka,0,0,,,,,,"",""
ball,2,17.1,Bangladesh,Nazmul Hossain Shanto,Shakib Al Hasan,CAK Rajitha,4,0,,,,,,"",""
ball,2,17.2,Bangladesh,Nazmul Hossain Shanto,Shakib Al Hasan,CAK Rajitha,4,0,,,,,,"",""
ball,2,17.3,Bangladesh,Nazmul Hossain Shanto,Shakib Al Hasan,CAK Rajitha,1,0,,,,,,"",""
ball,2,17.4,Bangladesh,Shakib Al Hasan,Nazmul Hossain Shanto,CAK Rajitha,1,0,,,,,,"",""
ball,2,17.5,Bangladesh,Nazmul Hossain Shanto,Shakib Al Hasan,CAK Rajitha,0,0,,,,,,"",""
ball,2,17.6,Bangladesh,Nazmul Hossain Shanto,Shakib Al Hasan,CAK Rajitha,1,0,,,,,,"",""
ball,2,18.1,Bangladesh,Nazmul Hossain Shanto,Shakib Al Hasan,D Madushanka,4,0,,,,,,"",""
ball,2,18.2,Bangladesh,Nazmul Hossain Shanto,Shakib Al Hasan,D Madushanka,0,0,,,,,,"",""
ball,2,18.3,Bangladesh,Nazmul Hossain Shanto,Shakib Al Hasan,D Madushanka,1,0,,,,,,"",""
ball,2,18.4,Bangladesh,Shakib Al Hasan,Nazmul Hossain Shanto,D Madushanka,4,0,,,,,,"",""
ball,2,18.5,Bangladesh,Shakib Al Hasan,Nazmul Hossain Shanto,D Madushanka,1,0,,,,,,"",""
ball,2,18.6,Bangladesh,Nazmul Hossain Shanto,Shakib Al Hasan,D Madushanka,1,0,,,,,,"",""
ball,2,19.1,Bangladesh,Nazmul Hossain Shanto,Shakib Al Hasan,CAK Rajitha,0,0,,,,,,"",""
ball,2,19.2,Bangladesh,Nazmul Hossain Shanto,Shakib Al Hasan,CAK Rajitha,1,0,,,,,,"",""
ball,2,19.3,Bangladesh,Shakib Al Hasan,Nazmul Hossain Shanto,CAK Rajitha,1,0,,,,,,"",""
ball,2,19.4,Bangladesh,Nazmul Hossain Shanto,Shakib Al Hasan,CAK Rajitha,1,0,,,,,,"",""
ball,2,19.5,Bangladesh,Shakib Al Hasan,Nazmul Hossain Shanto,CAK Rajitha,0,0,,,,,,"",""
ball,2,19.6,Bangladesh,Shakib Al Hasan,Nazmul Hossain Shanto,CAK Rajitha,1,0,,,,,,"",""
ball,2,20.1,Bangladesh,Shakib Al Hasan,Nazmul Hossain Shanto,AD Mathews,1,0,,,,,,"",""
ball,2,20.2,Bangladesh,Nazmul Hossain Shanto,Shakib Al Hasan,AD Mathews,4,0,,,,,,"",""
ball,2,20.3,Bangladesh,Nazmul Hossain Shanto,Shakib Al Hasan,AD Mathews,4,0,,,,,,"",""
ball,2,20.4,Bangladesh,Nazmul Hossain Shanto,Shakib Al Hasan,AD Mathews,0,0,,,,,,"",""
ball,2,20.5,Bangladesh,Nazmul Hossain Shanto,Shakib Al Hasan,AD Mathews,0,0,,,,,,"",""
ball,2,20.6,Bangladesh,Nazmul Hossain Shanto,Shakib Al Hasan,AD Mathews,1,0,,,,,,"",""
ball,2,21.1,Bangladesh,Nazmul Hossain Shanto,Shakib Al Hasan,DM de Silva,0,0,,,,,,"",""
ball,2,21.2,Bangladesh,Nazmul Hossain Shanto,Shakib Al Hasan,DM de Silva,1,0,,,,,,"",""
ball,2,21.3,Bangladesh,Shakib Al Hasan,Nazmul Hossain Shanto,DM de Silva,0,0,,,,,,"",""
ball,2,21.4,Bangladesh,Shakib Al Hasan,Nazmul Hossain Shanto,DM de Silva,4,0,,,,,,"",""
ball,2,21.5,Bangladesh,Shakib Al Hasan,Nazmul Hossain Shanto,DM de Silva,1,0,,,,,,"",""
ball,2,21.6,Bangladesh,Nazmul Hossain Shanto,Shakib Al Hasan,DM de Silva,1,0,,,,,,"",""
ball,2,22.1,Bangladesh,Nazmul Hossain Shanto,Shakib Al Hasan,AD Mathews,1,0,,,,,,"",""
ball,2,22.2,Bangladesh,Shakib Al Hasan,Nazmul Hossain Shanto,AD Mathews,1,0,,,,,,"",""
ball,2,22.3,Bangladesh,Nazmul Hossain Shanto,Shakib Al Hasan,AD Mathews,1,0,,,,,,"",""
ball,2,22.4,Bangladesh,Shakib Al Hasan,Nazmul Hossain Shanto,AD Mathews,1,0,,,,,,"",""
ball,2,22.5,Bangladesh,Nazmul Hossain Shanto,Shakib Al Hasan,AD Mathews,2,0,,,,,,"",""
ball,2,22.6,Bangladesh,Nazmul Hossain Shanto,Shakib Al Hasan,AD Mathews,1,0,,,,,,"",""
ball,2,23.1,Bangladesh,Nazmul Hossain Shanto,Shakib Al Hasan,DM de Silva,0,0,,,,,,"",""
ball,2,23.2,Bangladesh,Nazmul Hossain Shanto,Shakib Al Hasan,DM de Silva,4,0,,,,,,"",""
ball,2,23.3,Bangladesh,Nazmul Hossain Shanto,Shakib Al Hasan,DM de Silva,0,0,,,,,,"",""
ball,2,23.4,Bangladesh,Nazmul Hossain Shanto,Shakib Al Hasan,DM de Silva,1,0,,,,,,"",""
ball,2,23.5,Bangladesh,Shakib Al Hasan,Nazmul Hossain Shanto,DM de Silva,0,0,,,,,,"",""
ball,2,23.6,Bangladesh,Shakib Al Hasan,Nazmul Hossain Shanto,DM de Silva,1,0,,,,,,"",""
ball,2,24.1,Bangladesh,Shakib Al Hasan,Nazmul Hossain Shanto,PVD Chameera,1,0,,,,,,"",""
ball,2,24.2,Bangladesh,Nazmul Hossain Shanto,Shakib Al Hasan,PVD Chameera,1,0,,,,,,"",""
ball,2,24.3,Bangladesh,Shakib Al Hasan,Nazmul Hossain Shanto,PVD Chameera,1,0,,,,,,"",""
ball,2,24.4,Bangladesh,Nazmul Hossain Shanto,Shakib Al Hasan,PVD Chameera,0,0,,,,,,"",""
ball,2,24.5,Bangladesh,Nazmul Hossain Shanto,Shakib Al Hasan,PVD Chameera,1,0,,,,,,"",""
ball,2,24.6,Bangladesh,Shakib Al Hasan,Nazmul Hossain Shanto,PVD Chameera,4,0,,,,,,"",""
ball,2,25.1,Bangladesh,Nazmul Hossain Shanto,Shakib Al Hasan,DM de Silva,4,0,,,,,,"",""
ball,2,25.2,Bangladesh,Nazmul Hossain Shanto,Shakib Al Hasan,DM de Silva,0,0,,,,,,"",""
ball,2,25.3,Bangladesh,Nazmul Hossain Shanto,Shakib Al Hasan,DM de Silva,0,0,,,,,,"",""
ball,2,25.4,Bangladesh,Nazmul Hossain Shanto,Shakib Al Hasan,DM de Silva,2,0,,,,,,"",""
ball,2,25.5,Bangladesh,Nazmul Hossain Shanto,Shakib Al Hasan,DM de Silva,1,0,,,,,,"",""
ball,2,25.6,Bangladesh,Shakib Al Hasan,Nazmul Hossain Shanto,DM de Silva,0,0,,,,,,"",""
ball,2,26.1,Bangladesh,Nazmul Hossain Shanto,Shakib Al Hasan,PVD Chameera,0,0,,,,,,"",""
ball,2,26.2,Bangladesh,Nazmul Hossain Shanto,Shakib Al Hasan,PVD Chameera,1,0,,,,,,"",""
ball,2,26.3,Bangladesh,Shakib Al Hasan,Nazmul Hossain Shanto,PVD Chameera,0,0,,,,,,"",""
ball,2,26.4,Bangladesh,Shakib Al Hasan,Nazmul Hossain Shanto,PVD Chameera,0,0,,,,,,"",""
ball,2,26.5,Bangladesh,Shakib Al Hasan,Nazmul Hossain Shanto,PVD Chameera,4,0,,,,,,"",""
ball,2,26.6,Bangladesh,Shakib Al Hasan,Nazmul Hossain Shanto,PVD Chameera,0,0,,,,,,"",""
ball,2,27.1,Bangladesh,Nazmul Hossain Shanto,Shakib Al Hasan,M Theekshana,1,0,,,,,,"",""
ball,2,27.2,Bangladesh,Shakib Al Hasan,Nazmul Hossain Shanto,M Theekshana,4,0,,,,,,"",""
ball,2,27.3,Bangladesh,Shakib Al Hasan,Nazmul Hossain Shanto,M Theekshana,3,0,,,,,,"",""
ball,2,27.4,Bangladesh,Nazmul Hossain Shanto,Shakib Al Hasan,M Theekshana,0,0,,,,,,"",""
ball,2,27.5,Bangladesh,Nazmul Hossain Shanto,Shakib Al Hasan,M Theekshana,0,0,,,,,,"",""
ball,2,27.6,Bangladesh,Nazmul Hossain Shanto,Shakib Al Hasan,M Theekshana,0,0,,,,,,"",""
ball,2,28.1,Bangladesh,Shakib Al Hasan,Nazmul Hossain Shanto,PVD Chameera,0,0,,,,,,"",""
ball,2,28.2,Bangladesh,Shakib Al Hasan,Nazmul Hossain Shanto,PVD Chameera,4,0,,,,,,"",""
ball,2,28.3,Bangladesh,Shakib Al Hasan,Nazmul Hossain Shanto,PVD Chameera,1,0,,,,,,"",""
ball,2,28.4,Bangladesh,Nazmul Hossain Shanto,Shakib Al Hasan,PVD Chameera,0,0,,,,,,"",""
ball,2,28.5,Bangladesh,Nazmul Hossain Shanto,Shakib Al Hasan,PVD Chameera,0,0,,,,,,"",""
ball,2,28.6,Bangladesh,Nazmul Hossain Shanto,Shakib Al Hasan,PVD Chameera,1,0,,,,,,"",""
ball,2,29.1,Bangladesh,Nazmul Hossain Shanto,Shakib Al Hasan,CAK Rajitha,0,0,,,,,,"",""
ball,2,29.2,Bangladesh,Nazmul Hossain Shanto,Shakib Al Hasan,CAK Rajitha,4,0,,,,,,"",""
ball,2,29.3,Bangladesh,Nazmul Hossain Shanto,Shakib Al Hasan,CAK Rajitha,1,0,,,,,,"",""
ball,2,29.4,Bangladesh,Shakib Al Hasan,Nazmul Hossain Shanto,CAK Rajitha,6,0,,,,,,"",""
ball,2,29.5,Bangladesh,Shakib Al Hasan,Nazmul Hossain Shanto,CAK Rajitha,4,0,,,,,,"",""
ball,2,29.6,Bangladesh,Shakib Al Hasan,Nazmul Hossain Shanto,CAK Rajitha,4,0,,,,,,"",""
ball,2,30.1,Bangladesh,Nazmul Hossain Shanto,Shakib Al Hasan,M Theekshana,1,0,,,,,,"",""
ball,2,30.2,Bangladesh,Shakib Al Hasan,Nazmul Hossain Shanto,M Theekshana,0,0,,,,,,"",""
ball,2,30.3,Bangladesh,Shakib Al Hasan,Nazmul Hossain Shanto,M Theekshana,0,0,,,,,,"",""
ball,2,30.4,Bangladesh,Shakib Al Hasan,Nazmul Hossain Shanto,M Theekshana,0,0,,,,,,"",""
ball,2,30.5,Bangladesh,Shakib Al Hasan,Nazmul Hossain Shanto,M Theekshana,1,0,,,,,,"",""
ball,2,30.6,Bangladesh,Nazmul Hossain Shanto,Shakib Al Hasan,M Theekshana,2,0,,,,,,"",""
ball,2,31.1,Bangladesh,Shakib Al Hasan,Nazmul Hossain Shanto,AD Mathews,0,0,,,,,,caught,Shakib Al Hasan
ball,2,31.2,Bangladesh,Mahmudullah,Nazmul Hossain Shanto,AD Mathews,0,0,,,,,,"",""
ball,2,31.3,Bangladesh,Mahmudullah,Nazmul Hossain Shanto,AD Mathews,0,0,,,,,,"",""
ball,2,31.4,Bangladesh,Mahmudullah,Nazmul Hossain Shanto,AD Mathews,0,0,,,,,,"",""
ball,2,31.5,Bangladesh,Mahmudullah,Nazmul Hossain Shanto,AD Mathews,0,0,,,,,,"",""
ball,2,31.6,Bangladesh,Mahmudullah,Nazmul Hossain Shanto,AD Mathews,0,0,,,,,,"",""
ball,2,32.1,Bangladesh,Nazmul Hossain Shanto,Mahmudullah,M Theekshana,0,0,,,,,,"",""
ball,2,32.2,Bangladesh,Nazmul Hossain Shanto,Mahmudullah,M Theekshana,0,0,,,,,,"",""
ball,2,32.3,Bangladesh,Nazmul Hossain Shanto,Mahmudullah,M Theekshana,0,0,,,,,,"",""
ball,2,32.4,Bangladesh,Nazmul Hossain Shanto,Mahmudullah,M Theekshana,1,0,,,,,,"",""
ball,2,32.5,Bangladesh,Mahmudullah,Nazmul Hossain Shanto,M Theekshana,0,0,,,,,,"",""
ball,2,32.6,Bangladesh,Mahmudullah,Nazmul Hossain Shanto,M Theekshana,0,0,,,,,,"",""
ball,2,33.1,Bangladesh,Nazmul Hossain Shanto,Mahmudullah,AD Mathews,0,0,,,,,,"",""
ball,2,33.2,Bangladesh,Nazmul Hossain Shanto,Mahmudullah,AD Mathews,0,0,,,,,,bowled,Nazmul Hossain Shanto
ball,2,33.3,Bangladesh,Mushfiqur Rahim,Mahmudullah,AD Mathews,0,0,,,,,,"",""
ball,2,33.4,Bangladesh,Mushfiqur Rahim,Mahmudullah,AD Mathews,0,1,1,,,,,"",""
ball,2,33.5,Bangladesh,Mushfiqur Rahim,Mahmudullah,AD Mathews,0,0,,,,,,"",""
ball,2,33.6,Bangladesh,Mushfiqur Rahim,Mahmudullah,AD Mathews,0,0,,,,,,"",""
ball,2,33.7,Bangladesh,Mushfiqur Rahim,Mahmudullah,AD Mathews,4,0,,,,,,"",""
ball,2,34.1,Bangladesh,Mahmudullah,Mushfiqur Rahim,D Madushanka,2,0,,,,,,"",""
ball,2,34.2,Bangladesh,Mahmudullah,Mushfiqur Rahim,D Madushanka,0,0,,,,,,"",""
ball,2,34.3,Bangladesh,Mahmudullah,Mushfiqur Rahim,D Madushanka,6,0,,,,,,"",""
ball,2,34.4,Bangladesh,Mahmudullah,Mushfiqur Rahim,D Madushanka,0,0,,,,,,"",""
ball,2,34.5,Bangladesh,Mahmudullah,Mushfiqur Rahim,D Madushanka,0,0,,,,,,"",""
ball,2,34.6,Bangladesh,Mahmudullah,Mushfiqur Rahim,D Madushanka,0,0,,,,,,"",""
ball,2,35.1,Bangladesh,Mushfiqur Rahim,Mahmudullah,AD Mathews,0,0,,,,,,"",""
ball,2,35.2,Bangladesh,Mushfiqur Rahim,Mahmudullah,AD Mathews,1,0,,,,,,"",""
ball,2,35.3,Bangladesh,Mahmudullah,Mushfiqur Rahim,AD Mathews,4,0,,,,,,"",""
ball,2,35.4,Bangladesh,Mahmudullah,Mushfiqur Rahim,AD Mathews,1,0,,,,,,"",""
ball,2,35.5,Bangladesh,Mushfiqur Rahim,Mahmudullah,AD Mathews,0,0,,,,,,"",""
ball,2,35.6,Bangladesh,Mushfiqur Rahim,Mahmudullah,AD Mathews,2,0,,,,,,"",""
ball,2,36.1,Bangladesh,Mahmudullah,Mushfiqur Rahim,PVD Chameera,0,1,1,,,,,"",""
ball,2,36.2,Bangladesh,Mahmudullah,Mushfiqur Rahim,PVD Chameera,1,0,,,,,,"",""
ball,2,36.3,Bangladesh,Mushfiqur Rahim,Mahmudullah,PVD Chameera,1,0,,,,,,"",""
ball,2,36.4,Bangladesh,Mahmudullah,Mushfiqur Rahim,PVD Chameera,0,4,,,,4,,"",""
ball,2,36.5,Bangladesh,Mahmudullah,Mushfiqur Rahim,PVD Chameera,0,0,,,,,,"",""
ball,2,36.6,Bangladesh,Mahmudullah,Mushfiqur Rahim,PVD Chameera,4,0,,,,,,"",""
ball,2,36.7,Bangladesh,Mahmudullah,Mushfiqur Rahim,PVD Chameera,4,0,,,,,,"",""
ball,2,37.1,Bangladesh,Mushfiqur Rahim,Mahmudullah,D Madushanka,0,0,,,,,,"",""
ball,2,37.2,Bangladesh,Mushfiqur Rahim,Mahmudullah,D Madushanka,0,0,,,,,,"",""
ball,2,37.3,Bangladesh,Mushfiqur Rahim,Mahmudullah,D Madushanka,2,0,,,,,,"",""
ball,2,37.4,Bangladesh,Mushfiqur Rahim,Mahmudullah,D Madushanka,0,0,,,,,,bowled,Mushfiqur Rahim
ball,2,37.5,Bangladesh,Towhid Hridoy,Mahmudullah,D Madushanka,0,0,,,,,,"",""
ball,2,37.6,Bangladesh,Towhid Hridoy,Mahmudullah,D Madushanka,6,0,,,,,,"",""
ball,2,38.1,Bangladesh,Mahmudullah,Towhid Hridoy,M Theekshana,0,0,,,,,,"",""
ball,2,38.2,Bangladesh,Mahmudullah,Towhid Hridoy,M Theekshana,0,0,,,,,,"",""
ball,2,38.3,Bangladesh,Mahmudullah,Towhid Hridoy,M Theekshana,0,0,,,,,,bowled,Mahmudullah
ball,2,38.4,Bangladesh,Mehedi Hasan Miraz,Towhid Hridoy,M Theekshana,1,0,,,,,,"",""
ball,2,38.5,Bangladesh,Towhid Hridoy,Mehedi Hasan Miraz,M Theekshana,0,0,,,,,,"",""
ball,2,38.6,Bangladesh,Towhid Hridoy,Mehedi Hasan Miraz,M Theekshana,0,0,,,,,,"",""
ball,2,39.1,Bangladesh,Mehedi Hasan Miraz,Towhid Hridoy,D Madushanka,1,0,,,,,,"",""
ball,2,39.2,Bangladesh,Towhid Hridoy,Mehedi Hasan Miraz,D Madushanka,0,0,,,,,,"",""
ball,2,39.3,Bangladesh,Towhid Hridoy,Mehedi Hasan Miraz,D Madushanka,6,0,,,,,,"",""
ball,2,39.4,Bangladesh,Towhid Hridoy,Mehedi Hasan Miraz,D Madushanka,3,0,,,,,,"",""
ball,2,39.5,Bangladesh,Mehedi Hasan Miraz,Towhid Hridoy,D Madushanka,0,1,1,,,,,"",""
ball,2,39.6,Bangladesh,Mehedi Hasan Miraz,Towhid Hridoy,D Madushanka,0,0,,,,,,"",""
ball,2,39.7,Bangladesh,Mehedi Hasan Miraz,Towhid Hridoy,D Madushanka,1,0,,,,,,"",""
ball,2,40.1,Bangladesh,Mehedi Hasan Miraz,Towhid Hridoy,M Theekshana,0,1,1,,,,,"",""
ball,2,40.2,Bangladesh,Mehedi Hasan Miraz,Towhid Hridoy,M Theekshana,0,0,,,,,,caught,Mehedi Hasan Miraz
ball,2,40.3,Bangladesh,Tanzim Hasan Sakib,Towhid Hridoy,M Theekshana,0,0,,,,,,"",""
ball,2,40.4,Bangladesh,Tanzim Hasan Sakib,Towhid Hridoy,M Theekshana,4,0,,,,,,"",""
ball,2,40.5,Bangladesh,Tanzim Hasan Sakib,Towhid Hridoy,M Theekshana,0,0,,,,,,"",""
ball,2,40.6,Bangladesh,Tanzim Hasan Sakib,Towhid Hridoy,M Theekshana,0,4,,,,4,,"",""
ball,2,40.7,Bangladesh,Tanzim Hasan Sakib,Towhid Hridoy,M Theekshana,1,0,,,,,,"",""
ball,2,41.1,Bangladesh,Tanzim Hasan Sakib,Towhid Hridoy,AD Mathews,0,4,,,,4,,"",""
