version,1.6.0
info,balls_per_over,6
info,team,Bangladesh
info,team,New Zealand
info,gender,male
info,season,2006/07
info,date,2007/04/02
info,event,ICC World Cup
info,match_number,31
info,venue,"Sir Vivian Richards Stadium, North Sound"
info,city,Antigua
info,neutralvenue,true
info,toss_winner,New Zealand
info,toss_decision,field
info,player_of_match,SE Bond
info,umpire,Aleem Dar
info,umpire,RE Koertzen
info,reserve_umpire,BF Bowden
info,tv_umpire,Asad Rauf
info,match_referee,MJ Procter
info,winner,New Zealand
info,winner_wickets,9
info,player,Bangladesh,Javed Omar
info,player,Bangladesh,Tamim Iqbal
info,player,Bangladesh,Aftab Ahmed
info,player,Bangladesh,Shakib Al Hasan
info,player,Bangladesh,Habibul Bashar
info,player,Bangladesh,Mohammad Ashraful
info,player,Bangladesh,Mushfiqur Rahim
info,player,Bangladesh,Mashrafe Mortaza
info,player,Bangladesh,Mohammad Rafique
info,player,Bangladesh,Abdur Razzak
info,player,Bangladesh,Syed Rasel
info,player,New Zealand,PG Fulton
info,player,New Zealand,SP Fleming
info,player,New Zealand,HJH Marshall
info,player,New Zealand,SB Styris
info,player,New Zealand,CD McMillan
info,player,New Zealand,JDP Oram
info,player,New Zealand,BB McCullum
info,player,New Zealand,DL Vettori
info,player,New Zealand,JEC Franklin
info,player,New Zealand,SE Bond
info,player,New Zealand,MJ Mason
info,registry,people,Abdur Razzak,888e32bf
info,registry,people,Aftab Ahmed,53bc7b84
info,registry,people,Aleem Dar,f02778d1
info,registry,people,Asad Rauf,861606b7
info,registry,people,BB McCullum,b8a55852
info,registry,people,BF Bowden,efc0a862
info,registry,people,CD McMillan,f5390243
info,registry,people,DL Vettori,d7c6af50
info,registry,people,HJH Marshall,70542bef
info,registry,people,Habibul Bashar,e74ad9ea
info,registry,people,JDP Oram,3eac9d95
info,registry,people,JEC Franklin,cf73ad76
info,registry,people,Javed Omar,e15faa51
info,registry,people,MJ Mason,aab3e7be
info,registry,people,MJ Procter,32e65048
info,registry,people,MR Gillespie,7d7ab238
info,registry,people,Mashrafe Mortaza,e186f49c
info,registry,people,Mohammad Ashraful,2bb09eb2
info,registry,people,Mohammad Rafique,7ff3fcaa
info,registry,people,Mushfiqur Rahim,a94e08ea
info,registry,people,PG Fulton,10a2a1ff
info,registry,people,RE Koertzen,0265fab2
info,registry,people,SB Styris,57efa3be
info,registry,people,SE Bond,4f629497
info,registry,people,SP Fleming,eea6b7f1
info,registry,people,Shakib Al Hasan,7dc35884
info,registry,people,Syed Rasel,b743f01b
info,registry,people,Tamim Iqbal,3b041a12
ball,1,0.1,Bangladesh,Javed Omar,Tamim Iqbal,MJ Mason,0,0,,,,,,"",""
ball,1,0.2,Bangladesh,Javed Omar,Tamim Iqbal,MJ Mason,0,0,,,,,,"",""
ball,1,0.3,Bangladesh,Javed Omar,Tamim Iqbal,MJ Mason,0,0,,,,,,"",""
ball,1,0.4,Bangladesh,Javed Omar,Tamim Iqbal,MJ Mason,0,0,,,,,,"",""
ball,1,0.5,Bangladesh,Javed Omar,Tamim Iqbal,MJ Mason,0,0,,,,,,"",""
ball,1,0.6,Bangladesh,Javed Omar,Tamim Iqbal,MJ Mason,0,0,,,,,,"",""
ball,1,1.1,Bangladesh,Tamim Iqbal,Javed Omar,SE Bond,0,0,,,,,,"",""
ball,1,1.2,Bangladesh,Tamim Iqbal,Javed Omar,SE Bond,0,0,,,,,,"",""
ball,1,1.3,Bangladesh,Tamim Iqbal,Javed Omar,SE Bond,0,0,,,,,,"",""
ball,1,1.4,Bangladesh,Tamim Iqbal,Javed Omar,SE Bond,0,0,,,,,,"",""
ball,1,1.5,Bangladesh,Tamim Iqbal,Javed Omar,SE Bond,0,0,,,,,,"",""
ball,1,1.6,Bangladesh,Tamim Iqbal,Javed Omar,SE Bond,0,0,,,,,,"",""
ball,1,2.1,Bangladesh,Javed Omar,Tamim Iqbal,MJ Mason,4,0,,,,,,"",""
ball,1,2.2,Bangladesh,Javed Omar,Tamim Iqbal,MJ Mason,0,0,,,,,,"",""
ball,1,2.3,Bangladesh,Javed Omar,Tamim Iqbal,MJ Mason,0,0,,,,,,"",""
ball,1,2.4,Bangladesh,Javed Omar,Tamim Iqbal,CD McMillan,3,0,,,,,,"",""
ball,1,2.5,Bangladesh,Tamim Iqbal,Javed Omar,CD McMillan,0,0,,,,,,"",""
ball,1,2.6,Bangladesh,Tamim Iqbal,Javed Omar,CD McMillan,1,0,,,,,,"",""
ball,1,3.1,Bangladesh,Tamim Iqbal,Javed Omar,SE Bond,0,0,,,,,,"",""
ball,1,3.2,Bangladesh,Tamim Iqbal,Javed Omar,SE Bond,0,0,,,,,,"",""
ball,1,3.3,Bangladesh,Tamim Iqbal,Javed Omar,SE Bond,1,0,,,,,,"",""
ball,1,3.4,Bangladesh,Javed Omar,Tamim Iqbal,SE Bond,0,0,,,,,,"",""
ball,1,3.5,Bangladesh,Javed Omar,Tamim Iqbal,SE Bond,0,0,,,,,,"",""
ball,1,3.6,Bangladesh,Javed Omar,Tamim Iqbal,SE Bond,0,0,,,,,,"",""
ball,1,4.1,Bangladesh,Tamim Iqbal,Javed Omar,JEC Franklin,0,0,,,,,,"",""
ball,1,4.2,Bangladesh,Tamim Iqbal,Javed Omar,JEC Franklin,0,0,,,,,,"",""
ball,1,4.3,Bangladesh,Tamim Iqbal,Javed Omar,JEC Franklin,0,0,,,,,,"",""
ball,1,4.4,Bangladesh,Tamim Iqbal,Javed Omar,JEC Franklin,1,0,,,,,,"",""
ball,1,4.5,Bangladesh,Javed Omar,Tamim Iqbal,JEC Franklin,0,0,,,,,,"",""
ball,1,4.6,Bangladesh,Javed Omar,Tamim Iqbal,JEC Franklin,4,0,,,,,,"",""
ball,1,5.1,Bangladesh,Tamim Iqbal,Javed Omar,SE Bond,0,4,,,,4,,"",""
ball,1,5.2,Bangladesh,Tamim Iqbal,Javed Omar,SE Bond,0,0,,,,,,"",""
ball,1,5.3,Bangladesh,Tamim Iqbal,Javed Omar,SE Bond,0,0,,,,,,"",""
ball,1,5.4,Bangladesh,Tamim Iqbal,Javed Omar,SE Bond,0,0,,,,,,"",""
ball,1,5.5,Bangladesh,Tamim Iqbal,Javed Omar,SE Bond,0,0,,,,,,"",""
ball,1,5.6,Bangladesh,Tamim Iqbal,Javed Omar,SE Bond,0,0,,,,,,"",""
ball,1,6.1,Bangladesh,Javed Omar,Tamim Iqbal,JEC Franklin,0,0,,,,,,"",""
ball,1,6.2,Bangladesh,Javed Omar,Tamim Iqbal,JEC Franklin,0,0,,,,,,"",""
ball,1,6.3,Bangladesh,Javed Omar,Tamim Iqbal,JEC Franklin,0,0,,,,,,"",""
ball,1,6.4,Bangladesh,Javed Omar,Tamim Iqbal,JEC Franklin,0,0,,,,,,"",""
ball,1,6.5,Bangladesh,Javed Omar,Tamim Iqbal,JEC Franklin,0,0,,,,,,"",""
ball,1,6.6,Bangladesh,Javed Omar,Tamim Iqbal,JEC Franklin,0,0,,,,,,"",""
ball,1,7.1,Bangladesh,Tamim Iqbal,Javed Omar,SE Bond,0,0,,,,,,"",""
ball,1,7.2,Bangladesh,Tamim Iqbal,Javed Omar,SE Bond,1,0,,,,,,"",""
ball,1,7.3,Bangladesh,Javed Omar,Tamim Iqbal,SE Bond,0,0,,,,,,"",""
ball,1,7.4,Bangladesh,Javed Omar,Tamim Iqbal,SE Bond,0,0,,,,,,"",""
ball,1,7.5,Bangladesh,Javed Omar,Tamim Iqbal,SE Bond,0,0,,,,,,"",""
ball,1,7.6,Bangladesh,Javed Omar,Tamim Iqbal,SE Bond,0,0,,,,,,"",""
ball,1,8.1,Bangladesh,Tamim Iqbal,Javed Omar,JDP Oram,4,0,,,,,,"",""
ball,1,8.2,Bangladesh,Tamim Iqbal,Javed Omar,JDP Oram,0,0,,,,,,"",""
ball,1,8.3,Bangladesh,Tamim Iqbal,Javed Omar,JDP Oram,0,0,,,,,,"",""
ball,1,8.4,Bangladesh,Tamim Iqbal,Javed Omar,JDP Oram,0,0,,,,,,"",""
ball,1,8.5,Bangladesh,Tamim Iqbal,Javed Omar,JDP Oram,1,0,,,,,,"",""
ball,1,8.6,Bangladesh,Javed Omar,Tamim Iqbal,JDP Oram,0,0,,,,,,"",""
ball,1,9.1,Bangladesh,Tamim Iqbal,Javed Omar,SE Bond,1,0,,,,,,"",""
ball,1,9.2,Bangladesh,Javed Omar,Tamim Iqbal,SE Bond,0,0,,,,,,"",""
ball,1,9.3,Bangladesh,Javed Omar,Tamim Iqbal,SE Bond,0,0,,,,,,"",""
ball,1,9.4,Bangladesh,Javed Omar,Tamim Iqbal,SE Bond,1,0,,,,,,"",""
ball,1,9.5,Bangladesh,Tamim Iqbal,Javed Omar,SE Bond,0,0,,,,,,"",""
ball,1,9.6,Bangladesh,Tamim Iqbal,Javed Omar,SE Bond,1,0,,,,,,"",""
ball,1,10.1,Bangladesh,Tamim Iqbal,Javed Omar,JDP Oram,0,0,,,,,,"",""
ball,1,10.2,Bangladesh,Tamim Iqbal,Javed Omar,JDP Oram,1,0,,,,,,"",""
ball,1,10.3,Bangladesh,Javed Omar,Tamim Iqbal,JDP Oram,0,0,,,,,,"",""
ball,1,10.4,Bangladesh,Javed Omar,Tamim Iqbal,JDP Oram,0,0,,,,,,"",""
ball,1,10.5,Bangladesh,Javed Omar,Tamim Iqbal,JDP Oram,0,0,,,,,,"",""
ball,1,10.6,Bangladesh,Javed Omar,Tamim Iqbal,JDP Oram,0,0,,,,,,"",""
ball,1,11.1,Bangladesh,Tamim Iqbal,Javed Omar,JEC Franklin,0,0,,,,,,"",""
ball,1,11.2,Bangladesh,Tamim Iqbal,Javed Omar,JEC Franklin,0,0,,,,,,"",""
ball,1,11.3,Bangladesh,Tamim Iqbal,Javed Omar,JEC Franklin,4,0,,,,,,"",""
ball,1,11.4,Bangladesh,Tamim Iqbal,Javed Omar,JEC Franklin,0,0,,,,,,"",""
ball,1,11.5,Bangladesh,Tamim Iqbal,Javed Omar,JEC Franklin,4,0,,,,,,"",""
ball,1,11.6,Bangladesh,Tamim Iqbal,Javed Omar,JEC Franklin,1,0,,,,,,"",""
ball,1,12.1,Bangladesh,Tamim Iqbal,Javed Omar,JDP Oram,0,0,,,,,,"",""
ball,1,12.2,Bangladesh,Tamim Iqbal,Javed Omar,JDP Oram,1,0,,,,,,"",""
ball,1,12.3,Bangladesh,Javed Omar,Tamim Iqbal,JDP Oram,1,0,,,,,,"",""
ball,1,12.4,Bangladesh,Tamim Iqbal,Javed Omar,JDP Oram,0,0,,,,,,"",""
ball,1,12.5,Bangladesh,Tamim Iqbal,Javed Omar,JDP Oram,0,0,,,,,,"",""
ball,1,12.6,Bangladesh,Tamim Iqbal,Javed Omar,JDP Oram,0,0,,,,,,"",""
ball,1,13.1,Bangladesh,Javed Omar,Tamim Iqbal,JEC Franklin,0,0,,,,,,"",""
ball,1,13.2,Bangladesh,Javed Omar,Tamim Iqbal,JEC Franklin,0,0,,,,,,"",""
ball,1,13.3,Bangladesh,Javed Omar,Tamim Iqbal,JEC Franklin,0,0,,,,,,"",""
ball,1,13.4,Bangladesh,Javed Omar,Tamim Iqbal,JEC Franklin,0,0,,,,,,"",""
ball,1,13.5,Bangladesh,Javed Omar,Tamim Iqbal,JEC Franklin,0,1,,,,1,,"",""
ball,1,13.6,Bangladesh,Tamim Iqbal,Javed Omar,JEC Franklin,1,0,,,,,,"",""
ball,1,14.1,Bangladesh,Tamim Iqbal,Javed Omar,JDP Oram,0,0,,,,,,"",""
ball,1,14.2,Bangladesh,Tamim Iqbal,Javed Omar,JDP Oram,0,0,,,,,,"",""
ball,1,14.3,Bangladesh,Tamim Iqbal,Javed Omar,JDP Oram,0,0,,,,,,"",""
ball,1,14.4,Bangladesh,Tamim Iqbal,Javed Omar,JDP Oram,4,0,,,,,,"",""
ball,1,14.5,Bangladesh,Tamim Iqbal,Javed Omar,JDP Oram,0,0,,,,,,"",""
ball,1,14.6,Bangladesh,Tamim Iqbal,Javed Omar,JDP Oram,0,0,,,,,,"",""
ball,1,15.1,Bangladesh,Javed Omar,Tamim Iqbal,JEC Franklin,4,0,,,,,,"",""
ball,1,15.2,Bangladesh,Javed Omar,Tamim Iqbal,JEC Franklin,0,0,,,,,,"",""
ball,1,15.3,Bangladesh,Javed Omar,Tamim Iqbal,JEC Franklin,0,0,,,,,,"",""
ball,1,15.4,Bangladesh,Javed Omar,Tamim Iqbal,JEC Franklin,1,0,,,,,,"",""
ball,1,15.5,Bangladesh,Tamim Iqbal,Javed Omar,JEC Franklin,1,0,,,,,,"",""
ball,1,15.6,Bangladesh,Javed Omar,Tamim Iqbal,JEC Franklin,0,0,,,,,,"",""
ball,1,16.1,Bangladesh,Tamim Iqbal,Javed Omar,JDP Oram,1,0,,,,,,"",""
ball,1,16.2,Bangladesh,Javed Omar,Tamim Iqbal,JDP Oram,2,0,,,,,,"",""
ball,1,16.3,Bangladesh,Javed Omar,Tamim Iqbal,JDP Oram,1,0,,,,,,"",""
ball,1,16.4,Bangladesh,Tamim Iqbal,Javed Omar,JDP Oram,0,0,,,,,,stumped,Tamim Iqbal
ball,1,16.5,Bangladesh,Aftab Ahmed,Javed Omar,JDP Oram,0,0,,,,,,"",""
ball,1,16.6,Bangladesh,Aftab Ahmed,Javed Omar,JDP Oram,0,0,,,,,,"",""
ball,1,17.1,Bangladesh,Javed Omar,Aftab Ahmed,JEC Franklin,1,0,,,,,,"",""
ball,1,17.2,Bangladesh,Aftab Ahmed,Javed Omar,JEC Franklin,0,0,,,,,,"",""
ball,1,17.3,Bangladesh,Aftab Ahmed,Javed Omar,JEC Franklin,0,0,,,,,,"",""
ball,1,17.4,Bangladesh,Aftab Ahmed,Javed Omar,JEC Franklin,4,0,,,,,,"",""
ball,1,17.5,Bangladesh,Aftab Ahmed,Javed Omar,JEC Franklin,1,0,,,,,,"",""
ball,1,17.6,Bangladesh,Javed Omar,Aftab Ahmed,JEC Franklin,0,0,,,,,,"",""
ball,1,18.1,Bangladesh,Aftab Ahmed,Javed Omar,JDP Oram,1,0,,,,,,"",""
ball,1,18.2,Bangladesh,Javed Omar,Aftab Ahmed,JDP Oram,0,0,,,,,,"",""
ball,1,18.3,Bangladesh,Javed Omar,Aftab Ahmed,JDP Oram,0,0,,,,,,"",""
ball,1,18.4,Bangladesh,Javed Omar,Aftab Ahmed,JDP Oram,0,0,,,,,,caught,Javed Omar
ball,1,18.5,Bangladesh,Shakib Al Hasan,Aftab Ahmed,JDP Oram,0,0,,,,,,"",""
ball,1,18.6,Bangladesh,Shakib Al Hasan,Aftab Ahmed,JDP Oram,0,0,,,,,,"",""
ball,1,19.1,Bangladesh,Aftab Ahmed,Shakib Al Hasan,DL Vettori,1,0,,,,,,"",""
ball,1,19.2,Bangladesh,Shakib Al Hasan,Aftab Ahmed,DL Vettori,0,0,,,,,,"",""
ball,1,19.3,Bangladesh,Shakib Al Hasan,Aftab Ahmed,DL Vettori,1,0,,,,,,"",""
ball,1,19.4,Bangladesh,Aftab Ahmed,Shakib Al Hasan,DL Vettori,0,0,,,,,,"",""
ball,1,19.5,Bangladesh,Aftab Ahmed,Shakib Al Hasan,DL Vettori,0,0,,,,,,"",""
ball,1,19.6,Bangladesh,Aftab Ahmed,Shakib Al Hasan,DL Vettori,0,0,,,,,,"",""
ball,1,20.1,Bangladesh,Shakib Al Hasan,Aftab Ahmed,JDP Oram,0,4,,,4,,,"",""
ball,1,20.2,Bangladesh,Shakib Al Hasan,Aftab Ahmed,JDP Oram,1,0,,,,,,"",""
ball,1,20.3,Bangladesh,Aftab Ahmed,Shakib Al Hasan,JDP Oram,0,0,,,,,,"",""
ball,1,20.4,Bangladesh,Aftab Ahmed,Shakib Al Hasan,JDP Oram,0,0,,,,,,"",""
ball,1,20.5,Bangladesh,Aftab Ahmed,Shakib Al Hasan,JDP Oram,0,0,,,,,,"",""
ball,1,20.6,Bangladesh,Aftab Ahmed,Shakib Al Hasan,JDP Oram,0,1,,,,1,,"",""
ball,1,21.1,Bangladesh,Aftab Ahmed,Shakib Al Hasan,DL Vettori,4,0,,,,,,"",""
ball,1,21.2,Bangladesh,Aftab Ahmed,Shakib Al Hasan,DL Vettori,1,0,,,,,,"",""
ball,1,21.3,Bangladesh,Shakib Al Hasan,Aftab Ahmed,DL Vettori,0,0,,,,,,"",""
ball,1,21.4,Bangladesh,Shakib Al Hasan,Aftab Ahmed,DL Vettori,2,0,,,,,,"",""
ball,1,21.5,Bangladesh,Shakib Al Hasan,Aftab Ahmed,DL Vettori,0,0,,,,,,"",""
ball,1,21.6,Bangladesh,Shakib Al Hasan,Aftab Ahmed,DL Vettori,0,0,,,,,,"",""
ball,1,22.1,Bangladesh,Aftab Ahmed,Shakib Al Hasan,JDP Oram,4,0,,,,,,"",""
ball,1,22.2,Bangladesh,Aftab Ahmed,Shakib Al Hasan,JDP Oram,0,0,,,,,,"",""
ball,1,22.3,Bangladesh,Aftab Ahmed,Shakib Al Hasan,JDP Oram,0,0,,,,,,"",""
ball,1,22.4,Bangladesh,Aftab Ahmed,Shakib Al Hasan,JDP Oram,1,0,,,,,,"",""
ball,1,22.5,Bangladesh,Shakib Al Hasan,Aftab Ahmed,JDP Oram,0,0,,,,,,"",""
ball,1,22.6,Bangladesh,Shakib Al Hasan,Aftab Ahmed,JDP Oram,0,0,,,,,,"",""
ball,1,23.1,Bangladesh,Aftab Ahmed,Shakib Al Hasan,DL Vettori,1,0,,,,,,"",""
ball,1,23.2,Bangladesh,Shakib Al Hasan,Aftab Ahmed,DL Vettori,1,0,,,,,,"",""
ball,1,23.3,Bangladesh,Aftab Ahmed,Shakib Al Hasan,DL Vettori,0,0,,,,,,"",""
ball,1,23.4,Bangladesh,Aftab Ahmed,Shakib Al Hasan,DL Vettori,1,0,,,,,,"",""
ball,1,23.5,Bangladesh,Shakib Al Hasan,Aftab Ahmed,DL Vettori,0,0,,,,,,"",""
ball,1,23.6,Bangladesh,Shakib Al Hasan,Aftab Ahmed,DL Vettori,0,0,,,,,,"",""
ball,1,24.1,Bangladesh,Aftab Ahmed,Shakib Al Hasan,SB Styris,2,0,,,,,,"",""
ball,1,24.2,Bangladesh,Aftab Ahmed,Shakib Al Hasan,SB Styris,0,0,,,,,,"",""
ball,1,24.3,Bangladesh,Aftab Ahmed,Shakib Al Hasan,SB Styris,0,0,,,,,,"",""
ball,1,24.4,Bangladesh,Aftab Ahmed,Shakib Al Hasan,SB Styris,2,0,,,,,,"",""
ball,1,24.5,Bangladesh,Aftab Ahmed,Shakib Al Hasan,SB Styris,0,0,,,,,,"",""
ball,1,24.6,Bangladesh,Aftab Ahmed,Shakib Al Hasan,SB Styris,0,0,,,,,,"",""
ball,1,25.1,Bangladesh,Shakib Al Hasan,Aftab Ahmed,DL Vettori,0,0,,,,,,"",""
ball,1,25.2,Bangladesh,Shakib Al Hasan,Aftab Ahmed,DL Vettori,0,0,,,,,,"",""
ball,1,25.3,Bangladesh,Shakib Al Hasan,Aftab Ahmed,DL Vettori,0,0,,,,,,"",""
ball,1,25.4,Bangladesh,Shakib Al Hasan,Aftab Ahmed,DL Vettori,0,0,,,,,,"",""
ball,1,25.5,Bangladesh,Shakib Al Hasan,Aftab Ahmed,DL Vettori,1,0,,,,,,"",""
ball,1,25.6,Bangladesh,Aftab Ahmed,Shakib Al Hasan,DL Vettori,1,0,,,,,,"",""
ball,1,26.1,Bangladesh,Aftab Ahmed,Shakib Al Hasan,SB Styris,0,0,,,,,,"",""
ball,1,26.2,Bangladesh,Aftab Ahmed,Shakib Al Hasan,SB Styris,0,0,,,,,,"",""
ball,1,26.3,Bangladesh,Aftab Ahmed,Shakib Al Hasan,SB Styris,0,2,,,,2,,"",""
ball,1,26.4,Bangladesh,Aftab Ahmed,Shakib Al Hasan,SB Styris,1,0,,,,,,"",""
ball,1,26.5,Bangladesh,Shakib Al Hasan,Aftab Ahmed,SB Styris,4,0,,,,,,"",""
ball,1,26.6,Bangladesh,Shakib Al Hasan,Aftab Ahmed,SB Styris,1,0,,,,,,"",""
ball,1,27.1,Bangladesh,Shakib Al Hasan,Aftab Ahmed,DL Vettori,1,0,,,,,,"",""
ball,1,27.2,Bangladesh,Aftab Ahmed,Shakib Al Hasan,DL Vettori,0,0,,,,,,"",""
ball,1,27.3,Bangladesh,Aftab Ahmed,Shakib Al Hasan,DL Vettori,1,0,,,,,,"",""
ball,1,27.4,Bangladesh,Shakib Al Hasan,Aftab Ahmed,DL Vettori,1,0,,,,,,"",""
ball,1,27.5,Bangladesh,Aftab Ahmed,Shakib Al Hasan,DL Vettori,1,0,,,,,,"",""
ball,1,27.6,Bangladesh,Shakib Al Hasan,Aftab Ahmed,DL Vettori,1,0,,,,,,"",""
ball,1,28.1,Bangladesh,Shakib Al Hasan,Aftab Ahmed,SB Styris,1,0,,,,,,"",""
ball,1,28.2,Bangladesh,Aftab Ahmed,Shakib Al Hasan,SB Styris,0,0,,,,,,caught,Aftab Ahmed
ball,1,28.3,Bangladesh,Habibul Bashar,Shakib Al Hasan,SB Styris,0,0,,,,,,"",""
ball,1,28.4,Bangladesh,Habibul Bashar,Shakib Al Hasan,SB Styris,1,0,,,,,,"",""
ball,1,28.5,Bangladesh,Shakib Al Hasan,Habibul Bashar,SB Styris,1,0,,,,,,"",""
ball,1,28.6,Bangladesh,Habibul Bashar,Shakib Al Hasan,SB Styris,0,0,,,,,,"",""
ball,1,29.1,Bangladesh,Shakib Al Hasan,Habibul Bashar,DL Vettori,1,0,,,,,,"",""
ball,1,29.2,Bangladesh,Habibul Bashar,Shakib Al Hasan,DL Vettori,0,0,,,,,,"",""
ball,1,29.3,Bangladesh,Habibul Bashar,Shakib Al Hasan,DL Vettori,0,0,,,,,,"",""
ball,1,29.4,Bangladesh,Habibul Bashar,Shakib Al Hasan,DL Vettori,0,0,,,,,,"",""
ball,1,29.5,Bangladesh,Habibul Bashar,Shakib Al Hasan,DL Vettori,0,0,,,,,,"",""
ball,1,29.6,Bangladesh,Habibul Bashar,Shakib Al Hasan,DL Vettori,1,0,,,,,,"",""
ball,1,30.1,Bangladesh,Habibul Bashar,Shakib Al Hasan,SB Styris,0,0,,,,,,"",""
ball,1,30.2,Bangladesh,Habibul Bashar,Shakib Al Hasan,SB Styris,0,0,,,,,,"",""
ball,1,30.3,Bangladesh,Habibul Bashar,Shakib Al Hasan,SB Styris,0,0,,,,,,"",""
ball,1,30.4,Bangladesh,Habibul Bashar,Shakib Al Hasan,SB Styris,0,0,,,,,,"",""
ball,1,30.5,Bangladesh,Habibul Bashar,Shakib Al Hasan,SB Styris,1,0,,,,,,"",""
ball,1,30.6,Bangladesh,Shakib Al Hasan,Habibul Bashar,SB Styris,0,0,,,,,,"",""
ball,1,31.1,Bangladesh,Habibul Bashar,Shakib Al Hasan,DL Vettori,1,0,,,,,,"",""
ball,1,31.2,Bangladesh,Shakib Al Hasan,Habibul Bashar,DL Vettori,1,0,,,,,,"",""
ball,1,31.3,Bangladesh,Habibul Bashar,Shakib Al Hasan,DL Vettori,0,1,1,,,,,"",""
ball,1,31.4,Bangladesh,Habibul Bashar,Shakib Al Hasan,DL Vettori,1,0,,,,,,"",""
ball,1,31.5,Bangladesh,Shakib Al Hasan,Habibul Bashar,DL Vettori,0,0,,,,,,"",""
ball,1,31.6,Bangladesh,Shakib Al Hasan,Habibul Bashar,DL Vettori,1,0,,,,,,"",""
ball,1,31.7,Bangladesh,Habibul Bashar,Shakib Al Hasan,DL Vettori,0,0,,,,,,"",""
ball,1,32.1,Bangladesh,Shakib Al Hasan,Habibul Bashar,SB Styris,0,0,,,,,,"",""
ball,1,32.2,Bangladesh,Shakib Al Hasan,Habibul Bashar,SB Styris,1,0,,,,,,"",""
ball,1,32.3,Bangladesh,Habibul Bashar,Shakib Al Hasan,SB Styris,0,0,,,,,,"",""
ball,1,32.4,Bangladesh,Habibul Bashar,Shakib Al Hasan,SB Styris,1,0,,,,,,"",""
ball,1,32.5,Bangladesh,Shakib Al Hasan,Habibul Bashar,SB Styris,1,0,,,,,,"",""
ball,1,32.6,Bangladesh,Habibul Bashar,Shakib Al Hasan,SB Styris,2,0,,,,,,"",""
ball,1,33.1,Bangladesh,Shakib Al Hasan,Habibul Bashar,DL Vettori,1,0,,,,,,"",""
ball,1,33.2,Bangladesh,Habibul Bashar,Shakib Al Hasan,DL Vettori,0,0,,,,,,"",""
ball,1,33.3,Bangladesh,Habibul Bashar,Shakib Al Hasan,DL Vettori,1,0,,,,,,run out,Habibul Bashar
ball,1,33.4,Bangladesh,Mohammad Ashraful,Shakib Al Hasan,DL Vettori,0,0,,,,,,"",""
ball,1,33.5,Bangladesh,Mohammad Ashraful,Shakib Al Hasan,DL Vettori,0,0,,,,,,"",""
ball,1,33.6,Bangladesh,Mohammad Ashraful,Shakib Al Hasan,DL Vettori,0,0,,,,,,"",""
ball,1,34.1,Bangladesh,Shakib Al Hasan,Mohammad Ashraful,SB Styris,1,0,,,,,,"",""
ball,1,34.2,Bangladesh,Mohammad Ashraful,Shakib Al Hasan,SB Styris,1,0,,,,,,"",""
ball,1,34.3,Bangladesh,Shakib Al Hasan,Mohammad Ashraful,SB Styris,0,0,,,,,,"",""
ball,1,34.4,Bangladesh,Shakib Al Hasan,Mohammad Ashraful,SB Styris,1,0,,,,,,"",""
ball,1,34.5,Bangladesh,Mohammad Ashraful,Shakib Al Hasan,SB Styris,1,0,,,,,,"",""
ball,1,34.6,Bangladesh,Shakib Al Hasan,Mohammad Ashraful,SB Styris,1,0,,,,,,"",""
ball,1,35.1,Bangladesh,Shakib Al Hasan,Mohammad Ashraful,SE Bond,0,0,,,,,,bowled,Shakib Al Hasan
ball,1,35.2,Bangladesh,Mushfiqur Rahim,Mohammad Ashraful,SE Bond,0,0,,,,,,"",""
ball,1,35.3,Bangladesh,Mushfiqur Rahim,Mohammad Ashraful,SE Bond,0,0,,,,,,"",""
ball,1,35.4,Bangladesh,Mushfiqur Rahim,Mohammad Ashraful,SE Bond,0,0,,,,,,"",""
ball,1,35.5,Bangladesh,Mushfiqur Rahim,Mohammad Ashraful,SE Bond,0,0,,,,,,"",""
ball,1,35.6,Bangladesh,Mushfiqur Rahim,Mohammad Ashraful,SE Bond,0,0,,,,,,bowled,Mushfiqur Rahim
ball,1,36.1,Bangladesh,Mohammad Ashraful,Mashrafe Mortaza,CD McMillan,1,0,,,,,,"",""
ball,1,36.2,Bangladesh,Mashrafe Mortaza,Mohammad Ashraful,CD McMillan,0,0,,,,,,"",""
ball,1,36.3,Bangladesh,Mashrafe Mortaza,Mohammad Ashraful,CD McMillan,0,0,,,,,,"",""
ball,1,36.4,Bangladesh,Mashrafe Mortaza,Mohammad Ashraful,CD McMillan,0,0,,,,,,"",""
ball,1,36.5,Bangladesh,Mashrafe Mortaza,Mohammad Ashraful,CD McMillan,0,0,,,,,,"",""
ball,1,36.6,Bangladesh,Mashrafe Mortaza,Mohammad Ashraful,CD McMillan,1,0,,,,,,"",""
ball,1,37.1,Bangladesh,Mashrafe Mortaza,Mohammad Ashraful,SE Bond,0,0,,,,,,"",""
ball,1,37.2,Bangladesh,Mashrafe Mortaza,Mohammad Ashraful,SE Bond,0,0,,,,,,"",""
ball,1,37.3,Bangladesh,Mashrafe Mortaza,Mohammad Ashraful,SE Bond,0,0,,,,,,"",""
ball,1,37.4,Bangladesh,Mashrafe Mortaza,Mohammad Ashraful,SE Bond,0,0,,,,,,"",""
ball,1,37.5,Bangladesh,Mashrafe Mortaza,Mohammad Ashraful,SE Bond,0,0,,,,,,"",""
ball,1,37.6,Bangladesh,Mashrafe Mortaza,Mohammad Ashraful,SE Bond,0,0,,,,,,"",""
ball,1,38.1,Bangladesh,Mohammad Ashraful,Mashrafe Mortaza,SB Styris,0,0,,,,,,"",""
ball,1,38.2,Bangladesh,Mohammad Ashraful,Mashrafe Mortaza,SB Styris,0,0,,,,,,bowled,Mohammad Ashraful
ball,1,38.3,Bangladesh,Mohammad Rafique,Mashrafe Mortaza,SB Styris,0,0,,,,,,"",""
ball,1,38.4,Bangladesh,Mohammad Rafique,Mashrafe Mortaza,SB Styris,0,0,,,,,,"",""
ball,1,38.5,Bangladesh,Mohammad Rafique,Mashrafe Mortaza,SB Styris,0,0,,,,,,"",""
ball,1,38.6,Bangladesh,Mohammad Rafique,Mashrafe Mortaza,SB Styris,0,0,,,,,,"",""
ball,1,39.1,Bangladesh,Mashrafe Mortaza,Mohammad Rafique,SE Bond,1,0,,,,,,"",""
ball,1,39.2,Bangladesh,Mohammad Rafique,Mashrafe Mortaza,SE Bond,0,0,,,,,,"",""
ball,1,39.3,Bangladesh,Mohammad Rafique,Mashrafe Mortaza,SE Bond,0,0,,,,,,"",""
ball,1,39.4,Bangladesh,Mohammad Rafique,Mashrafe Mortaza,SE Bond,0,0,,,,,,"",""
ball,1,39.5,Bangladesh,Mohammad Rafique,Mashrafe Mortaza,SE Bond,1,0,,,,,,"",""
ball,1,39.6,Bangladesh,Mashrafe Mortaza,Mohammad Rafique,SE Bond,0,0,,,,,,"",""
ball,1,40.1,Bangladesh,Mohammad Rafique,Mashrafe Mortaza,SB Styris,6,0,,,,,,"",""
ball,1,40.2,Bangladesh,Mohammad Rafique,Mashrafe Mortaza,SB Styris,0,0,,,,,,"",""
ball,1,40.3,Bangladesh,Mohammad Rafique,Mashrafe Mortaza,SB Styris,0,0,,,,,,"",""
ball,1,40.4,Bangladesh,Mohammad Rafique,Mashrafe Mortaza,SB Styris,1,0,,,,,,"",""
ball,1,40.5,Bangladesh,Mashrafe Mortaza,Mohammad Rafique,SB Styris,0,0,,,,,,"",""
ball,1,40.6,Bangladesh,Mashrafe Mortaza,Mohammad Rafique,SB Styris,0,0,,,,,,"",""
ball,1,41.1,Bangladesh,Mohammad Rafique,Mashrafe Mortaza,SE Bond,0,0,,,,,,"",""
ball,1,41.2,Bangladesh,Mohammad Rafique,Mashrafe Mortaza,SE Bond,0,0,,,,,,"",""
ball,1,41.3,Bangladesh,Mohammad Rafique,Mashrafe Mortaza,SE Bond,2,0,,,,,,"",""
ball,1,41.4,Bangladesh,Mohammad Rafique,Mashrafe Mortaza,SE Bond,0,0,,,,,,"",""
ball,1,41.5,Bangladesh,Mohammad Rafique,Mashrafe Mortaza,SE Bond,0,0,,,,,,"",""
ball,1,41.6,Bangladesh,Mohammad Rafique,Mashrafe Mortaza,SE Bond,0,0,,,,,,"",""
ball,1,42.1,Bangladesh,Mashrafe Mortaza,Mohammad Rafique,SB Styris,0,0,,,,,,bowled,Mashrafe Mortaza
ball,1,42.2,Bangladesh,Abdur Razzak,Mohammad Rafique,SB Styris,0,0,,,,,,"",""
ball,1,42.3,Bangladesh,Abdur Razzak,Mohammad Rafique,SB Styris,0,0,,,,,,caught,Abdur Razzak
ball,1,42.4,Bangladesh,Mohammad Rafique,Syed Rasel,SB Styris,6,0,,,,,,"",""
ball,1,42.5,Bangladesh,Mohammad Rafique,Syed Rasel,SB Styris,0,0,,,,,,"",""
ball,1,42.6,Bangladesh,Mohammad Rafique,Syed Rasel,SB Styris,0,1,,,1,,,"",""
ball,1,43.1,Bangladesh,Mohammad Rafique,Syed Rasel,SE Bond,1,0,,,,,,"",""
ball,1,43.2,Bangladesh,Syed Rasel,Mohammad Rafique,SE Bond,0,0,,,,,,"",""
ball,1,43.3,Bangladesh,Syed Rasel,Mohammad Rafique,SE Bond,0,0,,,,,,"",""
ball,1,43.4,Bangladesh,Syed Rasel,Mohammad Rafique,SE Bond,1,0,,,,,,"",""
ball,1,43.5,Bangladesh,Mohammad Rafique,Syed Rasel,SE Bond,4,0,,,,,,"",""
ball,1,43.6,Bangladesh,Mohammad Rafique,Syed Rasel,SE Bond,0,0,,,,,,"",""
ball,1,44.1,Bangladesh,Syed Rasel,Mohammad Rafique,SB Styris,0,0,,,,,,"",""
ball,1,44.2,Bangladesh,Syed Rasel,Mohammad Rafique,SB Styris,0,0,,,,,,"",""
ball,1,44.3,Bangladesh,Syed Rasel,Mohammad Rafique,SB Styris,4,0,,,,,,"",""
ball,1,44.4,Bangladesh,Syed Rasel,Mohammad Rafique,SB Styris,0,0,,,,,,"",""
ball,1,44.5,Bangladesh,Syed Rasel,Mohammad Rafique,SB Styris,1,0,,,,,,"",""
ball,1,44.6,Bangladesh,Mohammad Rafique,Syed Rasel,SB Styris,1,0,,,,,,"",""
ball,1,45.1,Bangladesh,Mohammad Rafique,Syed Rasel,DL Vettori,0,0,,,,,,"",""
ball,1,45.2,Bangladesh,Mohammad Rafique,Syed Rasel,DL Vettori,1,0,,,,,,"",""
ball,1,45.3,Bangladesh,Syed Rasel,Mohammad Rafique,DL Vettori,0,0,,,,,,"",""
ball,1,45.4,Bangladesh,Syed Rasel,Mohammad Rafique,DL Vettori,1,0,,,,,,"",""
ball,1,45.5,Bangladesh,Mohammad Rafique,Syed Rasel,DL Vettori,0,2,,,,2,,"",""
ball,1,45.6,Bangladesh,Mohammad Rafique,Syed Rasel,DL Vettori,1,0,,,,,,"",""
ball,1,46.1,Bangladesh,Mohammad Rafique,Syed Rasel,JDP Oram,1,0,,,,,,"",""
ball,1,46.2,Bangladesh,Syed Rasel,Mohammad Rafique,JDP Oram,0,1,1,,,,,"",""
ball,1,46.3,Bangladesh,Syed Rasel,Mohammad Rafique,JDP Oram,1,0,,,,,,"",""
ball,1,46.4,Bangladesh,Mohammad Rafique,Syed Rasel,JDP Oram,1,0,,,,,,"",""
ball,1,46.5,Bangladesh,Syed Rasel,Mohammad Rafique,JDP Oram,0,0,,,,,,"",""
ball,1,46.6,Bangladesh,Syed Rasel,Mohammad Rafique,JDP Oram,1,0,,,,,,"",""
ball,1,46.7,Bangladesh,Mohammad Rafique,Syed Rasel,JDP Oram,1,0,,,,,,"",""
ball,1,47.1,Bangladesh,Mohammad Rafique,Syed Rasel,DL Vettori,0,0,,,,,,"",""
ball,1,47.2,Bangladesh,Mohammad Rafique,Syed Rasel,DL Vettori,1,0,,,,,,"",""
ball,1,47.3,Bangladesh,Syed Rasel,Mohammad Rafique,DL Vettori,0,0,,,,,,"",""
ball,1,47.4,Bangladesh,Syed Rasel,Mohammad Rafique,DL Vettori,1,0,,,,,,"",""
ball,1,47.5,Bangladesh,Mohammad Rafique,Syed Rasel,DL Vettori,1,0,,,,,,"",""
ball,1,47.6,Bangladesh,Syed Rasel,Mohammad Rafique,DL Vettori,0,0,,,,,,"",""
ball,1,48.1,Bangladesh,Mohammad Rafique,Syed Rasel,JDP Oram,1,0,,,,,,"",""
ball,1,48.2,Bangladesh,Syed Rasel,Mohammad Rafique,JDP Oram,0,0,,,,,,"",""
ball,1,48.3,Bangladesh,Syed Rasel,Mohammad Rafique,JDP Oram,0,0,,,,,,bowled,Syed Rasel
ball,2,0.1,New Zealand,PG Fulton,SP Fleming,Mashrafe Mortaza,0,0,,,,,,"",""
ball,2,0.2,New Zealand,PG Fulton,SP Fleming,Mashrafe Mortaza,0,1,1,,,,,"",""
ball,2,0.3,New Zealand,PG Fulton,SP Fleming,Mashrafe Mortaza,0,0,,,,,,"",""
ball,2,0.4,New Zealand,PG Fulton,SP Fleming,Mashrafe Mortaza,0,0,,,,,,"",""
ball,2,0.5,New Zealand,PG Fulton,SP Fleming,Mashrafe Mortaza,0,0,,,,,,"",""
ball,2,0.6,New Zealand,PG Fulton,SP Fleming,Mashrafe Mortaza,0,0,,,,,,"",""
ball,2,0.7,New Zealand,PG Fulton,SP Fleming,Mashrafe Mortaza,1,0,,,,,,"",""
ball,2,1.1,New Zealand,PG Fulton,SP Fleming,Syed Rasel,0,0,,,,,,"",""
ball,2,1.2,New Zealand,PG Fulton,SP Fleming,Syed Rasel,0,0,,,,,,"",""
ball,2,1.3,New Zealand,PG Fulton,SP Fleming,Syed Rasel,0,1,1,,,,,"",""
ball,2,1.4,New Zealand,PG Fulton,SP Fleming,Syed Rasel,0,0,,,,,,"",""
ball,2,1.5,New Zealand,PG Fulton,SP Fleming,Syed Rasel,0,0,,,,,,"",""
ball,2,1.6,New Zealand,PG Fulton,SP Fleming,Syed Rasel,4,0,,,,,,"",""
ball,2,1.7,New Zealand,PG Fulton,SP Fleming,Syed Rasel,0,0,,,,,,"",""
ball,2,2.1,New Zealand,SP Fleming,PG Fulton,Mashrafe Mortaza,1,0,,,,,,"",""
ball,2,2.2,New Zealand,PG Fulton,SP Fleming,Mashrafe Mortaza,0,0,,,,,,"",""
ball,2,2.3,New Zealand,PG Fulton,SP Fleming,Mashrafe Mortaza,0,0,,,,,,"",""
ball,2,2.4,New Zealand,PG Fulton,SP Fleming,Mashrafe Mortaza,0,0,,,,,,"",""
ball,2,2.5,New Zealand,PG Fulton,SP Fleming,Mashrafe Mortaza,0,0,,,,,,"",""
ball,2,2.6,New Zealand,PG Fulton,SP Fleming,Mashrafe Mortaza,0,0,,,,,,"",""
ball,2,3.1,New Zealand,SP Fleming,PG Fulton,Syed Rasel,0,0,,,,,,"",""
ball,2,3.2,New Zealand,SP Fleming,PG Fulton,Syed Rasel,0,1,1,,,,,"",""
ball,2,3.3,New Zealand,SP Fleming,PG Fulton,Syed Rasel,0,0,,,,,,"",""
ball,2,3.4,New Zealand,SP Fleming,PG Fulton,Syed Rasel,0,0,,,,,,"",""
ball,2,3.5,New Zealand,SP Fleming,PG Fulton,Syed Rasel,0,0,,,,,,"",""
ball,2,3.6,New Zealand,SP Fleming,PG Fulton,Syed Rasel,0,0,,,,,,"",""
ball,2,3.7,New Zealand,SP Fleming,PG Fulton,Syed Rasel,3,0,,,,,,"",""
ball,2,4.1,New Zealand,SP Fleming,PG Fulton,Mashrafe Mortaza,4,0,,,,,,"",""
ball,2,4.2,New Zealand,SP Fleming,PG Fulton,Mashrafe Mortaza,2,0,,,,,,"",""
ball,2,4.3,New Zealand,SP Fleming,PG Fulton,Mashrafe Mortaza,0,0,,,,,,"",""
ball,2,4.4,New Zealand,SP Fleming,PG Fulton,Mashrafe Mortaza,4,0,,,,,,"",""
ball,2,4.5,New Zealand,SP Fleming,PG Fulton,Mashrafe Mortaza,4,0,,,,,,"",""
ball,2,4.6,New Zealand,SP Fleming,PG Fulton,Mashrafe Mortaza,0,0,,,,,,"",""
ball,2,5.1,New Zealand,PG Fulton,SP Fleming,Syed Rasel,0,0,,,,,,"",""
ball,2,5.2,New Zealand,PG Fulton,SP Fleming,Syed Rasel,1,0,,,,,,"",""
ball,2,5.3,New Zealand,SP Fleming,PG Fulton,Syed Rasel,0,0,,,,,,"",""
ball,2,5.4,New Zealand,SP Fleming,PG Fulton,Syed Rasel,0,0,,,,,,"",""
ball,2,5.5,New Zealand,SP Fleming,PG Fulton,Syed Rasel,2,0,,,,,,"",""
ball,2,5.6,New Zealand,SP Fleming,PG Fulton,Syed Rasel,0,0,,,,,,"",""
ball,2,6.1,New Zealand,PG Fulton,SP Fleming,Mashrafe Mortaza,1,0,,,,,,"",""
ball,2,6.2,New Zealand,SP Fleming,PG Fulton,Mashrafe Mortaza,1,0,,,,,,"",""
ball,2,6.3,New Zealand,PG Fulton,SP Fleming,Mashrafe Mortaza,3,0,,,,,,"",""
ball,2,6.4,New Zealand,SP Fleming,PG Fulton,Mashrafe Mortaza,0,0,,,,,,"",""
ball,2,6.5,New Zealand,SP Fleming,PG Fulton,Mashrafe Mortaza,1,0,,,,,,"",""
ball,2,6.6,New Zealand,PG Fulton,SP Fleming,Mashrafe Mortaza,4,0,,,,,,"",""
ball,2,7.1,New Zealand,SP Fleming,PG Fulton,Syed Rasel,4,0,,,,,,"",""
ball,2,7.2,New Zealand,SP Fleming,PG Fulton,Syed Rasel,0,0,,,,,,"",""
ball,2,7.3,New Zealand,SP Fleming,PG Fulton,Syed Rasel,0,0,,,,,,"",""
ball,2,7.4,New Zealand,SP Fleming,PG Fulton,Syed Rasel,0,0,,,,,,"",""
ball,2,7.5,New Zealand,SP Fleming,PG Fulton,Syed Rasel,0,0,,,,,,"",""
ball,2,7.6,New Zealand,SP Fleming,PG Fulton,Syed Rasel,0,0,,,,,,"",""
ball,2,8.1,New Zealand,PG Fulton,SP Fleming,Abdur Razzak,0,0,,,,,,"",""
ball,2,8.2,New Zealand,PG Fulton,SP Fleming,Abdur Razzak,0,0,,,,,,"",""
ball,2,8.3,New Zealand,PG Fulton,SP Fleming,Abdur Razzak,0,0,,,,,,"",""
ball,2,8.4,New Zealand,PG Fulton,SP Fleming,Abdur Razzak,0,0,,,,,,"",""
ball,2,8.5,New Zealand,PG Fulton,SP Fleming,Abdur Razzak,0,0,,,,,,"",""
ball,2,8.6,New Zealand,PG Fulton,SP Fleming,Abdur Razzak,1,0,,,,,,"",""
ball,2,9.1,New Zealand,PG Fulton,SP Fleming,Syed Rasel,0,0,,,,,,"",""
ball,2,9.2,New Zealand,PG Fulton,SP Fleming,Syed Rasel,0,0,,,,,,caught,PG Fulton
ball,2,9.3,New Zealand,HJH Marshall,SP Fleming,Syed Rasel,1,0,,,,,,"",""
ball,2,9.4,New Zealand,SP Fleming,HJH Marshall,Syed Rasel,0,0,,,,,,"",""
ball,2,9.5,New Zealand,SP Fleming,HJH Marshall,Syed Rasel,2,0,,,,,,"",""
ball,2,9.6,New Zealand,SP Fleming,HJH Marshall,Syed Rasel,0,0,,,,,,"",""
ball,2,10.1,New Zealand,HJH Marshall,SP Fleming,Abdur Razzak,0,0,,,,,,"",""
ball,2,10.2,New Zealand,HJH Marshall,SP Fleming,Abdur Razzak,1,0,,,,,,"",""
ball,2,10.3,New Zealand,SP Fleming,HJH Marshall,Abdur Razzak,0,0,,,,,,"",""
ball,2,10.4,New Zealand,SP Fleming,HJH Marshall,Abdur Razzak,0,0,,,,,,"",""
ball,2,10.5,New Zealand,SP Fleming,HJH Marshall,Abdur Razzak,0,0,,,,,,"",""
ball,2,10.6,New Zealand,SP Fleming,HJH Marshall,Abdur Razzak,0,0,,,,,,"",""
ball,2,11.1,New Zealand,HJH Marshall,SP Fleming,Syed Rasel,0,0,,,,,,"",""
ball,2,11.2,New Zealand,HJH Marshall,SP Fleming,Syed Rasel,1,0,,,,,,"",""
ball,2,11.3,New Zealand,SP Fleming,HJH Marshall,Syed Rasel,0,0,,,,,,"",""
ball,2,11.4,New Zealand,SP Fleming,HJH Marshall,Syed Rasel,0,0,,,,,,"",""
ball,2,11.5,New Zealand,SP Fleming,HJH Marshall,Syed Rasel,0,0,,,,,,"",""
ball,2,11.6,New Zealand,SP Fleming,HJH Marshall,Syed Rasel,0,0,,,,,,"",""
ball,2,12.1,New Zealand,HJH Marshall,SP Fleming,Abdur Razzak,1,0,,,,,,"",""
ball,2,12.2,New Zealand,SP Fleming,HJH Marshall,Abdur Razzak,4,0,,,,,,"",""
ball,2,12.3,New Zealand,SP Fleming,HJH Marshall,Abdur Razzak,2,0,,,,,,"",""
ball,2,12.4,New Zealand,SP Fleming,HJH Marshall,Abdur Razzak,1,0,,,,,,"",""
ball,2,12.5,New Zealand,HJH Marshall,SP Fleming,Abdur Razzak,1,0,,,,,,"",""
ball,2,12.6,New Zealand,SP Fleming,HJH Marshall,Abdur Razzak,0,0,,,,,,"",""
ball,2,13.1,New Zealand,HJH Marshall,SP Fleming,Syed Rasel,0,0,,,,,,"",""
ball,2,13.2,New Zealand,HJH Marshall,SP Fleming,Syed Rasel,0,0,,,,,,"",""
ball,2,13.3,New Zealand,HJH Marshall,SP Fleming,Syed Rasel,0,0,,,,,,"",""
ball,2,13.4,New Zealand,HJH Marshall,SP Fleming,Syed Rasel,1,0,,,,,,"",""
ball,2,13.5,New Zealand,SP Fleming,HJH Marshall,Syed Rasel,1,0,,,,,,"",""
ball,2,13.6,New Zealand,HJH Marshall,SP Fleming,Syed Rasel,0,0,,,,,,"",""
ball,2,14.1,New Zealand,SP Fleming,HJH Marshall,Abdur Razzak,2,0,,,,,,"",""
ball,2,14.2,New Zealand,SP Fleming,HJH Marshall,Abdur Razzak,0,0,,,,,,"",""
ball,2,14.3,New Zealand,SP Fleming,HJH Marshall,Abdur Razzak,1,0,,,,,,"",""
ball,2,14.4,New Zealand,HJH Marshall,SP Fleming,Abdur Razzak,0,0,,,,,,"",""
ball,2,14.5,New Zealand,HJH Marshall,SP Fleming,Abdur Razzak,0,0,,,,,,"",""
ball,2,14.6,New Zealand,HJH Marshall,SP Fleming,Abdur Razzak,0,0,,,,,,"",""
ball,2,15.1,New Zealand,SP Fleming,HJH Marshall,Mashrafe Mortaza,0,0,,,,,,"",""
ball,2,15.2,New Zealand,SP Fleming,HJH Marshall,Mashrafe Mortaza,4,0,,,,,,"",""
ball,2,15.3,New Zealand,SP Fleming,HJH Marshall,Mashrafe Mortaza,0,0,,,,,,"",""
ball,2,15.4,New Zealand,SP Fleming,HJH Marshall,Mashrafe Mortaza,0,0,,,,,,"",""
ball,2,15.5,New Zealand,SP Fleming,HJH Marshall,Mashrafe Mortaza,1,0,,,,,,"",""
ball,2,15.6,New Zealand,HJH Marshall,SP Fleming,Mashrafe Mortaza,0,0,,,,,,"",""
ball,2,16.1,New Zealand,SP Fleming,HJH Marshall,Abdur Razzak,0,0,,,,,,"",""
ball,2,16.2,New Zealand,SP Fleming,HJH Marshall,Abdur Razzak,0,0,,,,,,"",""
ball,2,16.3,New Zealand,SP Fleming,HJH Marshall,Abdur Razzak,1,0,,,,,,"",""
ball,2,16.4,New Zealand,HJH Marshall,SP Fleming,Abdur Razzak,1,0,,,,,,"",""
ball,2,16.5,New Zealand,SP Fleming,HJH Marshall,Abdur Razzak,0,0,,,,,,"",""
ball,2,16.6,New Zealand,SP Fleming,HJH Marshall,Abdur Razzak,0,1,1,,,,,"",""
ball,2,16.7,New Zealand,SP Fleming,HJH Marshall,Abdur Razzak,0,0,,,,,,"",""
ball,2,17.1,New Zealand,HJH Marshall,SP Fleming,Mashrafe Mortaza,4,0,,,,,,"",""
ball,2,17.2,New Zealand,HJH Marshall,SP Fleming,Mashrafe Mortaza,1,0,,,,,,"",""
ball,2,17.3,New Zealand,SP Fleming,HJH Marshall,Mashrafe Mortaza,0,0,,,,,,"",""
ball,2,17.4,New Zealand,SP Fleming,HJH Marshall,Mashrafe Mortaza,0,0,,,,,,"",""
ball,2,17.5,New Zealand,SP Fleming,HJH Marshall,Mashrafe Mortaza,4,0,,,,,,"",""
ball,2,17.6,New Zealand,SP Fleming,HJH Marshall,Mashrafe Mortaza,0,0,,,,,,"",""
ball,2,18.1,New Zealand,HJH Marshall,SP Fleming,Abdur Razzak,0,0,,,,,,"",""
ball,2,18.2,New Zealand,HJH Marshall,SP Fleming,Abdur Razzak,0,0,,,,,,"",""
ball,2,18.3,New Zealand,HJH Marshall,SP Fleming,Abdur Razzak,1,0,,,,,,"",""
ball,2,18.4,New Zealand,SP Fleming,HJH Marshall,Abdur Razzak,0,0,,,,,,"",""
ball,2,18.5,New Zealand,SP Fleming,HJH Marshall,Abdur Razzak,1,0,,,,,,"",""
ball,2,18.6,New Zealand,HJH Marshall,SP Fleming,Abdur Razzak,1,0,,,,,,"",""
ball,2,19.1,New Zealand,HJH Marshall,SP Fleming,Mohammad Rafique,1,0,,,,,,"",""
ball,2,19.2,New Zealand,SP Fleming,HJH Marshall,Mohammad Rafique,1,0,,,,,,"",""
ball,2,19.3,New Zealand,HJH Marshall,SP Fleming,Mohammad Rafique,0,1,1,,,,,"",""
ball,2,19.4,New Zealand,HJH Marshall,SP Fleming,Mohammad Rafique,1,0,,,,,,"",""
ball,2,19.5,New Zealand,SP Fleming,HJH Marshall,Mohammad Rafique,4,0,,,,,,"",""
ball,2,19.6,New Zealand,SP Fleming,HJH Marshall,Mohammad Rafique,0,0,,,,,,"",""
ball,2,19.7,New Zealand,SP Fleming,HJH Marshall,Mohammad Rafique,0,0,,,,,,"",""
ball,2,20.1,New Zealand,HJH Marshall,SP Fleming,Abdur Razzak,1,0,,,,,,"",""
ball,2,20.2,New Zealand,SP Fleming,HJH Marshall,Abdur Razzak,1,0,,,,,,"",""
ball,2,20.3,New Zealand,HJH Marshall,SP Fleming,Abdur Razzak,1,0,,,,,,"",""
ball,2,20.4,New Zealand,SP Fleming,HJH Marshall,Abdur Razzak,1,0,,,,,,"",""
ball,2,20.5,New Zealand,HJH Marshall,SP Fleming,Abdur Razzak,1,0,,,,,,"",""
ball,2,20.6,New Zealand,SP Fleming,HJH Marshall,Abdur Razzak,2,0,,,,,,"",""
ball,2,21.1,New Zealand,HJH Marshall,SP Fleming,Mohammad Rafique,0,0,,,,,,"",""
ball,2,21.2,New Zealand,HJH Marshall,SP Fleming,Mohammad Rafique,0,0,,,,,,"",""
ball,2,21.3,New Zealand,HJH Marshall,SP Fleming,Mohammad Rafique,1,0,,,,,,"",""
ball,2,21.4,New Zealand,SP Fleming,HJH Marshall,Mohammad Rafique,0,0,,,,,,"",""
ball,2,21.5,New Zealand,SP Fleming,HJH Marshall,Mohammad Rafique,1,0,,,,,,"",""
ball,2,21.6,New Zealand,HJH Marshall,SP Fleming,Mohammad Rafique,1,0,,,,,,"",""
ball,2,22.1,New Zealand,HJH Marshall,SP Fleming,Shakib Al Hasan,1,0,,,,,,"",""
ball,2,22.2,New Zealand,SP Fleming,HJH Marshall,Shakib Al Hasan,1,0,,,,,,"",""
ball,2,22.3,New Zealand,HJH Marshall,SP Fleming,Shakib Al Hasan,0,0,,,,,,"",""
ball,2,22.4,New Zealand,HJH Marshall,SP Fleming,Shakib Al Hasan,1,0,,,,,,"",""
ball,2,22.5,New Zealand,SP Fleming,HJH Marshall,Shakib Al Hasan,0,0,,,,,,"",""
ball,2,22.6,New Zealand,SP Fleming,HJH Marshall,Shakib Al Hasan,1,0,,,,,,"",""
ball,2,23.1,New Zealand,SP Fleming,HJH Marshall,Mohammad Rafique,2,0,,,,,,"",""
ball,2,23.2,New Zealand,SP Fleming,HJH Marshall,Mohammad Rafique,1,0,,,,,,"",""
ball,2,23.3,New Zealand,HJH Marshall,SP Fleming,Mohammad Rafique,0,0,,,,,,"",""
ball,2,23.4,New Zealand,HJH Marshall,SP Fleming,Mohammad Rafique,1,0,,,,,,"",""
ball,2,23.5,New Zealand,SP Fleming,HJH Marshall,Mohammad Rafique,4,0,,,,,,"",""
ball,2,23.6,New Zealand,SP Fleming,HJH Marshall,Mohammad Rafique,0,0,,,,,,"",""
ball,2,24.1,New Zealand,HJH Marshall,SP Fleming,Shakib Al Hasan,2,0,,,,,,"",""
ball,2,24.2,New Zealand,HJH Marshall,SP Fleming,Shakib Al Hasan,3,0,,,,,,"",""
ball,2,24.3,New Zealand,SP Fleming,HJH Marshall,Shakib Al Hasan,0,0,,,,,,"",""
ball,2,24.4,New Zealand,SP Fleming,HJH Marshall,Shakib Al Hasan,6,0,,,,,,"",""
ball,2,24.5,New Zealand,SP Fleming,HJH Marshall,Shakib Al Hasan,1,0,,,,,,"",""
ball,2,24.6,New Zealand,HJH Marshall,SP Fleming,Shakib Al Hasan,1,0,,,,,,"",""
ball,2,25.1,New Zealand,HJH Marshall,SP Fleming,Mohammad Rafique,0,5,5,,,,,"",""
ball,2,25.2,New Zealand,HJH Marshall,SP Fleming,Mohammad Rafique,0,0,,,,,,"",""
ball,2,25.3,New Zealand,HJH Marshall,SP Fleming,Mohammad Rafique,1,0,,,,,,"",""
ball,2,25.4,New Zealand,SP Fleming,HJH Marshall,Mohammad Rafique,1,0,,,,,,"",""
ball,2,25.5,New Zealand,HJH Marshall,SP Fleming,Mohammad Rafique,0,0,,,,,,"",""
ball,2,25.6,New Zealand,HJH Marshall,SP Fleming,Mohammad Rafique,0,0,,,,,,"",""
ball,2,25.7,New Zealand,HJH Marshall,SP Fleming,Mohammad Rafique,4,0,,,,,,"",""
ball,2,26.1,New Zealand,SP Fleming,HJH Marshall,Shakib Al Hasan,1,0,,,,,,"",""
ball,2,26.2,New Zealand,HJH Marshall,SP Fleming,Shakib Al Hasan,2,0,,,,,,"",""
ball,2,26.3,New Zealand,HJH Marshall,SP Fleming,Shakib Al Hasan,1,0,,,,,,"",""
ball,2,26.4,New Zealand,SP Fleming,HJH Marshall,Shakib Al Hasan,6,0,,,,,,"",""
ball,2,26.5,New Zealand,SP Fleming,HJH Marshall,Shakib Al Hasan,6,0,,,,,,"",""
ball,2,26.6,New Zealand,SP Fleming,HJH Marshall,Shakib Al Hasan,0,0,,,,,,"",""
ball,2,27.1,New Zealand,HJH Marshall,SP Fleming,Mohammad Rafique,1,0,,,,,,"",""
ball,2,27.2,New Zealand,SP Fleming,HJH Marshall,Mohammad Rafique,1,0,,,,,,"",""
ball,2,27.3,New Zealand,HJH Marshall,SP Fleming,Mohammad Rafique,1,0,,,,,,"",""
ball,2,27.4,New Zealand,SP Fleming,HJH Marshall,Mohammad Rafique,1,0,,,,,,"",""
ball,2,27.5,New Zealand,HJH Marshall,SP Fleming,Mohammad Rafique,2,0,,,,,,"",""
ball,2,27.6,New Zealand,HJH Marshall,SP Fleming,Mohammad Rafique,1,0,,,,,,"",""
ball,2,28.1,New Zealand,HJH Marshall,SP Fleming,Abdur Razzak,0,0,,,,,,"",""
ball,2,28.2,New Zealand,HJH Marshall,SP Fleming,Abdur Razzak,0,1,1,,,,,"",""
ball,2,28.3,New Zealand,HJH Marshall,SP Fleming,Abdur Razzak,1,0,,,,,,"",""
ball,2,28.4,New Zealand,SP Fleming,HJH Marshall,Abdur Razzak,2,0,,,,,,"",""
ball,2,28.5,New Zealand,SP Fleming,HJH Marshall,Abdur Razzak,2,0,,,,,,"",""
ball,2,28.6,New Zealand,SP Fleming,HJH Marshall,Abdur Razzak,4,0,,,,,,"",""
ball,2,28.7,New Zealand,SP Fleming,HJH Marshall,Abdur Razzak,1,0,,,,,,"",""
ball,2,29.1,New Zealand,SP Fleming,HJH Marshall,Mohammad Ashraful,1,0,,,,,,"",""
ball,2,29.2,New Zealand,HJH Marshall,SP Fleming,Mohammad Ashraful,6,0,,,,,,"",""
