version,1.6.0
info,balls_per_over,6
info,team,West Indies
info,team,Sri Lanka
info,gender,male
info,season,2006/07
info,date,2007/04/01
info,event,ICC World Cup
info,match_number,30
info,venue,Providence Stadium
info,city,Guyana
info,toss_winner,West Indies
info,toss_decision,field
info,player_of_match,ST Jayasuriya
info,umpire,MR Benson
info,umpire,DJ Harper
info,reserve_umpire,SA Bucknor
info,tv_umpire,SJA Taufel
info,match_referee,JJ Crowe
info,winner,Sri Lanka
info,winner_runs,113
info,player,Sri Lanka,WU Tharanga
info,player,Sri Lanka,ST Jayasuriya
info,player,Sri Lanka,KC Sangakkara
info,player,Sri Lanka,DPMD Jayawardene
info,player,Sri Lanka,LPC Silva
info,player,Sri Lanka,TM Dilshan
info,player,Sri Lanka,RP Arnold
info,player,Sri Lanka,CRD Fernando
info,player,Sri Lanka,WPUJC Vaas
info,player,Sri Lanka,SL Malinga
info,player,Sri Lanka,M Muralitharan
info,player,West Indies,CH Gayle
info,player,West Indies,DJ Bravo
info,player,West Indies,S Chanderpaul
info,player,West Indies,BC Lara
info,player,West Indies,RR Sarwan
info,player,West Indies,MN Samuels
info,player,West Indies,DR Smith
info,player,West Indies,D Ramdin
info,player,West Indies,IDR Bradshaw
info,player,West Indies,JE Taylor
info,player,West Indies,DBL Powell
info,registry,people,BC Lara,d5403021
info,registry,people,CH Gayle,db584dad
info,registry,people,CRD Fernando,342d8ade
info,registry,people,D Ramdin,d1523761
info,registry,people,DBL Powell,83904270
info,registry,people,DJ Bravo,87e562a9
info,registry,people,DJ Harper,0ec08b27
info,registry,people,DPMD Jayawardene,d18f9182
info,registry,people,DR Smith,35205dfc
info,registry,people,IDR Bradshaw,a7489342
info,registry,people,JE Taylor,4180d897
info,registry,people,JJ Crowe,2e760301
info,registry,people,KC Sangakkara,6b71e6cf
info,registry,people,LPC Silva,1be70c88
info,registry,people,M Muralitharan,4ba44e19
info,registry,people,MN Samuels,f846de6a
info,registry,people,MR Benson,790e14d3
info,registry,people,RP Arnold,cccdde80
info,registry,people,RR Sarwan,36d33dd0
info,registry,people,S Chanderpaul,881a9bdd
info,registry,people,SA Bucknor,2ad22b51
info,registry,people,SJA Taufel,4b43d5ac
info,registry,people,SL Malinga,a12e1d51
info,registry,people,ST Jayasuriya,f233bbb4
info,registry,people,TM Dilshan,5bdcdb72
info,registry,people,WPUJC Vaas,bcce309e
info,registry,people,WU Tharanga,7ed9fd56
ball,1,0.1,Sri Lanka,WU Tharanga,ST Jayasuriya,JE Taylor,0,0,,,,,,"",""
ball,1,0.2,Sri Lanka,WU Tharanga,ST Jayasuriya,JE Taylor,1,0,,,,,,"",""
ball,1,0.3,Sri Lanka,ST Jayasuriya,WU Tharanga,JE Taylor,0,0,,,,,,"",""
ball,1,0.4,Sri Lanka,ST Jayasuriya,WU Tharanga,JE Taylor,0,1,1,,,,,"",""
ball,1,0.5,Sri Lanka,ST Jayasuriya,WU Tharanga,JE Taylor,0,1,1,,,,,"",""
ball,1,0.6,Sri Lanka,ST Jayasuriya,WU Tharanga,JE Taylor,1,0,,,,,,"",""
ball,1,0.7,Sri Lanka,WU Tharanga,ST Jayasuriya,JE Taylor,0,0,,,,,,"",""
ball,1,0.8,Sri Lanka,WU Tharanga,ST Jayasuriya,JE Taylor,0,0,,,,,,"",""
ball,1,1.1,Sri Lanka,ST Jayasuriya,WU Tharanga,DBL Powell,0,1,1,,,,,"",""
ball,1,1.2,Sri Lanka,ST Jayasuriya,WU Tharanga,DBL Powell,0,0,,,,,,"",""
ball,1,1.3,Sri Lanka,ST Jayasuriya,WU Tharanga,DBL Powell,1,0,,,,,,"",""
ball,1,1.4,Sri Lanka,WU Tharanga,ST Jayasuriya,DBL Powell,1,0,,,,,,"",""
ball,1,1.5,Sri Lanka,ST Jayasuriya,WU Tharanga,DBL Powell,0,0,,,,,,"",""
ball,1,1.6,Sri Lanka,ST Jayasuriya,WU Tharanga,DBL Powell,0,0,,,,,,"",""
ball,1,1.7,Sri Lanka,ST Jayasuriya,WU Tharanga,DBL Powell,0,0,,,,,,"",""
ball,1,2.1,Sri Lanka,WU Tharanga,ST Jayasuriya,JE Taylor,0,0,,,,,,"",""
ball,1,2.2,Sri Lanka,WU Tharanga,ST Jayasuriya,JE Taylor,1,0,,,,,,"",""
ball,1,2.3,Sri Lanka,ST Jayasuriya,WU Tharanga,JE Taylor,1,0,,,,,,"",""
ball,1,2.4,Sri Lanka,WU Tharanga,ST Jayasuriya,JE Taylor,0,0,,,,,,"",""
ball,1,2.5,Sri Lanka,WU Tharanga,ST Jayasuriya,JE Taylor,0,0,,,,,,"",""
ball,1,2.6,Sri Lanka,WU Tharanga,ST Jayasuriya,JE Taylor,0,0,,,,,,"",""
ball,1,3.1,Sri Lanka,ST Jayasuriya,WU Tharanga,DBL Powell,1,0,,,,,,"",""
ball,1,3.2,Sri Lanka,WU Tharanga,ST Jayasuriya,DBL Powell,0,0,,,,,,"",""
ball,1,3.3,Sri Lanka,WU Tharanga,ST Jayasuriya,DBL Powell,0,0,,,,,,"",""
ball,1,3.4,Sri Lanka,WU Tharanga,ST Jayasuriya,DBL Powell,0,1,,1,,,,"",""
ball,1,3.5,Sri Lanka,WU Tharanga,ST Jayasuriya,DBL Powell,0,0,,,,,,"",""
ball,1,3.6,Sri Lanka,WU Tharanga,ST Jayasuriya,DBL Powell,0,0,,,,,,"",""
ball,1,3.7,Sri Lanka,WU Tharanga,ST Jayasuriya,DBL Powell,0,0,,,,,,"",""
ball,1,4.1,Sri Lanka,ST Jayasuriya,WU Tharanga,JE Taylor,0,0,,,,,,"",""
ball,1,4.2,Sri Lanka,ST Jayasuriya,WU Tharanga,JE Taylor,1,0,,,,,,"",""
ball,1,4.3,Sri Lanka,WU Tharanga,ST Jayasuriya,JE Taylor,0,0,,,,,,"",""
ball,1,4.4,Sri Lanka,WU Tharanga,ST Jayasuriya,JE Taylor,0,1,1,,,,,"",""
ball,1,4.5,Sri Lanka,WU Tharanga,ST Jayasuriya,JE Taylor,0,0,,,,,,"",""
ball,1,4.6,Sri Lanka,WU Tharanga,ST Jayasuriya,JE Taylor,1,0,,,,,,"",""
ball,1,4.7,Sri Lanka,ST Jayasuriya,WU Tharanga,JE Taylor,0,0,,,,,,"",""
ball,1,5.1,Sri Lanka,WU Tharanga,ST Jayasuriya,DBL Powell,0,0,,,,,,"",""
ball,1,5.2,Sri Lanka,WU Tharanga,ST Jayasuriya,DBL Powell,0,0,,,,,,"",""
ball,1,5.3,Sri Lanka,WU Tharanga,ST Jayasuriya,DBL Powell,4,0,,,,,,"",""
ball,1,5.4,Sri Lanka,WU Tharanga,ST Jayasuriya,DBL Powell,0,0,,,,,,"",""
ball,1,5.5,Sri Lanka,WU Tharanga,ST Jayasuriya,DBL Powell,0,0,,,,,,bowled,WU Tharanga
ball,1,5.6,Sri Lanka,KC Sangakkara,ST Jayasuriya,DBL Powell,0,0,,,,,,"",""
ball,1,6.1,Sri Lanka,ST Jayasuriya,KC Sangakkara,JE Taylor,0,0,,,,,,"",""
ball,1,6.2,Sri Lanka,ST Jayasuriya,KC Sangakkara,JE Taylor,2,0,,,,,,"",""
ball,1,6.3,Sri Lanka,ST Jayasuriya,KC Sangakkara,JE Taylor,0,0,,,,,,"",""
ball,1,6.4,Sri Lanka,ST Jayasuriya,KC Sangakkara,JE Taylor,4,0,,,,,,"",""
ball,1,6.5,Sri Lanka,ST Jayasuriya,KC Sangakkara,JE Taylor,0,1,1,,,,,"",""
ball,1,6.6,Sri Lanka,ST Jayasuriya,KC Sangakkara,JE Taylor,0,1,,,,1,,"",""
ball,1,6.7,Sri Lanka,KC Sangakkara,ST Jayasuriya,JE Taylor,0,0,,,,,,"",""
ball,1,7.1,Sri Lanka,ST Jayasuriya,KC Sangakkara,DBL Powell,0,0,,,,,,"",""
ball,1,7.2,Sri Lanka,ST Jayasuriya,KC Sangakkara,DBL Powell,1,0,,,,,,"",""
ball,1,7.3,Sri Lanka,KC Sangakkara,ST Jayasuriya,DBL Powell,0,0,,,,,,"",""
ball,1,7.4,Sri Lanka,KC Sangakkara,ST Jayasuriya,DBL Powell,0,0,,,,,,"",""
ball,1,7.5,Sri Lanka,KC Sangakkara,ST Jayasuriya,DBL Powell,0,1,1,,,,,"",""
ball,1,7.6,Sri Lanka,KC Sangakkara,ST Jayasuriya,DBL Powell,0,0,,,,,,"",""
ball,1,7.7,Sri Lanka,KC Sangakkara,ST Jayasuriya,DBL Powell,1,0,,,,,,"",""
ball,1,8.1,Sri Lanka,KC Sangakkara,ST Jayasuriya,IDR Bradshaw,0,0,,,,,,"",""
ball,1,8.2,Sri Lanka,KC Sangakkara,ST Jayasuriya,IDR Bradshaw,2,0,,,,,,"",""
ball,1,8.3,Sri Lanka,KC Sangakkara,ST Jayasuriya,IDR Bradshaw,4,0,,,,,,"",""
ball,1,8.4,Sri Lanka,KC Sangakkara,ST Jayasuriya,IDR Bradshaw,0,0,,,,,,caught,KC Sangakkara
ball,1,8.5,Sri Lanka,DPMD Jayawardene,ST Jayasuriya,IDR Bradshaw,0,1,,1,,,,"",""
ball,1,8.6,Sri Lanka,DPMD Jayawardene,ST Jayasuriya,IDR Bradshaw,0,0,,,,,,"",""
ball,1,8.7,Sri Lanka,DPMD Jayawardene,ST Jayasuriya,IDR Bradshaw,1,0,,,,,,"",""
ball,1,9.1,Sri Lanka,DPMD Jayawardene,ST Jayasuriya,DBL Powell,0,0,,,,,,"",""
ball,1,9.2,Sri Lanka,DPMD Jayawardene,ST Jayasuriya,DBL Powell,0,0,,,,,,"",""
ball,1,9.3,Sri Lanka,DPMD Jayawardene,ST Jayasuriya,DBL Powell,0,0,,,,,,"",""
ball,1,9.4,Sri Lanka,DPMD Jayawardene,ST Jayasuriya,DBL Powell,0,0,,,,,,"",""
ball,1,9.5,Sri Lanka,DPMD Jayawardene,ST Jayasuriya,DBL Powell,0,0,,,,,,"",""
ball,1,9.6,Sri Lanka,DPMD Jayawardene,ST Jayasuriya,DBL Powell,0,0,,,,,,"",""
ball,1,10.1,Sri Lanka,ST Jayasuriya,DPMD Jayawardene,IDR Bradshaw,0,0,,,,,,"",""
ball,1,10.2,Sri Lanka,ST Jayasuriya,DPMD Jayawardene,IDR Bradshaw,0,0,,,,,,"",""
ball,1,10.3,Sri Lanka,ST Jayasuriya,DPMD Jayawardene,IDR Bradshaw,0,0,,,,,,"",""
ball,1,10.4,Sri Lanka,ST Jayasuriya,DPMD Jayawardene,IDR Bradshaw,0,1,1,,,,,"",""
ball,1,10.5,Sri Lanka,ST Jayasuriya,DPMD Jayawardene,IDR Bradshaw,1,0,,,,,,"",""
ball,1,10.6,Sri Lanka,DPMD Jayawardene,ST Jayasuriya,IDR Bradshaw,0,0,,,,,,"",""
ball,1,10.7,Sri Lanka,DPMD Jayawardene,ST Jayasuriya,IDR Bradshaw,1,0,,,,,,"",""
ball,1,11.1,Sri Lanka,DPMD Jayawardene,ST Jayasuriya,DBL Powell,0,0,,,,,,"",""
ball,1,11.2,Sri Lanka,DPMD Jayawardene,ST Jayasuriya,DBL Powell,1,0,,,,,,"",""
ball,1,11.3,Sri Lanka,ST Jayasuriya,DPMD Jayawardene,DBL Powell,0,0,,,,,,"",""
ball,1,11.4,Sri Lanka,ST Jayasuriya,DPMD Jayawardene,DBL Powell,0,0,,,,,,"",""
ball,1,11.5,Sri Lanka,ST Jayasuriya,DPMD Jayawardene,DBL Powell,0,0,,,,,,"",""
ball,1,11.6,Sri Lanka,ST Jayasuriya,DPMD Jayawardene,DBL Powell,0,0,,,,,,"",""
ball,1,12.1,Sri Lanka,DPMD Jayawardene,ST Jayasuriya,IDR Bradshaw,0,0,,,,,,"",""
ball,1,12.2,Sri Lanka,DPMD Jayawardene,ST Jayasuriya,IDR Bradshaw,0,0,,,,,,"",""
ball,1,12.3,Sri Lanka,DPMD Jayawardene,ST Jayasuriya,IDR Bradshaw,0,0,,,,,,"",""
ball,1,12.4,Sri Lanka,DPMD Jayawardene,ST Jayasuriya,IDR Bradshaw,0,0,,,,,,"",""
ball,1,12.5,Sri Lanka,DPMD Jayawardene,ST Jayasuriya,IDR Bradshaw,0,0,,,,,,"",""
ball,1,12.6,Sri Lanka,DPMD Jayawardene,ST Jayasuriya,IDR Bradshaw,1,0,,,,,,"",""
ball,1,13.1,Sri Lanka,DPMD Jayawardene,ST Jayasuriya,DR Smith,0,0,,,,,,"",""
ball,1,13.2,Sri Lanka,DPMD Jayawardene,ST Jayasuriya,DR Smith,1,0,,,,,,"",""
ball,1,13.3,Sri Lanka,ST Jayasuriya,DPMD Jayawardene,DR Smith,1,0,,,,,,"",""
ball,1,13.4,Sri Lanka,DPMD Jayawardene,ST Jayasuriya,DR Smith,0,1,,,,1,,"",""
ball,1,13.5,Sri Lanka,ST Jayasuriya,DPMD Jayawardene,DR Smith,0,0,,,,,,"",""
ball,1,13.6,Sri Lanka,ST Jayasuriya,DPMD Jayawardene,DR Smith,0,0,,,,,,"",""
ball,1,14.1,Sri Lanka,DPMD Jayawardene,ST Jayasuriya,IDR Bradshaw,0,0,,,,,,"",""
ball,1,14.2,Sri Lanka,DPMD Jayawardene,ST Jayasuriya,IDR Bradshaw,0,0,,,,,,"",""
ball,1,14.3,Sri Lanka,DPMD Jayawardene,ST Jayasuriya,IDR Bradshaw,5,0,,,,,,"",""
ball,1,14.4,Sri Lanka,ST Jayasuriya,DPMD Jayawardene,IDR Bradshaw,0,0,,,,,,"",""
ball,1,14.5,Sri Lanka,ST Jayasuriya,DPMD Jayawardene,IDR Bradshaw,0,0,,,,,,"",""
ball,1,14.6,Sri Lanka,ST Jayasuriya,DPMD Jayawardene,IDR Bradshaw,0,0,,,,,,"",""
ball,1,15.1,Sri Lanka,DPMD Jayawardene,ST Jayasuriya,DR Smith,0,0,,,,,,"",""
ball,1,15.2,Sri Lanka,DPMD Jayawardene,ST Jayasuriya,DR Smith,0,0,,,,,,"",""
ball,1,15.3,Sri Lanka,DPMD Jayawardene,ST Jayasuriya,DR Smith,0,0,,,,,,"",""
ball,1,15.4,Sri Lanka,DPMD Jayawardene,ST Jayasuriya,DR Smith,0,0,,,,,,"",""
ball,1,15.5,Sri Lanka,DPMD Jayawardene,ST Jayasuriya,DR Smith,0,0,,,,,,"",""
ball,1,15.6,Sri Lanka,DPMD Jayawardene,ST Jayasuriya,DR Smith,3,0,,,,,,"",""
ball,1,16.1,Sri Lanka,DPMD Jayawardene,ST Jayasuriya,IDR Bradshaw,0,0,,,,,,"",""
ball,1,16.2,Sri Lanka,DPMD Jayawardene,ST Jayasuriya,IDR Bradshaw,0,0,,,,,,"",""
ball,1,16.3,Sri Lanka,DPMD Jayawardene,ST Jayasuriya,IDR Bradshaw,3,0,,,,,,"",""
ball,1,16.4,Sri Lanka,ST Jayasuriya,DPMD Jayawardene,IDR Bradshaw,4,0,,,,,,"",""
ball,1,16.5,Sri Lanka,ST Jayasuriya,DPMD Jayawardene,IDR Bradshaw,4,0,,,,,,"",""
ball,1,16.6,Sri Lanka,ST Jayasuriya,DPMD Jayawardene,IDR Bradshaw,1,0,,,,,,"",""
ball,1,17.1,Sri Lanka,ST Jayasuriya,DPMD Jayawardene,DR Smith,4,0,,,,,,"",""
ball,1,17.2,Sri Lanka,ST Jayasuriya,DPMD Jayawardene,DR Smith,0,0,,,,,,"",""
ball,1,17.3,Sri Lanka,ST Jayasuriya,DPMD Jayawardene,DR Smith,6,0,,,,,,"",""
ball,1,17.4,Sri Lanka,ST Jayasuriya,DPMD Jayawardene,DR Smith,0,0,,,,,,"",""
ball,1,17.5,Sri Lanka,ST Jayasuriya,DPMD Jayawardene,DR Smith,4,0,,,,,,"",""
ball,1,17.6,Sri Lanka,ST Jayasuriya,DPMD Jayawardene,DR Smith,4,0,,,,,,"",""
ball,1,18.1,Sri Lanka,DPMD Jayawardene,ST Jayasuriya,JE Taylor,0,0,,,,,,"",""
ball,1,18.2,Sri Lanka,DPMD Jayawardene,ST Jayasuriya,JE Taylor,0,0,,,,,,"",""
ball,1,18.3,Sri Lanka,DPMD Jayawardene,ST Jayasuriya,JE Taylor,0,0,,,,,,"",""
ball,1,18.4,Sri Lanka,DPMD Jayawardene,ST Jayasuriya,JE Taylor,0,0,,,,,,"",""
ball,1,18.5,Sri Lanka,DPMD Jayawardene,ST Jayasuriya,JE Taylor,0,0,,,,,,"",""
ball,1,18.6,Sri Lanka,DPMD Jayawardene,ST Jayasuriya,JE Taylor,0,0,,,,,,"",""
ball,1,19.1,Sri Lanka,ST Jayasuriya,DPMD Jayawardene,CH Gayle,0,0,,,,,,"",""
ball,1,19.2,Sri Lanka,ST Jayasuriya,DPMD Jayawardene,CH Gayle,4,0,,,,,,"",""
ball,1,19.3,Sri Lanka,ST Jayasuriya,DPMD Jayawardene,CH Gayle,2,0,,,,,,"",""
ball,1,19.4,Sri Lanka,ST Jayasuriya,DPMD Jayawardene,CH Gayle,2,0,,,,,,"",""
ball,1,19.5,Sri Lanka,ST Jayasuriya,DPMD Jayawardene,CH Gayle,0,1,1,,,,,"",""
ball,1,19.6,Sri Lanka,ST Jayasuriya,DPMD Jayawardene,CH Gayle,1,0,,,,,,"",""
ball,1,19.7,Sri Lanka,DPMD Jayawardene,ST Jayasuriya,CH Gayle,0,0,,,,,,"",""
ball,1,20.1,Sri Lanka,ST Jayasuriya,DPMD Jayawardene,JE Taylor,1,0,,,,,,"",""
ball,1,20.2,Sri Lanka,DPMD Jayawardene,ST Jayasuriya,JE Taylor,0,0,,,,,,"",""
ball,1,20.3,Sri Lanka,DPMD Jayawardene,ST Jayasuriya,JE Taylor,1,0,,,,,,"",""
ball,1,20.4,Sri Lanka,ST Jayasuriya,DPMD Jayawardene,JE Taylor,0,0,,,,,,"",""
ball,1,20.5,Sri Lanka,ST Jayasuriya,DPMD Jayawardene,JE Taylor,2,0,,,,,,"",""
ball,1,20.6,Sri Lanka,ST Jayasuriya,DPMD Jayawardene,JE Taylor,0,0,,,,,,"",""
ball,1,21.1,Sri Lanka,DPMD Jayawardene,ST Jayasuriya,DJ Bravo,2,0,,,,,,"",""
ball,1,21.2,Sri Lanka,DPMD Jayawardene,ST Jayasuriya,DJ Bravo,0,0,,,,,,"",""
ball,1,21.3,Sri Lanka,DPMD Jayawardene,ST Jayasuriya,DJ Bravo,0,0,,,,,,"",""
ball,1,21.4,Sri Lanka,DPMD Jayawardene,ST Jayasuriya,DJ Bravo,0,1,1,,,,,"",""
ball,1,21.5,Sri Lanka,DPMD Jayawardene,ST Jayasuriya,DJ Bravo,1,0,,,,,,"",""
ball,1,21.6,Sri Lanka,ST Jayasuriya,DPMD Jayawardene,DJ Bravo,0,0,,,,,,"",""
ball,1,21.7,Sri Lanka,ST Jayasuriya,DPMD Jayawardene,DJ Bravo,0,1,1,,,,,"",""
ball,1,21.8,Sri Lanka,ST Jayasuriya,DPMD Jayawardene,DJ Bravo,0,0,,,,,,"",""
ball,1,22.1,Sri Lanka,DPMD Jayawardene,ST Jayasuriya,JE Taylor,0,0,,,,,,"",""
ball,1,22.2,Sri Lanka,DPMD Jayawardene,ST Jayasuriya,JE Taylor,0,0,,,,,,"",""
ball,1,22.3,Sri Lanka,DPMD Jayawardene,ST Jayasuriya,JE Taylor,2,0,,,,,,"",""
ball,1,22.4,Sri Lanka,DPMD Jayawardene,ST Jayasuriya,JE Taylor,0,0,,,,,,"",""
ball,1,22.5,Sri Lanka,DPMD Jayawardene,ST Jayasuriya,JE Taylor,0,0,,,,,,"",""
ball,1,22.6,Sri Lanka,DPMD Jayawardene,ST Jayasuriya,JE Taylor,1,0,,,,,,"",""
ball,1,23.1,Sri Lanka,DPMD Jayawardene,ST Jayasuriya,DJ Bravo,0,0,,,,,,"",""
ball,1,23.2,Sri Lanka,DPMD Jayawardene,ST Jayasuriya,DJ Bravo,1,0,,,,,,"",""
ball,1,23.3,Sri Lanka,ST Jayasuriya,DPMD Jayawardene,DJ Bravo,1,0,,,,,,"",""
ball,1,23.4,Sri Lanka,DPMD Jayawardene,ST Jayasuriya,DJ Bravo,1,0,,,,,,"",""
ball,1,23.5,Sri Lanka,ST Jayasuriya,DPMD Jayawardene,DJ Bravo,1,0,,,,,,"",""
ball,1,23.6,Sri Lanka,DPMD Jayawardene,ST Jayasuriya,DJ Bravo,3,0,,,,,,"",""
ball,1,24.1,Sri Lanka,DPMD Jayawardene,ST Jayasuriya,JE Taylor,0,0,,,,,,"",""
ball,1,24.2,Sri Lanka,DPMD Jayawardene,ST Jayasuriya,JE Taylor,1,0,,,,,,"",""
ball,1,24.3,Sri Lanka,ST Jayasuriya,DPMD Jayawardene,JE Taylor,6,0,,,,,,"",""
ball,1,24.4,Sri Lanka,ST Jayasuriya,DPMD Jayawardene,JE Taylor,1,0,,,,,,"",""
ball,1,24.5,Sri Lanka,DPMD Jayawardene,ST Jayasuriya,JE Taylor,0,0,,,,,,"",""
ball,1,24.6,Sri Lanka,DPMD Jayawardene,ST Jayasuriya,JE Taylor,1,0,,,,,,"",""
ball,1,25.1,Sri Lanka,DPMD Jayawardene,ST Jayasuriya,DJ Bravo,1,0,,,,,,"",""
ball,1,25.2,Sri Lanka,ST Jayasuriya,DPMD Jayawardene,DJ Bravo,0,0,,,,,,"",""
ball,1,25.3,Sri Lanka,ST Jayasuriya,DPMD Jayawardene,DJ Bravo,0,0,,,,,,"",""
ball,1,25.4,Sri Lanka,ST Jayasuriya,DPMD Jayawardene,DJ Bravo,1,0,,,,,,"",""
ball,1,25.5,Sri Lanka,DPMD Jayawardene,ST Jayasuriya,DJ Bravo,1,0,,,,,,"",""
ball,1,25.6,Sri Lanka,ST Jayasuriya,DPMD Jayawardene,DJ Bravo,4,0,,,,,,"",""
ball,1,26.1,Sri Lanka,DPMD Jayawardene,ST Jayasuriya,IDR Bradshaw,0,0,,,,,,"",""
ball,1,26.2,Sri Lanka,DPMD Jayawardene,ST Jayasuriya,IDR Bradshaw,0,0,,,,,,"",""
ball,1,26.3,Sri Lanka,DPMD Jayawardene,ST Jayasuriya,IDR Bradshaw,0,0,,,,,,"",""
ball,1,26.4,Sri Lanka,DPMD Jayawardene,ST Jayasuriya,IDR Bradshaw,0,0,,,,,,"",""
ball,1,26.5,Sri Lanka,DPMD Jayawardene,ST Jayasuriya,IDR Bradshaw,1,0,,,,,,"",""
ball,1,26.6,Sri Lanka,ST Jayasuriya,DPMD Jayawardene,IDR Bradshaw,0,0,,,,,,"",""
ball,1,27.1,Sri Lanka,DPMD Jayawardene,ST Jayasuriya,DJ Bravo,6,0,,,,,,"",""
ball,1,27.2,Sri Lanka,DPMD Jayawardene,ST Jayasuriya,DJ Bravo,0,1,,,,1,,"",""
ball,1,27.3,Sri Lanka,ST Jayasuriya,DPMD Jayawardene,DJ Bravo,0,0,,,,,,"",""
ball,1,27.4,Sri Lanka,ST Jayasuriya,DPMD Jayawardene,DJ Bravo,3,0,,,,,,"",""
ball,1,27.5,Sri Lanka,DPMD Jayawardene,ST Jayasuriya,DJ Bravo,1,0,,,,,,"",""
ball,1,27.6,Sri Lanka,ST Jayasuriya,DPMD Jayawardene,DJ Bravo,0,0,,,,,,"",""
ball,1,28.1,Sri Lanka,DPMD Jayawardene,ST Jayasuriya,IDR Bradshaw,1,0,,,,,,"",""
ball,1,28.2,Sri Lanka,ST Jayasuriya,DPMD Jayawardene,IDR Bradshaw,0,0,,,,,,"",""
ball,1,28.3,Sri Lanka,ST Jayasuriya,DPMD Jayawardene,IDR Bradshaw,0,0,,,,,,"",""
ball,1,28.4,Sri Lanka,ST Jayasuriya,DPMD Jayawardene,IDR Bradshaw,4,0,,,,,,"",""
ball,1,28.5,Sri Lanka,ST Jayasuriya,DPMD Jayawardene,IDR Bradshaw,1,0,,,,,,"",""
ball,1,28.6,Sri Lanka,DPMD Jayawardene,ST Jayasuriya,IDR Bradshaw,0,0,,,,,,"",""
ball,1,29.1,Sri Lanka,ST Jayasuriya,DPMD Jayawardene,CH Gayle,0,0,,,,,,"",""
ball,1,29.2,Sri Lanka,ST Jayasuriya,DPMD Jayawardene,CH Gayle,1,0,,,,,,"",""
ball,1,29.3,Sri Lanka,DPMD Jayawardene,ST Jayasuriya,CH Gayle,2,0,,,,,,"",""
ball,1,29.4,Sri Lanka,DPMD Jayawardene,ST Jayasuriya,CH Gayle,1,0,,,,,,"",""
ball,1,29.5,Sri Lanka,ST Jayasuriya,DPMD Jayawardene,CH Gayle,0,1,1,,,,,"",""
ball,1,29.6,Sri Lanka,ST Jayasuriya,DPMD Jayawardene,CH Gayle,1,0,,,,,,"",""
ball,1,29.7,Sri Lanka,DPMD Jayawardene,ST Jayasuriya,CH Gayle,1,0,,,,,,"",""
ball,1,30.1,Sri Lanka,DPMD Jayawardene,ST Jayasuriya,IDR Bradshaw,0,0,,,,,,"",""
ball,1,30.2,Sri Lanka,DPMD Jayawardene,ST Jayasuriya,IDR Bradshaw,1,0,,,,,,"",""
ball,1,30.3,Sri Lanka,ST Jayasuriya,DPMD Jayawardene,IDR Bradshaw,2,0,,,,,,"",""
ball,1,30.4,Sri Lanka,ST Jayasuriya,DPMD Jayawardene,IDR Bradshaw,6,0,,,,,,"",""
ball,1,30.5,Sri Lanka,ST Jayasuriya,DPMD Jayawardene,IDR Bradshaw,1,0,,,,,,"",""
ball,1,30.6,Sri Lanka,DPMD Jayawardene,ST Jayasuriya,IDR Bradshaw,0,0,,,,,,"",""
ball,1,31.1,Sri Lanka,ST Jayasuriya,DPMD Jayawardene,CH Gayle,0,1,1,,,,,"",""
ball,1,31.2,Sri Lanka,ST Jayasuriya,DPMD Jayawardene,CH Gayle,1,0,,,,,,"",""
ball,1,31.3,Sri Lanka,DPMD Jayawardene,ST Jayasuriya,CH Gayle,1,0,,,,,,"",""
ball,1,31.4,Sri Lanka,ST Jayasuriya,DPMD Jayawardene,CH Gayle,0,0,,,,,,"",""
ball,1,31.5,Sri Lanka,ST Jayasuriya,DPMD Jayawardene,CH Gayle,1,0,,,,,,"",""
ball,1,31.6,Sri Lanka,DPMD Jayawardene,ST Jayasuriya,CH Gayle,4,0,,,,,,"",""
ball,1,31.7,Sri Lanka,DPMD Jayawardene,ST Jayasuriya,CH Gayle,0,0,,,,,,"",""
ball,1,32.1,Sri Lanka,ST Jayasuriya,DPMD Jayawardene,IDR Bradshaw,6,0,,,,,,"",""
ball,1,32.2,Sri Lanka,ST Jayasuriya,DPMD Jayawardene,IDR Bradshaw,0,0,,,,,,"",""
ball,1,32.3,Sri Lanka,ST Jayasuriya,DPMD Jayawardene,IDR Bradshaw,0,0,,,,,,"",""
ball,1,32.4,Sri Lanka,ST Jayasuriya,DPMD Jayawardene,IDR Bradshaw,2,0,,,,,,"",""
ball,1,32.5,Sri Lanka,ST Jayasuriya,DPMD Jayawardene,IDR Bradshaw,2,0,,,,,,"",""
ball,1,32.6,Sri Lanka,ST Jayasuriya,DPMD Jayawardene,IDR Bradshaw,1,0,,,,,,"",""
ball,1,33.1,Sri Lanka,ST Jayasuriya,DPMD Jayawardene,CH Gayle,0,0,,,,,,"",""
ball,1,33.2,Sri Lanka,ST Jayasuriya,DPMD Jayawardene,CH Gayle,1,0,,,,,,"",""
ball,1,33.3,Sri Lanka,DPMD Jayawardene,ST Jayasuriya,CH Gayle,0,0,,,,,,"",""
ball,1,33.4,Sri Lanka,DPMD Jayawardene,ST Jayasuriya,CH Gayle,1,0,,,,,,"",""
ball,1,33.5,Sri Lanka,ST Jayasuriya,DPMD Jayawardene,CH Gayle,0,0,,,,,,"",""
ball,1,33.6,Sri Lanka,ST Jayasuriya,DPMD Jayawardene,CH Gayle,0,0,,,,,,"",""
ball,1,34.1,Sri Lanka,DPMD Jayawardene,ST Jayasuriya,DBL Powell,2,0,,,,,,"",""
ball,1,34.2,Sri Lanka,DPMD Jayawardene,ST Jayasuriya,DBL Powell,4,0,,,,,,"",""
ball,1,34.3,Sri Lanka,DPMD Jayawardene,ST Jayasuriya,DBL Powell,1,0,,,,,,"",""
ball,1,34.4,Sri Lanka,ST Jayasuriya,DPMD Jayawardene,DBL Powell,1,0,,,,,,"",""
ball,1,34.5,Sri Lanka,DPMD Jayawardene,ST Jayasuriya,DBL Powell,0,1,,1,,,,"",""
ball,1,34.6,Sri Lanka,DPMD Jayawardene,ST Jayasuriya,DBL Powell,1,0,,,,,,"",""
ball,1,34.7,Sri Lanka,ST Jayasuriya,DPMD Jayawardene,DBL Powell,1,0,,,,,,"",""
ball,1,35.1,Sri Lanka,ST Jayasuriya,DPMD Jayawardene,CH Gayle,1,0,,,,,,"",""
ball,1,35.2,Sri Lanka,DPMD Jayawardene,ST Jayasuriya,CH Gayle,1,0,,,,,,"",""
ball,1,35.3,Sri Lanka,ST Jayasuriya,DPMD Jayawardene,CH Gayle,1,0,,,,,,"",""
ball,1,35.4,Sri Lanka,DPMD Jayawardene,ST Jayasuriya,CH Gayle,0,0,,,,,,"",""
ball,1,35.5,Sri Lanka,DPMD Jayawardene,ST Jayasuriya,CH Gayle,2,0,,,,,,"",""
ball,1,35.6,Sri Lanka,DPMD Jayawardene,ST Jayasuriya,CH Gayle,0,0,,,,,,"",""
ball,1,36.1,Sri Lanka,ST Jayasuriya,DPMD Jayawardene,DBL Powell,1,0,,,,,,"",""
ball,1,36.2,Sri Lanka,DPMD Jayawardene,ST Jayasuriya,DBL Powell,1,0,,,,,,"",""
ball,1,36.3,Sri Lanka,ST Jayasuriya,DPMD Jayawardene,DBL Powell,1,0,,,,,,"",""
ball,1,36.4,Sri Lanka,DPMD Jayawardene,ST Jayasuriya,DBL Powell,0,1,,,,1,,"",""
ball,1,36.5,Sri Lanka,ST Jayasuriya,DPMD Jayawardene,DBL Powell,1,0,,,,,,"",""
ball,1,36.6,Sri Lanka,DPMD Jayawardene,ST Jayasuriya,DBL Powell,1,0,,,,,,"",""
ball,1,37.1,Sri Lanka,DPMD Jayawardene,ST Jayasuriya,CH Gayle,1,0,,,,,,"",""
ball,1,37.2,Sri Lanka,ST Jayasuriya,DPMD Jayawardene,CH Gayle,2,0,,,,,,"",""
ball,1,37.3,Sri Lanka,ST Jayasuriya,DPMD Jayawardene,CH Gayle,0,0,,,,,,"",""
ball,1,37.4,Sri Lanka,ST Jayasuriya,DPMD Jayawardene,CH Gayle,4,0,,,,,,"",""
ball,1,37.5,Sri Lanka,ST Jayasuriya,DPMD Jayawardene,CH Gayle,1,0,,,,,,"",""
ball,1,37.6,Sri Lanka,DPMD Jayawardene,ST Jayasuriya,CH Gayle,1,0,,,,,,"",""
ball,1,38.1,Sri Lanka,DPMD Jayawardene,ST Jayasuriya,DBL Powell,1,0,,,,,,"",""
ball,1,38.2,Sri Lanka,ST Jayasuriya,DPMD Jayawardene,DBL Powell,1,0,,,,,,"",""
ball,1,38.3,Sri Lanka,DPMD Jayawardene,ST Jayasuriya,DBL Powell,1,0,,,,,,"",""
ball,1,38.4,Sri Lanka,ST Jayasuriya,DPMD Jayawardene,DBL Powell,0,0,,,,,,bowled,ST Jayasuriya
ball,1,38.5,Sri Lanka,LPC Silva,DPMD Jayawardene,DBL Powell,0,0,,,,,,"",""
ball,1,38.6,Sri Lanka,LPC Silva,DPMD Jayawardene,DBL Powell,1,0,,,,,,"",""
ball,1,39.1,Sri Lanka,LPC Silva,DPMD Jayawardene,CH Gayle,0,0,,,,,,"",""
ball,1,39.2,Sri Lanka,LPC Silva,DPMD Jayawardene,CH Gayle,0,0,,,,,,"",""
ball,1,39.3,Sri Lanka,LPC Silva,DPMD Jayawardene,CH Gayle,3,0,,,,,,"",""
ball,1,39.4,Sri Lanka,DPMD Jayawardene,LPC Silva,CH Gayle,0,0,,,,,,"",""
ball,1,39.5,Sri Lanka,DPMD Jayawardene,LPC Silva,CH Gayle,1,0,,,,,,"",""
ball,1,39.6,Sri Lanka,LPC Silva,DPMD Jayawardene,CH Gayle,0,1,,,,1,,"",""
ball,1,40.1,Sri Lanka,LPC Silva,DPMD Jayawardene,DBL Powell,0,0,,,,,,"",""
ball,1,40.2,Sri Lanka,LPC Silva,DPMD Jayawardene,DBL Powell,1,0,,,,,,"",""
ball,1,40.3,Sri Lanka,DPMD Jayawardene,LPC Silva,DBL Powell,1,0,,,,,,"",""
ball,1,40.4,Sri Lanka,LPC Silva,DPMD Jayawardene,DBL Powell,1,0,,,,,,"",""
ball,1,40.5,Sri Lanka,DPMD Jayawardene,LPC Silva,DBL Powell,0,0,,,,,,"",""
ball,1,40.6,Sri Lanka,DPMD Jayawardene,LPC Silva,DBL Powell,2,0,,,,,,"",""
ball,1,41.1,Sri Lanka,LPC Silva,DPMD Jayawardene,CH Gayle,0,0,,,,,,"",""
ball,1,41.2,Sri Lanka,LPC Silva,DPMD Jayawardene,CH Gayle,0,0,,,,,,"",""
ball,1,41.3,Sri Lanka,LPC Silva,DPMD Jayawardene,CH Gayle,0,1,,,,1,,"",""
ball,1,41.4,Sri Lanka,DPMD Jayawardene,LPC Silva,CH Gayle,1,0,,,,,,"",""
ball,1,41.5,Sri Lanka,LPC Silva,DPMD Jayawardene,CH Gayle,1,0,,,,,,"",""
ball,1,41.6,Sri Lanka,DPMD Jayawardene,LPC Silva,CH Gayle,2,0,,,,,,"",""
ball,1,42.1,Sri Lanka,LPC Silva,DPMD Jayawardene,RR Sarwan,0,0,,,,,,"",""
ball,1,42.2,Sri Lanka,LPC Silva,DPMD Jayawardene,RR Sarwan,1,0,,,,,,"",""
ball,1,42.3,Sri Lanka,DPMD Jayawardene,LPC Silva,RR Sarwan,1,0,,,,,,"",""
ball,1,42.4,Sri Lanka,LPC Silva,DPMD Jayawardene,RR Sarwan,0,0,,,,,,"",""
ball,1,42.5,Sri Lanka,LPC Silva,DPMD Jayawardene,RR Sarwan,1,0,,,,,,"",""
ball,1,42.6,Sri Lanka,DPMD Jayawardene,LPC Silva,RR Sarwan,2,0,,,,,,"",""
ball,1,43.1,Sri Lanka,LPC Silva,DPMD Jayawardene,CH Gayle,1,1,,1,,,,"",""
ball,1,43.2,Sri Lanka,DPMD Jayawardene,LPC Silva,CH Gayle,0,1,,,,1,,"",""
ball,1,43.3,Sri Lanka,LPC Silva,DPMD Jayawardene,CH Gayle,2,0,,,,,,"",""
ball,1,43.4,Sri Lanka,LPC Silva,DPMD Jayawardene,CH Gayle,0,0,,,,,,"",""
ball,1,43.5,Sri Lanka,LPC Silva,DPMD Jayawardene,CH Gayle,0,0,,,,,,"",""
ball,1,43.6,Sri Lanka,LPC Silva,DPMD Jayawardene,CH Gayle,3,1,,1,,,,"",""
ball,1,43.7,Sri Lanka,DPMD Jayawardene,LPC Silva,CH Gayle,2,0,,,,,,"",""
ball,1,43.8,Sri Lanka,DPMD Jayawardene,LPC Silva,CH Gayle,1,0,,,,,,"",""
ball,1,44.1,Sri Lanka,DPMD Jayawardene,LPC Silva,DJ Bravo,0,0,,,,,,bowled,DPMD Jayawardene
ball,1,44.2,Sri Lanka,TM Dilshan,LPC Silva,DJ Bravo,0,0,,,,,,"",""
ball,1,44.3,Sri Lanka,TM Dilshan,LPC Silva,DJ Bravo,3,0,,,,,,"",""
ball,1,44.4,Sri Lanka,LPC Silva,TM Dilshan,DJ Bravo,1,0,,,,,,"",""
ball,1,44.5,Sri Lanka,TM Dilshan,LPC Silva,DJ Bravo,1,0,,,,,,"",""
ball,1,44.6,Sri Lanka,LPC Silva,TM Dilshan,DJ Bravo,2,0,,,,,,"",""
ball,1,45.1,Sri Lanka,TM Dilshan,LPC Silva,IDR Bradshaw,1,0,,,,,,"",""
ball,1,45.2,Sri Lanka,LPC Silva,TM Dilshan,IDR Bradshaw,2,0,,,,,,"",""
ball,1,45.3,Sri Lanka,LPC Silva,TM Dilshan,IDR Bradshaw,2,0,,,,,,"",""
ball,1,45.4,Sri Lanka,LPC Silva,TM Dilshan,IDR Bradshaw,1,0,,,,,,"",""
ball,1,45.5,Sri Lanka,TM Dilshan,LPC Silva,IDR Bradshaw,2,0,,,,,,"",""
ball,1,45.6,Sri Lanka,TM Dilshan,LPC Silva,IDR Bradshaw,2,0,,,,,,"",""
ball,1,46.1,Sri Lanka,LPC Silva,TM Dilshan,RR Sarwan,0,0,,,,,,"",""
ball,1,46.2,Sri Lanka,LPC Silva,TM Dilshan,RR Sarwan,0,0,,,,,,"",""
ball,1,46.3,Sri Lanka,LPC Silva,TM Dilshan,RR Sarwan,0,0,,,,,,"",""
ball,1,46.4,Sri Lanka,LPC Silva,TM Dilshan,RR Sarwan,0,0,,,,,,caught,LPC Silva
ball,1,46.5,Sri Lanka,RP Arnold,TM Dilshan,RR Sarwan,1,0,,,,,,"",""
ball,1,46.6,Sri Lanka,TM Dilshan,RP Arnold,RR Sarwan,1,0,,,,,,"",""
ball,1,47.1,Sri Lanka,TM Dilshan,RP Arnold,DJ Bravo,0,0,,,,,,"",""
ball,1,47.2,Sri Lanka,TM Dilshan,RP Arnold,DJ Bravo,1,0,,,,,,"",""
ball,1,47.3,Sri Lanka,RP Arnold,TM Dilshan,DJ Bravo,1,0,,,,,,"",""
ball,1,47.4,Sri Lanka,TM Dilshan,RP Arnold,DJ Bravo,0,0,,,,,,"",""
ball,1,47.5,Sri Lanka,TM Dilshan,RP Arnold,DJ Bravo,6,0,,,,,,"",""
ball,1,47.6,Sri Lanka,TM Dilshan,RP Arnold,DJ Bravo,1,0,,,,,,"",""
ball,1,48.1,Sri Lanka,TM Dilshan,RP Arnold,RR Sarwan,2,0,,,,,,"",""
ball,1,48.2,Sri Lanka,TM Dilshan,RP Arnold,RR Sarwan,0,1,1,,,,,"",""
ball,1,48.3,Sri Lanka,TM Dilshan,RP Arnold,RR Sarwan,0,0,,,,,,"",""
ball,1,48.4,Sri Lanka,TM Dilshan,RP Arnold,RR Sarwan,1,0,,,,,,"",""
ball,1,48.5,Sri Lanka,RP Arnold,TM Dilshan,RR Sarwan,1,0,,,,,,"",""
ball,1,48.6,Sri Lanka,TM Dilshan,RP Arnold,RR Sarwan,4,0,,,,,,"",""
ball,1,48.7,Sri Lanka,TM Dilshan,RP Arnold,RR Sarwan,1,0,,,,,,"",""
ball,1,49.1,Sri Lanka,TM Dilshan,RP Arnold,DJ Bravo,1,0,,,,,,"",""
ball,1,49.2,Sri Lanka,RP Arnold,TM Dilshan,DJ Bravo,1,0,,,,,,"",""
ball,1,49.3,Sri Lanka,TM Dilshan,RP Arnold,DJ Bravo,2,0,,,,,,"",""
ball,1,49.4,Sri Lanka,TM Dilshan,RP Arnold,DJ Bravo,0,0,,,,,,"",""
ball,1,49.5,Sri Lanka,TM Dilshan,RP Arnold,DJ Bravo,4,0,,,,,,"",""
ball,1,49.6,Sri Lanka,TM Dilshan,RP Arnold,DJ Bravo,6,0,,,,,,"",""
ball,2,0.1,West Indies,CH Gayle,DJ Bravo,WPUJC Vaas,0,0,,,,,,"",""
ball,2,0.2,West Indies,CH Gayle,DJ Bravo,WPUJC Vaas,0,0,,,,,,"",""
ball,2,0.3,West Indies,CH Gayle,DJ Bravo,WPUJC Vaas,0,0,,,,,,"",""
ball,2,0.4,West Indies,CH Gayle,DJ Bravo,WPUJC Vaas,1,0,,,,,,"",""
ball,2,0.5,West Indies,DJ Bravo,CH Gayle,WPUJC Vaas,0,0,,,,,,"",""
ball,2,0.6,West Indies,DJ Bravo,CH Gayle,WPUJC Vaas,0,0,,,,,,"",""
ball,2,1.1,West Indies,CH Gayle,DJ Bravo,SL Malinga,0,0,,,,,,"",""
ball,2,1.2,West Indies,CH Gayle,DJ Bravo,SL Malinga,0,0,,,,,,"",""
ball,2,1.3,West Indies,CH Gayle,DJ Bravo,SL Malinga,4,0,,,,,,"",""
ball,2,1.4,West Indies,CH Gayle,DJ Bravo,SL Malinga,0,0,,,,,,"",""
ball,2,1.5,West Indies,CH Gayle,DJ Bravo,SL Malinga,0,0,,,,,,"",""
ball,2,1.6,West Indies,CH Gayle,DJ Bravo,SL Malinga,0,0,,,,,,"",""
ball,2,2.1,West Indies,DJ Bravo,CH Gayle,WPUJC Vaas,4,0,,,,,,"",""
ball,2,2.2,West Indies,DJ Bravo,CH Gayle,WPUJC Vaas,0,0,,,,,,"",""
ball,2,2.3,West Indies,DJ Bravo,CH Gayle,WPUJC Vaas,2,0,,,,,,"",""
ball,2,2.4,West Indies,DJ Bravo,CH Gayle,WPUJC Vaas,0,0,,,,,,"",""
ball,2,2.5,West Indies,DJ Bravo,CH Gayle,WPUJC Vaas,1,0,,,,,,"",""
ball,2,2.6,West Indies,CH Gayle,DJ Bravo,WPUJC Vaas,0,0,,,,,,"",""
ball,2,3.1,West Indies,DJ Bravo,CH Gayle,SL Malinga,0,0,,,,,,"",""
ball,2,3.2,West Indies,DJ Bravo,CH Gayle,SL Malinga,1,0,,,,,,"",""
ball,2,3.3,West Indies,CH Gayle,DJ Bravo,SL Malinga,0,0,,,,,,"",""
ball,2,3.4,West Indies,CH Gayle,DJ Bravo,SL Malinga,0,0,,,,,,"",""
ball,2,3.5,West Indies,CH Gayle,DJ Bravo,SL Malinga,1,0,,,,,,"",""
ball,2,3.6,West Indies,DJ Bravo,CH Gayle,SL Malinga,0,0,,,,,,"",""
ball,2,4.1,West Indies,CH Gayle,DJ Bravo,WPUJC Vaas,1,0,,,,,,"",""
ball,2,4.2,West Indies,DJ Bravo,CH Gayle,WPUJC Vaas,0,0,,,,,,"",""
ball,2,4.3,West Indies,DJ Bravo,CH Gayle,WPUJC Vaas,1,0,,,,,,"",""
ball,2,4.4,West Indies,CH Gayle,DJ Bravo,WPUJC Vaas,0,0,,,,,,"",""
ball,2,4.5,West Indies,CH Gayle,DJ Bravo,WPUJC Vaas,0,1,,1,,,,"",""
ball,2,4.6,West Indies,CH Gayle,DJ Bravo,WPUJC Vaas,0,0,,,,,,"",""
ball,2,4.7,West Indies,CH Gayle,DJ Bravo,WPUJC Vaas,1,0,,,,,,"",""
ball,2,5.1,West Indies,CH Gayle,DJ Bravo,SL Malinga,2,0,,,,,,"",""
ball,2,5.2,West Indies,CH Gayle,DJ Bravo,SL Malinga,0,0,,,,,,caught,CH Gayle
ball,2,5.3,West Indies,DJ Bravo,S Chanderpaul,SL Malinga,0,0,,,,,,"",""
ball,2,5.4,West Indies,DJ Bravo,S Chanderpaul,SL Malinga,2,0,,,,,,"",""
ball,2,5.5,West Indies,DJ Bravo,S Chanderpaul,SL Malinga,0,5,5,,,,,"",""
ball,2,5.6,West Indies,DJ Bravo,S Chanderpaul,SL Malinga,0,1,1,,,,,"",""
ball,2,5.7,West Indies,DJ Bravo,S Chanderpaul,SL Malinga,4,0,,,,,,"",""
ball,2,5.8,West Indies,DJ Bravo,S Chanderpaul,SL Malinga,0,0,,,,,,"",""
ball,2,6.1,West Indies,S Chanderpaul,DJ Bravo,WPUJC Vaas,0,0,,,,,,"",""
ball,2,6.2,West Indies,S Chanderpaul,DJ Bravo,WPUJC Vaas,0,0,,,,,,"",""
ball,2,6.3,West Indies,S Chanderpaul,DJ Bravo,WPUJC Vaas,0,0,,,,,,"",""
ball,2,6.4,West Indies,S Chanderpaul,DJ Bravo,WPUJC Vaas,0,0,,,,,,"",""
ball,2,6.5,West Indies,S Chanderpaul,DJ Bravo,WPUJC Vaas,0,0,,,,,,"",""
ball,2,6.6,West Indies,S Chanderpaul,DJ Bravo,WPUJC Vaas,0,0,,,,,,"",""
ball,2,7.1,West Indies,DJ Bravo,S Chanderpaul,CRD Fernando,0,1,,1,,,,"",""
ball,2,7.2,West Indies,DJ Bravo,S Chanderpaul,CRD Fernando,4,0,,,,,,"",""
ball,2,7.3,West Indies,DJ Bravo,S Chanderpaul,CRD Fernando,0,0,,,,,,"",""
ball,2,7.4,West Indies,DJ Bravo,S Chanderpaul,CRD Fernando,0,0,,,,,,"",""
ball,2,7.5,West Indies,DJ Bravo,S Chanderpaul,CRD Fernando,0,0,,,,,,"",""
ball,2,7.6,West Indies,DJ Bravo,S Chanderpaul,CRD Fernando,0,0,,,,,,"",""
ball,2,7.7,West Indies,DJ Bravo,S Chanderpaul,CRD Fernando,2,0,,,,,,"",""
ball,2,8.1,West Indies,S Chanderpaul,DJ Bravo,WPUJC Vaas,0,0,,,,,,"",""
ball,2,8.2,West Indies,S Chanderpaul,DJ Bravo,WPUJC Vaas,1,0,,,,,,"",""
ball,2,8.3,West Indies,DJ Bravo,S Chanderpaul,WPUJC Vaas,0,0,,,,,,bowled,DJ Bravo
ball,2,8.4,West Indies,BC Lara,S Chanderpaul,WPUJC Vaas,0,0,,,,,,"",""
ball,2,8.5,West Indies,BC Lara,S Chanderpaul,WPUJC Vaas,0,0,,,,,,"",""
ball,2,8.6,West Indies,BC Lara,S Chanderpaul,WPUJC Vaas,2,0,,,,,,"",""
ball,2,9.1,West Indies,S Chanderpaul,BC Lara,CRD Fernando,0,0,,,,,,"",""
ball,2,9.2,West Indies,S Chanderpaul,BC Lara,CRD Fernando,0,0,,,,,,"",""
ball,2,9.3,West Indies,S Chanderpaul,BC Lara,CRD Fernando,0,0,,,,,,"",""
ball,2,9.4,West Indies,S Chanderpaul,BC Lara,CRD Fernando,0,0,,,,,,"",""
ball,2,9.5,West Indies,S Chanderpaul,BC Lara,CRD Fernando,0,0,,,,,,"",""
ball,2,9.6,West Indies,S Chanderpaul,BC Lara,CRD Fernando,0,0,,,,,,"",""
ball,2,10.1,West Indies,BC Lara,S Chanderpaul,WPUJC Vaas,0,0,,,,,,stumped,BC Lara
ball,2,10.2,West Indies,RR Sarwan,S Chanderpaul,WPUJC Vaas,0,0,,,,,,"",""
ball,2,10.3,West Indies,RR Sarwan,S Chanderpaul,WPUJC Vaas,0,0,,,,,,"",""
ball,2,10.4,West Indies,RR Sarwan,S Chanderpaul,WPUJC Vaas,1,0,,,,,,"",""
ball,2,10.5,West Indies,S Chanderpaul,RR Sarwan,WPUJC Vaas,0,0,,,,,,"",""
ball,2,10.6,West Indies,S Chanderpaul,RR Sarwan,WPUJC Vaas,0,0,,,,,,"",""
ball,2,11.1,West Indies,RR Sarwan,S Chanderpaul,CRD Fernando,0,0,,,,,,"",""
ball,2,11.2,West Indies,RR Sarwan,S Chanderpaul,CRD Fernando,0,0,,,,,,"",""
ball,2,11.3,West Indies,RR Sarwan,S Chanderpaul,CRD Fernando,0,0,,,,,,"",""
ball,2,11.4,West Indies,RR Sarwan,S Chanderpaul,CRD Fernando,0,0,,,,,,"",""
ball,2,11.5,West Indies,RR Sarwan,S Chanderpaul,CRD Fernando,0,0,,,,,,"",""
ball,2,11.6,West Indies,RR Sarwan,S Chanderpaul,CRD Fernando,0,0,,,,,,"",""
ball,2,12.1,West Indies,S Chanderpaul,RR Sarwan,WPUJC Vaas,0,0,,,,,,"",""
ball,2,12.2,West Indies,S Chanderpaul,RR Sarwan,WPUJC Vaas,1,0,,,,,,"",""
ball,2,12.3,West Indies,RR Sarwan,S Chanderpaul,WPUJC Vaas,0,0,,,,,,"",""
ball,2,12.4,West Indies,RR Sarwan,S Chanderpaul,WPUJC Vaas,1,0,,,,,,"",""
ball,2,12.5,West Indies,S Chanderpaul,RR Sarwan,WPUJC Vaas,0,0,,,,,,"",""
ball,2,12.6,West Indies,S Chanderpaul,RR Sarwan,WPUJC Vaas,0,0,,,,,,"",""
ball,2,13.1,West Indies,RR Sarwan,S Chanderpaul,CRD Fernando,2,0,,,,,,"",""
ball,2,13.2,West Indies,RR Sarwan,S Chanderpaul,CRD Fernando,0,0,,,,,,"",""
ball,2,13.3,West Indies,RR Sarwan,S Chanderpaul,CRD Fernando,1,0,,,,,,"",""
ball,2,13.4,West Indies,S Chanderpaul,RR Sarwan,CRD Fernando,0,0,,,,,,"",""
ball,2,13.5,West Indies,S Chanderpaul,RR Sarwan,CRD Fernando,0,0,,,,,,"",""
ball,2,13.6,West Indies,S Chanderpaul,RR Sarwan,CRD Fernando,1,0,,,,,,"",""
ball,2,14.1,West Indies,S Chanderpaul,RR Sarwan,WPUJC Vaas,0,0,,,,,,"",""
ball,2,14.2,West Indies,S Chanderpaul,RR Sarwan,WPUJC Vaas,0,0,,,,,,"",""
ball,2,14.3,West Indies,S Chanderpaul,RR Sarwan,WPUJC Vaas,0,0,,,,,,"",""
ball,2,14.4,West Indies,S Chanderpaul,RR Sarwan,WPUJC Vaas,0,0,,,,,,"",""
ball,2,14.5,West Indies,S Chanderpaul,RR Sarwan,WPUJC Vaas,1,0,,,,,,"",""
ball,2,14.6,West Indies,RR Sarwan,S Chanderpaul,WPUJC Vaas,0,0,,,,,,"",""
ball,2,15.1,West Indies,S Chanderpaul,RR Sarwan,TM Dilshan,0,0,,,,,,"",""
ball,2,15.2,West Indies,S Chanderpaul,RR Sarwan,TM Dilshan,0,0,,,,,,"",""
ball,2,15.3,West Indies,S Chanderpaul,RR Sarwan,TM Dilshan,1,0,,,,,,"",""
ball,2,15.4,West Indies,RR Sarwan,S Chanderpaul,TM Dilshan,0,0,,,,,,"",""
ball,2,15.5,West Indies,RR Sarwan,S Chanderpaul,TM Dilshan,1,0,,,,,,"",""
ball,2,15.6,West Indies,S Chanderpaul,RR Sarwan,TM Dilshan,1,0,,,,,,"",""
ball,2,16.1,West Indies,S Chanderpaul,RR Sarwan,RP Arnold,1,0,,,,,,"",""
ball,2,16.2,West Indies,RR Sarwan,S Chanderpaul,RP Arnold,0,0,,,,,,"",""
ball,2,16.3,West Indies,RR Sarwan,S Chanderpaul,RP Arnold,1,0,,,,,,"",""
ball,2,16.4,West Indies,S Chanderpaul,RR Sarwan,RP Arnold,1,0,,,,,,"",""
ball,2,16.5,West Indies,RR Sarwan,S Chanderpaul,RP Arnold,1,0,,,,,,"",""
ball,2,16.6,West Indies,S Chanderpaul,RR Sarwan,RP Arnold,0,0,,,,,,"",""
ball,2,17.1,West Indies,RR Sarwan,S Chanderpaul,TM Dilshan,0,0,,,,,,"",""
ball,2,17.2,West Indies,RR Sarwan,S Chanderpaul,TM Dilshan,0,0,,,,,,"",""
ball,2,17.3,West Indies,RR Sarwan,S Chanderpaul,TM Dilshan,1,0,,,,,,"",""
ball,2,17.4,West Indies,S Chanderpaul,RR Sarwan,TM Dilshan,1,0,,,,,,"",""
ball,2,17.5,West Indies,RR Sarwan,S Chanderpaul,TM Dilshan,0,0,,,,,,"",""
ball,2,17.6,West Indies,RR Sarwan,S Chanderpaul,TM Dilshan,1,0,,,,,,"",""
ball,2,18.1,West Indies,RR Sarwan,S Chanderpaul,RP Arnold,0,0,,,,,,"",""
ball,2,18.2,West Indies,RR Sarwan,S Chanderpaul,RP Arnold,0,0,,,,,,"",""
ball,2,18.3,West Indies,RR Sarwan,S Chanderpaul,RP Arnold,1,0,,,,,,"",""
ball,2,18.4,West Indies,S Chanderpaul,RR Sarwan,RP Arnold,0,0,,,,,,"",""
ball,2,18.5,West Indies,S Chanderpaul,RR Sarwan,RP Arnold,1,0,,,,,,"",""
ball,2,18.6,West Indies,RR Sarwan,S Chanderpaul,RP Arnold,0,0,,,,,,"",""
ball,2,19.1,West Indies,S Chanderpaul,RR Sarwan,TM Dilshan,0,0,,,,,,"",""
ball,2,19.2,West Indies,S Chanderpaul,RR Sarwan,TM Dilshan,0,0,,,,,,"",""
ball,2,19.3,West Indies,S Chanderpaul,RR Sarwan,TM Dilshan,0,0,,,,,,"",""
ball,2,19.4,West Indies,S Chanderpaul,RR Sarwan,TM Dilshan,1,0,,,,,,"",""
ball,2,19.5,West Indies,RR Sarwan,S Chanderpaul,TM Dilshan,1,0,,,,,,"",""
ball,2,19.6,West Indies,S Chanderpaul,RR Sarwan,TM Dilshan,1,0,,,,,,"",""
ball,2,20.1,West Indies,S Chanderpaul,RR Sarwan,RP Arnold,1,0,,,,,,"",""
ball,2,20.2,West Indies,RR Sarwan,S Chanderpaul,RP Arnold,0,0,,,,,,"",""
ball,2,20.3,West Indies,RR Sarwan,S Chanderpaul,RP Arnold,0,0,,,,,,"",""
ball,2,20.4,West Indies,RR Sarwan,S Chanderpaul,RP Arnold,1,0,,,,,,"",""
ball,2,20.5,West Indies,S Chanderpaul,RR Sarwan,RP Arnold,1,0,,,,,,"",""
ball,2,20.6,West Indies,RR Sarwan,S Chanderpaul,RP Arnold,0,0,,,,,,"",""
ball,2,21.1,West Indies,S Chanderpaul,RR Sarwan,TM Dilshan,0,0,,,,,,"",""
ball,2,21.2,West Indies,S Chanderpaul,RR Sarwan,TM Dilshan,1,0,,,,,,"",""
ball,2,21.3,West Indies,RR Sarwan,S Chanderpaul,TM Dilshan,0,0,,,,,,"",""
ball,2,21.4,West Indies,RR Sarwan,S Chanderpaul,TM Dilshan,0,0,,,,,,"",""
ball,2,21.5,West Indies,RR Sarwan,S Chanderpaul,TM Dilshan,1,0,,,,,,"",""
ball,2,21.6,West Indies,S Chanderpaul,RR Sarwan,TM Dilshan,0,0,,,,,,"",""
ball,2,22.1,West Indies,RR Sarwan,S Chanderpaul,CRD Fernando,0,0,,,,,,"",""
ball,2,22.2,West Indies,RR Sarwan,S Chanderpaul,CRD Fernando,0,0,,,,,,"",""
ball,2,22.3,West Indies,RR Sarwan,S Chanderpaul,CRD Fernando,0,0,,,,,,"",""
ball,2,22.4,West Indies,RR Sarwan,S Chanderpaul,CRD Fernando,0,0,,,,,,"",""
ball,2,22.5,West Indies,RR Sarwan,S Chanderpaul,CRD Fernando,1,0,,,,,,"",""
ball,2,22.6,West Indies,S Chanderpaul,RR Sarwan,CRD Fernando,0,1,1,,,,,"",""
ball,2,22.7,West Indies,S Chanderpaul,RR Sarwan,CRD Fernando,0,0,,,,,,"",""
ball,2,23.1,West Indies,RR Sarwan,S Chanderpaul,M Muralitharan,0,0,,,,,,"",""
ball,2,23.2,West Indies,RR Sarwan,S Chanderpaul,M Muralitharan,1,0,,,,,,"",""
ball,2,23.3,West Indies,S Chanderpaul,RR Sarwan,M Muralitharan,0,0,,,,,,"",""
ball,2,23.4,West Indies,S Chanderpaul,RR Sarwan,M Muralitharan,0,0,,,,,,"",""
ball,2,23.5,West Indies,S Chanderpaul,RR Sarwan,M Muralitharan,2,0,,,,,,"",""
ball,2,23.6,West Indies,S Chanderpaul,RR Sarwan,M Muralitharan,0,1,1,,,,,"",""
ball,2,23.7,West Indies,S Chanderpaul,RR Sarwan,M Muralitharan,0,0,,,,,,"",""
ball,2,24.1,West Indies,RR Sarwan,S Chanderpaul,CRD Fernando,1,0,,,,,,"",""
ball,2,24.2,West Indies,S Chanderpaul,RR Sarwan,CRD Fernando,4,0,,,,,,"",""
ball,2,24.3,West Indies,S Chanderpaul,RR Sarwan,CRD Fernando,0,0,,,,,,"",""
ball,2,24.4,West Indies,S Chanderpaul,RR Sarwan,CRD Fernando,0,0,,,,,,"",""
ball,2,24.5,West Indies,S Chanderpaul,RR Sarwan,CRD Fernando,1,0,,,,,,"",""
ball,2,24.6,West Indies,RR Sarwan,S Chanderpaul,CRD Fernando,0,0,,,,,,"",""
ball,2,25.1,West Indies,S Chanderpaul,RR Sarwan,M Muralitharan,0,0,,,,,,"",""
ball,2,25.2,West Indies,S Chanderpaul,RR Sarwan,M Muralitharan,2,0,,,,,,"",""
ball,2,25.3,West Indies,S Chanderpaul,RR Sarwan,M Muralitharan,0,0,,,,,,"",""
ball,2,25.4,West Indies,S Chanderpaul,RR Sarwan,M Muralitharan,0,0,,,,,,"",""
ball,2,25.5,West Indies,S Chanderpaul,RR Sarwan,M Muralitharan,0,0,,,,,,"",""
ball,2,25.6,West Indies,S Chanderpaul,RR Sarwan,M Muralitharan,1,0,,,,,,"",""
ball,2,26.1,West Indies,S Chanderpaul,RR Sarwan,CRD Fernando,0,0,,,,,,"",""
ball,2,26.2,West Indies,S Chanderpaul,RR Sarwan,CRD Fernando,0,0,,,,,,"",""
ball,2,26.3,West Indies,S Chanderpaul,RR Sarwan,CRD Fernando,0,0,,,,,,"",""
ball,2,26.4,West Indies,S Chanderpaul,RR Sarwan,CRD Fernando,0,0,,,,,,"",""
ball,2,26.5,West Indies,S Chanderpaul,RR Sarwan,CRD Fernando,0,0,,,,,,"",""
ball,2,26.6,West Indies,S Chanderpaul,RR Sarwan,CRD Fernando,0,0,,,,,,"",""
ball,2,27.1,West Indies,RR Sarwan,S Chanderpaul,M Muralitharan,0,0,,,,,,"",""
ball,2,27.2,West Indies,RR Sarwan,S Chanderpaul,M Muralitharan,2,0,,,,,,"",""
ball,2,27.3,West Indies,RR Sarwan,S Chanderpaul,M Muralitharan,1,0,,,,,,"",""
ball,2,27.4,West Indies,S Chanderpaul,RR Sarwan,M Muralitharan,1,0,,,,,,"",""
ball,2,27.5,West Indies,RR Sarwan,S Chanderpaul,M Muralitharan,1,0,,,,,,"",""
ball,2,27.6,West Indies,S Chanderpaul,RR Sarwan,M Muralitharan,6,0,,,,,,"",""
ball,2,28.1,West Indies,RR Sarwan,S Chanderpaul,ST Jayasuriya,0,0,,,,,,"",""
ball,2,28.2,West Indies,RR Sarwan,S Chanderpaul,ST Jayasuriya,0,0,,,,,,"",""
ball,2,28.3,West Indies,RR Sarwan,S Chanderpaul,ST Jayasuriya,1,0,,,,,,"",""
ball,2,28.4,West Indies,S Chanderpaul,RR Sarwan,ST Jayasuriya,0,0,,,,,,"",""
ball,2,28.5,West Indies,S Chanderpaul,RR Sarwan,ST Jayasuriya,0,0,,,,,,"",""
ball,2,28.6,West Indies,S Chanderpaul,RR Sarwan,ST Jayasuriya,1,0,,,,,,"",""
ball,2,29.1,West Indies,S Chanderpaul,RR Sarwan,M Muralitharan,0,0,,,,,,"",""
ball,2,29.2,West Indies,S Chanderpaul,RR Sarwan,M Muralitharan,0,0,,,,,,"",""
ball,2,29.3,West Indies,S Chanderpaul,RR Sarwan,M Muralitharan,0,0,,,,,,"",""
ball,2,29.4,West Indies,S Chanderpaul,RR Sarwan,M Muralitharan,0,0,,,,,,"",""
ball,2,29.5,West Indies,S Chanderpaul,RR Sarwan,M Muralitharan,1,0,,,,,,"",""
ball,2,29.6,West Indies,RR Sarwan,S Chanderpaul,M Muralitharan,1,0,,,,,,"",""
ball,2,30.1,West Indies,RR Sarwan,S Chanderpaul,ST Jayasuriya,6,0,,,,,,"",""
ball,2,30.2,West Indies,RR Sarwan,S Chanderpaul,ST Jayasuriya,1,0,,,,,,"",""
ball,2,30.3,West Indies,S Chanderpaul,RR Sarwan,ST Jayasuriya,0,1,,,,1,,"",""
ball,2,30.4,West Indies,RR Sarwan,S Chanderpaul,ST Jayasuriya,0,0,,,,,,"",""
ball,2,30.5,West Indies,RR Sarwan,S Chanderpaul,ST Jayasuriya,1,0,,,,,,"",""
ball,2,30.6,West Indies,S Chanderpaul,RR Sarwan,ST Jayasuriya,0,0,,,,,,"",""
ball,2,31.1,West Indies,RR Sarwan,S Chanderpaul,M Muralitharan,1,0,,,,,,"",""
ball,2,31.2,West Indies,S Chanderpaul,RR Sarwan,M Muralitharan,0,0,,,,,,"",""
ball,2,31.3,West Indies,S Chanderpaul,RR Sarwan,M Muralitharan,0,0,,,,,,"",""
ball,2,31.4,West Indies,S Chanderpaul,RR Sarwan,M Muralitharan,0,0,,,,,,"",""
ball,2,31.5,West Indies,S Chanderpaul,RR Sarwan,M Muralitharan,1,0,,,,,,"",""
ball,2,31.6,West Indies,RR Sarwan,S Chanderpaul,M Muralitharan,2,0,,,,,,"",""
ball,2,32.1,West Indies,S Chanderpaul,RR Sarwan,ST Jayasuriya,1,0,,,,,,"",""
ball,2,32.2,West Indies,RR Sarwan,S Chanderpaul,ST Jayasuriya,1,0,,,,,,"",""
ball,2,32.3,West Indies,S Chanderpaul,RR Sarwan,ST Jayasuriya,1,0,,,,,,"",""
ball,2,32.4,West Indies,RR Sarwan,S Chanderpaul,ST Jayasuriya,4,0,,,,,,"",""
ball,2,32.5,West Indies,RR Sarwan,S Chanderpaul,ST Jayasuriya,2,0,,,,,,"",""
ball,2,32.6,West Indies,RR Sarwan,S Chanderpaul,ST Jayasuriya,2,0,,,,,,"",""
ball,2,33.1,West Indies,S Chanderpaul,RR Sarwan,M Muralitharan,1,0,,,,,,"",""
ball,2,33.2,West Indies,RR Sarwan,S Chanderpaul,M Muralitharan,1,0,,,,,,"",""
ball,2,33.3,West Indies,S Chanderpaul,RR Sarwan,M Muralitharan,6,0,,,,,,"",""
ball,2,33.4,West Indies,S Chanderpaul,RR Sarwan,M Muralitharan,1,0,,,,,,"",""
ball,2,33.5,West Indies,RR Sarwan,S Chanderpaul,M Muralitharan,0,0,,,,,,"",""
ball,2,33.6,West Indies,RR Sarwan,S Chanderpaul,M Muralitharan,0,0,,,,,,"",""
ball,2,34.1,West Indies,S Chanderpaul,RR Sarwan,ST Jayasuriya,1,0,,,,,,"",""
ball,2,34.2,West Indies,RR Sarwan,S Chanderpaul,ST Jayasuriya,0,0,,,,,,stumped,RR Sarwan
ball,2,34.3,West Indies,MN Samuels,S Chanderpaul,ST Jayasuriya,1,0,,,,,,"",""
ball,2,34.4,West Indies,S Chanderpaul,MN Samuels,ST Jayasuriya,1,0,,,,,,"",""
ball,2,34.5,West Indies,MN Samuels,S Chanderpaul,ST Jayasuriya,1,0,,,,,,"",""
ball,2,34.6,West Indies,S Chanderpaul,MN Samuels,ST Jayasuriya,1,0,,,,,,"",""
ball,2,35.1,West Indies,S Chanderpaul,MN Samuels,M Muralitharan,6,0,,,,,,"",""
ball,2,35.2,West Indies,S Chanderpaul,MN Samuels,M Muralitharan,1,0,,,,,,"",""
ball,2,35.3,West Indies,MN Samuels,S Chanderpaul,M Muralitharan,0,0,,,,,,"",""
ball,2,35.4,West Indies,MN Samuels,S Chanderpaul,M Muralitharan,1,0,,,,,,"",""
ball,2,35.5,West Indies,S Chanderpaul,MN Samuels,M Muralitharan,1,0,,,,,,"",""
ball,2,35.6,West Indies,MN Samuels,S Chanderpaul,M Muralitharan,0,0,,,,,,lbw,MN Samuels
ball,2,36.1,West Indies,S Chanderpaul,DR Smith,ST Jayasuriya,0,0,,,,,,"",""
ball,2,36.2,West Indies,S Chanderpaul,DR Smith,ST Jayasuriya,1,0,,,,,,"",""
ball,2,36.3,West Indies,DR Smith,S Chanderpaul,ST Jayasuriya,0,0,,,,,,"",""
ball,2,36.4,West Indies,DR Smith,S Chanderpaul,ST Jayasuriya,0,0,,,,,,run out,DR Smith
ball,2,36.5,West Indies,D Ramdin,S Chanderpaul,ST Jayasuriya,0,0,,,,,,"",""
ball,2,36.6,West Indies,D Ramdin,S Chanderpaul,ST Jayasuriya,0,0,,,,,,"",""
ball,2,37.1,West Indies,S Chanderpaul,D Ramdin,M Muralitharan,0,0,,,,,,"",""
ball,2,37.2,West Indies,S Chanderpaul,D Ramdin,M Muralitharan,1,0,,,,,,"",""
ball,2,37.3,West Indies,D Ramdin,S Chanderpaul,M Muralitharan,1,0,,,,,,"",""
ball,2,37.4,West Indies,S Chanderpaul,D Ramdin,M Muralitharan,1,0,,,,,,"",""
ball,2,37.5,West Indies,D Ramdin,S Chanderpaul,M Muralitharan,1,0,,,,,,"",""
ball,2,37.6,West Indies,S Chanderpaul,D Ramdin,M Muralitharan,6,0,,,,,,"",""
ball,2,38.1,West Indies,D Ramdin,S Chanderpaul,ST Jayasuriya,0,0,,,,,,caught,D Ramdin
ball,2,38.2,West Indies,S Chanderpaul,IDR Bradshaw,ST Jayasuriya,1,0,,,,,,"",""
ball,2,38.3,West Indies,IDR Bradshaw,S Chanderpaul,ST Jayasuriya,0,0,,,,,,"",""
ball,2,38.4,West Indies,IDR Bradshaw,S Chanderpaul,ST Jayasuriya,0,0,,,,,,"",""
ball,2,38.5,West Indies,IDR Bradshaw,S Chanderpaul,ST Jayasuriya,1,0,,,,,,"",""
ball,2,38.6,West Indies,S Chanderpaul,IDR Bradshaw,ST Jayasuriya,1,0,,,,,,"",""
ball,2,39.1,West Indies,S Chanderpaul,IDR Bradshaw,SL Malinga,0,0,,,,,,"",""
ball,2,39.2,West Indies,S Chanderpaul,IDR Bradshaw,SL Malinga,1,0,,,,,,"",""
ball,2,39.3,West Indies,IDR Bradshaw,S Chanderpaul,SL Malinga,0,0,,,,,,"",""
ball,2,39.4,West Indies,IDR Bradshaw,S Chanderpaul,SL Malinga,0,0,,,,,,"",""
ball,2,39.5,West Indies,IDR Bradshaw,S Chanderpaul,SL Malinga,0,0,,,,,,"",""
ball,2,39.6,West Indies,IDR Bradshaw,S Chanderpaul,SL Malinga,1,0,,,,,,"",""
ball,2,40.1,West Indies,IDR Bradshaw,S Chanderpaul,ST Jayasuriya,0,0,,,,,,"",""
ball,2,40.2,West Indies,IDR Bradshaw,S Chanderpaul,ST Jayasuriya,0,0,,,,,,"",""
ball,2,40.3,West Indies,IDR Bradshaw,S Chanderpaul,ST Jayasuriya,1,0,,,,,,"",""
ball,2,40.4,West Indies,S Chanderpaul,IDR Bradshaw,ST Jayasuriya,1,0,,,,,,"",""
ball,2,40.5,West Indies,IDR Bradshaw,S Chanderpaul,ST Jayasuriya,1,0,,,,,,"",""
ball,2,40.6,West Indies,S Chanderpaul,IDR Bradshaw,ST Jayasuriya,1,0,,,,,,"",""
ball,2,41.1,West Indies,S Chanderpaul,IDR Bradshaw,SL Malinga,6,0,,,,,,"",""
ball,2,41.2,West Indies,S Chanderpaul,IDR Bradshaw,SL Malinga,0,0,,,,,,bowled,S Chanderpaul
ball,2,41.3,West Indies,JE Taylor,IDR Bradshaw,SL Malinga,0,0,,,,,,"",""
ball,2,41.4,West Indies,JE Taylor,IDR Bradshaw,SL Malinga,0,0,,,,,,"",""
ball,2,41.5,West Indies,JE Taylor,IDR Bradshaw,SL Malinga,2,0,,,,,,"",""
ball,2,41.6,West Indies,JE Taylor,IDR Bradshaw,SL Malinga,4,0,,,,,,"",""
ball,2,42.1,West Indies,IDR Bradshaw,JE Taylor,ST Jayasuriya,0,0,,,,,,"",""
ball,2,42.2,West Indies,IDR Bradshaw,JE Taylor,ST Jayasuriya,0,0,,,,,,"",""
ball,2,42.3,West Indies,IDR Bradshaw,JE Taylor,ST Jayasuriya,1,0,,,,,,"",""
ball,2,42.4,West Indies,JE Taylor,IDR Bradshaw,ST Jayasuriya,1,0,,,,,,"",""
ball,2,42.5,West Indies,IDR Bradshaw,JE Taylor,ST Jayasuriya,0,0,,,,,,"",""
ball,2,42.6,West Indies,IDR Bradshaw,JE Taylor,ST Jayasuriya,0,0,,,,,,"",""
ball,2,43.1,West Indies,JE Taylor,IDR Bradshaw,M Muralitharan,0,0,,,,,,"",""
ball,2,43.2,West Indies,JE Taylor,IDR Bradshaw,M Muralitharan,4,0,,,,,,"",""
ball,2,43.3,West Indies,JE Taylor,IDR Bradshaw,M Muralitharan,2,0,,,,,,"",""
ball,2,43.4,West Indies,JE Taylor,IDR Bradshaw,M Muralitharan,0,0,,,,,,lbw,JE Taylor
ball,2,43.5,West Indies,DBL Powell,IDR Bradshaw,M Muralitharan,0,0,,,,,,"",""
ball,2,43.6,West Indies,DBL Powell,IDR Bradshaw,M Muralitharan,1,0,,,,,,"",""
ball,2,44.1,West Indies,DBL Powell,IDR Bradshaw,ST Jayasuriya,1,0,,,,,,"",""
ball,2,44.2,West Indies,IDR Bradshaw,DBL Powell,ST Jayasuriya,1,0,,,,,,"",""
ball,2,44.3,West Indies,DBL Powell,IDR Bradshaw,ST Jayasuriya,0,0,,,,,,bowled,DBL Powell
