version,1.6.0
info,balls_per_over,6
info,team,Ireland
info,team,Zimbabwe
info,gender,male
info,season,2006/07
info,date,2007/03/15
info,event,ICC World Cup
info,match_number,5
info,venue,"Sabina Park, Kingston"
info,city,Jamaica
info,neutralvenue,true
info,toss_winner,Zimbabwe
info,toss_decision,field
info,player_of_match,JP Bray
info,umpire,IJ Gould
info,umpire,BG Jerling
info,reserve_umpire,SJA Taufel
info,tv_umpire,BF Bowden
info,match_referee,RS Mahanama
info,outcome,tie
info,player,Ireland,WTS Porterfield
info,player,Ireland,JP Bray
info,player,Ireland,EJG Morgan
info,player,Ireland,NJ O'Brien
info,player,Ireland,AC Botha
info,player,Ireland,KJ O'Brien
info,player,Ireland,AR White
info,player,Ireland,DT Johnston
info,player,Ireland,WK McCallan
info,player,Ireland,D Langford-Smith
info,player,Ireland,WB Rankin
info,player,Zimbabwe,T Duffin
info,player,Zimbabwe,V Sibanda
info,player,Zimbabwe,CJ Chibhabha
info,player,Zimbabwe,SC Williams
info,player,Zimbabwe,S Matsikenyeri
info,player,Zimbabwe,E Chigumbura
info,player,Zimbabwe,BRM Taylor
info,player,Zimbabwe,GB Brent
info,player,Zimbabwe,P Utseya
info,player,Zimbabwe,CB Mpofu
info,player,Zimbabwe,EC Rainsford
info,registry,people,AC Botha,d8e79af0
info,registry,people,AR White,f27f89e8
info,registry,people,BF Bowden,efc0a862
info,registry,people,BG Jerling,26457e41
info,registry,people,BRM Taylor,53597be1
info,registry,people,CB Mpofu,49691d7a
info,registry,people,CJ Chibhabha,f32dbc84
info,registry,people,D Langford-Smith,fa1aa7e7
info,registry,people,DT Johnston,e01895bb
info,registry,people,E Chigumbura,d2babdd5
info,registry,people,EC Rainsford,f771a151
info,registry,people,EJG Morgan,d2a6c0e6
info,registry,people,GB Brent,da785bf8
info,registry,people,IJ Gould,a9dfdf6c
info,registry,people,JP Bray,7c63baa7
info,registry,people,KJ O'Brien,243431b5
info,registry,people,NJ O'Brien,84826f48
info,registry,people,P Utseya,9de271ef
info,registry,people,RS Mahanama,57910393
info,registry,people,S Matsikenyeri,e7ba1233
info,registry,people,SC Williams,afe57f7a
info,registry,people,SJA Taufel,4b43d5ac
info,registry,people,T Duffin,4a84f573
info,registry,people,V Sibanda,0fdabe05
info,registry,people,WB Rankin,29b89ae8
info,registry,people,WK McCallan,c942a53b
info,registry,people,WTS Porterfield,ec02b798
ball,1,0.1,Ireland,WTS Porterfield,JP Bray,CB Mpofu,0,0,,,,,,"",""
ball,1,0.2,Ireland,WTS Porterfield,JP Bray,CB Mpofu,0,0,,,,,,"",""
ball,1,0.3,Ireland,WTS Porterfield,JP Bray,CB Mpofu,0,0,,,,,,"",""
ball,1,0.4,Ireland,WTS Porterfield,JP Bray,CB Mpofu,0,0,,,,,,"",""
ball,1,0.5,Ireland,WTS Porterfield,JP Bray,CB Mpofu,0,0,,,,,,"",""
ball,1,0.6,Ireland,WTS Porterfield,JP Bray,CB Mpofu,0,0,,,,,,caught,WTS Porterfield
ball,1,1.1,Ireland,JP Bray,EJG Morgan,EC Rainsford,0,0,,,,,,"",""
ball,1,1.2,Ireland,JP Bray,EJG Morgan,EC Rainsford,2,0,,,,,,"",""
ball,1,1.3,Ireland,JP Bray,EJG Morgan,EC Rainsford,0,0,,,,,,"",""
ball,1,1.4,Ireland,JP Bray,EJG Morgan,EC Rainsford,0,0,,,,,,"",""
ball,1,1.5,Ireland,JP Bray,EJG Morgan,EC Rainsford,1,0,,,,,,"",""
ball,1,1.6,Ireland,EJG Morgan,JP Bray,EC Rainsford,0,0,,,,,,"",""
ball,1,2.1,Ireland,JP Bray,EJG Morgan,CB Mpofu,0,0,,,,,,"",""
ball,1,2.2,Ireland,JP Bray,EJG Morgan,CB Mpofu,0,0,,,,,,"",""
ball,1,2.3,Ireland,JP Bray,EJG Morgan,CB Mpofu,0,0,,,,,,"",""
ball,1,2.4,Ireland,JP Bray,EJG Morgan,CB Mpofu,0,0,,,,,,"",""
ball,1,2.5,Ireland,JP Bray,EJG Morgan,CB Mpofu,0,0,,,,,,"",""
ball,1,2.6,Ireland,JP Bray,EJG Morgan,CB Mpofu,0,0,,,,,,"",""
ball,1,3.1,Ireland,EJG Morgan,JP Bray,EC Rainsford,0,1,1,,,,,"",""
ball,1,3.2,Ireland,EJG Morgan,JP Bray,EC Rainsford,0,0,,,,,,"",""
ball,1,3.3,Ireland,EJG Morgan,JP Bray,EC Rainsford,0,0,,,,,,"",""
ball,1,3.4,Ireland,EJG Morgan,JP Bray,EC Rainsford,0,0,,,,,,"",""
ball,1,3.5,Ireland,EJG Morgan,JP Bray,EC Rainsford,2,0,,,,,,"",""
ball,1,3.6,Ireland,EJG Morgan,JP Bray,EC Rainsford,0,0,,,,,,"",""
ball,1,3.7,Ireland,EJG Morgan,JP Bray,EC Rainsford,0,0,,,,,,"",""
ball,1,4.1,Ireland,JP Bray,EJG Morgan,CB Mpofu,0,0,,,,,,"",""
ball,1,4.2,Ireland,JP Bray,EJG Morgan,CB Mpofu,0,1,1,,,,,"",""
ball,1,4.3,Ireland,JP Bray,EJG Morgan,CB Mpofu,0,0,,,,,,"",""
ball,1,4.4,Ireland,JP Bray,EJG Morgan,CB Mpofu,4,0,,,,,,"",""
ball,1,4.5,Ireland,JP Bray,EJG Morgan,CB Mpofu,0,0,,,,,,"",""
ball,1,4.6,Ireland,JP Bray,EJG Morgan,CB Mpofu,6,0,,,,,,"",""
ball,1,4.7,Ireland,JP Bray,EJG Morgan,CB Mpofu,0,0,,,,,,"",""
ball,1,5.1,Ireland,EJG Morgan,JP Bray,EC Rainsford,1,0,,,,,,"",""
ball,1,5.2,Ireland,JP Bray,EJG Morgan,EC Rainsford,1,0,,,,,,"",""
ball,1,5.3,Ireland,EJG Morgan,JP Bray,EC Rainsford,4,0,,,,,,"",""
ball,1,5.4,Ireland,EJG Morgan,JP Bray,EC Rainsford,0,0,,,,,,"",""
ball,1,5.5,Ireland,EJG Morgan,JP Bray,EC Rainsford,0,0,,,,,,"",""
ball,1,5.6,Ireland,EJG Morgan,JP Bray,EC Rainsford,0,0,,,,,,"",""
ball,1,6.1,Ireland,JP Bray,EJG Morgan,CB Mpofu,1,0,,,,,,"",""
ball,1,6.2,Ireland,EJG Morgan,JP Bray,CB Mpofu,0,1,1,,,,,"",""
ball,1,6.3,Ireland,EJG Morgan,JP Bray,CB Mpofu,4,0,,,,,,"",""
ball,1,6.4,Ireland,EJG Morgan,JP Bray,CB Mpofu,4,0,,,,,,"",""
ball,1,6.5,Ireland,EJG Morgan,JP Bray,CB Mpofu,0,0,,,,,,"",""
ball,1,6.6,Ireland,EJG Morgan,JP Bray,CB Mpofu,0,0,,,,,,"",""
ball,1,6.7,Ireland,EJG Morgan,JP Bray,CB Mpofu,0,0,,,,,,"",""
ball,1,7.1,Ireland,JP Bray,EJG Morgan,EC Rainsford,3,0,,,,,,"",""
ball,1,7.2,Ireland,EJG Morgan,JP Bray,EC Rainsford,0,0,,,,,,"",""
ball,1,7.3,Ireland,EJG Morgan,JP Bray,EC Rainsford,2,0,,,,,,"",""
ball,1,7.4,Ireland,EJG Morgan,JP Bray,EC Rainsford,0,0,,,,,,"",""
ball,1,7.5,Ireland,EJG Morgan,JP Bray,EC Rainsford,4,0,,,,,,"",""
ball,1,7.6,Ireland,EJG Morgan,JP Bray,EC Rainsford,0,0,,,,,,"",""
ball,1,8.1,Ireland,JP Bray,EJG Morgan,E Chigumbura,0,0,,,,,,"",""
ball,1,8.2,Ireland,JP Bray,EJG Morgan,E Chigumbura,0,0,,,,,,"",""
ball,1,8.3,Ireland,JP Bray,EJG Morgan,E Chigumbura,0,0,,,,,,"",""
ball,1,8.4,Ireland,JP Bray,EJG Morgan,E Chigumbura,0,0,,,,,,"",""
ball,1,8.5,Ireland,JP Bray,EJG Morgan,E Chigumbura,0,0,,,,,,"",""
ball,1,8.6,Ireland,JP Bray,EJG Morgan,E Chigumbura,0,0,,,,,,"",""
ball,1,9.1,Ireland,EJG Morgan,JP Bray,GB Brent,0,0,,,,,,"",""
ball,1,9.2,Ireland,EJG Morgan,JP Bray,GB Brent,0,0,,,,,,"",""
ball,1,9.3,Ireland,EJG Morgan,JP Bray,GB Brent,0,0,,,,,,"",""
ball,1,9.4,Ireland,EJG Morgan,JP Bray,GB Brent,0,0,,,,,,"",""
ball,1,9.5,Ireland,EJG Morgan,JP Bray,GB Brent,0,1,1,,,,,"",""
ball,1,9.6,Ireland,EJG Morgan,JP Bray,GB Brent,0,0,,,,,,caught,EJG Morgan
ball,1,9.7,Ireland,NJ O'Brien,JP Bray,GB Brent,1,0,,,,,,"",""
ball,1,10.1,Ireland,NJ O'Brien,JP Bray,E Chigumbura,0,0,,,,,,"",""
ball,1,10.2,Ireland,NJ O'Brien,JP Bray,E Chigumbura,0,0,,,,,,"",""
ball,1,10.3,Ireland,NJ O'Brien,JP Bray,E Chigumbura,0,0,,,,,,"",""
ball,1,10.4,Ireland,NJ O'Brien,JP Bray,E Chigumbura,0,0,,,,,,caught,NJ O'Brien
ball,1,10.5,Ireland,AC Botha,JP Bray,E Chigumbura,0,0,,,,,,"",""
ball,1,10.6,Ireland,AC Botha,JP Bray,E Chigumbura,0,0,,,,,,"",""
ball,1,11.1,Ireland,JP Bray,AC Botha,GB Brent,0,0,,,,,,"",""
ball,1,11.2,Ireland,JP Bray,AC Botha,GB Brent,0,0,,,,,,"",""
ball,1,11.3,Ireland,JP Bray,AC Botha,GB Brent,4,0,,,,,,"",""
ball,1,11.4,Ireland,JP Bray,AC Botha,GB Brent,0,0,,,,,,"",""
ball,1,11.5,Ireland,JP Bray,AC Botha,GB Brent,0,0,,,,,,"",""
ball,1,11.6,Ireland,JP Bray,AC Botha,GB Brent,5,0,,,,,,"",""
ball,1,12.1,Ireland,JP Bray,AC Botha,E Chigumbura,0,0,,,,,,"",""
ball,1,12.2,Ireland,JP Bray,AC Botha,E Chigumbura,0,1,,1,,,,"",""
ball,1,12.3,Ireland,JP Bray,AC Botha,E Chigumbura,0,0,,,,,,"",""
ball,1,12.4,Ireland,JP Bray,AC Botha,E Chigumbura,0,0,,,,,,"",""
ball,1,12.5,Ireland,JP Bray,AC Botha,E Chigumbura,6,0,,,,,,"",""
ball,1,12.6,Ireland,JP Bray,AC Botha,E Chigumbura,0,0,,,,,,"",""
ball,1,13.1,Ireland,AC Botha,JP Bray,GB Brent,0,1,1,,,,,"",""
ball,1,13.2,Ireland,AC Botha,JP Bray,GB Brent,0,0,,,,,,"",""
ball,1,13.3,Ireland,AC Botha,JP Bray,GB Brent,1,0,,,,,,"",""
ball,1,13.4,Ireland,JP Bray,AC Botha,GB Brent,0,0,,,,,,"",""
ball,1,13.5,Ireland,JP Bray,AC Botha,GB Brent,1,0,,,,,,"",""
ball,1,13.6,Ireland,AC Botha,JP Bray,GB Brent,0,0,,,,,,"",""
ball,1,13.7,Ireland,AC Botha,JP Bray,GB Brent,0,0,,,,,,"",""
ball,1,14.1,Ireland,JP Bray,AC Botha,E Chigumbura,0,0,,,,,,"",""
ball,1,14.2,Ireland,JP Bray,AC Botha,E Chigumbura,1,0,,,,,,"",""
ball,1,14.3,Ireland,AC Botha,JP Bray,E Chigumbura,0,0,,,,,,bowled,AC Botha
ball,1,14.4,Ireland,KJ O'Brien,JP Bray,E Chigumbura,0,0,,,,,,"",""
ball,1,14.5,Ireland,KJ O'Brien,JP Bray,E Chigumbura,0,0,,,,,,"",""
ball,1,14.6,Ireland,KJ O'Brien,JP Bray,E Chigumbura,0,0,,,,,,"",""
ball,1,15.1,Ireland,JP Bray,KJ O'Brien,GB Brent,0,0,,,,,,"",""
ball,1,15.2,Ireland,JP Bray,KJ O'Brien,GB Brent,0,0,,,,,,"",""
ball,1,15.3,Ireland,JP Bray,KJ O'Brien,GB Brent,0,0,,,,,,"",""
ball,1,15.4,Ireland,JP Bray,KJ O'Brien,GB Brent,0,0,,,,,,"",""
ball,1,15.5,Ireland,JP Bray,KJ O'Brien,GB Brent,0,0,,,,,,"",""
ball,1,15.6,Ireland,JP Bray,KJ O'Brien,GB Brent,0,0,,,,,,"",""
ball,1,16.1,Ireland,KJ O'Brien,JP Bray,E Chigumbura,4,0,,,,,,"",""
ball,1,16.2,Ireland,KJ O'Brien,JP Bray,E Chigumbura,0,0,,,,,,"",""
ball,1,16.3,Ireland,KJ O'Brien,JP Bray,E Chigumbura,0,1,,1,,,,"",""
ball,1,16.4,Ireland,KJ O'Brien,JP Bray,E Chigumbura,0,0,,,,,,"",""
ball,1,16.5,Ireland,KJ O'Brien,JP Bray,E Chigumbura,0,0,,,,,,"",""
ball,1,16.6,Ireland,KJ O'Brien,JP Bray,E Chigumbura,0,1,,,,1,,"",""
ball,1,16.7,Ireland,JP Bray,KJ O'Brien,E Chigumbura,0,0,,,,,,"",""
ball,1,17.1,Ireland,KJ O'Brien,JP Bray,GB Brent,0,0,,,,,,"",""
ball,1,17.2,Ireland,KJ O'Brien,JP Bray,GB Brent,0,0,,,,,,"",""
ball,1,17.3,Ireland,KJ O'Brien,JP Bray,GB Brent,4,0,,,,,,"",""
ball,1,17.4,Ireland,KJ O'Brien,JP Bray,GB Brent,0,0,,,,,,"",""
ball,1,17.5,Ireland,KJ O'Brien,JP Bray,GB Brent,0,0,,,,,,"",""
ball,1,17.6,Ireland,KJ O'Brien,JP Bray,GB Brent,0,0,,,,,,"",""
ball,1,18.1,Ireland,JP Bray,KJ O'Brien,CB Mpofu,0,0,,,,,,"",""
ball,1,18.2,Ireland,JP Bray,KJ O'Brien,CB Mpofu,1,0,,,,,,"",""
ball,1,18.3,Ireland,KJ O'Brien,JP Bray,CB Mpofu,0,0,,,,,,"",""
ball,1,18.4,Ireland,KJ O'Brien,JP Bray,CB Mpofu,1,0,,,,,,"",""
ball,1,18.5,Ireland,JP Bray,KJ O'Brien,CB Mpofu,1,0,,,,,,"",""
ball,1,18.6,Ireland,KJ O'Brien,JP Bray,CB Mpofu,0,0,,,,,,"",""
ball,1,19.1,Ireland,JP Bray,KJ O'Brien,EC Rainsford,0,0,,,,,,"",""
ball,1,19.2,Ireland,JP Bray,KJ O'Brien,EC Rainsford,0,0,,,,,,"",""
ball,1,19.3,Ireland,JP Bray,KJ O'Brien,EC Rainsford,4,0,,,,,,"",""
ball,1,19.4,Ireland,JP Bray,KJ O'Brien,EC Rainsford,0,0,,,,,,"",""
ball,1,19.5,Ireland,JP Bray,KJ O'Brien,EC Rainsford,0,0,,,,,,"",""
ball,1,19.6,Ireland,JP Bray,KJ O'Brien,EC Rainsford,0,0,,,,,,"",""
ball,1,20.1,Ireland,KJ O'Brien,JP Bray,CB Mpofu,0,0,,,,,,"",""
ball,1,20.2,Ireland,KJ O'Brien,JP Bray,CB Mpofu,0,0,,,,,,"",""
ball,1,20.3,Ireland,KJ O'Brien,JP Bray,CB Mpofu,0,0,,,,,,"",""
ball,1,20.4,Ireland,KJ O'Brien,JP Bray,CB Mpofu,0,0,,,,,,"",""
ball,1,20.5,Ireland,KJ O'Brien,JP Bray,CB Mpofu,0,0,,,,,,"",""
ball,1,20.6,Ireland,KJ O'Brien,JP Bray,CB Mpofu,0,0,,,,,,"",""
ball,1,21.1,Ireland,JP Bray,KJ O'Brien,EC Rainsford,4,0,,,,,,"",""
ball,1,21.2,Ireland,JP Bray,KJ O'Brien,EC Rainsford,1,0,,,,,,"",""
ball,1,21.3,Ireland,KJ O'Brien,JP Bray,EC Rainsford,0,1,,1,,,,"",""
ball,1,21.4,Ireland,KJ O'Brien,JP Bray,EC Rainsford,1,0,,,,,,"",""
ball,1,21.5,Ireland,JP Bray,KJ O'Brien,EC Rainsford,1,0,,,,,,"",""
ball,1,21.6,Ireland,KJ O'Brien,JP Bray,EC Rainsford,0,0,,,,,,"",""
ball,1,21.7,Ireland,KJ O'Brien,JP Bray,EC Rainsford,0,0,,,,,,caught,KJ O'Brien
ball,1,22.1,Ireland,JP Bray,AR White,P Utseya,0,0,,,,,,"",""
ball,1,22.2,Ireland,JP Bray,AR White,P Utseya,1,0,,,,,,"",""
ball,1,22.3,Ireland,AR White,JP Bray,P Utseya,0,0,,,,,,"",""
ball,1,22.4,Ireland,AR White,JP Bray,P Utseya,0,0,,,,,,"",""
ball,1,22.5,Ireland,AR White,JP Bray,P Utseya,0,0,,,,,,"",""
ball,1,22.6,Ireland,AR White,JP Bray,P Utseya,0,0,,,,,,"",""
ball,1,23.1,Ireland,JP Bray,AR White,E Chigumbura,4,0,,,,,,"",""
ball,1,23.2,Ireland,JP Bray,AR White,E Chigumbura,0,0,,,,,,"",""
ball,1,23.3,Ireland,JP Bray,AR White,E Chigumbura,0,0,,,,,,"",""
ball,1,23.4,Ireland,JP Bray,AR White,E Chigumbura,4,0,,,,,,"",""
ball,1,23.5,Ireland,JP Bray,AR White,E Chigumbura,0,0,,,,,,"",""
ball,1,23.6,Ireland,JP Bray,AR White,E Chigumbura,0,0,,,,,,"",""
ball,1,24.1,Ireland,AR White,JP Bray,P Utseya,0,0,,,,,,"",""
ball,1,24.2,Ireland,AR White,JP Bray,P Utseya,0,0,,,,,,"",""
ball,1,24.3,Ireland,AR White,JP Bray,P Utseya,0,0,,,,,,"",""
ball,1,24.4,Ireland,AR White,JP Bray,P Utseya,1,0,,,,,,"",""
ball,1,24.5,Ireland,JP Bray,AR White,P Utseya,0,0,,,,,,"",""
ball,1,24.6,Ireland,JP Bray,AR White,P Utseya,0,0,,,,,,"",""
ball,1,25.1,Ireland,AR White,JP Bray,SC Williams,0,0,,,,,,"",""
ball,1,25.2,Ireland,AR White,JP Bray,SC Williams,1,0,,,,,,"",""
ball,1,25.3,Ireland,JP Bray,AR White,SC Williams,1,0,,,,,,"",""
ball,1,25.4,Ireland,AR White,JP Bray,SC Williams,2,0,,,,,,"",""
ball,1,25.5,Ireland,AR White,JP Bray,SC Williams,0,0,,,,,,"",""
ball,1,25.6,Ireland,AR White,JP Bray,SC Williams,0,0,,,,,,"",""
ball,1,26.1,Ireland,JP Bray,AR White,P Utseya,0,0,,,,,,"",""
ball,1,26.2,Ireland,JP Bray,AR White,P Utseya,1,0,,,,,,"",""
ball,1,26.3,Ireland,AR White,JP Bray,P Utseya,0,0,,,,,,"",""
ball,1,26.4,Ireland,AR White,JP Bray,P Utseya,0,0,,,,,,"",""
ball,1,26.5,Ireland,AR White,JP Bray,P Utseya,0,0,,,,,,"",""
ball,1,26.6,Ireland,AR White,JP Bray,P Utseya,1,0,,,,,,"",""
ball,1,27.1,Ireland,AR White,JP Bray,SC Williams,0,0,,,,,,"",""
ball,1,27.2,Ireland,AR White,JP Bray,SC Williams,1,0,,,,,,"",""
ball,1,27.3,Ireland,JP Bray,AR White,SC Williams,1,0,,,,,,"",""
ball,1,27.4,Ireland,AR White,JP Bray,SC Williams,0,0,,,,,,"",""
ball,1,27.5,Ireland,AR White,JP Bray,SC Williams,1,0,,,,,,"",""
ball,1,27.6,Ireland,JP Bray,AR White,SC Williams,1,0,,,,,,"",""
ball,1,28.1,Ireland,JP Bray,AR White,P Utseya,0,0,,,,,,"",""
ball,1,28.2,Ireland,JP Bray,AR White,P Utseya,0,0,,,,,,"",""
ball,1,28.3,Ireland,JP Bray,AR White,P Utseya,0,0,,,,,,"",""
ball,1,28.4,Ireland,JP Bray,AR White,P Utseya,0,0,,,,,,"",""
ball,1,28.5,Ireland,JP Bray,AR White,P Utseya,0,0,,,,,,"",""
ball,1,28.6,Ireland,JP Bray,AR White,P Utseya,1,0,,,,,,"",""
ball,1,29.1,Ireland,JP Bray,AR White,SC Williams,1,0,,,,,,"",""
ball,1,29.2,Ireland,AR White,JP Bray,SC Williams,0,0,,,,,,"",""
ball,1,29.3,Ireland,AR White,JP Bray,SC Williams,0,0,,,,,,"",""
ball,1,29.4,Ireland,AR White,JP Bray,SC Williams,1,0,,,,,,"",""
ball,1,29.5,Ireland,JP Bray,AR White,SC Williams,0,0,,,,,,"",""
ball,1,29.6,Ireland,JP Bray,AR White,SC Williams,1,0,,,,,,"",""
ball,1,30.1,Ireland,JP Bray,AR White,P Utseya,0,0,,,,,,"",""
ball,1,30.2,Ireland,JP Bray,AR White,P Utseya,1,0,,,,,,"",""
ball,1,30.3,Ireland,AR White,JP Bray,P Utseya,4,0,,,,,,"",""
ball,1,30.4,Ireland,AR White,JP Bray,P Utseya,2,0,,,,,,"",""
ball,1,30.5,Ireland,AR White,JP Bray,P Utseya,0,0,,,,,,"",""
ball,1,30.6,Ireland,AR White,JP Bray,P Utseya,0,0,,,,,,"",""
ball,1,31.1,Ireland,JP Bray,AR White,GB Brent,0,0,,,,,,"",""
ball,1,31.2,Ireland,JP Bray,AR White,GB Brent,1,0,,,,,,"",""
ball,1,31.3,Ireland,AR White,JP Bray,GB Brent,0,0,,,,,,"",""
ball,1,31.4,Ireland,AR White,JP Bray,GB Brent,0,1,,,1,,,"",""
ball,1,31.5,Ireland,JP Bray,AR White,GB Brent,0,0,,,,,,"",""
ball,1,31.6,Ireland,JP Bray,AR White,GB Brent,1,0,,,,,,"",""
ball,1,32.1,Ireland,JP Bray,AR White,P Utseya,0,0,,,,,,"",""
ball,1,32.2,Ireland,JP Bray,AR White,P Utseya,1,0,,,,,,"",""
ball,1,32.3,Ireland,AR White,JP Bray,P Utseya,1,0,,,,,,"",""
ball,1,32.4,Ireland,JP Bray,AR White,P Utseya,0,0,,,,,,"",""
ball,1,32.5,Ireland,JP Bray,AR White,P Utseya,1,0,,,,,,"",""
ball,1,32.6,Ireland,AR White,JP Bray,P Utseya,0,0,,,,,,"",""
ball,1,33.1,Ireland,JP Bray,AR White,GB Brent,0,0,,,,,,"",""
ball,1,33.2,Ireland,JP Bray,AR White,GB Brent,1,0,,,,,,"",""
ball,1,33.3,Ireland,AR White,JP Bray,GB Brent,0,0,,,,,,"",""
ball,1,33.4,Ireland,AR White,JP Bray,GB Brent,0,0,,,,,,"",""
ball,1,33.5,Ireland,AR White,JP Bray,GB Brent,1,0,,,,,,"",""
ball,1,33.6,Ireland,JP Bray,AR White,GB Brent,1,0,,,,,,"",""
ball,1,34.1,Ireland,JP Bray,AR White,P Utseya,0,0,,,,,,"",""
ball,1,34.2,Ireland,JP Bray,AR White,P Utseya,1,0,,,,,,"",""
ball,1,34.3,Ireland,AR White,JP Bray,P Utseya,0,0,,,,,,"",""
ball,1,34.4,Ireland,AR White,JP Bray,P Utseya,1,0,,,,,,"",""
ball,1,34.5,Ireland,JP Bray,AR White,P Utseya,0,0,,,,,,"",""
ball,1,34.6,Ireland,JP Bray,AR White,P Utseya,0,0,,,,,,"",""
ball,1,35.1,Ireland,AR White,JP Bray,GB Brent,0,0,,,,,,"",""
ball,1,35.2,Ireland,AR White,JP Bray,GB Brent,1,0,,,,,,"",""
ball,1,35.3,Ireland,JP Bray,AR White,GB Brent,1,0,,,,,,"",""
ball,1,35.4,Ireland,AR White,JP Bray,GB Brent,4,0,,,,,,"",""
ball,1,35.5,Ireland,AR White,JP Bray,GB Brent,0,0,,,,,,"",""
ball,1,35.6,Ireland,AR White,JP Bray,GB Brent,0,0,,,,,,"",""
ball,1,36.1,Ireland,JP Bray,AR White,P Utseya,1,0,,,,,,"",""
ball,1,36.2,Ireland,AR White,JP Bray,P Utseya,1,0,,,,,,"",""
ball,1,36.3,Ireland,JP Bray,AR White,P Utseya,1,0,,,,,,"",""
ball,1,36.4,Ireland,AR White,JP Bray,P Utseya,4,0,,,,,,"",""
ball,1,36.5,Ireland,AR White,JP Bray,P Utseya,1,0,,,,,,"",""
ball,1,36.6,Ireland,JP Bray,AR White,P Utseya,0,0,,,,,,"",""
ball,1,37.1,Ireland,AR White,JP Bray,GB Brent,0,0,,,,,,"",""
ball,1,37.2,Ireland,AR White,JP Bray,GB Brent,0,0,,,,,,"",""
ball,1,37.3,Ireland,AR White,JP Bray,GB Brent,0,0,,,,,,lbw,AR White
ball,1,37.4,Ireland,DT Johnston,JP Bray,GB Brent,0,0,,,,,,"",""
ball,1,37.5,Ireland,DT Johnston,JP Bray,GB Brent,0,0,,,,,,"",""
ball,1,37.6,Ireland,DT Johnston,JP Bray,GB Brent,4,0,,,,,,"",""
ball,1,38.1,Ireland,JP Bray,DT Johnston,S Matsikenyeri,2,0,,,,,,"",""
ball,1,38.2,Ireland,JP Bray,DT Johnston,S Matsikenyeri,1,0,,,,,,"",""
ball,1,38.3,Ireland,DT Johnston,JP Bray,S Matsikenyeri,0,0,,,,,,"",""
ball,1,38.4,Ireland,DT Johnston,JP Bray,S Matsikenyeri,1,0,,,,,,"",""
ball,1,38.5,Ireland,JP Bray,DT Johnston,S Matsikenyeri,1,0,,,,,,"",""
ball,1,38.6,Ireland,DT Johnston,JP Bray,S Matsikenyeri,1,0,,,,,,"",""
ball,1,39.1,Ireland,DT Johnston,JP Bray,GB Brent,1,0,,,,,,"",""
ball,1,39.2,Ireland,JP Bray,DT Johnston,GB Brent,0,0,,,,,,"",""
ball,1,39.3,Ireland,JP Bray,DT Johnston,GB Brent,4,0,,,,,,"",""
ball,1,39.4,Ireland,JP Bray,DT Johnston,GB Brent,1,0,,,,,,"",""
ball,1,39.5,Ireland,DT Johnston,JP Bray,GB Brent,1,0,,,,,,"",""
ball,1,39.6,Ireland,JP Bray,DT Johnston,GB Brent,0,0,,,,,,"",""
ball,1,40.1,Ireland,DT Johnston,JP Bray,P Utseya,0,0,,,,,,"",""
ball,1,40.2,Ireland,DT Johnston,JP Bray,P Utseya,0,0,,,,,,"",""
ball,1,40.3,Ireland,DT Johnston,JP Bray,P Utseya,1,0,,,,,,"",""
ball,1,40.4,Ireland,JP Bray,DT Johnston,P Utseya,1,0,,,,,,"",""
ball,1,40.5,Ireland,DT Johnston,JP Bray,P Utseya,0,0,,,,,,"",""
ball,1,40.6,Ireland,DT Johnston,JP Bray,P Utseya,0,0,,,,,,"",""
ball,1,41.1,Ireland,JP Bray,DT Johnston,SC Williams,1,0,,,,,,"",""
ball,1,41.2,Ireland,DT Johnston,JP Bray,SC Williams,0,0,,,,,,"",""
ball,1,41.3,Ireland,DT Johnston,JP Bray,SC Williams,1,0,,,,,,"",""
ball,1,41.4,Ireland,JP Bray,DT Johnston,SC Williams,1,0,,,,,,"",""
ball,1,41.5,Ireland,DT Johnston,JP Bray,SC Williams,2,0,,,,,,"",""
ball,1,41.6,Ireland,DT Johnston,JP Bray,SC Williams,0,0,,,,,,"",""
ball,1,42.1,Ireland,JP Bray,DT Johnston,P Utseya,0,0,,,,,,"",""
ball,1,42.2,Ireland,JP Bray,DT Johnston,P Utseya,1,0,,,,,,"",""
ball,1,42.3,Ireland,DT Johnston,JP Bray,P Utseya,0,0,,,,,,"",""
ball,1,42.4,Ireland,DT Johnston,JP Bray,P Utseya,0,0,,,,,,"",""
ball,1,42.5,Ireland,DT Johnston,JP Bray,P Utseya,1,0,,,,,,"",""
ball,1,42.6,Ireland,JP Bray,DT Johnston,P Utseya,0,0,,,,,,"",""
ball,1,43.1,Ireland,DT Johnston,JP Bray,CB Mpofu,2,0,,,,,,"",""
ball,1,43.2,Ireland,DT Johnston,JP Bray,CB Mpofu,4,0,,,,,,"",""
ball,1,43.3,Ireland,DT Johnston,JP Bray,CB Mpofu,0,0,,,,,,"",""
ball,1,43.4,Ireland,DT Johnston,JP Bray,CB Mpofu,1,0,,,,,,"",""
ball,1,43.5,Ireland,JP Bray,DT Johnston,CB Mpofu,4,0,,,,,,"",""
ball,1,43.6,Ireland,JP Bray,DT Johnston,CB Mpofu,0,0,,,,,,run out,DT Johnston
ball,1,44.1,Ireland,WK McCallan,JP Bray,SC Williams,0,0,,,,,,"",""
ball,1,44.2,Ireland,WK McCallan,JP Bray,SC Williams,0,0,,,,,,"",""
ball,1,44.3,Ireland,WK McCallan,JP Bray,SC Williams,0,0,,,,,,stumped,WK McCallan
ball,1,44.4,Ireland,D Langford-Smith,JP Bray,SC Williams,0,0,,,,,,"",""
ball,1,44.5,Ireland,D Langford-Smith,JP Bray,SC Williams,0,0,,,,,,"",""
ball,1,44.6,Ireland,D Langford-Smith,JP Bray,SC Williams,0,0,,,,,,"",""
ball,1,45.1,Ireland,JP Bray,D Langford-Smith,CB Mpofu,1,0,,,,,,"",""
ball,1,45.2,Ireland,D Langford-Smith,JP Bray,CB Mpofu,1,0,,,,,,"",""
ball,1,45.3,Ireland,JP Bray,D Langford-Smith,CB Mpofu,4,0,,,,,,"",""
ball,1,45.4,Ireland,JP Bray,D Langford-Smith,CB Mpofu,0,0,,,,,,"",""
ball,1,45.5,Ireland,JP Bray,D Langford-Smith,CB Mpofu,1,0,,,,,,"",""
ball,1,45.6,Ireland,D Langford-Smith,JP Bray,CB Mpofu,0,0,,,,,,"",""
ball,1,46.1,Ireland,JP Bray,D Langford-Smith,SC Williams,1,0,,,,,,"",""
ball,1,46.2,Ireland,D Langford-Smith,JP Bray,SC Williams,0,0,,,,,,"",""
ball,1,46.3,Ireland,D Langford-Smith,JP Bray,SC Williams,0,0,,,,,,"",""
ball,1,46.4,Ireland,D Langford-Smith,JP Bray,SC Williams,2,0,,,,,,"",""
ball,1,46.5,Ireland,D Langford-Smith,JP Bray,SC Williams,1,0,,,,,,"",""
ball,1,46.6,Ireland,JP Bray,D Langford-Smith,SC Williams,1,0,,,,,,"",""
ball,1,47.1,Ireland,JP Bray,D Langford-Smith,CB Mpofu,0,0,,,,,,"",""
ball,1,47.2,Ireland,JP Bray,D Langford-Smith,CB Mpofu,4,0,,,,,,"",""
ball,1,47.3,Ireland,JP Bray,D Langford-Smith,CB Mpofu,1,0,,,,,,"",""
ball,1,47.4,Ireland,D Langford-Smith,JP Bray,CB Mpofu,0,0,,,,,,"",""
ball,1,47.5,Ireland,D Langford-Smith,JP Bray,CB Mpofu,1,0,,,,,,"",""
ball,1,47.6,Ireland,JP Bray,D Langford-Smith,CB Mpofu,1,0,,,,,,"",""
ball,1,48.1,Ireland,JP Bray,D Langford-Smith,EC Rainsford,2,0,,,,,,"",""
ball,1,48.2,Ireland,JP Bray,D Langford-Smith,EC Rainsford,2,0,,,,,,"",""
ball,1,48.3,Ireland,JP Bray,D Langford-Smith,EC Rainsford,2,0,,,,,,"",""
ball,1,48.4,Ireland,JP Bray,D Langford-Smith,EC Rainsford,1,0,,,,,,"",""
ball,1,48.5,Ireland,D Langford-Smith,JP Bray,EC Rainsford,0,0,,,,,,"",""
ball,1,48.6,Ireland,D Langford-Smith,JP Bray,EC Rainsford,4,0,,,,,,"",""
ball,1,49.1,Ireland,JP Bray,D Langford-Smith,CB Mpofu,2,0,,,,,,"",""
ball,1,49.2,Ireland,JP Bray,D Langford-Smith,CB Mpofu,1,0,,,,,,"",""
ball,1,49.3,Ireland,D Langford-Smith,JP Bray,CB Mpofu,2,0,,,,,,"",""
ball,1,49.4,Ireland,D Langford-Smith,JP Bray,CB Mpofu,2,0,,,,,,"",""
ball,1,49.5,Ireland,D Langford-Smith,JP Bray,CB Mpofu,2,0,,,,,,"",""
ball,1,49.6,Ireland,D Langford-Smith,JP Bray,CB Mpofu,0,0,,,,,,caught,D Langford-Smith
ball,2,0.1,Zimbabwe,T Duffin,V Sibanda,D Langford-Smith,0,0,,,,,,"",""
ball,2,0.2,Zimbabwe,T Duffin,V Sibanda,D Langford-Smith,4,0,,,,,,"",""
ball,2,0.3,Zimbabwe,T Duffin,V Sibanda,D Langford-Smith,1,0,,,,,,"",""
ball,2,0.4,Zimbabwe,V Sibanda,T Duffin,D Langford-Smith,0,0,,,,,,"",""
ball,2,0.5,Zimbabwe,V Sibanda,T Duffin,D Langford-Smith,0,0,,,,,,"",""
ball,2,0.6,Zimbabwe,V Sibanda,T Duffin,D Langford-Smith,0,0,,,,,,"",""
ball,2,1.1,Zimbabwe,T Duffin,V Sibanda,WB Rankin,0,0,,,,,,"",""
ball,2,1.2,Zimbabwe,T Duffin,V Sibanda,WB Rankin,4,0,,,,,,"",""
ball,2,1.3,Zimbabwe,T Duffin,V Sibanda,WB Rankin,0,0,,,,,,"",""
ball,2,1.4,Zimbabwe,T Duffin,V Sibanda,WB Rankin,0,0,,,,,,"",""
ball,2,1.5,Zimbabwe,T Duffin,V Sibanda,WB Rankin,0,0,,,,,,"",""
ball,2,1.6,Zimbabwe,T Duffin,V Sibanda,WB Rankin,0,0,,,,,,"",""
ball,2,2.1,Zimbabwe,V Sibanda,T Duffin,D Langford-Smith,0,0,,,,,,"",""
ball,2,2.2,Zimbabwe,V Sibanda,T Duffin,D Langford-Smith,0,1,1,,,,,"",""
ball,2,2.3,Zimbabwe,V Sibanda,T Duffin,D Langford-Smith,2,0,,,,,,"",""
ball,2,2.4,Zimbabwe,V Sibanda,T Duffin,D Langford-Smith,1,0,,,,,,"",""
ball,2,2.5,Zimbabwe,T Duffin,V Sibanda,D Langford-Smith,0,0,,,,,,"",""
ball,2,2.6,Zimbabwe,T Duffin,V Sibanda,D Langford-Smith,0,0,,,,,,"",""
ball,2,2.7,Zimbabwe,T Duffin,V Sibanda,D Langford-Smith,0,0,,,,,,"",""
ball,2,3.1,Zimbabwe,V Sibanda,T Duffin,WB Rankin,4,0,,,,,,"",""
ball,2,3.2,Zimbabwe,V Sibanda,T Duffin,WB Rankin,2,0,,,,,,"",""
ball,2,3.3,Zimbabwe,V Sibanda,T Duffin,WB Rankin,0,0,,,,,,"",""
ball,2,3.4,Zimbabwe,V Sibanda,T Duffin,WB Rankin,1,0,,,,,,"",""
ball,2,3.5,Zimbabwe,T Duffin,V Sibanda,WB Rankin,0,1,1,,,,,"",""
ball,2,3.6,Zimbabwe,T Duffin,V Sibanda,WB Rankin,1,0,,,,,,"",""
ball,2,3.7,Zimbabwe,V Sibanda,T Duffin,WB Rankin,0,0,,,,,,"",""
ball,2,4.1,Zimbabwe,T Duffin,V Sibanda,D Langford-Smith,1,0,,,,,,"",""
ball,2,4.2,Zimbabwe,V Sibanda,T Duffin,D Langford-Smith,0,1,1,,,,,"",""
ball,2,4.3,Zimbabwe,V Sibanda,T Duffin,D Langford-Smith,0,0,,,,,,"",""
ball,2,4.4,Zimbabwe,V Sibanda,T Duffin,D Langford-Smith,0,0,,,,,,"",""
ball,2,4.5,Zimbabwe,V Sibanda,T Duffin,D Langford-Smith,1,0,,,,,,"",""
ball,2,4.6,Zimbabwe,T Duffin,V Sibanda,D Langford-Smith,0,0,,,,,,"",""
ball,2,4.7,Zimbabwe,T Duffin,V Sibanda,D Langford-Smith,1,0,,,,,,"",""
ball,2,5.1,Zimbabwe,T Duffin,V Sibanda,WB Rankin,0,0,,,,,,"",""
ball,2,5.2,Zimbabwe,T Duffin,V Sibanda,WB Rankin,0,0,,,,,,"",""
ball,2,5.3,Zimbabwe,T Duffin,V Sibanda,WB Rankin,0,0,,,,,,"",""
ball,2,5.4,Zimbabwe,T Duffin,V Sibanda,WB Rankin,0,0,,,,,,"",""
ball,2,5.5,Zimbabwe,T Duffin,V Sibanda,WB Rankin,0,0,,,,,,"",""
ball,2,5.6,Zimbabwe,T Duffin,V Sibanda,WB Rankin,0,0,,,,,,caught,T Duffin
ball,2,6.1,Zimbabwe,V Sibanda,CJ Chibhabha,D Langford-Smith,0,0,,,,,,"",""
ball,2,6.2,Zimbabwe,V Sibanda,CJ Chibhabha,D Langford-Smith,0,0,,,,,,"",""
ball,2,6.3,Zimbabwe,V Sibanda,CJ Chibhabha,D Langford-Smith,0,0,,,,,,"",""
ball,2,6.4,Zimbabwe,V Sibanda,CJ Chibhabha,D Langford-Smith,0,0,,,,,,"",""
ball,2,6.5,Zimbabwe,V Sibanda,CJ Chibhabha,D Langford-Smith,0,0,,,,,,"",""
ball,2,6.6,Zimbabwe,V Sibanda,CJ Chibhabha,D Langford-Smith,1,0,,,,,,"",""
ball,2,7.1,Zimbabwe,V Sibanda,CJ Chibhabha,WB Rankin,0,0,,,,,,"",""
ball,2,7.2,Zimbabwe,V Sibanda,CJ Chibhabha,WB Rankin,4,0,,,,,,"",""
ball,2,7.3,Zimbabwe,V Sibanda,CJ Chibhabha,WB Rankin,0,0,,,,,,"",""
ball,2,7.4,Zimbabwe,V Sibanda,CJ Chibhabha,WB Rankin,0,1,1,,,,,"",""
ball,2,7.5,Zimbabwe,V Sibanda,CJ Chibhabha,WB Rankin,4,0,,,,,,"",""
ball,2,7.6,Zimbabwe,V Sibanda,CJ Chibhabha,WB Rankin,4,0,,,,,,"",""
ball,2,7.7,Zimbabwe,V Sibanda,CJ Chibhabha,WB Rankin,1,0,,,,,,"",""
ball,2,8.1,Zimbabwe,V Sibanda,CJ Chibhabha,D Langford-Smith,0,0,,,,,,"",""
ball,2,8.2,Zimbabwe,V Sibanda,CJ Chibhabha,D Langford-Smith,0,0,,,,,,"",""
ball,2,8.3,Zimbabwe,V Sibanda,CJ Chibhabha,D Langford-Smith,1,0,,,,,,"",""
ball,2,8.4,Zimbabwe,CJ Chibhabha,V Sibanda,D Langford-Smith,0,0,,,,,,"",""
ball,2,8.5,Zimbabwe,CJ Chibhabha,V Sibanda,D Langford-Smith,0,0,,,,,,"",""
ball,2,8.6,Zimbabwe,CJ Chibhabha,V Sibanda,D Langford-Smith,0,1,1,,,,,"",""
ball,2,8.7,Zimbabwe,CJ Chibhabha,V Sibanda,D Langford-Smith,0,0,,,,,,"",""
ball,2,9.1,Zimbabwe,V Sibanda,CJ Chibhabha,WB Rankin,0,0,,,,,,"",""
ball,2,9.2,Zimbabwe,V Sibanda,CJ Chibhabha,WB Rankin,4,0,,,,,,"",""
ball,2,9.3,Zimbabwe,V Sibanda,CJ Chibhabha,WB Rankin,3,0,,,,,,"",""
ball,2,9.4,Zimbabwe,CJ Chibhabha,V Sibanda,WB Rankin,0,0,,,,,,"",""
ball,2,9.5,Zimbabwe,CJ Chibhabha,V Sibanda,WB Rankin,0,0,,,,,,"",""
ball,2,9.6,Zimbabwe,CJ Chibhabha,V Sibanda,WB Rankin,0,0,,,,,,"",""
ball,2,10.1,Zimbabwe,V Sibanda,CJ Chibhabha,D Langford-Smith,4,0,,,,,,"",""
ball,2,10.2,Zimbabwe,V Sibanda,CJ Chibhabha,D Langford-Smith,0,0,,,,,,"",""
ball,2,10.3,Zimbabwe,V Sibanda,CJ Chibhabha,D Langford-Smith,0,0,,,,,,"",""
ball,2,10.4,Zimbabwe,V Sibanda,CJ Chibhabha,D Langford-Smith,1,0,,,,,,"",""
ball,2,10.5,Zimbabwe,CJ Chibhabha,V Sibanda,D Langford-Smith,0,0,,,,,,"",""
ball,2,10.6,Zimbabwe,CJ Chibhabha,V Sibanda,D Langford-Smith,0,0,,,,,,"",""
ball,2,11.1,Zimbabwe,V Sibanda,CJ Chibhabha,AC Botha,0,0,,,,,,"",""
ball,2,11.2,Zimbabwe,V Sibanda,CJ Chibhabha,AC Botha,2,0,,,,,,"",""
ball,2,11.3,Zimbabwe,V Sibanda,CJ Chibhabha,AC Botha,1,0,,,,,,"",""
ball,2,11.4,Zimbabwe,CJ Chibhabha,V Sibanda,AC Botha,0,0,,,,,,"",""
ball,2,11.5,Zimbabwe,CJ Chibhabha,V Sibanda,AC Botha,0,0,,,,,,"",""
ball,2,11.6,Zimbabwe,CJ Chibhabha,V Sibanda,AC Botha,0,0,,,,,,"",""
ball,2,12.1,Zimbabwe,V Sibanda,CJ Chibhabha,D Langford-Smith,0,1,1,,,,,"",""
ball,2,12.2,Zimbabwe,V Sibanda,CJ Chibhabha,D Langford-Smith,0,0,,,,,,"",""
ball,2,12.3,Zimbabwe,V Sibanda,CJ Chibhabha,D Langford-Smith,4,0,,,,,,"",""
ball,2,12.4,Zimbabwe,V Sibanda,CJ Chibhabha,D Langford-Smith,0,0,,,,,,"",""
ball,2,12.5,Zimbabwe,V Sibanda,CJ Chibhabha,D Langford-Smith,0,0,,,,,,"",""
ball,2,12.6,Zimbabwe,V Sibanda,CJ Chibhabha,D Langford-Smith,0,0,,,,,,"",""
ball,2,12.7,Zimbabwe,V Sibanda,CJ Chibhabha,D Langford-Smith,0,0,,,,,,"",""
ball,2,13.1,Zimbabwe,CJ Chibhabha,V Sibanda,AC Botha,1,0,,,,,,"",""
ball,2,13.2,Zimbabwe,V Sibanda,CJ Chibhabha,AC Botha,0,0,,,,,,"",""
ball,2,13.3,Zimbabwe,V Sibanda,CJ Chibhabha,AC Botha,1,0,,,,,,"",""
ball,2,13.4,Zimbabwe,CJ Chibhabha,V Sibanda,AC Botha,1,1,,1,,,,"",""
ball,2,13.5,Zimbabwe,V Sibanda,CJ Chibhabha,AC Botha,1,0,,,,,,"",""
ball,2,13.6,Zimbabwe,CJ Chibhabha,V Sibanda,AC Botha,0,0,,,,,,"",""
ball,2,13.7,Zimbabwe,CJ Chibhabha,V Sibanda,AC Botha,0,0,,,,,,"",""
ball,2,14.1,Zimbabwe,V Sibanda,CJ Chibhabha,DT Johnston,1,0,,,,,,"",""
ball,2,14.2,Zimbabwe,CJ Chibhabha,V Sibanda,DT Johnston,0,0,,,,,,"",""
ball,2,14.3,Zimbabwe,CJ Chibhabha,V Sibanda,DT Johnston,0,0,,,,,,"",""
ball,2,14.4,Zimbabwe,CJ Chibhabha,V Sibanda,DT Johnston,0,0,,,,,,"",""
ball,2,14.5,Zimbabwe,CJ Chibhabha,V Sibanda,DT Johnston,0,0,,,,,,"",""
ball,2,14.6,Zimbabwe,CJ Chibhabha,V Sibanda,DT Johnston,0,0,,,,,,"",""
ball,2,15.1,Zimbabwe,V Sibanda,CJ Chibhabha,AC Botha,0,0,,,,,,"",""
ball,2,15.2,Zimbabwe,V Sibanda,CJ Chibhabha,AC Botha,0,0,,,,,,"",""
ball,2,15.3,Zimbabwe,V Sibanda,CJ Chibhabha,AC Botha,0,0,,,,,,"",""
ball,2,15.4,Zimbabwe,V Sibanda,CJ Chibhabha,AC Botha,0,0,,,,,,"",""
ball,2,15.5,Zimbabwe,V Sibanda,CJ Chibhabha,AC Botha,0,0,,,,,,"",""
ball,2,15.6,Zimbabwe,V Sibanda,CJ Chibhabha,AC Botha,0,0,,,,,,"",""
ball,2,16.1,Zimbabwe,CJ Chibhabha,V Sibanda,DT Johnston,0,0,,,,,,"",""
ball,2,16.2,Zimbabwe,CJ Chibhabha,V Sibanda,DT Johnston,0,0,,,,,,"",""
ball,2,16.3,Zimbabwe,CJ Chibhabha,V Sibanda,DT Johnston,0,0,,,,,,"",""
ball,2,16.4,Zimbabwe,CJ Chibhabha,V Sibanda,DT Johnston,4,0,,,,,,"",""
ball,2,16.5,Zimbabwe,CJ Chibhabha,V Sibanda,DT Johnston,0,0,,,,,,"",""
ball,2,16.6,Zimbabwe,CJ Chibhabha,V Sibanda,DT Johnston,0,0,,,,,,"",""
ball,2,17.1,Zimbabwe,V Sibanda,CJ Chibhabha,AC Botha,0,0,,,,,,"",""
ball,2,17.2,Zimbabwe,V Sibanda,CJ Chibhabha,AC Botha,0,0,,,,,,"",""
ball,2,17.3,Zimbabwe,V Sibanda,CJ Chibhabha,AC Botha,0,0,,,,,,"",""
ball,2,17.4,Zimbabwe,V Sibanda,CJ Chibhabha,AC Botha,0,0,,,,,,"",""
ball,2,17.5,Zimbabwe,V Sibanda,CJ Chibhabha,AC Botha,1,0,,,,,,"",""
ball,2,17.6,Zimbabwe,CJ Chibhabha,V Sibanda,AC Botha,0,0,,,,,,"",""
ball,2,18.1,Zimbabwe,V Sibanda,CJ Chibhabha,DT Johnston,0,0,,,,,,"",""
ball,2,18.2,Zimbabwe,V Sibanda,CJ Chibhabha,DT Johnston,4,0,,,,,,"",""
ball,2,18.3,Zimbabwe,V Sibanda,CJ Chibhabha,DT Johnston,1,0,,,,,,"",""
ball,2,18.4,Zimbabwe,CJ Chibhabha,V Sibanda,DT Johnston,2,0,,,,,,"",""
ball,2,18.5,Zimbabwe,CJ Chibhabha,V Sibanda,DT Johnston,0,0,,,,,,"",""
ball,2,18.6,Zimbabwe,CJ Chibhabha,V Sibanda,DT Johnston,0,0,,,,,,"",""
ball,2,19.1,Zimbabwe,V Sibanda,CJ Chibhabha,AC Botha,4,0,,,,,,"",""
ball,2,19.2,Zimbabwe,V Sibanda,CJ Chibhabha,AC Botha,0,0,,,,,,"",""
ball,2,19.3,Zimbabwe,V Sibanda,CJ Chibhabha,AC Botha,0,0,,,,,,"",""
ball,2,19.4,Zimbabwe,V Sibanda,CJ Chibhabha,AC Botha,0,0,,,,,,"",""
ball,2,19.5,Zimbabwe,V Sibanda,CJ Chibhabha,AC Botha,1,1,,1,,,,"",""
ball,2,19.6,Zimbabwe,CJ Chibhabha,V Sibanda,AC Botha,2,0,,,,,,"",""
ball,2,19.7,Zimbabwe,CJ Chibhabha,V Sibanda,AC Botha,0,0,,,,,,"",""
ball,2,20.1,Zimbabwe,V Sibanda,CJ Chibhabha,DT Johnston,1,0,,,,,,"",""
ball,2,20.2,Zimbabwe,CJ Chibhabha,V Sibanda,DT Johnston,0,0,,,,,,"",""
ball,2,20.3,Zimbabwe,CJ Chibhabha,V Sibanda,DT Johnston,0,0,,,,,,"",""
ball,2,20.4,Zimbabwe,CJ Chibhabha,V Sibanda,DT Johnston,2,0,,,,,,"",""
ball,2,20.5,Zimbabwe,CJ Chibhabha,V Sibanda,DT Johnston,0,0,,,,,,caught,CJ Chibhabha
ball,2,20.6,Zimbabwe,SC Williams,V Sibanda,DT Johnston,0,0,,,,,,"",""
ball,2,21.1,Zimbabwe,V Sibanda,SC Williams,WK McCallan,0,0,,,,,,"",""
ball,2,21.2,Zimbabwe,V Sibanda,SC Williams,WK McCallan,1,0,,,,,,"",""
ball,2,21.3,Zimbabwe,SC Williams,V Sibanda,WK McCallan,0,0,,,,,,"",""
ball,2,21.4,Zimbabwe,SC Williams,V Sibanda,WK McCallan,4,0,,,,,,"",""
ball,2,21.5,Zimbabwe,SC Williams,V Sibanda,WK McCallan,2,0,,,,,,"",""
ball,2,21.6,Zimbabwe,SC Williams,V Sibanda,WK McCallan,1,0,,,,,,"",""
ball,2,22.1,Zimbabwe,SC Williams,V Sibanda,DT Johnston,4,0,,,,,,"",""
ball,2,22.2,Zimbabwe,SC Williams,V Sibanda,DT Johnston,2,0,,,,,,"",""
ball,2,22.3,Zimbabwe,SC Williams,V Sibanda,DT Johnston,0,0,,,,,,"",""
ball,2,22.4,Zimbabwe,SC Williams,V Sibanda,DT Johnston,0,0,,,,,,"",""
ball,2,22.5,Zimbabwe,SC Williams,V Sibanda,DT Johnston,0,0,,,,,,"",""
ball,2,22.6,Zimbabwe,SC Williams,V Sibanda,DT Johnston,1,0,,,,,,"",""
ball,2,23.1,Zimbabwe,SC Williams,V Sibanda,WK McCallan,0,0,,,,,,"",""
ball,2,23.2,Zimbabwe,SC Williams,V Sibanda,WK McCallan,0,0,,,,,,caught,SC Williams
ball,2,23.3,Zimbabwe,V Sibanda,S Matsikenyeri,WK McCallan,0,0,,,,,,"",""
ball,2,23.4,Zimbabwe,V Sibanda,S Matsikenyeri,WK McCallan,0,0,,,,,,"",""
ball,2,23.5,Zimbabwe,V Sibanda,S Matsikenyeri,WK McCallan,0,0,,,,,,"",""
ball,2,23.6,Zimbabwe,V Sibanda,S Matsikenyeri,WK McCallan,0,0,,,,,,"",""
ball,2,24.1,Zimbabwe,S Matsikenyeri,V Sibanda,DT Johnston,0,0,,,,,,"",""
ball,2,24.2,Zimbabwe,S Matsikenyeri,V Sibanda,DT Johnston,0,0,,,,,,"",""
ball,2,24.3,Zimbabwe,S Matsikenyeri,V Sibanda,DT Johnston,0,0,,,,,,"",""
ball,2,24.4,Zimbabwe,S Matsikenyeri,V Sibanda,DT Johnston,0,0,,,,,,"",""
ball,2,24.5,Zimbabwe,S Matsikenyeri,V Sibanda,DT Johnston,0,0,,,,,,"",""
ball,2,24.6,Zimbabwe,S Matsikenyeri,V Sibanda,DT Johnston,0,0,,,,,,"",""
ball,2,25.1,Zimbabwe,V Sibanda,S Matsikenyeri,WK McCallan,1,0,,,,,,"",""
ball,2,25.2,Zimbabwe,S Matsikenyeri,V Sibanda,WK McCallan,4,0,,,,,,"",""
ball,2,25.3,Zimbabwe,S Matsikenyeri,V Sibanda,WK McCallan,1,0,,,,,,"",""
ball,2,25.4,Zimbabwe,V Sibanda,S Matsikenyeri,WK McCallan,1,0,,,,,,"",""
ball,2,25.5,Zimbabwe,S Matsikenyeri,V Sibanda,WK McCallan,0,0,,,,,,"",""
ball,2,25.6,Zimbabwe,S Matsikenyeri,V Sibanda,WK McCallan,0,0,,,,,,"",""
ball,2,26.1,Zimbabwe,V Sibanda,S Matsikenyeri,AR White,0,0,,,,,,"",""
ball,2,26.2,Zimbabwe,V Sibanda,S Matsikenyeri,AR White,0,0,,,,,,"",""
ball,2,26.3,Zimbabwe,V Sibanda,S Matsikenyeri,AR White,2,0,,,,,,"",""
ball,2,26.4,Zimbabwe,V Sibanda,S Matsikenyeri,AR White,0,0,,,,,,"",""
ball,2,26.5,Zimbabwe,V Sibanda,S Matsikenyeri,AR White,1,0,,,,,,"",""
ball,2,26.6,Zimbabwe,S Matsikenyeri,V Sibanda,AR White,4,0,,,,,,"",""
ball,2,27.1,Zimbabwe,V Sibanda,S Matsikenyeri,WK McCallan,1,0,,,,,,"",""
ball,2,27.2,Zimbabwe,S Matsikenyeri,V Sibanda,WK McCallan,0,0,,,,,,"",""
ball,2,27.3,Zimbabwe,S Matsikenyeri,V Sibanda,WK McCallan,0,0,,,,,,"",""
ball,2,27.4,Zimbabwe,S Matsikenyeri,V Sibanda,WK McCallan,6,0,,,,,,"",""
ball,2,27.5,Zimbabwe,S Matsikenyeri,V Sibanda,WK McCallan,0,0,,,,,,"",""
ball,2,27.6,Zimbabwe,S Matsikenyeri,V Sibanda,WK McCallan,0,0,,,,,,"",""
ball,2,28.1,Zimbabwe,V Sibanda,S Matsikenyeri,AR White,0,0,,,,,,hit wicket,V Sibanda
ball,2,28.2,Zimbabwe,E Chigumbura,S Matsikenyeri,AR White,0,0,,,,,,"",""
ball,2,28.3,Zimbabwe,E Chigumbura,S Matsikenyeri,AR White,0,0,,,,,,"",""
ball,2,28.4,Zimbabwe,E Chigumbura,S Matsikenyeri,AR White,0,0,,,,,,"",""
ball,2,28.5,Zimbabwe,E Chigumbura,S Matsikenyeri,AR White,0,0,,,,,,"",""
ball,2,28.6,Zimbabwe,E Chigumbura,S Matsikenyeri,AR White,0,0,,,,,,"",""
ball,2,29.1,Zimbabwe,S Matsikenyeri,E Chigumbura,WK McCallan,0,0,,,,,,"",""
ball,2,29.2,Zimbabwe,S Matsikenyeri,E Chigumbura,WK McCallan,1,0,,,,,,"",""
ball,2,29.3,Zimbabwe,E Chigumbura,S Matsikenyeri,WK McCallan,2,0,,,,,,"",""
ball,2,29.4,Zimbabwe,E Chigumbura,S Matsikenyeri,WK McCallan,2,0,,,,,,"",""
ball,2,29.5,Zimbabwe,E Chigumbura,S Matsikenyeri,WK McCallan,0,0,,,,,,"",""
ball,2,29.6,Zimbabwe,E Chigumbura,S Matsikenyeri,WK McCallan,0,0,,,,,,caught,E Chigumbura
ball,2,30.1,Zimbabwe,S Matsikenyeri,BRM Taylor,WB Rankin,0,0,,,,,,"",""
ball,2,30.2,Zimbabwe,S Matsikenyeri,BRM Taylor,WB Rankin,0,0,,,,,,"",""
ball,2,30.3,Zimbabwe,S Matsikenyeri,BRM Taylor,WB Rankin,0,0,,,,,,"",""
ball,2,30.4,Zimbabwe,S Matsikenyeri,BRM Taylor,WB Rankin,1,0,,,,,,"",""
ball,2,30.5,Zimbabwe,BRM Taylor,S Matsikenyeri,WB Rankin,0,0,,,,,,"",""
ball,2,30.6,Zimbabwe,BRM Taylor,S Matsikenyeri,WB Rankin,0,0,,,,,,"",""
ball,2,31.1,Zimbabwe,S Matsikenyeri,BRM Taylor,WK McCallan,0,0,,,,,,"",""
ball,2,31.2,Zimbabwe,S Matsikenyeri,BRM Taylor,WK McCallan,1,0,,,,,,"",""
ball,2,31.3,Zimbabwe,BRM Taylor,S Matsikenyeri,WK McCallan,0,0,,,,,,"",""
ball,2,31.4,Zimbabwe,BRM Taylor,S Matsikenyeri,WK McCallan,0,0,,,,,,"",""
ball,2,31.5,Zimbabwe,BRM Taylor,S Matsikenyeri,WK McCallan,0,0,,,,,,"",""
ball,2,31.6,Zimbabwe,BRM Taylor,S Matsikenyeri,WK McCallan,4,0,,,,,,"",""
ball,2,32.1,Zimbabwe,S Matsikenyeri,BRM Taylor,WB Rankin,4,0,,,,,,"",""
ball,2,32.2,Zimbabwe,S Matsikenyeri,BRM Taylor,WB Rankin,0,0,,,,,,"",""
ball,2,32.3,Zimbabwe,S Matsikenyeri,BRM Taylor,WB Rankin,0,0,,,,,,"",""
ball,2,32.4,Zimbabwe,S Matsikenyeri,BRM Taylor,WB Rankin,3,0,,,,,,"",""
ball,2,32.5,Zimbabwe,BRM Taylor,S Matsikenyeri,WB Rankin,0,0,,,,,,"",""
ball,2,32.6,Zimbabwe,BRM Taylor,S Matsikenyeri,WB Rankin,1,0,,,,,,"",""
ball,2,33.1,Zimbabwe,BRM Taylor,S Matsikenyeri,WK McCallan,1,0,,,,,,"",""
ball,2,33.2,Zimbabwe,S Matsikenyeri,BRM Taylor,WK McCallan,0,0,,,,,,"",""
ball,2,33.3,Zimbabwe,S Matsikenyeri,BRM Taylor,WK McCallan,4,0,,,,,,"",""
ball,2,33.4,Zimbabwe,S Matsikenyeri,BRM Taylor,WK McCallan,1,0,,,,,,"",""
ball,2,33.5,Zimbabwe,BRM Taylor,S Matsikenyeri,WK McCallan,1,0,,,,,,"",""
ball,2,33.6,Zimbabwe,S Matsikenyeri,BRM Taylor,WK McCallan,1,0,,,,,,"",""
ball,2,34.1,Zimbabwe,S Matsikenyeri,BRM Taylor,D Langford-Smith,0,1,1,,,,,"",""
ball,2,34.2,Zimbabwe,S Matsikenyeri,BRM Taylor,D Langford-Smith,0,0,,,,,,"",""
ball,2,34.3,Zimbabwe,S Matsikenyeri,BRM Taylor,D Langford-Smith,0,0,,,,,,"",""
ball,2,34.4,Zimbabwe,S Matsikenyeri,BRM Taylor,D Langford-Smith,1,0,,,,,,"",""
ball,2,34.5,Zimbabwe,BRM Taylor,S Matsikenyeri,D Langford-Smith,0,0,,,,,,"",""
ball,2,34.6,Zimbabwe,BRM Taylor,S Matsikenyeri,D Langford-Smith,0,0,,,,,,"",""
ball,2,34.7,Zimbabwe,BRM Taylor,S Matsikenyeri,D Langford-Smith,1,0,,,,,,"",""
ball,2,35.1,Zimbabwe,BRM Taylor,S Matsikenyeri,AC Botha,0,0,,,,,,"",""
ball,2,35.2,Zimbabwe,BRM Taylor,S Matsikenyeri,AC Botha,0,0,,,,,,"",""
ball,2,35.3,Zimbabwe,BRM Taylor,S Matsikenyeri,AC Botha,0,0,,,,,,"",""
ball,2,35.4,Zimbabwe,BRM Taylor,S Matsikenyeri,AC Botha,0,0,,,,,,"",""
ball,2,35.5,Zimbabwe,BRM Taylor,S Matsikenyeri,AC Botha,0,0,,,,,,"",""
ball,2,35.6,Zimbabwe,BRM Taylor,S Matsikenyeri,AC Botha,0,0,,,,,,"",""
ball,2,36.1,Zimbabwe,S Matsikenyeri,BRM Taylor,D Langford-Smith,0,0,,,,,,"",""
ball,2,36.2,Zimbabwe,S Matsikenyeri,BRM Taylor,D Langford-Smith,4,0,,,,,,"",""
ball,2,36.3,Zimbabwe,S Matsikenyeri,BRM Taylor,D Langford-Smith,0,0,,,,,,"",""
ball,2,36.4,Zimbabwe,S Matsikenyeri,BRM Taylor,D Langford-Smith,0,0,,,,,,"",""
ball,2,36.5,Zimbabwe,S Matsikenyeri,BRM Taylor,D Langford-Smith,1,0,,,,,,"",""
ball,2,36.6,Zimbabwe,BRM Taylor,S Matsikenyeri,D Langford-Smith,0,0,,,,,,"",""
ball,2,37.1,Zimbabwe,S Matsikenyeri,BRM Taylor,AC Botha,0,0,,,,,,"",""
ball,2,37.2,Zimbabwe,S Matsikenyeri,BRM Taylor,AC Botha,4,0,,,,,,"",""
ball,2,37.3,Zimbabwe,S Matsikenyeri,BRM Taylor,AC Botha,0,0,,,,,,"",""
ball,2,37.4,Zimbabwe,S Matsikenyeri,BRM Taylor,AC Botha,0,0,,,,,,"",""
ball,2,37.5,Zimbabwe,S Matsikenyeri,BRM Taylor,AC Botha,1,0,,,,,,"",""
ball,2,37.6,Zimbabwe,BRM Taylor,S Matsikenyeri,AC Botha,1,0,,,,,,"",""
ball,2,38.1,Zimbabwe,BRM Taylor,S Matsikenyeri,DT Johnston,0,0,,,,,,"",""
ball,2,38.2,Zimbabwe,BRM Taylor,S Matsikenyeri,DT Johnston,0,0,,,,,,"",""
ball,2,38.3,Zimbabwe,BRM Taylor,S Matsikenyeri,DT Johnston,0,0,,,,,,"",""
ball,2,38.4,Zimbabwe,BRM Taylor,S Matsikenyeri,DT Johnston,0,0,,,,,,"",""
ball,2,38.5,Zimbabwe,BRM Taylor,S Matsikenyeri,DT Johnston,0,0,,,,,,"",""
ball,2,38.6,Zimbabwe,BRM Taylor,S Matsikenyeri,DT Johnston,0,0,,,,,,"",""
ball,2,39.1,Zimbabwe,S Matsikenyeri,BRM Taylor,AC Botha,1,0,,,,,,"",""
ball,2,39.2,Zimbabwe,BRM Taylor,S Matsikenyeri,AC Botha,0,0,,,,,,"",""
ball,2,39.3,Zimbabwe,BRM Taylor,S Matsikenyeri,AC Botha,4,0,,,,,,"",""
ball,2,39.4,Zimbabwe,BRM Taylor,S Matsikenyeri,AC Botha,0,0,,,,,,"",""
ball,2,39.5,Zimbabwe,BRM Taylor,S Matsikenyeri,AC Botha,1,0,,,,,,"",""
ball,2,39.6,Zimbabwe,S Matsikenyeri,BRM Taylor,AC Botha,0,0,,,,,,"",""
ball,2,40.1,Zimbabwe,BRM Taylor,S Matsikenyeri,DT Johnston,4,0,,,,,,"",""
ball,2,40.2,Zimbabwe,BRM Taylor,S Matsikenyeri,DT Johnston,1,0,,,,,,"",""
ball,2,40.3,Zimbabwe,S Matsikenyeri,BRM Taylor,DT Johnston,1,0,,,,,,"",""
ball,2,40.4,Zimbabwe,BRM Taylor,S Matsikenyeri,DT Johnston,0,0,,,,,,"",""
ball,2,40.5,Zimbabwe,BRM Taylor,S Matsikenyeri,DT Johnston,0,0,,,,,,"",""
ball,2,40.6,Zimbabwe,BRM Taylor,S Matsikenyeri,DT Johnston,1,0,,,,,,"",""
ball,2,41.1,Zimbabwe,BRM Taylor,S Matsikenyeri,WK McCallan,1,0,,,,,,"",""
ball,2,41.2,Zimbabwe,S Matsikenyeri,BRM Taylor,WK McCallan,2,0,,,,,,"",""
ball,2,41.3,Zimbabwe,S Matsikenyeri,BRM Taylor,WK McCallan,4,0,,,,,,"",""
ball,2,41.4,Zimbabwe,S Matsikenyeri,BRM Taylor,WK McCallan,0,0,,,,,,"",""
ball,2,41.5,Zimbabwe,S Matsikenyeri,BRM Taylor,WK McCallan,0,0,,,,,,"",""
ball,2,42.1,Zimbabwe,BRM Taylor,S Matsikenyeri,KJ O'Brien,1,0,,,,,,"",""
ball,2,42.2,Zimbabwe,S Matsikenyeri,BRM Taylor,KJ O'Brien,2,0,,,,,,"",""
ball,2,42.3,Zimbabwe,S Matsikenyeri,BRM Taylor,KJ O'Brien,2,0,,,,,,"",""
ball,2,42.4,Zimbabwe,S Matsikenyeri,BRM Taylor,KJ O'Brien,0,1,,,,1,,"",""
ball,2,42.5,Zimbabwe,BRM Taylor,S Matsikenyeri,KJ O'Brien,1,0,,,,,,"",""
ball,2,42.6,Zimbabwe,S Matsikenyeri,BRM Taylor,KJ O'Brien,2,0,,,,,,"",""
ball,2,43.1,Zimbabwe,BRM Taylor,S Matsikenyeri,WK McCallan,1,0,,,,,,"",""
ball,2,43.2,Zimbabwe,S Matsikenyeri,BRM Taylor,WK McCallan,0,0,,,,,,"",""
ball,2,43.3,Zimbabwe,S Matsikenyeri,BRM Taylor,WK McCallan,4,0,,,,,,"",""
ball,2,43.4,Zimbabwe,S Matsikenyeri,BRM Taylor,WK McCallan,0,0,,,,,,run out,BRM Taylor
ball,2,43.5,Zimbabwe,S Matsikenyeri,GB Brent,WK McCallan,0,0,,,,,,"",""
ball,2,43.6,Zimbabwe,S Matsikenyeri,GB Brent,WK McCallan,4,0,,,,,,"",""
ball,2,44.1,Zimbabwe,GB Brent,S Matsikenyeri,DT Johnston,0,0,,,,,,"",""
ball,2,44.2,Zimbabwe,GB Brent,S Matsikenyeri,DT Johnston,0,0,,,,,,"",""
ball,2,44.3,Zimbabwe,GB Brent,S Matsikenyeri,DT Johnston,0,0,,,,,,"",""
ball,2,44.4,Zimbabwe,GB Brent,S Matsikenyeri,DT Johnston,0,0,,,,,,"",""
ball,2,44.5,Zimbabwe,GB Brent,S Matsikenyeri,DT Johnston,0,0,,,,,,"",""
ball,2,44.6,Zimbabwe,GB Brent,S Matsikenyeri,DT Johnston,1,0,,,,,,"",""
ball,2,45.1,Zimbabwe,GB Brent,S Matsikenyeri,AC Botha,1,0,,,,,,"",""
ball,2,45.2,Zimbabwe,S Matsikenyeri,GB Brent,AC Botha,0,0,,,,,,"",""
ball,2,45.3,Zimbabwe,S Matsikenyeri,GB Brent,AC Botha,0,0,,,,,,"",""
ball,2,45.4,Zimbabwe,S Matsikenyeri,GB Brent,AC Botha,0,0,,,,,,"",""
ball,2,45.5,Zimbabwe,S Matsikenyeri,GB Brent,AC Botha,1,0,,,,,,"",""
ball,2,45.6,Zimbabwe,GB Brent,S Matsikenyeri,AC Botha,0,0,,,,,,"",""
ball,2,46.1,Zimbabwe,S Matsikenyeri,GB Brent,DT Johnston,0,0,,,,,,"",""
ball,2,46.2,Zimbabwe,S Matsikenyeri,GB Brent,DT Johnston,0,0,,,,,,"",""
ball,2,46.3,Zimbabwe,S Matsikenyeri,GB Brent,DT Johnston,1,0,,,,,,"",""
ball,2,46.4,Zimbabwe,GB Brent,S Matsikenyeri,DT Johnston,1,0,,,,,,"",""
ball,2,46.5,Zimbabwe,S Matsikenyeri,GB Brent,DT Johnston,0,0,,,,,,"",""
ball,2,46.6,Zimbabwe,S Matsikenyeri,GB Brent,DT Johnston,0,0,,,,,,"",""
ball,2,47.1,Zimbabwe,GB Brent,S Matsikenyeri,AC Botha,0,0,,,,,,"",""
ball,2,47.2,Zimbabwe,GB Brent,S Matsikenyeri,AC Botha,0,0,,,,,,"",""
ball,2,47.3,Zimbabwe,GB Brent,S Matsikenyeri,AC Botha,0,0,,,,,,lbw,GB Brent
ball,2,47.4,Zimbabwe,P Utseya,S Matsikenyeri,AC Botha,0,0,,,,,,"",""
ball,2,47.5,Zimbabwe,P Utseya,S Matsikenyeri,AC Botha,1,0,,,,,,"",""
ball,2,47.6,Zimbabwe,S Matsikenyeri,P Utseya,AC Botha,0,0,,,,,,"",""
ball,2,48.1,Zimbabwe,P Utseya,S Matsikenyeri,KJ O'Brien,0,0,,,,,,caught,P Utseya
ball,2,48.2,Zimbabwe,CB Mpofu,S Matsikenyeri,KJ O'Brien,0,0,,,,,,"",""
ball,2,48.3,Zimbabwe,CB Mpofu,S Matsikenyeri,KJ O'Brien,0,0,,,,,,"",""
ball,2,48.4,Zimbabwe,CB Mpofu,S Matsikenyeri,KJ O'Brien,0,0,,,,,,"",""
ball,2,48.5,Zimbabwe,CB Mpofu,S Matsikenyeri,KJ O'Brien,0,0,,,,,,"",""
ball,2,48.6,Zimbabwe,CB Mpofu,S Matsikenyeri,KJ O'Brien,0,0,,,,,,run out,CB Mpofu
ball,2,49.1,Zimbabwe,S Matsikenyeri,EC Rainsford,AR White,2,0,,,,,,"",""
ball,2,49.2,Zimbabwe,S Matsikenyeri,EC Rainsford,AR White,2,0,,,,,,"",""
ball,2,49.3,Zimbabwe,S Matsikenyeri,EC Rainsford,AR White,1,0,,,,,,"",""
ball,2,49.4,Zimbabwe,EC Rainsford,S Matsikenyeri,AR White,1,0,,,,,,"",""
ball,2,49.5,Zimbabwe,S Matsikenyeri,EC Rainsford,AR White,2,0,,,,,,"",""
ball,2,49.6,Zimbabwe,S Matsikenyeri,EC Rainsford,AR White,0,0,,,,,,run out,EC Rainsford
