version,1.6.0
info,balls_per_over,6
info,team,Bangladesh
info,team,Bermuda
info,gender,male
info,season,2006/07
info,date,2007/03/25
info,event,ICC World Cup
info,match_number,24
info,venue,"Queen's Park Oval, Port of Spain"
info,city,Trinidad
info,neutralvenue,true
info,toss_winner,Bangladesh
info,toss_decision,field
info,player_of_match,Mohammad Ashraful
info,umpire,SJ Davis
info,umpire,IL Howell
info,reserve_umpire,DJ Harper
info,tv_umpire,Aleem Dar
info,match_referee,AG Hurst
info,winner,Bangladesh
info,winner_wickets,7
info,method,D/L
info,player,Bangladesh,Tamim Iqbal
info,player,Bangladesh,Shahriar Nafees
info,player,Bangladesh,Aftab Ahmed
info,player,Bangladesh,Shakib Al Hasan
info,player,Bangladesh,Mohammad Ashraful
info,player,Bangladesh,Mushfiqur Rahim
info,player,Bangladesh,Habibul Bashar
info,player,Bangladesh,Mohammad Rafique
info,player,Bangladesh,Mashrafe Mortaza
info,player,Bangladesh,Abdur Razzak
info,player,Bangladesh,Syed Rasel
info,player,Bermuda,SD Outerbridge
info,player,Bermuda,OL Pitcher
info,player,Bermuda,DCC Borden
info,player,Bermuda,DL Hemp
info,player,Bermuda,IH Romaine
info,player,Bermuda,DA Minors
info,player,Bermuda,LOB Cann
info,player,Bermuda,JJ Tucker
info,player,Bermuda,KAD Hurdle
info,player,Bermuda,S Mukuddem
info,player,Bermuda,RDM Leverock
info,registry,people,AG Hurst,ad7945c6
info,registry,people,Abdur Razzak,888e32bf
info,registry,people,Aftab Ahmed,53bc7b84
info,registry,people,Aleem Dar,f02778d1
info,registry,people,DA Minors,49212b50
info,registry,people,DCC Borden,359e430a
info,registry,people,DJ Harper,0ec08b27
info,registry,people,DL Hemp,cb263798
info,registry,people,Habibul Bashar,e74ad9ea
info,registry,people,IH Romaine,54725e8b
info,registry,people,IL Howell,c1cd91c3
info,registry,people,JJ Tucker,bceb1b07
info,registry,people,KAD Hurdle,543d3e69
info,registry,people,LOB Cann,4487cc09
info,registry,people,Mashrafe Mortaza,e186f49c
info,registry,people,Mohammad Ashraful,2bb09eb2
info,registry,people,Mohammad Rafique,7ff3fcaa
info,registry,people,Mushfiqur Rahim,a94e08ea
info,registry,people,OL Pitcher,f71de062
info,registry,people,RDM Leverock,fbc5c0c6
info,registry,people,S Mukuddem,da045dea
info,registry,people,SD Outerbridge,9295145b
info,registry,people,SJ Davis,bc71b0b2
info,registry,people,Shahriar Nafees,b9c225c2
info,registry,people,Shakib Al Hasan,7dc35884
info,registry,people,Syed Rasel,b743f01b
info,registry,people,Tamim Iqbal,3b041a12
ball,1,0.1,Bermuda,SD Outerbridge,OL Pitcher,Mashrafe Mortaza,0,1,,,,1,,"",""
ball,1,0.2,Bermuda,OL Pitcher,SD Outerbridge,Mashrafe Mortaza,0,0,,,,,,"",""
ball,1,0.3,Bermuda,OL Pitcher,SD Outerbridge,Mashrafe Mortaza,1,0,,,,,,"",""
ball,1,0.4,Bermuda,SD Outerbridge,OL Pitcher,Mashrafe Mortaza,0,0,,,,,,"",""
ball,1,0.5,Bermuda,SD Outerbridge,OL Pitcher,Mashrafe Mortaza,0,0,,,,,,"",""
ball,1,0.6,Bermuda,SD Outerbridge,OL Pitcher,Mashrafe Mortaza,0,0,,,,,,caught,SD Outerbridge
ball,1,1.1,Bermuda,OL Pitcher,DCC Borden,Syed Rasel,1,0,,,,,,"",""
ball,1,1.2,Bermuda,DCC Borden,OL Pitcher,Syed Rasel,0,0,,,,,,"",""
ball,1,1.3,Bermuda,DCC Borden,OL Pitcher,Syed Rasel,0,0,,,,,,"",""
ball,1,1.4,Bermuda,DCC Borden,OL Pitcher,Syed Rasel,0,0,,,,,,"",""
ball,1,1.5,Bermuda,DCC Borden,OL Pitcher,Syed Rasel,0,0,,,,,,"",""
ball,1,1.6,Bermuda,DCC Borden,OL Pitcher,Syed Rasel,0,0,,,,,,"",""
ball,1,2.1,Bermuda,OL Pitcher,DCC Borden,Mashrafe Mortaza,0,0,,,,,,"",""
ball,1,2.2,Bermuda,OL Pitcher,DCC Borden,Mashrafe Mortaza,1,0,,,,,,"",""
ball,1,2.3,Bermuda,DCC Borden,OL Pitcher,Mashrafe Mortaza,0,0,,,,,,"",""
ball,1,2.4,Bermuda,DCC Borden,OL Pitcher,Mashrafe Mortaza,0,1,1,,,,,"",""
ball,1,2.5,Bermuda,DCC Borden,OL Pitcher,Mashrafe Mortaza,0,0,,,,,,"",""
ball,1,2.6,Bermuda,DCC Borden,OL Pitcher,Mashrafe Mortaza,0,0,,,,,,"",""
ball,1,2.7,Bermuda,DCC Borden,OL Pitcher,Mashrafe Mortaza,1,0,,,,,,"",""
ball,1,3.1,Bermuda,DCC Borden,OL Pitcher,Syed Rasel,1,0,,,,,,"",""
ball,1,3.2,Bermuda,OL Pitcher,DCC Borden,Syed Rasel,0,0,,,,,,"",""
ball,1,3.3,Bermuda,OL Pitcher,DCC Borden,Syed Rasel,0,0,,,,,,"",""
ball,1,3.4,Bermuda,OL Pitcher,DCC Borden,Syed Rasel,0,0,,,,,,"",""
ball,1,3.5,Bermuda,OL Pitcher,DCC Borden,Syed Rasel,0,1,,1,,,,"",""
ball,1,3.6,Bermuda,OL Pitcher,DCC Borden,Syed Rasel,0,0,,,,,,"",""
ball,1,3.7,Bermuda,OL Pitcher,DCC Borden,Syed Rasel,0,0,,,,,,"",""
ball,1,4.1,Bermuda,DCC Borden,OL Pitcher,Mashrafe Mortaza,0,0,,,,,,caught,DCC Borden
ball,1,4.2,Bermuda,OL Pitcher,DL Hemp,Mashrafe Mortaza,0,0,,,,,,"",""
ball,1,4.3,Bermuda,OL Pitcher,DL Hemp,Mashrafe Mortaza,2,0,,,,,,"",""
ball,1,4.4,Bermuda,OL Pitcher,DL Hemp,Mashrafe Mortaza,0,0,,,,,,"",""
ball,1,4.5,Bermuda,OL Pitcher,DL Hemp,Mashrafe Mortaza,0,0,,,,,,"",""
ball,1,4.6,Bermuda,OL Pitcher,DL Hemp,Mashrafe Mortaza,0,1,,1,,,,"",""
ball,1,4.7,Bermuda,OL Pitcher,DL Hemp,Mashrafe Mortaza,0,0,,,,,,"",""
ball,1,5.1,Bermuda,DL Hemp,OL Pitcher,Syed Rasel,0,0,,,,,,"",""
ball,1,5.2,Bermuda,DL Hemp,OL Pitcher,Syed Rasel,0,0,,,,,,"",""
ball,1,5.3,Bermuda,DL Hemp,OL Pitcher,Syed Rasel,0,0,,,,,,"",""
ball,1,5.4,Bermuda,DL Hemp,OL Pitcher,Syed Rasel,0,0,,,,,,caught,DL Hemp
ball,1,5.5,Bermuda,IH Romaine,OL Pitcher,Syed Rasel,0,0,,,,,,"",""
ball,1,5.6,Bermuda,IH Romaine,OL Pitcher,Syed Rasel,1,0,,,,,,"",""
ball,1,6.1,Bermuda,IH Romaine,OL Pitcher,Mashrafe Mortaza,0,0,,,,,,"",""
ball,1,6.2,Bermuda,IH Romaine,OL Pitcher,Mashrafe Mortaza,0,0,,,,,,"",""
ball,1,6.3,Bermuda,IH Romaine,OL Pitcher,Mashrafe Mortaza,0,0,,,,,,"",""
ball,1,6.4,Bermuda,IH Romaine,OL Pitcher,Mashrafe Mortaza,0,1,1,,,,,"",""
ball,1,6.5,Bermuda,IH Romaine,OL Pitcher,Mashrafe Mortaza,0,0,,,,,,"",""
ball,1,6.6,Bermuda,IH Romaine,OL Pitcher,Mashrafe Mortaza,0,0,,,,,,"",""
ball,1,6.7,Bermuda,IH Romaine,OL Pitcher,Mashrafe Mortaza,0,0,,,,,,"",""
ball,1,7.1,Bermuda,OL Pitcher,IH Romaine,Syed Rasel,0,1,1,,,,,"",""
ball,1,7.2,Bermuda,OL Pitcher,IH Romaine,Syed Rasel,0,0,,,,,,"",""
ball,1,7.3,Bermuda,OL Pitcher,IH Romaine,Syed Rasel,2,0,,,,,,"",""
ball,1,7.4,Bermuda,OL Pitcher,IH Romaine,Syed Rasel,0,0,,,,,,"",""
ball,1,7.5,Bermuda,OL Pitcher,IH Romaine,Syed Rasel,1,0,,,,,,"",""
ball,1,7.6,Bermuda,IH Romaine,OL Pitcher,Syed Rasel,0,0,,,,,,"",""
ball,1,7.7,Bermuda,IH Romaine,OL Pitcher,Syed Rasel,2,0,,,,,,"",""
ball,1,8.1,Bermuda,OL Pitcher,IH Romaine,Abdur Razzak,1,0,,,,,,"",""
ball,1,8.2,Bermuda,IH Romaine,OL Pitcher,Abdur Razzak,0,0,,,,,,"",""
ball,1,8.3,Bermuda,IH Romaine,OL Pitcher,Abdur Razzak,0,0,,,,,,"",""
ball,1,8.4,Bermuda,IH Romaine,OL Pitcher,Abdur Razzak,0,0,,,,,,"",""
ball,1,8.5,Bermuda,IH Romaine,OL Pitcher,Abdur Razzak,0,0,,,,,,"",""
ball,1,8.6,Bermuda,IH Romaine,OL Pitcher,Abdur Razzak,0,0,,,,,,"",""
ball,1,9.1,Bermuda,OL Pitcher,IH Romaine,Syed Rasel,0,0,,,,,,"",""
ball,1,9.2,Bermuda,OL Pitcher,IH Romaine,Syed Rasel,4,0,,,,,,"",""
ball,1,9.3,Bermuda,OL Pitcher,IH Romaine,Syed Rasel,0,0,,,,,,"",""
ball,1,9.4,Bermuda,OL Pitcher,IH Romaine,Syed Rasel,0,1,,,,1,,"",""
ball,1,9.5,Bermuda,IH Romaine,OL Pitcher,Syed Rasel,0,0,,,,,,"",""
ball,1,9.6,Bermuda,IH Romaine,OL Pitcher,Syed Rasel,0,0,,,,,,"",""
ball,1,10.1,Bermuda,OL Pitcher,IH Romaine,Abdur Razzak,0,0,,,,,,"",""
ball,1,10.2,Bermuda,OL Pitcher,IH Romaine,Abdur Razzak,1,0,,,,,,"",""
ball,1,10.3,Bermuda,IH Romaine,OL Pitcher,Abdur Razzak,4,0,,,,,,"",""
ball,1,10.4,Bermuda,IH Romaine,OL Pitcher,Abdur Razzak,0,1,1,,,,,"",""
ball,1,10.5,Bermuda,IH Romaine,OL Pitcher,Abdur Razzak,0,0,,,,,,"",""
ball,1,10.6,Bermuda,IH Romaine,OL Pitcher,Abdur Razzak,4,0,,,,,,"",""
ball,1,10.7,Bermuda,IH Romaine,OL Pitcher,Abdur Razzak,0,0,,,,,,lbw,IH Romaine
ball,1,11.1,Bermuda,OL Pitcher,DA Minors,Mohammad Rafique,0,0,,,,,,"",""
ball,1,11.2,Bermuda,OL Pitcher,DA Minors,Mohammad Rafique,1,0,,,,,,"",""
ball,1,11.3,Bermuda,DA Minors,OL Pitcher,Mohammad Rafique,0,0,,,,,,"",""
ball,1,11.4,Bermuda,DA Minors,OL Pitcher,Mohammad Rafique,0,0,,,,,,"",""
ball,1,11.5,Bermuda,DA Minors,OL Pitcher,Mohammad Rafique,1,0,,,,,,"",""
ball,1,11.6,Bermuda,OL Pitcher,DA Minors,Mohammad Rafique,1,0,,,,,,"",""
ball,1,12.1,Bermuda,OL Pitcher,DA Minors,Abdur Razzak,1,0,,,,,,"",""
ball,1,12.2,Bermuda,DA Minors,OL Pitcher,Abdur Razzak,1,0,,,,,,"",""
ball,1,12.3,Bermuda,OL Pitcher,DA Minors,Abdur Razzak,0,0,,,,,,"",""
ball,1,12.4,Bermuda,OL Pitcher,DA Minors,Abdur Razzak,0,0,,,,,,"",""
ball,1,12.5,Bermuda,OL Pitcher,DA Minors,Abdur Razzak,0,0,,,,,,"",""
ball,1,12.6,Bermuda,OL Pitcher,DA Minors,Abdur Razzak,0,0,,,,,,"",""
ball,1,13.1,Bermuda,DA Minors,OL Pitcher,Mohammad Rafique,2,0,,,,,,"",""
ball,1,13.2,Bermuda,DA Minors,OL Pitcher,Mohammad Rafique,0,0,,,,,,"",""
ball,1,13.3,Bermuda,DA Minors,OL Pitcher,Mohammad Rafique,0,0,,,,,,"",""
ball,1,13.4,Bermuda,DA Minors,OL Pitcher,Mohammad Rafique,1,0,,,,,,"",""
ball,1,13.5,Bermuda,OL Pitcher,DA Minors,Mohammad Rafique,0,0,,,,,,"",""
ball,1,13.6,Bermuda,OL Pitcher,DA Minors,Mohammad Rafique,0,0,,,,,,"",""
ball,1,14.1,Bermuda,DA Minors,OL Pitcher,Shakib Al Hasan,0,0,,,,,,"",""
ball,1,14.2,Bermuda,DA Minors,OL Pitcher,Shakib Al Hasan,1,0,,,,,,"",""
ball,1,14.3,Bermuda,OL Pitcher,DA Minors,Shakib Al Hasan,0,0,,,,,,"",""
ball,1,14.4,Bermuda,OL Pitcher,DA Minors,Shakib Al Hasan,0,0,,,,,,"",""
ball,1,14.5,Bermuda,OL Pitcher,DA Minors,Shakib Al Hasan,0,0,,,,,,"",""
ball,1,14.6,Bermuda,OL Pitcher,DA Minors,Shakib Al Hasan,1,0,,,,,,"",""
ball,1,15.1,Bermuda,OL Pitcher,DA Minors,Mohammad Rafique,0,0,,,,,,"",""
ball,1,15.2,Bermuda,OL Pitcher,DA Minors,Mohammad Rafique,1,0,,,,,,"",""
ball,1,15.3,Bermuda,DA Minors,OL Pitcher,Mohammad Rafique,0,0,,,,,,"",""
ball,1,15.4,Bermuda,DA Minors,OL Pitcher,Mohammad Rafique,1,0,,,,,,"",""
ball,1,15.5,Bermuda,OL Pitcher,DA Minors,Mohammad Rafique,1,0,,,,,,"",""
ball,1,15.6,Bermuda,DA Minors,OL Pitcher,Mohammad Rafique,1,0,,,,,,"",""
ball,1,16.1,Bermuda,DA Minors,OL Pitcher,Shakib Al Hasan,0,0,,,,,,"",""
ball,1,16.2,Bermuda,DA Minors,OL Pitcher,Shakib Al Hasan,1,0,,,,,,"",""
ball,1,16.3,Bermuda,OL Pitcher,DA Minors,Shakib Al Hasan,2,0,,,,,,"",""
ball,1,16.4,Bermuda,OL Pitcher,DA Minors,Shakib Al Hasan,0,0,,,,,,caught,OL Pitcher
ball,1,16.5,Bermuda,DA Minors,LOB Cann,Shakib Al Hasan,0,2,,,,2,,"",""
ball,1,16.6,Bermuda,DA Minors,LOB Cann,Shakib Al Hasan,1,0,,,,,,"",""
ball,1,17.1,Bermuda,DA Minors,LOB Cann,Aftab Ahmed,1,0,,,,,,"",""
ball,1,17.2,Bermuda,LOB Cann,DA Minors,Aftab Ahmed,0,0,,,,,,"",""
ball,1,17.3,Bermuda,LOB Cann,DA Minors,Aftab Ahmed,2,0,,,,,,"",""
ball,1,17.4,Bermuda,LOB Cann,DA Minors,Aftab Ahmed,6,0,,,,,,"",""
ball,1,17.5,Bermuda,LOB Cann,DA Minors,Aftab Ahmed,4,0,,,,,,"",""
ball,1,17.6,Bermuda,LOB Cann,DA Minors,Aftab Ahmed,4,0,,,,,,"",""
ball,1,18.1,Bermuda,DA Minors,LOB Cann,Shakib Al Hasan,1,0,,,,,,"",""
ball,1,18.2,Bermuda,LOB Cann,DA Minors,Shakib Al Hasan,0,0,,,,,,bowled,LOB Cann
ball,1,18.3,Bermuda,JJ Tucker,DA Minors,Shakib Al Hasan,1,0,,,,,,"",""
ball,1,18.4,Bermuda,DA Minors,JJ Tucker,Shakib Al Hasan,2,0,,,,,,"",""
ball,1,18.5,Bermuda,DA Minors,JJ Tucker,Shakib Al Hasan,1,0,,,,,,"",""
ball,1,18.6,Bermuda,JJ Tucker,DA Minors,Shakib Al Hasan,1,0,,,,,,"",""
ball,1,19.1,Bermuda,JJ Tucker,DA Minors,Mohammad Rafique,1,0,,,,,,"",""
ball,1,19.2,Bermuda,DA Minors,JJ Tucker,Mohammad Rafique,1,0,,,,,,"",""
ball,1,19.3,Bermuda,JJ Tucker,DA Minors,Mohammad Rafique,2,0,,,,,,"",""
ball,1,19.4,Bermuda,JJ Tucker,DA Minors,Mohammad Rafique,4,0,,,,,,"",""
ball,1,19.5,Bermuda,JJ Tucker,DA Minors,Mohammad Rafique,0,0,,,,,,caught,JJ Tucker
ball,1,19.6,Bermuda,KAD Hurdle,DA Minors,Mohammad Rafique,0,0,,,,,,"",""
ball,1,20.1,Bermuda,DA Minors,KAD Hurdle,Abdur Razzak,1,0,,,,,,"",""
ball,1,20.2,Bermuda,KAD Hurdle,DA Minors,Abdur Razzak,0,1,,,,1,,"",""
ball,1,20.3,Bermuda,DA Minors,KAD Hurdle,Abdur Razzak,6,0,,,,,,"",""
ball,1,20.4,Bermuda,DA Minors,KAD Hurdle,Abdur Razzak,0,0,,,,,,caught,DA Minors
ball,1,20.5,Bermuda,KAD Hurdle,S Mukuddem,Abdur Razzak,0,0,,,,,,"",""
ball,1,20.6,Bermuda,KAD Hurdle,S Mukuddem,Abdur Razzak,0,0,,,,,,bowled,KAD Hurdle
ball,2,0.1,Bangladesh,Tamim Iqbal,Shahriar Nafees,KAD Hurdle,1,0,,,,,,"",""
ball,2,0.2,Bangladesh,Shahriar Nafees,Tamim Iqbal,KAD Hurdle,0,1,1,,,,,"",""
ball,2,0.3,Bangladesh,Shahriar Nafees,Tamim Iqbal,KAD Hurdle,0,0,,,,,,"",""
ball,2,0.4,Bangladesh,Shahriar Nafees,Tamim Iqbal,KAD Hurdle,0,1,1,,,,,"",""
ball,2,0.5,Bangladesh,Shahriar Nafees,Tamim Iqbal,KAD Hurdle,0,1,1,,,,,"",""
ball,2,0.6,Bangladesh,Shahriar Nafees,Tamim Iqbal,KAD Hurdle,0,1,1,,,,,"",""
ball,2,0.7,Bangladesh,Shahriar Nafees,Tamim Iqbal,KAD Hurdle,0,0,,,,,,"",""
ball,2,0.8,Bangladesh,Shahriar Nafees,Tamim Iqbal,KAD Hurdle,0,1,,1,,,,"",""
ball,2,0.9,Bangladesh,Shahriar Nafees,Tamim Iqbal,KAD Hurdle,0,0,,,,,,"",""
ball,2,0.10,Bangladesh,Shahriar Nafees,Tamim Iqbal,KAD Hurdle,0,0,,,,,,"",""
ball,2,0.11,Bangladesh,Shahriar Nafees,Tamim Iqbal,KAD Hurdle,0,0,,,,,,"",""
ball,2,1.1,Bangladesh,Tamim Iqbal,Shahriar Nafees,S Mukuddem,0,0,,,,,,caught,Tamim Iqbal
ball,2,1.2,Bangladesh,Shahriar Nafees,Aftab Ahmed,S Mukuddem,0,0,,,,,,"",""
ball,2,1.3,Bangladesh,Shahriar Nafees,Aftab Ahmed,S Mukuddem,0,0,,,,,,"",""
ball,2,1.4,Bangladesh,Shahriar Nafees,Aftab Ahmed,S Mukuddem,0,0,,,,,,"",""
ball,2,1.5,Bangladesh,Shahriar Nafees,Aftab Ahmed,S Mukuddem,0,1,1,,,,,"",""
ball,2,1.6,Bangladesh,Shahriar Nafees,Aftab Ahmed,S Mukuddem,0,0,,,,,,"",""
ball,2,1.7,Bangladesh,Shahriar Nafees,Aftab Ahmed,S Mukuddem,0,1,1,,,,,"",""
ball,2,1.8,Bangladesh,Shahriar Nafees,Aftab Ahmed,S Mukuddem,0,0,,,,,,"",""
ball,2,2.1,Bangladesh,Aftab Ahmed,Shahriar Nafees,KAD Hurdle,0,0,,,,,,"",""
ball,2,2.2,Bangladesh,Aftab Ahmed,Shahriar Nafees,KAD Hurdle,0,1,,1,,,,"",""
ball,2,2.3,Bangladesh,Aftab Ahmed,Shahriar Nafees,KAD Hurdle,0,0,,,,,,"",""
ball,2,2.4,Bangladesh,Aftab Ahmed,Shahriar Nafees,KAD Hurdle,1,0,,,,,,"",""
ball,2,2.5,Bangladesh,Shahriar Nafees,Aftab Ahmed,KAD Hurdle,0,0,,,,,,"",""
ball,2,2.6,Bangladesh,Shahriar Nafees,Aftab Ahmed,KAD Hurdle,0,1,,1,,,,"",""
ball,2,2.7,Bangladesh,Shahriar Nafees,Aftab Ahmed,KAD Hurdle,0,0,,,,,,"",""
ball,2,2.8,Bangladesh,Shahriar Nafees,Aftab Ahmed,KAD Hurdle,6,0,,,,,,"",""
ball,2,3.1,Bangladesh,Aftab Ahmed,Shahriar Nafees,S Mukuddem,0,0,,,,,,"",""
ball,2,3.2,Bangladesh,Aftab Ahmed,Shahriar Nafees,S Mukuddem,1,0,,,,,,"",""
ball,2,3.3,Bangladesh,Shahriar Nafees,Aftab Ahmed,S Mukuddem,1,0,,,,,,"",""
ball,2,3.4,Bangladesh,Aftab Ahmed,Shahriar Nafees,S Mukuddem,4,0,,,,,,"",""
ball,2,3.5,Bangladesh,Aftab Ahmed,Shahriar Nafees,S Mukuddem,0,0,,,,,,"",""
ball,2,3.6,Bangladesh,Aftab Ahmed,Shahriar Nafees,S Mukuddem,0,0,,,,,,"",""
ball,2,4.1,Bangladesh,Shahriar Nafees,Aftab Ahmed,KAD Hurdle,1,0,,,,,,"",""
ball,2,4.2,Bangladesh,Aftab Ahmed,Shahriar Nafees,KAD Hurdle,0,0,,,,,,"",""
ball,2,4.3,Bangladesh,Aftab Ahmed,Shahriar Nafees,KAD Hurdle,1,0,,,,,,"",""
ball,2,4.4,Bangladesh,Shahriar Nafees,Aftab Ahmed,KAD Hurdle,0,0,,,,,,"",""
ball,2,4.5,Bangladesh,Shahriar Nafees,Aftab Ahmed,KAD Hurdle,0,0,,,,,,"",""
ball,2,4.6,Bangladesh,Shahriar Nafees,Aftab Ahmed,KAD Hurdle,0,1,1,,,,,"",""
ball,2,4.7,Bangladesh,Shahriar Nafees,Aftab Ahmed,KAD Hurdle,0,0,,,,,,"",""
ball,2,5.1,Bangladesh,Aftab Ahmed,Shahriar Nafees,S Mukuddem,0,0,,,,,,"",""
ball,2,5.2,Bangladesh,Aftab Ahmed,Shahriar Nafees,S Mukuddem,0,4,,,4,,,"",""
ball,2,5.3,Bangladesh,Aftab Ahmed,Shahriar Nafees,S Mukuddem,0,0,,,,,,lbw,Aftab Ahmed
ball,2,5.4,Bangladesh,Shakib Al Hasan,Shahriar Nafees,S Mukuddem,0,0,,,,,,"",""
ball,2,5.5,Bangladesh,Shakib Al Hasan,Shahriar Nafees,S Mukuddem,0,0,,,,,,"",""
ball,2,5.6,Bangladesh,Shakib Al Hasan,Shahriar Nafees,S Mukuddem,0,0,,,,,,"",""
ball,2,6.1,Bangladesh,Shahriar Nafees,Shakib Al Hasan,KAD Hurdle,0,0,,,,,,"",""
ball,2,6.2,Bangladesh,Shahriar Nafees,Shakib Al Hasan,KAD Hurdle,0,0,,,,,,"",""
ball,2,6.3,Bangladesh,Shahriar Nafees,Shakib Al Hasan,KAD Hurdle,1,0,,,,,,"",""
ball,2,6.4,Bangladesh,Shakib Al Hasan,Shahriar Nafees,KAD Hurdle,0,1,1,,,,,"",""
ball,2,6.5,Bangladesh,Shakib Al Hasan,Shahriar Nafees,KAD Hurdle,0,1,1,,,,,"",""
ball,2,6.6,Bangladesh,Shakib Al Hasan,Shahriar Nafees,KAD Hurdle,0,0,,,,,,"",""
ball,2,6.7,Bangladesh,Shakib Al Hasan,Shahriar Nafees,KAD Hurdle,1,0,,,,,,"",""
ball,2,6.8,Bangladesh,Shahriar Nafees,Shakib Al Hasan,KAD Hurdle,3,0,,,,,,"",""
ball,2,7.1,Bangladesh,Shahriar Nafees,Shakib Al Hasan,S Mukuddem,0,0,,,,,,caught,Shahriar Nafees
ball,2,7.2,Bangladesh,Mohammad Ashraful,Shakib Al Hasan,S Mukuddem,1,0,,,,,,"",""
ball,2,7.3,Bangladesh,Shakib Al Hasan,Mohammad Ashraful,S Mukuddem,1,0,,,,,,"",""
ball,2,7.4,Bangladesh,Mohammad Ashraful,Shakib Al Hasan,S Mukuddem,0,1,1,,,,,"",""
ball,2,7.5,Bangladesh,Mohammad Ashraful,Shakib Al Hasan,S Mukuddem,0,1,1,,,,,"",""
ball,2,7.6,Bangladesh,Mohammad Ashraful,Shakib Al Hasan,S Mukuddem,1,0,,,,,,"",""
ball,2,7.7,Bangladesh,Shakib Al Hasan,Mohammad Ashraful,S Mukuddem,0,0,,,,,,"",""
ball,2,7.8,Bangladesh,Shakib Al Hasan,Mohammad Ashraful,S Mukuddem,0,0,,,,,,"",""
ball,2,8.1,Bangladesh,Mohammad Ashraful,Shakib Al Hasan,JJ Tucker,1,0,,,,,,"",""
ball,2,8.2,Bangladesh,Shakib Al Hasan,Mohammad Ashraful,JJ Tucker,0,0,,,,,,"",""
ball,2,8.3,Bangladesh,Shakib Al Hasan,Mohammad Ashraful,JJ Tucker,0,0,,,,,,"",""
ball,2,8.4,Bangladesh,Shakib Al Hasan,Mohammad Ashraful,JJ Tucker,1,0,,,,,,"",""
ball,2,8.5,Bangladesh,Mohammad Ashraful,Shakib Al Hasan,JJ Tucker,1,0,,,,,,"",""
ball,2,8.6,Bangladesh,Shakib Al Hasan,Mohammad Ashraful,JJ Tucker,0,0,,,,,,"",""
ball,2,9.1,Bangladesh,Mohammad Ashraful,Shakib Al Hasan,S Mukuddem,0,0,,,,,,"",""
ball,2,9.2,Bangladesh,Mohammad Ashraful,Shakib Al Hasan,S Mukuddem,1,0,,,,,,"",""
ball,2,9.3,Bangladesh,Shakib Al Hasan,Mohammad Ashraful,S Mukuddem,3,0,,,,,,"",""
ball,2,9.4,Bangladesh,Mohammad Ashraful,Shakib Al Hasan,S Mukuddem,1,0,,,,,,"",""
ball,2,9.5,Bangladesh,Shakib Al Hasan,Mohammad Ashraful,S Mukuddem,1,0,,,,,,"",""
ball,2,9.6,Bangladesh,Mohammad Ashraful,Shakib Al Hasan,S Mukuddem,0,0,,,,,,"",""
ball,2,10.1,Bangladesh,Shakib Al Hasan,Mohammad Ashraful,JJ Tucker,1,0,,,,,,"",""
ball,2,10.2,Bangladesh,Mohammad Ashraful,Shakib Al Hasan,JJ Tucker,0,0,,,,,,"",""
ball,2,10.3,Bangladesh,Mohammad Ashraful,Shakib Al Hasan,JJ Tucker,0,0,,,,,,"",""
ball,2,10.4,Bangladesh,Mohammad Ashraful,Shakib Al Hasan,JJ Tucker,2,0,,,,,,"",""
ball,2,10.5,Bangladesh,Mohammad Ashraful,Shakib Al Hasan,JJ Tucker,0,0,,,,,,"",""
ball,2,10.6,Bangladesh,Mohammad Ashraful,Shakib Al Hasan,JJ Tucker,1,0,,,,,,"",""
ball,2,11.1,Bangladesh,Mohammad Ashraful,Shakib Al Hasan,RDM Leverock,0,0,,,,,,"",""
ball,2,11.2,Bangladesh,Mohammad Ashraful,Shakib Al Hasan,RDM Leverock,1,0,,,,,,"",""
ball,2,11.3,Bangladesh,Shakib Al Hasan,Mohammad Ashraful,RDM Leverock,0,0,,,,,,"",""
ball,2,11.4,Bangladesh,Shakib Al Hasan,Mohammad Ashraful,RDM Leverock,2,0,,,,,,"",""
ball,2,11.5,Bangladesh,Shakib Al Hasan,Mohammad Ashraful,RDM Leverock,0,0,,,,,,"",""
ball,2,11.6,Bangladesh,Shakib Al Hasan,Mohammad Ashraful,RDM Leverock,1,0,,,,,,"",""
ball,2,12.1,Bangladesh,Shakib Al Hasan,Mohammad Ashraful,JJ Tucker,0,0,,,,,,"",""
ball,2,12.2,Bangladesh,Shakib Al Hasan,Mohammad Ashraful,JJ Tucker,1,0,,,,,,"",""
ball,2,12.3,Bangladesh,Mohammad Ashraful,Shakib Al Hasan,JJ Tucker,2,0,,,,,,"",""
ball,2,12.4,Bangladesh,Mohammad Ashraful,Shakib Al Hasan,JJ Tucker,0,0,,,,,,"",""
ball,2,12.5,Bangladesh,Mohammad Ashraful,Shakib Al Hasan,JJ Tucker,4,0,,,,,,"",""
ball,2,12.6,Bangladesh,Mohammad Ashraful,Shakib Al Hasan,JJ Tucker,0,0,,,,,,"",""
ball,2,13.1,Bangladesh,Shakib Al Hasan,Mohammad Ashraful,RDM Leverock,0,0,,,,,,"",""
ball,2,13.2,Bangladesh,Shakib Al Hasan,Mohammad Ashraful,RDM Leverock,0,0,,,,,,"",""
ball,2,13.3,Bangladesh,Shakib Al Hasan,Mohammad Ashraful,RDM Leverock,1,0,,,,,,"",""
ball,2,13.4,Bangladesh,Mohammad Ashraful,Shakib Al Hasan,RDM Leverock,0,0,,,,,,"",""
ball,2,13.5,Bangladesh,Mohammad Ashraful,Shakib Al Hasan,RDM Leverock,4,0,,,,,,"",""
ball,2,13.6,Bangladesh,Mohammad Ashraful,Shakib Al Hasan,RDM Leverock,2,0,,,,,,"",""
ball,2,14.1,Bangladesh,Shakib Al Hasan,Mohammad Ashraful,DCC Borden,0,0,,,,,,"",""
ball,2,14.2,Bangladesh,Shakib Al Hasan,Mohammad Ashraful,DCC Borden,4,0,,,,,,"",""
ball,2,14.3,Bangladesh,Shakib Al Hasan,Mohammad Ashraful,DCC Borden,0,0,,,,,,"",""
ball,2,14.4,Bangladesh,Shakib Al Hasan,Mohammad Ashraful,DCC Borden,1,0,,,,,,"",""
ball,2,14.5,Bangladesh,Mohammad Ashraful,Shakib Al Hasan,DCC Borden,0,2,2,,,,,"",""
ball,2,14.6,Bangladesh,Shakib Al Hasan,Mohammad Ashraful,DCC Borden,1,0,,,,,,"",""
ball,2,14.7,Bangladesh,Mohammad Ashraful,Shakib Al Hasan,DCC Borden,1,0,,,,,,"",""
ball,2,15.1,Bangladesh,Mohammad Ashraful,Shakib Al Hasan,RDM Leverock,0,0,,,,,,"",""
ball,2,15.2,Bangladesh,Mohammad Ashraful,Shakib Al Hasan,RDM Leverock,1,0,,,,,,"",""
ball,2,15.3,Bangladesh,Shakib Al Hasan,Mohammad Ashraful,RDM Leverock,0,0,,,,,,"",""
ball,2,15.4,Bangladesh,Shakib Al Hasan,Mohammad Ashraful,RDM Leverock,1,0,,,,,,"",""
ball,2,15.5,Bangladesh,Mohammad Ashraful,Shakib Al Hasan,RDM Leverock,0,0,,,,,,"",""
ball,2,15.6,Bangladesh,Mohammad Ashraful,Shakib Al Hasan,RDM Leverock,1,0,,,,,,"",""
ball,2,16.1,Bangladesh,Mohammad Ashraful,Shakib Al Hasan,DCC Borden,1,0,,,,,,"",""
ball,2,16.2,Bangladesh,Shakib Al Hasan,Mohammad Ashraful,DCC Borden,1,0,,,,,,"",""
ball,2,16.3,Bangladesh,Mohammad Ashraful,Shakib Al Hasan,DCC Borden,1,0,,,,,,"",""
ball,2,16.4,Bangladesh,Shakib Al Hasan,Mohammad Ashraful,DCC Borden,0,0,,,,,,"",""
ball,2,16.5,Bangladesh,Shakib Al Hasan,Mohammad Ashraful,DCC Borden,1,0,,,,,,"",""
ball,2,16.6,Bangladesh,Mohammad Ashraful,Shakib Al Hasan,DCC Borden,0,1,1,,,,,"",""
ball,2,16.7,Bangladesh,Mohammad Ashraful,Shakib Al Hasan,DCC Borden,1,0,,,,,,"",""
ball,2,17.1,Bangladesh,Mohammad Ashraful,Shakib Al Hasan,RDM Leverock,0,0,,,,,,"",""
ball,2,17.2,Bangladesh,Mohammad Ashraful,Shakib Al Hasan,RDM Leverock,1,0,,,,,,"",""
ball,2,17.3,Bangladesh,Shakib Al Hasan,Mohammad Ashraful,RDM Leverock,4,0,,,,,,"",""
