version,1.6.0
info,balls_per_over,6
info,team,Netherlands
info,team,Scotland
info,gender,male
info,season,2006/07
info,date,2007/03/22
info,event,ICC World Cup
info,match_number,19
info,venue,"Warner Park, Basseterre"
info,city,St Kitts
info,neutralvenue,true
info,toss_winner,Netherlands
info,toss_decision,field
info,player_of_match,WF Stelling
info,umpire,EAR de Silva
info,umpire,AL Hill
info,reserve_umpire,SA Bucknor
info,tv_umpire,MR Benson
info,match_referee,J Srinath
info,winner,Netherlands
info,winner_wickets,8
info,player,Netherlands,B Zuiderent
info,player,Netherlands,DJ Reekers
info,player,Netherlands,ES Szwarczynski
info,player,Netherlands,RN ten Doeschate
info,player,Netherlands,DLS van Bunge
info,player,Netherlands,TBM de Leede
info,player,Netherlands,MBS Jonkman
info,player,Netherlands,WF Stelling
info,player,Netherlands,PW Borren
info,player,Netherlands,J Smits
info,player,Netherlands,Mohammad Kashif
info,player,Scotland,NS Poonia
info,player,Scotland,RM Haq
info,player,Scotland,RR Watson
info,player,Scotland,GM Hamilton
info,player,Scotland,DR Brown
info,player,Scotland,NFI McCallum
info,player,Scotland,CJO Smith
info,player,Scotland,CM Wright
info,player,Scotland,JAR Blain
info,player,Scotland,GA Rogers
info,player,Scotland,PJC Hoffmann
info,registry,people,AL Hill,4165ced0
info,registry,people,B Zuiderent,d953ed6a
info,registry,people,CJO Smith,c46e9e56
info,registry,people,CM Wright,008589a4
info,registry,people,DJ Reekers,d84a2d8e
info,registry,people,DLS van Bunge,3185266a
info,registry,people,DR Brown,7c70083d
info,registry,people,EAR de Silva,dc63f509
info,registry,people,ES Szwarczynski,6a7239a7
info,registry,people,GA Rogers,46050f42
info,registry,people,GM Hamilton,8187519b
info,registry,people,J Smits,7c681ee9
info,registry,people,J Srinath,bad31fac
info,registry,people,JAR Blain,e662b18f
info,registry,people,MBS Jonkman,74ef405a
info,registry,people,MR Benson,790e14d3
info,registry,people,Mohammad Kashif,4d05a82e
info,registry,people,NFI McCallum,ef5cbaf6
info,registry,people,NS Poonia,e343abe9
info,registry,people,PJC Hoffmann,7157a72f
info,registry,people,PW Borren,91052c96
info,registry,people,RM Haq,27159c6a
info,registry,people,RN ten Doeschate,4ec07775
info,registry,people,RR Watson,a670d624
info,registry,people,SA Bucknor,2ad22b51
info,registry,people,TBM de Leede,d2f72b19
info,registry,people,WF Stelling,0c637131
ball,1,0.1,Scotland,NS Poonia,RM Haq,WF Stelling,0,0,,,,,,"",""
ball,1,0.2,Scotland,NS Poonia,RM Haq,WF Stelling,0,0,,,,,,caught,NS Poonia
ball,1,0.3,Scotland,RR Watson,RM Haq,WF Stelling,1,0,,,,,,"",""
ball,1,0.4,Scotland,RM Haq,RR Watson,WF Stelling,0,0,,,,,,"",""
ball,1,0.5,Scotland,RM Haq,RR Watson,WF Stelling,0,1,,1,,,,"",""
ball,1,0.6,Scotland,RM Haq,RR Watson,WF Stelling,0,0,,,,,,"",""
ball,1,0.7,Scotland,RM Haq,RR Watson,WF Stelling,0,1,,,,1,,"",""
ball,1,1.1,Scotland,RM Haq,RR Watson,DJ Reekers,0,0,,,,,,"",""
ball,1,1.2,Scotland,RM Haq,RR Watson,DJ Reekers,0,0,,,,,,"",""
ball,1,1.3,Scotland,RM Haq,RR Watson,DJ Reekers,0,0,,,,,,"",""
ball,1,1.4,Scotland,RM Haq,RR Watson,DJ Reekers,0,0,,,,,,"",""
ball,1,1.5,Scotland,RM Haq,RR Watson,DJ Reekers,4,0,,,,,,"",""
ball,1,1.6,Scotland,RM Haq,RR Watson,DJ Reekers,1,0,,,,,,"",""
ball,1,2.1,Scotland,RM Haq,RR Watson,WF Stelling,0,0,,,,,,"",""
ball,1,2.2,Scotland,RM Haq,RR Watson,WF Stelling,0,0,,,,,,"",""
ball,1,2.3,Scotland,RM Haq,RR Watson,WF Stelling,1,0,,,,,,"",""
ball,1,2.4,Scotland,RR Watson,RM Haq,WF Stelling,0,0,,,,,,"",""
ball,1,2.5,Scotland,RR Watson,RM Haq,WF Stelling,0,0,,,,,,"",""
ball,1,2.6,Scotland,RR Watson,RM Haq,WF Stelling,0,0,,,,,,"",""
ball,1,3.1,Scotland,RM Haq,RR Watson,DJ Reekers,0,0,,,,,,"",""
ball,1,3.2,Scotland,RM Haq,RR Watson,DJ Reekers,0,0,,,,,,bowled,RM Haq
ball,1,3.3,Scotland,GM Hamilton,RR Watson,DJ Reekers,0,0,,,,,,"",""
ball,1,3.4,Scotland,GM Hamilton,RR Watson,DJ Reekers,2,0,,,,,,"",""
ball,1,3.5,Scotland,GM Hamilton,RR Watson,DJ Reekers,0,0,,,,,,"",""
ball,1,3.6,Scotland,GM Hamilton,RR Watson,DJ Reekers,0,0,,,,,,"",""
ball,1,4.1,Scotland,RR Watson,GM Hamilton,WF Stelling,0,0,,,,,,"",""
ball,1,4.2,Scotland,RR Watson,GM Hamilton,WF Stelling,0,0,,,,,,"",""
ball,1,4.3,Scotland,RR Watson,GM Hamilton,WF Stelling,0,1,,,,1,,"",""
ball,1,4.4,Scotland,GM Hamilton,RR Watson,WF Stelling,0,0,,,,,,"",""
ball,1,4.5,Scotland,GM Hamilton,RR Watson,WF Stelling,0,0,,,,,,"",""
ball,1,4.6,Scotland,GM Hamilton,RR Watson,WF Stelling,1,0,,,,,,"",""
ball,1,5.1,Scotland,GM Hamilton,RR Watson,DJ Reekers,0,0,,,,,,"",""
ball,1,5.2,Scotland,GM Hamilton,RR Watson,DJ Reekers,0,0,,,,,,"",""
ball,1,5.3,Scotland,GM Hamilton,RR Watson,DJ Reekers,0,1,1,,,,,"",""
ball,1,5.4,Scotland,GM Hamilton,RR Watson,DJ Reekers,0,0,,,,,,"",""
ball,1,5.5,Scotland,GM Hamilton,RR Watson,DJ Reekers,1,0,,,,,,"",""
ball,1,5.6,Scotland,RR Watson,GM Hamilton,DJ Reekers,0,0,,,,,,"",""
ball,1,5.7,Scotland,RR Watson,GM Hamilton,DJ Reekers,0,0,,,,,,"",""
ball,1,6.1,Scotland,GM Hamilton,RR Watson,WF Stelling,0,0,,,,,,"",""
ball,1,6.2,Scotland,GM Hamilton,RR Watson,WF Stelling,0,0,,,,,,lbw,GM Hamilton
ball,1,6.3,Scotland,DR Brown,RR Watson,WF Stelling,0,0,,,,,,lbw,DR Brown
ball,1,6.4,Scotland,NFI McCallum,RR Watson,WF Stelling,0,0,,,,,,"",""
ball,1,6.5,Scotland,NFI McCallum,RR Watson,WF Stelling,0,0,,,,,,"",""
ball,1,6.6,Scotland,NFI McCallum,RR Watson,WF Stelling,0,0,,,,,,"",""
ball,1,7.1,Scotland,RR Watson,NFI McCallum,DJ Reekers,0,0,,,,,,"",""
ball,1,7.2,Scotland,RR Watson,NFI McCallum,DJ Reekers,0,0,,,,,,"",""
ball,1,7.3,Scotland,RR Watson,NFI McCallum,DJ Reekers,0,0,,,,,,"",""
ball,1,7.4,Scotland,RR Watson,NFI McCallum,DJ Reekers,0,1,1,,,,,"",""
ball,1,7.5,Scotland,RR Watson,NFI McCallum,DJ Reekers,1,0,,,,,,"",""
ball,1,7.6,Scotland,NFI McCallum,RR Watson,DJ Reekers,0,0,,,,,,"",""
ball,1,7.7,Scotland,NFI McCallum,RR Watson,DJ Reekers,0,0,,,,,,"",""
ball,1,8.1,Scotland,RR Watson,NFI McCallum,WF Stelling,0,0,,,,,,"",""
ball,1,8.2,Scotland,RR Watson,NFI McCallum,WF Stelling,0,0,,,,,,"",""
ball,1,8.3,Scotland,RR Watson,NFI McCallum,WF Stelling,0,0,,,,,,"",""
ball,1,8.4,Scotland,RR Watson,NFI McCallum,WF Stelling,0,0,,,,,,"",""
ball,1,8.5,Scotland,RR Watson,NFI McCallum,WF Stelling,0,0,,,,,,"",""
ball,1,8.6,Scotland,RR Watson,NFI McCallum,WF Stelling,0,2,,,,2,,"",""
ball,1,9.1,Scotland,NFI McCallum,RR Watson,DJ Reekers,0,0,,,,,,"",""
ball,1,9.2,Scotland,NFI McCallum,RR Watson,DJ Reekers,2,0,,,,,,"",""
ball,1,9.3,Scotland,NFI McCallum,RR Watson,DJ Reekers,0,0,,,,,,"",""
ball,1,9.4,Scotland,NFI McCallum,RR Watson,DJ Reekers,0,0,,,,,,"",""
ball,1,9.5,Scotland,NFI McCallum,RR Watson,DJ Reekers,0,0,,,,,,"",""
ball,1,9.6,Scotland,NFI McCallum,RR Watson,DJ Reekers,0,0,,,,,,"",""
ball,1,10.1,Scotland,RR Watson,NFI McCallum,WF Stelling,0,0,,,,,,"",""
ball,1,10.2,Scotland,RR Watson,NFI McCallum,WF Stelling,0,0,,,,,,"",""
ball,1,10.3,Scotland,RR Watson,NFI McCallum,WF Stelling,0,0,,,,,,"",""
ball,1,10.4,Scotland,RR Watson,NFI McCallum,WF Stelling,0,0,,,,,,"",""
ball,1,10.5,Scotland,RR Watson,NFI McCallum,WF Stelling,0,0,,,,,,"",""
ball,1,10.6,Scotland,RR Watson,NFI McCallum,WF Stelling,0,0,,,,,,"",""
ball,1,11.1,Scotland,NFI McCallum,RR Watson,DJ Reekers,0,0,,,,,,"",""
ball,1,11.2,Scotland,NFI McCallum,RR Watson,DJ Reekers,1,0,,,,,,"",""
ball,1,11.3,Scotland,RR Watson,NFI McCallum,DJ Reekers,0,0,,,,,,"",""
ball,1,11.4,Scotland,RR Watson,NFI McCallum,DJ Reekers,4,0,,,,,,"",""
ball,1,11.5,Scotland,RR Watson,NFI McCallum,DJ Reekers,4,0,,,,,,"",""
ball,1,11.6,Scotland,RR Watson,NFI McCallum,DJ Reekers,1,0,,,,,,"",""
ball,1,12.1,Scotland,RR Watson,NFI McCallum,WF Stelling,0,0,,,,,,"",""
ball,1,12.2,Scotland,RR Watson,NFI McCallum,WF Stelling,0,0,,,,,,"",""
ball,1,12.3,Scotland,RR Watson,NFI McCallum,WF Stelling,1,1,,1,,,,"",""
ball,1,12.4,Scotland,NFI McCallum,RR Watson,WF Stelling,1,0,,,,,,"",""
ball,1,12.5,Scotland,RR Watson,NFI McCallum,WF Stelling,4,0,,,,,,"",""
ball,1,12.6,Scotland,RR Watson,NFI McCallum,WF Stelling,0,0,,,,,,"",""
ball,1,12.7,Scotland,RR Watson,NFI McCallum,WF Stelling,0,0,,,,,,"",""
ball,1,13.1,Scotland,NFI McCallum,RR Watson,TBM de Leede,0,0,,,,,,"",""
ball,1,13.2,Scotland,NFI McCallum,RR Watson,TBM de Leede,1,0,,,,,,"",""
ball,1,13.3,Scotland,RR Watson,NFI McCallum,TBM de Leede,0,0,,,,,,"",""
ball,1,13.4,Scotland,RR Watson,NFI McCallum,TBM de Leede,0,0,,,,,,caught and bowled,RR Watson
ball,1,13.5,Scotland,CJO Smith,NFI McCallum,TBM de Leede,0,0,,,,,,"",""
ball,1,13.6,Scotland,CJO Smith,NFI McCallum,TBM de Leede,0,0,,,,,,"",""
ball,1,14.1,Scotland,NFI McCallum,CJO Smith,WF Stelling,0,1,1,,,,,"",""
ball,1,14.2,Scotland,NFI McCallum,CJO Smith,WF Stelling,0,0,,,,,,"",""
ball,1,14.3,Scotland,NFI McCallum,CJO Smith,WF Stelling,0,0,,,,,,"",""
ball,1,14.4,Scotland,NFI McCallum,CJO Smith,WF Stelling,0,0,,,,,,"",""
ball,1,14.5,Scotland,NFI McCallum,CJO Smith,WF Stelling,0,0,,,,,,"",""
ball,1,14.6,Scotland,NFI McCallum,CJO Smith,WF Stelling,0,0,,,,,,"",""
ball,1,14.7,Scotland,NFI McCallum,CJO Smith,WF Stelling,0,0,,,,,,"",""
ball,1,15.1,Scotland,CJO Smith,NFI McCallum,TBM de Leede,1,0,,,,,,"",""
ball,1,15.2,Scotland,NFI McCallum,CJO Smith,TBM de Leede,0,0,,,,,,"",""
ball,1,15.3,Scotland,NFI McCallum,CJO Smith,TBM de Leede,4,0,,,,,,"",""
ball,1,15.4,Scotland,NFI McCallum,CJO Smith,TBM de Leede,0,0,,,,,,"",""
ball,1,15.5,Scotland,NFI McCallum,CJO Smith,TBM de Leede,0,0,,,,,,"",""
ball,1,15.6,Scotland,NFI McCallum,CJO Smith,TBM de Leede,0,0,,,,,,"",""
ball,1,16.1,Scotland,CJO Smith,NFI McCallum,MBS Jonkman,4,0,,,,,,"",""
ball,1,16.2,Scotland,CJO Smith,NFI McCallum,MBS Jonkman,0,0,,,,,,"",""
ball,1,16.3,Scotland,CJO Smith,NFI McCallum,MBS Jonkman,0,0,,,,,,"",""
ball,1,16.4,Scotland,CJO Smith,NFI McCallum,MBS Jonkman,0,0,,,,,,"",""
ball,1,16.5,Scotland,CJO Smith,NFI McCallum,MBS Jonkman,4,0,,,,,,"",""
ball,1,16.6,Scotland,CJO Smith,NFI McCallum,MBS Jonkman,1,0,,,,,,"",""
ball,1,17.1,Scotland,CJO Smith,NFI McCallum,TBM de Leede,0,0,,,,,,"",""
ball,1,17.2,Scotland,CJO Smith,NFI McCallum,TBM de Leede,0,0,,,,,,"",""
ball,1,17.3,Scotland,CJO Smith,NFI McCallum,TBM de Leede,0,0,,,,,,"",""
ball,1,17.4,Scotland,CJO Smith,NFI McCallum,TBM de Leede,1,0,,,,,,"",""
ball,1,17.5,Scotland,NFI McCallum,CJO Smith,TBM de Leede,0,0,,,,,,"",""
ball,1,17.6,Scotland,NFI McCallum,CJO Smith,TBM de Leede,6,0,,,,,,"",""
ball,1,18.1,Scotland,CJO Smith,NFI McCallum,MBS Jonkman,0,0,,,,,,"",""
ball,1,18.2,Scotland,CJO Smith,NFI McCallum,MBS Jonkman,0,0,,,,,,"",""
ball,1,18.3,Scotland,CJO Smith,NFI McCallum,MBS Jonkman,0,0,,,,,,"",""
ball,1,18.4,Scotland,CJO Smith,NFI McCallum,MBS Jonkman,0,0,,,,,,"",""
ball,1,18.5,Scotland,CJO Smith,NFI McCallum,MBS Jonkman,0,0,,,,,,"",""
ball,1,18.6,Scotland,CJO Smith,NFI McCallum,MBS Jonkman,4,0,,,,,,"",""
ball,1,19.1,Scotland,NFI McCallum,CJO Smith,TBM de Leede,0,1,1,,,,,"",""
ball,1,19.2,Scotland,NFI McCallum,CJO Smith,TBM de Leede,0,0,,,,,,"",""
ball,1,19.3,Scotland,NFI McCallum,CJO Smith,TBM de Leede,0,0,,,,,,"",""
ball,1,19.4,Scotland,NFI McCallum,CJO Smith,TBM de Leede,0,1,1,,,,,"",""
ball,1,19.5,Scotland,NFI McCallum,CJO Smith,TBM de Leede,4,0,,,,,,"",""
ball,1,19.6,Scotland,NFI McCallum,CJO Smith,TBM de Leede,0,0,,,,,,"",""
ball,1,19.7,Scotland,NFI McCallum,CJO Smith,TBM de Leede,1,0,,,,,,"",""
ball,1,19.8,Scotland,CJO Smith,NFI McCallum,TBM de Leede,4,0,,,,,,"",""
ball,1,20.1,Scotland,NFI McCallum,CJO Smith,MBS Jonkman,0,1,,,,1,,"",""
ball,1,20.2,Scotland,CJO Smith,NFI McCallum,MBS Jonkman,0,0,,,,,,"",""
ball,1,20.3,Scotland,CJO Smith,NFI McCallum,MBS Jonkman,0,0,,,,,,"",""
ball,1,20.4,Scotland,CJO Smith,NFI McCallum,MBS Jonkman,0,0,,,,,,bowled,CJO Smith
ball,1,20.5,Scotland,CM Wright,NFI McCallum,MBS Jonkman,0,0,,,,,,"",""
ball,1,20.6,Scotland,CM Wright,NFI McCallum,MBS Jonkman,0,0,,,,,,"",""
ball,1,21.1,Scotland,NFI McCallum,CM Wright,Mohammad Kashif,0,0,,,,,,"",""
ball,1,21.2,Scotland,NFI McCallum,CM Wright,Mohammad Kashif,0,0,,,,,,"",""
ball,1,21.3,Scotland,NFI McCallum,CM Wright,Mohammad Kashif,0,0,,,,,,"",""
ball,1,21.4,Scotland,NFI McCallum,CM Wright,Mohammad Kashif,0,0,,,,,,"",""
ball,1,21.5,Scotland,NFI McCallum,CM Wright,Mohammad Kashif,4,0,,,,,,"",""
ball,1,21.6,Scotland,NFI McCallum,CM Wright,Mohammad Kashif,0,0,,,,,,"",""
ball,1,22.1,Scotland,CM Wright,NFI McCallum,MBS Jonkman,0,1,1,,,,,"",""
ball,1,22.2,Scotland,CM Wright,NFI McCallum,MBS Jonkman,1,0,,,,,,"",""
ball,1,22.3,Scotland,NFI McCallum,CM Wright,MBS Jonkman,0,0,,,,,,"",""
ball,1,22.4,Scotland,NFI McCallum,CM Wright,MBS Jonkman,0,0,,,,,,caught,NFI McCallum
ball,1,22.5,Scotland,JAR Blain,CM Wright,MBS Jonkman,0,0,,,,,,"",""
ball,1,22.6,Scotland,JAR Blain,CM Wright,MBS Jonkman,0,0,,,,,,"",""
ball,1,22.7,Scotland,JAR Blain,CM Wright,MBS Jonkman,0,0,,,,,,"",""
ball,1,23.1,Scotland,CM Wright,JAR Blain,Mohammad Kashif,0,0,,,,,,"",""
ball,1,23.2,Scotland,CM Wright,JAR Blain,Mohammad Kashif,0,0,,,,,,"",""
ball,1,23.3,Scotland,CM Wright,JAR Blain,Mohammad Kashif,0,0,,,,,,"",""
ball,1,23.4,Scotland,CM Wright,JAR Blain,Mohammad Kashif,0,0,,,,,,stumped,CM Wright
ball,1,23.5,Scotland,GA Rogers,JAR Blain,Mohammad Kashif,0,0,,,,,,"",""
ball,1,23.6,Scotland,GA Rogers,JAR Blain,Mohammad Kashif,0,0,,,,,,"",""
ball,1,24.1,Scotland,JAR Blain,GA Rogers,MBS Jonkman,0,0,,,,,,"",""
ball,1,24.2,Scotland,JAR Blain,GA Rogers,MBS Jonkman,1,0,,,,,,"",""
ball,1,24.3,Scotland,GA Rogers,JAR Blain,MBS Jonkman,0,0,,,,,,"",""
ball,1,24.4,Scotland,GA Rogers,JAR Blain,MBS Jonkman,4,0,,,,,,"",""
ball,1,24.5,Scotland,GA Rogers,JAR Blain,MBS Jonkman,0,0,,,,,,"",""
ball,1,24.6,Scotland,GA Rogers,JAR Blain,MBS Jonkman,2,0,,,,,,"",""
ball,1,25.1,Scotland,JAR Blain,GA Rogers,Mohammad Kashif,0,0,,,,,,"",""
ball,1,25.2,Scotland,JAR Blain,GA Rogers,Mohammad Kashif,1,0,,,,,,"",""
ball,1,25.3,Scotland,GA Rogers,JAR Blain,Mohammad Kashif,4,0,,,,,,"",""
ball,1,25.4,Scotland,GA Rogers,JAR Blain,Mohammad Kashif,4,0,,,,,,"",""
ball,1,25.5,Scotland,GA Rogers,JAR Blain,Mohammad Kashif,0,0,,,,,,"",""
ball,1,25.6,Scotland,GA Rogers,JAR Blain,Mohammad Kashif,0,0,,,,,,"",""
ball,1,26.1,Scotland,JAR Blain,GA Rogers,RN ten Doeschate,0,1,1,,,,,"",""
ball,1,26.2,Scotland,JAR Blain,GA Rogers,RN ten Doeschate,0,1,1,,,,,"",""
ball,1,26.3,Scotland,JAR Blain,GA Rogers,RN ten Doeschate,0,0,,,,,,"",""
ball,1,26.4,Scotland,JAR Blain,GA Rogers,RN ten Doeschate,1,0,,,,,,"",""
ball,1,26.5,Scotland,GA Rogers,JAR Blain,RN ten Doeschate,0,0,,,,,,"",""
ball,1,26.6,Scotland,GA Rogers,JAR Blain,RN ten Doeschate,4,0,,,,,,"",""
ball,1,26.7,Scotland,GA Rogers,JAR Blain,RN ten Doeschate,4,0,,,,,,"",""
ball,1,26.8,Scotland,GA Rogers,JAR Blain,RN ten Doeschate,0,0,,,,,,"",""
ball,1,27.1,Scotland,JAR Blain,GA Rogers,Mohammad Kashif,0,0,,,,,,"",""
ball,1,27.2,Scotland,JAR Blain,GA Rogers,Mohammad Kashif,0,0,,,,,,"",""
ball,1,27.3,Scotland,JAR Blain,GA Rogers,Mohammad Kashif,0,0,,,,,,"",""
ball,1,27.4,Scotland,JAR Blain,GA Rogers,Mohammad Kashif,0,0,,,,,,"",""
ball,1,27.5,Scotland,JAR Blain,GA Rogers,Mohammad Kashif,0,0,,,,,,"",""
ball,1,27.6,Scotland,JAR Blain,GA Rogers,Mohammad Kashif,0,0,,,,,,"",""
ball,1,28.1,Scotland,GA Rogers,JAR Blain,RN ten Doeschate,0,0,,,,,,"",""
ball,1,28.2,Scotland,GA Rogers,JAR Blain,RN ten Doeschate,0,0,,,,,,"",""
ball,1,28.3,Scotland,GA Rogers,JAR Blain,RN ten Doeschate,0,0,,,,,,"",""
ball,1,28.4,Scotland,GA Rogers,JAR Blain,RN ten Doeschate,0,0,,,,,,"",""
ball,1,28.5,Scotland,GA Rogers,JAR Blain,RN ten Doeschate,0,0,,,,,,"",""
ball,1,28.6,Scotland,GA Rogers,JAR Blain,RN ten Doeschate,1,0,,,,,,"",""
ball,1,29.1,Scotland,GA Rogers,JAR Blain,Mohammad Kashif,0,0,,,,,,"",""
ball,1,29.2,Scotland,GA Rogers,JAR Blain,Mohammad Kashif,0,0,,,,,,"",""
ball,1,29.3,Scotland,GA Rogers,JAR Blain,Mohammad Kashif,0,0,,,,,,"",""
ball,1,29.4,Scotland,GA Rogers,JAR Blain,Mohammad Kashif,0,0,,,,,,"",""
ball,1,29.5,Scotland,GA Rogers,JAR Blain,Mohammad Kashif,1,0,,,,,,"",""
ball,1,29.6,Scotland,JAR Blain,GA Rogers,Mohammad Kashif,0,0,,,,,,"",""
ball,1,30.1,Scotland,GA Rogers,JAR Blain,RN ten Doeschate,0,0,,,,,,"",""
ball,1,30.2,Scotland,GA Rogers,JAR Blain,RN ten Doeschate,1,0,,,,,,"",""
ball,1,30.3,Scotland,JAR Blain,GA Rogers,RN ten Doeschate,0,0,,,,,,"",""
ball,1,30.4,Scotland,JAR Blain,GA Rogers,RN ten Doeschate,3,0,,,,,,"",""
ball,1,30.5,Scotland,GA Rogers,JAR Blain,RN ten Doeschate,0,0,,,,,,"",""
ball,1,30.6,Scotland,GA Rogers,JAR Blain,RN ten Doeschate,1,0,,,,,,"",""
ball,1,31.1,Scotland,GA Rogers,JAR Blain,Mohammad Kashif,0,0,,,,,,caught,GA Rogers
ball,1,31.2,Scotland,PJC Hoffmann,JAR Blain,Mohammad Kashif,0,0,,,,,,"",""
ball,1,31.3,Scotland,PJC Hoffmann,JAR Blain,Mohammad Kashif,4,0,,,,,,"",""
ball,1,31.4,Scotland,PJC Hoffmann,JAR Blain,Mohammad Kashif,1,0,,,,,,"",""
ball,1,31.5,Scotland,JAR Blain,PJC Hoffmann,Mohammad Kashif,0,0,,,,,,"",""
ball,1,31.6,Scotland,JAR Blain,PJC Hoffmann,Mohammad Kashif,0,0,,,,,,"",""
ball,1,32.1,Scotland,PJC Hoffmann,JAR Blain,DLS van Bunge,1,0,,,,,,"",""
ball,1,32.2,Scotland,JAR Blain,PJC Hoffmann,DLS van Bunge,1,0,,,,,,"",""
ball,1,32.3,Scotland,PJC Hoffmann,JAR Blain,DLS van Bunge,0,0,,,,,,"",""
ball,1,32.4,Scotland,PJC Hoffmann,JAR Blain,DLS van Bunge,0,0,,,,,,"",""
ball,1,32.5,Scotland,PJC Hoffmann,JAR Blain,DLS van Bunge,1,0,,,,,,"",""
ball,1,32.6,Scotland,JAR Blain,PJC Hoffmann,DLS van Bunge,1,0,,,,,,"",""
ball,1,33.1,Scotland,JAR Blain,PJC Hoffmann,Mohammad Kashif,0,0,,,,,,"",""
ball,1,33.2,Scotland,JAR Blain,PJC Hoffmann,Mohammad Kashif,0,0,,,,,,"",""
ball,1,33.3,Scotland,JAR Blain,PJC Hoffmann,Mohammad Kashif,4,0,,,,,,"",""
ball,1,33.4,Scotland,JAR Blain,PJC Hoffmann,Mohammad Kashif,6,0,,,,,,"",""
ball,1,33.5,Scotland,JAR Blain,PJC Hoffmann,Mohammad Kashif,0,0,,,,,,"",""
ball,1,33.6,Scotland,JAR Blain,PJC Hoffmann,Mohammad Kashif,0,0,,,,,,"",""
ball,1,34.1,Scotland,PJC Hoffmann,JAR Blain,DLS van Bunge,0,0,,,,,,caught,PJC Hoffmann
ball,2,0.1,Netherlands,B Zuiderent,DJ Reekers,PJC Hoffmann,0,0,,,,,,"",""
ball,2,0.2,Netherlands,B Zuiderent,DJ Reekers,PJC Hoffmann,0,0,,,,,,"",""
ball,2,0.3,Netherlands,B Zuiderent,DJ Reekers,PJC Hoffmann,0,0,,,,,,"",""
ball,2,0.4,Netherlands,B Zuiderent,DJ Reekers,PJC Hoffmann,1,0,,,,,,"",""
ball,2,0.5,Netherlands,DJ Reekers,B Zuiderent,PJC Hoffmann,4,0,,,,,,"",""
ball,2,0.6,Netherlands,DJ Reekers,B Zuiderent,PJC Hoffmann,0,0,,,,,,"",""
ball,2,1.1,Netherlands,B Zuiderent,DJ Reekers,JAR Blain,0,0,,,,,,"",""
ball,2,1.2,Netherlands,B Zuiderent,DJ Reekers,JAR Blain,4,0,,,,,,"",""
ball,2,1.3,Netherlands,B Zuiderent,DJ Reekers,JAR Blain,4,0,,,,,,"",""
ball,2,1.4,Netherlands,B Zuiderent,DJ Reekers,JAR Blain,0,0,,,,,,"",""
ball,2,1.5,Netherlands,B Zuiderent,DJ Reekers,JAR Blain,0,0,,,,,,"",""
ball,2,1.6,Netherlands,B Zuiderent,DJ Reekers,JAR Blain,0,0,,,,,,"",""
ball,2,2.1,Netherlands,DJ Reekers,B Zuiderent,PJC Hoffmann,0,0,,,,,,"",""
ball,2,2.2,Netherlands,DJ Reekers,B Zuiderent,PJC Hoffmann,0,0,,,,,,"",""
ball,2,2.3,Netherlands,DJ Reekers,B Zuiderent,PJC Hoffmann,4,0,,,,,,"",""
ball,2,2.4,Netherlands,DJ Reekers,B Zuiderent,PJC Hoffmann,0,0,,,,,,"",""
ball,2,2.5,Netherlands,DJ Reekers,B Zuiderent,PJC Hoffmann,1,0,,,,,,"",""
ball,2,2.6,Netherlands,B Zuiderent,DJ Reekers,PJC Hoffmann,0,0,,,,,,"",""
ball,2,3.1,Netherlands,DJ Reekers,B Zuiderent,JAR Blain,0,0,,,,,,caught,DJ Reekers
ball,2,3.2,Netherlands,B Zuiderent,ES Szwarczynski,JAR Blain,1,0,,,,,,"",""
ball,2,3.3,Netherlands,ES Szwarczynski,B Zuiderent,JAR Blain,4,0,,,,,,"",""
ball,2,3.4,Netherlands,ES Szwarczynski,B Zuiderent,JAR Blain,0,0,,,,,,"",""
ball,2,3.5,Netherlands,ES Szwarczynski,B Zuiderent,JAR Blain,0,0,,,,,,"",""
ball,2,3.6,Netherlands,ES Szwarczynski,B Zuiderent,JAR Blain,0,0,,,,,,"",""
ball,2,4.1,Netherlands,B Zuiderent,ES Szwarczynski,PJC Hoffmann,1,0,,,,,,"",""
ball,2,4.2,Netherlands,ES Szwarczynski,B Zuiderent,PJC Hoffmann,0,0,,,,,,"",""
ball,2,4.3,Netherlands,ES Szwarczynski,B Zuiderent,PJC Hoffmann,0,0,,,,,,"",""
ball,2,4.4,Netherlands,ES Szwarczynski,B Zuiderent,PJC Hoffmann,0,0,,,,,,"",""
ball,2,4.5,Netherlands,ES Szwarczynski,B Zuiderent,PJC Hoffmann,4,0,,,,,,"",""
ball,2,4.6,Netherlands,ES Szwarczynski,B Zuiderent,PJC Hoffmann,4,0,,,,,,"",""
ball,2,5.1,Netherlands,B Zuiderent,ES Szwarczynski,JAR Blain,4,0,,,,,,"",""
ball,2,5.2,Netherlands,B Zuiderent,ES Szwarczynski,JAR Blain,1,0,,,,,,"",""
ball,2,5.3,Netherlands,ES Szwarczynski,B Zuiderent,JAR Blain,0,0,,,,,,"",""
ball,2,5.4,Netherlands,ES Szwarczynski,B Zuiderent,JAR Blain,0,0,,,,,,caught,ES Szwarczynski
ball,2,5.5,Netherlands,B Zuiderent,RN ten Doeschate,JAR Blain,0,1,1,,,,,"",""
ball,2,5.6,Netherlands,B Zuiderent,RN ten Doeschate,JAR Blain,0,0,,,,,,"",""
ball,2,5.7,Netherlands,B Zuiderent,RN ten Doeschate,JAR Blain,0,0,,,,,,"",""
ball,2,6.1,Netherlands,RN ten Doeschate,B Zuiderent,PJC Hoffmann,0,0,,,,,,"",""
ball,2,6.2,Netherlands,RN ten Doeschate,B Zuiderent,PJC Hoffmann,0,0,,,,,,"",""
ball,2,6.3,Netherlands,RN ten Doeschate,B Zuiderent,PJC Hoffmann,4,0,,,,,,"",""
ball,2,6.4,Netherlands,RN ten Doeschate,B Zuiderent,PJC Hoffmann,0,0,,,,,,"",""
ball,2,6.5,Netherlands,RN ten Doeschate,B Zuiderent,PJC Hoffmann,0,0,,,,,,"",""
ball,2,6.6,Netherlands,RN ten Doeschate,B Zuiderent,PJC Hoffmann,3,0,,,,,,"",""
ball,2,7.1,Netherlands,RN ten Doeschate,B Zuiderent,JAR Blain,4,0,,,,,,"",""
ball,2,7.2,Netherlands,RN ten Doeschate,B Zuiderent,JAR Blain,0,0,,,,,,"",""
ball,2,7.3,Netherlands,RN ten Doeschate,B Zuiderent,JAR Blain,0,0,,,,,,"",""
ball,2,7.4,Netherlands,RN ten Doeschate,B Zuiderent,JAR Blain,0,0,,,,,,"",""
ball,2,7.5,Netherlands,RN ten Doeschate,B Zuiderent,JAR Blain,0,0,,,,,,"",""
ball,2,7.6,Netherlands,RN ten Doeschate,B Zuiderent,JAR Blain,0,0,,,,,,"",""
ball,2,8.1,Netherlands,B Zuiderent,RN ten Doeschate,CM Wright,0,0,,,,,,"",""
ball,2,8.2,Netherlands,B Zuiderent,RN ten Doeschate,CM Wright,4,0,,,,,,"",""
ball,2,8.3,Netherlands,B Zuiderent,RN ten Doeschate,CM Wright,1,0,,,,,,"",""
ball,2,8.4,Netherlands,RN ten Doeschate,B Zuiderent,CM Wright,0,0,,,,,,"",""
ball,2,8.5,Netherlands,RN ten Doeschate,B Zuiderent,CM Wright,0,0,,,,,,"",""
ball,2,8.6,Netherlands,RN ten Doeschate,B Zuiderent,CM Wright,1,0,,,,,,"",""
ball,2,9.1,Netherlands,RN ten Doeschate,B Zuiderent,JAR Blain,0,0,,,,,,"",""
ball,2,9.2,Netherlands,RN ten Doeschate,B Zuiderent,JAR Blain,2,0,,,,,,"",""
ball,2,9.3,Netherlands,RN ten Doeschate,B Zuiderent,JAR Blain,0,0,,,,,,"",""
ball,2,9.4,Netherlands,RN ten Doeschate,B Zuiderent,JAR Blain,4,0,,,,,,"",""
ball,2,9.5,Netherlands,RN ten Doeschate,B Zuiderent,JAR Blain,0,0,,,,,,"",""
ball,2,9.6,Netherlands,RN ten Doeschate,B Zuiderent,JAR Blain,0,0,,,,,,"",""
ball,2,10.1,Netherlands,B Zuiderent,RN ten Doeschate,CM Wright,0,0,,,,,,"",""
ball,2,10.2,Netherlands,B Zuiderent,RN ten Doeschate,CM Wright,0,0,,,,,,"",""
ball,2,10.3,Netherlands,B Zuiderent,RN ten Doeschate,CM Wright,0,0,,,,,,"",""
ball,2,10.4,Netherlands,B Zuiderent,RN ten Doeschate,CM Wright,0,0,,,,,,"",""
ball,2,10.5,Netherlands,B Zuiderent,RN ten Doeschate,CM Wright,0,0,,,,,,"",""
ball,2,10.6,Netherlands,B Zuiderent,RN ten Doeschate,CM Wright,0,0,,,,,,"",""
ball,2,11.1,Netherlands,RN ten Doeschate,B Zuiderent,GA Rogers,0,0,,,,,,"",""
ball,2,11.2,Netherlands,RN ten Doeschate,B Zuiderent,GA Rogers,0,0,,,,,,"",""
ball,2,11.3,Netherlands,RN ten Doeschate,B Zuiderent,GA Rogers,0,0,,,,,,"",""
ball,2,11.4,Netherlands,RN ten Doeschate,B Zuiderent,GA Rogers,0,0,,,,,,"",""
ball,2,11.5,Netherlands,RN ten Doeschate,B Zuiderent,GA Rogers,0,0,,,,,,"",""
ball,2,11.6,Netherlands,RN ten Doeschate,B Zuiderent,GA Rogers,0,0,,,,,,"",""
ball,2,12.1,Netherlands,B Zuiderent,RN ten Doeschate,CM Wright,0,0,,,,,,"",""
ball,2,12.2,Netherlands,B Zuiderent,RN ten Doeschate,CM Wright,0,0,,,,,,"",""
ball,2,12.3,Netherlands,B Zuiderent,RN ten Doeschate,CM Wright,2,0,,,,,,"",""
ball,2,12.4,Netherlands,B Zuiderent,RN ten Doeschate,CM Wright,2,0,,,,,,"",""
ball,2,12.5,Netherlands,B Zuiderent,RN ten Doeschate,CM Wright,0,0,,,,,,"",""
ball,2,12.6,Netherlands,B Zuiderent,RN ten Doeschate,CM Wright,0,0,,,,,,"",""
ball,2,13.1,Netherlands,RN ten Doeschate,B Zuiderent,GA Rogers,4,0,,,,,,"",""
ball,2,13.2,Netherlands,RN ten Doeschate,B Zuiderent,GA Rogers,0,0,,,,,,"",""
ball,2,13.3,Netherlands,RN ten Doeschate,B Zuiderent,GA Rogers,0,0,,,,,,"",""
ball,2,13.4,Netherlands,RN ten Doeschate,B Zuiderent,GA Rogers,0,0,,,,,,"",""
ball,2,13.5,Netherlands,RN ten Doeschate,B Zuiderent,GA Rogers,0,0,,,,,,"",""
ball,2,13.6,Netherlands,RN ten Doeschate,B Zuiderent,GA Rogers,0,0,,,,,,"",""
ball,2,14.1,Netherlands,B Zuiderent,RN ten Doeschate,CM Wright,0,0,,,,,,"",""
ball,2,14.2,Netherlands,B Zuiderent,RN ten Doeschate,CM Wright,1,0,,,,,,"",""
ball,2,14.3,Netherlands,RN ten Doeschate,B Zuiderent,CM Wright,1,0,,,,,,"",""
ball,2,14.4,Netherlands,B Zuiderent,RN ten Doeschate,CM Wright,1,0,,,,,,"",""
ball,2,14.5,Netherlands,RN ten Doeschate,B Zuiderent,CM Wright,4,0,,,,,,"",""
ball,2,14.6,Netherlands,RN ten Doeschate,B Zuiderent,CM Wright,0,0,,,,,,"",""
ball,2,15.1,Netherlands,B Zuiderent,RN ten Doeschate,GA Rogers,0,0,,,,,,"",""
ball,2,15.2,Netherlands,B Zuiderent,RN ten Doeschate,GA Rogers,1,0,,,,,,"",""
ball,2,15.3,Netherlands,RN ten Doeschate,B Zuiderent,GA Rogers,4,0,,,,,,"",""
ball,2,15.4,Netherlands,RN ten Doeschate,B Zuiderent,GA Rogers,6,0,,,,,,"",""
ball,2,15.5,Netherlands,RN ten Doeschate,B Zuiderent,GA Rogers,0,0,,,,,,"",""
ball,2,15.6,Netherlands,RN ten Doeschate,B Zuiderent,GA Rogers,0,0,,,,,,"",""
ball,2,16.1,Netherlands,B Zuiderent,RN ten Doeschate,DR Brown,0,0,,,,,,"",""
ball,2,16.2,Netherlands,B Zuiderent,RN ten Doeschate,DR Brown,0,0,,,,,,"",""
ball,2,16.3,Netherlands,B Zuiderent,RN ten Doeschate,DR Brown,0,0,,,,,,"",""
ball,2,16.4,Netherlands,B Zuiderent,RN ten Doeschate,DR Brown,1,0,,,,,,"",""
ball,2,16.5,Netherlands,RN ten Doeschate,B Zuiderent,DR Brown,0,0,,,,,,"",""
ball,2,16.6,Netherlands,RN ten Doeschate,B Zuiderent,DR Brown,0,4,,,,4,,"",""
ball,2,17.1,Netherlands,B Zuiderent,RN ten Doeschate,RM Haq,0,0,,,,,,"",""
ball,2,17.2,Netherlands,B Zuiderent,RN ten Doeschate,RM Haq,4,0,,,,,,"",""
ball,2,17.3,Netherlands,B Zuiderent,RN ten Doeschate,RM Haq,0,0,,,,,,"",""
ball,2,17.4,Netherlands,B Zuiderent,RN ten Doeschate,RM Haq,0,0,,,,,,"",""
ball,2,17.5,Netherlands,B Zuiderent,RN ten Doeschate,RM Haq,0,0,,,,,,"",""
ball,2,17.6,Netherlands,B Zuiderent,RN ten Doeschate,RM Haq,0,0,,,,,,"",""
ball,2,18.1,Netherlands,RN ten Doeschate,B Zuiderent,DR Brown,0,0,,,,,,"",""
ball,2,18.2,Netherlands,RN ten Doeschate,B Zuiderent,DR Brown,1,0,,,,,,"",""
ball,2,18.3,Netherlands,B Zuiderent,RN ten Doeschate,DR Brown,1,0,,,,,,"",""
ball,2,18.4,Netherlands,RN ten Doeschate,B Zuiderent,DR Brown,1,0,,,,,,"",""
ball,2,18.5,Netherlands,B Zuiderent,RN ten Doeschate,DR Brown,0,0,,,,,,"",""
ball,2,18.6,Netherlands,B Zuiderent,RN ten Doeschate,DR Brown,0,0,,,,,,"",""
ball,2,19.1,Netherlands,RN ten Doeschate,B Zuiderent,RM Haq,0,0,,,,,,"",""
ball,2,19.2,Netherlands,RN ten Doeschate,B Zuiderent,RM Haq,0,0,,,,,,"",""
ball,2,19.3,Netherlands,RN ten Doeschate,B Zuiderent,RM Haq,4,0,,,,,,"",""
ball,2,19.4,Netherlands,RN ten Doeschate,B Zuiderent,RM Haq,0,0,,,,,,"",""
ball,2,19.5,Netherlands,RN ten Doeschate,B Zuiderent,RM Haq,1,0,,,,,,"",""
ball,2,19.6,Netherlands,B Zuiderent,RN ten Doeschate,RM Haq,0,0,,,,,,"",""
ball,2,20.1,Netherlands,RN ten Doeschate,B Zuiderent,DR Brown,0,0,,,,,,"",""
ball,2,20.2,Netherlands,RN ten Doeschate,B Zuiderent,DR Brown,0,0,,,,,,"",""
ball,2,20.3,Netherlands,RN ten Doeschate,B Zuiderent,DR Brown,1,0,,,,,,"",""
ball,2,20.4,Netherlands,B Zuiderent,RN ten Doeschate,DR Brown,0,0,,,,,,"",""
ball,2,20.5,Netherlands,B Zuiderent,RN ten Doeschate,DR Brown,3,0,,,,,,"",""
ball,2,20.6,Netherlands,RN ten Doeschate,B Zuiderent,DR Brown,0,0,,,,,,"",""
ball,2,21.1,Netherlands,B Zuiderent,RN ten Doeschate,RM Haq,1,0,,,,,,"",""
ball,2,21.2,Netherlands,RN ten Doeschate,B Zuiderent,RM Haq,0,0,,,,,,"",""
ball,2,21.3,Netherlands,RN ten Doeschate,B Zuiderent,RM Haq,0,0,,,,,,"",""
ball,2,21.4,Netherlands,RN ten Doeschate,B Zuiderent,RM Haq,0,0,,,,,,"",""
ball,2,21.5,Netherlands,RN ten Doeschate,B Zuiderent,RM Haq,1,0,,,,,,"",""
ball,2,21.6,Netherlands,B Zuiderent,RN ten Doeschate,RM Haq,4,0,,,,,,"",""
ball,2,22.1,Netherlands,RN ten Doeschate,B Zuiderent,DR Brown,0,0,,,,,,"",""
ball,2,22.2,Netherlands,RN ten Doeschate,B Zuiderent,DR Brown,0,0,,,,,,"",""
ball,2,22.3,Netherlands,RN ten Doeschate,B Zuiderent,DR Brown,4,0,,,,,,"",""
ball,2,22.4,Netherlands,RN ten Doeschate,B Zuiderent,DR Brown,4,0,,,,,,"",""
ball,2,22.5,Netherlands,RN ten Doeschate,B Zuiderent,DR Brown,4,0,,,,,,"",""
ball,2,22.6,Netherlands,RN ten Doeschate,B Zuiderent,DR Brown,0,0,,,,,,"",""
ball,2,23.1,Netherlands,B Zuiderent,RN ten Doeschate,RM Haq,1,0,,,,,,"",""
ball,2,23.2,Netherlands,RN ten Doeschate,B Zuiderent,RM Haq,0,0,,,,,,"",""
ball,2,23.3,Netherlands,RN ten Doeschate,B Zuiderent,RM Haq,4,0,,,,,,"",""
ball,2,23.4,Netherlands,RN ten Doeschate,B Zuiderent,RM Haq,4,0,,,,,,"",""
ball,2,23.5,Netherlands,RN ten Doeschate,B Zuiderent,RM Haq,0,1,1,,,,,"",""
ball,2,23.6,Netherlands,RN ten Doeschate,B Zuiderent,RM Haq,4,0,,,,,,"",""
