version,1.6.0
info,balls_per_over,6
info,team,West Indies
info,team,Australia
info,gender,male
info,season,2006/07
info,date,2007/03/27
info,date,2007/03/28
info,event,ICC World Cup
info,match_number,25
info,venue,"Sir Vivian Richards Stadium, North Sound"
info,city,Antigua
info,toss_winner,West Indies
info,toss_decision,field
info,player_of_match,ML Hayden
info,umpire,Aleem Dar
info,umpire,Asad Rauf
info,reserve_umpire,RE Koertzen
info,tv_umpire,BF Bowden
info,match_referee,BC Broad
info,winner,Australia
info,winner_runs,103
info,player,Australia,AC Gilchrist
info,player,Australia,ML Hayden
info,player,Australia,RT Ponting
info,player,Australia,MJ Clarke
info,player,Australia,A Symonds
info,player,Australia,MEK Hussey
info,player,Australia,SR Watson
info,player,Australia,GB Hogg
info,player,Australia,NW Bracken
info,player,Australia,SW Tait
info,player,Australia,GD McGrath
info,player,West Indies,CH Gayle
info,player,West Indies,S Chanderpaul
info,player,West Indies,RR Sarwan
info,player,West Indies,MN Samuels
info,player,West Indies,BC Lara
info,player,West Indies,DJ Bravo
info,player,West Indies,D Ramdin
info,player,West Indies,DR Smith
info,player,West Indies,JE Taylor
info,player,West Indies,DBL Powell
info,player,West Indies,CD Collymore
info,registry,people,A Symonds,bd77eb62
info,registry,people,AC Gilchrist,2b6e6dec
info,registry,people,Aleem Dar,f02778d1
info,registry,people,Asad Rauf,861606b7
info,registry,people,BC Broad,d6a7dd38
info,registry,people,BC Lara,d5403021
info,registry,people,BF Bowden,efc0a862
info,registry,people,CD Collymore,87b177e8
info,registry,people,CH Gayle,db584dad
info,registry,people,D Ramdin,d1523761
info,registry,people,DBL Powell,83904270
info,registry,people,DJ Bravo,87e562a9
info,registry,people,DR Smith,35205dfc
info,registry,people,GB Hogg,f708a0bc
info,registry,people,GD McGrath,ee7d0c82
info,registry,people,JE Taylor,4180d897
info,registry,people,MEK Hussey,48fd7349
info,registry,people,MJ Clarke,f842c2cf
info,registry,people,ML Hayden,d8699ab7
info,registry,people,MN Samuels,f846de6a
info,registry,people,NW Bracken,4c61a0f9
info,registry,people,RE Koertzen,0265fab2
info,registry,people,RR Sarwan,36d33dd0
info,registry,people,RT Ponting,7d415ea5
info,registry,people,S Chanderpaul,881a9bdd
info,registry,people,SR Watson,4329fbb5
info,registry,people,SW Tait,addfb70e
ball,1,0.1,Australia,AC Gilchrist,ML Hayden,DBL Powell,0,1,,,,1,,"",""
ball,1,0.2,Australia,ML Hayden,AC Gilchrist,DBL Powell,0,0,,,,,,"",""
ball,1,0.3,Australia,ML Hayden,AC Gilchrist,DBL Powell,0,0,,,,,,"",""
ball,1,0.4,Australia,ML Hayden,AC Gilchrist,DBL Powell,0,0,,,,,,"",""
ball,1,0.5,Australia,ML Hayden,AC Gilchrist,DBL Powell,0,0,,,,,,"",""
ball,1,0.6,Australia,ML Hayden,AC Gilchrist,DBL Powell,0,0,,,,,,"",""
ball,1,1.1,Australia,AC Gilchrist,ML Hayden,JE Taylor,0,1,1,,,,,"",""
ball,1,1.2,Australia,AC Gilchrist,ML Hayden,JE Taylor,0,0,,,,,,"",""
ball,1,1.3,Australia,AC Gilchrist,ML Hayden,JE Taylor,0,0,,,,,,"",""
ball,1,1.4,Australia,AC Gilchrist,ML Hayden,JE Taylor,0,0,,,,,,"",""
ball,1,1.5,Australia,AC Gilchrist,ML Hayden,JE Taylor,0,1,1,,,,,"",""
ball,1,1.6,Australia,AC Gilchrist,ML Hayden,JE Taylor,2,0,,,,,,"",""
ball,1,1.7,Australia,AC Gilchrist,ML Hayden,JE Taylor,0,0,,,,,,"",""
ball,1,1.8,Australia,AC Gilchrist,ML Hayden,JE Taylor,2,0,,,,,,"",""
ball,1,2.1,Australia,ML Hayden,AC Gilchrist,DBL Powell,0,0,,,,,,"",""
ball,1,2.2,Australia,ML Hayden,AC Gilchrist,DBL Powell,0,0,,,,,,"",""
ball,1,2.3,Australia,ML Hayden,AC Gilchrist,DBL Powell,0,0,,,,,,"",""
ball,1,2.4,Australia,ML Hayden,AC Gilchrist,DBL Powell,0,0,,,,,,"",""
ball,1,2.5,Australia,ML Hayden,AC Gilchrist,DBL Powell,0,0,,,,,,"",""
ball,1,2.6,Australia,ML Hayden,AC Gilchrist,DBL Powell,0,0,,,,,,"",""
ball,1,3.1,Australia,AC Gilchrist,ML Hayden,JE Taylor,3,0,,,,,,"",""
ball,1,3.2,Australia,ML Hayden,AC Gilchrist,JE Taylor,0,0,,,,,,"",""
ball,1,3.3,Australia,ML Hayden,AC Gilchrist,JE Taylor,0,0,,,,,,"",""
ball,1,3.4,Australia,ML Hayden,AC Gilchrist,JE Taylor,0,0,,,,,,"",""
ball,1,3.5,Australia,ML Hayden,AC Gilchrist,JE Taylor,0,0,,,,,,"",""
ball,1,3.6,Australia,ML Hayden,AC Gilchrist,JE Taylor,0,0,,,,,,"",""
ball,1,4.1,Australia,AC Gilchrist,ML Hayden,DBL Powell,0,0,,,,,,caught,AC Gilchrist
ball,1,4.2,Australia,RT Ponting,ML Hayden,DBL Powell,0,4,,,,4,,"",""
ball,1,4.3,Australia,RT Ponting,ML Hayden,DBL Powell,0,0,,,,,,"",""
ball,1,4.4,Australia,RT Ponting,ML Hayden,DBL Powell,0,0,,,,,,"",""
ball,1,4.5,Australia,RT Ponting,ML Hayden,DBL Powell,2,0,,,,,,"",""
ball,1,4.6,Australia,RT Ponting,ML Hayden,DBL Powell,0,0,,,,,,"",""
ball,1,5.1,Australia,ML Hayden,RT Ponting,JE Taylor,0,0,,,,,,"",""
ball,1,5.2,Australia,ML Hayden,RT Ponting,JE Taylor,0,1,1,,,,,"",""
ball,1,5.3,Australia,ML Hayden,RT Ponting,JE Taylor,1,0,,,,,,"",""
ball,1,5.4,Australia,RT Ponting,ML Hayden,JE Taylor,0,0,,,,,,"",""
ball,1,5.5,Australia,RT Ponting,ML Hayden,JE Taylor,2,0,,,,,,"",""
ball,1,5.6,Australia,RT Ponting,ML Hayden,JE Taylor,3,0,,,,,,"",""
ball,1,5.7,Australia,ML Hayden,RT Ponting,JE Taylor,0,0,,,,,,"",""
ball,1,6.1,Australia,RT Ponting,ML Hayden,DBL Powell,0,0,,,,,,"",""
ball,1,6.2,Australia,RT Ponting,ML Hayden,DBL Powell,0,0,,,,,,"",""
ball,1,6.3,Australia,RT Ponting,ML Hayden,DBL Powell,0,0,,,,,,"",""
ball,1,6.4,Australia,RT Ponting,ML Hayden,DBL Powell,2,0,,,,,,"",""
ball,1,6.5,Australia,RT Ponting,ML Hayden,DBL Powell,0,0,,,,,,"",""
ball,1,6.6,Australia,RT Ponting,ML Hayden,DBL Powell,6,0,,,,,,"",""
ball,1,7.1,Australia,ML Hayden,RT Ponting,JE Taylor,0,0,,,,,,"",""
ball,1,7.2,Australia,ML Hayden,RT Ponting,JE Taylor,4,0,,,,,,"",""
ball,1,7.3,Australia,ML Hayden,RT Ponting,JE Taylor,4,0,,,,,,"",""
ball,1,7.4,Australia,ML Hayden,RT Ponting,JE Taylor,1,0,,,,,,"",""
ball,1,7.5,Australia,RT Ponting,ML Hayden,JE Taylor,0,0,,,,,,"",""
ball,1,7.6,Australia,RT Ponting,ML Hayden,JE Taylor,0,0,,,,,,"",""
ball,1,8.1,Australia,ML Hayden,RT Ponting,DBL Powell,0,0,,,,,,"",""
ball,1,8.2,Australia,ML Hayden,RT Ponting,DBL Powell,0,0,,,,,,"",""
ball,1,8.3,Australia,ML Hayden,RT Ponting,DBL Powell,3,0,,,,,,"",""
ball,1,8.4,Australia,RT Ponting,ML Hayden,DBL Powell,0,0,,,,,,"",""
ball,1,8.5,Australia,RT Ponting,ML Hayden,DBL Powell,1,0,,,,,,"",""
ball,1,8.6,Australia,ML Hayden,RT Ponting,DBL Powell,4,0,,,,,,"",""
ball,1,9.1,Australia,RT Ponting,ML Hayden,CD Collymore,0,0,,,,,,"",""
ball,1,9.2,Australia,RT Ponting,ML Hayden,CD Collymore,0,0,,,,,,"",""
ball,1,9.3,Australia,RT Ponting,ML Hayden,CD Collymore,0,0,,,,,,"",""
ball,1,9.4,Australia,RT Ponting,ML Hayden,CD Collymore,0,0,,,,,,"",""
ball,1,9.5,Australia,RT Ponting,ML Hayden,CD Collymore,4,0,,,,,,"",""
ball,1,9.6,Australia,RT Ponting,ML Hayden,CD Collymore,4,0,,,,,,"",""
ball,1,10.1,Australia,ML Hayden,RT Ponting,DBL Powell,0,0,,,,,,"",""
ball,1,10.2,Australia,ML Hayden,RT Ponting,DBL Powell,0,0,,,,,,"",""
ball,1,10.3,Australia,ML Hayden,RT Ponting,DBL Powell,1,0,,,,,,"",""
ball,1,10.4,Australia,RT Ponting,ML Hayden,DBL Powell,0,0,,,,,,"",""
ball,1,10.5,Australia,RT Ponting,ML Hayden,DBL Powell,0,0,,,,,,"",""
ball,1,10.6,Australia,RT Ponting,ML Hayden,DBL Powell,4,0,,,,,,"",""
ball,1,11.1,Australia,ML Hayden,RT Ponting,CD Collymore,0,0,,,,,,"",""
ball,1,11.2,Australia,ML Hayden,RT Ponting,CD Collymore,1,0,,,,,,"",""
ball,1,11.3,Australia,RT Ponting,ML Hayden,CD Collymore,1,0,,,,,,"",""
ball,1,11.4,Australia,ML Hayden,RT Ponting,CD Collymore,0,0,,,,,,"",""
ball,1,11.5,Australia,ML Hayden,RT Ponting,CD Collymore,0,0,,,,,,"",""
ball,1,11.6,Australia,ML Hayden,RT Ponting,CD Collymore,1,0,,,,,,"",""
ball,1,12.1,Australia,ML Hayden,RT Ponting,JE Taylor,1,0,,,,,,"",""
ball,1,12.2,Australia,RT Ponting,ML Hayden,JE Taylor,0,0,,,,,,"",""
ball,1,12.3,Australia,RT Ponting,ML Hayden,JE Taylor,4,0,,,,,,"",""
ball,1,12.4,Australia,RT Ponting,ML Hayden,JE Taylor,0,0,,,,,,"",""
ball,1,12.5,Australia,RT Ponting,ML Hayden,JE Taylor,0,0,,,,,,"",""
ball,1,12.6,Australia,RT Ponting,ML Hayden,JE Taylor,1,0,,,,,,"",""
ball,1,13.1,Australia,RT Ponting,ML Hayden,CD Collymore,1,0,,,,,,"",""
ball,1,13.2,Australia,ML Hayden,RT Ponting,CD Collymore,2,0,,,,,,"",""
ball,1,13.3,Australia,ML Hayden,RT Ponting,CD Collymore,0,0,,,,,,"",""
ball,1,13.4,Australia,ML Hayden,RT Ponting,CD Collymore,0,0,,,,,,"",""
ball,1,13.5,Australia,ML Hayden,RT Ponting,CD Collymore,0,0,,,,,,"",""
ball,1,13.6,Australia,ML Hayden,RT Ponting,CD Collymore,0,1,1,,,,,"",""
ball,1,13.7,Australia,ML Hayden,RT Ponting,CD Collymore,1,0,,,,,,"",""
ball,1,14.1,Australia,ML Hayden,RT Ponting,JE Taylor,0,0,,,,,,"",""
ball,1,14.2,Australia,ML Hayden,RT Ponting,JE Taylor,1,0,,,,,,"",""
ball,1,14.3,Australia,RT Ponting,ML Hayden,JE Taylor,0,0,,,,,,"",""
ball,1,14.4,Australia,RT Ponting,ML Hayden,JE Taylor,0,0,,,,,,run out,RT Ponting
ball,1,14.5,Australia,ML Hayden,MJ Clarke,JE Taylor,1,0,,,,,,"",""
ball,1,14.6,Australia,MJ Clarke,ML Hayden,JE Taylor,0,0,,,,,,"",""
ball,1,15.1,Australia,ML Hayden,MJ Clarke,CD Collymore,0,0,,,,,,"",""
ball,1,15.2,Australia,ML Hayden,MJ Clarke,CD Collymore,1,0,,,,,,"",""
ball,1,15.3,Australia,MJ Clarke,ML Hayden,CD Collymore,0,0,,,,,,"",""
ball,1,15.4,Australia,MJ Clarke,ML Hayden,CD Collymore,0,0,,,,,,"",""
ball,1,15.5,Australia,MJ Clarke,ML Hayden,CD Collymore,2,0,,,,,,"",""
ball,1,15.6,Australia,MJ Clarke,ML Hayden,CD Collymore,1,0,,,,,,"",""
ball,1,16.1,Australia,MJ Clarke,ML Hayden,JE Taylor,0,0,,,,,,"",""
ball,1,16.2,Australia,MJ Clarke,ML Hayden,JE Taylor,1,0,,,,,,"",""
ball,1,16.3,Australia,ML Hayden,MJ Clarke,JE Taylor,1,0,,,,,,"",""
ball,1,16.4,Australia,MJ Clarke,ML Hayden,JE Taylor,0,0,,,,,,"",""
ball,1,16.5,Australia,MJ Clarke,ML Hayden,JE Taylor,0,0,,,,,,"",""
ball,1,16.6,Australia,MJ Clarke,ML Hayden,JE Taylor,0,0,,,,,,"",""
ball,1,17.1,Australia,ML Hayden,MJ Clarke,CD Collymore,0,0,,,,,,"",""
ball,1,17.2,Australia,ML Hayden,MJ Clarke,CD Collymore,0,0,,,,,,"",""
ball,1,17.3,Australia,ML Hayden,MJ Clarke,CD Collymore,0,0,,,,,,"",""
ball,1,17.4,Australia,ML Hayden,MJ Clarke,CD Collymore,2,0,,,,,,"",""
ball,1,17.5,Australia,ML Hayden,MJ Clarke,CD Collymore,0,0,,,,,,"",""
ball,1,17.6,Australia,ML Hayden,MJ Clarke,CD Collymore,0,0,,,,,,"",""
ball,1,18.1,Australia,MJ Clarke,ML Hayden,JE Taylor,0,0,,,,,,"",""
ball,1,18.2,Australia,MJ Clarke,ML Hayden,JE Taylor,0,0,,,,,,"",""
ball,1,18.3,Australia,MJ Clarke,ML Hayden,JE Taylor,4,0,,,,,,"",""
ball,1,18.4,Australia,MJ Clarke,ML Hayden,JE Taylor,0,0,,,,,,"",""
ball,1,18.5,Australia,MJ Clarke,ML Hayden,JE Taylor,1,0,,,,,,"",""
ball,1,18.6,Australia,ML Hayden,MJ Clarke,JE Taylor,1,0,,,,,,"",""
ball,1,19.1,Australia,ML Hayden,MJ Clarke,CD Collymore,0,0,,,,,,"",""
ball,1,19.2,Australia,ML Hayden,MJ Clarke,CD Collymore,1,0,,,,,,"",""
ball,1,19.3,Australia,MJ Clarke,ML Hayden,CD Collymore,0,0,,,,,,"",""
ball,1,19.4,Australia,MJ Clarke,ML Hayden,CD Collymore,0,0,,,,,,"",""
ball,1,19.5,Australia,MJ Clarke,ML Hayden,CD Collymore,0,0,,,,,,"",""
ball,1,19.6,Australia,MJ Clarke,ML Hayden,CD Collymore,4,0,,,,,,"",""
ball,1,20.1,Australia,ML Hayden,MJ Clarke,DBL Powell,2,0,,,,,,"",""
ball,1,20.2,Australia,ML Hayden,MJ Clarke,DBL Powell,0,0,,,,,,"",""
ball,1,20.3,Australia,ML Hayden,MJ Clarke,DBL Powell,4,0,,,,,,"",""
ball,1,20.4,Australia,ML Hayden,MJ Clarke,DBL Powell,0,0,,,,,,"",""
ball,1,20.5,Australia,ML Hayden,MJ Clarke,DBL Powell,0,0,,,,,,"",""
ball,1,20.6,Australia,ML Hayden,MJ Clarke,DBL Powell,4,0,,,,,,"",""
ball,1,21.1,Australia,MJ Clarke,ML Hayden,CH Gayle,1,0,,,,,,"",""
ball,1,21.2,Australia,ML Hayden,MJ Clarke,CH Gayle,0,0,,,,,,"",""
ball,1,21.3,Australia,ML Hayden,MJ Clarke,CH Gayle,0,0,,,,,,"",""
ball,1,21.4,Australia,ML Hayden,MJ Clarke,CH Gayle,0,0,,,,,,"",""
ball,1,21.5,Australia,ML Hayden,MJ Clarke,CH Gayle,0,0,,,,,,"",""
ball,1,21.6,Australia,ML Hayden,MJ Clarke,CH Gayle,0,1,,1,,,,"",""
ball,1,21.7,Australia,ML Hayden,MJ Clarke,CH Gayle,1,0,,,,,,"",""
ball,1,22.1,Australia,ML Hayden,MJ Clarke,CD Collymore,1,0,,,,,,"",""
ball,1,22.2,Australia,MJ Clarke,ML Hayden,CD Collymore,1,0,,,,,,"",""
ball,1,22.3,Australia,ML Hayden,MJ Clarke,CD Collymore,0,1,1,,,,,"",""
ball,1,22.4,Australia,ML Hayden,MJ Clarke,CD Collymore,1,0,,,,,,"",""
ball,1,22.5,Australia,MJ Clarke,ML Hayden,CD Collymore,0,0,,,,,,"",""
ball,1,22.6,Australia,MJ Clarke,ML Hayden,CD Collymore,0,0,,,,,,"",""
ball,1,22.7,Australia,MJ Clarke,ML Hayden,CD Collymore,4,0,,,,,,"",""
ball,1,23.1,Australia,ML Hayden,MJ Clarke,CH Gayle,2,0,,,,,,"",""
ball,1,23.2,Australia,ML Hayden,MJ Clarke,CH Gayle,4,0,,,,,,"",""
ball,1,23.3,Australia,ML Hayden,MJ Clarke,CH Gayle,1,0,,,,,,"",""
ball,1,23.4,Australia,MJ Clarke,ML Hayden,CH Gayle,1,0,,,,,,"",""
ball,1,23.5,Australia,ML Hayden,MJ Clarke,CH Gayle,0,0,,,,,,"",""
ball,1,23.6,Australia,ML Hayden,MJ Clarke,CH Gayle,1,0,,,,,,"",""
ball,1,24.1,Australia,ML Hayden,MJ Clarke,CD Collymore,2,0,,,,,,"",""
ball,1,24.2,Australia,ML Hayden,MJ Clarke,CD Collymore,0,0,,,,,,"",""
ball,1,24.3,Australia,ML Hayden,MJ Clarke,CD Collymore,0,1,,,,1,,"",""
ball,1,24.4,Australia,MJ Clarke,ML Hayden,CD Collymore,0,0,,,,,,"",""
ball,1,24.5,Australia,MJ Clarke,ML Hayden,CD Collymore,0,0,,,,,,"",""
ball,1,24.6,Australia,MJ Clarke,ML Hayden,CD Collymore,1,0,,,,,,"",""
ball,1,25.1,Australia,MJ Clarke,ML Hayden,CH Gayle,0,0,,,,,,"",""
ball,1,25.2,Australia,MJ Clarke,ML Hayden,CH Gayle,0,0,,,,,,"",""
ball,1,25.3,Australia,MJ Clarke,ML Hayden,CH Gayle,1,0,,,,,,"",""
ball,1,25.4,Australia,ML Hayden,MJ Clarke,CH Gayle,1,0,,,,,,"",""
ball,1,25.5,Australia,MJ Clarke,ML Hayden,CH Gayle,1,0,,,,,,"",""
ball,1,25.6,Australia,ML Hayden,MJ Clarke,CH Gayle,2,0,,,,,,"",""
ball,1,26.1,Australia,MJ Clarke,ML Hayden,DJ Bravo,1,0,,,,,,"",""
ball,1,26.2,Australia,ML Hayden,MJ Clarke,DJ Bravo,1,0,,,,,,"",""
ball,1,26.3,Australia,MJ Clarke,ML Hayden,DJ Bravo,2,0,,,,,,"",""
ball,1,26.4,Australia,MJ Clarke,ML Hayden,DJ Bravo,4,0,,,,,,"",""
ball,1,26.5,Australia,MJ Clarke,ML Hayden,DJ Bravo,2,0,,,,,,"",""
ball,1,26.6,Australia,MJ Clarke,ML Hayden,DJ Bravo,0,0,,,,,,"",""
ball,1,27.1,Australia,ML Hayden,MJ Clarke,CH Gayle,4,0,,,,,,"",""
ball,1,27.2,Australia,ML Hayden,MJ Clarke,CH Gayle,2,1,,1,,,,"",""
ball,1,27.3,Australia,ML Hayden,MJ Clarke,CH Gayle,2,0,,,,,,"",""
ball,1,27.4,Australia,ML Hayden,MJ Clarke,CH Gayle,0,0,,,,,,"",""
ball,1,27.5,Australia,ML Hayden,MJ Clarke,CH Gayle,1,0,,,,,,"",""
ball,1,27.6,Australia,MJ Clarke,ML Hayden,CH Gayle,1,0,,,,,,"",""
ball,1,27.7,Australia,ML Hayden,MJ Clarke,CH Gayle,1,0,,,,,,"",""
ball,1,28.1,Australia,ML Hayden,MJ Clarke,DJ Bravo,1,0,,,,,,"",""
ball,1,28.2,Australia,MJ Clarke,ML Hayden,DJ Bravo,1,0,,,,,,"",""
ball,1,28.3,Australia,ML Hayden,MJ Clarke,DJ Bravo,1,0,,,,,,"",""
ball,1,28.4,Australia,MJ Clarke,ML Hayden,DJ Bravo,1,0,,,,,,"",""
ball,1,28.5,Australia,ML Hayden,MJ Clarke,DJ Bravo,1,0,,,,,,"",""
ball,1,28.6,Australia,MJ Clarke,ML Hayden,DJ Bravo,2,0,,,,,,"",""
ball,1,29.1,Australia,ML Hayden,MJ Clarke,MN Samuels,1,0,,,,,,"",""
ball,1,29.2,Australia,MJ Clarke,ML Hayden,MN Samuels,0,0,,,,,,"",""
ball,1,29.3,Australia,MJ Clarke,ML Hayden,MN Samuels,1,0,,,,,,"",""
ball,1,29.4,Australia,ML Hayden,MJ Clarke,MN Samuels,1,0,,,,,,"",""
ball,1,29.5,Australia,MJ Clarke,ML Hayden,MN Samuels,1,0,,,,,,"",""
ball,1,29.6,Australia,ML Hayden,MJ Clarke,MN Samuels,2,0,,,,,,"",""
ball,1,30.1,Australia,MJ Clarke,ML Hayden,DJ Bravo,1,0,,,,,,"",""
ball,1,30.2,Australia,ML Hayden,MJ Clarke,DJ Bravo,1,0,,,,,,"",""
ball,1,30.3,Australia,MJ Clarke,ML Hayden,DJ Bravo,1,0,,,,,,"",""
ball,1,30.4,Australia,ML Hayden,MJ Clarke,DJ Bravo,1,0,,,,,,"",""
ball,1,30.5,Australia,MJ Clarke,ML Hayden,DJ Bravo,0,0,,,,,,lbw,MJ Clarke
ball,1,30.6,Australia,A Symonds,ML Hayden,DJ Bravo,0,0,,,,,,"",""
ball,1,31.1,Australia,ML Hayden,A Symonds,MN Samuels,1,0,,,,,,"",""
ball,1,31.2,Australia,A Symonds,ML Hayden,MN Samuels,0,0,,,,,,"",""
ball,1,31.3,Australia,A Symonds,ML Hayden,MN Samuels,0,0,,,,,,"",""
ball,1,31.4,Australia,A Symonds,ML Hayden,MN Samuels,1,0,,,,,,"",""
ball,1,31.5,Australia,ML Hayden,A Symonds,MN Samuels,0,0,,,,,,"",""
ball,1,31.6,Australia,ML Hayden,A Symonds,MN Samuels,6,0,,,,,,"",""
ball,1,32.1,Australia,A Symonds,ML Hayden,DJ Bravo,0,0,,,,,,"",""
ball,1,32.2,Australia,A Symonds,ML Hayden,DJ Bravo,0,0,,,,,,"",""
ball,1,32.3,Australia,A Symonds,ML Hayden,DJ Bravo,0,1,1,,,,,"",""
ball,1,32.4,Australia,A Symonds,ML Hayden,DJ Bravo,0,0,,,,,,"",""
ball,1,32.5,Australia,A Symonds,ML Hayden,DJ Bravo,1,0,,,,,,"",""
ball,1,32.6,Australia,ML Hayden,A Symonds,DJ Bravo,0,0,,,,,,"",""
ball,1,32.7,Australia,ML Hayden,A Symonds,DJ Bravo,2,0,,,,,,"",""
ball,1,33.1,Australia,A Symonds,ML Hayden,MN Samuels,0,0,,,,,,"",""
ball,1,33.2,Australia,A Symonds,ML Hayden,MN Samuels,1,0,,,,,,"",""
ball,1,33.3,Australia,ML Hayden,A Symonds,MN Samuels,1,0,,,,,,"",""
ball,1,33.4,Australia,A Symonds,ML Hayden,MN Samuels,1,0,,,,,,"",""
ball,1,33.5,Australia,ML Hayden,A Symonds,MN Samuels,4,0,,,,,,"",""
ball,1,33.6,Australia,ML Hayden,A Symonds,MN Samuels,1,0,,,,,,"",""
ball,1,34.1,Australia,ML Hayden,A Symonds,DJ Bravo,1,0,,,,,,"",""
ball,1,34.2,Australia,A Symonds,ML Hayden,DJ Bravo,0,0,,,,,,"",""
ball,1,34.3,Australia,A Symonds,ML Hayden,DJ Bravo,4,0,,,,,,"",""
ball,1,34.4,Australia,A Symonds,ML Hayden,DJ Bravo,1,0,,,,,,"",""
ball,1,34.5,Australia,ML Hayden,A Symonds,DJ Bravo,1,0,,,,,,"",""
ball,1,34.6,Australia,A Symonds,ML Hayden,DJ Bravo,1,0,,,,,,"",""
ball,1,35.1,Australia,A Symonds,ML Hayden,MN Samuels,2,0,,,,,,"",""
ball,1,35.2,Australia,A Symonds,ML Hayden,MN Samuels,1,0,,,,,,"",""
ball,1,35.3,Australia,ML Hayden,A Symonds,MN Samuels,0,0,,,,,,"",""
ball,1,35.4,Australia,ML Hayden,A Symonds,MN Samuels,2,0,,,,,,"",""
ball,1,35.5,Australia,ML Hayden,A Symonds,MN Samuels,1,0,,,,,,"",""
ball,1,35.6,Australia,A Symonds,ML Hayden,MN Samuels,0,0,,,,,,caught,A Symonds
ball,1,36.1,Australia,ML Hayden,MEK Hussey,DBL Powell,1,0,,,,,,"",""
ball,1,36.2,Australia,MEK Hussey,ML Hayden,DBL Powell,0,0,,,,,,"",""
ball,1,36.3,Australia,MEK Hussey,ML Hayden,DBL Powell,0,0,,,,,,"",""
ball,1,36.4,Australia,MEK Hussey,ML Hayden,DBL Powell,0,0,,,,,,"",""
ball,1,36.5,Australia,MEK Hussey,ML Hayden,DBL Powell,0,0,,,,,,"",""
ball,1,36.6,Australia,MEK Hussey,ML Hayden,DBL Powell,0,0,,,,,,"",""
ball,1,37.1,Australia,ML Hayden,MEK Hussey,MN Samuels,1,0,,,,,,"",""
ball,1,37.2,Australia,MEK Hussey,ML Hayden,MN Samuels,0,0,,,,,,"",""
ball,1,37.3,Australia,MEK Hussey,ML Hayden,MN Samuels,0,0,,,,,,"",""
ball,1,37.4,Australia,MEK Hussey,ML Hayden,MN Samuels,0,0,,,,,,"",""
ball,1,37.5,Australia,MEK Hussey,ML Hayden,MN Samuels,0,0,,,,,,"",""
ball,1,37.6,Australia,MEK Hussey,ML Hayden,MN Samuels,1,0,,,,,,"",""
ball,1,38.1,Australia,MEK Hussey,ML Hayden,DBL Powell,4,0,,,,,,"",""
ball,1,38.2,Australia,MEK Hussey,ML Hayden,DBL Powell,1,0,,,,,,"",""
ball,1,38.3,Australia,ML Hayden,MEK Hussey,DBL Powell,2,0,,,,,,"",""
ball,1,38.4,Australia,ML Hayden,MEK Hussey,DBL Powell,0,0,,,,,,"",""
ball,1,38.5,Australia,ML Hayden,MEK Hussey,DBL Powell,1,0,,,,,,"",""
ball,1,38.6,Australia,MEK Hussey,ML Hayden,DBL Powell,0,0,,,,,,"",""
ball,1,39.1,Australia,ML Hayden,MEK Hussey,MN Samuels,0,0,,,,,,"",""
ball,1,39.2,Australia,ML Hayden,MEK Hussey,MN Samuels,1,0,,,,,,"",""
ball,1,39.3,Australia,MEK Hussey,ML Hayden,MN Samuels,0,1,1,,,,,"",""
ball,1,39.4,Australia,MEK Hussey,ML Hayden,MN Samuels,1,0,,,,,,"",""
ball,1,39.5,Australia,ML Hayden,MEK Hussey,MN Samuels,1,0,,,,,,"",""
ball,1,39.6,Australia,MEK Hussey,ML Hayden,MN Samuels,0,0,,,,,,"",""
ball,1,39.7,Australia,MEK Hussey,ML Hayden,MN Samuels,0,0,,,,,,"",""
ball,1,40.1,Australia,ML Hayden,MEK Hussey,DBL Powell,4,0,,,,,,"",""
ball,1,40.2,Australia,ML Hayden,MEK Hussey,DBL Powell,4,0,,,,,,"",""
ball,1,40.3,Australia,ML Hayden,MEK Hussey,DBL Powell,1,0,,,,,,"",""
ball,1,40.4,Australia,MEK Hussey,ML Hayden,DBL Powell,2,0,,,,,,"",""
ball,1,40.5,Australia,MEK Hussey,ML Hayden,DBL Powell,0,0,,,,,,bowled,MEK Hussey
ball,1,40.6,Australia,SR Watson,ML Hayden,DBL Powell,0,0,,,,,,"",""
ball,1,41.1,Australia,ML Hayden,SR Watson,MN Samuels,0,0,,,,,,"",""
ball,1,41.2,Australia,ML Hayden,SR Watson,MN Samuels,1,0,,,,,,"",""
ball,1,41.3,Australia,SR Watson,ML Hayden,MN Samuels,1,0,,,,,,"",""
ball,1,41.4,Australia,ML Hayden,SR Watson,MN Samuels,1,0,,,,,,"",""
ball,1,41.5,Australia,SR Watson,ML Hayden,MN Samuels,1,0,,,,,,"",""
ball,1,41.6,Australia,ML Hayden,SR Watson,MN Samuels,0,0,,,,,,"",""
ball,1,42.1,Australia,SR Watson,ML Hayden,JE Taylor,1,0,,,,,,"",""
ball,1,42.2,Australia,ML Hayden,SR Watson,JE Taylor,2,0,,,,,,"",""
ball,1,42.3,Australia,ML Hayden,SR Watson,JE Taylor,1,0,,,,,,"",""
ball,1,42.4,Australia,SR Watson,ML Hayden,JE Taylor,0,0,,,,,,"",""
ball,1,42.5,Australia,SR Watson,ML Hayden,JE Taylor,2,0,,,,,,"",""
ball,1,42.6,Australia,SR Watson,ML Hayden,JE Taylor,1,0,,,,,,"",""
ball,1,43.1,Australia,SR Watson,ML Hayden,MN Samuels,1,0,,,,,,"",""
ball,1,43.2,Australia,ML Hayden,SR Watson,MN Samuels,0,0,,,,,,"",""
ball,1,43.3,Australia,ML Hayden,SR Watson,MN Samuels,0,0,,,,,,"",""
ball,1,43.4,Australia,ML Hayden,SR Watson,MN Samuels,1,0,,,,,,"",""
ball,1,43.5,Australia,SR Watson,ML Hayden,MN Samuels,1,0,,,,,,"",""
ball,1,43.6,Australia,ML Hayden,SR Watson,MN Samuels,0,0,,,,,,"",""
ball,1,44.1,Australia,SR Watson,ML Hayden,JE Taylor,1,0,,,,,,"",""
ball,1,44.2,Australia,ML Hayden,SR Watson,JE Taylor,6,0,,,,,,"",""
ball,1,44.3,Australia,ML Hayden,SR Watson,JE Taylor,4,0,,,,,,"",""
ball,1,44.4,Australia,ML Hayden,SR Watson,JE Taylor,6,0,,,,,,"",""
ball,1,44.5,Australia,ML Hayden,SR Watson,JE Taylor,1,0,,,,,,"",""
ball,1,44.6,Australia,SR Watson,ML Hayden,JE Taylor,1,0,,,,,,"",""
ball,1,45.1,Australia,SR Watson,ML Hayden,MN Samuels,1,0,,,,,,"",""
ball,1,45.2,Australia,ML Hayden,SR Watson,MN Samuels,4,0,,,,,,"",""
ball,1,45.3,Australia,ML Hayden,SR Watson,MN Samuels,0,0,,,,,,"",""
ball,1,45.4,Australia,ML Hayden,SR Watson,MN Samuels,4,0,,,,,,"",""
ball,1,45.5,Australia,ML Hayden,SR Watson,MN Samuels,6,0,,,,,,"",""
ball,1,45.6,Australia,ML Hayden,SR Watson,MN Samuels,0,1,,1,,,,"",""
ball,1,45.7,Australia,ML Hayden,SR Watson,MN Samuels,1,0,,,,,,"",""
ball,1,46.1,Australia,ML Hayden,SR Watson,CD Collymore,1,0,,,,,,"",""
ball,1,46.2,Australia,SR Watson,ML Hayden,CD Collymore,0,1,,,,1,,"",""
ball,1,46.3,Australia,ML Hayden,SR Watson,CD Collymore,4,0,,,,,,"",""
ball,1,46.4,Australia,ML Hayden,SR Watson,CD Collymore,1,0,,,,,,"",""
ball,1,46.5,Australia,SR Watson,ML Hayden,CD Collymore,6,0,,,,,,"",""
ball,1,46.6,Australia,SR Watson,ML Hayden,CD Collymore,0,0,,,,,,"",""
ball,1,47.1,Australia,ML Hayden,SR Watson,DJ Bravo,0,0,,,,,,caught,ML Hayden
ball,1,47.2,Australia,SR Watson,GB Hogg,DJ Bravo,0,0,,,,,,"",""
ball,1,47.3,Australia,SR Watson,GB Hogg,DJ Bravo,0,0,,,,,,"",""
ball,1,47.4,Australia,SR Watson,GB Hogg,DJ Bravo,1,0,,,,,,"",""
ball,1,47.5,Australia,GB Hogg,SR Watson,DJ Bravo,0,1,,,,1,,"",""
ball,1,47.6,Australia,SR Watson,GB Hogg,DJ Bravo,1,0,,,,,,"",""
ball,1,48.1,Australia,SR Watson,GB Hogg,CD Collymore,1,0,,,,,,"",""
ball,1,48.2,Australia,GB Hogg,SR Watson,CD Collymore,0,0,,,,,,"",""
ball,1,48.3,Australia,GB Hogg,SR Watson,CD Collymore,2,0,,,,,,"",""
ball,1,48.4,Australia,GB Hogg,SR Watson,CD Collymore,2,0,,,,,,"",""
ball,1,48.5,Australia,GB Hogg,SR Watson,CD Collymore,1,0,,,,,,"",""
ball,1,48.6,Australia,SR Watson,GB Hogg,CD Collymore,0,1,,,,1,,"",""
ball,1,49.1,Australia,SR Watson,GB Hogg,DJ Bravo,0,0,,,,,,"",""
ball,1,49.2,Australia,SR Watson,GB Hogg,DJ Bravo,0,1,1,,,,,"",""
ball,1,49.3,Australia,SR Watson,GB Hogg,DJ Bravo,4,0,,,,,,"",""
ball,1,49.4,Australia,SR Watson,GB Hogg,DJ Bravo,4,0,,,,,,"",""
ball,1,49.5,Australia,SR Watson,GB Hogg,DJ Bravo,1,0,,,,,,"",""
ball,1,49.6,Australia,GB Hogg,SR Watson,DJ Bravo,0,1,,,1,,,"",""
ball,1,49.7,Australia,SR Watson,GB Hogg,DJ Bravo,4,0,,,,,,"",""
ball,2,0.1,West Indies,CH Gayle,S Chanderpaul,NW Bracken,0,1,1,,,,,"",""
ball,2,0.2,West Indies,CH Gayle,S Chanderpaul,NW Bracken,0,0,,,,,,"",""
ball,2,0.3,West Indies,CH Gayle,S Chanderpaul,NW Bracken,0,0,,,,,,"",""
ball,2,0.4,West Indies,CH Gayle,S Chanderpaul,NW Bracken,0,0,,,,,,"",""
ball,2,0.5,West Indies,CH Gayle,S Chanderpaul,NW Bracken,0,0,,,,,,"",""
ball,2,0.6,West Indies,CH Gayle,S Chanderpaul,NW Bracken,0,0,,,,,,"",""
ball,2,0.7,West Indies,CH Gayle,S Chanderpaul,NW Bracken,0,0,,,,,,"",""
ball,2,1.1,West Indies,S Chanderpaul,CH Gayle,SW Tait,0,1,1,,,,,"",""
ball,2,1.2,West Indies,S Chanderpaul,CH Gayle,SW Tait,0,0,,,,,,"",""
ball,2,1.3,West Indies,S Chanderpaul,CH Gayle,SW Tait,0,0,,,,,,"",""
ball,2,1.4,West Indies,S Chanderpaul,CH Gayle,SW Tait,0,1,1,,,,,"",""
ball,2,1.5,West Indies,S Chanderpaul,CH Gayle,SW Tait,0,0,,,,,,"",""
ball,2,1.6,West Indies,S Chanderpaul,CH Gayle,SW Tait,0,1,1,,,,,"",""
ball,2,1.7,West Indies,S Chanderpaul,CH Gayle,SW Tait,1,0,,,,,,"",""
ball,2,1.8,West Indies,CH Gayle,S Chanderpaul,SW Tait,0,0,,,,,,"",""
ball,2,1.9,West Indies,CH Gayle,S Chanderpaul,SW Tait,0,0,,,,,,"",""
ball,2,2.1,West Indies,S Chanderpaul,CH Gayle,NW Bracken,0,0,,,,,,"",""
ball,2,2.2,West Indies,S Chanderpaul,CH Gayle,NW Bracken,2,0,,,,,,"",""
ball,2,2.3,West Indies,S Chanderpaul,CH Gayle,NW Bracken,0,0,,,,,,"",""
ball,2,2.4,West Indies,S Chanderpaul,CH Gayle,NW Bracken,0,0,,,,,,"",""
ball,2,2.5,West Indies,S Chanderpaul,CH Gayle,NW Bracken,0,0,,,,,,"",""
ball,2,2.6,West Indies,S Chanderpaul,CH Gayle,NW Bracken,0,0,,,,,,"",""
ball,2,3.1,West Indies,CH Gayle,S Chanderpaul,SW Tait,0,0,,,,,,"",""
ball,2,3.2,West Indies,CH Gayle,S Chanderpaul,SW Tait,0,0,,,,,,"",""
ball,2,3.3,West Indies,CH Gayle,S Chanderpaul,SW Tait,1,0,,,,,,"",""
ball,2,3.4,West Indies,S Chanderpaul,CH Gayle,SW Tait,2,0,,,,,,"",""
ball,2,3.5,West Indies,S Chanderpaul,CH Gayle,SW Tait,0,1,1,,,,,"",""
ball,2,3.6,West Indies,S Chanderpaul,CH Gayle,SW Tait,0,0,,,,,,lbw,S Chanderpaul
ball,2,3.7,West Indies,RR Sarwan,CH Gayle,SW Tait,1,0,,,,,,"",""
ball,2,4.1,West Indies,RR Sarwan,CH Gayle,NW Bracken,0,0,,,,,,"",""
ball,2,4.2,West Indies,RR Sarwan,CH Gayle,NW Bracken,1,0,,,,,,"",""
ball,2,4.3,West Indies,CH Gayle,RR Sarwan,NW Bracken,0,0,,,,,,"",""
ball,2,4.4,West Indies,CH Gayle,RR Sarwan,NW Bracken,0,0,,,,,,"",""
ball,2,4.5,West Indies,CH Gayle,RR Sarwan,NW Bracken,0,0,,,,,,"",""
ball,2,4.6,West Indies,CH Gayle,RR Sarwan,NW Bracken,0,0,,,,,,"",""
ball,2,5.1,West Indies,RR Sarwan,CH Gayle,SW Tait,2,0,,,,,,"",""
ball,2,5.2,West Indies,RR Sarwan,CH Gayle,SW Tait,0,0,,,,,,"",""
ball,2,5.3,West Indies,RR Sarwan,CH Gayle,SW Tait,0,0,,,,,,"",""
ball,2,5.4,West Indies,RR Sarwan,CH Gayle,SW Tait,0,0,,,,,,"",""
ball,2,5.5,West Indies,RR Sarwan,CH Gayle,SW Tait,0,0,,,,,,"",""
ball,2,5.6,West Indies,RR Sarwan,CH Gayle,SW Tait,0,0,,,,,,"",""
ball,2,6.1,West Indies,CH Gayle,RR Sarwan,NW Bracken,0,0,,,,,,"",""
ball,2,6.2,West Indies,CH Gayle,RR Sarwan,NW Bracken,0,0,,,,,,"",""
ball,2,6.3,West Indies,CH Gayle,RR Sarwan,NW Bracken,0,0,,,,,,"",""
ball,2,6.4,West Indies,CH Gayle,RR Sarwan,NW Bracken,0,0,,,,,,"",""
ball,2,6.5,West Indies,CH Gayle,RR Sarwan,NW Bracken,0,0,,,,,,"",""
ball,2,6.6,West Indies,CH Gayle,RR Sarwan,NW Bracken,1,0,,,,,,"",""
ball,2,7.1,West Indies,CH Gayle,RR Sarwan,GD McGrath,0,0,,,,,,"",""
ball,2,7.2,West Indies,CH Gayle,RR Sarwan,GD McGrath,0,0,,,,,,caught,CH Gayle
ball,2,7.3,West Indies,MN Samuels,RR Sarwan,GD McGrath,0,0,,,,,,"",""
ball,2,7.4,West Indies,MN Samuels,RR Sarwan,GD McGrath,0,0,,,,,,"",""
ball,2,7.5,West Indies,MN Samuels,RR Sarwan,GD McGrath,0,0,,,,,,"",""
ball,2,7.6,West Indies,MN Samuels,RR Sarwan,GD McGrath,0,0,,,,,,"",""
ball,2,8.1,West Indies,RR Sarwan,MN Samuels,NW Bracken,0,0,,,,,,"",""
ball,2,8.2,West Indies,RR Sarwan,MN Samuels,NW Bracken,0,0,,,,,,"",""
ball,2,8.3,West Indies,RR Sarwan,MN Samuels,NW Bracken,0,0,,,,,,"",""
ball,2,8.4,West Indies,RR Sarwan,MN Samuels,NW Bracken,0,0,,,,,,"",""
ball,2,8.5,West Indies,RR Sarwan,MN Samuels,NW Bracken,0,0,,,,,,"",""
ball,2,8.6,West Indies,RR Sarwan,MN Samuels,NW Bracken,0,0,,,,,,"",""
ball,2,9.1,West Indies,MN Samuels,RR Sarwan,GD McGrath,4,0,,,,,,"",""
ball,2,9.2,West Indies,MN Samuels,RR Sarwan,GD McGrath,0,0,,,,,,"",""
ball,2,9.3,West Indies,MN Samuels,RR Sarwan,GD McGrath,0,0,,,,,,"",""
ball,2,9.4,West Indies,MN Samuels,RR Sarwan,GD McGrath,0,0,,,,,,caught,MN Samuels
ball,2,9.5,West Indies,RR Sarwan,BC Lara,GD McGrath,0,0,,,,,,"",""
ball,2,9.6,West Indies,RR Sarwan,BC Lara,GD McGrath,0,0,,,,,,"",""
ball,2,10.1,West Indies,BC Lara,RR Sarwan,NW Bracken,0,0,,,,,,"",""
ball,2,10.2,West Indies,BC Lara,RR Sarwan,NW Bracken,0,0,,,,,,"",""
ball,2,10.3,West Indies,BC Lara,RR Sarwan,NW Bracken,0,0,,,,,,"",""
ball,2,10.4,West Indies,BC Lara,RR Sarwan,NW Bracken,0,0,,,,,,"",""
ball,2,10.5,West Indies,BC Lara,RR Sarwan,NW Bracken,0,0,,,,,,"",""
ball,2,10.6,West Indies,BC Lara,RR Sarwan,NW Bracken,1,0,,,,,,"",""
ball,2,11.1,West Indies,BC Lara,RR Sarwan,GD McGrath,0,0,,,,,,"",""
ball,2,11.2,West Indies,BC Lara,RR Sarwan,GD McGrath,0,0,,,,,,"",""
ball,2,11.3,West Indies,BC Lara,RR Sarwan,GD McGrath,0,0,,,,,,"",""
ball,2,11.4,West Indies,BC Lara,RR Sarwan,GD McGrath,1,0,,,,,,"",""
ball,2,11.5,West Indies,RR Sarwan,BC Lara,GD McGrath,0,0,,,,,,"",""
ball,2,11.6,West Indies,RR Sarwan,BC Lara,GD McGrath,0,0,,,,,,"",""
ball,2,12.1,West Indies,BC Lara,RR Sarwan,SR Watson,0,0,,,,,,"",""
ball,2,12.2,West Indies,BC Lara,RR Sarwan,SR Watson,0,0,,,,,,"",""
ball,2,12.3,West Indies,BC Lara,RR Sarwan,SR Watson,1,0,,,,,,"",""
ball,2,12.4,West Indies,RR Sarwan,BC Lara,SR Watson,0,0,,,,,,"",""
ball,2,12.5,West Indies,RR Sarwan,BC Lara,SR Watson,1,0,,,,,,"",""
ball,2,12.6,West Indies,BC Lara,RR Sarwan,SR Watson,1,0,,,,,,"",""
ball,2,13.1,West Indies,BC Lara,RR Sarwan,GD McGrath,0,0,,,,,,"",""
ball,2,13.2,West Indies,BC Lara,RR Sarwan,GD McGrath,0,0,,,,,,"",""
ball,2,13.3,West Indies,BC Lara,RR Sarwan,GD McGrath,0,0,,,,,,"",""
ball,2,13.4,West Indies,BC Lara,RR Sarwan,GD McGrath,0,0,,,,,,"",""
ball,2,13.5,West Indies,BC Lara,RR Sarwan,GD McGrath,3,0,,,,,,"",""
ball,2,13.6,West Indies,RR Sarwan,BC Lara,GD McGrath,3,0,,,,,,"",""
ball,2,14.1,West Indies,RR Sarwan,BC Lara,SR Watson,0,0,,,,,,"",""
ball,2,14.2,West Indies,RR Sarwan,BC Lara,SR Watson,2,0,,,,,,"",""
ball,2,14.3,West Indies,RR Sarwan,BC Lara,SR Watson,0,0,,,,,,"",""
ball,2,14.4,West Indies,RR Sarwan,BC Lara,SR Watson,0,0,,,,,,"",""
ball,2,14.5,West Indies,RR Sarwan,BC Lara,SR Watson,1,0,,,,,,"",""
ball,2,14.6,West Indies,BC Lara,RR Sarwan,SR Watson,1,0,,,,,,"",""
ball,2,15.1,West Indies,BC Lara,RR Sarwan,GD McGrath,4,0,,,,,,"",""
ball,2,15.2,West Indies,BC Lara,RR Sarwan,GD McGrath,0,0,,,,,,"",""
ball,2,15.3,West Indies,BC Lara,RR Sarwan,GD McGrath,0,0,,,,,,"",""
ball,2,15.4,West Indies,BC Lara,RR Sarwan,GD McGrath,0,0,,,,,,"",""
ball,2,15.5,West Indies,BC Lara,RR Sarwan,GD McGrath,0,0,,,,,,"",""
ball,2,15.6,West Indies,BC Lara,RR Sarwan,GD McGrath,0,0,,,,,,"",""
ball,2,16.1,West Indies,RR Sarwan,BC Lara,SR Watson,2,0,,,,,,"",""
ball,2,16.2,West Indies,RR Sarwan,BC Lara,SR Watson,1,0,,,,,,"",""
ball,2,16.3,West Indies,BC Lara,RR Sarwan,SR Watson,0,0,,,,,,"",""
ball,2,16.4,West Indies,BC Lara,RR Sarwan,SR Watson,0,0,,,,,,"",""
ball,2,16.5,West Indies,BC Lara,RR Sarwan,SR Watson,0,0,,,,,,"",""
ball,2,16.6,West Indies,BC Lara,RR Sarwan,SR Watson,0,0,,,,,,"",""
ball,2,17.1,West Indies,RR Sarwan,BC Lara,SW Tait,0,0,,,,,,"",""
ball,2,17.2,West Indies,RR Sarwan,BC Lara,SW Tait,0,0,,,,,,"",""
ball,2,17.3,West Indies,RR Sarwan,BC Lara,SW Tait,0,0,,,,,,"",""
ball,2,17.4,West Indies,RR Sarwan,BC Lara,SW Tait,0,0,,,,,,"",""
ball,2,17.5,West Indies,RR Sarwan,BC Lara,SW Tait,0,0,,,,,,"",""
ball,2,17.6,West Indies,RR Sarwan,BC Lara,SW Tait,1,0,,,,,,"",""
ball,2,18.1,West Indies,RR Sarwan,BC Lara,SR Watson,0,0,,,,,,"",""
ball,2,18.2,West Indies,RR Sarwan,BC Lara,SR Watson,1,0,,,,,,"",""
ball,2,18.3,West Indies,BC Lara,RR Sarwan,SR Watson,0,0,,,,,,"",""
ball,2,18.4,West Indies,BC Lara,RR Sarwan,SR Watson,4,0,,,,,,"",""
ball,2,18.5,West Indies,BC Lara,RR Sarwan,SR Watson,1,0,,,,,,"",""
ball,2,18.6,West Indies,RR Sarwan,BC Lara,SR Watson,0,0,,,,,,"",""
ball,2,19.1,West Indies,BC Lara,RR Sarwan,SW Tait,0,1,1,,,,,"",""
ball,2,19.2,West Indies,BC Lara,RR Sarwan,SW Tait,0,0,,,,,,"",""
ball,2,19.3,West Indies,BC Lara,RR Sarwan,SW Tait,0,0,,,,,,"",""
ball,2,19.4,West Indies,BC Lara,RR Sarwan,SW Tait,4,0,,,,,,"",""
ball,2,19.5,West Indies,BC Lara,RR Sarwan,SW Tait,0,0,,,,,,"",""
ball,2,19.6,West Indies,BC Lara,RR Sarwan,SW Tait,0,0,,,,,,"",""
ball,2,19.7,West Indies,BC Lara,RR Sarwan,SW Tait,0,0,,,,,,"",""
ball,2,20.1,West Indies,RR Sarwan,BC Lara,SR Watson,0,0,,,,,,"",""
ball,2,20.2,West Indies,RR Sarwan,BC Lara,SR Watson,0,0,,,,,,"",""
ball,2,20.3,West Indies,RR Sarwan,BC Lara,SR Watson,1,0,,,,,,"",""
ball,2,20.4,West Indies,BC Lara,RR Sarwan,SR Watson,0,0,,,,,,"",""
ball,2,20.5,West Indies,BC Lara,RR Sarwan,SR Watson,0,0,,,,,,"",""
ball,2,20.6,West Indies,BC Lara,RR Sarwan,SR Watson,4,0,,,,,,"",""
ball,2,21.1,West Indies,RR Sarwan,BC Lara,SW Tait,1,0,,,,,,"",""
ball,2,21.2,West Indies,BC Lara,RR Sarwan,SW Tait,0,1,1,,,,,"",""
ball,2,21.3,West Indies,BC Lara,RR Sarwan,SW Tait,1,0,,,,,,"",""
ball,2,21.4,West Indies,RR Sarwan,BC Lara,SW Tait,1,0,,,,,,"",""
ball,2,21.5,West Indies,BC Lara,RR Sarwan,SW Tait,0,1,1,,,,,"",""
ball,2,21.6,West Indies,BC Lara,RR Sarwan,SW Tait,4,0,,,,,,"",""
ball,2,21.7,West Indies,BC Lara,RR Sarwan,SW Tait,4,0,,,,,,"",""
ball,2,21.8,West Indies,BC Lara,RR Sarwan,SW Tait,4,0,,,,,,"",""
ball,2,22.1,West Indies,RR Sarwan,BC Lara,SR Watson,0,0,,,,,,"",""
ball,2,22.2,West Indies,RR Sarwan,BC Lara,SR Watson,0,0,,,,,,"",""
ball,2,22.3,West Indies,RR Sarwan,BC Lara,SR Watson,1,0,,,,,,"",""
ball,2,22.4,West Indies,BC Lara,RR Sarwan,SR Watson,1,0,,,,,,"",""
ball,2,22.5,West Indies,RR Sarwan,BC Lara,SR Watson,0,0,,,,,,"",""
ball,2,22.6,West Indies,RR Sarwan,BC Lara,SR Watson,1,0,,,,,,"",""
ball,2,23.1,West Indies,RR Sarwan,BC Lara,GB Hogg,2,0,,,,,,"",""
ball,2,23.2,West Indies,RR Sarwan,BC Lara,GB Hogg,0,0,,,,,,"",""
ball,2,23.3,West Indies,RR Sarwan,BC Lara,GB Hogg,0,0,,,,,,"",""
ball,2,23.4,West Indies,RR Sarwan,BC Lara,GB Hogg,1,0,,,,,,"",""
ball,2,23.5,West Indies,BC Lara,RR Sarwan,GB Hogg,1,0,,,,,,"",""
ball,2,23.6,West Indies,RR Sarwan,BC Lara,GB Hogg,0,0,,,,,,"",""
ball,2,24.1,West Indies,BC Lara,RR Sarwan,SR Watson,1,0,,,,,,"",""
ball,2,24.2,West Indies,RR Sarwan,BC Lara,SR Watson,1,0,,,,,,"",""
ball,2,24.3,West Indies,BC Lara,RR Sarwan,SR Watson,1,0,,,,,,"",""
ball,2,24.4,West Indies,RR Sarwan,BC Lara,SR Watson,0,0,,,,,,"",""
ball,2,24.5,West Indies,RR Sarwan,BC Lara,SR Watson,4,0,,,,,,"",""
ball,2,24.6,West Indies,RR Sarwan,BC Lara,SR Watson,0,0,,,,,,"",""
ball,2,25.1,West Indies,BC Lara,RR Sarwan,GB Hogg,1,0,,,,,,"",""
ball,2,25.2,West Indies,RR Sarwan,BC Lara,GB Hogg,0,0,,,,,,caught,RR Sarwan
ball,2,25.3,West Indies,DJ Bravo,BC Lara,GB Hogg,0,0,,,,,,"",""
ball,2,25.4,West Indies,DJ Bravo,BC Lara,GB Hogg,0,0,,,,,,"",""
ball,2,25.5,West Indies,DJ Bravo,BC Lara,GB Hogg,0,0,,,,,,"",""
ball,2,25.6,West Indies,DJ Bravo,BC Lara,GB Hogg,0,0,,,,,,"",""
ball,2,26.1,West Indies,BC Lara,DJ Bravo,GD McGrath,1,0,,,,,,"",""
ball,2,26.2,West Indies,DJ Bravo,BC Lara,GD McGrath,4,0,,,,,,"",""
ball,2,26.3,West Indies,DJ Bravo,BC Lara,GD McGrath,1,0,,,,,,"",""
ball,2,26.4,West Indies,BC Lara,DJ Bravo,GD McGrath,1,0,,,,,,"",""
ball,2,26.5,West Indies,DJ Bravo,BC Lara,GD McGrath,1,0,,,,,,"",""
ball,2,26.6,West Indies,BC Lara,DJ Bravo,GD McGrath,1,0,,,,,,"",""
ball,2,27.1,West Indies,BC Lara,DJ Bravo,GB Hogg,0,0,,,,,,"",""
ball,2,27.2,West Indies,BC Lara,DJ Bravo,GB Hogg,0,0,,,,,,"",""
ball,2,27.3,West Indies,BC Lara,DJ Bravo,GB Hogg,1,0,,,,,,"",""
ball,2,27.4,West Indies,DJ Bravo,BC Lara,GB Hogg,3,0,,,,,,"",""
ball,2,27.5,West Indies,BC Lara,DJ Bravo,GB Hogg,0,1,1,,,,,"",""
ball,2,27.6,West Indies,BC Lara,DJ Bravo,GB Hogg,1,0,,,,,,"",""
ball,2,27.7,West Indies,DJ Bravo,BC Lara,GB Hogg,0,0,,,,,,"",""
ball,2,28.1,West Indies,BC Lara,DJ Bravo,GD McGrath,0,0,,,,,,"",""
ball,2,28.2,West Indies,BC Lara,DJ Bravo,GD McGrath,1,0,,,,,,"",""
ball,2,28.3,West Indies,DJ Bravo,BC Lara,GD McGrath,0,0,,,,,,caught,DJ Bravo
ball,2,28.4,West Indies,D Ramdin,BC Lara,GD McGrath,0,0,,,,,,"",""
ball,2,28.5,West Indies,D Ramdin,BC Lara,GD McGrath,0,0,,,,,,"",""
ball,2,28.6,West Indies,D Ramdin,BC Lara,GD McGrath,0,0,,,,,,"",""
ball,2,29.1,West Indies,BC Lara,D Ramdin,GB Hogg,0,1,1,,,,,"",""
ball,2,29.2,West Indies,BC Lara,D Ramdin,GB Hogg,0,0,,,,,,"",""
ball,2,29.3,West Indies,BC Lara,D Ramdin,GB Hogg,1,0,,,,,,"",""
ball,2,29.4,West Indies,D Ramdin,BC Lara,GB Hogg,4,0,,,,,,"",""
ball,2,29.5,West Indies,D Ramdin,BC Lara,GB Hogg,0,0,,,,,,"",""
ball,2,29.6,West Indies,D Ramdin,BC Lara,GB Hogg,0,0,,,,,,"",""
ball,2,29.7,West Indies,D Ramdin,BC Lara,GB Hogg,1,0,,,,,,"",""
ball,2,30.1,West Indies,D Ramdin,BC Lara,GD McGrath,0,0,,,,,,"",""
ball,2,30.2,West Indies,D Ramdin,BC Lara,GD McGrath,0,0,,,,,,"",""
ball,2,30.3,West Indies,D Ramdin,BC Lara,GD McGrath,4,0,,,,,,"",""
ball,2,30.4,West Indies,D Ramdin,BC Lara,GD McGrath,0,0,,,,,,"",""
ball,2,30.5,West Indies,D Ramdin,BC Lara,GD McGrath,1,0,,,,,,"",""
ball,2,30.6,West Indies,BC Lara,D Ramdin,GD McGrath,1,0,,,,,,"",""
ball,2,31.1,West Indies,BC Lara,D Ramdin,GB Hogg,0,0,,,,,,"",""
ball,2,31.2,West Indies,BC Lara,D Ramdin,GB Hogg,0,0,,,,,,"",""
ball,2,31.3,West Indies,BC Lara,D Ramdin,GB Hogg,2,0,,,,,,"",""
ball,2,31.4,West Indies,BC Lara,D Ramdin,GB Hogg,1,0,,,,,,"",""
ball,2,31.5,West Indies,D Ramdin,BC Lara,GB Hogg,1,0,,,,,,"",""
ball,2,31.6,West Indies,BC Lara,D Ramdin,GB Hogg,1,0,,,,,,"",""
ball,2,32.1,West Indies,BC Lara,D Ramdin,NW Bracken,0,0,,,,,,"",""
ball,2,32.2,West Indies,BC Lara,D Ramdin,NW Bracken,4,0,,,,,,"",""
ball,2,32.3,West Indies,BC Lara,D Ramdin,NW Bracken,1,0,,,,,,"",""
ball,2,32.4,West Indies,D Ramdin,BC Lara,NW Bracken,1,0,,,,,,"",""
ball,2,32.5,West Indies,BC Lara,D Ramdin,NW Bracken,0,0,,,,,,"",""
ball,2,32.6,West Indies,BC Lara,D Ramdin,NW Bracken,1,0,,,,,,"",""
ball,2,33.1,West Indies,BC Lara,D Ramdin,GB Hogg,6,0,,,,,,"",""
ball,2,33.2,West Indies,BC Lara,D Ramdin,GB Hogg,2,0,,,,,,"",""
ball,2,33.3,West Indies,BC Lara,D Ramdin,GB Hogg,1,0,,,,,,"",""
ball,2,33.4,West Indies,D Ramdin,BC Lara,GB Hogg,1,0,,,,,,"",""
ball,2,33.5,West Indies,BC Lara,D Ramdin,GB Hogg,2,0,,,,,,"",""
ball,2,33.6,West Indies,BC Lara,D Ramdin,GB Hogg,2,0,,,,,,"",""
ball,2,34.1,West Indies,D Ramdin,BC Lara,NW Bracken,4,0,,,,,,"",""
ball,2,34.2,West Indies,D Ramdin,BC Lara,NW Bracken,1,0,,,,,,"",""
ball,2,34.3,West Indies,BC Lara,D Ramdin,NW Bracken,1,0,,,,,,"",""
ball,2,34.4,West Indies,D Ramdin,BC Lara,NW Bracken,1,0,,,,,,"",""
ball,2,34.5,West Indies,BC Lara,D Ramdin,NW Bracken,0,0,,,,,,"",""
ball,2,34.6,West Indies,BC Lara,D Ramdin,NW Bracken,2,0,,,,,,"",""
ball,2,35.1,West Indies,D Ramdin,BC Lara,GB Hogg,1,0,,,,,,"",""
ball,2,35.2,West Indies,BC Lara,D Ramdin,GB Hogg,0,0,,,,,,"",""
ball,2,35.3,West Indies,BC Lara,D Ramdin,GB Hogg,0,0,,,,,,lbw,BC Lara
ball,2,35.4,West Indies,DR Smith,D Ramdin,GB Hogg,0,0,,,,,,"",""
ball,2,35.5,West Indies,DR Smith,D Ramdin,GB Hogg,0,0,,,,,,"",""
ball,2,35.6,West Indies,DR Smith,D Ramdin,GB Hogg,0,0,,,,,,"",""
ball,2,36.1,West Indies,D Ramdin,DR Smith,A Symonds,1,0,,,,,,"",""
ball,2,36.2,West Indies,DR Smith,D Ramdin,A Symonds,2,0,,,,,,"",""
ball,2,36.3,West Indies,DR Smith,D Ramdin,A Symonds,1,0,,,,,,"",""
ball,2,36.4,West Indies,D Ramdin,DR Smith,A Symonds,2,0,,,,,,"",""
ball,2,36.5,West Indies,D Ramdin,DR Smith,A Symonds,2,0,,,,,,"",""
ball,2,36.6,West Indies,D Ramdin,DR Smith,A Symonds,1,0,,,,,,"",""
ball,2,37.1,West Indies,D Ramdin,DR Smith,GB Hogg,0,0,,,,,,"",""
ball,2,37.2,West Indies,D Ramdin,DR Smith,GB Hogg,1,0,,,,,,"",""
ball,2,37.3,West Indies,DR Smith,D Ramdin,GB Hogg,6,0,,,,,,"",""
ball,2,37.4,West Indies,DR Smith,D Ramdin,GB Hogg,0,0,,,,,,lbw,DR Smith
ball,2,37.5,West Indies,JE Taylor,D Ramdin,GB Hogg,0,0,,,,,,"",""
ball,2,37.6,West Indies,JE Taylor,D Ramdin,GB Hogg,0,0,,,,,,"",""
ball,2,38.1,West Indies,D Ramdin,JE Taylor,A Symonds,1,0,,,,,,"",""
ball,2,38.2,West Indies,JE Taylor,D Ramdin,A Symonds,1,0,,,,,,"",""
ball,2,38.3,West Indies,D Ramdin,JE Taylor,A Symonds,0,0,,,,,,"",""
ball,2,38.4,West Indies,D Ramdin,JE Taylor,A Symonds,0,0,,,,,,"",""
ball,2,38.5,West Indies,D Ramdin,JE Taylor,A Symonds,4,0,,,,,,"",""
ball,2,38.6,West Indies,D Ramdin,JE Taylor,A Symonds,2,0,,,,,,"",""
ball,2,39.1,West Indies,JE Taylor,D Ramdin,GB Hogg,0,0,,,,,,"",""
ball,2,39.2,West Indies,JE Taylor,D Ramdin,GB Hogg,1,0,,,,,,"",""
ball,2,39.3,West Indies,D Ramdin,JE Taylor,GB Hogg,1,0,,,,,,"",""
ball,2,39.4,West Indies,JE Taylor,D Ramdin,GB Hogg,0,0,,,,,,"",""
ball,2,39.5,West Indies,JE Taylor,D Ramdin,GB Hogg,0,0,,,,,,"",""
ball,2,39.6,West Indies,JE Taylor,D Ramdin,GB Hogg,0,0,,,,,,"",""
ball,2,40.1,West Indies,D Ramdin,JE Taylor,A Symonds,1,0,,,,,,"",""
ball,2,40.2,West Indies,JE Taylor,D Ramdin,A Symonds,1,0,,,,,,"",""
ball,2,40.3,West Indies,D Ramdin,JE Taylor,A Symonds,4,0,,,,,,"",""
ball,2,40.4,West Indies,D Ramdin,JE Taylor,A Symonds,1,0,,,,,,"",""
ball,2,40.5,West Indies,JE Taylor,D Ramdin,A Symonds,0,0,,,,,,"",""
ball,2,40.6,West Indies,JE Taylor,D Ramdin,A Symonds,0,0,,,,,,"",""
ball,2,41.1,West Indies,D Ramdin,JE Taylor,GB Hogg,1,0,,,,,,"",""
ball,2,41.2,West Indies,JE Taylor,D Ramdin,GB Hogg,1,0,,,,,,"",""
ball,2,41.3,West Indies,D Ramdin,JE Taylor,GB Hogg,1,0,,,,,,"",""
ball,2,41.4,West Indies,JE Taylor,D Ramdin,GB Hogg,2,0,,,,,,"",""
ball,2,41.5,West Indies,JE Taylor,D Ramdin,GB Hogg,0,0,,,,,,"",""
ball,2,41.6,West Indies,JE Taylor,D Ramdin,GB Hogg,4,0,,,,,,"",""
ball,2,42.1,West Indies,D Ramdin,JE Taylor,A Symonds,1,0,,,,,,"",""
ball,2,42.2,West Indies,JE Taylor,D Ramdin,A Symonds,0,0,,,,,,"",""
ball,2,42.3,West Indies,JE Taylor,D Ramdin,A Symonds,0,0,,,,,,"",""
ball,2,42.4,West Indies,JE Taylor,D Ramdin,A Symonds,0,0,,,,,,lbw,JE Taylor
ball,2,42.5,West Indies,DBL Powell,D Ramdin,A Symonds,0,5,5,,,,,"",""
ball,2,42.6,West Indies,DBL Powell,D Ramdin,A Symonds,1,0,,,,,,"",""
ball,2,42.7,West Indies,D Ramdin,DBL Powell,A Symonds,1,0,,,,,,"",""
ball,2,43.1,West Indies,D Ramdin,DBL Powell,SW Tait,1,0,,,,,,"",""
ball,2,43.2,West Indies,DBL Powell,D Ramdin,SW Tait,1,0,,,,,,"",""
ball,2,43.3,West Indies,D Ramdin,DBL Powell,SW Tait,0,1,,,1,,,"",""
ball,2,43.4,West Indies,DBL Powell,D Ramdin,SW Tait,1,0,,,,,,"",""
ball,2,43.5,West Indies,D Ramdin,DBL Powell,SW Tait,4,0,,,,,,"",""
ball,2,43.6,West Indies,D Ramdin,DBL Powell,SW Tait,2,0,,,,,,"",""
ball,2,44.1,West Indies,DBL Powell,D Ramdin,NW Bracken,1,0,,,,,,"",""
ball,2,44.2,West Indies,D Ramdin,DBL Powell,NW Bracken,0,0,,,,,,caught,D Ramdin
ball,2,44.3,West Indies,CD Collymore,DBL Powell,NW Bracken,1,0,,,,,,"",""
ball,2,44.4,West Indies,DBL Powell,CD Collymore,NW Bracken,0,0,,,,,,"",""
ball,2,44.5,West Indies,DBL Powell,CD Collymore,NW Bracken,1,0,,,,,,"",""
ball,2,44.6,West Indies,CD Collymore,DBL Powell,NW Bracken,0,0,,,,,,"",""
ball,2,45.1,West Indies,DBL Powell,CD Collymore,SW Tait,0,0,,,,,,"",""
ball,2,45.2,West Indies,DBL Powell,CD Collymore,SW Tait,0,0,,,,,,"",""
ball,2,45.3,West Indies,DBL Powell,CD Collymore,SW Tait,0,0,,,,,,bowled,DBL Powell
