version,1.6.0
info,balls_per_over,6
info,team,Bangladesh
info,team,India
info,gender,male
info,season,2006/07
info,date,2007/03/17
info,event,ICC World Cup
info,match_number,8
info,venue,"Queen's Park Oval, Port of Spain"
info,city,Trinidad
info,neutralvenue,true
info,toss_winner,India
info,toss_decision,bat
info,player_of_match,Mashrafe Mortaza
info,umpire,Aleem Dar
info,umpire,SJ Davis
info,reserve_umpire,DJ Harper
info,tv_umpire,IL Howell
info,match_referee,AG Hurst
info,winner,Bangladesh
info,winner_wickets,5
info,player,Bangladesh,Tamim Iqbal
info,player,Bangladesh,Shahriar Nafees
info,player,Bangladesh,Mushfiqur Rahim
info,player,Bangladesh,Aftab Ahmed
info,player,Bangladesh,Shakib Al Hasan
info,player,Bangladesh,Habibul Bashar
info,player,Bangladesh,Mohammad Ashraful
info,player,Bangladesh,Mohammad Rafique
info,player,Bangladesh,Mashrafe Mortaza
info,player,Bangladesh,Abdur Razzak
info,player,Bangladesh,Syed Rasel
info,player,India,SC Ganguly
info,player,India,V Sehwag
info,player,India,RV Uthappa
info,player,India,SR Tendulkar
info,player,India,R Dravid
info,player,India,Yuvraj Singh
info,player,India,MS Dhoni
info,player,India,Harbhajan Singh
info,player,India,AB Agarkar
info,player,India,Z Khan
info,player,India,MM Patel
info,registry,people,AB Agarkar,fa463154
info,registry,people,AG Hurst,ad7945c6
info,registry,people,Abdur Razzak,888e32bf
info,registry,people,Aftab Ahmed,53bc7b84
info,registry,people,Aleem Dar,f02778d1
info,registry,people,DJ Harper,0ec08b27
info,registry,people,Habibul Bashar,e74ad9ea
info,registry,people,Harbhajan Singh,8b5b6769
info,registry,people,IL Howell,c1cd91c3
info,registry,people,MM Patel,f0f628c7
info,registry,people,MS Dhoni,4a8a2e3b
info,registry,people,Mashrafe Mortaza,e186f49c
info,registry,people,Mohammad Ashraful,2bb09eb2
info,registry,people,Mohammad Rafique,7ff3fcaa
info,registry,people,Mushfiqur Rahim,a94e08ea
info,registry,people,R Dravid,0184dc35
info,registry,people,RV Uthappa,1c17e270
info,registry,people,SC Ganguly,725529bc
info,registry,people,SJ Davis,bc71b0b2
info,registry,people,SR Tendulkar,d2c2b2d5
info,registry,people,Shahriar Nafees,b9c225c2
info,registry,people,Shakib Al Hasan,7dc35884
info,registry,people,Syed Rasel,b743f01b
info,registry,people,Tamim Iqbal,3b041a12
info,registry,people,V Sehwag,8ba8195d
info,registry,people,Yuvraj Singh,1c914163
info,registry,people,Z Khan,91a4a398
ball,1,0.1,India,SC Ganguly,V Sehwag,Mashrafe Mortaza,0,1,1,,,,,"",""
ball,1,0.2,India,SC Ganguly,V Sehwag,Mashrafe Mortaza,0,0,,,,,,"",""
ball,1,0.3,India,SC Ganguly,V Sehwag,Mashrafe Mortaza,0,1,1,,,,,"",""
ball,1,0.4,India,SC Ganguly,V Sehwag,Mashrafe Mortaza,1,0,,,,,,"",""
ball,1,0.5,India,V Sehwag,SC Ganguly,Mashrafe Mortaza,0,1,,1,,,,"",""
ball,1,0.6,India,V Sehwag,SC Ganguly,Mashrafe Mortaza,0,0,,,,,,"",""
ball,1,0.7,India,V Sehwag,SC Ganguly,Mashrafe Mortaza,2,0,,,,,,"",""
ball,1,0.8,India,V Sehwag,SC Ganguly,Mashrafe Mortaza,0,0,,,,,,"",""
ball,1,0.9,India,V Sehwag,SC Ganguly,Mashrafe Mortaza,0,0,,,,,,"",""
ball,1,1.1,India,SC Ganguly,V Sehwag,Syed Rasel,0,0,,,,,,"",""
ball,1,1.2,India,SC Ganguly,V Sehwag,Syed Rasel,0,0,,,,,,"",""
ball,1,1.3,India,SC Ganguly,V Sehwag,Syed Rasel,0,0,,,,,,"",""
ball,1,1.4,India,SC Ganguly,V Sehwag,Syed Rasel,0,0,,,,,,"",""
ball,1,1.5,India,SC Ganguly,V Sehwag,Syed Rasel,0,0,,,,,,"",""
ball,1,1.6,India,SC Ganguly,V Sehwag,Syed Rasel,0,0,,,,,,"",""
ball,1,2.1,India,V Sehwag,SC Ganguly,Mashrafe Mortaza,0,0,,,,,,bowled,V Sehwag
ball,1,2.2,India,RV Uthappa,SC Ganguly,Mashrafe Mortaza,0,0,,,,,,"",""
ball,1,2.3,India,RV Uthappa,SC Ganguly,Mashrafe Mortaza,2,0,,,,,,"",""
ball,1,2.4,India,RV Uthappa,SC Ganguly,Mashrafe Mortaza,0,2,,2,,,,"",""
ball,1,2.5,India,SC Ganguly,RV Uthappa,Mashrafe Mortaza,0,0,,,,,,"",""
ball,1,2.6,India,SC Ganguly,RV Uthappa,Mashrafe Mortaza,0,1,,1,,,,"",""
ball,1,2.7,India,SC Ganguly,RV Uthappa,Mashrafe Mortaza,0,0,,,,,,"",""
ball,1,2.8,India,SC Ganguly,RV Uthappa,Mashrafe Mortaza,0,0,,,,,,"",""
ball,1,3.1,India,RV Uthappa,SC Ganguly,Syed Rasel,0,0,,,,,,"",""
ball,1,3.2,India,RV Uthappa,SC Ganguly,Syed Rasel,0,0,,,,,,"",""
ball,1,3.3,India,RV Uthappa,SC Ganguly,Syed Rasel,1,0,,,,,,"",""
ball,1,3.4,India,SC Ganguly,RV Uthappa,Syed Rasel,1,0,,,,,,"",""
ball,1,3.5,India,RV Uthappa,SC Ganguly,Syed Rasel,0,0,,,,,,"",""
ball,1,3.6,India,RV Uthappa,SC Ganguly,Syed Rasel,0,0,,,,,,"",""
ball,1,4.1,India,SC Ganguly,RV Uthappa,Mashrafe Mortaza,0,0,,,,,,"",""
ball,1,4.2,India,SC Ganguly,RV Uthappa,Mashrafe Mortaza,0,0,,,,,,"",""
ball,1,4.3,India,SC Ganguly,RV Uthappa,Mashrafe Mortaza,0,0,,,,,,"",""
ball,1,4.4,India,SC Ganguly,RV Uthappa,Mashrafe Mortaza,0,0,,,,,,"",""
ball,1,4.5,India,SC Ganguly,RV Uthappa,Mashrafe Mortaza,0,0,,,,,,"",""
ball,1,4.6,India,SC Ganguly,RV Uthappa,Mashrafe Mortaza,0,0,,,,,,"",""
ball,1,5.1,India,RV Uthappa,SC Ganguly,Syed Rasel,0,0,,,,,,"",""
ball,1,5.2,India,RV Uthappa,SC Ganguly,Syed Rasel,0,0,,,,,,"",""
ball,1,5.3,India,RV Uthappa,SC Ganguly,Syed Rasel,0,0,,,,,,"",""
ball,1,5.4,India,RV Uthappa,SC Ganguly,Syed Rasel,0,0,,,,,,"",""
ball,1,5.5,India,RV Uthappa,SC Ganguly,Syed Rasel,4,0,,,,,,"",""
ball,1,5.6,India,RV Uthappa,SC Ganguly,Syed Rasel,0,0,,,,,,"",""
ball,1,6.1,India,SC Ganguly,RV Uthappa,Mashrafe Mortaza,0,0,,,,,,"",""
ball,1,6.2,India,SC Ganguly,RV Uthappa,Mashrafe Mortaza,1,1,,1,,,,"",""
ball,1,6.3,India,RV Uthappa,SC Ganguly,Mashrafe Mortaza,0,0,,,,,,"",""
ball,1,6.4,India,RV Uthappa,SC Ganguly,Mashrafe Mortaza,2,0,,,,,,"",""
ball,1,6.5,India,RV Uthappa,SC Ganguly,Mashrafe Mortaza,0,0,,,,,,caught,RV Uthappa
ball,1,6.6,India,SR Tendulkar,SC Ganguly,Mashrafe Mortaza,0,0,,,,,,"",""
ball,1,6.7,India,SR Tendulkar,SC Ganguly,Mashrafe Mortaza,0,0,,,,,,"",""
ball,1,7.1,India,SC Ganguly,SR Tendulkar,Syed Rasel,0,0,,,,,,"",""
ball,1,7.2,India,SC Ganguly,SR Tendulkar,Syed Rasel,0,0,,,,,,"",""
ball,1,7.3,India,SC Ganguly,SR Tendulkar,Syed Rasel,0,1,,1,,,,"",""
ball,1,7.4,India,SC Ganguly,SR Tendulkar,Syed Rasel,1,0,,,,,,"",""
ball,1,7.5,India,SR Tendulkar,SC Ganguly,Syed Rasel,0,0,,,,,,"",""
ball,1,7.6,India,SR Tendulkar,SC Ganguly,Syed Rasel,0,0,,,,,,"",""
ball,1,7.7,India,SR Tendulkar,SC Ganguly,Syed Rasel,0,0,,,,,,"",""
ball,1,8.1,India,SC Ganguly,SR Tendulkar,Mashrafe Mortaza,0,0,,,,,,"",""
ball,1,8.2,India,SC Ganguly,SR Tendulkar,Mashrafe Mortaza,0,0,,,,,,"",""
ball,1,8.3,India,SC Ganguly,SR Tendulkar,Mashrafe Mortaza,0,0,,,,,,"",""
ball,1,8.4,India,SC Ganguly,SR Tendulkar,Mashrafe Mortaza,1,0,,,,,,"",""
ball,1,8.5,India,SR Tendulkar,SC Ganguly,Mashrafe Mortaza,0,0,,,,,,"",""
ball,1,8.6,India,SR Tendulkar,SC Ganguly,Mashrafe Mortaza,0,0,,,,,,"",""
ball,1,9.1,India,SC Ganguly,SR Tendulkar,Syed Rasel,0,0,,,,,,"",""
ball,1,9.2,India,SC Ganguly,SR Tendulkar,Syed Rasel,0,0,,,,,,"",""
ball,1,9.3,India,SC Ganguly,SR Tendulkar,Syed Rasel,0,0,,,,,,"",""
ball,1,9.4,India,SC Ganguly,SR Tendulkar,Syed Rasel,0,0,,,,,,"",""
ball,1,9.5,India,SC Ganguly,SR Tendulkar,Syed Rasel,0,0,,,,,,"",""
ball,1,9.6,India,SC Ganguly,SR Tendulkar,Syed Rasel,0,0,,,,,,"",""
ball,1,10.1,India,SR Tendulkar,SC Ganguly,Mashrafe Mortaza,0,0,,,,,,"",""
ball,1,10.2,India,SR Tendulkar,SC Ganguly,Mashrafe Mortaza,4,0,,,,,,"",""
ball,1,10.3,India,SR Tendulkar,SC Ganguly,Mashrafe Mortaza,0,0,,,,,,"",""
ball,1,10.4,India,SR Tendulkar,SC Ganguly,Mashrafe Mortaza,0,0,,,,,,"",""
ball,1,10.5,India,SR Tendulkar,SC Ganguly,Mashrafe Mortaza,0,0,,,,,,"",""
ball,1,10.6,India,SR Tendulkar,SC Ganguly,Mashrafe Mortaza,0,0,,,,,,"",""
ball,1,11.1,India,SC Ganguly,SR Tendulkar,Syed Rasel,0,0,,,,,,"",""
ball,1,11.2,India,SC Ganguly,SR Tendulkar,Syed Rasel,2,0,,,,,,"",""
ball,1,11.3,India,SC Ganguly,SR Tendulkar,Syed Rasel,2,0,,,,,,"",""
ball,1,11.4,India,SC Ganguly,SR Tendulkar,Syed Rasel,1,0,,,,,,"",""
ball,1,11.5,India,SR Tendulkar,SC Ganguly,Syed Rasel,0,0,,,,,,"",""
ball,1,11.6,India,SR Tendulkar,SC Ganguly,Syed Rasel,0,0,,,,,,"",""
ball,1,12.1,India,SC Ganguly,SR Tendulkar,Mashrafe Mortaza,0,0,,,,,,"",""
ball,1,12.2,India,SC Ganguly,SR Tendulkar,Mashrafe Mortaza,0,0,,,,,,"",""
ball,1,12.3,India,SC Ganguly,SR Tendulkar,Mashrafe Mortaza,0,0,,,,,,"",""
ball,1,12.4,India,SC Ganguly,SR Tendulkar,Mashrafe Mortaza,0,1,,,,1,,"",""
ball,1,12.5,India,SR Tendulkar,SC Ganguly,Mashrafe Mortaza,0,0,,,,,,"",""
ball,1,12.6,India,SR Tendulkar,SC Ganguly,Mashrafe Mortaza,0,0,,,,,,"",""
ball,1,13.1,India,SC Ganguly,SR Tendulkar,Syed Rasel,1,0,,,,,,"",""
ball,1,13.2,India,SR Tendulkar,SC Ganguly,Syed Rasel,0,0,,,,,,"",""
ball,1,13.3,India,SR Tendulkar,SC Ganguly,Syed Rasel,2,0,,,,,,"",""
ball,1,13.4,India,SR Tendulkar,SC Ganguly,Syed Rasel,1,0,,,,,,"",""
ball,1,13.5,India,SC Ganguly,SR Tendulkar,Syed Rasel,0,0,,,,,,"",""
ball,1,13.6,India,SC Ganguly,SR Tendulkar,Syed Rasel,0,0,,,,,,"",""
ball,1,14.1,India,SR Tendulkar,SC Ganguly,Abdur Razzak,0,0,,,,,,"",""
ball,1,14.2,India,SR Tendulkar,SC Ganguly,Abdur Razzak,0,0,,,,,,"",""
ball,1,14.3,India,SR Tendulkar,SC Ganguly,Abdur Razzak,0,2,,,,2,,"",""
ball,1,14.4,India,SR Tendulkar,SC Ganguly,Abdur Razzak,0,0,,,,,,"",""
ball,1,14.5,India,SR Tendulkar,SC Ganguly,Abdur Razzak,0,0,,,,,,"",""
ball,1,14.6,India,SR Tendulkar,SC Ganguly,Abdur Razzak,0,0,,,,,,caught,SR Tendulkar
ball,1,15.1,India,SC Ganguly,R Dravid,Syed Rasel,2,0,,,,,,"",""
ball,1,15.2,India,SC Ganguly,R Dravid,Syed Rasel,0,0,,,,,,"",""
ball,1,15.3,India,SC Ganguly,R Dravid,Syed Rasel,0,0,,,,,,"",""
ball,1,15.4,India,SC Ganguly,R Dravid,Syed Rasel,4,0,,,,,,"",""
ball,1,15.5,India,SC Ganguly,R Dravid,Syed Rasel,4,0,,,,,,"",""
ball,1,15.6,India,SC Ganguly,R Dravid,Syed Rasel,0,0,,,,,,"",""
ball,1,16.1,India,R Dravid,SC Ganguly,Abdur Razzak,0,0,,,,,,"",""
ball,1,16.2,India,R Dravid,SC Ganguly,Abdur Razzak,0,0,,,,,,"",""
ball,1,16.3,India,R Dravid,SC Ganguly,Abdur Razzak,1,0,,,,,,"",""
ball,1,16.4,India,SC Ganguly,R Dravid,Abdur Razzak,0,0,,,,,,"",""
ball,1,16.5,India,SC Ganguly,R Dravid,Abdur Razzak,0,0,,,,,,"",""
ball,1,16.6,India,SC Ganguly,R Dravid,Abdur Razzak,0,0,,,,,,"",""
ball,1,17.1,India,R Dravid,SC Ganguly,Syed Rasel,0,0,,,,,,"",""
ball,1,17.2,India,R Dravid,SC Ganguly,Syed Rasel,0,0,,,,,,"",""
ball,1,17.3,India,R Dravid,SC Ganguly,Syed Rasel,3,0,,,,,,"",""
ball,1,17.4,India,SC Ganguly,R Dravid,Syed Rasel,0,0,,,,,,"",""
ball,1,17.5,India,SC Ganguly,R Dravid,Syed Rasel,0,0,,,,,,"",""
ball,1,17.6,India,SC Ganguly,R Dravid,Syed Rasel,0,0,,,,,,"",""
ball,1,18.1,India,R Dravid,SC Ganguly,Abdur Razzak,0,0,,,,,,"",""
ball,1,18.2,India,R Dravid,SC Ganguly,Abdur Razzak,1,0,,,,,,"",""
ball,1,18.3,India,SC Ganguly,R Dravid,Abdur Razzak,4,0,,,,,,"",""
ball,1,18.4,India,SC Ganguly,R Dravid,Abdur Razzak,0,0,,,,,,"",""
ball,1,18.5,India,SC Ganguly,R Dravid,Abdur Razzak,0,0,,,,,,"",""
ball,1,18.6,India,SC Ganguly,R Dravid,Abdur Razzak,0,0,,,,,,"",""
ball,1,19.1,India,R Dravid,SC Ganguly,Syed Rasel,1,0,,,,,,"",""
ball,1,19.2,India,SC Ganguly,R Dravid,Syed Rasel,0,0,,,,,,"",""
ball,1,19.3,India,SC Ganguly,R Dravid,Syed Rasel,0,0,,,,,,"",""
ball,1,19.4,India,SC Ganguly,R Dravid,Syed Rasel,0,0,,,,,,"",""
ball,1,19.5,India,SC Ganguly,R Dravid,Syed Rasel,0,0,,,,,,"",""
ball,1,19.6,India,SC Ganguly,R Dravid,Syed Rasel,0,0,,,,,,"",""
ball,1,20.1,India,R Dravid,SC Ganguly,Abdur Razzak,0,0,,,,,,"",""
ball,1,20.2,India,R Dravid,SC Ganguly,Abdur Razzak,0,0,,,,,,"",""
ball,1,20.3,India,R Dravid,SC Ganguly,Abdur Razzak,0,0,,,,,,"",""
ball,1,20.4,India,R Dravid,SC Ganguly,Abdur Razzak,0,0,,,,,,"",""
ball,1,20.5,India,R Dravid,SC Ganguly,Abdur Razzak,0,0,,,,,,"",""
ball,1,20.6,India,R Dravid,SC Ganguly,Abdur Razzak,1,0,,,,,,"",""
ball,1,21.1,India,R Dravid,SC Ganguly,Shakib Al Hasan,0,0,,,,,,"",""
ball,1,21.2,India,R Dravid,SC Ganguly,Shakib Al Hasan,0,0,,,,,,"",""
ball,1,21.3,India,R Dravid,SC Ganguly,Shakib Al Hasan,0,0,,,,,,"",""
ball,1,21.4,India,R Dravid,SC Ganguly,Shakib Al Hasan,0,0,,,,,,"",""
ball,1,21.5,India,R Dravid,SC Ganguly,Shakib Al Hasan,1,0,,,,,,"",""
ball,1,21.6,India,SC Ganguly,R Dravid,Shakib Al Hasan,0,0,,,,,,"",""
ball,1,22.1,India,R Dravid,SC Ganguly,Abdur Razzak,1,0,,,,,,"",""
ball,1,22.2,India,SC Ganguly,R Dravid,Abdur Razzak,0,0,,,,,,"",""
ball,1,22.3,India,SC Ganguly,R Dravid,Abdur Razzak,1,0,,,,,,"",""
ball,1,22.4,India,R Dravid,SC Ganguly,Abdur Razzak,1,0,,,,,,"",""
ball,1,22.5,India,SC Ganguly,R Dravid,Abdur Razzak,1,0,,,,,,"",""
ball,1,22.6,India,R Dravid,SC Ganguly,Abdur Razzak,1,0,,,,,,"",""
ball,1,23.1,India,R Dravid,SC Ganguly,Shakib Al Hasan,1,0,,,,,,"",""
ball,1,23.2,India,SC Ganguly,R Dravid,Shakib Al Hasan,1,0,,,,,,"",""
ball,1,23.3,India,R Dravid,SC Ganguly,Shakib Al Hasan,0,0,,,,,,"",""
ball,1,23.4,India,R Dravid,SC Ganguly,Shakib Al Hasan,1,0,,,,,,"",""
ball,1,23.5,India,SC Ganguly,R Dravid,Shakib Al Hasan,1,0,,,,,,"",""
ball,1,23.6,India,R Dravid,SC Ganguly,Shakib Al Hasan,1,0,,,,,,"",""
ball,1,24.1,India,R Dravid,SC Ganguly,Mohammad Rafique,0,0,,,,,,lbw,R Dravid
ball,1,24.2,India,Yuvraj Singh,SC Ganguly,Mohammad Rafique,0,0,,,,,,"",""
ball,1,24.3,India,Yuvraj Singh,SC Ganguly,Mohammad Rafique,0,0,,,,,,"",""
ball,1,24.4,India,Yuvraj Singh,SC Ganguly,Mohammad Rafique,0,0,,,,,,"",""
ball,1,24.5,India,Yuvraj Singh,SC Ganguly,Mohammad Rafique,0,0,,,,,,"",""
ball,1,24.6,India,Yuvraj Singh,SC Ganguly,Mohammad Rafique,0,0,,,,,,"",""
ball,1,25.1,India,SC Ganguly,Yuvraj Singh,Shakib Al Hasan,0,0,,,,,,"",""
ball,1,25.2,India,SC Ganguly,Yuvraj Singh,Shakib Al Hasan,0,0,,,,,,"",""
ball,1,25.3,India,SC Ganguly,Yuvraj Singh,Shakib Al Hasan,1,0,,,,,,"",""
ball,1,25.4,India,Yuvraj Singh,SC Ganguly,Shakib Al Hasan,0,0,,,,,,"",""
ball,1,25.5,India,Yuvraj Singh,SC Ganguly,Shakib Al Hasan,1,0,,,,,,"",""
ball,1,25.6,India,SC Ganguly,Yuvraj Singh,Shakib Al Hasan,1,0,,,,,,"",""
ball,1,26.1,India,SC Ganguly,Yuvraj Singh,Mohammad Rafique,0,0,,,,,,"",""
ball,1,26.2,India,SC Ganguly,Yuvraj Singh,Mohammad Rafique,1,0,,,,,,"",""
ball,1,26.3,India,Yuvraj Singh,SC Ganguly,Mohammad Rafique,0,0,,,,,,"",""
ball,1,26.4,India,Yuvraj Singh,SC Ganguly,Mohammad Rafique,1,0,,,,,,"",""
ball,1,26.5,India,SC Ganguly,Yuvraj Singh,Mohammad Rafique,1,0,,,,,,"",""
ball,1,26.6,India,Yuvraj Singh,SC Ganguly,Mohammad Rafique,1,0,,,,,,"",""
ball,1,27.1,India,Yuvraj Singh,SC Ganguly,Shakib Al Hasan,1,0,,,,,,"",""
ball,1,27.2,India,SC Ganguly,Yuvraj Singh,Shakib Al Hasan,1,0,,,,,,"",""
ball,1,27.3,India,Yuvraj Singh,SC Ganguly,Shakib Al Hasan,2,0,,,,,,"",""
ball,1,27.4,India,Yuvraj Singh,SC Ganguly,Shakib Al Hasan,0,0,,,,,,"",""
ball,1,27.5,India,Yuvraj Singh,SC Ganguly,Shakib Al Hasan,0,0,,,,,,"",""
ball,1,27.6,India,Yuvraj Singh,SC Ganguly,Shakib Al Hasan,1,0,,,,,,"",""
ball,1,28.1,India,Yuvraj Singh,SC Ganguly,Mohammad Rafique,1,0,,,,,,"",""
ball,1,28.2,India,SC Ganguly,Yuvraj Singh,Mohammad Rafique,0,0,,,,,,"",""
ball,1,28.3,India,SC Ganguly,Yuvraj Singh,Mohammad Rafique,0,0,,,,,,"",""
ball,1,28.4,India,SC Ganguly,Yuvraj Singh,Mohammad Rafique,0,0,,,,,,"",""
ball,1,28.5,India,SC Ganguly,Yuvraj Singh,Mohammad Rafique,0,0,,,,,,"",""
ball,1,28.6,India,SC Ganguly,Yuvraj Singh,Mohammad Rafique,0,0,,,,,,"",""
ball,1,29.1,India,Yuvraj Singh,SC Ganguly,Shakib Al Hasan,0,0,,,,,,"",""
ball,1,29.2,India,Yuvraj Singh,SC Ganguly,Shakib Al Hasan,0,0,,,,,,"",""
ball,1,29.3,India,Yuvraj Singh,SC Ganguly,Shakib Al Hasan,1,0,,,,,,"",""
ball,1,29.4,India,SC Ganguly,Yuvraj Singh,Shakib Al Hasan,1,0,,,,,,"",""
ball,1,29.5,India,Yuvraj Singh,SC Ganguly,Shakib Al Hasan,1,0,,,,,,"",""
ball,1,29.6,India,SC Ganguly,Yuvraj Singh,Shakib Al Hasan,2,0,,,,,,"",""
ball,1,30.1,India,Yuvraj Singh,SC Ganguly,Mohammad Rafique,0,0,,,,,,"",""
ball,1,30.2,India,Yuvraj Singh,SC Ganguly,Mohammad Rafique,1,0,,,,,,"",""
ball,1,30.3,India,SC Ganguly,Yuvraj Singh,Mohammad Rafique,1,0,,,,,,"",""
ball,1,30.4,India,Yuvraj Singh,SC Ganguly,Mohammad Rafique,0,0,,,,,,"",""
ball,1,30.5,India,Yuvraj Singh,SC Ganguly,Mohammad Rafique,0,0,,,,,,"",""
ball,1,30.6,India,Yuvraj Singh,SC Ganguly,Mohammad Rafique,2,0,,,,,,"",""
ball,1,31.1,India,SC Ganguly,Yuvraj Singh,Shakib Al Hasan,0,0,,,,,,"",""
ball,1,31.2,India,SC Ganguly,Yuvraj Singh,Shakib Al Hasan,0,0,,,,,,"",""
ball,1,31.3,India,SC Ganguly,Yuvraj Singh,Shakib Al Hasan,0,0,,,,,,"",""
ball,1,31.4,India,SC Ganguly,Yuvraj Singh,Shakib Al Hasan,0,1,1,,,,,"",""
ball,1,31.5,India,SC Ganguly,Yuvraj Singh,Shakib Al Hasan,1,0,,,,,,"",""
ball,1,31.6,India,Yuvraj Singh,SC Ganguly,Shakib Al Hasan,0,0,,,,,,"",""
ball,1,31.7,India,Yuvraj Singh,SC Ganguly,Shakib Al Hasan,0,0,,,,,,"",""
ball,1,32.1,India,SC Ganguly,Yuvraj Singh,Mohammad Rafique,2,0,,,,,,"",""
ball,1,32.2,India,SC Ganguly,Yuvraj Singh,Mohammad Rafique,0,0,,,,,,"",""
ball,1,32.3,India,SC Ganguly,Yuvraj Singh,Mohammad Rafique,0,0,,,,,,"",""
ball,1,32.4,India,SC Ganguly,Yuvraj Singh,Mohammad Rafique,0,0,,,,,,"",""
ball,1,32.5,India,SC Ganguly,Yuvraj Singh,Mohammad Rafique,0,0,,,,,,"",""
ball,1,32.6,India,SC Ganguly,Yuvraj Singh,Mohammad Rafique,0,0,,,,,,"",""
ball,1,33.1,India,Yuvraj Singh,SC Ganguly,Shakib Al Hasan,0,0,,,,,,"",""
ball,1,33.2,India,Yuvraj Singh,SC Ganguly,Shakib Al Hasan,4,0,,,,,,"",""
ball,1,33.3,India,Yuvraj Singh,SC Ganguly,Shakib Al Hasan,0,0,,,,,,"",""
ball,1,33.4,India,Yuvraj Singh,SC Ganguly,Shakib Al Hasan,0,0,,,,,,"",""
ball,1,33.5,India,Yuvraj Singh,SC Ganguly,Shakib Al Hasan,4,0,,,,,,"",""
ball,1,33.6,India,Yuvraj Singh,SC Ganguly,Shakib Al Hasan,2,0,,,,,,"",""
ball,1,34.1,India,SC Ganguly,Yuvraj Singh,Mohammad Rafique,1,0,,,,,,"",""
ball,1,34.2,India,Yuvraj Singh,SC Ganguly,Mohammad Rafique,1,0,,,,,,"",""
ball,1,34.3,India,SC Ganguly,Yuvraj Singh,Mohammad Rafique,4,0,,,,,,"",""
ball,1,34.4,India,SC Ganguly,Yuvraj Singh,Mohammad Rafique,1,0,,,,,,"",""
ball,1,34.5,India,Yuvraj Singh,SC Ganguly,Mohammad Rafique,0,0,,,,,,"",""
ball,1,34.6,India,Yuvraj Singh,SC Ganguly,Mohammad Rafique,1,0,,,,,,"",""
ball,1,35.1,India,Yuvraj Singh,SC Ganguly,Shakib Al Hasan,0,0,,,,,,"",""
ball,1,35.2,India,Yuvraj Singh,SC Ganguly,Shakib Al Hasan,1,0,,,,,,"",""
ball,1,35.3,India,SC Ganguly,Yuvraj Singh,Shakib Al Hasan,2,0,,,,,,"",""
ball,1,35.4,India,SC Ganguly,Yuvraj Singh,Shakib Al Hasan,1,0,,,,,,"",""
ball,1,35.5,India,Yuvraj Singh,SC Ganguly,Shakib Al Hasan,1,0,,,,,,"",""
ball,1,35.6,India,SC Ganguly,Yuvraj Singh,Shakib Al Hasan,1,0,,,,,,"",""
ball,1,36.1,India,SC Ganguly,Yuvraj Singh,Mohammad Rafique,0,0,,,,,,"",""
ball,1,36.2,India,SC Ganguly,Yuvraj Singh,Mohammad Rafique,1,0,,,,,,"",""
ball,1,36.3,India,Yuvraj Singh,SC Ganguly,Mohammad Rafique,0,0,,,,,,"",""
ball,1,36.4,India,Yuvraj Singh,SC Ganguly,Mohammad Rafique,1,0,,,,,,"",""
ball,1,36.5,India,SC Ganguly,Yuvraj Singh,Mohammad Rafique,0,0,,,,,,"",""
ball,1,36.6,India,SC Ganguly,Yuvraj Singh,Mohammad Rafique,1,0,,,,,,"",""
ball,1,37.1,India,SC Ganguly,Yuvraj Singh,Shakib Al Hasan,0,0,,,,,,"",""
ball,1,37.2,India,SC Ganguly,Yuvraj Singh,Shakib Al Hasan,0,0,,,,,,"",""
ball,1,37.3,India,SC Ganguly,Yuvraj Singh,Shakib Al Hasan,0,0,,,,,,"",""
ball,1,37.4,India,SC Ganguly,Yuvraj Singh,Shakib Al Hasan,0,0,,,,,,"",""
ball,1,37.5,India,SC Ganguly,Yuvraj Singh,Shakib Al Hasan,1,0,,,,,,"",""
ball,1,37.6,India,Yuvraj Singh,SC Ganguly,Shakib Al Hasan,2,0,,,,,,"",""
ball,1,38.1,India,SC Ganguly,Yuvraj Singh,Mohammad Rafique,0,0,,,,,,"",""
ball,1,38.2,India,SC Ganguly,Yuvraj Singh,Mohammad Rafique,2,0,,,,,,"",""
ball,1,38.3,India,SC Ganguly,Yuvraj Singh,Mohammad Rafique,1,0,,,,,,"",""
ball,1,38.4,India,Yuvraj Singh,SC Ganguly,Mohammad Rafique,0,0,,,,,,"",""
ball,1,38.5,India,Yuvraj Singh,SC Ganguly,Mohammad Rafique,0,0,,,,,,"",""
ball,1,38.6,India,Yuvraj Singh,SC Ganguly,Mohammad Rafique,1,0,,,,,,"",""
ball,1,39.1,India,Yuvraj Singh,SC Ganguly,Shakib Al Hasan,1,0,,,,,,"",""
ball,1,39.2,India,SC Ganguly,Yuvraj Singh,Shakib Al Hasan,1,0,,,,,,"",""
ball,1,39.3,India,Yuvraj Singh,SC Ganguly,Shakib Al Hasan,1,0,,,,,,"",""
ball,1,39.4,India,SC Ganguly,Yuvraj Singh,Shakib Al Hasan,0,0,,,,,,"",""
ball,1,39.5,India,SC Ganguly,Yuvraj Singh,Shakib Al Hasan,1,0,,,,,,"",""
ball,1,39.6,India,Yuvraj Singh,SC Ganguly,Shakib Al Hasan,0,0,,,,,,"",""
ball,1,40.1,India,SC Ganguly,Yuvraj Singh,Abdur Razzak,0,0,,,,,,"",""
ball,1,40.2,India,SC Ganguly,Yuvraj Singh,Abdur Razzak,4,0,,,,,,"",""
ball,1,40.3,India,SC Ganguly,Yuvraj Singh,Abdur Razzak,1,0,,,,,,"",""
ball,1,40.4,India,Yuvraj Singh,SC Ganguly,Abdur Razzak,0,0,,,,,,"",""
ball,1,40.5,India,Yuvraj Singh,SC Ganguly,Abdur Razzak,4,0,,,,,,"",""
ball,1,40.6,India,Yuvraj Singh,SC Ganguly,Abdur Razzak,1,0,,,,,,"",""
ball,1,41.1,India,Yuvraj Singh,SC Ganguly,Mohammad Rafique,6,0,,,,,,"",""
ball,1,41.2,India,Yuvraj Singh,SC Ganguly,Mohammad Rafique,0,0,,,,,,"",""
ball,1,41.3,India,Yuvraj Singh,SC Ganguly,Mohammad Rafique,2,0,,,,,,"",""
ball,1,41.4,India,Yuvraj Singh,SC Ganguly,Mohammad Rafique,1,0,,,,,,"",""
ball,1,41.5,India,SC Ganguly,Yuvraj Singh,Mohammad Rafique,0,0,,,,,,"",""
ball,1,41.6,India,SC Ganguly,Yuvraj Singh,Mohammad Rafique,0,0,,,,,,"",""
ball,1,42.1,India,Yuvraj Singh,SC Ganguly,Abdur Razzak,0,1,,,,1,,"",""
ball,1,42.2,India,SC Ganguly,Yuvraj Singh,Abdur Razzak,1,0,,,,,,"",""
ball,1,42.3,India,Yuvraj Singh,SC Ganguly,Abdur Razzak,0,0,,,,,,"",""
ball,1,42.4,India,Yuvraj Singh,SC Ganguly,Abdur Razzak,0,0,,,,,,caught,Yuvraj Singh
ball,1,42.5,India,SC Ganguly,MS Dhoni,Abdur Razzak,1,0,,,,,,"",""
ball,1,42.6,India,MS Dhoni,SC Ganguly,Abdur Razzak,0,0,,,,,,"",""
ball,1,43.1,India,SC Ganguly,MS Dhoni,Mohammad Rafique,0,0,,,,,,"",""
ball,1,43.2,India,SC Ganguly,MS Dhoni,Mohammad Rafique,0,0,,,,,,caught,SC Ganguly
ball,1,43.3,India,Harbhajan Singh,MS Dhoni,Mohammad Rafique,0,1,,,,1,,"",""
ball,1,43.4,India,MS Dhoni,Harbhajan Singh,Mohammad Rafique,0,0,,,,,,"",""
ball,1,43.5,India,MS Dhoni,Harbhajan Singh,Mohammad Rafique,0,0,,,,,,caught,MS Dhoni
ball,1,43.6,India,AB Agarkar,Harbhajan Singh,Mohammad Rafique,0,0,,,,,,"",""
ball,1,44.1,India,Harbhajan Singh,AB Agarkar,Abdur Razzak,0,0,,,,,,"",""
ball,1,44.2,India,Harbhajan Singh,AB Agarkar,Abdur Razzak,0,0,,,,,,bowled,Harbhajan Singh
ball,1,44.3,India,Z Khan,AB Agarkar,Abdur Razzak,0,0,,,,,,"",""
ball,1,44.4,India,Z Khan,AB Agarkar,Abdur Razzak,0,0,,,,,,"",""
ball,1,44.5,India,Z Khan,AB Agarkar,Abdur Razzak,0,0,,,,,,"",""
ball,1,44.6,India,Z Khan,AB Agarkar,Abdur Razzak,0,0,,,,,,"",""
ball,1,45.1,India,AB Agarkar,Z Khan,Mashrafe Mortaza,0,0,,,,,,caught,AB Agarkar
ball,1,45.2,India,MM Patel,Z Khan,Mashrafe Mortaza,1,0,,,,,,"",""
ball,1,45.3,India,Z Khan,MM Patel,Mashrafe Mortaza,0,1,,1,,,,"",""
ball,1,45.4,India,Z Khan,MM Patel,Mashrafe Mortaza,1,0,,,,,,"",""
ball,1,45.5,India,MM Patel,Z Khan,Mashrafe Mortaza,0,0,,,,,,"",""
ball,1,45.6,India,MM Patel,Z Khan,Mashrafe Mortaza,0,0,,,,,,"",""
ball,1,45.7,India,MM Patel,Z Khan,Mashrafe Mortaza,1,0,,,,,,"",""
ball,1,46.1,India,MM Patel,Z Khan,Abdur Razzak,0,0,,,,,,"",""
ball,1,46.2,India,MM Patel,Z Khan,Abdur Razzak,4,0,,,,,,"",""
ball,1,46.3,India,MM Patel,Z Khan,Abdur Razzak,1,0,,,,,,"",""
ball,1,46.4,India,Z Khan,MM Patel,Abdur Razzak,0,0,,,,,,"",""
ball,1,46.5,India,Z Khan,MM Patel,Abdur Razzak,0,0,,,,,,"",""
ball,1,46.6,India,Z Khan,MM Patel,Abdur Razzak,1,0,,,,,,"",""
ball,1,47.1,India,Z Khan,MM Patel,Mashrafe Mortaza,0,0,,,,,,"",""
ball,1,47.2,India,Z Khan,MM Patel,Mashrafe Mortaza,1,0,,,,,,"",""
ball,1,47.3,India,MM Patel,Z Khan,Mashrafe Mortaza,4,0,,,,,,"",""
ball,1,47.4,India,MM Patel,Z Khan,Mashrafe Mortaza,0,0,,,,,,"",""
ball,1,47.5,India,MM Patel,Z Khan,Mashrafe Mortaza,0,1,,1,,,,"",""
ball,1,47.6,India,MM Patel,Z Khan,Mashrafe Mortaza,2,0,,,,,,"",""
ball,1,47.7,India,MM Patel,Z Khan,Mashrafe Mortaza,1,0,,,,,,"",""
ball,1,48.1,India,MM Patel,Z Khan,Abdur Razzak,0,0,,,,,,"",""
ball,1,48.2,India,MM Patel,Z Khan,Abdur Razzak,1,0,,,,,,"",""
ball,1,48.3,India,Z Khan,MM Patel,Abdur Razzak,0,0,,,,,,"",""
ball,1,48.4,India,Z Khan,MM Patel,Abdur Razzak,4,0,,,,,,"",""
ball,1,48.5,India,Z Khan,MM Patel,Abdur Razzak,2,0,,,,,,"",""
ball,1,48.6,India,Z Khan,MM Patel,Abdur Razzak,1,0,,,,,,"",""
ball,1,49.1,India,Z Khan,MM Patel,Mashrafe Mortaza,4,0,,,,,,"",""
ball,1,49.2,India,Z Khan,MM Patel,Mashrafe Mortaza,1,0,,,,,,"",""
ball,1,49.3,India,MM Patel,Z Khan,Mashrafe Mortaza,0,0,,,,,,caught,MM Patel
ball,2,0.1,Bangladesh,Tamim Iqbal,Shahriar Nafees,Z Khan,0,0,,,,,,"",""
ball,2,0.2,Bangladesh,Tamim Iqbal,Shahriar Nafees,Z Khan,0,0,,,,,,"",""
ball,2,0.3,Bangladesh,Tamim Iqbal,Shahriar Nafees,Z Khan,0,0,,,,,,"",""
ball,2,0.4,Bangladesh,Tamim Iqbal,Shahriar Nafees,Z Khan,4,0,,,,,,"",""
ball,2,0.5,Bangladesh,Tamim Iqbal,Shahriar Nafees,Z Khan,0,1,,,,1,,"",""
ball,2,0.6,Bangladesh,Shahriar Nafees,Tamim Iqbal,Z Khan,0,0,,,,,,"",""
ball,2,1.1,Bangladesh,Tamim Iqbal,Shahriar Nafees,AB Agarkar,0,0,,,,,,"",""
ball,2,1.2,Bangladesh,Tamim Iqbal,Shahriar Nafees,AB Agarkar,0,0,,,,,,"",""
ball,2,1.3,Bangladesh,Tamim Iqbal,Shahriar Nafees,AB Agarkar,0,0,,,,,,"",""
ball,2,1.4,Bangladesh,Tamim Iqbal,Shahriar Nafees,AB Agarkar,0,0,,,,,,"",""
ball,2,1.5,Bangladesh,Tamim Iqbal,Shahriar Nafees,AB Agarkar,0,5,,5,,,,"",""
ball,2,1.6,Bangladesh,Tamim Iqbal,Shahriar Nafees,AB Agarkar,1,0,,,,,,"",""
ball,2,1.7,Bangladesh,Shahriar Nafees,Tamim Iqbal,AB Agarkar,0,0,,,,,,"",""
ball,2,2.1,Bangladesh,Tamim Iqbal,Shahriar Nafees,Z Khan,0,0,,,,,,"",""
ball,2,2.2,Bangladesh,Tamim Iqbal,Shahriar Nafees,Z Khan,1,0,,,,,,"",""
ball,2,2.3,Bangladesh,Shahriar Nafees,Tamim Iqbal,Z Khan,0,0,,,,,,"",""
ball,2,2.4,Bangladesh,Shahriar Nafees,Tamim Iqbal,Z Khan,0,1,1,,,,,"",""
ball,2,2.5,Bangladesh,Shahriar Nafees,Tamim Iqbal,Z Khan,0,0,,,,,,"",""
ball,2,2.6,Bangladesh,Shahriar Nafees,Tamim Iqbal,Z Khan,1,1,,1,,,,"",""
ball,2,2.7,Bangladesh,Tamim Iqbal,Shahriar Nafees,Z Khan,2,0,,,,,,"",""
ball,2,2.8,Bangladesh,Tamim Iqbal,Shahriar Nafees,Z Khan,1,0,,,,,,"",""
ball,2,3.1,Bangladesh,Tamim Iqbal,Shahriar Nafees,AB Agarkar,0,0,,,,,,"",""
ball,2,3.2,Bangladesh,Tamim Iqbal,Shahriar Nafees,AB Agarkar,0,0,,,,,,"",""
ball,2,3.3,Bangladesh,Tamim Iqbal,Shahriar Nafees,AB Agarkar,4,0,,,,,,"",""
ball,2,3.4,Bangladesh,Tamim Iqbal,Shahriar Nafees,AB Agarkar,1,0,,,,,,"",""
ball,2,3.5,Bangladesh,Shahriar Nafees,Tamim Iqbal,AB Agarkar,1,0,,,,,,"",""
ball,2,3.6,Bangladesh,Tamim Iqbal,Shahriar Nafees,AB Agarkar,0,0,,,,,,"",""
ball,2,4.1,Bangladesh,Shahriar Nafees,Tamim Iqbal,Z Khan,0,0,,,,,,"",""
ball,2,4.2,Bangladesh,Shahriar Nafees,Tamim Iqbal,Z Khan,0,0,,,,,,lbw,Shahriar Nafees
ball,2,4.3,Bangladesh,Mushfiqur Rahim,Tamim Iqbal,Z Khan,0,0,,,,,,"",""
ball,2,4.4,Bangladesh,Mushfiqur Rahim,Tamim Iqbal,Z Khan,0,0,,,,,,"",""
ball,2,4.5,Bangladesh,Mushfiqur Rahim,Tamim Iqbal,Z Khan,0,0,,,,,,"",""
ball,2,4.6,Bangladesh,Mushfiqur Rahim,Tamim Iqbal,Z Khan,0,0,,,,,,"",""
ball,2,5.1,Bangladesh,Tamim Iqbal,Mushfiqur Rahim,AB Agarkar,0,0,,,,,,"",""
ball,2,5.2,Bangladesh,Tamim Iqbal,Mushfiqur Rahim,AB Agarkar,0,0,,,,,,"",""
ball,2,5.3,Bangladesh,Tamim Iqbal,Mushfiqur Rahim,AB Agarkar,0,0,,,,,,"",""
ball,2,5.4,Bangladesh,Tamim Iqbal,Mushfiqur Rahim,AB Agarkar,1,0,,,,,,"",""
ball,2,5.5,Bangladesh,Mushfiqur Rahim,Tamim Iqbal,AB Agarkar,2,0,,,,,,"",""
ball,2,5.6,Bangladesh,Mushfiqur Rahim,Tamim Iqbal,AB Agarkar,0,0,,,,,,"",""
ball,2,6.1,Bangladesh,Tamim Iqbal,Mushfiqur Rahim,Z Khan,0,0,,,,,,"",""
ball,2,6.2,Bangladesh,Tamim Iqbal,Mushfiqur Rahim,Z Khan,0,0,,,,,,"",""
ball,2,6.3,Bangladesh,Tamim Iqbal,Mushfiqur Rahim,Z Khan,0,0,,,,,,"",""
ball,2,6.4,Bangladesh,Tamim Iqbal,Mushfiqur Rahim,Z Khan,0,0,,,,,,"",""
ball,2,6.5,Bangladesh,Tamim Iqbal,Mushfiqur Rahim,Z Khan,4,0,,,,,,"",""
ball,2,6.6,Bangladesh,Tamim Iqbal,Mushfiqur Rahim,Z Khan,4,0,,,,,,"",""
ball,2,7.1,Bangladesh,Mushfiqur Rahim,Tamim Iqbal,MM Patel,0,0,,,,,,"",""
ball,2,7.2,Bangladesh,Mushfiqur Rahim,Tamim Iqbal,MM Patel,0,0,,,,,,"",""
ball,2,7.3,Bangladesh,Mushfiqur Rahim,Tamim Iqbal,MM Patel,0,0,,,,,,"",""
ball,2,7.4,Bangladesh,Mushfiqur Rahim,Tamim Iqbal,MM Patel,0,0,,,,,,"",""
ball,2,7.5,Bangladesh,Mushfiqur Rahim,Tamim Iqbal,MM Patel,0,0,,,,,,"",""
ball,2,7.6,Bangladesh,Mushfiqur Rahim,Tamim Iqbal,MM Patel,0,0,,,,,,"",""
ball,2,8.1,Bangladesh,Tamim Iqbal,Mushfiqur Rahim,Z Khan,0,0,,,,,,"",""
ball,2,8.2,Bangladesh,Tamim Iqbal,Mushfiqur Rahim,Z Khan,0,0,,,,,,"",""
ball,2,8.3,Bangladesh,Tamim Iqbal,Mushfiqur Rahim,Z Khan,1,0,,,,,,"",""
ball,2,8.4,Bangladesh,Mushfiqur Rahim,Tamim Iqbal,Z Khan,1,0,,,,,,"",""
ball,2,8.5,Bangladesh,Tamim Iqbal,Mushfiqur Rahim,Z Khan,0,0,,,,,,"",""
ball,2,8.6,Bangladesh,Tamim Iqbal,Mushfiqur Rahim,Z Khan,1,0,,,,,,"",""
ball,2,9.1,Bangladesh,Tamim Iqbal,Mushfiqur Rahim,MM Patel,0,0,,,,,,"",""
ball,2,9.2,Bangladesh,Tamim Iqbal,Mushfiqur Rahim,MM Patel,0,1,1,,,,,"",""
ball,2,9.3,Bangladesh,Tamim Iqbal,Mushfiqur Rahim,MM Patel,0,0,,,,,,"",""
ball,2,9.4,Bangladesh,Tamim Iqbal,Mushfiqur Rahim,MM Patel,0,0,,,,,,"",""
ball,2,9.5,Bangladesh,Tamim Iqbal,Mushfiqur Rahim,MM Patel,0,0,,,,,,"",""
ball,2,9.6,Bangladesh,Tamim Iqbal,Mushfiqur Rahim,MM Patel,0,0,,,,,,"",""
ball,2,9.7,Bangladesh,Tamim Iqbal,Mushfiqur Rahim,MM Patel,6,0,,,,,,"",""
ball,2,10.1,Bangladesh,Mushfiqur Rahim,Tamim Iqbal,Z Khan,1,0,,,,,,"",""
ball,2,10.2,Bangladesh,Tamim Iqbal,Mushfiqur Rahim,Z Khan,4,0,,,,,,"",""
ball,2,10.3,Bangladesh,Tamim Iqbal,Mushfiqur Rahim,Z Khan,4,0,,,,,,"",""
ball,2,10.4,Bangladesh,Tamim Iqbal,Mushfiqur Rahim,Z Khan,0,0,,,,,,"",""
ball,2,10.5,Bangladesh,Tamim Iqbal,Mushfiqur Rahim,Z Khan,6,0,,,,,,"",""
ball,2,10.6,Bangladesh,Tamim Iqbal,Mushfiqur Rahim,Z Khan,0,0,,,,,,"",""
ball,2,11.1,Bangladesh,Mushfiqur Rahim,Tamim Iqbal,MM Patel,1,0,,,,,,"",""
ball,2,11.2,Bangladesh,Tamim Iqbal,Mushfiqur Rahim,MM Patel,0,0,,,,,,"",""
ball,2,11.3,Bangladesh,Tamim Iqbal,Mushfiqur Rahim,MM Patel,4,0,,,,,,"",""
ball,2,11.4,Bangladesh,Tamim Iqbal,Mushfiqur Rahim,MM Patel,0,0,,,,,,"",""
ball,2,11.5,Bangladesh,Tamim Iqbal,Mushfiqur Rahim,MM Patel,0,0,,,,,,"",""
ball,2,11.6,Bangladesh,Tamim Iqbal,Mushfiqur Rahim,MM Patel,2,0,,,,,,"",""
ball,2,12.1,Bangladesh,Mushfiqur Rahim,Tamim Iqbal,Harbhajan Singh,0,0,,,,,,"",""
ball,2,12.2,Bangladesh,Mushfiqur Rahim,Tamim Iqbal,Harbhajan Singh,2,0,,,,,,"",""
ball,2,12.3,Bangladesh,Mushfiqur Rahim,Tamim Iqbal,Harbhajan Singh,0,0,,,,,,"",""
ball,2,12.4,Bangladesh,Mushfiqur Rahim,Tamim Iqbal,Harbhajan Singh,0,0,,,,,,"",""
ball,2,12.5,Bangladesh,Mushfiqur Rahim,Tamim Iqbal,Harbhajan Singh,0,0,,,,,,"",""
ball,2,12.6,Bangladesh,Mushfiqur Rahim,Tamim Iqbal,Harbhajan Singh,0,0,,,,,,"",""
ball,2,13.1,Bangladesh,Tamim Iqbal,Mushfiqur Rahim,MM Patel,0,0,,,,,,"",""
ball,2,13.2,Bangladesh,Tamim Iqbal,Mushfiqur Rahim,MM Patel,0,0,,,,,,caught,Tamim Iqbal
ball,2,13.3,Bangladesh,Aftab Ahmed,Mushfiqur Rahim,MM Patel,1,0,,,,,,"",""
ball,2,13.4,Bangladesh,Mushfiqur Rahim,Aftab Ahmed,MM Patel,1,0,,,,,,"",""
ball,2,13.5,Bangladesh,Aftab Ahmed,Mushfiqur Rahim,MM Patel,1,0,,,,,,"",""
ball,2,13.6,Bangladesh,Mushfiqur Rahim,Aftab Ahmed,MM Patel,0,0,,,,,,"",""
ball,2,14.1,Bangladesh,Aftab Ahmed,Mushfiqur Rahim,Harbhajan Singh,2,0,,,,,,"",""
ball,2,14.2,Bangladesh,Aftab Ahmed,Mushfiqur Rahim,Harbhajan Singh,0,0,,,,,,"",""
ball,2,14.3,Bangladesh,Aftab Ahmed,Mushfiqur Rahim,Harbhajan Singh,0,0,,,,,,"",""
ball,2,14.4,Bangladesh,Aftab Ahmed,Mushfiqur Rahim,Harbhajan Singh,0,0,,,,,,"",""
ball,2,14.5,Bangladesh,Aftab Ahmed,Mushfiqur Rahim,Harbhajan Singh,0,0,,,,,,"",""
ball,2,14.6,Bangladesh,Aftab Ahmed,Mushfiqur Rahim,Harbhajan Singh,0,0,,,,,,"",""
ball,2,15.1,Bangladesh,Mushfiqur Rahim,Aftab Ahmed,MM Patel,0,0,,,,,,"",""
ball,2,15.2,Bangladesh,Mushfiqur Rahim,Aftab Ahmed,MM Patel,0,0,,,,,,"",""
ball,2,15.3,Bangladesh,Mushfiqur Rahim,Aftab Ahmed,MM Patel,0,0,,,,,,"",""
ball,2,15.4,Bangladesh,Mushfiqur Rahim,Aftab Ahmed,MM Patel,1,0,,,,,,"",""
ball,2,15.5,Bangladesh,Aftab Ahmed,Mushfiqur Rahim,MM Patel,4,0,,,,,,"",""
ball,2,15.6,Bangladesh,Aftab Ahmed,Mushfiqur Rahim,MM Patel,0,0,,,,,,lbw,Aftab Ahmed
ball,2,16.1,Bangladesh,Mushfiqur Rahim,Shakib Al Hasan,Harbhajan Singh,1,0,,,,,,"",""
ball,2,16.2,Bangladesh,Shakib Al Hasan,Mushfiqur Rahim,Harbhajan Singh,0,0,,,,,,"",""
ball,2,16.3,Bangladesh,Shakib Al Hasan,Mushfiqur Rahim,Harbhajan Singh,0,0,,,,,,"",""
ball,2,16.4,Bangladesh,Shakib Al Hasan,Mushfiqur Rahim,Harbhajan Singh,0,0,,,,,,"",""
ball,2,16.5,Bangladesh,Shakib Al Hasan,Mushfiqur Rahim,Harbhajan Singh,1,0,,,,,,"",""
ball,2,16.6,Bangladesh,Mushfiqur Rahim,Shakib Al Hasan,Harbhajan Singh,0,0,,,,,,"",""
ball,2,17.1,Bangladesh,Shakib Al Hasan,Mushfiqur Rahim,MM Patel,0,0,,,,,,"",""
ball,2,17.2,Bangladesh,Shakib Al Hasan,Mushfiqur Rahim,MM Patel,0,0,,,,,,"",""
ball,2,17.3,Bangladesh,Shakib Al Hasan,Mushfiqur Rahim,MM Patel,0,0,,,,,,"",""
ball,2,17.4,Bangladesh,Shakib Al Hasan,Mushfiqur Rahim,MM Patel,0,0,,,,,,"",""
ball,2,17.5,Bangladesh,Shakib Al Hasan,Mushfiqur Rahim,MM Patel,0,0,,,,,,"",""
ball,2,17.6,Bangladesh,Shakib Al Hasan,Mushfiqur Rahim,MM Patel,1,0,,,,,,"",""
ball,2,18.1,Bangladesh,Shakib Al Hasan,Mushfiqur Rahim,AB Agarkar,0,0,,,,,,"",""
ball,2,18.2,Bangladesh,Shakib Al Hasan,Mushfiqur Rahim,AB Agarkar,0,0,,,,,,"",""
ball,2,18.3,Bangladesh,Shakib Al Hasan,Mushfiqur Rahim,AB Agarkar,0,0,,,,,,"",""
ball,2,18.4,Bangladesh,Shakib Al Hasan,Mushfiqur Rahim,AB Agarkar,0,0,,,,,,"",""
ball,2,18.5,Bangladesh,Shakib Al Hasan,Mushfiqur Rahim,AB Agarkar,0,0,,,,,,"",""
ball,2,18.6,Bangladesh,Shakib Al Hasan,Mushfiqur Rahim,AB Agarkar,1,0,,,,,,"",""
ball,2,19.1,Bangladesh,Shakib Al Hasan,Mushfiqur Rahim,Harbhajan Singh,0,0,,,,,,"",""
ball,2,19.2,Bangladesh,Shakib Al Hasan,Mushfiqur Rahim,Harbhajan Singh,4,0,,,,,,"",""
ball,2,19.3,Bangladesh,Shakib Al Hasan,Mushfiqur Rahim,Harbhajan Singh,0,0,,,,,,"",""
ball,2,19.4,Bangladesh,Shakib Al Hasan,Mushfiqur Rahim,Harbhajan Singh,0,0,,,,,,"",""
ball,2,19.5,Bangladesh,Shakib Al Hasan,Mushfiqur Rahim,Harbhajan Singh,1,0,,,,,,"",""
ball,2,19.6,Bangladesh,Mushfiqur Rahim,Shakib Al Hasan,Harbhajan Singh,0,0,,,,,,"",""
ball,2,20.1,Bangladesh,Shakib Al Hasan,Mushfiqur Rahim,AB Agarkar,0,0,,,,,,"",""
ball,2,20.2,Bangladesh,Shakib Al Hasan,Mushfiqur Rahim,AB Agarkar,2,0,,,,,,"",""
ball,2,20.3,Bangladesh,Shakib Al Hasan,Mushfiqur Rahim,AB Agarkar,4,0,,,,,,"",""
ball,2,20.4,Bangladesh,Shakib Al Hasan,Mushfiqur Rahim,AB Agarkar,0,0,,,,,,"",""
ball,2,20.5,Bangladesh,Shakib Al Hasan,Mushfiqur Rahim,AB Agarkar,0,0,,,,,,"",""
ball,2,20.6,Bangladesh,Shakib Al Hasan,Mushfiqur Rahim,AB Agarkar,0,0,,,,,,"",""
ball,2,21.1,Bangladesh,Mushfiqur Rahim,Shakib Al Hasan,Harbhajan Singh,0,0,,,,,,"",""
ball,2,21.2,Bangladesh,Mushfiqur Rahim,Shakib Al Hasan,Harbhajan Singh,0,0,,,,,,"",""
ball,2,21.3,Bangladesh,Mushfiqur Rahim,Shakib Al Hasan,Harbhajan Singh,0,0,,,,,,"",""
ball,2,21.4,Bangladesh,Mushfiqur Rahim,Shakib Al Hasan,Harbhajan Singh,6,0,,,,,,"",""
ball,2,21.5,Bangladesh,Mushfiqur Rahim,Shakib Al Hasan,Harbhajan Singh,0,0,,,,,,"",""
ball,2,21.6,Bangladesh,Mushfiqur Rahim,Shakib Al Hasan,Harbhajan Singh,0,0,,,,,,"",""
ball,2,22.1,Bangladesh,Shakib Al Hasan,Mushfiqur Rahim,AB Agarkar,0,0,,,,,,"",""
ball,2,22.2,Bangladesh,Shakib Al Hasan,Mushfiqur Rahim,AB Agarkar,0,0,,,,,,"",""
ball,2,22.3,Bangladesh,Shakib Al Hasan,Mushfiqur Rahim,AB Agarkar,1,0,,,,,,"",""
ball,2,22.4,Bangladesh,Mushfiqur Rahim,Shakib Al Hasan,AB Agarkar,0,0,,,,,,"",""
ball,2,22.5,Bangladesh,Mushfiqur Rahim,Shakib Al Hasan,AB Agarkar,0,0,,,,,,"",""
ball,2,22.6,Bangladesh,Mushfiqur Rahim,Shakib Al Hasan,AB Agarkar,0,0,,,,,,"",""
ball,2,23.1,Bangladesh,Shakib Al Hasan,Mushfiqur Rahim,Harbhajan Singh,0,0,,,,,,"",""
ball,2,23.2,Bangladesh,Shakib Al Hasan,Mushfiqur Rahim,Harbhajan Singh,0,0,,,,,,"",""
ball,2,23.3,Bangladesh,Shakib Al Hasan,Mushfiqur Rahim,Harbhajan Singh,0,0,,,,,,"",""
ball,2,23.4,Bangladesh,Shakib Al Hasan,Mushfiqur Rahim,Harbhajan Singh,0,0,,,,,,"",""
ball,2,23.5,Bangladesh,Shakib Al Hasan,Mushfiqur Rahim,Harbhajan Singh,1,0,,,,,,"",""
ball,2,23.6,Bangladesh,Mushfiqur Rahim,Shakib Al Hasan,Harbhajan Singh,0,0,,,,,,"",""
ball,2,24.1,Bangladesh,Shakib Al Hasan,Mushfiqur Rahim,AB Agarkar,2,0,,,,,,"",""
ball,2,24.2,Bangladesh,Shakib Al Hasan,Mushfiqur Rahim,AB Agarkar,2,0,,,,,,"",""
ball,2,24.3,Bangladesh,Shakib Al Hasan,Mushfiqur Rahim,AB Agarkar,0,0,,,,,,"",""
ball,2,24.4,Bangladesh,Shakib Al Hasan,Mushfiqur Rahim,AB Agarkar,1,0,,,,,,"",""
ball,2,24.5,Bangladesh,Mushfiqur Rahim,Shakib Al Hasan,AB Agarkar,1,0,,,,,,"",""
ball,2,24.6,Bangladesh,Shakib Al Hasan,Mushfiqur Rahim,AB Agarkar,1,0,,,,,,"",""
ball,2,25.1,Bangladesh,Shakib Al Hasan,Mushfiqur Rahim,Harbhajan Singh,2,0,,,,,,"",""
ball,2,25.2,Bangladesh,Shakib Al Hasan,Mushfiqur Rahim,Harbhajan Singh,0,0,,,,,,"",""
ball,2,25.3,Bangladesh,Shakib Al Hasan,Mushfiqur Rahim,Harbhajan Singh,1,0,,,,,,"",""
ball,2,25.4,Bangladesh,Mushfiqur Rahim,Shakib Al Hasan,Harbhajan Singh,2,0,,,,,,"",""
ball,2,25.5,Bangladesh,Mushfiqur Rahim,Shakib Al Hasan,Harbhajan Singh,0,0,,,,,,"",""
ball,2,25.6,Bangladesh,Mushfiqur Rahim,Shakib Al Hasan,Harbhajan Singh,0,0,,,,,,"",""
ball,2,26.1,Bangladesh,Shakib Al Hasan,Mushfiqur Rahim,SR Tendulkar,0,0,,,,,,"",""
ball,2,26.2,Bangladesh,Shakib Al Hasan,Mushfiqur Rahim,SR Tendulkar,1,0,,,,,,"",""
ball,2,26.3,Bangladesh,Mushfiqur Rahim,Shakib Al Hasan,SR Tendulkar,0,0,,,,,,"",""
ball,2,26.4,Bangladesh,Mushfiqur Rahim,Shakib Al Hasan,SR Tendulkar,0,0,,,,,,"",""
ball,2,26.5,Bangladesh,Mushfiqur Rahim,Shakib Al Hasan,SR Tendulkar,0,0,,,,,,"",""
ball,2,26.6,Bangladesh,Mushfiqur Rahim,Shakib Al Hasan,SR Tendulkar,0,0,,,,,,"",""
ball,2,27.1,Bangladesh,Shakib Al Hasan,Mushfiqur Rahim,Z Khan,0,0,,,,,,"",""
ball,2,27.2,Bangladesh,Shakib Al Hasan,Mushfiqur Rahim,Z Khan,1,0,,,,,,"",""
ball,2,27.3,Bangladesh,Mushfiqur Rahim,Shakib Al Hasan,Z Khan,0,0,,,,,,"",""
ball,2,27.4,Bangladesh,Mushfiqur Rahim,Shakib Al Hasan,Z Khan,1,0,,,,,,"",""
ball,2,27.5,Bangladesh,Shakib Al Hasan,Mushfiqur Rahim,Z Khan,0,1,,1,,,,"",""
ball,2,27.6,Bangladesh,Shakib Al Hasan,Mushfiqur Rahim,Z Khan,0,0,,,,,,"",""
ball,2,27.7,Bangladesh,Shakib Al Hasan,Mushfiqur Rahim,Z Khan,0,0,,,,,,"",""
ball,2,28.1,Bangladesh,Mushfiqur Rahim,Shakib Al Hasan,SR Tendulkar,1,0,,,,,,"",""
ball,2,28.2,Bangladesh,Shakib Al Hasan,Mushfiqur Rahim,SR Tendulkar,0,0,,,,,,"",""
ball,2,28.3,Bangladesh,Shakib Al Hasan,Mushfiqur Rahim,SR Tendulkar,1,0,,,,,,"",""
ball,2,28.4,Bangladesh,Mushfiqur Rahim,Shakib Al Hasan,SR Tendulkar,1,0,,,,,,"",""
ball,2,28.5,Bangladesh,Shakib Al Hasan,Mushfiqur Rahim,SR Tendulkar,0,0,,,,,,"",""
ball,2,28.6,Bangladesh,Shakib Al Hasan,Mushfiqur Rahim,SR Tendulkar,1,0,,,,,,"",""
ball,2,29.1,Bangladesh,Shakib Al Hasan,Mushfiqur Rahim,Z Khan,0,0,,,,,,"",""
ball,2,29.2,Bangladesh,Shakib Al Hasan,Mushfiqur Rahim,Z Khan,0,0,,,,,,"",""
ball,2,29.3,Bangladesh,Shakib Al Hasan,Mushfiqur Rahim,Z Khan,0,0,,,,,,"",""
ball,2,29.4,Bangladesh,Shakib Al Hasan,Mushfiqur Rahim,Z Khan,0,0,,,,,,"",""
ball,2,29.5,Bangladesh,Shakib Al Hasan,Mushfiqur Rahim,Z Khan,0,0,,,,,,"",""
ball,2,29.6,Bangladesh,Shakib Al Hasan,Mushfiqur Rahim,Z Khan,0,0,,,,,,"",""
ball,2,30.1,Bangladesh,Mushfiqur Rahim,Shakib Al Hasan,SR Tendulkar,1,0,,,,,,"",""
ball,2,30.2,Bangladesh,Shakib Al Hasan,Mushfiqur Rahim,SR Tendulkar,0,0,,,,,,"",""
ball,2,30.3,Bangladesh,Shakib Al Hasan,Mushfiqur Rahim,SR Tendulkar,0,0,,,,,,"",""
ball,2,30.4,Bangladesh,Shakib Al Hasan,Mushfiqur Rahim,SR Tendulkar,1,0,,,,,,"",""
ball,2,30.5,Bangladesh,Mushfiqur Rahim,Shakib Al Hasan,SR Tendulkar,0,0,,,,,,"",""
ball,2,30.6,Bangladesh,Mushfiqur Rahim,Shakib Al Hasan,SR Tendulkar,0,1,1,,,,,"",""
ball,2,30.7,Bangladesh,Mushfiqur Rahim,Shakib Al Hasan,SR Tendulkar,0,0,,,,,,"",""
ball,2,31.1,Bangladesh,Shakib Al Hasan,Mushfiqur Rahim,MM Patel,4,0,,,,,,"",""
ball,2,31.2,Bangladesh,Shakib Al Hasan,Mushfiqur Rahim,MM Patel,4,0,,,,,,"",""
ball,2,31.3,Bangladesh,Shakib Al Hasan,Mushfiqur Rahim,MM Patel,1,0,,,,,,"",""
ball,2,31.4,Bangladesh,Mushfiqur Rahim,Shakib Al Hasan,MM Patel,0,0,,,,,,"",""
ball,2,31.5,Bangladesh,Mushfiqur Rahim,Shakib Al Hasan,MM Patel,0,0,,,,,,"",""
ball,2,31.6,Bangladesh,Mushfiqur Rahim,Shakib Al Hasan,MM Patel,0,0,,,,,,"",""
ball,2,32.1,Bangladesh,Shakib Al Hasan,Mushfiqur Rahim,Yuvraj Singh,0,0,,,,,,"",""
ball,2,32.2,Bangladesh,Shakib Al Hasan,Mushfiqur Rahim,Yuvraj Singh,0,0,,,,,,"",""
ball,2,32.3,Bangladesh,Shakib Al Hasan,Mushfiqur Rahim,Yuvraj Singh,0,0,,,,,,"",""
ball,2,32.4,Bangladesh,Shakib Al Hasan,Mushfiqur Rahim,Yuvraj Singh,1,0,,,,,,"",""
ball,2,32.5,Bangladesh,Mushfiqur Rahim,Shakib Al Hasan,Yuvraj Singh,0,0,,,,,,"",""
ball,2,32.6,Bangladesh,Mushfiqur Rahim,Shakib Al Hasan,Yuvraj Singh,0,0,,,,,,"",""
ball,2,33.1,Bangladesh,Shakib Al Hasan,Mushfiqur Rahim,MM Patel,0,0,,,,,,"",""
ball,2,33.2,Bangladesh,Shakib Al Hasan,Mushfiqur Rahim,MM Patel,1,0,,,,,,"",""
ball,2,33.3,Bangladesh,Mushfiqur Rahim,Shakib Al Hasan,MM Patel,4,0,,,,,,"",""
ball,2,33.4,Bangladesh,Mushfiqur Rahim,Shakib Al Hasan,MM Patel,0,0,,,,,,"",""
ball,2,33.5,Bangladesh,Mushfiqur Rahim,Shakib Al Hasan,MM Patel,0,0,,,,,,"",""
ball,2,33.6,Bangladesh,Mushfiqur Rahim,Shakib Al Hasan,MM Patel,1,0,,,,,,"",""
ball,2,34.1,Bangladesh,Mushfiqur Rahim,Shakib Al Hasan,Yuvraj Singh,0,0,,,,,,"",""
ball,2,34.2,Bangladesh,Mushfiqur Rahim,Shakib Al Hasan,Yuvraj Singh,1,0,,,,,,"",""
ball,2,34.3,Bangladesh,Shakib Al Hasan,Mushfiqur Rahim,Yuvraj Singh,4,0,,,,,,"",""
ball,2,34.4,Bangladesh,Shakib Al Hasan,Mushfiqur Rahim,Yuvraj Singh,0,0,,,,,,"",""
ball,2,34.5,Bangladesh,Shakib Al Hasan,Mushfiqur Rahim,Yuvraj Singh,0,0,,,,,,"",""
ball,2,34.6,Bangladesh,Shakib Al Hasan,Mushfiqur Rahim,Yuvraj Singh,0,0,,,,,,"",""
ball,2,35.1,Bangladesh,Mushfiqur Rahim,Shakib Al Hasan,Harbhajan Singh,0,0,,,,,,"",""
ball,2,35.2,Bangladesh,Mushfiqur Rahim,Shakib Al Hasan,Harbhajan Singh,0,0,,,,,,"",""
ball,2,35.3,Bangladesh,Mushfiqur Rahim,Shakib Al Hasan,Harbhajan Singh,0,0,,,,,,"",""
ball,2,35.4,Bangladesh,Mushfiqur Rahim,Shakib Al Hasan,Harbhajan Singh,0,0,,,,,,"",""
ball,2,35.5,Bangladesh,Mushfiqur Rahim,Shakib Al Hasan,Harbhajan Singh,0,0,,,,,,"",""
ball,2,35.6,Bangladesh,Mushfiqur Rahim,Shakib Al Hasan,Harbhajan Singh,0,0,,,,,,"",""
ball,2,36.1,Bangladesh,Shakib Al Hasan,Mushfiqur Rahim,Yuvraj Singh,1,0,,,,,,"",""
ball,2,36.2,Bangladesh,Mushfiqur Rahim,Shakib Al Hasan,Yuvraj Singh,6,0,,,,,,"",""
ball,2,36.3,Bangladesh,Mushfiqur Rahim,Shakib Al Hasan,Yuvraj Singh,1,0,,,,,,"",""
ball,2,36.4,Bangladesh,Shakib Al Hasan,Mushfiqur Rahim,Yuvraj Singh,1,0,,,,,,"",""
ball,2,36.5,Bangladesh,Mushfiqur Rahim,Shakib Al Hasan,Yuvraj Singh,0,0,,,,,,"",""
ball,2,36.6,Bangladesh,Mushfiqur Rahim,Shakib Al Hasan,Yuvraj Singh,0,0,,,,,,"",""
ball,2,37.1,Bangladesh,Shakib Al Hasan,Mushfiqur Rahim,Harbhajan Singh,0,0,,,,,,"",""
ball,2,37.2,Bangladesh,Shakib Al Hasan,Mushfiqur Rahim,Harbhajan Singh,0,0,,,,,,"",""
ball,2,37.3,Bangladesh,Shakib Al Hasan,Mushfiqur Rahim,Harbhajan Singh,0,0,,,,,,"",""
ball,2,37.4,Bangladesh,Shakib Al Hasan,Mushfiqur Rahim,Harbhajan Singh,6,0,,,,,,"",""
ball,2,37.5,Bangladesh,Shakib Al Hasan,Mushfiqur Rahim,Harbhajan Singh,0,0,,,,,,"",""
ball,2,37.6,Bangladesh,Shakib Al Hasan,Mushfiqur Rahim,Harbhajan Singh,0,0,,,,,,"",""
ball,2,38.1,Bangladesh,Mushfiqur Rahim,Shakib Al Hasan,V Sehwag,0,0,,,,,,"",""
ball,2,38.2,Bangladesh,Mushfiqur Rahim,Shakib Al Hasan,V Sehwag,1,0,,,,,,"",""
ball,2,38.3,Bangladesh,Shakib Al Hasan,Mushfiqur Rahim,V Sehwag,0,0,,,,,,"",""
ball,2,38.4,Bangladesh,Shakib Al Hasan,Mushfiqur Rahim,V Sehwag,0,1,1,,,,,"",""
ball,2,38.5,Bangladesh,Shakib Al Hasan,Mushfiqur Rahim,V Sehwag,0,0,,,,,,stumped,Shakib Al Hasan
ball,2,38.6,Bangladesh,Habibul Bashar,Mushfiqur Rahim,V Sehwag,0,0,,,,,,"",""
ball,2,38.7,Bangladesh,Habibul Bashar,Mushfiqur Rahim,V Sehwag,0,0,,,,,,"",""
ball,2,39.1,Bangladesh,Mushfiqur Rahim,Habibul Bashar,Harbhajan Singh,0,0,,,,,,"",""
ball,2,39.2,Bangladesh,Mushfiqur Rahim,Habibul Bashar,Harbhajan Singh,0,0,,,,,,"",""
ball,2,39.3,Bangladesh,Mushfiqur Rahim,Habibul Bashar,Harbhajan Singh,1,0,,,,,,"",""
ball,2,39.4,Bangladesh,Habibul Bashar,Mushfiqur Rahim,Harbhajan Singh,0,0,,,,,,"",""
ball,2,39.5,Bangladesh,Habibul Bashar,Mushfiqur Rahim,Harbhajan Singh,0,0,,,,,,"",""
ball,2,39.6,Bangladesh,Habibul Bashar,Mushfiqur Rahim,Harbhajan Singh,0,0,,,,,,"",""
ball,2,40.1,Bangladesh,Mushfiqur Rahim,Habibul Bashar,V Sehwag,0,0,,,,,,"",""
ball,2,40.2,Bangladesh,Mushfiqur Rahim,Habibul Bashar,V Sehwag,4,0,,,,,,"",""
ball,2,40.3,Bangladesh,Mushfiqur Rahim,Habibul Bashar,V Sehwag,0,0,,,,,,"",""
ball,2,40.4,Bangladesh,Mushfiqur Rahim,Habibul Bashar,V Sehwag,0,0,,,,,,"",""
ball,2,40.5,Bangladesh,Mushfiqur Rahim,Habibul Bashar,V Sehwag,0,0,,,,,,"",""
ball,2,40.6,Bangladesh,Mushfiqur Rahim,Habibul Bashar,V Sehwag,0,0,,,,,,"",""
ball,2,41.1,Bangladesh,Habibul Bashar,Mushfiqur Rahim,AB Agarkar,1,0,,,,,,"",""
ball,2,41.2,Bangladesh,Mushfiqur Rahim,Habibul Bashar,AB Agarkar,0,0,,,,,,"",""
ball,2,41.3,Bangladesh,Mushfiqur Rahim,Habibul Bashar,AB Agarkar,4,0,,,,,,"",""
ball,2,41.4,Bangladesh,Mushfiqur Rahim,Habibul Bashar,AB Agarkar,0,0,,,,,,"",""
ball,2,41.5,Bangladesh,Mushfiqur Rahim,Habibul Bashar,AB Agarkar,1,0,,,,,,"",""
ball,2,41.6,Bangladesh,Habibul Bashar,Mushfiqur Rahim,AB Agarkar,0,0,,,,,,"",""
ball,2,42.1,Bangladesh,Mushfiqur Rahim,Habibul Bashar,V Sehwag,1,0,,,,,,"",""
ball,2,42.2,Bangladesh,Habibul Bashar,Mushfiqur Rahim,V Sehwag,0,0,,,,,,stumped,Habibul Bashar
ball,2,42.3,Bangladesh,Mohammad Ashraful,Mushfiqur Rahim,V Sehwag,0,0,,,,,,"",""
ball,2,42.4,Bangladesh,Mohammad Ashraful,Mushfiqur Rahim,V Sehwag,0,0,,,,,,"",""
ball,2,42.5,Bangladesh,Mohammad Ashraful,Mushfiqur Rahim,V Sehwag,0,0,,,,,,"",""
ball,2,42.6,Bangladesh,Mohammad Ashraful,Mushfiqur Rahim,V Sehwag,0,0,,,,,,"",""
ball,2,43.1,Bangladesh,Mushfiqur Rahim,Mohammad Ashraful,AB Agarkar,0,0,,,,,,"",""
ball,2,43.2,Bangladesh,Mushfiqur Rahim,Mohammad Ashraful,AB Agarkar,1,0,,,,,,"",""
ball,2,43.3,Bangladesh,Mohammad Ashraful,Mushfiqur Rahim,AB Agarkar,0,0,,,,,,"",""
ball,2,43.4,Bangladesh,Mohammad Ashraful,Mushfiqur Rahim,AB Agarkar,0,0,,,,,,"",""
ball,2,43.5,Bangladesh,Mohammad Ashraful,Mushfiqur Rahim,AB Agarkar,0,1,,1,,,,"",""
ball,2,43.6,Bangladesh,Mohammad Ashraful,Mushfiqur Rahim,AB Agarkar,0,0,,,,,,"",""
ball,2,43.7,Bangladesh,Mohammad Ashraful,Mushfiqur Rahim,AB Agarkar,0,0,,,,,,"",""
ball,2,44.1,Bangladesh,Mushfiqur Rahim,Mohammad Ashraful,V Sehwag,1,0,,,,,,"",""
ball,2,44.2,Bangladesh,Mohammad Ashraful,Mushfiqur Rahim,V Sehwag,0,0,,,,,,"",""
ball,2,44.3,Bangladesh,Mohammad Ashraful,Mushfiqur Rahim,V Sehwag,4,0,,,,,,"",""
ball,2,44.4,Bangladesh,Mohammad Ashraful,Mushfiqur Rahim,V Sehwag,1,0,,,,,,"",""
ball,2,44.5,Bangladesh,Mushfiqur Rahim,Mohammad Ashraful,V Sehwag,1,0,,,,,,"",""
ball,2,44.6,Bangladesh,Mohammad Ashraful,Mushfiqur Rahim,V Sehwag,0,0,,,,,,"",""
ball,2,45.1,Bangladesh,Mushfiqur Rahim,Mohammad Ashraful,AB Agarkar,1,0,,,,,,"",""
ball,2,45.2,Bangladesh,Mohammad Ashraful,Mushfiqur Rahim,AB Agarkar,1,0,,,,,,"",""
ball,2,45.3,Bangladesh,Mushfiqur Rahim,Mohammad Ashraful,AB Agarkar,0,0,,,,,,"",""
ball,2,45.4,Bangladesh,Mushfiqur Rahim,Mohammad Ashraful,AB Agarkar,0,0,,,,,,"",""
ball,2,45.5,Bangladesh,Mushfiqur Rahim,Mohammad Ashraful,AB Agarkar,0,0,,,,,,"",""
ball,2,45.6,Bangladesh,Mushfiqur Rahim,Mohammad Ashraful,AB Agarkar,1,0,,,,,,"",""
ball,2,46.1,Bangladesh,Mushfiqur Rahim,Mohammad Ashraful,V Sehwag,1,0,,,,,,"",""
ball,2,46.2,Bangladesh,Mohammad Ashraful,Mushfiqur Rahim,V Sehwag,0,0,,,,,,"",""
ball,2,46.3,Bangladesh,Mohammad Ashraful,Mushfiqur Rahim,V Sehwag,0,0,,,,,,"",""
ball,2,46.4,Bangladesh,Mohammad Ashraful,Mushfiqur Rahim,V Sehwag,2,0,,,,,,"",""
ball,2,46.5,Bangladesh,Mohammad Ashraful,Mushfiqur Rahim,V Sehwag,0,0,,,,,,"",""
ball,2,46.6,Bangladesh,Mohammad Ashraful,Mushfiqur Rahim,V Sehwag,0,0,,,,,,"",""
ball,2,47.1,Bangladesh,Mushfiqur Rahim,Mohammad Ashraful,Z Khan,0,0,,,,,,"",""
ball,2,47.2,Bangladesh,Mushfiqur Rahim,Mohammad Ashraful,Z Khan,1,0,,,,,,"",""
ball,2,47.3,Bangladesh,Mohammad Ashraful,Mushfiqur Rahim,Z Khan,0,0,,,,,,"",""
ball,2,47.4,Bangladesh,Mohammad Ashraful,Mushfiqur Rahim,Z Khan,0,0,,,,,,"",""
ball,2,47.5,Bangladesh,Mohammad Ashraful,Mushfiqur Rahim,Z Khan,0,0,,,,,,"",""
ball,2,47.6,Bangladesh,Mohammad Ashraful,Mushfiqur Rahim,Z Khan,0,0,,,,,,"",""
ball,2,48.1,Bangladesh,Mushfiqur Rahim,Mohammad Ashraful,MM Patel,0,0,,,,,,"",""
ball,2,48.2,Bangladesh,Mushfiqur Rahim,Mohammad Ashraful,MM Patel,0,0,,,,,,"",""
ball,2,48.3,Bangladesh,Mushfiqur Rahim,Mohammad Ashraful,MM Patel,1,0,,,,,,"",""
