version,1.6.0
info,balls_per_over,6
info,team,Pakistan
info,team,Zimbabwe
info,gender,male
info,season,2006/07
info,date,2007/03/21
info,event,ICC World Cup
info,match_number,17
info,venue,"Sabina Park, Kingston"
info,city,Jamaica
info,neutralvenue,true
info,toss_winner,Zimbabwe
info,toss_decision,field
info,player_of_match,Imran Nazir
info,umpire,BG Jerling
info,umpire,SJA Taufel
info,reserve_umpire,BF Bowden
info,tv_umpire,IJ Gould
info,match_referee,BC Broad
info,winner,Pakistan
info,winner_runs,93
info,method,D/L
info,player,Pakistan,Kamran Akmal
info,player,Pakistan,Imran Nazir
info,player,Pakistan,Shoaib Malik
info,player,Pakistan,Inzamam-ul-Haq
info,player,Pakistan,Mohammad Yousuf
info,player,Pakistan,Younis Khan
info,player,Pakistan,Shahid Afridi
info,player,Pakistan,Mohammad Sami
info,player,Pakistan,Iftikhar Anjum
info,player,Pakistan,Umar Gul
info,player,Pakistan,Danish Kaneria
info,player,Zimbabwe,V Sibanda
info,player,Zimbabwe,CJ Chibhabha
info,player,Zimbabwe,F Kasteni
info,player,Zimbabwe,BRM Taylor
info,player,Zimbabwe,S Matsikenyeri
info,player,Zimbabwe,E Chigumbura
info,player,Zimbabwe,SC Williams
info,player,Zimbabwe,GB Brent
info,player,Zimbabwe,P Utseya
info,player,Zimbabwe,T Mupariwa
info,player,Zimbabwe,CB Mpofu
info,registry,people,BC Broad,d6a7dd38
info,registry,people,BF Bowden,efc0a862
info,registry,people,BG Jerling,26457e41
info,registry,people,BRM Taylor,53597be1
info,registry,people,CB Mpofu,49691d7a
info,registry,people,CJ Chibhabha,f32dbc84
info,registry,people,Danish Kaneria,0be1b885
info,registry,people,E Chigumbura,d2babdd5
info,registry,people,F Kasteni,1530a7e9
info,registry,people,GB Brent,da785bf8
info,registry,people,IJ Gould,a9dfdf6c
info,registry,people,Iftikhar Anjum,6adf9347
info,registry,people,Imran Nazir,3eb7c45d
info,registry,people,Inzamam-ul-Haq,b9a3d8c6
info,registry,people,Kamran Akmal,ff077124
info,registry,people,Mohammad Sami,68ddabdb
info,registry,people,Mohammad Yousuf,e237b28c
info,registry,people,P Utseya,9de271ef
info,registry,people,S Matsikenyeri,e7ba1233
info,registry,people,SC Williams,afe57f7a
info,registry,people,SJA Taufel,4b43d5ac
info,registry,people,Shahid Afridi,0dc00542
info,registry,people,Shoaib Malik,64c34cd0
info,registry,people,T Mupariwa,21bf71ab
info,registry,people,Umar Gul,16dfcc19
info,registry,people,V Sibanda,0fdabe05
info,registry,people,Younis Khan,33cb3411
ball,1,0.1,Pakistan,Kamran Akmal,Imran Nazir,CB Mpofu,0,0,,,,,,"",""
ball,1,0.2,Pakistan,Kamran Akmal,Imran Nazir,CB Mpofu,0,0,,,,,,"",""
ball,1,0.3,Pakistan,Kamran Akmal,Imran Nazir,CB Mpofu,0,0,,,,,,"",""
ball,1,0.4,Pakistan,Kamran Akmal,Imran Nazir,CB Mpofu,0,0,,,,,,"",""
ball,1,0.5,Pakistan,Kamran Akmal,Imran Nazir,CB Mpofu,0,0,,,,,,"",""
ball,1,0.6,Pakistan,Kamran Akmal,Imran Nazir,CB Mpofu,0,0,,,,,,"",""
ball,1,1.1,Pakistan,Imran Nazir,Kamran Akmal,T Mupariwa,0,0,,,,,,"",""
ball,1,1.2,Pakistan,Imran Nazir,Kamran Akmal,T Mupariwa,1,0,,,,,,"",""
ball,1,1.3,Pakistan,Kamran Akmal,Imran Nazir,T Mupariwa,1,0,,,,,,"",""
ball,1,1.4,Pakistan,Imran Nazir,Kamran Akmal,T Mupariwa,0,0,,,,,,"",""
ball,1,1.5,Pakistan,Imran Nazir,Kamran Akmal,T Mupariwa,0,0,,,,,,"",""
ball,1,1.6,Pakistan,Imran Nazir,Kamran Akmal,T Mupariwa,0,0,,,,,,"",""
ball,1,2.1,Pakistan,Kamran Akmal,Imran Nazir,CB Mpofu,2,0,,,,,,"",""
ball,1,2.2,Pakistan,Kamran Akmal,Imran Nazir,CB Mpofu,0,1,1,,,,,"",""
ball,1,2.3,Pakistan,Kamran Akmal,Imran Nazir,CB Mpofu,1,0,,,,,,"",""
ball,1,2.4,Pakistan,Imran Nazir,Kamran Akmal,CB Mpofu,0,0,,,,,,"",""
ball,1,2.5,Pakistan,Imran Nazir,Kamran Akmal,CB Mpofu,4,0,,,,,,"",""
ball,1,2.6,Pakistan,Imran Nazir,Kamran Akmal,CB Mpofu,2,0,,,,,,"",""
ball,1,2.7,Pakistan,Imran Nazir,Kamran Akmal,CB Mpofu,4,0,,,,,,"",""
ball,1,3.1,Pakistan,Kamran Akmal,Imran Nazir,T Mupariwa,1,0,,,,,,"",""
ball,1,3.2,Pakistan,Imran Nazir,Kamran Akmal,T Mupariwa,0,0,,,,,,"",""
ball,1,3.3,Pakistan,Imran Nazir,Kamran Akmal,T Mupariwa,1,0,,,,,,"",""
ball,1,3.4,Pakistan,Kamran Akmal,Imran Nazir,T Mupariwa,1,0,,,,,,"",""
ball,1,3.5,Pakistan,Imran Nazir,Kamran Akmal,T Mupariwa,0,0,,,,,,"",""
ball,1,3.6,Pakistan,Imran Nazir,Kamran Akmal,T Mupariwa,0,0,,,,,,"",""
ball,1,4.1,Pakistan,Kamran Akmal,Imran Nazir,E Chigumbura,0,0,,,,,,"",""
ball,1,4.2,Pakistan,Kamran Akmal,Imran Nazir,E Chigumbura,4,1,,1,,,,"",""
ball,1,4.3,Pakistan,Kamran Akmal,Imran Nazir,E Chigumbura,0,0,,,,,,"",""
ball,1,4.4,Pakistan,Kamran Akmal,Imran Nazir,E Chigumbura,0,0,,,,,,"",""
ball,1,4.5,Pakistan,Kamran Akmal,Imran Nazir,E Chigumbura,0,0,,,,,,"",""
ball,1,4.6,Pakistan,Kamran Akmal,Imran Nazir,E Chigumbura,0,0,,,,,,"",""
ball,1,4.7,Pakistan,Kamran Akmal,Imran Nazir,E Chigumbura,1,0,,,,,,"",""
ball,1,5.1,Pakistan,Kamran Akmal,Imran Nazir,T Mupariwa,0,0,,,,,,"",""
ball,1,5.2,Pakistan,Kamran Akmal,Imran Nazir,T Mupariwa,0,0,,,,,,"",""
ball,1,5.3,Pakistan,Kamran Akmal,Imran Nazir,T Mupariwa,4,0,,,,,,"",""
ball,1,5.4,Pakistan,Kamran Akmal,Imran Nazir,T Mupariwa,0,1,1,,,,,"",""
ball,1,5.5,Pakistan,Kamran Akmal,Imran Nazir,T Mupariwa,0,0,,,,,,"",""
ball,1,5.6,Pakistan,Kamran Akmal,Imran Nazir,T Mupariwa,0,0,,,,,,"",""
ball,1,5.7,Pakistan,Kamran Akmal,Imran Nazir,T Mupariwa,0,0,,,,,,"",""
ball,1,6.1,Pakistan,Imran Nazir,Kamran Akmal,E Chigumbura,1,0,,,,,,"",""
ball,1,6.2,Pakistan,Kamran Akmal,Imran Nazir,E Chigumbura,0,0,,,,,,"",""
ball,1,6.3,Pakistan,Kamran Akmal,Imran Nazir,E Chigumbura,0,0,,,,,,caught,Kamran Akmal
ball,1,6.4,Pakistan,Shoaib Malik,Imran Nazir,E Chigumbura,0,0,,,,,,"",""
ball,1,6.5,Pakistan,Shoaib Malik,Imran Nazir,E Chigumbura,0,0,,,,,,"",""
ball,1,6.6,Pakistan,Shoaib Malik,Imran Nazir,E Chigumbura,0,0,,,,,,"",""
ball,1,7.1,Pakistan,Imran Nazir,Shoaib Malik,T Mupariwa,0,0,,,,,,"",""
ball,1,7.2,Pakistan,Imran Nazir,Shoaib Malik,T Mupariwa,0,0,,,,,,"",""
ball,1,7.3,Pakistan,Imran Nazir,Shoaib Malik,T Mupariwa,0,0,,,,,,"",""
ball,1,7.4,Pakistan,Imran Nazir,Shoaib Malik,T Mupariwa,0,0,,,,,,"",""
ball,1,7.5,Pakistan,Imran Nazir,Shoaib Malik,T Mupariwa,0,0,,,,,,"",""
ball,1,7.6,Pakistan,Imran Nazir,Shoaib Malik,T Mupariwa,0,0,,,,,,"",""
ball,1,8.1,Pakistan,Shoaib Malik,Imran Nazir,E Chigumbura,0,0,,,,,,"",""
ball,1,8.2,Pakistan,Shoaib Malik,Imran Nazir,E Chigumbura,0,0,,,,,,"",""
ball,1,8.3,Pakistan,Shoaib Malik,Imran Nazir,E Chigumbura,0,0,,,,,,"",""
ball,1,8.4,Pakistan,Shoaib Malik,Imran Nazir,E Chigumbura,0,0,,,,,,"",""
ball,1,8.5,Pakistan,Shoaib Malik,Imran Nazir,E Chigumbura,0,0,,,,,,"",""
ball,1,8.6,Pakistan,Shoaib Malik,Imran Nazir,E Chigumbura,0,0,,,,,,"",""
ball,1,9.1,Pakistan,Imran Nazir,Shoaib Malik,T Mupariwa,0,0,,,,,,"",""
ball,1,9.2,Pakistan,Imran Nazir,Shoaib Malik,T Mupariwa,0,0,,,,,,"",""
ball,1,9.3,Pakistan,Imran Nazir,Shoaib Malik,T Mupariwa,0,0,,,,,,"",""
ball,1,9.4,Pakistan,Imran Nazir,Shoaib Malik,T Mupariwa,0,0,,,,,,"",""
ball,1,9.5,Pakistan,Imran Nazir,Shoaib Malik,T Mupariwa,3,0,,,,,,"",""
ball,1,9.6,Pakistan,Shoaib Malik,Imran Nazir,T Mupariwa,0,0,,,,,,"",""
ball,1,10.1,Pakistan,Imran Nazir,Shoaib Malik,E Chigumbura,0,0,,,,,,"",""
ball,1,10.2,Pakistan,Imran Nazir,Shoaib Malik,E Chigumbura,4,0,,,,,,"",""
ball,1,10.3,Pakistan,Imran Nazir,Shoaib Malik,E Chigumbura,0,0,,,,,,"",""
ball,1,10.4,Pakistan,Imran Nazir,Shoaib Malik,E Chigumbura,4,0,,,,,,"",""
ball,1,10.5,Pakistan,Imran Nazir,Shoaib Malik,E Chigumbura,1,0,,,,,,"",""
ball,1,10.6,Pakistan,Shoaib Malik,Imran Nazir,E Chigumbura,0,0,,,,,,"",""
ball,1,11.1,Pakistan,Imran Nazir,Shoaib Malik,GB Brent,0,0,,,,,,"",""
ball,1,11.2,Pakistan,Imran Nazir,Shoaib Malik,GB Brent,0,0,,,,,,"",""
ball,1,11.3,Pakistan,Imran Nazir,Shoaib Malik,GB Brent,6,0,,,,,,"",""
ball,1,11.4,Pakistan,Imran Nazir,Shoaib Malik,GB Brent,0,0,,,,,,"",""
ball,1,11.5,Pakistan,Imran Nazir,Shoaib Malik,GB Brent,0,0,,,,,,"",""
ball,1,11.6,Pakistan,Imran Nazir,Shoaib Malik,GB Brent,0,0,,,,,,"",""
ball,1,12.1,Pakistan,Shoaib Malik,Imran Nazir,CB Mpofu,0,0,,,,,,"",""
ball,1,12.2,Pakistan,Shoaib Malik,Imran Nazir,CB Mpofu,2,0,,,,,,"",""
ball,1,12.3,Pakistan,Shoaib Malik,Imran Nazir,CB Mpofu,0,0,,,,,,"",""
ball,1,12.4,Pakistan,Shoaib Malik,Imran Nazir,CB Mpofu,0,0,,,,,,"",""
ball,1,12.5,Pakistan,Shoaib Malik,Imran Nazir,CB Mpofu,2,0,,,,,,"",""
ball,1,12.6,Pakistan,Shoaib Malik,Imran Nazir,CB Mpofu,0,0,,,,,,"",""
ball,1,13.1,Pakistan,Imran Nazir,Shoaib Malik,GB Brent,0,5,5,,,,,"",""
ball,1,13.2,Pakistan,Imran Nazir,Shoaib Malik,GB Brent,1,0,,,,,,"",""
ball,1,13.3,Pakistan,Shoaib Malik,Imran Nazir,GB Brent,0,0,,,,,,"",""
ball,1,13.4,Pakistan,Shoaib Malik,Imran Nazir,GB Brent,2,0,,,,,,"",""
ball,1,13.5,Pakistan,Shoaib Malik,Imran Nazir,GB Brent,6,0,,,,,,"",""
ball,1,13.6,Pakistan,Shoaib Malik,Imran Nazir,GB Brent,0,0,,,,,,"",""
ball,1,13.7,Pakistan,Shoaib Malik,Imran Nazir,GB Brent,0,0,,,,,,"",""
ball,1,14.1,Pakistan,Imran Nazir,Shoaib Malik,CB Mpofu,0,0,,,,,,"",""
ball,1,14.2,Pakistan,Imran Nazir,Shoaib Malik,CB Mpofu,1,0,,,,,,"",""
ball,1,14.3,Pakistan,Shoaib Malik,Imran Nazir,CB Mpofu,0,0,,,,,,"",""
ball,1,14.4,Pakistan,Shoaib Malik,Imran Nazir,CB Mpofu,4,0,,,,,,"",""
ball,1,14.5,Pakistan,Shoaib Malik,Imran Nazir,CB Mpofu,0,0,,,,,,"",""
ball,1,14.6,Pakistan,Shoaib Malik,Imran Nazir,CB Mpofu,0,0,,,,,,"",""
ball,1,15.1,Pakistan,Imran Nazir,Shoaib Malik,GB Brent,1,0,,,,,,"",""
ball,1,15.2,Pakistan,Shoaib Malik,Imran Nazir,GB Brent,1,0,,,,,,"",""
ball,1,15.3,Pakistan,Imran Nazir,Shoaib Malik,GB Brent,2,0,,,,,,"",""
ball,1,15.4,Pakistan,Imran Nazir,Shoaib Malik,GB Brent,0,0,,,,,,"",""
ball,1,15.5,Pakistan,Imran Nazir,Shoaib Malik,GB Brent,0,1,1,,,,,"",""
ball,1,15.6,Pakistan,Imran Nazir,Shoaib Malik,GB Brent,1,0,,,,,,"",""
ball,1,15.7,Pakistan,Shoaib Malik,Imran Nazir,GB Brent,0,0,,,,,,"",""
ball,1,16.1,Pakistan,Imran Nazir,Shoaib Malik,CB Mpofu,0,0,,,,,,"",""
ball,1,16.2,Pakistan,Imran Nazir,Shoaib Malik,CB Mpofu,0,0,,,,,,"",""
ball,1,16.3,Pakistan,Imran Nazir,Shoaib Malik,CB Mpofu,1,0,,,,,,"",""
ball,1,16.4,Pakistan,Shoaib Malik,Imran Nazir,CB Mpofu,0,0,,,,,,"",""
ball,1,16.5,Pakistan,Shoaib Malik,Imran Nazir,CB Mpofu,0,0,,,,,,"",""
ball,1,16.6,Pakistan,Shoaib Malik,Imran Nazir,CB Mpofu,4,0,,,,,,"",""
ball,1,17.1,Pakistan,Imran Nazir,Shoaib Malik,SC Williams,0,0,,,,,,"",""
ball,1,17.2,Pakistan,Imran Nazir,Shoaib Malik,SC Williams,4,0,,,,,,"",""
ball,1,17.3,Pakistan,Imran Nazir,Shoaib Malik,SC Williams,1,0,,,,,,"",""
ball,1,17.4,Pakistan,Shoaib Malik,Imran Nazir,SC Williams,0,0,,,,,,caught,Shoaib Malik
ball,1,17.5,Pakistan,Inzamam-ul-Haq,Imran Nazir,SC Williams,0,0,,,,,,"",""
ball,1,17.6,Pakistan,Inzamam-ul-Haq,Imran Nazir,SC Williams,0,0,,,,,,"",""
ball,1,18.1,Pakistan,Imran Nazir,Inzamam-ul-Haq,E Chigumbura,1,0,,,,,,"",""
ball,1,18.2,Pakistan,Inzamam-ul-Haq,Imran Nazir,E Chigumbura,0,0,,,,,,"",""
ball,1,18.3,Pakistan,Inzamam-ul-Haq,Imran Nazir,E Chigumbura,2,0,,,,,,"",""
ball,1,18.4,Pakistan,Inzamam-ul-Haq,Imran Nazir,E Chigumbura,1,0,,,,,,"",""
ball,1,18.5,Pakistan,Imran Nazir,Inzamam-ul-Haq,E Chigumbura,0,0,,,,,,"",""
ball,1,18.6,Pakistan,Imran Nazir,Inzamam-ul-Haq,E Chigumbura,4,0,,,,,,"",""
ball,1,19.1,Pakistan,Inzamam-ul-Haq,Imran Nazir,SC Williams,0,0,,,,,,"",""
ball,1,19.2,Pakistan,Inzamam-ul-Haq,Imran Nazir,SC Williams,1,0,,,,,,"",""
ball,1,19.3,Pakistan,Imran Nazir,Inzamam-ul-Haq,SC Williams,0,0,,,,,,"",""
ball,1,19.4,Pakistan,Imran Nazir,Inzamam-ul-Haq,SC Williams,0,0,,,,,,"",""
ball,1,19.5,Pakistan,Imran Nazir,Inzamam-ul-Haq,SC Williams,1,0,,,,,,"",""
ball,1,19.6,Pakistan,Inzamam-ul-Haq,Imran Nazir,SC Williams,0,0,,,,,,"",""
ball,1,20.1,Pakistan,Imran Nazir,Inzamam-ul-Haq,P Utseya,0,0,,,,,,"",""
ball,1,20.2,Pakistan,Imran Nazir,Inzamam-ul-Haq,P Utseya,1,0,,,,,,"",""
ball,1,20.3,Pakistan,Inzamam-ul-Haq,Imran Nazir,P Utseya,0,0,,,,,,"",""
ball,1,20.4,Pakistan,Inzamam-ul-Haq,Imran Nazir,P Utseya,6,0,,,,,,"",""
ball,1,20.5,Pakistan,Inzamam-ul-Haq,Imran Nazir,P Utseya,1,0,,,,,,"",""
ball,1,20.6,Pakistan,Imran Nazir,Inzamam-ul-Haq,P Utseya,0,0,,,,,,"",""
ball,1,21.1,Pakistan,Inzamam-ul-Haq,Imran Nazir,SC Williams,0,0,,,,,,"",""
ball,1,21.2,Pakistan,Inzamam-ul-Haq,Imran Nazir,SC Williams,1,0,,,,,,"",""
ball,1,21.3,Pakistan,Imran Nazir,Inzamam-ul-Haq,SC Williams,1,0,,,,,,"",""
ball,1,21.4,Pakistan,Inzamam-ul-Haq,Imran Nazir,SC Williams,6,0,,,,,,"",""
ball,1,21.5,Pakistan,Inzamam-ul-Haq,Imran Nazir,SC Williams,0,0,,,,,,"",""
ball,1,21.6,Pakistan,Inzamam-ul-Haq,Imran Nazir,SC Williams,0,1,,1,,,,"",""
ball,1,21.7,Pakistan,Inzamam-ul-Haq,Imran Nazir,SC Williams,0,0,,,,,,"",""
ball,1,22.1,Pakistan,Imran Nazir,Inzamam-ul-Haq,P Utseya,0,0,,,,,,"",""
ball,1,22.2,Pakistan,Imran Nazir,Inzamam-ul-Haq,P Utseya,0,0,,,,,,"",""
ball,1,22.3,Pakistan,Imran Nazir,Inzamam-ul-Haq,P Utseya,1,0,,,,,,"",""
ball,1,22.4,Pakistan,Inzamam-ul-Haq,Imran Nazir,P Utseya,4,0,,,,,,"",""
ball,1,22.5,Pakistan,Inzamam-ul-Haq,Imran Nazir,P Utseya,1,0,,,,,,"",""
ball,1,22.6,Pakistan,Imran Nazir,Inzamam-ul-Haq,P Utseya,1,0,,,,,,"",""
ball,1,23.1,Pakistan,Imran Nazir,Inzamam-ul-Haq,CJ Chibhabha,4,0,,,,,,"",""
ball,1,23.2,Pakistan,Imran Nazir,Inzamam-ul-Haq,CJ Chibhabha,1,0,,,,,,"",""
ball,1,23.3,Pakistan,Inzamam-ul-Haq,Imran Nazir,CJ Chibhabha,4,0,,,,,,"",""
ball,1,23.4,Pakistan,Inzamam-ul-Haq,Imran Nazir,CJ Chibhabha,1,0,,,,,,"",""
ball,1,23.5,Pakistan,Imran Nazir,Inzamam-ul-Haq,CJ Chibhabha,1,0,,,,,,"",""
ball,1,23.6,Pakistan,Inzamam-ul-Haq,Imran Nazir,CJ Chibhabha,0,1,,,,1,,"",""
ball,1,24.1,Pakistan,Inzamam-ul-Haq,Imran Nazir,P Utseya,0,0,,,,,,"",""
ball,1,24.2,Pakistan,Inzamam-ul-Haq,Imran Nazir,P Utseya,0,0,,,,,,"",""
ball,1,24.3,Pakistan,Inzamam-ul-Haq,Imran Nazir,P Utseya,0,0,,,,,,"",""
ball,1,24.4,Pakistan,Inzamam-ul-Haq,Imran Nazir,P Utseya,0,0,,,,,,"",""
ball,1,24.5,Pakistan,Inzamam-ul-Haq,Imran Nazir,P Utseya,0,1,1,,,,,"",""
ball,1,24.6,Pakistan,Inzamam-ul-Haq,Imran Nazir,P Utseya,1,0,,,,,,"",""
ball,1,24.7,Pakistan,Imran Nazir,Inzamam-ul-Haq,P Utseya,1,0,,,,,,"",""
ball,1,25.1,Pakistan,Imran Nazir,Inzamam-ul-Haq,T Mupariwa,0,0,,,,,,"",""
ball,1,25.2,Pakistan,Imran Nazir,Inzamam-ul-Haq,T Mupariwa,1,0,,,,,,"",""
ball,1,25.3,Pakistan,Inzamam-ul-Haq,Imran Nazir,T Mupariwa,6,0,,,,,,"",""
ball,1,25.4,Pakistan,Inzamam-ul-Haq,Imran Nazir,T Mupariwa,0,0,,,,,,"",""
ball,1,25.5,Pakistan,Inzamam-ul-Haq,Imran Nazir,T Mupariwa,0,0,,,,,,"",""
ball,1,25.6,Pakistan,Inzamam-ul-Haq,Imran Nazir,T Mupariwa,0,0,,,,,,"",""
ball,1,26.1,Pakistan,Imran Nazir,Inzamam-ul-Haq,P Utseya,0,0,,,,,,"",""
ball,1,26.2,Pakistan,Imran Nazir,Inzamam-ul-Haq,P Utseya,0,0,,,,,,"",""
ball,1,26.3,Pakistan,Imran Nazir,Inzamam-ul-Haq,P Utseya,6,0,,,,,,"",""
ball,1,26.4,Pakistan,Imran Nazir,Inzamam-ul-Haq,P Utseya,4,0,,,,,,"",""
ball,1,26.5,Pakistan,Imran Nazir,Inzamam-ul-Haq,P Utseya,1,0,,,,,,"",""
ball,1,26.6,Pakistan,Inzamam-ul-Haq,Imran Nazir,P Utseya,1,0,,,,,,"",""
ball,1,27.1,Pakistan,Inzamam-ul-Haq,Imran Nazir,T Mupariwa,0,0,,,,,,"",""
ball,1,27.2,Pakistan,Inzamam-ul-Haq,Imran Nazir,T Mupariwa,1,0,,,,,,"",""
ball,1,27.3,Pakistan,Imran Nazir,Inzamam-ul-Haq,T Mupariwa,1,0,,,,,,"",""
ball,1,27.4,Pakistan,Inzamam-ul-Haq,Imran Nazir,T Mupariwa,0,0,,,,,,caught,Inzamam-ul-Haq
ball,1,27.5,Pakistan,Imran Nazir,Mohammad Yousuf,T Mupariwa,1,0,,,,,,"",""
ball,1,27.6,Pakistan,Mohammad Yousuf,Imran Nazir,T Mupariwa,0,0,,,,,,"",""
ball,1,28.1,Pakistan,Imran Nazir,Mohammad Yousuf,GB Brent,0,0,,,,,,"",""
ball,1,28.2,Pakistan,Imran Nazir,Mohammad Yousuf,GB Brent,1,0,,,,,,"",""
ball,1,28.3,Pakistan,Mohammad Yousuf,Imran Nazir,GB Brent,0,0,,,,,,"",""
ball,1,28.4,Pakistan,Mohammad Yousuf,Imran Nazir,GB Brent,1,0,,,,,,"",""
ball,1,28.5,Pakistan,Imran Nazir,Mohammad Yousuf,GB Brent,1,0,,,,,,"",""
ball,1,28.6,Pakistan,Mohammad Yousuf,Imran Nazir,GB Brent,0,0,,,,,,"",""
ball,1,29.1,Pakistan,Imran Nazir,Mohammad Yousuf,T Mupariwa,0,0,,,,,,"",""
ball,1,29.2,Pakistan,Imran Nazir,Mohammad Yousuf,T Mupariwa,4,0,,,,,,"",""
ball,1,29.3,Pakistan,Imran Nazir,Mohammad Yousuf,T Mupariwa,1,0,,,,,,"",""
ball,1,29.4,Pakistan,Mohammad Yousuf,Imran Nazir,T Mupariwa,0,0,,,,,,"",""
ball,1,29.5,Pakistan,Mohammad Yousuf,Imran Nazir,T Mupariwa,0,0,,,,,,"",""
ball,1,29.6,Pakistan,Mohammad Yousuf,Imran Nazir,T Mupariwa,1,0,,,,,,"",""
ball,1,30.1,Pakistan,Mohammad Yousuf,Imran Nazir,GB Brent,0,0,,,,,,"",""
ball,1,30.2,Pakistan,Mohammad Yousuf,Imran Nazir,GB Brent,1,0,,,,,,"",""
ball,1,30.3,Pakistan,Imran Nazir,Mohammad Yousuf,GB Brent,1,0,,,,,,"",""
ball,1,30.4,Pakistan,Mohammad Yousuf,Imran Nazir,GB Brent,0,0,,,,,,caught and bowled,Mohammad Yousuf
ball,1,30.5,Pakistan,Younis Khan,Imran Nazir,GB Brent,1,0,,,,,,"",""
ball,1,30.6,Pakistan,Imran Nazir,Younis Khan,GB Brent,4,0,,,,,,"",""
ball,1,31.1,Pakistan,Younis Khan,Imran Nazir,SC Williams,1,0,,,,,,"",""
ball,1,31.2,Pakistan,Imran Nazir,Younis Khan,SC Williams,4,0,,,,,,"",""
ball,1,31.3,Pakistan,Imran Nazir,Younis Khan,SC Williams,1,0,,,,,,"",""
ball,1,31.4,Pakistan,Younis Khan,Imran Nazir,SC Williams,0,0,,,,,,"",""
ball,1,31.5,Pakistan,Younis Khan,Imran Nazir,SC Williams,0,0,,,,,,"",""
ball,1,31.6,Pakistan,Younis Khan,Imran Nazir,SC Williams,0,0,,,,,,"",""
ball,1,32.1,Pakistan,Imran Nazir,Younis Khan,GB Brent,2,0,,,,,,"",""
ball,1,32.2,Pakistan,Imran Nazir,Younis Khan,GB Brent,0,0,,,,,,"",""
ball,1,32.3,Pakistan,Imran Nazir,Younis Khan,GB Brent,1,0,,,,,,"",""
ball,1,32.4,Pakistan,Younis Khan,Imran Nazir,GB Brent,1,0,,,,,,"",""
ball,1,32.5,Pakistan,Imran Nazir,Younis Khan,GB Brent,1,0,,,,,,"",""
ball,1,32.6,Pakistan,Younis Khan,Imran Nazir,GB Brent,0,0,,,,,,"",""
ball,1,33.1,Pakistan,Imran Nazir,Younis Khan,SC Williams,1,0,,,,,,"",""
ball,1,33.2,Pakistan,Younis Khan,Imran Nazir,SC Williams,1,0,,,,,,"",""
ball,1,33.3,Pakistan,Imran Nazir,Younis Khan,SC Williams,1,0,,,,,,"",""
ball,1,33.4,Pakistan,Younis Khan,Imran Nazir,SC Williams,2,0,,,,,,"",""
ball,1,33.5,Pakistan,Younis Khan,Imran Nazir,SC Williams,0,0,,,,,,"",""
ball,1,33.6,Pakistan,Younis Khan,Imran Nazir,SC Williams,1,0,,,,,,"",""
ball,1,34.1,Pakistan,Younis Khan,Imran Nazir,GB Brent,1,0,,,,,,"",""
ball,1,34.2,Pakistan,Imran Nazir,Younis Khan,GB Brent,1,0,,,,,,"",""
ball,1,34.3,Pakistan,Younis Khan,Imran Nazir,GB Brent,0,0,,,,,,"",""
ball,1,34.4,Pakistan,Younis Khan,Imran Nazir,GB Brent,1,0,,,,,,"",""
ball,1,34.5,Pakistan,Imran Nazir,Younis Khan,GB Brent,1,0,,,,,,"",""
ball,1,34.6,Pakistan,Younis Khan,Imran Nazir,GB Brent,0,0,,,,,,"",""
ball,1,35.1,Pakistan,Imran Nazir,Younis Khan,CB Mpofu,1,0,,,,,,"",""
ball,1,35.2,Pakistan,Younis Khan,Imran Nazir,CB Mpofu,0,0,,,,,,"",""
ball,1,35.3,Pakistan,Younis Khan,Imran Nazir,CB Mpofu,0,0,,,,,,"",""
ball,1,35.4,Pakistan,Younis Khan,Imran Nazir,CB Mpofu,0,0,,,,,,"",""
ball,1,35.5,Pakistan,Younis Khan,Imran Nazir,CB Mpofu,6,0,,,,,,"",""
ball,1,35.6,Pakistan,Younis Khan,Imran Nazir,CB Mpofu,1,0,,,,,,"",""
ball,1,36.1,Pakistan,Younis Khan,Imran Nazir,P Utseya,0,0,,,,,,"",""
ball,1,36.2,Pakistan,Younis Khan,Imran Nazir,P Utseya,1,0,,,,,,"",""
ball,1,36.3,Pakistan,Imran Nazir,Younis Khan,P Utseya,0,0,,,,,,"",""
ball,1,36.4,Pakistan,Imran Nazir,Younis Khan,P Utseya,0,0,,,,,,"",""
ball,1,36.5,Pakistan,Imran Nazir,Younis Khan,P Utseya,0,0,,,,,,"",""
ball,1,36.6,Pakistan,Imran Nazir,Younis Khan,P Utseya,0,0,,,,,,"",""
ball,1,37.1,Pakistan,Younis Khan,Imran Nazir,CB Mpofu,4,0,,,,,,"",""
ball,1,37.2,Pakistan,Younis Khan,Imran Nazir,CB Mpofu,1,0,,,,,,"",""
ball,1,37.3,Pakistan,Imran Nazir,Younis Khan,CB Mpofu,6,0,,,,,,"",""
ball,1,37.4,Pakistan,Imran Nazir,Younis Khan,CB Mpofu,4,0,,,,,,"",""
ball,1,37.5,Pakistan,Imran Nazir,Younis Khan,CB Mpofu,0,1,1,,,,,"",""
ball,1,37.6,Pakistan,Imran Nazir,Younis Khan,CB Mpofu,1,0,,,,,,"",""
ball,1,37.7,Pakistan,Younis Khan,Imran Nazir,CB Mpofu,1,0,,,,,,"",""
ball,1,38.1,Pakistan,Younis Khan,Imran Nazir,P Utseya,1,0,,,,,,"",""
ball,1,38.2,Pakistan,Imran Nazir,Younis Khan,P Utseya,1,0,,,,,,"",""
ball,1,38.3,Pakistan,Younis Khan,Imran Nazir,P Utseya,1,0,,,,,,"",""
ball,1,38.4,Pakistan,Imran Nazir,Younis Khan,P Utseya,6,0,,,,,,"",""
ball,1,38.5,Pakistan,Imran Nazir,Younis Khan,P Utseya,0,0,,,,,,"",""
ball,1,38.6,Pakistan,Imran Nazir,Younis Khan,P Utseya,6,0,,,,,,"",""
ball,1,39.1,Pakistan,Younis Khan,Imran Nazir,SC Williams,1,0,,,,,,"",""
ball,1,39.2,Pakistan,Imran Nazir,Younis Khan,SC Williams,6,0,,,,,,"",""
ball,1,39.3,Pakistan,Imran Nazir,Younis Khan,SC Williams,4,0,,,,,,"",""
ball,1,39.4,Pakistan,Imran Nazir,Younis Khan,SC Williams,1,0,,,,,,"",""
ball,1,39.5,Pakistan,Younis Khan,Imran Nazir,SC Williams,0,0,,,,,,"",""
ball,1,39.6,Pakistan,Younis Khan,Imran Nazir,SC Williams,1,0,,,,,,"",""
ball,1,40.1,Pakistan,Younis Khan,Imran Nazir,T Mupariwa,1,0,,,,,,run out,Younis Khan
ball,1,40.2,Pakistan,Shahid Afridi,Imran Nazir,T Mupariwa,1,0,,,,,,"",""
ball,1,40.3,Pakistan,Imran Nazir,Shahid Afridi,T Mupariwa,6,0,,,,,,"",""
ball,1,40.4,Pakistan,Imran Nazir,Shahid Afridi,T Mupariwa,4,0,,,,,,"",""
ball,1,40.5,Pakistan,Imran Nazir,Shahid Afridi,T Mupariwa,2,0,,,,,,"",""
ball,1,40.6,Pakistan,Imran Nazir,Shahid Afridi,T Mupariwa,0,0,,,,,,"",""
ball,1,41.1,Pakistan,Shahid Afridi,Imran Nazir,GB Brent,1,0,,,,,,"",""
ball,1,41.2,Pakistan,Imran Nazir,Shahid Afridi,GB Brent,1,0,,,,,,"",""
ball,1,41.3,Pakistan,Shahid Afridi,Imran Nazir,GB Brent,1,0,,,,,,"",""
ball,1,41.4,Pakistan,Imran Nazir,Shahid Afridi,GB Brent,1,0,,,,,,"",""
ball,1,41.5,Pakistan,Shahid Afridi,Imran Nazir,GB Brent,2,0,,,,,,"",""
ball,1,41.6,Pakistan,Shahid Afridi,Imran Nazir,GB Brent,0,0,,,,,,"",""
ball,1,42.1,Pakistan,Imran Nazir,Shahid Afridi,T Mupariwa,1,0,,,,,,"",""
ball,1,42.2,Pakistan,Shahid Afridi,Imran Nazir,T Mupariwa,6,0,,,,,,"",""
ball,1,42.3,Pakistan,Shahid Afridi,Imran Nazir,T Mupariwa,0,0,,,,,,"",""
ball,1,42.4,Pakistan,Shahid Afridi,Imran Nazir,T Mupariwa,4,0,,,,,,"",""
ball,1,42.5,Pakistan,Shahid Afridi,Imran Nazir,T Mupariwa,1,0,,,,,,"",""
ball,1,42.6,Pakistan,Imran Nazir,Shahid Afridi,T Mupariwa,2,0,,,,,,"",""
ball,1,43.1,Pakistan,Shahid Afridi,Imran Nazir,GB Brent,0,0,,,,,,bowled,Shahid Afridi
ball,1,43.2,Pakistan,Mohammad Sami,Imran Nazir,GB Brent,1,0,,,,,,"",""
ball,1,43.3,Pakistan,Imran Nazir,Mohammad Sami,GB Brent,1,0,,,,,,"",""
ball,1,43.4,Pakistan,Mohammad Sami,Imran Nazir,GB Brent,1,0,,,,,,"",""
ball,1,43.5,Pakistan,Imran Nazir,Mohammad Sami,GB Brent,6,0,,,,,,"",""
ball,1,43.6,Pakistan,Imran Nazir,Mohammad Sami,GB Brent,1,0,,,,,,"",""
ball,1,44.1,Pakistan,Imran Nazir,Mohammad Sami,CB Mpofu,0,0,,,,,,caught,Imran Nazir
ball,1,44.2,Pakistan,Mohammad Sami,Iftikhar Anjum,CB Mpofu,1,0,,,,,,"",""
ball,1,44.3,Pakistan,Iftikhar Anjum,Mohammad Sami,CB Mpofu,1,0,,,,,,"",""
ball,1,44.4,Pakistan,Mohammad Sami,Iftikhar Anjum,CB Mpofu,0,0,,,,,,"",""
ball,1,44.5,Pakistan,Mohammad Sami,Iftikhar Anjum,CB Mpofu,0,0,,,,,,"",""
ball,1,44.6,Pakistan,Mohammad Sami,Iftikhar Anjum,CB Mpofu,1,0,,,,,,"",""
ball,1,45.1,Pakistan,Mohammad Sami,Iftikhar Anjum,GB Brent,0,0,,,,,,"",""
ball,1,45.2,Pakistan,Mohammad Sami,Iftikhar Anjum,GB Brent,0,1,1,,,,,"",""
ball,1,45.3,Pakistan,Mohammad Sami,Iftikhar Anjum,GB Brent,1,0,,,,,,"",""
ball,1,45.4,Pakistan,Iftikhar Anjum,Mohammad Sami,GB Brent,1,0,,,,,,"",""
ball,1,45.5,Pakistan,Mohammad Sami,Iftikhar Anjum,GB Brent,0,0,,,,,,"",""
ball,1,45.6,Pakistan,Mohammad Sami,Iftikhar Anjum,GB Brent,0,0,,,,,,caught,Mohammad Sami
ball,1,45.7,Pakistan,Umar Gul,Iftikhar Anjum,GB Brent,4,0,,,,,,"",""
ball,1,46.1,Pakistan,Iftikhar Anjum,Umar Gul,CB Mpofu,4,0,,,,,,"",""
ball,1,46.2,Pakistan,Iftikhar Anjum,Umar Gul,CB Mpofu,1,0,,,,,,"",""
ball,1,46.3,Pakistan,Umar Gul,Iftikhar Anjum,CB Mpofu,1,0,,,,,,"",""
ball,1,46.4,Pakistan,Iftikhar Anjum,Umar Gul,CB Mpofu,1,0,,,,,,"",""
ball,1,46.5,Pakistan,Umar Gul,Iftikhar Anjum,CB Mpofu,4,0,,,,,,"",""
ball,1,46.6,Pakistan,Umar Gul,Iftikhar Anjum,CB Mpofu,0,0,,,,,,"",""
ball,1,47.1,Pakistan,Iftikhar Anjum,Umar Gul,E Chigumbura,4,0,,,,,,"",""
ball,1,47.2,Pakistan,Iftikhar Anjum,Umar Gul,E Chigumbura,0,1,1,,,,,"",""
ball,1,47.3,Pakistan,Iftikhar Anjum,Umar Gul,E Chigumbura,1,0,,,,,,"",""
ball,1,47.4,Pakistan,Umar Gul,Iftikhar Anjum,E Chigumbura,1,0,,,,,,"",""
ball,1,47.5,Pakistan,Iftikhar Anjum,Umar Gul,E Chigumbura,1,0,,,,,,"",""
ball,1,47.6,Pakistan,Umar Gul,Iftikhar Anjum,E Chigumbura,0,0,,,,,,bowled,Umar Gul
ball,1,47.7,Pakistan,Danish Kaneria,Iftikhar Anjum,E Chigumbura,4,0,,,,,,"",""
ball,1,48.1,Pakistan,Iftikhar Anjum,Danish Kaneria,CB Mpofu,1,0,,,,,,"",""
ball,1,48.2,Pakistan,Danish Kaneria,Iftikhar Anjum,CB Mpofu,1,0,,,,,,"",""
ball,1,48.3,Pakistan,Iftikhar Anjum,Danish Kaneria,CB Mpofu,2,0,,,,,,"",""
ball,1,48.4,Pakistan,Iftikhar Anjum,Danish Kaneria,CB Mpofu,1,0,,,,,,"",""
ball,1,48.5,Pakistan,Danish Kaneria,Iftikhar Anjum,CB Mpofu,0,1,,,,1,,"",""
ball,1,48.6,Pakistan,Iftikhar Anjum,Danish Kaneria,CB Mpofu,1,0,,,,,,"",""
ball,1,49.1,Pakistan,Iftikhar Anjum,Danish Kaneria,E Chigumbura,1,0,,,,,,"",""
ball,1,49.2,Pakistan,Danish Kaneria,Iftikhar Anjum,E Chigumbura,1,0,,,,,,"",""
ball,1,49.3,Pakistan,Iftikhar Anjum,Danish Kaneria,E Chigumbura,6,0,,,,,,"",""
ball,1,49.4,Pakistan,Iftikhar Anjum,Danish Kaneria,E Chigumbura,6,0,,,,,,"",""
ball,1,49.5,Pakistan,Iftikhar Anjum,Danish Kaneria,E Chigumbura,0,0,,,,,,caught,Iftikhar Anjum
ball,2,0.1,Zimbabwe,V Sibanda,CJ Chibhabha,Umar Gul,0,0,,,,,,"",""
ball,2,0.2,Zimbabwe,V Sibanda,CJ Chibhabha,Umar Gul,0,0,,,,,,caught,V Sibanda
ball,2,0.3,Zimbabwe,F Kasteni,CJ Chibhabha,Umar Gul,0,0,,,,,,"",""
ball,2,0.4,Zimbabwe,F Kasteni,CJ Chibhabha,Umar Gul,0,0,,,,,,"",""
ball,2,0.5,Zimbabwe,F Kasteni,CJ Chibhabha,Umar Gul,0,0,,,,,,"",""
ball,2,0.6,Zimbabwe,F Kasteni,CJ Chibhabha,Umar Gul,0,0,,,,,,"",""
ball,2,1.1,Zimbabwe,CJ Chibhabha,F Kasteni,Mohammad Sami,1,0,,,,,,"",""
ball,2,1.2,Zimbabwe,F Kasteni,CJ Chibhabha,Mohammad Sami,0,0,,,,,,"",""
ball,2,1.3,Zimbabwe,F Kasteni,CJ Chibhabha,Mohammad Sami,0,0,,,,,,"",""
ball,2,1.4,Zimbabwe,F Kasteni,CJ Chibhabha,Mohammad Sami,0,0,,,,,,"",""
ball,2,1.5,Zimbabwe,F Kasteni,CJ Chibhabha,Mohammad Sami,0,0,,,,,,"",""
ball,2,1.6,Zimbabwe,F Kasteni,CJ Chibhabha,Mohammad Sami,0,0,,,,,,"",""
ball,2,2.1,Zimbabwe,CJ Chibhabha,F Kasteni,Umar Gul,1,0,,,,,,"",""
ball,2,2.2,Zimbabwe,F Kasteni,CJ Chibhabha,Umar Gul,0,1,,1,,,,"",""
ball,2,2.3,Zimbabwe,F Kasteni,CJ Chibhabha,Umar Gul,0,0,,,,,,"",""
ball,2,2.4,Zimbabwe,F Kasteni,CJ Chibhabha,Umar Gul,0,0,,,,,,"",""
ball,2,2.5,Zimbabwe,F Kasteni,CJ Chibhabha,Umar Gul,0,0,,,,,,"",""
ball,2,2.6,Zimbabwe,F Kasteni,CJ Chibhabha,Umar Gul,0,0,,,,,,"",""
ball,2,2.7,Zimbabwe,F Kasteni,CJ Chibhabha,Umar Gul,5,0,,,,,,"",""
ball,2,3.1,Zimbabwe,F Kasteni,CJ Chibhabha,Mohammad Sami,1,0,,,,,,"",""
ball,2,3.2,Zimbabwe,CJ Chibhabha,F Kasteni,Mohammad Sami,1,0,,,,,,"",""
ball,2,3.3,Zimbabwe,F Kasteni,CJ Chibhabha,Mohammad Sami,1,0,,,,,,"",""
ball,2,3.4,Zimbabwe,CJ Chibhabha,F Kasteni,Mohammad Sami,0,0,,,,,,"",""
ball,2,3.5,Zimbabwe,CJ Chibhabha,F Kasteni,Mohammad Sami,0,0,,,,,,"",""
ball,2,3.6,Zimbabwe,CJ Chibhabha,F Kasteni,Mohammad Sami,0,0,,,,,,"",""
ball,2,4.1,Zimbabwe,F Kasteni,CJ Chibhabha,Umar Gul,0,0,,,,,,"",""
ball,2,4.2,Zimbabwe,F Kasteni,CJ Chibhabha,Umar Gul,0,0,,,,,,"",""
ball,2,4.3,Zimbabwe,F Kasteni,CJ Chibhabha,Umar Gul,0,0,,,,,,"",""
ball,2,4.4,Zimbabwe,F Kasteni,CJ Chibhabha,Umar Gul,1,0,,,,,,"",""
ball,2,4.5,Zimbabwe,CJ Chibhabha,F Kasteni,Umar Gul,0,0,,,,,,"",""
ball,2,4.6,Zimbabwe,CJ Chibhabha,F Kasteni,Umar Gul,0,0,,,,,,caught,CJ Chibhabha
ball,2,5.1,Zimbabwe,F Kasteni,BRM Taylor,Mohammad Sami,1,0,,,,,,"",""
ball,2,5.2,Zimbabwe,BRM Taylor,F Kasteni,Mohammad Sami,1,0,,,,,,"",""
ball,2,5.3,Zimbabwe,F Kasteni,BRM Taylor,Mohammad Sami,0,0,,,,,,caught,F Kasteni
ball,2,5.4,Zimbabwe,S Matsikenyeri,BRM Taylor,Mohammad Sami,2,0,,,,,,"",""
ball,2,5.5,Zimbabwe,S Matsikenyeri,BRM Taylor,Mohammad Sami,0,0,,,,,,"",""
ball,2,5.6,Zimbabwe,S Matsikenyeri,BRM Taylor,Mohammad Sami,0,0,,,,,,"",""
ball,2,6.1,Zimbabwe,BRM Taylor,S Matsikenyeri,Umar Gul,1,0,,,,,,"",""
ball,2,6.2,Zimbabwe,S Matsikenyeri,BRM Taylor,Umar Gul,0,0,,,,,,"",""
ball,2,6.3,Zimbabwe,S Matsikenyeri,BRM Taylor,Umar Gul,0,0,,,,,,"",""
ball,2,6.4,Zimbabwe,S Matsikenyeri,BRM Taylor,Umar Gul,0,0,,,,,,"",""
ball,2,6.5,Zimbabwe,S Matsikenyeri,BRM Taylor,Umar Gul,0,0,,,,,,"",""
ball,2,6.6,Zimbabwe,S Matsikenyeri,BRM Taylor,Umar Gul,0,0,,,,,,"",""
ball,2,7.1,Zimbabwe,BRM Taylor,S Matsikenyeri,Mohammad Sami,0,0,,,,,,"",""
ball,2,7.2,Zimbabwe,BRM Taylor,S Matsikenyeri,Mohammad Sami,0,0,,,,,,"",""
ball,2,7.3,Zimbabwe,BRM Taylor,S Matsikenyeri,Mohammad Sami,2,0,,,,,,"",""
ball,2,7.4,Zimbabwe,BRM Taylor,S Matsikenyeri,Mohammad Sami,0,0,,,,,,"",""
ball,2,7.5,Zimbabwe,BRM Taylor,S Matsikenyeri,Mohammad Sami,0,0,,,,,,"",""
ball,2,7.6,Zimbabwe,BRM Taylor,S Matsikenyeri,Mohammad Sami,0,0,,,,,,"",""
ball,2,8.1,Zimbabwe,S Matsikenyeri,BRM Taylor,Umar Gul,0,0,,,,,,"",""
ball,2,8.2,Zimbabwe,S Matsikenyeri,BRM Taylor,Umar Gul,0,0,,,,,,"",""
ball,2,8.3,Zimbabwe,S Matsikenyeri,BRM Taylor,Umar Gul,0,0,,,,,,"",""
ball,2,8.4,Zimbabwe,S Matsikenyeri,BRM Taylor,Umar Gul,1,0,,,,,,"",""
ball,2,8.5,Zimbabwe,BRM Taylor,S Matsikenyeri,Umar Gul,0,0,,,,,,"",""
ball,2,8.6,Zimbabwe,BRM Taylor,S Matsikenyeri,Umar Gul,0,0,,,,,,"",""
ball,2,9.1,Zimbabwe,S Matsikenyeri,BRM Taylor,Mohammad Sami,0,0,,,,,,"",""
ball,2,9.2,Zimbabwe,S Matsikenyeri,BRM Taylor,Mohammad Sami,0,0,,,,,,"",""
ball,2,9.3,Zimbabwe,S Matsikenyeri,BRM Taylor,Mohammad Sami,0,0,,,,,,"",""
ball,2,9.4,Zimbabwe,S Matsikenyeri,BRM Taylor,Mohammad Sami,0,0,,,,,,"",""
ball,2,9.5,Zimbabwe,S Matsikenyeri,BRM Taylor,Mohammad Sami,0,1,1,,,,,"",""
ball,2,9.6,Zimbabwe,S Matsikenyeri,BRM Taylor,Mohammad Sami,4,0,,,,,,"",""
ball,2,9.7,Zimbabwe,S Matsikenyeri,BRM Taylor,Mohammad Sami,0,0,,,,,,"",""
ball,2,10.1,Zimbabwe,BRM Taylor,S Matsikenyeri,Danish Kaneria,4,0,,,,,,"",""
ball,2,10.2,Zimbabwe,BRM Taylor,S Matsikenyeri,Danish Kaneria,1,0,,,,,,"",""
ball,2,10.3,Zimbabwe,S Matsikenyeri,BRM Taylor,Danish Kaneria,3,0,,,,,,"",""
ball,2,10.4,Zimbabwe,BRM Taylor,S Matsikenyeri,Danish Kaneria,0,0,,,,,,"",""
ball,2,10.5,Zimbabwe,BRM Taylor,S Matsikenyeri,Danish Kaneria,0,0,,,,,,"",""
ball,2,10.6,Zimbabwe,BRM Taylor,S Matsikenyeri,Danish Kaneria,3,0,,,,,,"",""
ball,2,11.1,Zimbabwe,BRM Taylor,S Matsikenyeri,Shahid Afridi,1,0,,,,,,"",""
ball,2,11.2,Zimbabwe,S Matsikenyeri,BRM Taylor,Shahid Afridi,4,0,,,,,,"",""
ball,2,11.3,Zimbabwe,S Matsikenyeri,BRM Taylor,Shahid Afridi,0,0,,,,,,"",""
ball,2,11.4,Zimbabwe,S Matsikenyeri,BRM Taylor,Shahid Afridi,0,0,,,,,,"",""
ball,2,11.5,Zimbabwe,S Matsikenyeri,BRM Taylor,Shahid Afridi,0,0,,,,,,"",""
ball,2,11.6,Zimbabwe,S Matsikenyeri,BRM Taylor,Shahid Afridi,4,0,,,,,,"",""
ball,2,12.1,Zimbabwe,BRM Taylor,S Matsikenyeri,Danish Kaneria,0,0,,,,,,caught,BRM Taylor
ball,2,12.2,Zimbabwe,S Matsikenyeri,E Chigumbura,Danish Kaneria,0,0,,,,,,run out,S Matsikenyeri
ball,2,12.3,Zimbabwe,SC Williams,E Chigumbura,Danish Kaneria,1,0,,,,,,"",""
ball,2,12.4,Zimbabwe,E Chigumbura,SC Williams,Danish Kaneria,1,0,,,,,,"",""
ball,2,12.5,Zimbabwe,SC Williams,E Chigumbura,Danish Kaneria,0,0,,,,,,"",""
ball,2,12.6,Zimbabwe,SC Williams,E Chigumbura,Danish Kaneria,1,0,,,,,,"",""
ball,2,13.1,Zimbabwe,SC Williams,E Chigumbura,Shahid Afridi,1,0,,,,,,"",""
ball,2,13.2,Zimbabwe,E Chigumbura,SC Williams,Shahid Afridi,0,0,,,,,,"",""
ball,2,13.3,Zimbabwe,E Chigumbura,SC Williams,Shahid Afridi,6,0,,,,,,"",""
ball,2,13.4,Zimbabwe,E Chigumbura,SC Williams,Shahid Afridi,0,0,,,,,,"",""
ball,2,13.5,Zimbabwe,E Chigumbura,SC Williams,Shahid Afridi,1,0,,,,,,"",""
ball,2,13.6,Zimbabwe,SC Williams,E Chigumbura,Shahid Afridi,0,1,,,,1,,"",""
ball,2,14.1,Zimbabwe,SC Williams,E Chigumbura,Danish Kaneria,1,0,,,,,,"",""
ball,2,14.2,Zimbabwe,E Chigumbura,SC Williams,Danish Kaneria,6,0,,,,,,"",""
ball,2,14.3,Zimbabwe,E Chigumbura,SC Williams,Danish Kaneria,6,0,,,,,,"",""
ball,2,14.4,Zimbabwe,E Chigumbura,SC Williams,Danish Kaneria,6,0,,,,,,"",""
ball,2,14.5,Zimbabwe,E Chigumbura,SC Williams,Danish Kaneria,0,0,,,,,,"",""
ball,2,14.6,Zimbabwe,E Chigumbura,SC Williams,Danish Kaneria,1,0,,,,,,"",""
ball,2,15.1,Zimbabwe,E Chigumbura,SC Williams,Shahid Afridi,0,0,,,,,,bowled,E Chigumbura
ball,2,15.2,Zimbabwe,GB Brent,SC Williams,Shahid Afridi,0,0,,,,,,"",""
ball,2,15.3,Zimbabwe,GB Brent,SC Williams,Shahid Afridi,0,0,,,,,,"",""
ball,2,15.4,Zimbabwe,GB Brent,SC Williams,Shahid Afridi,0,0,,,,,,"",""
ball,2,15.5,Zimbabwe,GB Brent,SC Williams,Shahid Afridi,0,0,,,,,,"",""
ball,2,15.6,Zimbabwe,GB Brent,SC Williams,Shahid Afridi,2,0,,,,,,"",""
ball,2,16.1,Zimbabwe,SC Williams,GB Brent,Danish Kaneria,1,0,,,,,,"",""
ball,2,16.2,Zimbabwe,GB Brent,SC Williams,Danish Kaneria,0,0,,,,,,"",""
ball,2,16.3,Zimbabwe,GB Brent,SC Williams,Danish Kaneria,6,0,,,,,,"",""
ball,2,16.4,Zimbabwe,GB Brent,SC Williams,Danish Kaneria,1,0,,,,,,"",""
ball,2,16.5,Zimbabwe,SC Williams,GB Brent,Danish Kaneria,6,0,,,,,,"",""
ball,2,16.6,Zimbabwe,SC Williams,GB Brent,Danish Kaneria,0,0,,,,,,caught,SC Williams
ball,2,17.1,Zimbabwe,P Utseya,GB Brent,Shahid Afridi,1,0,,,,,,"",""
ball,2,17.2,Zimbabwe,GB Brent,P Utseya,Shahid Afridi,0,0,,,,,,bowled,GB Brent
ball,2,17.3,Zimbabwe,T Mupariwa,P Utseya,Shahid Afridi,0,0,,,,,,"",""
ball,2,17.4,Zimbabwe,T Mupariwa,P Utseya,Shahid Afridi,0,0,,,,,,"",""
ball,2,17.5,Zimbabwe,T Mupariwa,P Utseya,Shahid Afridi,0,0,,,,,,bowled,T Mupariwa
ball,2,17.6,Zimbabwe,CB Mpofu,P Utseya,Shahid Afridi,0,0,,,,,,"",""
ball,2,18.1,Zimbabwe,P Utseya,CB Mpofu,Younis Khan,0,1,,1,,,,"",""
ball,2,18.2,Zimbabwe,P Utseya,CB Mpofu,Younis Khan,0,0,,,,,,"",""
ball,2,18.3,Zimbabwe,P Utseya,CB Mpofu,Younis Khan,2,0,,,,,,"",""
ball,2,18.4,Zimbabwe,P Utseya,CB Mpofu,Younis Khan,1,0,,,,,,"",""
ball,2,18.5,Zimbabwe,CB Mpofu,P Utseya,Younis Khan,0,0,,,,,,"",""
ball,2,18.6,Zimbabwe,CB Mpofu,P Utseya,Younis Khan,0,0,,,,,,"",""
ball,2,18.7,Zimbabwe,CB Mpofu,P Utseya,Younis Khan,1,0,,,,,,"",""
ball,2,19.1,Zimbabwe,CB Mpofu,P Utseya,Mohammad Yousuf,0,0,,,,,,caught,CB Mpofu
