version,1.6.0
info,balls_per_over,6
info,team,England
info,team,Kenya
info,gender,male
info,season,2006/07
info,date,2007/03/24
info,event,ICC World Cup
info,match_number,23
info,venue,"Beausejour Stadium, Gros Islet"
info,city,St Lucia
info,neutralvenue,true
info,toss_winner,Kenya
info,toss_decision,bat
info,player_of_match,EC Joyce
info,umpire,RE Koertzen
info,umpire,PD Parker
info,reserve_umpire,Asad Rauf
info,tv_umpire,BR Doctrove
info,match_referee,MJ Procter
info,winner,England
info,winner_wickets,7
info,player,England,EC Joyce
info,player,England,MP Vaughan
info,player,England,IR Bell
info,player,England,KP Pietersen
info,player,England,PD Collingwood
info,player,England,A Flintoff
info,player,England,RS Bopara
info,player,England,PA Nixon
info,player,England,JM Anderson
info,player,England,MS Panesar
info,player,England,SI Mahmood
info,player,Kenya,MA Ouma
info,player,Kenya,RD Shah
info,player,Kenya,AO Suji
info,player,Kenya,SO Tikolo
info,player,Kenya,T Mishra
info,player,Kenya,CO Obuya
info,player,Kenya,TM Odoyo
info,player,Kenya,JK Kamande
info,player,Kenya,LN Onyango
info,player,Kenya,PJ Ongondo
info,player,Kenya,HA Varaiya
info,registry,people,A Flintoff,ddc0828d
info,registry,people,AO Suji,b15eaf77
info,registry,people,Asad Rauf,861606b7
info,registry,people,BR Doctrove,cbebf805
info,registry,people,CO Obuya,5680f1ad
info,registry,people,EC Joyce,a48fc79d
info,registry,people,HA Varaiya,eeeebf82
info,registry,people,IR Bell,33155d1b
info,registry,people,JK Kamande,270b3f8e
info,registry,people,JM Anderson,d12143bf
info,registry,people,KP Pietersen,39f01cdb
info,registry,people,LN Onyango,68c3f79d
info,registry,people,MA Ouma,0939c670
info,registry,people,MJ Procter,32e65048
info,registry,people,MP Vaughan,6e1b1ec0
info,registry,people,MS Panesar,5a37ec26
info,registry,people,PA Nixon,f14c62e4
info,registry,people,PD Collingwood,a386e91b
info,registry,people,PD Parker,439aa572
info,registry,people,PJ Ongondo,27cc4361
info,registry,people,RD Shah,45d4cb14
info,registry,people,RE Koertzen,0265fab2
info,registry,people,RL Bhudia,47d00fb5
info,registry,people,RS Bopara,7ca5e05d
info,registry,people,SI Mahmood,e97aefe2
info,registry,people,SO Tikolo,00d69fa4
info,registry,people,T Mishra,c9cac448
info,registry,people,TM Odoyo,2c13defe
ball,1,0.1,Kenya,MA Ouma,RD Shah,JM Anderson,0,0,,,,,,"",""
ball,1,0.2,Kenya,MA Ouma,RD Shah,JM Anderson,0,0,,,,,,"",""
ball,1,0.3,Kenya,MA Ouma,RD Shah,JM Anderson,0,0,,,,,,"",""
ball,1,0.4,Kenya,MA Ouma,RD Shah,JM Anderson,0,0,,,,,,"",""
ball,1,0.5,Kenya,MA Ouma,RD Shah,JM Anderson,0,0,,,,,,"",""
ball,1,0.6,Kenya,MA Ouma,RD Shah,JM Anderson,1,0,,,,,,"",""
ball,1,1.1,Kenya,MA Ouma,RD Shah,SI Mahmood,0,0,,,,,,"",""
ball,1,1.2,Kenya,MA Ouma,RD Shah,SI Mahmood,0,1,,1,,,,"",""
ball,1,1.3,Kenya,MA Ouma,RD Shah,SI Mahmood,0,0,,,,,,"",""
ball,1,1.4,Kenya,MA Ouma,RD Shah,SI Mahmood,0,0,,,,,,"",""
ball,1,1.5,Kenya,MA Ouma,RD Shah,SI Mahmood,0,0,,,,,,"",""
ball,1,1.6,Kenya,MA Ouma,RD Shah,SI Mahmood,0,0,,,,,,"",""
ball,1,1.7,Kenya,MA Ouma,RD Shah,SI Mahmood,0,0,,,,,,"",""
ball,1,2.1,Kenya,RD Shah,MA Ouma,JM Anderson,0,0,,,,,,"",""
ball,1,2.2,Kenya,RD Shah,MA Ouma,JM Anderson,0,0,,,,,,"",""
ball,1,2.3,Kenya,RD Shah,MA Ouma,JM Anderson,0,0,,,,,,"",""
ball,1,2.4,Kenya,RD Shah,MA Ouma,JM Anderson,1,0,,,,,,"",""
ball,1,2.5,Kenya,MA Ouma,RD Shah,JM Anderson,0,0,,,,,,"",""
ball,1,2.6,Kenya,MA Ouma,RD Shah,JM Anderson,0,0,,,,,,"",""
ball,1,3.1,Kenya,RD Shah,MA Ouma,SI Mahmood,0,1,1,,,,,"",""
ball,1,3.2,Kenya,RD Shah,MA Ouma,SI Mahmood,1,0,,,,,,"",""
ball,1,3.3,Kenya,MA Ouma,RD Shah,SI Mahmood,1,1,,1,,,,"",""
ball,1,3.4,Kenya,RD Shah,MA Ouma,SI Mahmood,0,0,,,,,,"",""
ball,1,3.5,Kenya,RD Shah,MA Ouma,SI Mahmood,0,0,,,,,,"",""
ball,1,3.6,Kenya,RD Shah,MA Ouma,SI Mahmood,2,0,,,,,,"",""
ball,1,3.7,Kenya,RD Shah,MA Ouma,SI Mahmood,0,0,,,,,,"",""
ball,1,3.8,Kenya,RD Shah,MA Ouma,SI Mahmood,0,0,,,,,,"",""
ball,1,4.1,Kenya,MA Ouma,RD Shah,JM Anderson,0,0,,,,,,"",""
ball,1,4.2,Kenya,MA Ouma,RD Shah,JM Anderson,0,0,,,,,,"",""
ball,1,4.3,Kenya,MA Ouma,RD Shah,JM Anderson,0,0,,,,,,"",""
ball,1,4.4,Kenya,MA Ouma,RD Shah,JM Anderson,1,0,,,,,,"",""
ball,1,4.5,Kenya,RD Shah,MA Ouma,JM Anderson,0,0,,,,,,bowled,RD Shah
ball,1,4.6,Kenya,AO Suji,MA Ouma,JM Anderson,0,0,,,,,,"",""
ball,1,5.1,Kenya,MA Ouma,AO Suji,A Flintoff,0,1,,,,1,,"",""
ball,1,5.2,Kenya,AO Suji,MA Ouma,A Flintoff,0,2,,2,,,,"",""
ball,1,5.3,Kenya,MA Ouma,AO Suji,A Flintoff,0,0,,,,,,"",""
ball,1,5.4,Kenya,MA Ouma,AO Suji,A Flintoff,0,1,,1,,,,"",""
ball,1,5.5,Kenya,MA Ouma,AO Suji,A Flintoff,0,0,,,,,,"",""
ball,1,5.6,Kenya,MA Ouma,AO Suji,A Flintoff,1,0,,,,,,"",""
ball,1,5.7,Kenya,AO Suji,MA Ouma,A Flintoff,0,0,,,,,,"",""
ball,1,5.8,Kenya,AO Suji,MA Ouma,A Flintoff,0,0,,,,,,"",""
ball,1,6.1,Kenya,MA Ouma,AO Suji,JM Anderson,0,0,,,,,,"",""
ball,1,6.2,Kenya,MA Ouma,AO Suji,JM Anderson,0,4,,,,4,,"",""
ball,1,6.3,Kenya,MA Ouma,AO Suji,JM Anderson,0,0,,,,,,"",""
ball,1,6.4,Kenya,MA Ouma,AO Suji,JM Anderson,4,0,,,,,,"",""
ball,1,6.5,Kenya,MA Ouma,AO Suji,JM Anderson,1,0,,,,,,"",""
ball,1,6.6,Kenya,AO Suji,MA Ouma,JM Anderson,0,0,,,,,,"",""
ball,1,7.1,Kenya,MA Ouma,AO Suji,A Flintoff,0,0,,,,,,"",""
ball,1,7.2,Kenya,MA Ouma,AO Suji,A Flintoff,0,0,,,,,,"",""
ball,1,7.3,Kenya,MA Ouma,AO Suji,A Flintoff,0,0,,,,,,"",""
ball,1,7.4,Kenya,MA Ouma,AO Suji,A Flintoff,0,0,,,,,,"",""
ball,1,7.5,Kenya,MA Ouma,AO Suji,A Flintoff,2,0,,,,,,"",""
ball,1,7.6,Kenya,MA Ouma,AO Suji,A Flintoff,0,0,,,,,,"",""
ball,1,8.1,Kenya,AO Suji,MA Ouma,JM Anderson,0,0,,,,,,"",""
ball,1,8.2,Kenya,AO Suji,MA Ouma,JM Anderson,1,0,,,,,,"",""
ball,1,8.3,Kenya,MA Ouma,AO Suji,JM Anderson,0,0,,,,,,"",""
ball,1,8.4,Kenya,MA Ouma,AO Suji,JM Anderson,0,0,,,,,,"",""
ball,1,8.5,Kenya,MA Ouma,AO Suji,JM Anderson,0,0,,,,,,"",""
ball,1,8.6,Kenya,MA Ouma,AO Suji,JM Anderson,0,1,,,,1,,"",""
ball,1,9.1,Kenya,MA Ouma,AO Suji,A Flintoff,0,0,,,,,,"",""
ball,1,9.2,Kenya,MA Ouma,AO Suji,A Flintoff,1,0,,,,,,"",""
ball,1,9.3,Kenya,AO Suji,MA Ouma,A Flintoff,1,0,,,,,,"",""
ball,1,9.4,Kenya,MA Ouma,AO Suji,A Flintoff,0,0,,,,,,"",""
ball,1,9.5,Kenya,MA Ouma,AO Suji,A Flintoff,1,0,,,,,,"",""
ball,1,9.6,Kenya,AO Suji,MA Ouma,A Flintoff,4,0,,,,,,"",""
ball,1,10.1,Kenya,MA Ouma,AO Suji,JM Anderson,0,0,,,,,,caught,MA Ouma
ball,1,10.2,Kenya,SO Tikolo,AO Suji,JM Anderson,0,0,,,,,,"",""
ball,1,10.3,Kenya,SO Tikolo,AO Suji,JM Anderson,0,0,,,,,,"",""
ball,1,10.4,Kenya,SO Tikolo,AO Suji,JM Anderson,4,0,,,,,,"",""
ball,1,10.5,Kenya,SO Tikolo,AO Suji,JM Anderson,4,0,,,,,,"",""
ball,1,10.6,Kenya,SO Tikolo,AO Suji,JM Anderson,0,0,,,,,,"",""
ball,1,11.1,Kenya,AO Suji,SO Tikolo,A Flintoff,0,0,,,,,,"",""
ball,1,11.2,Kenya,AO Suji,SO Tikolo,A Flintoff,1,0,,,,,,"",""
ball,1,11.3,Kenya,SO Tikolo,AO Suji,A Flintoff,1,0,,,,,,"",""
ball,1,11.4,Kenya,AO Suji,SO Tikolo,A Flintoff,0,0,,,,,,"",""
ball,1,11.5,Kenya,AO Suji,SO Tikolo,A Flintoff,0,1,,1,,,,"",""
ball,1,11.6,Kenya,AO Suji,SO Tikolo,A Flintoff,0,0,,,,,,"",""
ball,1,11.7,Kenya,AO Suji,SO Tikolo,A Flintoff,0,0,,,,,,"",""
ball,1,12.1,Kenya,SO Tikolo,AO Suji,RS Bopara,0,1,1,,,,,"",""
ball,1,12.2,Kenya,SO Tikolo,AO Suji,RS Bopara,0,0,,,,,,"",""
ball,1,12.3,Kenya,SO Tikolo,AO Suji,RS Bopara,0,0,,,,,,"",""
ball,1,12.4,Kenya,SO Tikolo,AO Suji,RS Bopara,4,1,,1,,,,"",""
ball,1,12.5,Kenya,SO Tikolo,AO Suji,RS Bopara,1,0,,,,,,"",""
ball,1,12.6,Kenya,AO Suji,SO Tikolo,RS Bopara,0,0,,,,,,"",""
ball,1,12.7,Kenya,AO Suji,SO Tikolo,RS Bopara,0,0,,,,,,"",""
ball,1,12.8,Kenya,AO Suji,SO Tikolo,RS Bopara,0,0,,,,,,"",""
ball,1,13.1,Kenya,SO Tikolo,AO Suji,SI Mahmood,0,0,,,,,,"",""
ball,1,13.2,Kenya,SO Tikolo,AO Suji,SI Mahmood,1,0,,,,,,"",""
ball,1,13.3,Kenya,AO Suji,SO Tikolo,SI Mahmood,0,1,,1,,,,"",""
ball,1,13.4,Kenya,AO Suji,SO Tikolo,SI Mahmood,4,0,,,,,,"",""
ball,1,13.5,Kenya,AO Suji,SO Tikolo,SI Mahmood,0,0,,,,,,"",""
ball,1,13.6,Kenya,AO Suji,SO Tikolo,SI Mahmood,0,0,,,,,,"",""
ball,1,13.7,Kenya,AO Suji,SO Tikolo,SI Mahmood,0,0,,,,,,"",""
ball,1,14.1,Kenya,SO Tikolo,AO Suji,PD Collingwood,0,0,,,,,,"",""
ball,1,14.2,Kenya,SO Tikolo,AO Suji,PD Collingwood,2,0,,,,,,"",""
ball,1,14.3,Kenya,SO Tikolo,AO Suji,PD Collingwood,0,0,,,,,,"",""
ball,1,14.4,Kenya,SO Tikolo,AO Suji,PD Collingwood,0,0,,,,,,"",""
ball,1,14.5,Kenya,SO Tikolo,AO Suji,PD Collingwood,1,0,,,,,,"",""
ball,1,14.6,Kenya,AO Suji,SO Tikolo,PD Collingwood,0,0,,,,,,"",""
ball,1,15.1,Kenya,SO Tikolo,AO Suji,SI Mahmood,0,0,,,,,,"",""
ball,1,15.2,Kenya,SO Tikolo,AO Suji,SI Mahmood,0,0,,,,,,"",""
ball,1,15.3,Kenya,SO Tikolo,AO Suji,SI Mahmood,1,0,,,,,,"",""
ball,1,15.4,Kenya,AO Suji,SO Tikolo,SI Mahmood,0,0,,,,,,"",""
ball,1,15.5,Kenya,AO Suji,SO Tikolo,SI Mahmood,1,0,,,,,,"",""
ball,1,15.6,Kenya,SO Tikolo,AO Suji,SI Mahmood,0,0,,,,,,"",""
ball,1,16.1,Kenya,AO Suji,SO Tikolo,PD Collingwood,1,0,,,,,,"",""
ball,1,16.2,Kenya,SO Tikolo,AO Suji,PD Collingwood,0,0,,,,,,"",""
ball,1,16.3,Kenya,SO Tikolo,AO Suji,PD Collingwood,0,0,,,,,,"",""
ball,1,16.4,Kenya,SO Tikolo,AO Suji,PD Collingwood,1,0,,,,,,"",""
ball,1,16.5,Kenya,AO Suji,SO Tikolo,PD Collingwood,1,0,,,,,,"",""
ball,1,16.6,Kenya,SO Tikolo,AO Suji,PD Collingwood,1,0,,,,,,"",""
ball,1,17.1,Kenya,SO Tikolo,AO Suji,SI Mahmood,0,0,,,,,,"",""
ball,1,17.2,Kenya,SO Tikolo,AO Suji,SI Mahmood,4,0,,,,,,"",""
ball,1,17.3,Kenya,SO Tikolo,AO Suji,SI Mahmood,1,0,,,,,,"",""
ball,1,17.4,Kenya,AO Suji,SO Tikolo,SI Mahmood,0,0,,,,,,caught,AO Suji
ball,1,17.5,Kenya,T Mishra,SO Tikolo,SI Mahmood,0,0,,,,,,"",""
ball,1,17.6,Kenya,T Mishra,SO Tikolo,SI Mahmood,0,0,,,,,,"",""
ball,1,18.1,Kenya,SO Tikolo,T Mishra,PD Collingwood,0,0,,,,,,"",""
ball,1,18.2,Kenya,SO Tikolo,T Mishra,PD Collingwood,0,0,,,,,,"",""
ball,1,18.3,Kenya,SO Tikolo,T Mishra,PD Collingwood,0,0,,,,,,"",""
ball,1,18.4,Kenya,SO Tikolo,T Mishra,PD Collingwood,1,0,,,,,,"",""
ball,1,18.5,Kenya,T Mishra,SO Tikolo,PD Collingwood,0,0,,,,,,bowled,T Mishra
ball,1,18.6,Kenya,CO Obuya,SO Tikolo,PD Collingwood,0,0,,,,,,"",""
ball,1,19.1,Kenya,SO Tikolo,CO Obuya,SI Mahmood,1,0,,,,,,"",""
ball,1,19.2,Kenya,CO Obuya,SO Tikolo,SI Mahmood,0,0,,,,,,"",""
ball,1,19.3,Kenya,CO Obuya,SO Tikolo,SI Mahmood,0,0,,,,,,"",""
ball,1,19.4,Kenya,CO Obuya,SO Tikolo,SI Mahmood,1,0,,,,,,"",""
ball,1,19.5,Kenya,SO Tikolo,CO Obuya,SI Mahmood,1,0,,,,,,"",""
ball,1,19.6,Kenya,CO Obuya,SO Tikolo,SI Mahmood,0,0,,,,,,"",""
ball,1,20.1,Kenya,SO Tikolo,CO Obuya,PD Collingwood,0,0,,,,,,"",""
ball,1,20.2,Kenya,SO Tikolo,CO Obuya,PD Collingwood,4,0,,,,,,"",""
ball,1,20.3,Kenya,SO Tikolo,CO Obuya,PD Collingwood,1,0,,,,,,"",""
ball,1,20.4,Kenya,CO Obuya,SO Tikolo,PD Collingwood,1,0,,,,,,"",""
ball,1,20.5,Kenya,SO Tikolo,CO Obuya,PD Collingwood,1,0,,,,,,"",""
ball,1,20.6,Kenya,CO Obuya,SO Tikolo,PD Collingwood,0,0,,,,,,"",""
ball,1,21.1,Kenya,SO Tikolo,CO Obuya,SI Mahmood,0,0,,,,,,"",""
ball,1,21.2,Kenya,SO Tikolo,CO Obuya,SI Mahmood,0,0,,,,,,"",""
ball,1,21.3,Kenya,SO Tikolo,CO Obuya,SI Mahmood,4,0,,,,,,"",""
ball,1,21.4,Kenya,SO Tikolo,CO Obuya,SI Mahmood,0,0,,,,,,"",""
ball,1,21.5,Kenya,SO Tikolo,CO Obuya,SI Mahmood,2,0,,,,,,"",""
ball,1,21.6,Kenya,SO Tikolo,CO Obuya,SI Mahmood,0,0,,,,,,"",""
ball,1,22.1,Kenya,CO Obuya,SO Tikolo,PD Collingwood,0,0,,,,,,"",""
ball,1,22.2,Kenya,CO Obuya,SO Tikolo,PD Collingwood,0,0,,,,,,"",""
ball,1,22.3,Kenya,CO Obuya,SO Tikolo,PD Collingwood,4,0,,,,,,"",""
ball,1,22.4,Kenya,CO Obuya,SO Tikolo,PD Collingwood,0,0,,,,,,"",""
ball,1,22.5,Kenya,CO Obuya,SO Tikolo,PD Collingwood,0,0,,,,,,"",""
ball,1,22.6,Kenya,CO Obuya,SO Tikolo,PD Collingwood,0,1,1,,,,,"",""
ball,1,22.7,Kenya,CO Obuya,SO Tikolo,PD Collingwood,4,0,,,,,,"",""
ball,1,23.1,Kenya,SO Tikolo,CO Obuya,MS Panesar,0,0,,,,,,"",""
ball,1,23.2,Kenya,SO Tikolo,CO Obuya,MS Panesar,0,0,,,,,,"",""
ball,1,23.3,Kenya,SO Tikolo,CO Obuya,MS Panesar,0,0,,,,,,run out,CO Obuya
ball,1,23.4,Kenya,SO Tikolo,TM Odoyo,MS Panesar,0,0,,,,,,"",""
ball,1,23.5,Kenya,SO Tikolo,TM Odoyo,MS Panesar,4,0,,,,,,"",""
ball,1,23.6,Kenya,SO Tikolo,TM Odoyo,MS Panesar,0,0,,,,,,"",""
ball,1,24.1,Kenya,TM Odoyo,SO Tikolo,A Flintoff,1,0,,,,,,"",""
ball,1,24.2,Kenya,SO Tikolo,TM Odoyo,A Flintoff,1,0,,,,,,"",""
ball,1,24.3,Kenya,TM Odoyo,SO Tikolo,A Flintoff,0,0,,,,,,"",""
ball,1,24.4,Kenya,TM Odoyo,SO Tikolo,A Flintoff,0,0,,,,,,"",""
ball,1,24.5,Kenya,TM Odoyo,SO Tikolo,A Flintoff,1,0,,,,,,"",""
ball,1,24.6,Kenya,SO Tikolo,TM Odoyo,A Flintoff,0,1,1,,,,,"",""
ball,1,24.7,Kenya,SO Tikolo,TM Odoyo,A Flintoff,0,0,,,,,,"",""
ball,1,25.1,Kenya,TM Odoyo,SO Tikolo,MS Panesar,1,0,,,,,,"",""
ball,1,25.2,Kenya,SO Tikolo,TM Odoyo,MS Panesar,0,0,,,,,,"",""
ball,1,25.3,Kenya,SO Tikolo,TM Odoyo,MS Panesar,1,0,,,,,,"",""
ball,1,25.4,Kenya,TM Odoyo,SO Tikolo,MS Panesar,0,0,,,,,,"",""
ball,1,25.5,Kenya,TM Odoyo,SO Tikolo,MS Panesar,0,0,,,,,,"",""
ball,1,25.6,Kenya,TM Odoyo,SO Tikolo,MS Panesar,0,0,,,,,,"",""
ball,1,26.1,Kenya,SO Tikolo,TM Odoyo,A Flintoff,1,0,,,,,,"",""
ball,1,26.2,Kenya,TM Odoyo,SO Tikolo,A Flintoff,0,0,,,,,,"",""
ball,1,26.3,Kenya,TM Odoyo,SO Tikolo,A Flintoff,1,0,,,,,,"",""
ball,1,26.4,Kenya,SO Tikolo,TM Odoyo,A Flintoff,1,0,,,,,,"",""
ball,1,26.5,Kenya,TM Odoyo,SO Tikolo,A Flintoff,0,0,,,,,,lbw,TM Odoyo
ball,1,26.6,Kenya,JK Kamande,SO Tikolo,A Flintoff,0,0,,,,,,"",""
ball,1,27.1,Kenya,SO Tikolo,JK Kamande,MS Panesar,0,0,,,,,,"",""
ball,1,27.2,Kenya,SO Tikolo,JK Kamande,MS Panesar,1,0,,,,,,"",""
ball,1,27.3,Kenya,JK Kamande,SO Tikolo,MS Panesar,0,0,,,,,,"",""
ball,1,27.4,Kenya,JK Kamande,SO Tikolo,MS Panesar,0,0,,,,,,"",""
ball,1,27.5,Kenya,JK Kamande,SO Tikolo,MS Panesar,0,0,,,,,,"",""
ball,1,27.6,Kenya,JK Kamande,SO Tikolo,MS Panesar,0,0,,,,,,"",""
ball,1,28.1,Kenya,SO Tikolo,JK Kamande,A Flintoff,2,0,,,,,,"",""
ball,1,28.2,Kenya,SO Tikolo,JK Kamande,A Flintoff,1,0,,,,,,"",""
ball,1,28.3,Kenya,JK Kamande,SO Tikolo,A Flintoff,0,0,,,,,,"",""
ball,1,28.4,Kenya,JK Kamande,SO Tikolo,A Flintoff,0,0,,,,,,"",""
ball,1,28.5,Kenya,JK Kamande,SO Tikolo,A Flintoff,1,0,,,,,,"",""
ball,1,28.6,Kenya,SO Tikolo,JK Kamande,A Flintoff,0,0,,,,,,"",""
ball,1,29.1,Kenya,JK Kamande,SO Tikolo,MS Panesar,1,0,,,,,,"",""
ball,1,29.2,Kenya,SO Tikolo,JK Kamande,MS Panesar,0,0,,,,,,"",""
ball,1,29.3,Kenya,SO Tikolo,JK Kamande,MS Panesar,0,0,,,,,,"",""
ball,1,29.4,Kenya,SO Tikolo,JK Kamande,MS Panesar,0,0,,,,,,"",""
ball,1,29.5,Kenya,SO Tikolo,JK Kamande,MS Panesar,1,0,,,,,,"",""
ball,1,29.6,Kenya,JK Kamande,SO Tikolo,MS Panesar,0,0,,,,,,"",""
ball,1,30.1,Kenya,SO Tikolo,JK Kamande,JM Anderson,1,0,,,,,,"",""
ball,1,30.2,Kenya,JK Kamande,SO Tikolo,JM Anderson,1,0,,,,,,"",""
ball,1,30.3,Kenya,SO Tikolo,JK Kamande,JM Anderson,0,0,,,,,,"",""
ball,1,30.4,Kenya,SO Tikolo,JK Kamande,JM Anderson,2,0,,,,,,"",""
ball,1,30.5,Kenya,SO Tikolo,JK Kamande,JM Anderson,0,0,,,,,,"",""
ball,1,30.6,Kenya,SO Tikolo,JK Kamande,JM Anderson,0,1,,,,1,,"",""
ball,1,31.1,Kenya,SO Tikolo,JK Kamande,MS Panesar,0,0,,,,,,"",""
ball,1,31.2,Kenya,SO Tikolo,JK Kamande,MS Panesar,0,0,,,,,,"",""
ball,1,31.3,Kenya,SO Tikolo,JK Kamande,MS Panesar,4,0,,,,,,"",""
ball,1,31.4,Kenya,SO Tikolo,JK Kamande,MS Panesar,1,0,,,,,,"",""
ball,1,31.5,Kenya,JK Kamande,SO Tikolo,MS Panesar,1,0,,,,,,"",""
ball,1,31.6,Kenya,SO Tikolo,JK Kamande,MS Panesar,0,0,,,,,,"",""
ball,1,32.1,Kenya,JK Kamande,SO Tikolo,JM Anderson,0,0,,,,,,"",""
ball,1,32.2,Kenya,JK Kamande,SO Tikolo,JM Anderson,0,0,,,,,,"",""
ball,1,32.3,Kenya,JK Kamande,SO Tikolo,JM Anderson,1,0,,,,,,"",""
ball,1,32.4,Kenya,SO Tikolo,JK Kamande,JM Anderson,0,0,,,,,,"",""
ball,1,32.5,Kenya,SO Tikolo,JK Kamande,JM Anderson,0,0,,,,,,"",""
ball,1,32.6,Kenya,SO Tikolo,JK Kamande,JM Anderson,0,1,1,,,,,"",""
ball,1,32.7,Kenya,SO Tikolo,JK Kamande,JM Anderson,0,0,,,,,,"",""
ball,1,33.1,Kenya,JK Kamande,SO Tikolo,MS Panesar,0,0,,,,,,"",""
ball,1,33.2,Kenya,JK Kamande,SO Tikolo,MS Panesar,0,0,,,,,,"",""
ball,1,33.3,Kenya,JK Kamande,SO Tikolo,MS Panesar,4,0,,,,,,"",""
ball,1,33.4,Kenya,JK Kamande,SO Tikolo,MS Panesar,2,0,,,,,,"",""
ball,1,33.5,Kenya,JK Kamande,SO Tikolo,MS Panesar,0,0,,,,,,"",""
ball,1,33.6,Kenya,JK Kamande,SO Tikolo,MS Panesar,0,0,,,,,,"",""
ball,1,34.1,Kenya,SO Tikolo,JK Kamande,PD Collingwood,0,0,,,,,,"",""
ball,1,34.2,Kenya,SO Tikolo,JK Kamande,PD Collingwood,1,0,,,,,,"",""
ball,1,34.3,Kenya,JK Kamande,SO Tikolo,PD Collingwood,0,0,,,,,,"",""
ball,1,34.4,Kenya,JK Kamande,SO Tikolo,PD Collingwood,0,0,,,,,,"",""
ball,1,34.5,Kenya,JK Kamande,SO Tikolo,PD Collingwood,4,0,,,,,,"",""
ball,1,34.6,Kenya,JK Kamande,SO Tikolo,PD Collingwood,1,0,,,,,,"",""
ball,1,35.1,Kenya,JK Kamande,SO Tikolo,MS Panesar,1,0,,,,,,"",""
ball,1,35.2,Kenya,SO Tikolo,JK Kamande,MS Panesar,2,0,,,,,,"",""
ball,1,35.3,Kenya,SO Tikolo,JK Kamande,MS Panesar,0,0,,,,,,"",""
ball,1,35.4,Kenya,SO Tikolo,JK Kamande,MS Panesar,0,0,,,,,,"",""
ball,1,35.5,Kenya,SO Tikolo,JK Kamande,MS Panesar,1,0,,,,,,"",""
ball,1,35.6,Kenya,JK Kamande,SO Tikolo,MS Panesar,0,0,,,,,,"",""
ball,1,36.1,Kenya,SO Tikolo,JK Kamande,PD Collingwood,2,0,,,,,,"",""
ball,1,36.2,Kenya,SO Tikolo,JK Kamande,PD Collingwood,0,0,,,,,,"",""
ball,1,36.3,Kenya,SO Tikolo,JK Kamande,PD Collingwood,1,0,,,,,,"",""
ball,1,36.4,Kenya,JK Kamande,SO Tikolo,PD Collingwood,0,0,,,,,,bowled,JK Kamande
ball,1,36.5,Kenya,LN Onyango,SO Tikolo,PD Collingwood,0,0,,,,,,"",""
ball,1,36.6,Kenya,LN Onyango,SO Tikolo,PD Collingwood,0,0,,,,,,"",""
ball,1,37.1,Kenya,SO Tikolo,LN Onyango,MS Panesar,1,0,,,,,,"",""
ball,1,37.2,Kenya,LN Onyango,SO Tikolo,MS Panesar,0,0,,,,,,"",""
ball,1,37.3,Kenya,LN Onyango,SO Tikolo,MS Panesar,0,0,,,,,,"",""
ball,1,37.4,Kenya,LN Onyango,SO Tikolo,MS Panesar,1,0,,,,,,"",""
ball,1,37.5,Kenya,SO Tikolo,LN Onyango,MS Panesar,0,0,,,,,,"",""
ball,1,37.6,Kenya,SO Tikolo,LN Onyango,MS Panesar,1,0,,,,,,"",""
ball,1,38.1,Kenya,SO Tikolo,LN Onyango,JM Anderson,0,0,,,,,,"",""
ball,1,38.2,Kenya,SO Tikolo,LN Onyango,JM Anderson,1,0,,,,,,"",""
ball,1,38.3,Kenya,LN Onyango,SO Tikolo,JM Anderson,1,0,,,,,,"",""
ball,1,38.4,Kenya,SO Tikolo,LN Onyango,JM Anderson,0,0,,,,,,"",""
ball,1,38.5,Kenya,SO Tikolo,LN Onyango,JM Anderson,1,0,,,,,,"",""
ball,1,38.6,Kenya,LN Onyango,SO Tikolo,JM Anderson,1,0,,,,,,"",""
ball,1,39.1,Kenya,LN Onyango,SO Tikolo,SI Mahmood,0,1,1,,,,,"",""
ball,1,39.2,Kenya,LN Onyango,SO Tikolo,SI Mahmood,1,0,,,,,,"",""
ball,1,39.3,Kenya,SO Tikolo,LN Onyango,SI Mahmood,1,0,,,,,,"",""
ball,1,39.4,Kenya,LN Onyango,SO Tikolo,SI Mahmood,0,0,,,,,,"",""
ball,1,39.5,Kenya,LN Onyango,SO Tikolo,SI Mahmood,0,0,,,,,,"",""
ball,1,39.6,Kenya,LN Onyango,SO Tikolo,SI Mahmood,1,0,,,,,,"",""
ball,1,39.7,Kenya,SO Tikolo,LN Onyango,SI Mahmood,2,0,,,,,,"",""
ball,1,40.1,Kenya,LN Onyango,SO Tikolo,A Flintoff,1,0,,,,,,"",""
ball,1,40.2,Kenya,SO Tikolo,LN Onyango,A Flintoff,0,0,,,,,,bowled,SO Tikolo
ball,1,40.3,Kenya,PJ Ongondo,LN Onyango,A Flintoff,1,0,,,,,,"",""
ball,1,40.4,Kenya,LN Onyango,PJ Ongondo,A Flintoff,0,0,,,,,,"",""
ball,1,40.5,Kenya,LN Onyango,PJ Ongondo,A Flintoff,0,0,,,,,,"",""
ball,1,40.6,Kenya,LN Onyango,PJ Ongondo,A Flintoff,2,0,,,,,,"",""
ball,1,41.1,Kenya,PJ Ongondo,LN Onyango,SI Mahmood,2,0,,,,,,"",""
ball,1,41.2,Kenya,PJ Ongondo,LN Onyango,SI Mahmood,0,0,,,,,,run out,PJ Ongondo
ball,1,41.3,Kenya,HA Varaiya,LN Onyango,SI Mahmood,0,1,,,,1,,"",""
ball,1,41.4,Kenya,LN Onyango,HA Varaiya,SI Mahmood,0,0,,,,,,"",""
ball,1,41.5,Kenya,LN Onyango,HA Varaiya,SI Mahmood,1,0,,,,,,"",""
ball,1,41.6,Kenya,HA Varaiya,LN Onyango,SI Mahmood,1,0,,,,,,"",""
ball,1,42.1,Kenya,HA Varaiya,LN Onyango,A Flintoff,1,0,,,,,,"",""
ball,1,42.2,Kenya,LN Onyango,HA Varaiya,A Flintoff,1,0,,,,,,"",""
ball,1,42.3,Kenya,HA Varaiya,LN Onyango,A Flintoff,0,0,,,,,,"",""
ball,1,42.4,Kenya,HA Varaiya,LN Onyango,A Flintoff,2,0,,,,,,"",""
ball,1,42.5,Kenya,HA Varaiya,LN Onyango,A Flintoff,0,0,,,,,,"",""
ball,1,42.6,Kenya,HA Varaiya,LN Onyango,A Flintoff,0,0,,,,,,run out,LN Onyango
ball,2,0.1,England,EC Joyce,MP Vaughan,TM Odoyo,0,0,,,,,,"",""
ball,2,0.2,England,EC Joyce,MP Vaughan,TM Odoyo,0,0,,,,,,"",""
ball,2,0.3,England,EC Joyce,MP Vaughan,TM Odoyo,0,0,,,,,,"",""
ball,2,0.4,England,EC Joyce,MP Vaughan,TM Odoyo,0,0,,,,,,"",""
ball,2,0.5,England,EC Joyce,MP Vaughan,TM Odoyo,1,0,,,,,,"",""
ball,2,0.6,England,MP Vaughan,EC Joyce,TM Odoyo,0,0,,,,,,"",""
ball,2,1.1,England,EC Joyce,MP Vaughan,PJ Ongondo,0,0,,,,,,"",""
ball,2,1.2,England,EC Joyce,MP Vaughan,PJ Ongondo,0,0,,,,,,"",""
ball,2,1.3,England,EC Joyce,MP Vaughan,PJ Ongondo,4,0,,,,,,"",""
ball,2,1.4,England,EC Joyce,MP Vaughan,PJ Ongondo,0,0,,,,,,"",""
ball,2,1.5,England,EC Joyce,MP Vaughan,PJ Ongondo,0,0,,,,,,"",""
ball,2,1.6,England,EC Joyce,MP Vaughan,PJ Ongondo,0,0,,,,,,"",""
ball,2,2.1,England,MP Vaughan,EC Joyce,TM Odoyo,0,0,,,,,,"",""
ball,2,2.2,England,MP Vaughan,EC Joyce,TM Odoyo,1,0,,,,,,"",""
ball,2,2.3,England,EC Joyce,MP Vaughan,TM Odoyo,0,0,,,,,,"",""
ball,2,2.4,England,EC Joyce,MP Vaughan,TM Odoyo,0,0,,,,,,"",""
ball,2,2.5,England,EC Joyce,MP Vaughan,TM Odoyo,4,0,,,,,,"",""
ball,2,2.6,England,EC Joyce,MP Vaughan,TM Odoyo,0,2,,,,2,,"",""
ball,2,3.1,England,MP Vaughan,EC Joyce,PJ Ongondo,0,0,,,,,,caught,MP Vaughan
ball,2,3.2,England,IR Bell,EC Joyce,PJ Ongondo,0,0,,,,,,"",""
ball,2,3.3,England,IR Bell,EC Joyce,PJ Ongondo,3,0,,,,,,"",""
ball,2,3.4,England,EC Joyce,IR Bell,PJ Ongondo,1,0,,,,,,"",""
ball,2,3.5,England,IR Bell,EC Joyce,PJ Ongondo,0,0,,,,,,"",""
ball,2,3.6,England,IR Bell,EC Joyce,PJ Ongondo,4,0,,,,,,"",""
ball,2,4.1,England,EC Joyce,IR Bell,TM Odoyo,0,0,,,,,,"",""
ball,2,4.2,England,EC Joyce,IR Bell,TM Odoyo,0,0,,,,,,"",""
ball,2,4.3,England,EC Joyce,IR Bell,TM Odoyo,1,0,,,,,,"",""
ball,2,4.4,England,IR Bell,EC Joyce,TM Odoyo,0,0,,,,,,"",""
ball,2,4.5,England,IR Bell,EC Joyce,TM Odoyo,1,0,,,,,,"",""
ball,2,4.6,England,EC Joyce,IR Bell,TM Odoyo,0,0,,,,,,"",""
ball,2,5.1,England,IR Bell,EC Joyce,PJ Ongondo,0,0,,,,,,"",""
ball,2,5.2,England,IR Bell,EC Joyce,PJ Ongondo,4,0,,,,,,"",""
ball,2,5.3,England,IR Bell,EC Joyce,PJ Ongondo,0,0,,,,,,"",""
ball,2,5.4,England,IR Bell,EC Joyce,PJ Ongondo,1,0,,,,,,"",""
ball,2,5.5,England,EC Joyce,IR Bell,PJ Ongondo,0,0,,,,,,"",""
ball,2,5.6,England,EC Joyce,IR Bell,PJ Ongondo,3,0,,,,,,"",""
ball,2,6.1,England,EC Joyce,IR Bell,TM Odoyo,1,0,,,,,,"",""
ball,2,6.2,England,IR Bell,EC Joyce,TM Odoyo,0,0,,,,,,"",""
ball,2,6.3,England,IR Bell,EC Joyce,TM Odoyo,0,0,,,,,,"",""
ball,2,6.4,England,IR Bell,EC Joyce,TM Odoyo,0,0,,,,,,"",""
ball,2,6.5,England,IR Bell,EC Joyce,TM Odoyo,2,1,,1,,,,"",""
ball,2,6.6,England,IR Bell,EC Joyce,TM Odoyo,0,0,,,,,,"",""
ball,2,6.7,England,IR Bell,EC Joyce,TM Odoyo,0,1,1,,,,,"",""
ball,2,6.8,England,IR Bell,EC Joyce,TM Odoyo,0,0,,,,,,"",""
ball,2,7.1,England,EC Joyce,IR Bell,PJ Ongondo,1,0,,,,,,"",""
ball,2,7.2,England,IR Bell,EC Joyce,PJ Ongondo,1,0,,,,,,"",""
ball,2,7.3,England,EC Joyce,IR Bell,PJ Ongondo,0,0,,,,,,"",""
ball,2,7.4,England,EC Joyce,IR Bell,PJ Ongondo,4,0,,,,,,"",""
ball,2,7.5,England,EC Joyce,IR Bell,PJ Ongondo,4,0,,,,,,"",""
ball,2,7.6,England,EC Joyce,IR Bell,PJ Ongondo,1,0,,,,,,"",""
ball,2,8.1,England,EC Joyce,IR Bell,TM Odoyo,0,0,,,,,,"",""
ball,2,8.2,England,EC Joyce,IR Bell,TM Odoyo,0,1,1,,,,,"",""
ball,2,8.3,England,EC Joyce,IR Bell,TM Odoyo,4,0,,,,,,"",""
ball,2,8.4,England,EC Joyce,IR Bell,TM Odoyo,1,0,,,,,,"",""
ball,2,8.5,England,IR Bell,EC Joyce,TM Odoyo,0,0,,,,,,caught,IR Bell
ball,2,8.6,England,KP Pietersen,EC Joyce,TM Odoyo,4,0,,,,,,"",""
ball,2,8.7,England,KP Pietersen,EC Joyce,TM Odoyo,0,0,,,,,,"",""
ball,2,9.1,England,EC Joyce,KP Pietersen,LN Onyango,0,0,,,,,,"",""
ball,2,9.2,England,EC Joyce,KP Pietersen,LN Onyango,0,0,,,,,,"",""
ball,2,9.3,England,EC Joyce,KP Pietersen,LN Onyango,1,0,,,,,,"",""
ball,2,9.4,England,KP Pietersen,EC Joyce,LN Onyango,0,0,,,,,,"",""
ball,2,9.5,England,KP Pietersen,EC Joyce,LN Onyango,0,0,,,,,,"",""
ball,2,9.6,England,KP Pietersen,EC Joyce,LN Onyango,0,0,,,,,,"",""
ball,2,10.1,England,EC Joyce,KP Pietersen,TM Odoyo,0,0,,,,,,"",""
ball,2,10.2,England,EC Joyce,KP Pietersen,TM Odoyo,0,1,1,,,,,"",""
ball,2,10.3,England,EC Joyce,KP Pietersen,TM Odoyo,1,1,,1,,,,"",""
ball,2,10.4,England,KP Pietersen,EC Joyce,TM Odoyo,0,0,,,,,,"",""
ball,2,10.5,England,KP Pietersen,EC Joyce,TM Odoyo,0,0,,,,,,"",""
ball,2,10.6,England,KP Pietersen,EC Joyce,TM Odoyo,0,0,,,,,,"",""
ball,2,10.7,England,KP Pietersen,EC Joyce,TM Odoyo,1,0,,,,,,"",""
ball,2,10.8,England,EC Joyce,KP Pietersen,TM Odoyo,0,0,,,,,,"",""
ball,2,11.1,England,KP Pietersen,EC Joyce,LN Onyango,1,0,,,,,,"",""
ball,2,11.2,England,EC Joyce,KP Pietersen,LN Onyango,2,0,,,,,,"",""
ball,2,11.3,England,EC Joyce,KP Pietersen,LN Onyango,4,0,,,,,,"",""
ball,2,11.4,England,EC Joyce,KP Pietersen,LN Onyango,0,0,,,,,,"",""
ball,2,11.5,England,EC Joyce,KP Pietersen,LN Onyango,6,0,,,,,,"",""
ball,2,11.6,England,EC Joyce,KP Pietersen,LN Onyango,0,0,,,,,,"",""
ball,2,12.1,England,KP Pietersen,EC Joyce,AO Suji,0,0,,,,,,"",""
ball,2,12.2,England,KP Pietersen,EC Joyce,AO Suji,1,0,,,,,,"",""
ball,2,12.3,England,EC Joyce,KP Pietersen,AO Suji,0,0,,,,,,"",""
ball,2,12.4,England,EC Joyce,KP Pietersen,AO Suji,0,1,,1,,,,"",""
ball,2,12.5,England,EC Joyce,KP Pietersen,AO Suji,0,0,,,,,,"",""
ball,2,12.6,England,EC Joyce,KP Pietersen,AO Suji,0,0,,,,,,"",""
ball,2,12.7,England,EC Joyce,KP Pietersen,AO Suji,0,0,,,,,,"",""
ball,2,13.1,England,KP Pietersen,EC Joyce,HA Varaiya,0,0,,,,,,"",""
ball,2,13.2,England,KP Pietersen,EC Joyce,HA Varaiya,2,0,,,,,,"",""
ball,2,13.3,England,KP Pietersen,EC Joyce,HA Varaiya,4,0,,,,,,"",""
ball,2,13.4,England,KP Pietersen,EC Joyce,HA Varaiya,1,0,,,,,,"",""
ball,2,13.5,England,EC Joyce,KP Pietersen,HA Varaiya,0,0,,,,,,"",""
ball,2,13.6,England,EC Joyce,KP Pietersen,HA Varaiya,0,0,,,,,,"",""
ball,2,14.1,England,KP Pietersen,EC Joyce,AO Suji,0,0,,,,,,"",""
ball,2,14.2,England,KP Pietersen,EC Joyce,AO Suji,0,0,,,,,,"",""
ball,2,14.3,England,KP Pietersen,EC Joyce,AO Suji,4,0,,,,,,"",""
ball,2,14.4,England,KP Pietersen,EC Joyce,AO Suji,0,0,,,,,,"",""
ball,2,14.5,England,KP Pietersen,EC Joyce,AO Suji,0,0,,,,,,"",""
ball,2,14.6,England,KP Pietersen,EC Joyce,AO Suji,0,0,,,,,,"",""
ball,2,15.1,England,EC Joyce,KP Pietersen,HA Varaiya,1,0,,,,,,"",""
ball,2,15.2,England,KP Pietersen,EC Joyce,HA Varaiya,0,0,,,,,,"",""
ball,2,15.3,England,KP Pietersen,EC Joyce,HA Varaiya,0,0,,,,,,"",""
ball,2,15.4,England,KP Pietersen,EC Joyce,HA Varaiya,1,0,,,,,,"",""
ball,2,15.5,England,EC Joyce,KP Pietersen,HA Varaiya,0,0,,,,,,"",""
ball,2,15.6,England,EC Joyce,KP Pietersen,HA Varaiya,1,0,,,,,,"",""
ball,2,16.1,England,EC Joyce,KP Pietersen,AO Suji,1,0,,,,,,"",""
ball,2,16.2,England,KP Pietersen,EC Joyce,AO Suji,0,0,,,,,,"",""
ball,2,16.3,England,KP Pietersen,EC Joyce,AO Suji,0,0,,,,,,"",""
ball,2,16.4,England,KP Pietersen,EC Joyce,AO Suji,4,0,,,,,,"",""
ball,2,16.5,England,KP Pietersen,EC Joyce,AO Suji,4,0,,,,,,"",""
ball,2,16.6,England,KP Pietersen,EC Joyce,AO Suji,0,0,,,,,,"",""
ball,2,17.1,England,EC Joyce,KP Pietersen,HA Varaiya,0,1,1,,,,,"",""
ball,2,17.2,England,EC Joyce,KP Pietersen,HA Varaiya,0,0,,,,,,"",""
ball,2,17.3,England,EC Joyce,KP Pietersen,HA Varaiya,0,0,,,,,,"",""
ball,2,17.4,England,EC Joyce,KP Pietersen,HA Varaiya,0,0,,,,,,"",""
ball,2,17.5,England,EC Joyce,KP Pietersen,HA Varaiya,1,0,,,,,,"",""
ball,2,17.6,England,KP Pietersen,EC Joyce,HA Varaiya,0,0,,,,,,"",""
ball,2,17.7,England,KP Pietersen,EC Joyce,HA Varaiya,0,0,,,,,,"",""
ball,2,18.1,England,EC Joyce,KP Pietersen,JK Kamande,0,0,,,,,,"",""
ball,2,18.2,England,EC Joyce,KP Pietersen,JK Kamande,2,0,,,,,,"",""
ball,2,18.3,England,EC Joyce,KP Pietersen,JK Kamande,0,0,,,,,,"",""
ball,2,18.4,England,EC Joyce,KP Pietersen,JK Kamande,0,0,,,,,,"",""
ball,2,18.5,England,EC Joyce,KP Pietersen,JK Kamande,1,0,,,,,,"",""
ball,2,18.6,England,KP Pietersen,EC Joyce,JK Kamande,1,0,,,,,,"",""
ball,2,19.1,England,KP Pietersen,EC Joyce,HA Varaiya,1,0,,,,,,"",""
ball,2,19.2,England,EC Joyce,KP Pietersen,HA Varaiya,2,0,,,,,,"",""
ball,2,19.3,England,EC Joyce,KP Pietersen,HA Varaiya,1,0,,,,,,"",""
ball,2,19.4,England,KP Pietersen,EC Joyce,HA Varaiya,6,0,,,,,,"",""
ball,2,19.5,England,KP Pietersen,EC Joyce,HA Varaiya,2,0,,,,,,"",""
ball,2,19.6,England,KP Pietersen,EC Joyce,HA Varaiya,2,0,,,,,,"",""
ball,2,20.1,England,EC Joyce,KP Pietersen,JK Kamande,0,0,,,,,,"",""
ball,2,20.2,England,EC Joyce,KP Pietersen,JK Kamande,0,0,,,,,,"",""
ball,2,20.3,England,EC Joyce,KP Pietersen,JK Kamande,0,0,,,,,,"",""
ball,2,20.4,England,EC Joyce,KP Pietersen,JK Kamande,1,0,,,,,,"",""
ball,2,20.5,England,KP Pietersen,EC Joyce,JK Kamande,0,0,,,,,,"",""
ball,2,20.6,England,KP Pietersen,EC Joyce,JK Kamande,0,0,,,,,,"",""
ball,2,21.1,England,EC Joyce,KP Pietersen,HA Varaiya,0,0,,,,,,"",""
ball,2,21.2,England,EC Joyce,KP Pietersen,HA Varaiya,4,0,,,,,,"",""
ball,2,21.3,England,EC Joyce,KP Pietersen,HA Varaiya,0,3,3,,,,,"",""
ball,2,21.4,England,EC Joyce,KP Pietersen,HA Varaiya,0,0,,,,,,"",""
ball,2,21.5,England,EC Joyce,KP Pietersen,HA Varaiya,0,0,,,,,,"",""
ball,2,21.6,England,EC Joyce,KP Pietersen,HA Varaiya,1,0,,,,,,"",""
ball,2,21.7,England,KP Pietersen,EC Joyce,HA Varaiya,0,0,,,,,,"",""
ball,2,22.1,England,EC Joyce,KP Pietersen,JK Kamande,0,0,,,,,,"",""
ball,2,22.2,England,EC Joyce,KP Pietersen,JK Kamande,1,0,,,,,,"",""
ball,2,22.3,England,KP Pietersen,EC Joyce,JK Kamande,0,0,,,,,,"",""
ball,2,22.4,England,KP Pietersen,EC Joyce,JK Kamande,1,0,,,,,,"",""
ball,2,22.5,England,EC Joyce,KP Pietersen,JK Kamande,0,0,,,,,,"",""
ball,2,22.6,England,EC Joyce,KP Pietersen,JK Kamande,1,0,,,,,,"",""
ball,2,23.1,England,EC Joyce,KP Pietersen,SO Tikolo,0,0,,,,,,"",""
ball,2,23.2,England,EC Joyce,KP Pietersen,SO Tikolo,0,0,,,,,,"",""
ball,2,23.3,England,EC Joyce,KP Pietersen,SO Tikolo,4,0,,,,,,"",""
ball,2,23.4,England,EC Joyce,KP Pietersen,SO Tikolo,0,0,,,,,,"",""
ball,2,23.5,England,EC Joyce,KP Pietersen,SO Tikolo,1,0,,,,,,"",""
ball,2,23.6,England,KP Pietersen,EC Joyce,SO Tikolo,1,0,,,,,,"",""
ball,2,24.1,England,KP Pietersen,EC Joyce,JK Kamande,3,0,,,,,,"",""
ball,2,24.2,England,EC Joyce,KP Pietersen,JK Kamande,3,0,,,,,,"",""
ball,2,24.3,England,KP Pietersen,EC Joyce,JK Kamande,0,0,,,,,,"",""
ball,2,24.4,England,KP Pietersen,EC Joyce,JK Kamande,0,0,,,,,,"",""
ball,2,24.5,England,KP Pietersen,EC Joyce,JK Kamande,1,0,,,,,,"",""
ball,2,24.6,England,EC Joyce,KP Pietersen,JK Kamande,4,0,,,,,,"",""
ball,2,25.1,England,KP Pietersen,EC Joyce,SO Tikolo,0,0,,,,,,"",""
ball,2,25.2,England,KP Pietersen,EC Joyce,SO Tikolo,0,0,,,,,,"",""
ball,2,25.3,England,KP Pietersen,EC Joyce,SO Tikolo,1,0,,,,,,"",""
ball,2,25.4,England,EC Joyce,KP Pietersen,SO Tikolo,0,0,,,,,,"",""
ball,2,25.5,England,EC Joyce,KP Pietersen,SO Tikolo,0,0,,,,,,"",""
ball,2,25.6,England,EC Joyce,KP Pietersen,SO Tikolo,0,0,,,,,,"",""
ball,2,26.1,England,KP Pietersen,EC Joyce,JK Kamande,2,0,,,,,,"",""
ball,2,26.2,England,KP Pietersen,EC Joyce,JK Kamande,0,0,,,,,,"",""
ball,2,26.3,England,KP Pietersen,EC Joyce,JK Kamande,1,0,,,,,,"",""
ball,2,26.4,England,EC Joyce,KP Pietersen,JK Kamande,0,0,,,,,,"",""
ball,2,26.5,England,EC Joyce,KP Pietersen,JK Kamande,1,0,,,,,,"",""
ball,2,26.6,England,KP Pietersen,EC Joyce,JK Kamande,1,0,,,,,,"",""
ball,2,27.1,England,KP Pietersen,EC Joyce,SO Tikolo,0,0,,,,,,"",""
ball,2,27.2,England,KP Pietersen,EC Joyce,SO Tikolo,0,0,,,,,,"",""
ball,2,27.3,England,KP Pietersen,EC Joyce,SO Tikolo,0,0,,,,,,"",""
ball,2,27.4,England,KP Pietersen,EC Joyce,SO Tikolo,0,0,,,,,,"",""
ball,2,27.5,England,KP Pietersen,EC Joyce,SO Tikolo,1,0,,,,,,"",""
ball,2,27.6,England,EC Joyce,KP Pietersen,SO Tikolo,0,0,,,,,,bowled,EC Joyce
ball,2,28.1,England,KP Pietersen,PD Collingwood,CO Obuya,0,0,,,,,,"",""
ball,2,28.2,England,KP Pietersen,PD Collingwood,CO Obuya,0,0,,,,,,"",""
ball,2,28.3,England,KP Pietersen,PD Collingwood,CO Obuya,1,0,,,,,,"",""
ball,2,28.4,England,PD Collingwood,KP Pietersen,CO Obuya,0,0,,,,,,"",""
ball,2,28.5,England,PD Collingwood,KP Pietersen,CO Obuya,0,0,,,,,,"",""
ball,2,28.6,England,PD Collingwood,KP Pietersen,CO Obuya,1,0,,,,,,"",""
ball,2,29.1,England,PD Collingwood,KP Pietersen,SO Tikolo,1,0,,,,,,"",""
ball,2,29.2,England,KP Pietersen,PD Collingwood,SO Tikolo,1,0,,,,,,"",""
ball,2,29.3,England,PD Collingwood,KP Pietersen,SO Tikolo,0,0,,,,,,"",""
ball,2,29.4,England,PD Collingwood,KP Pietersen,SO Tikolo,4,0,,,,,,"",""
ball,2,29.5,England,PD Collingwood,KP Pietersen,SO Tikolo,0,0,,,,,,"",""
ball,2,29.6,England,PD Collingwood,KP Pietersen,SO Tikolo,4,0,,,,,,"",""
ball,2,30.1,England,KP Pietersen,PD Collingwood,CO Obuya,1,0,,,,,,"",""
ball,2,30.2,England,PD Collingwood,KP Pietersen,CO Obuya,1,0,,,,,,"",""
ball,2,30.3,England,KP Pietersen,PD Collingwood,CO Obuya,1,0,,,,,,"",""
ball,2,30.4,England,PD Collingwood,KP Pietersen,CO Obuya,0,0,,,,,,"",""
ball,2,30.5,England,PD Collingwood,KP Pietersen,CO Obuya,1,0,,,,,,"",""
ball,2,30.6,England,KP Pietersen,PD Collingwood,CO Obuya,0,0,,,,,,"",""
ball,2,31.1,England,PD Collingwood,KP Pietersen,HA Varaiya,0,0,,,,,,"",""
ball,2,31.2,England,PD Collingwood,KP Pietersen,HA Varaiya,4,0,,,,,,"",""
ball,2,31.3,England,PD Collingwood,KP Pietersen,HA Varaiya,0,0,,,,,,"",""
ball,2,31.4,England,PD Collingwood,KP Pietersen,HA Varaiya,1,0,,,,,,"",""
ball,2,31.5,England,KP Pietersen,PD Collingwood,HA Varaiya,0,0,,,,,,"",""
ball,2,31.6,England,KP Pietersen,PD Collingwood,HA Varaiya,0,0,,,,,,"",""
ball,2,32.1,England,PD Collingwood,KP Pietersen,CO Obuya,0,0,,,,,,"",""
ball,2,32.2,England,PD Collingwood,KP Pietersen,CO Obuya,1,0,,,,,,"",""
ball,2,32.3,England,KP Pietersen,PD Collingwood,CO Obuya,0,0,,,,,,"",""
ball,2,32.4,England,KP Pietersen,PD Collingwood,CO Obuya,0,0,,,,,,"",""
ball,2,32.5,England,KP Pietersen,PD Collingwood,CO Obuya,0,0,,,,,,"",""
ball,2,32.6,England,KP Pietersen,PD Collingwood,CO Obuya,1,0,,,,,,"",""
