version,1.6.0
info,balls_per_over,6
info,team,Netherlands
info,team,South Africa
info,gender,male
info,season,2006/07
info,date,2007/03/16
info,event,ICC World Cup
info,match_number,7
info,venue,"Warner Park, Basseterre"
info,city,St Kitts
info,neutralvenue,true
info,toss_winner,Netherlands
info,toss_decision,field
info,player_of_match,HH Gibbs
info,umpire,MR Benson
info,umpire,AL Hill
info,reserve_umpire,EAR de Silva
info,tv_umpire,SA Bucknor
info,match_referee,RS Madugalle
info,winner,South Africa
info,winner_runs,221
info,player,Netherlands,B Zuiderent
info,player,Netherlands,DJ Reekers
info,player,Netherlands,AN Kervezee
info,player,Netherlands,RN ten Doeschate
info,player,Netherlands,DLS van Bunge
info,player,Netherlands,ES Szwarczynski
info,player,Netherlands,TBM de Leede
info,player,Netherlands,PW Borren
info,player,Netherlands,LP van Troost
info,player,Netherlands,WF Stelling
info,player,Netherlands,J Smits
info,player,South Africa,AB de Villiers
info,player,South Africa,GC Smith
info,player,South Africa,JH Kallis
info,player,South Africa,HH Gibbs
info,player,South Africa,MV Boucher
info,player,South Africa,AG Prince
info,player,South Africa,JM Kemp
info,player,South Africa,SM Pollock
info,player,South Africa,AJ Hall
info,player,South Africa,CK Langeveldt
info,player,South Africa,A Nel
info,registry,people,A Nel,2503e881
info,registry,people,AB de Villiers,c4487b84
info,registry,people,AG Prince,035cb925
info,registry,people,AJ Hall,6b0c3a20
info,registry,people,AL Hill,4165ced0
info,registry,people,AN Kervezee,dc36a6a5
info,registry,people,B Zuiderent,d953ed6a
info,registry,people,CK Langeveldt,d1c94b25
info,registry,people,DJ Reekers,d84a2d8e
info,registry,people,DLS van Bunge,3185266a
info,registry,people,EAR de Silva,dc63f509
info,registry,people,ES Szwarczynski,6a7239a7
info,registry,people,GC Smith,72861603
info,registry,people,HH Gibbs,e1d1b294
info,registry,people,J Smits,7c681ee9
info,registry,people,JH Kallis,86dc8f2e
info,registry,people,JM Kemp,6581d753
info,registry,people,LP van Troost,34d2ca48
info,registry,people,MR Benson,790e14d3
info,registry,people,MV Boucher,f3cb53a1
info,registry,people,PW Borren,91052c96
info,registry,people,RN ten Doeschate,4ec07775
info,registry,people,RS Madugalle,766b5798
info,registry,people,SA Bucknor,2ad22b51
info,registry,people,SM Pollock,88fccd6c
info,registry,people,TBM de Leede,d2f72b19
info,registry,people,WF Stelling,0c637131
ball,1,0.1,South Africa,AB de Villiers,GC Smith,WF Stelling,0,0,,,,,,"",""
ball,1,0.2,South Africa,AB de Villiers,GC Smith,WF Stelling,0,0,,,,,,caught,AB de Villiers
ball,1,0.3,South Africa,JH Kallis,GC Smith,WF Stelling,0,0,,,,,,"",""
ball,1,0.4,South Africa,JH Kallis,GC Smith,WF Stelling,0,0,,,,,,"",""
ball,1,0.5,South Africa,JH Kallis,GC Smith,WF Stelling,0,0,,,,,,"",""
ball,1,0.6,South Africa,JH Kallis,GC Smith,WF Stelling,0,0,,,,,,"",""
ball,1,1.1,South Africa,GC Smith,JH Kallis,DJ Reekers,0,0,,,,,,"",""
ball,1,1.2,South Africa,GC Smith,JH Kallis,DJ Reekers,0,0,,,,,,"",""
ball,1,1.3,South Africa,GC Smith,JH Kallis,DJ Reekers,0,0,,,,,,"",""
ball,1,1.4,South Africa,GC Smith,JH Kallis,DJ Reekers,0,0,,,,,,"",""
ball,1,1.5,South Africa,GC Smith,JH Kallis,DJ Reekers,1,0,,,,,,"",""
ball,1,1.6,South Africa,JH Kallis,GC Smith,DJ Reekers,0,0,,,,,,"",""
ball,1,2.1,South Africa,GC Smith,JH Kallis,WF Stelling,0,0,,,,,,"",""
ball,1,2.2,South Africa,GC Smith,JH Kallis,WF Stelling,1,0,,,,,,"",""
ball,1,2.3,South Africa,JH Kallis,GC Smith,WF Stelling,0,0,,,,,,"",""
ball,1,2.4,South Africa,JH Kallis,GC Smith,WF Stelling,0,0,,,,,,"",""
ball,1,2.5,South Africa,JH Kallis,GC Smith,WF Stelling,1,0,,,,,,"",""
ball,1,2.6,South Africa,GC Smith,JH Kallis,WF Stelling,0,0,,,,,,"",""
ball,1,3.1,South Africa,JH Kallis,GC Smith,DJ Reekers,0,0,,,,,,"",""
ball,1,3.2,South Africa,JH Kallis,GC Smith,DJ Reekers,0,0,,,,,,"",""
ball,1,3.3,South Africa,JH Kallis,GC Smith,DJ Reekers,0,0,,,,,,"",""
ball,1,3.4,South Africa,JH Kallis,GC Smith,DJ Reekers,0,0,,,,,,"",""
ball,1,3.5,South Africa,JH Kallis,GC Smith,DJ Reekers,0,0,,,,,,"",""
ball,1,3.6,South Africa,JH Kallis,GC Smith,DJ Reekers,0,0,,,,,,"",""
ball,1,4.1,South Africa,GC Smith,JH Kallis,WF Stelling,0,0,,,,,,"",""
ball,1,4.2,South Africa,GC Smith,JH Kallis,WF Stelling,0,0,,,,,,"",""
ball,1,4.3,South Africa,GC Smith,JH Kallis,WF Stelling,1,0,,,,,,"",""
ball,1,4.4,South Africa,JH Kallis,GC Smith,WF Stelling,0,0,,,,,,"",""
ball,1,4.5,South Africa,JH Kallis,GC Smith,WF Stelling,0,0,,,,,,"",""
ball,1,4.6,South Africa,JH Kallis,GC Smith,WF Stelling,0,0,,,,,,"",""
ball,1,5.1,South Africa,GC Smith,JH Kallis,DJ Reekers,0,0,,,,,,"",""
ball,1,5.2,South Africa,GC Smith,JH Kallis,DJ Reekers,0,0,,,,,,"",""
ball,1,5.3,South Africa,GC Smith,JH Kallis,DJ Reekers,6,0,,,,,,"",""
ball,1,5.4,South Africa,GC Smith,JH Kallis,DJ Reekers,1,0,,,,,,"",""
ball,1,5.5,South Africa,JH Kallis,GC Smith,DJ Reekers,0,0,,,,,,"",""
ball,1,5.6,South Africa,JH Kallis,GC Smith,DJ Reekers,0,0,,,,,,"",""
ball,1,6.1,South Africa,GC Smith,JH Kallis,WF Stelling,1,0,,,,,,"",""
ball,1,6.2,South Africa,JH Kallis,GC Smith,WF Stelling,4,0,,,,,,"",""
ball,1,6.3,South Africa,JH Kallis,GC Smith,WF Stelling,1,0,,,,,,"",""
ball,1,6.4,South Africa,GC Smith,JH Kallis,WF Stelling,1,0,,,,,,"",""
ball,1,6.5,South Africa,JH Kallis,GC Smith,WF Stelling,1,0,,,,,,"",""
ball,1,6.6,South Africa,GC Smith,JH Kallis,WF Stelling,1,0,,,,,,"",""
ball,1,7.1,South Africa,GC Smith,JH Kallis,DJ Reekers,2,0,,,,,,"",""
ball,1,7.2,South Africa,GC Smith,JH Kallis,DJ Reekers,4,0,,,,,,"",""
ball,1,7.3,South Africa,GC Smith,JH Kallis,DJ Reekers,1,0,,,,,,"",""
ball,1,7.4,South Africa,JH Kallis,GC Smith,DJ Reekers,1,0,,,,,,"",""
ball,1,7.5,South Africa,GC Smith,JH Kallis,DJ Reekers,2,0,,,,,,"",""
ball,1,7.6,South Africa,GC Smith,JH Kallis,DJ Reekers,0,0,,,,,,"",""
ball,1,8.1,South Africa,JH Kallis,GC Smith,WF Stelling,0,0,,,,,,"",""
ball,1,8.2,South Africa,JH Kallis,GC Smith,WF Stelling,0,0,,,,,,"",""
ball,1,8.3,South Africa,JH Kallis,GC Smith,WF Stelling,0,0,,,,,,"",""
ball,1,8.4,South Africa,JH Kallis,GC Smith,WF Stelling,1,0,,,,,,"",""
ball,1,8.5,South Africa,GC Smith,JH Kallis,WF Stelling,0,0,,,,,,"",""
ball,1,8.6,South Africa,GC Smith,JH Kallis,WF Stelling,0,0,,,,,,"",""
ball,1,9.1,South Africa,JH Kallis,GC Smith,DJ Reekers,3,0,,,,,,"",""
ball,1,9.2,South Africa,GC Smith,JH Kallis,DJ Reekers,4,0,,,,,,"",""
ball,1,9.3,South Africa,GC Smith,JH Kallis,DJ Reekers,0,0,,,,,,"",""
ball,1,9.4,South Africa,GC Smith,JH Kallis,DJ Reekers,1,0,,,,,,"",""
ball,1,9.5,South Africa,JH Kallis,GC Smith,DJ Reekers,0,1,1,,,,,"",""
ball,1,9.6,South Africa,JH Kallis,GC Smith,DJ Reekers,4,0,,,,,,"",""
ball,1,9.7,South Africa,JH Kallis,GC Smith,DJ Reekers,4,0,,,,,,"",""
ball,1,10.1,South Africa,GC Smith,JH Kallis,WF Stelling,0,0,,,,,,"",""
ball,1,10.2,South Africa,GC Smith,JH Kallis,WF Stelling,1,0,,,,,,"",""
ball,1,10.3,South Africa,JH Kallis,GC Smith,WF Stelling,0,1,,,,1,,"",""
ball,1,10.4,South Africa,GC Smith,JH Kallis,WF Stelling,0,0,,,,,,"",""
ball,1,10.5,South Africa,GC Smith,JH Kallis,WF Stelling,0,0,,,,,,"",""
ball,1,10.6,South Africa,GC Smith,JH Kallis,WF Stelling,0,0,,,,,,"",""
ball,1,11.1,South Africa,JH Kallis,GC Smith,RN ten Doeschate,1,1,,1,,,,"",""
ball,1,11.2,South Africa,GC Smith,JH Kallis,RN ten Doeschate,0,0,,,,,,"",""
ball,1,11.3,South Africa,GC Smith,JH Kallis,RN ten Doeschate,0,0,,,,,,"",""
ball,1,11.4,South Africa,GC Smith,JH Kallis,RN ten Doeschate,0,0,,,,,,"",""
ball,1,11.5,South Africa,GC Smith,JH Kallis,RN ten Doeschate,2,0,,,,,,"",""
ball,1,11.6,South Africa,GC Smith,JH Kallis,RN ten Doeschate,4,0,,,,,,"",""
ball,1,11.7,South Africa,GC Smith,JH Kallis,RN ten Doeschate,0,0,,,,,,"",""
ball,1,12.1,South Africa,JH Kallis,GC Smith,TBM de Leede,1,0,,,,,,"",""
ball,1,12.2,South Africa,GC Smith,JH Kallis,TBM de Leede,1,0,,,,,,"",""
ball,1,12.3,South Africa,JH Kallis,GC Smith,TBM de Leede,0,0,,,,,,"",""
ball,1,12.4,South Africa,JH Kallis,GC Smith,TBM de Leede,1,0,,,,,,"",""
ball,1,12.5,South Africa,GC Smith,JH Kallis,TBM de Leede,2,0,,,,,,"",""
ball,1,12.6,South Africa,GC Smith,JH Kallis,TBM de Leede,6,0,,,,,,"",""
ball,1,13.1,South Africa,JH Kallis,GC Smith,RN ten Doeschate,0,0,,,,,,"",""
ball,1,13.2,South Africa,JH Kallis,GC Smith,RN ten Doeschate,0,0,,,,,,"",""
ball,1,13.3,South Africa,JH Kallis,GC Smith,RN ten Doeschate,0,0,,,,,,"",""
ball,1,13.4,South Africa,JH Kallis,GC Smith,RN ten Doeschate,0,0,,,,,,"",""
ball,1,13.5,South Africa,JH Kallis,GC Smith,RN ten Doeschate,6,0,,,,,,"",""
ball,1,13.6,South Africa,JH Kallis,GC Smith,RN ten Doeschate,0,0,,,,,,"",""
ball,1,14.1,South Africa,GC Smith,JH Kallis,TBM de Leede,1,0,,,,,,"",""
ball,1,14.2,South Africa,JH Kallis,GC Smith,TBM de Leede,0,1,1,,,,,"",""
ball,1,14.3,South Africa,JH Kallis,GC Smith,TBM de Leede,1,0,,,,,,"",""
ball,1,14.4,South Africa,GC Smith,JH Kallis,TBM de Leede,4,0,,,,,,"",""
ball,1,14.5,South Africa,GC Smith,JH Kallis,TBM de Leede,3,0,,,,,,"",""
ball,1,14.6,South Africa,JH Kallis,GC Smith,TBM de Leede,1,0,,,,,,"",""
ball,1,14.7,South Africa,GC Smith,JH Kallis,TBM de Leede,4,0,,,,,,"",""
ball,1,15.1,South Africa,JH Kallis,GC Smith,RN ten Doeschate,1,0,,,,,,"",""
ball,1,15.2,South Africa,GC Smith,JH Kallis,RN ten Doeschate,0,0,,,,,,"",""
ball,1,15.3,South Africa,GC Smith,JH Kallis,RN ten Doeschate,0,0,,,,,,"",""
ball,1,15.4,South Africa,GC Smith,JH Kallis,RN ten Doeschate,0,0,,,,,,"",""
ball,1,15.5,South Africa,GC Smith,JH Kallis,RN ten Doeschate,1,0,,,,,,"",""
ball,1,15.6,South Africa,JH Kallis,GC Smith,RN ten Doeschate,1,0,,,,,,"",""
ball,1,16.1,South Africa,JH Kallis,GC Smith,PW Borren,0,0,,,,,,"",""
ball,1,16.2,South Africa,JH Kallis,GC Smith,PW Borren,1,0,,,,,,"",""
ball,1,16.3,South Africa,GC Smith,JH Kallis,PW Borren,4,0,,,,,,"",""
ball,1,16.4,South Africa,GC Smith,JH Kallis,PW Borren,1,0,,,,,,"",""
ball,1,16.5,South Africa,JH Kallis,GC Smith,PW Borren,4,0,,,,,,"",""
ball,1,16.6,South Africa,JH Kallis,GC Smith,PW Borren,0,0,,,,,,"",""
ball,1,17.1,South Africa,GC Smith,JH Kallis,RN ten Doeschate,1,0,,,,,,"",""
ball,1,17.2,South Africa,JH Kallis,GC Smith,RN ten Doeschate,2,0,,,,,,"",""
ball,1,17.3,South Africa,JH Kallis,GC Smith,RN ten Doeschate,1,0,,,,,,"",""
ball,1,17.4,South Africa,GC Smith,JH Kallis,RN ten Doeschate,2,0,,,,,,"",""
ball,1,17.5,South Africa,GC Smith,JH Kallis,RN ten Doeschate,1,0,,,,,,"",""
ball,1,17.6,South Africa,JH Kallis,GC Smith,RN ten Doeschate,0,0,,,,,,"",""
ball,1,18.1,South Africa,GC Smith,JH Kallis,PW Borren,0,0,,,,,,"",""
ball,1,18.2,South Africa,GC Smith,JH Kallis,PW Borren,1,0,,,,,,"",""
ball,1,18.3,South Africa,JH Kallis,GC Smith,PW Borren,1,0,,,,,,"",""
ball,1,18.4,South Africa,GC Smith,JH Kallis,PW Borren,1,0,,,,,,"",""
ball,1,18.5,South Africa,JH Kallis,GC Smith,PW Borren,1,0,,,,,,"",""
ball,1,18.6,South Africa,GC Smith,JH Kallis,PW Borren,0,0,,,,,,caught,GC Smith
ball,1,19.1,South Africa,HH Gibbs,JH Kallis,RN ten Doeschate,0,0,,,,,,"",""
ball,1,19.2,South Africa,HH Gibbs,JH Kallis,RN ten Doeschate,1,0,,,,,,"",""
ball,1,19.3,South Africa,JH Kallis,HH Gibbs,RN ten Doeschate,0,0,,,,,,"",""
ball,1,19.4,South Africa,JH Kallis,HH Gibbs,RN ten Doeschate,1,0,,,,,,"",""
ball,1,19.5,South Africa,HH Gibbs,JH Kallis,RN ten Doeschate,0,0,,,,,,"",""
ball,1,19.6,South Africa,HH Gibbs,JH Kallis,RN ten Doeschate,0,0,,,,,,"",""
ball,1,20.1,South Africa,JH Kallis,HH Gibbs,PW Borren,0,0,,,,,,"",""
ball,1,20.2,South Africa,JH Kallis,HH Gibbs,PW Borren,1,0,,,,,,"",""
ball,1,20.3,South Africa,HH Gibbs,JH Kallis,PW Borren,0,0,,,,,,"",""
ball,1,20.4,South Africa,HH Gibbs,JH Kallis,PW Borren,0,0,,,,,,"",""
ball,1,20.5,South Africa,HH Gibbs,JH Kallis,PW Borren,1,0,,,,,,"",""
ball,1,20.6,South Africa,JH Kallis,HH Gibbs,PW Borren,1,0,,,,,,"",""
ball,1,21.1,South Africa,JH Kallis,HH Gibbs,RN ten Doeschate,4,0,,,,,,"",""
ball,1,21.2,South Africa,JH Kallis,HH Gibbs,RN ten Doeschate,0,0,,,,,,"",""
ball,1,21.3,South Africa,JH Kallis,HH Gibbs,RN ten Doeschate,4,0,,,,,,"",""
ball,1,21.4,South Africa,JH Kallis,HH Gibbs,RN ten Doeschate,1,0,,,,,,"",""
ball,1,21.5,South Africa,HH Gibbs,JH Kallis,RN ten Doeschate,0,0,,,,,,"",""
ball,1,21.6,South Africa,HH Gibbs,JH Kallis,RN ten Doeschate,0,0,,,,,,"",""
ball,1,22.1,South Africa,JH Kallis,HH Gibbs,PW Borren,1,0,,,,,,"",""
ball,1,22.2,South Africa,HH Gibbs,JH Kallis,PW Borren,1,0,,,,,,"",""
ball,1,22.3,South Africa,JH Kallis,HH Gibbs,PW Borren,1,0,,,,,,"",""
ball,1,22.4,South Africa,HH Gibbs,JH Kallis,PW Borren,4,0,,,,,,"",""
ball,1,22.5,South Africa,HH Gibbs,JH Kallis,PW Borren,0,0,,,,,,"",""
ball,1,22.6,South Africa,HH Gibbs,JH Kallis,PW Borren,1,0,,,,,,"",""
ball,1,23.1,South Africa,HH Gibbs,JH Kallis,DLS van Bunge,0,0,,,,,,"",""
ball,1,23.2,South Africa,HH Gibbs,JH Kallis,DLS van Bunge,4,0,,,,,,"",""
ball,1,23.3,South Africa,HH Gibbs,JH Kallis,DLS van Bunge,1,0,,,,,,"",""
ball,1,23.4,South Africa,JH Kallis,HH Gibbs,DLS van Bunge,0,0,,,,,,"",""
ball,1,23.5,South Africa,JH Kallis,HH Gibbs,DLS van Bunge,1,0,,,,,,"",""
ball,1,23.6,South Africa,HH Gibbs,JH Kallis,DLS van Bunge,2,0,,,,,,"",""
ball,1,24.1,South Africa,JH Kallis,HH Gibbs,PW Borren,1,0,,,,,,"",""
ball,1,24.2,South Africa,HH Gibbs,JH Kallis,PW Borren,1,0,,,,,,"",""
ball,1,24.3,South Africa,JH Kallis,HH Gibbs,PW Borren,1,0,,,,,,"",""
ball,1,24.4,South Africa,HH Gibbs,JH Kallis,PW Borren,1,0,,,,,,"",""
ball,1,24.5,South Africa,JH Kallis,HH Gibbs,PW Borren,1,0,,,,,,"",""
ball,1,24.6,South Africa,HH Gibbs,JH Kallis,PW Borren,1,0,,,,,,"",""
ball,1,25.1,South Africa,HH Gibbs,JH Kallis,DLS van Bunge,0,0,,,,,,"",""
ball,1,25.2,South Africa,HH Gibbs,JH Kallis,DLS van Bunge,0,0,,,,,,"",""
ball,1,25.3,South Africa,HH Gibbs,JH Kallis,DLS van Bunge,0,0,,,,,,"",""
ball,1,25.4,South Africa,HH Gibbs,JH Kallis,DLS van Bunge,1,0,,,,,,"",""
ball,1,25.5,South Africa,JH Kallis,HH Gibbs,DLS van Bunge,0,0,,,,,,"",""
ball,1,25.6,South Africa,JH Kallis,HH Gibbs,DLS van Bunge,0,0,,,,,,"",""
ball,1,26.1,South Africa,HH Gibbs,JH Kallis,PW Borren,0,0,,,,,,"",""
ball,1,26.2,South Africa,HH Gibbs,JH Kallis,PW Borren,1,0,,,,,,"",""
ball,1,26.3,South Africa,JH Kallis,HH Gibbs,PW Borren,1,0,,,,,,"",""
ball,1,26.4,South Africa,HH Gibbs,JH Kallis,PW Borren,1,0,,,,,,"",""
ball,1,26.5,South Africa,JH Kallis,HH Gibbs,PW Borren,0,0,,,,,,"",""
ball,1,26.6,South Africa,JH Kallis,HH Gibbs,PW Borren,1,0,,,,,,"",""
ball,1,27.1,South Africa,JH Kallis,HH Gibbs,DLS van Bunge,4,0,,,,,,"",""
ball,1,27.2,South Africa,JH Kallis,HH Gibbs,DLS van Bunge,0,0,,,,,,"",""
ball,1,27.3,South Africa,JH Kallis,HH Gibbs,DLS van Bunge,0,0,,,,,,"",""
ball,1,27.4,South Africa,JH Kallis,HH Gibbs,DLS van Bunge,2,0,,,,,,"",""
ball,1,27.5,South Africa,JH Kallis,HH Gibbs,DLS van Bunge,1,0,,,,,,"",""
ball,1,27.6,South Africa,HH Gibbs,JH Kallis,DLS van Bunge,4,0,,,,,,"",""
ball,1,28.1,South Africa,JH Kallis,HH Gibbs,LP van Troost,0,0,,,,,,"",""
ball,1,28.2,South Africa,JH Kallis,HH Gibbs,LP van Troost,4,0,,,,,,"",""
ball,1,28.3,South Africa,JH Kallis,HH Gibbs,LP van Troost,1,0,,,,,,"",""
ball,1,28.4,South Africa,HH Gibbs,JH Kallis,LP van Troost,6,0,,,,,,"",""
ball,1,28.5,South Africa,HH Gibbs,JH Kallis,LP van Troost,1,0,,,,,,"",""
ball,1,28.6,South Africa,JH Kallis,HH Gibbs,LP van Troost,0,0,,,,,,"",""
ball,1,29.1,South Africa,HH Gibbs,JH Kallis,DLS van Bunge,6,0,,,,,,"",""
ball,1,29.2,South Africa,HH Gibbs,JH Kallis,DLS van Bunge,6,0,,,,,,"",""
ball,1,29.3,South Africa,HH Gibbs,JH Kallis,DLS van Bunge,6,0,,,,,,"",""
ball,1,29.4,South Africa,HH Gibbs,JH Kallis,DLS van Bunge,6,0,,,,,,"",""
ball,1,29.5,South Africa,HH Gibbs,JH Kallis,DLS van Bunge,6,0,,,,,,"",""
ball,1,29.6,South Africa,HH Gibbs,JH Kallis,DLS van Bunge,6,0,,,,,,"",""
ball,1,30.1,South Africa,JH Kallis,HH Gibbs,LP van Troost,1,0,,,,,,"",""
ball,1,30.2,South Africa,HH Gibbs,JH Kallis,LP van Troost,0,0,,,,,,"",""
ball,1,30.3,South Africa,HH Gibbs,JH Kallis,LP van Troost,0,0,,,,,,"",""
ball,1,30.4,South Africa,HH Gibbs,JH Kallis,LP van Troost,4,0,,,,,,"",""
ball,1,30.5,South Africa,HH Gibbs,JH Kallis,LP van Troost,0,0,,,,,,caught,HH Gibbs
ball,1,30.6,South Africa,MV Boucher,JH Kallis,LP van Troost,0,0,,,,,,"",""
ball,1,31.1,South Africa,JH Kallis,MV Boucher,TBM de Leede,4,0,,,,,,"",""
ball,1,31.2,South Africa,JH Kallis,MV Boucher,TBM de Leede,2,0,,,,,,"",""
ball,1,31.3,South Africa,JH Kallis,MV Boucher,TBM de Leede,1,0,,,,,,"",""
ball,1,31.4,South Africa,MV Boucher,JH Kallis,TBM de Leede,1,0,,,,,,"",""
ball,1,31.5,South Africa,JH Kallis,MV Boucher,TBM de Leede,1,0,,,,,,"",""
ball,1,31.6,South Africa,MV Boucher,JH Kallis,TBM de Leede,1,0,,,,,,"",""
ball,1,32.1,South Africa,MV Boucher,JH Kallis,WF Stelling,4,0,,,,,,"",""
ball,1,32.2,South Africa,MV Boucher,JH Kallis,WF Stelling,1,0,,,,,,"",""
ball,1,32.3,South Africa,JH Kallis,MV Boucher,WF Stelling,1,0,,,,,,"",""
ball,1,32.4,South Africa,MV Boucher,JH Kallis,WF Stelling,1,0,,,,,,"",""
ball,1,32.5,South Africa,JH Kallis,MV Boucher,WF Stelling,1,0,,,,,,"",""
ball,1,32.6,South Africa,MV Boucher,JH Kallis,WF Stelling,1,0,,,,,,"",""
ball,1,33.1,South Africa,MV Boucher,JH Kallis,TBM de Leede,1,0,,,,,,"",""
ball,1,33.2,South Africa,JH Kallis,MV Boucher,TBM de Leede,1,0,,,,,,"",""
ball,1,33.3,South Africa,MV Boucher,JH Kallis,TBM de Leede,4,0,,,,,,"",""
ball,1,33.4,South Africa,MV Boucher,JH Kallis,TBM de Leede,1,0,,,,,,"",""
ball,1,33.5,South Africa,JH Kallis,MV Boucher,TBM de Leede,4,0,,,,,,"",""
ball,1,33.6,South Africa,JH Kallis,MV Boucher,TBM de Leede,1,0,,,,,,"",""
ball,1,34.1,South Africa,JH Kallis,MV Boucher,WF Stelling,1,0,,,,,,"",""
ball,1,34.2,South Africa,MV Boucher,JH Kallis,WF Stelling,6,0,,,,,,"",""
ball,1,34.3,South Africa,MV Boucher,JH Kallis,WF Stelling,4,0,,,,,,"",""
ball,1,34.4,South Africa,MV Boucher,JH Kallis,WF Stelling,6,0,,,,,,"",""
ball,1,34.5,South Africa,MV Boucher,JH Kallis,WF Stelling,1,0,,,,,,"",""
ball,1,34.6,South Africa,JH Kallis,MV Boucher,WF Stelling,0,1,1,,,,,"",""
ball,1,34.7,South Africa,JH Kallis,MV Boucher,WF Stelling,1,0,,,,,,"",""
ball,1,35.1,South Africa,JH Kallis,MV Boucher,LP van Troost,6,0,,,,,,"",""
ball,1,35.2,South Africa,JH Kallis,MV Boucher,LP van Troost,0,1,,,,1,,"",""
ball,1,35.3,South Africa,MV Boucher,JH Kallis,LP van Troost,1,0,,,,,,"",""
ball,1,35.4,South Africa,JH Kallis,MV Boucher,LP van Troost,0,0,,,,,,"",""
ball,1,35.5,South Africa,JH Kallis,MV Boucher,LP van Troost,1,0,,,,,,"",""
ball,1,35.6,South Africa,MV Boucher,JH Kallis,LP van Troost,4,0,,,,,,"",""
ball,1,36.1,South Africa,JH Kallis,MV Boucher,PW Borren,1,0,,,,,,"",""
ball,1,36.2,South Africa,MV Boucher,JH Kallis,PW Borren,1,0,,,,,,"",""
ball,1,36.3,South Africa,JH Kallis,MV Boucher,PW Borren,0,0,,,,,,"",""
ball,1,36.4,South Africa,JH Kallis,MV Boucher,PW Borren,1,0,,,,,,"",""
ball,1,36.5,South Africa,MV Boucher,JH Kallis,PW Borren,4,0,,,,,,"",""
ball,1,36.6,South Africa,MV Boucher,JH Kallis,PW Borren,1,0,,,,,,"",""
ball,1,37.1,South Africa,MV Boucher,JH Kallis,RN ten Doeschate,4,0,,,,,,"",""
ball,1,37.2,South Africa,MV Boucher,JH Kallis,RN ten Doeschate,4,0,,,,,,"",""
ball,1,37.3,South Africa,MV Boucher,JH Kallis,RN ten Doeschate,4,0,,,,,,"",""
ball,1,37.4,South Africa,MV Boucher,JH Kallis,RN ten Doeschate,6,0,,,,,,"",""
ball,1,37.5,South Africa,MV Boucher,JH Kallis,RN ten Doeschate,1,0,,,,,,"",""
ball,1,37.6,South Africa,JH Kallis,MV Boucher,RN ten Doeschate,4,0,,,,,,"",""
ball,1,38.1,South Africa,MV Boucher,JH Kallis,PW Borren,6,0,,,,,,"",""
ball,1,38.2,South Africa,MV Boucher,JH Kallis,PW Borren,0,0,,,,,,"",""
ball,1,38.3,South Africa,MV Boucher,JH Kallis,PW Borren,1,0,,,,,,"",""
ball,1,38.4,South Africa,JH Kallis,MV Boucher,PW Borren,1,0,,,,,,"",""
ball,1,38.5,South Africa,MV Boucher,JH Kallis,PW Borren,0,0,,,,,,"",""
ball,1,38.6,South Africa,MV Boucher,JH Kallis,PW Borren,1,0,,,,,,"",""
ball,1,39.1,South Africa,MV Boucher,JH Kallis,LP van Troost,4,0,,,,,,"",""
ball,1,39.2,South Africa,MV Boucher,JH Kallis,LP van Troost,1,0,,,,,,"",""
ball,1,39.3,South Africa,JH Kallis,MV Boucher,LP van Troost,2,0,,,,,,"",""
ball,1,39.4,South Africa,JH Kallis,MV Boucher,LP van Troost,0,5,5,,,,,"",""
ball,1,39.5,South Africa,JH Kallis,MV Boucher,LP van Troost,6,0,,,,,,"",""
ball,1,39.6,South Africa,JH Kallis,MV Boucher,LP van Troost,6,0,,,,,,"",""
ball,1,39.7,South Africa,JH Kallis,MV Boucher,LP van Troost,6,0,,,,,,"",""
ball,2,0.1,Netherlands,B Zuiderent,DJ Reekers,SM Pollock,0,0,,,,,,"",""
ball,2,0.2,Netherlands,B Zuiderent,DJ Reekers,SM Pollock,0,0,,,,,,"",""
ball,2,0.3,Netherlands,B Zuiderent,DJ Reekers,SM Pollock,0,0,,,,,,"",""
ball,2,0.4,Netherlands,B Zuiderent,DJ Reekers,SM Pollock,0,0,,,,,,"",""
ball,2,0.5,Netherlands,B Zuiderent,DJ Reekers,SM Pollock,0,1,1,,,,,"",""
ball,2,0.6,Netherlands,B Zuiderent,DJ Reekers,SM Pollock,0,0,,,,,,"",""
ball,2,0.7,Netherlands,B Zuiderent,DJ Reekers,SM Pollock,0,0,,,,,,"",""
ball,2,1.1,Netherlands,DJ Reekers,B Zuiderent,A Nel,0,0,,,,,,"",""
ball,2,1.2,Netherlands,DJ Reekers,B Zuiderent,A Nel,0,0,,,,,,"",""
ball,2,1.3,Netherlands,DJ Reekers,B Zuiderent,A Nel,0,0,,,,,,"",""
ball,2,1.4,Netherlands,DJ Reekers,B Zuiderent,A Nel,0,0,,,,,,"",""
ball,2,1.5,Netherlands,DJ Reekers,B Zuiderent,A Nel,4,0,,,,,,"",""
ball,2,1.6,Netherlands,DJ Reekers,B Zuiderent,A Nel,0,0,,,,,,"",""
ball,2,2.1,Netherlands,B Zuiderent,DJ Reekers,SM Pollock,0,0,,,,,,"",""
ball,2,2.2,Netherlands,B Zuiderent,DJ Reekers,SM Pollock,0,0,,,,,,run out,DJ Reekers
ball,2,2.3,Netherlands,AN Kervezee,B Zuiderent,SM Pollock,0,0,,,,,,"",""
ball,2,2.4,Netherlands,AN Kervezee,B Zuiderent,SM Pollock,0,0,,,,,,"",""
ball,2,2.5,Netherlands,AN Kervezee,B Zuiderent,SM Pollock,0,0,,,,,,"",""
ball,2,2.6,Netherlands,AN Kervezee,B Zuiderent,SM Pollock,0,0,,,,,,"",""
ball,2,3.1,Netherlands,B Zuiderent,AN Kervezee,A Nel,1,0,,,,,,"",""
ball,2,3.2,Netherlands,AN Kervezee,B Zuiderent,A Nel,0,0,,,,,,"",""
ball,2,3.3,Netherlands,AN Kervezee,B Zuiderent,A Nel,0,0,,,,,,"",""
ball,2,3.4,Netherlands,AN Kervezee,B Zuiderent,A Nel,0,0,,,,,,"",""
ball,2,3.5,Netherlands,AN Kervezee,B Zuiderent,A Nel,0,0,,,,,,"",""
ball,2,3.6,Netherlands,AN Kervezee,B Zuiderent,A Nel,0,0,,,,,,"",""
ball,2,4.1,Netherlands,B Zuiderent,AN Kervezee,SM Pollock,0,0,,,,,,bowled,B Zuiderent
ball,2,4.2,Netherlands,RN ten Doeschate,AN Kervezee,SM Pollock,0,0,,,,,,"",""
ball,2,4.3,Netherlands,RN ten Doeschate,AN Kervezee,SM Pollock,0,1,,,,1,,"",""
ball,2,4.4,Netherlands,AN Kervezee,RN ten Doeschate,SM Pollock,0,0,,,,,,"",""
ball,2,4.5,Netherlands,AN Kervezee,RN ten Doeschate,SM Pollock,0,0,,,,,,"",""
ball,2,4.6,Netherlands,AN Kervezee,RN ten Doeschate,SM Pollock,0,0,,,,,,"",""
ball,2,5.1,Netherlands,RN ten Doeschate,AN Kervezee,A Nel,1,0,,,,,,"",""
ball,2,5.2,Netherlands,AN Kervezee,RN ten Doeschate,A Nel,0,0,,,,,,"",""
ball,2,5.3,Netherlands,AN Kervezee,RN ten Doeschate,A Nel,1,0,,,,,,"",""
ball,2,5.4,Netherlands,RN ten Doeschate,AN Kervezee,A Nel,0,0,,,,,,"",""
ball,2,5.5,Netherlands,RN ten Doeschate,AN Kervezee,A Nel,0,0,,,,,,"",""
ball,2,5.6,Netherlands,RN ten Doeschate,AN Kervezee,A Nel,0,0,,,,,,"",""
ball,2,6.1,Netherlands,AN Kervezee,RN ten Doeschate,SM Pollock,0,0,,,,,,"",""
ball,2,6.2,Netherlands,AN Kervezee,RN ten Doeschate,SM Pollock,0,0,,,,,,"",""
ball,2,6.3,Netherlands,AN Kervezee,RN ten Doeschate,SM Pollock,0,0,,,,,,"",""
ball,2,6.4,Netherlands,AN Kervezee,RN ten Doeschate,SM Pollock,0,0,,,,,,"",""
ball,2,6.5,Netherlands,AN Kervezee,RN ten Doeschate,SM Pollock,0,0,,,,,,"",""
ball,2,6.6,Netherlands,AN Kervezee,RN ten Doeschate,SM Pollock,1,0,,,,,,"",""
ball,2,7.1,Netherlands,AN Kervezee,RN ten Doeschate,A Nel,0,0,,,,,,"",""
ball,2,7.2,Netherlands,AN Kervezee,RN ten Doeschate,A Nel,1,0,,,,,,"",""
ball,2,7.3,Netherlands,RN ten Doeschate,AN Kervezee,A Nel,0,0,,,,,,"",""
ball,2,7.4,Netherlands,RN ten Doeschate,AN Kervezee,A Nel,4,0,,,,,,"",""
ball,2,7.5,Netherlands,RN ten Doeschate,AN Kervezee,A Nel,0,0,,,,,,"",""
ball,2,7.6,Netherlands,RN ten Doeschate,AN Kervezee,A Nel,0,0,,,,,,"",""
ball,2,8.1,Netherlands,AN Kervezee,RN ten Doeschate,SM Pollock,0,0,,,,,,"",""
ball,2,8.2,Netherlands,AN Kervezee,RN ten Doeschate,SM Pollock,0,0,,,,,,"",""
ball,2,8.3,Netherlands,AN Kervezee,RN ten Doeschate,SM Pollock,0,0,,,,,,"",""
ball,2,8.4,Netherlands,AN Kervezee,RN ten Doeschate,SM Pollock,0,0,,,,,,"",""
ball,2,8.5,Netherlands,AN Kervezee,RN ten Doeschate,SM Pollock,0,0,,,,,,"",""
ball,2,8.6,Netherlands,AN Kervezee,RN ten Doeschate,SM Pollock,0,1,,,,1,,"",""
ball,2,9.1,Netherlands,AN Kervezee,RN ten Doeschate,A Nel,0,0,,,,,,"",""
ball,2,9.2,Netherlands,AN Kervezee,RN ten Doeschate,A Nel,0,0,,,,,,"",""
ball,2,9.3,Netherlands,AN Kervezee,RN ten Doeschate,A Nel,0,0,,,,,,"",""
ball,2,9.4,Netherlands,AN Kervezee,RN ten Doeschate,A Nel,0,0,,,,,,"",""
ball,2,9.5,Netherlands,AN Kervezee,RN ten Doeschate,A Nel,0,0,,,,,,"",""
ball,2,9.6,Netherlands,AN Kervezee,RN ten Doeschate,A Nel,0,0,,,,,,"",""
ball,2,10.1,Netherlands,RN ten Doeschate,AN Kervezee,SM Pollock,0,0,,,,,,"",""
ball,2,10.2,Netherlands,RN ten Doeschate,AN Kervezee,SM Pollock,0,0,,,,,,"",""
ball,2,10.3,Netherlands,RN ten Doeschate,AN Kervezee,SM Pollock,0,0,,,,,,"",""
ball,2,10.4,Netherlands,RN ten Doeschate,AN Kervezee,SM Pollock,1,0,,,,,,"",""
ball,2,10.5,Netherlands,AN Kervezee,RN ten Doeschate,SM Pollock,0,0,,,,,,"",""
ball,2,10.6,Netherlands,AN Kervezee,RN ten Doeschate,SM Pollock,1,0,,,,,,"",""
ball,2,11.1,Netherlands,AN Kervezee,RN ten Doeschate,A Nel,0,0,,,,,,"",""
ball,2,11.2,Netherlands,AN Kervezee,RN ten Doeschate,A Nel,4,0,,,,,,"",""
ball,2,11.3,Netherlands,AN Kervezee,RN ten Doeschate,A Nel,0,0,,,,,,"",""
ball,2,11.4,Netherlands,AN Kervezee,RN ten Doeschate,A Nel,3,0,,,,,,"",""
ball,2,11.5,Netherlands,RN ten Doeschate,AN Kervezee,A Nel,0,0,,,,,,"",""
ball,2,11.6,Netherlands,RN ten Doeschate,AN Kervezee,A Nel,0,0,,,,,,"",""
ball,2,12.1,Netherlands,AN Kervezee,RN ten Doeschate,CK Langeveldt,1,0,,,,,,"",""
ball,2,12.2,Netherlands,RN ten Doeschate,AN Kervezee,CK Langeveldt,1,0,,,,,,"",""
ball,2,12.3,Netherlands,AN Kervezee,RN ten Doeschate,CK Langeveldt,4,0,,,,,,"",""
ball,2,12.4,Netherlands,AN Kervezee,RN ten Doeschate,CK Langeveldt,0,0,,,,,,"",""
ball,2,12.5,Netherlands,AN Kervezee,RN ten Doeschate,CK Langeveldt,0,0,,,,,,"",""
ball,2,12.6,Netherlands,AN Kervezee,RN ten Doeschate,CK Langeveldt,0,0,,,,,,"",""
ball,2,13.1,Netherlands,RN ten Doeschate,AN Kervezee,AJ Hall,1,0,,,,,,"",""
ball,2,13.2,Netherlands,AN Kervezee,RN ten Doeschate,AJ Hall,0,0,,,,,,"",""
ball,2,13.3,Netherlands,AN Kervezee,RN ten Doeschate,AJ Hall,0,0,,,,,,"",""
ball,2,13.4,Netherlands,AN Kervezee,RN ten Doeschate,AJ Hall,0,0,,,,,,"",""
ball,2,13.5,Netherlands,AN Kervezee,RN ten Doeschate,AJ Hall,0,0,,,,,,"",""
ball,2,13.6,Netherlands,AN Kervezee,RN ten Doeschate,AJ Hall,1,0,,,,,,"",""
ball,2,14.1,Netherlands,AN Kervezee,RN ten Doeschate,CK Langeveldt,0,0,,,,,,"",""
ball,2,14.2,Netherlands,AN Kervezee,RN ten Doeschate,CK Langeveldt,0,0,,,,,,caught,AN Kervezee
ball,2,14.3,Netherlands,RN ten Doeschate,DLS van Bunge,CK Langeveldt,0,0,,,,,,"",""
ball,2,14.4,Netherlands,RN ten Doeschate,DLS van Bunge,CK Langeveldt,0,0,,,,,,"",""
ball,2,14.5,Netherlands,RN ten Doeschate,DLS van Bunge,CK Langeveldt,0,0,,,,,,"",""
ball,2,14.6,Netherlands,RN ten Doeschate,DLS van Bunge,CK Langeveldt,1,0,,,,,,"",""
ball,2,15.1,Netherlands,RN ten Doeschate,DLS van Bunge,AJ Hall,0,1,,,,1,,"",""
ball,2,15.2,Netherlands,DLS van Bunge,RN ten Doeschate,AJ Hall,0,0,,,,,,"",""
ball,2,15.3,Netherlands,DLS van Bunge,RN ten Doeschate,AJ Hall,0,0,,,,,,"",""
ball,2,15.4,Netherlands,DLS van Bunge,RN ten Doeschate,AJ Hall,0,0,,,,,,"",""
ball,2,15.5,Netherlands,DLS van Bunge,RN ten Doeschate,AJ Hall,0,0,,,,,,"",""
ball,2,15.6,Netherlands,DLS van Bunge,RN ten Doeschate,AJ Hall,0,0,,,,,,"",""
ball,2,16.1,Netherlands,RN ten Doeschate,DLS van Bunge,CK Langeveldt,1,0,,,,,,"",""
ball,2,16.2,Netherlands,DLS van Bunge,RN ten Doeschate,CK Langeveldt,1,0,,,,,,"",""
ball,2,16.3,Netherlands,RN ten Doeschate,DLS van Bunge,CK Langeveldt,1,0,,,,,,"",""
ball,2,16.4,Netherlands,DLS van Bunge,RN ten Doeschate,CK Langeveldt,0,0,,,,,,"",""
ball,2,16.5,Netherlands,DLS van Bunge,RN ten Doeschate,CK Langeveldt,0,0,,,,,,"",""
ball,2,16.6,Netherlands,DLS van Bunge,RN ten Doeschate,CK Langeveldt,0,0,,,,,,"",""
ball,2,17.1,Netherlands,RN ten Doeschate,DLS van Bunge,AJ Hall,0,0,,,,,,"",""
ball,2,17.2,Netherlands,RN ten Doeschate,DLS van Bunge,AJ Hall,4,0,,,,,,"",""
ball,2,17.3,Netherlands,RN ten Doeschate,DLS van Bunge,AJ Hall,0,0,,,,,,"",""
ball,2,17.4,Netherlands,RN ten Doeschate,DLS van Bunge,AJ Hall,0,0,,,,,,"",""
ball,2,17.5,Netherlands,RN ten Doeschate,DLS van Bunge,AJ Hall,0,0,,,,,,"",""
ball,2,17.6,Netherlands,RN ten Doeschate,DLS van Bunge,AJ Hall,0,0,,,,,,"",""
ball,2,18.1,Netherlands,DLS van Bunge,RN ten Doeschate,CK Langeveldt,0,0,,,,,,"",""
ball,2,18.2,Netherlands,DLS van Bunge,RN ten Doeschate,CK Langeveldt,0,0,,,,,,"",""
ball,2,18.3,Netherlands,DLS van Bunge,RN ten Doeschate,CK Langeveldt,4,0,,,,,,"",""
ball,2,18.4,Netherlands,DLS van Bunge,RN ten Doeschate,CK Langeveldt,0,0,,,,,,"",""
ball,2,18.5,Netherlands,DLS van Bunge,RN ten Doeschate,CK Langeveldt,0,0,,,,,,"",""
ball,2,18.6,Netherlands,DLS van Bunge,RN ten Doeschate,CK Langeveldt,0,0,,,,,,"",""
ball,2,19.1,Netherlands,RN ten Doeschate,DLS van Bunge,AJ Hall,1,0,,,,,,"",""
ball,2,19.2,Netherlands,DLS van Bunge,RN ten Doeschate,AJ Hall,0,0,,,,,,lbw,DLS van Bunge
ball,2,19.3,Netherlands,ES Szwarczynski,RN ten Doeschate,AJ Hall,0,0,,,,,,"",""
ball,2,19.4,Netherlands,ES Szwarczynski,RN ten Doeschate,AJ Hall,0,0,,,,,,"",""
ball,2,19.5,Netherlands,ES Szwarczynski,RN ten Doeschate,AJ Hall,0,0,,,,,,"",""
ball,2,19.6,Netherlands,ES Szwarczynski,RN ten Doeschate,AJ Hall,1,0,,,,,,"",""
ball,2,20.1,Netherlands,ES Szwarczynski,RN ten Doeschate,CK Langeveldt,0,0,,,,,,"",""
ball,2,20.2,Netherlands,ES Szwarczynski,RN ten Doeschate,CK Langeveldt,4,0,,,,,,"",""
ball,2,20.3,Netherlands,ES Szwarczynski,RN ten Doeschate,CK Langeveldt,0,0,,,,,,"",""
ball,2,20.4,Netherlands,ES Szwarczynski,RN ten Doeschate,CK Langeveldt,0,0,,,,,,"",""
ball,2,20.5,Netherlands,ES Szwarczynski,RN ten Doeschate,CK Langeveldt,0,0,,,,,,"",""
ball,2,20.6,Netherlands,ES Szwarczynski,RN ten Doeschate,CK Langeveldt,0,0,,,,,,"",""
ball,2,21.1,Netherlands,RN ten Doeschate,ES Szwarczynski,AJ Hall,4,0,,,,,,"",""
ball,2,21.2,Netherlands,RN ten Doeschate,ES Szwarczynski,AJ Hall,0,0,,,,,,"",""
ball,2,21.3,Netherlands,RN ten Doeschate,ES Szwarczynski,AJ Hall,1,0,,,,,,"",""
ball,2,21.4,Netherlands,ES Szwarczynski,RN ten Doeschate,AJ Hall,0,0,,,,,,"",""
ball,2,21.5,Netherlands,ES Szwarczynski,RN ten Doeschate,AJ Hall,0,0,,,,,,"",""
ball,2,21.6,Netherlands,ES Szwarczynski,RN ten Doeschate,AJ Hall,1,0,,,,,,"",""
ball,2,22.1,Netherlands,ES Szwarczynski,RN ten Doeschate,CK Langeveldt,0,0,,,,,,"",""
ball,2,22.2,Netherlands,ES Szwarczynski,RN ten Doeschate,CK Langeveldt,0,0,,,,,,"",""
ball,2,22.3,Netherlands,ES Szwarczynski,RN ten Doeschate,CK Langeveldt,4,0,,,,,,"",""
ball,2,22.4,Netherlands,ES Szwarczynski,RN ten Doeschate,CK Langeveldt,0,0,,,,,,"",""
ball,2,22.5,Netherlands,ES Szwarczynski,RN ten Doeschate,CK Langeveldt,0,0,,,,,,"",""
ball,2,22.6,Netherlands,ES Szwarczynski,RN ten Doeschate,CK Langeveldt,0,0,,,,,,"",""
ball,2,23.1,Netherlands,RN ten Doeschate,ES Szwarczynski,AJ Hall,0,0,,,,,,"",""
ball,2,23.2,Netherlands,RN ten Doeschate,ES Szwarczynski,AJ Hall,0,0,,,,,,"",""
ball,2,23.3,Netherlands,RN ten Doeschate,ES Szwarczynski,AJ Hall,1,0,,,,,,"",""
ball,2,23.4,Netherlands,ES Szwarczynski,RN ten Doeschate,AJ Hall,0,0,,,,,,"",""
ball,2,23.5,Netherlands,ES Szwarczynski,RN ten Doeschate,AJ Hall,0,0,,,,,,"",""
ball,2,23.6,Netherlands,ES Szwarczynski,RN ten Doeschate,AJ Hall,0,0,,,,,,"",""
ball,2,24.1,Netherlands,RN ten Doeschate,ES Szwarczynski,GC Smith,0,0,,,,,,"",""
ball,2,24.2,Netherlands,RN ten Doeschate,ES Szwarczynski,GC Smith,0,0,,,,,,"",""
ball,2,24.3,Netherlands,RN ten Doeschate,ES Szwarczynski,GC Smith,1,0,,,,,,"",""
ball,2,24.4,Netherlands,ES Szwarczynski,RN ten Doeschate,GC Smith,0,0,,,,,,"",""
ball,2,24.5,Netherlands,ES Szwarczynski,RN ten Doeschate,GC Smith,0,0,,,,,,"",""
ball,2,24.6,Netherlands,ES Szwarczynski,RN ten Doeschate,GC Smith,1,0,,,,,,"",""
ball,2,25.1,Netherlands,ES Szwarczynski,RN ten Doeschate,JH Kallis,1,0,,,,,,"",""
ball,2,25.2,Netherlands,RN ten Doeschate,ES Szwarczynski,JH Kallis,0,0,,,,,,"",""
ball,2,25.3,Netherlands,RN ten Doeschate,ES Szwarczynski,JH Kallis,0,0,,,,,,"",""
ball,2,25.4,Netherlands,RN ten Doeschate,ES Szwarczynski,JH Kallis,4,0,,,,,,"",""
ball,2,25.5,Netherlands,RN ten Doeschate,ES Szwarczynski,JH Kallis,0,1,,,,1,,"",""
ball,2,25.6,Netherlands,ES Szwarczynski,RN ten Doeschate,JH Kallis,0,0,,,,,,"",""
ball,2,26.1,Netherlands,RN ten Doeschate,ES Szwarczynski,GC Smith,1,0,,,,,,"",""
ball,2,26.2,Netherlands,ES Szwarczynski,RN ten Doeschate,GC Smith,0,0,,,,,,"",""
ball,2,26.3,Netherlands,ES Szwarczynski,RN ten Doeschate,GC Smith,0,0,,,,,,"",""
ball,2,26.4,Netherlands,ES Szwarczynski,RN ten Doeschate,GC Smith,0,0,,,,,,"",""
ball,2,26.5,Netherlands,ES Szwarczynski,RN ten Doeschate,GC Smith,0,0,,,,,,lbw,ES Szwarczynski
ball,2,26.6,Netherlands,TBM de Leede,RN ten Doeschate,GC Smith,0,0,,,,,,"",""
ball,2,27.1,Netherlands,RN ten Doeschate,TBM de Leede,JH Kallis,4,0,,,,,,"",""
ball,2,27.2,Netherlands,RN ten Doeschate,TBM de Leede,JH Kallis,1,0,,,,,,"",""
ball,2,27.3,Netherlands,TBM de Leede,RN ten Doeschate,JH Kallis,1,0,,,,,,"",""
ball,2,27.4,Netherlands,RN ten Doeschate,TBM de Leede,JH Kallis,1,0,,,,,,"",""
ball,2,27.5,Netherlands,TBM de Leede,RN ten Doeschate,JH Kallis,1,0,,,,,,"",""
ball,2,27.6,Netherlands,RN ten Doeschate,TBM de Leede,JH Kallis,0,0,,,,,,"",""
ball,2,28.1,Netherlands,TBM de Leede,RN ten Doeschate,GC Smith,0,0,,,,,,"",""
ball,2,28.2,Netherlands,TBM de Leede,RN ten Doeschate,GC Smith,0,0,,,,,,"",""
ball,2,28.3,Netherlands,TBM de Leede,RN ten Doeschate,GC Smith,2,0,,,,,,"",""
ball,2,28.4,Netherlands,TBM de Leede,RN ten Doeschate,GC Smith,1,0,,,,,,"",""
ball,2,28.5,Netherlands,RN ten Doeschate,TBM de Leede,GC Smith,0,0,,,,,,"",""
ball,2,28.6,Netherlands,RN ten Doeschate,TBM de Leede,GC Smith,0,0,,,,,,"",""
ball,2,29.1,Netherlands,TBM de Leede,RN ten Doeschate,JH Kallis,0,0,,,,,,"",""
ball,2,29.2,Netherlands,TBM de Leede,RN ten Doeschate,JH Kallis,1,0,,,,,,"",""
ball,2,29.3,Netherlands,RN ten Doeschate,TBM de Leede,JH Kallis,0,0,,,,,,"",""
ball,2,29.4,Netherlands,RN ten Doeschate,TBM de Leede,JH Kallis,0,0,,,,,,"",""
ball,2,29.5,Netherlands,RN ten Doeschate,TBM de Leede,JH Kallis,1,1,,1,,,,"",""
ball,2,29.6,Netherlands,TBM de Leede,RN ten Doeschate,JH Kallis,0,0,,,,,,"",""
ball,2,29.7,Netherlands,TBM de Leede,RN ten Doeschate,JH Kallis,0,0,,,,,,"",""
ball,2,30.1,Netherlands,RN ten Doeschate,TBM de Leede,GC Smith,4,0,,,,,,"",""
ball,2,30.2,Netherlands,RN ten Doeschate,TBM de Leede,GC Smith,0,0,,,,,,"",""
ball,2,30.3,Netherlands,RN ten Doeschate,TBM de Leede,GC Smith,1,0,,,,,,"",""
ball,2,30.4,Netherlands,TBM de Leede,RN ten Doeschate,GC Smith,1,0,,,,,,"",""
ball,2,30.5,Netherlands,RN ten Doeschate,TBM de Leede,GC Smith,4,0,,,,,,"",""
ball,2,30.6,Netherlands,RN ten Doeschate,TBM de Leede,GC Smith,0,0,,,,,,"",""
ball,2,31.1,Netherlands,TBM de Leede,RN ten Doeschate,JH Kallis,0,0,,,,,,"",""
ball,2,31.2,Netherlands,TBM de Leede,RN ten Doeschate,JH Kallis,1,0,,,,,,"",""
ball,2,31.3,Netherlands,RN ten Doeschate,TBM de Leede,JH Kallis,1,0,,,,,,"",""
ball,2,31.4,Netherlands,TBM de Leede,RN ten Doeschate,JH Kallis,0,0,,,,,,"",""
ball,2,31.5,Netherlands,TBM de Leede,RN ten Doeschate,JH Kallis,0,0,,,,,,"",""
ball,2,31.6,Netherlands,TBM de Leede,RN ten Doeschate,JH Kallis,0,0,,,,,,"",""
ball,2,32.1,Netherlands,RN ten Doeschate,TBM de Leede,GC Smith,0,0,,,,,,"",""
ball,2,32.2,Netherlands,RN ten Doeschate,TBM de Leede,GC Smith,0,0,,,,,,"",""
ball,2,32.3,Netherlands,RN ten Doeschate,TBM de Leede,GC Smith,0,0,,,,,,"",""
ball,2,32.4,Netherlands,RN ten Doeschate,TBM de Leede,GC Smith,1,0,,,,,,"",""
ball,2,32.5,Netherlands,TBM de Leede,RN ten Doeschate,GC Smith,0,0,,,,,,"",""
ball,2,32.6,Netherlands,TBM de Leede,RN ten Doeschate,GC Smith,4,0,,,,,,"",""
ball,2,33.1,Netherlands,RN ten Doeschate,TBM de Leede,JM Kemp,0,0,,,,,,"",""
ball,2,33.2,Netherlands,RN ten Doeschate,TBM de Leede,JM Kemp,6,0,,,,,,"",""
ball,2,33.3,Netherlands,RN ten Doeschate,TBM de Leede,JM Kemp,1,0,,,,,,"",""
ball,2,33.4,Netherlands,TBM de Leede,RN ten Doeschate,JM Kemp,0,0,,,,,,"",""
ball,2,33.5,Netherlands,TBM de Leede,RN ten Doeschate,JM Kemp,0,0,,,,,,"",""
ball,2,33.6,Netherlands,TBM de Leede,RN ten Doeschate,JM Kemp,0,0,,,,,,"",""
ball,2,34.1,Netherlands,RN ten Doeschate,TBM de Leede,GC Smith,0,0,,,,,,"",""
ball,2,34.2,Netherlands,RN ten Doeschate,TBM de Leede,GC Smith,0,0,,,,,,"",""
ball,2,34.3,Netherlands,RN ten Doeschate,TBM de Leede,GC Smith,0,0,,,,,,"",""
ball,2,34.4,Netherlands,RN ten Doeschate,TBM de Leede,GC Smith,0,0,,,,,,"",""
ball,2,34.5,Netherlands,RN ten Doeschate,TBM de Leede,GC Smith,4,0,,,,,,"",""
ball,2,34.6,Netherlands,RN ten Doeschate,TBM de Leede,GC Smith,0,0,,,,,,"",""
ball,2,35.1,Netherlands,TBM de Leede,RN ten Doeschate,JM Kemp,0,0,,,,,,run out,RN ten Doeschate
ball,2,35.2,Netherlands,TBM de Leede,PW Borren,JM Kemp,0,0,,,,,,"",""
ball,2,35.3,Netherlands,TBM de Leede,PW Borren,JM Kemp,0,0,,,,,,"",""
ball,2,35.4,Netherlands,TBM de Leede,PW Borren,JM Kemp,4,0,,,,,,"",""
ball,2,35.5,Netherlands,TBM de Leede,PW Borren,JM Kemp,0,0,,,,,,"",""
ball,2,35.6,Netherlands,TBM de Leede,PW Borren,JM Kemp,1,0,,,,,,"",""
ball,2,36.1,Netherlands,TBM de Leede,PW Borren,GC Smith,1,0,,,,,,"",""
ball,2,36.2,Netherlands,PW Borren,TBM de Leede,GC Smith,1,0,,,,,,"",""
ball,2,36.3,Netherlands,TBM de Leede,PW Borren,GC Smith,2,0,,,,,,"",""
ball,2,36.4,Netherlands,TBM de Leede,PW Borren,GC Smith,0,0,,,,,,"",""
ball,2,36.5,Netherlands,TBM de Leede,PW Borren,GC Smith,0,0,,,,,,"",""
ball,2,36.6,Netherlands,TBM de Leede,PW Borren,GC Smith,1,0,,,,,,"",""
ball,2,37.1,Netherlands,TBM de Leede,PW Borren,JM Kemp,0,0,,,,,,"",""
ball,2,37.2,Netherlands,TBM de Leede,PW Borren,JM Kemp,0,0,,,,,,"",""
ball,2,37.3,Netherlands,TBM de Leede,PW Borren,JM Kemp,0,0,,,,,,bowled,TBM de Leede
ball,2,37.4,Netherlands,LP van Troost,PW Borren,JM Kemp,4,0,,,,,,"",""
ball,2,37.5,Netherlands,LP van Troost,PW Borren,JM Kemp,0,1,1,,,,,"",""
ball,2,37.6,Netherlands,LP van Troost,PW Borren,JM Kemp,0,0,,,,,,"",""
ball,2,37.7,Netherlands,LP van Troost,PW Borren,JM Kemp,0,0,,,,,,"",""
ball,2,38.1,Netherlands,PW Borren,LP van Troost,GC Smith,0,0,,,,,,"",""
ball,2,38.2,Netherlands,PW Borren,LP van Troost,GC Smith,0,0,,,,,,"",""
ball,2,38.3,Netherlands,PW Borren,LP van Troost,GC Smith,0,0,,,,,,"",""
ball,2,38.4,Netherlands,PW Borren,LP van Troost,GC Smith,0,0,,,,,,"",""
ball,2,38.5,Netherlands,PW Borren,LP van Troost,GC Smith,1,0,,,,,,"",""
ball,2,38.6,Netherlands,LP van Troost,PW Borren,GC Smith,1,0,,,,,,run out,PW Borren
ball,2,39.1,Netherlands,WF Stelling,LP van Troost,JM Kemp,0,0,,,,,,"",""
ball,2,39.2,Netherlands,WF Stelling,LP van Troost,JM Kemp,0,0,,,,,,"",""
ball,2,39.3,Netherlands,WF Stelling,LP van Troost,JM Kemp,0,0,,,,,,"",""
ball,2,39.4,Netherlands,WF Stelling,LP van Troost,JM Kemp,1,0,,,,,,"",""
ball,2,39.5,Netherlands,LP van Troost,WF Stelling,JM Kemp,0,0,,,,,,"",""
ball,2,39.6,Netherlands,LP van Troost,WF Stelling,JM Kemp,0,0,,,,,,caught,LP van Troost
