version,1.6.0
info,balls_per_over,6
info,team,Australia
info,team,England
info,gender,male
info,season,2006/07
info,date,2007/04/08
info,event,ICC World Cup
info,match_number,35
info,venue,"Sir Vivian Richards Stadium, North Sound"
info,city,Antigua
info,neutralvenue,true
info,toss_winner,England
info,toss_decision,bat
info,player_of_match,SW Tait
info,umpire,BF Bowden
info,umpire,RE Koertzen
info,reserve_umpire,NA Malcolm
info,tv_umpire,Asad Rauf
info,match_referee,MJ Procter
info,winner,Australia
info,winner_wickets,7
info,player,Australia,AC Gilchrist
info,player,Australia,ML Hayden
info,player,Australia,RT Ponting
info,player,Australia,MJ Clarke
info,player,Australia,A Symonds
info,player,Australia,MEK Hussey
info,player,Australia,BJ Hodge
info,player,Australia,GB Hogg
info,player,Australia,NW Bracken
info,player,Australia,SW Tait
info,player,Australia,GD McGrath
info,player,England,IR Bell
info,player,England,MP Vaughan
info,player,England,AJ Strauss
info,player,England,KP Pietersen
info,player,England,PD Collingwood
info,player,England,A Flintoff
info,player,England,RS Bopara
info,player,England,PA Nixon
info,player,England,SI Mahmood
info,player,England,MS Panesar
info,player,England,JM Anderson
info,registry,people,A Flintoff,ddc0828d
info,registry,people,A Symonds,bd77eb62
info,registry,people,AC Gilchrist,2b6e6dec
info,registry,people,AJ Strauss,b68d14a9
info,registry,people,Asad Rauf,861606b7
info,registry,people,BF Bowden,efc0a862
info,registry,people,BJ Hodge,b57f8a9a
info,registry,people,GB Hogg,f708a0bc
info,registry,people,GD McGrath,ee7d0c82
info,registry,people,IR Bell,33155d1b
info,registry,people,JM Anderson,d12143bf
info,registry,people,KP Pietersen,39f01cdb
info,registry,people,MEK Hussey,48fd7349
info,registry,people,MJ Clarke,f842c2cf
info,registry,people,MJ Procter,32e65048
info,registry,people,ML Hayden,d8699ab7
info,registry,people,MP Vaughan,6e1b1ec0
info,registry,people,MS Panesar,5a37ec26
info,registry,people,NA Malcolm,9514072e
info,registry,people,NW Bracken,4c61a0f9
info,registry,people,PA Nixon,f14c62e4
info,registry,people,PD Collingwood,a386e91b
info,registry,people,RE Koertzen,0265fab2
info,registry,people,RS Bopara,7ca5e05d
info,registry,people,RT Ponting,7d415ea5
info,registry,people,SI Mahmood,e97aefe2
info,registry,people,SW Tait,addfb70e
ball,1,0.1,England,IR Bell,MP Vaughan,NW Bracken,2,0,,,,,,"",""
ball,1,0.2,England,IR Bell,MP Vaughan,NW Bracken,0,0,,,,,,"",""
ball,1,0.3,England,IR Bell,MP Vaughan,NW Bracken,0,0,,,,,,"",""
ball,1,0.4,England,IR Bell,MP Vaughan,NW Bracken,0,0,,,,,,"",""
ball,1,0.5,England,IR Bell,MP Vaughan,NW Bracken,0,0,,,,,,"",""
ball,1,0.6,England,IR Bell,MP Vaughan,NW Bracken,0,0,,,,,,"",""
ball,1,1.1,England,MP Vaughan,IR Bell,SW Tait,0,0,,,,,,"",""
ball,1,1.2,England,MP Vaughan,IR Bell,SW Tait,1,0,,,,,,"",""
ball,1,1.3,England,IR Bell,MP Vaughan,SW Tait,0,0,,,,,,"",""
ball,1,1.4,England,IR Bell,MP Vaughan,SW Tait,1,0,,,,,,"",""
ball,1,1.5,England,MP Vaughan,IR Bell,SW Tait,0,0,,,,,,"",""
ball,1,1.6,England,MP Vaughan,IR Bell,SW Tait,0,0,,,,,,"",""
ball,1,2.1,England,IR Bell,MP Vaughan,NW Bracken,0,0,,,,,,"",""
ball,1,2.2,England,IR Bell,MP Vaughan,NW Bracken,0,0,,,,,,"",""
ball,1,2.3,England,IR Bell,MP Vaughan,NW Bracken,1,0,,,,,,"",""
ball,1,2.4,England,MP Vaughan,IR Bell,NW Bracken,4,0,,,,,,"",""
ball,1,2.5,England,MP Vaughan,IR Bell,NW Bracken,0,0,,,,,,"",""
ball,1,2.6,England,MP Vaughan,IR Bell,NW Bracken,0,0,,,,,,"",""
ball,1,3.1,England,IR Bell,MP Vaughan,SW Tait,0,1,,,,1,,"",""
ball,1,3.2,England,MP Vaughan,IR Bell,SW Tait,0,0,,,,,,bowled,MP Vaughan
ball,1,3.3,England,AJ Strauss,IR Bell,SW Tait,0,1,1,,,,,"",""
ball,1,3.4,England,AJ Strauss,IR Bell,SW Tait,0,0,,,,,,"",""
ball,1,3.5,England,AJ Strauss,IR Bell,SW Tait,3,0,,,,,,"",""
ball,1,3.6,England,IR Bell,AJ Strauss,SW Tait,0,0,,,,,,"",""
ball,1,3.7,England,IR Bell,AJ Strauss,SW Tait,0,0,,,,,,"",""
ball,1,4.1,England,AJ Strauss,IR Bell,NW Bracken,0,0,,,,,,"",""
ball,1,4.2,England,AJ Strauss,IR Bell,NW Bracken,0,0,,,,,,"",""
ball,1,4.3,England,AJ Strauss,IR Bell,NW Bracken,0,0,,,,,,"",""
ball,1,4.4,England,AJ Strauss,IR Bell,NW Bracken,2,0,,,,,,"",""
ball,1,4.5,England,AJ Strauss,IR Bell,NW Bracken,0,0,,,,,,"",""
ball,1,4.6,England,AJ Strauss,IR Bell,NW Bracken,2,0,,,,,,"",""
ball,1,5.1,England,IR Bell,AJ Strauss,SW Tait,4,0,,,,,,"",""
ball,1,5.2,England,IR Bell,AJ Strauss,SW Tait,0,0,,,,,,"",""
ball,1,5.3,England,IR Bell,AJ Strauss,SW Tait,0,0,,,,,,"",""
ball,1,5.4,England,IR Bell,AJ Strauss,SW Tait,1,0,,,,,,"",""
ball,1,5.5,England,AJ Strauss,IR Bell,SW Tait,0,0,,,,,,"",""
ball,1,5.6,England,AJ Strauss,IR Bell,SW Tait,0,1,1,,,,,"",""
ball,1,5.7,England,AJ Strauss,IR Bell,SW Tait,0,0,,,,,,bowled,AJ Strauss
ball,1,6.1,England,IR Bell,KP Pietersen,NW Bracken,0,0,,,,,,"",""
ball,1,6.2,England,IR Bell,KP Pietersen,NW Bracken,0,0,,,,,,"",""
ball,1,6.3,England,IR Bell,KP Pietersen,NW Bracken,0,0,,,,,,"",""
ball,1,6.4,England,IR Bell,KP Pietersen,NW Bracken,0,0,,,,,,"",""
ball,1,6.5,England,IR Bell,KP Pietersen,NW Bracken,0,0,,,,,,"",""
ball,1,6.6,England,IR Bell,KP Pietersen,NW Bracken,0,0,,,,,,"",""
ball,1,7.1,England,KP Pietersen,IR Bell,SW Tait,0,0,,,,,,"",""
ball,1,7.2,England,KP Pietersen,IR Bell,SW Tait,0,0,,,,,,"",""
ball,1,7.3,England,KP Pietersen,IR Bell,SW Tait,4,1,,1,,,,"",""
ball,1,7.4,England,KP Pietersen,IR Bell,SW Tait,0,0,,,,,,"",""
ball,1,7.5,England,KP Pietersen,IR Bell,SW Tait,0,0,,,,,,"",""
ball,1,7.6,England,KP Pietersen,IR Bell,SW Tait,0,0,,,,,,"",""
ball,1,7.7,England,KP Pietersen,IR Bell,SW Tait,0,0,,,,,,"",""
ball,1,8.1,England,IR Bell,KP Pietersen,NW Bracken,0,0,,,,,,"",""
ball,1,8.2,England,IR Bell,KP Pietersen,NW Bracken,0,0,,,,,,"",""
ball,1,8.3,England,IR Bell,KP Pietersen,NW Bracken,0,0,,,,,,"",""
ball,1,8.4,England,IR Bell,KP Pietersen,NW Bracken,0,1,1,,,,,"",""
ball,1,8.5,England,IR Bell,KP Pietersen,NW Bracken,0,0,,,,,,"",""
ball,1,8.6,England,IR Bell,KP Pietersen,NW Bracken,1,0,,,,,,"",""
ball,1,8.7,England,KP Pietersen,IR Bell,NW Bracken,0,0,,,,,,"",""
ball,1,9.1,England,IR Bell,KP Pietersen,GD McGrath,2,0,,,,,,"",""
ball,1,9.2,England,IR Bell,KP Pietersen,GD McGrath,0,0,,,,,,"",""
ball,1,9.3,England,IR Bell,KP Pietersen,GD McGrath,4,0,,,,,,"",""
ball,1,9.4,England,IR Bell,KP Pietersen,GD McGrath,2,0,,,,,,"",""
ball,1,9.5,England,IR Bell,KP Pietersen,GD McGrath,0,0,,,,,,"",""
ball,1,9.6,England,IR Bell,KP Pietersen,GD McGrath,0,0,,,,,,"",""
ball,1,10.1,England,KP Pietersen,IR Bell,MJ Clarke,0,0,,,,,,"",""
ball,1,10.2,England,KP Pietersen,IR Bell,MJ Clarke,0,0,,,,,,"",""
ball,1,10.3,England,KP Pietersen,IR Bell,MJ Clarke,1,0,,,,,,"",""
ball,1,10.4,England,IR Bell,KP Pietersen,MJ Clarke,0,0,,,,,,"",""
ball,1,10.5,England,IR Bell,KP Pietersen,MJ Clarke,1,0,,,,,,"",""
ball,1,10.6,England,KP Pietersen,IR Bell,MJ Clarke,2,0,,,,,,"",""
ball,1,11.1,England,IR Bell,KP Pietersen,GD McGrath,0,0,,,,,,"",""
ball,1,11.2,England,IR Bell,KP Pietersen,GD McGrath,0,0,,,,,,"",""
ball,1,11.3,England,IR Bell,KP Pietersen,GD McGrath,0,0,,,,,,"",""
ball,1,11.4,England,IR Bell,KP Pietersen,GD McGrath,1,0,,,,,,"",""
ball,1,11.5,England,KP Pietersen,IR Bell,GD McGrath,4,0,,,,,,"",""
ball,1,11.6,England,KP Pietersen,IR Bell,GD McGrath,0,0,,,,,,"",""
ball,1,12.1,England,IR Bell,KP Pietersen,MJ Clarke,1,0,,,,,,"",""
ball,1,12.2,England,KP Pietersen,IR Bell,MJ Clarke,0,0,,,,,,"",""
ball,1,12.3,England,KP Pietersen,IR Bell,MJ Clarke,0,0,,,,,,"",""
ball,1,12.4,England,KP Pietersen,IR Bell,MJ Clarke,0,0,,,,,,"",""
ball,1,12.5,England,KP Pietersen,IR Bell,MJ Clarke,0,0,,,,,,"",""
ball,1,12.6,England,KP Pietersen,IR Bell,MJ Clarke,0,0,,,,,,"",""
ball,1,13.1,England,IR Bell,KP Pietersen,GD McGrath,0,0,,,,,,"",""
ball,1,13.2,England,IR Bell,KP Pietersen,GD McGrath,4,0,,,,,,"",""
ball,1,13.3,England,IR Bell,KP Pietersen,GD McGrath,4,0,,,,,,"",""
ball,1,13.4,England,IR Bell,KP Pietersen,GD McGrath,0,0,,,,,,"",""
ball,1,13.5,England,IR Bell,KP Pietersen,GD McGrath,4,0,,,,,,"",""
ball,1,13.6,England,IR Bell,KP Pietersen,GD McGrath,0,0,,,,,,"",""
ball,1,14.1,England,KP Pietersen,IR Bell,MJ Clarke,0,0,,,,,,"",""
ball,1,14.2,England,KP Pietersen,IR Bell,MJ Clarke,1,0,,,,,,"",""
ball,1,14.3,England,IR Bell,KP Pietersen,MJ Clarke,1,0,,,,,,"",""
ball,1,14.4,England,KP Pietersen,IR Bell,MJ Clarke,4,0,,,,,,"",""
ball,1,14.5,England,KP Pietersen,IR Bell,MJ Clarke,6,0,,,,,,"",""
ball,1,14.6,England,KP Pietersen,IR Bell,MJ Clarke,1,0,,,,,,"",""
ball,1,15.1,England,KP Pietersen,IR Bell,GB Hogg,0,0,,,,,,"",""
ball,1,15.2,England,KP Pietersen,IR Bell,GB Hogg,0,0,,,,,,"",""
ball,1,15.3,England,KP Pietersen,IR Bell,GB Hogg,1,0,,,,,,"",""
ball,1,15.4,England,IR Bell,KP Pietersen,GB Hogg,0,0,,,,,,"",""
ball,1,15.5,England,IR Bell,KP Pietersen,GB Hogg,1,0,,,,,,"",""
ball,1,15.6,England,KP Pietersen,IR Bell,GB Hogg,1,0,,,,,,"",""
ball,1,16.1,England,KP Pietersen,IR Bell,MJ Clarke,1,0,,,,,,"",""
ball,1,16.2,England,IR Bell,KP Pietersen,MJ Clarke,1,0,,,,,,"",""
ball,1,16.3,England,KP Pietersen,IR Bell,MJ Clarke,0,0,,,,,,"",""
ball,1,16.4,England,KP Pietersen,IR Bell,MJ Clarke,4,0,,,,,,"",""
ball,1,16.5,England,KP Pietersen,IR Bell,MJ Clarke,2,0,,,,,,"",""
ball,1,16.6,England,KP Pietersen,IR Bell,MJ Clarke,1,0,,,,,,"",""
ball,1,17.1,England,KP Pietersen,IR Bell,GB Hogg,0,0,,,,,,"",""
ball,1,17.2,England,KP Pietersen,IR Bell,GB Hogg,0,0,,,,,,"",""
ball,1,17.3,England,KP Pietersen,IR Bell,GB Hogg,2,0,,,,,,"",""
ball,1,17.4,England,KP Pietersen,IR Bell,GB Hogg,1,0,,,,,,"",""
ball,1,17.5,England,IR Bell,KP Pietersen,GB Hogg,1,0,,,,,,"",""
ball,1,17.6,England,KP Pietersen,IR Bell,GB Hogg,1,0,,,,,,"",""
ball,1,18.1,England,KP Pietersen,IR Bell,A Symonds,1,0,,,,,,"",""
ball,1,18.2,England,IR Bell,KP Pietersen,A Symonds,0,0,,,,,,"",""
ball,1,18.3,England,IR Bell,KP Pietersen,A Symonds,1,0,,,,,,"",""
ball,1,18.4,England,KP Pietersen,IR Bell,A Symonds,2,0,,,,,,"",""
ball,1,18.5,England,KP Pietersen,IR Bell,A Symonds,0,0,,,,,,"",""
ball,1,18.6,England,KP Pietersen,IR Bell,A Symonds,4,0,,,,,,"",""
ball,1,19.1,England,IR Bell,KP Pietersen,GB Hogg,1,0,,,,,,"",""
ball,1,19.2,England,KP Pietersen,IR Bell,GB Hogg,0,0,,,,,,"",""
ball,1,19.3,England,KP Pietersen,IR Bell,GB Hogg,1,0,,,,,,"",""
ball,1,19.4,England,IR Bell,KP Pietersen,GB Hogg,0,0,,,,,,"",""
ball,1,19.5,England,IR Bell,KP Pietersen,GB Hogg,0,0,,,,,,"",""
ball,1,19.6,England,IR Bell,KP Pietersen,GB Hogg,0,0,,,,,,"",""
ball,1,20.1,England,KP Pietersen,IR Bell,A Symonds,1,0,,,,,,"",""
ball,1,20.2,England,IR Bell,KP Pietersen,A Symonds,0,0,,,,,,"",""
ball,1,20.3,England,IR Bell,KP Pietersen,A Symonds,2,0,,,,,,"",""
ball,1,20.4,England,IR Bell,KP Pietersen,A Symonds,2,0,,,,,,"",""
ball,1,20.5,England,IR Bell,KP Pietersen,A Symonds,0,0,,,,,,"",""
ball,1,20.6,England,IR Bell,KP Pietersen,A Symonds,1,0,,,,,,"",""
ball,1,21.1,England,IR Bell,KP Pietersen,GB Hogg,1,0,,,,,,"",""
ball,1,21.2,England,KP Pietersen,IR Bell,GB Hogg,1,0,,,,,,"",""
ball,1,21.3,England,IR Bell,KP Pietersen,GB Hogg,1,0,,,,,,"",""
ball,1,21.4,England,KP Pietersen,IR Bell,GB Hogg,1,0,,,,,,"",""
ball,1,21.5,England,IR Bell,KP Pietersen,GB Hogg,3,0,,,,,,"",""
ball,1,21.6,England,KP Pietersen,IR Bell,GB Hogg,1,0,,,,,,"",""
ball,1,22.1,England,KP Pietersen,IR Bell,A Symonds,1,0,,,,,,"",""
ball,1,22.2,England,IR Bell,KP Pietersen,A Symonds,0,0,,,,,,"",""
ball,1,22.3,England,IR Bell,KP Pietersen,A Symonds,1,0,,,,,,"",""
ball,1,22.4,England,KP Pietersen,IR Bell,A Symonds,1,0,,,,,,"",""
ball,1,22.5,England,IR Bell,KP Pietersen,A Symonds,1,0,,,,,,"",""
ball,1,22.6,England,KP Pietersen,IR Bell,A Symonds,1,0,,,,,,"",""
ball,1,23.1,England,KP Pietersen,IR Bell,GB Hogg,1,0,,,,,,"",""
ball,1,23.2,England,IR Bell,KP Pietersen,GB Hogg,0,0,,,,,,"",""
ball,1,23.3,England,IR Bell,KP Pietersen,GB Hogg,1,0,,,,,,"",""
ball,1,23.4,England,KP Pietersen,IR Bell,GB Hogg,2,0,,,,,,"",""
ball,1,23.5,England,KP Pietersen,IR Bell,GB Hogg,2,0,,,,,,"",""
ball,1,23.6,England,KP Pietersen,IR Bell,GB Hogg,0,0,,,,,,"",""
ball,1,24.1,England,IR Bell,KP Pietersen,A Symonds,4,0,,,,,,"",""
ball,1,24.2,England,IR Bell,KP Pietersen,A Symonds,4,0,,,,,,"",""
ball,1,24.3,England,IR Bell,KP Pietersen,A Symonds,1,0,,,,,,"",""
ball,1,24.4,England,KP Pietersen,IR Bell,A Symonds,1,0,,,,,,"",""
ball,1,24.5,England,IR Bell,KP Pietersen,A Symonds,1,0,,,,,,"",""
ball,1,24.6,England,KP Pietersen,IR Bell,A Symonds,1,0,,,,,,"",""
ball,1,25.1,England,KP Pietersen,IR Bell,GB Hogg,1,0,,,,,,"",""
ball,1,25.2,England,IR Bell,KP Pietersen,GB Hogg,1,0,,,,,,"",""
ball,1,25.3,England,KP Pietersen,IR Bell,GB Hogg,0,4,,,4,,,"",""
ball,1,25.4,England,KP Pietersen,IR Bell,GB Hogg,1,0,,,,,,"",""
ball,1,25.5,England,IR Bell,KP Pietersen,GB Hogg,1,0,,,,,,"",""
ball,1,25.6,England,KP Pietersen,IR Bell,GB Hogg,0,0,,,,,,"",""
ball,1,26.1,England,IR Bell,KP Pietersen,SW Tait,0,0,,,,,,"",""
ball,1,26.2,England,IR Bell,KP Pietersen,SW Tait,0,0,,,,,,"",""
ball,1,26.3,England,IR Bell,KP Pietersen,SW Tait,1,0,,,,,,"",""
ball,1,26.4,England,KP Pietersen,IR Bell,SW Tait,1,0,,,,,,"",""
ball,1,26.5,England,IR Bell,KP Pietersen,SW Tait,4,0,,,,,,"",""
ball,1,26.6,England,IR Bell,KP Pietersen,SW Tait,2,0,,,,,,"",""
ball,1,27.1,England,KP Pietersen,IR Bell,GD McGrath,0,0,,,,,,"",""
ball,1,27.2,England,KP Pietersen,IR Bell,GD McGrath,1,0,,,,,,"",""
ball,1,27.3,England,IR Bell,KP Pietersen,GD McGrath,2,0,,,,,,"",""
ball,1,27.4,England,IR Bell,KP Pietersen,GD McGrath,0,0,,,,,,"",""
ball,1,27.5,England,IR Bell,KP Pietersen,GD McGrath,0,0,,,,,,"",""
ball,1,27.6,England,IR Bell,KP Pietersen,GD McGrath,4,0,,,,,,"",""
ball,1,28.1,England,KP Pietersen,IR Bell,SW Tait,0,0,,,,,,"",""
ball,1,28.2,England,KP Pietersen,IR Bell,SW Tait,0,0,,,,,,"",""
ball,1,28.3,England,KP Pietersen,IR Bell,SW Tait,0,0,,,,,,"",""
ball,1,28.4,England,KP Pietersen,IR Bell,SW Tait,0,0,,,,,,"",""
ball,1,28.5,England,KP Pietersen,IR Bell,SW Tait,0,2,,2,,,,"",""
ball,1,28.6,England,IR Bell,KP Pietersen,SW Tait,0,0,,,,,,"",""
ball,1,28.7,England,IR Bell,KP Pietersen,SW Tait,0,0,,,,,,"",""
ball,1,29.1,England,KP Pietersen,IR Bell,GD McGrath,0,0,,,,,,"",""
ball,1,29.2,England,KP Pietersen,IR Bell,GD McGrath,1,0,,,,,,"",""
ball,1,29.3,England,IR Bell,KP Pietersen,GD McGrath,0,0,,,,,,caught,IR Bell
ball,1,29.4,England,PD Collingwood,KP Pietersen,GD McGrath,0,0,,,,,,"",""
ball,1,29.5,England,PD Collingwood,KP Pietersen,GD McGrath,0,0,,,,,,"",""
ball,1,29.6,England,PD Collingwood,KP Pietersen,GD McGrath,2,0,,,,,,"",""
ball,1,30.1,England,KP Pietersen,PD Collingwood,SW Tait,1,0,,,,,,"",""
ball,1,30.2,England,PD Collingwood,KP Pietersen,SW Tait,0,0,,,,,,"",""
ball,1,30.3,England,PD Collingwood,KP Pietersen,SW Tait,0,0,,,,,,caught,PD Collingwood
ball,1,30.4,England,A Flintoff,KP Pietersen,SW Tait,1,0,,,,,,"",""
ball,1,30.5,England,KP Pietersen,A Flintoff,SW Tait,0,0,,,,,,"",""
ball,1,30.6,England,KP Pietersen,A Flintoff,SW Tait,0,0,,,,,,"",""
ball,1,31.1,England,A Flintoff,KP Pietersen,GB Hogg,0,0,,,,,,"",""
ball,1,31.2,England,A Flintoff,KP Pietersen,GB Hogg,0,0,,,,,,"",""
ball,1,31.3,England,A Flintoff,KP Pietersen,GB Hogg,1,0,,,,,,"",""
ball,1,31.4,England,KP Pietersen,A Flintoff,GB Hogg,0,0,,,,,,"",""
ball,1,31.5,England,KP Pietersen,A Flintoff,GB Hogg,0,0,,,,,,"",""
ball,1,31.6,England,KP Pietersen,A Flintoff,GB Hogg,0,0,,,,,,"",""
ball,1,32.1,England,A Flintoff,KP Pietersen,SW Tait,0,0,,,,,,"",""
ball,1,32.2,England,A Flintoff,KP Pietersen,SW Tait,0,0,,,,,,"",""
ball,1,32.3,England,A Flintoff,KP Pietersen,SW Tait,0,1,1,,,,,"",""
ball,1,32.4,England,A Flintoff,KP Pietersen,SW Tait,0,0,,,,,,"",""
ball,1,32.5,England,A Flintoff,KP Pietersen,SW Tait,0,0,,,,,,"",""
ball,1,32.6,England,A Flintoff,KP Pietersen,SW Tait,0,0,,,,,,"",""
ball,1,32.7,England,A Flintoff,KP Pietersen,SW Tait,1,0,,,,,,"",""
ball,1,33.1,England,A Flintoff,KP Pietersen,GB Hogg,0,0,,,,,,"",""
ball,1,33.2,England,A Flintoff,KP Pietersen,GB Hogg,0,0,,,,,,"",""
ball,1,33.3,England,A Flintoff,KP Pietersen,GB Hogg,1,0,,,,,,"",""
ball,1,33.4,England,KP Pietersen,A Flintoff,GB Hogg,0,2,,,,2,,"",""
ball,1,33.5,England,KP Pietersen,A Flintoff,GB Hogg,0,0,,,,,,"",""
ball,1,33.6,England,KP Pietersen,A Flintoff,GB Hogg,1,0,,,,,,"",""
ball,1,34.1,England,KP Pietersen,A Flintoff,NW Bracken,2,0,,,,,,"",""
ball,1,34.2,England,KP Pietersen,A Flintoff,NW Bracken,1,0,,,,,,"",""
ball,1,34.3,England,A Flintoff,KP Pietersen,NW Bracken,0,0,,,,,,"",""
ball,1,34.4,England,A Flintoff,KP Pietersen,NW Bracken,0,0,,,,,,"",""
ball,1,34.5,England,A Flintoff,KP Pietersen,NW Bracken,0,0,,,,,,"",""
ball,1,34.6,England,A Flintoff,KP Pietersen,NW Bracken,0,0,,,,,,"",""
ball,1,35.1,England,KP Pietersen,A Flintoff,GB Hogg,1,0,,,,,,"",""
ball,1,35.2,England,A Flintoff,KP Pietersen,GB Hogg,0,0,,,,,,"",""
ball,1,35.3,England,A Flintoff,KP Pietersen,GB Hogg,0,0,,,,,,stumped,A Flintoff
ball,1,35.4,England,RS Bopara,KP Pietersen,GB Hogg,1,0,,,,,,"",""
ball,1,35.5,England,KP Pietersen,RS Bopara,GB Hogg,0,0,,,,,,"",""
ball,1,35.6,England,KP Pietersen,RS Bopara,GB Hogg,1,0,,,,,,"",""
ball,1,36.1,England,KP Pietersen,RS Bopara,NW Bracken,0,0,,,,,,"",""
ball,1,36.2,England,KP Pietersen,RS Bopara,NW Bracken,1,0,,,,,,"",""
ball,1,36.3,England,RS Bopara,KP Pietersen,NW Bracken,1,0,,,,,,"",""
ball,1,36.4,England,KP Pietersen,RS Bopara,NW Bracken,1,0,,,,,,"",""
ball,1,36.5,England,RS Bopara,KP Pietersen,NW Bracken,4,0,,,,,,"",""
ball,1,36.6,England,RS Bopara,KP Pietersen,NW Bracken,0,0,,,,,,"",""
ball,1,37.1,England,KP Pietersen,RS Bopara,GB Hogg,0,2,2,,,,,"",""
ball,1,37.2,England,RS Bopara,KP Pietersen,GB Hogg,0,0,,,,,,"",""
ball,1,37.3,England,RS Bopara,KP Pietersen,GB Hogg,0,0,,,,,,"",""
ball,1,37.4,England,RS Bopara,KP Pietersen,GB Hogg,0,0,,,,,,"",""
ball,1,37.5,England,RS Bopara,KP Pietersen,GB Hogg,0,0,,,,,,"",""
ball,1,37.6,England,RS Bopara,KP Pietersen,GB Hogg,0,0,,,,,,"",""
ball,1,37.7,England,RS Bopara,KP Pietersen,GB Hogg,0,0,,,,,,"",""
ball,1,38.1,England,KP Pietersen,RS Bopara,NW Bracken,1,0,,,,,,"",""
ball,1,38.2,England,RS Bopara,KP Pietersen,NW Bracken,0,0,,,,,,"",""
ball,1,38.3,England,RS Bopara,KP Pietersen,NW Bracken,0,0,,,,,,"",""
ball,1,38.4,England,RS Bopara,KP Pietersen,NW Bracken,0,0,,,,,,"",""
ball,1,38.5,England,RS Bopara,KP Pietersen,NW Bracken,1,0,,,,,,"",""
ball,1,38.6,England,KP Pietersen,RS Bopara,NW Bracken,0,0,,,,,,"",""
ball,1,39.1,England,RS Bopara,KP Pietersen,A Symonds,0,0,,,,,,"",""
ball,1,39.2,England,RS Bopara,KP Pietersen,A Symonds,0,0,,,,,,"",""
ball,1,39.3,England,RS Bopara,KP Pietersen,A Symonds,0,0,,,,,,"",""
ball,1,39.4,England,RS Bopara,KP Pietersen,A Symonds,2,0,,,,,,"",""
ball,1,39.5,England,RS Bopara,KP Pietersen,A Symonds,1,0,,,,,,"",""
ball,1,39.6,England,KP Pietersen,RS Bopara,A Symonds,1,0,,,,,,"",""
ball,1,40.1,England,KP Pietersen,RS Bopara,GD McGrath,0,0,,,,,,"",""
ball,1,40.2,England,KP Pietersen,RS Bopara,GD McGrath,2,0,,,,,,"",""
ball,1,40.3,England,KP Pietersen,RS Bopara,GD McGrath,1,0,,,,,,"",""
ball,1,40.4,England,RS Bopara,KP Pietersen,GD McGrath,0,0,,,,,,"",""
ball,1,40.5,England,RS Bopara,KP Pietersen,GD McGrath,0,0,,,,,,"",""
ball,1,40.6,England,RS Bopara,KP Pietersen,GD McGrath,0,0,,,,,,"",""
ball,1,41.1,England,KP Pietersen,RS Bopara,A Symonds,0,0,,,,,,"",""
ball,1,41.2,England,KP Pietersen,RS Bopara,A Symonds,2,0,,,,,,"",""
ball,1,41.3,England,KP Pietersen,RS Bopara,A Symonds,1,0,,,,,,"",""
ball,1,41.4,England,RS Bopara,KP Pietersen,A Symonds,0,0,,,,,,"",""
ball,1,41.5,England,RS Bopara,KP Pietersen,A Symonds,1,0,,,,,,"",""
ball,1,41.6,England,KP Pietersen,RS Bopara,A Symonds,1,0,,,,,,"",""
ball,1,42.1,England,KP Pietersen,RS Bopara,SW Tait,0,0,,,,,,"",""
ball,1,42.2,England,KP Pietersen,RS Bopara,SW Tait,1,0,,,,,,"",""
ball,1,42.3,England,RS Bopara,KP Pietersen,SW Tait,0,0,,,,,,"",""
ball,1,42.4,England,RS Bopara,KP Pietersen,SW Tait,0,1,,,,1,,"",""
ball,1,42.5,England,KP Pietersen,RS Bopara,SW Tait,1,0,,,,,,"",""
ball,1,42.6,England,RS Bopara,KP Pietersen,SW Tait,0,0,,,,,,"",""
ball,1,43.1,England,KP Pietersen,RS Bopara,GD McGrath,1,0,,,,,,"",""
ball,1,43.2,England,RS Bopara,KP Pietersen,GD McGrath,1,0,,,,,,"",""
ball,1,43.3,England,KP Pietersen,RS Bopara,GD McGrath,4,0,,,,,,"",""
ball,1,43.4,England,KP Pietersen,RS Bopara,GD McGrath,1,0,,,,,,"",""
ball,1,43.5,England,RS Bopara,KP Pietersen,GD McGrath,1,0,,,,,,"",""
ball,1,43.6,England,KP Pietersen,RS Bopara,GD McGrath,0,0,,,,,,"",""
ball,1,44.1,England,RS Bopara,KP Pietersen,SW Tait,4,0,,,,,,"",""
ball,1,44.2,England,RS Bopara,KP Pietersen,SW Tait,1,0,,,,,,"",""
ball,1,44.3,England,KP Pietersen,RS Bopara,SW Tait,0,0,,,,,,"",""
ball,1,44.4,England,KP Pietersen,RS Bopara,SW Tait,1,0,,,,,,"",""
ball,1,44.5,England,RS Bopara,KP Pietersen,SW Tait,1,0,,,,,,"",""
ball,1,44.6,England,KP Pietersen,RS Bopara,SW Tait,1,0,,,,,,"",""
ball,1,45.1,England,KP Pietersen,RS Bopara,GD McGrath,1,0,,,,,,"",""
ball,1,45.2,England,RS Bopara,KP Pietersen,GD McGrath,0,1,1,,,,,"",""
ball,1,45.3,England,RS Bopara,KP Pietersen,GD McGrath,1,0,,,,,,"",""
ball,1,45.4,England,KP Pietersen,RS Bopara,GD McGrath,1,0,,,,,,"",""
ball,1,45.5,England,RS Bopara,KP Pietersen,GD McGrath,1,0,,,,,,"",""
ball,1,45.6,England,KP Pietersen,RS Bopara,GD McGrath,1,0,,,,,,"",""
ball,1,45.7,England,RS Bopara,KP Pietersen,GD McGrath,0,0,,,,,,"",""
ball,1,46.1,England,KP Pietersen,RS Bopara,NW Bracken,1,0,,,,,,"",""
ball,1,46.2,England,RS Bopara,KP Pietersen,NW Bracken,0,0,,,,,,caught,RS Bopara
ball,1,46.3,England,KP Pietersen,PA Nixon,NW Bracken,0,0,,,,,,"",""
ball,1,46.4,England,KP Pietersen,PA Nixon,NW Bracken,0,0,,,,,,"",""
ball,1,46.5,England,KP Pietersen,PA Nixon,NW Bracken,2,0,,,,,,"",""
ball,1,46.6,England,KP Pietersen,PA Nixon,NW Bracken,1,0,,,,,,"",""
ball,1,47.1,England,KP Pietersen,PA Nixon,GD McGrath,1,0,,,,,,"",""
ball,1,47.2,England,PA Nixon,KP Pietersen,GD McGrath,0,0,,,,,,"",""
ball,1,47.3,England,PA Nixon,KP Pietersen,GD McGrath,1,0,,,,,,"",""
ball,1,47.4,England,KP Pietersen,PA Nixon,GD McGrath,0,0,,,,,,"",""
ball,1,47.5,England,KP Pietersen,PA Nixon,GD McGrath,1,0,,,,,,"",""
ball,1,47.6,England,PA Nixon,KP Pietersen,GD McGrath,0,0,,,,,,"",""
ball,1,48.1,England,KP Pietersen,PA Nixon,NW Bracken,1,0,,,,,,"",""
ball,1,48.2,England,PA Nixon,KP Pietersen,NW Bracken,1,0,,,,,,"",""
ball,1,48.3,England,KP Pietersen,PA Nixon,NW Bracken,2,0,,,,,,"",""
ball,1,48.4,England,KP Pietersen,PA Nixon,NW Bracken,0,0,,,,,,caught,KP Pietersen
ball,1,48.5,England,SI Mahmood,PA Nixon,NW Bracken,0,0,,,,,,"",""
ball,1,48.6,England,SI Mahmood,PA Nixon,NW Bracken,0,0,,,,,,caught,SI Mahmood
ball,1,49.1,England,PA Nixon,MS Panesar,GD McGrath,6,0,,,,,,"",""
ball,1,49.2,England,PA Nixon,MS Panesar,GD McGrath,0,0,,,,,,caught,PA Nixon
ball,1,49.3,England,MS Panesar,JM Anderson,GD McGrath,0,0,,,,,,"",""
ball,1,49.4,England,MS Panesar,JM Anderson,GD McGrath,1,0,,,,,,"",""
ball,1,49.5,England,JM Anderson,MS Panesar,GD McGrath,0,0,,,,,,lbw,JM Anderson
ball,2,0.1,Australia,AC Gilchrist,ML Hayden,JM Anderson,0,0,,,,,,"",""
ball,2,0.2,Australia,AC Gilchrist,ML Hayden,JM Anderson,0,0,,,,,,"",""
ball,2,0.3,Australia,AC Gilchrist,ML Hayden,JM Anderson,0,0,,,,,,"",""
ball,2,0.4,Australia,AC Gilchrist,ML Hayden,JM Anderson,0,1,,,1,,,"",""
ball,2,0.5,Australia,ML Hayden,AC Gilchrist,JM Anderson,0,0,,,,,,"",""
ball,2,0.6,Australia,ML Hayden,AC Gilchrist,JM Anderson,0,0,,,,,,"",""
ball,2,1.1,Australia,AC Gilchrist,ML Hayden,SI Mahmood,4,0,,,,,,"",""
ball,2,1.2,Australia,AC Gilchrist,ML Hayden,SI Mahmood,0,0,,,,,,"",""
ball,2,1.3,Australia,AC Gilchrist,ML Hayden,SI Mahmood,0,0,,,,,,"",""
ball,2,1.4,Australia,AC Gilchrist,ML Hayden,SI Mahmood,0,0,,,,,,"",""
ball,2,1.5,Australia,AC Gilchrist,ML Hayden,SI Mahmood,4,0,,,,,,"",""
ball,2,1.6,Australia,AC Gilchrist,ML Hayden,SI Mahmood,0,0,,,,,,"",""
ball,2,2.1,Australia,ML Hayden,AC Gilchrist,JM Anderson,0,0,,,,,,"",""
ball,2,2.2,Australia,ML Hayden,AC Gilchrist,JM Anderson,0,1,1,,,,,"",""
ball,2,2.3,Australia,ML Hayden,AC Gilchrist,JM Anderson,0,0,,,,,,"",""
ball,2,2.4,Australia,ML Hayden,AC Gilchrist,JM Anderson,0,0,,,,,,"",""
ball,2,2.5,Australia,ML Hayden,AC Gilchrist,JM Anderson,4,0,,,,,,"",""
ball,2,2.6,Australia,ML Hayden,AC Gilchrist,JM Anderson,0,0,,,,,,"",""
ball,2,2.7,Australia,ML Hayden,AC Gilchrist,JM Anderson,0,0,,,,,,"",""
ball,2,3.1,Australia,AC Gilchrist,ML Hayden,SI Mahmood,0,0,,,,,,"",""
ball,2,3.2,Australia,AC Gilchrist,ML Hayden,SI Mahmood,0,0,,,,,,"",""
ball,2,3.3,Australia,AC Gilchrist,ML Hayden,SI Mahmood,4,0,,,,,,"",""
ball,2,3.4,Australia,AC Gilchrist,ML Hayden,SI Mahmood,0,0,,,,,,"",""
ball,2,3.5,Australia,AC Gilchrist,ML Hayden,SI Mahmood,0,0,,,,,,"",""
ball,2,3.6,Australia,AC Gilchrist,ML Hayden,SI Mahmood,0,0,,,,,,"",""
ball,2,4.1,Australia,ML Hayden,AC Gilchrist,JM Anderson,0,1,1,,,,,"",""
ball,2,4.2,Australia,ML Hayden,AC Gilchrist,JM Anderson,0,0,,,,,,"",""
ball,2,4.3,Australia,ML Hayden,AC Gilchrist,JM Anderson,4,0,,,,,,"",""
ball,2,4.4,Australia,ML Hayden,AC Gilchrist,JM Anderson,0,0,,,,,,"",""
ball,2,4.5,Australia,ML Hayden,AC Gilchrist,JM Anderson,0,1,1,,,,,"",""
ball,2,4.6,Australia,ML Hayden,AC Gilchrist,JM Anderson,0,0,,,,,,"",""
ball,2,4.7,Australia,ML Hayden,AC Gilchrist,JM Anderson,0,0,,,,,,"",""
ball,2,4.8,Australia,ML Hayden,AC Gilchrist,JM Anderson,0,0,,,,,,"",""
ball,2,5.1,Australia,AC Gilchrist,ML Hayden,SI Mahmood,0,0,,,,,,"",""
ball,2,5.2,Australia,AC Gilchrist,ML Hayden,SI Mahmood,0,0,,,,,,"",""
ball,2,5.3,Australia,AC Gilchrist,ML Hayden,SI Mahmood,0,0,,,,,,"",""
ball,2,5.4,Australia,AC Gilchrist,ML Hayden,SI Mahmood,0,0,,,,,,"",""
ball,2,5.5,Australia,AC Gilchrist,ML Hayden,SI Mahmood,0,0,,,,,,"",""
ball,2,5.6,Australia,AC Gilchrist,ML Hayden,SI Mahmood,0,0,,,,,,"",""
ball,2,6.1,Australia,ML Hayden,AC Gilchrist,JM Anderson,4,0,,,,,,"",""
ball,2,6.2,Australia,ML Hayden,AC Gilchrist,JM Anderson,1,0,,,,,,"",""
ball,2,6.3,Australia,AC Gilchrist,ML Hayden,JM Anderson,1,0,,,,,,"",""
ball,2,6.4,Australia,ML Hayden,AC Gilchrist,JM Anderson,0,0,,,,,,"",""
ball,2,6.5,Australia,ML Hayden,AC Gilchrist,JM Anderson,0,0,,,,,,"",""
ball,2,6.6,Australia,ML Hayden,AC Gilchrist,JM Anderson,4,0,,,,,,"",""
ball,2,7.1,Australia,AC Gilchrist,ML Hayden,SI Mahmood,0,0,,,,,,"",""
ball,2,7.2,Australia,AC Gilchrist,ML Hayden,SI Mahmood,0,0,,,,,,"",""
ball,2,7.3,Australia,AC Gilchrist,ML Hayden,SI Mahmood,2,0,,,,,,"",""
ball,2,7.4,Australia,AC Gilchrist,ML Hayden,SI Mahmood,1,0,,,,,,"",""
ball,2,7.5,Australia,ML Hayden,AC Gilchrist,SI Mahmood,0,0,,,,,,"",""
ball,2,7.6,Australia,ML Hayden,AC Gilchrist,SI Mahmood,1,0,,,,,,"",""
ball,2,8.1,Australia,ML Hayden,AC Gilchrist,JM Anderson,1,0,,,,,,"",""
ball,2,8.2,Australia,AC Gilchrist,ML Hayden,JM Anderson,4,0,,,,,,"",""
ball,2,8.3,Australia,AC Gilchrist,ML Hayden,JM Anderson,2,0,,,,,,"",""
ball,2,8.4,Australia,AC Gilchrist,ML Hayden,JM Anderson,0,0,,,,,,"",""
ball,2,8.5,Australia,AC Gilchrist,ML Hayden,JM Anderson,0,0,,,,,,"",""
ball,2,8.6,Australia,AC Gilchrist,ML Hayden,JM Anderson,0,0,,,,,,"",""
ball,2,9.1,Australia,ML Hayden,AC Gilchrist,SI Mahmood,1,0,,,,,,"",""
ball,2,9.2,Australia,AC Gilchrist,ML Hayden,SI Mahmood,0,0,,,,,,"",""
ball,2,9.3,Australia,AC Gilchrist,ML Hayden,SI Mahmood,4,0,,,,,,"",""
ball,2,9.4,Australia,AC Gilchrist,ML Hayden,SI Mahmood,1,0,,,,,,"",""
ball,2,9.5,Australia,ML Hayden,AC Gilchrist,SI Mahmood,1,0,,,,,,"",""
ball,2,9.6,Australia,AC Gilchrist,ML Hayden,SI Mahmood,0,0,,,,,,"",""
ball,2,10.1,Australia,ML Hayden,AC Gilchrist,A Flintoff,0,0,,,,,,"",""
ball,2,10.2,Australia,ML Hayden,AC Gilchrist,A Flintoff,0,0,,,,,,"",""
ball,2,10.3,Australia,ML Hayden,AC Gilchrist,A Flintoff,0,0,,,,,,"",""
ball,2,10.4,Australia,ML Hayden,AC Gilchrist,A Flintoff,4,0,,,,,,"",""
ball,2,10.5,Australia,ML Hayden,AC Gilchrist,A Flintoff,1,0,,,,,,"",""
ball,2,10.6,Australia,AC Gilchrist,ML Hayden,A Flintoff,0,0,,,,,,caught,AC Gilchrist
ball,2,11.1,Australia,ML Hayden,RT Ponting,MS Panesar,1,0,,,,,,"",""
ball,2,11.2,Australia,RT Ponting,ML Hayden,MS Panesar,0,0,,,,,,"",""
ball,2,11.3,Australia,RT Ponting,ML Hayden,MS Panesar,0,0,,,,,,"",""
ball,2,11.4,Australia,RT Ponting,ML Hayden,MS Panesar,0,0,,,,,,"",""
ball,2,11.5,Australia,RT Ponting,ML Hayden,MS Panesar,0,0,,,,,,"",""
ball,2,11.6,Australia,RT Ponting,ML Hayden,MS Panesar,0,0,,,,,,"",""
ball,2,12.1,Australia,ML Hayden,RT Ponting,A Flintoff,0,0,,,,,,"",""
ball,2,12.2,Australia,ML Hayden,RT Ponting,A Flintoff,0,0,,,,,,"",""
ball,2,12.3,Australia,ML Hayden,RT Ponting,A Flintoff,0,0,,,,,,"",""
ball,2,12.4,Australia,ML Hayden,RT Ponting,A Flintoff,0,0,,,,,,"",""
ball,2,12.5,Australia,ML Hayden,RT Ponting,A Flintoff,4,0,,,,,,"",""
ball,2,12.6,Australia,ML Hayden,RT Ponting,A Flintoff,0,0,,,,,,"",""
ball,2,13.1,Australia,RT Ponting,ML Hayden,MS Panesar,4,0,,,,,,"",""
ball,2,13.2,Australia,RT Ponting,ML Hayden,MS Panesar,0,0,,,,,,"",""
ball,2,13.3,Australia,RT Ponting,ML Hayden,MS Panesar,0,0,,,,,,"",""
ball,2,13.4,Australia,RT Ponting,ML Hayden,MS Panesar,1,0,,,,,,"",""
ball,2,13.5,Australia,ML Hayden,RT Ponting,MS Panesar,1,0,,,,,,"",""
ball,2,13.6,Australia,RT Ponting,ML Hayden,MS Panesar,0,0,,,,,,"",""
ball,2,14.1,Australia,ML Hayden,RT Ponting,A Flintoff,0,0,,,,,,"",""
ball,2,14.2,Australia,ML Hayden,RT Ponting,A Flintoff,0,0,,,,,,"",""
ball,2,14.3,Australia,ML Hayden,RT Ponting,A Flintoff,1,0,,,,,,"",""
ball,2,14.4,Australia,RT Ponting,ML Hayden,A Flintoff,1,0,,,,,,"",""
ball,2,14.5,Australia,ML Hayden,RT Ponting,A Flintoff,1,0,,,,,,"",""
ball,2,14.6,Australia,RT Ponting,ML Hayden,A Flintoff,0,0,,,,,,"",""
ball,2,15.1,Australia,ML Hayden,RT Ponting,MS Panesar,0,0,,,,,,"",""
ball,2,15.2,Australia,ML Hayden,RT Ponting,MS Panesar,2,0,,,,,,"",""
ball,2,15.3,Australia,ML Hayden,RT Ponting,MS Panesar,1,0,,,,,,"",""
ball,2,15.4,Australia,RT Ponting,ML Hayden,MS Panesar,1,0,,,,,,"",""
ball,2,15.5,Australia,ML Hayden,RT Ponting,MS Panesar,1,0,,,,,,"",""
ball,2,15.6,Australia,RT Ponting,ML Hayden,MS Panesar,1,0,,,,,,"",""
ball,2,16.1,Australia,RT Ponting,ML Hayden,A Flintoff,4,0,,,,,,"",""
ball,2,16.2,Australia,RT Ponting,ML Hayden,A Flintoff,1,0,,,,,,"",""
ball,2,16.3,Australia,ML Hayden,RT Ponting,A Flintoff,1,0,,,,,,"",""
ball,2,16.4,Australia,RT Ponting,ML Hayden,A Flintoff,0,0,,,,,,"",""
ball,2,16.5,Australia,RT Ponting,ML Hayden,A Flintoff,0,0,,,,,,"",""
ball,2,16.6,Australia,RT Ponting,ML Hayden,A Flintoff,0,0,,,,,,"",""
ball,2,17.1,Australia,ML Hayden,RT Ponting,MS Panesar,0,0,,,,,,"",""
ball,2,17.2,Australia,ML Hayden,RT Ponting,MS Panesar,1,0,,,,,,"",""
ball,2,17.3,Australia,RT Ponting,ML Hayden,MS Panesar,0,0,,,,,,"",""
ball,2,17.4,Australia,RT Ponting,ML Hayden,MS Panesar,0,0,,,,,,"",""
ball,2,17.5,Australia,RT Ponting,ML Hayden,MS Panesar,4,0,,,,,,"",""
ball,2,17.6,Australia,RT Ponting,ML Hayden,MS Panesar,0,0,,,,,,"",""
ball,2,18.1,Australia,ML Hayden,RT Ponting,A Flintoff,1,0,,,,,,"",""
ball,2,18.2,Australia,RT Ponting,ML Hayden,A Flintoff,0,0,,,,,,"",""
ball,2,18.3,Australia,RT Ponting,ML Hayden,A Flintoff,0,0,,,,,,"",""
ball,2,18.4,Australia,RT Ponting,ML Hayden,A Flintoff,0,0,,,,,,"",""
ball,2,18.5,Australia,RT Ponting,ML Hayden,A Flintoff,0,0,,,,,,"",""
ball,2,18.6,Australia,RT Ponting,ML Hayden,A Flintoff,0,0,,,,,,"",""
ball,2,19.1,Australia,ML Hayden,RT Ponting,PD Collingwood,0,0,,,,,,bowled,ML Hayden
ball,2,19.2,Australia,MJ Clarke,RT Ponting,PD Collingwood,0,0,,,,,,"",""
ball,2,19.3,Australia,MJ Clarke,RT Ponting,PD Collingwood,1,0,,,,,,"",""
ball,2,19.4,Australia,RT Ponting,MJ Clarke,PD Collingwood,0,0,,,,,,"",""
ball,2,19.5,Australia,RT Ponting,MJ Clarke,PD Collingwood,0,0,,,,,,"",""
ball,2,19.6,Australia,RT Ponting,MJ Clarke,PD Collingwood,1,0,,,,,,"",""
ball,2,20.1,Australia,RT Ponting,MJ Clarke,A Flintoff,0,0,,,,,,"",""
ball,2,20.2,Australia,RT Ponting,MJ Clarke,A Flintoff,0,0,,,,,,"",""
ball,2,20.3,Australia,RT Ponting,MJ Clarke,A Flintoff,1,0,,,,,,"",""
ball,2,20.4,Australia,MJ Clarke,RT Ponting,A Flintoff,0,0,,,,,,"",""
ball,2,20.5,Australia,MJ Clarke,RT Ponting,A Flintoff,1,0,,,,,,"",""
ball,2,20.6,Australia,RT Ponting,MJ Clarke,A Flintoff,1,0,,,,,,"",""
ball,2,21.1,Australia,RT Ponting,MJ Clarke,PD Collingwood,0,0,,,,,,"",""
ball,2,21.2,Australia,RT Ponting,MJ Clarke,PD Collingwood,0,0,,,,,,"",""
ball,2,21.3,Australia,RT Ponting,MJ Clarke,PD Collingwood,0,0,,,,,,"",""
ball,2,21.4,Australia,RT Ponting,MJ Clarke,PD Collingwood,1,0,,,,,,"",""
ball,2,21.5,Australia,MJ Clarke,RT Ponting,PD Collingwood,1,0,,,,,,"",""
ball,2,21.6,Australia,RT Ponting,MJ Clarke,PD Collingwood,0,0,,,,,,"",""
ball,2,22.1,Australia,MJ Clarke,RT Ponting,JM Anderson,0,0,,,,,,"",""
ball,2,22.2,Australia,MJ Clarke,RT Ponting,JM Anderson,1,0,,,,,,"",""
ball,2,22.3,Australia,RT Ponting,MJ Clarke,JM Anderson,1,0,,,,,,"",""
ball,2,22.4,Australia,MJ Clarke,RT Ponting,JM Anderson,0,0,,,,,,"",""
ball,2,22.5,Australia,MJ Clarke,RT Ponting,JM Anderson,0,0,,,,,,"",""
ball,2,22.6,Australia,MJ Clarke,RT Ponting,JM Anderson,0,0,,,,,,"",""
ball,2,23.1,Australia,RT Ponting,MJ Clarke,PD Collingwood,1,0,,,,,,"",""
ball,2,23.2,Australia,MJ Clarke,RT Ponting,PD Collingwood,0,0,,,,,,"",""
ball,2,23.3,Australia,MJ Clarke,RT Ponting,PD Collingwood,1,0,,,,,,"",""
ball,2,23.4,Australia,RT Ponting,MJ Clarke,PD Collingwood,1,0,,,,,,"",""
ball,2,23.5,Australia,MJ Clarke,RT Ponting,PD Collingwood,1,0,,,,,,"",""
ball,2,23.6,Australia,RT Ponting,MJ Clarke,PD Collingwood,1,0,,,,,,"",""
ball,2,24.1,Australia,RT Ponting,MJ Clarke,JM Anderson,0,0,,,,,,"",""
ball,2,24.2,Australia,RT Ponting,MJ Clarke,JM Anderson,0,0,,,,,,"",""
ball,2,24.3,Australia,RT Ponting,MJ Clarke,JM Anderson,0,0,,,,,,"",""
ball,2,24.4,Australia,RT Ponting,MJ Clarke,JM Anderson,1,0,,,,,,"",""
ball,2,24.5,Australia,MJ Clarke,RT Ponting,JM Anderson,1,0,,,,,,"",""
ball,2,24.6,Australia,RT Ponting,MJ Clarke,JM Anderson,2,0,,,,,,"",""
ball,2,25.1,Australia,MJ Clarke,RT Ponting,PD Collingwood,0,0,,,,,,"",""
ball,2,25.2,Australia,MJ Clarke,RT Ponting,PD Collingwood,0,0,,,,,,"",""
ball,2,25.3,Australia,MJ Clarke,RT Ponting,PD Collingwood,3,0,,,,,,"",""
ball,2,25.4,Australia,RT Ponting,MJ Clarke,PD Collingwood,0,0,,,,,,"",""
ball,2,25.5,Australia,RT Ponting,MJ Clarke,PD Collingwood,1,0,,,,,,"",""
ball,2,25.6,Australia,MJ Clarke,RT Ponting,PD Collingwood,0,0,,,,,,"",""
ball,2,26.1,Australia,RT Ponting,MJ Clarke,JM Anderson,0,0,,,,,,"",""
ball,2,26.2,Australia,RT Ponting,MJ Clarke,JM Anderson,0,0,,,,,,"",""
ball,2,26.3,Australia,RT Ponting,MJ Clarke,JM Anderson,1,0,,,,,,"",""
ball,2,26.4,Australia,MJ Clarke,RT Ponting,JM Anderson,1,0,,,,,,"",""
ball,2,26.5,Australia,RT Ponting,MJ Clarke,JM Anderson,1,0,,,,,,"",""
ball,2,26.6,Australia,MJ Clarke,RT Ponting,JM Anderson,2,0,,,,,,"",""
ball,2,27.1,Australia,RT Ponting,MJ Clarke,PD Collingwood,4,0,,,,,,"",""
ball,2,27.2,Australia,RT Ponting,MJ Clarke,PD Collingwood,0,0,,,,,,"",""
ball,2,27.3,Australia,RT Ponting,MJ Clarke,PD Collingwood,0,0,,,,,,"",""
ball,2,27.4,Australia,RT Ponting,MJ Clarke,PD Collingwood,0,1,1,,,,,"",""
ball,2,27.5,Australia,RT Ponting,MJ Clarke,PD Collingwood,2,0,,,,,,"",""
ball,2,27.6,Australia,RT Ponting,MJ Clarke,PD Collingwood,1,0,,,,,,"",""
ball,2,27.7,Australia,MJ Clarke,RT Ponting,PD Collingwood,0,0,,,,,,"",""
ball,2,28.1,Australia,RT Ponting,MJ Clarke,SI Mahmood,0,0,,,,,,"",""
ball,2,28.2,Australia,RT Ponting,MJ Clarke,SI Mahmood,1,0,,,,,,"",""
ball,2,28.3,Australia,MJ Clarke,RT Ponting,SI Mahmood,2,0,,,,,,"",""
ball,2,28.4,Australia,MJ Clarke,RT Ponting,SI Mahmood,1,0,,,,,,"",""
ball,2,28.5,Australia,RT Ponting,MJ Clarke,SI Mahmood,0,0,,,,,,"",""
ball,2,28.6,Australia,RT Ponting,MJ Clarke,SI Mahmood,4,0,,,,,,"",""
ball,2,29.1,Australia,MJ Clarke,RT Ponting,MS Panesar,0,0,,,,,,"",""
ball,2,29.2,Australia,MJ Clarke,RT Ponting,MS Panesar,0,0,,,,,,"",""
ball,2,29.3,Australia,MJ Clarke,RT Ponting,MS Panesar,1,0,,,,,,"",""
ball,2,29.4,Australia,RT Ponting,MJ Clarke,MS Panesar,0,0,,,,,,"",""
ball,2,29.5,Australia,RT Ponting,MJ Clarke,MS Panesar,0,0,,,,,,"",""
ball,2,29.6,Australia,RT Ponting,MJ Clarke,MS Panesar,1,0,,,,,,"",""
ball,2,30.1,Australia,RT Ponting,MJ Clarke,SI Mahmood,4,0,,,,,,"",""
ball,2,30.2,Australia,RT Ponting,MJ Clarke,SI Mahmood,4,0,,,,,,"",""
ball,2,30.3,Australia,RT Ponting,MJ Clarke,SI Mahmood,2,0,,,,,,"",""
ball,2,30.4,Australia,RT Ponting,MJ Clarke,SI Mahmood,0,1,1,,,,,"",""
ball,2,30.5,Australia,RT Ponting,MJ Clarke,SI Mahmood,0,0,,,,,,"",""
ball,2,30.6,Australia,RT Ponting,MJ Clarke,SI Mahmood,0,0,,,,,,"",""
ball,2,30.7,Australia,RT Ponting,MJ Clarke,SI Mahmood,2,0,,,,,,"",""
ball,2,31.1,Australia,MJ Clarke,RT Ponting,MS Panesar,1,0,,,,,,"",""
ball,2,31.2,Australia,RT Ponting,MJ Clarke,MS Panesar,1,0,,,,,,"",""
ball,2,31.3,Australia,MJ Clarke,RT Ponting,MS Panesar,1,0,,,,,,"",""
ball,2,31.4,Australia,RT Ponting,MJ Clarke,MS Panesar,2,0,,,,,,"",""
ball,2,31.5,Australia,RT Ponting,MJ Clarke,MS Panesar,0,0,,,,,,"",""
ball,2,31.6,Australia,RT Ponting,MJ Clarke,MS Panesar,0,0,,,,,,"",""
ball,2,32.1,Australia,MJ Clarke,RT Ponting,A Flintoff,0,0,,,,,,"",""
ball,2,32.2,Australia,MJ Clarke,RT Ponting,A Flintoff,2,0,,,,,,"",""
ball,2,32.3,Australia,MJ Clarke,RT Ponting,A Flintoff,0,1,,,,1,,"",""
ball,2,32.4,Australia,RT Ponting,MJ Clarke,A Flintoff,1,0,,,,,,"",""
ball,2,32.5,Australia,MJ Clarke,RT Ponting,A Flintoff,1,0,,,,,,"",""
ball,2,32.6,Australia,RT Ponting,MJ Clarke,A Flintoff,2,0,,,,,,"",""
ball,2,33.1,Australia,MJ Clarke,RT Ponting,MS Panesar,1,0,,,,,,"",""
ball,2,33.2,Australia,RT Ponting,MJ Clarke,MS Panesar,0,0,,,,,,"",""
ball,2,33.3,Australia,RT Ponting,MJ Clarke,MS Panesar,4,0,,,,,,"",""
ball,2,33.4,Australia,RT Ponting,MJ Clarke,MS Panesar,0,0,,,,,,"",""
ball,2,33.5,Australia,RT Ponting,MJ Clarke,MS Panesar,1,0,,,,,,"",""
ball,2,33.6,Australia,MJ Clarke,RT Ponting,MS Panesar,0,0,,,,,,"",""
ball,2,34.1,Australia,RT Ponting,MJ Clarke,PD Collingwood,0,0,,,,,,"",""
ball,2,34.2,Australia,RT Ponting,MJ Clarke,PD Collingwood,1,0,,,,,,"",""
ball,2,34.3,Australia,MJ Clarke,RT Ponting,PD Collingwood,0,0,,,,,,"",""
ball,2,34.4,Australia,MJ Clarke,RT Ponting,PD Collingwood,1,0,,,,,,"",""
ball,2,34.5,Australia,RT Ponting,MJ Clarke,PD Collingwood,0,0,,,,,,"",""
ball,2,34.6,Australia,RT Ponting,MJ Clarke,PD Collingwood,4,0,,,,,,"",""
ball,2,35.1,Australia,MJ Clarke,RT Ponting,MS Panesar,3,0,,,,,,"",""
ball,2,35.2,Australia,RT Ponting,MJ Clarke,MS Panesar,0,0,,,,,,"",""
ball,2,35.3,Australia,RT Ponting,MJ Clarke,MS Panesar,0,0,,,,,,"",""
ball,2,35.4,Australia,RT Ponting,MJ Clarke,MS Panesar,1,0,,,,,,"",""
ball,2,35.5,Australia,MJ Clarke,RT Ponting,MS Panesar,0,0,,,,,,"",""
ball,2,35.6,Australia,MJ Clarke,RT Ponting,MS Panesar,2,0,,,,,,"",""
ball,2,36.1,Australia,RT Ponting,MJ Clarke,PD Collingwood,1,0,,,,,,"",""
ball,2,36.2,Australia,MJ Clarke,RT Ponting,PD Collingwood,1,0,,,,,,"",""
ball,2,36.3,Australia,RT Ponting,MJ Clarke,PD Collingwood,1,0,,,,,,"",""
ball,2,36.4,Australia,MJ Clarke,RT Ponting,PD Collingwood,0,0,,,,,,"",""
ball,2,36.5,Australia,MJ Clarke,RT Ponting,PD Collingwood,4,0,,,,,,"",""
ball,2,36.6,Australia,MJ Clarke,RT Ponting,PD Collingwood,1,0,,,,,,"",""
ball,2,37.1,Australia,MJ Clarke,RT Ponting,MS Panesar,1,0,,,,,,"",""
ball,2,37.2,Australia,RT Ponting,MJ Clarke,MS Panesar,1,0,,,,,,"",""
ball,2,37.3,Australia,MJ Clarke,RT Ponting,MS Panesar,1,0,,,,,,"",""
ball,2,37.4,Australia,RT Ponting,MJ Clarke,MS Panesar,0,0,,,,,,"",""
ball,2,37.5,Australia,RT Ponting,MJ Clarke,MS Panesar,4,0,,,,,,"",""
ball,2,37.6,Australia,RT Ponting,MJ Clarke,MS Panesar,4,0,,,,,,"",""
ball,2,38.1,Australia,MJ Clarke,RT Ponting,A Flintoff,1,0,,,,,,"",""
ball,2,38.2,Australia,RT Ponting,MJ Clarke,A Flintoff,0,0,,,,,,"",""
ball,2,38.3,Australia,RT Ponting,MJ Clarke,A Flintoff,1,0,,,,,,"",""
ball,2,38.4,Australia,MJ Clarke,RT Ponting,A Flintoff,1,0,,,,,,"",""
ball,2,38.5,Australia,RT Ponting,MJ Clarke,A Flintoff,0,0,,,,,,"",""
ball,2,38.6,Australia,RT Ponting,MJ Clarke,A Flintoff,0,0,,,,,,"",""
ball,2,39.1,Australia,MJ Clarke,RT Ponting,PD Collingwood,1,0,,,,,,"",""
ball,2,39.2,Australia,RT Ponting,MJ Clarke,PD Collingwood,0,0,,,,,,"",""
ball,2,39.3,Australia,RT Ponting,MJ Clarke,PD Collingwood,0,0,,,,,,"",""
ball,2,39.4,Australia,RT Ponting,MJ Clarke,PD Collingwood,0,0,,,,,,"",""
ball,2,39.5,Australia,RT Ponting,MJ Clarke,PD Collingwood,0,0,,,,,,"",""
ball,2,39.6,Australia,RT Ponting,MJ Clarke,PD Collingwood,1,0,,,,,,"",""
ball,2,40.1,Australia,RT Ponting,MJ Clarke,A Flintoff,0,0,,,,,,run out,RT Ponting
ball,2,40.2,Australia,A Symonds,MJ Clarke,A Flintoff,0,0,,,,,,"",""
ball,2,40.3,Australia,A Symonds,MJ Clarke,A Flintoff,0,1,,,,1,,"",""
ball,2,40.4,Australia,MJ Clarke,A Symonds,A Flintoff,0,0,,,,,,"",""
ball,2,40.5,Australia,MJ Clarke,A Symonds,A Flintoff,0,0,,,,,,"",""
ball,2,40.6,Australia,MJ Clarke,A Symonds,A Flintoff,0,0,,,,,,"",""
ball,2,41.1,Australia,A Symonds,MJ Clarke,PD Collingwood,0,0,,,,,,"",""
ball,2,41.2,Australia,A Symonds,MJ Clarke,PD Collingwood,4,0,,,,,,"",""
ball,2,41.3,Australia,A Symonds,MJ Clarke,PD Collingwood,2,0,,,,,,"",""
ball,2,41.4,Australia,A Symonds,MJ Clarke,PD Collingwood,6,0,,,,,,"",""
ball,2,41.5,Australia,A Symonds,MJ Clarke,PD Collingwood,0,0,,,,,,"",""
ball,2,41.6,Australia,A Symonds,MJ Clarke,PD Collingwood,1,0,,,,,,"",""
ball,2,42.1,Australia,A Symonds,MJ Clarke,A Flintoff,0,0,,,,,,"",""
ball,2,42.2,Australia,A Symonds,MJ Clarke,A Flintoff,4,0,,,,,,"",""
ball,2,42.3,Australia,A Symonds,MJ Clarke,A Flintoff,0,0,,,,,,"",""
ball,2,42.4,Australia,A Symonds,MJ Clarke,A Flintoff,0,0,,,,,,"",""
ball,2,42.5,Australia,A Symonds,MJ Clarke,A Flintoff,0,0,,,,,,"",""
ball,2,42.6,Australia,A Symonds,MJ Clarke,A Flintoff,0,0,,,,,,"",""
ball,2,43.1,Australia,MJ Clarke,A Symonds,SI Mahmood,1,0,,,,,,"",""
ball,2,43.2,Australia,A Symonds,MJ Clarke,SI Mahmood,1,0,,,,,,"",""
ball,2,43.3,Australia,MJ Clarke,A Symonds,SI Mahmood,0,0,,,,,,"",""
ball,2,43.4,Australia,MJ Clarke,A Symonds,SI Mahmood,4,0,,,,,,"",""
ball,2,43.5,Australia,MJ Clarke,A Symonds,SI Mahmood,1,0,,,,,,"",""
ball,2,43.6,Australia,A Symonds,MJ Clarke,SI Mahmood,0,0,,,,,,"",""
ball,2,44.1,Australia,MJ Clarke,A Symonds,JM Anderson,0,0,,,,,,"",""
ball,2,44.2,Australia,MJ Clarke,A Symonds,JM Anderson,0,0,,,,,,"",""
ball,2,44.3,Australia,MJ Clarke,A Symonds,JM Anderson,2,0,,,,,,"",""
ball,2,44.4,Australia,MJ Clarke,A Symonds,JM Anderson,2,0,,,,,,"",""
ball,2,44.5,Australia,MJ Clarke,A Symonds,JM Anderson,1,0,,,,,,"",""
ball,2,44.6,Australia,A Symonds,MJ Clarke,JM Anderson,1,0,,,,,,"",""
ball,2,45.1,Australia,A Symonds,MJ Clarke,SI Mahmood,0,0,,,,,,"",""
ball,2,45.2,Australia,A Symonds,MJ Clarke,SI Mahmood,4,0,,,,,,"",""
ball,2,45.3,Australia,A Symonds,MJ Clarke,SI Mahmood,0,3,,,,3,,"",""
ball,2,45.4,Australia,MJ Clarke,A Symonds,SI Mahmood,1,0,,,,,,"",""
ball,2,45.5,Australia,A Symonds,MJ Clarke,SI Mahmood,0,0,,,,,,"",""
ball,2,45.6,Australia,A Symonds,MJ Clarke,SI Mahmood,0,0,,,,,,"",""
ball,2,46.1,Australia,MJ Clarke,A Symonds,JM Anderson,2,0,,,,,,"",""
ball,2,46.2,Australia,MJ Clarke,A Symonds,JM Anderson,1,0,,,,,,"",""
ball,2,46.3,Australia,A Symonds,MJ Clarke,JM Anderson,0,0,,,,,,"",""
ball,2,46.4,Australia,A Symonds,MJ Clarke,JM Anderson,0,0,,,,,,"",""
ball,2,46.5,Australia,A Symonds,MJ Clarke,JM Anderson,0,0,,,,,,"",""
ball,2,46.6,Australia,A Symonds,MJ Clarke,JM Anderson,1,0,,,,,,"",""
ball,2,47.1,Australia,A Symonds,MJ Clarke,SI Mahmood,0,0,,,,,,"",""
ball,2,47.2,Australia,A Symonds,MJ Clarke,SI Mahmood,4,0,,,,,,"",""
