version,1.6.0
info,balls_per_over,6
info,team,Canada
info,team,England
info,gender,male
info,season,2006/07
info,date,2007/03/18
info,event,ICC World Cup
info,match_number,11
info,venue,"Beausejour Stadium, Gros Islet"
info,city,St Lucia
info,neutralvenue,true
info,toss_winner,Canada
info,toss_decision,field
info,player_of_match,PD Collingwood
info,umpire,BR Doctrove
info,umpire,PD Parker
info,reserve_umpire,RE Koertzen
info,tv_umpire,Asad Rauf
info,match_referee,JJ Crowe
info,winner,England
info,winner_runs,51
info,player,Canada,JM Davison
info,player,Canada,GEF Barnett
info,player,Canada,A Bagai
info,player,Canada,IS Billcliff
info,player,Canada,AM Samad
info,player,Canada,AA Mulla
info,player,Canada,DR Chumney
info,player,Canada,S Dhaniram
info,player,Canada,GR Codrington
info,player,Canada,U Bhatti
info,player,Canada,AC Cummins
info,player,England,EC Joyce
info,player,England,MP Vaughan
info,player,England,IR Bell
info,player,England,KP Pietersen
info,player,England,PD Collingwood
info,player,England,RS Bopara
info,player,England,JWM Dalrymple
info,player,England,PA Nixon
info,player,England,LE Plunkett
info,player,England,JM Anderson
info,player,England,MS Panesar
info,registry,people,A Bagai,112959b2
info,registry,people,AA Mulla,82c528b2
info,registry,people,AC Cummins,ad75edc3
info,registry,people,AM Samad,513158ed
info,registry,people,Asad Rauf,861606b7
info,registry,people,BR Doctrove,cbebf805
info,registry,people,DR Chumney,1f3ad23f
info,registry,people,EC Joyce,a48fc79d
info,registry,people,GEF Barnett,b7646e8c
info,registry,people,GR Codrington,e1e81c75
info,registry,people,IR Bell,33155d1b
info,registry,people,IS Billcliff,1fb2f362
info,registry,people,JJ Crowe,2e760301
info,registry,people,JM Anderson,d12143bf
info,registry,people,JM Davison,5471024e
info,registry,people,JWM Dalrymple,1afdbdbf
info,registry,people,KP Pietersen,39f01cdb
info,registry,people,LE Plunkett,9a963804
info,registry,people,MP Vaughan,6e1b1ec0
info,registry,people,MS Panesar,5a37ec26
info,registry,people,PA Nixon,f14c62e4
info,registry,people,PD Collingwood,a386e91b
info,registry,people,PD Parker,439aa572
info,registry,people,RE Koertzen,0265fab2
info,registry,people,RS Bopara,7ca5e05d
info,registry,people,S Dhaniram,123e663a
info,registry,people,U Bhatti,c66d9486
ball,1,0.1,England,EC Joyce,MP Vaughan,AC Cummins,0,1,1,,,,,"",""
ball,1,0.2,England,EC Joyce,MP Vaughan,AC Cummins,1,0,,,,,,"",""
ball,1,0.3,England,MP Vaughan,EC Joyce,AC Cummins,0,0,,,,,,"",""
ball,1,0.4,England,MP Vaughan,EC Joyce,AC Cummins,0,0,,,,,,"",""
ball,1,0.5,England,MP Vaughan,EC Joyce,AC Cummins,0,0,,,,,,"",""
ball,1,0.6,England,MP Vaughan,EC Joyce,AC Cummins,0,1,1,,,,,"",""
ball,1,0.7,England,MP Vaughan,EC Joyce,AC Cummins,0,1,1,,,,,"",""
ball,1,0.8,England,MP Vaughan,EC Joyce,AC Cummins,0,0,,,,,,"",""
ball,1,0.9,England,MP Vaughan,EC Joyce,AC Cummins,0,0,,,,,,"",""
ball,1,1.1,England,EC Joyce,MP Vaughan,U Bhatti,1,0,,,,,,"",""
ball,1,1.2,England,MP Vaughan,EC Joyce,U Bhatti,0,0,,,,,,"",""
ball,1,1.3,England,MP Vaughan,EC Joyce,U Bhatti,0,0,,,,,,"",""
ball,1,1.4,England,MP Vaughan,EC Joyce,U Bhatti,0,0,,,,,,"",""
ball,1,1.5,England,MP Vaughan,EC Joyce,U Bhatti,2,0,,,,,,"",""
ball,1,1.6,England,MP Vaughan,EC Joyce,U Bhatti,0,0,,,,,,"",""
ball,1,2.1,England,EC Joyce,MP Vaughan,AC Cummins,4,0,,,,,,"",""
ball,1,2.2,England,EC Joyce,MP Vaughan,AC Cummins,0,0,,,,,,"",""
ball,1,2.3,England,EC Joyce,MP Vaughan,AC Cummins,0,0,,,,,,"",""
ball,1,2.4,England,EC Joyce,MP Vaughan,AC Cummins,0,1,,1,,,,"",""
ball,1,2.5,England,EC Joyce,MP Vaughan,AC Cummins,0,0,,,,,,"",""
ball,1,2.6,England,EC Joyce,MP Vaughan,AC Cummins,0,1,,1,,,,"",""
ball,1,2.7,England,EC Joyce,MP Vaughan,AC Cummins,0,0,,,,,,"",""
ball,1,2.8,England,EC Joyce,MP Vaughan,AC Cummins,0,4,,,4,,,"",""
ball,1,3.1,England,MP Vaughan,EC Joyce,U Bhatti,1,0,,,,,,"",""
ball,1,3.2,England,EC Joyce,MP Vaughan,U Bhatti,0,0,,,,,,"",""
ball,1,3.3,England,EC Joyce,MP Vaughan,U Bhatti,0,0,,,,,,"",""
ball,1,3.4,England,EC Joyce,MP Vaughan,U Bhatti,0,0,,,,,,"",""
ball,1,3.5,England,EC Joyce,MP Vaughan,U Bhatti,0,0,,,,,,"",""
ball,1,3.6,England,EC Joyce,MP Vaughan,U Bhatti,3,0,,,,,,"",""
ball,1,4.1,England,EC Joyce,MP Vaughan,AC Cummins,0,1,1,,,,,"",""
ball,1,4.2,England,EC Joyce,MP Vaughan,AC Cummins,0,0,,,,,,"",""
ball,1,4.3,England,EC Joyce,MP Vaughan,AC Cummins,0,0,,,,,,"",""
ball,1,4.4,England,EC Joyce,MP Vaughan,AC Cummins,0,0,,,,,,"",""
ball,1,4.5,England,EC Joyce,MP Vaughan,AC Cummins,0,1,1,,,,,"",""
ball,1,4.6,England,EC Joyce,MP Vaughan,AC Cummins,0,0,,,,,,"",""
ball,1,4.7,England,EC Joyce,MP Vaughan,AC Cummins,4,0,,,,,,"",""
ball,1,4.8,England,EC Joyce,MP Vaughan,AC Cummins,4,0,,,,,,"",""
ball,1,5.1,England,MP Vaughan,EC Joyce,U Bhatti,0,0,,,,,,"",""
ball,1,5.2,England,MP Vaughan,EC Joyce,U Bhatti,0,0,,,,,,"",""
ball,1,5.3,England,MP Vaughan,EC Joyce,U Bhatti,4,0,,,,,,"",""
ball,1,5.4,England,MP Vaughan,EC Joyce,U Bhatti,0,0,,,,,,"",""
ball,1,5.5,England,MP Vaughan,EC Joyce,U Bhatti,4,0,,,,,,"",""
ball,1,5.6,England,MP Vaughan,EC Joyce,U Bhatti,0,0,,,,,,"",""
ball,1,6.1,England,EC Joyce,MP Vaughan,AC Cummins,0,1,1,,,,,"",""
ball,1,6.2,England,EC Joyce,MP Vaughan,AC Cummins,0,0,,,,,,"",""
ball,1,6.3,England,EC Joyce,MP Vaughan,AC Cummins,0,0,,,,,,"",""
ball,1,6.4,England,EC Joyce,MP Vaughan,AC Cummins,4,0,,,,,,"",""
ball,1,6.5,England,EC Joyce,MP Vaughan,AC Cummins,0,0,,,,,,"",""
ball,1,6.6,England,EC Joyce,MP Vaughan,AC Cummins,2,0,,,,,,"",""
ball,1,6.7,England,EC Joyce,MP Vaughan,AC Cummins,0,0,,,,,,"",""
ball,1,7.1,England,MP Vaughan,EC Joyce,U Bhatti,1,0,,,,,,"",""
ball,1,7.2,England,EC Joyce,MP Vaughan,U Bhatti,0,0,,,,,,"",""
ball,1,7.3,England,EC Joyce,MP Vaughan,U Bhatti,0,0,,,,,,"",""
ball,1,7.4,England,EC Joyce,MP Vaughan,U Bhatti,0,0,,,,,,"",""
ball,1,7.5,England,EC Joyce,MP Vaughan,U Bhatti,0,0,,,,,,"",""
ball,1,7.6,England,EC Joyce,MP Vaughan,U Bhatti,0,0,,,,,,"",""
ball,1,8.1,England,MP Vaughan,EC Joyce,AC Cummins,0,0,,,,,,"",""
ball,1,8.2,England,MP Vaughan,EC Joyce,AC Cummins,0,0,,,,,,"",""
ball,1,8.3,England,MP Vaughan,EC Joyce,AC Cummins,0,0,,,,,,"",""
ball,1,8.4,England,MP Vaughan,EC Joyce,AC Cummins,4,0,,,,,,"",""
ball,1,8.5,England,MP Vaughan,EC Joyce,AC Cummins,1,0,,,,,,"",""
ball,1,8.6,England,EC Joyce,MP Vaughan,AC Cummins,0,1,,1,,,,"",""
ball,1,8.7,England,EC Joyce,MP Vaughan,AC Cummins,0,1,1,,,,,"",""
ball,1,8.8,England,EC Joyce,MP Vaughan,AC Cummins,0,0,,,,,,"",""
ball,1,9.1,England,MP Vaughan,EC Joyce,U Bhatti,0,0,,,,,,"",""
ball,1,9.2,England,MP Vaughan,EC Joyce,U Bhatti,0,0,,,,,,"",""
ball,1,9.3,England,MP Vaughan,EC Joyce,U Bhatti,0,0,,,,,,"",""
ball,1,9.4,England,MP Vaughan,EC Joyce,U Bhatti,0,0,,,,,,"",""
ball,1,9.5,England,MP Vaughan,EC Joyce,U Bhatti,0,0,,,,,,"",""
ball,1,9.6,England,MP Vaughan,EC Joyce,U Bhatti,1,0,,,,,,"",""
ball,1,10.1,England,MP Vaughan,EC Joyce,JM Davison,0,0,,,,,,"",""
ball,1,10.2,England,MP Vaughan,EC Joyce,JM Davison,4,0,,,,,,"",""
ball,1,10.3,England,MP Vaughan,EC Joyce,JM Davison,0,0,,,,,,"",""
ball,1,10.4,England,MP Vaughan,EC Joyce,JM Davison,0,0,,,,,,"",""
ball,1,10.5,England,MP Vaughan,EC Joyce,JM Davison,0,0,,,,,,"",""
ball,1,10.6,England,MP Vaughan,EC Joyce,JM Davison,0,0,,,,,,"",""
ball,1,11.1,England,EC Joyce,MP Vaughan,U Bhatti,0,0,,,,,,"",""
ball,1,11.2,England,EC Joyce,MP Vaughan,U Bhatti,3,0,,,,,,"",""
ball,1,11.3,England,MP Vaughan,EC Joyce,U Bhatti,0,0,,,,,,"",""
ball,1,11.4,England,MP Vaughan,EC Joyce,U Bhatti,0,0,,,,,,"",""
ball,1,11.5,England,MP Vaughan,EC Joyce,U Bhatti,0,0,,,,,,"",""
ball,1,11.6,England,MP Vaughan,EC Joyce,U Bhatti,0,0,,,,,,"",""
ball,1,12.1,England,EC Joyce,MP Vaughan,JM Davison,0,0,,,,,,"",""
ball,1,12.2,England,EC Joyce,MP Vaughan,JM Davison,0,0,,,,,,"",""
ball,1,12.3,England,EC Joyce,MP Vaughan,JM Davison,0,0,,,,,,"",""
ball,1,12.4,England,EC Joyce,MP Vaughan,JM Davison,0,0,,,,,,"",""
ball,1,12.5,England,EC Joyce,MP Vaughan,JM Davison,0,0,,,,,,"",""
ball,1,12.6,England,EC Joyce,MP Vaughan,JM Davison,0,0,,,,,,"",""
ball,1,13.1,England,MP Vaughan,EC Joyce,U Bhatti,1,0,,,,,,"",""
ball,1,13.2,England,EC Joyce,MP Vaughan,U Bhatti,0,0,,,,,,"",""
ball,1,13.3,England,EC Joyce,MP Vaughan,U Bhatti,1,0,,,,,,"",""
ball,1,13.4,England,MP Vaughan,EC Joyce,U Bhatti,0,0,,,,,,"",""
ball,1,13.5,England,MP Vaughan,EC Joyce,U Bhatti,4,0,,,,,,"",""
ball,1,13.6,England,MP Vaughan,EC Joyce,U Bhatti,4,0,,,,,,"",""
ball,1,14.1,England,EC Joyce,MP Vaughan,JM Davison,1,0,,,,,,"",""
ball,1,14.2,England,MP Vaughan,EC Joyce,JM Davison,1,0,,,,,,"",""
ball,1,14.3,England,EC Joyce,MP Vaughan,JM Davison,0,0,,,,,,"",""
ball,1,14.4,England,EC Joyce,MP Vaughan,JM Davison,0,0,,,,,,"",""
ball,1,14.5,England,EC Joyce,MP Vaughan,JM Davison,0,0,,,,,,"",""
ball,1,14.6,England,EC Joyce,MP Vaughan,JM Davison,1,0,,,,,,"",""
ball,1,15.1,England,EC Joyce,MP Vaughan,AM Samad,1,0,,,,,,"",""
ball,1,15.2,England,MP Vaughan,EC Joyce,AM Samad,0,0,,,,,,"",""
ball,1,15.3,England,MP Vaughan,EC Joyce,AM Samad,0,0,,,,,,"",""
ball,1,15.4,England,MP Vaughan,EC Joyce,AM Samad,0,0,,,,,,"",""
ball,1,15.5,England,MP Vaughan,EC Joyce,AM Samad,0,0,,,,,,"",""
ball,1,15.6,England,MP Vaughan,EC Joyce,AM Samad,1,0,,,,,,"",""
ball,1,16.1,England,MP Vaughan,EC Joyce,JM Davison,2,0,,,,,,"",""
ball,1,16.2,England,MP Vaughan,EC Joyce,JM Davison,0,0,,,,,,"",""
ball,1,16.3,England,MP Vaughan,EC Joyce,JM Davison,0,1,1,,,,,"",""
ball,1,16.4,England,MP Vaughan,EC Joyce,JM Davison,0,0,,,,,,"",""
ball,1,16.5,England,MP Vaughan,EC Joyce,JM Davison,0,0,,,,,,"",""
ball,1,16.6,England,MP Vaughan,EC Joyce,JM Davison,0,0,,,,,,"",""
ball,1,16.7,England,MP Vaughan,EC Joyce,JM Davison,2,0,,,,,,"",""
ball,1,17.1,England,EC Joyce,MP Vaughan,AM Samad,0,0,,,,,,"",""
ball,1,17.2,England,EC Joyce,MP Vaughan,AM Samad,0,1,,,,1,,"",""
ball,1,17.3,England,MP Vaughan,EC Joyce,AM Samad,1,0,,,,,,"",""
ball,1,17.4,England,EC Joyce,MP Vaughan,AM Samad,0,0,,,,,,"",""
ball,1,17.5,England,EC Joyce,MP Vaughan,AM Samad,0,0,,,,,,"",""
ball,1,17.6,England,EC Joyce,MP Vaughan,AM Samad,1,0,,,,,,"",""
ball,1,18.1,England,EC Joyce,MP Vaughan,GR Codrington,0,0,,,,,,"",""
ball,1,18.2,England,EC Joyce,MP Vaughan,GR Codrington,0,0,,,,,,"",""
ball,1,18.3,England,EC Joyce,MP Vaughan,GR Codrington,6,0,,,,,,"",""
ball,1,18.4,England,EC Joyce,MP Vaughan,GR Codrington,3,0,,,,,,"",""
ball,1,18.5,England,MP Vaughan,EC Joyce,GR Codrington,0,0,,,,,,"",""
ball,1,18.6,England,MP Vaughan,EC Joyce,GR Codrington,1,0,,,,,,"",""
ball,1,19.1,England,MP Vaughan,EC Joyce,AM Samad,4,0,,,,,,"",""
ball,1,19.2,England,MP Vaughan,EC Joyce,AM Samad,0,0,,,,,,"",""
ball,1,19.3,England,MP Vaughan,EC Joyce,AM Samad,2,0,,,,,,"",""
ball,1,19.4,England,MP Vaughan,EC Joyce,AM Samad,0,0,,,,,,"",""
ball,1,19.5,England,MP Vaughan,EC Joyce,AM Samad,0,0,,,,,,"",""
ball,1,19.6,England,MP Vaughan,EC Joyce,AM Samad,0,0,,,,,,caught,MP Vaughan
ball,1,20.1,England,EC Joyce,IR Bell,GR Codrington,1,0,,,,,,"",""
ball,1,20.2,England,IR Bell,EC Joyce,GR Codrington,1,0,,,,,,"",""
ball,1,20.3,England,EC Joyce,IR Bell,GR Codrington,1,0,,,,,,"",""
ball,1,20.4,England,IR Bell,EC Joyce,GR Codrington,1,0,,,,,,"",""
ball,1,20.5,England,EC Joyce,IR Bell,GR Codrington,1,0,,,,,,"",""
ball,1,20.6,England,IR Bell,EC Joyce,GR Codrington,0,0,,,,,,"",""
ball,1,21.1,England,EC Joyce,IR Bell,S Dhaniram,1,0,,,,,,"",""
ball,1,21.2,England,IR Bell,EC Joyce,S Dhaniram,0,0,,,,,,"",""
ball,1,21.3,England,IR Bell,EC Joyce,S Dhaniram,0,0,,,,,,"",""
ball,1,21.4,England,IR Bell,EC Joyce,S Dhaniram,0,0,,,,,,"",""
ball,1,21.5,England,IR Bell,EC Joyce,S Dhaniram,0,0,,,,,,"",""
ball,1,21.6,England,IR Bell,EC Joyce,S Dhaniram,0,0,,,,,,"",""
ball,1,22.1,England,EC Joyce,IR Bell,JM Davison,1,0,,,,,,"",""
ball,1,22.2,England,IR Bell,EC Joyce,JM Davison,0,0,,,,,,"",""
ball,1,22.3,England,IR Bell,EC Joyce,JM Davison,1,0,,,,,,"",""
ball,1,22.4,England,EC Joyce,IR Bell,JM Davison,0,0,,,,,,"",""
ball,1,22.5,England,EC Joyce,IR Bell,JM Davison,0,0,,,,,,"",""
ball,1,22.6,England,EC Joyce,IR Bell,JM Davison,0,0,,,,,,"",""
ball,1,23.1,England,IR Bell,EC Joyce,S Dhaniram,0,0,,,,,,"",""
ball,1,23.2,England,IR Bell,EC Joyce,S Dhaniram,1,0,,,,,,"",""
ball,1,23.3,England,EC Joyce,IR Bell,S Dhaniram,0,0,,,,,,"",""
ball,1,23.4,England,EC Joyce,IR Bell,S Dhaniram,0,0,,,,,,"",""
ball,1,23.5,England,EC Joyce,IR Bell,S Dhaniram,1,0,,,,,,"",""
ball,1,23.6,England,IR Bell,EC Joyce,S Dhaniram,3,0,,,,,,"",""
ball,1,24.1,England,IR Bell,EC Joyce,JM Davison,0,0,,,,,,"",""
ball,1,24.2,England,IR Bell,EC Joyce,JM Davison,1,0,,,,,,"",""
ball,1,24.3,England,EC Joyce,IR Bell,JM Davison,0,0,,,,,,"",""
ball,1,24.4,England,EC Joyce,IR Bell,JM Davison,1,0,,,,,,"",""
ball,1,24.5,England,IR Bell,EC Joyce,JM Davison,1,0,,,,,,"",""
ball,1,24.6,England,EC Joyce,IR Bell,JM Davison,2,0,,,,,,"",""
ball,1,25.1,England,IR Bell,EC Joyce,S Dhaniram,0,0,,,,,,"",""
ball,1,25.2,England,IR Bell,EC Joyce,S Dhaniram,0,0,,,,,,"",""
ball,1,25.3,England,IR Bell,EC Joyce,S Dhaniram,0,0,,,,,,"",""
ball,1,25.4,England,IR Bell,EC Joyce,S Dhaniram,1,0,,,,,,"",""
ball,1,25.5,England,EC Joyce,IR Bell,S Dhaniram,1,0,,,,,,"",""
ball,1,25.6,England,IR Bell,EC Joyce,S Dhaniram,1,0,,,,,,"",""
ball,1,26.1,England,IR Bell,EC Joyce,GR Codrington,0,0,,,,,,"",""
ball,1,26.2,England,IR Bell,EC Joyce,GR Codrington,2,0,,,,,,"",""
ball,1,26.3,England,IR Bell,EC Joyce,GR Codrington,1,0,,,,,,"",""
ball,1,26.4,England,EC Joyce,IR Bell,GR Codrington,1,0,,,,,,"",""
ball,1,26.5,England,IR Bell,EC Joyce,GR Codrington,0,0,,,,,,"",""
ball,1,26.6,England,IR Bell,EC Joyce,GR Codrington,0,0,,,,,,"",""
ball,1,27.1,England,EC Joyce,IR Bell,S Dhaniram,0,0,,,,,,"",""
ball,1,27.2,England,EC Joyce,IR Bell,S Dhaniram,1,0,,,,,,"",""
ball,1,27.3,England,IR Bell,EC Joyce,S Dhaniram,1,0,,,,,,"",""
ball,1,27.4,England,EC Joyce,IR Bell,S Dhaniram,1,0,,,,,,"",""
ball,1,27.5,England,IR Bell,EC Joyce,S Dhaniram,1,0,,,,,,"",""
ball,1,27.6,England,EC Joyce,IR Bell,S Dhaniram,0,0,,,,,,"",""
ball,1,28.1,England,IR Bell,EC Joyce,GR Codrington,4,0,,,,,,"",""
ball,1,28.2,England,IR Bell,EC Joyce,GR Codrington,1,0,,,,,,"",""
ball,1,28.3,England,EC Joyce,IR Bell,GR Codrington,1,0,,,,,,"",""
ball,1,28.4,England,IR Bell,EC Joyce,GR Codrington,0,0,,,,,,"",""
ball,1,28.5,England,IR Bell,EC Joyce,GR Codrington,0,0,,,,,,"",""
ball,1,28.6,England,IR Bell,EC Joyce,GR Codrington,0,0,,,,,,"",""
ball,1,29.1,England,EC Joyce,IR Bell,S Dhaniram,0,0,,,,,,"",""
ball,1,29.2,England,EC Joyce,IR Bell,S Dhaniram,1,0,,,,,,"",""
ball,1,29.3,England,IR Bell,EC Joyce,S Dhaniram,1,0,,,,,,"",""
ball,1,29.4,England,EC Joyce,IR Bell,S Dhaniram,0,0,,,,,,"",""
ball,1,29.5,England,EC Joyce,IR Bell,S Dhaniram,1,0,,,,,,"",""
ball,1,29.6,England,IR Bell,EC Joyce,S Dhaniram,0,0,,,,,,"",""
ball,1,30.1,England,EC Joyce,IR Bell,JM Davison,1,0,,,,,,"",""
ball,1,30.2,England,IR Bell,EC Joyce,JM Davison,1,0,,,,,,"",""
ball,1,30.3,England,EC Joyce,IR Bell,JM Davison,1,0,,,,,,"",""
ball,1,30.4,England,IR Bell,EC Joyce,JM Davison,1,0,,,,,,"",""
ball,1,30.5,England,EC Joyce,IR Bell,JM Davison,0,0,,,,,,"",""
ball,1,30.6,England,EC Joyce,IR Bell,JM Davison,0,0,,,,,,"",""
ball,1,31.1,England,IR Bell,EC Joyce,S Dhaniram,1,0,,,,,,"",""
ball,1,31.2,England,EC Joyce,IR Bell,S Dhaniram,1,0,,,,,,"",""
ball,1,31.3,England,IR Bell,EC Joyce,S Dhaniram,1,0,,,,,,"",""
ball,1,31.4,England,EC Joyce,IR Bell,S Dhaniram,1,0,,,,,,"",""
ball,1,31.5,England,IR Bell,EC Joyce,S Dhaniram,1,0,,,,,,"",""
ball,1,31.6,England,EC Joyce,IR Bell,S Dhaniram,1,0,,,,,,"",""
ball,1,32.1,England,EC Joyce,IR Bell,JM Davison,1,0,,,,,,"",""
ball,1,32.2,England,IR Bell,EC Joyce,JM Davison,1,0,,,,,,"",""
ball,1,32.3,England,EC Joyce,IR Bell,JM Davison,0,0,,,,,,"",""
ball,1,32.4,England,EC Joyce,IR Bell,JM Davison,1,0,,,,,,"",""
ball,1,32.5,England,IR Bell,EC Joyce,JM Davison,0,0,,,,,,"",""
ball,1,32.6,England,IR Bell,EC Joyce,JM Davison,0,0,,,,,,"",""
ball,1,33.1,England,EC Joyce,IR Bell,S Dhaniram,1,0,,,,,,"",""
ball,1,33.2,England,IR Bell,EC Joyce,S Dhaniram,0,0,,,,,,caught,IR Bell
ball,1,33.3,England,KP Pietersen,EC Joyce,S Dhaniram,4,0,,,,,,"",""
ball,1,33.4,England,KP Pietersen,EC Joyce,S Dhaniram,1,0,,,,,,"",""
ball,1,33.5,England,EC Joyce,KP Pietersen,S Dhaniram,1,0,,,,,,"",""
ball,1,33.6,England,KP Pietersen,EC Joyce,S Dhaniram,0,0,,,,,,"",""
ball,1,34.1,England,EC Joyce,KP Pietersen,JM Davison,0,0,,,,,,"",""
ball,1,34.2,England,EC Joyce,KP Pietersen,JM Davison,0,0,,,,,,"",""
ball,1,34.3,England,EC Joyce,KP Pietersen,JM Davison,0,0,,,,,,"",""
ball,1,34.4,England,EC Joyce,KP Pietersen,JM Davison,0,0,,,,,,"",""
ball,1,34.5,England,EC Joyce,KP Pietersen,JM Davison,0,0,,,,,,"",""
ball,1,34.6,England,EC Joyce,KP Pietersen,JM Davison,1,0,,,,,,"",""
ball,1,35.1,England,EC Joyce,KP Pietersen,S Dhaniram,0,0,,,,,,bowled,EC Joyce
ball,1,35.2,England,PD Collingwood,KP Pietersen,S Dhaniram,0,0,,,,,,"",""
ball,1,35.3,England,PD Collingwood,KP Pietersen,S Dhaniram,0,0,,,,,,"",""
ball,1,35.4,England,PD Collingwood,KP Pietersen,S Dhaniram,0,0,,,,,,"",""
ball,1,35.5,England,PD Collingwood,KP Pietersen,S Dhaniram,1,0,,,,,,"",""
ball,1,35.6,England,KP Pietersen,PD Collingwood,S Dhaniram,0,0,,,,,,caught and bowled,KP Pietersen
ball,1,36.1,England,PD Collingwood,RS Bopara,JM Davison,0,0,,,,,,"",""
ball,1,36.2,England,PD Collingwood,RS Bopara,JM Davison,2,0,,,,,,"",""
ball,1,36.3,England,PD Collingwood,RS Bopara,JM Davison,0,0,,,,,,"",""
ball,1,36.4,England,PD Collingwood,RS Bopara,JM Davison,1,0,,,,,,"",""
ball,1,36.5,England,RS Bopara,PD Collingwood,JM Davison,1,0,,,,,,"",""
ball,1,36.6,England,PD Collingwood,RS Bopara,JM Davison,1,0,,,,,,"",""
ball,1,37.1,England,PD Collingwood,RS Bopara,S Dhaniram,1,0,,,,,,"",""
ball,1,37.2,England,RS Bopara,PD Collingwood,S Dhaniram,1,0,,,,,,"",""
ball,1,37.3,England,PD Collingwood,RS Bopara,S Dhaniram,0,0,,,,,,"",""
ball,1,37.4,England,PD Collingwood,RS Bopara,S Dhaniram,0,0,,,,,,"",""
ball,1,37.5,England,PD Collingwood,RS Bopara,S Dhaniram,1,0,,,,,,"",""
ball,1,37.6,England,RS Bopara,PD Collingwood,S Dhaniram,0,0,,,,,,"",""
ball,1,38.1,England,PD Collingwood,RS Bopara,GR Codrington,1,0,,,,,,"",""
ball,1,38.2,England,RS Bopara,PD Collingwood,GR Codrington,1,0,,,,,,"",""
ball,1,38.3,England,PD Collingwood,RS Bopara,GR Codrington,1,0,,,,,,"",""
ball,1,38.4,England,RS Bopara,PD Collingwood,GR Codrington,0,0,,,,,,"",""
ball,1,38.5,England,RS Bopara,PD Collingwood,GR Codrington,0,0,,,,,,"",""
ball,1,38.6,England,RS Bopara,PD Collingwood,GR Codrington,1,0,,,,,,"",""
ball,1,39.1,England,RS Bopara,PD Collingwood,S Dhaniram,4,0,,,,,,"",""
ball,1,39.2,England,RS Bopara,PD Collingwood,S Dhaniram,1,0,,,,,,"",""
ball,1,39.3,England,PD Collingwood,RS Bopara,S Dhaniram,0,0,,,,,,"",""
ball,1,39.4,England,PD Collingwood,RS Bopara,S Dhaniram,3,0,,,,,,"",""
ball,1,39.5,England,RS Bopara,PD Collingwood,S Dhaniram,0,0,,,,,,"",""
ball,1,39.6,England,RS Bopara,PD Collingwood,S Dhaniram,0,0,,,,,,"",""
ball,1,40.1,England,PD Collingwood,RS Bopara,GR Codrington,4,0,,,,,,"",""
ball,1,40.2,England,PD Collingwood,RS Bopara,GR Codrington,0,0,,,,,,"",""
ball,1,40.3,England,PD Collingwood,RS Bopara,GR Codrington,1,0,,,,,,"",""
ball,1,40.4,England,RS Bopara,PD Collingwood,GR Codrington,0,0,,,,,,"",""
ball,1,40.5,England,RS Bopara,PD Collingwood,GR Codrington,4,0,,,,,,"",""
ball,1,40.6,England,RS Bopara,PD Collingwood,GR Codrington,1,0,,,,,,"",""
ball,1,41.1,England,RS Bopara,PD Collingwood,AM Samad,1,0,,,,,,"",""
ball,1,41.2,England,PD Collingwood,RS Bopara,AM Samad,1,0,,,,,,"",""
ball,1,41.3,England,RS Bopara,PD Collingwood,AM Samad,0,1,,1,,,,"",""
ball,1,41.4,England,RS Bopara,PD Collingwood,AM Samad,0,0,,,,,,"",""
ball,1,41.5,England,RS Bopara,PD Collingwood,AM Samad,1,0,,,,,,"",""
ball,1,41.6,England,PD Collingwood,RS Bopara,AM Samad,2,0,,,,,,"",""
ball,1,41.7,England,PD Collingwood,RS Bopara,AM Samad,0,0,,,,,,"",""
ball,1,42.1,England,RS Bopara,PD Collingwood,GR Codrington,1,0,,,,,,"",""
ball,1,42.2,England,PD Collingwood,RS Bopara,GR Codrington,0,0,,,,,,"",""
ball,1,42.3,England,PD Collingwood,RS Bopara,GR Codrington,1,0,,,,,,"",""
ball,1,42.4,England,RS Bopara,PD Collingwood,GR Codrington,1,0,,,,,,"",""
ball,1,42.5,England,PD Collingwood,RS Bopara,GR Codrington,2,0,,,,,,"",""
ball,1,42.6,England,PD Collingwood,RS Bopara,GR Codrington,0,0,,,,,,"",""
ball,1,43.1,England,RS Bopara,PD Collingwood,AM Samad,1,0,,,,,,"",""
ball,1,43.2,England,PD Collingwood,RS Bopara,AM Samad,0,0,,,,,,"",""
ball,1,43.3,England,PD Collingwood,RS Bopara,AM Samad,1,0,,,,,,"",""
ball,1,43.4,England,RS Bopara,PD Collingwood,AM Samad,0,0,,,,,,"",""
ball,1,43.5,England,RS Bopara,PD Collingwood,AM Samad,1,0,,,,,,"",""
ball,1,43.6,England,PD Collingwood,RS Bopara,AM Samad,1,0,,,,,,"",""
ball,1,44.1,England,PD Collingwood,RS Bopara,GR Codrington,1,0,,,,,,"",""
ball,1,44.2,England,RS Bopara,PD Collingwood,GR Codrington,0,1,,,,1,,"",""
ball,1,44.3,England,PD Collingwood,RS Bopara,GR Codrington,2,0,,,,,,"",""
ball,1,44.4,England,PD Collingwood,RS Bopara,GR Codrington,1,0,,,,,,"",""
ball,1,44.5,England,RS Bopara,PD Collingwood,GR Codrington,4,0,,,,,,"",""
ball,1,44.6,England,RS Bopara,PD Collingwood,GR Codrington,0,0,,,,,,"",""
ball,1,45.1,England,PD Collingwood,RS Bopara,AM Samad,4,0,,,,,,"",""
ball,1,45.2,England,PD Collingwood,RS Bopara,AM Samad,6,1,,1,,,,"",""
ball,1,45.3,England,PD Collingwood,RS Bopara,U Bhatti,4,0,,,,,,"",""
ball,1,45.4,England,PD Collingwood,RS Bopara,U Bhatti,0,0,,,,,,"",""
ball,1,45.5,England,PD Collingwood,RS Bopara,U Bhatti,3,0,,,,,,"",""
ball,1,45.6,England,RS Bopara,PD Collingwood,U Bhatti,0,0,,,,,,"",""
ball,1,45.7,England,RS Bopara,PD Collingwood,U Bhatti,4,0,,,,,,"",""
ball,1,46.1,England,PD Collingwood,RS Bopara,GR Codrington,2,0,,,,,,"",""
ball,1,46.2,England,PD Collingwood,RS Bopara,GR Codrington,1,0,,,,,,"",""
ball,1,46.3,England,RS Bopara,PD Collingwood,GR Codrington,1,0,,,,,,"",""
ball,1,46.4,England,PD Collingwood,RS Bopara,GR Codrington,1,0,,,,,,"",""
ball,1,46.5,England,RS Bopara,PD Collingwood,GR Codrington,0,0,,,,,,bowled,RS Bopara
ball,1,46.6,England,JWM Dalrymple,PD Collingwood,GR Codrington,0,0,,,,,,"",""
ball,1,47.1,England,PD Collingwood,JWM Dalrymple,AC Cummins,1,0,,,,,,"",""
ball,1,47.2,England,JWM Dalrymple,PD Collingwood,AC Cummins,2,0,,,,,,"",""
ball,1,47.3,England,JWM Dalrymple,PD Collingwood,AC Cummins,0,0,,,,,,"",""
ball,1,47.4,England,JWM Dalrymple,PD Collingwood,AC Cummins,0,0,,,,,,caught,JWM Dalrymple
ball,1,47.5,England,PA Nixon,PD Collingwood,AC Cummins,1,0,,,,,,"",""
ball,1,47.6,England,PD Collingwood,PA Nixon,AC Cummins,1,0,,,,,,"",""
ball,1,48.1,England,PD Collingwood,PA Nixon,GR Codrington,1,0,,,,,,"",""
ball,1,48.2,England,PA Nixon,PD Collingwood,GR Codrington,4,0,,,,,,"",""
ball,1,48.3,England,PA Nixon,PD Collingwood,GR Codrington,4,0,,,,,,"",""
ball,1,48.4,England,PA Nixon,PD Collingwood,GR Codrington,0,0,,,,,,"",""
ball,1,48.5,England,PA Nixon,PD Collingwood,GR Codrington,0,0,,,,,,"",""
ball,1,48.6,England,PA Nixon,PD Collingwood,GR Codrington,4,0,,,,,,"",""
ball,1,49.1,England,PD Collingwood,PA Nixon,AC Cummins,4,0,,,,,,"",""
ball,1,49.2,England,PD Collingwood,PA Nixon,AC Cummins,2,0,,,,,,"",""
ball,1,49.3,England,PD Collingwood,PA Nixon,AC Cummins,2,0,,,,,,"",""
ball,1,49.4,England,PD Collingwood,PA Nixon,AC Cummins,1,0,,,,,,"",""
ball,1,49.5,England,PA Nixon,PD Collingwood,AC Cummins,4,0,,,,,,"",""
ball,1,49.6,England,PA Nixon,PD Collingwood,AC Cummins,6,0,,,,,,"",""
ball,2,0.1,Canada,JM Davison,GEF Barnett,JM Anderson,0,0,,,,,,"",""
ball,2,0.2,Canada,JM Davison,GEF Barnett,JM Anderson,0,1,,,,1,,"",""
ball,2,0.3,Canada,GEF Barnett,JM Davison,JM Anderson,0,0,,,,,,"",""
ball,2,0.4,Canada,GEF Barnett,JM Davison,JM Anderson,2,0,,,,,,"",""
ball,2,0.5,Canada,GEF Barnett,JM Davison,JM Anderson,0,0,,,,,,"",""
ball,2,0.6,Canada,GEF Barnett,JM Davison,JM Anderson,1,0,,,,,,"",""
ball,2,1.1,Canada,GEF Barnett,JM Davison,LE Plunkett,4,0,,,,,,"",""
ball,2,1.2,Canada,GEF Barnett,JM Davison,LE Plunkett,0,0,,,,,,"",""
ball,2,1.3,Canada,GEF Barnett,JM Davison,LE Plunkett,0,0,,,,,,bowled,GEF Barnett
ball,2,1.4,Canada,A Bagai,JM Davison,LE Plunkett,0,0,,,,,,"",""
ball,2,1.5,Canada,A Bagai,JM Davison,LE Plunkett,0,0,,,,,,"",""
ball,2,1.6,Canada,A Bagai,JM Davison,LE Plunkett,0,0,,,,,,"",""
ball,2,2.1,Canada,JM Davison,A Bagai,JM Anderson,0,0,,,,,,"",""
ball,2,2.2,Canada,JM Davison,A Bagai,JM Anderson,0,0,,,,,,"",""
ball,2,2.3,Canada,JM Davison,A Bagai,JM Anderson,0,0,,,,,,"",""
ball,2,2.4,Canada,JM Davison,A Bagai,JM Anderson,0,0,,,,,,"",""
ball,2,2.5,Canada,JM Davison,A Bagai,JM Anderson,0,0,,,,,,"",""
ball,2,2.6,Canada,JM Davison,A Bagai,JM Anderson,4,0,,,,,,"",""
ball,2,3.1,Canada,A Bagai,JM Davison,LE Plunkett,0,0,,,,,,"",""
ball,2,3.2,Canada,A Bagai,JM Davison,LE Plunkett,1,0,,,,,,"",""
ball,2,3.3,Canada,JM Davison,A Bagai,LE Plunkett,0,0,,,,,,"",""
ball,2,3.4,Canada,JM Davison,A Bagai,LE Plunkett,0,0,,,,,,"",""
ball,2,3.5,Canada,JM Davison,A Bagai,LE Plunkett,4,0,,,,,,"",""
ball,2,3.6,Canada,JM Davison,A Bagai,LE Plunkett,0,0,,,,,,"",""
ball,2,4.1,Canada,A Bagai,JM Davison,JM Anderson,4,0,,,,,,"",""
ball,2,4.2,Canada,A Bagai,JM Davison,JM Anderson,0,0,,,,,,"",""
ball,2,4.3,Canada,A Bagai,JM Davison,JM Anderson,0,0,,,,,,"",""
ball,2,4.4,Canada,A Bagai,JM Davison,JM Anderson,0,0,,,,,,"",""
ball,2,4.5,Canada,A Bagai,JM Davison,JM Anderson,1,0,,,,,,"",""
ball,2,4.6,Canada,JM Davison,A Bagai,JM Anderson,0,0,,,,,,"",""
ball,2,5.1,Canada,A Bagai,JM Davison,LE Plunkett,0,0,,,,,,caught,A Bagai
ball,2,5.2,Canada,IS Billcliff,JM Davison,LE Plunkett,0,2,2,,,,,"",""
ball,2,5.3,Canada,JM Davison,IS Billcliff,LE Plunkett,4,0,,,,,,"",""
ball,2,5.4,Canada,JM Davison,IS Billcliff,LE Plunkett,0,0,,,,,,"",""
ball,2,5.5,Canada,JM Davison,IS Billcliff,LE Plunkett,0,0,,,,,,"",""
ball,2,5.6,Canada,JM Davison,IS Billcliff,LE Plunkett,2,0,,,,,,"",""
ball,2,5.7,Canada,JM Davison,IS Billcliff,LE Plunkett,0,0,,,,,,"",""
ball,2,6.1,Canada,IS Billcliff,JM Davison,JM Anderson,0,0,,,,,,"",""
ball,2,6.2,Canada,IS Billcliff,JM Davison,JM Anderson,0,0,,,,,,"",""
ball,2,6.3,Canada,IS Billcliff,JM Davison,JM Anderson,4,0,,,,,,"",""
ball,2,6.4,Canada,IS Billcliff,JM Davison,JM Anderson,0,0,,,,,,"",""
ball,2,6.5,Canada,IS Billcliff,JM Davison,JM Anderson,0,0,,,,,,"",""
ball,2,6.6,Canada,IS Billcliff,JM Davison,JM Anderson,0,0,,,,,,"",""
ball,2,7.1,Canada,JM Davison,IS Billcliff,LE Plunkett,2,0,,,,,,"",""
ball,2,7.2,Canada,JM Davison,IS Billcliff,LE Plunkett,1,0,,,,,,"",""
ball,2,7.3,Canada,IS Billcliff,JM Davison,LE Plunkett,0,0,,,,,,"",""
ball,2,7.4,Canada,IS Billcliff,JM Davison,LE Plunkett,0,0,,,,,,"",""
ball,2,7.5,Canada,IS Billcliff,JM Davison,LE Plunkett,0,0,,,,,,"",""
ball,2,7.6,Canada,IS Billcliff,JM Davison,LE Plunkett,1,0,,,,,,"",""
ball,2,8.1,Canada,IS Billcliff,JM Davison,JM Anderson,0,0,,,,,,"",""
ball,2,8.2,Canada,IS Billcliff,JM Davison,JM Anderson,0,0,,,,,,"",""
ball,2,8.3,Canada,IS Billcliff,JM Davison,JM Anderson,0,0,,,,,,"",""
ball,2,8.4,Canada,IS Billcliff,JM Davison,JM Anderson,1,0,,,,,,"",""
ball,2,8.5,Canada,JM Davison,IS Billcliff,JM Anderson,0,0,,,,,,"",""
ball,2,8.6,Canada,JM Davison,IS Billcliff,JM Anderson,0,1,1,,,,,"",""
ball,2,8.7,Canada,JM Davison,IS Billcliff,JM Anderson,4,0,,,,,,"",""
ball,2,9.1,Canada,IS Billcliff,JM Davison,LE Plunkett,4,0,,,,,,"",""
ball,2,9.2,Canada,IS Billcliff,JM Davison,LE Plunkett,2,0,,,,,,"",""
ball,2,9.3,Canada,IS Billcliff,JM Davison,LE Plunkett,0,0,,,,,,"",""
ball,2,9.4,Canada,IS Billcliff,JM Davison,LE Plunkett,0,1,1,,,,,"",""
ball,2,9.5,Canada,IS Billcliff,JM Davison,LE Plunkett,0,0,,,,,,"",""
ball,2,9.6,Canada,IS Billcliff,JM Davison,LE Plunkett,0,0,,,,,,"",""
ball,2,9.7,Canada,IS Billcliff,JM Davison,LE Plunkett,0,0,,,,,,"",""
ball,2,10.1,Canada,JM Davison,IS Billcliff,JM Anderson,0,0,,,,,,"",""
ball,2,10.2,Canada,JM Davison,IS Billcliff,JM Anderson,0,0,,,,,,"",""
ball,2,10.3,Canada,JM Davison,IS Billcliff,JM Anderson,0,0,,,,,,caught,JM Davison
ball,2,10.4,Canada,AM Samad,IS Billcliff,JM Anderson,0,0,,,,,,"",""
ball,2,10.5,Canada,AM Samad,IS Billcliff,JM Anderson,0,0,,,,,,"",""
ball,2,10.6,Canada,AM Samad,IS Billcliff,JM Anderson,0,0,,,,,,"",""
ball,2,11.1,Canada,IS Billcliff,AM Samad,MS Panesar,0,0,,,,,,"",""
ball,2,11.2,Canada,IS Billcliff,AM Samad,MS Panesar,0,0,,,,,,"",""
ball,2,11.3,Canada,IS Billcliff,AM Samad,MS Panesar,0,0,,,,,,"",""
ball,2,11.4,Canada,IS Billcliff,AM Samad,MS Panesar,2,0,,,,,,"",""
ball,2,11.5,Canada,IS Billcliff,AM Samad,MS Panesar,0,0,,,,,,"",""
ball,2,11.6,Canada,IS Billcliff,AM Samad,MS Panesar,0,0,,,,,,"",""
ball,2,12.1,Canada,AM Samad,IS Billcliff,JM Anderson,2,0,,,,,,"",""
ball,2,12.2,Canada,AM Samad,IS Billcliff,JM Anderson,0,0,,,,,,"",""
ball,2,12.3,Canada,AM Samad,IS Billcliff,JM Anderson,0,0,,,,,,"",""
ball,2,12.4,Canada,AM Samad,IS Billcliff,JM Anderson,0,0,,,,,,"",""
ball,2,12.5,Canada,AM Samad,IS Billcliff,JM Anderson,0,0,,,,,,"",""
ball,2,12.6,Canada,AM Samad,IS Billcliff,JM Anderson,0,0,,,,,,"",""
ball,2,13.1,Canada,IS Billcliff,AM Samad,MS Panesar,0,0,,,,,,"",""
ball,2,13.2,Canada,IS Billcliff,AM Samad,MS Panesar,0,0,,,,,,"",""
ball,2,13.3,Canada,IS Billcliff,AM Samad,MS Panesar,0,0,,,,,,"",""
ball,2,13.4,Canada,IS Billcliff,AM Samad,MS Panesar,0,0,,,,,,"",""
ball,2,13.5,Canada,IS Billcliff,AM Samad,MS Panesar,0,0,,,,,,"",""
ball,2,13.6,Canada,IS Billcliff,AM Samad,MS Panesar,6,0,,,,,,"",""
ball,2,14.1,Canada,AM Samad,IS Billcliff,RS Bopara,0,1,1,,,,,"",""
ball,2,14.2,Canada,AM Samad,IS Billcliff,RS Bopara,0,0,,,,,,"",""
ball,2,14.3,Canada,AM Samad,IS Billcliff,RS Bopara,0,0,,,,,,"",""
ball,2,14.4,Canada,AM Samad,IS Billcliff,RS Bopara,0,0,,,,,,"",""
ball,2,14.5,Canada,AM Samad,IS Billcliff,RS Bopara,2,0,,,,,,"",""
ball,2,14.6,Canada,AM Samad,IS Billcliff,RS Bopara,0,0,,,,,,"",""
ball,2,14.7,Canada,AM Samad,IS Billcliff,RS Bopara,0,0,,,,,,"",""
ball,2,15.1,Canada,IS Billcliff,AM Samad,MS Panesar,0,0,,,,,,"",""
ball,2,15.2,Canada,IS Billcliff,AM Samad,MS Panesar,0,0,,,,,,"",""
ball,2,15.3,Canada,IS Billcliff,AM Samad,MS Panesar,0,0,,,,,,"",""
ball,2,15.4,Canada,IS Billcliff,AM Samad,MS Panesar,0,0,,,,,,"",""
ball,2,15.5,Canada,IS Billcliff,AM Samad,MS Panesar,0,0,,,,,,"",""
ball,2,15.6,Canada,IS Billcliff,AM Samad,MS Panesar,0,0,,,,,,"",""
ball,2,16.1,Canada,AM Samad,IS Billcliff,RS Bopara,0,0,,,,,,"",""
ball,2,16.2,Canada,AM Samad,IS Billcliff,RS Bopara,0,0,,,,,,"",""
ball,2,16.3,Canada,AM Samad,IS Billcliff,RS Bopara,1,0,,,,,,"",""
ball,2,16.4,Canada,IS Billcliff,AM Samad,RS Bopara,0,0,,,,,,"",""
ball,2,16.5,Canada,IS Billcliff,AM Samad,RS Bopara,0,0,,,,,,"",""
ball,2,16.6,Canada,IS Billcliff,AM Samad,RS Bopara,0,0,,,,,,bowled,IS Billcliff
ball,2,17.1,Canada,AM Samad,AA Mulla,MS Panesar,1,0,,,,,,"",""
ball,2,17.2,Canada,AA Mulla,AM Samad,MS Panesar,0,0,,,,,,"",""
ball,2,17.3,Canada,AA Mulla,AM Samad,MS Panesar,1,0,,,,,,"",""
ball,2,17.4,Canada,AM Samad,AA Mulla,MS Panesar,0,0,,,,,,"",""
ball,2,17.5,Canada,AM Samad,AA Mulla,MS Panesar,0,0,,,,,,"",""
ball,2,17.6,Canada,AM Samad,AA Mulla,MS Panesar,0,0,,,,,,"",""
ball,2,18.1,Canada,AA Mulla,AM Samad,RS Bopara,0,0,,,,,,"",""
ball,2,18.2,Canada,AA Mulla,AM Samad,RS Bopara,0,0,,,,,,"",""
ball,2,18.3,Canada,AA Mulla,AM Samad,RS Bopara,0,0,,,,,,"",""
ball,2,18.4,Canada,AA Mulla,AM Samad,RS Bopara,4,0,,,,,,"",""
ball,2,18.5,Canada,AA Mulla,AM Samad,RS Bopara,0,0,,,,,,"",""
ball,2,18.6,Canada,AA Mulla,AM Samad,RS Bopara,0,0,,,,,,"",""
ball,2,19.1,Canada,AM Samad,AA Mulla,MS Panesar,0,0,,,,,,"",""
ball,2,19.2,Canada,AM Samad,AA Mulla,MS Panesar,1,0,,,,,,"",""
ball,2,19.3,Canada,AA Mulla,AM Samad,MS Panesar,1,0,,,,,,"",""
ball,2,19.4,Canada,AM Samad,AA Mulla,MS Panesar,0,0,,,,,,"",""
ball,2,19.5,Canada,AM Samad,AA Mulla,MS Panesar,0,0,,,,,,"",""
ball,2,19.6,Canada,AM Samad,AA Mulla,MS Panesar,0,0,,,,,,"",""
ball,2,20.1,Canada,AA Mulla,AM Samad,RS Bopara,1,0,,,,,,"",""
ball,2,20.2,Canada,AM Samad,AA Mulla,RS Bopara,0,2,2,,,,,"",""
ball,2,20.3,Canada,AA Mulla,AM Samad,RS Bopara,4,0,,,,,,"",""
ball,2,20.4,Canada,AA Mulla,AM Samad,RS Bopara,0,0,,,,,,"",""
ball,2,20.5,Canada,AA Mulla,AM Samad,RS Bopara,0,0,,,,,,"",""
ball,2,20.6,Canada,AA Mulla,AM Samad,RS Bopara,1,1,,1,,,,"",""
ball,2,20.7,Canada,AM Samad,AA Mulla,RS Bopara,0,0,,,,,,"",""
ball,2,20.8,Canada,AM Samad,AA Mulla,RS Bopara,6,0,,,,,,"",""
ball,2,21.1,Canada,AA Mulla,AM Samad,PD Collingwood,1,0,,,,,,"",""
ball,2,21.2,Canada,AM Samad,AA Mulla,PD Collingwood,1,0,,,,,,"",""
ball,2,21.3,Canada,AA Mulla,AM Samad,PD Collingwood,0,0,,,,,,"",""
ball,2,21.4,Canada,AA Mulla,AM Samad,PD Collingwood,1,0,,,,,,"",""
ball,2,21.5,Canada,AM Samad,AA Mulla,PD Collingwood,0,0,,,,,,"",""
ball,2,21.6,Canada,AM Samad,AA Mulla,PD Collingwood,0,0,,,,,,"",""
ball,2,22.1,Canada,AA Mulla,AM Samad,JWM Dalrymple,1,0,,,,,,"",""
ball,2,22.2,Canada,AM Samad,AA Mulla,JWM Dalrymple,0,0,,,,,,"",""
ball,2,22.3,Canada,AM Samad,AA Mulla,JWM Dalrymple,2,0,,,,,,"",""
ball,2,22.4,Canada,AM Samad,AA Mulla,JWM Dalrymple,0,0,,,,,,"",""
ball,2,22.5,Canada,AM Samad,AA Mulla,JWM Dalrymple,0,0,,,,,,"",""
ball,2,22.6,Canada,AM Samad,AA Mulla,JWM Dalrymple,0,0,,,,,,"",""
ball,2,23.1,Canada,AA Mulla,AM Samad,PD Collingwood,1,0,,,,,,"",""
ball,2,23.2,Canada,AM Samad,AA Mulla,PD Collingwood,1,0,,,,,,"",""
ball,2,23.3,Canada,AA Mulla,AM Samad,PD Collingwood,0,0,,,,,,"",""
ball,2,23.4,Canada,AA Mulla,AM Samad,PD Collingwood,0,0,,,,,,"",""
ball,2,23.5,Canada,AA Mulla,AM Samad,PD Collingwood,0,0,,,,,,"",""
ball,2,23.6,Canada,AA Mulla,AM Samad,PD Collingwood,0,0,,,,,,"",""
ball,2,24.1,Canada,AM Samad,AA Mulla,JWM Dalrymple,0,3,3,,,,,"",""
ball,2,24.2,Canada,AM Samad,AA Mulla,JWM Dalrymple,1,0,,,,,,"",""
ball,2,24.3,Canada,AA Mulla,AM Samad,JWM Dalrymple,4,0,,,,,,"",""
ball,2,24.4,Canada,AA Mulla,AM Samad,JWM Dalrymple,0,0,,,,,,"",""
ball,2,24.5,Canada,AA Mulla,AM Samad,JWM Dalrymple,0,0,,,,,,"",""
ball,2,24.6,Canada,AA Mulla,AM Samad,JWM Dalrymple,1,0,,,,,,"",""
ball,2,24.7,Canada,AM Samad,AA Mulla,JWM Dalrymple,0,0,,,,,,"",""
ball,2,25.1,Canada,AA Mulla,AM Samad,PD Collingwood,0,0,,,,,,"",""
ball,2,25.2,Canada,AA Mulla,AM Samad,PD Collingwood,4,0,,,,,,"",""
ball,2,25.3,Canada,AA Mulla,AM Samad,PD Collingwood,1,0,,,,,,"",""
ball,2,25.4,Canada,AM Samad,AA Mulla,PD Collingwood,0,0,,,,,,"",""
ball,2,25.5,Canada,AM Samad,AA Mulla,PD Collingwood,0,0,,,,,,"",""
ball,2,25.6,Canada,AM Samad,AA Mulla,PD Collingwood,0,0,,,,,,"",""
ball,2,26.1,Canada,AA Mulla,AM Samad,JWM Dalrymple,0,0,,,,,,"",""
ball,2,26.2,Canada,AA Mulla,AM Samad,JWM Dalrymple,2,0,,,,,,"",""
ball,2,26.3,Canada,AA Mulla,AM Samad,JWM Dalrymple,0,0,,,,,,"",""
ball,2,26.4,Canada,AA Mulla,AM Samad,JWM Dalrymple,1,0,,,,,,"",""
ball,2,26.5,Canada,AM Samad,AA Mulla,JWM Dalrymple,0,0,,,,,,"",""
ball,2,26.6,Canada,AM Samad,AA Mulla,JWM Dalrymple,1,1,,1,,,,"",""
ball,2,26.7,Canada,AA Mulla,AM Samad,JWM Dalrymple,4,0,,,,,,"",""
ball,2,27.1,Canada,AM Samad,AA Mulla,PD Collingwood,1,0,,,,,,"",""
ball,2,27.2,Canada,AA Mulla,AM Samad,PD Collingwood,0,0,,,,,,"",""
ball,2,27.3,Canada,AA Mulla,AM Samad,PD Collingwood,0,0,,,,,,"",""
ball,2,27.4,Canada,AA Mulla,AM Samad,PD Collingwood,0,0,,,,,,"",""
ball,2,27.5,Canada,AA Mulla,AM Samad,PD Collingwood,1,0,,,,,,"",""
ball,2,27.6,Canada,AM Samad,AA Mulla,PD Collingwood,1,0,,,,,,"",""
ball,2,28.1,Canada,AM Samad,AA Mulla,MS Panesar,0,0,,,,,,"",""
ball,2,28.2,Canada,AM Samad,AA Mulla,MS Panesar,1,0,,,,,,"",""
ball,2,28.3,Canada,AA Mulla,AM Samad,MS Panesar,4,0,,,,,,"",""
ball,2,28.4,Canada,AA Mulla,AM Samad,MS Panesar,2,0,,,,,,"",""
ball,2,28.5,Canada,AA Mulla,AM Samad,MS Panesar,0,0,,,,,,"",""
ball,2,28.6,Canada,AA Mulla,AM Samad,MS Panesar,1,0,,,,,,"",""
ball,2,29.1,Canada,AA Mulla,AM Samad,PD Collingwood,1,0,,,,,,"",""
ball,2,29.2,Canada,AM Samad,AA Mulla,PD Collingwood,0,0,,,,,,"",""
ball,2,29.3,Canada,AM Samad,AA Mulla,PD Collingwood,0,0,,,,,,"",""
ball,2,29.4,Canada,AM Samad,AA Mulla,PD Collingwood,1,0,,,,,,"",""
ball,2,29.5,Canada,AA Mulla,AM Samad,PD Collingwood,0,0,,,,,,"",""
ball,2,29.6,Canada,AA Mulla,AM Samad,PD Collingwood,0,0,,,,,,"",""
ball,2,30.1,Canada,AM Samad,AA Mulla,MS Panesar,4,0,,,,,,"",""
ball,2,30.2,Canada,AM Samad,AA Mulla,MS Panesar,1,0,,,,,,"",""
ball,2,30.3,Canada,AA Mulla,AM Samad,MS Panesar,0,0,,,,,,"",""
ball,2,30.4,Canada,AA Mulla,AM Samad,MS Panesar,0,0,,,,,,"",""
ball,2,30.5,Canada,AA Mulla,AM Samad,MS Panesar,1,0,,,,,,"",""
ball,2,30.6,Canada,AM Samad,AA Mulla,MS Panesar,0,0,,,,,,"",""
ball,2,31.1,Canada,AA Mulla,AM Samad,PD Collingwood,0,0,,,,,,"",""
ball,2,31.2,Canada,AA Mulla,AM Samad,PD Collingwood,0,0,,,,,,"",""
ball,2,31.3,Canada,AA Mulla,AM Samad,PD Collingwood,0,0,,,,,,"",""
ball,2,31.4,Canada,AA Mulla,AM Samad,PD Collingwood,1,0,,,,,,"",""
ball,2,31.5,Canada,AM Samad,AA Mulla,PD Collingwood,1,0,,,,,,"",""
ball,2,31.6,Canada,AA Mulla,AM Samad,PD Collingwood,2,0,,,,,,"",""
ball,2,32.1,Canada,AM Samad,AA Mulla,LE Plunkett,0,0,,,,,,"",""
ball,2,32.2,Canada,AM Samad,AA Mulla,LE Plunkett,1,0,,,,,,"",""
ball,2,32.3,Canada,AA Mulla,AM Samad,LE Plunkett,4,0,,,,,,"",""
ball,2,32.4,Canada,AA Mulla,AM Samad,LE Plunkett,1,0,,,,,,"",""
ball,2,32.5,Canada,AM Samad,AA Mulla,LE Plunkett,2,0,,,,,,"",""
ball,2,32.6,Canada,AM Samad,AA Mulla,LE Plunkett,1,0,,,,,,"",""
ball,2,33.1,Canada,AM Samad,AA Mulla,PD Collingwood,0,0,,,,,,"",""
ball,2,33.2,Canada,AM Samad,AA Mulla,PD Collingwood,1,0,,,,,,"",""
ball,2,33.3,Canada,AA Mulla,AM Samad,PD Collingwood,0,0,,,,,,"",""
ball,2,33.4,Canada,AA Mulla,AM Samad,PD Collingwood,1,0,,,,,,"",""
ball,2,33.5,Canada,AM Samad,AA Mulla,PD Collingwood,1,0,,,,,,"",""
ball,2,33.6,Canada,AA Mulla,AM Samad,PD Collingwood,6,0,,,,,,"",""
ball,2,34.1,Canada,AM Samad,AA Mulla,RS Bopara,0,0,,,,,,"",""
ball,2,34.2,Canada,AM Samad,AA Mulla,RS Bopara,0,0,,,,,,"",""
ball,2,34.3,Canada,AM Samad,AA Mulla,RS Bopara,1,0,,,,,,"",""
ball,2,34.4,Canada,AA Mulla,AM Samad,RS Bopara,0,0,,,,,,stumped,AA Mulla
ball,2,34.5,Canada,DR Chumney,AM Samad,RS Bopara,0,0,,,,,,"",""
ball,2,34.6,Canada,DR Chumney,AM Samad,RS Bopara,0,0,,,,,,"",""
ball,2,35.1,Canada,AM Samad,DR Chumney,MS Panesar,0,0,,,,,,lbw,AM Samad
ball,2,35.2,Canada,S Dhaniram,DR Chumney,MS Panesar,4,0,,,,,,"",""
ball,2,35.3,Canada,S Dhaniram,DR Chumney,MS Panesar,0,0,,,,,,"",""
ball,2,35.4,Canada,S Dhaniram,DR Chumney,MS Panesar,0,0,,,,,,"",""
ball,2,35.5,Canada,S Dhaniram,DR Chumney,MS Panesar,2,0,,,,,,"",""
ball,2,35.6,Canada,S Dhaniram,DR Chumney,MS Panesar,1,0,,,,,,"",""
ball,2,36.1,Canada,S Dhaniram,DR Chumney,RS Bopara,2,0,,,,,,"",""
ball,2,36.2,Canada,S Dhaniram,DR Chumney,RS Bopara,1,0,,,,,,"",""
ball,2,36.3,Canada,DR Chumney,S Dhaniram,RS Bopara,0,0,,,,,,"",""
ball,2,36.4,Canada,DR Chumney,S Dhaniram,RS Bopara,0,0,,,,,,"",""
ball,2,36.5,Canada,DR Chumney,S Dhaniram,RS Bopara,1,0,,,,,,"",""
ball,2,36.6,Canada,S Dhaniram,DR Chumney,RS Bopara,1,0,,,,,,"",""
ball,2,37.1,Canada,S Dhaniram,DR Chumney,MS Panesar,0,0,,,,,,"",""
ball,2,37.2,Canada,S Dhaniram,DR Chumney,MS Panesar,0,0,,,,,,"",""
ball,2,37.3,Canada,S Dhaniram,DR Chumney,MS Panesar,1,0,,,,,,"",""
ball,2,37.4,Canada,DR Chumney,S Dhaniram,MS Panesar,0,0,,,,,,"",""
ball,2,37.5,Canada,DR Chumney,S Dhaniram,MS Panesar,0,0,,,,,,"",""
ball,2,37.6,Canada,DR Chumney,S Dhaniram,MS Panesar,0,0,,,,,,"",""
ball,2,38.1,Canada,S Dhaniram,DR Chumney,RS Bopara,0,0,,,,,,"",""
ball,2,38.2,Canada,S Dhaniram,DR Chumney,RS Bopara,0,0,,,,,,"",""
ball,2,38.3,Canada,S Dhaniram,DR Chumney,RS Bopara,2,0,,,,,,"",""
ball,2,38.4,Canada,S Dhaniram,DR Chumney,RS Bopara,0,0,,,,,,"",""
ball,2,38.5,Canada,S Dhaniram,DR Chumney,RS Bopara,0,0,,,,,,"",""
ball,2,38.6,Canada,S Dhaniram,DR Chumney,RS Bopara,0,1,,1,,,,"",""
ball,2,38.7,Canada,S Dhaniram,DR Chumney,RS Bopara,0,0,,,,,,"",""
ball,2,39.1,Canada,DR Chumney,S Dhaniram,MS Panesar,0,0,,,,,,"",""
ball,2,39.2,Canada,DR Chumney,S Dhaniram,MS Panesar,0,0,,,,,,"",""
ball,2,39.3,Canada,DR Chumney,S Dhaniram,MS Panesar,0,0,,,,,,"",""
ball,2,39.4,Canada,DR Chumney,S Dhaniram,MS Panesar,0,0,,,,,,"",""
ball,2,39.5,Canada,DR Chumney,S Dhaniram,MS Panesar,0,0,,,,,,"",""
ball,2,39.6,Canada,DR Chumney,S Dhaniram,MS Panesar,1,0,,,,,,"",""
ball,2,40.1,Canada,DR Chumney,S Dhaniram,RS Bopara,0,0,,,,,,"",""
ball,2,40.2,Canada,DR Chumney,S Dhaniram,RS Bopara,0,0,,,,,,"",""
ball,2,40.3,Canada,DR Chumney,S Dhaniram,RS Bopara,0,0,,,,,,"",""
ball,2,40.4,Canada,DR Chumney,S Dhaniram,RS Bopara,1,0,,,,,,"",""
ball,2,40.5,Canada,S Dhaniram,DR Chumney,RS Bopara,0,0,,,,,,"",""
ball,2,40.6,Canada,S Dhaniram,DR Chumney,RS Bopara,1,0,,,,,,"",""
ball,2,41.1,Canada,S Dhaniram,DR Chumney,JM Anderson,1,0,,,,,,"",""
ball,2,41.2,Canada,DR Chumney,S Dhaniram,JM Anderson,2,0,,,,,,"",""
ball,2,41.3,Canada,DR Chumney,S Dhaniram,JM Anderson,0,0,,,,,,"",""
ball,2,41.4,Canada,DR Chumney,S Dhaniram,JM Anderson,0,0,,,,,,"",""
ball,2,41.5,Canada,DR Chumney,S Dhaniram,JM Anderson,0,0,,,,,,"",""
ball,2,41.6,Canada,DR Chumney,S Dhaniram,JM Anderson,1,0,,,,,,"",""
ball,2,42.1,Canada,DR Chumney,S Dhaniram,RS Bopara,0,0,,,,,,"",""
ball,2,42.2,Canada,DR Chumney,S Dhaniram,RS Bopara,0,0,,,,,,"",""
ball,2,42.3,Canada,DR Chumney,S Dhaniram,RS Bopara,0,0,,,,,,"",""
ball,2,42.4,Canada,DR Chumney,S Dhaniram,RS Bopara,6,0,,,,,,"",""
ball,2,42.5,Canada,DR Chumney,S Dhaniram,RS Bopara,2,0,,,,,,"",""
ball,2,42.6,Canada,DR Chumney,S Dhaniram,RS Bopara,1,0,,,,,,"",""
ball,2,43.1,Canada,DR Chumney,S Dhaniram,JM Anderson,0,0,,,,,,"",""
ball,2,43.2,Canada,DR Chumney,S Dhaniram,JM Anderson,0,1,1,,,,,"",""
ball,2,43.3,Canada,DR Chumney,S Dhaniram,JM Anderson,1,0,,,,,,"",""
ball,2,43.4,Canada,S Dhaniram,DR Chumney,JM Anderson,0,0,,,,,,"",""
ball,2,43.5,Canada,S Dhaniram,DR Chumney,JM Anderson,1,0,,,,,,"",""
ball,2,43.6,Canada,DR Chumney,S Dhaniram,JM Anderson,1,0,,,,,,"",""
ball,2,43.7,Canada,S Dhaniram,DR Chumney,JM Anderson,1,0,,,,,,"",""
ball,2,44.1,Canada,S Dhaniram,DR Chumney,LE Plunkett,1,0,,,,,,"",""
ball,2,44.2,Canada,DR Chumney,S Dhaniram,LE Plunkett,0,0,,,,,,"",""
ball,2,44.3,Canada,DR Chumney,S Dhaniram,LE Plunkett,0,0,,,,,,"",""
ball,2,44.4,Canada,DR Chumney,S Dhaniram,LE Plunkett,1,0,,,,,,"",""
ball,2,44.5,Canada,S Dhaniram,DR Chumney,LE Plunkett,0,0,,,,,,"",""
ball,2,44.6,Canada,S Dhaniram,DR Chumney,LE Plunkett,0,0,,,,,,"",""
ball,2,45.1,Canada,DR Chumney,S Dhaniram,JM Anderson,1,0,,,,,,"",""
ball,2,45.2,Canada,S Dhaniram,DR Chumney,JM Anderson,1,0,,,,,,"",""
ball,2,45.3,Canada,DR Chumney,S Dhaniram,JM Anderson,0,0,,,,,,"",""
ball,2,45.4,Canada,DR Chumney,S Dhaniram,JM Anderson,0,0,,,,,,"",""
ball,2,45.5,Canada,DR Chumney,S Dhaniram,JM Anderson,1,0,,,,,,"",""
ball,2,45.6,Canada,S Dhaniram,DR Chumney,JM Anderson,4,0,,,,,,"",""
ball,2,46.1,Canada,DR Chumney,S Dhaniram,LE Plunkett,0,0,,,,,,"",""
ball,2,46.2,Canada,DR Chumney,S Dhaniram,LE Plunkett,1,0,,,,,,"",""
ball,2,46.3,Canada,S Dhaniram,DR Chumney,LE Plunkett,1,0,,,,,,"",""
ball,2,46.4,Canada,DR Chumney,S Dhaniram,LE Plunkett,1,0,,,,,,"",""
ball,2,46.5,Canada,S Dhaniram,DR Chumney,LE Plunkett,1,0,,,,,,"",""
ball,2,46.6,Canada,DR Chumney,S Dhaniram,LE Plunkett,1,0,,,,,,"",""
ball,2,47.1,Canada,DR Chumney,S Dhaniram,PD Collingwood,1,0,,,,,,"",""
ball,2,47.2,Canada,S Dhaniram,DR Chumney,PD Collingwood,4,0,,,,,,"",""
ball,2,47.3,Canada,S Dhaniram,DR Chumney,PD Collingwood,0,0,,,,,,run out,S Dhaniram
ball,2,47.4,Canada,DR Chumney,GR Codrington,PD Collingwood,0,0,,,,,,"",""
ball,2,47.5,Canada,DR Chumney,GR Codrington,PD Collingwood,1,0,,,,,,"",""
ball,2,47.6,Canada,GR Codrington,DR Chumney,PD Collingwood,1,0,,,,,,"",""
ball,2,48.1,Canada,GR Codrington,DR Chumney,LE Plunkett,1,0,,,,,,"",""
ball,2,48.2,Canada,DR Chumney,GR Codrington,LE Plunkett,1,0,,,,,,"",""
ball,2,48.3,Canada,GR Codrington,DR Chumney,LE Plunkett,0,1,,,,1,,"",""
ball,2,48.4,Canada,DR Chumney,GR Codrington,LE Plunkett,0,0,,,,,,"",""
ball,2,48.5,Canada,DR Chumney,GR Codrington,LE Plunkett,0,0,,,,,,"",""
ball,2,48.6,Canada,DR Chumney,GR Codrington,LE Plunkett,0,0,,,,,,"",""
ball,2,49.1,Canada,GR Codrington,DR Chumney,PD Collingwood,0,0,,,,,,"",""
ball,2,49.2,Canada,GR Codrington,DR Chumney,PD Collingwood,0,0,,,,,,"",""
ball,2,49.3,Canada,GR Codrington,DR Chumney,PD Collingwood,0,0,,,,,,"",""
ball,2,49.4,Canada,GR Codrington,DR Chumney,PD Collingwood,4,0,,,,,,"",""
ball,2,49.5,Canada,GR Codrington,DR Chumney,PD Collingwood,1,0,,,,,,"",""
ball,2,49.6,Canada,DR Chumney,GR Codrington,PD Collingwood,1,0,,,,,,"",""
