version,1.6.0
info,balls_per_over,6
info,team,West Indies
info,team,England
info,gender,male
info,season,2006/07
info,date,2007/04/21
info,event,ICC World Cup
info,match_number,48
info,venue,"Kensington Oval, Bridgetown"
info,city,Barbados
info,toss_winner,England
info,toss_decision,field
info,player_of_match,KP Pietersen
info,umpire,RE Koertzen
info,umpire,SJA Taufel
info,reserve_umpire,SA Bucknor
info,tv_umpire,BF Bowden
info,match_referee,RS Madugalle
info,winner,England
info,winner_wickets,1
info,player,England,AJ Strauss
info,player,England,MP Vaughan
info,player,England,RS Bopara
info,player,England,KP Pietersen
info,player,England,PD Collingwood
info,player,England,A Flintoff
info,player,England,JWM Dalrymple
info,player,England,PA Nixon
info,player,England,LE Plunkett
info,player,England,SCJ Broad
info,player,England,JM Anderson
info,player,West Indies,CH Gayle
info,player,West Indies,DS Smith
info,player,West Indies,BC Lara
info,player,West Indies,MN Samuels
info,player,West Indies,RR Sarwan
info,player,West Indies,S Chanderpaul
info,player,West Indies,DJ Bravo
info,player,West Indies,D Ramdin
info,player,West Indies,JE Taylor
info,player,West Indies,DBL Powell
info,player,West Indies,CD Collymore
info,registry,people,A Flintoff,ddc0828d
info,registry,people,AJ Strauss,b68d14a9
info,registry,people,BC Lara,d5403021
info,registry,people,BF Bowden,efc0a862
info,registry,people,CD Collymore,87b177e8
info,registry,people,CH Gayle,db584dad
info,registry,people,D Ramdin,d1523761
info,registry,people,DBL Powell,83904270
info,registry,people,DJ Bravo,87e562a9
info,registry,people,DS Smith,85ad2217
info,registry,people,JE Taylor,4180d897
info,registry,people,JM Anderson,d12143bf
info,registry,people,JWM Dalrymple,1afdbdbf
info,registry,people,KP Pietersen,39f01cdb
info,registry,people,LE Plunkett,9a963804
info,registry,people,MN Samuels,f846de6a
info,registry,people,MP Vaughan,6e1b1ec0
info,registry,people,PA Nixon,f14c62e4
info,registry,people,PD Collingwood,a386e91b
info,registry,people,RE Koertzen,0265fab2
info,registry,people,RR Sarwan,36d33dd0
info,registry,people,RS Bopara,7ca5e05d
info,registry,people,RS Madugalle,766b5798
info,registry,people,S Chanderpaul,881a9bdd
info,registry,people,SA Bucknor,2ad22b51
info,registry,people,SCJ Broad,eba6a852
info,registry,people,SJA Taufel,4b43d5ac
ball,1,0.1,West Indies,CH Gayle,DS Smith,JM Anderson,0,0,,,,,,"",""
ball,1,0.2,West Indies,CH Gayle,DS Smith,JM Anderson,2,0,,,,,,"",""
ball,1,0.3,West Indies,CH Gayle,DS Smith,JM Anderson,0,1,1,,,,,"",""
ball,1,0.4,West Indies,CH Gayle,DS Smith,JM Anderson,0,0,,,,,,"",""
ball,1,0.5,West Indies,CH Gayle,DS Smith,JM Anderson,0,1,1,,,,,"",""
ball,1,0.6,West Indies,CH Gayle,DS Smith,JM Anderson,1,0,,,,,,"",""
ball,1,0.7,West Indies,DS Smith,CH Gayle,JM Anderson,0,1,1,,,,,"",""
ball,1,0.8,West Indies,DS Smith,CH Gayle,JM Anderson,0,0,,,,,,"",""
ball,1,0.9,West Indies,DS Smith,CH Gayle,JM Anderson,0,0,,,,,,"",""
ball,1,1.1,West Indies,CH Gayle,DS Smith,LE Plunkett,0,0,,,,,,"",""
ball,1,1.2,West Indies,CH Gayle,DS Smith,LE Plunkett,0,1,1,,,,,"",""
ball,1,1.3,West Indies,CH Gayle,DS Smith,LE Plunkett,0,0,,,,,,"",""
ball,1,1.4,West Indies,CH Gayle,DS Smith,LE Plunkett,0,1,1,,,,,"",""
ball,1,1.5,West Indies,CH Gayle,DS Smith,LE Plunkett,1,0,,,,,,"",""
ball,1,1.6,West Indies,DS Smith,CH Gayle,LE Plunkett,0,0,,,,,,"",""
ball,1,1.7,West Indies,DS Smith,CH Gayle,LE Plunkett,0,0,,,,,,"",""
ball,1,1.8,West Indies,DS Smith,CH Gayle,LE Plunkett,4,0,,,,,,"",""
ball,1,2.1,West Indies,CH Gayle,DS Smith,JM Anderson,0,0,,,,,,"",""
ball,1,2.2,West Indies,CH Gayle,DS Smith,JM Anderson,4,0,,,,,,"",""
ball,1,2.3,West Indies,CH Gayle,DS Smith,JM Anderson,1,0,,,,,,"",""
ball,1,2.4,West Indies,DS Smith,CH Gayle,JM Anderson,1,0,,,,,,"",""
ball,1,2.5,West Indies,CH Gayle,DS Smith,JM Anderson,0,0,,,,,,"",""
ball,1,2.6,West Indies,CH Gayle,DS Smith,JM Anderson,0,0,,,,,,"",""
ball,1,3.1,West Indies,DS Smith,CH Gayle,LE Plunkett,0,0,,,,,,"",""
ball,1,3.2,West Indies,DS Smith,CH Gayle,LE Plunkett,0,0,,,,,,"",""
ball,1,3.3,West Indies,DS Smith,CH Gayle,LE Plunkett,0,1,1,,,,,"",""
ball,1,3.4,West Indies,DS Smith,CH Gayle,LE Plunkett,1,0,,,,,,"",""
ball,1,3.5,West Indies,CH Gayle,DS Smith,LE Plunkett,0,0,,,,,,"",""
ball,1,3.6,West Indies,CH Gayle,DS Smith,LE Plunkett,6,0,,,,,,"",""
ball,1,3.7,West Indies,CH Gayle,DS Smith,LE Plunkett,0,0,,,,,,"",""
ball,1,4.1,West Indies,DS Smith,CH Gayle,SCJ Broad,0,0,,,,,,"",""
ball,1,4.2,West Indies,DS Smith,CH Gayle,SCJ Broad,2,0,,,,,,"",""
ball,1,4.3,West Indies,DS Smith,CH Gayle,SCJ Broad,0,0,,,,,,"",""
ball,1,4.4,West Indies,DS Smith,CH Gayle,SCJ Broad,1,0,,,,,,"",""
ball,1,4.5,West Indies,CH Gayle,DS Smith,SCJ Broad,4,0,,,,,,"",""
ball,1,4.6,West Indies,CH Gayle,DS Smith,SCJ Broad,4,0,,,,,,"",""
ball,1,5.1,West Indies,DS Smith,CH Gayle,LE Plunkett,0,0,,,,,,"",""
ball,1,5.2,West Indies,DS Smith,CH Gayle,LE Plunkett,0,0,,,,,,"",""
ball,1,5.3,West Indies,DS Smith,CH Gayle,LE Plunkett,0,0,,,,,,"",""
ball,1,5.4,West Indies,DS Smith,CH Gayle,LE Plunkett,0,1,,1,,,,"",""
ball,1,5.5,West Indies,DS Smith,CH Gayle,LE Plunkett,0,0,,,,,,"",""
ball,1,5.6,West Indies,DS Smith,CH Gayle,LE Plunkett,0,0,,,,,,"",""
ball,1,5.7,West Indies,DS Smith,CH Gayle,LE Plunkett,0,0,,,,,,"",""
ball,1,6.1,West Indies,CH Gayle,DS Smith,SCJ Broad,0,0,,,,,,"",""
ball,1,6.2,West Indies,CH Gayle,DS Smith,SCJ Broad,0,0,,,,,,"",""
ball,1,6.3,West Indies,CH Gayle,DS Smith,SCJ Broad,1,0,,,,,,"",""
ball,1,6.4,West Indies,DS Smith,CH Gayle,SCJ Broad,0,0,,,,,,"",""
ball,1,6.5,West Indies,DS Smith,CH Gayle,SCJ Broad,0,0,,,,,,"",""
ball,1,6.6,West Indies,DS Smith,CH Gayle,SCJ Broad,0,0,,,,,,"",""
ball,1,7.1,West Indies,CH Gayle,DS Smith,LE Plunkett,1,0,,,,,,"",""
ball,1,7.2,West Indies,DS Smith,CH Gayle,LE Plunkett,1,0,,,,,,"",""
ball,1,7.3,West Indies,CH Gayle,DS Smith,LE Plunkett,4,0,,,,,,"",""
ball,1,7.4,West Indies,CH Gayle,DS Smith,LE Plunkett,4,0,,,,,,"",""
ball,1,7.5,West Indies,CH Gayle,DS Smith,LE Plunkett,6,0,,,,,,"",""
ball,1,7.6,West Indies,CH Gayle,DS Smith,LE Plunkett,6,0,,,,,,"",""
ball,1,8.1,West Indies,DS Smith,CH Gayle,SCJ Broad,0,0,,,,,,"",""
ball,1,8.2,West Indies,DS Smith,CH Gayle,SCJ Broad,0,0,,,,,,"",""
ball,1,8.3,West Indies,DS Smith,CH Gayle,SCJ Broad,0,1,1,,,,,"",""
ball,1,8.4,West Indies,DS Smith,CH Gayle,SCJ Broad,0,0,,,,,,"",""
ball,1,8.5,West Indies,DS Smith,CH Gayle,SCJ Broad,1,0,,,,,,"",""
ball,1,8.6,West Indies,CH Gayle,DS Smith,SCJ Broad,1,0,,,,,,"",""
ball,1,8.7,West Indies,DS Smith,CH Gayle,SCJ Broad,0,0,,,,,,"",""
ball,1,9.1,West Indies,CH Gayle,DS Smith,A Flintoff,1,0,,,,,,"",""
ball,1,9.2,West Indies,DS Smith,CH Gayle,A Flintoff,1,0,,,,,,"",""
ball,1,9.3,West Indies,CH Gayle,DS Smith,A Flintoff,1,0,,,,,,"",""
ball,1,9.4,West Indies,DS Smith,CH Gayle,A Flintoff,0,0,,,,,,"",""
ball,1,9.5,West Indies,DS Smith,CH Gayle,A Flintoff,0,0,,,,,,"",""
ball,1,9.6,West Indies,DS Smith,CH Gayle,A Flintoff,0,0,,,,,,"",""
ball,1,10.1,West Indies,CH Gayle,DS Smith,JWM Dalrymple,4,0,,,,,,"",""
ball,1,10.2,West Indies,CH Gayle,DS Smith,JWM Dalrymple,1,0,,,,,,"",""
ball,1,10.3,West Indies,DS Smith,CH Gayle,JWM Dalrymple,4,0,,,,,,"",""
ball,1,10.4,West Indies,DS Smith,CH Gayle,JWM Dalrymple,2,0,,,,,,"",""
ball,1,10.5,West Indies,DS Smith,CH Gayle,JWM Dalrymple,1,0,,,,,,"",""
ball,1,10.6,West Indies,CH Gayle,DS Smith,JWM Dalrymple,0,0,,,,,,"",""
ball,1,11.1,West Indies,DS Smith,CH Gayle,PD Collingwood,2,0,,,,,,"",""
ball,1,11.2,West Indies,DS Smith,CH Gayle,PD Collingwood,1,0,,,,,,"",""
ball,1,11.3,West Indies,CH Gayle,DS Smith,PD Collingwood,4,0,,,,,,"",""
ball,1,11.4,West Indies,CH Gayle,DS Smith,PD Collingwood,1,0,,,,,,"",""
ball,1,11.5,West Indies,DS Smith,CH Gayle,PD Collingwood,0,0,,,,,,"",""
ball,1,11.6,West Indies,DS Smith,CH Gayle,PD Collingwood,0,0,,,,,,"",""
ball,1,12.1,West Indies,CH Gayle,DS Smith,JWM Dalrymple,1,0,,,,,,"",""
ball,1,12.2,West Indies,DS Smith,CH Gayle,JWM Dalrymple,0,0,,,,,,"",""
ball,1,12.3,West Indies,DS Smith,CH Gayle,JWM Dalrymple,0,0,,,,,,"",""
ball,1,12.4,West Indies,DS Smith,CH Gayle,JWM Dalrymple,0,1,1,,,,,"",""
ball,1,12.5,West Indies,DS Smith,CH Gayle,JWM Dalrymple,0,0,,,,,,"",""
ball,1,12.6,West Indies,DS Smith,CH Gayle,JWM Dalrymple,0,0,,,,,,"",""
ball,1,12.7,West Indies,DS Smith,CH Gayle,JWM Dalrymple,0,0,,,,,,"",""
ball,1,13.1,West Indies,CH Gayle,DS Smith,PD Collingwood,4,0,,,,,,"",""
ball,1,13.2,West Indies,CH Gayle,DS Smith,PD Collingwood,0,0,,,,,,"",""
ball,1,13.3,West Indies,CH Gayle,DS Smith,PD Collingwood,0,0,,,,,,"",""
ball,1,13.4,West Indies,CH Gayle,DS Smith,PD Collingwood,1,0,,,,,,"",""
ball,1,13.5,West Indies,DS Smith,CH Gayle,PD Collingwood,1,0,,,,,,"",""
ball,1,13.6,West Indies,CH Gayle,DS Smith,PD Collingwood,0,1,1,,,,,"",""
ball,1,13.7,West Indies,CH Gayle,DS Smith,PD Collingwood,0,0,,,,,,"",""
ball,1,14.1,West Indies,DS Smith,CH Gayle,JWM Dalrymple,0,0,,,,,,"",""
ball,1,14.2,West Indies,DS Smith,CH Gayle,JWM Dalrymple,0,0,,,,,,"",""
ball,1,14.3,West Indies,DS Smith,CH Gayle,JWM Dalrymple,4,0,,,,,,"",""
ball,1,14.4,West Indies,DS Smith,CH Gayle,JWM Dalrymple,0,0,,,,,,"",""
ball,1,14.5,West Indies,DS Smith,CH Gayle,JWM Dalrymple,1,0,,,,,,"",""
ball,1,14.6,West Indies,CH Gayle,DS Smith,JWM Dalrymple,0,0,,,,,,"",""
ball,1,15.1,West Indies,DS Smith,CH Gayle,PD Collingwood,0,0,,,,,,"",""
ball,1,15.2,West Indies,DS Smith,CH Gayle,PD Collingwood,1,0,,,,,,"",""
ball,1,15.3,West Indies,CH Gayle,DS Smith,PD Collingwood,1,0,,,,,,"",""
ball,1,15.4,West Indies,DS Smith,CH Gayle,PD Collingwood,0,0,,,,,,"",""
ball,1,15.5,West Indies,DS Smith,CH Gayle,PD Collingwood,0,0,,,,,,"",""
ball,1,15.6,West Indies,DS Smith,CH Gayle,PD Collingwood,1,0,,,,,,"",""
ball,1,16.1,West Indies,DS Smith,CH Gayle,MP Vaughan,0,0,,,,,,"",""
ball,1,16.2,West Indies,DS Smith,CH Gayle,MP Vaughan,0,0,,,,,,"",""
ball,1,16.3,West Indies,DS Smith,CH Gayle,MP Vaughan,0,0,,,,,,"",""
ball,1,16.4,West Indies,DS Smith,CH Gayle,MP Vaughan,0,0,,,,,,"",""
ball,1,16.5,West Indies,DS Smith,CH Gayle,MP Vaughan,0,0,,,,,,"",""
ball,1,16.6,West Indies,DS Smith,CH Gayle,MP Vaughan,1,0,,,,,,"",""
ball,1,17.1,West Indies,DS Smith,CH Gayle,PD Collingwood,0,0,,,,,,"",""
ball,1,17.2,West Indies,DS Smith,CH Gayle,PD Collingwood,0,0,,,,,,"",""
ball,1,17.3,West Indies,DS Smith,CH Gayle,PD Collingwood,1,0,,,,,,"",""
ball,1,17.4,West Indies,CH Gayle,DS Smith,PD Collingwood,1,0,,,,,,"",""
ball,1,17.5,West Indies,DS Smith,CH Gayle,PD Collingwood,1,0,,,,,,"",""
ball,1,17.6,West Indies,CH Gayle,DS Smith,PD Collingwood,0,0,,,,,,"",""
ball,1,18.1,West Indies,DS Smith,CH Gayle,MP Vaughan,0,0,,,,,,"",""
ball,1,18.2,West Indies,DS Smith,CH Gayle,MP Vaughan,0,0,,,,,,"",""
ball,1,18.3,West Indies,DS Smith,CH Gayle,MP Vaughan,0,0,,,,,,"",""
ball,1,18.4,West Indies,DS Smith,CH Gayle,MP Vaughan,1,0,,,,,,"",""
ball,1,18.5,West Indies,CH Gayle,DS Smith,MP Vaughan,0,0,,,,,,"",""
ball,1,18.6,West Indies,CH Gayle,DS Smith,MP Vaughan,0,0,,,,,,"",""
ball,1,19.1,West Indies,DS Smith,CH Gayle,PD Collingwood,1,0,,,,,,"",""
ball,1,19.2,West Indies,CH Gayle,DS Smith,PD Collingwood,4,0,,,,,,"",""
ball,1,19.3,West Indies,CH Gayle,DS Smith,PD Collingwood,1,0,,,,,,"",""
ball,1,19.4,West Indies,DS Smith,CH Gayle,PD Collingwood,0,0,,,,,,"",""
ball,1,19.5,West Indies,DS Smith,CH Gayle,PD Collingwood,0,0,,,,,,"",""
ball,1,19.6,West Indies,DS Smith,CH Gayle,PD Collingwood,0,0,,,,,,"",""
ball,1,20.1,West Indies,CH Gayle,DS Smith,MP Vaughan,1,0,,,,,,"",""
ball,1,20.2,West Indies,DS Smith,CH Gayle,MP Vaughan,0,0,,,,,,"",""
ball,1,20.3,West Indies,DS Smith,CH Gayle,MP Vaughan,0,0,,,,,,"",""
ball,1,20.4,West Indies,DS Smith,CH Gayle,MP Vaughan,2,0,,,,,,"",""
ball,1,20.5,West Indies,DS Smith,CH Gayle,MP Vaughan,1,0,,,,,,"",""
ball,1,20.6,West Indies,CH Gayle,DS Smith,MP Vaughan,1,0,,,,,,"",""
ball,1,21.1,West Indies,CH Gayle,DS Smith,A Flintoff,1,0,,,,,,"",""
ball,1,21.2,West Indies,DS Smith,CH Gayle,A Flintoff,0,0,,,,,,"",""
ball,1,21.3,West Indies,DS Smith,CH Gayle,A Flintoff,0,0,,,,,,"",""
ball,1,21.4,West Indies,DS Smith,CH Gayle,A Flintoff,0,0,,,,,,"",""
ball,1,21.5,West Indies,DS Smith,CH Gayle,A Flintoff,1,0,,,,,,"",""
ball,1,21.6,West Indies,CH Gayle,DS Smith,A Flintoff,0,0,,,,,,"",""
ball,1,22.1,West Indies,DS Smith,CH Gayle,JM Anderson,0,0,,,,,,"",""
ball,1,22.2,West Indies,DS Smith,CH Gayle,JM Anderson,2,0,,,,,,"",""
ball,1,22.3,West Indies,DS Smith,CH Gayle,JM Anderson,1,0,,,,,,"",""
ball,1,22.4,West Indies,CH Gayle,DS Smith,JM Anderson,0,0,,,,,,"",""
ball,1,22.5,West Indies,CH Gayle,DS Smith,JM Anderson,1,0,,,,,,"",""
ball,1,22.6,West Indies,DS Smith,CH Gayle,JM Anderson,0,0,,,,,,"",""
ball,1,23.1,West Indies,CH Gayle,DS Smith,A Flintoff,0,0,,,,,,"",""
ball,1,23.2,West Indies,CH Gayle,DS Smith,A Flintoff,4,0,,,,,,"",""
ball,1,23.3,West Indies,CH Gayle,DS Smith,A Flintoff,0,0,,,,,,"",""
ball,1,23.4,West Indies,CH Gayle,DS Smith,A Flintoff,0,0,,,,,,"",""
ball,1,23.5,West Indies,CH Gayle,DS Smith,A Flintoff,0,0,,,,,,caught,CH Gayle
ball,1,23.6,West Indies,BC Lara,DS Smith,A Flintoff,0,0,,,,,,"",""
ball,1,24.1,West Indies,DS Smith,BC Lara,JM Anderson,4,0,,,,,,"",""
ball,1,24.2,West Indies,DS Smith,BC Lara,JM Anderson,0,1,1,,,,,"",""
ball,1,24.3,West Indies,DS Smith,BC Lara,JM Anderson,0,0,,,,,,"",""
ball,1,24.4,West Indies,DS Smith,BC Lara,JM Anderson,0,0,,,,,,"",""
ball,1,24.5,West Indies,DS Smith,BC Lara,JM Anderson,0,0,,,,,,"",""
ball,1,24.6,West Indies,DS Smith,BC Lara,JM Anderson,2,0,,,,,,"",""
ball,1,24.7,West Indies,DS Smith,BC Lara,JM Anderson,0,1,1,,,,,"",""
ball,1,24.8,West Indies,DS Smith,BC Lara,JM Anderson,0,1,1,,,,,"",""
ball,1,24.9,West Indies,DS Smith,BC Lara,JM Anderson,1,0,,,,,,"",""
ball,1,25.1,West Indies,DS Smith,BC Lara,A Flintoff,0,0,,,,,,"",""
ball,1,25.2,West Indies,DS Smith,BC Lara,A Flintoff,0,0,,,,,,"",""
ball,1,25.3,West Indies,DS Smith,BC Lara,A Flintoff,0,1,,1,,,,"",""
ball,1,25.4,West Indies,DS Smith,BC Lara,A Flintoff,1,0,,,,,,"",""
ball,1,25.5,West Indies,BC Lara,DS Smith,A Flintoff,1,0,,,,,,"",""
ball,1,25.6,West Indies,DS Smith,BC Lara,A Flintoff,0,0,,,,,,"",""
ball,1,25.7,West Indies,DS Smith,BC Lara,A Flintoff,0,0,,,,,,"",""
ball,1,26.1,West Indies,BC Lara,DS Smith,JM Anderson,0,0,,,,,,"",""
ball,1,26.2,West Indies,BC Lara,DS Smith,JM Anderson,0,0,,,,,,"",""
ball,1,26.3,West Indies,BC Lara,DS Smith,JM Anderson,1,0,,,,,,"",""
ball,1,26.4,West Indies,DS Smith,BC Lara,JM Anderson,1,0,,,,,,"",""
ball,1,26.5,West Indies,BC Lara,DS Smith,JM Anderson,1,0,,,,,,"",""
ball,1,26.6,West Indies,DS Smith,BC Lara,JM Anderson,0,0,,,,,,"",""
ball,1,27.1,West Indies,BC Lara,DS Smith,A Flintoff,0,0,,,,,,"",""
ball,1,27.2,West Indies,BC Lara,DS Smith,A Flintoff,4,0,,,,,,"",""
ball,1,27.3,West Indies,BC Lara,DS Smith,A Flintoff,0,0,,,,,,"",""
ball,1,27.4,West Indies,BC Lara,DS Smith,A Flintoff,1,0,,,,,,"",""
ball,1,27.5,West Indies,DS Smith,BC Lara,A Flintoff,4,0,,,,,,"",""
ball,1,27.6,West Indies,DS Smith,BC Lara,A Flintoff,0,0,,,,,,"",""
ball,1,28.1,West Indies,BC Lara,DS Smith,JM Anderson,4,0,,,,,,"",""
ball,1,28.2,West Indies,BC Lara,DS Smith,JM Anderson,1,0,,,,,,"",""
ball,1,28.3,West Indies,DS Smith,BC Lara,JM Anderson,4,0,,,,,,"",""
ball,1,28.4,West Indies,DS Smith,BC Lara,JM Anderson,1,0,,,,,,"",""
ball,1,28.5,West Indies,BC Lara,DS Smith,JM Anderson,0,0,,,,,,"",""
ball,1,28.6,West Indies,BC Lara,DS Smith,JM Anderson,0,0,,,,,,"",""
ball,1,29.1,West Indies,DS Smith,BC Lara,A Flintoff,1,0,,,,,,"",""
ball,1,29.2,West Indies,BC Lara,DS Smith,A Flintoff,1,0,,,,,,"",""
ball,1,29.3,West Indies,DS Smith,BC Lara,A Flintoff,0,0,,,,,,caught,DS Smith
ball,1,29.4,West Indies,MN Samuels,BC Lara,A Flintoff,0,1,,,,1,,"",""
ball,1,29.5,West Indies,BC Lara,MN Samuels,A Flintoff,4,0,,,,,,"",""
ball,1,29.6,West Indies,BC Lara,MN Samuels,A Flintoff,0,0,,,,,,"",""
ball,1,30.1,West Indies,MN Samuels,BC Lara,SCJ Broad,0,0,,,,,,"",""
ball,1,30.2,West Indies,MN Samuels,BC Lara,SCJ Broad,0,0,,,,,,"",""
ball,1,30.3,West Indies,MN Samuels,BC Lara,SCJ Broad,0,0,,,,,,"",""
ball,1,30.4,West Indies,MN Samuels,BC Lara,SCJ Broad,0,0,,,,,,"",""
ball,1,30.5,West Indies,MN Samuels,BC Lara,SCJ Broad,0,0,,,,,,run out,BC Lara
ball,1,30.6,West Indies,MN Samuels,RR Sarwan,SCJ Broad,0,0,,,,,,"",""
ball,1,31.1,West Indies,RR Sarwan,MN Samuels,LE Plunkett,0,0,,,,,,"",""
ball,1,31.2,West Indies,RR Sarwan,MN Samuels,LE Plunkett,0,0,,,,,,"",""
ball,1,31.3,West Indies,RR Sarwan,MN Samuels,LE Plunkett,0,0,,,,,,"",""
ball,1,31.4,West Indies,RR Sarwan,MN Samuels,LE Plunkett,1,0,,,,,,"",""
ball,1,31.5,West Indies,MN Samuels,RR Sarwan,LE Plunkett,1,0,,,,,,"",""
ball,1,31.6,West Indies,RR Sarwan,MN Samuels,LE Plunkett,1,0,,,,,,"",""
ball,1,32.1,West Indies,RR Sarwan,MN Samuels,SCJ Broad,1,0,,,,,,"",""
ball,1,32.2,West Indies,MN Samuels,RR Sarwan,SCJ Broad,0,0,,,,,,"",""
ball,1,32.3,West Indies,MN Samuels,RR Sarwan,SCJ Broad,0,0,,,,,,"",""
ball,1,32.4,West Indies,MN Samuels,RR Sarwan,SCJ Broad,2,0,,,,,,"",""
ball,1,32.5,West Indies,MN Samuels,RR Sarwan,SCJ Broad,1,0,,,,,,"",""
ball,1,32.6,West Indies,RR Sarwan,MN Samuels,SCJ Broad,0,0,,,,,,"",""
ball,1,33.1,West Indies,MN Samuels,RR Sarwan,LE Plunkett,1,0,,,,,,"",""
ball,1,33.2,West Indies,RR Sarwan,MN Samuels,LE Plunkett,0,0,,,,,,caught,RR Sarwan
ball,1,33.3,West Indies,S Chanderpaul,MN Samuels,LE Plunkett,0,1,1,,,,,"",""
ball,1,33.4,West Indies,S Chanderpaul,MN Samuels,LE Plunkett,4,0,,,,,,"",""
ball,1,33.5,West Indies,S Chanderpaul,MN Samuels,LE Plunkett,0,0,,,,,,"",""
ball,1,33.6,West Indies,S Chanderpaul,MN Samuels,LE Plunkett,0,0,,,,,,"",""
ball,1,33.7,West Indies,S Chanderpaul,MN Samuels,LE Plunkett,0,0,,,,,,"",""
ball,1,34.1,West Indies,MN Samuels,S Chanderpaul,SCJ Broad,4,0,,,,,,"",""
ball,1,34.2,West Indies,MN Samuels,S Chanderpaul,SCJ Broad,4,0,,,,,,"",""
ball,1,34.3,West Indies,MN Samuels,S Chanderpaul,SCJ Broad,0,0,,,,,,"",""
ball,1,34.4,West Indies,MN Samuels,S Chanderpaul,SCJ Broad,2,0,,,,,,"",""
ball,1,34.5,West Indies,MN Samuels,S Chanderpaul,SCJ Broad,2,0,,,,,,"",""
ball,1,34.6,West Indies,MN Samuels,S Chanderpaul,SCJ Broad,1,0,,,,,,"",""
ball,1,35.1,West Indies,MN Samuels,S Chanderpaul,LE Plunkett,6,0,,,,,,"",""
ball,1,35.2,West Indies,MN Samuels,S Chanderpaul,LE Plunkett,1,0,,,,,,"",""
ball,1,35.3,West Indies,S Chanderpaul,MN Samuels,LE Plunkett,0,0,,,,,,"",""
ball,1,35.4,West Indies,S Chanderpaul,MN Samuels,LE Plunkett,3,0,,,,,,"",""
ball,1,35.5,West Indies,MN Samuels,S Chanderpaul,LE Plunkett,0,1,1,,,,,"",""
ball,1,35.6,West Indies,MN Samuels,S Chanderpaul,LE Plunkett,4,1,,1,,,,"",""
ball,1,35.7,West Indies,MN Samuels,S Chanderpaul,LE Plunkett,4,0,,,,,,"",""
ball,1,35.8,West Indies,MN Samuels,S Chanderpaul,LE Plunkett,4,0,,,,,,"",""
ball,1,36.1,West Indies,S Chanderpaul,MN Samuels,MP Vaughan,0,0,,,,,,"",""
ball,1,36.2,West Indies,S Chanderpaul,MN Samuels,MP Vaughan,0,0,,,,,,"",""
ball,1,36.3,West Indies,S Chanderpaul,MN Samuels,MP Vaughan,0,0,,,,,,"",""
ball,1,36.4,West Indies,S Chanderpaul,MN Samuels,MP Vaughan,0,0,,,,,,"",""
ball,1,36.5,West Indies,S Chanderpaul,MN Samuels,MP Vaughan,1,0,,,,,,"",""
ball,1,36.6,West Indies,MN Samuels,S Chanderpaul,MP Vaughan,0,0,,,,,,"",""
ball,1,37.1,West Indies,S Chanderpaul,MN Samuels,A Flintoff,4,0,,,,,,"",""
ball,1,37.2,West Indies,S Chanderpaul,MN Samuels,A Flintoff,1,0,,,,,,"",""
ball,1,37.3,West Indies,MN Samuels,S Chanderpaul,A Flintoff,1,0,,,,,,"",""
ball,1,37.4,West Indies,S Chanderpaul,MN Samuels,A Flintoff,2,0,,,,,,"",""
ball,1,37.5,West Indies,S Chanderpaul,MN Samuels,A Flintoff,0,0,,,,,,"",""
ball,1,37.6,West Indies,S Chanderpaul,MN Samuels,A Flintoff,4,0,,,,,,"",""
ball,1,38.1,West Indies,MN Samuels,S Chanderpaul,MP Vaughan,0,0,,,,,,"",""
ball,1,38.2,West Indies,MN Samuels,S Chanderpaul,MP Vaughan,1,0,,,,,,"",""
ball,1,38.3,West Indies,S Chanderpaul,MN Samuels,MP Vaughan,0,0,,,,,,"",""
ball,1,38.4,West Indies,S Chanderpaul,MN Samuels,MP Vaughan,4,0,,,,,,"",""
ball,1,38.5,West Indies,S Chanderpaul,MN Samuels,MP Vaughan,1,0,,,,,,"",""
ball,1,38.6,West Indies,MN Samuels,S Chanderpaul,MP Vaughan,1,0,,,,,,"",""
ball,1,39.1,West Indies,MN Samuels,S Chanderpaul,A Flintoff,4,0,,,,,,"",""
ball,1,39.2,West Indies,MN Samuels,S Chanderpaul,A Flintoff,1,0,,,,,,"",""
ball,1,39.3,West Indies,S Chanderpaul,MN Samuels,A Flintoff,0,0,,,,,,"",""
ball,1,39.4,West Indies,S Chanderpaul,MN Samuels,A Flintoff,0,0,,,,,,"",""
ball,1,39.5,West Indies,S Chanderpaul,MN Samuels,A Flintoff,1,0,,,,,,"",""
ball,1,39.6,West Indies,MN Samuels,S Chanderpaul,A Flintoff,1,0,,,,,,"",""
ball,1,40.1,West Indies,MN Samuels,S Chanderpaul,MP Vaughan,1,0,,,,,,"",""
ball,1,40.2,West Indies,S Chanderpaul,MN Samuels,MP Vaughan,0,0,,,,,,"",""
ball,1,40.3,West Indies,S Chanderpaul,MN Samuels,MP Vaughan,1,0,,,,,,"",""
ball,1,40.4,West Indies,MN Samuels,S Chanderpaul,MP Vaughan,0,0,,,,,,"",""
ball,1,40.5,West Indies,MN Samuels,S Chanderpaul,MP Vaughan,1,0,,,,,,"",""
ball,1,40.6,West Indies,S Chanderpaul,MN Samuels,MP Vaughan,0,0,,,,,,"",""
ball,1,41.1,West Indies,MN Samuels,S Chanderpaul,PD Collingwood,1,0,,,,,,"",""
ball,1,41.2,West Indies,S Chanderpaul,MN Samuels,PD Collingwood,0,0,,,,,,"",""
ball,1,41.3,West Indies,S Chanderpaul,MN Samuels,PD Collingwood,1,0,,,,,,"",""
ball,1,41.4,West Indies,MN Samuels,S Chanderpaul,PD Collingwood,1,0,,,,,,"",""
ball,1,41.5,West Indies,S Chanderpaul,MN Samuels,PD Collingwood,0,0,,,,,,"",""
ball,1,41.6,West Indies,S Chanderpaul,MN Samuels,PD Collingwood,0,0,,,,,,"",""
ball,1,42.1,West Indies,MN Samuels,S Chanderpaul,MP Vaughan,1,0,,,,,,"",""
ball,1,42.2,West Indies,S Chanderpaul,MN Samuels,MP Vaughan,0,0,,,,,,"",""
ball,1,42.3,West Indies,S Chanderpaul,MN Samuels,MP Vaughan,0,0,,,,,,"",""
ball,1,42.4,West Indies,S Chanderpaul,MN Samuels,MP Vaughan,1,0,,,,,,"",""
ball,1,42.5,West Indies,MN Samuels,S Chanderpaul,MP Vaughan,0,0,,,,,,caught,MN Samuels
ball,1,42.6,West Indies,DJ Bravo,S Chanderpaul,MP Vaughan,1,0,,,,,,"",""
ball,1,43.1,West Indies,DJ Bravo,S Chanderpaul,PD Collingwood,2,0,,,,,,"",""
ball,1,43.2,West Indies,DJ Bravo,S Chanderpaul,PD Collingwood,1,0,,,,,,"",""
ball,1,43.3,West Indies,S Chanderpaul,DJ Bravo,PD Collingwood,0,0,,,,,,"",""
ball,1,43.4,West Indies,S Chanderpaul,DJ Bravo,PD Collingwood,0,0,,,,,,"",""
ball,1,43.5,West Indies,S Chanderpaul,DJ Bravo,PD Collingwood,4,0,,,,,,"",""
ball,1,43.6,West Indies,S Chanderpaul,DJ Bravo,PD Collingwood,0,0,,,,,,"",""
ball,1,44.1,West Indies,DJ Bravo,S Chanderpaul,MP Vaughan,0,0,,,,,,"",""
ball,1,44.2,West Indies,DJ Bravo,S Chanderpaul,MP Vaughan,4,0,,,,,,"",""
ball,1,44.3,West Indies,DJ Bravo,S Chanderpaul,MP Vaughan,2,0,,,,,,"",""
ball,1,44.4,West Indies,DJ Bravo,S Chanderpaul,MP Vaughan,1,0,,,,,,"",""
ball,1,44.5,West Indies,S Chanderpaul,DJ Bravo,MP Vaughan,1,0,,,,,,"",""
ball,1,44.6,West Indies,DJ Bravo,S Chanderpaul,MP Vaughan,0,0,,,,,,"",""
ball,1,45.1,West Indies,S Chanderpaul,DJ Bravo,PD Collingwood,1,0,,,,,,"",""
ball,1,45.2,West Indies,DJ Bravo,S Chanderpaul,PD Collingwood,1,0,,,,,,"",""
ball,1,45.3,West Indies,S Chanderpaul,DJ Bravo,PD Collingwood,0,0,,,,,,caught,S Chanderpaul
ball,1,45.4,West Indies,DJ Bravo,D Ramdin,PD Collingwood,1,0,,,,,,"",""
ball,1,45.5,West Indies,D Ramdin,DJ Bravo,PD Collingwood,0,0,,,,,,"",""
ball,1,45.6,West Indies,D Ramdin,DJ Bravo,PD Collingwood,0,0,,,,,,"",""
ball,1,46.1,West Indies,DJ Bravo,D Ramdin,MP Vaughan,0,0,,,,,,caught,DJ Bravo
ball,1,46.2,West Indies,D Ramdin,JE Taylor,MP Vaughan,4,0,,,,,,"",""
ball,1,46.3,West Indies,D Ramdin,JE Taylor,MP Vaughan,0,0,,,,,,"",""
ball,1,46.4,West Indies,D Ramdin,JE Taylor,MP Vaughan,1,0,,,,,,"",""
ball,1,46.5,West Indies,JE Taylor,D Ramdin,MP Vaughan,0,0,,,,,,"",""
ball,1,46.6,West Indies,JE Taylor,D Ramdin,MP Vaughan,1,0,,,,,,"",""
ball,1,47.1,West Indies,JE Taylor,D Ramdin,A Flintoff,2,0,,,,,,"",""
ball,1,47.2,West Indies,JE Taylor,D Ramdin,A Flintoff,2,0,,,,,,"",""
ball,1,47.3,West Indies,JE Taylor,D Ramdin,A Flintoff,4,0,,,,,,"",""
ball,1,47.4,West Indies,JE Taylor,D Ramdin,A Flintoff,0,0,,,,,,"",""
ball,1,47.5,West Indies,JE Taylor,D Ramdin,A Flintoff,2,0,,,,,,"",""
ball,1,47.6,West Indies,JE Taylor,D Ramdin,A Flintoff,0,0,,,,,,"",""
ball,1,48.1,West Indies,D Ramdin,JE Taylor,MP Vaughan,0,0,,,,,,"",""
ball,1,48.2,West Indies,D Ramdin,JE Taylor,MP Vaughan,1,0,,,,,,"",""
ball,1,48.3,West Indies,JE Taylor,D Ramdin,MP Vaughan,1,0,,,,,,"",""
ball,1,48.4,West Indies,D Ramdin,JE Taylor,MP Vaughan,1,0,,,,,,"",""
ball,1,48.5,West Indies,JE Taylor,D Ramdin,MP Vaughan,0,0,,,,,,caught,JE Taylor
ball,1,48.6,West Indies,D Ramdin,DBL Powell,MP Vaughan,1,0,,,,,,"",""
ball,1,49.1,West Indies,D Ramdin,DBL Powell,A Flintoff,1,0,,,,,,"",""
ball,1,49.2,West Indies,DBL Powell,D Ramdin,A Flintoff,0,0,,,,,,run out,DBL Powell
ball,1,49.3,West Indies,CD Collymore,D Ramdin,A Flintoff,1,0,,,,,,"",""
ball,1,49.4,West Indies,D Ramdin,CD Collymore,A Flintoff,1,0,,,,,,"",""
ball,1,49.5,West Indies,CD Collymore,D Ramdin,A Flintoff,0,0,,,,,,run out,CD Collymore
ball,2,0.1,England,AJ Strauss,MP Vaughan,CD Collymore,0,1,1,,,,,"",""
ball,2,0.2,England,AJ Strauss,MP Vaughan,CD Collymore,0,0,,,,,,"",""
ball,2,0.3,England,AJ Strauss,MP Vaughan,CD Collymore,0,0,,,,,,"",""
ball,2,0.4,England,AJ Strauss,MP Vaughan,CD Collymore,0,0,,,,,,"",""
ball,2,0.5,England,AJ Strauss,MP Vaughan,CD Collymore,0,0,,,,,,"",""
ball,2,0.6,England,AJ Strauss,MP Vaughan,CD Collymore,0,0,,,,,,"",""
ball,2,0.7,England,AJ Strauss,MP Vaughan,CD Collymore,0,1,,,,1,,"",""
ball,2,1.1,England,AJ Strauss,MP Vaughan,DBL Powell,1,0,,,,,,"",""
ball,2,1.2,England,MP Vaughan,AJ Strauss,DBL Powell,1,0,,,,,,"",""
ball,2,1.3,England,AJ Strauss,MP Vaughan,DBL Powell,0,0,,,,,,"",""
ball,2,1.4,England,AJ Strauss,MP Vaughan,DBL Powell,0,1,,,,1,,"",""
ball,2,1.5,England,MP Vaughan,AJ Strauss,DBL Powell,0,0,,,,,,"",""
ball,2,1.6,England,MP Vaughan,AJ Strauss,DBL Powell,0,0,,,,,,"",""
ball,2,2.1,England,AJ Strauss,MP Vaughan,CD Collymore,4,0,,,,,,"",""
ball,2,2.2,England,AJ Strauss,MP Vaughan,CD Collymore,2,0,,,,,,"",""
ball,2,2.3,England,AJ Strauss,MP Vaughan,CD Collymore,0,0,,,,,,caught,AJ Strauss
ball,2,2.4,England,RS Bopara,MP Vaughan,CD Collymore,0,0,,,,,,"",""
ball,2,2.5,England,RS Bopara,MP Vaughan,CD Collymore,0,0,,,,,,"",""
ball,2,2.6,England,RS Bopara,MP Vaughan,CD Collymore,0,0,,,,,,"",""
ball,2,3.1,England,MP Vaughan,RS Bopara,DBL Powell,0,0,,,,,,"",""
ball,2,3.2,England,MP Vaughan,RS Bopara,DBL Powell,1,0,,,,,,"",""
ball,2,3.3,England,RS Bopara,MP Vaughan,DBL Powell,1,0,,,,,,"",""
ball,2,3.4,England,MP Vaughan,RS Bopara,DBL Powell,0,1,1,,,,,"",""
ball,2,3.5,England,MP Vaughan,RS Bopara,DBL Powell,0,0,,,,,,"",""
ball,2,3.6,England,MP Vaughan,RS Bopara,DBL Powell,4,0,,,,,,"",""
ball,2,3.7,England,MP Vaughan,RS Bopara,DBL Powell,0,1,1,,,,,"",""
ball,2,3.8,England,MP Vaughan,RS Bopara,DBL Powell,2,0,,,,,,"",""
ball,2,4.1,England,RS Bopara,MP Vaughan,CD Collymore,1,0,,,,,,"",""
ball,2,4.2,England,MP Vaughan,RS Bopara,CD Collymore,3,0,,,,,,"",""
ball,2,4.3,England,RS Bopara,MP Vaughan,CD Collymore,0,1,1,,,,,"",""
ball,2,4.4,England,RS Bopara,MP Vaughan,CD Collymore,1,0,,,,,,"",""
ball,2,4.5,England,MP Vaughan,RS Bopara,CD Collymore,4,0,,,,,,"",""
ball,2,4.6,England,MP Vaughan,RS Bopara,CD Collymore,2,0,,,,,,"",""
ball,2,4.7,England,MP Vaughan,RS Bopara,CD Collymore,0,1,,,,1,,"",""
ball,2,5.1,England,MP Vaughan,RS Bopara,DBL Powell,1,0,,,,,,"",""
ball,2,5.2,England,RS Bopara,MP Vaughan,DBL Powell,0,0,,,,,,"",""
ball,2,5.3,England,RS Bopara,MP Vaughan,DBL Powell,0,0,,,,,,"",""
ball,2,5.4,England,RS Bopara,MP Vaughan,DBL Powell,1,0,,,,,,"",""
ball,2,5.5,England,MP Vaughan,RS Bopara,DBL Powell,0,0,,,,,,"",""
ball,2,5.6,England,MP Vaughan,RS Bopara,DBL Powell,0,0,,,,,,"",""
ball,2,6.1,England,RS Bopara,MP Vaughan,CD Collymore,0,0,,,,,,"",""
ball,2,6.2,England,RS Bopara,MP Vaughan,CD Collymore,0,0,,,,,,"",""
ball,2,6.3,England,RS Bopara,MP Vaughan,CD Collymore,0,0,,,,,,"",""
ball,2,6.4,England,RS Bopara,MP Vaughan,CD Collymore,3,0,,,,,,"",""
ball,2,6.5,England,MP Vaughan,RS Bopara,CD Collymore,1,0,,,,,,"",""
ball,2,6.6,England,RS Bopara,MP Vaughan,CD Collymore,0,0,,,,,,"",""
ball,2,7.1,England,MP Vaughan,RS Bopara,JE Taylor,1,0,,,,,,"",""
ball,2,7.2,England,RS Bopara,MP Vaughan,JE Taylor,0,0,,,,,,"",""
ball,2,7.3,England,RS Bopara,MP Vaughan,JE Taylor,0,0,,,,,,"",""
ball,2,7.4,England,RS Bopara,MP Vaughan,JE Taylor,0,0,,,,,,"",""
ball,2,7.5,England,RS Bopara,MP Vaughan,JE Taylor,0,0,,,,,,"",""
ball,2,7.6,England,RS Bopara,MP Vaughan,JE Taylor,2,0,,,,,,"",""
ball,2,8.1,England,MP Vaughan,RS Bopara,CD Collymore,0,0,,,,,,"",""
ball,2,8.2,England,MP Vaughan,RS Bopara,CD Collymore,2,0,,,,,,"",""
ball,2,8.3,England,MP Vaughan,RS Bopara,CD Collymore,1,0,,,,,,"",""
ball,2,8.4,England,RS Bopara,MP Vaughan,CD Collymore,0,0,,,,,,"",""
ball,2,8.5,England,RS Bopara,MP Vaughan,CD Collymore,0,0,,,,,,"",""
ball,2,8.6,England,RS Bopara,MP Vaughan,CD Collymore,0,0,,,,,,"",""
ball,2,9.1,England,MP Vaughan,RS Bopara,JE Taylor,4,0,,,,,,"",""
ball,2,9.2,England,MP Vaughan,RS Bopara,JE Taylor,4,0,,,,,,"",""
ball,2,9.3,England,MP Vaughan,RS Bopara,JE Taylor,1,0,,,,,,"",""
ball,2,9.4,England,RS Bopara,MP Vaughan,JE Taylor,1,0,,,,,,"",""
ball,2,9.5,England,MP Vaughan,RS Bopara,JE Taylor,1,0,,,,,,"",""
ball,2,9.6,England,RS Bopara,MP Vaughan,JE Taylor,1,0,,,,,,"",""
ball,2,10.1,England,RS Bopara,MP Vaughan,DBL Powell,4,0,,,,,,"",""
ball,2,10.2,England,RS Bopara,MP Vaughan,DBL Powell,4,0,,,,,,"",""
ball,2,10.3,England,RS Bopara,MP Vaughan,DBL Powell,0,0,,,,,,"",""
ball,2,10.4,England,RS Bopara,MP Vaughan,DBL Powell,0,0,,,,,,"",""
ball,2,10.5,England,RS Bopara,MP Vaughan,DBL Powell,0,0,,,,,,"",""
ball,2,10.6,England,RS Bopara,MP Vaughan,DBL Powell,1,0,,,,,,"",""
ball,2,11.1,England,RS Bopara,MP Vaughan,JE Taylor,0,5,,,,5,,"",""
ball,2,11.2,England,MP Vaughan,RS Bopara,JE Taylor,1,0,,,,,,"",""
ball,2,11.3,England,RS Bopara,MP Vaughan,JE Taylor,0,0,,,,,,"",""
ball,2,11.4,England,RS Bopara,MP Vaughan,JE Taylor,1,0,,,,,,"",""
ball,2,11.5,England,MP Vaughan,RS Bopara,JE Taylor,0,0,,,,,,"",""
ball,2,11.6,England,MP Vaughan,RS Bopara,JE Taylor,6,0,,,,,,"",""
ball,2,12.1,England,RS Bopara,MP Vaughan,DBL Powell,4,0,,,,,,"",""
ball,2,12.2,England,RS Bopara,MP Vaughan,DBL Powell,0,0,,,,,,"",""
ball,2,12.3,England,RS Bopara,MP Vaughan,DBL Powell,0,0,,,,,,"",""
ball,2,12.4,England,RS Bopara,MP Vaughan,DBL Powell,0,0,,,,,,"",""
ball,2,12.5,England,RS Bopara,MP Vaughan,DBL Powell,0,0,,,,,,"",""
ball,2,12.6,England,RS Bopara,MP Vaughan,DBL Powell,0,0,,,,,,"",""
ball,2,13.1,England,MP Vaughan,RS Bopara,CH Gayle,0,0,,,,,,"",""
ball,2,13.2,England,MP Vaughan,RS Bopara,CH Gayle,6,0,,,,,,"",""
ball,2,13.3,England,MP Vaughan,RS Bopara,CH Gayle,0,0,,,,,,"",""
ball,2,13.4,England,MP Vaughan,RS Bopara,CH Gayle,1,0,,,,,,"",""
ball,2,13.5,England,RS Bopara,MP Vaughan,CH Gayle,1,0,,,,,,"",""
ball,2,13.6,England,MP Vaughan,RS Bopara,CH Gayle,1,0,,,,,,"",""
ball,2,14.1,England,MP Vaughan,RS Bopara,DBL Powell,4,0,,,,,,"",""
ball,2,14.2,England,MP Vaughan,RS Bopara,DBL Powell,2,0,,,,,,"",""
ball,2,14.3,England,MP Vaughan,RS Bopara,DBL Powell,0,0,,,,,,"",""
ball,2,14.4,England,MP Vaughan,RS Bopara,DBL Powell,0,0,,,,,,"",""
ball,2,14.5,England,MP Vaughan,RS Bopara,DBL Powell,1,0,,,,,,"",""
ball,2,14.6,England,RS Bopara,MP Vaughan,DBL Powell,0,0,,,,,,"",""
ball,2,15.1,England,MP Vaughan,RS Bopara,CD Collymore,1,0,,,,,,"",""
ball,2,15.2,England,RS Bopara,MP Vaughan,CD Collymore,0,0,,,,,,"",""
ball,2,15.3,England,RS Bopara,MP Vaughan,CD Collymore,0,0,,,,,,run out,RS Bopara
ball,2,15.4,England,MP Vaughan,KP Pietersen,CD Collymore,0,0,,,,,,"",""
ball,2,15.5,England,MP Vaughan,KP Pietersen,CD Collymore,0,0,,,,,,"",""
ball,2,15.6,England,MP Vaughan,KP Pietersen,CD Collymore,0,0,,,,,,"",""
ball,2,16.1,England,KP Pietersen,MP Vaughan,DBL Powell,0,0,,,,,,"",""
ball,2,16.2,England,KP Pietersen,MP Vaughan,DBL Powell,0,0,,,,,,"",""
ball,2,16.3,England,KP Pietersen,MP Vaughan,DBL Powell,4,0,,,,,,"",""
ball,2,16.4,England,KP Pietersen,MP Vaughan,DBL Powell,0,0,,,,,,"",""
ball,2,16.5,England,KP Pietersen,MP Vaughan,DBL Powell,0,0,,,,,,"",""
ball,2,16.6,England,KP Pietersen,MP Vaughan,DBL Powell,0,0,,,,,,"",""
ball,2,17.1,England,MP Vaughan,KP Pietersen,CD Collymore,1,0,,,,,,"",""
ball,2,17.2,England,KP Pietersen,MP Vaughan,CD Collymore,0,0,,,,,,"",""
ball,2,17.3,England,KP Pietersen,MP Vaughan,CD Collymore,1,0,,,,,,"",""
ball,2,17.4,England,MP Vaughan,KP Pietersen,CD Collymore,1,0,,,,,,"",""
ball,2,17.5,England,KP Pietersen,MP Vaughan,CD Collymore,0,0,,,,,,"",""
ball,2,17.6,England,KP Pietersen,MP Vaughan,CD Collymore,1,0,,,,,,"",""
ball,2,18.1,England,KP Pietersen,MP Vaughan,DBL Powell,2,0,,,,,,"",""
ball,2,18.2,England,KP Pietersen,MP Vaughan,DBL Powell,0,0,,,,,,"",""
ball,2,18.3,England,KP Pietersen,MP Vaughan,DBL Powell,1,0,,,,,,"",""
ball,2,18.4,England,MP Vaughan,KP Pietersen,DBL Powell,1,0,,,,,,"",""
ball,2,18.5,England,KP Pietersen,MP Vaughan,DBL Powell,1,0,,,,,,"",""
ball,2,18.6,England,MP Vaughan,KP Pietersen,DBL Powell,0,0,,,,,,"",""
ball,2,19.1,England,KP Pietersen,MP Vaughan,CD Collymore,0,0,,,,,,"",""
ball,2,19.2,England,KP Pietersen,MP Vaughan,CD Collymore,1,0,,,,,,"",""
ball,2,19.3,England,MP Vaughan,KP Pietersen,CD Collymore,0,0,,,,,,"",""
ball,2,19.4,England,MP Vaughan,KP Pietersen,CD Collymore,2,0,,,,,,"",""
ball,2,19.5,England,MP Vaughan,KP Pietersen,CD Collymore,1,0,,,,,,"",""
ball,2,19.6,England,KP Pietersen,MP Vaughan,CD Collymore,4,0,,,,,,"",""
ball,2,20.1,England,MP Vaughan,KP Pietersen,CH Gayle,1,0,,,,,,"",""
ball,2,20.2,England,KP Pietersen,MP Vaughan,CH Gayle,1,0,,,,,,"",""
ball,2,20.3,England,MP Vaughan,KP Pietersen,CH Gayle,1,0,,,,,,"",""
ball,2,20.4,England,KP Pietersen,MP Vaughan,CH Gayle,1,0,,,,,,"",""
ball,2,20.5,England,MP Vaughan,KP Pietersen,CH Gayle,1,0,,,,,,"",""
ball,2,20.6,England,KP Pietersen,MP Vaughan,CH Gayle,1,0,,,,,,"",""
ball,2,21.1,England,KP Pietersen,MP Vaughan,DJ Bravo,0,1,,,,1,,"",""
ball,2,21.2,England,MP Vaughan,KP Pietersen,DJ Bravo,1,0,,,,,,"",""
ball,2,21.3,England,KP Pietersen,MP Vaughan,DJ Bravo,0,0,,,,,,"",""
ball,2,21.4,England,KP Pietersen,MP Vaughan,DJ Bravo,0,0,,,,,,"",""
ball,2,21.5,England,KP Pietersen,MP Vaughan,DJ Bravo,4,0,,,,,,"",""
ball,2,21.6,England,KP Pietersen,MP Vaughan,DJ Bravo,0,0,,,,,,"",""
ball,2,22.1,England,MP Vaughan,KP Pietersen,CH Gayle,0,0,,,,,,"",""
ball,2,22.2,England,MP Vaughan,KP Pietersen,CH Gayle,1,0,,,,,,"",""
ball,2,22.3,England,KP Pietersen,MP Vaughan,CH Gayle,1,0,,,,,,"",""
ball,2,22.4,England,MP Vaughan,KP Pietersen,CH Gayle,1,0,,,,,,"",""
ball,2,22.5,England,KP Pietersen,MP Vaughan,CH Gayle,1,0,,,,,,"",""
ball,2,22.6,England,MP Vaughan,KP Pietersen,CH Gayle,1,0,,,,,,"",""
ball,2,23.1,England,MP Vaughan,KP Pietersen,DJ Bravo,1,0,,,,,,"",""
ball,2,23.2,England,KP Pietersen,MP Vaughan,DJ Bravo,0,0,,,,,,"",""
ball,2,23.3,England,KP Pietersen,MP Vaughan,DJ Bravo,0,0,,,,,,"",""
ball,2,23.4,England,KP Pietersen,MP Vaughan,DJ Bravo,1,0,,,,,,"",""
ball,2,23.5,England,MP Vaughan,KP Pietersen,DJ Bravo,1,0,,,,,,"",""
ball,2,23.6,England,KP Pietersen,MP Vaughan,DJ Bravo,2,0,,,,,,"",""
ball,2,24.1,England,MP Vaughan,KP Pietersen,CH Gayle,4,0,,,,,,"",""
ball,2,24.2,England,MP Vaughan,KP Pietersen,CH Gayle,1,0,,,,,,"",""
ball,2,24.3,England,KP Pietersen,MP Vaughan,CH Gayle,0,0,,,,,,"",""
ball,2,24.4,England,KP Pietersen,MP Vaughan,CH Gayle,1,0,,,,,,"",""
ball,2,24.5,England,MP Vaughan,KP Pietersen,CH Gayle,1,0,,,,,,"",""
ball,2,24.6,England,KP Pietersen,MP Vaughan,CH Gayle,0,0,,,,,,"",""
ball,2,25.1,England,MP Vaughan,KP Pietersen,DJ Bravo,0,0,,,,,,"",""
ball,2,25.2,England,MP Vaughan,KP Pietersen,DJ Bravo,1,0,,,,,,"",""
ball,2,25.3,England,KP Pietersen,MP Vaughan,DJ Bravo,0,0,,,,,,"",""
ball,2,25.4,England,KP Pietersen,MP Vaughan,DJ Bravo,1,0,,,,,,"",""
ball,2,25.5,England,MP Vaughan,KP Pietersen,DJ Bravo,0,0,,,,,,"",""
ball,2,25.6,England,MP Vaughan,KP Pietersen,DJ Bravo,1,0,,,,,,"",""
ball,2,26.1,England,MP Vaughan,KP Pietersen,RR Sarwan,0,0,,,,,,"",""
ball,2,26.2,England,MP Vaughan,KP Pietersen,RR Sarwan,0,0,,,,,,"",""
ball,2,26.3,England,MP Vaughan,KP Pietersen,RR Sarwan,0,0,,,,,,run out,MP Vaughan
ball,2,26.4,England,KP Pietersen,PD Collingwood,RR Sarwan,0,0,,,,,,"",""
ball,2,26.5,England,KP Pietersen,PD Collingwood,RR Sarwan,0,0,,,,,,"",""
ball,2,26.6,England,KP Pietersen,PD Collingwood,RR Sarwan,0,0,,,,,,"",""
ball,2,27.1,England,PD Collingwood,KP Pietersen,DJ Bravo,0,0,,,,,,"",""
ball,2,27.2,England,PD Collingwood,KP Pietersen,DJ Bravo,4,0,,,,,,"",""
ball,2,27.3,England,PD Collingwood,KP Pietersen,DJ Bravo,0,0,,,,,,"",""
ball,2,27.4,England,PD Collingwood,KP Pietersen,DJ Bravo,0,0,,,,,,"",""
ball,2,27.5,England,PD Collingwood,KP Pietersen,DJ Bravo,0,0,,,,,,"",""
ball,2,27.6,England,PD Collingwood,KP Pietersen,DJ Bravo,0,0,,,,,,"",""
ball,2,28.1,England,KP Pietersen,PD Collingwood,RR Sarwan,1,0,,,,,,"",""
ball,2,28.2,England,PD Collingwood,KP Pietersen,RR Sarwan,1,0,,,,,,"",""
ball,2,28.3,England,KP Pietersen,PD Collingwood,RR Sarwan,1,0,,,,,,"",""
ball,2,28.4,England,PD Collingwood,KP Pietersen,RR Sarwan,0,0,,,,,,"",""
ball,2,28.5,England,PD Collingwood,KP Pietersen,RR Sarwan,1,0,,,,,,"",""
ball,2,28.6,England,KP Pietersen,PD Collingwood,RR Sarwan,0,0,,,,,,"",""
ball,2,29.1,England,PD Collingwood,KP Pietersen,DJ Bravo,0,0,,,,,,"",""
ball,2,29.2,England,PD Collingwood,KP Pietersen,DJ Bravo,0,0,,,,,,bowled,PD Collingwood
ball,2,29.3,England,A Flintoff,KP Pietersen,DJ Bravo,0,0,,,,,,"",""
ball,2,29.4,England,A Flintoff,KP Pietersen,DJ Bravo,1,0,,,,,,"",""
ball,2,29.5,England,KP Pietersen,A Flintoff,DJ Bravo,0,0,,,,,,"",""
ball,2,29.6,England,KP Pietersen,A Flintoff,DJ Bravo,0,0,,,,,,"",""
ball,2,30.1,England,A Flintoff,KP Pietersen,RR Sarwan,4,0,,,,,,"",""
ball,2,30.2,England,A Flintoff,KP Pietersen,RR Sarwan,0,0,,,,,,"",""
ball,2,30.3,England,A Flintoff,KP Pietersen,RR Sarwan,0,0,,,,,,"",""
ball,2,30.4,England,A Flintoff,KP Pietersen,RR Sarwan,0,0,,,,,,"",""
ball,2,30.5,England,A Flintoff,KP Pietersen,RR Sarwan,1,0,,,,,,"",""
ball,2,30.6,England,KP Pietersen,A Flintoff,RR Sarwan,2,0,,,,,,"",""
ball,2,31.1,England,A Flintoff,KP Pietersen,DJ Bravo,0,0,,,,,,"",""
ball,2,31.2,England,A Flintoff,KP Pietersen,DJ Bravo,0,0,,,,,,"",""
ball,2,31.3,England,A Flintoff,KP Pietersen,DJ Bravo,4,0,,,,,,"",""
ball,2,31.4,England,A Flintoff,KP Pietersen,DJ Bravo,1,0,,,,,,"",""
ball,2,31.5,England,KP Pietersen,A Flintoff,DJ Bravo,1,0,,,,,,"",""
ball,2,31.6,England,A Flintoff,KP Pietersen,DJ Bravo,0,0,,,,,,"",""
ball,2,32.1,England,KP Pietersen,A Flintoff,RR Sarwan,0,0,,,,,,"",""
ball,2,32.2,England,KP Pietersen,A Flintoff,RR Sarwan,1,0,,,,,,"",""
ball,2,32.3,England,A Flintoff,KP Pietersen,RR Sarwan,0,0,,,,,,"",""
ball,2,32.4,England,A Flintoff,KP Pietersen,RR Sarwan,1,0,,,,,,"",""
ball,2,32.5,England,KP Pietersen,A Flintoff,RR Sarwan,1,0,,,,,,"",""
ball,2,32.6,England,A Flintoff,KP Pietersen,RR Sarwan,2,0,,,,,,"",""
ball,2,33.1,England,KP Pietersen,A Flintoff,DJ Bravo,1,0,,,,,,"",""
ball,2,33.2,England,A Flintoff,KP Pietersen,DJ Bravo,0,0,,,,,,"",""
ball,2,33.3,England,A Flintoff,KP Pietersen,DJ Bravo,0,0,,,,,,"",""
ball,2,33.4,England,A Flintoff,KP Pietersen,DJ Bravo,0,0,,,,,,"",""
ball,2,33.5,England,A Flintoff,KP Pietersen,DJ Bravo,1,0,,,,,,"",""
ball,2,33.6,England,KP Pietersen,A Flintoff,DJ Bravo,1,0,,,,,,"",""
ball,2,34.1,England,KP Pietersen,A Flintoff,RR Sarwan,1,0,,,,,,"",""
ball,2,34.2,England,A Flintoff,KP Pietersen,RR Sarwan,0,0,,,,,,caught,A Flintoff
ball,2,34.3,England,KP Pietersen,JWM Dalrymple,RR Sarwan,2,0,,,,,,"",""
ball,2,34.4,England,KP Pietersen,JWM Dalrymple,RR Sarwan,0,0,,,,,,"",""
ball,2,34.5,England,KP Pietersen,JWM Dalrymple,RR Sarwan,1,0,,,,,,"",""
ball,2,34.6,England,JWM Dalrymple,KP Pietersen,RR Sarwan,1,0,,,,,,"",""
ball,2,35.1,England,JWM Dalrymple,KP Pietersen,JE Taylor,0,0,,,,,,"",""
ball,2,35.2,England,JWM Dalrymple,KP Pietersen,JE Taylor,0,0,,,,,,"",""
ball,2,35.3,England,JWM Dalrymple,KP Pietersen,JE Taylor,0,0,,,,,,"",""
ball,2,35.4,England,JWM Dalrymple,KP Pietersen,JE Taylor,0,0,,,,,,"",""
ball,2,35.5,England,JWM Dalrymple,KP Pietersen,JE Taylor,0,0,,,,,,run out,JWM Dalrymple
ball,2,35.6,England,KP Pietersen,PA Nixon,JE Taylor,0,0,,,,,,"",""
ball,2,36.1,England,PA Nixon,KP Pietersen,DBL Powell,1,0,,,,,,"",""
ball,2,36.2,England,KP Pietersen,PA Nixon,DBL Powell,4,0,,,,,,"",""
ball,2,36.3,England,KP Pietersen,PA Nixon,DBL Powell,1,0,,,,,,"",""
ball,2,36.4,England,PA Nixon,KP Pietersen,DBL Powell,0,0,,,,,,"",""
ball,2,36.5,England,PA Nixon,KP Pietersen,DBL Powell,1,0,,,,,,"",""
ball,2,36.6,England,KP Pietersen,PA Nixon,DBL Powell,1,0,,,,,,"",""
ball,2,37.1,England,KP Pietersen,PA Nixon,JE Taylor,2,0,,,,,,"",""
ball,2,37.2,England,KP Pietersen,PA Nixon,JE Taylor,1,0,,,,,,"",""
ball,2,37.3,England,PA Nixon,KP Pietersen,JE Taylor,0,0,,,,,,"",""
ball,2,37.4,England,PA Nixon,KP Pietersen,JE Taylor,0,0,,,,,,"",""
ball,2,37.5,England,PA Nixon,KP Pietersen,JE Taylor,0,0,,,,,,"",""
ball,2,37.6,England,PA Nixon,KP Pietersen,JE Taylor,0,0,,,,,,"",""
ball,2,38.1,England,KP Pietersen,PA Nixon,DBL Powell,4,0,,,,,,"",""
ball,2,38.2,England,KP Pietersen,PA Nixon,DBL Powell,0,0,,,,,,"",""
ball,2,38.3,England,KP Pietersen,PA Nixon,DBL Powell,2,0,,,,,,"",""
ball,2,38.4,England,KP Pietersen,PA Nixon,DBL Powell,0,0,,,,,,"",""
ball,2,38.5,England,KP Pietersen,PA Nixon,DBL Powell,1,0,,,,,,"",""
ball,2,38.6,England,PA Nixon,KP Pietersen,DBL Powell,0,0,,,,,,"",""
ball,2,39.1,England,KP Pietersen,PA Nixon,JE Taylor,2,0,,,,,,"",""
ball,2,39.2,England,KP Pietersen,PA Nixon,JE Taylor,0,0,,,,,,"",""
ball,2,39.3,England,KP Pietersen,PA Nixon,JE Taylor,1,0,,,,,,"",""
ball,2,39.4,England,PA Nixon,KP Pietersen,JE Taylor,1,0,,,,,,"",""
ball,2,39.5,England,KP Pietersen,PA Nixon,JE Taylor,1,0,,,,,,"",""
ball,2,39.6,England,PA Nixon,KP Pietersen,JE Taylor,1,0,,,,,,"",""
ball,2,40.1,England,PA Nixon,KP Pietersen,DJ Bravo,2,0,,,,,,"",""
ball,2,40.2,England,PA Nixon,KP Pietersen,DJ Bravo,0,0,,,,,,"",""
ball,2,40.3,England,PA Nixon,KP Pietersen,DJ Bravo,0,0,,,,,,"",""
ball,2,40.4,England,PA Nixon,KP Pietersen,DJ Bravo,0,0,,,,,,"",""
ball,2,40.5,England,PA Nixon,KP Pietersen,DJ Bravo,1,0,,,,,,"",""
ball,2,40.6,England,KP Pietersen,PA Nixon,DJ Bravo,0,1,1,,,,,"",""
ball,2,40.7,England,KP Pietersen,PA Nixon,DJ Bravo,4,0,,,,,,"",""
ball,2,41.1,England,PA Nixon,KP Pietersen,JE Taylor,1,0,,,,,,"",""
ball,2,41.2,England,KP Pietersen,PA Nixon,JE Taylor,0,0,,,,,,"",""
ball,2,41.3,England,KP Pietersen,PA Nixon,JE Taylor,4,0,,,,,,"",""
ball,2,41.4,England,KP Pietersen,PA Nixon,JE Taylor,4,0,,,,,,"",""
ball,2,41.5,England,KP Pietersen,PA Nixon,JE Taylor,0,1,,,,1,,"",""
ball,2,41.6,England,PA Nixon,KP Pietersen,JE Taylor,0,0,,,,,,"",""
ball,2,42.1,England,KP Pietersen,PA Nixon,DJ Bravo,1,0,,,,,,"",""
ball,2,42.2,England,PA Nixon,KP Pietersen,DJ Bravo,1,0,,,,,,"",""
ball,2,42.3,England,KP Pietersen,PA Nixon,DJ Bravo,4,0,,,,,,"",""
ball,2,42.4,England,KP Pietersen,PA Nixon,DJ Bravo,1,0,,,,,,"",""
ball,2,42.5,England,PA Nixon,KP Pietersen,DJ Bravo,0,0,,,,,,"",""
ball,2,42.6,England,PA Nixon,KP Pietersen,DJ Bravo,2,0,,,,,,"",""
ball,2,43.1,England,KP Pietersen,PA Nixon,JE Taylor,2,0,,,,,,"",""
ball,2,43.2,England,KP Pietersen,PA Nixon,JE Taylor,1,0,,,,,,"",""
ball,2,43.3,England,PA Nixon,KP Pietersen,JE Taylor,1,0,,,,,,"",""
ball,2,43.4,England,KP Pietersen,PA Nixon,JE Taylor,1,0,,,,,,"",""
ball,2,43.5,England,PA Nixon,KP Pietersen,JE Taylor,1,0,,,,,,"",""
ball,2,43.6,England,KP Pietersen,PA Nixon,JE Taylor,1,0,,,,,,"",""
ball,2,44.1,England,KP Pietersen,PA Nixon,CH Gayle,1,0,,,,,,"",""
ball,2,44.2,England,PA Nixon,KP Pietersen,CH Gayle,1,0,,,,,,"",""
ball,2,44.3,England,KP Pietersen,PA Nixon,CH Gayle,0,2,,,2,,,"",""
ball,2,44.4,England,KP Pietersen,PA Nixon,CH Gayle,1,0,,,,,,"",""
ball,2,44.5,England,PA Nixon,KP Pietersen,CH Gayle,1,0,,,,,,"",""
ball,2,44.6,England,KP Pietersen,PA Nixon,CH Gayle,1,0,,,,,,"",""
ball,2,45.1,England,KP Pietersen,PA Nixon,CD Collymore,1,0,,,,,,"",""
ball,2,45.2,England,PA Nixon,KP Pietersen,CD Collymore,2,0,,,,,,"",""
ball,2,45.3,England,PA Nixon,KP Pietersen,CD Collymore,1,0,,,,,,"",""
ball,2,45.4,England,KP Pietersen,PA Nixon,CD Collymore,4,0,,,,,,"",""
ball,2,45.5,England,KP Pietersen,PA Nixon,CD Collymore,1,0,,,,,,"",""
ball,2,45.6,England,PA Nixon,KP Pietersen,CD Collymore,0,0,,,,,,"",""
ball,2,46.1,England,KP Pietersen,PA Nixon,JE Taylor,6,0,,,,,,"",""
ball,2,46.2,England,KP Pietersen,PA Nixon,JE Taylor,0,0,,,,,,bowled,KP Pietersen
ball,2,46.3,England,LE Plunkett,PA Nixon,JE Taylor,0,0,,,,,,"",""
ball,2,46.4,England,LE Plunkett,PA Nixon,JE Taylor,2,0,,,,,,"",""
ball,2,46.5,England,LE Plunkett,PA Nixon,JE Taylor,0,0,,,,,,caught,LE Plunkett
ball,2,46.6,England,PA Nixon,SCJ Broad,JE Taylor,1,0,,,,,,"",""
ball,2,47.1,England,PA Nixon,SCJ Broad,CD Collymore,4,0,,,,,,"",""
ball,2,47.2,England,PA Nixon,SCJ Broad,CD Collymore,0,0,,,,,,"",""
ball,2,47.3,England,PA Nixon,SCJ Broad,CD Collymore,4,0,,,,,,"",""
ball,2,47.4,England,PA Nixon,SCJ Broad,CD Collymore,4,0,,,,,,"",""
ball,2,47.5,England,PA Nixon,SCJ Broad,CD Collymore,0,4,,,4,,,"",""
ball,2,47.6,England,PA Nixon,SCJ Broad,CD Collymore,1,0,,,,,,"",""
ball,2,48.1,England,PA Nixon,SCJ Broad,JE Taylor,1,0,,,,,,"",""
ball,2,48.2,England,SCJ Broad,PA Nixon,JE Taylor,1,0,,,,,,"",""
ball,2,48.3,England,PA Nixon,SCJ Broad,JE Taylor,4,0,,,,,,"",""
ball,2,48.4,England,PA Nixon,SCJ Broad,JE Taylor,1,0,,,,,,"",""
ball,2,48.5,England,SCJ Broad,PA Nixon,JE Taylor,1,0,,,,,,"",""
ball,2,48.6,England,PA Nixon,SCJ Broad,JE Taylor,0,0,,,,,,"",""
ball,2,49.1,England,SCJ Broad,PA Nixon,DJ Bravo,1,0,,,,,,"",""
ball,2,49.2,England,PA Nixon,SCJ Broad,DJ Bravo,0,0,,,,,,bowled,PA Nixon
ball,2,49.3,England,JM Anderson,SCJ Broad,DJ Bravo,0,1,,,,1,,"",""
ball,2,49.4,England,SCJ Broad,JM Anderson,DJ Bravo,0,0,,,,,,"",""
ball,2,49.5,England,SCJ Broad,JM Anderson,DJ Bravo,2,0,,,,,,"",""
