version,1.6.0
info,balls_per_over,6
info,team,Australia
info,team,New Zealand
info,gender,male
info,season,2006/07
info,date,2007/04/20
info,event,ICC World Cup
info,match_number,47
info,venue,"National Cricket Stadium, St George's"
info,city,Grenada
info,neutralvenue,true
info,toss_winner,Australia
info,toss_decision,bat
info,player_of_match,ML Hayden
info,umpire,Aleem Dar
info,umpire,Asad Rauf
info,reserve_umpire,DJ Harper
info,tv_umpire,BR Doctrove
info,match_referee,MJ Procter
info,winner,Australia
info,winner_runs,215
info,player,Australia,AC Gilchrist
info,player,Australia,ML Hayden
info,player,Australia,RT Ponting
info,player,Australia,MJ Clarke
info,player,Australia,MEK Hussey
info,player,Australia,A Symonds
info,player,Australia,SR Watson
info,player,Australia,GB Hogg
info,player,Australia,NW Bracken
info,player,Australia,SW Tait
info,player,Australia,GD McGrath
info,player,New Zealand,PG Fulton
info,player,New Zealand,SP Fleming
info,player,New Zealand,LRPL Taylor
info,player,New Zealand,SB Styris
info,player,New Zealand,CD McMillan
info,player,New Zealand,JEC Franklin
info,player,New Zealand,BB McCullum
info,player,New Zealand,DL Vettori
info,player,New Zealand,MR Gillespie
info,player,New Zealand,MJ Mason
info,player,New Zealand,JS Patel
info,registry,people,A Symonds,bd77eb62
info,registry,people,AC Gilchrist,2b6e6dec
info,registry,people,Aleem Dar,f02778d1
info,registry,people,Asad Rauf,861606b7
info,registry,people,BB McCullum,b8a55852
info,registry,people,BR Doctrove,cbebf805
info,registry,people,CD McMillan,f5390243
info,registry,people,DJ Harper,0ec08b27
info,registry,people,DL Vettori,d7c6af50
info,registry,people,GB Hogg,f708a0bc
info,registry,people,GD McGrath,ee7d0c82
info,registry,people,JEC Franklin,cf73ad76
info,registry,people,JS Patel,f5821615
info,registry,people,LRPL Taylor,b61a3e1a
info,registry,people,MEK Hussey,48fd7349
info,registry,people,MJ Clarke,f842c2cf
info,registry,people,MJ Mason,aab3e7be
info,registry,people,MJ Procter,32e65048
info,registry,people,ML Hayden,d8699ab7
info,registry,people,MR Gillespie,7d7ab238
info,registry,people,NW Bracken,4c61a0f9
info,registry,people,PG Fulton,10a2a1ff
info,registry,people,RT Ponting,7d415ea5
info,registry,people,SB Styris,57efa3be
info,registry,people,SP Fleming,eea6b7f1
info,registry,people,SR Watson,4329fbb5
info,registry,people,SW Tait,addfb70e
ball,1,0.1,Australia,AC Gilchrist,ML Hayden,MJ Mason,1,0,,,,,,"",""
ball,1,0.2,Australia,ML Hayden,AC Gilchrist,MJ Mason,2,0,,,,,,"",""
ball,1,0.3,Australia,ML Hayden,AC Gilchrist,MJ Mason,0,0,,,,,,"",""
ball,1,0.4,Australia,ML Hayden,AC Gilchrist,MJ Mason,0,0,,,,,,"",""
ball,1,0.5,Australia,ML Hayden,AC Gilchrist,MJ Mason,0,0,,,,,,"",""
ball,1,0.6,Australia,ML Hayden,AC Gilchrist,MJ Mason,4,0,,,,,,"",""
ball,1,1.1,Australia,AC Gilchrist,ML Hayden,JEC Franklin,0,0,,,,,,caught,AC Gilchrist
ball,1,1.2,Australia,RT Ponting,ML Hayden,JEC Franklin,4,0,,,,,,"",""
ball,1,1.3,Australia,RT Ponting,ML Hayden,JEC Franklin,0,0,,,,,,"",""
ball,1,1.4,Australia,RT Ponting,ML Hayden,JEC Franklin,0,0,,,,,,"",""
ball,1,1.5,Australia,RT Ponting,ML Hayden,JEC Franklin,0,0,,,,,,"",""
ball,1,1.6,Australia,RT Ponting,ML Hayden,JEC Franklin,0,0,,,,,,"",""
ball,1,2.1,Australia,ML Hayden,RT Ponting,MJ Mason,0,0,,,,,,"",""
ball,1,2.2,Australia,ML Hayden,RT Ponting,MJ Mason,1,0,,,,,,"",""
ball,1,2.3,Australia,RT Ponting,ML Hayden,MJ Mason,4,0,,,,,,"",""
ball,1,2.4,Australia,RT Ponting,ML Hayden,MJ Mason,0,0,,,,,,"",""
ball,1,2.5,Australia,RT Ponting,ML Hayden,MJ Mason,0,0,,,,,,"",""
ball,1,2.6,Australia,RT Ponting,ML Hayden,MJ Mason,1,0,,,,,,"",""
ball,1,3.1,Australia,RT Ponting,ML Hayden,JEC Franklin,1,0,,,,,,"",""
ball,1,3.2,Australia,ML Hayden,RT Ponting,JEC Franklin,0,1,,1,,,,"",""
ball,1,3.3,Australia,ML Hayden,RT Ponting,JEC Franklin,0,0,,,,,,"",""
ball,1,3.4,Australia,ML Hayden,RT Ponting,JEC Franklin,0,1,,1,,,,"",""
ball,1,3.5,Australia,ML Hayden,RT Ponting,JEC Franklin,4,0,,,,,,"",""
ball,1,3.6,Australia,ML Hayden,RT Ponting,JEC Franklin,4,0,,,,,,"",""
ball,1,3.7,Australia,ML Hayden,RT Ponting,JEC Franklin,0,0,,,,,,"",""
ball,1,3.8,Australia,ML Hayden,RT Ponting,JEC Franklin,0,0,,,,,,"",""
ball,1,4.1,Australia,RT Ponting,ML Hayden,JS Patel,0,0,,,,,,"",""
ball,1,4.2,Australia,RT Ponting,ML Hayden,JS Patel,0,0,,,,,,"",""
ball,1,4.3,Australia,RT Ponting,ML Hayden,JS Patel,0,0,,,,,,"",""
ball,1,4.4,Australia,RT Ponting,ML Hayden,JS Patel,4,0,,,,,,"",""
ball,1,4.5,Australia,RT Ponting,ML Hayden,JS Patel,0,0,,,,,,"",""
ball,1,4.6,Australia,RT Ponting,ML Hayden,JS Patel,0,0,,,,,,"",""
ball,1,5.1,Australia,ML Hayden,RT Ponting,JEC Franklin,0,0,,,,,,"",""
ball,1,5.2,Australia,ML Hayden,RT Ponting,JEC Franklin,0,0,,,,,,"",""
ball,1,5.3,Australia,ML Hayden,RT Ponting,JEC Franklin,4,0,,,,,,"",""
ball,1,5.4,Australia,ML Hayden,RT Ponting,JEC Franklin,1,0,,,,,,"",""
ball,1,5.5,Australia,RT Ponting,ML Hayden,JEC Franklin,0,0,,,,,,"",""
ball,1,5.6,Australia,RT Ponting,ML Hayden,JEC Franklin,0,0,,,,,,"",""
ball,1,6.1,Australia,ML Hayden,RT Ponting,JS Patel,0,0,,,,,,"",""
ball,1,6.2,Australia,ML Hayden,RT Ponting,JS Patel,0,0,,,,,,"",""
ball,1,6.3,Australia,ML Hayden,RT Ponting,JS Patel,1,0,,,,,,"",""
ball,1,6.4,Australia,RT Ponting,ML Hayden,JS Patel,2,0,,,,,,"",""
ball,1,6.5,Australia,RT Ponting,ML Hayden,JS Patel,4,0,,,,,,"",""
ball,1,6.6,Australia,RT Ponting,ML Hayden,JS Patel,0,0,,,,,,"",""
ball,1,7.1,Australia,ML Hayden,RT Ponting,JEC Franklin,0,0,,,,,,"",""
ball,1,7.2,Australia,ML Hayden,RT Ponting,JEC Franklin,2,0,,,,,,"",""
ball,1,7.3,Australia,ML Hayden,RT Ponting,JEC Franklin,4,0,,,,,,"",""
ball,1,7.4,Australia,ML Hayden,RT Ponting,JEC Franklin,1,1,,1,,,,"",""
ball,1,7.5,Australia,RT Ponting,ML Hayden,JEC Franklin,4,1,,1,,,,"",""
ball,1,7.6,Australia,RT Ponting,ML Hayden,JEC Franklin,0,0,,,,,,"",""
ball,1,7.7,Australia,RT Ponting,ML Hayden,JEC Franklin,4,1,,1,,,,"",""
ball,1,7.8,Australia,RT Ponting,ML Hayden,JEC Franklin,0,0,,,,,,"",""
ball,1,7.9,Australia,RT Ponting,ML Hayden,JEC Franklin,0,0,,,,,,"",""
ball,1,8.1,Australia,ML Hayden,RT Ponting,MJ Mason,0,1,1,,,,,"",""
ball,1,8.2,Australia,ML Hayden,RT Ponting,MJ Mason,0,0,,,,,,"",""
ball,1,8.3,Australia,ML Hayden,RT Ponting,MJ Mason,1,0,,,,,,"",""
ball,1,8.4,Australia,RT Ponting,ML Hayden,MJ Mason,1,1,,1,,,,"",""
ball,1,8.5,Australia,ML Hayden,RT Ponting,MJ Mason,1,0,,,,,,"",""
ball,1,8.6,Australia,RT Ponting,ML Hayden,MJ Mason,1,0,,,,,,"",""
ball,1,8.7,Australia,ML Hayden,RT Ponting,MJ Mason,2,0,,,,,,"",""
ball,1,8.8,Australia,ML Hayden,RT Ponting,MJ Mason,6,0,,,,,,"",""
ball,1,9.1,Australia,RT Ponting,ML Hayden,DL Vettori,1,0,,,,,,"",""
ball,1,9.2,Australia,ML Hayden,RT Ponting,DL Vettori,0,0,,,,,,"",""
ball,1,9.3,Australia,ML Hayden,RT Ponting,DL Vettori,0,0,,,,,,"",""
ball,1,9.4,Australia,ML Hayden,RT Ponting,DL Vettori,0,0,,,,,,"",""
ball,1,9.5,Australia,ML Hayden,RT Ponting,DL Vettori,0,0,,,,,,"",""
ball,1,9.6,Australia,ML Hayden,RT Ponting,DL Vettori,0,0,,,,,,"",""
ball,1,10.1,Australia,RT Ponting,ML Hayden,SB Styris,0,0,,,,,,"",""
ball,1,10.2,Australia,RT Ponting,ML Hayden,SB Styris,1,0,,,,,,"",""
ball,1,10.3,Australia,ML Hayden,RT Ponting,SB Styris,0,0,,,,,,"",""
ball,1,10.4,Australia,ML Hayden,RT Ponting,SB Styris,0,0,,,,,,"",""
ball,1,10.5,Australia,ML Hayden,RT Ponting,SB Styris,0,0,,,,,,"",""
ball,1,10.6,Australia,ML Hayden,RT Ponting,SB Styris,0,0,,,,,,"",""
ball,1,11.1,Australia,RT Ponting,ML Hayden,DL Vettori,1,0,,,,,,"",""
ball,1,11.2,Australia,ML Hayden,RT Ponting,DL Vettori,1,0,,,,,,"",""
ball,1,11.3,Australia,RT Ponting,ML Hayden,DL Vettori,0,0,,,,,,"",""
ball,1,11.4,Australia,RT Ponting,ML Hayden,DL Vettori,0,0,,,,,,"",""
ball,1,11.5,Australia,RT Ponting,ML Hayden,DL Vettori,1,0,,,,,,"",""
ball,1,11.6,Australia,ML Hayden,RT Ponting,DL Vettori,1,0,,,,,,"",""
ball,1,12.1,Australia,ML Hayden,RT Ponting,SB Styris,1,0,,,,,,"",""
ball,1,12.2,Australia,RT Ponting,ML Hayden,SB Styris,0,0,,,,,,"",""
ball,1,12.3,Australia,RT Ponting,ML Hayden,SB Styris,1,0,,,,,,"",""
ball,1,12.4,Australia,ML Hayden,RT Ponting,SB Styris,1,0,,,,,,"",""
ball,1,12.5,Australia,RT Ponting,ML Hayden,SB Styris,1,0,,,,,,"",""
ball,1,12.6,Australia,ML Hayden,RT Ponting,SB Styris,0,0,,,,,,"",""
ball,1,13.1,Australia,RT Ponting,ML Hayden,DL Vettori,1,0,,,,,,"",""
ball,1,13.2,Australia,ML Hayden,RT Ponting,DL Vettori,1,0,,,,,,"",""
ball,1,13.3,Australia,RT Ponting,ML Hayden,DL Vettori,1,0,,,,,,"",""
ball,1,13.4,Australia,ML Hayden,RT Ponting,DL Vettori,0,0,,,,,,"",""
ball,1,13.5,Australia,ML Hayden,RT Ponting,DL Vettori,1,0,,,,,,"",""
ball,1,13.6,Australia,RT Ponting,ML Hayden,DL Vettori,1,0,,,,,,"",""
ball,1,14.1,Australia,RT Ponting,ML Hayden,SB Styris,2,0,,,,,,"",""
ball,1,14.2,Australia,RT Ponting,ML Hayden,SB Styris,0,0,,,,,,"",""
ball,1,14.3,Australia,RT Ponting,ML Hayden,SB Styris,4,0,,,,,,"",""
ball,1,14.4,Australia,RT Ponting,ML Hayden,SB Styris,0,0,,,,,,"",""
ball,1,14.5,Australia,RT Ponting,ML Hayden,SB Styris,1,0,,,,,,"",""
ball,1,14.6,Australia,ML Hayden,RT Ponting,SB Styris,1,0,,,,,,"",""
ball,1,15.1,Australia,ML Hayden,RT Ponting,DL Vettori,1,0,,,,,,"",""
ball,1,15.2,Australia,RT Ponting,ML Hayden,DL Vettori,1,0,,,,,,"",""
ball,1,15.3,Australia,ML Hayden,RT Ponting,DL Vettori,1,0,,,,,,"",""
ball,1,15.4,Australia,RT Ponting,ML Hayden,DL Vettori,0,0,,,,,,"",""
ball,1,15.5,Australia,RT Ponting,ML Hayden,DL Vettori,0,0,,,,,,"",""
ball,1,15.6,Australia,RT Ponting,ML Hayden,DL Vettori,0,0,,,,,,"",""
ball,1,16.1,Australia,ML Hayden,RT Ponting,SB Styris,1,0,,,,,,"",""
ball,1,16.2,Australia,RT Ponting,ML Hayden,SB Styris,1,0,,,,,,"",""
ball,1,16.3,Australia,ML Hayden,RT Ponting,SB Styris,1,0,,,,,,"",""
ball,1,16.4,Australia,RT Ponting,ML Hayden,SB Styris,0,2,2,,,,,"",""
ball,1,16.5,Australia,ML Hayden,RT Ponting,SB Styris,1,0,,,,,,"",""
ball,1,16.6,Australia,RT Ponting,ML Hayden,SB Styris,1,0,,,,,,"",""
ball,1,16.7,Australia,ML Hayden,RT Ponting,SB Styris,0,0,,,,,,"",""
ball,1,17.1,Australia,RT Ponting,ML Hayden,MR Gillespie,1,0,,,,,,"",""
ball,1,17.2,Australia,ML Hayden,RT Ponting,MR Gillespie,0,0,,,,,,"",""
ball,1,17.3,Australia,ML Hayden,RT Ponting,MR Gillespie,4,0,,,,,,"",""
ball,1,17.4,Australia,ML Hayden,RT Ponting,MR Gillespie,0,0,,,,,,"",""
ball,1,17.5,Australia,ML Hayden,RT Ponting,MR Gillespie,0,0,,,,,,"",""
ball,1,17.6,Australia,ML Hayden,RT Ponting,MR Gillespie,1,0,,,,,,"",""
ball,1,18.1,Australia,ML Hayden,RT Ponting,JS Patel,1,0,,,,,,"",""
ball,1,18.2,Australia,RT Ponting,ML Hayden,JS Patel,1,0,,,,,,"",""
ball,1,18.3,Australia,ML Hayden,RT Ponting,JS Patel,1,0,,,,,,"",""
ball,1,18.4,Australia,RT Ponting,ML Hayden,JS Patel,0,0,,,,,,"",""
ball,1,18.5,Australia,RT Ponting,ML Hayden,JS Patel,1,0,,,,,,"",""
ball,1,18.6,Australia,ML Hayden,RT Ponting,JS Patel,0,0,,,,,,"",""
ball,1,19.1,Australia,RT Ponting,ML Hayden,MR Gillespie,2,0,,,,,,"",""
ball,1,19.2,Australia,RT Ponting,ML Hayden,MR Gillespie,1,0,,,,,,"",""
ball,1,19.3,Australia,ML Hayden,RT Ponting,MR Gillespie,1,0,,,,,,"",""
ball,1,19.4,Australia,RT Ponting,ML Hayden,MR Gillespie,2,0,,,,,,"",""
ball,1,19.5,Australia,RT Ponting,ML Hayden,MR Gillespie,1,0,,,,,,"",""
ball,1,19.6,Australia,ML Hayden,RT Ponting,MR Gillespie,1,0,,,,,,"",""
ball,1,20.1,Australia,ML Hayden,RT Ponting,JS Patel,1,0,,,,,,"",""
ball,1,20.2,Australia,RT Ponting,ML Hayden,JS Patel,2,0,,,,,,"",""
ball,1,20.3,Australia,RT Ponting,ML Hayden,JS Patel,1,0,,,,,,"",""
ball,1,20.4,Australia,ML Hayden,RT Ponting,JS Patel,1,0,,,,,,"",""
ball,1,20.5,Australia,RT Ponting,ML Hayden,JS Patel,1,0,,,,,,"",""
ball,1,20.6,Australia,ML Hayden,RT Ponting,JS Patel,2,0,,,,,,"",""
ball,1,21.1,Australia,RT Ponting,ML Hayden,CD McMillan,1,0,,,,,,"",""
ball,1,21.2,Australia,ML Hayden,RT Ponting,CD McMillan,1,0,,,,,,"",""
ball,1,21.3,Australia,RT Ponting,ML Hayden,CD McMillan,0,0,,,,,,"",""
ball,1,21.4,Australia,RT Ponting,ML Hayden,CD McMillan,0,0,,,,,,"",""
ball,1,21.5,Australia,RT Ponting,ML Hayden,CD McMillan,2,0,,,,,,"",""
ball,1,21.6,Australia,RT Ponting,ML Hayden,CD McMillan,0,0,,,,,,"",""
ball,1,22.1,Australia,ML Hayden,RT Ponting,JS Patel,0,0,,,,,,"",""
ball,1,22.2,Australia,ML Hayden,RT Ponting,JS Patel,2,0,,,,,,"",""
ball,1,22.3,Australia,ML Hayden,RT Ponting,JS Patel,1,0,,,,,,"",""
ball,1,22.4,Australia,RT Ponting,ML Hayden,JS Patel,1,0,,,,,,"",""
ball,1,22.5,Australia,ML Hayden,RT Ponting,JS Patel,1,0,,,,,,"",""
ball,1,22.6,Australia,RT Ponting,ML Hayden,JS Patel,0,0,,,,,,caught,RT Ponting
ball,1,23.1,Australia,ML Hayden,MJ Clarke,MR Gillespie,0,0,,,,,,"",""
ball,1,23.2,Australia,ML Hayden,MJ Clarke,MR Gillespie,1,0,,,,,,"",""
ball,1,23.3,Australia,MJ Clarke,ML Hayden,MR Gillespie,1,0,,,,,,"",""
ball,1,23.4,Australia,ML Hayden,MJ Clarke,MR Gillespie,4,0,,,,,,"",""
ball,1,23.5,Australia,ML Hayden,MJ Clarke,MR Gillespie,1,0,,,,,,"",""
ball,1,23.6,Australia,MJ Clarke,ML Hayden,MR Gillespie,1,0,,,,,,"",""
ball,1,24.1,Australia,MJ Clarke,ML Hayden,JS Patel,1,0,,,,,,"",""
ball,1,24.2,Australia,ML Hayden,MJ Clarke,JS Patel,1,0,,,,,,"",""
ball,1,24.3,Australia,MJ Clarke,ML Hayden,JS Patel,0,0,,,,,,"",""
ball,1,24.4,Australia,MJ Clarke,ML Hayden,JS Patel,1,0,,,,,,"",""
ball,1,24.5,Australia,ML Hayden,MJ Clarke,JS Patel,0,0,,,,,,"",""
ball,1,24.6,Australia,ML Hayden,MJ Clarke,JS Patel,0,0,,,,,,"",""
ball,1,25.1,Australia,MJ Clarke,ML Hayden,MR Gillespie,0,0,,,,,,"",""
ball,1,25.2,Australia,MJ Clarke,ML Hayden,MR Gillespie,4,0,,,,,,"",""
ball,1,25.3,Australia,MJ Clarke,ML Hayden,MR Gillespie,4,0,,,,,,"",""
ball,1,25.4,Australia,MJ Clarke,ML Hayden,MR Gillespie,4,0,,,,,,"",""
ball,1,25.5,Australia,MJ Clarke,ML Hayden,MR Gillespie,0,0,,,,,,"",""
ball,1,25.6,Australia,MJ Clarke,ML Hayden,MR Gillespie,2,0,,,,,,"",""
ball,1,26.1,Australia,ML Hayden,MJ Clarke,JS Patel,1,0,,,,,,"",""
ball,1,26.2,Australia,MJ Clarke,ML Hayden,JS Patel,1,0,,,,,,"",""
ball,1,26.3,Australia,ML Hayden,MJ Clarke,JS Patel,1,0,,,,,,"",""
ball,1,26.4,Australia,MJ Clarke,ML Hayden,JS Patel,0,0,,,,,,"",""
ball,1,26.5,Australia,MJ Clarke,ML Hayden,JS Patel,0,0,,,,,,"",""
ball,1,26.6,Australia,MJ Clarke,ML Hayden,JS Patel,1,0,,,,,,"",""
ball,1,27.1,Australia,MJ Clarke,ML Hayden,DL Vettori,1,0,,,,,,"",""
ball,1,27.2,Australia,ML Hayden,MJ Clarke,DL Vettori,0,0,,,,,,"",""
ball,1,27.3,Australia,ML Hayden,MJ Clarke,DL Vettori,0,0,,,,,,"",""
ball,1,27.4,Australia,ML Hayden,MJ Clarke,DL Vettori,4,0,,,,,,"",""
ball,1,27.5,Australia,ML Hayden,MJ Clarke,DL Vettori,4,0,,,,,,"",""
ball,1,27.6,Australia,ML Hayden,MJ Clarke,DL Vettori,4,0,,,,,,"",""
ball,1,28.1,Australia,MJ Clarke,ML Hayden,SB Styris,1,0,,,,,,"",""
ball,1,28.2,Australia,ML Hayden,MJ Clarke,SB Styris,1,0,,,,,,"",""
ball,1,28.3,Australia,MJ Clarke,ML Hayden,SB Styris,1,0,,,,,,"",""
ball,1,28.4,Australia,ML Hayden,MJ Clarke,SB Styris,0,0,,,,,,"",""
ball,1,28.5,Australia,ML Hayden,MJ Clarke,SB Styris,6,0,,,,,,"",""
ball,1,28.6,Australia,ML Hayden,MJ Clarke,SB Styris,1,0,,,,,,"",""
ball,1,29.1,Australia,ML Hayden,MJ Clarke,DL Vettori,0,0,,,,,,"",""
ball,1,29.2,Australia,ML Hayden,MJ Clarke,DL Vettori,1,0,,,,,,"",""
ball,1,29.3,Australia,MJ Clarke,ML Hayden,DL Vettori,1,0,,,,,,"",""
ball,1,29.4,Australia,ML Hayden,MJ Clarke,DL Vettori,0,0,,,,,,"",""
ball,1,29.5,Australia,ML Hayden,MJ Clarke,DL Vettori,1,1,,1,,,,"",""
ball,1,29.6,Australia,MJ Clarke,ML Hayden,DL Vettori,0,0,,,,,,"",""
ball,1,29.7,Australia,MJ Clarke,ML Hayden,DL Vettori,4,1,,1,,,,"",""
ball,1,29.8,Australia,MJ Clarke,ML Hayden,DL Vettori,1,0,,,,,,"",""
ball,1,30.1,Australia,MJ Clarke,ML Hayden,SB Styris,0,0,,,,,,"",""
ball,1,30.2,Australia,MJ Clarke,ML Hayden,SB Styris,1,0,,,,,,"",""
ball,1,30.3,Australia,ML Hayden,MJ Clarke,SB Styris,0,0,,,,,,"",""
ball,1,30.4,Australia,ML Hayden,MJ Clarke,SB Styris,1,0,,,,,,"",""
ball,1,30.5,Australia,MJ Clarke,ML Hayden,SB Styris,0,0,,,,,,"",""
ball,1,30.6,Australia,MJ Clarke,ML Hayden,SB Styris,0,0,,,,,,"",""
ball,1,31.1,Australia,ML Hayden,MJ Clarke,DL Vettori,1,0,,,,,,"",""
ball,1,31.2,Australia,MJ Clarke,ML Hayden,DL Vettori,1,0,,,,,,"",""
ball,1,31.3,Australia,ML Hayden,MJ Clarke,DL Vettori,1,0,,,,,,"",""
ball,1,31.4,Australia,MJ Clarke,ML Hayden,DL Vettori,1,0,,,,,,"",""
ball,1,31.5,Australia,ML Hayden,MJ Clarke,DL Vettori,1,0,,,,,,"",""
ball,1,31.6,Australia,MJ Clarke,ML Hayden,DL Vettori,1,0,,,,,,"",""
ball,1,32.1,Australia,MJ Clarke,ML Hayden,SB Styris,0,1,1,,,,,"",""
ball,1,32.2,Australia,MJ Clarke,ML Hayden,SB Styris,0,0,,,,,,"",""
ball,1,32.3,Australia,MJ Clarke,ML Hayden,SB Styris,0,0,,,,,,"",""
ball,1,32.4,Australia,MJ Clarke,ML Hayden,SB Styris,1,0,,,,,,"",""
ball,1,32.5,Australia,ML Hayden,MJ Clarke,SB Styris,0,0,,,,,,caught and bowled,ML Hayden
ball,1,32.6,Australia,MJ Clarke,MEK Hussey,SB Styris,1,0,,,,,,"",""
ball,1,32.7,Australia,MEK Hussey,MJ Clarke,SB Styris,0,0,,,,,,"",""
ball,1,33.1,Australia,MJ Clarke,MEK Hussey,JEC Franklin,0,0,,,,,,"",""
ball,1,33.2,Australia,MJ Clarke,MEK Hussey,JEC Franklin,0,0,,,,,,"",""
ball,1,33.3,Australia,MJ Clarke,MEK Hussey,JEC Franklin,0,0,,,,,,"",""
ball,1,33.4,Australia,MJ Clarke,MEK Hussey,JEC Franklin,0,0,,,,,,"",""
ball,1,33.5,Australia,MJ Clarke,MEK Hussey,JEC Franklin,1,0,,,,,,"",""
ball,1,33.6,Australia,MEK Hussey,MJ Clarke,JEC Franklin,2,0,,,,,,"",""
ball,1,34.1,Australia,MJ Clarke,MEK Hussey,SB Styris,0,0,,,,,,"",""
ball,1,34.2,Australia,MJ Clarke,MEK Hussey,SB Styris,0,0,,,,,,"",""
ball,1,34.3,Australia,MJ Clarke,MEK Hussey,SB Styris,4,0,,,,,,"",""
ball,1,34.4,Australia,MJ Clarke,MEK Hussey,SB Styris,0,0,,,,,,"",""
ball,1,34.5,Australia,MJ Clarke,MEK Hussey,SB Styris,1,0,,,,,,"",""
ball,1,34.6,Australia,MEK Hussey,MJ Clarke,SB Styris,0,0,,,,,,"",""
ball,1,35.1,Australia,MJ Clarke,MEK Hussey,JEC Franklin,4,0,,,,,,"",""
ball,1,35.2,Australia,MJ Clarke,MEK Hussey,JEC Franklin,4,0,,,,,,"",""
ball,1,35.3,Australia,MJ Clarke,MEK Hussey,JEC Franklin,0,0,,,,,,bowled,MJ Clarke
ball,1,35.4,Australia,A Symonds,MEK Hussey,JEC Franklin,0,0,,,,,,"",""
ball,1,35.5,Australia,A Symonds,MEK Hussey,JEC Franklin,0,1,1,,,,,"",""
ball,1,35.6,Australia,A Symonds,MEK Hussey,JEC Franklin,0,0,,,,,,"",""
ball,1,35.7,Australia,A Symonds,MEK Hussey,JEC Franklin,4,0,,,,,,"",""
ball,1,36.1,Australia,MEK Hussey,A Symonds,SB Styris,1,0,,,,,,"",""
ball,1,36.2,Australia,A Symonds,MEK Hussey,SB Styris,0,0,,,,,,"",""
ball,1,36.3,Australia,A Symonds,MEK Hussey,SB Styris,1,0,,,,,,"",""
ball,1,36.4,Australia,MEK Hussey,A Symonds,SB Styris,0,0,,,,,,"",""
ball,1,36.5,Australia,MEK Hussey,A Symonds,SB Styris,4,0,,,,,,"",""
ball,1,36.6,Australia,MEK Hussey,A Symonds,SB Styris,0,0,,,,,,"",""
ball,1,37.1,Australia,A Symonds,MEK Hussey,JEC Franklin,0,0,,,,,,"",""
ball,1,37.2,Australia,A Symonds,MEK Hussey,JEC Franklin,1,0,,,,,,"",""
ball,1,37.3,Australia,MEK Hussey,A Symonds,JEC Franklin,1,0,,,,,,"",""
ball,1,37.4,Australia,A Symonds,MEK Hussey,JEC Franklin,1,0,,,,,,"",""
ball,1,37.5,Australia,MEK Hussey,A Symonds,JEC Franklin,0,0,,,,,,"",""
ball,1,37.6,Australia,MEK Hussey,A Symonds,JEC Franklin,0,0,,,,,,"",""
ball,1,38.1,Australia,A Symonds,MEK Hussey,SB Styris,1,0,,,,,,"",""
ball,1,38.2,Australia,MEK Hussey,A Symonds,SB Styris,1,0,,,,,,"",""
ball,1,38.3,Australia,A Symonds,MEK Hussey,SB Styris,0,0,,,,,,"",""
ball,1,38.4,Australia,A Symonds,MEK Hussey,SB Styris,1,0,,,,,,"",""
ball,1,38.5,Australia,MEK Hussey,A Symonds,SB Styris,1,0,,,,,,"",""
ball,1,38.6,Australia,A Symonds,MEK Hussey,SB Styris,0,0,,,,,,"",""
ball,1,39.1,Australia,MEK Hussey,A Symonds,DL Vettori,1,0,,,,,,"",""
ball,1,39.2,Australia,A Symonds,MEK Hussey,DL Vettori,0,0,,,,,,"",""
ball,1,39.3,Australia,A Symonds,MEK Hussey,DL Vettori,1,0,,,,,,"",""
ball,1,39.4,Australia,MEK Hussey,A Symonds,DL Vettori,1,0,,,,,,"",""
ball,1,39.5,Australia,A Symonds,MEK Hussey,DL Vettori,1,0,,,,,,"",""
ball,1,39.6,Australia,MEK Hussey,A Symonds,DL Vettori,2,0,,,,,,"",""
ball,1,40.1,Australia,A Symonds,MEK Hussey,JS Patel,0,0,,,,,,caught,A Symonds
ball,1,40.2,Australia,MEK Hussey,SR Watson,JS Patel,2,0,,,,,,"",""
ball,1,40.3,Australia,MEK Hussey,SR Watson,JS Patel,1,0,,,,,,"",""
ball,1,40.4,Australia,SR Watson,MEK Hussey,JS Patel,0,0,,,,,,"",""
ball,1,40.5,Australia,SR Watson,MEK Hussey,JS Patel,1,0,,,,,,"",""
ball,1,40.6,Australia,MEK Hussey,SR Watson,JS Patel,0,0,,,,,,"",""
ball,1,41.1,Australia,SR Watson,MEK Hussey,DL Vettori,1,0,,,,,,"",""
ball,1,41.2,Australia,MEK Hussey,SR Watson,DL Vettori,1,0,,,,,,"",""
ball,1,41.3,Australia,SR Watson,MEK Hussey,DL Vettori,1,0,,,,,,"",""
ball,1,41.4,Australia,MEK Hussey,SR Watson,DL Vettori,2,0,,,,,,"",""
ball,1,41.5,Australia,MEK Hussey,SR Watson,DL Vettori,1,0,,,,,,"",""
ball,1,41.6,Australia,SR Watson,MEK Hussey,DL Vettori,1,0,,,,,,"",""
ball,1,42.1,Australia,SR Watson,MEK Hussey,JS Patel,1,0,,,,,,"",""
ball,1,42.2,Australia,MEK Hussey,SR Watson,JS Patel,0,0,,,,,,"",""
ball,1,42.3,Australia,MEK Hussey,SR Watson,JS Patel,0,0,,,,,,"",""
ball,1,42.4,Australia,MEK Hussey,SR Watson,JS Patel,1,0,,,,,,"",""
ball,1,42.5,Australia,SR Watson,MEK Hussey,JS Patel,0,0,,,,,,"",""
ball,1,42.6,Australia,SR Watson,MEK Hussey,JS Patel,0,0,,,,,,"",""
ball,1,43.1,Australia,MEK Hussey,SR Watson,DL Vettori,1,0,,,,,,"",""
ball,1,43.2,Australia,SR Watson,MEK Hussey,DL Vettori,2,0,,,,,,"",""
ball,1,43.3,Australia,SR Watson,MEK Hussey,DL Vettori,1,0,,,,,,"",""
ball,1,43.4,Australia,MEK Hussey,SR Watson,DL Vettori,0,0,,,,,,"",""
ball,1,43.5,Australia,MEK Hussey,SR Watson,DL Vettori,0,0,,,,,,"",""
ball,1,43.6,Australia,MEK Hussey,SR Watson,DL Vettori,1,0,,,,,,"",""
ball,1,44.1,Australia,MEK Hussey,SR Watson,JS Patel,1,0,,,,,,"",""
ball,1,44.2,Australia,SR Watson,MEK Hussey,JS Patel,1,0,,,,,,"",""
ball,1,44.3,Australia,MEK Hussey,SR Watson,JS Patel,1,0,,,,,,"",""
ball,1,44.4,Australia,SR Watson,MEK Hussey,JS Patel,1,0,,,,,,"",""
ball,1,44.5,Australia,MEK Hussey,SR Watson,JS Patel,0,0,,,,,,"",""
ball,1,44.6,Australia,MEK Hussey,SR Watson,JS Patel,1,1,,1,,,,"",""
ball,1,44.7,Australia,SR Watson,MEK Hussey,JS Patel,1,0,,,,,,"",""
ball,1,45.1,Australia,SR Watson,MEK Hussey,MR Gillespie,4,0,,,,,,"",""
ball,1,45.2,Australia,SR Watson,MEK Hussey,MR Gillespie,1,0,,,,,,"",""
ball,1,45.3,Australia,MEK Hussey,SR Watson,MR Gillespie,0,0,,,,,,"",""
ball,1,45.4,Australia,MEK Hussey,SR Watson,MR Gillespie,1,0,,,,,,"",""
ball,1,45.5,Australia,SR Watson,MEK Hussey,MR Gillespie,1,0,,,,,,"",""
ball,1,45.6,Australia,MEK Hussey,SR Watson,MR Gillespie,1,0,,,,,,"",""
ball,1,46.1,Australia,MEK Hussey,SR Watson,CD McMillan,4,0,,,,,,"",""
ball,1,46.2,Australia,MEK Hussey,SR Watson,CD McMillan,0,0,,,,,,"",""
ball,1,46.3,Australia,MEK Hussey,SR Watson,CD McMillan,1,0,,,,,,"",""
ball,1,46.4,Australia,SR Watson,MEK Hussey,CD McMillan,0,0,,,,,,"",""
ball,1,46.5,Australia,SR Watson,MEK Hussey,CD McMillan,1,0,,,,,,"",""
ball,1,46.6,Australia,MEK Hussey,SR Watson,CD McMillan,1,0,,,,,,"",""
ball,1,47.1,Australia,MEK Hussey,SR Watson,MR Gillespie,0,1,,1,,,,"",""
ball,1,47.2,Australia,MEK Hussey,SR Watson,MR Gillespie,0,1,,,,1,,"",""
ball,1,47.3,Australia,SR Watson,MEK Hussey,MR Gillespie,6,0,,,,,,"",""
ball,1,47.4,Australia,SR Watson,MEK Hussey,MR Gillespie,2,0,,,,,,"",""
ball,1,47.5,Australia,SR Watson,MEK Hussey,MR Gillespie,4,0,,,,,,"",""
ball,1,47.6,Australia,SR Watson,MEK Hussey,MR Gillespie,4,0,,,,,,"",""
ball,1,47.7,Australia,SR Watson,MEK Hussey,MR Gillespie,6,0,,,,,,"",""
ball,1,48.1,Australia,MEK Hussey,SR Watson,CD McMillan,1,0,,,,,,"",""
ball,1,48.2,Australia,SR Watson,MEK Hussey,CD McMillan,2,0,,,,,,"",""
ball,1,48.3,Australia,SR Watson,MEK Hussey,CD McMillan,4,0,,,,,,"",""
ball,1,48.4,Australia,SR Watson,MEK Hussey,CD McMillan,1,0,,,,,,"",""
ball,1,48.5,Australia,MEK Hussey,SR Watson,CD McMillan,1,0,,,,,,"",""
ball,1,48.6,Australia,SR Watson,MEK Hussey,CD McMillan,1,0,,,,,,"",""
ball,1,49.1,Australia,SR Watson,MEK Hussey,JEC Franklin,2,0,,,,,,"",""
ball,1,49.2,Australia,SR Watson,MEK Hussey,JEC Franklin,1,0,,,,,,"",""
ball,1,49.3,Australia,MEK Hussey,SR Watson,JEC Franklin,0,0,,,,,,caught,MEK Hussey
ball,1,49.4,Australia,SR Watson,GB Hogg,JEC Franklin,6,0,,,,,,"",""
ball,1,49.5,Australia,SR Watson,GB Hogg,JEC Franklin,2,0,,,,,,"",""
ball,1,49.6,Australia,SR Watson,GB Hogg,JEC Franklin,6,0,,,,,,"",""
ball,2,0.1,New Zealand,PG Fulton,SP Fleming,NW Bracken,0,0,,,,,,"",""
ball,2,0.2,New Zealand,PG Fulton,SP Fleming,NW Bracken,0,0,,,,,,"",""
ball,2,0.3,New Zealand,PG Fulton,SP Fleming,NW Bracken,0,0,,,,,,"",""
ball,2,0.4,New Zealand,PG Fulton,SP Fleming,NW Bracken,2,0,,,,,,"",""
ball,2,0.5,New Zealand,PG Fulton,SP Fleming,NW Bracken,0,0,,,,,,"",""
ball,2,0.6,New Zealand,PG Fulton,SP Fleming,NW Bracken,0,0,,,,,,"",""
ball,2,1.1,New Zealand,SP Fleming,PG Fulton,SW Tait,0,0,,,,,,"",""
ball,2,1.2,New Zealand,SP Fleming,PG Fulton,SW Tait,0,0,,,,,,"",""
ball,2,1.3,New Zealand,SP Fleming,PG Fulton,SW Tait,1,0,,,,,,"",""
ball,2,1.4,New Zealand,PG Fulton,SP Fleming,SW Tait,0,1,1,,,,,"",""
ball,2,1.5,New Zealand,PG Fulton,SP Fleming,SW Tait,0,0,,,,,,"",""
ball,2,1.6,New Zealand,PG Fulton,SP Fleming,SW Tait,0,0,,,,,,"",""
ball,2,1.7,New Zealand,PG Fulton,SP Fleming,SW Tait,1,0,,,,,,"",""
ball,2,2.1,New Zealand,PG Fulton,SP Fleming,NW Bracken,1,0,,,,,,"",""
ball,2,2.2,New Zealand,SP Fleming,PG Fulton,NW Bracken,0,0,,,,,,"",""
ball,2,2.3,New Zealand,SP Fleming,PG Fulton,NW Bracken,6,0,,,,,,"",""
ball,2,2.4,New Zealand,SP Fleming,PG Fulton,NW Bracken,0,0,,,,,,"",""
ball,2,2.5,New Zealand,SP Fleming,PG Fulton,NW Bracken,1,0,,,,,,"",""
ball,2,2.6,New Zealand,PG Fulton,SP Fleming,NW Bracken,3,0,,,,,,"",""
ball,2,3.1,New Zealand,PG Fulton,SP Fleming,SW Tait,1,0,,,,,,"",""
ball,2,3.2,New Zealand,SP Fleming,PG Fulton,SW Tait,4,0,,,,,,"",""
ball,2,3.3,New Zealand,SP Fleming,PG Fulton,SW Tait,0,0,,,,,,caught,SP Fleming
ball,2,3.4,New Zealand,LRPL Taylor,PG Fulton,SW Tait,0,0,,,,,,"",""
ball,2,3.5,New Zealand,LRPL Taylor,PG Fulton,SW Tait,0,0,,,,,,"",""
ball,2,3.6,New Zealand,LRPL Taylor,PG Fulton,SW Tait,0,0,,,,,,"",""
ball,2,4.1,New Zealand,PG Fulton,LRPL Taylor,NW Bracken,0,0,,,,,,"",""
ball,2,4.2,New Zealand,PG Fulton,LRPL Taylor,NW Bracken,4,0,,,,,,"",""
ball,2,4.3,New Zealand,PG Fulton,LRPL Taylor,NW Bracken,0,0,,,,,,"",""
ball,2,4.4,New Zealand,PG Fulton,LRPL Taylor,NW Bracken,1,0,,,,,,"",""
ball,2,4.5,New Zealand,LRPL Taylor,PG Fulton,NW Bracken,0,0,,,,,,"",""
ball,2,4.6,New Zealand,LRPL Taylor,PG Fulton,NW Bracken,3,0,,,,,,"",""
ball,2,5.1,New Zealand,LRPL Taylor,PG Fulton,GD McGrath,0,0,,,,,,caught,LRPL Taylor
ball,2,5.2,New Zealand,SB Styris,PG Fulton,GD McGrath,2,0,,,,,,"",""
ball,2,5.3,New Zealand,SB Styris,PG Fulton,GD McGrath,0,1,,1,,,,"",""
ball,2,5.4,New Zealand,SB Styris,PG Fulton,GD McGrath,0,0,,,,,,"",""
ball,2,5.5,New Zealand,SB Styris,PG Fulton,GD McGrath,0,0,,,,,,"",""
ball,2,5.6,New Zealand,SB Styris,PG Fulton,GD McGrath,4,0,,,,,,"",""
ball,2,5.7,New Zealand,SB Styris,PG Fulton,GD McGrath,0,0,,,,,,"",""
ball,2,6.1,New Zealand,PG Fulton,SB Styris,NW Bracken,0,0,,,,,,"",""
ball,2,6.2,New Zealand,PG Fulton,SB Styris,NW Bracken,4,0,,,,,,"",""
ball,2,6.3,New Zealand,PG Fulton,SB Styris,NW Bracken,1,0,,,,,,"",""
ball,2,6.4,New Zealand,SB Styris,PG Fulton,NW Bracken,0,1,1,,,,,"",""
ball,2,6.5,New Zealand,SB Styris,PG Fulton,NW Bracken,0,0,,,,,,"",""
ball,2,6.6,New Zealand,SB Styris,PG Fulton,NW Bracken,0,0,,,,,,"",""
ball,2,6.7,New Zealand,SB Styris,PG Fulton,NW Bracken,0,0,,,,,,"",""
ball,2,7.1,New Zealand,PG Fulton,SB Styris,GD McGrath,1,0,,,,,,"",""
ball,2,7.2,New Zealand,SB Styris,PG Fulton,GD McGrath,4,0,,,,,,"",""
ball,2,7.3,New Zealand,SB Styris,PG Fulton,GD McGrath,4,0,,,,,,"",""
ball,2,7.4,New Zealand,SB Styris,PG Fulton,GD McGrath,2,0,,,,,,"",""
ball,2,7.5,New Zealand,SB Styris,PG Fulton,GD McGrath,0,0,,,,,,"",""
ball,2,7.6,New Zealand,SB Styris,PG Fulton,GD McGrath,0,0,,,,,,"",""
ball,2,8.1,New Zealand,PG Fulton,SB Styris,SW Tait,0,1,1,,,,,"",""
ball,2,8.2,New Zealand,PG Fulton,SB Styris,SW Tait,4,0,,,,,,"",""
ball,2,8.3,New Zealand,PG Fulton,SB Styris,SW Tait,1,0,,,,,,"",""
ball,2,8.4,New Zealand,SB Styris,PG Fulton,SW Tait,4,0,,,,,,"",""
ball,2,8.5,New Zealand,SB Styris,PG Fulton,SW Tait,1,0,,,,,,"",""
ball,2,8.6,New Zealand,PG Fulton,SB Styris,SW Tait,1,0,,,,,,"",""
ball,2,8.7,New Zealand,SB Styris,PG Fulton,SW Tait,0,1,,1,,,,"",""
ball,2,8.8,New Zealand,SB Styris,PG Fulton,SW Tait,4,0,,,,,,"",""
ball,2,9.1,New Zealand,PG Fulton,SB Styris,GD McGrath,0,0,,,,,,"",""
ball,2,9.2,New Zealand,PG Fulton,SB Styris,GD McGrath,2,0,,,,,,"",""
ball,2,9.3,New Zealand,PG Fulton,SB Styris,GD McGrath,0,0,,,,,,"",""
ball,2,9.4,New Zealand,PG Fulton,SB Styris,GD McGrath,1,0,,,,,,"",""
ball,2,9.5,New Zealand,SB Styris,PG Fulton,GD McGrath,1,0,,,,,,"",""
ball,2,9.6,New Zealand,PG Fulton,SB Styris,GD McGrath,1,0,,,,,,"",""
ball,2,10.1,New Zealand,PG Fulton,SB Styris,SW Tait,0,0,,,,,,"",""
ball,2,10.2,New Zealand,PG Fulton,SB Styris,SW Tait,0,0,,,,,,"",""
ball,2,10.3,New Zealand,PG Fulton,SB Styris,SW Tait,0,0,,,,,,"",""
ball,2,10.4,New Zealand,PG Fulton,SB Styris,SW Tait,1,0,,,,,,"",""
ball,2,10.5,New Zealand,SB Styris,PG Fulton,SW Tait,0,0,,,,,,"",""
ball,2,10.6,New Zealand,SB Styris,PG Fulton,SW Tait,1,0,,,,,,"",""
ball,2,11.1,New Zealand,SB Styris,PG Fulton,GD McGrath,0,0,,,,,,caught,SB Styris
ball,2,11.2,New Zealand,CD McMillan,PG Fulton,GD McGrath,0,0,,,,,,"",""
ball,2,11.3,New Zealand,CD McMillan,PG Fulton,GD McGrath,0,0,,,,,,"",""
ball,2,11.4,New Zealand,CD McMillan,PG Fulton,GD McGrath,0,0,,,,,,"",""
ball,2,11.5,New Zealand,CD McMillan,PG Fulton,GD McGrath,1,0,,,,,,"",""
ball,2,11.6,New Zealand,PG Fulton,CD McMillan,GD McGrath,1,0,,,,,,"",""
ball,2,12.1,New Zealand,PG Fulton,CD McMillan,SW Tait,0,0,,,,,,"",""
ball,2,12.2,New Zealand,PG Fulton,CD McMillan,SW Tait,1,0,,,,,,"",""
ball,2,12.3,New Zealand,CD McMillan,PG Fulton,SW Tait,0,0,,,,,,lbw,CD McMillan
ball,2,12.4,New Zealand,JEC Franklin,PG Fulton,SW Tait,2,0,,,,,,"",""
ball,2,12.5,New Zealand,JEC Franklin,PG Fulton,SW Tait,0,1,1,,,,,"",""
ball,2,12.6,New Zealand,JEC Franklin,PG Fulton,SW Tait,0,0,,,,,,"",""
ball,2,12.7,New Zealand,JEC Franklin,PG Fulton,SW Tait,0,0,,,,,,"",""
ball,2,13.1,New Zealand,PG Fulton,JEC Franklin,GB Hogg,0,0,,,,,,"",""
ball,2,13.2,New Zealand,PG Fulton,JEC Franklin,GB Hogg,1,0,,,,,,"",""
ball,2,13.3,New Zealand,JEC Franklin,PG Fulton,GB Hogg,0,0,,,,,,"",""
ball,2,13.4,New Zealand,JEC Franklin,PG Fulton,GB Hogg,1,0,,,,,,"",""
ball,2,13.5,New Zealand,PG Fulton,JEC Franklin,GB Hogg,1,0,,,,,,"",""
ball,2,13.6,New Zealand,JEC Franklin,PG Fulton,GB Hogg,1,0,,,,,,"",""
ball,2,14.1,New Zealand,JEC Franklin,PG Fulton,SR Watson,0,0,,,,,,"",""
ball,2,14.2,New Zealand,JEC Franklin,PG Fulton,SR Watson,2,0,,,,,,"",""
ball,2,14.3,New Zealand,JEC Franklin,PG Fulton,SR Watson,0,0,,,,,,bowled,JEC Franklin
ball,2,14.4,New Zealand,BB McCullum,PG Fulton,SR Watson,0,0,,,,,,"",""
ball,2,14.5,New Zealand,BB McCullum,PG Fulton,SR Watson,0,1,1,,,,,"",""
ball,2,14.6,New Zealand,BB McCullum,PG Fulton,SR Watson,0,0,,,,,,"",""
ball,2,14.7,New Zealand,BB McCullum,PG Fulton,SR Watson,2,0,,,,,,"",""
ball,2,15.1,New Zealand,PG Fulton,BB McCullum,GB Hogg,1,0,,,,,,"",""
ball,2,15.2,New Zealand,BB McCullum,PG Fulton,GB Hogg,0,0,,,,,,"",""
ball,2,15.3,New Zealand,BB McCullum,PG Fulton,GB Hogg,1,0,,,,,,"",""
ball,2,15.4,New Zealand,PG Fulton,BB McCullum,GB Hogg,0,0,,,,,,"",""
ball,2,15.5,New Zealand,PG Fulton,BB McCullum,GB Hogg,2,0,,,,,,"",""
ball,2,15.6,New Zealand,PG Fulton,BB McCullum,GB Hogg,2,0,,,,,,"",""
ball,2,16.1,New Zealand,BB McCullum,PG Fulton,SR Watson,0,0,,,,,,"",""
ball,2,16.2,New Zealand,BB McCullum,PG Fulton,SR Watson,1,0,,,,,,"",""
ball,2,16.3,New Zealand,PG Fulton,BB McCullum,SR Watson,1,0,,,,,,"",""
ball,2,16.4,New Zealand,BB McCullum,PG Fulton,SR Watson,0,0,,,,,,"",""
ball,2,16.5,New Zealand,BB McCullum,PG Fulton,SR Watson,0,0,,,,,,"",""
ball,2,16.6,New Zealand,BB McCullum,PG Fulton,SR Watson,0,0,,,,,,"",""
ball,2,17.1,New Zealand,PG Fulton,BB McCullum,GB Hogg,2,0,,,,,,"",""
ball,2,17.2,New Zealand,PG Fulton,BB McCullum,GB Hogg,1,0,,,,,,"",""
ball,2,17.3,New Zealand,BB McCullum,PG Fulton,GB Hogg,0,0,,,,,,"",""
ball,2,17.4,New Zealand,BB McCullum,PG Fulton,GB Hogg,0,0,,,,,,"",""
ball,2,17.5,New Zealand,BB McCullum,PG Fulton,GB Hogg,1,0,,,,,,"",""
ball,2,17.6,New Zealand,PG Fulton,BB McCullum,GB Hogg,1,0,,,,,,"",""
ball,2,18.1,New Zealand,PG Fulton,BB McCullum,SR Watson,0,0,,,,,,"",""
ball,2,18.2,New Zealand,PG Fulton,BB McCullum,SR Watson,0,0,,,,,,"",""
ball,2,18.3,New Zealand,PG Fulton,BB McCullum,SR Watson,2,0,,,,,,"",""
ball,2,18.4,New Zealand,PG Fulton,BB McCullum,SR Watson,0,0,,,,,,"",""
ball,2,18.5,New Zealand,PG Fulton,BB McCullum,SR Watson,2,0,,,,,,"",""
ball,2,18.6,New Zealand,PG Fulton,BB McCullum,SR Watson,0,0,,,,,,"",""
ball,2,19.1,New Zealand,BB McCullum,PG Fulton,GB Hogg,0,0,,,,,,"",""
ball,2,19.2,New Zealand,BB McCullum,PG Fulton,GB Hogg,2,0,,,,,,"",""
ball,2,19.3,New Zealand,BB McCullum,PG Fulton,GB Hogg,0,0,,,,,,caught,BB McCullum
ball,2,19.4,New Zealand,DL Vettori,PG Fulton,GB Hogg,0,0,,,,,,"",""
ball,2,19.5,New Zealand,DL Vettori,PG Fulton,GB Hogg,4,0,,,,,,"",""
ball,2,19.6,New Zealand,DL Vettori,PG Fulton,GB Hogg,0,0,,,,,,"",""
ball,2,20.1,New Zealand,PG Fulton,DL Vettori,SR Watson,0,0,,,,,,"",""
ball,2,20.2,New Zealand,PG Fulton,DL Vettori,SR Watson,2,0,,,,,,"",""
ball,2,20.3,New Zealand,PG Fulton,DL Vettori,SR Watson,0,0,,,,,,"",""
ball,2,20.4,New Zealand,PG Fulton,DL Vettori,SR Watson,0,0,,,,,,"",""
ball,2,20.5,New Zealand,PG Fulton,DL Vettori,SR Watson,0,0,,,,,,"",""
ball,2,20.6,New Zealand,PG Fulton,DL Vettori,SR Watson,0,0,,,,,,"",""
ball,2,21.1,New Zealand,DL Vettori,PG Fulton,GB Hogg,0,0,,,,,,caught,DL Vettori
ball,2,21.2,New Zealand,MR Gillespie,PG Fulton,GB Hogg,0,0,,,,,,"",""
ball,2,21.3,New Zealand,MR Gillespie,PG Fulton,GB Hogg,0,0,,,,,,"",""
ball,2,21.4,New Zealand,MR Gillespie,PG Fulton,GB Hogg,0,0,,,,,,"",""
ball,2,21.5,New Zealand,MR Gillespie,PG Fulton,GB Hogg,0,0,,,,,,"",""
ball,2,21.6,New Zealand,MR Gillespie,PG Fulton,GB Hogg,0,0,,,,,,"",""
ball,2,22.1,New Zealand,PG Fulton,MR Gillespie,SR Watson,0,0,,,,,,"",""
ball,2,22.2,New Zealand,PG Fulton,MR Gillespie,SR Watson,0,0,,,,,,"",""
ball,2,22.3,New Zealand,PG Fulton,MR Gillespie,SR Watson,4,0,,,,,,"",""
ball,2,22.4,New Zealand,PG Fulton,MR Gillespie,SR Watson,1,0,,,,,,"",""
ball,2,22.5,New Zealand,MR Gillespie,PG Fulton,SR Watson,1,0,,,,,,"",""
ball,2,22.6,New Zealand,PG Fulton,MR Gillespie,SR Watson,1,0,,,,,,"",""
ball,2,23.1,New Zealand,PG Fulton,MR Gillespie,GB Hogg,1,0,,,,,,"",""
ball,2,23.2,New Zealand,MR Gillespie,PG Fulton,GB Hogg,1,0,,,,,,"",""
ball,2,23.3,New Zealand,PG Fulton,MR Gillespie,GB Hogg,0,0,,,,,,"",""
ball,2,23.4,New Zealand,PG Fulton,MR Gillespie,GB Hogg,1,0,,,,,,"",""
ball,2,23.5,New Zealand,MR Gillespie,PG Fulton,GB Hogg,0,0,,,,,,caught,MR Gillespie
ball,2,23.6,New Zealand,PG Fulton,MJ Mason,GB Hogg,0,1,1,,,,,"",""
ball,2,23.7,New Zealand,PG Fulton,MJ Mason,GB Hogg,4,0,,,,,,"",""
ball,2,24.1,New Zealand,MJ Mason,PG Fulton,SW Tait,0,0,,,,,,"",""
ball,2,24.2,New Zealand,MJ Mason,PG Fulton,SW Tait,0,0,,,,,,"",""
ball,2,24.3,New Zealand,MJ Mason,PG Fulton,SW Tait,0,1,1,,,,,"",""
ball,2,24.4,New Zealand,MJ Mason,PG Fulton,SW Tait,0,0,,,,,,"",""
ball,2,24.5,New Zealand,MJ Mason,PG Fulton,SW Tait,0,0,,,,,,"",""
ball,2,24.6,New Zealand,MJ Mason,PG Fulton,SW Tait,0,0,,,,,,caught,MJ Mason
ball,2,24.7,New Zealand,JS Patel,PG Fulton,SW Tait,0,0,,,,,,"",""
ball,2,25.1,New Zealand,PG Fulton,JS Patel,GB Hogg,0,0,,,,,,"",""
ball,2,25.2,New Zealand,PG Fulton,JS Patel,GB Hogg,0,0,,,,,,"",""
ball,2,25.3,New Zealand,PG Fulton,JS Patel,GB Hogg,0,0,,,,,,"",""
ball,2,25.4,New Zealand,PG Fulton,JS Patel,GB Hogg,0,0,,,,,,"",""
ball,2,25.5,New Zealand,PG Fulton,JS Patel,GB Hogg,0,0,,,,,,bowled,PG Fulton
