version,1.6.0
info,balls_per_over,6
info,team,New Zealand
info,team,Sri Lanka
info,gender,male
info,season,2006/07
info,date,2007/04/24
info,event,ICC World Cup
info,venue,"Sabina Park, Kingston"
info,city,Jamaica
info,neutralvenue,true
info,toss_winner,Sri Lanka
info,toss_decision,bat
info,player_of_match,DPMD Jayawardene
info,umpire,RE Koertzen
info,umpire,SJA Taufel
info,reserve_umpire,Asad Rauf
info,tv_umpire,DJ Harper
info,match_referee,MJ Procter
info,winner,Sri Lanka
info,winner_runs,81
info,player,New Zealand,PG Fulton
info,player,New Zealand,SP Fleming
info,player,New Zealand,LRPL Taylor
info,player,New Zealand,SB Styris
info,player,New Zealand,JDP Oram
info,player,New Zealand,BB McCullum
info,player,New Zealand,CD McMillan
info,player,New Zealand,DL Vettori
info,player,New Zealand,JEC Franklin
info,player,New Zealand,SE Bond
info,player,New Zealand,JS Patel
info,player,Sri Lanka,WU Tharanga
info,player,Sri Lanka,ST Jayasuriya
info,player,Sri Lanka,KC Sangakkara
info,player,Sri Lanka,DPMD Jayawardene
info,player,Sri Lanka,LPC Silva
info,player,Sri Lanka,TM Dilshan
info,player,Sri Lanka,RP Arnold
info,player,Sri Lanka,WPUJC Vaas
info,player,Sri Lanka,SL Malinga
info,player,Sri Lanka,M Muralitharan
info,player,Sri Lanka,CRD Fernando
info,registry,people,Asad Rauf,861606b7
info,registry,people,BB McCullum,b8a55852
info,registry,people,CD McMillan,f5390243
info,registry,people,CRD Fernando,342d8ade
info,registry,people,DJ Harper,0ec08b27
info,registry,people,DL Vettori,d7c6af50
info,registry,people,DPMD Jayawardene,d18f9182
info,registry,people,JDP Oram,3eac9d95
info,registry,people,JEC Franklin,cf73ad76
info,registry,people,JS Patel,f5821615
info,registry,people,KC Sangakkara,6b71e6cf
info,registry,people,LPC Silva,1be70c88
info,registry,people,LRPL Taylor,b61a3e1a
info,registry,people,M Muralitharan,4ba44e19
info,registry,people,MJ Procter,32e65048
info,registry,people,PG Fulton,10a2a1ff
info,registry,people,RE Koertzen,0265fab2
info,registry,people,RP Arnold,cccdde80
info,registry,people,SB Styris,57efa3be
info,registry,people,SE Bond,4f629497
info,registry,people,SJA Taufel,4b43d5ac
info,registry,people,SL Malinga,a12e1d51
info,registry,people,SP Fleming,eea6b7f1
info,registry,people,ST Jayasuriya,f233bbb4
info,registry,people,TM Dilshan,5bdcdb72
info,registry,people,WPUJC Vaas,bcce309e
info,registry,people,WU Tharanga,7ed9fd56
ball,1,0.1,Sri Lanka,WU Tharanga,ST Jayasuriya,JEC Franklin,0,0,,,,,,"",""
ball,1,0.2,Sri Lanka,WU Tharanga,ST Jayasuriya,JEC Franklin,1,0,,,,,,"",""
ball,1,0.3,Sri Lanka,ST Jayasuriya,WU Tharanga,JEC Franklin,0,0,,,,,,"",""
ball,1,0.4,Sri Lanka,ST Jayasuriya,WU Tharanga,JEC Franklin,0,0,,,,,,"",""
ball,1,0.5,Sri Lanka,ST Jayasuriya,WU Tharanga,JEC Franklin,1,0,,,,,,"",""
ball,1,0.6,Sri Lanka,WU Tharanga,ST Jayasuriya,JEC Franklin,0,1,1,,,,,"",""
ball,1,0.7,Sri Lanka,WU Tharanga,ST Jayasuriya,JEC Franklin,1,0,,,,,,"",""
ball,1,1.1,Sri Lanka,WU Tharanga,ST Jayasuriya,SE Bond,0,1,1,,,,,"",""
ball,1,1.2,Sri Lanka,WU Tharanga,ST Jayasuriya,SE Bond,0,0,,,,,,"",""
ball,1,1.3,Sri Lanka,WU Tharanga,ST Jayasuriya,SE Bond,4,0,,,,,,"",""
ball,1,1.4,Sri Lanka,WU Tharanga,ST Jayasuriya,SE Bond,0,0,,,,,,"",""
ball,1,1.5,Sri Lanka,WU Tharanga,ST Jayasuriya,SE Bond,4,0,,,,,,"",""
ball,1,1.6,Sri Lanka,WU Tharanga,ST Jayasuriya,SE Bond,0,0,,,,,,"",""
ball,1,1.7,Sri Lanka,WU Tharanga,ST Jayasuriya,SE Bond,0,0,,,,,,"",""
ball,1,2.1,Sri Lanka,ST Jayasuriya,WU Tharanga,JEC Franklin,0,0,,,,,,"",""
ball,1,2.2,Sri Lanka,ST Jayasuriya,WU Tharanga,JEC Franklin,0,0,,,,,,"",""
ball,1,2.3,Sri Lanka,ST Jayasuriya,WU Tharanga,JEC Franklin,0,0,,,,,,bowled,ST Jayasuriya
ball,1,2.4,Sri Lanka,KC Sangakkara,WU Tharanga,JEC Franklin,2,0,,,,,,"",""
ball,1,2.5,Sri Lanka,KC Sangakkara,WU Tharanga,JEC Franklin,1,0,,,,,,"",""
ball,1,2.6,Sri Lanka,WU Tharanga,KC Sangakkara,JEC Franklin,0,0,,,,,,"",""
ball,1,3.1,Sri Lanka,KC Sangakkara,WU Tharanga,SE Bond,0,0,,,,,,"",""
ball,1,3.2,Sri Lanka,KC Sangakkara,WU Tharanga,SE Bond,1,0,,,,,,"",""
ball,1,3.3,Sri Lanka,WU Tharanga,KC Sangakkara,SE Bond,0,0,,,,,,"",""
ball,1,3.4,Sri Lanka,WU Tharanga,KC Sangakkara,SE Bond,0,0,,,,,,"",""
ball,1,3.5,Sri Lanka,WU Tharanga,KC Sangakkara,SE Bond,0,0,,,,,,"",""
ball,1,3.6,Sri Lanka,WU Tharanga,KC Sangakkara,SE Bond,0,1,1,,,,,"",""
ball,1,3.7,Sri Lanka,WU Tharanga,KC Sangakkara,SE Bond,1,0,,,,,,"",""
ball,1,4.1,Sri Lanka,WU Tharanga,KC Sangakkara,JEC Franklin,0,1,,,,1,,"",""
ball,1,4.2,Sri Lanka,KC Sangakkara,WU Tharanga,JEC Franklin,0,0,,,,,,"",""
ball,1,4.3,Sri Lanka,KC Sangakkara,WU Tharanga,JEC Franklin,0,0,,,,,,"",""
ball,1,4.4,Sri Lanka,KC Sangakkara,WU Tharanga,JEC Franklin,0,0,,,,,,"",""
ball,1,4.5,Sri Lanka,KC Sangakkara,WU Tharanga,JEC Franklin,0,1,,1,,,,"",""
ball,1,4.6,Sri Lanka,KC Sangakkara,WU Tharanga,JEC Franklin,1,0,,,,,,"",""
ball,1,4.7,Sri Lanka,WU Tharanga,KC Sangakkara,JEC Franklin,4,0,,,,,,"",""
ball,1,5.1,Sri Lanka,KC Sangakkara,WU Tharanga,SE Bond,0,0,,,,,,"",""
ball,1,5.2,Sri Lanka,KC Sangakkara,WU Tharanga,SE Bond,0,0,,,,,,"",""
ball,1,5.3,Sri Lanka,KC Sangakkara,WU Tharanga,SE Bond,0,0,,,,,,"",""
ball,1,5.4,Sri Lanka,KC Sangakkara,WU Tharanga,SE Bond,0,1,,1,,,,"",""
ball,1,5.5,Sri Lanka,KC Sangakkara,WU Tharanga,SE Bond,0,0,,,,,,"",""
ball,1,5.6,Sri Lanka,KC Sangakkara,WU Tharanga,SE Bond,1,0,,,,,,"",""
ball,1,5.7,Sri Lanka,WU Tharanga,KC Sangakkara,SE Bond,4,0,,,,,,"",""
ball,1,6.1,Sri Lanka,KC Sangakkara,WU Tharanga,JDP Oram,0,0,,,,,,"",""
ball,1,6.2,Sri Lanka,KC Sangakkara,WU Tharanga,JDP Oram,0,0,,,,,,"",""
ball,1,6.3,Sri Lanka,KC Sangakkara,WU Tharanga,JDP Oram,0,0,,,,,,"",""
ball,1,6.4,Sri Lanka,KC Sangakkara,WU Tharanga,JDP Oram,0,0,,,,,,"",""
ball,1,6.5,Sri Lanka,KC Sangakkara,WU Tharanga,JDP Oram,0,0,,,,,,"",""
ball,1,6.6,Sri Lanka,KC Sangakkara,WU Tharanga,JDP Oram,1,0,,,,,,"",""
ball,1,7.1,Sri Lanka,KC Sangakkara,WU Tharanga,SE Bond,0,0,,,,,,"",""
ball,1,7.2,Sri Lanka,KC Sangakkara,WU Tharanga,SE Bond,0,0,,,,,,"",""
ball,1,7.3,Sri Lanka,KC Sangakkara,WU Tharanga,SE Bond,0,0,,,,,,"",""
ball,1,7.4,Sri Lanka,KC Sangakkara,WU Tharanga,SE Bond,0,0,,,,,,"",""
ball,1,7.5,Sri Lanka,KC Sangakkara,WU Tharanga,SE Bond,0,0,,,,,,"",""
ball,1,7.6,Sri Lanka,KC Sangakkara,WU Tharanga,SE Bond,0,0,,,,,,"",""
ball,1,8.1,Sri Lanka,WU Tharanga,KC Sangakkara,JDP Oram,3,0,,,,,,"",""
ball,1,8.2,Sri Lanka,KC Sangakkara,WU Tharanga,JDP Oram,4,0,,,,,,"",""
ball,1,8.3,Sri Lanka,KC Sangakkara,WU Tharanga,JDP Oram,0,0,,,,,,"",""
ball,1,8.4,Sri Lanka,KC Sangakkara,WU Tharanga,JDP Oram,0,0,,,,,,"",""
ball,1,8.5,Sri Lanka,KC Sangakkara,WU Tharanga,JDP Oram,1,0,,,,,,"",""
ball,1,8.6,Sri Lanka,WU Tharanga,KC Sangakkara,JDP Oram,2,0,,,,,,"",""
ball,1,9.1,Sri Lanka,KC Sangakkara,WU Tharanga,JEC Franklin,0,0,,,,,,"",""
ball,1,9.2,Sri Lanka,KC Sangakkara,WU Tharanga,JEC Franklin,1,0,,,,,,"",""
ball,1,9.3,Sri Lanka,WU Tharanga,KC Sangakkara,JEC Franklin,1,1,,1,,,,"",""
ball,1,9.4,Sri Lanka,KC Sangakkara,WU Tharanga,JEC Franklin,0,0,,,,,,"",""
ball,1,9.5,Sri Lanka,KC Sangakkara,WU Tharanga,JEC Franklin,0,0,,,,,,"",""
ball,1,9.6,Sri Lanka,KC Sangakkara,WU Tharanga,JEC Franklin,0,0,,,,,,"",""
ball,1,9.7,Sri Lanka,KC Sangakkara,WU Tharanga,JEC Franklin,0,0,,,,,,"",""
ball,1,10.1,Sri Lanka,WU Tharanga,KC Sangakkara,JDP Oram,0,0,,,,,,"",""
ball,1,10.2,Sri Lanka,WU Tharanga,KC Sangakkara,JDP Oram,0,1,1,,,,,"",""
ball,1,10.3,Sri Lanka,WU Tharanga,KC Sangakkara,JDP Oram,4,0,,,,,,"",""
ball,1,10.4,Sri Lanka,WU Tharanga,KC Sangakkara,JDP Oram,0,0,,,,,,"",""
ball,1,10.5,Sri Lanka,WU Tharanga,KC Sangakkara,JDP Oram,0,0,,,,,,"",""
ball,1,10.6,Sri Lanka,WU Tharanga,KC Sangakkara,JDP Oram,0,0,,,,,,"",""
ball,1,10.7,Sri Lanka,WU Tharanga,KC Sangakkara,JDP Oram,1,0,,,,,,"",""
ball,1,11.1,Sri Lanka,WU Tharanga,KC Sangakkara,JEC Franklin,0,0,,,,,,"",""
ball,1,11.2,Sri Lanka,WU Tharanga,KC Sangakkara,JEC Franklin,0,0,,,,,,"",""
ball,1,11.3,Sri Lanka,WU Tharanga,KC Sangakkara,JEC Franklin,4,0,,,,,,"",""
ball,1,11.4,Sri Lanka,WU Tharanga,KC Sangakkara,JEC Franklin,2,0,,,,,,"",""
ball,1,11.5,Sri Lanka,WU Tharanga,KC Sangakkara,JEC Franklin,4,0,,,,,,"",""
ball,1,11.6,Sri Lanka,WU Tharanga,KC Sangakkara,JEC Franklin,0,0,,,,,,"",""
ball,1,12.1,Sri Lanka,KC Sangakkara,WU Tharanga,JDP Oram,4,0,,,,,,"",""
ball,1,12.2,Sri Lanka,KC Sangakkara,WU Tharanga,JDP Oram,0,0,,,,,,"",""
ball,1,12.3,Sri Lanka,KC Sangakkara,WU Tharanga,JDP Oram,0,0,,,,,,"",""
ball,1,12.4,Sri Lanka,KC Sangakkara,WU Tharanga,JDP Oram,1,0,,,,,,"",""
ball,1,12.5,Sri Lanka,WU Tharanga,KC Sangakkara,JDP Oram,0,0,,,,,,"",""
ball,1,12.6,Sri Lanka,WU Tharanga,KC Sangakkara,JDP Oram,0,0,,,,,,"",""
ball,1,13.1,Sri Lanka,KC Sangakkara,WU Tharanga,JEC Franklin,0,0,,,,,,caught,KC Sangakkara
ball,1,13.2,Sri Lanka,DPMD Jayawardene,WU Tharanga,JEC Franklin,0,0,,,,,,"",""
ball,1,13.3,Sri Lanka,DPMD Jayawardene,WU Tharanga,JEC Franklin,0,0,,,,,,"",""
ball,1,13.4,Sri Lanka,DPMD Jayawardene,WU Tharanga,JEC Franklin,0,0,,,,,,"",""
ball,1,13.5,Sri Lanka,DPMD Jayawardene,WU Tharanga,JEC Franklin,0,0,,,,,,"",""
ball,1,13.6,Sri Lanka,DPMD Jayawardene,WU Tharanga,JEC Franklin,0,0,,,,,,"",""
ball,1,14.1,Sri Lanka,WU Tharanga,DPMD Jayawardene,JDP Oram,0,0,,,,,,"",""
ball,1,14.2,Sri Lanka,WU Tharanga,DPMD Jayawardene,JDP Oram,0,1,,1,,,,"",""
ball,1,14.3,Sri Lanka,WU Tharanga,DPMD Jayawardene,JDP Oram,0,0,,,,,,"",""
ball,1,14.4,Sri Lanka,WU Tharanga,DPMD Jayawardene,JDP Oram,0,0,,,,,,"",""
ball,1,14.5,Sri Lanka,WU Tharanga,DPMD Jayawardene,JDP Oram,1,0,,,,,,"",""
ball,1,14.6,Sri Lanka,DPMD Jayawardene,WU Tharanga,JDP Oram,0,0,,,,,,"",""
ball,1,14.7,Sri Lanka,DPMD Jayawardene,WU Tharanga,JDP Oram,0,0,,,,,,"",""
ball,1,15.1,Sri Lanka,WU Tharanga,DPMD Jayawardene,JEC Franklin,0,1,,,,1,,"",""
ball,1,15.2,Sri Lanka,DPMD Jayawardene,WU Tharanga,JEC Franklin,0,0,,,,,,"",""
ball,1,15.3,Sri Lanka,DPMD Jayawardene,WU Tharanga,JEC Franklin,0,0,,,,,,"",""
ball,1,15.4,Sri Lanka,DPMD Jayawardene,WU Tharanga,JEC Franklin,1,0,,,,,,"",""
ball,1,15.5,Sri Lanka,WU Tharanga,DPMD Jayawardene,JEC Franklin,0,0,,,,,,"",""
ball,1,15.6,Sri Lanka,WU Tharanga,DPMD Jayawardene,JEC Franklin,4,0,,,,,,"",""
ball,1,16.1,Sri Lanka,DPMD Jayawardene,WU Tharanga,JDP Oram,0,0,,,,,,"",""
ball,1,16.2,Sri Lanka,DPMD Jayawardene,WU Tharanga,JDP Oram,0,0,,,,,,"",""
ball,1,16.3,Sri Lanka,DPMD Jayawardene,WU Tharanga,JDP Oram,0,0,,,,,,"",""
ball,1,16.4,Sri Lanka,DPMD Jayawardene,WU Tharanga,JDP Oram,1,0,,,,,,"",""
ball,1,16.5,Sri Lanka,WU Tharanga,DPMD Jayawardene,JDP Oram,1,0,,,,,,"",""
ball,1,16.6,Sri Lanka,DPMD Jayawardene,WU Tharanga,JDP Oram,0,0,,,,,,"",""
ball,1,17.1,Sri Lanka,WU Tharanga,DPMD Jayawardene,JEC Franklin,1,0,,,,,,"",""
ball,1,17.2,Sri Lanka,DPMD Jayawardene,WU Tharanga,JEC Franklin,0,0,,,,,,"",""
ball,1,17.3,Sri Lanka,DPMD Jayawardene,WU Tharanga,JEC Franklin,0,0,,,,,,"",""
ball,1,17.4,Sri Lanka,DPMD Jayawardene,WU Tharanga,JEC Franklin,0,0,,,,,,"",""
ball,1,17.5,Sri Lanka,DPMD Jayawardene,WU Tharanga,JEC Franklin,0,0,,,,,,"",""
ball,1,17.6,Sri Lanka,DPMD Jayawardene,WU Tharanga,JEC Franklin,1,0,,,,,,"",""
ball,1,18.1,Sri Lanka,DPMD Jayawardene,WU Tharanga,JDP Oram,1,0,,,,,,"",""
ball,1,18.2,Sri Lanka,WU Tharanga,DPMD Jayawardene,JDP Oram,1,0,,,,,,"",""
ball,1,18.3,Sri Lanka,DPMD Jayawardene,WU Tharanga,JDP Oram,2,0,,,,,,"",""
ball,1,18.4,Sri Lanka,DPMD Jayawardene,WU Tharanga,JDP Oram,0,0,,,,,,"",""
ball,1,18.5,Sri Lanka,DPMD Jayawardene,WU Tharanga,JDP Oram,0,0,,,,,,"",""
ball,1,18.6,Sri Lanka,DPMD Jayawardene,WU Tharanga,JDP Oram,0,0,,,,,,"",""
ball,1,19.1,Sri Lanka,WU Tharanga,DPMD Jayawardene,DL Vettori,0,0,,,,,,"",""
ball,1,19.2,Sri Lanka,WU Tharanga,DPMD Jayawardene,DL Vettori,0,0,,,,,,"",""
ball,1,19.3,Sri Lanka,WU Tharanga,DPMD Jayawardene,DL Vettori,0,0,,,,,,"",""
ball,1,19.4,Sri Lanka,WU Tharanga,DPMD Jayawardene,DL Vettori,0,0,,,,,,"",""
ball,1,19.5,Sri Lanka,WU Tharanga,DPMD Jayawardene,DL Vettori,1,0,,,,,,"",""
ball,1,19.6,Sri Lanka,DPMD Jayawardene,WU Tharanga,DL Vettori,0,0,,,,,,"",""
ball,1,20.1,Sri Lanka,WU Tharanga,DPMD Jayawardene,JS Patel,1,0,,,,,,"",""
ball,1,20.2,Sri Lanka,DPMD Jayawardene,WU Tharanga,JS Patel,0,0,,,,,,"",""
ball,1,20.3,Sri Lanka,DPMD Jayawardene,WU Tharanga,JS Patel,1,0,,,,,,"",""
ball,1,20.4,Sri Lanka,WU Tharanga,DPMD Jayawardene,JS Patel,1,0,,,,,,"",""
ball,1,20.5,Sri Lanka,DPMD Jayawardene,WU Tharanga,JS Patel,0,0,,,,,,"",""
ball,1,20.6,Sri Lanka,DPMD Jayawardene,WU Tharanga,JS Patel,0,0,,,,,,"",""
ball,1,21.1,Sri Lanka,WU Tharanga,DPMD Jayawardene,DL Vettori,0,0,,,,,,"",""
ball,1,21.2,Sri Lanka,WU Tharanga,DPMD Jayawardene,DL Vettori,0,0,,,,,,"",""
ball,1,21.3,Sri Lanka,WU Tharanga,DPMD Jayawardene,DL Vettori,6,0,,,,,,"",""
ball,1,21.4,Sri Lanka,WU Tharanga,DPMD Jayawardene,DL Vettori,0,0,,,,,,"",""
ball,1,21.5,Sri Lanka,WU Tharanga,DPMD Jayawardene,DL Vettori,2,0,,,,,,"",""
ball,1,21.6,Sri Lanka,WU Tharanga,DPMD Jayawardene,DL Vettori,4,0,,,,,,"",""
ball,1,22.1,Sri Lanka,DPMD Jayawardene,WU Tharanga,JS Patel,1,0,,,,,,"",""
ball,1,22.2,Sri Lanka,WU Tharanga,DPMD Jayawardene,JS Patel,0,0,,,,,,"",""
ball,1,22.3,Sri Lanka,WU Tharanga,DPMD Jayawardene,JS Patel,2,0,,,,,,"",""
ball,1,22.4,Sri Lanka,WU Tharanga,DPMD Jayawardene,JS Patel,1,0,,,,,,"",""
ball,1,22.5,Sri Lanka,DPMD Jayawardene,WU Tharanga,JS Patel,1,0,,,,,,"",""
ball,1,22.6,Sri Lanka,WU Tharanga,DPMD Jayawardene,JS Patel,1,0,,,,,,"",""
ball,1,23.1,Sri Lanka,WU Tharanga,DPMD Jayawardene,DL Vettori,0,0,,,,,,"",""
ball,1,23.2,Sri Lanka,WU Tharanga,DPMD Jayawardene,DL Vettori,0,0,,,,,,"",""
ball,1,23.3,Sri Lanka,WU Tharanga,DPMD Jayawardene,DL Vettori,2,0,,,,,,"",""
ball,1,23.4,Sri Lanka,WU Tharanga,DPMD Jayawardene,DL Vettori,2,0,,,,,,"",""
ball,1,23.5,Sri Lanka,WU Tharanga,DPMD Jayawardene,DL Vettori,1,0,,,,,,"",""
ball,1,23.6,Sri Lanka,DPMD Jayawardene,WU Tharanga,DL Vettori,0,0,,,,,,"",""
ball,1,24.1,Sri Lanka,WU Tharanga,DPMD Jayawardene,JS Patel,0,0,,,,,,"",""
ball,1,24.2,Sri Lanka,WU Tharanga,DPMD Jayawardene,JS Patel,0,0,,,,,,"",""
ball,1,24.3,Sri Lanka,WU Tharanga,DPMD Jayawardene,JS Patel,0,0,,,,,,"",""
ball,1,24.4,Sri Lanka,WU Tharanga,DPMD Jayawardene,JS Patel,0,0,,,,,,"",""
ball,1,24.5,Sri Lanka,WU Tharanga,DPMD Jayawardene,JS Patel,0,0,,,,,,"",""
ball,1,24.6,Sri Lanka,WU Tharanga,DPMD Jayawardene,JS Patel,1,0,,,,,,"",""
ball,1,25.1,Sri Lanka,WU Tharanga,DPMD Jayawardene,DL Vettori,0,0,,,,,,bowled,WU Tharanga
ball,1,25.2,Sri Lanka,LPC Silva,DPMD Jayawardene,DL Vettori,1,0,,,,,,"",""
ball,1,25.3,Sri Lanka,DPMD Jayawardene,LPC Silva,DL Vettori,1,0,,,,,,"",""
ball,1,25.4,Sri Lanka,LPC Silva,DPMD Jayawardene,DL Vettori,0,0,,,,,,"",""
ball,1,25.5,Sri Lanka,LPC Silva,DPMD Jayawardene,DL Vettori,1,0,,,,,,"",""
ball,1,25.6,Sri Lanka,DPMD Jayawardene,LPC Silva,DL Vettori,1,0,,,,,,"",""
ball,1,26.1,Sri Lanka,DPMD Jayawardene,LPC Silva,JS Patel,0,0,,,,,,"",""
ball,1,26.2,Sri Lanka,DPMD Jayawardene,LPC Silva,JS Patel,0,0,,,,,,"",""
ball,1,26.3,Sri Lanka,DPMD Jayawardene,LPC Silva,JS Patel,1,0,,,,,,"",""
ball,1,26.4,Sri Lanka,LPC Silva,DPMD Jayawardene,JS Patel,0,0,,,,,,"",""
ball,1,26.5,Sri Lanka,LPC Silva,DPMD Jayawardene,JS Patel,1,0,,,,,,"",""
ball,1,26.6,Sri Lanka,DPMD Jayawardene,LPC Silva,JS Patel,1,0,,,,,,"",""
ball,1,27.1,Sri Lanka,DPMD Jayawardene,LPC Silva,DL Vettori,1,0,,,,,,"",""
ball,1,27.2,Sri Lanka,LPC Silva,DPMD Jayawardene,DL Vettori,1,0,,,,,,"",""
ball,1,27.3,Sri Lanka,DPMD Jayawardene,LPC Silva,DL Vettori,0,0,,,,,,"",""
ball,1,27.4,Sri Lanka,DPMD Jayawardene,LPC Silva,DL Vettori,1,0,,,,,,"",""
ball,1,27.5,Sri Lanka,LPC Silva,DPMD Jayawardene,DL Vettori,1,0,,,,,,"",""
ball,1,27.6,Sri Lanka,DPMD Jayawardene,LPC Silva,DL Vettori,0,0,,,,,,"",""
ball,1,28.1,Sri Lanka,LPC Silva,DPMD Jayawardene,JS Patel,1,0,,,,,,"",""
ball,1,28.2,Sri Lanka,DPMD Jayawardene,LPC Silva,JS Patel,1,0,,,,,,"",""
ball,1,28.3,Sri Lanka,LPC Silva,DPMD Jayawardene,JS Patel,1,0,,,,,,"",""
ball,1,28.4,Sri Lanka,DPMD Jayawardene,LPC Silva,JS Patel,1,0,,,,,,"",""
ball,1,28.5,Sri Lanka,LPC Silva,DPMD Jayawardene,JS Patel,0,0,,,,,,"",""
ball,1,28.6,Sri Lanka,LPC Silva,DPMD Jayawardene,JS Patel,1,0,,,,,,"",""
ball,1,29.1,Sri Lanka,LPC Silva,DPMD Jayawardene,DL Vettori,0,0,,,,,,"",""
ball,1,29.2,Sri Lanka,LPC Silva,DPMD Jayawardene,DL Vettori,0,0,,,,,,"",""
ball,1,29.3,Sri Lanka,LPC Silva,DPMD Jayawardene,DL Vettori,0,1,1,,,,,"",""
ball,1,29.4,Sri Lanka,LPC Silva,DPMD Jayawardene,DL Vettori,0,0,,,,,,"",""
ball,1,29.5,Sri Lanka,LPC Silva,DPMD Jayawardene,DL Vettori,1,0,,,,,,"",""
ball,1,29.6,Sri Lanka,DPMD Jayawardene,LPC Silva,DL Vettori,0,0,,,,,,"",""
ball,1,29.7,Sri Lanka,DPMD Jayawardene,LPC Silva,DL Vettori,0,0,,,,,,"",""
ball,1,30.1,Sri Lanka,LPC Silva,DPMD Jayawardene,SB Styris,0,1,1,,,,,"",""
ball,1,30.2,Sri Lanka,LPC Silva,DPMD Jayawardene,SB Styris,1,0,,,,,,"",""
ball,1,30.3,Sri Lanka,DPMD Jayawardene,LPC Silva,SB Styris,4,0,,,,,,"",""
ball,1,30.4,Sri Lanka,DPMD Jayawardene,LPC Silva,SB Styris,1,0,,,,,,"",""
ball,1,30.5,Sri Lanka,LPC Silva,DPMD Jayawardene,SB Styris,0,0,,,,,,"",""
ball,1,30.6,Sri Lanka,LPC Silva,DPMD Jayawardene,SB Styris,0,0,,,,,,"",""
ball,1,30.7,Sri Lanka,LPC Silva,DPMD Jayawardene,SB Styris,1,0,,,,,,"",""
ball,1,31.1,Sri Lanka,LPC Silva,DPMD Jayawardene,DL Vettori,0,0,,,,,,"",""
ball,1,31.2,Sri Lanka,LPC Silva,DPMD Jayawardene,DL Vettori,0,0,,,,,,"",""
ball,1,31.3,Sri Lanka,LPC Silva,DPMD Jayawardene,DL Vettori,0,0,,,,,,"",""
ball,1,31.4,Sri Lanka,LPC Silva,DPMD Jayawardene,DL Vettori,1,0,,,,,,"",""
ball,1,31.5,Sri Lanka,DPMD Jayawardene,LPC Silva,DL Vettori,0,0,,,,,,"",""
ball,1,31.6,Sri Lanka,DPMD Jayawardene,LPC Silva,DL Vettori,1,0,,,,,,"",""
ball,1,32.1,Sri Lanka,DPMD Jayawardene,LPC Silva,SE Bond,0,0,,,,,,"",""
ball,1,32.2,Sri Lanka,DPMD Jayawardene,LPC Silva,SE Bond,1,0,,,,,,"",""
ball,1,32.3,Sri Lanka,LPC Silva,DPMD Jayawardene,SE Bond,1,0,,,,,,"",""
ball,1,32.4,Sri Lanka,DPMD Jayawardene,LPC Silva,SE Bond,1,0,,,,,,"",""
ball,1,32.5,Sri Lanka,LPC Silva,DPMD Jayawardene,SE Bond,0,0,,,,,,"",""
ball,1,32.6,Sri Lanka,LPC Silva,DPMD Jayawardene,SE Bond,0,0,,,,,,"",""
ball,1,33.1,Sri Lanka,DPMD Jayawardene,LPC Silva,DL Vettori,1,0,,,,,,"",""
ball,1,33.2,Sri Lanka,LPC Silva,DPMD Jayawardene,DL Vettori,0,0,,,,,,"",""
ball,1,33.3,Sri Lanka,LPC Silva,DPMD Jayawardene,DL Vettori,6,0,,,,,,"",""
ball,1,33.4,Sri Lanka,LPC Silva,DPMD Jayawardene,DL Vettori,1,0,,,,,,"",""
ball,1,33.5,Sri Lanka,DPMD Jayawardene,LPC Silva,DL Vettori,1,0,,,,,,"",""
ball,1,33.6,Sri Lanka,LPC Silva,DPMD Jayawardene,DL Vettori,1,0,,,,,,"",""
ball,1,34.1,Sri Lanka,LPC Silva,DPMD Jayawardene,SE Bond,0,0,,,,,,"",""
ball,1,34.2,Sri Lanka,LPC Silva,DPMD Jayawardene,SE Bond,0,0,,,,,,"",""
ball,1,34.3,Sri Lanka,LPC Silva,DPMD Jayawardene,SE Bond,0,0,,,,,,lbw,LPC Silva
ball,1,34.4,Sri Lanka,TM Dilshan,DPMD Jayawardene,SE Bond,0,0,,,,,,"",""
ball,1,34.5,Sri Lanka,TM Dilshan,DPMD Jayawardene,SE Bond,1,0,,,,,,"",""
ball,1,34.6,Sri Lanka,DPMD Jayawardene,TM Dilshan,SE Bond,1,0,,,,,,"",""
ball,1,35.1,Sri Lanka,DPMD Jayawardene,TM Dilshan,DL Vettori,0,0,,,,,,"",""
ball,1,35.2,Sri Lanka,DPMD Jayawardene,TM Dilshan,DL Vettori,1,0,,,,,,"",""
ball,1,35.3,Sri Lanka,TM Dilshan,DPMD Jayawardene,DL Vettori,0,0,,,,,,"",""
ball,1,35.4,Sri Lanka,TM Dilshan,DPMD Jayawardene,DL Vettori,1,0,,,,,,"",""
ball,1,35.5,Sri Lanka,DPMD Jayawardene,TM Dilshan,DL Vettori,0,0,,,,,,"",""
ball,1,35.6,Sri Lanka,DPMD Jayawardene,TM Dilshan,DL Vettori,0,0,,,,,,"",""
ball,1,36.1,Sri Lanka,TM Dilshan,DPMD Jayawardene,JS Patel,4,0,,,,,,"",""
ball,1,36.2,Sri Lanka,TM Dilshan,DPMD Jayawardene,JS Patel,1,0,,,,,,"",""
ball,1,36.3,Sri Lanka,DPMD Jayawardene,TM Dilshan,JS Patel,1,0,,,,,,"",""
ball,1,36.4,Sri Lanka,TM Dilshan,DPMD Jayawardene,JS Patel,1,0,,,,,,"",""
ball,1,36.5,Sri Lanka,DPMD Jayawardene,TM Dilshan,JS Patel,0,0,,,,,,"",""
ball,1,36.6,Sri Lanka,DPMD Jayawardene,TM Dilshan,JS Patel,1,0,,,,,,"",""
ball,1,37.1,Sri Lanka,DPMD Jayawardene,TM Dilshan,DL Vettori,1,0,,,,,,"",""
ball,1,37.2,Sri Lanka,TM Dilshan,DPMD Jayawardene,DL Vettori,1,0,,,,,,"",""
ball,1,37.3,Sri Lanka,DPMD Jayawardene,TM Dilshan,DL Vettori,4,0,,,,,,"",""
ball,1,37.4,Sri Lanka,DPMD Jayawardene,TM Dilshan,DL Vettori,1,0,,,,,,"",""
ball,1,37.5,Sri Lanka,TM Dilshan,DPMD Jayawardene,DL Vettori,1,0,,,,,,"",""
ball,1,37.6,Sri Lanka,DPMD Jayawardene,TM Dilshan,DL Vettori,1,0,,,,,,"",""
ball,1,38.1,Sri Lanka,DPMD Jayawardene,TM Dilshan,JS Patel,1,0,,,,,,"",""
ball,1,38.2,Sri Lanka,TM Dilshan,DPMD Jayawardene,JS Patel,0,0,,,,,,"",""
ball,1,38.3,Sri Lanka,TM Dilshan,DPMD Jayawardene,JS Patel,4,0,,,,,,"",""
ball,1,38.4,Sri Lanka,TM Dilshan,DPMD Jayawardene,JS Patel,0,0,,,,,,"",""
ball,1,38.5,Sri Lanka,TM Dilshan,DPMD Jayawardene,JS Patel,1,0,,,,,,"",""
ball,1,38.6,Sri Lanka,DPMD Jayawardene,TM Dilshan,JS Patel,1,0,,,,,,"",""
ball,1,39.1,Sri Lanka,DPMD Jayawardene,TM Dilshan,SE Bond,1,0,,,,,,"",""
ball,1,39.2,Sri Lanka,TM Dilshan,DPMD Jayawardene,SE Bond,1,0,,,,,,"",""
ball,1,39.3,Sri Lanka,DPMD Jayawardene,TM Dilshan,SE Bond,0,0,,,,,,"",""
ball,1,39.4,Sri Lanka,DPMD Jayawardene,TM Dilshan,SE Bond,4,0,,,,,,"",""
ball,1,39.5,Sri Lanka,DPMD Jayawardene,TM Dilshan,SE Bond,1,0,,,,,,"",""
ball,1,39.6,Sri Lanka,TM Dilshan,DPMD Jayawardene,SE Bond,0,0,,,,,,"",""
ball,1,40.1,Sri Lanka,DPMD Jayawardene,TM Dilshan,JS Patel,2,0,,,,,,"",""
ball,1,40.2,Sri Lanka,DPMD Jayawardene,TM Dilshan,JS Patel,2,0,,,,,,"",""
ball,1,40.3,Sri Lanka,DPMD Jayawardene,TM Dilshan,JS Patel,0,0,,,,,,"",""
ball,1,40.4,Sri Lanka,DPMD Jayawardene,TM Dilshan,JS Patel,1,0,,,,,,"",""
ball,1,40.5,Sri Lanka,TM Dilshan,DPMD Jayawardene,JS Patel,1,0,,,,,,"",""
ball,1,40.6,Sri Lanka,DPMD Jayawardene,TM Dilshan,JS Patel,1,0,,,,,,"",""
ball,1,41.1,Sri Lanka,DPMD Jayawardene,TM Dilshan,SE Bond,1,0,,,,,,"",""
ball,1,41.2,Sri Lanka,TM Dilshan,DPMD Jayawardene,SE Bond,1,0,,,,,,"",""
ball,1,41.3,Sri Lanka,DPMD Jayawardene,TM Dilshan,SE Bond,1,0,,,,,,"",""
ball,1,41.4,Sri Lanka,TM Dilshan,DPMD Jayawardene,SE Bond,0,0,,,,,,"",""
ball,1,41.5,Sri Lanka,TM Dilshan,DPMD Jayawardene,SE Bond,1,0,,,,,,"",""
ball,1,41.6,Sri Lanka,DPMD Jayawardene,TM Dilshan,SE Bond,1,0,,,,,,"",""
ball,1,42.1,Sri Lanka,DPMD Jayawardene,TM Dilshan,JS Patel,4,0,,,,,,"",""
ball,1,42.2,Sri Lanka,DPMD Jayawardene,TM Dilshan,JS Patel,0,0,,,,,,"",""
ball,1,42.3,Sri Lanka,DPMD Jayawardene,TM Dilshan,JS Patel,1,0,,,,,,"",""
ball,1,42.4,Sri Lanka,TM Dilshan,DPMD Jayawardene,JS Patel,1,0,,,,,,"",""
ball,1,42.5,Sri Lanka,DPMD Jayawardene,TM Dilshan,JS Patel,0,1,,,,1,,"",""
ball,1,42.6,Sri Lanka,TM Dilshan,DPMD Jayawardene,JS Patel,2,0,,,,,,"",""
ball,1,43.1,Sri Lanka,DPMD Jayawardene,TM Dilshan,JDP Oram,1,0,,,,,,"",""
ball,1,43.2,Sri Lanka,TM Dilshan,DPMD Jayawardene,JDP Oram,1,0,,,,,,"",""
ball,1,43.3,Sri Lanka,DPMD Jayawardene,TM Dilshan,JDP Oram,1,0,,,,,,"",""
ball,1,43.4,Sri Lanka,TM Dilshan,DPMD Jayawardene,JDP Oram,1,0,,,,,,"",""
ball,1,43.5,Sri Lanka,DPMD Jayawardene,TM Dilshan,JDP Oram,6,0,,,,,,"",""
ball,1,43.6,Sri Lanka,DPMD Jayawardene,TM Dilshan,JDP Oram,1,0,,,,,,"",""
ball,1,44.1,Sri Lanka,DPMD Jayawardene,TM Dilshan,JS Patel,1,0,,,,,,"",""
ball,1,44.2,Sri Lanka,TM Dilshan,DPMD Jayawardene,JS Patel,1,0,,,,,,"",""
ball,1,44.3,Sri Lanka,DPMD Jayawardene,TM Dilshan,JS Patel,6,0,,,,,,"",""
ball,1,44.4,Sri Lanka,DPMD Jayawardene,TM Dilshan,JS Patel,1,0,,,,,,"",""
ball,1,44.5,Sri Lanka,TM Dilshan,DPMD Jayawardene,JS Patel,4,0,,,,,,"",""
ball,1,44.6,Sri Lanka,TM Dilshan,DPMD Jayawardene,JS Patel,1,0,,,,,,"",""
ball,1,45.1,Sri Lanka,TM Dilshan,DPMD Jayawardene,JDP Oram,0,0,,,,,,lbw,TM Dilshan
ball,1,45.2,Sri Lanka,RP Arnold,DPMD Jayawardene,JDP Oram,1,0,,,,,,"",""
ball,1,45.3,Sri Lanka,DPMD Jayawardene,RP Arnold,JDP Oram,4,0,,,,,,"",""
ball,1,45.4,Sri Lanka,DPMD Jayawardene,RP Arnold,JDP Oram,1,0,,,,,,"",""
ball,1,45.5,Sri Lanka,RP Arnold,DPMD Jayawardene,JDP Oram,0,0,,,,,,"",""
ball,1,45.6,Sri Lanka,RP Arnold,DPMD Jayawardene,JDP Oram,0,1,,1,,,,"",""
ball,1,45.7,Sri Lanka,RP Arnold,DPMD Jayawardene,JDP Oram,0,0,,,,,,"",""
ball,1,46.1,Sri Lanka,DPMD Jayawardene,RP Arnold,JEC Franklin,1,0,,,,,,"",""
ball,1,46.2,Sri Lanka,RP Arnold,DPMD Jayawardene,JEC Franklin,1,0,,,,,,"",""
ball,1,46.3,Sri Lanka,DPMD Jayawardene,RP Arnold,JEC Franklin,1,0,,,,,,"",""
ball,1,46.4,Sri Lanka,RP Arnold,DPMD Jayawardene,JEC Franklin,0,2,2,,,,,"",""
ball,1,46.5,Sri Lanka,DPMD Jayawardene,RP Arnold,JEC Franklin,4,0,,,,,,"",""
ball,1,46.6,Sri Lanka,DPMD Jayawardene,RP Arnold,JEC Franklin,0,0,,,,,,"",""
ball,1,46.7,Sri Lanka,DPMD Jayawardene,RP Arnold,JEC Franklin,4,0,,,,,,"",""
ball,1,47.1,Sri Lanka,RP Arnold,DPMD Jayawardene,SE Bond,1,0,,,,,,"",""
ball,1,47.2,Sri Lanka,DPMD Jayawardene,RP Arnold,SE Bond,1,0,,,,,,"",""
ball,1,47.3,Sri Lanka,RP Arnold,DPMD Jayawardene,SE Bond,4,0,,,,,,"",""
ball,1,47.4,Sri Lanka,RP Arnold,DPMD Jayawardene,SE Bond,0,0,,,,,,"",""
ball,1,47.5,Sri Lanka,RP Arnold,DPMD Jayawardene,SE Bond,0,0,,,,,,"",""
ball,1,47.6,Sri Lanka,RP Arnold,DPMD Jayawardene,SE Bond,1,0,,,,,,"",""
ball,1,48.1,Sri Lanka,RP Arnold,DPMD Jayawardene,JDP Oram,0,0,,,,,,"",""
ball,1,48.2,Sri Lanka,RP Arnold,DPMD Jayawardene,JDP Oram,1,0,,,,,,"",""
ball,1,48.3,Sri Lanka,DPMD Jayawardene,RP Arnold,JDP Oram,4,0,,,,,,"",""
ball,1,48.4,Sri Lanka,DPMD Jayawardene,RP Arnold,JDP Oram,2,0,,,,,,"",""
ball,1,48.5,Sri Lanka,DPMD Jayawardene,RP Arnold,JDP Oram,4,0,,,,,,"",""
ball,1,48.6,Sri Lanka,DPMD Jayawardene,RP Arnold,JDP Oram,1,0,,,,,,"",""
ball,1,49.1,Sri Lanka,DPMD Jayawardene,RP Arnold,SE Bond,4,0,,,,,,"",""
ball,1,49.2,Sri Lanka,DPMD Jayawardene,RP Arnold,SE Bond,0,1,1,,,,,"",""
ball,1,49.3,Sri Lanka,DPMD Jayawardene,RP Arnold,SE Bond,6,0,,,,,,"",""
ball,1,49.4,Sri Lanka,DPMD Jayawardene,RP Arnold,SE Bond,0,0,,,,,,"",""
ball,1,49.5,Sri Lanka,DPMD Jayawardene,RP Arnold,SE Bond,1,0,,,,,,"",""
ball,1,49.6,Sri Lanka,RP Arnold,DPMD Jayawardene,SE Bond,4,0,,,,,,"",""
ball,1,49.7,Sri Lanka,RP Arnold,DPMD Jayawardene,SE Bond,1,0,,,,,,"",""
ball,2,0.1,New Zealand,PG Fulton,SP Fleming,WPUJC Vaas,0,0,,,,,,"",""
ball,2,0.2,New Zealand,PG Fulton,SP Fleming,WPUJC Vaas,0,0,,,,,,"",""
ball,2,0.3,New Zealand,PG Fulton,SP Fleming,WPUJC Vaas,0,0,,,,,,"",""
ball,2,0.4,New Zealand,PG Fulton,SP Fleming,WPUJC Vaas,1,0,,,,,,"",""
ball,2,0.5,New Zealand,SP Fleming,PG Fulton,WPUJC Vaas,1,0,,,,,,"",""
ball,2,0.6,New Zealand,PG Fulton,SP Fleming,WPUJC Vaas,0,0,,,,,,"",""
ball,2,1.1,New Zealand,SP Fleming,PG Fulton,SL Malinga,0,0,,,,,,"",""
ball,2,1.2,New Zealand,SP Fleming,PG Fulton,SL Malinga,0,0,,,,,,"",""
ball,2,1.3,New Zealand,SP Fleming,PG Fulton,SL Malinga,0,0,,,,,,lbw,SP Fleming
ball,2,1.4,New Zealand,LRPL Taylor,PG Fulton,SL Malinga,0,0,,,,,,"",""
ball,2,1.5,New Zealand,LRPL Taylor,PG Fulton,SL Malinga,0,0,,,,,,"",""
ball,2,1.6,New Zealand,LRPL Taylor,PG Fulton,SL Malinga,0,0,,,,,,"",""
ball,2,2.1,New Zealand,PG Fulton,LRPL Taylor,WPUJC Vaas,0,0,,,,,,"",""
ball,2,2.2,New Zealand,PG Fulton,LRPL Taylor,WPUJC Vaas,1,0,,,,,,"",""
ball,2,2.3,New Zealand,LRPL Taylor,PG Fulton,WPUJC Vaas,0,0,,,,,,"",""
ball,2,2.4,New Zealand,LRPL Taylor,PG Fulton,WPUJC Vaas,0,0,,,,,,"",""
ball,2,2.5,New Zealand,LRPL Taylor,PG Fulton,WPUJC Vaas,0,0,,,,,,"",""
ball,2,2.6,New Zealand,LRPL Taylor,PG Fulton,WPUJC Vaas,0,0,,,,,,"",""
ball,2,3.1,New Zealand,PG Fulton,LRPL Taylor,SL Malinga,0,0,,,,,,"",""
ball,2,3.2,New Zealand,PG Fulton,LRPL Taylor,SL Malinga,0,0,,,,,,"",""
ball,2,3.3,New Zealand,PG Fulton,LRPL Taylor,SL Malinga,0,4,,,4,,,"",""
ball,2,3.4,New Zealand,PG Fulton,LRPL Taylor,SL Malinga,0,0,,,,,,"",""
ball,2,3.5,New Zealand,PG Fulton,LRPL Taylor,SL Malinga,2,0,,,,,,"",""
ball,2,3.6,New Zealand,PG Fulton,LRPL Taylor,SL Malinga,1,0,,,,,,"",""
ball,2,4.1,New Zealand,PG Fulton,LRPL Taylor,WPUJC Vaas,0,0,,,,,,"",""
ball,2,4.2,New Zealand,PG Fulton,LRPL Taylor,WPUJC Vaas,0,0,,,,,,"",""
ball,2,4.3,New Zealand,PG Fulton,LRPL Taylor,WPUJC Vaas,0,0,,,,,,"",""
ball,2,4.4,New Zealand,PG Fulton,LRPL Taylor,WPUJC Vaas,0,0,,,,,,"",""
ball,2,4.5,New Zealand,PG Fulton,LRPL Taylor,WPUJC Vaas,0,0,,,,,,"",""
ball,2,4.6,New Zealand,PG Fulton,LRPL Taylor,WPUJC Vaas,0,0,,,,,,"",""
ball,2,5.1,New Zealand,LRPL Taylor,PG Fulton,SL Malinga,0,0,,,,,,"",""
ball,2,5.2,New Zealand,LRPL Taylor,PG Fulton,SL Malinga,1,0,,,,,,"",""
ball,2,5.3,New Zealand,PG Fulton,LRPL Taylor,SL Malinga,0,0,,,,,,"",""
ball,2,5.4,New Zealand,PG Fulton,LRPL Taylor,SL Malinga,0,0,,,,,,"",""
ball,2,5.5,New Zealand,PG Fulton,LRPL Taylor,SL Malinga,1,0,,,,,,"",""
ball,2,5.6,New Zealand,LRPL Taylor,PG Fulton,SL Malinga,0,0,,,,,,"",""
ball,2,6.1,New Zealand,PG Fulton,LRPL Taylor,WPUJC Vaas,0,0,,,,,,"",""
ball,2,6.2,New Zealand,PG Fulton,LRPL Taylor,WPUJC Vaas,0,0,,,,,,"",""
ball,2,6.3,New Zealand,PG Fulton,LRPL Taylor,WPUJC Vaas,0,0,,,,,,"",""
ball,2,6.4,New Zealand,PG Fulton,LRPL Taylor,WPUJC Vaas,1,0,,,,,,"",""
ball,2,6.5,New Zealand,LRPL Taylor,PG Fulton,WPUJC Vaas,0,0,,,,,,"",""
ball,2,6.6,New Zealand,LRPL Taylor,PG Fulton,WPUJC Vaas,1,0,,,,,,"",""
ball,2,7.1,New Zealand,LRPL Taylor,PG Fulton,SL Malinga,0,0,,,,,,"",""
ball,2,7.2,New Zealand,LRPL Taylor,PG Fulton,SL Malinga,0,0,,,,,,"",""
ball,2,7.3,New Zealand,LRPL Taylor,PG Fulton,SL Malinga,0,0,,,,,,"",""
ball,2,7.4,New Zealand,LRPL Taylor,PG Fulton,SL Malinga,0,0,,,,,,"",""
ball,2,7.5,New Zealand,LRPL Taylor,PG Fulton,SL Malinga,0,0,,,,,,"",""
ball,2,7.6,New Zealand,LRPL Taylor,PG Fulton,SL Malinga,0,0,,,,,,"",""
ball,2,8.1,New Zealand,PG Fulton,LRPL Taylor,WPUJC Vaas,1,0,,,,,,"",""
ball,2,8.2,New Zealand,LRPL Taylor,PG Fulton,WPUJC Vaas,4,0,,,,,,"",""
ball,2,8.3,New Zealand,LRPL Taylor,PG Fulton,WPUJC Vaas,1,0,,,,,,"",""
ball,2,8.4,New Zealand,PG Fulton,LRPL Taylor,WPUJC Vaas,0,0,,,,,,"",""
ball,2,8.5,New Zealand,PG Fulton,LRPL Taylor,WPUJC Vaas,1,0,,,,,,"",""
ball,2,8.6,New Zealand,LRPL Taylor,PG Fulton,WPUJC Vaas,0,0,,,,,,"",""
ball,2,9.1,New Zealand,PG Fulton,LRPL Taylor,CRD Fernando,0,1,,1,,,,"",""
ball,2,9.2,New Zealand,PG Fulton,LRPL Taylor,CRD Fernando,4,0,,,,,,"",""
ball,2,9.3,New Zealand,PG Fulton,LRPL Taylor,CRD Fernando,0,0,,,,,,"",""
ball,2,9.4,New Zealand,PG Fulton,LRPL Taylor,CRD Fernando,0,0,,,,,,"",""
ball,2,9.5,New Zealand,PG Fulton,LRPL Taylor,CRD Fernando,0,0,,,,,,"",""
ball,2,9.6,New Zealand,PG Fulton,LRPL Taylor,CRD Fernando,0,1,,1,,,,"",""
ball,2,9.7,New Zealand,PG Fulton,LRPL Taylor,CRD Fernando,1,0,,,,,,"",""
ball,2,9.8,New Zealand,LRPL Taylor,PG Fulton,CRD Fernando,0,1,,1,,,,"",""
ball,2,9.9,New Zealand,LRPL Taylor,PG Fulton,CRD Fernando,1,0,,,,,,"",""
ball,2,10.1,New Zealand,LRPL Taylor,PG Fulton,WPUJC Vaas,1,0,,,,,,"",""
ball,2,10.2,New Zealand,PG Fulton,LRPL Taylor,WPUJC Vaas,0,1,,,,1,,"",""
ball,2,10.3,New Zealand,LRPL Taylor,PG Fulton,WPUJC Vaas,0,0,,,,,,lbw,LRPL Taylor
ball,2,10.4,New Zealand,SB Styris,PG Fulton,WPUJC Vaas,0,1,,,,1,,"",""
ball,2,10.5,New Zealand,PG Fulton,SB Styris,WPUJC Vaas,0,0,,,,,,"",""
ball,2,10.6,New Zealand,PG Fulton,SB Styris,WPUJC Vaas,1,0,,,,,,"",""
ball,2,11.1,New Zealand,PG Fulton,SB Styris,CRD Fernando,1,0,,,,,,"",""
ball,2,11.2,New Zealand,SB Styris,PG Fulton,CRD Fernando,4,0,,,,,,"",""
ball,2,11.3,New Zealand,SB Styris,PG Fulton,CRD Fernando,0,0,,,,,,"",""
ball,2,11.4,New Zealand,SB Styris,PG Fulton,CRD Fernando,0,0,,,,,,"",""
ball,2,11.5,New Zealand,SB Styris,PG Fulton,CRD Fernando,0,0,,,,,,"",""
ball,2,11.6,New Zealand,SB Styris,PG Fulton,CRD Fernando,0,0,,,,,,"",""
ball,2,12.1,New Zealand,PG Fulton,SB Styris,WPUJC Vaas,1,0,,,,,,"",""
ball,2,12.2,New Zealand,SB Styris,PG Fulton,WPUJC Vaas,0,0,,,,,,"",""
ball,2,12.3,New Zealand,SB Styris,PG Fulton,WPUJC Vaas,0,0,,,,,,"",""
ball,2,12.4,New Zealand,SB Styris,PG Fulton,WPUJC Vaas,0,0,,,,,,"",""
ball,2,12.5,New Zealand,SB Styris,PG Fulton,WPUJC Vaas,0,0,,,,,,"",""
ball,2,12.6,New Zealand,SB Styris,PG Fulton,WPUJC Vaas,0,0,,,,,,"",""
ball,2,13.1,New Zealand,PG Fulton,SB Styris,CRD Fernando,0,0,,,,,,"",""
ball,2,13.2,New Zealand,PG Fulton,SB Styris,CRD Fernando,0,0,,,,,,"",""
ball,2,13.3,New Zealand,PG Fulton,SB Styris,CRD Fernando,0,0,,,,,,"",""
ball,2,13.4,New Zealand,PG Fulton,SB Styris,CRD Fernando,2,0,,,,,,"",""
ball,2,13.5,New Zealand,PG Fulton,SB Styris,CRD Fernando,1,0,,,,,,"",""
ball,2,13.6,New Zealand,SB Styris,PG Fulton,CRD Fernando,0,0,,,,,,"",""
ball,2,14.1,New Zealand,PG Fulton,SB Styris,WPUJC Vaas,1,0,,,,,,"",""
ball,2,14.2,New Zealand,SB Styris,PG Fulton,WPUJC Vaas,0,0,,,,,,"",""
ball,2,14.3,New Zealand,SB Styris,PG Fulton,WPUJC Vaas,4,0,,,,,,"",""
ball,2,14.4,New Zealand,SB Styris,PG Fulton,WPUJC Vaas,0,2,2,,,,,"",""
ball,2,14.5,New Zealand,PG Fulton,SB Styris,WPUJC Vaas,0,0,,,,,,"",""
ball,2,14.6,New Zealand,PG Fulton,SB Styris,WPUJC Vaas,1,0,,,,,,"",""
ball,2,14.7,New Zealand,SB Styris,PG Fulton,WPUJC Vaas,2,0,,,,,,"",""
ball,2,15.1,New Zealand,PG Fulton,SB Styris,CRD Fernando,0,1,,,1,,,"",""
ball,2,15.2,New Zealand,SB Styris,PG Fulton,CRD Fernando,6,0,,,,,,"",""
ball,2,15.3,New Zealand,SB Styris,PG Fulton,CRD Fernando,1,0,,,,,,"",""
ball,2,15.4,New Zealand,PG Fulton,SB Styris,CRD Fernando,1,0,,,,,,"",""
ball,2,15.5,New Zealand,SB Styris,PG Fulton,CRD Fernando,0,0,,,,,,"",""
ball,2,15.6,New Zealand,SB Styris,PG Fulton,CRD Fernando,0,0,,,,,,"",""
ball,2,16.1,New Zealand,PG Fulton,SB Styris,SL Malinga,1,0,,,,,,"",""
ball,2,16.2,New Zealand,SB Styris,PG Fulton,SL Malinga,1,1,,1,,,,"",""
ball,2,16.3,New Zealand,PG Fulton,SB Styris,SL Malinga,0,0,,,,,,"",""
ball,2,16.4,New Zealand,PG Fulton,SB Styris,SL Malinga,0,0,,,,,,"",""
ball,2,16.5,New Zealand,PG Fulton,SB Styris,SL Malinga,1,0,,,,,,"",""
ball,2,16.6,New Zealand,SB Styris,PG Fulton,SL Malinga,0,0,,,,,,"",""
ball,2,16.7,New Zealand,SB Styris,PG Fulton,SL Malinga,0,0,,,,,,"",""
ball,2,17.1,New Zealand,PG Fulton,SB Styris,M Muralitharan,0,0,,,,,,"",""
ball,2,17.2,New Zealand,PG Fulton,SB Styris,M Muralitharan,0,0,,,,,,"",""
ball,2,17.3,New Zealand,PG Fulton,SB Styris,M Muralitharan,4,0,,,,,,"",""
ball,2,17.4,New Zealand,PG Fulton,SB Styris,M Muralitharan,0,0,,,,,,"",""
ball,2,17.5,New Zealand,PG Fulton,SB Styris,M Muralitharan,0,0,,,,,,"",""
ball,2,17.6,New Zealand,PG Fulton,SB Styris,M Muralitharan,0,0,,,,,,"",""
ball,2,18.1,New Zealand,SB Styris,PG Fulton,CRD Fernando,6,1,,1,,,,"",""
ball,2,18.2,New Zealand,SB Styris,PG Fulton,CRD Fernando,0,1,,1,,,,"",""
ball,2,18.3,New Zealand,SB Styris,PG Fulton,CRD Fernando,1,0,,,,,,"",""
ball,2,18.4,New Zealand,PG Fulton,SB Styris,CRD Fernando,0,1,1,,,,,"",""
ball,2,18.5,New Zealand,PG Fulton,SB Styris,CRD Fernando,2,0,,,,,,"",""
ball,2,18.6,New Zealand,PG Fulton,SB Styris,CRD Fernando,1,0,,,,,,"",""
ball,2,18.7,New Zealand,SB Styris,PG Fulton,CRD Fernando,1,0,,,,,,"",""
ball,2,18.8,New Zealand,PG Fulton,SB Styris,CRD Fernando,6,0,,,,,,"",""
ball,2,18.9,New Zealand,PG Fulton,SB Styris,CRD Fernando,0,0,,,,,,"",""
ball,2,19.1,New Zealand,SB Styris,PG Fulton,M Muralitharan,0,1,1,,,,,"",""
ball,2,19.2,New Zealand,SB Styris,PG Fulton,M Muralitharan,1,0,,,,,,"",""
ball,2,19.3,New Zealand,PG Fulton,SB Styris,M Muralitharan,1,0,,,,,,"",""
ball,2,19.4,New Zealand,SB Styris,PG Fulton,M Muralitharan,0,0,,,,,,"",""
ball,2,19.5,New Zealand,SB Styris,PG Fulton,M Muralitharan,6,0,,,,,,"",""
ball,2,19.6,New Zealand,SB Styris,PG Fulton,M Muralitharan,1,0,,,,,,"",""
ball,2,19.7,New Zealand,PG Fulton,SB Styris,M Muralitharan,0,0,,,,,,"",""
ball,2,20.1,New Zealand,SB Styris,PG Fulton,ST Jayasuriya,0,0,,,,,,"",""
ball,2,20.2,New Zealand,SB Styris,PG Fulton,ST Jayasuriya,0,0,,,,,,"",""
ball,2,20.3,New Zealand,SB Styris,PG Fulton,ST Jayasuriya,1,0,,,,,,"",""
ball,2,20.4,New Zealand,PG Fulton,SB Styris,ST Jayasuriya,0,0,,,,,,"",""
ball,2,20.5,New Zealand,PG Fulton,SB Styris,ST Jayasuriya,1,0,,,,,,"",""
ball,2,20.6,New Zealand,SB Styris,PG Fulton,ST Jayasuriya,1,0,,,,,,"",""
ball,2,21.1,New Zealand,SB Styris,PG Fulton,TM Dilshan,0,0,,,,,,"",""
ball,2,21.2,New Zealand,SB Styris,PG Fulton,TM Dilshan,1,0,,,,,,"",""
ball,2,21.3,New Zealand,PG Fulton,SB Styris,TM Dilshan,1,0,,,,,,"",""
ball,2,21.4,New Zealand,SB Styris,PG Fulton,TM Dilshan,0,0,,,,,,"",""
ball,2,21.5,New Zealand,SB Styris,PG Fulton,TM Dilshan,0,0,,,,,,caught,SB Styris
ball,2,21.6,New Zealand,JDP Oram,PG Fulton,TM Dilshan,0,0,,,,,,"",""
ball,2,22.1,New Zealand,PG Fulton,JDP Oram,ST Jayasuriya,1,0,,,,,,"",""
ball,2,22.2,New Zealand,JDP Oram,PG Fulton,ST Jayasuriya,1,0,,,,,,"",""
ball,2,22.3,New Zealand,PG Fulton,JDP Oram,ST Jayasuriya,1,0,,,,,,"",""
ball,2,22.4,New Zealand,JDP Oram,PG Fulton,ST Jayasuriya,0,1,1,,,,,"",""
ball,2,22.5,New Zealand,JDP Oram,PG Fulton,ST Jayasuriya,0,0,,,,,,"",""
ball,2,22.6,New Zealand,JDP Oram,PG Fulton,ST Jayasuriya,1,0,,,,,,"",""
ball,2,22.7,New Zealand,PG Fulton,JDP Oram,ST Jayasuriya,1,0,,,,,,"",""
ball,2,23.1,New Zealand,PG Fulton,JDP Oram,M Muralitharan,1,0,,,,,,"",""
ball,2,23.2,New Zealand,JDP Oram,PG Fulton,M Muralitharan,1,0,,,,,,"",""
ball,2,23.3,New Zealand,PG Fulton,JDP Oram,M Muralitharan,1,0,,,,,,"",""
ball,2,23.4,New Zealand,JDP Oram,PG Fulton,M Muralitharan,0,0,,,,,,"",""
ball,2,23.5,New Zealand,JDP Oram,PG Fulton,M Muralitharan,0,0,,,,,,caught and bowled,JDP Oram
ball,2,23.6,New Zealand,BB McCullum,PG Fulton,M Muralitharan,0,0,,,,,,caught,BB McCullum
ball,2,24.1,New Zealand,CD McMillan,PG Fulton,ST Jayasuriya,1,0,,,,,,"",""
ball,2,24.2,New Zealand,PG Fulton,CD McMillan,ST Jayasuriya,0,0,,,,,,"",""
ball,2,24.3,New Zealand,PG Fulton,CD McMillan,ST Jayasuriya,0,0,,,,,,caught,PG Fulton
ball,2,24.4,New Zealand,DL Vettori,CD McMillan,ST Jayasuriya,0,0,,,,,,"",""
ball,2,24.5,New Zealand,DL Vettori,CD McMillan,ST Jayasuriya,0,0,,,,,,"",""
ball,2,24.6,New Zealand,DL Vettori,CD McMillan,ST Jayasuriya,0,0,,,,,,"",""
ball,2,25.1,New Zealand,CD McMillan,DL Vettori,M Muralitharan,0,0,,,,,,"",""
ball,2,25.2,New Zealand,CD McMillan,DL Vettori,M Muralitharan,0,0,,,,,,"",""
ball,2,25.3,New Zealand,CD McMillan,DL Vettori,M Muralitharan,1,0,,,,,,"",""
ball,2,25.4,New Zealand,DL Vettori,CD McMillan,M Muralitharan,0,0,,,,,,lbw,DL Vettori
ball,2,25.5,New Zealand,JEC Franklin,CD McMillan,M Muralitharan,0,0,,,,,,"",""
ball,2,25.6,New Zealand,JEC Franklin,CD McMillan,M Muralitharan,0,0,,,,,,"",""
ball,2,26.1,New Zealand,CD McMillan,JEC Franklin,ST Jayasuriya,1,0,,,,,,"",""
ball,2,26.2,New Zealand,JEC Franklin,CD McMillan,ST Jayasuriya,0,0,,,,,,"",""
ball,2,26.3,New Zealand,JEC Franklin,CD McMillan,ST Jayasuriya,1,0,,,,,,"",""
ball,2,26.4,New Zealand,CD McMillan,JEC Franklin,ST Jayasuriya,6,0,,,,,,"",""
ball,2,26.5,New Zealand,CD McMillan,JEC Franklin,ST Jayasuriya,4,0,,,,,,"",""
ball,2,26.6,New Zealand,CD McMillan,JEC Franklin,ST Jayasuriya,0,0,,,,,,"",""
ball,2,27.1,New Zealand,JEC Franklin,CD McMillan,M Muralitharan,1,0,,,,,,"",""
ball,2,27.2,New Zealand,CD McMillan,JEC Franklin,M Muralitharan,0,0,,,,,,"",""
ball,2,27.3,New Zealand,CD McMillan,JEC Franklin,M Muralitharan,1,0,,,,,,"",""
ball,2,27.4,New Zealand,JEC Franklin,CD McMillan,M Muralitharan,0,0,,,,,,"",""
ball,2,27.5,New Zealand,JEC Franklin,CD McMillan,M Muralitharan,1,0,,,,,,"",""
ball,2,27.6,New Zealand,CD McMillan,JEC Franklin,M Muralitharan,2,0,,,,,,"",""
ball,2,28.1,New Zealand,JEC Franklin,CD McMillan,ST Jayasuriya,1,0,,,,,,"",""
ball,2,28.2,New Zealand,CD McMillan,JEC Franklin,ST Jayasuriya,1,0,,,,,,"",""
ball,2,28.3,New Zealand,JEC Franklin,CD McMillan,ST Jayasuriya,1,0,,,,,,"",""
ball,2,28.4,New Zealand,CD McMillan,JEC Franklin,ST Jayasuriya,1,0,,,,,,"",""
ball,2,28.5,New Zealand,JEC Franklin,CD McMillan,ST Jayasuriya,0,0,,,,,,"",""
ball,2,28.6,New Zealand,JEC Franklin,CD McMillan,ST Jayasuriya,0,0,,,,,,"",""
ball,2,29.1,New Zealand,CD McMillan,JEC Franklin,M Muralitharan,0,0,,,,,,"",""
ball,2,29.2,New Zealand,CD McMillan,JEC Franklin,M Muralitharan,0,0,,,,,,"",""
ball,2,29.3,New Zealand,CD McMillan,JEC Franklin,M Muralitharan,0,0,,,,,,"",""
ball,2,29.4,New Zealand,CD McMillan,JEC Franklin,M Muralitharan,0,0,,,,,,"",""
ball,2,29.5,New Zealand,CD McMillan,JEC Franklin,M Muralitharan,1,0,,,,,,"",""
ball,2,29.6,New Zealand,JEC Franklin,CD McMillan,M Muralitharan,0,0,,,,,,"",""
ball,2,30.1,New Zealand,CD McMillan,JEC Franklin,ST Jayasuriya,6,0,,,,,,"",""
ball,2,30.2,New Zealand,CD McMillan,JEC Franklin,ST Jayasuriya,0,0,,,,,,bowled,CD McMillan
ball,2,30.3,New Zealand,SE Bond,JEC Franklin,ST Jayasuriya,0,0,,,,,,"",""
ball,2,30.4,New Zealand,SE Bond,JEC Franklin,ST Jayasuriya,1,0,,,,,,"",""
ball,2,30.5,New Zealand,JEC Franklin,SE Bond,ST Jayasuriya,2,0,,,,,,"",""
ball,2,30.6,New Zealand,JEC Franklin,SE Bond,ST Jayasuriya,0,0,,,,,,"",""
ball,2,31.1,New Zealand,SE Bond,JEC Franklin,M Muralitharan,1,0,,,,,,"",""
ball,2,31.2,New Zealand,JEC Franklin,SE Bond,M Muralitharan,0,0,,,,,,"",""
ball,2,31.3,New Zealand,JEC Franklin,SE Bond,M Muralitharan,1,0,,,,,,"",""
ball,2,31.4,New Zealand,SE Bond,JEC Franklin,M Muralitharan,0,0,,,,,,bowled,SE Bond
ball,2,31.5,New Zealand,JS Patel,JEC Franklin,M Muralitharan,0,0,,,,,,"",""
ball,2,31.6,New Zealand,JS Patel,JEC Franklin,M Muralitharan,0,0,,,,,,"",""
ball,2,32.1,New Zealand,JEC Franklin,JS Patel,ST Jayasuriya,1,0,,,,,,"",""
ball,2,32.2,New Zealand,JS Patel,JEC Franklin,ST Jayasuriya,0,0,,,,,,"",""
ball,2,32.3,New Zealand,JS Patel,JEC Franklin,ST Jayasuriya,1,0,,,,,,"",""
ball,2,32.4,New Zealand,JEC Franklin,JS Patel,ST Jayasuriya,0,0,,,,,,"",""
ball,2,32.5,New Zealand,JEC Franklin,JS Patel,ST Jayasuriya,1,0,,,,,,"",""
ball,2,32.6,New Zealand,JS Patel,JEC Franklin,ST Jayasuriya,1,0,,,,,,"",""
ball,2,33.1,New Zealand,JS Patel,JEC Franklin,M Muralitharan,2,0,,,,,,"",""
ball,2,33.2,New Zealand,JS Patel,JEC Franklin,M Muralitharan,0,0,,,,,,"",""
ball,2,33.3,New Zealand,JS Patel,JEC Franklin,M Muralitharan,1,0,,,,,,"",""
ball,2,33.4,New Zealand,JEC Franklin,JS Patel,M Muralitharan,1,0,,,,,,"",""
ball,2,33.5,New Zealand,JS Patel,JEC Franklin,M Muralitharan,0,0,,,,,,"",""
ball,2,33.6,New Zealand,JS Patel,JEC Franklin,M Muralitharan,1,0,,,,,,"",""
ball,2,34.1,New Zealand,JS Patel,JEC Franklin,ST Jayasuriya,0,0,,,,,,"",""
ball,2,34.2,New Zealand,JS Patel,JEC Franklin,ST Jayasuriya,0,0,,,,,,"",""
ball,2,34.3,New Zealand,JS Patel,JEC Franklin,ST Jayasuriya,4,0,,,,,,"",""
ball,2,34.4,New Zealand,JS Patel,JEC Franklin,ST Jayasuriya,0,0,,,,,,"",""
ball,2,34.5,New Zealand,JS Patel,JEC Franklin,ST Jayasuriya,1,0,,,,,,"",""
ball,2,34.6,New Zealand,JEC Franklin,JS Patel,ST Jayasuriya,0,1,1,,,,,"",""
ball,2,34.7,New Zealand,JEC Franklin,JS Patel,ST Jayasuriya,1,0,,,,,,"",""
ball,2,35.1,New Zealand,JEC Franklin,JS Patel,TM Dilshan,1,0,,,,,,"",""
ball,2,35.2,New Zealand,JS Patel,JEC Franklin,TM Dilshan,0,0,,,,,,"",""
ball,2,35.3,New Zealand,JS Patel,JEC Franklin,TM Dilshan,1,0,,,,,,"",""
ball,2,35.4,New Zealand,JEC Franklin,JS Patel,TM Dilshan,1,0,,,,,,"",""
ball,2,35.5,New Zealand,JS Patel,JEC Franklin,TM Dilshan,0,0,,,,,,"",""
ball,2,35.6,New Zealand,JS Patel,JEC Franklin,TM Dilshan,0,0,,,,,,"",""
ball,2,36.1,New Zealand,JEC Franklin,JS Patel,SL Malinga,1,0,,,,,,"",""
ball,2,36.2,New Zealand,JS Patel,JEC Franklin,SL Malinga,1,0,,,,,,"",""
ball,2,36.3,New Zealand,JEC Franklin,JS Patel,SL Malinga,4,0,,,,,,"",""
ball,2,36.4,New Zealand,JEC Franklin,JS Patel,SL Malinga,2,0,,,,,,"",""
ball,2,36.5,New Zealand,JEC Franklin,JS Patel,SL Malinga,0,0,,,,,,"",""
ball,2,36.6,New Zealand,JEC Franklin,JS Patel,SL Malinga,0,0,,,,,,"",""
ball,2,37.1,New Zealand,JS Patel,JEC Franklin,TM Dilshan,1,0,,,,,,"",""
ball,2,37.2,New Zealand,JEC Franklin,JS Patel,TM Dilshan,1,0,,,,,,"",""
ball,2,37.3,New Zealand,JS Patel,JEC Franklin,TM Dilshan,0,0,,,,,,"",""
ball,2,37.4,New Zealand,JS Patel,JEC Franklin,TM Dilshan,1,0,,,,,,"",""
ball,2,37.5,New Zealand,JEC Franklin,JS Patel,TM Dilshan,0,0,,,,,,"",""
ball,2,37.6,New Zealand,JEC Franklin,JS Patel,TM Dilshan,0,0,,,,,,"",""
ball,2,38.1,New Zealand,JS Patel,JEC Franklin,SL Malinga,0,0,,,,,,"",""
ball,2,38.2,New Zealand,JS Patel,JEC Franklin,SL Malinga,2,0,,,,,,"",""
ball,2,38.3,New Zealand,JS Patel,JEC Franklin,SL Malinga,0,0,,,,,,"",""
ball,2,38.4,New Zealand,JS Patel,JEC Franklin,SL Malinga,0,0,,,,,,"",""
ball,2,38.5,New Zealand,JS Patel,JEC Franklin,SL Malinga,1,0,,,,,,"",""
ball,2,38.6,New Zealand,JEC Franklin,JS Patel,SL Malinga,1,0,,,,,,"",""
ball,2,39.1,New Zealand,JEC Franklin,JS Patel,TM Dilshan,0,0,,,,,,"",""
ball,2,39.2,New Zealand,JEC Franklin,JS Patel,TM Dilshan,0,0,,,,,,"",""
ball,2,39.3,New Zealand,JEC Franklin,JS Patel,TM Dilshan,4,0,,,,,,"",""
ball,2,39.4,New Zealand,JEC Franklin,JS Patel,TM Dilshan,1,0,,,,,,"",""
ball,2,39.5,New Zealand,JS Patel,JEC Franklin,TM Dilshan,6,0,,,,,,"",""
ball,2,39.6,New Zealand,JS Patel,JEC Franklin,TM Dilshan,0,1,1,,,,,"",""
ball,2,39.7,New Zealand,JS Patel,JEC Franklin,TM Dilshan,0,0,,,,,,"",""
ball,2,40.1,New Zealand,JEC Franklin,JS Patel,ST Jayasuriya,1,0,,,,,,"",""
ball,2,40.2,New Zealand,JS Patel,JEC Franklin,ST Jayasuriya,0,1,1,,,,,"",""
ball,2,40.3,New Zealand,JS Patel,JEC Franklin,ST Jayasuriya,4,0,,,,,,"",""
ball,2,40.4,New Zealand,JS Patel,JEC Franklin,ST Jayasuriya,2,0,,,,,,"",""
ball,2,40.5,New Zealand,JS Patel,JEC Franklin,ST Jayasuriya,0,0,,,,,,"",""
ball,2,40.6,New Zealand,JS Patel,JEC Franklin,ST Jayasuriya,2,0,,,,,,"",""
ball,2,40.7,New Zealand,JS Patel,JEC Franklin,ST Jayasuriya,1,0,,,,,,"",""
ball,2,41.1,New Zealand,JS Patel,JEC Franklin,TM Dilshan,0,0,,,,,,"",""
ball,2,41.2,New Zealand,JS Patel,JEC Franklin,TM Dilshan,1,0,,,,,,"",""
ball,2,41.3,New Zealand,JEC Franklin,JS Patel,TM Dilshan,1,0,,,,,,"",""
ball,2,41.4,New Zealand,JS Patel,JEC Franklin,TM Dilshan,0,0,,,,,,caught,JS Patel
