version,1.6.0
info,balls_per_over,6
info,team,Bangladesh
info,team,England
info,gender,male
info,season,2010/11
info,date,2011/03/11
info,event,ICC Cricket World Cup
info,match_number,28
info,venue,Zahur Ahmed Chowdhury Stadium
info,city,Chittagong
info,toss_winner,Bangladesh
info,toss_decision,field
info,player_of_match,Imrul Kayes
info,umpire,DJ Harper
info,umpire,RJ Tucker
info,reserve_umpire,Enamul Haque
info,tv_umpire,Aleem Dar
info,match_referee,JJ Crowe
info,winner,Bangladesh
info,winner_wickets,2
info,player,Bangladesh,Tamim Iqbal
info,player,Bangladesh,Imrul Kayes
info,player,Bangladesh,Junaid Siddique
info,player,Bangladesh,Raqibul Hasan
info,player,Bangladesh,Shakib Al Hasan
info,player,Bangladesh,Mushfiqur Rahim
info,player,Bangladesh,Mahmudullah
info,player,Bangladesh,Naeem Islam
info,player,Bangladesh,Abdur Razzak
info,player,Bangladesh,Shafiul Islam
info,player,Bangladesh,Rubel Hossain
info,player,England,AJ Strauss
info,player,England,MJ Prior
info,player,England,IJL Trott
info,player,England,IR Bell
info,player,England,EJG Morgan
info,player,England,RS Bopara
info,player,England,GP Swann
info,player,England,PD Collingwood
info,player,England,TT Bresnan
info,player,England,A Shahzad
info,player,England,JM Anderson
info,registry,people,A Shahzad,a73321d3
info,registry,people,AJ Strauss,b68d14a9
info,registry,people,Abdur Razzak,888e32bf
info,registry,people,Aleem Dar,f02778d1
info,registry,people,DJ Harper,0ec08b27
info,registry,people,EJG Morgan,d2a6c0e6
info,registry,people,Enamul Haque,2ae9be7f
info,registry,people,GP Swann,221ad9d9
info,registry,people,IJL Trott,ac7fa28f
info,registry,people,IR Bell,33155d1b
info,registry,people,Imrul Kayes,5fbe14fc
info,registry,people,JJ Crowe,2e760301
info,registry,people,JM Anderson,d12143bf
info,registry,people,Junaid Siddique,62e203d4
info,registry,people,MJ Prior,1200550f
info,registry,people,Mahmudullah,bf1d7d3e
info,registry,people,Mushfiqur Rahim,a94e08ea
info,registry,people,Naeem Islam,02e83ac5
info,registry,people,PD Collingwood,a386e91b
info,registry,people,RJ Tucker,38810cfc
info,registry,people,RS Bopara,7ca5e05d
info,registry,people,Raqibul Hasan,17efdeb8
info,registry,people,Rubel Hossain,f56cd097
info,registry,people,Shafiul Islam,1a8eebbe
info,registry,people,Shakib Al Hasan,7dc35884
info,registry,people,TT Bresnan,58043739
info,registry,people,Tamim Iqbal,3b041a12
ball,1,0.1,England,AJ Strauss,MJ Prior,Shafiul Islam,0,1,1,,,,,"",""
ball,1,0.2,England,AJ Strauss,MJ Prior,Shafiul Islam,1,0,,,,,,"",""
ball,1,0.3,England,MJ Prior,AJ Strauss,Shafiul Islam,0,0,,,,,,"",""
ball,1,0.4,England,MJ Prior,AJ Strauss,Shafiul Islam,0,0,,,,,,"",""
ball,1,0.5,England,MJ Prior,AJ Strauss,Shafiul Islam,0,0,,,,,,"",""
ball,1,0.6,England,MJ Prior,AJ Strauss,Shafiul Islam,1,0,,,,,,"",""
ball,1,0.7,England,AJ Strauss,MJ Prior,Shafiul Islam,1,0,,,,,,"",""
ball,1,1.1,England,AJ Strauss,MJ Prior,Rubel Hossain,0,0,,,,,,"",""
ball,1,1.2,England,AJ Strauss,MJ Prior,Rubel Hossain,0,0,,,,,,"",""
ball,1,1.3,England,AJ Strauss,MJ Prior,Rubel Hossain,2,0,,,,,,"",""
ball,1,1.4,England,AJ Strauss,MJ Prior,Rubel Hossain,0,0,,,,,,"",""
ball,1,1.5,England,AJ Strauss,MJ Prior,Rubel Hossain,0,0,,,,,,"",""
ball,1,1.6,England,AJ Strauss,MJ Prior,Rubel Hossain,0,0,,,,,,"",""
ball,1,2.1,England,MJ Prior,AJ Strauss,Shafiul Islam,1,0,,,,,,"",""
ball,1,2.2,England,AJ Strauss,MJ Prior,Shafiul Islam,1,0,,,,,,"",""
ball,1,2.3,England,MJ Prior,AJ Strauss,Shafiul Islam,4,0,,,,,,"",""
ball,1,2.4,England,MJ Prior,AJ Strauss,Shafiul Islam,0,0,,,,,,"",""
ball,1,2.5,England,MJ Prior,AJ Strauss,Shafiul Islam,0,0,,,,,,"",""
ball,1,2.6,England,MJ Prior,AJ Strauss,Shafiul Islam,0,0,,,,,,"",""
ball,1,3.1,England,AJ Strauss,MJ Prior,Rubel Hossain,0,0,,,,,,"",""
ball,1,3.2,England,AJ Strauss,MJ Prior,Rubel Hossain,0,0,,,,,,"",""
ball,1,3.3,England,AJ Strauss,MJ Prior,Rubel Hossain,0,0,,,,,,"",""
ball,1,3.4,England,AJ Strauss,MJ Prior,Rubel Hossain,0,0,,,,,,"",""
ball,1,3.5,England,AJ Strauss,MJ Prior,Rubel Hossain,1,0,,,,,,"",""
ball,1,3.6,England,MJ Prior,AJ Strauss,Rubel Hossain,0,0,,,,,,"",""
ball,1,4.1,England,AJ Strauss,MJ Prior,Shafiul Islam,1,0,,,,,,"",""
ball,1,4.2,England,MJ Prior,AJ Strauss,Shafiul Islam,0,0,,,,,,"",""
ball,1,4.3,England,MJ Prior,AJ Strauss,Shafiul Islam,2,0,,,,,,"",""
ball,1,4.4,England,MJ Prior,AJ Strauss,Shafiul Islam,4,0,,,,,,"",""
ball,1,4.5,England,MJ Prior,AJ Strauss,Shafiul Islam,1,0,,,,,,"",""
ball,1,4.6,England,AJ Strauss,MJ Prior,Shafiul Islam,4,0,,,,,,"",""
ball,1,5.1,England,MJ Prior,AJ Strauss,Rubel Hossain,0,0,,,,,,"",""
ball,1,5.2,England,MJ Prior,AJ Strauss,Rubel Hossain,0,0,,,,,,"",""
ball,1,5.3,England,MJ Prior,AJ Strauss,Rubel Hossain,2,0,,,,,,"",""
ball,1,5.4,England,MJ Prior,AJ Strauss,Rubel Hossain,0,0,,,,,,"",""
ball,1,5.5,England,MJ Prior,AJ Strauss,Rubel Hossain,0,0,,,,,,"",""
ball,1,5.6,England,MJ Prior,AJ Strauss,Rubel Hossain,0,0,,,,,,"",""
ball,1,6.1,England,AJ Strauss,MJ Prior,Naeem Islam,0,0,,,,,,"",""
ball,1,6.2,England,AJ Strauss,MJ Prior,Naeem Islam,0,0,,,,,,"",""
ball,1,6.3,England,AJ Strauss,MJ Prior,Naeem Islam,0,0,,,,,,"",""
ball,1,6.4,England,AJ Strauss,MJ Prior,Naeem Islam,0,0,,,,,,"",""
ball,1,6.5,England,AJ Strauss,MJ Prior,Naeem Islam,0,0,,,,,,"",""
ball,1,6.6,England,AJ Strauss,MJ Prior,Naeem Islam,4,0,,,,,,"",""
ball,1,7.1,England,MJ Prior,AJ Strauss,Abdur Razzak,0,1,1,,,,,stumped,MJ Prior
ball,1,7.2,England,IJL Trott,AJ Strauss,Abdur Razzak,1,0,,,,,,"",""
ball,1,7.3,England,AJ Strauss,IJL Trott,Abdur Razzak,0,0,,,,,,"",""
ball,1,7.4,England,AJ Strauss,IJL Trott,Abdur Razzak,1,0,,,,,,"",""
ball,1,7.5,England,IJL Trott,AJ Strauss,Abdur Razzak,0,1,1,,,,,"",""
ball,1,7.6,England,IJL Trott,AJ Strauss,Abdur Razzak,0,0,,,,,,"",""
ball,1,7.7,England,IJL Trott,AJ Strauss,Abdur Razzak,0,0,,,,,,"",""
ball,1,7.8,England,IJL Trott,AJ Strauss,Abdur Razzak,0,0,,,,,,"",""
ball,1,8.1,England,AJ Strauss,IJL Trott,Naeem Islam,0,0,,,,,,"",""
ball,1,8.2,England,AJ Strauss,IJL Trott,Naeem Islam,0,0,,,,,,"",""
ball,1,8.3,England,AJ Strauss,IJL Trott,Naeem Islam,0,0,,,,,,"",""
ball,1,8.4,England,AJ Strauss,IJL Trott,Naeem Islam,0,0,,,,,,"",""
ball,1,8.5,England,AJ Strauss,IJL Trott,Naeem Islam,1,0,,,,,,"",""
ball,1,8.6,England,IJL Trott,AJ Strauss,Naeem Islam,1,0,,,,,,"",""
ball,1,9.1,England,IJL Trott,AJ Strauss,Abdur Razzak,0,0,,,,,,"",""
ball,1,9.2,England,IJL Trott,AJ Strauss,Abdur Razzak,0,0,,,,,,"",""
ball,1,9.3,England,IJL Trott,AJ Strauss,Abdur Razzak,0,0,,,,,,"",""
ball,1,9.4,England,IJL Trott,AJ Strauss,Abdur Razzak,0,0,,,,,,"",""
ball,1,9.5,England,IJL Trott,AJ Strauss,Abdur Razzak,0,0,,,,,,"",""
ball,1,9.6,England,IJL Trott,AJ Strauss,Abdur Razzak,0,0,,,,,,"",""
ball,1,10.1,England,AJ Strauss,IJL Trott,Naeem Islam,1,0,,,,,,"",""
ball,1,10.2,England,IJL Trott,AJ Strauss,Naeem Islam,1,0,,,,,,"",""
ball,1,10.3,England,AJ Strauss,IJL Trott,Naeem Islam,0,0,,,,,,caught,AJ Strauss
ball,1,10.4,England,IR Bell,IJL Trott,Naeem Islam,0,0,,,,,,"",""
ball,1,10.5,England,IR Bell,IJL Trott,Naeem Islam,1,0,,,,,,"",""
ball,1,10.6,England,IJL Trott,IR Bell,Naeem Islam,0,0,,,,,,"",""
ball,1,11.1,England,IR Bell,IJL Trott,Abdur Razzak,0,0,,,,,,"",""
ball,1,11.2,England,IR Bell,IJL Trott,Abdur Razzak,0,0,,,,,,"",""
ball,1,11.3,England,IR Bell,IJL Trott,Abdur Razzak,0,0,,,,,,"",""
ball,1,11.4,England,IR Bell,IJL Trott,Abdur Razzak,0,0,,,,,,"",""
ball,1,11.5,England,IR Bell,IJL Trott,Abdur Razzak,0,0,,,,,,"",""
ball,1,11.6,England,IR Bell,IJL Trott,Abdur Razzak,0,0,,,,,,"",""
ball,1,12.1,England,IJL Trott,IR Bell,Naeem Islam,1,0,,,,,,"",""
ball,1,12.2,England,IR Bell,IJL Trott,Naeem Islam,1,0,,,,,,"",""
ball,1,12.3,England,IJL Trott,IR Bell,Naeem Islam,0,0,,,,,,"",""
ball,1,12.4,England,IJL Trott,IR Bell,Naeem Islam,1,0,,,,,,"",""
ball,1,12.5,England,IR Bell,IJL Trott,Naeem Islam,0,0,,,,,,"",""
ball,1,12.6,England,IR Bell,IJL Trott,Naeem Islam,0,0,,,,,,"",""
ball,1,13.1,England,IJL Trott,IR Bell,Abdur Razzak,0,0,,,,,,"",""
ball,1,13.2,England,IJL Trott,IR Bell,Abdur Razzak,0,0,,,,,,"",""
ball,1,13.3,England,IJL Trott,IR Bell,Abdur Razzak,0,0,,,,,,"",""
ball,1,13.4,England,IJL Trott,IR Bell,Abdur Razzak,1,0,,,,,,"",""
ball,1,13.5,England,IR Bell,IJL Trott,Abdur Razzak,0,0,,,,,,"",""
ball,1,13.6,England,IR Bell,IJL Trott,Abdur Razzak,0,0,,,,,,"",""
ball,1,14.1,England,IJL Trott,IR Bell,Naeem Islam,0,0,,,,,,"",""
ball,1,14.2,England,IJL Trott,IR Bell,Naeem Islam,1,0,,,,,,"",""
ball,1,14.3,England,IR Bell,IJL Trott,Naeem Islam,1,0,,,,,,"",""
ball,1,14.4,England,IJL Trott,IR Bell,Naeem Islam,1,0,,,,,,"",""
ball,1,14.5,England,IR Bell,IJL Trott,Naeem Islam,0,0,,,,,,"",""
ball,1,14.6,England,IR Bell,IJL Trott,Naeem Islam,0,0,,,,,,"",""
ball,1,15.1,England,IJL Trott,IR Bell,Abdur Razzak,1,0,,,,,,"",""
ball,1,15.2,England,IR Bell,IJL Trott,Abdur Razzak,0,0,,,,,,"",""
ball,1,15.3,England,IR Bell,IJL Trott,Abdur Razzak,0,0,,,,,,"",""
ball,1,15.4,England,IR Bell,IJL Trott,Abdur Razzak,0,0,,,,,,"",""
ball,1,15.5,England,IR Bell,IJL Trott,Abdur Razzak,1,0,,,,,,"",""
ball,1,15.6,England,IJL Trott,IR Bell,Abdur Razzak,0,0,,,,,,"",""
ball,1,16.1,England,IR Bell,IJL Trott,Mahmudullah,0,0,,,,,,"",""
ball,1,16.2,England,IR Bell,IJL Trott,Mahmudullah,1,0,,,,,,"",""
ball,1,16.3,England,IJL Trott,IR Bell,Mahmudullah,3,0,,,,,,"",""
ball,1,16.4,England,IR Bell,IJL Trott,Mahmudullah,0,0,,,,,,caught,IR Bell
ball,1,16.5,England,EJG Morgan,IJL Trott,Mahmudullah,0,0,,,,,,"",""
ball,1,16.6,England,EJG Morgan,IJL Trott,Mahmudullah,1,0,,,,,,"",""
ball,1,17.1,England,EJG Morgan,IJL Trott,Abdur Razzak,0,0,,,,,,"",""
ball,1,17.2,England,EJG Morgan,IJL Trott,Abdur Razzak,0,0,,,,,,"",""
ball,1,17.3,England,EJG Morgan,IJL Trott,Abdur Razzak,1,0,,,,,,"",""
ball,1,17.4,England,IJL Trott,EJG Morgan,Abdur Razzak,0,0,,,,,,"",""
ball,1,17.5,England,IJL Trott,EJG Morgan,Abdur Razzak,0,0,,,,,,"",""
ball,1,17.6,England,IJL Trott,EJG Morgan,Abdur Razzak,0,0,,,,,,"",""
ball,1,18.1,England,EJG Morgan,IJL Trott,Mahmudullah,1,0,,,,,,"",""
ball,1,18.2,England,IJL Trott,EJG Morgan,Mahmudullah,0,0,,,,,,"",""
ball,1,18.3,England,IJL Trott,EJG Morgan,Mahmudullah,1,0,,,,,,"",""
ball,1,18.4,England,EJG Morgan,IJL Trott,Mahmudullah,1,0,,,,,,"",""
ball,1,18.5,England,IJL Trott,EJG Morgan,Mahmudullah,1,0,,,,,,"",""
ball,1,18.6,England,EJG Morgan,IJL Trott,Mahmudullah,0,0,,,,,,"",""
ball,1,19.1,England,IJL Trott,EJG Morgan,Abdur Razzak,0,0,,,,,,"",""
ball,1,19.2,England,IJL Trott,EJG Morgan,Abdur Razzak,2,0,,,,,,"",""
ball,1,19.3,England,IJL Trott,EJG Morgan,Abdur Razzak,1,0,,,,,,"",""
ball,1,19.4,England,EJG Morgan,IJL Trott,Abdur Razzak,1,0,,,,,,"",""
ball,1,19.5,England,IJL Trott,EJG Morgan,Abdur Razzak,1,0,,,,,,"",""
ball,1,19.6,England,EJG Morgan,IJL Trott,Abdur Razzak,0,0,,,,,,"",""
ball,1,20.1,England,IJL Trott,EJG Morgan,Mahmudullah,0,0,,,,,,"",""
ball,1,20.2,England,IJL Trott,EJG Morgan,Mahmudullah,1,0,,,,,,"",""
ball,1,20.3,England,EJG Morgan,IJL Trott,Mahmudullah,0,0,,,,,,"",""
ball,1,20.4,England,EJG Morgan,IJL Trott,Mahmudullah,4,0,,,,,,"",""
ball,1,20.5,England,EJG Morgan,IJL Trott,Mahmudullah,0,0,,,,,,"",""
ball,1,20.6,England,EJG Morgan,IJL Trott,Mahmudullah,1,0,,,,,,"",""
ball,1,21.1,England,EJG Morgan,IJL Trott,Shakib Al Hasan,4,0,,,,,,"",""
ball,1,21.2,England,EJG Morgan,IJL Trott,Shakib Al Hasan,0,0,,,,,,"",""
ball,1,21.3,England,EJG Morgan,IJL Trott,Shakib Al Hasan,1,0,,,,,,"",""
ball,1,21.4,England,IJL Trott,EJG Morgan,Shakib Al Hasan,0,0,,,,,,"",""
ball,1,21.5,England,IJL Trott,EJG Morgan,Shakib Al Hasan,0,0,,,,,,"",""
ball,1,21.6,England,IJL Trott,EJG Morgan,Shakib Al Hasan,0,0,,,,,,"",""
ball,1,22.1,England,EJG Morgan,IJL Trott,Mahmudullah,0,0,,,,,,"",""
ball,1,22.2,England,EJG Morgan,IJL Trott,Mahmudullah,1,0,,,,,,"",""
ball,1,22.3,England,IJL Trott,EJG Morgan,Mahmudullah,1,0,,,,,,"",""
ball,1,22.4,England,EJG Morgan,IJL Trott,Mahmudullah,0,0,,,,,,"",""
ball,1,22.5,England,EJG Morgan,IJL Trott,Mahmudullah,4,0,,,,,,"",""
ball,1,22.6,England,EJG Morgan,IJL Trott,Mahmudullah,1,0,,,,,,"",""
ball,1,23.1,England,EJG Morgan,IJL Trott,Shakib Al Hasan,1,0,,,,,,"",""
ball,1,23.2,England,IJL Trott,EJG Morgan,Shakib Al Hasan,0,0,,,,,,"",""
ball,1,23.3,England,IJL Trott,EJG Morgan,Shakib Al Hasan,0,0,,,,,,"",""
ball,1,23.4,England,IJL Trott,EJG Morgan,Shakib Al Hasan,2,0,,,,,,"",""
ball,1,23.5,England,IJL Trott,EJG Morgan,Shakib Al Hasan,1,0,,,,,,"",""
ball,1,23.6,England,EJG Morgan,IJL Trott,Shakib Al Hasan,0,0,,,,,,"",""
ball,1,24.1,England,IJL Trott,EJG Morgan,Mahmudullah,0,0,,,,,,"",""
ball,1,24.2,England,IJL Trott,EJG Morgan,Mahmudullah,1,0,,,,,,"",""
ball,1,24.3,England,EJG Morgan,IJL Trott,Mahmudullah,4,0,,,,,,"",""
ball,1,24.4,England,EJG Morgan,IJL Trott,Mahmudullah,1,0,,,,,,"",""
ball,1,24.5,England,IJL Trott,EJG Morgan,Mahmudullah,1,0,,,,,,"",""
ball,1,24.6,England,EJG Morgan,IJL Trott,Mahmudullah,1,0,,,,,,"",""
ball,1,25.1,England,EJG Morgan,IJL Trott,Rubel Hossain,4,0,,,,,,"",""
ball,1,25.2,England,EJG Morgan,IJL Trott,Rubel Hossain,0,1,1,,,,,"",""
ball,1,25.3,England,EJG Morgan,IJL Trott,Rubel Hossain,0,0,,,,,,"",""
ball,1,25.4,England,EJG Morgan,IJL Trott,Rubel Hossain,0,0,,,,,,"",""
ball,1,25.5,England,EJG Morgan,IJL Trott,Rubel Hossain,0,0,,,,,,"",""
ball,1,25.6,England,EJG Morgan,IJL Trott,Rubel Hossain,0,0,,,,,,"",""
ball,1,25.7,England,EJG Morgan,IJL Trott,Rubel Hossain,0,0,,,,,,"",""
ball,1,26.1,England,IJL Trott,EJG Morgan,Naeem Islam,1,0,,,,,,"",""
ball,1,26.2,England,EJG Morgan,IJL Trott,Naeem Islam,0,0,,,,,,"",""
ball,1,26.3,England,EJG Morgan,IJL Trott,Naeem Islam,1,0,,,,,,"",""
ball,1,26.4,England,IJL Trott,EJG Morgan,Naeem Islam,0,0,,,,,,"",""
ball,1,26.5,England,IJL Trott,EJG Morgan,Naeem Islam,0,0,,,,,,"",""
ball,1,26.6,England,IJL Trott,EJG Morgan,Naeem Islam,3,0,,,,,,"",""
ball,1,27.1,England,IJL Trott,EJG Morgan,Rubel Hossain,4,0,,,,,,"",""
ball,1,27.2,England,IJL Trott,EJG Morgan,Rubel Hossain,1,0,,,,,,"",""
ball,1,27.3,England,EJG Morgan,IJL Trott,Rubel Hossain,0,0,,,,,,"",""
ball,1,27.4,England,EJG Morgan,IJL Trott,Rubel Hossain,0,0,,,,,,"",""
ball,1,27.5,England,EJG Morgan,IJL Trott,Rubel Hossain,0,2,,,,2,,"",""
ball,1,27.6,England,EJG Morgan,IJL Trott,Rubel Hossain,0,0,,,,,,"",""
ball,1,28.1,England,IJL Trott,EJG Morgan,Naeem Islam,2,0,,,,,,"",""
ball,1,28.2,England,IJL Trott,EJG Morgan,Naeem Islam,1,0,,,,,,"",""
ball,1,28.3,England,EJG Morgan,IJL Trott,Naeem Islam,4,0,,,,,,"",""
ball,1,28.4,England,EJG Morgan,IJL Trott,Naeem Islam,0,0,,,,,,"",""
ball,1,28.5,England,EJG Morgan,IJL Trott,Naeem Islam,0,0,,,,,,"",""
ball,1,28.6,England,EJG Morgan,IJL Trott,Naeem Islam,0,0,,,,,,"",""
ball,1,29.1,England,IJL Trott,EJG Morgan,Rubel Hossain,1,0,,,,,,"",""
ball,1,29.2,England,EJG Morgan,IJL Trott,Rubel Hossain,0,0,,,,,,"",""
ball,1,29.3,England,EJG Morgan,IJL Trott,Rubel Hossain,0,0,,,,,,"",""
ball,1,29.4,England,EJG Morgan,IJL Trott,Rubel Hossain,0,0,,,,,,"",""
ball,1,29.5,England,EJG Morgan,IJL Trott,Rubel Hossain,4,0,,,,,,"",""
ball,1,29.6,England,EJG Morgan,IJL Trott,Rubel Hossain,0,0,,,,,,"",""
ball,1,30.1,England,IJL Trott,EJG Morgan,Shafiul Islam,0,0,,,,,,"",""
ball,1,30.2,England,IJL Trott,EJG Morgan,Shafiul Islam,0,0,,,,,,"",""
ball,1,30.3,England,IJL Trott,EJG Morgan,Shafiul Islam,1,0,,,,,,"",""
ball,1,30.4,England,EJG Morgan,IJL Trott,Shafiul Islam,1,0,,,,,,"",""
ball,1,30.5,England,IJL Trott,EJG Morgan,Shafiul Islam,0,0,,,,,,"",""
ball,1,30.6,England,IJL Trott,EJG Morgan,Shafiul Islam,1,0,,,,,,"",""
ball,1,31.1,England,IJL Trott,EJG Morgan,Shakib Al Hasan,1,0,,,,,,"",""
ball,1,31.2,England,EJG Morgan,IJL Trott,Shakib Al Hasan,0,0,,,,,,"",""
ball,1,31.3,England,EJG Morgan,IJL Trott,Shakib Al Hasan,2,0,,,,,,"",""
ball,1,31.4,England,EJG Morgan,IJL Trott,Shakib Al Hasan,1,0,,,,,,"",""
ball,1,31.5,England,IJL Trott,EJG Morgan,Shakib Al Hasan,2,0,,,,,,"",""
ball,1,31.6,England,IJL Trott,EJG Morgan,Shakib Al Hasan,0,0,,,,,,"",""
ball,1,32.1,England,EJG Morgan,IJL Trott,Shafiul Islam,1,0,,,,,,"",""
ball,1,32.2,England,IJL Trott,EJG Morgan,Shafiul Islam,0,0,,,,,,"",""
ball,1,32.3,England,IJL Trott,EJG Morgan,Shafiul Islam,1,0,,,,,,"",""
ball,1,32.4,England,EJG Morgan,IJL Trott,Shafiul Islam,0,0,,,,,,"",""
ball,1,32.5,England,EJG Morgan,IJL Trott,Shafiul Islam,0,0,,,,,,"",""
ball,1,32.6,England,EJG Morgan,IJL Trott,Shafiul Islam,0,0,,,,,,"",""
ball,1,33.1,England,IJL Trott,EJG Morgan,Shakib Al Hasan,0,0,,,,,,"",""
ball,1,33.2,England,IJL Trott,EJG Morgan,Shakib Al Hasan,1,0,,,,,,"",""
ball,1,33.3,England,EJG Morgan,IJL Trott,Shakib Al Hasan,1,0,,,,,,"",""
ball,1,33.4,England,IJL Trott,EJG Morgan,Shakib Al Hasan,0,0,,,,,,"",""
ball,1,33.5,England,IJL Trott,EJG Morgan,Shakib Al Hasan,1,0,,,,,,"",""
ball,1,33.6,England,EJG Morgan,IJL Trott,Shakib Al Hasan,2,0,,,,,,"",""
ball,1,34.1,England,IJL Trott,EJG Morgan,Shafiul Islam,1,0,,,,,,"",""
ball,1,34.2,England,EJG Morgan,IJL Trott,Shafiul Islam,0,0,,,,,,"",""
ball,1,34.3,England,EJG Morgan,IJL Trott,Shafiul Islam,1,0,,,,,,"",""
ball,1,34.4,England,IJL Trott,EJG Morgan,Shafiul Islam,1,0,,,,,,"",""
ball,1,34.5,England,EJG Morgan,IJL Trott,Shafiul Islam,0,0,,,,,,"",""
ball,1,34.6,England,EJG Morgan,IJL Trott,Shafiul Islam,2,0,,,,,,"",""
ball,1,35.1,England,IJL Trott,EJG Morgan,Shakib Al Hasan,0,0,,,,,,"",""
ball,1,35.2,England,IJL Trott,EJG Morgan,Shakib Al Hasan,1,0,,,,,,"",""
ball,1,35.3,England,EJG Morgan,IJL Trott,Shakib Al Hasan,1,0,,,,,,"",""
ball,1,35.4,England,IJL Trott,EJG Morgan,Shakib Al Hasan,0,0,,,,,,"",""
ball,1,35.5,England,IJL Trott,EJG Morgan,Shakib Al Hasan,1,0,,,,,,"",""
ball,1,35.6,England,EJG Morgan,IJL Trott,Shakib Al Hasan,0,0,,,,,,"",""
ball,1,36.1,England,IJL Trott,EJG Morgan,Shafiul Islam,1,0,,,,,,"",""
ball,1,36.2,England,EJG Morgan,IJL Trott,Shafiul Islam,1,0,,,,,,"",""
ball,1,36.3,England,IJL Trott,EJG Morgan,Shafiul Islam,1,0,,,,,,"",""
ball,1,36.4,England,EJG Morgan,IJL Trott,Shafiul Islam,2,0,,,,,,"",""
ball,1,36.5,England,EJG Morgan,IJL Trott,Shafiul Islam,0,0,,,,,,"",""
ball,1,36.6,England,EJG Morgan,IJL Trott,Shafiul Islam,4,0,,,,,,"",""
ball,1,37.1,England,IJL Trott,EJG Morgan,Shakib Al Hasan,1,0,,,,,,"",""
ball,1,37.2,England,EJG Morgan,IJL Trott,Shakib Al Hasan,0,0,,,,,,"",""
ball,1,37.3,England,EJG Morgan,IJL Trott,Shakib Al Hasan,2,0,,,,,,"",""
ball,1,37.4,England,EJG Morgan,IJL Trott,Shakib Al Hasan,1,0,,,,,,"",""
ball,1,37.5,England,IJL Trott,EJG Morgan,Shakib Al Hasan,0,0,,,,,,"",""
ball,1,37.6,England,IJL Trott,EJG Morgan,Shakib Al Hasan,1,0,,,,,,"",""
ball,1,38.1,England,IJL Trott,EJG Morgan,Naeem Islam,0,0,,,,,,"",""
ball,1,38.2,England,IJL Trott,EJG Morgan,Naeem Islam,0,0,,,,,,"",""
ball,1,38.3,England,IJL Trott,EJG Morgan,Naeem Islam,1,0,,,,,,"",""
ball,1,38.4,England,EJG Morgan,IJL Trott,Naeem Islam,0,0,,,,,,caught,EJG Morgan
ball,1,38.5,England,RS Bopara,IJL Trott,Naeem Islam,0,0,,,,,,"",""
ball,1,38.6,England,RS Bopara,IJL Trott,Naeem Islam,1,0,,,,,,"",""
ball,1,39.1,England,RS Bopara,IJL Trott,Shakib Al Hasan,0,0,,,,,,"",""
ball,1,39.2,England,RS Bopara,IJL Trott,Shakib Al Hasan,1,0,,,,,,"",""
ball,1,39.3,England,IJL Trott,RS Bopara,Shakib Al Hasan,4,0,,,,,,"",""
ball,1,39.4,England,IJL Trott,RS Bopara,Shakib Al Hasan,0,0,,,,,,"",""
ball,1,39.5,England,IJL Trott,RS Bopara,Shakib Al Hasan,0,0,,,,,,"",""
ball,1,39.6,England,IJL Trott,RS Bopara,Shakib Al Hasan,1,0,,,,,,"",""
ball,1,40.1,England,IJL Trott,RS Bopara,Abdur Razzak,3,0,,,,,,"",""
ball,1,40.2,England,RS Bopara,IJL Trott,Abdur Razzak,0,0,,,,,,"",""
ball,1,40.3,England,RS Bopara,IJL Trott,Abdur Razzak,0,0,,,,,,"",""
ball,1,40.4,England,RS Bopara,IJL Trott,Abdur Razzak,0,0,,,,,,"",""
ball,1,40.5,England,RS Bopara,IJL Trott,Abdur Razzak,1,0,,,,,,"",""
ball,1,40.6,England,IJL Trott,RS Bopara,Abdur Razzak,1,0,,,,,,"",""
ball,1,41.1,England,IJL Trott,RS Bopara,Shakib Al Hasan,1,0,,,,,,"",""
ball,1,41.2,England,RS Bopara,IJL Trott,Shakib Al Hasan,0,0,,,,,,"",""
ball,1,41.3,England,RS Bopara,IJL Trott,Shakib Al Hasan,1,0,,,,,,"",""
ball,1,41.4,England,IJL Trott,RS Bopara,Shakib Al Hasan,1,0,,,,,,"",""
ball,1,41.5,England,RS Bopara,IJL Trott,Shakib Al Hasan,0,0,,,,,,"",""
ball,1,41.6,England,RS Bopara,IJL Trott,Shakib Al Hasan,1,0,,,,,,"",""
ball,1,42.1,England,RS Bopara,IJL Trott,Abdur Razzak,1,0,,,,,,"",""
ball,1,42.2,England,IJL Trott,RS Bopara,Abdur Razzak,0,0,,,,,,"",""
ball,1,42.3,England,IJL Trott,RS Bopara,Abdur Razzak,0,0,,,,,,"",""
ball,1,42.4,England,IJL Trott,RS Bopara,Abdur Razzak,0,0,,,,,,"",""
ball,1,42.5,England,IJL Trott,RS Bopara,Abdur Razzak,1,0,,,,,,"",""
ball,1,42.6,England,RS Bopara,IJL Trott,Abdur Razzak,1,0,,,,,,"",""
ball,1,43.1,England,RS Bopara,IJL Trott,Shakib Al Hasan,0,0,,,,,,"",""
ball,1,43.2,England,RS Bopara,IJL Trott,Shakib Al Hasan,0,0,,,,,,"",""
ball,1,43.3,England,RS Bopara,IJL Trott,Shakib Al Hasan,1,0,,,,,,"",""
ball,1,43.4,England,IJL Trott,RS Bopara,Shakib Al Hasan,0,0,,,,,,caught,IJL Trott
ball,1,43.5,England,RS Bopara,GP Swann,Shakib Al Hasan,1,0,,,,,,"",""
ball,1,43.6,England,GP Swann,RS Bopara,Shakib Al Hasan,4,0,,,,,,"",""
ball,1,44.1,England,RS Bopara,GP Swann,Abdur Razzak,1,0,,,,,,"",""
ball,1,44.2,England,GP Swann,RS Bopara,Abdur Razzak,1,0,,,,,,"",""
ball,1,44.3,England,RS Bopara,GP Swann,Abdur Razzak,4,0,,,,,,"",""
ball,1,44.4,England,RS Bopara,GP Swann,Abdur Razzak,2,0,,,,,,"",""
ball,1,44.5,England,RS Bopara,GP Swann,Abdur Razzak,0,0,,,,,,caught,RS Bopara
ball,1,44.6,England,PD Collingwood,GP Swann,Abdur Razzak,0,3,3,,,,,"",""
ball,1,44.7,England,PD Collingwood,GP Swann,Abdur Razzak,0,0,,,,,,"",""
ball,1,45.1,England,GP Swann,PD Collingwood,Rubel Hossain,0,0,,,,,,"",""
ball,1,45.2,England,GP Swann,PD Collingwood,Rubel Hossain,1,0,,,,,,"",""
ball,1,45.3,England,PD Collingwood,GP Swann,Rubel Hossain,2,0,,,,,,"",""
ball,1,45.4,England,PD Collingwood,GP Swann,Rubel Hossain,1,0,,,,,,"",""
ball,1,45.5,England,GP Swann,PD Collingwood,Rubel Hossain,4,0,,,,,,"",""
ball,1,45.6,England,GP Swann,PD Collingwood,Rubel Hossain,1,0,,,,,,"",""
ball,1,46.1,England,GP Swann,PD Collingwood,Shakib Al Hasan,1,0,,,,,,"",""
ball,1,46.2,England,PD Collingwood,GP Swann,Shakib Al Hasan,0,0,,,,,,"",""
ball,1,46.3,England,PD Collingwood,GP Swann,Shakib Al Hasan,1,0,,,,,,"",""
ball,1,46.4,England,GP Swann,PD Collingwood,Shakib Al Hasan,0,0,,,,,,caught and bowled,GP Swann
ball,1,46.5,England,PD Collingwood,TT Bresnan,Shakib Al Hasan,1,0,,,,,,"",""
ball,1,46.6,England,TT Bresnan,PD Collingwood,Shakib Al Hasan,2,0,,,,,,"",""
ball,1,47.1,England,PD Collingwood,TT Bresnan,Rubel Hossain,2,0,,,,,,"",""
ball,1,47.2,England,PD Collingwood,TT Bresnan,Rubel Hossain,1,0,,,,,,"",""
ball,1,47.3,England,TT Bresnan,PD Collingwood,Rubel Hossain,0,0,,,,,,caught,TT Bresnan
ball,1,47.4,England,PD Collingwood,A Shahzad,Rubel Hossain,1,0,,,,,,"",""
ball,1,47.5,England,A Shahzad,PD Collingwood,Rubel Hossain,0,0,,,,,,"",""
ball,1,47.6,England,A Shahzad,PD Collingwood,Rubel Hossain,1,0,,,,,,"",""
ball,1,48.1,England,A Shahzad,PD Collingwood,Shafiul Islam,0,0,,,,,,bowled,A Shahzad
ball,1,48.2,England,JM Anderson,PD Collingwood,Shafiul Islam,0,0,,,,,,"",""
ball,1,48.3,England,JM Anderson,PD Collingwood,Shafiul Islam,0,1,1,,,,,"",""
ball,1,48.4,England,JM Anderson,PD Collingwood,Shafiul Islam,0,0,,,,,,"",""
ball,1,48.5,England,JM Anderson,PD Collingwood,Shafiul Islam,0,0,,,,,,"",""
ball,1,48.6,England,JM Anderson,PD Collingwood,Shafiul Islam,1,0,,,,,,"",""
ball,1,48.7,England,PD Collingwood,JM Anderson,Shafiul Islam,0,0,,,,,,"",""
ball,1,49.1,England,JM Anderson,PD Collingwood,Rubel Hossain,1,0,,,,,,"",""
ball,1,49.2,England,PD Collingwood,JM Anderson,Rubel Hossain,2,0,,,,,,"",""
ball,1,49.3,England,PD Collingwood,JM Anderson,Rubel Hossain,2,0,,,,,,"",""
ball,1,49.4,England,PD Collingwood,JM Anderson,Rubel Hossain,1,0,,,,,,run out,PD Collingwood
ball,2,0.1,Bangladesh,Tamim Iqbal,Imrul Kayes,JM Anderson,2,0,,,,,,"",""
ball,2,0.2,Bangladesh,Tamim Iqbal,Imrul Kayes,JM Anderson,0,1,,,,1,,"",""
ball,2,0.3,Bangladesh,Imrul Kayes,Tamim Iqbal,JM Anderson,0,0,,,,,,"",""
ball,2,0.4,Bangladesh,Imrul Kayes,Tamim Iqbal,JM Anderson,0,0,,,,,,"",""
ball,2,0.5,Bangladesh,Imrul Kayes,Tamim Iqbal,JM Anderson,0,0,,,,,,"",""
ball,2,0.6,Bangladesh,Imrul Kayes,Tamim Iqbal,JM Anderson,0,0,,,,,,"",""
ball,2,1.1,Bangladesh,Tamim Iqbal,Imrul Kayes,A Shahzad,0,0,,,,,,"",""
ball,2,1.2,Bangladesh,Tamim Iqbal,Imrul Kayes,A Shahzad,2,0,,,,,,"",""
ball,2,1.3,Bangladesh,Tamim Iqbal,Imrul Kayes,A Shahzad,3,0,,,,,,"",""
ball,2,1.4,Bangladesh,Imrul Kayes,Tamim Iqbal,A Shahzad,1,0,,,,,,"",""
ball,2,1.5,Bangladesh,Tamim Iqbal,Imrul Kayes,A Shahzad,1,0,,,,,,"",""
ball,2,1.6,Bangladesh,Imrul Kayes,Tamim Iqbal,A Shahzad,0,0,,,,,,"",""
ball,2,2.1,Bangladesh,Tamim Iqbal,Imrul Kayes,JM Anderson,0,0,,,,,,"",""
ball,2,2.2,Bangladesh,Tamim Iqbal,Imrul Kayes,JM Anderson,1,0,,,,,,"",""
ball,2,2.3,Bangladesh,Imrul Kayes,Tamim Iqbal,JM Anderson,0,0,,,,,,"",""
ball,2,2.4,Bangladesh,Imrul Kayes,Tamim Iqbal,JM Anderson,0,0,,,,,,"",""
ball,2,2.5,Bangladesh,Imrul Kayes,Tamim Iqbal,JM Anderson,1,0,,,,,,"",""
ball,2,2.6,Bangladesh,Tamim Iqbal,Imrul Kayes,JM Anderson,4,0,,,,,,"",""
ball,2,3.1,Bangladesh,Imrul Kayes,Tamim Iqbal,A Shahzad,1,0,,,,,,"",""
ball,2,3.2,Bangladesh,Tamim Iqbal,Imrul Kayes,A Shahzad,4,0,,,,,,"",""
ball,2,3.3,Bangladesh,Tamim Iqbal,Imrul Kayes,A Shahzad,0,0,,,,,,"",""
ball,2,3.4,Bangladesh,Tamim Iqbal,Imrul Kayes,A Shahzad,0,0,,,,,,"",""
ball,2,3.5,Bangladesh,Tamim Iqbal,Imrul Kayes,A Shahzad,1,0,,,,,,"",""
ball,2,3.6,Bangladesh,Imrul Kayes,Tamim Iqbal,A Shahzad,0,0,,,,,,"",""
ball,2,4.1,Bangladesh,Tamim Iqbal,Imrul Kayes,JM Anderson,3,0,,,,,,"",""
ball,2,4.2,Bangladesh,Imrul Kayes,Tamim Iqbal,JM Anderson,0,0,,,,,,"",""
ball,2,4.3,Bangladesh,Imrul Kayes,Tamim Iqbal,JM Anderson,0,0,,,,,,"",""
ball,2,4.4,Bangladesh,Imrul Kayes,Tamim Iqbal,JM Anderson,0,0,,,,,,"",""
ball,2,4.5,Bangladesh,Imrul Kayes,Tamim Iqbal,JM Anderson,1,0,,,,,,"",""
ball,2,4.6,Bangladesh,Tamim Iqbal,Imrul Kayes,JM Anderson,4,0,,,,,,"",""
ball,2,5.1,Bangladesh,Imrul Kayes,Tamim Iqbal,TT Bresnan,0,0,,,,,,"",""
ball,2,5.2,Bangladesh,Imrul Kayes,Tamim Iqbal,TT Bresnan,4,0,,,,,,"",""
ball,2,5.3,Bangladesh,Imrul Kayes,Tamim Iqbal,TT Bresnan,0,0,,,,,,"",""
ball,2,5.4,Bangladesh,Imrul Kayes,Tamim Iqbal,TT Bresnan,1,0,,,,,,"",""
ball,2,5.5,Bangladesh,Tamim Iqbal,Imrul Kayes,TT Bresnan,1,0,,,,,,"",""
ball,2,5.6,Bangladesh,Imrul Kayes,Tamim Iqbal,TT Bresnan,0,0,,,,,,"",""
ball,2,6.1,Bangladesh,Tamim Iqbal,Imrul Kayes,JM Anderson,0,0,,,,,,"",""
ball,2,6.2,Bangladesh,Tamim Iqbal,Imrul Kayes,JM Anderson,4,0,,,,,,"",""
ball,2,6.3,Bangladesh,Tamim Iqbal,Imrul Kayes,JM Anderson,0,0,,,,,,"",""
ball,2,6.4,Bangladesh,Tamim Iqbal,Imrul Kayes,JM Anderson,2,0,,,,,,"",""
ball,2,6.5,Bangladesh,Tamim Iqbal,Imrul Kayes,JM Anderson,0,0,,,,,,"",""
ball,2,6.6,Bangladesh,Tamim Iqbal,Imrul Kayes,JM Anderson,4,0,,,,,,"",""
ball,2,7.1,Bangladesh,Imrul Kayes,Tamim Iqbal,GP Swann,4,0,,,,,,"",""
ball,2,7.2,Bangladesh,Imrul Kayes,Tamim Iqbal,GP Swann,0,0,,,,,,"",""
ball,2,7.3,Bangladesh,Imrul Kayes,Tamim Iqbal,GP Swann,0,0,,,,,,"",""
ball,2,7.4,Bangladesh,Imrul Kayes,Tamim Iqbal,GP Swann,0,0,,,,,,"",""
ball,2,7.5,Bangladesh,Imrul Kayes,Tamim Iqbal,GP Swann,0,0,,,,,,"",""
ball,2,7.6,Bangladesh,Imrul Kayes,Tamim Iqbal,GP Swann,0,0,,,,,,"",""
ball,2,8.1,Bangladesh,Tamim Iqbal,Imrul Kayes,TT Bresnan,0,0,,,,,,"",""
ball,2,8.2,Bangladesh,Tamim Iqbal,Imrul Kayes,TT Bresnan,2,0,,,,,,"",""
ball,2,8.3,Bangladesh,Tamim Iqbal,Imrul Kayes,TT Bresnan,0,0,,,,,,"",""
ball,2,8.4,Bangladesh,Tamim Iqbal,Imrul Kayes,TT Bresnan,0,0,,,,,,bowled,Tamim Iqbal
ball,2,8.5,Bangladesh,Junaid Siddique,Imrul Kayes,TT Bresnan,0,0,,,,,,"",""
ball,2,8.6,Bangladesh,Junaid Siddique,Imrul Kayes,TT Bresnan,1,0,,,,,,"",""
ball,2,9.1,Bangladesh,Junaid Siddique,Imrul Kayes,GP Swann,0,0,,,,,,"",""
ball,2,9.2,Bangladesh,Junaid Siddique,Imrul Kayes,GP Swann,4,0,,,,,,"",""
ball,2,9.3,Bangladesh,Junaid Siddique,Imrul Kayes,GP Swann,1,0,,,,,,"",""
ball,2,9.4,Bangladesh,Imrul Kayes,Junaid Siddique,GP Swann,0,0,,,,,,"",""
ball,2,9.5,Bangladesh,Imrul Kayes,Junaid Siddique,GP Swann,0,0,,,,,,"",""
ball,2,9.6,Bangladesh,Imrul Kayes,Junaid Siddique,GP Swann,0,0,,,,,,"",""
ball,2,10.1,Bangladesh,Junaid Siddique,Imrul Kayes,TT Bresnan,4,0,,,,,,"",""
ball,2,10.2,Bangladesh,Junaid Siddique,Imrul Kayes,TT Bresnan,0,0,,,,,,"",""
ball,2,10.3,Bangladesh,Junaid Siddique,Imrul Kayes,TT Bresnan,0,0,,,,,,"",""
ball,2,10.4,Bangladesh,Junaid Siddique,Imrul Kayes,TT Bresnan,1,0,,,,,,"",""
ball,2,10.5,Bangladesh,Imrul Kayes,Junaid Siddique,TT Bresnan,2,0,,,,,,"",""
ball,2,10.6,Bangladesh,Imrul Kayes,Junaid Siddique,TT Bresnan,0,0,,,,,,"",""
ball,2,11.1,Bangladesh,Junaid Siddique,Imrul Kayes,GP Swann,1,0,,,,,,"",""
ball,2,11.2,Bangladesh,Imrul Kayes,Junaid Siddique,GP Swann,2,0,,,,,,"",""
ball,2,11.3,Bangladesh,Imrul Kayes,Junaid Siddique,GP Swann,0,0,,,,,,"",""
ball,2,11.4,Bangladesh,Imrul Kayes,Junaid Siddique,GP Swann,0,0,,,,,,"",""
ball,2,11.5,Bangladesh,Imrul Kayes,Junaid Siddique,GP Swann,1,0,,,,,,"",""
ball,2,11.6,Bangladesh,Junaid Siddique,Imrul Kayes,GP Swann,0,0,,,,,,"",""
ball,2,12.1,Bangladesh,Imrul Kayes,Junaid Siddique,TT Bresnan,1,0,,,,,,"",""
ball,2,12.2,Bangladesh,Junaid Siddique,Imrul Kayes,TT Bresnan,0,0,,,,,,run out,Junaid Siddique
ball,2,12.3,Bangladesh,Imrul Kayes,Raqibul Hasan,TT Bresnan,0,0,,,,,,"",""
ball,2,12.4,Bangladesh,Imrul Kayes,Raqibul Hasan,TT Bresnan,0,0,,,,,,"",""
ball,2,12.5,Bangladesh,Imrul Kayes,Raqibul Hasan,TT Bresnan,1,0,,,,,,"",""
ball,2,12.6,Bangladesh,Raqibul Hasan,Imrul Kayes,TT Bresnan,0,0,,,,,,"",""
ball,2,13.1,Bangladesh,Imrul Kayes,Raqibul Hasan,A Shahzad,0,0,,,,,,"",""
ball,2,13.2,Bangladesh,Imrul Kayes,Raqibul Hasan,A Shahzad,0,0,,,,,,"",""
ball,2,13.3,Bangladesh,Imrul Kayes,Raqibul Hasan,A Shahzad,0,0,,,,,,"",""
ball,2,13.4,Bangladesh,Imrul Kayes,Raqibul Hasan,A Shahzad,0,2,2,,,,,"",""
ball,2,13.5,Bangladesh,Raqibul Hasan,Imrul Kayes,A Shahzad,0,0,,,,,,bowled,Raqibul Hasan
ball,2,13.6,Bangladesh,Shakib Al Hasan,Imrul Kayes,A Shahzad,0,0,,,,,,"",""
ball,2,13.7,Bangladesh,Shakib Al Hasan,Imrul Kayes,A Shahzad,1,0,,,,,,"",""
ball,2,14.1,Bangladesh,Shakib Al Hasan,Imrul Kayes,TT Bresnan,0,0,,,,,,"",""
ball,2,14.2,Bangladesh,Shakib Al Hasan,Imrul Kayes,TT Bresnan,0,0,,,,,,"",""
ball,2,14.3,Bangladesh,Shakib Al Hasan,Imrul Kayes,TT Bresnan,1,0,,,,,,"",""
ball,2,14.4,Bangladesh,Imrul Kayes,Shakib Al Hasan,TT Bresnan,0,0,,,,,,"",""
ball,2,14.5,Bangladesh,Imrul Kayes,Shakib Al Hasan,TT Bresnan,0,0,,,,,,"",""
ball,2,14.6,Bangladesh,Imrul Kayes,Shakib Al Hasan,TT Bresnan,0,0,,,,,,"",""
ball,2,15.1,Bangladesh,Shakib Al Hasan,Imrul Kayes,A Shahzad,0,0,,,,,,"",""
ball,2,15.2,Bangladesh,Shakib Al Hasan,Imrul Kayes,A Shahzad,1,0,,,,,,"",""
ball,2,15.3,Bangladesh,Imrul Kayes,Shakib Al Hasan,A Shahzad,0,5,5,,,,,"",""
ball,2,15.4,Bangladesh,Imrul Kayes,Shakib Al Hasan,A Shahzad,0,0,,,,,,"",""
ball,2,15.5,Bangladesh,Imrul Kayes,Shakib Al Hasan,A Shahzad,0,0,,,,,,"",""
ball,2,15.6,Bangladesh,Imrul Kayes,Shakib Al Hasan,A Shahzad,0,0,,,,,,"",""
ball,2,15.7,Bangladesh,Imrul Kayes,Shakib Al Hasan,A Shahzad,0,1,1,,,,,"",""
ball,2,15.8,Bangladesh,Imrul Kayes,Shakib Al Hasan,A Shahzad,1,0,,,,,,"",""
ball,2,16.1,Bangladesh,Imrul Kayes,Shakib Al Hasan,RS Bopara,0,0,,,,,,"",""
ball,2,16.2,Bangladesh,Imrul Kayes,Shakib Al Hasan,RS Bopara,1,0,,,,,,"",""
ball,2,16.3,Bangladesh,Shakib Al Hasan,Imrul Kayes,RS Bopara,0,1,1,,,,,"",""
ball,2,16.4,Bangladesh,Shakib Al Hasan,Imrul Kayes,RS Bopara,1,0,,,,,,"",""
ball,2,16.5,Bangladesh,Imrul Kayes,Shakib Al Hasan,RS Bopara,0,1,1,,,,,"",""
ball,2,16.6,Bangladesh,Imrul Kayes,Shakib Al Hasan,RS Bopara,1,0,,,,,,"",""
ball,2,16.7,Bangladesh,Shakib Al Hasan,Imrul Kayes,RS Bopara,0,0,,,,,,"",""
ball,2,16.8,Bangladesh,Shakib Al Hasan,Imrul Kayes,RS Bopara,0,0,,,,,,"",""
ball,2,17.1,Bangladesh,Imrul Kayes,Shakib Al Hasan,A Shahzad,0,0,,,,,,"",""
ball,2,17.2,Bangladesh,Imrul Kayes,Shakib Al Hasan,A Shahzad,0,1,,,,1,,"",""
ball,2,17.3,Bangladesh,Shakib Al Hasan,Imrul Kayes,A Shahzad,0,0,,,,,,"",""
ball,2,17.4,Bangladesh,Shakib Al Hasan,Imrul Kayes,A Shahzad,1,0,,,,,,"",""
ball,2,17.5,Bangladesh,Imrul Kayes,Shakib Al Hasan,A Shahzad,0,0,,,,,,"",""
ball,2,17.6,Bangladesh,Imrul Kayes,Shakib Al Hasan,A Shahzad,2,0,,,,,,"",""
ball,2,18.1,Bangladesh,Shakib Al Hasan,Imrul Kayes,RS Bopara,0,0,,,,,,"",""
ball,2,18.2,Bangladesh,Shakib Al Hasan,Imrul Kayes,RS Bopara,1,0,,,,,,"",""
ball,2,18.3,Bangladesh,Imrul Kayes,Shakib Al Hasan,RS Bopara,4,0,,,,,,"",""
ball,2,18.4,Bangladesh,Imrul Kayes,Shakib Al Hasan,RS Bopara,0,0,,,,,,"",""
ball,2,18.5,Bangladesh,Imrul Kayes,Shakib Al Hasan,RS Bopara,0,0,,,,,,"",""
ball,2,18.6,Bangladesh,Imrul Kayes,Shakib Al Hasan,RS Bopara,1,0,,,,,,"",""
ball,2,19.1,Bangladesh,Imrul Kayes,Shakib Al Hasan,A Shahzad,0,0,,,,,,"",""
ball,2,19.2,Bangladesh,Imrul Kayes,Shakib Al Hasan,A Shahzad,1,0,,,,,,"",""
ball,2,19.3,Bangladesh,Shakib Al Hasan,Imrul Kayes,A Shahzad,1,0,,,,,,"",""
ball,2,19.4,Bangladesh,Imrul Kayes,Shakib Al Hasan,A Shahzad,0,1,1,,,,,"",""
ball,2,19.5,Bangladesh,Imrul Kayes,Shakib Al Hasan,A Shahzad,4,0,,,,,,"",""
ball,2,19.6,Bangladesh,Imrul Kayes,Shakib Al Hasan,A Shahzad,0,0,,,,,,"",""
ball,2,19.7,Bangladesh,Imrul Kayes,Shakib Al Hasan,A Shahzad,0,0,,,,,,"",""
ball,2,20.1,Bangladesh,Shakib Al Hasan,Imrul Kayes,JM Anderson,0,0,,,,,,"",""
ball,2,20.2,Bangladesh,Shakib Al Hasan,Imrul Kayes,JM Anderson,0,0,,,,,,"",""
ball,2,20.3,Bangladesh,Shakib Al Hasan,Imrul Kayes,JM Anderson,4,0,,,,,,"",""
ball,2,20.4,Bangladesh,Shakib Al Hasan,Imrul Kayes,JM Anderson,1,0,,,,,,"",""
ball,2,20.5,Bangladesh,Imrul Kayes,Shakib Al Hasan,JM Anderson,1,0,,,,,,"",""
ball,2,20.6,Bangladesh,Shakib Al Hasan,Imrul Kayes,JM Anderson,0,0,,,,,,"",""
ball,2,21.1,Bangladesh,Imrul Kayes,Shakib Al Hasan,GP Swann,0,0,,,,,,"",""
ball,2,21.2,Bangladesh,Imrul Kayes,Shakib Al Hasan,GP Swann,0,0,,,,,,"",""
ball,2,21.3,Bangladesh,Imrul Kayes,Shakib Al Hasan,GP Swann,1,0,,,,,,"",""
ball,2,21.4,Bangladesh,Shakib Al Hasan,Imrul Kayes,GP Swann,0,0,,,,,,"",""
ball,2,21.5,Bangladesh,Shakib Al Hasan,Imrul Kayes,GP Swann,0,0,,,,,,"",""
ball,2,21.6,Bangladesh,Shakib Al Hasan,Imrul Kayes,GP Swann,0,1,1,,,,,"",""
ball,2,21.7,Bangladesh,Shakib Al Hasan,Imrul Kayes,GP Swann,0,0,,,,,,"",""
ball,2,22.1,Bangladesh,Imrul Kayes,Shakib Al Hasan,PD Collingwood,2,0,,,,,,"",""
ball,2,22.2,Bangladesh,Imrul Kayes,Shakib Al Hasan,PD Collingwood,0,0,,,,,,"",""
ball,2,22.3,Bangladesh,Imrul Kayes,Shakib Al Hasan,PD Collingwood,0,0,,,,,,"",""
ball,2,22.4,Bangladesh,Imrul Kayes,Shakib Al Hasan,PD Collingwood,0,0,,,,,,"",""
ball,2,22.5,Bangladesh,Imrul Kayes,Shakib Al Hasan,PD Collingwood,2,0,,,,,,"",""
ball,2,22.6,Bangladesh,Imrul Kayes,Shakib Al Hasan,PD Collingwood,0,0,,,,,,"",""
ball,2,23.1,Bangladesh,Shakib Al Hasan,Imrul Kayes,GP Swann,1,0,,,,,,"",""
ball,2,23.2,Bangladesh,Imrul Kayes,Shakib Al Hasan,GP Swann,0,0,,,,,,"",""
ball,2,23.3,Bangladesh,Imrul Kayes,Shakib Al Hasan,GP Swann,0,0,,,,,,"",""
ball,2,23.4,Bangladesh,Imrul Kayes,Shakib Al Hasan,GP Swann,1,0,,,,,,"",""
ball,2,23.5,Bangladesh,Shakib Al Hasan,Imrul Kayes,GP Swann,0,0,,,,,,"",""
ball,2,23.6,Bangladesh,Shakib Al Hasan,Imrul Kayes,GP Swann,1,0,,,,,,"",""
ball,2,24.1,Bangladesh,Shakib Al Hasan,Imrul Kayes,PD Collingwood,0,0,,,,,,"",""
ball,2,24.2,Bangladesh,Shakib Al Hasan,Imrul Kayes,PD Collingwood,1,0,,,,,,"",""
ball,2,24.3,Bangladesh,Imrul Kayes,Shakib Al Hasan,PD Collingwood,0,0,,,,,,"",""
ball,2,24.4,Bangladesh,Imrul Kayes,Shakib Al Hasan,PD Collingwood,0,0,,,,,,"",""
ball,2,24.5,Bangladesh,Imrul Kayes,Shakib Al Hasan,PD Collingwood,0,0,,,,,,"",""
ball,2,24.6,Bangladesh,Imrul Kayes,Shakib Al Hasan,PD Collingwood,2,0,,,,,,"",""
ball,2,25.1,Bangladesh,Shakib Al Hasan,Imrul Kayes,GP Swann,0,0,,,,,,"",""
ball,2,25.2,Bangladesh,Shakib Al Hasan,Imrul Kayes,GP Swann,0,0,,,,,,"",""
ball,2,25.3,Bangladesh,Shakib Al Hasan,Imrul Kayes,GP Swann,1,0,,,,,,"",""
ball,2,25.4,Bangladesh,Imrul Kayes,Shakib Al Hasan,GP Swann,0,0,,,,,,"",""
ball,2,25.5,Bangladesh,Imrul Kayes,Shakib Al Hasan,GP Swann,1,0,,,,,,"",""
ball,2,25.6,Bangladesh,Shakib Al Hasan,Imrul Kayes,GP Swann,2,0,,,,,,"",""
ball,2,26.1,Bangladesh,Imrul Kayes,Shakib Al Hasan,PD Collingwood,0,0,,,,,,"",""
ball,2,26.2,Bangladesh,Imrul Kayes,Shakib Al Hasan,PD Collingwood,0,0,,,,,,"",""
ball,2,26.3,Bangladesh,Imrul Kayes,Shakib Al Hasan,PD Collingwood,0,0,,,,,,"",""
ball,2,26.4,Bangladesh,Imrul Kayes,Shakib Al Hasan,PD Collingwood,3,0,,,,,,"",""
ball,2,26.5,Bangladesh,Shakib Al Hasan,Imrul Kayes,PD Collingwood,1,0,,,,,,"",""
ball,2,26.6,Bangladesh,Imrul Kayes,Shakib Al Hasan,PD Collingwood,0,0,,,,,,"",""
ball,2,27.1,Bangladesh,Shakib Al Hasan,Imrul Kayes,JM Anderson,1,0,,,,,,"",""
ball,2,27.2,Bangladesh,Imrul Kayes,Shakib Al Hasan,JM Anderson,0,0,,,,,,"",""
ball,2,27.3,Bangladesh,Imrul Kayes,Shakib Al Hasan,JM Anderson,2,0,,,,,,"",""
ball,2,27.4,Bangladesh,Imrul Kayes,Shakib Al Hasan,JM Anderson,0,0,,,,,,"",""
ball,2,27.5,Bangladesh,Imrul Kayes,Shakib Al Hasan,JM Anderson,1,0,,,,,,"",""
ball,2,27.6,Bangladesh,Shakib Al Hasan,Imrul Kayes,JM Anderson,0,0,,,,,,"",""
ball,2,28.1,Bangladesh,Imrul Kayes,Shakib Al Hasan,PD Collingwood,1,0,,,,,,"",""
ball,2,28.2,Bangladesh,Shakib Al Hasan,Imrul Kayes,PD Collingwood,1,0,,,,,,"",""
ball,2,28.3,Bangladesh,Imrul Kayes,Shakib Al Hasan,PD Collingwood,1,0,,,,,,"",""
ball,2,28.4,Bangladesh,Shakib Al Hasan,Imrul Kayes,PD Collingwood,0,0,,,,,,"",""
ball,2,28.5,Bangladesh,Shakib Al Hasan,Imrul Kayes,PD Collingwood,0,0,,,,,,"",""
ball,2,28.6,Bangladesh,Shakib Al Hasan,Imrul Kayes,PD Collingwood,1,0,,,,,,"",""
ball,2,29.1,Bangladesh,Shakib Al Hasan,Imrul Kayes,RS Bopara,0,0,,,,,,"",""
ball,2,29.2,Bangladesh,Shakib Al Hasan,Imrul Kayes,RS Bopara,1,0,,,,,,"",""
ball,2,29.3,Bangladesh,Imrul Kayes,Shakib Al Hasan,RS Bopara,1,0,,,,,,"",""
ball,2,29.4,Bangladesh,Shakib Al Hasan,Imrul Kayes,RS Bopara,1,0,,,,,,"",""
ball,2,29.5,Bangladesh,Imrul Kayes,Shakib Al Hasan,RS Bopara,4,0,,,,,,"",""
ball,2,29.6,Bangladesh,Imrul Kayes,Shakib Al Hasan,RS Bopara,0,1,1,,,,,"",""
ball,2,29.7,Bangladesh,Imrul Kayes,Shakib Al Hasan,RS Bopara,0,2,,,,2,,"",""
ball,2,30.1,Bangladesh,Shakib Al Hasan,Imrul Kayes,PD Collingwood,1,0,,,,,,"",""
ball,2,30.2,Bangladesh,Imrul Kayes,Shakib Al Hasan,PD Collingwood,1,0,,,,,,"",""
ball,2,30.3,Bangladesh,Shakib Al Hasan,Imrul Kayes,PD Collingwood,0,0,,,,,,"",""
ball,2,30.4,Bangladesh,Shakib Al Hasan,Imrul Kayes,PD Collingwood,2,0,,,,,,"",""
ball,2,30.5,Bangladesh,Shakib Al Hasan,Imrul Kayes,PD Collingwood,1,0,,,,,,"",""
ball,2,30.6,Bangladesh,Imrul Kayes,Shakib Al Hasan,PD Collingwood,1,0,,,,,,run out,Imrul Kayes
ball,2,31.1,Bangladesh,Shakib Al Hasan,Mushfiqur Rahim,TT Bresnan,0,0,,,,,,"",""
ball,2,31.2,Bangladesh,Shakib Al Hasan,Mushfiqur Rahim,TT Bresnan,0,0,,,,,,"",""
ball,2,31.3,Bangladesh,Shakib Al Hasan,Mushfiqur Rahim,TT Bresnan,1,0,,,,,,"",""
ball,2,31.4,Bangladesh,Mushfiqur Rahim,Shakib Al Hasan,TT Bresnan,0,0,,,,,,"",""
ball,2,31.5,Bangladesh,Mushfiqur Rahim,Shakib Al Hasan,TT Bresnan,0,0,,,,,,"",""
ball,2,31.6,Bangladesh,Mushfiqur Rahim,Shakib Al Hasan,TT Bresnan,0,0,,,,,,"",""
ball,2,32.1,Bangladesh,Shakib Al Hasan,Mushfiqur Rahim,PD Collingwood,0,0,,,,,,"",""
ball,2,32.2,Bangladesh,Shakib Al Hasan,Mushfiqur Rahim,PD Collingwood,1,0,,,,,,"",""
ball,2,32.3,Bangladesh,Mushfiqur Rahim,Shakib Al Hasan,PD Collingwood,0,0,,,,,,"",""
ball,2,32.4,Bangladesh,Mushfiqur Rahim,Shakib Al Hasan,PD Collingwood,0,0,,,,,,"",""
ball,2,32.5,Bangladesh,Mushfiqur Rahim,Shakib Al Hasan,PD Collingwood,0,0,,,,,,"",""
ball,2,32.6,Bangladesh,Mushfiqur Rahim,Shakib Al Hasan,PD Collingwood,1,0,,,,,,"",""
ball,2,33.1,Bangladesh,Mushfiqur Rahim,Shakib Al Hasan,TT Bresnan,0,1,1,,,,,"",""
ball,2,33.2,Bangladesh,Mushfiqur Rahim,Shakib Al Hasan,TT Bresnan,0,0,,,,,,"",""
ball,2,33.3,Bangladesh,Mushfiqur Rahim,Shakib Al Hasan,TT Bresnan,0,0,,,,,,"",""
ball,2,33.4,Bangladesh,Mushfiqur Rahim,Shakib Al Hasan,TT Bresnan,0,0,,,,,,"",""
ball,2,33.5,Bangladesh,Mushfiqur Rahim,Shakib Al Hasan,TT Bresnan,0,0,,,,,,"",""
ball,2,33.6,Bangladesh,Mushfiqur Rahim,Shakib Al Hasan,TT Bresnan,0,0,,,,,,"",""
ball,2,33.7,Bangladesh,Mushfiqur Rahim,Shakib Al Hasan,TT Bresnan,0,0,,,,,,"",""
ball,2,34.1,Bangladesh,Shakib Al Hasan,Mushfiqur Rahim,PD Collingwood,0,0,,,,,,"",""
ball,2,34.2,Bangladesh,Shakib Al Hasan,Mushfiqur Rahim,PD Collingwood,1,0,,,,,,"",""
ball,2,34.3,Bangladesh,Mushfiqur Rahim,Shakib Al Hasan,PD Collingwood,0,0,,,,,,"",""
ball,2,34.4,Bangladesh,Mushfiqur Rahim,Shakib Al Hasan,PD Collingwood,0,0,,,,,,"",""
ball,2,34.5,Bangladesh,Mushfiqur Rahim,Shakib Al Hasan,PD Collingwood,0,0,,,,,,"",""
ball,2,34.6,Bangladesh,Mushfiqur Rahim,Shakib Al Hasan,PD Collingwood,0,0,,,,,,"",""
ball,2,35.1,Bangladesh,Shakib Al Hasan,Mushfiqur Rahim,GP Swann,0,0,,,,,,"",""
ball,2,35.2,Bangladesh,Shakib Al Hasan,Mushfiqur Rahim,GP Swann,0,0,,,,,,"",""
ball,2,35.3,Bangladesh,Shakib Al Hasan,Mushfiqur Rahim,GP Swann,1,0,,,,,,"",""
ball,2,35.4,Bangladesh,Mushfiqur Rahim,Shakib Al Hasan,GP Swann,1,0,,,,,,"",""
ball,2,35.5,Bangladesh,Shakib Al Hasan,Mushfiqur Rahim,GP Swann,0,0,,,,,,"",""
ball,2,35.6,Bangladesh,Shakib Al Hasan,Mushfiqur Rahim,GP Swann,0,0,,,,,,bowled,Shakib Al Hasan
ball,2,36.1,Bangladesh,Mushfiqur Rahim,Mahmudullah,A Shahzad,4,0,,,,,,"",""
ball,2,36.2,Bangladesh,Mushfiqur Rahim,Mahmudullah,A Shahzad,0,0,,,,,,caught,Mushfiqur Rahim
ball,2,36.3,Bangladesh,Naeem Islam,Mahmudullah,A Shahzad,0,0,,,,,,"",""
ball,2,36.4,Bangladesh,Naeem Islam,Mahmudullah,A Shahzad,0,0,,,,,,"",""
ball,2,36.5,Bangladesh,Naeem Islam,Mahmudullah,A Shahzad,0,0,,,,,,"",""
ball,2,36.6,Bangladesh,Naeem Islam,Mahmudullah,A Shahzad,0,0,,,,,,"",""
ball,2,37.1,Bangladesh,Mahmudullah,Naeem Islam,GP Swann,0,0,,,,,,"",""
ball,2,37.2,Bangladesh,Mahmudullah,Naeem Islam,GP Swann,0,0,,,,,,"",""
ball,2,37.3,Bangladesh,Mahmudullah,Naeem Islam,GP Swann,0,0,,,,,,"",""
ball,2,37.4,Bangladesh,Mahmudullah,Naeem Islam,GP Swann,0,0,,,,,,"",""
ball,2,37.5,Bangladesh,Mahmudullah,Naeem Islam,GP Swann,0,0,,,,,,"",""
ball,2,37.6,Bangladesh,Mahmudullah,Naeem Islam,GP Swann,0,0,,,,,,"",""
ball,2,38.1,Bangladesh,Naeem Islam,Mahmudullah,A Shahzad,0,0,,,,,,bowled,Naeem Islam
ball,2,38.2,Bangladesh,Abdur Razzak,Mahmudullah,A Shahzad,0,0,,,,,,"",""
ball,2,38.3,Bangladesh,Abdur Razzak,Mahmudullah,A Shahzad,0,0,,,,,,"",""
ball,2,38.4,Bangladesh,Abdur Razzak,Mahmudullah,A Shahzad,1,0,,,,,,"",""
ball,2,38.5,Bangladesh,Mahmudullah,Abdur Razzak,A Shahzad,0,0,,,,,,"",""
ball,2,38.6,Bangladesh,Mahmudullah,Abdur Razzak,A Shahzad,1,0,,,,,,"",""
ball,2,39.1,Bangladesh,Mahmudullah,Abdur Razzak,GP Swann,0,0,,,,,,"",""
ball,2,39.2,Bangladesh,Mahmudullah,Abdur Razzak,GP Swann,1,0,,,,,,"",""
ball,2,39.3,Bangladesh,Abdur Razzak,Mahmudullah,GP Swann,0,0,,,,,,"",""
ball,2,39.4,Bangladesh,Abdur Razzak,Mahmudullah,GP Swann,0,0,,,,,,caught,Abdur Razzak
ball,2,39.5,Bangladesh,Mahmudullah,Shafiul Islam,GP Swann,0,0,,,,,,"",""
ball,2,39.6,Bangladesh,Mahmudullah,Shafiul Islam,GP Swann,1,0,,,,,,"",""
ball,2,40.1,Bangladesh,Mahmudullah,Shafiul Islam,A Shahzad,0,0,,,,,,"",""
ball,2,40.2,Bangladesh,Mahmudullah,Shafiul Islam,A Shahzad,0,0,,,,,,"",""
ball,2,40.3,Bangladesh,Mahmudullah,Shafiul Islam,A Shahzad,0,0,,,,,,"",""
ball,2,40.4,Bangladesh,Mahmudullah,Shafiul Islam,A Shahzad,1,0,,,,,,"",""
ball,2,40.5,Bangladesh,Shafiul Islam,Mahmudullah,A Shahzad,0,0,,,,,,"",""
ball,2,40.6,Bangladesh,Shafiul Islam,Mahmudullah,A Shahzad,0,0,,,,,,"",""
ball,2,41.1,Bangladesh,Mahmudullah,Shafiul Islam,GP Swann,0,0,,,,,,"",""
ball,2,41.2,Bangladesh,Mahmudullah,Shafiul Islam,GP Swann,0,1,1,,,,,"",""
ball,2,41.3,Bangladesh,Mahmudullah,Shafiul Islam,GP Swann,4,0,,,,,,"",""
ball,2,41.4,Bangladesh,Mahmudullah,Shafiul Islam,GP Swann,1,0,,,,,,"",""
ball,2,41.5,Bangladesh,Shafiul Islam,Mahmudullah,GP Swann,4,0,,,,,,"",""
ball,2,41.6,Bangladesh,Shafiul Islam,Mahmudullah,GP Swann,0,0,,,,,,"",""
ball,2,41.7,Bangladesh,Shafiul Islam,Mahmudullah,GP Swann,6,0,,,,,,"",""
ball,2,42.1,Bangladesh,Mahmudullah,Shafiul Islam,A Shahzad,0,1,1,,,,,"",""
ball,2,42.2,Bangladesh,Mahmudullah,Shafiul Islam,A Shahzad,0,0,,,,,,"",""
ball,2,42.3,Bangladesh,Mahmudullah,Shafiul Islam,A Shahzad,0,0,,,,,,"",""
ball,2,42.4,Bangladesh,Mahmudullah,Shafiul Islam,A Shahzad,0,0,,,,,,"",""
ball,2,42.5,Bangladesh,Mahmudullah,Shafiul Islam,A Shahzad,1,0,,,,,,"",""
ball,2,42.6,Bangladesh,Shafiul Islam,Mahmudullah,A Shahzad,0,0,,,,,,"",""
ball,2,42.7,Bangladesh,Shafiul Islam,Mahmudullah,A Shahzad,0,0,,,,,,"",""
ball,2,43.1,Bangladesh,Mahmudullah,Shafiul Islam,JM Anderson,1,0,,,,,,"",""
ball,2,43.2,Bangladesh,Shafiul Islam,Mahmudullah,JM Anderson,0,0,,,,,,"",""
ball,2,43.3,Bangladesh,Shafiul Islam,Mahmudullah,JM Anderson,0,0,,,,,,"",""
ball,2,43.4,Bangladesh,Shafiul Islam,Mahmudullah,JM Anderson,0,1,,,1,,,"",""
ball,2,43.5,Bangladesh,Mahmudullah,Shafiul Islam,JM Anderson,1,0,,,,,,"",""
ball,2,43.6,Bangladesh,Shafiul Islam,Mahmudullah,JM Anderson,0,0,,,,,,"",""
ball,2,44.1,Bangladesh,Mahmudullah,Shafiul Islam,TT Bresnan,0,0,,,,,,"",""
ball,2,44.2,Bangladesh,Mahmudullah,Shafiul Islam,TT Bresnan,0,0,,,,,,"",""
ball,2,44.3,Bangladesh,Mahmudullah,Shafiul Islam,TT Bresnan,0,0,,,,,,"",""
ball,2,44.4,Bangladesh,Mahmudullah,Shafiul Islam,TT Bresnan,0,0,,,,,,"",""
ball,2,44.5,Bangladesh,Mahmudullah,Shafiul Islam,TT Bresnan,0,1,,,,1,,"",""
ball,2,44.6,Bangladesh,Shafiul Islam,Mahmudullah,TT Bresnan,0,0,,,,,,"",""
ball,2,45.1,Bangladesh,Mahmudullah,Shafiul Islam,JM Anderson,0,5,5,,,,,"",""
ball,2,45.2,Bangladesh,Mahmudullah,Shafiul Islam,JM Anderson,1,0,,,,,,"",""
ball,2,45.3,Bangladesh,Shafiul Islam,Mahmudullah,JM Anderson,1,0,,,,,,"",""
ball,2,45.4,Bangladesh,Mahmudullah,Shafiul Islam,JM Anderson,0,0,,,,,,"",""
ball,2,45.5,Bangladesh,Mahmudullah,Shafiul Islam,JM Anderson,0,1,1,,,,,"",""
ball,2,45.6,Bangladesh,Mahmudullah,Shafiul Islam,JM Anderson,0,1,1,,,,,"",""
ball,2,45.7,Bangladesh,Mahmudullah,Shafiul Islam,JM Anderson,0,0,,,,,,"",""
ball,2,45.8,Bangladesh,Mahmudullah,Shafiul Islam,JM Anderson,1,0,,,,,,"",""
ball,2,45.9,Bangladesh,Shafiul Islam,Mahmudullah,JM Anderson,0,1,,,,1,,"",""
ball,2,46.1,Bangladesh,Shafiul Islam,Mahmudullah,TT Bresnan,0,0,,,,,,"",""
ball,2,46.2,Bangladesh,Shafiul Islam,Mahmudullah,TT Bresnan,4,0,,,,,,"",""
ball,2,46.3,Bangladesh,Shafiul Islam,Mahmudullah,TT Bresnan,0,1,,,,1,,"",""
ball,2,46.4,Bangladesh,Mahmudullah,Shafiul Islam,TT Bresnan,1,0,,,,,,"",""
ball,2,46.5,Bangladesh,Shafiul Islam,Mahmudullah,TT Bresnan,4,0,,,,,,"",""
ball,2,46.6,Bangladesh,Shafiul Islam,Mahmudullah,TT Bresnan,0,0,,,,,,"",""
ball,2,47.1,Bangladesh,Mahmudullah,Shafiul Islam,JM Anderson,1,0,,,,,,"",""
ball,2,47.2,Bangladesh,Shafiul Islam,Mahmudullah,JM Anderson,0,0,,,,,,"",""
ball,2,47.3,Bangladesh,Shafiul Islam,Mahmudullah,JM Anderson,4,0,,,,,,"",""
ball,2,47.4,Bangladesh,Shafiul Islam,Mahmudullah,JM Anderson,0,1,,,,1,,"",""
ball,2,47.5,Bangladesh,Mahmudullah,Shafiul Islam,JM Anderson,0,0,,,,,,"",""
ball,2,47.6,Bangladesh,Mahmudullah,Shafiul Islam,JM Anderson,1,0,,,,,,"",""
ball,2,48.1,Bangladesh,Mahmudullah,Shafiul Islam,TT Bresnan,0,1,,,,1,,"",""
ball,2,48.2,Bangladesh,Shafiul Islam,Mahmudullah,TT Bresnan,0,0,,,,,,"",""
ball,2,48.3,Bangladesh,Shafiul Islam,Mahmudullah,TT Bresnan,1,0,,,,,,"",""
ball,2,48.4,Bangladesh,Mahmudullah,Shafiul Islam,TT Bresnan,0,0,,,,,,"",""
ball,2,48.5,Bangladesh,Mahmudullah,Shafiul Islam,TT Bresnan,0,0,,,,,,"",""
ball,2,48.6,Bangladesh,Mahmudullah,Shafiul Islam,TT Bresnan,4,0,,,,,,"",""
