version,1.6.0
info,balls_per_over,6
info,team,Bangladesh
info,team,Ireland
info,gender,male
info,season,2010/11
info,date,2011/02/25
info,event,ICC Cricket World Cup
info,match_number,9
info,venue,Shere Bangla National Stadium
info,city,Mirpur
info,toss_winner,Bangladesh
info,toss_decision,bat
info,player_of_match,Tamim Iqbal
info,umpire,Aleem Dar
info,umpire,RJ Tucker
info,reserve_umpire,M Erasmus
info,tv_umpire,BF Bowden
info,match_referee,RS Mahanama
info,winner,Bangladesh
info,winner_runs,27
info,player,Bangladesh,Tamim Iqbal
info,player,Bangladesh,Imrul Kayes
info,player,Bangladesh,Junaid Siddique
info,player,Bangladesh,Mushfiqur Rahim
info,player,Bangladesh,Shakib Al Hasan
info,player,Bangladesh,Raqibul Hasan
info,player,Bangladesh,Mohammad Ashraful
info,player,Bangladesh,Naeem Islam
info,player,Bangladesh,Shafiul Islam
info,player,Bangladesh,Abdur Razzak
info,player,Bangladesh,Rubel Hossain
info,player,Ireland,WTS Porterfield
info,player,Ireland,PR Stirling
info,player,Ireland,EC Joyce
info,player,Ireland,NJ O'Brien
info,player,Ireland,AR White
info,player,Ireland,KJ O'Brien
info,player,Ireland,AC Botha
info,player,Ireland,JF Mooney
info,player,Ireland,DT Johnston
info,player,Ireland,GH Dockrell
info,player,Ireland,WB Rankin
info,registry,people,AC Botha,d8e79af0
info,registry,people,AR White,f27f89e8
info,registry,people,Abdur Razzak,888e32bf
info,registry,people,Aleem Dar,f02778d1
info,registry,people,BF Bowden,efc0a862
info,registry,people,DT Johnston,e01895bb
info,registry,people,EC Joyce,a48fc79d
info,registry,people,GH Dockrell,99cddc5e
info,registry,people,Imrul Kayes,5fbe14fc
info,registry,people,JF Mooney,aae9ce90
info,registry,people,Junaid Siddique,62e203d4
info,registry,people,KJ O'Brien,243431b5
info,registry,people,M Erasmus,15d3c895
info,registry,people,Mohammad Ashraful,2bb09eb2
info,registry,people,Mushfiqur Rahim,a94e08ea
info,registry,people,NJ O'Brien,84826f48
info,registry,people,Naeem Islam,02e83ac5
info,registry,people,PR Stirling,cf494ffe
info,registry,people,RJ Tucker,38810cfc
info,registry,people,RS Mahanama,57910393
info,registry,people,Raqibul Hasan,17efdeb8
info,registry,people,Rubel Hossain,f56cd097
info,registry,people,Shafiul Islam,1a8eebbe
info,registry,people,Shakib Al Hasan,7dc35884
info,registry,people,Suhrawadi Shuvo,8fb49ef8
info,registry,people,Tamim Iqbal,3b041a12
info,registry,people,WB Rankin,29b89ae8
info,registry,people,WTS Porterfield,ec02b798
ball,1,0.1,Bangladesh,Tamim Iqbal,Imrul Kayes,WB Rankin,0,0,,,,,,"",""
ball,1,0.2,Bangladesh,Tamim Iqbal,Imrul Kayes,WB Rankin,0,0,,,,,,"",""
ball,1,0.3,Bangladesh,Tamim Iqbal,Imrul Kayes,WB Rankin,0,0,,,,,,"",""
ball,1,0.4,Bangladesh,Tamim Iqbal,Imrul Kayes,WB Rankin,2,0,,,,,,"",""
ball,1,0.5,Bangladesh,Tamim Iqbal,Imrul Kayes,WB Rankin,4,0,,,,,,"",""
ball,1,0.6,Bangladesh,Tamim Iqbal,Imrul Kayes,WB Rankin,4,0,,,,,,"",""
ball,1,1.1,Bangladesh,Imrul Kayes,Tamim Iqbal,DT Johnston,4,1,,1,,,,"",""
ball,1,1.2,Bangladesh,Imrul Kayes,Tamim Iqbal,DT Johnston,1,0,,,,,,"",""
ball,1,1.3,Bangladesh,Tamim Iqbal,Imrul Kayes,DT Johnston,0,0,,,,,,"",""
ball,1,1.4,Bangladesh,Tamim Iqbal,Imrul Kayes,DT Johnston,0,0,,,,,,"",""
ball,1,1.5,Bangladesh,Tamim Iqbal,Imrul Kayes,DT Johnston,0,0,,,,,,"",""
ball,1,1.6,Bangladesh,Tamim Iqbal,Imrul Kayes,DT Johnston,4,0,,,,,,"",""
ball,1,1.7,Bangladesh,Tamim Iqbal,Imrul Kayes,DT Johnston,0,0,,,,,,"",""
ball,1,2.1,Bangladesh,Imrul Kayes,Tamim Iqbal,WB Rankin,1,0,,,,,,"",""
ball,1,2.2,Bangladesh,Tamim Iqbal,Imrul Kayes,WB Rankin,4,0,,,,,,"",""
ball,1,2.3,Bangladesh,Tamim Iqbal,Imrul Kayes,WB Rankin,0,0,,,,,,"",""
ball,1,2.4,Bangladesh,Tamim Iqbal,Imrul Kayes,WB Rankin,3,0,,,,,,"",""
ball,1,2.5,Bangladesh,Imrul Kayes,Tamim Iqbal,WB Rankin,0,0,,,,,,"",""
ball,1,2.6,Bangladesh,Imrul Kayes,Tamim Iqbal,WB Rankin,4,0,,,,,,"",""
ball,1,3.1,Bangladesh,Tamim Iqbal,Imrul Kayes,DT Johnston,0,0,,,,,,"",""
ball,1,3.2,Bangladesh,Tamim Iqbal,Imrul Kayes,DT Johnston,4,0,,,,,,"",""
ball,1,3.3,Bangladesh,Tamim Iqbal,Imrul Kayes,DT Johnston,4,0,,,,,,"",""
ball,1,3.4,Bangladesh,Tamim Iqbal,Imrul Kayes,DT Johnston,0,0,,,,,,"",""
ball,1,3.5,Bangladesh,Tamim Iqbal,Imrul Kayes,DT Johnston,0,0,,,,,,"",""
ball,1,3.6,Bangladesh,Tamim Iqbal,Imrul Kayes,DT Johnston,1,0,,,,,,"",""
ball,1,4.1,Bangladesh,Tamim Iqbal,Imrul Kayes,JF Mooney,1,0,,,,,,"",""
ball,1,4.2,Bangladesh,Imrul Kayes,Tamim Iqbal,JF Mooney,1,0,,,,,,"",""
ball,1,4.3,Bangladesh,Tamim Iqbal,Imrul Kayes,JF Mooney,0,0,,,,,,"",""
ball,1,4.4,Bangladesh,Tamim Iqbal,Imrul Kayes,JF Mooney,4,0,,,,,,"",""
ball,1,4.5,Bangladesh,Tamim Iqbal,Imrul Kayes,JF Mooney,2,0,,,,,,"",""
ball,1,4.6,Bangladesh,Tamim Iqbal,Imrul Kayes,JF Mooney,0,0,,,,,,"",""
ball,1,5.1,Bangladesh,Imrul Kayes,Tamim Iqbal,DT Johnston,0,0,,,,,,"",""
ball,1,5.2,Bangladesh,Imrul Kayes,Tamim Iqbal,DT Johnston,0,0,,,,,,"",""
ball,1,5.3,Bangladesh,Imrul Kayes,Tamim Iqbal,DT Johnston,0,0,,,,,,"",""
ball,1,5.4,Bangladesh,Imrul Kayes,Tamim Iqbal,DT Johnston,1,0,,,,,,"",""
ball,1,5.5,Bangladesh,Tamim Iqbal,Imrul Kayes,DT Johnston,1,0,,,,,,"",""
ball,1,5.6,Bangladesh,Imrul Kayes,Tamim Iqbal,DT Johnston,0,0,,,,,,"",""
ball,1,6.1,Bangladesh,Tamim Iqbal,Imrul Kayes,JF Mooney,0,0,,,,,,"",""
ball,1,6.2,Bangladesh,Tamim Iqbal,Imrul Kayes,JF Mooney,1,0,,,,,,"",""
ball,1,6.3,Bangladesh,Imrul Kayes,Tamim Iqbal,JF Mooney,0,0,,,,,,"",""
ball,1,6.4,Bangladesh,Imrul Kayes,Tamim Iqbal,JF Mooney,0,1,1,,,,,stumped,Imrul Kayes
ball,1,6.5,Bangladesh,Junaid Siddique,Tamim Iqbal,JF Mooney,0,0,,,,,,"",""
ball,1,6.6,Bangladesh,Junaid Siddique,Tamim Iqbal,JF Mooney,0,0,,,,,,"",""
ball,1,6.7,Bangladesh,Junaid Siddique,Tamim Iqbal,JF Mooney,0,0,,,,,,"",""
ball,1,7.1,Bangladesh,Tamim Iqbal,Junaid Siddique,DT Johnston,0,0,,,,,,"",""
ball,1,7.2,Bangladesh,Tamim Iqbal,Junaid Siddique,DT Johnston,0,0,,,,,,"",""
ball,1,7.3,Bangladesh,Tamim Iqbal,Junaid Siddique,DT Johnston,1,0,,,,,,"",""
ball,1,7.4,Bangladesh,Junaid Siddique,Tamim Iqbal,DT Johnston,1,0,,,,,,"",""
ball,1,7.5,Bangladesh,Tamim Iqbal,Junaid Siddique,DT Johnston,0,0,,,,,,"",""
ball,1,7.6,Bangladesh,Tamim Iqbal,Junaid Siddique,DT Johnston,1,0,,,,,,"",""
ball,1,8.1,Bangladesh,Tamim Iqbal,Junaid Siddique,JF Mooney,1,0,,,,,,"",""
ball,1,8.2,Bangladesh,Junaid Siddique,Tamim Iqbal,JF Mooney,0,2,,,2,,,"",""
ball,1,8.3,Bangladesh,Junaid Siddique,Tamim Iqbal,JF Mooney,2,0,,,,,,"",""
ball,1,8.4,Bangladesh,Junaid Siddique,Tamim Iqbal,JF Mooney,0,0,,,,,,"",""
ball,1,8.5,Bangladesh,Junaid Siddique,Tamim Iqbal,JF Mooney,0,0,,,,,,run out,Junaid Siddique
ball,1,8.6,Bangladesh,Tamim Iqbal,Mushfiqur Rahim,JF Mooney,0,0,,,,,,"",""
ball,1,9.1,Bangladesh,Mushfiqur Rahim,Tamim Iqbal,AC Botha,0,0,,,,,,"",""
ball,1,9.2,Bangladesh,Mushfiqur Rahim,Tamim Iqbal,AC Botha,0,0,,,,,,"",""
ball,1,9.3,Bangladesh,Mushfiqur Rahim,Tamim Iqbal,AC Botha,1,0,,,,,,"",""
ball,1,9.4,Bangladesh,Tamim Iqbal,Mushfiqur Rahim,AC Botha,0,0,,,,,,"",""
ball,1,9.5,Bangladesh,Tamim Iqbal,Mushfiqur Rahim,AC Botha,1,0,,,,,,"",""
ball,1,9.6,Bangladesh,Mushfiqur Rahim,Tamim Iqbal,AC Botha,4,0,,,,,,"",""
ball,1,10.1,Bangladesh,Tamim Iqbal,Mushfiqur Rahim,JF Mooney,0,0,,,,,,"",""
ball,1,10.2,Bangladesh,Tamim Iqbal,Mushfiqur Rahim,JF Mooney,0,0,,,,,,"",""
ball,1,10.3,Bangladesh,Tamim Iqbal,Mushfiqur Rahim,JF Mooney,0,0,,,,,,"",""
ball,1,10.4,Bangladesh,Tamim Iqbal,Mushfiqur Rahim,JF Mooney,0,0,,,,,,"",""
ball,1,10.5,Bangladesh,Tamim Iqbal,Mushfiqur Rahim,JF Mooney,1,0,,,,,,"",""
ball,1,10.6,Bangladesh,Mushfiqur Rahim,Tamim Iqbal,JF Mooney,0,0,,,,,,"",""
ball,1,11.1,Bangladesh,Tamim Iqbal,Mushfiqur Rahim,AC Botha,0,0,,,,,,caught,Tamim Iqbal
ball,1,11.2,Bangladesh,Shakib Al Hasan,Mushfiqur Rahim,AC Botha,0,0,,,,,,"",""
ball,1,11.3,Bangladesh,Shakib Al Hasan,Mushfiqur Rahim,AC Botha,0,0,,,,,,"",""
ball,1,11.4,Bangladesh,Shakib Al Hasan,Mushfiqur Rahim,AC Botha,0,0,,,,,,"",""
ball,1,11.5,Bangladesh,Shakib Al Hasan,Mushfiqur Rahim,AC Botha,4,0,,,,,,"",""
ball,1,11.6,Bangladesh,Shakib Al Hasan,Mushfiqur Rahim,AC Botha,1,0,,,,,,"",""
ball,1,12.1,Bangladesh,Shakib Al Hasan,Mushfiqur Rahim,JF Mooney,0,0,,,,,,"",""
ball,1,12.2,Bangladesh,Shakib Al Hasan,Mushfiqur Rahim,JF Mooney,0,0,,,,,,"",""
ball,1,12.3,Bangladesh,Shakib Al Hasan,Mushfiqur Rahim,JF Mooney,4,0,,,,,,"",""
ball,1,12.4,Bangladesh,Shakib Al Hasan,Mushfiqur Rahim,JF Mooney,1,0,,,,,,"",""
ball,1,12.5,Bangladesh,Mushfiqur Rahim,Shakib Al Hasan,JF Mooney,0,0,,,,,,"",""
ball,1,12.6,Bangladesh,Mushfiqur Rahim,Shakib Al Hasan,JF Mooney,0,0,,,,,,"",""
ball,1,13.1,Bangladesh,Shakib Al Hasan,Mushfiqur Rahim,AC Botha,0,0,,,,,,"",""
ball,1,13.2,Bangladesh,Shakib Al Hasan,Mushfiqur Rahim,AC Botha,0,0,,,,,,"",""
ball,1,13.3,Bangladesh,Shakib Al Hasan,Mushfiqur Rahim,AC Botha,0,0,,,,,,"",""
ball,1,13.4,Bangladesh,Shakib Al Hasan,Mushfiqur Rahim,AC Botha,0,1,1,,,,,"",""
ball,1,13.5,Bangladesh,Shakib Al Hasan,Mushfiqur Rahim,AC Botha,1,0,,,,,,"",""
ball,1,13.6,Bangladesh,Mushfiqur Rahim,Shakib Al Hasan,AC Botha,0,0,,,,,,"",""
ball,1,13.7,Bangladesh,Mushfiqur Rahim,Shakib Al Hasan,AC Botha,0,0,,,,,,"",""
ball,1,14.1,Bangladesh,Shakib Al Hasan,Mushfiqur Rahim,WB Rankin,4,0,,,,,,"",""
ball,1,14.2,Bangladesh,Shakib Al Hasan,Mushfiqur Rahim,WB Rankin,0,0,,,,,,"",""
ball,1,14.3,Bangladesh,Shakib Al Hasan,Mushfiqur Rahim,WB Rankin,0,0,,,,,,"",""
ball,1,14.4,Bangladesh,Shakib Al Hasan,Mushfiqur Rahim,WB Rankin,0,1,1,,,,,"",""
ball,1,14.5,Bangladesh,Shakib Al Hasan,Mushfiqur Rahim,WB Rankin,0,0,,,,,,"",""
ball,1,14.6,Bangladesh,Shakib Al Hasan,Mushfiqur Rahim,WB Rankin,1,0,,,,,,"",""
ball,1,14.7,Bangladesh,Mushfiqur Rahim,Shakib Al Hasan,WB Rankin,0,0,,,,,,"",""
ball,1,15.1,Bangladesh,Shakib Al Hasan,Mushfiqur Rahim,AC Botha,0,0,,,,,,"",""
ball,1,15.2,Bangladesh,Shakib Al Hasan,Mushfiqur Rahim,AC Botha,0,0,,,,,,caught and bowled,Shakib Al Hasan
ball,1,15.3,Bangladesh,Raqibul Hasan,Mushfiqur Rahim,AC Botha,0,0,,,,,,"",""
ball,1,15.4,Bangladesh,Raqibul Hasan,Mushfiqur Rahim,AC Botha,0,0,,,,,,"",""
ball,1,15.5,Bangladesh,Raqibul Hasan,Mushfiqur Rahim,AC Botha,0,0,,,,,,"",""
ball,1,15.6,Bangladesh,Raqibul Hasan,Mushfiqur Rahim,AC Botha,0,0,,,,,,"",""
ball,1,16.1,Bangladesh,Mushfiqur Rahim,Raqibul Hasan,WB Rankin,0,0,,,,,,"",""
ball,1,16.2,Bangladesh,Mushfiqur Rahim,Raqibul Hasan,WB Rankin,2,0,,,,,,"",""
ball,1,16.3,Bangladesh,Mushfiqur Rahim,Raqibul Hasan,WB Rankin,0,0,,,,,,"",""
ball,1,16.4,Bangladesh,Mushfiqur Rahim,Raqibul Hasan,WB Rankin,1,0,,,,,,"",""
ball,1,16.5,Bangladesh,Raqibul Hasan,Mushfiqur Rahim,WB Rankin,0,0,,,,,,"",""
ball,1,16.6,Bangladesh,Raqibul Hasan,Mushfiqur Rahim,WB Rankin,0,0,,,,,,"",""
ball,1,17.1,Bangladesh,Mushfiqur Rahim,Raqibul Hasan,GH Dockrell,0,0,,,,,,"",""
ball,1,17.2,Bangladesh,Mushfiqur Rahim,Raqibul Hasan,GH Dockrell,0,0,,,,,,"",""
ball,1,17.3,Bangladesh,Mushfiqur Rahim,Raqibul Hasan,GH Dockrell,0,0,,,,,,"",""
ball,1,17.4,Bangladesh,Mushfiqur Rahim,Raqibul Hasan,GH Dockrell,0,0,,,,,,"",""
ball,1,17.5,Bangladesh,Mushfiqur Rahim,Raqibul Hasan,GH Dockrell,0,0,,,,,,"",""
ball,1,17.6,Bangladesh,Mushfiqur Rahim,Raqibul Hasan,GH Dockrell,0,0,,,,,,"",""
ball,1,18.1,Bangladesh,Raqibul Hasan,Mushfiqur Rahim,AC Botha,0,0,,,,,,"",""
ball,1,18.2,Bangladesh,Raqibul Hasan,Mushfiqur Rahim,AC Botha,1,0,,,,,,"",""
ball,1,18.3,Bangladesh,Mushfiqur Rahim,Raqibul Hasan,AC Botha,1,0,,,,,,"",""
ball,1,18.4,Bangladesh,Raqibul Hasan,Mushfiqur Rahim,AC Botha,0,0,,,,,,"",""
ball,1,18.5,Bangladesh,Raqibul Hasan,Mushfiqur Rahim,AC Botha,1,0,,,,,,"",""
ball,1,18.6,Bangladesh,Mushfiqur Rahim,Raqibul Hasan,AC Botha,0,0,,,,,,"",""
ball,1,19.1,Bangladesh,Raqibul Hasan,Mushfiqur Rahim,GH Dockrell,0,0,,,,,,"",""
ball,1,19.2,Bangladesh,Raqibul Hasan,Mushfiqur Rahim,GH Dockrell,1,0,,,,,,"",""
ball,1,19.3,Bangladesh,Mushfiqur Rahim,Raqibul Hasan,GH Dockrell,1,0,,,,,,"",""
ball,1,19.4,Bangladesh,Raqibul Hasan,Mushfiqur Rahim,GH Dockrell,0,0,,,,,,"",""
ball,1,19.5,Bangladesh,Raqibul Hasan,Mushfiqur Rahim,GH Dockrell,1,0,,,,,,"",""
ball,1,19.6,Bangladesh,Mushfiqur Rahim,Raqibul Hasan,GH Dockrell,2,0,,,,,,"",""
ball,1,20.1,Bangladesh,Raqibul Hasan,Mushfiqur Rahim,AC Botha,0,0,,,,,,"",""
ball,1,20.2,Bangladesh,Raqibul Hasan,Mushfiqur Rahim,AC Botha,0,0,,,,,,"",""
ball,1,20.3,Bangladesh,Raqibul Hasan,Mushfiqur Rahim,AC Botha,4,0,,,,,,"",""
ball,1,20.4,Bangladesh,Raqibul Hasan,Mushfiqur Rahim,AC Botha,1,0,,,,,,"",""
ball,1,20.5,Bangladesh,Mushfiqur Rahim,Raqibul Hasan,AC Botha,0,0,,,,,,"",""
ball,1,20.6,Bangladesh,Mushfiqur Rahim,Raqibul Hasan,AC Botha,1,0,,,,,,"",""
ball,1,21.1,Bangladesh,Mushfiqur Rahim,Raqibul Hasan,GH Dockrell,0,0,,,,,,"",""
ball,1,21.2,Bangladesh,Mushfiqur Rahim,Raqibul Hasan,GH Dockrell,1,0,,,,,,"",""
ball,1,21.3,Bangladesh,Raqibul Hasan,Mushfiqur Rahim,GH Dockrell,0,0,,,,,,"",""
ball,1,21.4,Bangladesh,Raqibul Hasan,Mushfiqur Rahim,GH Dockrell,0,0,,,,,,"",""
ball,1,21.5,Bangladesh,Raqibul Hasan,Mushfiqur Rahim,GH Dockrell,0,0,,,,,,"",""
ball,1,21.6,Bangladesh,Raqibul Hasan,Mushfiqur Rahim,GH Dockrell,1,0,,,,,,"",""
ball,1,22.1,Bangladesh,Raqibul Hasan,Mushfiqur Rahim,DT Johnston,1,0,,,,,,"",""
ball,1,22.2,Bangladesh,Mushfiqur Rahim,Raqibul Hasan,DT Johnston,0,0,,,,,,"",""
ball,1,22.3,Bangladesh,Mushfiqur Rahim,Raqibul Hasan,DT Johnston,0,0,,,,,,"",""
ball,1,22.4,Bangladesh,Mushfiqur Rahim,Raqibul Hasan,DT Johnston,0,0,,,,,,"",""
ball,1,22.5,Bangladesh,Mushfiqur Rahim,Raqibul Hasan,DT Johnston,1,0,,,,,,"",""
ball,1,22.6,Bangladesh,Raqibul Hasan,Mushfiqur Rahim,DT Johnston,0,0,,,,,,"",""
ball,1,23.1,Bangladesh,Mushfiqur Rahim,Raqibul Hasan,GH Dockrell,0,0,,,,,,"",""
ball,1,23.2,Bangladesh,Mushfiqur Rahim,Raqibul Hasan,GH Dockrell,0,0,,,,,,"",""
ball,1,23.3,Bangladesh,Mushfiqur Rahim,Raqibul Hasan,GH Dockrell,1,0,,,,,,"",""
ball,1,23.4,Bangladesh,Raqibul Hasan,Mushfiqur Rahim,GH Dockrell,1,0,,,,,,"",""
ball,1,23.5,Bangladesh,Mushfiqur Rahim,Raqibul Hasan,GH Dockrell,0,0,,,,,,"",""
ball,1,23.6,Bangladesh,Mushfiqur Rahim,Raqibul Hasan,GH Dockrell,0,0,,,,,,"",""
ball,1,24.1,Bangladesh,Raqibul Hasan,Mushfiqur Rahim,DT Johnston,0,0,,,,,,"",""
ball,1,24.2,Bangladesh,Raqibul Hasan,Mushfiqur Rahim,DT Johnston,0,0,,,,,,"",""
ball,1,24.3,Bangladesh,Raqibul Hasan,Mushfiqur Rahim,DT Johnston,1,0,,,,,,"",""
ball,1,24.4,Bangladesh,Mushfiqur Rahim,Raqibul Hasan,DT Johnston,1,0,,,,,,"",""
ball,1,24.5,Bangladesh,Raqibul Hasan,Mushfiqur Rahim,DT Johnston,1,0,,,,,,"",""
ball,1,24.6,Bangladesh,Mushfiqur Rahim,Raqibul Hasan,DT Johnston,1,0,,,,,,"",""
ball,1,25.1,Bangladesh,Mushfiqur Rahim,Raqibul Hasan,GH Dockrell,0,0,,,,,,"",""
ball,1,25.2,Bangladesh,Mushfiqur Rahim,Raqibul Hasan,GH Dockrell,1,0,,,,,,"",""
ball,1,25.3,Bangladesh,Raqibul Hasan,Mushfiqur Rahim,GH Dockrell,1,0,,,,,,"",""
ball,1,25.4,Bangladesh,Mushfiqur Rahim,Raqibul Hasan,GH Dockrell,1,0,,,,,,"",""
ball,1,25.5,Bangladesh,Raqibul Hasan,Mushfiqur Rahim,GH Dockrell,1,0,,,,,,"",""
ball,1,25.6,Bangladesh,Mushfiqur Rahim,Raqibul Hasan,GH Dockrell,0,0,,,,,,"",""
ball,1,26.1,Bangladesh,Raqibul Hasan,Mushfiqur Rahim,JF Mooney,0,0,,,,,,"",""
ball,1,26.2,Bangladesh,Raqibul Hasan,Mushfiqur Rahim,JF Mooney,0,0,,,,,,"",""
ball,1,26.3,Bangladesh,Raqibul Hasan,Mushfiqur Rahim,JF Mooney,0,0,,,,,,"",""
ball,1,26.4,Bangladesh,Raqibul Hasan,Mushfiqur Rahim,JF Mooney,0,0,,,,,,"",""
ball,1,26.5,Bangladesh,Raqibul Hasan,Mushfiqur Rahim,JF Mooney,2,0,,,,,,"",""
ball,1,26.6,Bangladesh,Raqibul Hasan,Mushfiqur Rahim,JF Mooney,1,0,,,,,,"",""
ball,1,27.1,Bangladesh,Raqibul Hasan,Mushfiqur Rahim,PR Stirling,1,0,,,,,,"",""
ball,1,27.2,Bangladesh,Mushfiqur Rahim,Raqibul Hasan,PR Stirling,2,0,,,,,,"",""
ball,1,27.3,Bangladesh,Mushfiqur Rahim,Raqibul Hasan,PR Stirling,0,0,,,,,,"",""
ball,1,27.4,Bangladesh,Mushfiqur Rahim,Raqibul Hasan,PR Stirling,0,0,,,,,,"",""
ball,1,27.5,Bangladesh,Mushfiqur Rahim,Raqibul Hasan,PR Stirling,1,0,,,,,,"",""
ball,1,27.6,Bangladesh,Raqibul Hasan,Mushfiqur Rahim,PR Stirling,1,0,,,,,,"",""
ball,1,28.1,Bangladesh,Raqibul Hasan,Mushfiqur Rahim,JF Mooney,1,0,,,,,,"",""
ball,1,28.2,Bangladesh,Mushfiqur Rahim,Raqibul Hasan,JF Mooney,0,0,,,,,,"",""
ball,1,28.3,Bangladesh,Mushfiqur Rahim,Raqibul Hasan,JF Mooney,0,0,,,,,,"",""
ball,1,28.4,Bangladesh,Mushfiqur Rahim,Raqibul Hasan,JF Mooney,0,0,,,,,,"",""
ball,1,28.5,Bangladesh,Mushfiqur Rahim,Raqibul Hasan,JF Mooney,2,0,,,,,,"",""
ball,1,28.6,Bangladesh,Mushfiqur Rahim,Raqibul Hasan,JF Mooney,0,0,,,,,,"",""
ball,1,29.1,Bangladesh,Raqibul Hasan,Mushfiqur Rahim,PR Stirling,1,0,,,,,,"",""
ball,1,29.2,Bangladesh,Mushfiqur Rahim,Raqibul Hasan,PR Stirling,1,0,,,,,,"",""
ball,1,29.3,Bangladesh,Raqibul Hasan,Mushfiqur Rahim,PR Stirling,1,0,,,,,,"",""
ball,1,29.4,Bangladesh,Mushfiqur Rahim,Raqibul Hasan,PR Stirling,1,0,,,,,,"",""
ball,1,29.5,Bangladesh,Raqibul Hasan,Mushfiqur Rahim,PR Stirling,1,0,,,,,,"",""
ball,1,29.6,Bangladesh,Mushfiqur Rahim,Raqibul Hasan,PR Stirling,1,0,,,,,,"",""
ball,1,30.1,Bangladesh,Mushfiqur Rahim,Raqibul Hasan,KJ O'Brien,1,0,,,,,,"",""
ball,1,30.2,Bangladesh,Raqibul Hasan,Mushfiqur Rahim,KJ O'Brien,0,0,,,,,,"",""
ball,1,30.3,Bangladesh,Raqibul Hasan,Mushfiqur Rahim,KJ O'Brien,1,0,,,,,,"",""
ball,1,30.4,Bangladesh,Mushfiqur Rahim,Raqibul Hasan,KJ O'Brien,4,0,,,,,,"",""
ball,1,30.5,Bangladesh,Mushfiqur Rahim,Raqibul Hasan,KJ O'Brien,0,0,,,,,,"",""
ball,1,30.6,Bangladesh,Mushfiqur Rahim,Raqibul Hasan,KJ O'Brien,0,0,,,,,,"",""
ball,1,31.1,Bangladesh,Raqibul Hasan,Mushfiqur Rahim,GH Dockrell,0,0,,,,,,"",""
ball,1,31.2,Bangladesh,Raqibul Hasan,Mushfiqur Rahim,GH Dockrell,1,0,,,,,,"",""
ball,1,31.3,Bangladesh,Mushfiqur Rahim,Raqibul Hasan,GH Dockrell,1,0,,,,,,"",""
ball,1,31.4,Bangladesh,Raqibul Hasan,Mushfiqur Rahim,GH Dockrell,1,0,,,,,,"",""
ball,1,31.5,Bangladesh,Mushfiqur Rahim,Raqibul Hasan,GH Dockrell,0,0,,,,,,"",""
ball,1,31.6,Bangladesh,Mushfiqur Rahim,Raqibul Hasan,GH Dockrell,1,0,,,,,,"",""
ball,1,32.1,Bangladesh,Mushfiqur Rahim,Raqibul Hasan,KJ O'Brien,0,0,,,,,,"",""
ball,1,32.2,Bangladesh,Mushfiqur Rahim,Raqibul Hasan,KJ O'Brien,0,0,,,,,,"",""
ball,1,32.3,Bangladesh,Mushfiqur Rahim,Raqibul Hasan,KJ O'Brien,1,0,,,,,,"",""
ball,1,32.4,Bangladesh,Raqibul Hasan,Mushfiqur Rahim,KJ O'Brien,0,0,,,,,,"",""
ball,1,32.5,Bangladesh,Raqibul Hasan,Mushfiqur Rahim,KJ O'Brien,0,0,,,,,,"",""
ball,1,32.6,Bangladesh,Raqibul Hasan,Mushfiqur Rahim,KJ O'Brien,1,0,,,,,,"",""
ball,1,33.1,Bangladesh,Raqibul Hasan,Mushfiqur Rahim,GH Dockrell,0,0,,,,,,"",""
ball,1,33.2,Bangladesh,Raqibul Hasan,Mushfiqur Rahim,GH Dockrell,1,0,,,,,,"",""
ball,1,33.3,Bangladesh,Mushfiqur Rahim,Raqibul Hasan,GH Dockrell,0,0,,,,,,caught,Mushfiqur Rahim
ball,1,33.4,Bangladesh,Mohammad Ashraful,Raqibul Hasan,GH Dockrell,0,0,,,,,,"",""
ball,1,33.5,Bangladesh,Mohammad Ashraful,Raqibul Hasan,GH Dockrell,0,0,,,,,,"",""
ball,1,33.6,Bangladesh,Mohammad Ashraful,Raqibul Hasan,GH Dockrell,0,0,,,,,,"",""
ball,1,34.1,Bangladesh,Raqibul Hasan,Mohammad Ashraful,WB Rankin,0,0,,,,,,"",""
ball,1,34.2,Bangladesh,Raqibul Hasan,Mohammad Ashraful,WB Rankin,0,0,,,,,,"",""
ball,1,34.3,Bangladesh,Raqibul Hasan,Mohammad Ashraful,WB Rankin,2,0,,,,,,"",""
ball,1,34.4,Bangladesh,Raqibul Hasan,Mohammad Ashraful,WB Rankin,0,0,,,,,,"",""
ball,1,34.5,Bangladesh,Raqibul Hasan,Mohammad Ashraful,WB Rankin,1,0,,,,,,"",""
ball,1,34.6,Bangladesh,Mohammad Ashraful,Raqibul Hasan,WB Rankin,1,0,,,,,,"",""
ball,1,35.1,Bangladesh,Mohammad Ashraful,Raqibul Hasan,GH Dockrell,0,0,,,,,,"",""
ball,1,35.2,Bangladesh,Mohammad Ashraful,Raqibul Hasan,GH Dockrell,0,0,,,,,,caught,Mohammad Ashraful
ball,1,35.3,Bangladesh,Naeem Islam,Raqibul Hasan,GH Dockrell,0,0,,,,,,"",""
ball,1,35.4,Bangladesh,Naeem Islam,Raqibul Hasan,GH Dockrell,1,0,,,,,,"",""
ball,1,35.5,Bangladesh,Raqibul Hasan,Naeem Islam,GH Dockrell,1,0,,,,,,"",""
ball,1,35.6,Bangladesh,Naeem Islam,Raqibul Hasan,GH Dockrell,0,0,,,,,,"",""
ball,1,36.1,Bangladesh,Raqibul Hasan,Naeem Islam,WB Rankin,0,0,,,,,,"",""
ball,1,36.2,Bangladesh,Raqibul Hasan,Naeem Islam,WB Rankin,0,0,,,,,,"",""
ball,1,36.3,Bangladesh,Raqibul Hasan,Naeem Islam,WB Rankin,0,0,,,,,,"",""
ball,1,36.4,Bangladesh,Raqibul Hasan,Naeem Islam,WB Rankin,1,0,,,,,,"",""
ball,1,36.5,Bangladesh,Naeem Islam,Raqibul Hasan,WB Rankin,1,0,,,,,,"",""
ball,1,36.6,Bangladesh,Raqibul Hasan,Naeem Islam,WB Rankin,1,0,,,,,,"",""
ball,1,37.1,Bangladesh,Raqibul Hasan,Naeem Islam,GH Dockrell,0,0,,,,,,"",""
ball,1,37.2,Bangladesh,Raqibul Hasan,Naeem Islam,GH Dockrell,1,0,,,,,,"",""
ball,1,37.3,Bangladesh,Naeem Islam,Raqibul Hasan,GH Dockrell,0,0,,,,,,"",""
ball,1,37.4,Bangladesh,Naeem Islam,Raqibul Hasan,GH Dockrell,1,0,,,,,,"",""
ball,1,37.5,Bangladesh,Raqibul Hasan,Naeem Islam,GH Dockrell,0,0,,,,,,"",""
ball,1,37.6,Bangladesh,Raqibul Hasan,Naeem Islam,GH Dockrell,1,0,,,,,,"",""
ball,1,38.1,Bangladesh,Raqibul Hasan,Naeem Islam,WB Rankin,0,0,,,,,,run out,Raqibul Hasan
ball,1,38.2,Bangladesh,Naeem Islam,Shafiul Islam,WB Rankin,0,0,,,,,,"",""
ball,1,38.3,Bangladesh,Naeem Islam,Shafiul Islam,WB Rankin,4,0,,,,,,"",""
ball,1,38.4,Bangladesh,Naeem Islam,Shafiul Islam,WB Rankin,0,0,,,,,,"",""
ball,1,38.5,Bangladesh,Naeem Islam,Shafiul Islam,WB Rankin,0,0,,,,,,"",""
ball,1,38.6,Bangladesh,Naeem Islam,Shafiul Islam,WB Rankin,4,0,,,,,,"",""
ball,1,39.1,Bangladesh,Shafiul Islam,Naeem Islam,GH Dockrell,0,0,,,,,,"",""
ball,1,39.2,Bangladesh,Shafiul Islam,Naeem Islam,GH Dockrell,0,0,,,,,,"",""
ball,1,39.3,Bangladesh,Shafiul Islam,Naeem Islam,GH Dockrell,0,0,,,,,,"",""
ball,1,39.4,Bangladesh,Shafiul Islam,Naeem Islam,GH Dockrell,0,0,,,,,,"",""
ball,1,39.5,Bangladesh,Shafiul Islam,Naeem Islam,GH Dockrell,0,0,,,,,,"",""
ball,1,39.6,Bangladesh,Shafiul Islam,Naeem Islam,GH Dockrell,0,0,,,,,,"",""
ball,1,40.1,Bangladesh,Naeem Islam,Shafiul Islam,AC Botha,1,0,,,,,,"",""
ball,1,40.2,Bangladesh,Shafiul Islam,Naeem Islam,AC Botha,0,0,,,,,,"",""
ball,1,40.3,Bangladesh,Shafiul Islam,Naeem Islam,AC Botha,0,0,,,,,,"",""
ball,1,40.4,Bangladesh,Shafiul Islam,Naeem Islam,AC Botha,0,0,,,,,,"",""
ball,1,40.5,Bangladesh,Shafiul Islam,Naeem Islam,AC Botha,1,0,,,,,,"",""
ball,1,40.6,Bangladesh,Naeem Islam,Shafiul Islam,AC Botha,0,0,,,,,,"",""
ball,1,41.1,Bangladesh,Shafiul Islam,Naeem Islam,PR Stirling,0,0,,,,,,"",""
ball,1,41.2,Bangladesh,Shafiul Islam,Naeem Islam,PR Stirling,0,0,,,,,,"",""
ball,1,41.3,Bangladesh,Shafiul Islam,Naeem Islam,PR Stirling,0,0,,,,,,"",""
ball,1,41.4,Bangladesh,Shafiul Islam,Naeem Islam,PR Stirling,1,0,,,,,,"",""
ball,1,41.5,Bangladesh,Naeem Islam,Shafiul Islam,PR Stirling,0,0,,,,,,"",""
ball,1,41.6,Bangladesh,Naeem Islam,Shafiul Islam,PR Stirling,0,0,,,,,,"",""
ball,1,42.1,Bangladesh,Shafiul Islam,Naeem Islam,AC Botha,0,0,,,,,,"",""
ball,1,42.2,Bangladesh,Shafiul Islam,Naeem Islam,AC Botha,0,0,,,,,,"",""
ball,1,42.3,Bangladesh,Shafiul Islam,Naeem Islam,AC Botha,0,0,,,,,,lbw,Shafiul Islam
ball,1,42.4,Bangladesh,Abdur Razzak,Naeem Islam,AC Botha,2,0,,,,,,"",""
ball,1,42.5,Bangladesh,Abdur Razzak,Naeem Islam,AC Botha,0,0,,,,,,"",""
ball,1,42.6,Bangladesh,Abdur Razzak,Naeem Islam,AC Botha,0,0,,,,,,"",""
ball,1,43.1,Bangladesh,Naeem Islam,Abdur Razzak,PR Stirling,0,0,,,,,,"",""
ball,1,43.2,Bangladesh,Naeem Islam,Abdur Razzak,PR Stirling,0,0,,,,,,"",""
ball,1,43.3,Bangladesh,Naeem Islam,Abdur Razzak,PR Stirling,0,0,,,,,,"",""
ball,1,43.4,Bangladesh,Naeem Islam,Abdur Razzak,PR Stirling,1,0,,,,,,"",""
ball,1,43.5,Bangladesh,Abdur Razzak,Naeem Islam,PR Stirling,0,0,,,,,,"",""
ball,1,43.6,Bangladesh,Abdur Razzak,Naeem Islam,PR Stirling,0,0,,,,,,"",""
ball,1,44.1,Bangladesh,Naeem Islam,Abdur Razzak,AC Botha,0,0,,,,,,"",""
ball,1,44.2,Bangladesh,Naeem Islam,Abdur Razzak,AC Botha,0,0,,,,,,"",""
ball,1,44.3,Bangladesh,Naeem Islam,Abdur Razzak,AC Botha,1,0,,,,,,"",""
ball,1,44.4,Bangladesh,Abdur Razzak,Naeem Islam,AC Botha,2,0,,,,,,"",""
ball,1,44.5,Bangladesh,Abdur Razzak,Naeem Islam,AC Botha,3,0,,,,,,"",""
ball,1,44.6,Bangladesh,Naeem Islam,Abdur Razzak,AC Botha,0,0,,,,,,"",""
ball,1,45.1,Bangladesh,Abdur Razzak,Naeem Islam,DT Johnston,0,0,,,,,,"",""
ball,1,45.2,Bangladesh,Abdur Razzak,Naeem Islam,DT Johnston,1,0,,,,,,"",""
ball,1,45.3,Bangladesh,Naeem Islam,Abdur Razzak,DT Johnston,1,0,,,,,,"",""
ball,1,45.4,Bangladesh,Abdur Razzak,Naeem Islam,DT Johnston,1,0,,,,,,"",""
ball,1,45.5,Bangladesh,Naeem Islam,Abdur Razzak,DT Johnston,2,0,,,,,,"",""
ball,1,45.6,Bangladesh,Naeem Islam,Abdur Razzak,DT Johnston,1,0,,,,,,"",""
ball,1,46.1,Bangladesh,Naeem Islam,Abdur Razzak,WB Rankin,1,0,,,,,,"",""
ball,1,46.2,Bangladesh,Abdur Razzak,Naeem Islam,WB Rankin,0,0,,,,,,"",""
ball,1,46.3,Bangladesh,Abdur Razzak,Naeem Islam,WB Rankin,0,1,1,,,,,"",""
ball,1,46.4,Bangladesh,Abdur Razzak,Naeem Islam,WB Rankin,0,0,,,,,,"",""
ball,1,46.5,Bangladesh,Abdur Razzak,Naeem Islam,WB Rankin,0,0,,,,,,"",""
ball,1,46.6,Bangladesh,Abdur Razzak,Naeem Islam,WB Rankin,0,1,1,,,,,"",""
ball,1,46.7,Bangladesh,Abdur Razzak,Naeem Islam,WB Rankin,1,0,,,,,,"",""
ball,1,46.8,Bangladesh,Naeem Islam,Abdur Razzak,WB Rankin,1,0,,,,,,"",""
ball,1,47.1,Bangladesh,Naeem Islam,Abdur Razzak,DT Johnston,1,0,,,,,,"",""
ball,1,47.2,Bangladesh,Abdur Razzak,Naeem Islam,DT Johnston,1,0,,,,,,"",""
ball,1,47.3,Bangladesh,Naeem Islam,Abdur Razzak,DT Johnston,0,0,,,,,,"",""
ball,1,47.4,Bangladesh,Naeem Islam,Abdur Razzak,DT Johnston,0,0,,,,,,"",""
ball,1,47.5,Bangladesh,Naeem Islam,Abdur Razzak,DT Johnston,1,0,,,,,,"",""
ball,1,47.6,Bangladesh,Abdur Razzak,Naeem Islam,DT Johnston,0,0,,,,,,bowled,Abdur Razzak
ball,1,48.1,Bangladesh,Naeem Islam,Rubel Hossain,WB Rankin,0,3,3,,,,,"",""
ball,1,48.2,Bangladesh,Naeem Islam,Rubel Hossain,WB Rankin,0,0,,,,,,"",""
ball,1,48.3,Bangladesh,Naeem Islam,Rubel Hossain,WB Rankin,0,0,,,,,,"",""
ball,1,48.4,Bangladesh,Naeem Islam,Rubel Hossain,WB Rankin,2,0,,,,,,"",""
ball,1,48.5,Bangladesh,Naeem Islam,Rubel Hossain,WB Rankin,1,0,,,,,,"",""
ball,1,48.6,Bangladesh,Rubel Hossain,Naeem Islam,WB Rankin,1,0,,,,,,"",""
ball,1,48.7,Bangladesh,Naeem Islam,Rubel Hossain,WB Rankin,4,0,,,,,,"",""
ball,1,49.1,Bangladesh,Rubel Hossain,Naeem Islam,DT Johnston,1,0,,,,,,"",""
ball,1,49.2,Bangladesh,Naeem Islam,Rubel Hossain,DT Johnston,0,0,,,,,,caught,Naeem Islam
ball,2,0.1,Ireland,WTS Porterfield,PR Stirling,Shafiul Islam,0,1,1,,,,,"",""
ball,2,0.2,Ireland,WTS Porterfield,PR Stirling,Shafiul Islam,0,0,,,,,,"",""
ball,2,0.3,Ireland,WTS Porterfield,PR Stirling,Shafiul Islam,4,0,,,,,,"",""
ball,2,0.4,Ireland,WTS Porterfield,PR Stirling,Shafiul Islam,0,0,,,,,,"",""
ball,2,0.5,Ireland,WTS Porterfield,PR Stirling,Shafiul Islam,0,0,,,,,,"",""
ball,2,0.6,Ireland,WTS Porterfield,PR Stirling,Shafiul Islam,0,0,,,,,,"",""
ball,2,0.7,Ireland,WTS Porterfield,PR Stirling,Shafiul Islam,1,0,,,,,,"",""
ball,2,1.1,Ireland,WTS Porterfield,PR Stirling,Abdur Razzak,0,0,,,,,,"",""
ball,2,1.2,Ireland,WTS Porterfield,PR Stirling,Abdur Razzak,0,0,,,,,,"",""
ball,2,1.3,Ireland,WTS Porterfield,PR Stirling,Abdur Razzak,0,0,,,,,,"",""
ball,2,1.4,Ireland,WTS Porterfield,PR Stirling,Abdur Razzak,2,0,,,,,,"",""
ball,2,1.5,Ireland,WTS Porterfield,PR Stirling,Abdur Razzak,1,0,,,,,,"",""
ball,2,1.6,Ireland,PR Stirling,WTS Porterfield,Abdur Razzak,0,0,,,,,,"",""
ball,2,2.1,Ireland,WTS Porterfield,PR Stirling,Naeem Islam,0,0,,,,,,"",""
ball,2,2.2,Ireland,WTS Porterfield,PR Stirling,Naeem Islam,0,0,,,,,,"",""
ball,2,2.3,Ireland,WTS Porterfield,PR Stirling,Naeem Islam,0,0,,,,,,"",""
ball,2,2.4,Ireland,WTS Porterfield,PR Stirling,Naeem Islam,2,0,,,,,,"",""
ball,2,2.5,Ireland,WTS Porterfield,PR Stirling,Naeem Islam,0,0,,,,,,"",""
ball,2,2.6,Ireland,WTS Porterfield,PR Stirling,Naeem Islam,0,0,,,,,,"",""
ball,2,3.1,Ireland,PR Stirling,WTS Porterfield,Abdur Razzak,1,0,,,,,,"",""
ball,2,3.2,Ireland,WTS Porterfield,PR Stirling,Abdur Razzak,0,0,,,,,,"",""
ball,2,3.3,Ireland,WTS Porterfield,PR Stirling,Abdur Razzak,0,0,,,,,,"",""
ball,2,3.4,Ireland,WTS Porterfield,PR Stirling,Abdur Razzak,1,0,,,,,,"",""
ball,2,3.5,Ireland,PR Stirling,WTS Porterfield,Abdur Razzak,0,0,,,,,,"",""
ball,2,3.6,Ireland,PR Stirling,WTS Porterfield,Abdur Razzak,1,0,,,,,,"",""
ball,2,4.1,Ireland,PR Stirling,WTS Porterfield,Naeem Islam,1,0,,,,,,"",""
ball,2,4.2,Ireland,WTS Porterfield,PR Stirling,Naeem Islam,1,0,,,,,,"",""
ball,2,4.3,Ireland,PR Stirling,WTS Porterfield,Naeem Islam,1,0,,,,,,"",""
ball,2,4.4,Ireland,WTS Porterfield,PR Stirling,Naeem Islam,0,0,,,,,,"",""
ball,2,4.5,Ireland,WTS Porterfield,PR Stirling,Naeem Islam,1,0,,,,,,"",""
ball,2,4.6,Ireland,PR Stirling,WTS Porterfield,Naeem Islam,1,0,,,,,,"",""
ball,2,5.1,Ireland,PR Stirling,WTS Porterfield,Abdur Razzak,4,0,,,,,,"",""
ball,2,5.2,Ireland,PR Stirling,WTS Porterfield,Abdur Razzak,0,0,,,,,,"",""
ball,2,5.3,Ireland,PR Stirling,WTS Porterfield,Abdur Razzak,0,0,,,,,,stumped,PR Stirling
ball,2,5.4,Ireland,EC Joyce,WTS Porterfield,Abdur Razzak,0,0,,,,,,"",""
ball,2,5.5,Ireland,EC Joyce,WTS Porterfield,Abdur Razzak,0,0,,,,,,"",""
ball,2,5.6,Ireland,EC Joyce,WTS Porterfield,Abdur Razzak,0,0,,,,,,"",""
ball,2,6.1,Ireland,WTS Porterfield,EC Joyce,Naeem Islam,0,0,,,,,,"",""
ball,2,6.2,Ireland,WTS Porterfield,EC Joyce,Naeem Islam,0,0,,,,,,"",""
ball,2,6.3,Ireland,WTS Porterfield,EC Joyce,Naeem Islam,1,0,,,,,,"",""
ball,2,6.4,Ireland,EC Joyce,WTS Porterfield,Naeem Islam,1,0,,,,,,"",""
ball,2,6.5,Ireland,WTS Porterfield,EC Joyce,Naeem Islam,2,0,,,,,,"",""
ball,2,6.6,Ireland,WTS Porterfield,EC Joyce,Naeem Islam,4,0,,,,,,"",""
ball,2,7.1,Ireland,EC Joyce,WTS Porterfield,Abdur Razzak,0,0,,,,,,"",""
ball,2,7.2,Ireland,EC Joyce,WTS Porterfield,Abdur Razzak,2,0,,,,,,"",""
ball,2,7.3,Ireland,EC Joyce,WTS Porterfield,Abdur Razzak,0,0,,,,,,"",""
ball,2,7.4,Ireland,EC Joyce,WTS Porterfield,Abdur Razzak,2,0,,,,,,"",""
ball,2,7.5,Ireland,EC Joyce,WTS Porterfield,Abdur Razzak,1,0,,,,,,"",""
ball,2,7.6,Ireland,WTS Porterfield,EC Joyce,Abdur Razzak,0,0,,,,,,"",""
ball,2,8.1,Ireland,EC Joyce,WTS Porterfield,Naeem Islam,0,0,,,,,,"",""
ball,2,8.2,Ireland,EC Joyce,WTS Porterfield,Naeem Islam,0,0,,,,,,"",""
ball,2,8.3,Ireland,EC Joyce,WTS Porterfield,Naeem Islam,0,0,,,,,,"",""
ball,2,8.4,Ireland,EC Joyce,WTS Porterfield,Naeem Islam,0,0,,,,,,"",""
ball,2,8.5,Ireland,EC Joyce,WTS Porterfield,Naeem Islam,0,0,,,,,,"",""
ball,2,8.6,Ireland,EC Joyce,WTS Porterfield,Naeem Islam,0,0,,,,,,"",""
ball,2,9.1,Ireland,WTS Porterfield,EC Joyce,Shakib Al Hasan,0,0,,,,,,caught,WTS Porterfield
ball,2,9.2,Ireland,NJ O'Brien,EC Joyce,Shakib Al Hasan,0,0,,,,,,"",""
ball,2,9.3,Ireland,NJ O'Brien,EC Joyce,Shakib Al Hasan,4,0,,,,,,"",""
ball,2,9.4,Ireland,NJ O'Brien,EC Joyce,Shakib Al Hasan,0,0,,,,,,"",""
ball,2,9.5,Ireland,NJ O'Brien,EC Joyce,Shakib Al Hasan,0,0,,,,,,"",""
ball,2,9.6,Ireland,NJ O'Brien,EC Joyce,Shakib Al Hasan,4,0,,,,,,"",""
ball,2,10.1,Ireland,EC Joyce,NJ O'Brien,Naeem Islam,0,0,,,,,,"",""
ball,2,10.2,Ireland,EC Joyce,NJ O'Brien,Naeem Islam,0,0,,,,,,"",""
ball,2,10.3,Ireland,EC Joyce,NJ O'Brien,Naeem Islam,1,0,,,,,,"",""
ball,2,10.4,Ireland,NJ O'Brien,EC Joyce,Naeem Islam,0,0,,,,,,"",""
ball,2,10.5,Ireland,NJ O'Brien,EC Joyce,Naeem Islam,0,0,,,,,,"",""
ball,2,10.6,Ireland,NJ O'Brien,EC Joyce,Naeem Islam,1,0,,,,,,"",""
ball,2,11.1,Ireland,NJ O'Brien,EC Joyce,Mohammad Ashraful,0,0,,,,,,"",""
ball,2,11.2,Ireland,NJ O'Brien,EC Joyce,Mohammad Ashraful,0,0,,,,,,"",""
ball,2,11.3,Ireland,NJ O'Brien,EC Joyce,Mohammad Ashraful,1,0,,,,,,"",""
ball,2,11.4,Ireland,EC Joyce,NJ O'Brien,Mohammad Ashraful,0,1,1,,,,,"",""
ball,2,11.5,Ireland,EC Joyce,NJ O'Brien,Mohammad Ashraful,1,0,,,,,,"",""
ball,2,11.6,Ireland,NJ O'Brien,EC Joyce,Mohammad Ashraful,1,0,,,,,,"",""
ball,2,11.7,Ireland,EC Joyce,NJ O'Brien,Mohammad Ashraful,0,0,,,,,,"",""
ball,2,12.1,Ireland,NJ O'Brien,EC Joyce,Naeem Islam,2,0,,,,,,"",""
ball,2,12.2,Ireland,NJ O'Brien,EC Joyce,Naeem Islam,0,0,,,,,,"",""
ball,2,12.3,Ireland,NJ O'Brien,EC Joyce,Naeem Islam,0,0,,,,,,"",""
ball,2,12.4,Ireland,NJ O'Brien,EC Joyce,Naeem Islam,0,0,,,,,,"",""
ball,2,12.5,Ireland,NJ O'Brien,EC Joyce,Naeem Islam,1,0,,,,,,"",""
ball,2,12.6,Ireland,EC Joyce,NJ O'Brien,Naeem Islam,0,0,,,,,,"",""
ball,2,13.1,Ireland,NJ O'Brien,EC Joyce,Mohammad Ashraful,1,0,,,,,,"",""
ball,2,13.2,Ireland,EC Joyce,NJ O'Brien,Mohammad Ashraful,0,0,,,,,,"",""
ball,2,13.3,Ireland,EC Joyce,NJ O'Brien,Mohammad Ashraful,0,1,,,,1,,"",""
ball,2,13.4,Ireland,NJ O'Brien,EC Joyce,Mohammad Ashraful,3,0,,,,,,"",""
ball,2,13.5,Ireland,EC Joyce,NJ O'Brien,Mohammad Ashraful,0,0,,,,,,"",""
ball,2,13.6,Ireland,EC Joyce,NJ O'Brien,Mohammad Ashraful,0,0,,,,,,"",""
ball,2,14.1,Ireland,NJ O'Brien,EC Joyce,Naeem Islam,0,0,,,,,,"",""
ball,2,14.2,Ireland,NJ O'Brien,EC Joyce,Naeem Islam,1,0,,,,,,"",""
ball,2,14.3,Ireland,EC Joyce,NJ O'Brien,Naeem Islam,1,0,,,,,,"",""
ball,2,14.4,Ireland,NJ O'Brien,EC Joyce,Naeem Islam,1,0,,,,,,"",""
ball,2,14.5,Ireland,EC Joyce,NJ O'Brien,Naeem Islam,1,0,,,,,,"",""
ball,2,14.6,Ireland,NJ O'Brien,EC Joyce,Naeem Islam,0,0,,,,,,"",""
ball,2,15.1,Ireland,EC Joyce,NJ O'Brien,Rubel Hossain,1,0,,,,,,"",""
ball,2,15.2,Ireland,NJ O'Brien,EC Joyce,Rubel Hossain,0,0,,,,,,"",""
ball,2,15.3,Ireland,NJ O'Brien,EC Joyce,Rubel Hossain,0,0,,,,,,"",""
ball,2,15.4,Ireland,NJ O'Brien,EC Joyce,Rubel Hossain,0,0,,,,,,"",""
ball,2,15.5,Ireland,NJ O'Brien,EC Joyce,Rubel Hossain,0,0,,,,,,"",""
ball,2,15.6,Ireland,NJ O'Brien,EC Joyce,Rubel Hossain,0,0,,,,,,"",""
ball,2,16.1,Ireland,EC Joyce,NJ O'Brien,Shafiul Islam,0,0,,,,,,"",""
ball,2,16.2,Ireland,EC Joyce,NJ O'Brien,Shafiul Islam,1,0,,,,,,"",""
ball,2,16.3,Ireland,NJ O'Brien,EC Joyce,Shafiul Islam,2,0,,,,,,"",""
ball,2,16.4,Ireland,NJ O'Brien,EC Joyce,Shafiul Islam,1,0,,,,,,"",""
ball,2,16.5,Ireland,EC Joyce,NJ O'Brien,Shafiul Islam,0,0,,,,,,"",""
ball,2,16.6,Ireland,EC Joyce,NJ O'Brien,Shafiul Islam,1,0,,,,,,"",""
ball,2,17.1,Ireland,EC Joyce,NJ O'Brien,Rubel Hossain,2,0,,,,,,"",""
ball,2,17.2,Ireland,EC Joyce,NJ O'Brien,Rubel Hossain,1,0,,,,,,"",""
ball,2,17.3,Ireland,NJ O'Brien,EC Joyce,Rubel Hossain,4,0,,,,,,"",""
ball,2,17.4,Ireland,NJ O'Brien,EC Joyce,Rubel Hossain,0,0,,,,,,"",""
ball,2,17.5,Ireland,NJ O'Brien,EC Joyce,Rubel Hossain,0,0,,,,,,"",""
ball,2,17.6,Ireland,NJ O'Brien,EC Joyce,Rubel Hossain,0,0,,,,,,"",""
ball,2,18.1,Ireland,EC Joyce,NJ O'Brien,Mohammad Ashraful,0,0,,,,,,caught and bowled,EC Joyce
ball,2,18.2,Ireland,AR White,NJ O'Brien,Mohammad Ashraful,0,0,,,,,,"",""
ball,2,18.3,Ireland,AR White,NJ O'Brien,Mohammad Ashraful,0,0,,,,,,"",""
ball,2,18.4,Ireland,AR White,NJ O'Brien,Mohammad Ashraful,1,0,,,,,,"",""
ball,2,18.5,Ireland,NJ O'Brien,AR White,Mohammad Ashraful,1,0,,,,,,"",""
ball,2,18.6,Ireland,AR White,NJ O'Brien,Mohammad Ashraful,0,0,,,,,,"",""
ball,2,19.1,Ireland,NJ O'Brien,AR White,Shakib Al Hasan,1,0,,,,,,"",""
ball,2,19.2,Ireland,AR White,NJ O'Brien,Shakib Al Hasan,0,0,,,,,,"",""
ball,2,19.3,Ireland,AR White,NJ O'Brien,Shakib Al Hasan,0,0,,,,,,"",""
ball,2,19.4,Ireland,AR White,NJ O'Brien,Shakib Al Hasan,0,0,,,,,,"",""
ball,2,19.5,Ireland,AR White,NJ O'Brien,Shakib Al Hasan,0,0,,,,,,"",""
ball,2,19.6,Ireland,AR White,NJ O'Brien,Shakib Al Hasan,0,0,,,,,,"",""
ball,2,20.1,Ireland,NJ O'Brien,AR White,Mohammad Ashraful,1,0,,,,,,"",""
ball,2,20.2,Ireland,AR White,NJ O'Brien,Mohammad Ashraful,1,0,,,,,,"",""
ball,2,20.3,Ireland,NJ O'Brien,AR White,Mohammad Ashraful,0,0,,,,,,"",""
ball,2,20.4,Ireland,NJ O'Brien,AR White,Mohammad Ashraful,1,0,,,,,,"",""
ball,2,20.5,Ireland,AR White,NJ O'Brien,Mohammad Ashraful,0,0,,,,,,"",""
ball,2,20.6,Ireland,AR White,NJ O'Brien,Mohammad Ashraful,0,0,,,,,,"",""
ball,2,21.1,Ireland,NJ O'Brien,AR White,Shakib Al Hasan,1,0,,,,,,"",""
ball,2,21.2,Ireland,AR White,NJ O'Brien,Shakib Al Hasan,0,0,,,,,,"",""
ball,2,21.3,Ireland,AR White,NJ O'Brien,Shakib Al Hasan,0,0,,,,,,"",""
ball,2,21.4,Ireland,AR White,NJ O'Brien,Shakib Al Hasan,0,0,,,,,,"",""
ball,2,21.5,Ireland,AR White,NJ O'Brien,Shakib Al Hasan,1,0,,,,,,"",""
ball,2,21.6,Ireland,NJ O'Brien,AR White,Shakib Al Hasan,0,0,,,,,,"",""
ball,2,22.1,Ireland,AR White,NJ O'Brien,Mohammad Ashraful,0,0,,,,,,"",""
ball,2,22.2,Ireland,AR White,NJ O'Brien,Mohammad Ashraful,3,0,,,,,,"",""
ball,2,22.3,Ireland,NJ O'Brien,AR White,Mohammad Ashraful,0,0,,,,,,"",""
ball,2,22.4,Ireland,NJ O'Brien,AR White,Mohammad Ashraful,1,0,,,,,,"",""
ball,2,22.5,Ireland,AR White,NJ O'Brien,Mohammad Ashraful,0,0,,,,,,"",""
ball,2,22.6,Ireland,AR White,NJ O'Brien,Mohammad Ashraful,0,0,,,,,,"",""
ball,2,23.1,Ireland,NJ O'Brien,AR White,Shakib Al Hasan,1,0,,,,,,"",""
ball,2,23.2,Ireland,AR White,NJ O'Brien,Shakib Al Hasan,0,0,,,,,,"",""
ball,2,23.3,Ireland,AR White,NJ O'Brien,Shakib Al Hasan,4,0,,,,,,"",""
ball,2,23.4,Ireland,AR White,NJ O'Brien,Shakib Al Hasan,0,0,,,,,,"",""
ball,2,23.5,Ireland,AR White,NJ O'Brien,Shakib Al Hasan,0,0,,,,,,"",""
ball,2,23.6,Ireland,AR White,NJ O'Brien,Shakib Al Hasan,0,0,,,,,,"",""
ball,2,24.1,Ireland,NJ O'Brien,AR White,Mohammad Ashraful,0,0,,,,,,"",""
ball,2,24.2,Ireland,NJ O'Brien,AR White,Mohammad Ashraful,1,0,,,,,,"",""
ball,2,24.3,Ireland,AR White,NJ O'Brien,Mohammad Ashraful,0,0,,,,,,"",""
ball,2,24.4,Ireland,AR White,NJ O'Brien,Mohammad Ashraful,0,0,,,,,,bowled,AR White
ball,2,24.5,Ireland,KJ O'Brien,NJ O'Brien,Mohammad Ashraful,0,0,,,,,,"",""
ball,2,24.6,Ireland,KJ O'Brien,NJ O'Brien,Mohammad Ashraful,2,0,,,,,,"",""
ball,2,25.1,Ireland,NJ O'Brien,KJ O'Brien,Shakib Al Hasan,1,0,,,,,,"",""
ball,2,25.2,Ireland,KJ O'Brien,NJ O'Brien,Shakib Al Hasan,0,1,1,,,,,"",""
ball,2,25.3,Ireland,KJ O'Brien,NJ O'Brien,Shakib Al Hasan,2,0,,,,,,"",""
ball,2,25.4,Ireland,KJ O'Brien,NJ O'Brien,Shakib Al Hasan,0,0,,,,,,"",""
ball,2,25.5,Ireland,KJ O'Brien,NJ O'Brien,Shakib Al Hasan,0,0,,,,,,"",""
ball,2,25.6,Ireland,KJ O'Brien,NJ O'Brien,Shakib Al Hasan,0,0,,,,,,"",""
ball,2,25.7,Ireland,KJ O'Brien,NJ O'Brien,Shakib Al Hasan,1,0,,,,,,"",""
ball,2,26.1,Ireland,KJ O'Brien,NJ O'Brien,Abdur Razzak,4,0,,,,,,"",""
ball,2,26.2,Ireland,KJ O'Brien,NJ O'Brien,Abdur Razzak,1,0,,,,,,"",""
ball,2,26.3,Ireland,NJ O'Brien,KJ O'Brien,Abdur Razzak,1,0,,,,,,"",""
ball,2,26.4,Ireland,KJ O'Brien,NJ O'Brien,Abdur Razzak,1,0,,,,,,"",""
ball,2,26.5,Ireland,NJ O'Brien,KJ O'Brien,Abdur Razzak,1,0,,,,,,"",""
ball,2,26.6,Ireland,KJ O'Brien,NJ O'Brien,Abdur Razzak,1,0,,,,,,"",""
ball,2,27.1,Ireland,KJ O'Brien,NJ O'Brien,Shakib Al Hasan,1,0,,,,,,"",""
ball,2,27.2,Ireland,NJ O'Brien,KJ O'Brien,Shakib Al Hasan,0,0,,,,,,"",""
ball,2,27.3,Ireland,NJ O'Brien,KJ O'Brien,Shakib Al Hasan,0,0,,,,,,"",""
ball,2,27.4,Ireland,NJ O'Brien,KJ O'Brien,Shakib Al Hasan,0,0,,,,,,caught,NJ O'Brien
ball,2,27.5,Ireland,KJ O'Brien,AC Botha,Shakib Al Hasan,0,0,,,,,,"",""
ball,2,27.6,Ireland,KJ O'Brien,AC Botha,Shakib Al Hasan,1,0,,,,,,"",""
ball,2,28.1,Ireland,KJ O'Brien,AC Botha,Mohammad Ashraful,0,0,,,,,,"",""
ball,2,28.2,Ireland,KJ O'Brien,AC Botha,Mohammad Ashraful,1,0,,,,,,"",""
ball,2,28.3,Ireland,AC Botha,KJ O'Brien,Mohammad Ashraful,0,0,,,,,,"",""
ball,2,28.4,Ireland,AC Botha,KJ O'Brien,Mohammad Ashraful,0,0,,,,,,"",""
ball,2,28.5,Ireland,AC Botha,KJ O'Brien,Mohammad Ashraful,0,0,,,,,,"",""
ball,2,28.6,Ireland,AC Botha,KJ O'Brien,Mohammad Ashraful,0,0,,,,,,"",""
ball,2,29.1,Ireland,KJ O'Brien,AC Botha,Abdur Razzak,0,0,,,,,,"",""
ball,2,29.2,Ireland,KJ O'Brien,AC Botha,Abdur Razzak,1,0,,,,,,"",""
ball,2,29.3,Ireland,AC Botha,KJ O'Brien,Abdur Razzak,0,0,,,,,,"",""
ball,2,29.4,Ireland,AC Botha,KJ O'Brien,Abdur Razzak,0,0,,,,,,"",""
ball,2,29.5,Ireland,AC Botha,KJ O'Brien,Abdur Razzak,0,4,,,,4,,"",""
ball,2,29.6,Ireland,AC Botha,KJ O'Brien,Abdur Razzak,0,0,,,,,,"",""
ball,2,30.1,Ireland,KJ O'Brien,AC Botha,Mohammad Ashraful,0,0,,,,,,"",""
ball,2,30.2,Ireland,KJ O'Brien,AC Botha,Mohammad Ashraful,0,0,,,,,,"",""
ball,2,30.3,Ireland,KJ O'Brien,AC Botha,Mohammad Ashraful,6,0,,,,,,"",""
ball,2,30.4,Ireland,KJ O'Brien,AC Botha,Mohammad Ashraful,1,0,,,,,,"",""
ball,2,30.5,Ireland,AC Botha,KJ O'Brien,Mohammad Ashraful,0,0,,,,,,"",""
ball,2,30.6,Ireland,AC Botha,KJ O'Brien,Mohammad Ashraful,0,0,,,,,,"",""
ball,2,31.1,Ireland,KJ O'Brien,AC Botha,Abdur Razzak,0,0,,,,,,"",""
ball,2,31.2,Ireland,KJ O'Brien,AC Botha,Abdur Razzak,1,0,,,,,,"",""
ball,2,31.3,Ireland,AC Botha,KJ O'Brien,Abdur Razzak,0,0,,,,,,"",""
ball,2,31.4,Ireland,AC Botha,KJ O'Brien,Abdur Razzak,1,0,,,,,,"",""
ball,2,31.5,Ireland,KJ O'Brien,AC Botha,Abdur Razzak,0,0,,,,,,"",""
ball,2,31.6,Ireland,KJ O'Brien,AC Botha,Abdur Razzak,0,0,,,,,,"",""
ball,2,32.1,Ireland,AC Botha,KJ O'Brien,Mohammad Ashraful,4,0,,,,,,"",""
ball,2,32.2,Ireland,AC Botha,KJ O'Brien,Mohammad Ashraful,0,0,,,,,,"",""
ball,2,32.3,Ireland,AC Botha,KJ O'Brien,Mohammad Ashraful,1,0,,,,,,"",""
ball,2,32.4,Ireland,KJ O'Brien,AC Botha,Mohammad Ashraful,4,0,,,,,,"",""
ball,2,32.5,Ireland,KJ O'Brien,AC Botha,Mohammad Ashraful,4,0,,,,,,"",""
ball,2,32.6,Ireland,KJ O'Brien,AC Botha,Mohammad Ashraful,1,0,,,,,,"",""
ball,2,33.1,Ireland,KJ O'Brien,AC Botha,Rubel Hossain,1,0,,,,,,"",""
ball,2,33.2,Ireland,AC Botha,KJ O'Brien,Rubel Hossain,0,0,,,,,,"",""
ball,2,33.3,Ireland,AC Botha,KJ O'Brien,Rubel Hossain,1,0,,,,,,"",""
ball,2,33.4,Ireland,KJ O'Brien,AC Botha,Rubel Hossain,0,0,,,,,,"",""
ball,2,33.5,Ireland,KJ O'Brien,AC Botha,Rubel Hossain,2,0,,,,,,"",""
ball,2,33.6,Ireland,KJ O'Brien,AC Botha,Rubel Hossain,0,0,,,,,,"",""
ball,2,34.1,Ireland,AC Botha,KJ O'Brien,Shafiul Islam,2,0,,,,,,"",""
ball,2,34.2,Ireland,AC Botha,KJ O'Brien,Shafiul Islam,1,0,,,,,,"",""
ball,2,34.3,Ireland,KJ O'Brien,AC Botha,Shafiul Islam,0,0,,,,,,"",""
ball,2,34.4,Ireland,KJ O'Brien,AC Botha,Shafiul Islam,0,0,,,,,,"",""
ball,2,34.5,Ireland,KJ O'Brien,AC Botha,Shafiul Islam,0,0,,,,,,"",""
ball,2,34.6,Ireland,KJ O'Brien,AC Botha,Shafiul Islam,0,0,,,,,,"",""
ball,2,35.1,Ireland,AC Botha,KJ O'Brien,Abdur Razzak,0,0,,,,,,"",""
ball,2,35.2,Ireland,AC Botha,KJ O'Brien,Abdur Razzak,0,0,,,,,,"",""
ball,2,35.3,Ireland,AC Botha,KJ O'Brien,Abdur Razzak,1,0,,,,,,"",""
ball,2,35.4,Ireland,KJ O'Brien,AC Botha,Abdur Razzak,0,0,,,,,,"",""
ball,2,35.5,Ireland,KJ O'Brien,AC Botha,Abdur Razzak,1,0,,,,,,"",""
ball,2,35.6,Ireland,AC Botha,KJ O'Brien,Abdur Razzak,1,0,,,,,,"",""
ball,2,36.1,Ireland,AC Botha,KJ O'Brien,Shafiul Islam,0,0,,,,,,"",""
ball,2,36.2,Ireland,AC Botha,KJ O'Brien,Shafiul Islam,0,0,,,,,,"",""
ball,2,36.3,Ireland,AC Botha,KJ O'Brien,Shafiul Islam,1,0,,,,,,"",""
ball,2,36.4,Ireland,KJ O'Brien,AC Botha,Shafiul Islam,0,0,,,,,,caught,KJ O'Brien
ball,2,36.5,Ireland,JF Mooney,AC Botha,Shafiul Islam,0,0,,,,,,"",""
ball,2,36.6,Ireland,JF Mooney,AC Botha,Shafiul Islam,0,0,,,,,,"",""
ball,2,37.1,Ireland,AC Botha,JF Mooney,Naeem Islam,4,0,,,,,,"",""
ball,2,37.2,Ireland,AC Botha,JF Mooney,Naeem Islam,0,0,,,,,,"",""
ball,2,37.3,Ireland,AC Botha,JF Mooney,Naeem Islam,0,0,,,,,,"",""
ball,2,37.4,Ireland,AC Botha,JF Mooney,Naeem Islam,0,0,,,,,,"",""
ball,2,37.5,Ireland,AC Botha,JF Mooney,Naeem Islam,1,0,,,,,,"",""
ball,2,38.1,Ireland,AC Botha,JF Mooney,Shafiul Islam,0,0,,,,,,"",""
ball,2,38.2,Ireland,AC Botha,JF Mooney,Shafiul Islam,0,0,,,,,,"",""
ball,2,38.3,Ireland,AC Botha,JF Mooney,Shafiul Islam,1,0,,,,,,"",""
ball,2,38.4,Ireland,JF Mooney,AC Botha,Shafiul Islam,0,0,,,,,,"",""
ball,2,38.5,Ireland,JF Mooney,AC Botha,Shafiul Islam,0,4,,,,4,,"",""
ball,2,38.6,Ireland,JF Mooney,AC Botha,Shafiul Islam,0,0,,,,,,"",""
ball,2,39.1,Ireland,AC Botha,JF Mooney,Naeem Islam,3,0,,,,,,"",""
ball,2,39.2,Ireland,JF Mooney,AC Botha,Naeem Islam,0,0,,,,,,"",""
ball,2,39.3,Ireland,JF Mooney,AC Botha,Naeem Islam,0,0,,,,,,"",""
ball,2,39.4,Ireland,JF Mooney,AC Botha,Naeem Islam,0,0,,,,,,bowled,JF Mooney
ball,2,39.5,Ireland,DT Johnston,AC Botha,Naeem Islam,4,0,,,,,,"",""
ball,2,39.6,Ireland,DT Johnston,AC Botha,Naeem Islam,0,0,,,,,,"",""
ball,2,40.1,Ireland,AC Botha,DT Johnston,Shafiul Islam,0,0,,,,,,bowled,AC Botha
ball,2,40.2,Ireland,GH Dockrell,DT Johnston,Shafiul Islam,0,0,,,,,,"",""
ball,2,40.3,Ireland,GH Dockrell,DT Johnston,Shafiul Islam,0,0,,,,,,"",""
ball,2,40.4,Ireland,GH Dockrell,DT Johnston,Shafiul Islam,0,0,,,,,,"",""
ball,2,40.5,Ireland,GH Dockrell,DT Johnston,Shafiul Islam,0,0,,,,,,"",""
ball,2,40.6,Ireland,GH Dockrell,DT Johnston,Shafiul Islam,0,0,,,,,,"",""
ball,2,41.1,Ireland,DT Johnston,GH Dockrell,Shakib Al Hasan,0,0,,,,,,"",""
ball,2,41.2,Ireland,DT Johnston,GH Dockrell,Shakib Al Hasan,1,0,,,,,,"",""
ball,2,41.3,Ireland,GH Dockrell,DT Johnston,Shakib Al Hasan,0,0,,,,,,"",""
ball,2,41.4,Ireland,GH Dockrell,DT Johnston,Shakib Al Hasan,0,0,,,,,,"",""
ball,2,41.5,Ireland,GH Dockrell,DT Johnston,Shakib Al Hasan,1,0,,,,,,"",""
ball,2,41.6,Ireland,DT Johnston,GH Dockrell,Shakib Al Hasan,1,0,,,,,,"",""
ball,2,42.1,Ireland,DT Johnston,GH Dockrell,Shafiul Islam,0,0,,,,,,lbw,DT Johnston
ball,2,42.2,Ireland,WB Rankin,GH Dockrell,Shafiul Islam,1,0,,,,,,"",""
ball,2,42.3,Ireland,GH Dockrell,WB Rankin,Shafiul Islam,1,0,,,,,,"",""
ball,2,42.4,Ireland,WB Rankin,GH Dockrell,Shafiul Islam,0,0,,,,,,"",""
ball,2,42.5,Ireland,WB Rankin,GH Dockrell,Shafiul Islam,0,0,,,,,,"",""
ball,2,42.6,Ireland,WB Rankin,GH Dockrell,Shafiul Islam,0,0,,,,,,"",""
ball,2,43.1,Ireland,GH Dockrell,WB Rankin,Shakib Al Hasan,1,0,,,,,,"",""
ball,2,43.2,Ireland,WB Rankin,GH Dockrell,Shakib Al Hasan,0,0,,,,,,"",""
ball,2,43.3,Ireland,WB Rankin,GH Dockrell,Shakib Al Hasan,0,0,,,,,,"",""
ball,2,43.4,Ireland,WB Rankin,GH Dockrell,Shakib Al Hasan,0,0,,,,,,"",""
ball,2,43.5,Ireland,WB Rankin,GH Dockrell,Shakib Al Hasan,0,0,,,,,,"",""
ball,2,43.6,Ireland,WB Rankin,GH Dockrell,Shakib Al Hasan,1,0,,,,,,"",""
ball,2,44.1,Ireland,WB Rankin,GH Dockrell,Shafiul Islam,0,0,,,,,,"",""
ball,2,44.2,Ireland,WB Rankin,GH Dockrell,Shafiul Islam,0,0,,,,,,"",""
ball,2,44.3,Ireland,WB Rankin,GH Dockrell,Shafiul Islam,1,0,,,,,,"",""
ball,2,44.4,Ireland,GH Dockrell,WB Rankin,Shafiul Islam,0,1,1,,,,,"",""
ball,2,44.5,Ireland,GH Dockrell,WB Rankin,Shafiul Islam,0,0,,,,,,"",""
ball,2,44.6,Ireland,GH Dockrell,WB Rankin,Shafiul Islam,1,0,,,,,,"",""
ball,2,44.7,Ireland,WB Rankin,GH Dockrell,Shafiul Islam,0,0,,,,,,caught,WB Rankin
