version,1.6.0
info,balls_per_over,6
info,team,Pakistan
info,team,Zimbabwe
info,gender,male
info,season,2010/11
info,date,2011/03/14
info,event,ICC Cricket World Cup
info,match_number,33
info,venue,Pallekele International Cricket Stadium
info,city,
info,neutralvenue,true
info,toss_winner,Zimbabwe
info,toss_decision,bat
info,player_of_match,Umar Gul
info,umpire,AL Hill
info,umpire,NJ Llong
info,reserve_umpire,REJ Martinesz
info,tv_umpire,M Erasmus
info,match_referee,BC Broad
info,winner,Pakistan
info,winner_wickets,7
info,method,D/L
info,player,Pakistan,Mohammad Hafeez
info,player,Pakistan,Ahmed Shehzad
info,player,Pakistan,Asad Shafiq
info,player,Pakistan,Shahid Afridi
info,player,Pakistan,Younis Khan
info,player,Pakistan,Misbah-ul-Haq
info,player,Pakistan,Abdul Razzaq
info,player,Pakistan,Kamran Akmal
info,player,Pakistan,Abdur Rehman
info,player,Pakistan,Umar Gul
info,player,Pakistan,Wahab Riaz
info,player,Zimbabwe,BRM Taylor
info,player,Zimbabwe,RW Chakabva
info,player,Zimbabwe,T Taibu
info,player,Zimbabwe,V Sibanda
info,player,Zimbabwe,CR Ervine
info,player,Zimbabwe,GA Lamb
info,player,Zimbabwe,E Chigumbura
info,player,Zimbabwe,P Utseya
info,player,Zimbabwe,AG Cremer
info,player,Zimbabwe,SW Masakadza
info,player,Zimbabwe,RW Price
info,registry,people,AG Cremer,9f0270e0
info,registry,people,AL Hill,4165ced0
info,registry,people,Abdul Razzaq,390ff45b
info,registry,people,Abdur Rehman,d094e7d1
info,registry,people,Ahmed Shehzad,f8fd6e3f
info,registry,people,Asad Shafiq,50250426
info,registry,people,BC Broad,d6a7dd38
info,registry,people,BRM Taylor,53597be1
info,registry,people,CR Ervine,c96311d4
info,registry,people,E Chigumbura,d2babdd5
info,registry,people,GA Lamb,86421172
info,registry,people,Kamran Akmal,ff077124
info,registry,people,M Erasmus,15d3c895
info,registry,people,Misbah-ul-Haq,7eae4418
info,registry,people,Mohammad Hafeez,9ab63e7b
info,registry,people,NJ Llong,573fb985
info,registry,people,P Utseya,9de271ef
info,registry,people,REJ Martinesz,140cdf29
info,registry,people,RW Chakabva,2f0d7e4a
info,registry,people,RW Price,67af6f81
info,registry,people,SW Masakadza,2182013e
info,registry,people,Shahid Afridi,0dc00542
info,registry,people,T Taibu,75de770f
info,registry,people,Umar Gul,16dfcc19
info,registry,people,V Sibanda,0fdabe05
info,registry,people,Wahab Riaz,b3118300
info,registry,people,Younis Khan,33cb3411
ball,1,0.1,Zimbabwe,BRM Taylor,RW Chakabva,Abdul Razzaq,0,0,,,,,,"",""
ball,1,0.2,Zimbabwe,BRM Taylor,RW Chakabva,Abdul Razzaq,0,1,1,,,,,"",""
ball,1,0.3,Zimbabwe,BRM Taylor,RW Chakabva,Abdul Razzaq,0,0,,,,,,"",""
ball,1,0.4,Zimbabwe,BRM Taylor,RW Chakabva,Abdul Razzaq,4,0,,,,,,"",""
ball,1,0.5,Zimbabwe,BRM Taylor,RW Chakabva,Abdul Razzaq,0,0,,,,,,"",""
ball,1,0.6,Zimbabwe,BRM Taylor,RW Chakabva,Abdul Razzaq,0,0,,,,,,caught,BRM Taylor
ball,1,0.7,Zimbabwe,T Taibu,RW Chakabva,Abdul Razzaq,0,0,,,,,,"",""
ball,1,1.1,Zimbabwe,RW Chakabva,T Taibu,Umar Gul,0,0,,,,,,"",""
ball,1,1.2,Zimbabwe,RW Chakabva,T Taibu,Umar Gul,0,0,,,,,,"",""
ball,1,1.3,Zimbabwe,RW Chakabva,T Taibu,Umar Gul,0,0,,,,,,"",""
ball,1,1.4,Zimbabwe,RW Chakabva,T Taibu,Umar Gul,0,0,,,,,,"",""
ball,1,1.5,Zimbabwe,RW Chakabva,T Taibu,Umar Gul,0,0,,,,,,"",""
ball,1,1.6,Zimbabwe,RW Chakabva,T Taibu,Umar Gul,0,0,,,,,,lbw,RW Chakabva
ball,1,2.1,Zimbabwe,T Taibu,V Sibanda,Abdul Razzaq,3,0,,,,,,"",""
ball,1,2.2,Zimbabwe,V Sibanda,T Taibu,Abdul Razzaq,0,0,,,,,,"",""
ball,1,2.3,Zimbabwe,V Sibanda,T Taibu,Abdul Razzaq,0,0,,,,,,"",""
ball,1,2.4,Zimbabwe,V Sibanda,T Taibu,Abdul Razzaq,1,0,,,,,,"",""
ball,1,2.5,Zimbabwe,T Taibu,V Sibanda,Abdul Razzaq,0,0,,,,,,"",""
ball,1,2.6,Zimbabwe,T Taibu,V Sibanda,Abdul Razzaq,0,0,,,,,,"",""
ball,1,3.1,Zimbabwe,V Sibanda,T Taibu,Umar Gul,0,0,,,,,,"",""
ball,1,3.2,Zimbabwe,V Sibanda,T Taibu,Umar Gul,0,0,,,,,,"",""
ball,1,3.3,Zimbabwe,V Sibanda,T Taibu,Umar Gul,4,0,,,,,,"",""
ball,1,3.4,Zimbabwe,V Sibanda,T Taibu,Umar Gul,0,0,,,,,,"",""
ball,1,3.5,Zimbabwe,V Sibanda,T Taibu,Umar Gul,0,0,,,,,,"",""
ball,1,3.6,Zimbabwe,V Sibanda,T Taibu,Umar Gul,0,0,,,,,,"",""
ball,1,4.1,Zimbabwe,T Taibu,V Sibanda,Abdul Razzaq,0,0,,,,,,"",""
ball,1,4.2,Zimbabwe,T Taibu,V Sibanda,Abdul Razzaq,0,0,,,,,,"",""
ball,1,4.3,Zimbabwe,T Taibu,V Sibanda,Abdul Razzaq,0,0,,,,,,"",""
ball,1,4.4,Zimbabwe,T Taibu,V Sibanda,Abdul Razzaq,0,0,,,,,,"",""
ball,1,4.5,Zimbabwe,T Taibu,V Sibanda,Abdul Razzaq,0,0,,,,,,"",""
ball,1,4.6,Zimbabwe,T Taibu,V Sibanda,Abdul Razzaq,0,0,,,,,,"",""
ball,1,5.1,Zimbabwe,V Sibanda,T Taibu,Umar Gul,0,0,,,,,,"",""
ball,1,5.2,Zimbabwe,V Sibanda,T Taibu,Umar Gul,0,0,,,,,,caught,V Sibanda
ball,1,5.3,Zimbabwe,CR Ervine,T Taibu,Umar Gul,0,0,,,,,,"",""
ball,1,5.4,Zimbabwe,CR Ervine,T Taibu,Umar Gul,4,0,,,,,,"",""
ball,1,5.5,Zimbabwe,CR Ervine,T Taibu,Umar Gul,0,0,,,,,,"",""
ball,1,5.6,Zimbabwe,CR Ervine,T Taibu,Umar Gul,0,0,,,,,,"",""
ball,1,6.1,Zimbabwe,T Taibu,CR Ervine,Abdul Razzaq,1,0,,,,,,"",""
ball,1,6.2,Zimbabwe,CR Ervine,T Taibu,Abdul Razzaq,0,0,,,,,,"",""
ball,1,6.3,Zimbabwe,CR Ervine,T Taibu,Abdul Razzaq,0,0,,,,,,"",""
ball,1,6.4,Zimbabwe,CR Ervine,T Taibu,Abdul Razzaq,1,0,,,,,,"",""
ball,1,6.5,Zimbabwe,T Taibu,CR Ervine,Abdul Razzaq,1,0,,,,,,"",""
ball,1,6.6,Zimbabwe,CR Ervine,T Taibu,Abdul Razzaq,0,0,,,,,,"",""
ball,1,7.1,Zimbabwe,T Taibu,CR Ervine,Umar Gul,0,0,,,,,,"",""
ball,1,7.2,Zimbabwe,T Taibu,CR Ervine,Umar Gul,0,0,,,,,,"",""
ball,1,7.3,Zimbabwe,T Taibu,CR Ervine,Umar Gul,0,0,,,,,,"",""
ball,1,7.4,Zimbabwe,T Taibu,CR Ervine,Umar Gul,4,0,,,,,,"",""
ball,1,7.5,Zimbabwe,T Taibu,CR Ervine,Umar Gul,0,0,,,,,,"",""
ball,1,7.6,Zimbabwe,T Taibu,CR Ervine,Umar Gul,1,0,,,,,,"",""
ball,1,8.1,Zimbabwe,T Taibu,CR Ervine,Wahab Riaz,1,0,,,,,,"",""
ball,1,8.2,Zimbabwe,CR Ervine,T Taibu,Wahab Riaz,0,0,,,,,,"",""
ball,1,8.3,Zimbabwe,CR Ervine,T Taibu,Wahab Riaz,0,0,,,,,,"",""
ball,1,8.4,Zimbabwe,CR Ervine,T Taibu,Wahab Riaz,0,0,,,,,,"",""
ball,1,8.5,Zimbabwe,CR Ervine,T Taibu,Wahab Riaz,0,0,,,,,,"",""
ball,1,8.6,Zimbabwe,CR Ervine,T Taibu,Wahab Riaz,3,0,,,,,,"",""
ball,1,9.1,Zimbabwe,CR Ervine,T Taibu,Abdul Razzaq,1,0,,,,,,"",""
ball,1,9.2,Zimbabwe,T Taibu,CR Ervine,Abdul Razzaq,1,0,,,,,,"",""
ball,1,9.3,Zimbabwe,CR Ervine,T Taibu,Abdul Razzaq,0,0,,,,,,"",""
ball,1,9.4,Zimbabwe,CR Ervine,T Taibu,Abdul Razzaq,0,0,,,,,,"",""
ball,1,9.5,Zimbabwe,CR Ervine,T Taibu,Abdul Razzaq,0,0,,,,,,"",""
ball,1,9.6,Zimbabwe,CR Ervine,T Taibu,Abdul Razzaq,4,0,,,,,,"",""
ball,1,10.1,Zimbabwe,T Taibu,CR Ervine,Wahab Riaz,0,0,,,,,,"",""
ball,1,10.2,Zimbabwe,T Taibu,CR Ervine,Wahab Riaz,0,0,,,,,,"",""
ball,1,10.3,Zimbabwe,T Taibu,CR Ervine,Wahab Riaz,4,0,,,,,,"",""
ball,1,10.4,Zimbabwe,T Taibu,CR Ervine,Wahab Riaz,1,0,,,,,,"",""
ball,1,10.5,Zimbabwe,CR Ervine,T Taibu,Wahab Riaz,0,0,,,,,,"",""
ball,1,10.6,Zimbabwe,CR Ervine,T Taibu,Wahab Riaz,0,0,,,,,,"",""
ball,1,11.1,Zimbabwe,T Taibu,CR Ervine,Abdul Razzaq,0,0,,,,,,"",""
ball,1,11.2,Zimbabwe,T Taibu,CR Ervine,Abdul Razzaq,1,0,,,,,,"",""
ball,1,11.3,Zimbabwe,CR Ervine,T Taibu,Abdul Razzaq,0,0,,,,,,"",""
ball,1,11.4,Zimbabwe,CR Ervine,T Taibu,Abdul Razzaq,0,0,,,,,,"",""
ball,1,11.5,Zimbabwe,CR Ervine,T Taibu,Abdul Razzaq,0,0,,,,,,"",""
ball,1,11.6,Zimbabwe,CR Ervine,T Taibu,Abdul Razzaq,0,0,,,,,,"",""
ball,1,12.1,Zimbabwe,T Taibu,CR Ervine,Wahab Riaz,1,0,,,,,,"",""
ball,1,12.2,Zimbabwe,CR Ervine,T Taibu,Wahab Riaz,1,0,,,,,,"",""
ball,1,12.3,Zimbabwe,T Taibu,CR Ervine,Wahab Riaz,0,0,,,,,,"",""
ball,1,12.4,Zimbabwe,T Taibu,CR Ervine,Wahab Riaz,0,0,,,,,,caught,T Taibu
ball,1,12.5,Zimbabwe,GA Lamb,CR Ervine,Wahab Riaz,0,0,,,,,,"",""
ball,1,12.6,Zimbabwe,GA Lamb,CR Ervine,Wahab Riaz,0,0,,,,,,"",""
ball,1,13.1,Zimbabwe,CR Ervine,GA Lamb,Abdul Razzaq,0,0,,,,,,"",""
ball,1,13.2,Zimbabwe,CR Ervine,GA Lamb,Abdul Razzaq,0,0,,,,,,"",""
ball,1,13.3,Zimbabwe,CR Ervine,GA Lamb,Abdul Razzaq,0,0,,,,,,"",""
ball,1,13.4,Zimbabwe,CR Ervine,GA Lamb,Abdul Razzaq,3,0,,,,,,"",""
ball,1,13.5,Zimbabwe,GA Lamb,CR Ervine,Abdul Razzaq,0,0,,,,,,"",""
ball,1,13.6,Zimbabwe,GA Lamb,CR Ervine,Abdul Razzaq,2,0,,,,,,"",""
ball,1,14.1,Zimbabwe,CR Ervine,GA Lamb,Wahab Riaz,0,0,,,,,,"",""
ball,1,14.2,Zimbabwe,CR Ervine,GA Lamb,Wahab Riaz,1,0,,,,,,"",""
ball,1,14.3,Zimbabwe,GA Lamb,CR Ervine,Wahab Riaz,0,0,,,,,,"",""
ball,1,14.4,Zimbabwe,GA Lamb,CR Ervine,Wahab Riaz,0,0,,,,,,"",""
ball,1,14.5,Zimbabwe,GA Lamb,CR Ervine,Wahab Riaz,1,0,,,,,,"",""
ball,1,14.6,Zimbabwe,CR Ervine,GA Lamb,Wahab Riaz,0,0,,,,,,"",""
ball,1,15.1,Zimbabwe,GA Lamb,CR Ervine,Shahid Afridi,4,0,,,,,,"",""
ball,1,15.2,Zimbabwe,GA Lamb,CR Ervine,Shahid Afridi,0,0,,,,,,"",""
ball,1,15.3,Zimbabwe,GA Lamb,CR Ervine,Shahid Afridi,0,0,,,,,,"",""
ball,1,15.4,Zimbabwe,GA Lamb,CR Ervine,Shahid Afridi,1,0,,,,,,"",""
ball,1,15.5,Zimbabwe,CR Ervine,GA Lamb,Shahid Afridi,0,0,,,,,,"",""
ball,1,15.6,Zimbabwe,CR Ervine,GA Lamb,Shahid Afridi,0,0,,,,,,"",""
ball,1,16.1,Zimbabwe,GA Lamb,CR Ervine,Wahab Riaz,2,0,,,,,,"",""
ball,1,16.2,Zimbabwe,GA Lamb,CR Ervine,Wahab Riaz,0,0,,,,,,"",""
ball,1,16.3,Zimbabwe,GA Lamb,CR Ervine,Wahab Riaz,0,0,,,,,,"",""
ball,1,16.4,Zimbabwe,GA Lamb,CR Ervine,Wahab Riaz,0,0,,,,,,"",""
ball,1,16.5,Zimbabwe,GA Lamb,CR Ervine,Wahab Riaz,0,0,,,,,,"",""
ball,1,16.6,Zimbabwe,GA Lamb,CR Ervine,Wahab Riaz,1,0,,,,,,"",""
ball,1,17.1,Zimbabwe,GA Lamb,CR Ervine,Shahid Afridi,1,0,,,,,,"",""
ball,1,17.2,Zimbabwe,CR Ervine,GA Lamb,Shahid Afridi,0,0,,,,,,"",""
ball,1,17.3,Zimbabwe,CR Ervine,GA Lamb,Shahid Afridi,0,0,,,,,,"",""
ball,1,17.4,Zimbabwe,CR Ervine,GA Lamb,Shahid Afridi,2,0,,,,,,"",""
ball,1,17.5,Zimbabwe,CR Ervine,GA Lamb,Shahid Afridi,0,0,,,,,,"",""
ball,1,17.6,Zimbabwe,CR Ervine,GA Lamb,Shahid Afridi,1,0,,,,,,"",""
ball,1,18.1,Zimbabwe,CR Ervine,GA Lamb,Wahab Riaz,0,0,,,,,,"",""
ball,1,18.2,Zimbabwe,CR Ervine,GA Lamb,Wahab Riaz,4,0,,,,,,"",""
ball,1,18.3,Zimbabwe,CR Ervine,GA Lamb,Wahab Riaz,0,0,,,,,,"",""
ball,1,18.4,Zimbabwe,CR Ervine,GA Lamb,Wahab Riaz,0,0,,,,,,"",""
ball,1,18.5,Zimbabwe,CR Ervine,GA Lamb,Wahab Riaz,1,0,,,,,,"",""
ball,1,18.6,Zimbabwe,GA Lamb,CR Ervine,Wahab Riaz,0,0,,,,,,"",""
ball,1,19.1,Zimbabwe,CR Ervine,GA Lamb,Shahid Afridi,0,0,,,,,,"",""
ball,1,19.2,Zimbabwe,CR Ervine,GA Lamb,Shahid Afridi,0,0,,,,,,"",""
ball,1,19.3,Zimbabwe,CR Ervine,GA Lamb,Shahid Afridi,0,0,,,,,,"",""
ball,1,19.4,Zimbabwe,CR Ervine,GA Lamb,Shahid Afridi,4,0,,,,,,"",""
ball,1,19.5,Zimbabwe,CR Ervine,GA Lamb,Shahid Afridi,0,0,,,,,,"",""
ball,1,19.6,Zimbabwe,CR Ervine,GA Lamb,Shahid Afridi,0,0,,,,,,"",""
ball,1,20.1,Zimbabwe,GA Lamb,CR Ervine,Abdur Rehman,1,0,,,,,,"",""
ball,1,20.2,Zimbabwe,CR Ervine,GA Lamb,Abdur Rehman,2,0,,,,,,"",""
ball,1,20.3,Zimbabwe,CR Ervine,GA Lamb,Abdur Rehman,2,0,,,,,,"",""
ball,1,20.4,Zimbabwe,CR Ervine,GA Lamb,Abdur Rehman,1,0,,,,,,"",""
ball,1,20.5,Zimbabwe,GA Lamb,CR Ervine,Abdur Rehman,0,0,,,,,,"",""
ball,1,20.6,Zimbabwe,GA Lamb,CR Ervine,Abdur Rehman,0,0,,,,,,"",""
ball,1,21.1,Zimbabwe,CR Ervine,GA Lamb,Shahid Afridi,0,0,,,,,,"",""
ball,1,21.2,Zimbabwe,CR Ervine,GA Lamb,Shahid Afridi,0,0,,,,,,"",""
ball,1,21.3,Zimbabwe,CR Ervine,GA Lamb,Shahid Afridi,0,0,,,,,,"",""
ball,1,21.4,Zimbabwe,CR Ervine,GA Lamb,Shahid Afridi,1,0,,,,,,"",""
ball,1,21.5,Zimbabwe,GA Lamb,CR Ervine,Shahid Afridi,0,0,,,,,,"",""
ball,1,21.6,Zimbabwe,GA Lamb,CR Ervine,Shahid Afridi,0,0,,,,,,"",""
ball,1,22.1,Zimbabwe,CR Ervine,GA Lamb,Abdur Rehman,0,0,,,,,,"",""
ball,1,22.2,Zimbabwe,CR Ervine,GA Lamb,Abdur Rehman,0,0,,,,,,"",""
ball,1,22.3,Zimbabwe,CR Ervine,GA Lamb,Abdur Rehman,1,0,,,,,,"",""
ball,1,22.4,Zimbabwe,GA Lamb,CR Ervine,Abdur Rehman,1,0,,,,,,"",""
ball,1,22.5,Zimbabwe,CR Ervine,GA Lamb,Abdur Rehman,1,0,,,,,,"",""
ball,1,22.6,Zimbabwe,GA Lamb,CR Ervine,Abdur Rehman,2,0,,,,,,"",""
ball,1,23.1,Zimbabwe,CR Ervine,GA Lamb,Shahid Afridi,0,0,,,,,,"",""
ball,1,23.2,Zimbabwe,CR Ervine,GA Lamb,Shahid Afridi,0,0,,,,,,"",""
ball,1,23.3,Zimbabwe,CR Ervine,GA Lamb,Shahid Afridi,1,0,,,,,,"",""
ball,1,23.4,Zimbabwe,GA Lamb,CR Ervine,Shahid Afridi,0,0,,,,,,"",""
ball,1,23.5,Zimbabwe,GA Lamb,CR Ervine,Shahid Afridi,0,0,,,,,,caught and bowled,GA Lamb
ball,1,23.6,Zimbabwe,E Chigumbura,CR Ervine,Shahid Afridi,1,0,,,,,,"",""
ball,1,24.1,Zimbabwe,E Chigumbura,CR Ervine,Abdur Rehman,0,0,,,,,,"",""
ball,1,24.2,Zimbabwe,E Chigumbura,CR Ervine,Abdur Rehman,0,0,,,,,,"",""
ball,1,24.3,Zimbabwe,E Chigumbura,CR Ervine,Abdur Rehman,0,0,,,,,,"",""
ball,1,24.4,Zimbabwe,E Chigumbura,CR Ervine,Abdur Rehman,0,0,,,,,,"",""
ball,1,24.5,Zimbabwe,E Chigumbura,CR Ervine,Abdur Rehman,0,0,,,,,,"",""
ball,1,24.6,Zimbabwe,E Chigumbura,CR Ervine,Abdur Rehman,0,0,,,,,,"",""
ball,1,25.1,Zimbabwe,CR Ervine,E Chigumbura,Shahid Afridi,2,0,,,,,,"",""
ball,1,25.2,Zimbabwe,CR Ervine,E Chigumbura,Shahid Afridi,0,0,,,,,,"",""
ball,1,25.3,Zimbabwe,CR Ervine,E Chigumbura,Shahid Afridi,4,0,,,,,,"",""
ball,1,25.4,Zimbabwe,CR Ervine,E Chigumbura,Shahid Afridi,0,0,,,,,,"",""
ball,1,25.5,Zimbabwe,CR Ervine,E Chigumbura,Shahid Afridi,1,0,,,,,,"",""
ball,1,25.6,Zimbabwe,E Chigumbura,CR Ervine,Shahid Afridi,0,0,,,,,,"",""
ball,1,26.1,Zimbabwe,CR Ervine,E Chigumbura,Abdur Rehman,0,0,,,,,,"",""
ball,1,26.2,Zimbabwe,CR Ervine,E Chigumbura,Abdur Rehman,0,0,,,,,,"",""
ball,1,26.3,Zimbabwe,CR Ervine,E Chigumbura,Abdur Rehman,0,0,,,,,,"",""
ball,1,26.4,Zimbabwe,CR Ervine,E Chigumbura,Abdur Rehman,1,0,,,,,,"",""
ball,1,26.5,Zimbabwe,E Chigumbura,CR Ervine,Abdur Rehman,0,0,,,,,,"",""
ball,1,26.6,Zimbabwe,E Chigumbura,CR Ervine,Abdur Rehman,0,0,,,,,,"",""
ball,1,27.1,Zimbabwe,CR Ervine,E Chigumbura,Umar Gul,1,0,,,,,,"",""
ball,1,27.2,Zimbabwe,E Chigumbura,CR Ervine,Umar Gul,2,0,,,,,,"",""
ball,1,27.3,Zimbabwe,E Chigumbura,CR Ervine,Umar Gul,0,0,,,,,,"",""
ball,1,27.4,Zimbabwe,E Chigumbura,CR Ervine,Umar Gul,0,0,,,,,,"",""
ball,1,27.5,Zimbabwe,E Chigumbura,CR Ervine,Umar Gul,1,0,,,,,,"",""
ball,1,27.6,Zimbabwe,CR Ervine,E Chigumbura,Umar Gul,0,0,,,,,,"",""
ball,1,28.1,Zimbabwe,E Chigumbura,CR Ervine,Abdur Rehman,1,0,,,,,,"",""
ball,1,28.2,Zimbabwe,CR Ervine,E Chigumbura,Abdur Rehman,0,0,,,,,,"",""
ball,1,28.3,Zimbabwe,CR Ervine,E Chigumbura,Abdur Rehman,2,0,,,,,,"",""
ball,1,28.4,Zimbabwe,CR Ervine,E Chigumbura,Abdur Rehman,0,0,,,,,,"",""
ball,1,28.5,Zimbabwe,CR Ervine,E Chigumbura,Abdur Rehman,0,0,,,,,,"",""
ball,1,28.6,Zimbabwe,CR Ervine,E Chigumbura,Abdur Rehman,1,0,,,,,,"",""
ball,1,29.1,Zimbabwe,CR Ervine,E Chigumbura,Mohammad Hafeez,1,0,,,,,,"",""
ball,1,29.2,Zimbabwe,E Chigumbura,CR Ervine,Mohammad Hafeez,1,0,,,,,,"",""
ball,1,29.3,Zimbabwe,CR Ervine,E Chigumbura,Mohammad Hafeez,0,0,,,,,,bowled,CR Ervine
ball,1,29.4,Zimbabwe,P Utseya,E Chigumbura,Mohammad Hafeez,0,0,,,,,,"",""
ball,1,29.5,Zimbabwe,P Utseya,E Chigumbura,Mohammad Hafeez,0,0,,,,,,"",""
ball,1,29.6,Zimbabwe,P Utseya,E Chigumbura,Mohammad Hafeez,1,0,,,,,,"",""
ball,1,30.1,Zimbabwe,P Utseya,E Chigumbura,Abdur Rehman,0,0,,,,,,"",""
ball,1,30.2,Zimbabwe,P Utseya,E Chigumbura,Abdur Rehman,0,0,,,,,,"",""
ball,1,30.3,Zimbabwe,P Utseya,E Chigumbura,Abdur Rehman,0,0,,,,,,"",""
ball,1,30.4,Zimbabwe,P Utseya,E Chigumbura,Abdur Rehman,1,0,,,,,,"",""
ball,1,30.5,Zimbabwe,E Chigumbura,P Utseya,Abdur Rehman,1,0,,,,,,"",""
ball,1,30.6,Zimbabwe,P Utseya,E Chigumbura,Abdur Rehman,0,0,,,,,,"",""
ball,1,31.1,Zimbabwe,E Chigumbura,P Utseya,Mohammad Hafeez,0,0,,,,,,"",""
ball,1,31.2,Zimbabwe,E Chigumbura,P Utseya,Mohammad Hafeez,1,0,,,,,,"",""
ball,1,31.3,Zimbabwe,P Utseya,E Chigumbura,Mohammad Hafeez,1,0,,,,,,"",""
ball,1,31.4,Zimbabwe,E Chigumbura,P Utseya,Mohammad Hafeez,1,0,,,,,,"",""
ball,1,31.5,Zimbabwe,P Utseya,E Chigumbura,Mohammad Hafeez,1,0,,,,,,"",""
ball,1,31.6,Zimbabwe,E Chigumbura,P Utseya,Mohammad Hafeez,0,0,,,,,,"",""
ball,1,32.1,Zimbabwe,P Utseya,E Chigumbura,Abdur Rehman,0,0,,,,,,"",""
ball,1,32.2,Zimbabwe,P Utseya,E Chigumbura,Abdur Rehman,1,0,,,,,,"",""
ball,1,32.3,Zimbabwe,E Chigumbura,P Utseya,Abdur Rehman,0,0,,,,,,"",""
ball,1,32.4,Zimbabwe,E Chigumbura,P Utseya,Abdur Rehman,0,0,,,,,,"",""
ball,1,32.5,Zimbabwe,E Chigumbura,P Utseya,Abdur Rehman,0,1,,,,1,,"",""
ball,1,32.6,Zimbabwe,P Utseya,E Chigumbura,Abdur Rehman,1,0,,,,,,"",""
ball,1,33.1,Zimbabwe,P Utseya,E Chigumbura,Mohammad Hafeez,1,0,,,,,,"",""
ball,1,33.2,Zimbabwe,E Chigumbura,P Utseya,Mohammad Hafeez,1,0,,,,,,"",""
ball,1,33.3,Zimbabwe,P Utseya,E Chigumbura,Mohammad Hafeez,1,0,,,,,,"",""
ball,1,33.4,Zimbabwe,E Chigumbura,P Utseya,Mohammad Hafeez,1,0,,,,,,"",""
ball,1,33.5,Zimbabwe,P Utseya,E Chigumbura,Mohammad Hafeez,0,0,,,,,,"",""
ball,1,33.6,Zimbabwe,P Utseya,E Chigumbura,Mohammad Hafeez,0,0,,,,,,"",""
ball,1,34.1,Zimbabwe,E Chigumbura,P Utseya,Abdur Rehman,0,1,1,,,,,"",""
ball,1,34.2,Zimbabwe,E Chigumbura,P Utseya,Abdur Rehman,1,0,,,,,,"",""
ball,1,34.3,Zimbabwe,P Utseya,E Chigumbura,Abdur Rehman,0,0,,,,,,"",""
ball,1,34.4,Zimbabwe,P Utseya,E Chigumbura,Abdur Rehman,0,0,,,,,,"",""
ball,1,34.5,Zimbabwe,P Utseya,E Chigumbura,Abdur Rehman,1,0,,,,,,"",""
ball,1,34.6,Zimbabwe,E Chigumbura,P Utseya,Abdur Rehman,1,0,,,,,,"",""
ball,1,34.7,Zimbabwe,P Utseya,E Chigumbura,Abdur Rehman,0,0,,,,,,"",""
ball,1,35.1,Zimbabwe,E Chigumbura,P Utseya,Umar Gul,4,0,,,,,,"",""
ball,1,35.2,Zimbabwe,E Chigumbura,P Utseya,Umar Gul,1,0,,,,,,"",""
ball,1,35.3,Zimbabwe,P Utseya,E Chigumbura,Umar Gul,1,0,,,,,,"",""
ball,1,35.4,Zimbabwe,E Chigumbura,P Utseya,Umar Gul,1,0,,,,,,"",""
ball,1,35.5,Zimbabwe,P Utseya,E Chigumbura,Umar Gul,1,0,,,,,,"",""
ball,1,35.6,Zimbabwe,E Chigumbura,P Utseya,Umar Gul,1,0,,,,,,"",""
ball,1,36.1,Zimbabwe,E Chigumbura,P Utseya,Shahid Afridi,0,0,,,,,,"",""
ball,1,36.2,Zimbabwe,E Chigumbura,P Utseya,Shahid Afridi,0,0,,,,,,"",""
ball,1,36.3,Zimbabwe,E Chigumbura,P Utseya,Shahid Afridi,0,0,,,,,,"",""
ball,1,36.4,Zimbabwe,E Chigumbura,P Utseya,Shahid Afridi,1,0,,,,,,"",""
ball,1,36.5,Zimbabwe,P Utseya,E Chigumbura,Shahid Afridi,1,0,,,,,,"",""
ball,1,36.6,Zimbabwe,E Chigumbura,P Utseya,Shahid Afridi,1,0,,,,,,"",""
ball,1,37.1,Zimbabwe,E Chigumbura,P Utseya,Umar Gul,1,0,,,,,,"",""
ball,1,37.2,Zimbabwe,P Utseya,E Chigumbura,Umar Gul,1,0,,,,,,"",""
ball,1,37.3,Zimbabwe,E Chigumbura,P Utseya,Umar Gul,1,0,,,,,,"",""
ball,1,37.4,Zimbabwe,P Utseya,E Chigumbura,Umar Gul,1,0,,,,,,"",""
ball,1,37.5,Zimbabwe,E Chigumbura,P Utseya,Umar Gul,1,1,,1,,,,"",""
ball,1,37.6,Zimbabwe,P Utseya,E Chigumbura,Umar Gul,1,0,,,,,,"",""
ball,1,37.7,Zimbabwe,E Chigumbura,P Utseya,Umar Gul,2,0,,,,,,"",""
ball,1,38.1,Zimbabwe,P Utseya,E Chigumbura,Shahid Afridi,1,0,,,,,,"",""
ball,1,38.2,Zimbabwe,E Chigumbura,P Utseya,Shahid Afridi,1,0,,,,,,"",""
ball,1,38.3,Zimbabwe,P Utseya,E Chigumbura,Shahid Afridi,1,0,,,,,,"",""
ball,1,38.4,Zimbabwe,E Chigumbura,P Utseya,Shahid Afridi,0,0,,,,,,"",""
ball,1,38.5,Zimbabwe,E Chigumbura,P Utseya,Shahid Afridi,4,0,,,,,,"",""
ball,1,38.6,Zimbabwe,E Chigumbura,P Utseya,Shahid Afridi,0,0,,,,,,"",""
ball,1,39.1,Zimbabwe,P Utseya,E Chigumbura,Umar Gul,0,0,,,,,,"",""
ball,1,39.2,Zimbabwe,P Utseya,E Chigumbura,Umar Gul,1,0,,,,,,"",""
ball,1,39.3,Zimbabwe,E Chigumbura,P Utseya,Umar Gul,0,1,,,,1,,"",""
ball,1,39.4,Zimbabwe,P Utseya,E Chigumbura,Umar Gul,0,0,,,,,,caught,P Utseya
ball,2,0.1,Pakistan,Mohammad Hafeez,Ahmed Shehzad,SW Masakadza,0,0,,,,,,"",""
ball,2,0.2,Pakistan,Mohammad Hafeez,Ahmed Shehzad,SW Masakadza,0,0,,,,,,"",""
ball,2,0.3,Pakistan,Mohammad Hafeez,Ahmed Shehzad,SW Masakadza,0,0,,,,,,"",""
ball,2,0.4,Pakistan,Mohammad Hafeez,Ahmed Shehzad,SW Masakadza,0,0,,,,,,"",""
ball,2,0.5,Pakistan,Mohammad Hafeez,Ahmed Shehzad,SW Masakadza,0,0,,,,,,"",""
ball,2,0.6,Pakistan,Mohammad Hafeez,Ahmed Shehzad,SW Masakadza,0,0,,,,,,"",""
ball,2,1.1,Pakistan,Ahmed Shehzad,Mohammad Hafeez,RW Price,0,0,,,,,,"",""
ball,2,1.2,Pakistan,Ahmed Shehzad,Mohammad Hafeez,RW Price,0,0,,,,,,"",""
ball,2,1.3,Pakistan,Ahmed Shehzad,Mohammad Hafeez,RW Price,0,0,,,,,,"",""
ball,2,1.4,Pakistan,Ahmed Shehzad,Mohammad Hafeez,RW Price,0,0,,,,,,"",""
ball,2,1.5,Pakistan,Ahmed Shehzad,Mohammad Hafeez,RW Price,0,0,,,,,,"",""
ball,2,1.6,Pakistan,Ahmed Shehzad,Mohammad Hafeez,RW Price,4,0,,,,,,"",""
ball,2,2.1,Pakistan,Mohammad Hafeez,Ahmed Shehzad,SW Masakadza,4,0,,,,,,"",""
ball,2,2.2,Pakistan,Mohammad Hafeez,Ahmed Shehzad,SW Masakadza,0,0,,,,,,"",""
ball,2,2.3,Pakistan,Mohammad Hafeez,Ahmed Shehzad,SW Masakadza,1,0,,,,,,"",""
ball,2,2.4,Pakistan,Ahmed Shehzad,Mohammad Hafeez,SW Masakadza,0,1,1,,,,,"",""
ball,2,2.5,Pakistan,Ahmed Shehzad,Mohammad Hafeez,SW Masakadza,0,1,1,,,,,"",""
ball,2,2.6,Pakistan,Ahmed Shehzad,Mohammad Hafeez,SW Masakadza,0,0,,,,,,"",""
ball,2,2.7,Pakistan,Ahmed Shehzad,Mohammad Hafeez,SW Masakadza,0,0,,,,,,"",""
ball,2,2.8,Pakistan,Ahmed Shehzad,Mohammad Hafeez,SW Masakadza,4,0,,,,,,"",""
ball,2,3.1,Pakistan,Mohammad Hafeez,Ahmed Shehzad,RW Price,0,0,,,,,,"",""
ball,2,3.2,Pakistan,Mohammad Hafeez,Ahmed Shehzad,RW Price,0,1,1,,,,,"",""
ball,2,3.3,Pakistan,Mohammad Hafeez,Ahmed Shehzad,RW Price,1,0,,,,,,"",""
ball,2,3.4,Pakistan,Ahmed Shehzad,Mohammad Hafeez,RW Price,0,0,,,,,,"",""
ball,2,3.5,Pakistan,Ahmed Shehzad,Mohammad Hafeez,RW Price,0,0,,,,,,stumped,Ahmed Shehzad
ball,2,3.6,Pakistan,Asad Shafiq,Mohammad Hafeez,RW Price,0,0,,,,,,"",""
ball,2,3.7,Pakistan,Asad Shafiq,Mohammad Hafeez,RW Price,0,0,,,,,,"",""
ball,2,4.1,Pakistan,Mohammad Hafeez,Asad Shafiq,SW Masakadza,0,0,,,,,,"",""
ball,2,4.2,Pakistan,Mohammad Hafeez,Asad Shafiq,SW Masakadza,0,1,1,,,,,"",""
ball,2,4.3,Pakistan,Mohammad Hafeez,Asad Shafiq,SW Masakadza,0,0,,,,,,"",""
ball,2,4.4,Pakistan,Mohammad Hafeez,Asad Shafiq,SW Masakadza,4,0,,,,,,"",""
ball,2,4.5,Pakistan,Mohammad Hafeez,Asad Shafiq,SW Masakadza,4,0,,,,,,"",""
ball,2,4.6,Pakistan,Mohammad Hafeez,Asad Shafiq,SW Masakadza,0,0,,,,,,"",""
ball,2,4.7,Pakistan,Mohammad Hafeez,Asad Shafiq,SW Masakadza,4,0,,,,,,"",""
ball,2,5.1,Pakistan,Asad Shafiq,Mohammad Hafeez,RW Price,0,0,,,,,,"",""
ball,2,5.2,Pakistan,Asad Shafiq,Mohammad Hafeez,RW Price,0,0,,,,,,"",""
ball,2,5.3,Pakistan,Asad Shafiq,Mohammad Hafeez,RW Price,0,0,,,,,,"",""
ball,2,5.4,Pakistan,Asad Shafiq,Mohammad Hafeez,RW Price,0,0,,,,,,"",""
ball,2,5.5,Pakistan,Asad Shafiq,Mohammad Hafeez,RW Price,0,0,,,,,,"",""
ball,2,5.6,Pakistan,Asad Shafiq,Mohammad Hafeez,RW Price,0,0,,,,,,"",""
ball,2,6.1,Pakistan,Mohammad Hafeez,Asad Shafiq,P Utseya,0,0,,,,,,"",""
ball,2,6.2,Pakistan,Mohammad Hafeez,Asad Shafiq,P Utseya,0,0,,,,,,"",""
ball,2,6.3,Pakistan,Mohammad Hafeez,Asad Shafiq,P Utseya,0,0,,,,,,"",""
ball,2,6.4,Pakistan,Mohammad Hafeez,Asad Shafiq,P Utseya,0,0,,,,,,"",""
ball,2,6.5,Pakistan,Mohammad Hafeez,Asad Shafiq,P Utseya,0,0,,,,,,"",""
ball,2,6.6,Pakistan,Mohammad Hafeez,Asad Shafiq,P Utseya,0,0,,,,,,"",""
ball,2,7.1,Pakistan,Asad Shafiq,Mohammad Hafeez,RW Price,0,0,,,,,,"",""
ball,2,7.2,Pakistan,Asad Shafiq,Mohammad Hafeez,RW Price,0,0,,,,,,"",""
ball,2,7.3,Pakistan,Asad Shafiq,Mohammad Hafeez,RW Price,1,0,,,,,,"",""
ball,2,7.4,Pakistan,Mohammad Hafeez,Asad Shafiq,RW Price,1,0,,,,,,"",""
ball,2,7.5,Pakistan,Asad Shafiq,Mohammad Hafeez,RW Price,0,0,,,,,,"",""
ball,2,7.6,Pakistan,Asad Shafiq,Mohammad Hafeez,RW Price,0,0,,,,,,"",""
ball,2,8.1,Pakistan,Mohammad Hafeez,Asad Shafiq,P Utseya,1,0,,,,,,"",""
ball,2,8.2,Pakistan,Asad Shafiq,Mohammad Hafeez,P Utseya,0,0,,,,,,"",""
ball,2,8.3,Pakistan,Asad Shafiq,Mohammad Hafeez,P Utseya,0,0,,,,,,"",""
ball,2,8.4,Pakistan,Asad Shafiq,Mohammad Hafeez,P Utseya,0,0,,,,,,"",""
ball,2,8.5,Pakistan,Asad Shafiq,Mohammad Hafeez,P Utseya,0,0,,,,,,"",""
ball,2,8.6,Pakistan,Asad Shafiq,Mohammad Hafeez,P Utseya,0,0,,,,,,"",""
ball,2,9.1,Pakistan,Mohammad Hafeez,Asad Shafiq,GA Lamb,0,0,,,,,,"",""
ball,2,9.2,Pakistan,Mohammad Hafeez,Asad Shafiq,GA Lamb,4,0,,,,,,"",""
ball,2,9.3,Pakistan,Mohammad Hafeez,Asad Shafiq,GA Lamb,1,0,,,,,,"",""
ball,2,9.4,Pakistan,Asad Shafiq,Mohammad Hafeez,GA Lamb,0,0,,,,,,"",""
ball,2,9.5,Pakistan,Asad Shafiq,Mohammad Hafeez,GA Lamb,1,0,,,,,,"",""
ball,2,9.6,Pakistan,Mohammad Hafeez,Asad Shafiq,GA Lamb,0,0,,,,,,"",""
ball,2,10.1,Pakistan,Asad Shafiq,Mohammad Hafeez,P Utseya,0,0,,,,,,"",""
ball,2,10.2,Pakistan,Asad Shafiq,Mohammad Hafeez,P Utseya,0,0,,,,,,"",""
ball,2,10.3,Pakistan,Asad Shafiq,Mohammad Hafeez,P Utseya,1,0,,,,,,"",""
ball,2,10.4,Pakistan,Mohammad Hafeez,Asad Shafiq,P Utseya,0,0,,,,,,"",""
ball,2,10.5,Pakistan,Mohammad Hafeez,Asad Shafiq,P Utseya,0,0,,,,,,"",""
ball,2,10.6,Pakistan,Mohammad Hafeez,Asad Shafiq,P Utseya,1,0,,,,,,"",""
ball,2,11.1,Pakistan,Mohammad Hafeez,Asad Shafiq,GA Lamb,1,0,,,,,,"",""
ball,2,11.2,Pakistan,Asad Shafiq,Mohammad Hafeez,GA Lamb,1,0,,,,,,"",""
ball,2,11.3,Pakistan,Mohammad Hafeez,Asad Shafiq,GA Lamb,1,0,,,,,,"",""
ball,2,11.4,Pakistan,Asad Shafiq,Mohammad Hafeez,GA Lamb,0,0,,,,,,"",""
ball,2,11.5,Pakistan,Asad Shafiq,Mohammad Hafeez,GA Lamb,1,0,,,,,,"",""
ball,2,11.6,Pakistan,Mohammad Hafeez,Asad Shafiq,GA Lamb,0,0,,,,,,"",""
ball,2,12.1,Pakistan,Asad Shafiq,Mohammad Hafeez,P Utseya,4,0,,,,,,"",""
ball,2,12.2,Pakistan,Asad Shafiq,Mohammad Hafeez,P Utseya,1,0,,,,,,"",""
ball,2,12.3,Pakistan,Mohammad Hafeez,Asad Shafiq,P Utseya,1,0,,,,,,"",""
ball,2,12.4,Pakistan,Asad Shafiq,Mohammad Hafeez,P Utseya,1,0,,,,,,"",""
ball,2,12.5,Pakistan,Mohammad Hafeez,Asad Shafiq,P Utseya,0,0,,,,,,"",""
ball,2,12.6,Pakistan,Mohammad Hafeez,Asad Shafiq,P Utseya,0,0,,,,,,"",""
ball,2,13.1,Pakistan,Asad Shafiq,Mohammad Hafeez,GA Lamb,1,0,,,,,,"",""
ball,2,13.2,Pakistan,Mohammad Hafeez,Asad Shafiq,GA Lamb,0,0,,,,,,"",""
ball,2,13.3,Pakistan,Mohammad Hafeez,Asad Shafiq,GA Lamb,0,0,,,,,,"",""
ball,2,13.4,Pakistan,Mohammad Hafeez,Asad Shafiq,GA Lamb,0,0,,,,,,"",""
ball,2,13.5,Pakistan,Mohammad Hafeez,Asad Shafiq,GA Lamb,1,0,,,,,,"",""
ball,2,13.6,Pakistan,Asad Shafiq,Mohammad Hafeez,GA Lamb,1,0,,,,,,"",""
ball,2,14.1,Pakistan,Asad Shafiq,Mohammad Hafeez,AG Cremer,0,0,,,,,,"",""
ball,2,14.2,Pakistan,Asad Shafiq,Mohammad Hafeez,AG Cremer,1,0,,,,,,"",""
ball,2,14.3,Pakistan,Mohammad Hafeez,Asad Shafiq,AG Cremer,0,0,,,,,,"",""
ball,2,14.4,Pakistan,Mohammad Hafeez,Asad Shafiq,AG Cremer,0,0,,,,,,"",""
ball,2,14.5,Pakistan,Mohammad Hafeez,Asad Shafiq,AG Cremer,1,0,,,,,,"",""
ball,2,14.6,Pakistan,Asad Shafiq,Mohammad Hafeez,AG Cremer,0,0,,,,,,"",""
ball,2,15.1,Pakistan,Mohammad Hafeez,Asad Shafiq,GA Lamb,1,0,,,,,,"",""
ball,2,15.2,Pakistan,Asad Shafiq,Mohammad Hafeez,GA Lamb,1,0,,,,,,"",""
ball,2,15.3,Pakistan,Mohammad Hafeez,Asad Shafiq,GA Lamb,1,0,,,,,,"",""
ball,2,15.4,Pakistan,Asad Shafiq,Mohammad Hafeez,GA Lamb,1,0,,,,,,"",""
ball,2,15.5,Pakistan,Mohammad Hafeez,Asad Shafiq,GA Lamb,1,0,,,,,,"",""
ball,2,15.6,Pakistan,Asad Shafiq,Mohammad Hafeez,GA Lamb,3,0,,,,,,"",""
ball,2,16.1,Pakistan,Asad Shafiq,Mohammad Hafeez,AG Cremer,0,0,,,,,,"",""
ball,2,16.2,Pakistan,Asad Shafiq,Mohammad Hafeez,AG Cremer,0,0,,,,,,"",""
ball,2,16.3,Pakistan,Asad Shafiq,Mohammad Hafeez,AG Cremer,1,0,,,,,,"",""
ball,2,16.4,Pakistan,Mohammad Hafeez,Asad Shafiq,AG Cremer,0,0,,,,,,"",""
ball,2,16.5,Pakistan,Mohammad Hafeez,Asad Shafiq,AG Cremer,1,0,,,,,,"",""
ball,2,16.6,Pakistan,Asad Shafiq,Mohammad Hafeez,AG Cremer,0,0,,,,,,"",""
ball,2,17.1,Pakistan,Mohammad Hafeez,Asad Shafiq,GA Lamb,2,0,,,,,,"",""
ball,2,17.2,Pakistan,Mohammad Hafeez,Asad Shafiq,GA Lamb,0,0,,,,,,"",""
ball,2,17.3,Pakistan,Mohammad Hafeez,Asad Shafiq,GA Lamb,1,0,,,,,,"",""
ball,2,17.4,Pakistan,Asad Shafiq,Mohammad Hafeez,GA Lamb,4,0,,,,,,"",""
ball,2,17.5,Pakistan,Asad Shafiq,Mohammad Hafeez,GA Lamb,0,0,,,,,,"",""
ball,2,17.6,Pakistan,Asad Shafiq,Mohammad Hafeez,GA Lamb,1,0,,,,,,"",""
ball,2,18.1,Pakistan,Asad Shafiq,Mohammad Hafeez,AG Cremer,1,0,,,,,,"",""
ball,2,18.2,Pakistan,Mohammad Hafeez,Asad Shafiq,AG Cremer,0,0,,,,,,"",""
ball,2,18.3,Pakistan,Mohammad Hafeez,Asad Shafiq,AG Cremer,1,0,,,,,,"",""
ball,2,18.4,Pakistan,Asad Shafiq,Mohammad Hafeez,AG Cremer,0,0,,,,,,"",""
ball,2,18.5,Pakistan,Asad Shafiq,Mohammad Hafeez,AG Cremer,1,0,,,,,,"",""
ball,2,18.6,Pakistan,Mohammad Hafeez,Asad Shafiq,AG Cremer,2,0,,,,,,"",""
ball,2,19.1,Pakistan,Asad Shafiq,Mohammad Hafeez,SW Masakadza,0,0,,,,,,"",""
ball,2,19.2,Pakistan,Asad Shafiq,Mohammad Hafeez,SW Masakadza,0,0,,,,,,"",""
ball,2,19.3,Pakistan,Asad Shafiq,Mohammad Hafeez,SW Masakadza,4,0,,,,,,"",""
ball,2,19.4,Pakistan,Asad Shafiq,Mohammad Hafeez,SW Masakadza,0,0,,,,,,"",""
ball,2,19.5,Pakistan,Asad Shafiq,Mohammad Hafeez,SW Masakadza,0,0,,,,,,"",""
ball,2,19.6,Pakistan,Asad Shafiq,Mohammad Hafeez,SW Masakadza,0,1,1,,,,,"",""
ball,2,19.7,Pakistan,Asad Shafiq,Mohammad Hafeez,SW Masakadza,0,0,,,,,,"",""
ball,2,20.1,Pakistan,Mohammad Hafeez,Asad Shafiq,AG Cremer,1,0,,,,,,"",""
ball,2,20.2,Pakistan,Asad Shafiq,Mohammad Hafeez,AG Cremer,0,1,1,,,,,"",""
ball,2,20.3,Pakistan,Asad Shafiq,Mohammad Hafeez,AG Cremer,1,0,,,,,,"",""
ball,2,20.4,Pakistan,Mohammad Hafeez,Asad Shafiq,AG Cremer,1,0,,,,,,"",""
ball,2,20.5,Pakistan,Asad Shafiq,Mohammad Hafeez,AG Cremer,1,0,,,,,,"",""
ball,2,20.6,Pakistan,Mohammad Hafeez,Asad Shafiq,AG Cremer,4,0,,,,,,"",""
ball,2,20.7,Pakistan,Mohammad Hafeez,Asad Shafiq,AG Cremer,1,0,,,,,,"",""
ball,2,21.1,Pakistan,Mohammad Hafeez,Asad Shafiq,RW Price,0,1,1,,,,,"",""
ball,2,21.2,Pakistan,Mohammad Hafeez,Asad Shafiq,RW Price,0,0,,,,,,"",""
ball,2,21.3,Pakistan,Mohammad Hafeez,Asad Shafiq,RW Price,1,0,,,,,,"",""
ball,2,21.4,Pakistan,Asad Shafiq,Mohammad Hafeez,RW Price,0,0,,,,,,"",""
ball,2,21.5,Pakistan,Asad Shafiq,Mohammad Hafeez,RW Price,1,0,,,,,,"",""
ball,2,21.6,Pakistan,Mohammad Hafeez,Asad Shafiq,RW Price,0,0,,,,,,"",""
ball,2,21.7,Pakistan,Mohammad Hafeez,Asad Shafiq,RW Price,0,0,,,,,,"",""
ball,2,22.1,Pakistan,Asad Shafiq,Mohammad Hafeez,P Utseya,1,0,,,,,,"",""
ball,2,22.2,Pakistan,Mohammad Hafeez,Asad Shafiq,P Utseya,0,0,,,,,,caught,Mohammad Hafeez
ball,2,22.3,Pakistan,Shahid Afridi,Asad Shafiq,P Utseya,2,0,,,,,,"",""
ball,2,22.4,Pakistan,Shahid Afridi,Asad Shafiq,P Utseya,1,0,,,,,,"",""
ball,2,22.5,Pakistan,Asad Shafiq,Shahid Afridi,P Utseya,3,0,,,,,,"",""
ball,2,22.6,Pakistan,Shahid Afridi,Asad Shafiq,P Utseya,0,0,,,,,,"",""
ball,2,23.1,Pakistan,Asad Shafiq,Shahid Afridi,RW Price,4,0,,,,,,"",""
ball,2,23.2,Pakistan,Asad Shafiq,Shahid Afridi,RW Price,1,0,,,,,,"",""
ball,2,23.3,Pakistan,Shahid Afridi,Asad Shafiq,RW Price,0,0,,,,,,bowled,Shahid Afridi
ball,2,23.4,Pakistan,Younis Khan,Asad Shafiq,RW Price,0,0,,,,,,"",""
ball,2,23.5,Pakistan,Younis Khan,Asad Shafiq,RW Price,0,1,1,,,,,"",""
ball,2,23.6,Pakistan,Younis Khan,Asad Shafiq,RW Price,0,0,,,,,,"",""
ball,2,23.7,Pakistan,Younis Khan,Asad Shafiq,RW Price,0,0,,,,,,"",""
ball,2,24.1,Pakistan,Asad Shafiq,Younis Khan,P Utseya,0,0,,,,,,"",""
ball,2,24.2,Pakistan,Asad Shafiq,Younis Khan,P Utseya,0,0,,,,,,"",""
ball,2,24.3,Pakistan,Asad Shafiq,Younis Khan,P Utseya,1,0,,,,,,"",""
ball,2,24.4,Pakistan,Younis Khan,Asad Shafiq,P Utseya,0,0,,,,,,"",""
ball,2,24.5,Pakistan,Younis Khan,Asad Shafiq,P Utseya,0,0,,,,,,"",""
ball,2,24.6,Pakistan,Younis Khan,Asad Shafiq,P Utseya,1,0,,,,,,"",""
ball,2,25.1,Pakistan,Younis Khan,Asad Shafiq,RW Price,1,0,,,,,,"",""
ball,2,25.2,Pakistan,Asad Shafiq,Younis Khan,RW Price,0,0,,,,,,"",""
ball,2,25.3,Pakistan,Asad Shafiq,Younis Khan,RW Price,1,0,,,,,,"",""
ball,2,25.4,Pakistan,Younis Khan,Asad Shafiq,RW Price,1,0,,,,,,"",""
ball,2,25.5,Pakistan,Asad Shafiq,Younis Khan,RW Price,0,0,,,,,,"",""
ball,2,25.6,Pakistan,Asad Shafiq,Younis Khan,RW Price,0,0,,,,,,"",""
ball,2,26.1,Pakistan,Younis Khan,Asad Shafiq,P Utseya,1,0,,,,,,"",""
ball,2,26.2,Pakistan,Asad Shafiq,Younis Khan,P Utseya,2,0,,,,,,"",""
ball,2,26.3,Pakistan,Asad Shafiq,Younis Khan,P Utseya,0,0,,,,,,"",""
ball,2,26.4,Pakistan,Asad Shafiq,Younis Khan,P Utseya,1,0,,,,,,"",""
ball,2,26.5,Pakistan,Younis Khan,Asad Shafiq,P Utseya,1,0,,,,,,"",""
ball,2,26.6,Pakistan,Asad Shafiq,Younis Khan,P Utseya,0,0,,,,,,"",""
ball,2,27.1,Pakistan,Younis Khan,Asad Shafiq,GA Lamb,1,0,,,,,,"",""
ball,2,27.2,Pakistan,Asad Shafiq,Younis Khan,GA Lamb,0,0,,,,,,"",""
ball,2,27.3,Pakistan,Asad Shafiq,Younis Khan,GA Lamb,0,0,,,,,,"",""
ball,2,27.4,Pakistan,Asad Shafiq,Younis Khan,GA Lamb,1,0,,,,,,"",""
ball,2,27.5,Pakistan,Younis Khan,Asad Shafiq,GA Lamb,1,0,,,,,,"",""
ball,2,27.6,Pakistan,Asad Shafiq,Younis Khan,GA Lamb,1,0,,,,,,"",""
ball,2,28.1,Pakistan,Asad Shafiq,Younis Khan,AG Cremer,0,0,,,,,,"",""
ball,2,28.2,Pakistan,Asad Shafiq,Younis Khan,AG Cremer,1,0,,,,,,"",""
ball,2,28.3,Pakistan,Younis Khan,Asad Shafiq,AG Cremer,0,0,,,,,,"",""
ball,2,28.4,Pakistan,Younis Khan,Asad Shafiq,AG Cremer,1,0,,,,,,"",""
ball,2,28.5,Pakistan,Asad Shafiq,Younis Khan,AG Cremer,0,0,,,,,,"",""
ball,2,28.6,Pakistan,Asad Shafiq,Younis Khan,AG Cremer,1,0,,,,,,"",""
ball,2,29.1,Pakistan,Asad Shafiq,Younis Khan,GA Lamb,0,0,,,,,,"",""
ball,2,29.2,Pakistan,Asad Shafiq,Younis Khan,GA Lamb,1,0,,,,,,"",""
ball,2,29.3,Pakistan,Younis Khan,Asad Shafiq,GA Lamb,1,0,,,,,,"",""
ball,2,29.4,Pakistan,Asad Shafiq,Younis Khan,GA Lamb,4,0,,,,,,"",""
ball,2,29.5,Pakistan,Asad Shafiq,Younis Khan,GA Lamb,4,0,,,,,,"",""
ball,2,29.6,Pakistan,Asad Shafiq,Younis Khan,GA Lamb,1,0,,,,,,"",""
ball,2,30.1,Pakistan,Asad Shafiq,Younis Khan,AG Cremer,3,0,,,,,,"",""
ball,2,30.2,Pakistan,Younis Khan,Asad Shafiq,AG Cremer,2,0,,,,,,"",""
ball,2,30.3,Pakistan,Younis Khan,Asad Shafiq,AG Cremer,0,0,,,,,,"",""
ball,2,30.4,Pakistan,Younis Khan,Asad Shafiq,AG Cremer,0,0,,,,,,"",""
ball,2,30.5,Pakistan,Younis Khan,Asad Shafiq,AG Cremer,0,0,,,,,,"",""
ball,2,30.6,Pakistan,Younis Khan,Asad Shafiq,AG Cremer,0,0,,,,,,"",""
ball,2,31.1,Pakistan,Asad Shafiq,Younis Khan,SW Masakadza,0,0,,,,,,"",""
ball,2,31.2,Pakistan,Asad Shafiq,Younis Khan,SW Masakadza,0,0,,,,,,"",""
ball,2,31.3,Pakistan,Asad Shafiq,Younis Khan,SW Masakadza,0,5,5,,,,,"",""
ball,2,31.4,Pakistan,Asad Shafiq,Younis Khan,SW Masakadza,2,0,,,,,,"",""
ball,2,31.5,Pakistan,Asad Shafiq,Younis Khan,SW Masakadza,2,0,,,,,,"",""
ball,2,31.6,Pakistan,Asad Shafiq,Younis Khan,SW Masakadza,1,0,,,,,,"",""
ball,2,31.7,Pakistan,Younis Khan,Asad Shafiq,SW Masakadza,0,0,,,,,,"",""
ball,2,32.1,Pakistan,Asad Shafiq,Younis Khan,RW Price,1,0,,,,,,"",""
ball,2,32.2,Pakistan,Younis Khan,Asad Shafiq,RW Price,0,0,,,,,,"",""
ball,2,32.3,Pakistan,Younis Khan,Asad Shafiq,RW Price,0,0,,,,,,"",""
ball,2,32.4,Pakistan,Younis Khan,Asad Shafiq,RW Price,0,0,,,,,,"",""
ball,2,32.5,Pakistan,Younis Khan,Asad Shafiq,RW Price,0,0,,,,,,"",""
ball,2,32.6,Pakistan,Younis Khan,Asad Shafiq,RW Price,0,0,,,,,,"",""
ball,2,33.1,Pakistan,Asad Shafiq,Younis Khan,SW Masakadza,1,0,,,,,,"",""
ball,2,33.2,Pakistan,Younis Khan,Asad Shafiq,SW Masakadza,1,0,,,,,,"",""
ball,2,33.3,Pakistan,Asad Shafiq,Younis Khan,SW Masakadza,0,0,,,,,,"",""
ball,2,33.4,Pakistan,Asad Shafiq,Younis Khan,SW Masakadza,1,0,,,,,,"",""
ball,2,33.5,Pakistan,Younis Khan,Asad Shafiq,SW Masakadza,1,0,,,,,,"",""
ball,2,33.6,Pakistan,Asad Shafiq,Younis Khan,SW Masakadza,1,0,,,,,,"",""
ball,2,34.1,Pakistan,Asad Shafiq,Younis Khan,AG Cremer,4,0,,,,,,"",""
