version,1.6.0
info,balls_per_over,6
info,team,Australia
info,team,Pakistan
info,gender,male
info,season,2010/11
info,date,2011/03/19
info,event,ICC Cricket World Cup
info,match_number,40
info,venue,R Premadasa Stadium
info,city,Colombo
info,neutralvenue,true
info,toss_winner,Australia
info,toss_decision,bat
info,player_of_match,Umar Akmal
info,umpire,M Erasmus
info,umpire,AL Hill
info,reserve_umpire,TH Wijewardene
info,tv_umpire,NJ Llong
info,match_referee,BC Broad
info,winner,Pakistan
info,winner_wickets,4
info,player,Australia,SR Watson
info,player,Australia,BJ Haddin
info,player,Australia,RT Ponting
info,player,Australia,MJ Clarke
info,player,Australia,CL White
info,player,Australia,MEK Hussey
info,player,Australia,SPD Smith
info,player,Australia,MG Johnson
info,player,Australia,JJ Krejza
info,player,Australia,B Lee
info,player,Australia,SW Tait
info,player,Pakistan,Kamran Akmal
info,player,Pakistan,Mohammad Hafeez
info,player,Pakistan,Asad Shafiq
info,player,Pakistan,Younis Khan
info,player,Pakistan,Misbah-ul-Haq
info,player,Pakistan,Umar Akmal
info,player,Pakistan,Shahid Afridi
info,player,Pakistan,Abdul Razzaq
info,player,Pakistan,Abdur Rehman
info,player,Pakistan,Umar Gul
info,player,Pakistan,Wahab Riaz
info,registry,people,AL Hill,4165ced0
info,registry,people,Abdul Razzaq,390ff45b
info,registry,people,Abdur Rehman,d094e7d1
info,registry,people,Asad Shafiq,50250426
info,registry,people,B Lee,dd09ff8e
info,registry,people,BC Broad,d6a7dd38
info,registry,people,BJ Haddin,b0c772ee
info,registry,people,CL White,d0513f63
info,registry,people,JJ Krejza,047d9032
info,registry,people,Kamran Akmal,ff077124
info,registry,people,M Erasmus,15d3c895
info,registry,people,MEK Hussey,48fd7349
info,registry,people,MG Johnson,f5180fe6
info,registry,people,MJ Clarke,f842c2cf
info,registry,people,Misbah-ul-Haq,7eae4418
info,registry,people,Mohammad Hafeez,9ab63e7b
info,registry,people,NJ Llong,573fb985
info,registry,people,RT Ponting,7d415ea5
info,registry,people,SPD Smith,30a45b23
info,registry,people,SR Watson,4329fbb5
info,registry,people,SW Tait,addfb70e
info,registry,people,Shahid Afridi,0dc00542
info,registry,people,TH Wijewardene,6a6be119
info,registry,people,Umar Akmal,fd2bf2a0
info,registry,people,Umar Gul,16dfcc19
info,registry,people,Wahab Riaz,b3118300
info,registry,people,Younis Khan,33cb3411
ball,1,0.1,Australia,SR Watson,BJ Haddin,Umar Gul,0,0,,,,,,"",""
ball,1,0.2,Australia,SR Watson,BJ Haddin,Umar Gul,0,0,,,,,,"",""
ball,1,0.3,Australia,SR Watson,BJ Haddin,Umar Gul,1,0,,,,,,"",""
ball,1,0.4,Australia,BJ Haddin,SR Watson,Umar Gul,0,0,,,,,,"",""
ball,1,0.5,Australia,BJ Haddin,SR Watson,Umar Gul,0,0,,,,,,"",""
ball,1,0.6,Australia,BJ Haddin,SR Watson,Umar Gul,0,0,,,,,,"",""
ball,1,1.1,Australia,SR Watson,BJ Haddin,Abdur Rehman,4,0,,,,,,"",""
ball,1,1.2,Australia,SR Watson,BJ Haddin,Abdur Rehman,0,0,,,,,,"",""
ball,1,1.3,Australia,SR Watson,BJ Haddin,Abdur Rehman,0,1,,,,1,,"",""
ball,1,1.4,Australia,BJ Haddin,SR Watson,Abdur Rehman,0,0,,,,,,"",""
ball,1,1.5,Australia,BJ Haddin,SR Watson,Abdur Rehman,0,0,,,,,,"",""
ball,1,1.6,Australia,BJ Haddin,SR Watson,Abdur Rehman,0,0,,,,,,"",""
ball,1,2.1,Australia,SR Watson,BJ Haddin,Umar Gul,0,0,,,,,,"",""
ball,1,2.2,Australia,SR Watson,BJ Haddin,Umar Gul,1,0,,,,,,"",""
ball,1,2.3,Australia,BJ Haddin,SR Watson,Umar Gul,0,0,,,,,,"",""
ball,1,2.4,Australia,BJ Haddin,SR Watson,Umar Gul,0,0,,,,,,"",""
ball,1,2.5,Australia,BJ Haddin,SR Watson,Umar Gul,0,0,,,,,,"",""
ball,1,2.6,Australia,BJ Haddin,SR Watson,Umar Gul,1,0,,,,,,"",""
ball,1,3.1,Australia,BJ Haddin,SR Watson,Abdur Rehman,1,0,,,,,,"",""
ball,1,3.2,Australia,SR Watson,BJ Haddin,Abdur Rehman,0,0,,,,,,"",""
ball,1,3.3,Australia,SR Watson,BJ Haddin,Abdur Rehman,0,0,,,,,,"",""
ball,1,3.4,Australia,SR Watson,BJ Haddin,Abdur Rehman,0,0,,,,,,"",""
ball,1,3.5,Australia,SR Watson,BJ Haddin,Abdur Rehman,0,0,,,,,,"",""
ball,1,3.6,Australia,SR Watson,BJ Haddin,Abdur Rehman,1,0,,,,,,"",""
ball,1,4.1,Australia,SR Watson,BJ Haddin,Umar Gul,2,0,,,,,,"",""
ball,1,4.2,Australia,SR Watson,BJ Haddin,Umar Gul,0,0,,,,,,"",""
ball,1,4.3,Australia,SR Watson,BJ Haddin,Umar Gul,0,0,,,,,,bowled,SR Watson
ball,1,4.4,Australia,RT Ponting,BJ Haddin,Umar Gul,0,0,,,,,,"",""
ball,1,4.5,Australia,RT Ponting,BJ Haddin,Umar Gul,0,0,,,,,,"",""
ball,1,4.6,Australia,RT Ponting,BJ Haddin,Umar Gul,0,0,,,,,,"",""
ball,1,5.1,Australia,BJ Haddin,RT Ponting,Abdur Rehman,0,0,,,,,,"",""
ball,1,5.2,Australia,BJ Haddin,RT Ponting,Abdur Rehman,6,0,,,,,,"",""
ball,1,5.3,Australia,BJ Haddin,RT Ponting,Abdur Rehman,0,0,,,,,,"",""
ball,1,5.4,Australia,BJ Haddin,RT Ponting,Abdur Rehman,0,0,,,,,,"",""
ball,1,5.5,Australia,BJ Haddin,RT Ponting,Abdur Rehman,0,0,,,,,,"",""
ball,1,5.6,Australia,BJ Haddin,RT Ponting,Abdur Rehman,2,0,,,,,,"",""
ball,1,6.1,Australia,RT Ponting,BJ Haddin,Umar Gul,0,0,,,,,,"",""
ball,1,6.2,Australia,RT Ponting,BJ Haddin,Umar Gul,0,0,,,,,,"",""
ball,1,6.3,Australia,RT Ponting,BJ Haddin,Umar Gul,0,0,,,,,,"",""
ball,1,6.4,Australia,RT Ponting,BJ Haddin,Umar Gul,0,1,,,,1,,"",""
ball,1,6.5,Australia,BJ Haddin,RT Ponting,Umar Gul,0,0,,,,,,"",""
ball,1,6.6,Australia,BJ Haddin,RT Ponting,Umar Gul,0,0,,,,,,"",""
ball,1,7.1,Australia,RT Ponting,BJ Haddin,Abdur Rehman,1,0,,,,,,"",""
ball,1,7.2,Australia,BJ Haddin,RT Ponting,Abdur Rehman,0,0,,,,,,"",""
ball,1,7.3,Australia,BJ Haddin,RT Ponting,Abdur Rehman,0,0,,,,,,"",""
ball,1,7.4,Australia,BJ Haddin,RT Ponting,Abdur Rehman,0,0,,,,,,"",""
ball,1,7.5,Australia,BJ Haddin,RT Ponting,Abdur Rehman,0,1,1,,,,,"",""
ball,1,7.6,Australia,BJ Haddin,RT Ponting,Abdur Rehman,0,0,,,,,,"",""
ball,1,7.7,Australia,BJ Haddin,RT Ponting,Abdur Rehman,0,0,,,,,,"",""
ball,1,8.1,Australia,RT Ponting,BJ Haddin,Umar Gul,0,1,,,,1,,"",""
ball,1,8.2,Australia,BJ Haddin,RT Ponting,Umar Gul,0,0,,,,,,"",""
ball,1,8.3,Australia,BJ Haddin,RT Ponting,Umar Gul,1,0,,,,,,"",""
ball,1,8.4,Australia,RT Ponting,BJ Haddin,Umar Gul,0,5,5,,,,,"",""
ball,1,8.5,Australia,RT Ponting,BJ Haddin,Umar Gul,0,0,,,,,,"",""
ball,1,8.6,Australia,RT Ponting,BJ Haddin,Umar Gul,1,0,,,,,,"",""
ball,1,8.7,Australia,BJ Haddin,RT Ponting,Umar Gul,4,0,,,,,,"",""
ball,1,9.1,Australia,RT Ponting,BJ Haddin,Abdur Rehman,0,0,,,,,,"",""
ball,1,9.2,Australia,RT Ponting,BJ Haddin,Abdur Rehman,0,0,,,,,,"",""
ball,1,9.3,Australia,RT Ponting,BJ Haddin,Abdur Rehman,1,0,,,,,,"",""
ball,1,9.4,Australia,BJ Haddin,RT Ponting,Abdur Rehman,0,0,,,,,,"",""
ball,1,9.5,Australia,BJ Haddin,RT Ponting,Abdur Rehman,0,0,,,,,,"",""
ball,1,9.6,Australia,BJ Haddin,RT Ponting,Abdur Rehman,0,0,,,,,,"",""
ball,1,10.1,Australia,RT Ponting,BJ Haddin,Shahid Afridi,0,0,,,,,,"",""
ball,1,10.2,Australia,RT Ponting,BJ Haddin,Shahid Afridi,1,0,,,,,,"",""
ball,1,10.3,Australia,BJ Haddin,RT Ponting,Shahid Afridi,0,0,,,,,,"",""
ball,1,10.4,Australia,BJ Haddin,RT Ponting,Shahid Afridi,0,0,,,,,,"",""
ball,1,10.5,Australia,BJ Haddin,RT Ponting,Shahid Afridi,0,0,,,,,,"",""
ball,1,10.6,Australia,BJ Haddin,RT Ponting,Shahid Afridi,1,0,,,,,,"",""
ball,1,11.1,Australia,BJ Haddin,RT Ponting,Wahab Riaz,1,0,,,,,,"",""
ball,1,11.2,Australia,RT Ponting,BJ Haddin,Wahab Riaz,1,0,,,,,,"",""
ball,1,11.3,Australia,BJ Haddin,RT Ponting,Wahab Riaz,4,0,,,,,,"",""
ball,1,11.4,Australia,BJ Haddin,RT Ponting,Wahab Riaz,2,0,,,,,,"",""
ball,1,11.5,Australia,BJ Haddin,RT Ponting,Wahab Riaz,0,0,,,,,,"",""
ball,1,11.6,Australia,BJ Haddin,RT Ponting,Wahab Riaz,0,0,,,,,,"",""
ball,1,12.1,Australia,RT Ponting,BJ Haddin,Shahid Afridi,1,0,,,,,,"",""
ball,1,12.2,Australia,BJ Haddin,RT Ponting,Shahid Afridi,4,0,,,,,,"",""
ball,1,12.3,Australia,BJ Haddin,RT Ponting,Shahid Afridi,0,0,,,,,,"",""
ball,1,12.4,Australia,BJ Haddin,RT Ponting,Shahid Afridi,0,0,,,,,,"",""
ball,1,12.5,Australia,BJ Haddin,RT Ponting,Shahid Afridi,1,0,,,,,,"",""
ball,1,12.6,Australia,RT Ponting,BJ Haddin,Shahid Afridi,0,0,,,,,,"",""
ball,1,13.1,Australia,BJ Haddin,RT Ponting,Wahab Riaz,0,0,,,,,,"",""
ball,1,13.2,Australia,BJ Haddin,RT Ponting,Wahab Riaz,1,0,,,,,,"",""
ball,1,13.3,Australia,RT Ponting,BJ Haddin,Wahab Riaz,4,0,,,,,,"",""
ball,1,13.4,Australia,RT Ponting,BJ Haddin,Wahab Riaz,1,0,,,,,,"",""
ball,1,13.5,Australia,BJ Haddin,RT Ponting,Wahab Riaz,0,1,1,,,,,"",""
ball,1,13.6,Australia,BJ Haddin,RT Ponting,Wahab Riaz,1,0,,,,,,"",""
ball,1,13.7,Australia,RT Ponting,BJ Haddin,Wahab Riaz,4,0,,,,,,"",""
ball,1,14.1,Australia,BJ Haddin,RT Ponting,Mohammad Hafeez,1,0,,,,,,"",""
ball,1,14.2,Australia,RT Ponting,BJ Haddin,Mohammad Hafeez,0,0,,,,,,"",""
ball,1,14.3,Australia,RT Ponting,BJ Haddin,Mohammad Hafeez,0,0,,,,,,"",""
ball,1,14.4,Australia,RT Ponting,BJ Haddin,Mohammad Hafeez,1,0,,,,,,"",""
ball,1,14.5,Australia,BJ Haddin,RT Ponting,Mohammad Hafeez,1,0,,,,,,"",""
ball,1,14.6,Australia,RT Ponting,BJ Haddin,Mohammad Hafeez,0,0,,,,,,"",""
ball,1,15.1,Australia,BJ Haddin,RT Ponting,Shahid Afridi,0,0,,,,,,"",""
ball,1,15.2,Australia,BJ Haddin,RT Ponting,Shahid Afridi,0,0,,,,,,"",""
ball,1,15.3,Australia,BJ Haddin,RT Ponting,Shahid Afridi,1,0,,,,,,"",""
ball,1,15.4,Australia,RT Ponting,BJ Haddin,Shahid Afridi,0,0,,,,,,"",""
ball,1,15.5,Australia,RT Ponting,BJ Haddin,Shahid Afridi,1,0,,,,,,"",""
ball,1,15.6,Australia,BJ Haddin,RT Ponting,Shahid Afridi,1,0,,,,,,"",""
ball,1,16.1,Australia,BJ Haddin,RT Ponting,Mohammad Hafeez,0,0,,,,,,"",""
ball,1,16.2,Australia,BJ Haddin,RT Ponting,Mohammad Hafeez,0,0,,,,,,"",""
ball,1,16.3,Australia,BJ Haddin,RT Ponting,Mohammad Hafeez,0,0,,,,,,"",""
ball,1,16.4,Australia,BJ Haddin,RT Ponting,Mohammad Hafeez,0,0,,,,,,"",""
ball,1,16.5,Australia,BJ Haddin,RT Ponting,Mohammad Hafeez,0,0,,,,,,"",""
ball,1,16.6,Australia,BJ Haddin,RT Ponting,Mohammad Hafeez,1,0,,,,,,"",""
ball,1,17.1,Australia,BJ Haddin,RT Ponting,Shahid Afridi,0,0,,,,,,"",""
ball,1,17.2,Australia,BJ Haddin,RT Ponting,Shahid Afridi,0,0,,,,,,"",""
ball,1,17.3,Australia,BJ Haddin,RT Ponting,Shahid Afridi,0,0,,,,,,"",""
ball,1,17.4,Australia,BJ Haddin,RT Ponting,Shahid Afridi,1,0,,,,,,"",""
ball,1,17.5,Australia,RT Ponting,BJ Haddin,Shahid Afridi,0,0,,,,,,"",""
ball,1,17.6,Australia,RT Ponting,BJ Haddin,Shahid Afridi,1,0,,,,,,"",""
ball,1,18.1,Australia,RT Ponting,BJ Haddin,Mohammad Hafeez,1,0,,,,,,"",""
ball,1,18.2,Australia,BJ Haddin,RT Ponting,Mohammad Hafeez,1,0,,,,,,"",""
ball,1,18.3,Australia,RT Ponting,BJ Haddin,Mohammad Hafeez,0,0,,,,,,"",""
ball,1,18.4,Australia,RT Ponting,BJ Haddin,Mohammad Hafeez,0,0,,,,,,caught,RT Ponting
ball,1,18.5,Australia,MJ Clarke,BJ Haddin,Mohammad Hafeez,0,0,,,,,,"",""
ball,1,18.6,Australia,MJ Clarke,BJ Haddin,Mohammad Hafeez,1,0,,,,,,"",""
ball,1,19.1,Australia,MJ Clarke,BJ Haddin,Wahab Riaz,0,1,,,,1,,"",""
ball,1,19.2,Australia,BJ Haddin,MJ Clarke,Wahab Riaz,0,0,,,,,,"",""
ball,1,19.3,Australia,BJ Haddin,MJ Clarke,Wahab Riaz,0,0,,,,,,"",""
ball,1,19.4,Australia,BJ Haddin,MJ Clarke,Wahab Riaz,0,0,,,,,,"",""
ball,1,19.5,Australia,BJ Haddin,MJ Clarke,Wahab Riaz,1,0,,,,,,"",""
ball,1,19.6,Australia,MJ Clarke,BJ Haddin,Wahab Riaz,4,0,,,,,,"",""
ball,1,20.1,Australia,BJ Haddin,MJ Clarke,Mohammad Hafeez,0,0,,,,,,"",""
ball,1,20.2,Australia,BJ Haddin,MJ Clarke,Mohammad Hafeez,0,0,,,,,,"",""
ball,1,20.3,Australia,BJ Haddin,MJ Clarke,Mohammad Hafeez,0,0,,,,,,"",""
ball,1,20.4,Australia,BJ Haddin,MJ Clarke,Mohammad Hafeez,1,0,,,,,,"",""
ball,1,20.5,Australia,MJ Clarke,BJ Haddin,Mohammad Hafeez,0,0,,,,,,"",""
ball,1,20.6,Australia,MJ Clarke,BJ Haddin,Mohammad Hafeez,0,0,,,,,,"",""
ball,1,21.1,Australia,BJ Haddin,MJ Clarke,Wahab Riaz,0,0,,,,,,"",""
ball,1,21.2,Australia,BJ Haddin,MJ Clarke,Wahab Riaz,1,0,,,,,,"",""
ball,1,21.3,Australia,MJ Clarke,BJ Haddin,Wahab Riaz,0,0,,,,,,"",""
ball,1,21.4,Australia,MJ Clarke,BJ Haddin,Wahab Riaz,1,0,,,,,,"",""
ball,1,21.5,Australia,BJ Haddin,MJ Clarke,Wahab Riaz,0,1,1,,,,,"",""
ball,1,21.6,Australia,BJ Haddin,MJ Clarke,Wahab Riaz,0,0,,,,,,"",""
ball,1,21.7,Australia,BJ Haddin,MJ Clarke,Wahab Riaz,1,0,,,,,,"",""
ball,1,22.1,Australia,BJ Haddin,MJ Clarke,Mohammad Hafeez,0,0,,,,,,"",""
ball,1,22.2,Australia,BJ Haddin,MJ Clarke,Mohammad Hafeez,1,0,,,,,,"",""
ball,1,22.3,Australia,MJ Clarke,BJ Haddin,Mohammad Hafeez,0,0,,,,,,"",""
ball,1,22.4,Australia,MJ Clarke,BJ Haddin,Mohammad Hafeez,0,0,,,,,,"",""
ball,1,22.5,Australia,MJ Clarke,BJ Haddin,Mohammad Hafeez,0,0,,,,,,"",""
ball,1,22.6,Australia,MJ Clarke,BJ Haddin,Mohammad Hafeez,1,0,,,,,,"",""
ball,1,23.1,Australia,MJ Clarke,BJ Haddin,Wahab Riaz,1,0,,,,,,"",""
ball,1,23.2,Australia,BJ Haddin,MJ Clarke,Wahab Riaz,0,0,,,,,,"",""
ball,1,23.3,Australia,BJ Haddin,MJ Clarke,Wahab Riaz,0,0,,,,,,"",""
ball,1,23.4,Australia,BJ Haddin,MJ Clarke,Wahab Riaz,0,0,,,,,,caught,BJ Haddin
ball,1,23.5,Australia,CL White,MJ Clarke,Wahab Riaz,2,0,,,,,,"",""
ball,1,23.6,Australia,CL White,MJ Clarke,Wahab Riaz,0,0,,,,,,"",""
ball,1,24.1,Australia,MJ Clarke,CL White,Mohammad Hafeez,0,0,,,,,,"",""
ball,1,24.2,Australia,MJ Clarke,CL White,Mohammad Hafeez,0,0,,,,,,"",""
ball,1,24.3,Australia,MJ Clarke,CL White,Mohammad Hafeez,1,0,,,,,,"",""
ball,1,24.4,Australia,CL White,MJ Clarke,Mohammad Hafeez,0,0,,,,,,"",""
ball,1,24.5,Australia,CL White,MJ Clarke,Mohammad Hafeez,0,0,,,,,,"",""
ball,1,24.6,Australia,CL White,MJ Clarke,Mohammad Hafeez,0,0,,,,,,"",""
ball,1,25.1,Australia,MJ Clarke,CL White,Wahab Riaz,0,1,1,,,,,"",""
ball,1,25.2,Australia,MJ Clarke,CL White,Wahab Riaz,4,0,,,,,,"",""
ball,1,25.3,Australia,MJ Clarke,CL White,Wahab Riaz,0,0,,,,,,"",""
ball,1,25.4,Australia,MJ Clarke,CL White,Wahab Riaz,0,0,,,,,,"",""
ball,1,25.5,Australia,MJ Clarke,CL White,Wahab Riaz,1,0,,,,,,"",""
ball,1,25.6,Australia,CL White,MJ Clarke,Wahab Riaz,1,0,,,,,,"",""
ball,1,25.7,Australia,MJ Clarke,CL White,Wahab Riaz,0,0,,,,,,"",""
ball,1,26.1,Australia,CL White,MJ Clarke,Mohammad Hafeez,0,0,,,,,,"",""
ball,1,26.2,Australia,CL White,MJ Clarke,Mohammad Hafeez,0,0,,,,,,"",""
ball,1,26.3,Australia,CL White,MJ Clarke,Mohammad Hafeez,0,0,,,,,,"",""
ball,1,26.4,Australia,CL White,MJ Clarke,Mohammad Hafeez,0,1,,,,1,,"",""
ball,1,26.5,Australia,MJ Clarke,CL White,Mohammad Hafeez,1,0,,,,,,"",""
ball,1,26.6,Australia,CL White,MJ Clarke,Mohammad Hafeez,0,0,,,,,,"",""
ball,1,27.1,Australia,MJ Clarke,CL White,Shahid Afridi,0,0,,,,,,"",""
ball,1,27.2,Australia,MJ Clarke,CL White,Shahid Afridi,2,0,,,,,,"",""
ball,1,27.3,Australia,MJ Clarke,CL White,Shahid Afridi,0,0,,,,,,"",""
ball,1,27.4,Australia,MJ Clarke,CL White,Shahid Afridi,1,0,,,,,,"",""
ball,1,27.5,Australia,CL White,MJ Clarke,Shahid Afridi,1,0,,,,,,"",""
ball,1,27.6,Australia,MJ Clarke,CL White,Shahid Afridi,1,0,,,,,,"",""
ball,1,28.1,Australia,MJ Clarke,CL White,Mohammad Hafeez,0,0,,,,,,"",""
ball,1,28.2,Australia,MJ Clarke,CL White,Mohammad Hafeez,2,0,,,,,,"",""
ball,1,28.3,Australia,MJ Clarke,CL White,Mohammad Hafeez,1,0,,,,,,"",""
ball,1,28.4,Australia,CL White,MJ Clarke,Mohammad Hafeez,0,0,,,,,,"",""
ball,1,28.5,Australia,CL White,MJ Clarke,Mohammad Hafeez,1,0,,,,,,"",""
ball,1,28.6,Australia,MJ Clarke,CL White,Mohammad Hafeez,1,0,,,,,,"",""
ball,1,29.1,Australia,MJ Clarke,CL White,Shahid Afridi,1,0,,,,,,"",""
ball,1,29.2,Australia,CL White,MJ Clarke,Shahid Afridi,1,0,,,,,,"",""
ball,1,29.3,Australia,MJ Clarke,CL White,Shahid Afridi,1,0,,,,,,"",""
ball,1,29.4,Australia,CL White,MJ Clarke,Shahid Afridi,0,0,,,,,,"",""
ball,1,29.5,Australia,CL White,MJ Clarke,Shahid Afridi,2,0,,,,,,"",""
ball,1,29.6,Australia,CL White,MJ Clarke,Shahid Afridi,0,0,,,,,,"",""
ball,1,30.1,Australia,MJ Clarke,CL White,Mohammad Hafeez,0,0,,,,,,run out,CL White
ball,1,30.2,Australia,MEK Hussey,MJ Clarke,Mohammad Hafeez,0,0,,,,,,"",""
ball,1,30.3,Australia,MEK Hussey,MJ Clarke,Mohammad Hafeez,1,0,,,,,,"",""
ball,1,30.4,Australia,MJ Clarke,MEK Hussey,Mohammad Hafeez,1,0,,,,,,"",""
ball,1,30.5,Australia,MEK Hussey,MJ Clarke,Mohammad Hafeez,1,0,,,,,,"",""
ball,1,30.6,Australia,MJ Clarke,MEK Hussey,Mohammad Hafeez,1,0,,,,,,"",""
ball,1,31.1,Australia,MJ Clarke,MEK Hussey,Shahid Afridi,0,0,,,,,,"",""
ball,1,31.2,Australia,MJ Clarke,MEK Hussey,Shahid Afridi,1,0,,,,,,"",""
ball,1,31.3,Australia,MEK Hussey,MJ Clarke,Shahid Afridi,0,0,,,,,,"",""
ball,1,31.4,Australia,MEK Hussey,MJ Clarke,Shahid Afridi,1,0,,,,,,"",""
ball,1,31.5,Australia,MJ Clarke,MEK Hussey,Shahid Afridi,1,0,,,,,,"",""
ball,1,31.6,Australia,MEK Hussey,MJ Clarke,Shahid Afridi,1,0,,,,,,"",""
ball,1,32.1,Australia,MEK Hussey,MJ Clarke,Mohammad Hafeez,1,0,,,,,,"",""
ball,1,32.2,Australia,MJ Clarke,MEK Hussey,Mohammad Hafeez,0,0,,,,,,"",""
ball,1,32.3,Australia,MJ Clarke,MEK Hussey,Mohammad Hafeez,2,0,,,,,,"",""
ball,1,32.4,Australia,MJ Clarke,MEK Hussey,Mohammad Hafeez,1,0,,,,,,"",""
ball,1,32.5,Australia,MEK Hussey,MJ Clarke,Mohammad Hafeez,0,0,,,,,,"",""
ball,1,32.6,Australia,MEK Hussey,MJ Clarke,Mohammad Hafeez,1,0,,,,,,"",""
ball,1,33.1,Australia,MEK Hussey,MJ Clarke,Abdur Rehman,1,0,,,,,,"",""
ball,1,33.2,Australia,MJ Clarke,MEK Hussey,Abdur Rehman,1,0,,,,,,"",""
ball,1,33.3,Australia,MEK Hussey,MJ Clarke,Abdur Rehman,0,0,,,,,,"",""
ball,1,33.4,Australia,MEK Hussey,MJ Clarke,Abdur Rehman,0,0,,,,,,"",""
ball,1,33.5,Australia,MEK Hussey,MJ Clarke,Abdur Rehman,1,0,,,,,,"",""
ball,1,33.6,Australia,MJ Clarke,MEK Hussey,Abdur Rehman,1,0,,,,,,"",""
ball,1,34.1,Australia,MJ Clarke,MEK Hussey,Abdul Razzaq,0,0,,,,,,"",""
ball,1,34.2,Australia,MJ Clarke,MEK Hussey,Abdul Razzaq,0,0,,,,,,"",""
ball,1,34.3,Australia,MJ Clarke,MEK Hussey,Abdul Razzaq,0,0,,,,,,"",""
ball,1,34.4,Australia,MJ Clarke,MEK Hussey,Abdul Razzaq,0,0,,,,,,bowled,MJ Clarke
ball,1,34.5,Australia,SPD Smith,MEK Hussey,Abdul Razzaq,2,0,,,,,,"",""
ball,1,34.6,Australia,SPD Smith,MEK Hussey,Abdul Razzaq,0,0,,,,,,"",""
ball,1,35.1,Australia,MEK Hussey,SPD Smith,Abdur Rehman,1,0,,,,,,"",""
ball,1,35.2,Australia,SPD Smith,MEK Hussey,Abdur Rehman,0,0,,,,,,"",""
ball,1,35.3,Australia,SPD Smith,MEK Hussey,Abdur Rehman,1,0,,,,,,"",""
ball,1,35.4,Australia,MEK Hussey,SPD Smith,Abdur Rehman,1,0,,,,,,"",""
ball,1,35.5,Australia,SPD Smith,MEK Hussey,Abdur Rehman,1,0,,,,,,"",""
ball,1,35.6,Australia,MEK Hussey,SPD Smith,Abdur Rehman,0,0,,,,,,"",""
ball,1,36.1,Australia,SPD Smith,MEK Hussey,Abdul Razzaq,0,0,,,,,,"",""
ball,1,36.2,Australia,SPD Smith,MEK Hussey,Abdul Razzaq,0,0,,,,,,"",""
ball,1,36.3,Australia,SPD Smith,MEK Hussey,Abdul Razzaq,1,0,,,,,,"",""
ball,1,36.4,Australia,MEK Hussey,SPD Smith,Abdul Razzaq,0,0,,,,,,"",""
ball,1,36.5,Australia,MEK Hussey,SPD Smith,Abdul Razzaq,0,0,,,,,,"",""
ball,1,36.6,Australia,MEK Hussey,SPD Smith,Abdul Razzaq,1,0,,,,,,"",""
ball,1,37.1,Australia,MEK Hussey,SPD Smith,Abdur Rehman,1,0,,,,,,"",""
ball,1,37.2,Australia,SPD Smith,MEK Hussey,Abdur Rehman,1,0,,,,,,"",""
ball,1,37.3,Australia,MEK Hussey,SPD Smith,Abdur Rehman,0,0,,,,,,"",""
ball,1,37.4,Australia,MEK Hussey,SPD Smith,Abdur Rehman,0,0,,,,,,caught,MEK Hussey
ball,1,37.5,Australia,MG Johnson,SPD Smith,Abdur Rehman,0,0,,,,,,"",""
ball,1,37.6,Australia,MG Johnson,SPD Smith,Abdur Rehman,0,0,,,,,,"",""
ball,1,38.1,Australia,SPD Smith,MG Johnson,Abdul Razzaq,2,0,,,,,,"",""
ball,1,38.2,Australia,SPD Smith,MG Johnson,Abdul Razzaq,0,0,,,,,,"",""
ball,1,38.3,Australia,SPD Smith,MG Johnson,Abdul Razzaq,1,0,,,,,,"",""
ball,1,38.4,Australia,MG Johnson,SPD Smith,Abdul Razzaq,0,0,,,,,,caught,MG Johnson
ball,1,38.5,Australia,JJ Krejza,SPD Smith,Abdul Razzaq,0,0,,,,,,"",""
ball,1,38.6,Australia,JJ Krejza,SPD Smith,Abdul Razzaq,0,0,,,,,,"",""
ball,1,39.1,Australia,SPD Smith,JJ Krejza,Abdur Rehman,1,0,,,,,,"",""
ball,1,39.2,Australia,JJ Krejza,SPD Smith,Abdur Rehman,0,0,,,,,,"",""
ball,1,39.3,Australia,JJ Krejza,SPD Smith,Abdur Rehman,0,0,,,,,,"",""
ball,1,39.4,Australia,JJ Krejza,SPD Smith,Abdur Rehman,0,0,,,,,,"",""
ball,1,39.5,Australia,JJ Krejza,SPD Smith,Abdur Rehman,0,0,,,,,,"",""
ball,1,39.6,Australia,JJ Krejza,SPD Smith,Abdur Rehman,0,0,,,,,,"",""
ball,1,40.1,Australia,SPD Smith,JJ Krejza,Abdul Razzaq,0,0,,,,,,"",""
ball,1,40.2,Australia,SPD Smith,JJ Krejza,Abdul Razzaq,0,0,,,,,,"",""
ball,1,40.3,Australia,SPD Smith,JJ Krejza,Abdul Razzaq,0,0,,,,,,"",""
ball,1,40.4,Australia,SPD Smith,JJ Krejza,Abdul Razzaq,1,0,,,,,,"",""
ball,1,40.5,Australia,JJ Krejza,SPD Smith,Abdul Razzaq,0,0,,,,,,"",""
ball,1,40.6,Australia,JJ Krejza,SPD Smith,Abdul Razzaq,0,0,,,,,,"",""
ball,1,41.1,Australia,SPD Smith,JJ Krejza,Abdur Rehman,1,0,,,,,,"",""
ball,1,41.2,Australia,JJ Krejza,SPD Smith,Abdur Rehman,1,0,,,,,,"",""
ball,1,41.3,Australia,SPD Smith,JJ Krejza,Abdur Rehman,0,0,,,,,,"",""
ball,1,41.4,Australia,SPD Smith,JJ Krejza,Abdur Rehman,2,0,,,,,,"",""
ball,1,41.5,Australia,SPD Smith,JJ Krejza,Abdur Rehman,1,0,,,,,,"",""
ball,1,41.6,Australia,JJ Krejza,SPD Smith,Abdur Rehman,1,0,,,,,,"",""
ball,1,42.1,Australia,JJ Krejza,SPD Smith,Umar Gul,1,0,,,,,,"",""
ball,1,42.2,Australia,SPD Smith,JJ Krejza,Umar Gul,1,0,,,,,,"",""
ball,1,42.3,Australia,JJ Krejza,SPD Smith,Umar Gul,0,0,,,,,,"",""
ball,1,42.4,Australia,JJ Krejza,SPD Smith,Umar Gul,1,0,,,,,,"",""
ball,1,42.5,Australia,SPD Smith,JJ Krejza,Umar Gul,4,0,,,,,,"",""
ball,1,42.6,Australia,SPD Smith,JJ Krejza,Umar Gul,1,0,,,,,,"",""
ball,1,43.1,Australia,SPD Smith,JJ Krejza,Shahid Afridi,1,0,,,,,,"",""
ball,1,43.2,Australia,JJ Krejza,SPD Smith,Shahid Afridi,0,0,,,,,,"",""
ball,1,43.3,Australia,JJ Krejza,SPD Smith,Shahid Afridi,1,0,,,,,,"",""
ball,1,43.4,Australia,SPD Smith,JJ Krejza,Shahid Afridi,2,0,,,,,,"",""
ball,1,43.5,Australia,SPD Smith,JJ Krejza,Shahid Afridi,0,0,,,,,,"",""
ball,1,43.6,Australia,SPD Smith,JJ Krejza,Shahid Afridi,0,0,,,,,,"",""
ball,1,44.1,Australia,JJ Krejza,SPD Smith,Umar Gul,2,0,,,,,,"",""
ball,1,44.2,Australia,JJ Krejza,SPD Smith,Umar Gul,0,0,,,,,,"",""
ball,1,44.3,Australia,JJ Krejza,SPD Smith,Umar Gul,0,0,,,,,,bowled,JJ Krejza
ball,1,44.4,Australia,B Lee,SPD Smith,Umar Gul,4,0,,,,,,"",""
ball,1,44.5,Australia,B Lee,SPD Smith,Umar Gul,0,0,,,,,,"",""
ball,1,44.6,Australia,B Lee,SPD Smith,Umar Gul,0,0,,,,,,"",""
ball,1,45.1,Australia,SPD Smith,B Lee,Shahid Afridi,0,0,,,,,,"",""
ball,1,45.2,Australia,SPD Smith,B Lee,Shahid Afridi,0,0,,,,,,"",""
ball,1,45.3,Australia,SPD Smith,B Lee,Shahid Afridi,1,0,,,,,,"",""
ball,1,45.4,Australia,B Lee,SPD Smith,Shahid Afridi,0,1,1,,,,,"",""
ball,1,45.5,Australia,B Lee,SPD Smith,Shahid Afridi,1,0,,,,,,"",""
ball,1,45.6,Australia,SPD Smith,B Lee,Shahid Afridi,0,0,,,,,,bowled,SPD Smith
ball,1,45.7,Australia,SW Tait,B Lee,Shahid Afridi,0,0,,,,,,"",""
ball,1,46.1,Australia,B Lee,SW Tait,Umar Gul,0,0,,,,,,"",""
ball,1,46.2,Australia,B Lee,SW Tait,Umar Gul,0,0,,,,,,"",""
ball,1,46.3,Australia,B Lee,SW Tait,Umar Gul,0,0,,,,,,"",""
ball,1,46.4,Australia,B Lee,SW Tait,Umar Gul,0,0,,,,,,caught,B Lee
ball,2,0.1,Pakistan,Kamran Akmal,Mohammad Hafeez,B Lee,0,0,,,,,,"",""
ball,2,0.2,Pakistan,Kamran Akmal,Mohammad Hafeez,B Lee,0,0,,,,,,"",""
ball,2,0.3,Pakistan,Kamran Akmal,Mohammad Hafeez,B Lee,0,0,,,,,,"",""
ball,2,0.4,Pakistan,Kamran Akmal,Mohammad Hafeez,B Lee,4,0,,,,,,"",""
ball,2,0.5,Pakistan,Kamran Akmal,Mohammad Hafeez,B Lee,0,0,,,,,,"",""
ball,2,0.6,Pakistan,Kamran Akmal,Mohammad Hafeez,B Lee,0,0,,,,,,"",""
ball,2,1.1,Pakistan,Mohammad Hafeez,Kamran Akmal,SW Tait,0,0,,,,,,"",""
ball,2,1.2,Pakistan,Mohammad Hafeez,Kamran Akmal,SW Tait,4,0,,,,,,"",""
ball,2,1.3,Pakistan,Mohammad Hafeez,Kamran Akmal,SW Tait,1,0,,,,,,"",""
ball,2,1.4,Pakistan,Kamran Akmal,Mohammad Hafeez,SW Tait,1,0,,,,,,"",""
ball,2,1.5,Pakistan,Mohammad Hafeez,Kamran Akmal,SW Tait,0,0,,,,,,"",""
ball,2,1.6,Pakistan,Mohammad Hafeez,Kamran Akmal,SW Tait,0,1,1,,,,,"",""
ball,2,1.7,Pakistan,Mohammad Hafeez,Kamran Akmal,SW Tait,0,0,,,,,,"",""
ball,2,2.1,Pakistan,Kamran Akmal,Mohammad Hafeez,B Lee,1,0,,,,,,"",""
ball,2,2.2,Pakistan,Mohammad Hafeez,Kamran Akmal,B Lee,0,0,,,,,,"",""
ball,2,2.3,Pakistan,Mohammad Hafeez,Kamran Akmal,B Lee,0,0,,,,,,"",""
ball,2,2.4,Pakistan,Mohammad Hafeez,Kamran Akmal,B Lee,0,0,,,,,,caught and bowled,Mohammad Hafeez
ball,2,2.5,Pakistan,Asad Shafiq,Kamran Akmal,B Lee,0,0,,,,,,"",""
ball,2,2.6,Pakistan,Asad Shafiq,Kamran Akmal,B Lee,1,0,,,,,,"",""
ball,2,3.1,Pakistan,Asad Shafiq,Kamran Akmal,SW Tait,2,0,,,,,,"",""
ball,2,3.2,Pakistan,Asad Shafiq,Kamran Akmal,SW Tait,0,0,,,,,,"",""
ball,2,3.3,Pakistan,Asad Shafiq,Kamran Akmal,SW Tait,0,0,,,,,,"",""
ball,2,3.4,Pakistan,Asad Shafiq,Kamran Akmal,SW Tait,2,0,,,,,,"",""
ball,2,3.5,Pakistan,Asad Shafiq,Kamran Akmal,SW Tait,0,0,,,,,,"",""
ball,2,3.6,Pakistan,Asad Shafiq,Kamran Akmal,SW Tait,4,0,,,,,,"",""
ball,2,4.1,Pakistan,Kamran Akmal,Asad Shafiq,B Lee,0,0,,,,,,"",""
ball,2,4.2,Pakistan,Kamran Akmal,Asad Shafiq,B Lee,0,0,,,,,,"",""
ball,2,4.3,Pakistan,Kamran Akmal,Asad Shafiq,B Lee,0,0,,,,,,"",""
ball,2,4.4,Pakistan,Kamran Akmal,Asad Shafiq,B Lee,0,0,,,,,,"",""
ball,2,4.5,Pakistan,Kamran Akmal,Asad Shafiq,B Lee,0,0,,,,,,"",""
ball,2,4.6,Pakistan,Kamran Akmal,Asad Shafiq,B Lee,0,0,,,,,,"",""
ball,2,5.1,Pakistan,Asad Shafiq,Kamran Akmal,MG Johnson,1,0,,,,,,"",""
ball,2,5.2,Pakistan,Kamran Akmal,Asad Shafiq,MG Johnson,4,0,,,,,,"",""
ball,2,5.3,Pakistan,Kamran Akmal,Asad Shafiq,MG Johnson,0,0,,,,,,"",""
ball,2,5.4,Pakistan,Kamran Akmal,Asad Shafiq,MG Johnson,0,0,,,,,,"",""
ball,2,5.5,Pakistan,Kamran Akmal,Asad Shafiq,MG Johnson,4,0,,,,,,"",""
ball,2,5.6,Pakistan,Kamran Akmal,Asad Shafiq,MG Johnson,0,0,,,,,,"",""
ball,2,6.1,Pakistan,Asad Shafiq,Kamran Akmal,B Lee,0,1,,,,1,,"",""
ball,2,6.2,Pakistan,Kamran Akmal,Asad Shafiq,B Lee,0,0,,,,,,"",""
ball,2,6.3,Pakistan,Kamran Akmal,Asad Shafiq,B Lee,0,0,,,,,,"",""
ball,2,6.4,Pakistan,Kamran Akmal,Asad Shafiq,B Lee,1,0,,,,,,"",""
ball,2,6.5,Pakistan,Asad Shafiq,Kamran Akmal,B Lee,1,0,,,,,,"",""
ball,2,6.6,Pakistan,Kamran Akmal,Asad Shafiq,B Lee,0,0,,,,,,"",""
ball,2,7.1,Pakistan,Asad Shafiq,Kamran Akmal,MG Johnson,0,0,,,,,,"",""
ball,2,7.2,Pakistan,Asad Shafiq,Kamran Akmal,MG Johnson,0,0,,,,,,"",""
ball,2,7.3,Pakistan,Asad Shafiq,Kamran Akmal,MG Johnson,0,0,,,,,,"",""
ball,2,7.4,Pakistan,Asad Shafiq,Kamran Akmal,MG Johnson,0,0,,,,,,"",""
ball,2,7.5,Pakistan,Asad Shafiq,Kamran Akmal,MG Johnson,0,0,,,,,,"",""
ball,2,7.6,Pakistan,Asad Shafiq,Kamran Akmal,MG Johnson,4,0,,,,,,"",""
ball,2,8.1,Pakistan,Kamran Akmal,Asad Shafiq,B Lee,4,0,,,,,,"",""
ball,2,8.2,Pakistan,Kamran Akmal,Asad Shafiq,B Lee,0,0,,,,,,"",""
ball,2,8.3,Pakistan,Kamran Akmal,Asad Shafiq,B Lee,4,0,,,,,,"",""
ball,2,8.4,Pakistan,Kamran Akmal,Asad Shafiq,B Lee,0,0,,,,,,lbw,Kamran Akmal
ball,2,8.5,Pakistan,Younis Khan,Asad Shafiq,B Lee,0,0,,,,,,"",""
ball,2,8.6,Pakistan,Younis Khan,Asad Shafiq,B Lee,0,0,,,,,,"",""
ball,2,9.1,Pakistan,Asad Shafiq,Younis Khan,MG Johnson,0,0,,,,,,"",""
ball,2,9.2,Pakistan,Asad Shafiq,Younis Khan,MG Johnson,0,0,,,,,,"",""
ball,2,9.3,Pakistan,Asad Shafiq,Younis Khan,MG Johnson,0,0,,,,,,"",""
ball,2,9.4,Pakistan,Asad Shafiq,Younis Khan,MG Johnson,0,0,,,,,,"",""
ball,2,9.5,Pakistan,Asad Shafiq,Younis Khan,MG Johnson,0,0,,,,,,"",""
ball,2,9.6,Pakistan,Asad Shafiq,Younis Khan,MG Johnson,0,0,,,,,,"",""
ball,2,10.1,Pakistan,Younis Khan,Asad Shafiq,SR Watson,0,0,,,,,,"",""
ball,2,10.2,Pakistan,Younis Khan,Asad Shafiq,SR Watson,1,0,,,,,,"",""
ball,2,10.3,Pakistan,Asad Shafiq,Younis Khan,SR Watson,4,0,,,,,,"",""
ball,2,10.4,Pakistan,Asad Shafiq,Younis Khan,SR Watson,0,0,,,,,,"",""
ball,2,10.5,Pakistan,Asad Shafiq,Younis Khan,SR Watson,1,0,,,,,,"",""
ball,2,10.6,Pakistan,Younis Khan,Asad Shafiq,SR Watson,0,0,,,,,,"",""
ball,2,11.1,Pakistan,Asad Shafiq,Younis Khan,MG Johnson,1,0,,,,,,"",""
ball,2,11.2,Pakistan,Younis Khan,Asad Shafiq,MG Johnson,1,0,,,,,,"",""
ball,2,11.3,Pakistan,Asad Shafiq,Younis Khan,MG Johnson,3,0,,,,,,"",""
ball,2,11.4,Pakistan,Younis Khan,Asad Shafiq,MG Johnson,0,0,,,,,,"",""
ball,2,11.5,Pakistan,Younis Khan,Asad Shafiq,MG Johnson,1,0,,,,,,"",""
ball,2,11.6,Pakistan,Asad Shafiq,Younis Khan,MG Johnson,0,0,,,,,,"",""
ball,2,12.1,Pakistan,Younis Khan,Asad Shafiq,SR Watson,1,0,,,,,,"",""
ball,2,12.2,Pakistan,Asad Shafiq,Younis Khan,SR Watson,1,0,,,,,,"",""
ball,2,12.3,Pakistan,Younis Khan,Asad Shafiq,SR Watson,0,0,,,,,,"",""
ball,2,12.4,Pakistan,Younis Khan,Asad Shafiq,SR Watson,0,0,,,,,,"",""
ball,2,12.5,Pakistan,Younis Khan,Asad Shafiq,SR Watson,0,0,,,,,,"",""
ball,2,12.6,Pakistan,Younis Khan,Asad Shafiq,SR Watson,0,0,,,,,,"",""
ball,2,13.1,Pakistan,Asad Shafiq,Younis Khan,SW Tait,0,0,,,,,,"",""
ball,2,13.2,Pakistan,Asad Shafiq,Younis Khan,SW Tait,0,0,,,,,,"",""
ball,2,13.3,Pakistan,Asad Shafiq,Younis Khan,SW Tait,0,0,,,,,,"",""
ball,2,13.4,Pakistan,Asad Shafiq,Younis Khan,SW Tait,0,0,,,,,,"",""
ball,2,13.5,Pakistan,Asad Shafiq,Younis Khan,SW Tait,0,0,,,,,,"",""
ball,2,13.6,Pakistan,Asad Shafiq,Younis Khan,SW Tait,0,0,,,,,,"",""
ball,2,14.1,Pakistan,Younis Khan,Asad Shafiq,SR Watson,0,0,,,,,,"",""
ball,2,14.2,Pakistan,Younis Khan,Asad Shafiq,SR Watson,0,0,,,,,,"",""
ball,2,14.3,Pakistan,Younis Khan,Asad Shafiq,SR Watson,1,0,,,,,,"",""
ball,2,14.4,Pakistan,Asad Shafiq,Younis Khan,SR Watson,0,0,,,,,,"",""
ball,2,14.5,Pakistan,Asad Shafiq,Younis Khan,SR Watson,1,0,,,,,,"",""
ball,2,14.6,Pakistan,Younis Khan,Asad Shafiq,SR Watson,1,0,,,,,,"",""
ball,2,15.1,Pakistan,Younis Khan,Asad Shafiq,SW Tait,0,1,1,,,,,"",""
ball,2,15.2,Pakistan,Younis Khan,Asad Shafiq,SW Tait,0,0,,,,,,"",""
ball,2,15.3,Pakistan,Younis Khan,Asad Shafiq,SW Tait,0,0,,,,,,"",""
ball,2,15.4,Pakistan,Younis Khan,Asad Shafiq,SW Tait,3,0,,,,,,"",""
ball,2,15.5,Pakistan,Asad Shafiq,Younis Khan,SW Tait,1,0,,,,,,"",""
ball,2,15.6,Pakistan,Younis Khan,Asad Shafiq,SW Tait,4,0,,,,,,"",""
ball,2,15.7,Pakistan,Younis Khan,Asad Shafiq,SW Tait,0,0,,,,,,"",""
ball,2,16.1,Pakistan,Asad Shafiq,Younis Khan,SR Watson,0,0,,,,,,"",""
ball,2,16.2,Pakistan,Asad Shafiq,Younis Khan,SR Watson,0,0,,,,,,"",""
ball,2,16.3,Pakistan,Asad Shafiq,Younis Khan,SR Watson,0,0,,,,,,"",""
ball,2,16.4,Pakistan,Asad Shafiq,Younis Khan,SR Watson,1,0,,,,,,"",""
ball,2,16.5,Pakistan,Younis Khan,Asad Shafiq,SR Watson,0,0,,,,,,"",""
ball,2,16.6,Pakistan,Younis Khan,Asad Shafiq,SR Watson,0,0,,,,,,"",""
ball,2,17.1,Pakistan,Asad Shafiq,Younis Khan,JJ Krejza,0,0,,,,,,"",""
ball,2,17.2,Pakistan,Asad Shafiq,Younis Khan,JJ Krejza,0,0,,,,,,"",""
ball,2,17.3,Pakistan,Asad Shafiq,Younis Khan,JJ Krejza,0,0,,,,,,"",""
ball,2,17.4,Pakistan,Asad Shafiq,Younis Khan,JJ Krejza,1,0,,,,,,"",""
ball,2,17.5,Pakistan,Younis Khan,Asad Shafiq,JJ Krejza,0,0,,,,,,"",""
ball,2,17.6,Pakistan,Younis Khan,Asad Shafiq,JJ Krejza,0,0,,,,,,"",""
ball,2,18.1,Pakistan,Asad Shafiq,Younis Khan,SR Watson,4,0,,,,,,"",""
ball,2,18.2,Pakistan,Asad Shafiq,Younis Khan,SR Watson,0,0,,,,,,"",""
ball,2,18.3,Pakistan,Asad Shafiq,Younis Khan,SR Watson,0,0,,,,,,"",""
ball,2,18.4,Pakistan,Asad Shafiq,Younis Khan,SR Watson,0,0,,,,,,"",""
ball,2,18.5,Pakistan,Asad Shafiq,Younis Khan,SR Watson,1,0,,,,,,"",""
ball,2,18.6,Pakistan,Younis Khan,Asad Shafiq,SR Watson,1,0,,,,,,"",""
ball,2,19.1,Pakistan,Younis Khan,Asad Shafiq,JJ Krejza,4,0,,,,,,"",""
ball,2,19.2,Pakistan,Younis Khan,Asad Shafiq,JJ Krejza,0,0,,,,,,"",""
ball,2,19.3,Pakistan,Younis Khan,Asad Shafiq,JJ Krejza,0,0,,,,,,"",""
ball,2,19.4,Pakistan,Younis Khan,Asad Shafiq,JJ Krejza,0,0,,,,,,"",""
ball,2,19.5,Pakistan,Younis Khan,Asad Shafiq,JJ Krejza,1,0,,,,,,"",""
ball,2,19.6,Pakistan,Asad Shafiq,Younis Khan,JJ Krejza,0,0,,,,,,"",""
ball,2,20.1,Pakistan,Younis Khan,Asad Shafiq,SR Watson,0,0,,,,,,"",""
ball,2,20.2,Pakistan,Younis Khan,Asad Shafiq,SR Watson,4,0,,,,,,"",""
ball,2,20.3,Pakistan,Younis Khan,Asad Shafiq,SR Watson,0,0,,,,,,"",""
ball,2,20.4,Pakistan,Younis Khan,Asad Shafiq,SR Watson,0,0,,,,,,"",""
ball,2,20.5,Pakistan,Younis Khan,Asad Shafiq,SR Watson,4,0,,,,,,"",""
ball,2,20.6,Pakistan,Younis Khan,Asad Shafiq,SR Watson,0,0,,,,,,"",""
ball,2,21.1,Pakistan,Asad Shafiq,Younis Khan,JJ Krejza,0,0,,,,,,"",""
ball,2,21.2,Pakistan,Asad Shafiq,Younis Khan,JJ Krejza,0,0,,,,,,"",""
ball,2,21.3,Pakistan,Asad Shafiq,Younis Khan,JJ Krejza,1,0,,,,,,"",""
ball,2,21.4,Pakistan,Younis Khan,Asad Shafiq,JJ Krejza,2,0,,,,,,"",""
ball,2,21.5,Pakistan,Younis Khan,Asad Shafiq,JJ Krejza,1,0,,,,,,"",""
ball,2,21.6,Pakistan,Asad Shafiq,Younis Khan,JJ Krejza,0,0,,,,,,"",""
ball,2,22.1,Pakistan,Younis Khan,Asad Shafiq,B Lee,1,0,,,,,,"",""
ball,2,22.2,Pakistan,Asad Shafiq,Younis Khan,B Lee,0,0,,,,,,"",""
ball,2,22.3,Pakistan,Asad Shafiq,Younis Khan,B Lee,1,0,,,,,,"",""
ball,2,22.4,Pakistan,Younis Khan,Asad Shafiq,B Lee,0,0,,,,,,caught,Younis Khan
ball,2,22.5,Pakistan,Misbah-ul-Haq,Asad Shafiq,B Lee,0,0,,,,,,caught,Misbah-ul-Haq
ball,2,22.6,Pakistan,Umar Akmal,Asad Shafiq,B Lee,0,0,,,,,,"",""
ball,2,23.1,Pakistan,Asad Shafiq,Umar Akmal,JJ Krejza,1,0,,,,,,"",""
ball,2,23.2,Pakistan,Umar Akmal,Asad Shafiq,JJ Krejza,0,0,,,,,,"",""
ball,2,23.3,Pakistan,Umar Akmal,Asad Shafiq,JJ Krejza,1,0,,,,,,"",""
ball,2,23.4,Pakistan,Asad Shafiq,Umar Akmal,JJ Krejza,0,0,,,,,,"",""
ball,2,23.5,Pakistan,Asad Shafiq,Umar Akmal,JJ Krejza,0,0,,,,,,"",""
ball,2,23.6,Pakistan,Asad Shafiq,Umar Akmal,JJ Krejza,1,0,,,,,,"",""
ball,2,24.1,Pakistan,Asad Shafiq,Umar Akmal,B Lee,0,0,,,,,,"",""
ball,2,24.2,Pakistan,Asad Shafiq,Umar Akmal,B Lee,1,0,,,,,,"",""
ball,2,24.3,Pakistan,Umar Akmal,Asad Shafiq,B Lee,0,0,,,,,,"",""
ball,2,24.4,Pakistan,Umar Akmal,Asad Shafiq,B Lee,4,0,,,,,,"",""
ball,2,24.5,Pakistan,Umar Akmal,Asad Shafiq,B Lee,2,0,,,,,,"",""
ball,2,24.6,Pakistan,Umar Akmal,Asad Shafiq,B Lee,1,0,,,,,,"",""
ball,2,25.1,Pakistan,Umar Akmal,Asad Shafiq,MG Johnson,0,0,,,,,,"",""
ball,2,25.2,Pakistan,Umar Akmal,Asad Shafiq,MG Johnson,0,0,,,,,,"",""
ball,2,25.3,Pakistan,Umar Akmal,Asad Shafiq,MG Johnson,2,0,,,,,,"",""
ball,2,25.4,Pakistan,Umar Akmal,Asad Shafiq,MG Johnson,0,1,1,,,,,"",""
ball,2,25.5,Pakistan,Umar Akmal,Asad Shafiq,MG Johnson,4,0,,,,,,"",""
ball,2,25.6,Pakistan,Umar Akmal,Asad Shafiq,MG Johnson,1,0,,,,,,"",""
ball,2,25.7,Pakistan,Asad Shafiq,Umar Akmal,MG Johnson,1,0,,,,,,"",""
ball,2,26.1,Pakistan,Asad Shafiq,Umar Akmal,SW Tait,0,0,,,,,,"",""
ball,2,26.2,Pakistan,Asad Shafiq,Umar Akmal,SW Tait,1,0,,,,,,"",""
ball,2,26.3,Pakistan,Umar Akmal,Asad Shafiq,SW Tait,0,0,,,,,,"",""
ball,2,26.4,Pakistan,Umar Akmal,Asad Shafiq,SW Tait,0,0,,,,,,"",""
ball,2,26.5,Pakistan,Umar Akmal,Asad Shafiq,SW Tait,0,0,,,,,,"",""
ball,2,26.6,Pakistan,Umar Akmal,Asad Shafiq,SW Tait,1,0,,,,,,"",""
ball,2,27.1,Pakistan,Umar Akmal,Asad Shafiq,MG Johnson,0,0,,,,,,"",""
ball,2,27.2,Pakistan,Umar Akmal,Asad Shafiq,MG Johnson,0,0,,,,,,"",""
ball,2,27.3,Pakistan,Umar Akmal,Asad Shafiq,MG Johnson,1,0,,,,,,"",""
ball,2,27.4,Pakistan,Asad Shafiq,Umar Akmal,MG Johnson,0,0,,,,,,"",""
ball,2,27.5,Pakistan,Asad Shafiq,Umar Akmal,MG Johnson,0,0,,,,,,"",""
ball,2,27.6,Pakistan,Asad Shafiq,Umar Akmal,MG Johnson,1,0,,,,,,"",""
ball,2,28.1,Pakistan,Asad Shafiq,Umar Akmal,SW Tait,4,0,,,,,,"",""
ball,2,28.2,Pakistan,Asad Shafiq,Umar Akmal,SW Tait,0,0,,,,,,"",""
ball,2,28.3,Pakistan,Asad Shafiq,Umar Akmal,SW Tait,0,0,,,,,,"",""
ball,2,28.4,Pakistan,Asad Shafiq,Umar Akmal,SW Tait,0,0,,,,,,"",""
ball,2,28.5,Pakistan,Asad Shafiq,Umar Akmal,SW Tait,0,0,,,,,,"",""
ball,2,28.6,Pakistan,Asad Shafiq,Umar Akmal,SW Tait,0,0,,,,,,"",""
ball,2,29.1,Pakistan,Umar Akmal,Asad Shafiq,MG Johnson,4,0,,,,,,"",""
ball,2,29.2,Pakistan,Umar Akmal,Asad Shafiq,MG Johnson,0,0,,,,,,"",""
ball,2,29.3,Pakistan,Umar Akmal,Asad Shafiq,MG Johnson,0,0,,,,,,"",""
ball,2,29.4,Pakistan,Umar Akmal,Asad Shafiq,MG Johnson,1,0,,,,,,"",""
ball,2,29.5,Pakistan,Asad Shafiq,Umar Akmal,MG Johnson,0,0,,,,,,"",""
ball,2,29.6,Pakistan,Asad Shafiq,Umar Akmal,MG Johnson,0,0,,,,,,"",""
ball,2,30.1,Pakistan,Umar Akmal,Asad Shafiq,JJ Krejza,0,0,,,,,,"",""
ball,2,30.2,Pakistan,Umar Akmal,Asad Shafiq,JJ Krejza,0,0,,,,,,"",""
ball,2,30.3,Pakistan,Umar Akmal,Asad Shafiq,JJ Krejza,6,0,,,,,,"",""
ball,2,30.4,Pakistan,Umar Akmal,Asad Shafiq,JJ Krejza,0,0,,,,,,"",""
ball,2,30.5,Pakistan,Umar Akmal,Asad Shafiq,JJ Krejza,1,0,,,,,,"",""
ball,2,30.6,Pakistan,Asad Shafiq,Umar Akmal,JJ Krejza,0,0,,,,,,"",""
ball,2,31.1,Pakistan,Umar Akmal,Asad Shafiq,MG Johnson,0,0,,,,,,"",""
ball,2,31.2,Pakistan,Umar Akmal,Asad Shafiq,MG Johnson,0,0,,,,,,"",""
ball,2,31.3,Pakistan,Umar Akmal,Asad Shafiq,MG Johnson,0,0,,,,,,"",""
ball,2,31.4,Pakistan,Umar Akmal,Asad Shafiq,MG Johnson,0,0,,,,,,"",""
ball,2,31.5,Pakistan,Umar Akmal,Asad Shafiq,MG Johnson,1,0,,,,,,"",""
ball,2,31.6,Pakistan,Asad Shafiq,Umar Akmal,MG Johnson,0,0,,,,,,caught,Asad Shafiq
ball,2,32.1,Pakistan,Umar Akmal,Shahid Afridi,JJ Krejza,1,0,,,,,,"",""
ball,2,32.2,Pakistan,Shahid Afridi,Umar Akmal,JJ Krejza,0,0,,,,,,"",""
ball,2,32.3,Pakistan,Shahid Afridi,Umar Akmal,JJ Krejza,2,0,,,,,,"",""
ball,2,32.4,Pakistan,Shahid Afridi,Umar Akmal,JJ Krejza,0,0,,,,,,"",""
ball,2,32.5,Pakistan,Shahid Afridi,Umar Akmal,JJ Krejza,0,0,,,,,,caught,Shahid Afridi
ball,2,32.6,Pakistan,Umar Akmal,Abdul Razzaq,JJ Krejza,1,0,,,,,,"",""
ball,2,33.1,Pakistan,Umar Akmal,Abdul Razzaq,MG Johnson,0,0,,,,,,"",""
ball,2,33.2,Pakistan,Umar Akmal,Abdul Razzaq,MG Johnson,1,0,,,,,,"",""
ball,2,33.3,Pakistan,Abdul Razzaq,Umar Akmal,MG Johnson,1,0,,,,,,"",""
ball,2,33.4,Pakistan,Umar Akmal,Abdul Razzaq,MG Johnson,1,0,,,,,,"",""
ball,2,33.5,Pakistan,Abdul Razzaq,Umar Akmal,MG Johnson,1,0,,,,,,"",""
ball,2,33.6,Pakistan,Umar Akmal,Abdul Razzaq,MG Johnson,0,0,,,,,,"",""
ball,2,34.1,Pakistan,Abdul Razzaq,Umar Akmal,JJ Krejza,1,0,,,,,,"",""
ball,2,34.2,Pakistan,Umar Akmal,Abdul Razzaq,JJ Krejza,4,0,,,,,,"",""
ball,2,34.3,Pakistan,Umar Akmal,Abdul Razzaq,JJ Krejza,1,0,,,,,,"",""
ball,2,34.4,Pakistan,Abdul Razzaq,Umar Akmal,JJ Krejza,0,0,,,,,,"",""
ball,2,34.5,Pakistan,Abdul Razzaq,Umar Akmal,JJ Krejza,1,0,,,,,,"",""
ball,2,34.6,Pakistan,Umar Akmal,Abdul Razzaq,JJ Krejza,0,0,,,,,,"",""
ball,2,35.1,Pakistan,Abdul Razzaq,Umar Akmal,SW Tait,0,0,,,,,,"",""
ball,2,35.2,Pakistan,Abdul Razzaq,Umar Akmal,SW Tait,1,0,,,,,,"",""
ball,2,35.3,Pakistan,Umar Akmal,Abdul Razzaq,SW Tait,0,0,,,,,,"",""
ball,2,35.4,Pakistan,Umar Akmal,Abdul Razzaq,SW Tait,0,0,,,,,,"",""
ball,2,35.5,Pakistan,Umar Akmal,Abdul Razzaq,SW Tait,0,0,,,,,,"",""
ball,2,35.6,Pakistan,Umar Akmal,Abdul Razzaq,SW Tait,0,0,,,,,,"",""
ball,2,36.1,Pakistan,Abdul Razzaq,Umar Akmal,JJ Krejza,0,0,,,,,,"",""
ball,2,36.2,Pakistan,Abdul Razzaq,Umar Akmal,JJ Krejza,0,0,,,,,,"",""
ball,2,36.3,Pakistan,Abdul Razzaq,Umar Akmal,JJ Krejza,1,0,,,,,,"",""
ball,2,36.4,Pakistan,Umar Akmal,Abdul Razzaq,JJ Krejza,0,0,,,,,,"",""
ball,2,36.5,Pakistan,Umar Akmal,Abdul Razzaq,JJ Krejza,0,0,,,,,,"",""
ball,2,36.6,Pakistan,Umar Akmal,Abdul Razzaq,JJ Krejza,0,0,,,,,,"",""
ball,2,37.1,Pakistan,Abdul Razzaq,Umar Akmal,SW Tait,2,0,,,,,,"",""
ball,2,37.2,Pakistan,Abdul Razzaq,Umar Akmal,SW Tait,0,1,1,,,,,"",""
ball,2,37.3,Pakistan,Abdul Razzaq,Umar Akmal,SW Tait,0,0,,,,,,"",""
ball,2,37.4,Pakistan,Abdul Razzaq,Umar Akmal,SW Tait,0,0,,,,,,"",""
ball,2,37.5,Pakistan,Abdul Razzaq,Umar Akmal,SW Tait,1,0,,,,,,"",""
ball,2,37.6,Pakistan,Umar Akmal,Abdul Razzaq,SW Tait,2,0,,,,,,"",""
ball,2,37.7,Pakistan,Umar Akmal,Abdul Razzaq,SW Tait,0,0,,,,,,"",""
ball,2,38.1,Pakistan,Abdul Razzaq,Umar Akmal,JJ Krejza,0,0,,,,,,"",""
ball,2,38.2,Pakistan,Abdul Razzaq,Umar Akmal,JJ Krejza,1,0,,,,,,"",""
ball,2,38.3,Pakistan,Umar Akmal,Abdul Razzaq,JJ Krejza,0,0,,,,,,"",""
ball,2,38.4,Pakistan,Umar Akmal,Abdul Razzaq,JJ Krejza,1,0,,,,,,"",""
ball,2,38.5,Pakistan,Abdul Razzaq,Umar Akmal,JJ Krejza,1,0,,,,,,"",""
ball,2,38.6,Pakistan,Umar Akmal,Abdul Razzaq,JJ Krejza,0,2,,,2,,,"",""
ball,2,39.1,Pakistan,Abdul Razzaq,Umar Akmal,B Lee,0,0,,,,,,"",""
ball,2,39.2,Pakistan,Abdul Razzaq,Umar Akmal,B Lee,0,0,,,,,,"",""
ball,2,39.3,Pakistan,Abdul Razzaq,Umar Akmal,B Lee,1,0,,,,,,"",""
ball,2,39.4,Pakistan,Umar Akmal,Abdul Razzaq,B Lee,1,0,,,,,,"",""
ball,2,39.5,Pakistan,Abdul Razzaq,Umar Akmal,B Lee,0,0,,,,,,"",""
ball,2,39.6,Pakistan,Abdul Razzaq,Umar Akmal,B Lee,0,0,,,,,,"",""
ball,2,40.1,Pakistan,Umar Akmal,Abdul Razzaq,JJ Krejza,0,0,,,,,,"",""
ball,2,40.2,Pakistan,Umar Akmal,Abdul Razzaq,JJ Krejza,0,0,,,,,,"",""
ball,2,40.3,Pakistan,Umar Akmal,Abdul Razzaq,JJ Krejza,0,0,,,,,,"",""
ball,2,40.4,Pakistan,Umar Akmal,Abdul Razzaq,JJ Krejza,1,0,,,,,,"",""
ball,2,40.5,Pakistan,Abdul Razzaq,Umar Akmal,JJ Krejza,4,0,,,,,,"",""
ball,2,40.6,Pakistan,Abdul Razzaq,Umar Akmal,JJ Krejza,4,0,,,,,,"",""
