version,1.6.0
info,balls_per_over,6
info,team,Kenya
info,team,Zimbabwe
info,gender,male
info,season,2010/11
info,date,2011/03/20
info,event,ICC Cricket World Cup
info,match_number,41
info,venue,Eden Gardens
info,city,Kolkata
info,neutralvenue,true
info,toss_winner,Zimbabwe
info,toss_decision,bat
info,player_of_match,CR Ervine
info,umpire,EAR de Silva
info,umpire,HDPK Dharmasena
info,reserve_umpire,BR Doctrove
info,tv_umpire,IJ Gould
info,match_referee,RS Madugalle
info,winner,Zimbabwe
info,winner_runs,161
info,player,Kenya,AA Obanda
info,player,Kenya,DO Obuya
info,player,Kenya,CO Obuya
info,player,Kenya,SO Tikolo
info,player,Kenya,T Mishra
info,player,Kenya,TM Odoyo
info,player,Kenya,RR Patel
info,player,Kenya,NN Odhiambo
info,player,Kenya,PJ Ongondo
info,player,Kenya,E Otieno
info,player,Kenya,JO Ngoche
info,player,Zimbabwe,BRM Taylor
info,player,Zimbabwe,RW Chakabva
info,player,Zimbabwe,T Taibu
info,player,Zimbabwe,V Sibanda
info,player,Zimbabwe,CR Ervine
info,player,Zimbabwe,E Chigumbura
info,player,Zimbabwe,GA Lamb
info,player,Zimbabwe,P Utseya
info,player,Zimbabwe,AG Cremer
info,player,Zimbabwe,RW Price
info,player,Zimbabwe,CB Mpofu
info,registry,people,AA Obanda,7081491e
info,registry,people,AG Cremer,9f0270e0
info,registry,people,BR Doctrove,cbebf805
info,registry,people,BRM Taylor,53597be1
info,registry,people,CB Mpofu,49691d7a
info,registry,people,CO Obuya,5680f1ad
info,registry,people,CR Ervine,c96311d4
info,registry,people,DO Obuya,6ed3d5ac
info,registry,people,E Chigumbura,d2babdd5
info,registry,people,E Otieno,c57fa67e
info,registry,people,EAR de Silva,dc63f509
info,registry,people,GA Lamb,86421172
info,registry,people,HDPK Dharmasena,323e4c16
info,registry,people,IJ Gould,a9dfdf6c
info,registry,people,JO Ngoche,a9a4df9f
info,registry,people,NN Odhiambo,753b5a2d
info,registry,people,P Utseya,9de271ef
info,registry,people,PJ Ongondo,27cc4361
info,registry,people,RR Patel,7fa6bd8e
info,registry,people,RS Madugalle,766b5798
info,registry,people,RW Chakabva,2f0d7e4a
info,registry,people,RW Price,67af6f81
info,registry,people,SO Tikolo,00d69fa4
info,registry,people,T Mishra,c9cac448
info,registry,people,T Taibu,75de770f
info,registry,people,TM Odoyo,2c13defe
info,registry,people,V Sibanda,0fdabe05
ball,1,0.1,Zimbabwe,BRM Taylor,RW Chakabva,PJ Ongondo,0,0,,,,,,"",""
ball,1,0.2,Zimbabwe,BRM Taylor,RW Chakabva,PJ Ongondo,0,0,,,,,,"",""
ball,1,0.3,Zimbabwe,BRM Taylor,RW Chakabva,PJ Ongondo,0,0,,,,,,"",""
ball,1,0.4,Zimbabwe,BRM Taylor,RW Chakabva,PJ Ongondo,4,0,,,,,,"",""
ball,1,0.5,Zimbabwe,BRM Taylor,RW Chakabva,PJ Ongondo,0,0,,,,,,"",""
ball,1,0.6,Zimbabwe,BRM Taylor,RW Chakabva,PJ Ongondo,1,0,,,,,,"",""
ball,1,1.1,Zimbabwe,BRM Taylor,RW Chakabva,E Otieno,0,0,,,,,,"",""
ball,1,1.2,Zimbabwe,BRM Taylor,RW Chakabva,E Otieno,4,0,,,,,,"",""
ball,1,1.3,Zimbabwe,BRM Taylor,RW Chakabva,E Otieno,0,0,,,,,,"",""
ball,1,1.4,Zimbabwe,BRM Taylor,RW Chakabva,E Otieno,0,0,,,,,,"",""
ball,1,1.5,Zimbabwe,BRM Taylor,RW Chakabva,E Otieno,0,0,,,,,,"",""
ball,1,1.6,Zimbabwe,BRM Taylor,RW Chakabva,E Otieno,0,0,,,,,,"",""
ball,1,2.1,Zimbabwe,RW Chakabva,BRM Taylor,PJ Ongondo,1,0,,,,,,"",""
ball,1,2.2,Zimbabwe,BRM Taylor,RW Chakabva,PJ Ongondo,0,0,,,,,,"",""
ball,1,2.3,Zimbabwe,BRM Taylor,RW Chakabva,PJ Ongondo,1,0,,,,,,"",""
ball,1,2.4,Zimbabwe,RW Chakabva,BRM Taylor,PJ Ongondo,0,1,1,,,,,"",""
ball,1,2.5,Zimbabwe,RW Chakabva,BRM Taylor,PJ Ongondo,0,0,,,,,,"",""
ball,1,2.6,Zimbabwe,RW Chakabva,BRM Taylor,PJ Ongondo,0,0,,,,,,"",""
ball,1,2.7,Zimbabwe,RW Chakabva,BRM Taylor,PJ Ongondo,0,0,,,,,,"",""
ball,1,3.1,Zimbabwe,BRM Taylor,RW Chakabva,E Otieno,0,0,,,,,,"",""
ball,1,3.2,Zimbabwe,BRM Taylor,RW Chakabva,E Otieno,0,0,,,,,,"",""
ball,1,3.3,Zimbabwe,BRM Taylor,RW Chakabva,E Otieno,0,0,,,,,,"",""
ball,1,3.4,Zimbabwe,BRM Taylor,RW Chakabva,E Otieno,0,0,,,,,,"",""
ball,1,3.5,Zimbabwe,BRM Taylor,RW Chakabva,E Otieno,1,0,,,,,,"",""
ball,1,3.6,Zimbabwe,RW Chakabva,BRM Taylor,E Otieno,1,0,,,,,,"",""
ball,1,4.1,Zimbabwe,RW Chakabva,BRM Taylor,PJ Ongondo,0,0,,,,,,"",""
ball,1,4.2,Zimbabwe,RW Chakabva,BRM Taylor,PJ Ongondo,1,0,,,,,,"",""
ball,1,4.3,Zimbabwe,BRM Taylor,RW Chakabva,PJ Ongondo,0,0,,,,,,"",""
ball,1,4.4,Zimbabwe,BRM Taylor,RW Chakabva,PJ Ongondo,0,0,,,,,,"",""
ball,1,4.5,Zimbabwe,BRM Taylor,RW Chakabva,PJ Ongondo,0,0,,,,,,"",""
ball,1,4.6,Zimbabwe,BRM Taylor,RW Chakabva,PJ Ongondo,4,0,,,,,,"",""
ball,1,5.1,Zimbabwe,RW Chakabva,BRM Taylor,E Otieno,0,0,,,,,,"",""
ball,1,5.2,Zimbabwe,RW Chakabva,BRM Taylor,E Otieno,0,0,,,,,,"",""
ball,1,5.3,Zimbabwe,RW Chakabva,BRM Taylor,E Otieno,0,0,,,,,,"",""
ball,1,5.4,Zimbabwe,RW Chakabva,BRM Taylor,E Otieno,1,0,,,,,,"",""
ball,1,5.5,Zimbabwe,BRM Taylor,RW Chakabva,E Otieno,0,0,,,,,,"",""
ball,1,5.6,Zimbabwe,BRM Taylor,RW Chakabva,E Otieno,0,0,,,,,,"",""
ball,1,6.1,Zimbabwe,RW Chakabva,BRM Taylor,PJ Ongondo,0,0,,,,,,"",""
ball,1,6.2,Zimbabwe,RW Chakabva,BRM Taylor,PJ Ongondo,0,0,,,,,,"",""
ball,1,6.3,Zimbabwe,RW Chakabva,BRM Taylor,PJ Ongondo,0,0,,,,,,"",""
ball,1,6.4,Zimbabwe,RW Chakabva,BRM Taylor,PJ Ongondo,4,0,,,,,,"",""
ball,1,6.5,Zimbabwe,RW Chakabva,BRM Taylor,PJ Ongondo,0,0,,,,,,"",""
ball,1,6.6,Zimbabwe,RW Chakabva,BRM Taylor,PJ Ongondo,0,0,,,,,,"",""
ball,1,7.1,Zimbabwe,BRM Taylor,RW Chakabva,E Otieno,4,0,,,,,,"",""
ball,1,7.2,Zimbabwe,BRM Taylor,RW Chakabva,E Otieno,1,0,,,,,,"",""
ball,1,7.3,Zimbabwe,RW Chakabva,BRM Taylor,E Otieno,0,0,,,,,,"",""
ball,1,7.4,Zimbabwe,RW Chakabva,BRM Taylor,E Otieno,1,0,,,,,,"",""
ball,1,7.5,Zimbabwe,BRM Taylor,RW Chakabva,E Otieno,1,0,,,,,,"",""
ball,1,7.6,Zimbabwe,RW Chakabva,BRM Taylor,E Otieno,0,0,,,,,,"",""
ball,1,8.1,Zimbabwe,BRM Taylor,RW Chakabva,NN Odhiambo,0,0,,,,,,"",""
ball,1,8.2,Zimbabwe,BRM Taylor,RW Chakabva,NN Odhiambo,0,0,,,,,,"",""
ball,1,8.3,Zimbabwe,BRM Taylor,RW Chakabva,NN Odhiambo,0,0,,,,,,"",""
ball,1,8.4,Zimbabwe,BRM Taylor,RW Chakabva,NN Odhiambo,1,0,,,,,,"",""
ball,1,8.5,Zimbabwe,RW Chakabva,BRM Taylor,NN Odhiambo,0,0,,,,,,"",""
ball,1,8.6,Zimbabwe,RW Chakabva,BRM Taylor,NN Odhiambo,0,0,,,,,,caught,RW Chakabva
ball,1,9.1,Zimbabwe,BRM Taylor,T Taibu,E Otieno,0,0,,,,,,"",""
ball,1,9.2,Zimbabwe,BRM Taylor,T Taibu,E Otieno,0,0,,,,,,"",""
ball,1,9.3,Zimbabwe,BRM Taylor,T Taibu,E Otieno,4,0,,,,,,"",""
ball,1,9.4,Zimbabwe,BRM Taylor,T Taibu,E Otieno,0,0,,,,,,caught,BRM Taylor
ball,1,9.5,Zimbabwe,V Sibanda,T Taibu,E Otieno,0,0,,,,,,"",""
ball,1,9.6,Zimbabwe,V Sibanda,T Taibu,E Otieno,0,0,,,,,,"",""
ball,1,10.1,Zimbabwe,T Taibu,V Sibanda,NN Odhiambo,0,0,,,,,,"",""
ball,1,10.2,Zimbabwe,T Taibu,V Sibanda,NN Odhiambo,0,0,,,,,,"",""
ball,1,10.3,Zimbabwe,T Taibu,V Sibanda,NN Odhiambo,0,0,,,,,,"",""
ball,1,10.4,Zimbabwe,T Taibu,V Sibanda,NN Odhiambo,0,0,,,,,,"",""
ball,1,10.5,Zimbabwe,T Taibu,V Sibanda,NN Odhiambo,0,0,,,,,,"",""
ball,1,10.6,Zimbabwe,T Taibu,V Sibanda,NN Odhiambo,0,0,,,,,,"",""
ball,1,11.1,Zimbabwe,V Sibanda,T Taibu,PJ Ongondo,4,0,,,,,,"",""
ball,1,11.2,Zimbabwe,V Sibanda,T Taibu,PJ Ongondo,0,1,,,,1,,"",""
ball,1,11.3,Zimbabwe,T Taibu,V Sibanda,PJ Ongondo,0,0,,,,,,"",""
ball,1,11.4,Zimbabwe,T Taibu,V Sibanda,PJ Ongondo,1,0,,,,,,"",""
ball,1,11.5,Zimbabwe,V Sibanda,T Taibu,PJ Ongondo,0,0,,,,,,"",""
ball,1,11.6,Zimbabwe,V Sibanda,T Taibu,PJ Ongondo,0,0,,,,,,"",""
ball,1,12.1,Zimbabwe,T Taibu,V Sibanda,NN Odhiambo,0,0,,,,,,"",""
ball,1,12.2,Zimbabwe,T Taibu,V Sibanda,NN Odhiambo,1,0,,,,,,"",""
ball,1,12.3,Zimbabwe,V Sibanda,T Taibu,NN Odhiambo,3,0,,,,,,"",""
ball,1,12.4,Zimbabwe,T Taibu,V Sibanda,NN Odhiambo,0,0,,,,,,"",""
ball,1,12.5,Zimbabwe,T Taibu,V Sibanda,NN Odhiambo,0,0,,,,,,"",""
ball,1,12.6,Zimbabwe,T Taibu,V Sibanda,NN Odhiambo,0,0,,,,,,"",""
ball,1,13.1,Zimbabwe,V Sibanda,T Taibu,PJ Ongondo,0,0,,,,,,"",""
ball,1,13.2,Zimbabwe,V Sibanda,T Taibu,PJ Ongondo,1,0,,,,,,"",""
ball,1,13.3,Zimbabwe,T Taibu,V Sibanda,PJ Ongondo,4,0,,,,,,"",""
ball,1,13.4,Zimbabwe,T Taibu,V Sibanda,PJ Ongondo,1,0,,,,,,"",""
ball,1,13.5,Zimbabwe,V Sibanda,T Taibu,PJ Ongondo,0,1,1,,,,,"",""
ball,1,13.6,Zimbabwe,V Sibanda,T Taibu,PJ Ongondo,0,0,,,,,,"",""
ball,1,13.7,Zimbabwe,V Sibanda,T Taibu,PJ Ongondo,0,0,,,,,,"",""
ball,1,14.1,Zimbabwe,T Taibu,V Sibanda,NN Odhiambo,0,0,,,,,,"",""
ball,1,14.2,Zimbabwe,T Taibu,V Sibanda,NN Odhiambo,0,0,,,,,,"",""
ball,1,14.3,Zimbabwe,T Taibu,V Sibanda,NN Odhiambo,0,0,,,,,,"",""
ball,1,14.4,Zimbabwe,T Taibu,V Sibanda,NN Odhiambo,0,0,,,,,,"",""
ball,1,14.5,Zimbabwe,T Taibu,V Sibanda,NN Odhiambo,0,0,,,,,,"",""
ball,1,14.6,Zimbabwe,T Taibu,V Sibanda,NN Odhiambo,0,1,1,,,,,"",""
ball,1,14.7,Zimbabwe,T Taibu,V Sibanda,NN Odhiambo,1,0,,,,,,"",""
ball,1,15.1,Zimbabwe,T Taibu,V Sibanda,JO Ngoche,1,0,,,,,,"",""
ball,1,15.2,Zimbabwe,V Sibanda,T Taibu,JO Ngoche,0,0,,,,,,"",""
ball,1,15.3,Zimbabwe,V Sibanda,T Taibu,JO Ngoche,1,0,,,,,,"",""
ball,1,15.4,Zimbabwe,T Taibu,V Sibanda,JO Ngoche,4,0,,,,,,"",""
ball,1,15.5,Zimbabwe,T Taibu,V Sibanda,JO Ngoche,1,0,,,,,,"",""
ball,1,15.6,Zimbabwe,V Sibanda,T Taibu,JO Ngoche,0,0,,,,,,"",""
ball,1,16.1,Zimbabwe,T Taibu,V Sibanda,NN Odhiambo,1,0,,,,,,"",""
ball,1,16.2,Zimbabwe,V Sibanda,T Taibu,NN Odhiambo,0,0,,,,,,"",""
ball,1,16.3,Zimbabwe,V Sibanda,T Taibu,NN Odhiambo,1,0,,,,,,"",""
ball,1,16.4,Zimbabwe,T Taibu,V Sibanda,NN Odhiambo,2,0,,,,,,"",""
ball,1,16.5,Zimbabwe,T Taibu,V Sibanda,NN Odhiambo,1,0,,,,,,"",""
ball,1,16.6,Zimbabwe,V Sibanda,T Taibu,NN Odhiambo,1,0,,,,,,"",""
ball,1,17.1,Zimbabwe,V Sibanda,T Taibu,CO Obuya,1,0,,,,,,"",""
ball,1,17.2,Zimbabwe,T Taibu,V Sibanda,CO Obuya,1,0,,,,,,"",""
ball,1,17.3,Zimbabwe,V Sibanda,T Taibu,CO Obuya,0,0,,,,,,"",""
ball,1,17.4,Zimbabwe,V Sibanda,T Taibu,CO Obuya,0,0,,,,,,"",""
ball,1,17.5,Zimbabwe,V Sibanda,T Taibu,CO Obuya,0,0,,,,,,"",""
ball,1,17.6,Zimbabwe,V Sibanda,T Taibu,CO Obuya,0,0,,,,,,"",""
ball,1,18.1,Zimbabwe,T Taibu,V Sibanda,JO Ngoche,0,0,,,,,,"",""
ball,1,18.2,Zimbabwe,T Taibu,V Sibanda,JO Ngoche,1,0,,,,,,"",""
ball,1,18.3,Zimbabwe,V Sibanda,T Taibu,JO Ngoche,2,0,,,,,,"",""
ball,1,18.4,Zimbabwe,V Sibanda,T Taibu,JO Ngoche,1,0,,,,,,"",""
ball,1,18.5,Zimbabwe,T Taibu,V Sibanda,JO Ngoche,0,0,,,,,,"",""
ball,1,18.6,Zimbabwe,T Taibu,V Sibanda,JO Ngoche,1,0,,,,,,"",""
ball,1,19.1,Zimbabwe,T Taibu,V Sibanda,CO Obuya,0,0,,,,,,"",""
ball,1,19.2,Zimbabwe,T Taibu,V Sibanda,CO Obuya,2,0,,,,,,"",""
ball,1,19.3,Zimbabwe,T Taibu,V Sibanda,CO Obuya,1,0,,,,,,"",""
ball,1,19.4,Zimbabwe,V Sibanda,T Taibu,CO Obuya,0,0,,,,,,"",""
ball,1,19.5,Zimbabwe,V Sibanda,T Taibu,CO Obuya,4,0,,,,,,"",""
ball,1,19.6,Zimbabwe,V Sibanda,T Taibu,CO Obuya,1,0,,,,,,"",""
ball,1,20.1,Zimbabwe,V Sibanda,T Taibu,JO Ngoche,0,0,,,,,,"",""
ball,1,20.2,Zimbabwe,V Sibanda,T Taibu,JO Ngoche,4,0,,,,,,"",""
ball,1,20.3,Zimbabwe,V Sibanda,T Taibu,JO Ngoche,0,0,,,,,,"",""
ball,1,20.4,Zimbabwe,V Sibanda,T Taibu,JO Ngoche,2,0,,,,,,"",""
ball,1,20.5,Zimbabwe,V Sibanda,T Taibu,JO Ngoche,0,0,,,,,,"",""
ball,1,20.6,Zimbabwe,V Sibanda,T Taibu,JO Ngoche,4,0,,,,,,"",""
ball,1,21.1,Zimbabwe,T Taibu,V Sibanda,CO Obuya,1,0,,,,,,"",""
ball,1,21.2,Zimbabwe,V Sibanda,T Taibu,CO Obuya,1,0,,,,,,"",""
ball,1,21.3,Zimbabwe,T Taibu,V Sibanda,CO Obuya,1,0,,,,,,"",""
ball,1,21.4,Zimbabwe,V Sibanda,T Taibu,CO Obuya,1,0,,,,,,"",""
ball,1,21.5,Zimbabwe,T Taibu,V Sibanda,CO Obuya,0,0,,,,,,"",""
ball,1,21.6,Zimbabwe,T Taibu,V Sibanda,CO Obuya,0,0,,,,,,"",""
ball,1,22.1,Zimbabwe,V Sibanda,T Taibu,JO Ngoche,0,0,,,,,,"",""
ball,1,22.2,Zimbabwe,V Sibanda,T Taibu,JO Ngoche,0,0,,,,,,"",""
ball,1,22.3,Zimbabwe,V Sibanda,T Taibu,JO Ngoche,1,0,,,,,,"",""
ball,1,22.4,Zimbabwe,T Taibu,V Sibanda,JO Ngoche,1,0,,,,,,"",""
ball,1,22.5,Zimbabwe,V Sibanda,T Taibu,JO Ngoche,1,0,,,,,,"",""
ball,1,22.6,Zimbabwe,T Taibu,V Sibanda,JO Ngoche,4,0,,,,,,"",""
ball,1,23.1,Zimbabwe,V Sibanda,T Taibu,SO Tikolo,1,0,,,,,,"",""
ball,1,23.2,Zimbabwe,T Taibu,V Sibanda,SO Tikolo,0,0,,,,,,"",""
ball,1,23.3,Zimbabwe,T Taibu,V Sibanda,SO Tikolo,1,0,,,,,,"",""
ball,1,23.4,Zimbabwe,V Sibanda,T Taibu,SO Tikolo,1,0,,,,,,"",""
ball,1,23.5,Zimbabwe,T Taibu,V Sibanda,SO Tikolo,0,0,,,,,,"",""
ball,1,23.6,Zimbabwe,T Taibu,V Sibanda,SO Tikolo,0,0,,,,,,"",""
ball,1,24.1,Zimbabwe,V Sibanda,T Taibu,JO Ngoche,4,0,,,,,,"",""
ball,1,24.2,Zimbabwe,V Sibanda,T Taibu,JO Ngoche,2,0,,,,,,"",""
ball,1,24.3,Zimbabwe,V Sibanda,T Taibu,JO Ngoche,0,0,,,,,,"",""
ball,1,24.4,Zimbabwe,V Sibanda,T Taibu,JO Ngoche,0,0,,,,,,"",""
ball,1,24.5,Zimbabwe,V Sibanda,T Taibu,JO Ngoche,2,0,,,,,,"",""
ball,1,24.6,Zimbabwe,V Sibanda,T Taibu,JO Ngoche,0,0,,,,,,"",""
ball,1,25.1,Zimbabwe,T Taibu,V Sibanda,SO Tikolo,0,0,,,,,,"",""
ball,1,25.2,Zimbabwe,T Taibu,V Sibanda,SO Tikolo,1,0,,,,,,"",""
ball,1,25.3,Zimbabwe,V Sibanda,T Taibu,SO Tikolo,0,0,,,,,,"",""
ball,1,25.4,Zimbabwe,V Sibanda,T Taibu,SO Tikolo,2,0,,,,,,"",""
ball,1,25.5,Zimbabwe,V Sibanda,T Taibu,SO Tikolo,1,0,,,,,,"",""
ball,1,25.6,Zimbabwe,T Taibu,V Sibanda,SO Tikolo,1,0,,,,,,"",""
ball,1,26.1,Zimbabwe,T Taibu,V Sibanda,NN Odhiambo,0,0,,,,,,"",""
ball,1,26.2,Zimbabwe,T Taibu,V Sibanda,NN Odhiambo,0,0,,,,,,"",""
ball,1,26.3,Zimbabwe,T Taibu,V Sibanda,NN Odhiambo,1,0,,,,,,"",""
ball,1,26.4,Zimbabwe,V Sibanda,T Taibu,NN Odhiambo,0,0,,,,,,"",""
ball,1,26.5,Zimbabwe,V Sibanda,T Taibu,NN Odhiambo,0,0,,,,,,"",""
ball,1,26.6,Zimbabwe,V Sibanda,T Taibu,NN Odhiambo,0,0,,,,,,"",""
ball,1,27.1,Zimbabwe,T Taibu,V Sibanda,SO Tikolo,0,0,,,,,,"",""
ball,1,27.2,Zimbabwe,T Taibu,V Sibanda,SO Tikolo,4,0,,,,,,"",""
ball,1,27.3,Zimbabwe,T Taibu,V Sibanda,SO Tikolo,0,0,,,,,,"",""
ball,1,27.4,Zimbabwe,T Taibu,V Sibanda,SO Tikolo,4,0,,,,,,"",""
ball,1,27.5,Zimbabwe,T Taibu,V Sibanda,SO Tikolo,1,0,,,,,,"",""
ball,1,27.6,Zimbabwe,V Sibanda,T Taibu,SO Tikolo,6,0,,,,,,"",""
ball,1,28.1,Zimbabwe,T Taibu,V Sibanda,NN Odhiambo,0,0,,,,,,"",""
ball,1,28.2,Zimbabwe,T Taibu,V Sibanda,NN Odhiambo,0,0,,,,,,"",""
ball,1,28.3,Zimbabwe,T Taibu,V Sibanda,NN Odhiambo,0,1,1,,,,,"",""
ball,1,28.4,Zimbabwe,T Taibu,V Sibanda,NN Odhiambo,1,0,,,,,,"",""
ball,1,28.5,Zimbabwe,V Sibanda,T Taibu,NN Odhiambo,0,0,,,,,,"",""
ball,1,28.6,Zimbabwe,V Sibanda,T Taibu,NN Odhiambo,4,0,,,,,,"",""
ball,1,28.7,Zimbabwe,V Sibanda,T Taibu,NN Odhiambo,4,0,,,,,,"",""
ball,1,29.1,Zimbabwe,T Taibu,V Sibanda,E Otieno,0,0,,,,,,run out,V Sibanda
ball,1,29.2,Zimbabwe,T Taibu,CR Ervine,E Otieno,0,0,,,,,,"",""
ball,1,29.3,Zimbabwe,T Taibu,CR Ervine,E Otieno,0,0,,,,,,"",""
ball,1,29.4,Zimbabwe,T Taibu,CR Ervine,E Otieno,0,0,,,,,,"",""
ball,1,29.5,Zimbabwe,T Taibu,CR Ervine,E Otieno,4,0,,,,,,"",""
ball,1,29.6,Zimbabwe,T Taibu,CR Ervine,E Otieno,0,0,,,,,,"",""
ball,1,30.1,Zimbabwe,CR Ervine,T Taibu,JO Ngoche,2,0,,,,,,"",""
ball,1,30.2,Zimbabwe,CR Ervine,T Taibu,JO Ngoche,0,0,,,,,,"",""
ball,1,30.3,Zimbabwe,CR Ervine,T Taibu,JO Ngoche,0,0,,,,,,"",""
ball,1,30.4,Zimbabwe,CR Ervine,T Taibu,JO Ngoche,4,0,,,,,,"",""
ball,1,30.5,Zimbabwe,CR Ervine,T Taibu,JO Ngoche,0,0,,,,,,"",""
ball,1,30.6,Zimbabwe,CR Ervine,T Taibu,JO Ngoche,4,0,,,,,,"",""
ball,1,31.1,Zimbabwe,T Taibu,CR Ervine,E Otieno,0,0,,,,,,"",""
ball,1,31.2,Zimbabwe,T Taibu,CR Ervine,E Otieno,0,0,,,,,,"",""
ball,1,31.3,Zimbabwe,T Taibu,CR Ervine,E Otieno,4,0,,,,,,"",""
ball,1,31.4,Zimbabwe,T Taibu,CR Ervine,E Otieno,0,0,,,,,,"",""
ball,1,31.5,Zimbabwe,T Taibu,CR Ervine,E Otieno,0,0,,,,,,"",""
ball,1,31.6,Zimbabwe,T Taibu,CR Ervine,E Otieno,0,0,,,,,,"",""
ball,1,32.1,Zimbabwe,CR Ervine,T Taibu,JO Ngoche,1,0,,,,,,"",""
ball,1,32.2,Zimbabwe,T Taibu,CR Ervine,JO Ngoche,0,0,,,,,,"",""
ball,1,32.3,Zimbabwe,T Taibu,CR Ervine,JO Ngoche,0,0,,,,,,"",""
ball,1,32.4,Zimbabwe,T Taibu,CR Ervine,JO Ngoche,0,0,,,,,,lbw,T Taibu
ball,1,32.5,Zimbabwe,E Chigumbura,CR Ervine,JO Ngoche,0,0,,,,,,"",""
ball,1,32.6,Zimbabwe,E Chigumbura,CR Ervine,JO Ngoche,0,0,,,,,,"",""
ball,1,33.1,Zimbabwe,CR Ervine,E Chigumbura,SO Tikolo,1,0,,,,,,"",""
ball,1,33.2,Zimbabwe,E Chigumbura,CR Ervine,SO Tikolo,0,0,,,,,,"",""
ball,1,33.3,Zimbabwe,E Chigumbura,CR Ervine,SO Tikolo,0,0,,,,,,"",""
ball,1,33.4,Zimbabwe,E Chigumbura,CR Ervine,SO Tikolo,0,0,,,,,,"",""
ball,1,33.5,Zimbabwe,E Chigumbura,CR Ervine,SO Tikolo,0,0,,,,,,"",""
ball,1,33.6,Zimbabwe,E Chigumbura,CR Ervine,SO Tikolo,0,0,,,,,,"",""
ball,1,34.1,Zimbabwe,CR Ervine,E Chigumbura,JO Ngoche,0,0,,,,,,"",""
ball,1,34.2,Zimbabwe,CR Ervine,E Chigumbura,JO Ngoche,1,0,,,,,,"",""
ball,1,34.3,Zimbabwe,E Chigumbura,CR Ervine,JO Ngoche,0,5,5,,,,,"",""
ball,1,34.4,Zimbabwe,E Chigumbura,CR Ervine,JO Ngoche,1,0,,,,,,"",""
ball,1,34.5,Zimbabwe,CR Ervine,E Chigumbura,JO Ngoche,0,0,,,,,,"",""
ball,1,34.6,Zimbabwe,CR Ervine,E Chigumbura,JO Ngoche,0,0,,,,,,"",""
ball,1,34.7,Zimbabwe,CR Ervine,E Chigumbura,JO Ngoche,1,0,,,,,,"",""
ball,1,35.1,Zimbabwe,CR Ervine,E Chigumbura,PJ Ongondo,1,0,,,,,,"",""
ball,1,35.2,Zimbabwe,E Chigumbura,CR Ervine,PJ Ongondo,0,0,,,,,,"",""
ball,1,35.3,Zimbabwe,E Chigumbura,CR Ervine,PJ Ongondo,0,0,,,,,,"",""
ball,1,35.4,Zimbabwe,E Chigumbura,CR Ervine,PJ Ongondo,0,0,,,,,,"",""
ball,1,35.5,Zimbabwe,E Chigumbura,CR Ervine,PJ Ongondo,0,0,,,,,,"",""
ball,1,35.6,Zimbabwe,E Chigumbura,CR Ervine,PJ Ongondo,1,0,,,,,,"",""
ball,1,36.1,Zimbabwe,E Chigumbura,CR Ervine,JO Ngoche,1,0,,,,,,"",""
ball,1,36.2,Zimbabwe,CR Ervine,E Chigumbura,JO Ngoche,0,0,,,,,,"",""
ball,1,36.3,Zimbabwe,CR Ervine,E Chigumbura,JO Ngoche,0,0,,,,,,"",""
ball,1,36.4,Zimbabwe,CR Ervine,E Chigumbura,JO Ngoche,0,0,,,,,,"",""
ball,1,36.5,Zimbabwe,CR Ervine,E Chigumbura,JO Ngoche,0,0,,,,,,"",""
ball,1,36.6,Zimbabwe,CR Ervine,E Chigumbura,JO Ngoche,1,0,,,,,,"",""
ball,1,37.1,Zimbabwe,CR Ervine,E Chigumbura,PJ Ongondo,4,0,,,,,,"",""
ball,1,37.2,Zimbabwe,CR Ervine,E Chigumbura,PJ Ongondo,2,0,,,,,,"",""
ball,1,37.3,Zimbabwe,CR Ervine,E Chigumbura,PJ Ongondo,0,0,,,,,,"",""
ball,1,37.4,Zimbabwe,CR Ervine,E Chigumbura,PJ Ongondo,1,0,,,,,,"",""
ball,1,37.5,Zimbabwe,E Chigumbura,CR Ervine,PJ Ongondo,0,0,,,,,,"",""
ball,1,37.6,Zimbabwe,E Chigumbura,CR Ervine,PJ Ongondo,0,0,,,,,,"",""
ball,1,38.1,Zimbabwe,CR Ervine,E Chigumbura,JO Ngoche,4,0,,,,,,"",""
ball,1,38.2,Zimbabwe,CR Ervine,E Chigumbura,JO Ngoche,4,0,,,,,,"",""
ball,1,38.3,Zimbabwe,CR Ervine,E Chigumbura,JO Ngoche,0,0,,,,,,"",""
ball,1,38.4,Zimbabwe,CR Ervine,E Chigumbura,JO Ngoche,0,0,,,,,,"",""
ball,1,38.5,Zimbabwe,CR Ervine,E Chigumbura,JO Ngoche,1,0,,,,,,"",""
ball,1,38.6,Zimbabwe,E Chigumbura,CR Ervine,JO Ngoche,1,0,,,,,,"",""
ball,1,39.1,Zimbabwe,E Chigumbura,CR Ervine,SO Tikolo,0,2,2,,,,,"",""
ball,1,39.2,Zimbabwe,CR Ervine,E Chigumbura,SO Tikolo,0,0,,,,,,"",""
ball,1,39.3,Zimbabwe,CR Ervine,E Chigumbura,SO Tikolo,1,0,,,,,,"",""
ball,1,39.4,Zimbabwe,E Chigumbura,CR Ervine,SO Tikolo,1,0,,,,,,"",""
ball,1,39.5,Zimbabwe,CR Ervine,E Chigumbura,SO Tikolo,1,0,,,,,,"",""
ball,1,39.6,Zimbabwe,E Chigumbura,CR Ervine,SO Tikolo,0,0,,,,,,"",""
ball,1,39.7,Zimbabwe,E Chigumbura,CR Ervine,SO Tikolo,4,0,,,,,,"",""
ball,1,40.1,Zimbabwe,CR Ervine,E Chigumbura,NN Odhiambo,0,1,1,,,,,"",""
ball,1,40.2,Zimbabwe,CR Ervine,E Chigumbura,NN Odhiambo,1,0,,,,,,"",""
ball,1,40.3,Zimbabwe,E Chigumbura,CR Ervine,NN Odhiambo,6,0,,,,,,"",""
ball,1,40.4,Zimbabwe,E Chigumbura,CR Ervine,NN Odhiambo,1,0,,,,,,"",""
ball,1,40.5,Zimbabwe,CR Ervine,E Chigumbura,NN Odhiambo,0,0,,,,,,"",""
ball,1,40.6,Zimbabwe,CR Ervine,E Chigumbura,NN Odhiambo,1,0,,,,,,"",""
ball,1,40.7,Zimbabwe,E Chigumbura,CR Ervine,NN Odhiambo,1,0,,,,,,"",""
ball,1,41.1,Zimbabwe,E Chigumbura,CR Ervine,SO Tikolo,0,1,1,,,,,"",""
ball,1,41.2,Zimbabwe,E Chigumbura,CR Ervine,SO Tikolo,0,0,,,,,,"",""
ball,1,41.3,Zimbabwe,E Chigumbura,CR Ervine,SO Tikolo,1,0,,,,,,"",""
ball,1,41.4,Zimbabwe,CR Ervine,E Chigumbura,SO Tikolo,2,0,,,,,,"",""
ball,1,41.5,Zimbabwe,CR Ervine,E Chigumbura,SO Tikolo,0,0,,,,,,"",""
ball,1,41.6,Zimbabwe,CR Ervine,E Chigumbura,SO Tikolo,0,0,,,,,,"",""
ball,1,41.7,Zimbabwe,CR Ervine,E Chigumbura,SO Tikolo,1,0,,,,,,"",""
ball,1,42.1,Zimbabwe,CR Ervine,E Chigumbura,PJ Ongondo,0,0,,,,,,"",""
ball,1,42.2,Zimbabwe,CR Ervine,E Chigumbura,PJ Ongondo,1,0,,,,,,"",""
ball,1,42.3,Zimbabwe,E Chigumbura,CR Ervine,PJ Ongondo,4,0,,,,,,"",""
ball,1,42.4,Zimbabwe,E Chigumbura,CR Ervine,PJ Ongondo,1,0,,,,,,"",""
ball,1,42.5,Zimbabwe,CR Ervine,E Chigumbura,PJ Ongondo,0,0,,,,,,"",""
ball,1,42.6,Zimbabwe,CR Ervine,E Chigumbura,PJ Ongondo,0,1,1,,,,,"",""
ball,1,42.7,Zimbabwe,CR Ervine,E Chigumbura,PJ Ongondo,1,0,,,,,,"",""
ball,1,43.1,Zimbabwe,CR Ervine,E Chigumbura,SO Tikolo,0,1,,,1,,,"",""
ball,1,43.2,Zimbabwe,E Chigumbura,CR Ervine,SO Tikolo,0,0,,,,,,"",""
ball,1,43.3,Zimbabwe,E Chigumbura,CR Ervine,SO Tikolo,4,0,,,,,,"",""
ball,1,43.4,Zimbabwe,E Chigumbura,CR Ervine,SO Tikolo,1,0,,,,,,"",""
ball,1,43.5,Zimbabwe,CR Ervine,E Chigumbura,SO Tikolo,0,0,,,,,,"",""
ball,1,43.6,Zimbabwe,CR Ervine,E Chigumbura,SO Tikolo,6,0,,,,,,"",""
ball,1,44.1,Zimbabwe,E Chigumbura,CR Ervine,NN Odhiambo,0,0,,,,,,"",""
ball,1,44.2,Zimbabwe,E Chigumbura,CR Ervine,NN Odhiambo,2,0,,,,,,"",""
ball,1,44.3,Zimbabwe,E Chigumbura,CR Ervine,NN Odhiambo,0,0,,,,,,"",""
ball,1,44.4,Zimbabwe,E Chigumbura,CR Ervine,NN Odhiambo,1,0,,,,,,"",""
ball,1,44.5,Zimbabwe,CR Ervine,E Chigumbura,NN Odhiambo,4,0,,,,,,"",""
ball,1,44.6,Zimbabwe,CR Ervine,E Chigumbura,NN Odhiambo,4,0,,,,,,"",""
ball,1,45.1,Zimbabwe,E Chigumbura,CR Ervine,E Otieno,0,1,,,,1,,"",""
ball,1,45.2,Zimbabwe,CR Ervine,E Chigumbura,E Otieno,4,0,,,,,,"",""
ball,1,45.3,Zimbabwe,CR Ervine,E Chigumbura,E Otieno,0,0,,,,,,"",""
ball,1,45.4,Zimbabwe,CR Ervine,E Chigumbura,E Otieno,4,0,,,,,,"",""
ball,1,45.5,Zimbabwe,CR Ervine,E Chigumbura,E Otieno,1,0,,,,,,"",""
ball,1,45.6,Zimbabwe,E Chigumbura,CR Ervine,E Otieno,1,0,,,,,,"",""
ball,1,46.1,Zimbabwe,E Chigumbura,CR Ervine,PJ Ongondo,0,0,,,,,,"",""
ball,1,46.2,Zimbabwe,E Chigumbura,CR Ervine,PJ Ongondo,6,0,,,,,,"",""
ball,1,46.3,Zimbabwe,E Chigumbura,CR Ervine,PJ Ongondo,0,0,,,,,,"",""
ball,1,46.4,Zimbabwe,E Chigumbura,CR Ervine,PJ Ongondo,0,1,,,,1,,"",""
ball,1,46.5,Zimbabwe,CR Ervine,E Chigumbura,PJ Ongondo,1,0,,,,,,"",""
ball,1,46.6,Zimbabwe,E Chigumbura,CR Ervine,PJ Ongondo,0,0,,,,,,caught,E Chigumbura
ball,1,47.1,Zimbabwe,CR Ervine,GA Lamb,E Otieno,1,0,,,,,,"",""
ball,1,47.2,Zimbabwe,GA Lamb,CR Ervine,E Otieno,0,0,,,,,,"",""
ball,1,47.3,Zimbabwe,GA Lamb,CR Ervine,E Otieno,4,0,,,,,,"",""
ball,1,47.4,Zimbabwe,GA Lamb,CR Ervine,E Otieno,0,0,,,,,,"",""
ball,1,47.5,Zimbabwe,GA Lamb,CR Ervine,E Otieno,1,0,,,,,,"",""
ball,1,47.6,Zimbabwe,CR Ervine,GA Lamb,E Otieno,0,0,,,,,,bowled,CR Ervine
ball,1,48.1,Zimbabwe,GA Lamb,P Utseya,NN Odhiambo,1,0,,,,,,"",""
ball,1,48.2,Zimbabwe,P Utseya,GA Lamb,NN Odhiambo,1,0,,,,,,"",""
ball,1,48.3,Zimbabwe,GA Lamb,P Utseya,NN Odhiambo,0,0,,,,,,"",""
ball,1,48.4,Zimbabwe,GA Lamb,P Utseya,NN Odhiambo,2,0,,,,,,"",""
ball,1,48.5,Zimbabwe,GA Lamb,P Utseya,NN Odhiambo,6,0,,,,,,"",""
ball,1,48.6,Zimbabwe,GA Lamb,P Utseya,NN Odhiambo,2,0,,,,,,"",""
ball,1,49.1,Zimbabwe,P Utseya,GA Lamb,E Otieno,6,0,,,,,,"",""
ball,1,49.2,Zimbabwe,P Utseya,GA Lamb,E Otieno,4,0,,,,,,"",""
ball,1,49.3,Zimbabwe,P Utseya,GA Lamb,E Otieno,4,0,,,,,,"",""
ball,1,49.4,Zimbabwe,P Utseya,GA Lamb,E Otieno,4,0,,,,,,"",""
ball,1,49.5,Zimbabwe,P Utseya,GA Lamb,E Otieno,0,1,,,1,,,"",""
ball,1,49.6,Zimbabwe,GA Lamb,P Utseya,E Otieno,1,0,,,,,,"",""
ball,2,0.1,Kenya,AA Obanda,DO Obuya,CB Mpofu,2,0,,,,,,"",""
ball,2,0.2,Kenya,AA Obanda,DO Obuya,CB Mpofu,0,0,,,,,,"",""
ball,2,0.3,Kenya,AA Obanda,DO Obuya,CB Mpofu,1,0,,,,,,"",""
ball,2,0.4,Kenya,DO Obuya,AA Obanda,CB Mpofu,0,0,,,,,,"",""
ball,2,0.5,Kenya,DO Obuya,AA Obanda,CB Mpofu,0,0,,,,,,lbw,DO Obuya
ball,2,0.6,Kenya,CO Obuya,AA Obanda,CB Mpofu,0,0,,,,,,"",""
ball,2,1.1,Kenya,AA Obanda,CO Obuya,RW Price,0,0,,,,,,"",""
ball,2,1.2,Kenya,AA Obanda,CO Obuya,RW Price,1,0,,,,,,"",""
ball,2,1.3,Kenya,CO Obuya,AA Obanda,RW Price,0,0,,,,,,"",""
ball,2,1.4,Kenya,CO Obuya,AA Obanda,RW Price,0,0,,,,,,"",""
ball,2,1.5,Kenya,CO Obuya,AA Obanda,RW Price,0,0,,,,,,"",""
ball,2,1.6,Kenya,CO Obuya,AA Obanda,RW Price,0,0,,,,,,"",""
ball,2,2.1,Kenya,AA Obanda,CO Obuya,CB Mpofu,0,0,,,,,,"",""
ball,2,2.2,Kenya,AA Obanda,CO Obuya,CB Mpofu,0,4,,,,4,,"",""
ball,2,2.3,Kenya,AA Obanda,CO Obuya,CB Mpofu,0,0,,,,,,"",""
ball,2,2.4,Kenya,AA Obanda,CO Obuya,CB Mpofu,0,0,,,,,,"",""
ball,2,2.5,Kenya,AA Obanda,CO Obuya,CB Mpofu,0,1,1,,,,,"",""
ball,2,2.6,Kenya,AA Obanda,CO Obuya,CB Mpofu,0,0,,,,,,"",""
ball,2,2.7,Kenya,AA Obanda,CO Obuya,CB Mpofu,0,0,,,,,,"",""
ball,2,3.1,Kenya,CO Obuya,AA Obanda,RW Price,1,0,,,,,,"",""
ball,2,3.2,Kenya,AA Obanda,CO Obuya,RW Price,0,0,,,,,,"",""
ball,2,3.3,Kenya,AA Obanda,CO Obuya,RW Price,0,0,,,,,,run out,CO Obuya
ball,2,3.4,Kenya,SO Tikolo,AA Obanda,RW Price,0,0,,,,,,"",""
ball,2,3.5,Kenya,SO Tikolo,AA Obanda,RW Price,0,0,,,,,,"",""
ball,2,3.6,Kenya,SO Tikolo,AA Obanda,RW Price,1,0,,,,,,"",""
ball,2,4.1,Kenya,SO Tikolo,AA Obanda,CB Mpofu,0,0,,,,,,"",""
ball,2,4.2,Kenya,SO Tikolo,AA Obanda,CB Mpofu,4,0,,,,,,"",""
ball,2,4.3,Kenya,SO Tikolo,AA Obanda,CB Mpofu,0,0,,,,,,"",""
ball,2,4.4,Kenya,SO Tikolo,AA Obanda,CB Mpofu,0,0,,,,,,"",""
ball,2,4.5,Kenya,SO Tikolo,AA Obanda,CB Mpofu,4,0,,,,,,"",""
ball,2,4.6,Kenya,SO Tikolo,AA Obanda,CB Mpofu,0,0,,,,,,"",""
ball,2,5.1,Kenya,AA Obanda,SO Tikolo,RW Price,4,0,,,,,,"",""
ball,2,5.2,Kenya,AA Obanda,SO Tikolo,RW Price,0,0,,,,,,"",""
ball,2,5.3,Kenya,AA Obanda,SO Tikolo,RW Price,0,0,,,,,,"",""
ball,2,5.4,Kenya,AA Obanda,SO Tikolo,RW Price,0,0,,,,,,"",""
ball,2,5.5,Kenya,AA Obanda,SO Tikolo,RW Price,0,0,,,,,,"",""
ball,2,5.6,Kenya,AA Obanda,SO Tikolo,RW Price,0,0,,,,,,"",""
ball,2,6.1,Kenya,SO Tikolo,AA Obanda,CB Mpofu,0,1,1,,,,,"",""
ball,2,6.2,Kenya,SO Tikolo,AA Obanda,CB Mpofu,1,0,,,,,,"",""
ball,2,6.3,Kenya,AA Obanda,SO Tikolo,CB Mpofu,0,0,,,,,,"",""
ball,2,6.4,Kenya,AA Obanda,SO Tikolo,CB Mpofu,1,0,,,,,,"",""
ball,2,6.5,Kenya,SO Tikolo,AA Obanda,CB Mpofu,0,0,,,,,,"",""
ball,2,6.6,Kenya,SO Tikolo,AA Obanda,CB Mpofu,0,0,,,,,,"",""
ball,2,6.7,Kenya,SO Tikolo,AA Obanda,CB Mpofu,0,0,,,,,,"",""
ball,2,7.1,Kenya,AA Obanda,SO Tikolo,RW Price,0,0,,,,,,"",""
ball,2,7.2,Kenya,AA Obanda,SO Tikolo,RW Price,1,0,,,,,,"",""
ball,2,7.3,Kenya,SO Tikolo,AA Obanda,RW Price,0,0,,,,,,lbw,SO Tikolo
ball,2,7.4,Kenya,T Mishra,AA Obanda,RW Price,0,0,,,,,,"",""
ball,2,7.5,Kenya,T Mishra,AA Obanda,RW Price,0,0,,,,,,"",""
ball,2,7.6,Kenya,T Mishra,AA Obanda,RW Price,0,0,,,,,,"",""
ball,2,8.1,Kenya,AA Obanda,T Mishra,CB Mpofu,0,0,,,,,,"",""
ball,2,8.2,Kenya,AA Obanda,T Mishra,CB Mpofu,4,0,,,,,,"",""
ball,2,8.3,Kenya,AA Obanda,T Mishra,CB Mpofu,1,0,,,,,,"",""
ball,2,8.4,Kenya,T Mishra,AA Obanda,CB Mpofu,0,0,,,,,,"",""
ball,2,8.5,Kenya,T Mishra,AA Obanda,CB Mpofu,0,0,,,,,,"",""
ball,2,8.6,Kenya,T Mishra,AA Obanda,CB Mpofu,0,0,,,,,,"",""
ball,2,9.1,Kenya,AA Obanda,T Mishra,RW Price,0,0,,,,,,"",""
ball,2,9.2,Kenya,AA Obanda,T Mishra,RW Price,4,0,,,,,,"",""
ball,2,9.3,Kenya,AA Obanda,T Mishra,RW Price,0,0,,,,,,"",""
ball,2,9.4,Kenya,AA Obanda,T Mishra,RW Price,4,0,,,,,,"",""
ball,2,9.5,Kenya,AA Obanda,T Mishra,RW Price,0,0,,,,,,"",""
ball,2,9.6,Kenya,AA Obanda,T Mishra,RW Price,0,0,,,,,,"",""
ball,2,10.1,Kenya,T Mishra,AA Obanda,P Utseya,4,0,,,,,,"",""
ball,2,10.2,Kenya,T Mishra,AA Obanda,P Utseya,0,0,,,,,,"",""
ball,2,10.3,Kenya,T Mishra,AA Obanda,P Utseya,0,0,,,,,,caught,T Mishra
ball,2,10.4,Kenya,TM Odoyo,AA Obanda,P Utseya,0,0,,,,,,"",""
ball,2,10.5,Kenya,TM Odoyo,AA Obanda,P Utseya,0,0,,,,,,"",""
ball,2,10.6,Kenya,TM Odoyo,AA Obanda,P Utseya,0,0,,,,,,"",""
ball,2,11.1,Kenya,AA Obanda,TM Odoyo,RW Price,0,0,,,,,,"",""
ball,2,11.2,Kenya,AA Obanda,TM Odoyo,RW Price,0,0,,,,,,"",""
ball,2,11.3,Kenya,AA Obanda,TM Odoyo,RW Price,0,0,,,,,,"",""
ball,2,11.4,Kenya,AA Obanda,TM Odoyo,RW Price,0,0,,,,,,lbw,AA Obanda
ball,2,11.5,Kenya,RR Patel,TM Odoyo,RW Price,0,0,,,,,,"",""
ball,2,11.6,Kenya,RR Patel,TM Odoyo,RW Price,0,0,,,,,,"",""
ball,2,12.1,Kenya,TM Odoyo,RR Patel,P Utseya,0,0,,,,,,"",""
ball,2,12.2,Kenya,TM Odoyo,RR Patel,P Utseya,0,0,,,,,,"",""
ball,2,12.3,Kenya,TM Odoyo,RR Patel,P Utseya,0,0,,,,,,"",""
ball,2,12.4,Kenya,TM Odoyo,RR Patel,P Utseya,0,0,,,,,,"",""
ball,2,12.5,Kenya,TM Odoyo,RR Patel,P Utseya,4,0,,,,,,"",""
ball,2,12.6,Kenya,TM Odoyo,RR Patel,P Utseya,0,0,,,,,,"",""
ball,2,13.1,Kenya,RR Patel,TM Odoyo,RW Price,0,0,,,,,,"",""
ball,2,13.2,Kenya,RR Patel,TM Odoyo,RW Price,0,0,,,,,,"",""
ball,2,13.3,Kenya,RR Patel,TM Odoyo,RW Price,0,0,,,,,,"",""
ball,2,13.4,Kenya,RR Patel,TM Odoyo,RW Price,0,0,,,,,,"",""
ball,2,13.5,Kenya,RR Patel,TM Odoyo,RW Price,0,0,,,,,,"",""
ball,2,13.6,Kenya,RR Patel,TM Odoyo,RW Price,4,0,,,,,,"",""
ball,2,14.1,Kenya,TM Odoyo,RR Patel,P Utseya,0,0,,,,,,"",""
ball,2,14.2,Kenya,TM Odoyo,RR Patel,P Utseya,1,0,,,,,,"",""
ball,2,14.3,Kenya,RR Patel,TM Odoyo,P Utseya,0,0,,,,,,"",""
ball,2,14.4,Kenya,RR Patel,TM Odoyo,P Utseya,1,0,,,,,,"",""
ball,2,14.5,Kenya,TM Odoyo,RR Patel,P Utseya,0,0,,,,,,"",""
ball,2,14.6,Kenya,TM Odoyo,RR Patel,P Utseya,1,0,,,,,,"",""
ball,2,15.1,Kenya,TM Odoyo,RR Patel,GA Lamb,0,0,,,,,,"",""
ball,2,15.2,Kenya,TM Odoyo,RR Patel,GA Lamb,1,0,,,,,,"",""
ball,2,15.3,Kenya,RR Patel,TM Odoyo,GA Lamb,1,0,,,,,,"",""
ball,2,15.4,Kenya,TM Odoyo,RR Patel,GA Lamb,1,0,,,,,,"",""
ball,2,15.5,Kenya,RR Patel,TM Odoyo,GA Lamb,0,0,,,,,,"",""
ball,2,15.6,Kenya,RR Patel,TM Odoyo,GA Lamb,0,0,,,,,,"",""
ball,2,16.1,Kenya,TM Odoyo,RR Patel,P Utseya,0,0,,,,,,"",""
ball,2,16.2,Kenya,TM Odoyo,RR Patel,P Utseya,0,0,,,,,,"",""
ball,2,16.3,Kenya,TM Odoyo,RR Patel,P Utseya,4,0,,,,,,"",""
ball,2,16.4,Kenya,TM Odoyo,RR Patel,P Utseya,0,0,,,,,,"",""
ball,2,16.5,Kenya,TM Odoyo,RR Patel,P Utseya,1,0,,,,,,"",""
ball,2,16.6,Kenya,RR Patel,TM Odoyo,P Utseya,1,0,,,,,,"",""
ball,2,17.1,Kenya,RR Patel,TM Odoyo,GA Lamb,0,0,,,,,,"",""
ball,2,17.2,Kenya,RR Patel,TM Odoyo,GA Lamb,4,0,,,,,,"",""
ball,2,17.3,Kenya,RR Patel,TM Odoyo,GA Lamb,1,0,,,,,,"",""
ball,2,17.4,Kenya,TM Odoyo,RR Patel,GA Lamb,0,0,,,,,,"",""
ball,2,17.5,Kenya,TM Odoyo,RR Patel,GA Lamb,0,0,,,,,,"",""
ball,2,17.6,Kenya,TM Odoyo,RR Patel,GA Lamb,0,0,,,,,,"",""
ball,2,18.1,Kenya,RR Patel,TM Odoyo,P Utseya,1,0,,,,,,"",""
ball,2,18.2,Kenya,TM Odoyo,RR Patel,P Utseya,1,0,,,,,,"",""
ball,2,18.3,Kenya,RR Patel,TM Odoyo,P Utseya,1,0,,,,,,"",""
ball,2,18.4,Kenya,TM Odoyo,RR Patel,P Utseya,0,0,,,,,,"",""
ball,2,18.5,Kenya,TM Odoyo,RR Patel,P Utseya,0,0,,,,,,"",""
ball,2,18.6,Kenya,TM Odoyo,RR Patel,P Utseya,0,0,,,,,,"",""
ball,2,19.1,Kenya,RR Patel,TM Odoyo,GA Lamb,0,0,,,,,,"",""
ball,2,19.2,Kenya,RR Patel,TM Odoyo,GA Lamb,0,0,,,,,,"",""
ball,2,19.3,Kenya,RR Patel,TM Odoyo,GA Lamb,0,0,,,,,,"",""
ball,2,19.4,Kenya,RR Patel,TM Odoyo,GA Lamb,1,0,,,,,,"",""
ball,2,19.5,Kenya,TM Odoyo,RR Patel,GA Lamb,0,0,,,,,,lbw,TM Odoyo
ball,2,19.6,Kenya,NN Odhiambo,RR Patel,GA Lamb,0,0,,,,,,"",""
ball,2,20.1,Kenya,RR Patel,NN Odhiambo,P Utseya,0,0,,,,,,"",""
ball,2,20.2,Kenya,RR Patel,NN Odhiambo,P Utseya,0,0,,,,,,"",""
ball,2,20.3,Kenya,RR Patel,NN Odhiambo,P Utseya,1,0,,,,,,"",""
ball,2,20.4,Kenya,NN Odhiambo,RR Patel,P Utseya,1,0,,,,,,"",""
ball,2,20.5,Kenya,RR Patel,NN Odhiambo,P Utseya,2,0,,,,,,"",""
ball,2,20.6,Kenya,RR Patel,NN Odhiambo,P Utseya,0,0,,,,,,"",""
ball,2,21.1,Kenya,NN Odhiambo,RR Patel,GA Lamb,0,0,,,,,,"",""
ball,2,21.2,Kenya,NN Odhiambo,RR Patel,GA Lamb,0,0,,,,,,"",""
ball,2,21.3,Kenya,NN Odhiambo,RR Patel,GA Lamb,0,0,,,,,,"",""
ball,2,21.4,Kenya,NN Odhiambo,RR Patel,GA Lamb,0,0,,,,,,"",""
ball,2,21.5,Kenya,NN Odhiambo,RR Patel,GA Lamb,1,0,,,,,,"",""
ball,2,21.6,Kenya,RR Patel,NN Odhiambo,GA Lamb,0,0,,,,,,"",""
ball,2,22.1,Kenya,NN Odhiambo,RR Patel,P Utseya,4,0,,,,,,"",""
ball,2,22.2,Kenya,NN Odhiambo,RR Patel,P Utseya,0,0,,,,,,"",""
ball,2,22.3,Kenya,NN Odhiambo,RR Patel,P Utseya,0,0,,,,,,"",""
ball,2,22.4,Kenya,NN Odhiambo,RR Patel,P Utseya,3,0,,,,,,"",""
ball,2,22.5,Kenya,RR Patel,NN Odhiambo,P Utseya,1,0,,,,,,"",""
ball,2,22.6,Kenya,NN Odhiambo,RR Patel,P Utseya,1,0,,,,,,"",""
ball,2,23.1,Kenya,NN Odhiambo,RR Patel,AG Cremer,1,0,,,,,,"",""
ball,2,23.2,Kenya,RR Patel,NN Odhiambo,AG Cremer,0,0,,,,,,"",""
ball,2,23.3,Kenya,RR Patel,NN Odhiambo,AG Cremer,1,0,,,,,,"",""
ball,2,23.4,Kenya,NN Odhiambo,RR Patel,AG Cremer,1,0,,,,,,"",""
ball,2,23.5,Kenya,RR Patel,NN Odhiambo,AG Cremer,0,0,,,,,,"",""
ball,2,23.6,Kenya,RR Patel,NN Odhiambo,AG Cremer,0,0,,,,,,"",""
ball,2,24.1,Kenya,NN Odhiambo,RR Patel,GA Lamb,0,0,,,,,,"",""
ball,2,24.2,Kenya,NN Odhiambo,RR Patel,GA Lamb,0,0,,,,,,"",""
ball,2,24.3,Kenya,NN Odhiambo,RR Patel,GA Lamb,1,0,,,,,,"",""
ball,2,24.4,Kenya,RR Patel,NN Odhiambo,GA Lamb,0,0,,,,,,"",""
ball,2,24.5,Kenya,RR Patel,NN Odhiambo,GA Lamb,4,0,,,,,,"",""
ball,2,24.6,Kenya,RR Patel,NN Odhiambo,GA Lamb,0,0,,,,,,caught,RR Patel
ball,2,25.1,Kenya,PJ Ongondo,NN Odhiambo,AG Cremer,6,0,,,,,,"",""
ball,2,25.2,Kenya,PJ Ongondo,NN Odhiambo,AG Cremer,0,0,,,,,,lbw,PJ Ongondo
ball,2,25.3,Kenya,E Otieno,NN Odhiambo,AG Cremer,0,0,,,,,,"",""
ball,2,25.4,Kenya,E Otieno,NN Odhiambo,AG Cremer,1,0,,,,,,"",""
ball,2,25.5,Kenya,NN Odhiambo,E Otieno,AG Cremer,1,0,,,,,,"",""
ball,2,25.6,Kenya,E Otieno,NN Odhiambo,AG Cremer,2,0,,,,,,"",""
ball,2,26.1,Kenya,NN Odhiambo,E Otieno,GA Lamb,1,0,,,,,,"",""
ball,2,26.2,Kenya,E Otieno,NN Odhiambo,GA Lamb,0,0,,,,,,"",""
ball,2,26.3,Kenya,E Otieno,NN Odhiambo,GA Lamb,1,0,,,,,,"",""
ball,2,26.4,Kenya,NN Odhiambo,E Otieno,GA Lamb,0,0,,,,,,"",""
ball,2,26.5,Kenya,NN Odhiambo,E Otieno,GA Lamb,2,0,,,,,,"",""
ball,2,26.6,Kenya,NN Odhiambo,E Otieno,GA Lamb,1,0,,,,,,"",""
ball,2,27.1,Kenya,NN Odhiambo,E Otieno,AG Cremer,0,0,,,,,,"",""
ball,2,27.2,Kenya,NN Odhiambo,E Otieno,AG Cremer,4,0,,,,,,"",""
ball,2,27.3,Kenya,NN Odhiambo,E Otieno,AG Cremer,0,0,,,,,,"",""
ball,2,27.4,Kenya,NN Odhiambo,E Otieno,AG Cremer,0,0,,,,,,"",""
ball,2,27.5,Kenya,NN Odhiambo,E Otieno,AG Cremer,1,0,,,,,,"",""
ball,2,27.6,Kenya,E Otieno,NN Odhiambo,AG Cremer,0,0,,,,,,"",""
ball,2,28.1,Kenya,NN Odhiambo,E Otieno,GA Lamb,0,0,,,,,,"",""
ball,2,28.2,Kenya,NN Odhiambo,E Otieno,GA Lamb,1,0,,,,,,"",""
ball,2,28.3,Kenya,E Otieno,NN Odhiambo,GA Lamb,0,0,,,,,,"",""
ball,2,28.4,Kenya,E Otieno,NN Odhiambo,GA Lamb,0,0,,,,,,"",""
ball,2,28.5,Kenya,E Otieno,NN Odhiambo,GA Lamb,0,0,,,,,,"",""
ball,2,28.6,Kenya,E Otieno,NN Odhiambo,GA Lamb,0,0,,,,,,"",""
ball,2,29.1,Kenya,NN Odhiambo,E Otieno,AG Cremer,0,0,,,,,,"",""
ball,2,29.2,Kenya,NN Odhiambo,E Otieno,AG Cremer,0,0,,,,,,"",""
ball,2,29.3,Kenya,NN Odhiambo,E Otieno,AG Cremer,0,0,,,,,,"",""
ball,2,29.4,Kenya,NN Odhiambo,E Otieno,AG Cremer,0,0,,,,,,"",""
ball,2,29.5,Kenya,NN Odhiambo,E Otieno,AG Cremer,0,0,,,,,,"",""
ball,2,29.6,Kenya,NN Odhiambo,E Otieno,AG Cremer,1,0,,,,,,"",""
ball,2,30.1,Kenya,NN Odhiambo,E Otieno,CB Mpofu,4,0,,,,,,"",""
ball,2,30.2,Kenya,NN Odhiambo,E Otieno,CB Mpofu,1,0,,,,,,"",""
ball,2,30.3,Kenya,E Otieno,NN Odhiambo,CB Mpofu,1,0,,,,,,"",""
ball,2,30.4,Kenya,NN Odhiambo,E Otieno,CB Mpofu,1,0,,,,,,"",""
ball,2,30.5,Kenya,E Otieno,NN Odhiambo,CB Mpofu,0,0,,,,,,"",""
ball,2,30.6,Kenya,E Otieno,NN Odhiambo,CB Mpofu,0,0,,,,,,"",""
ball,2,31.1,Kenya,NN Odhiambo,E Otieno,AG Cremer,0,0,,,,,,"",""
ball,2,31.2,Kenya,NN Odhiambo,E Otieno,AG Cremer,0,0,,,,,,run out,E Otieno
ball,2,31.3,Kenya,JO Ngoche,NN Odhiambo,AG Cremer,0,0,,,,,,"",""
ball,2,31.4,Kenya,JO Ngoche,NN Odhiambo,AG Cremer,0,0,,,,,,"",""
ball,2,31.5,Kenya,JO Ngoche,NN Odhiambo,AG Cremer,0,0,,,,,,"",""
ball,2,31.6,Kenya,JO Ngoche,NN Odhiambo,AG Cremer,0,1,1,,,,,"",""
ball,2,31.7,Kenya,JO Ngoche,NN Odhiambo,AG Cremer,0,0,,,,,,"",""
ball,2,32.1,Kenya,NN Odhiambo,JO Ngoche,P Utseya,1,0,,,,,,"",""
ball,2,32.2,Kenya,JO Ngoche,NN Odhiambo,P Utseya,0,0,,,,,,"",""
ball,2,32.3,Kenya,JO Ngoche,NN Odhiambo,P Utseya,1,0,,,,,,"",""
ball,2,32.4,Kenya,NN Odhiambo,JO Ngoche,P Utseya,1,0,,,,,,"",""
ball,2,32.5,Kenya,JO Ngoche,NN Odhiambo,P Utseya,0,0,,,,,,"",""
ball,2,32.6,Kenya,JO Ngoche,NN Odhiambo,P Utseya,2,0,,,,,,"",""
ball,2,33.1,Kenya,NN Odhiambo,JO Ngoche,AG Cremer,1,0,,,,,,"",""
ball,2,33.2,Kenya,JO Ngoche,NN Odhiambo,AG Cremer,0,0,,,,,,"",""
ball,2,33.3,Kenya,JO Ngoche,NN Odhiambo,AG Cremer,6,0,,,,,,"",""
ball,2,33.4,Kenya,JO Ngoche,NN Odhiambo,AG Cremer,0,0,,,,,,"",""
ball,2,33.5,Kenya,JO Ngoche,NN Odhiambo,AG Cremer,0,0,,,,,,"",""
ball,2,33.6,Kenya,JO Ngoche,NN Odhiambo,AG Cremer,0,0,,,,,,"",""
ball,2,34.1,Kenya,NN Odhiambo,JO Ngoche,P Utseya,4,0,,,,,,"",""
ball,2,34.2,Kenya,NN Odhiambo,JO Ngoche,P Utseya,4,0,,,,,,"",""
ball,2,34.3,Kenya,NN Odhiambo,JO Ngoche,P Utseya,1,0,,,,,,"",""
ball,2,34.4,Kenya,JO Ngoche,NN Odhiambo,P Utseya,0,0,,,,,,"",""
ball,2,34.5,Kenya,JO Ngoche,NN Odhiambo,P Utseya,0,0,,,,,,"",""
ball,2,34.6,Kenya,JO Ngoche,NN Odhiambo,P Utseya,0,0,,,,,,"",""
ball,2,35.1,Kenya,NN Odhiambo,JO Ngoche,AG Cremer,1,0,,,,,,"",""
ball,2,35.2,Kenya,JO Ngoche,NN Odhiambo,AG Cremer,0,0,,,,,,"",""
ball,2,35.3,Kenya,JO Ngoche,NN Odhiambo,AG Cremer,0,0,,,,,,"",""
ball,2,35.4,Kenya,JO Ngoche,NN Odhiambo,AG Cremer,0,0,,,,,,"",""
ball,2,35.5,Kenya,JO Ngoche,NN Odhiambo,AG Cremer,0,0,,,,,,"",""
ball,2,35.6,Kenya,JO Ngoche,NN Odhiambo,AG Cremer,0,0,,,,,,caught,JO Ngoche
