version,1.6.0
info,balls_per_over,6
info,team,England
info,team,Ireland
info,gender,male
info,season,2010/11
info,date,2011/03/02
info,event,ICC Cricket World Cup
info,match_number,15
info,venue,M Chinnaswamy Stadium
info,city,Bangalore
info,neutralvenue,true
info,toss_winner,England
info,toss_decision,bat
info,player_of_match,KJ O'Brien
info,umpire,Aleem Dar
info,umpire,BF Bowden
info,reserve_umpire,RJ Tucker
info,tv_umpire,M Erasmus
info,match_referee,RS Mahanama
info,winner,Ireland
info,winner_wickets,3
info,player,England,AJ Strauss
info,player,England,KP Pietersen
info,player,England,IJL Trott
info,player,England,IR Bell
info,player,England,PD Collingwood
info,player,England,MJ Prior
info,player,England,TT Bresnan
info,player,England,MH Yardy
info,player,England,GP Swann
info,player,England,SCJ Broad
info,player,England,JM Anderson
info,player,Ireland,WTS Porterfield
info,player,Ireland,PR Stirling
info,player,Ireland,EC Joyce
info,player,Ireland,NJ O'Brien
info,player,Ireland,GC Wilson
info,player,Ireland,KJ O'Brien
info,player,Ireland,AR Cusack
info,player,Ireland,JF Mooney
info,player,Ireland,DT Johnston
info,player,Ireland,GH Dockrell
info,player,Ireland,WB Rankin
info,registry,people,AJ Strauss,b68d14a9
info,registry,people,AR Cusack,568e5a4a
info,registry,people,Aleem Dar,f02778d1
info,registry,people,BF Bowden,efc0a862
info,registry,people,DT Johnston,e01895bb
info,registry,people,EC Joyce,a48fc79d
info,registry,people,GC Wilson,05de1a5a
info,registry,people,GH Dockrell,99cddc5e
info,registry,people,GP Swann,221ad9d9
info,registry,people,IJL Trott,ac7fa28f
info,registry,people,IR Bell,33155d1b
info,registry,people,JF Mooney,aae9ce90
info,registry,people,JM Anderson,d12143bf
info,registry,people,KJ O'Brien,243431b5
info,registry,people,KP Pietersen,39f01cdb
info,registry,people,M Erasmus,15d3c895
info,registry,people,MH Yardy,3812d56b
info,registry,people,MJ Prior,1200550f
info,registry,people,NJ O'Brien,84826f48
info,registry,people,PD Collingwood,a386e91b
info,registry,people,PR Stirling,cf494ffe
info,registry,people,RJ Tucker,38810cfc
info,registry,people,RS Mahanama,57910393
info,registry,people,SCJ Broad,eba6a852
info,registry,people,TT Bresnan,58043739
info,registry,people,WB Rankin,29b89ae8
info,registry,people,WTS Porterfield,ec02b798
ball,1,0.1,England,AJ Strauss,KP Pietersen,WB Rankin,0,0,,,,,,"",""
ball,1,0.2,England,AJ Strauss,KP Pietersen,WB Rankin,1,0,,,,,,"",""
ball,1,0.3,England,KP Pietersen,AJ Strauss,WB Rankin,0,0,,,,,,"",""
ball,1,0.4,England,KP Pietersen,AJ Strauss,WB Rankin,2,0,,,,,,"",""
ball,1,0.5,England,KP Pietersen,AJ Strauss,WB Rankin,0,0,,,,,,"",""
ball,1,0.6,England,KP Pietersen,AJ Strauss,WB Rankin,4,0,,,,,,"",""
ball,1,1.1,England,AJ Strauss,KP Pietersen,DT Johnston,0,0,,,,,,"",""
ball,1,1.2,England,AJ Strauss,KP Pietersen,DT Johnston,2,0,,,,,,"",""
ball,1,1.3,England,AJ Strauss,KP Pietersen,DT Johnston,0,0,,,,,,"",""
ball,1,1.4,England,AJ Strauss,KP Pietersen,DT Johnston,1,0,,,,,,"",""
ball,1,1.5,England,KP Pietersen,AJ Strauss,DT Johnston,1,0,,,,,,"",""
ball,1,1.6,England,AJ Strauss,KP Pietersen,DT Johnston,0,0,,,,,,"",""
ball,1,2.1,England,KP Pietersen,AJ Strauss,WB Rankin,4,0,,,,,,"",""
ball,1,2.2,England,KP Pietersen,AJ Strauss,WB Rankin,4,0,,,,,,"",""
ball,1,2.3,England,KP Pietersen,AJ Strauss,WB Rankin,0,0,,,,,,"",""
ball,1,2.4,England,KP Pietersen,AJ Strauss,WB Rankin,0,0,,,,,,"",""
ball,1,2.5,England,KP Pietersen,AJ Strauss,WB Rankin,1,0,,,,,,"",""
ball,1,2.6,England,AJ Strauss,KP Pietersen,WB Rankin,2,0,,,,,,"",""
ball,1,3.1,England,KP Pietersen,AJ Strauss,DT Johnston,0,0,,,,,,"",""
ball,1,3.2,England,KP Pietersen,AJ Strauss,DT Johnston,1,0,,,,,,"",""
ball,1,3.3,England,AJ Strauss,KP Pietersen,DT Johnston,0,0,,,,,,"",""
ball,1,3.4,England,AJ Strauss,KP Pietersen,DT Johnston,4,0,,,,,,"",""
ball,1,3.5,England,AJ Strauss,KP Pietersen,DT Johnston,0,0,,,,,,"",""
ball,1,3.6,England,AJ Strauss,KP Pietersen,DT Johnston,0,0,,,,,,"",""
ball,1,4.1,England,KP Pietersen,AJ Strauss,WB Rankin,0,0,,,,,,"",""
ball,1,4.2,England,KP Pietersen,AJ Strauss,WB Rankin,0,0,,,,,,"",""
ball,1,4.3,England,KP Pietersen,AJ Strauss,WB Rankin,1,0,,,,,,"",""
ball,1,4.4,England,AJ Strauss,KP Pietersen,WB Rankin,0,0,,,,,,"",""
ball,1,4.5,England,AJ Strauss,KP Pietersen,WB Rankin,0,0,,,,,,"",""
ball,1,4.6,England,AJ Strauss,KP Pietersen,WB Rankin,6,0,,,,,,"",""
ball,1,5.1,England,KP Pietersen,AJ Strauss,DT Johnston,0,0,,,,,,"",""
ball,1,5.2,England,KP Pietersen,AJ Strauss,DT Johnston,1,0,,,,,,"",""
ball,1,5.3,England,AJ Strauss,KP Pietersen,DT Johnston,1,0,,,,,,"",""
ball,1,5.4,England,KP Pietersen,AJ Strauss,DT Johnston,0,0,,,,,,"",""
ball,1,5.5,England,KP Pietersen,AJ Strauss,DT Johnston,0,0,,,,,,"",""
ball,1,5.6,England,KP Pietersen,AJ Strauss,DT Johnston,4,0,,,,,,"",""
ball,1,6.1,England,AJ Strauss,KP Pietersen,WB Rankin,2,0,,,,,,"",""
ball,1,6.2,England,AJ Strauss,KP Pietersen,WB Rankin,0,0,,,,,,"",""
ball,1,6.3,England,AJ Strauss,KP Pietersen,WB Rankin,0,0,,,,,,"",""
ball,1,6.4,England,AJ Strauss,KP Pietersen,WB Rankin,0,1,1,,,,,"",""
ball,1,6.5,England,AJ Strauss,KP Pietersen,WB Rankin,1,0,,,,,,"",""
ball,1,6.6,England,KP Pietersen,AJ Strauss,WB Rankin,0,1,1,,,,,"",""
ball,1,6.7,England,KP Pietersen,AJ Strauss,WB Rankin,0,0,,,,,,"",""
ball,1,6.8,England,KP Pietersen,AJ Strauss,WB Rankin,1,0,,,,,,"",""
ball,1,7.1,England,KP Pietersen,AJ Strauss,DT Johnston,1,0,,,,,,"",""
ball,1,7.2,England,AJ Strauss,KP Pietersen,DT Johnston,1,0,,,,,,"",""
ball,1,7.3,England,KP Pietersen,AJ Strauss,DT Johnston,0,0,,,,,,"",""
ball,1,7.4,England,KP Pietersen,AJ Strauss,DT Johnston,1,0,,,,,,"",""
ball,1,7.5,England,AJ Strauss,KP Pietersen,DT Johnston,1,0,,,,,,"",""
ball,1,7.6,England,KP Pietersen,AJ Strauss,DT Johnston,0,0,,,,,,"",""
ball,1,8.1,England,AJ Strauss,KP Pietersen,AR Cusack,4,0,,,,,,"",""
ball,1,8.2,England,AJ Strauss,KP Pietersen,AR Cusack,1,0,,,,,,"",""
ball,1,8.3,England,KP Pietersen,AJ Strauss,AR Cusack,0,0,,,,,,"",""
ball,1,8.4,England,KP Pietersen,AJ Strauss,AR Cusack,4,0,,,,,,"",""
ball,1,8.5,England,KP Pietersen,AJ Strauss,AR Cusack,1,0,,,,,,"",""
ball,1,8.6,England,AJ Strauss,KP Pietersen,AR Cusack,0,0,,,,,,"",""
ball,1,9.1,England,KP Pietersen,AJ Strauss,DT Johnston,0,0,,,,,,"",""
ball,1,9.2,England,KP Pietersen,AJ Strauss,DT Johnston,6,0,,,,,,"",""
ball,1,9.3,England,KP Pietersen,AJ Strauss,DT Johnston,2,0,,,,,,"",""
ball,1,9.4,England,KP Pietersen,AJ Strauss,DT Johnston,2,0,,,,,,"",""
ball,1,9.5,England,KP Pietersen,AJ Strauss,DT Johnston,1,0,,,,,,"",""
ball,1,9.6,England,AJ Strauss,KP Pietersen,DT Johnston,1,0,,,,,,"",""
ball,1,10.1,England,AJ Strauss,KP Pietersen,AR Cusack,0,0,,,,,,"",""
ball,1,10.2,England,AJ Strauss,KP Pietersen,AR Cusack,0,0,,,,,,"",""
ball,1,10.3,England,AJ Strauss,KP Pietersen,AR Cusack,1,0,,,,,,"",""
ball,1,10.4,England,KP Pietersen,AJ Strauss,AR Cusack,0,0,,,,,,"",""
ball,1,10.5,England,KP Pietersen,AJ Strauss,AR Cusack,0,0,,,,,,"",""
ball,1,10.6,England,KP Pietersen,AJ Strauss,AR Cusack,4,0,,,,,,"",""
ball,1,11.1,England,AJ Strauss,KP Pietersen,GH Dockrell,1,0,,,,,,"",""
ball,1,11.2,England,KP Pietersen,AJ Strauss,GH Dockrell,1,0,,,,,,"",""
ball,1,11.3,England,AJ Strauss,KP Pietersen,GH Dockrell,0,1,1,,,,,"",""
ball,1,11.4,England,AJ Strauss,KP Pietersen,GH Dockrell,1,0,,,,,,"",""
ball,1,11.5,England,KP Pietersen,AJ Strauss,GH Dockrell,0,0,,,,,,"",""
ball,1,11.6,England,KP Pietersen,AJ Strauss,GH Dockrell,4,0,,,,,,"",""
ball,1,11.7,England,KP Pietersen,AJ Strauss,GH Dockrell,0,0,,,,,,"",""
ball,1,12.1,England,AJ Strauss,KP Pietersen,JF Mooney,2,0,,,,,,"",""
ball,1,12.2,England,AJ Strauss,KP Pietersen,JF Mooney,1,0,,,,,,"",""
ball,1,12.3,England,KP Pietersen,AJ Strauss,JF Mooney,1,0,,,,,,"",""
ball,1,12.4,England,AJ Strauss,KP Pietersen,JF Mooney,0,0,,,,,,"",""
ball,1,12.5,England,AJ Strauss,KP Pietersen,JF Mooney,0,0,,,,,,"",""
ball,1,12.6,England,AJ Strauss,KP Pietersen,JF Mooney,0,0,,,,,,"",""
ball,1,13.1,England,KP Pietersen,AJ Strauss,GH Dockrell,0,0,,,,,,"",""
ball,1,13.2,England,KP Pietersen,AJ Strauss,GH Dockrell,0,1,1,,,,,"",""
ball,1,13.3,England,KP Pietersen,AJ Strauss,GH Dockrell,1,0,,,,,,"",""
ball,1,13.4,England,AJ Strauss,KP Pietersen,GH Dockrell,0,0,,,,,,bowled,AJ Strauss
ball,1,13.5,England,IJL Trott,KP Pietersen,GH Dockrell,0,0,,,,,,"",""
ball,1,13.6,England,IJL Trott,KP Pietersen,GH Dockrell,0,0,,,,,,"",""
ball,1,13.7,England,IJL Trott,KP Pietersen,GH Dockrell,1,0,,,,,,"",""
ball,1,14.1,England,IJL Trott,KP Pietersen,JF Mooney,4,0,,,,,,"",""
ball,1,14.2,England,IJL Trott,KP Pietersen,JF Mooney,4,0,,,,,,"",""
ball,1,14.3,England,IJL Trott,KP Pietersen,JF Mooney,1,0,,,,,,"",""
ball,1,14.4,England,KP Pietersen,IJL Trott,JF Mooney,6,0,,,,,,"",""
ball,1,14.5,England,KP Pietersen,IJL Trott,JF Mooney,0,0,,,,,,"",""
ball,1,14.6,England,KP Pietersen,IJL Trott,JF Mooney,0,0,,,,,,"",""
ball,1,15.1,England,IJL Trott,KP Pietersen,GH Dockrell,0,0,,,,,,"",""
ball,1,15.2,England,IJL Trott,KP Pietersen,GH Dockrell,0,0,,,,,,"",""
ball,1,15.3,England,IJL Trott,KP Pietersen,GH Dockrell,2,0,,,,,,"",""
ball,1,15.4,England,IJL Trott,KP Pietersen,GH Dockrell,0,0,,,,,,"",""
ball,1,15.5,England,IJL Trott,KP Pietersen,GH Dockrell,0,0,,,,,,"",""
ball,1,15.6,England,IJL Trott,KP Pietersen,GH Dockrell,1,0,,,,,,"",""
ball,1,16.1,England,IJL Trott,KP Pietersen,PR Stirling,0,0,,,,,,"",""
ball,1,16.2,England,IJL Trott,KP Pietersen,PR Stirling,0,0,,,,,,"",""
ball,1,16.3,England,IJL Trott,KP Pietersen,PR Stirling,1,0,,,,,,"",""
ball,1,16.4,England,KP Pietersen,IJL Trott,PR Stirling,0,0,,,,,,"",""
ball,1,16.5,England,KP Pietersen,IJL Trott,PR Stirling,0,0,,,,,,"",""
ball,1,16.6,England,KP Pietersen,IJL Trott,PR Stirling,0,0,,,,,,caught,KP Pietersen
ball,1,17.1,England,IJL Trott,IR Bell,GH Dockrell,0,0,,,,,,"",""
ball,1,17.2,England,IJL Trott,IR Bell,GH Dockrell,3,0,,,,,,"",""
ball,1,17.3,England,IR Bell,IJL Trott,GH Dockrell,0,0,,,,,,"",""
ball,1,17.4,England,IR Bell,IJL Trott,GH Dockrell,0,0,,,,,,"",""
ball,1,17.5,England,IR Bell,IJL Trott,GH Dockrell,0,0,,,,,,"",""
ball,1,17.6,England,IR Bell,IJL Trott,GH Dockrell,0,0,,,,,,"",""
ball,1,18.1,England,IJL Trott,IR Bell,PR Stirling,1,0,,,,,,"",""
ball,1,18.2,England,IR Bell,IJL Trott,PR Stirling,0,0,,,,,,"",""
ball,1,18.3,England,IR Bell,IJL Trott,PR Stirling,1,0,,,,,,"",""
ball,1,18.4,England,IJL Trott,IR Bell,PR Stirling,2,0,,,,,,"",""
ball,1,18.5,England,IJL Trott,IR Bell,PR Stirling,0,0,,,,,,"",""
ball,1,18.6,England,IJL Trott,IR Bell,PR Stirling,0,0,,,,,,"",""
ball,1,19.1,England,IR Bell,IJL Trott,JF Mooney,0,0,,,,,,"",""
ball,1,19.2,England,IR Bell,IJL Trott,JF Mooney,1,0,,,,,,"",""
ball,1,19.3,England,IJL Trott,IR Bell,JF Mooney,0,0,,,,,,"",""
ball,1,19.4,England,IJL Trott,IR Bell,JF Mooney,2,0,,,,,,"",""
ball,1,19.5,England,IJL Trott,IR Bell,JF Mooney,1,0,,,,,,"",""
ball,1,19.6,England,IR Bell,IJL Trott,JF Mooney,0,0,,,,,,"",""
ball,1,20.1,England,IJL Trott,IR Bell,PR Stirling,1,0,,,,,,"",""
ball,1,20.2,England,IR Bell,IJL Trott,PR Stirling,0,0,,,,,,"",""
ball,1,20.3,England,IR Bell,IJL Trott,PR Stirling,1,0,,,,,,"",""
ball,1,20.4,England,IJL Trott,IR Bell,PR Stirling,0,0,,,,,,"",""
ball,1,20.5,England,IJL Trott,IR Bell,PR Stirling,1,0,,,,,,"",""
ball,1,20.6,England,IR Bell,IJL Trott,PR Stirling,1,0,,,,,,"",""
ball,1,21.1,England,IR Bell,IJL Trott,JF Mooney,1,0,,,,,,"",""
ball,1,21.2,England,IJL Trott,IR Bell,JF Mooney,0,0,,,,,,"",""
ball,1,21.3,England,IJL Trott,IR Bell,JF Mooney,1,0,,,,,,"",""
ball,1,21.4,England,IR Bell,IJL Trott,JF Mooney,1,0,,,,,,"",""
ball,1,21.5,England,IJL Trott,IR Bell,JF Mooney,1,0,,,,,,"",""
ball,1,21.6,England,IR Bell,IJL Trott,JF Mooney,0,0,,,,,,"",""
ball,1,22.1,England,IJL Trott,IR Bell,PR Stirling,1,0,,,,,,"",""
ball,1,22.2,England,IR Bell,IJL Trott,PR Stirling,1,0,,,,,,"",""
ball,1,22.3,England,IJL Trott,IR Bell,PR Stirling,4,0,,,,,,"",""
ball,1,22.4,England,IJL Trott,IR Bell,PR Stirling,0,0,,,,,,"",""
ball,1,22.5,England,IJL Trott,IR Bell,PR Stirling,1,0,,,,,,"",""
ball,1,22.6,England,IR Bell,IJL Trott,PR Stirling,1,0,,,,,,"",""
ball,1,23.1,England,IR Bell,IJL Trott,JF Mooney,1,0,,,,,,"",""
ball,1,23.2,England,IJL Trott,IR Bell,JF Mooney,0,0,,,,,,"",""
ball,1,23.3,England,IJL Trott,IR Bell,JF Mooney,1,0,,,,,,"",""
ball,1,23.4,England,IR Bell,IJL Trott,JF Mooney,2,0,,,,,,"",""
ball,1,23.5,England,IR Bell,IJL Trott,JF Mooney,0,0,,,,,,"",""
ball,1,23.6,England,IR Bell,IJL Trott,JF Mooney,1,0,,,,,,"",""
ball,1,24.1,England,IR Bell,IJL Trott,PR Stirling,0,0,,,,,,"",""
ball,1,24.2,England,IR Bell,IJL Trott,PR Stirling,0,0,,,,,,"",""
ball,1,24.3,England,IR Bell,IJL Trott,PR Stirling,0,0,,,,,,"",""
ball,1,24.4,England,IR Bell,IJL Trott,PR Stirling,1,0,,,,,,"",""
ball,1,24.5,England,IJL Trott,IR Bell,PR Stirling,0,0,,,,,,"",""
ball,1,24.6,England,IJL Trott,IR Bell,PR Stirling,0,0,,,,,,"",""
ball,1,25.1,England,IR Bell,IJL Trott,AR Cusack,1,0,,,,,,"",""
ball,1,25.2,England,IJL Trott,IR Bell,AR Cusack,1,0,,,,,,"",""
ball,1,25.3,England,IR Bell,IJL Trott,AR Cusack,4,0,,,,,,"",""
ball,1,25.4,England,IR Bell,IJL Trott,AR Cusack,1,0,,,,,,"",""
ball,1,25.5,England,IJL Trott,IR Bell,AR Cusack,0,0,,,,,,"",""
ball,1,25.6,England,IJL Trott,IR Bell,AR Cusack,1,0,,,,,,"",""
ball,1,26.1,England,IJL Trott,IR Bell,PR Stirling,4,0,,,,,,"",""
ball,1,26.2,England,IJL Trott,IR Bell,PR Stirling,0,0,,,,,,"",""
ball,1,26.3,England,IJL Trott,IR Bell,PR Stirling,0,0,,,,,,"",""
ball,1,26.4,England,IJL Trott,IR Bell,PR Stirling,0,0,,,,,,"",""
ball,1,26.5,England,IJL Trott,IR Bell,PR Stirling,1,0,,,,,,"",""
ball,1,26.6,England,IR Bell,IJL Trott,PR Stirling,1,0,,,,,,"",""
ball,1,27.1,England,IR Bell,IJL Trott,GH Dockrell,0,0,,,,,,"",""
ball,1,27.2,England,IR Bell,IJL Trott,GH Dockrell,1,0,,,,,,"",""
ball,1,27.3,England,IJL Trott,IR Bell,GH Dockrell,0,0,,,,,,"",""
ball,1,27.4,England,IJL Trott,IR Bell,GH Dockrell,1,0,,,,,,"",""
ball,1,27.5,England,IR Bell,IJL Trott,GH Dockrell,0,0,,,,,,"",""
ball,1,27.6,England,IR Bell,IJL Trott,GH Dockrell,1,0,,,,,,"",""
ball,1,28.1,England,IR Bell,IJL Trott,PR Stirling,0,0,,,,,,"",""
ball,1,28.2,England,IR Bell,IJL Trott,PR Stirling,0,0,,,,,,"",""
ball,1,28.3,England,IR Bell,IJL Trott,PR Stirling,1,0,,,,,,"",""
ball,1,28.4,England,IJL Trott,IR Bell,PR Stirling,1,0,,,,,,"",""
ball,1,28.5,England,IR Bell,IJL Trott,PR Stirling,1,0,,,,,,"",""
ball,1,28.6,England,IJL Trott,IR Bell,PR Stirling,0,0,,,,,,"",""
ball,1,29.1,England,IR Bell,IJL Trott,GH Dockrell,1,0,,,,,,"",""
ball,1,29.2,England,IJL Trott,IR Bell,GH Dockrell,1,0,,,,,,"",""
ball,1,29.3,England,IR Bell,IJL Trott,GH Dockrell,6,0,,,,,,"",""
ball,1,29.4,England,IR Bell,IJL Trott,GH Dockrell,0,1,,,,1,,"",""
ball,1,29.5,England,IJL Trott,IR Bell,GH Dockrell,1,0,,,,,,"",""
ball,1,29.6,England,IR Bell,IJL Trott,GH Dockrell,1,0,,,,,,"",""
ball,1,30.1,England,IR Bell,IJL Trott,PR Stirling,1,0,,,,,,"",""
ball,1,30.2,England,IJL Trott,IR Bell,PR Stirling,1,0,,,,,,"",""
ball,1,30.3,England,IR Bell,IJL Trott,PR Stirling,0,0,,,,,,"",""
ball,1,30.4,England,IR Bell,IJL Trott,PR Stirling,0,0,,,,,,"",""
ball,1,30.5,England,IR Bell,IJL Trott,PR Stirling,0,0,,,,,,"",""
ball,1,30.6,England,IR Bell,IJL Trott,PR Stirling,1,0,,,,,,"",""
ball,1,31.1,England,IR Bell,IJL Trott,GH Dockrell,4,0,,,,,,"",""
ball,1,31.2,England,IR Bell,IJL Trott,GH Dockrell,0,0,,,,,,"",""
ball,1,31.3,England,IR Bell,IJL Trott,GH Dockrell,0,0,,,,,,"",""
ball,1,31.4,England,IR Bell,IJL Trott,GH Dockrell,1,0,,,,,,"",""
ball,1,31.5,England,IJL Trott,IR Bell,GH Dockrell,2,0,,,,,,"",""
ball,1,31.6,England,IJL Trott,IR Bell,GH Dockrell,4,0,,,,,,"",""
ball,1,32.1,England,IR Bell,IJL Trott,PR Stirling,0,0,,,,,,"",""
ball,1,32.2,England,IR Bell,IJL Trott,PR Stirling,1,0,,,,,,"",""
ball,1,32.3,England,IJL Trott,IR Bell,PR Stirling,1,0,,,,,,"",""
ball,1,32.4,England,IR Bell,IJL Trott,PR Stirling,2,0,,,,,,"",""
ball,1,32.5,England,IR Bell,IJL Trott,PR Stirling,1,0,,,,,,"",""
ball,1,32.6,England,IJL Trott,IR Bell,PR Stirling,4,0,,,,,,"",""
ball,1,33.1,England,IR Bell,IJL Trott,WB Rankin,0,0,,,,,,"",""
ball,1,33.2,England,IR Bell,IJL Trott,WB Rankin,0,0,,,,,,"",""
ball,1,33.3,England,IR Bell,IJL Trott,WB Rankin,4,0,,,,,,"",""
ball,1,33.4,England,IR Bell,IJL Trott,WB Rankin,0,0,,,,,,"",""
ball,1,33.5,England,IR Bell,IJL Trott,WB Rankin,1,0,,,,,,"",""
ball,1,33.6,England,IJL Trott,IR Bell,WB Rankin,0,1,1,,,,,"",""
ball,1,33.7,England,IJL Trott,IR Bell,WB Rankin,1,0,,,,,,"",""
ball,1,34.1,England,IJL Trott,IR Bell,PR Stirling,1,0,,,,,,"",""
ball,1,34.2,England,IR Bell,IJL Trott,PR Stirling,1,0,,,,,,"",""
ball,1,34.3,England,IJL Trott,IR Bell,PR Stirling,0,0,,,,,,"",""
ball,1,34.4,England,IJL Trott,IR Bell,PR Stirling,1,0,,,,,,"",""
ball,1,34.5,England,IR Bell,IJL Trott,PR Stirling,2,0,,,,,,"",""
ball,1,34.6,England,IR Bell,IJL Trott,PR Stirling,1,0,,,,,,"",""
ball,1,35.1,England,IR Bell,IJL Trott,DT Johnston,1,0,,,,,,"",""
ball,1,35.2,England,IJL Trott,IR Bell,DT Johnston,0,0,,,,,,"",""
ball,1,35.3,England,IJL Trott,IR Bell,DT Johnston,1,0,,,,,,"",""
ball,1,35.4,England,IR Bell,IJL Trott,DT Johnston,1,0,,,,,,"",""
ball,1,35.5,England,IJL Trott,IR Bell,DT Johnston,0,0,,,,,,"",""
ball,1,35.6,England,IJL Trott,IR Bell,DT Johnston,1,0,,,,,,"",""
ball,1,36.1,England,IJL Trott,IR Bell,GH Dockrell,2,0,,,,,,"",""
ball,1,36.2,England,IJL Trott,IR Bell,GH Dockrell,0,0,,,,,,"",""
ball,1,36.3,England,IJL Trott,IR Bell,GH Dockrell,1,0,,,,,,"",""
ball,1,36.4,England,IR Bell,IJL Trott,GH Dockrell,1,0,,,,,,"",""
ball,1,36.5,England,IJL Trott,IR Bell,GH Dockrell,1,0,,,,,,"",""
ball,1,36.6,England,IR Bell,IJL Trott,GH Dockrell,4,0,,,,,,"",""
ball,1,37.1,England,IJL Trott,IR Bell,DT Johnston,1,0,,,,,,"",""
ball,1,37.2,England,IR Bell,IJL Trott,DT Johnston,1,0,,,,,,"",""
ball,1,37.3,England,IJL Trott,IR Bell,DT Johnston,1,0,,,,,,"",""
ball,1,37.4,England,IR Bell,IJL Trott,DT Johnston,4,0,,,,,,"",""
ball,1,37.5,England,IR Bell,IJL Trott,DT Johnston,1,0,,,,,,"",""
ball,1,37.6,England,IJL Trott,IR Bell,DT Johnston,1,0,,,,,,"",""
ball,1,38.1,England,IJL Trott,IR Bell,GH Dockrell,1,0,,,,,,"",""
ball,1,38.2,England,IR Bell,IJL Trott,GH Dockrell,1,0,,,,,,"",""
ball,1,38.3,England,IJL Trott,IR Bell,GH Dockrell,0,1,1,,,,,"",""
ball,1,38.4,England,IJL Trott,IR Bell,GH Dockrell,1,0,,,,,,"",""
ball,1,38.5,England,IR Bell,IJL Trott,GH Dockrell,1,0,,,,,,"",""
ball,1,38.6,England,IJL Trott,IR Bell,GH Dockrell,0,0,,,,,,"",""
ball,1,38.7,England,IJL Trott,IR Bell,GH Dockrell,0,2,2,,,,,"",""
ball,1,38.8,England,IR Bell,IJL Trott,GH Dockrell,1,0,,,,,,"",""
ball,1,39.1,England,IR Bell,IJL Trott,AR Cusack,1,0,,,,,,"",""
ball,1,39.2,England,IJL Trott,IR Bell,AR Cusack,0,5,5,,,,,"",""
ball,1,39.3,England,IJL Trott,IR Bell,AR Cusack,1,0,,,,,,"",""
ball,1,39.4,England,IR Bell,IJL Trott,AR Cusack,0,0,,,,,,"",""
ball,1,39.5,England,IR Bell,IJL Trott,AR Cusack,1,0,,,,,,"",""
ball,1,39.6,England,IJL Trott,IR Bell,AR Cusack,4,0,,,,,,"",""
ball,1,39.7,England,IJL Trott,IR Bell,AR Cusack,4,0,,,,,,"",""
ball,1,40.1,England,IR Bell,IJL Trott,GH Dockrell,1,0,,,,,,"",""
ball,1,40.2,England,IJL Trott,IR Bell,GH Dockrell,1,0,,,,,,"",""
ball,1,40.3,England,IR Bell,IJL Trott,GH Dockrell,0,5,5,,,,,"",""
ball,1,40.4,England,IR Bell,IJL Trott,GH Dockrell,1,0,,,,,,"",""
ball,1,40.5,England,IJL Trott,IR Bell,GH Dockrell,0,0,,,,,,"",""
ball,1,40.6,England,IJL Trott,IR Bell,GH Dockrell,1,0,,,,,,"",""
ball,1,40.7,England,IR Bell,IJL Trott,GH Dockrell,1,0,,,,,,"",""
ball,1,41.1,England,IR Bell,IJL Trott,DT Johnston,0,0,,,,,,"",""
ball,1,41.2,England,IR Bell,IJL Trott,DT Johnston,1,0,,,,,,"",""
ball,1,41.3,England,IJL Trott,IR Bell,DT Johnston,0,0,,,,,,"",""
ball,1,41.4,England,IJL Trott,IR Bell,DT Johnston,1,0,,,,,,"",""
ball,1,41.5,England,IR Bell,IJL Trott,DT Johnston,4,0,,,,,,"",""
ball,1,41.6,England,IR Bell,IJL Trott,DT Johnston,1,0,,,,,,"",""
ball,1,42.1,England,IR Bell,IJL Trott,JF Mooney,1,0,,,,,,"",""
ball,1,42.2,England,IJL Trott,IR Bell,JF Mooney,1,0,,,,,,"",""
ball,1,42.3,England,IR Bell,IJL Trott,JF Mooney,0,0,,,,,,"",""
ball,1,42.4,England,IR Bell,IJL Trott,JF Mooney,1,0,,,,,,"",""
ball,1,42.5,England,IJL Trott,IR Bell,JF Mooney,1,0,,,,,,"",""
ball,1,42.6,England,IR Bell,IJL Trott,JF Mooney,0,0,,,,,,caught,IR Bell
ball,1,43.1,England,IJL Trott,PD Collingwood,WB Rankin,4,0,,,,,,"",""
ball,1,43.2,England,IJL Trott,PD Collingwood,WB Rankin,0,1,1,,,,,"",""
ball,1,43.3,England,IJL Trott,PD Collingwood,WB Rankin,1,0,,,,,,"",""
ball,1,43.4,England,PD Collingwood,IJL Trott,WB Rankin,1,0,,,,,,"",""
ball,1,43.5,England,IJL Trott,PD Collingwood,WB Rankin,1,0,,,,,,"",""
ball,1,43.6,England,PD Collingwood,IJL Trott,WB Rankin,1,0,,,,,,"",""
ball,1,43.7,England,IJL Trott,PD Collingwood,WB Rankin,1,0,,,,,,"",""
ball,1,44.1,England,IJL Trott,PD Collingwood,JF Mooney,0,0,,,,,,"",""
ball,1,44.2,England,IJL Trott,PD Collingwood,JF Mooney,0,0,,,,,,"",""
ball,1,44.3,England,IJL Trott,PD Collingwood,JF Mooney,0,0,,,,,,bowled,IJL Trott
ball,1,44.4,England,MJ Prior,PD Collingwood,JF Mooney,0,1,,,1,,,"",""
ball,1,44.5,England,PD Collingwood,MJ Prior,JF Mooney,1,0,,,,,,"",""
ball,1,44.6,England,MJ Prior,PD Collingwood,JF Mooney,4,0,,,,,,"",""
ball,1,45.1,England,PD Collingwood,MJ Prior,DT Johnston,0,1,,,,1,,"",""
ball,1,45.2,England,MJ Prior,PD Collingwood,DT Johnston,1,0,,,,,,"",""
ball,1,45.3,England,PD Collingwood,MJ Prior,DT Johnston,1,0,,,,,,"",""
ball,1,45.4,England,MJ Prior,PD Collingwood,DT Johnston,1,0,,,,,,"",""
ball,1,45.5,England,PD Collingwood,MJ Prior,DT Johnston,1,0,,,,,,"",""
ball,1,45.6,England,MJ Prior,PD Collingwood,DT Johnston,0,0,,,,,,bowled,MJ Prior
ball,1,46.1,England,PD Collingwood,TT Bresnan,JF Mooney,2,0,,,,,,"",""
ball,1,46.2,England,PD Collingwood,TT Bresnan,JF Mooney,2,0,,,,,,"",""
ball,1,46.3,England,PD Collingwood,TT Bresnan,JF Mooney,6,0,,,,,,"",""
ball,1,46.4,England,PD Collingwood,TT Bresnan,JF Mooney,1,0,,,,,,"",""
ball,1,46.5,England,TT Bresnan,PD Collingwood,JF Mooney,1,0,,,,,,"",""
ball,1,46.6,England,PD Collingwood,TT Bresnan,JF Mooney,0,1,1,,,,,"",""
ball,1,46.7,England,PD Collingwood,TT Bresnan,JF Mooney,0,0,,,,,,caught,PD Collingwood
ball,1,47.1,England,MH Yardy,TT Bresnan,WB Rankin,1,0,,,,,,"",""
ball,1,47.2,England,TT Bresnan,MH Yardy,WB Rankin,0,0,,,,,,"",""
ball,1,47.3,England,TT Bresnan,MH Yardy,WB Rankin,1,0,,,,,,"",""
ball,1,47.4,England,MH Yardy,TT Bresnan,WB Rankin,0,0,,,,,,"",""
ball,1,47.5,England,MH Yardy,TT Bresnan,WB Rankin,0,0,,,,,,"",""
ball,1,47.6,England,MH Yardy,TT Bresnan,WB Rankin,1,0,,,,,,"",""
ball,1,48.1,England,MH Yardy,TT Bresnan,DT Johnston,1,0,,,,,,"",""
ball,1,48.2,England,TT Bresnan,MH Yardy,DT Johnston,1,0,,,,,,"",""
ball,1,48.3,England,MH Yardy,TT Bresnan,DT Johnston,0,0,,,,,,bowled,MH Yardy
ball,1,48.4,England,GP Swann,TT Bresnan,DT Johnston,1,0,,,,,,"",""
ball,1,48.5,England,TT Bresnan,GP Swann,DT Johnston,0,0,,,,,,"",""
ball,1,48.6,England,TT Bresnan,GP Swann,DT Johnston,0,0,,,,,,"",""
ball,1,49.1,England,GP Swann,TT Bresnan,JF Mooney,1,0,,,,,,"",""
ball,1,49.2,England,TT Bresnan,GP Swann,JF Mooney,1,0,,,,,,"",""
ball,1,49.3,England,GP Swann,TT Bresnan,JF Mooney,2,0,,,,,,"",""
ball,1,49.4,England,GP Swann,TT Bresnan,JF Mooney,4,0,,,,,,"",""
ball,1,49.5,England,GP Swann,TT Bresnan,JF Mooney,1,0,,,,,,"",""
ball,1,49.6,England,TT Bresnan,GP Swann,JF Mooney,0,0,,,,,,caught,TT Bresnan
ball,2,0.1,Ireland,WTS Porterfield,PR Stirling,JM Anderson,0,0,,,,,,bowled,WTS Porterfield
ball,2,0.2,Ireland,EC Joyce,PR Stirling,JM Anderson,0,0,,,,,,"",""
ball,2,0.3,Ireland,EC Joyce,PR Stirling,JM Anderson,0,0,,,,,,"",""
ball,2,0.4,Ireland,EC Joyce,PR Stirling,JM Anderson,1,0,,,,,,"",""
ball,2,0.5,Ireland,PR Stirling,EC Joyce,JM Anderson,0,1,1,,,,,"",""
ball,2,0.6,Ireland,PR Stirling,EC Joyce,JM Anderson,0,0,,,,,,"",""
ball,2,0.7,Ireland,PR Stirling,EC Joyce,JM Anderson,0,0,,,,,,"",""
ball,2,1.1,Ireland,EC Joyce,PR Stirling,SCJ Broad,0,0,,,,,,"",""
ball,2,1.2,Ireland,EC Joyce,PR Stirling,SCJ Broad,0,1,1,,,,,"",""
ball,2,1.3,Ireland,EC Joyce,PR Stirling,SCJ Broad,0,0,,,,,,"",""
ball,2,1.4,Ireland,EC Joyce,PR Stirling,SCJ Broad,1,0,,,,,,"",""
ball,2,1.5,Ireland,PR Stirling,EC Joyce,SCJ Broad,0,0,,,,,,"",""
ball,2,1.6,Ireland,PR Stirling,EC Joyce,SCJ Broad,6,0,,,,,,"",""
ball,2,1.7,Ireland,PR Stirling,EC Joyce,SCJ Broad,0,0,,,,,,"",""
ball,2,2.1,Ireland,EC Joyce,PR Stirling,JM Anderson,0,0,,,,,,"",""
ball,2,2.2,Ireland,EC Joyce,PR Stirling,JM Anderson,0,0,,,,,,"",""
ball,2,2.3,Ireland,EC Joyce,PR Stirling,JM Anderson,0,0,,,,,,"",""
ball,2,2.4,Ireland,EC Joyce,PR Stirling,JM Anderson,0,0,,,,,,"",""
ball,2,2.5,Ireland,EC Joyce,PR Stirling,JM Anderson,0,0,,,,,,"",""
ball,2,2.6,Ireland,EC Joyce,PR Stirling,JM Anderson,0,0,,,,,,"",""
ball,2,3.1,Ireland,PR Stirling,EC Joyce,SCJ Broad,4,0,,,,,,"",""
ball,2,3.2,Ireland,PR Stirling,EC Joyce,SCJ Broad,1,0,,,,,,"",""
ball,2,3.3,Ireland,EC Joyce,PR Stirling,SCJ Broad,1,0,,,,,,"",""
ball,2,3.4,Ireland,PR Stirling,EC Joyce,SCJ Broad,0,0,,,,,,"",""
ball,2,3.5,Ireland,PR Stirling,EC Joyce,SCJ Broad,0,0,,,,,,"",""
ball,2,3.6,Ireland,PR Stirling,EC Joyce,SCJ Broad,4,0,,,,,,"",""
ball,2,4.1,Ireland,EC Joyce,PR Stirling,JM Anderson,0,1,,,,1,,"",""
ball,2,4.2,Ireland,PR Stirling,EC Joyce,JM Anderson,0,0,,,,,,"",""
ball,2,4.3,Ireland,PR Stirling,EC Joyce,JM Anderson,0,0,,,,,,"",""
ball,2,4.4,Ireland,PR Stirling,EC Joyce,JM Anderson,0,1,,,,1,,"",""
ball,2,4.5,Ireland,EC Joyce,PR Stirling,JM Anderson,4,0,,,,,,"",""
ball,2,4.6,Ireland,EC Joyce,PR Stirling,JM Anderson,0,0,,,,,,"",""
ball,2,5.1,Ireland,PR Stirling,EC Joyce,SCJ Broad,0,0,,,,,,"",""
ball,2,5.2,Ireland,PR Stirling,EC Joyce,SCJ Broad,0,0,,,,,,"",""
ball,2,5.3,Ireland,PR Stirling,EC Joyce,SCJ Broad,1,0,,,,,,"",""
ball,2,5.4,Ireland,EC Joyce,PR Stirling,SCJ Broad,1,0,,,,,,"",""
ball,2,5.5,Ireland,PR Stirling,EC Joyce,SCJ Broad,4,0,,,,,,"",""
ball,2,5.6,Ireland,PR Stirling,EC Joyce,SCJ Broad,0,0,,,,,,"",""
ball,2,6.1,Ireland,EC Joyce,PR Stirling,JM Anderson,4,0,,,,,,"",""
ball,2,6.2,Ireland,EC Joyce,PR Stirling,JM Anderson,0,0,,,,,,"",""
ball,2,6.3,Ireland,EC Joyce,PR Stirling,JM Anderson,1,0,,,,,,"",""
ball,2,6.4,Ireland,PR Stirling,EC Joyce,JM Anderson,0,4,,,,4,,"",""
ball,2,6.5,Ireland,PR Stirling,EC Joyce,JM Anderson,0,1,,,,1,,"",""
ball,2,6.6,Ireland,EC Joyce,PR Stirling,JM Anderson,0,0,,,,,,"",""
ball,2,7.1,Ireland,PR Stirling,EC Joyce,TT Bresnan,1,0,,,,,,"",""
ball,2,7.2,Ireland,EC Joyce,PR Stirling,TT Bresnan,0,0,,,,,,"",""
ball,2,7.3,Ireland,EC Joyce,PR Stirling,TT Bresnan,0,0,,,,,,"",""
ball,2,7.4,Ireland,EC Joyce,PR Stirling,TT Bresnan,0,0,,,,,,"",""
ball,2,7.5,Ireland,EC Joyce,PR Stirling,TT Bresnan,1,0,,,,,,"",""
ball,2,7.6,Ireland,PR Stirling,EC Joyce,TT Bresnan,1,0,,,,,,"",""
ball,2,8.1,Ireland,PR Stirling,EC Joyce,MH Yardy,1,0,,,,,,"",""
ball,2,8.2,Ireland,EC Joyce,PR Stirling,MH Yardy,1,0,,,,,,"",""
ball,2,8.3,Ireland,PR Stirling,EC Joyce,MH Yardy,1,0,,,,,,"",""
ball,2,8.4,Ireland,EC Joyce,PR Stirling,MH Yardy,1,0,,,,,,"",""
ball,2,8.5,Ireland,PR Stirling,EC Joyce,MH Yardy,0,0,,,,,,"",""
ball,2,8.6,Ireland,PR Stirling,EC Joyce,MH Yardy,4,0,,,,,,"",""
ball,2,9.1,Ireland,EC Joyce,PR Stirling,TT Bresnan,4,0,,,,,,"",""
ball,2,9.2,Ireland,EC Joyce,PR Stirling,TT Bresnan,0,0,,,,,,"",""
ball,2,9.3,Ireland,EC Joyce,PR Stirling,TT Bresnan,1,0,,,,,,"",""
ball,2,9.4,Ireland,PR Stirling,EC Joyce,TT Bresnan,4,0,,,,,,"",""
ball,2,9.5,Ireland,PR Stirling,EC Joyce,TT Bresnan,0,0,,,,,,caught,PR Stirling
ball,2,9.6,Ireland,EC Joyce,NJ O'Brien,TT Bresnan,0,0,,,,,,"",""
ball,2,10.1,Ireland,NJ O'Brien,EC Joyce,GP Swann,0,0,,,,,,"",""
ball,2,10.2,Ireland,NJ O'Brien,EC Joyce,GP Swann,0,0,,,,,,"",""
ball,2,10.3,Ireland,NJ O'Brien,EC Joyce,GP Swann,1,0,,,,,,"",""
ball,2,10.4,Ireland,EC Joyce,NJ O'Brien,GP Swann,0,0,,,,,,"",""
ball,2,10.5,Ireland,EC Joyce,NJ O'Brien,GP Swann,0,0,,,,,,"",""
ball,2,10.6,Ireland,EC Joyce,NJ O'Brien,GP Swann,0,0,,,,,,"",""
ball,2,11.1,Ireland,NJ O'Brien,EC Joyce,TT Bresnan,0,0,,,,,,"",""
ball,2,11.2,Ireland,NJ O'Brien,EC Joyce,TT Bresnan,1,0,,,,,,"",""
ball,2,11.3,Ireland,EC Joyce,NJ O'Brien,TT Bresnan,0,0,,,,,,"",""
ball,2,11.4,Ireland,EC Joyce,NJ O'Brien,TT Bresnan,0,0,,,,,,"",""
ball,2,11.5,Ireland,EC Joyce,NJ O'Brien,TT Bresnan,0,0,,,,,,"",""
ball,2,11.6,Ireland,EC Joyce,NJ O'Brien,TT Bresnan,0,0,,,,,,"",""
ball,2,12.1,Ireland,NJ O'Brien,EC Joyce,GP Swann,0,0,,,,,,"",""
ball,2,12.2,Ireland,NJ O'Brien,EC Joyce,GP Swann,1,0,,,,,,"",""
ball,2,12.3,Ireland,EC Joyce,NJ O'Brien,GP Swann,0,0,,,,,,"",""
ball,2,12.4,Ireland,EC Joyce,NJ O'Brien,GP Swann,1,0,,,,,,"",""
ball,2,12.5,Ireland,NJ O'Brien,EC Joyce,GP Swann,0,0,,,,,,"",""
ball,2,12.6,Ireland,NJ O'Brien,EC Joyce,GP Swann,0,0,,,,,,"",""
ball,2,13.1,Ireland,EC Joyce,NJ O'Brien,TT Bresnan,0,0,,,,,,"",""
ball,2,13.2,Ireland,EC Joyce,NJ O'Brien,TT Bresnan,1,0,,,,,,"",""
ball,2,13.3,Ireland,NJ O'Brien,EC Joyce,TT Bresnan,0,0,,,,,,"",""
ball,2,13.4,Ireland,NJ O'Brien,EC Joyce,TT Bresnan,0,0,,,,,,"",""
ball,2,13.5,Ireland,NJ O'Brien,EC Joyce,TT Bresnan,1,0,,,,,,"",""
ball,2,13.6,Ireland,EC Joyce,NJ O'Brien,TT Bresnan,0,0,,,,,,"",""
ball,2,14.1,Ireland,NJ O'Brien,EC Joyce,GP Swann,0,0,,,,,,"",""
ball,2,14.2,Ireland,NJ O'Brien,EC Joyce,GP Swann,0,0,,,,,,"",""
ball,2,14.3,Ireland,NJ O'Brien,EC Joyce,GP Swann,0,0,,,,,,"",""
ball,2,14.4,Ireland,NJ O'Brien,EC Joyce,GP Swann,1,0,,,,,,"",""
ball,2,14.5,Ireland,EC Joyce,NJ O'Brien,GP Swann,1,0,,,,,,"",""
ball,2,14.6,Ireland,NJ O'Brien,EC Joyce,GP Swann,6,0,,,,,,"",""
ball,2,15.1,Ireland,EC Joyce,NJ O'Brien,TT Bresnan,1,0,,,,,,"",""
ball,2,15.2,Ireland,NJ O'Brien,EC Joyce,TT Bresnan,0,0,,,,,,"",""
ball,2,15.3,Ireland,NJ O'Brien,EC Joyce,TT Bresnan,0,0,,,,,,"",""
ball,2,15.4,Ireland,NJ O'Brien,EC Joyce,TT Bresnan,4,0,,,,,,"",""
ball,2,15.5,Ireland,NJ O'Brien,EC Joyce,TT Bresnan,0,1,1,,,,,"",""
ball,2,15.6,Ireland,NJ O'Brien,EC Joyce,TT Bresnan,4,0,,,,,,"",""
ball,2,15.7,Ireland,NJ O'Brien,EC Joyce,TT Bresnan,0,0,,,,,,"",""
ball,2,16.1,Ireland,EC Joyce,NJ O'Brien,GP Swann,0,0,,,,,,"",""
ball,2,16.2,Ireland,EC Joyce,NJ O'Brien,GP Swann,1,0,,,,,,"",""
ball,2,16.3,Ireland,NJ O'Brien,EC Joyce,GP Swann,0,0,,,,,,"",""
ball,2,16.4,Ireland,NJ O'Brien,EC Joyce,GP Swann,1,0,,,,,,"",""
ball,2,16.5,Ireland,EC Joyce,NJ O'Brien,GP Swann,1,0,,,,,,"",""
ball,2,16.6,Ireland,NJ O'Brien,EC Joyce,GP Swann,1,0,,,,,,"",""
ball,2,17.1,Ireland,NJ O'Brien,EC Joyce,PD Collingwood,1,0,,,,,,"",""
ball,2,17.2,Ireland,EC Joyce,NJ O'Brien,PD Collingwood,0,0,,,,,,"",""
ball,2,17.3,Ireland,EC Joyce,NJ O'Brien,PD Collingwood,0,0,,,,,,"",""
ball,2,17.4,Ireland,EC Joyce,NJ O'Brien,PD Collingwood,1,0,,,,,,"",""
ball,2,17.5,Ireland,NJ O'Brien,EC Joyce,PD Collingwood,0,0,,,,,,"",""
ball,2,17.6,Ireland,NJ O'Brien,EC Joyce,PD Collingwood,0,0,,,,,,"",""
ball,2,18.1,Ireland,EC Joyce,NJ O'Brien,GP Swann,0,0,,,,,,"",""
ball,2,18.2,Ireland,EC Joyce,NJ O'Brien,GP Swann,1,0,,,,,,"",""
ball,2,18.3,Ireland,NJ O'Brien,EC Joyce,GP Swann,1,0,,,,,,"",""
ball,2,18.4,Ireland,EC Joyce,NJ O'Brien,GP Swann,0,1,,,,1,,"",""
ball,2,18.5,Ireland,NJ O'Brien,EC Joyce,GP Swann,1,0,,,,,,"",""
ball,2,18.6,Ireland,EC Joyce,NJ O'Brien,GP Swann,0,0,,,,,,"",""
ball,2,19.1,Ireland,NJ O'Brien,EC Joyce,PD Collingwood,2,0,,,,,,"",""
ball,2,19.2,Ireland,NJ O'Brien,EC Joyce,PD Collingwood,2,0,,,,,,"",""
ball,2,19.3,Ireland,NJ O'Brien,EC Joyce,PD Collingwood,1,0,,,,,,"",""
ball,2,19.4,Ireland,EC Joyce,NJ O'Brien,PD Collingwood,1,0,,,,,,"",""
ball,2,19.5,Ireland,NJ O'Brien,EC Joyce,PD Collingwood,0,0,,,,,,"",""
ball,2,19.6,Ireland,NJ O'Brien,EC Joyce,PD Collingwood,0,0,,,,,,"",""
ball,2,20.1,Ireland,EC Joyce,NJ O'Brien,GP Swann,1,0,,,,,,"",""
ball,2,20.2,Ireland,NJ O'Brien,EC Joyce,GP Swann,0,0,,,,,,bowled,NJ O'Brien
ball,2,20.3,Ireland,GC Wilson,EC Joyce,GP Swann,0,0,,,,,,"",""
ball,2,20.4,Ireland,GC Wilson,EC Joyce,GP Swann,0,0,,,,,,"",""
ball,2,20.5,Ireland,GC Wilson,EC Joyce,GP Swann,0,0,,,,,,"",""
ball,2,20.6,Ireland,GC Wilson,EC Joyce,GP Swann,0,0,,,,,,"",""
ball,2,21.1,Ireland,EC Joyce,GC Wilson,PD Collingwood,1,0,,,,,,"",""
ball,2,21.2,Ireland,GC Wilson,EC Joyce,PD Collingwood,0,0,,,,,,"",""
ball,2,21.3,Ireland,GC Wilson,EC Joyce,PD Collingwood,0,0,,,,,,"",""
ball,2,21.4,Ireland,GC Wilson,EC Joyce,PD Collingwood,1,0,,,,,,"",""
ball,2,21.5,Ireland,EC Joyce,GC Wilson,PD Collingwood,0,0,,,,,,"",""
ball,2,21.6,Ireland,EC Joyce,GC Wilson,PD Collingwood,0,0,,,,,,"",""
ball,2,22.1,Ireland,GC Wilson,EC Joyce,GP Swann,1,0,,,,,,"",""
ball,2,22.2,Ireland,EC Joyce,GC Wilson,GP Swann,0,0,,,,,,stumped,EC Joyce
ball,2,22.3,Ireland,KJ O'Brien,GC Wilson,GP Swann,0,0,,,,,,"",""
ball,2,22.4,Ireland,KJ O'Brien,GC Wilson,GP Swann,4,0,,,,,,"",""
ball,2,22.5,Ireland,KJ O'Brien,GC Wilson,GP Swann,0,0,,,,,,"",""
ball,2,22.6,Ireland,KJ O'Brien,GC Wilson,GP Swann,0,0,,,,,,"",""
ball,2,23.1,Ireland,GC Wilson,KJ O'Brien,MH Yardy,0,0,,,,,,"",""
ball,2,23.2,Ireland,GC Wilson,KJ O'Brien,MH Yardy,0,0,,,,,,"",""
ball,2,23.3,Ireland,GC Wilson,KJ O'Brien,MH Yardy,0,0,,,,,,"",""
ball,2,23.4,Ireland,GC Wilson,KJ O'Brien,MH Yardy,1,0,,,,,,"",""
ball,2,23.5,Ireland,KJ O'Brien,GC Wilson,MH Yardy,0,0,,,,,,"",""
ball,2,23.6,Ireland,KJ O'Brien,GC Wilson,MH Yardy,0,0,,,,,,"",""
ball,2,24.1,Ireland,GC Wilson,KJ O'Brien,GP Swann,0,0,,,,,,"",""
ball,2,24.2,Ireland,GC Wilson,KJ O'Brien,GP Swann,0,0,,,,,,lbw,GC Wilson
ball,2,24.3,Ireland,AR Cusack,KJ O'Brien,GP Swann,2,0,,,,,,"",""
ball,2,24.4,Ireland,AR Cusack,KJ O'Brien,GP Swann,0,0,,,,,,"",""
ball,2,24.5,Ireland,AR Cusack,KJ O'Brien,GP Swann,0,0,,,,,,"",""
ball,2,24.6,Ireland,AR Cusack,KJ O'Brien,GP Swann,0,0,,,,,,"",""
ball,2,25.1,Ireland,KJ O'Brien,AR Cusack,MH Yardy,1,0,,,,,,"",""
ball,2,25.2,Ireland,AR Cusack,KJ O'Brien,MH Yardy,1,0,,,,,,"",""
ball,2,25.3,Ireland,KJ O'Brien,AR Cusack,MH Yardy,4,0,,,,,,"",""
ball,2,25.4,Ireland,KJ O'Brien,AR Cusack,MH Yardy,0,0,,,,,,"",""
ball,2,25.5,Ireland,KJ O'Brien,AR Cusack,MH Yardy,4,0,,,,,,"",""
ball,2,25.6,Ireland,KJ O'Brien,AR Cusack,MH Yardy,0,0,,,,,,"",""
ball,2,26.1,Ireland,AR Cusack,KJ O'Brien,GP Swann,0,0,,,,,,"",""
ball,2,26.2,Ireland,AR Cusack,KJ O'Brien,GP Swann,2,0,,,,,,"",""
ball,2,26.3,Ireland,AR Cusack,KJ O'Brien,GP Swann,1,0,,,,,,"",""
ball,2,26.4,Ireland,KJ O'Brien,AR Cusack,GP Swann,6,0,,,,,,"",""
ball,2,26.5,Ireland,KJ O'Brien,AR Cusack,GP Swann,0,0,,,,,,"",""
ball,2,26.6,Ireland,KJ O'Brien,AR Cusack,GP Swann,6,0,,,,,,"",""
ball,2,27.1,Ireland,AR Cusack,KJ O'Brien,SCJ Broad,0,0,,,,,,"",""
ball,2,27.2,Ireland,AR Cusack,KJ O'Brien,SCJ Broad,0,0,,,,,,"",""
ball,2,27.3,Ireland,AR Cusack,KJ O'Brien,SCJ Broad,1,0,,,,,,"",""
ball,2,27.4,Ireland,KJ O'Brien,AR Cusack,SCJ Broad,0,0,,,,,,"",""
ball,2,27.5,Ireland,KJ O'Brien,AR Cusack,SCJ Broad,0,5,5,,,,,"",""
ball,2,27.6,Ireland,KJ O'Brien,AR Cusack,SCJ Broad,4,0,,,,,,"",""
ball,2,27.7,Ireland,KJ O'Brien,AR Cusack,SCJ Broad,0,1,,,,1,,"",""
ball,2,28.1,Ireland,KJ O'Brien,AR Cusack,GP Swann,0,1,,,,1,,"",""
ball,2,28.2,Ireland,AR Cusack,KJ O'Brien,GP Swann,1,0,,,,,,"",""
ball,2,28.3,Ireland,KJ O'Brien,AR Cusack,GP Swann,0,0,,,,,,"",""
ball,2,28.4,Ireland,KJ O'Brien,AR Cusack,GP Swann,4,0,,,,,,"",""
ball,2,28.5,Ireland,KJ O'Brien,AR Cusack,GP Swann,1,0,,,,,,"",""
ball,2,28.6,Ireland,AR Cusack,KJ O'Brien,GP Swann,0,0,,,,,,"",""
ball,2,29.1,Ireland,KJ O'Brien,AR Cusack,SCJ Broad,1,0,,,,,,"",""
ball,2,29.2,Ireland,AR Cusack,KJ O'Brien,SCJ Broad,0,0,,,,,,"",""
ball,2,29.3,Ireland,AR Cusack,KJ O'Brien,SCJ Broad,4,0,,,,,,"",""
ball,2,29.4,Ireland,AR Cusack,KJ O'Brien,SCJ Broad,4,0,,,,,,"",""
ball,2,29.5,Ireland,AR Cusack,KJ O'Brien,SCJ Broad,0,0,,,,,,"",""
ball,2,29.6,Ireland,AR Cusack,KJ O'Brien,SCJ Broad,1,0,,,,,,"",""
ball,2,30.1,Ireland,AR Cusack,KJ O'Brien,JM Anderson,0,0,,,,,,"",""
ball,2,30.2,Ireland,AR Cusack,KJ O'Brien,JM Anderson,0,0,,,,,,"",""
ball,2,30.3,Ireland,AR Cusack,KJ O'Brien,JM Anderson,0,0,,,,,,"",""
ball,2,30.4,Ireland,AR Cusack,KJ O'Brien,JM Anderson,0,0,,,,,,"",""
ball,2,30.5,Ireland,AR Cusack,KJ O'Brien,JM Anderson,1,0,,,,,,"",""
ball,2,30.6,Ireland,KJ O'Brien,AR Cusack,JM Anderson,0,0,,,,,,"",""
ball,2,31.1,Ireland,AR Cusack,KJ O'Brien,MH Yardy,1,0,,,,,,"",""
ball,2,31.2,Ireland,KJ O'Brien,AR Cusack,MH Yardy,0,2,2,,,,,"",""
ball,2,31.3,Ireland,AR Cusack,KJ O'Brien,MH Yardy,0,1,,,,1,,"",""
ball,2,31.4,Ireland,KJ O'Brien,AR Cusack,MH Yardy,0,4,,,4,,,"",""
ball,2,31.5,Ireland,KJ O'Brien,AR Cusack,MH Yardy,0,0,,,,,,"",""
ball,2,31.6,Ireland,KJ O'Brien,AR Cusack,MH Yardy,4,0,,,,,,"",""
ball,2,31.7,Ireland,KJ O'Brien,AR Cusack,MH Yardy,4,0,,,,,,"",""
ball,2,32.1,Ireland,AR Cusack,KJ O'Brien,JM Anderson,0,0,,,,,,"",""
ball,2,32.2,Ireland,AR Cusack,KJ O'Brien,JM Anderson,1,0,,,,,,"",""
ball,2,32.3,Ireland,KJ O'Brien,AR Cusack,JM Anderson,0,0,,,,,,"",""
ball,2,32.4,Ireland,KJ O'Brien,AR Cusack,JM Anderson,2,0,,,,,,"",""
ball,2,32.5,Ireland,KJ O'Brien,AR Cusack,JM Anderson,6,0,,,,,,"",""
ball,2,32.6,Ireland,KJ O'Brien,AR Cusack,JM Anderson,0,0,,,,,,"",""
ball,2,33.1,Ireland,AR Cusack,KJ O'Brien,TT Bresnan,0,0,,,,,,"",""
ball,2,33.2,Ireland,AR Cusack,KJ O'Brien,TT Bresnan,1,0,,,,,,"",""
ball,2,33.3,Ireland,KJ O'Brien,AR Cusack,TT Bresnan,4,0,,,,,,"",""
ball,2,33.4,Ireland,KJ O'Brien,AR Cusack,TT Bresnan,1,0,,,,,,"",""
ball,2,33.5,Ireland,AR Cusack,KJ O'Brien,TT Bresnan,1,0,,,,,,"",""
ball,2,33.6,Ireland,KJ O'Brien,AR Cusack,TT Bresnan,6,0,,,,,,"",""
ball,2,34.1,Ireland,AR Cusack,KJ O'Brien,JM Anderson,2,0,,,,,,"",""
ball,2,34.2,Ireland,AR Cusack,KJ O'Brien,JM Anderson,1,0,,,,,,"",""
ball,2,34.3,Ireland,KJ O'Brien,AR Cusack,JM Anderson,4,0,,,,,,"",""
ball,2,34.4,Ireland,KJ O'Brien,AR Cusack,JM Anderson,4,0,,,,,,"",""
ball,2,34.5,Ireland,KJ O'Brien,AR Cusack,JM Anderson,0,0,,,,,,"",""
ball,2,34.6,Ireland,KJ O'Brien,AR Cusack,JM Anderson,6,0,,,,,,"",""
ball,2,35.1,Ireland,AR Cusack,KJ O'Brien,MH Yardy,0,0,,,,,,"",""
ball,2,35.2,Ireland,AR Cusack,KJ O'Brien,MH Yardy,0,0,,,,,,"",""
ball,2,35.3,Ireland,AR Cusack,KJ O'Brien,MH Yardy,0,0,,,,,,"",""
ball,2,35.4,Ireland,AR Cusack,KJ O'Brien,MH Yardy,2,0,,,,,,"",""
ball,2,35.5,Ireland,AR Cusack,KJ O'Brien,MH Yardy,1,0,,,,,,"",""
ball,2,35.6,Ireland,KJ O'Brien,AR Cusack,MH Yardy,4,0,,,,,,"",""
ball,2,36.1,Ireland,AR Cusack,KJ O'Brien,TT Bresnan,1,0,,,,,,"",""
ball,2,36.2,Ireland,KJ O'Brien,AR Cusack,TT Bresnan,0,1,1,,,,,"",""
ball,2,36.3,Ireland,KJ O'Brien,AR Cusack,TT Bresnan,0,1,,,,1,,"",""
ball,2,36.4,Ireland,AR Cusack,KJ O'Brien,TT Bresnan,0,0,,,,,,"",""
ball,2,36.5,Ireland,AR Cusack,KJ O'Brien,TT Bresnan,0,1,,,,1,,"",""
ball,2,36.6,Ireland,KJ O'Brien,AR Cusack,TT Bresnan,4,0,,,,,,"",""
ball,2,36.7,Ireland,KJ O'Brien,AR Cusack,TT Bresnan,6,0,,,,,,"",""
ball,2,37.1,Ireland,AR Cusack,KJ O'Brien,PD Collingwood,0,0,,,,,,"",""
ball,2,37.2,Ireland,AR Cusack,KJ O'Brien,PD Collingwood,1,0,,,,,,"",""
ball,2,37.3,Ireland,KJ O'Brien,AR Cusack,PD Collingwood,1,0,,,,,,"",""
ball,2,37.4,Ireland,AR Cusack,KJ O'Brien,PD Collingwood,1,0,,,,,,"",""
ball,2,37.5,Ireland,KJ O'Brien,AR Cusack,PD Collingwood,0,0,,,,,,"",""
ball,2,37.6,Ireland,KJ O'Brien,AR Cusack,PD Collingwood,2,0,,,,,,"",""
ball,2,38.1,Ireland,AR Cusack,KJ O'Brien,MH Yardy,0,1,1,,,,,"",""
ball,2,38.2,Ireland,AR Cusack,KJ O'Brien,MH Yardy,0,0,,,,,,"",""
ball,2,38.3,Ireland,AR Cusack,KJ O'Brien,MH Yardy,0,0,,,,,,"",""
ball,2,38.4,Ireland,AR Cusack,KJ O'Brien,MH Yardy,1,0,,,,,,"",""
ball,2,38.5,Ireland,KJ O'Brien,AR Cusack,MH Yardy,0,1,,,1,,,"",""
ball,2,38.6,Ireland,AR Cusack,KJ O'Brien,MH Yardy,0,0,,,,,,"",""
ball,2,38.7,Ireland,AR Cusack,KJ O'Brien,MH Yardy,1,0,,,,,,"",""
ball,2,39.1,Ireland,AR Cusack,KJ O'Brien,PD Collingwood,6,0,,,,,,"",""
ball,2,39.2,Ireland,AR Cusack,KJ O'Brien,PD Collingwood,0,0,,,,,,"",""
ball,2,39.3,Ireland,AR Cusack,KJ O'Brien,PD Collingwood,0,0,,,,,,"",""
ball,2,39.4,Ireland,AR Cusack,KJ O'Brien,PD Collingwood,0,0,,,,,,"",""
ball,2,39.5,Ireland,AR Cusack,KJ O'Brien,PD Collingwood,1,0,,,,,,"",""
ball,2,39.6,Ireland,KJ O'Brien,AR Cusack,PD Collingwood,4,0,,,,,,"",""
ball,2,40.1,Ireland,AR Cusack,KJ O'Brien,MH Yardy,1,0,,,,,,"",""
ball,2,40.2,Ireland,KJ O'Brien,AR Cusack,MH Yardy,1,0,,,,,,"",""
ball,2,40.3,Ireland,AR Cusack,KJ O'Brien,MH Yardy,4,0,,,,,,"",""
ball,2,40.4,Ireland,AR Cusack,KJ O'Brien,MH Yardy,1,0,,,,,,"",""
ball,2,40.5,Ireland,KJ O'Brien,AR Cusack,MH Yardy,0,0,,,,,,"",""
ball,2,40.6,Ireland,KJ O'Brien,AR Cusack,MH Yardy,2,0,,,,,,"",""
ball,2,41.1,Ireland,AR Cusack,KJ O'Brien,SCJ Broad,0,0,,,,,,"",""
ball,2,41.2,Ireland,AR Cusack,KJ O'Brien,SCJ Broad,1,0,,,,,,"",""
ball,2,41.3,Ireland,KJ O'Brien,AR Cusack,SCJ Broad,0,0,,,,,,run out,AR Cusack
ball,2,41.4,Ireland,KJ O'Brien,JF Mooney,SCJ Broad,1,0,,,,,,"",""
ball,2,41.5,Ireland,JF Mooney,KJ O'Brien,SCJ Broad,0,0,,,,,,"",""
ball,2,41.6,Ireland,JF Mooney,KJ O'Brien,SCJ Broad,1,0,,,,,,"",""
ball,2,42.1,Ireland,JF Mooney,KJ O'Brien,TT Bresnan,0,0,,,,,,"",""
ball,2,42.2,Ireland,JF Mooney,KJ O'Brien,TT Bresnan,0,0,,,,,,"",""
ball,2,42.3,Ireland,JF Mooney,KJ O'Brien,TT Bresnan,0,1,,,,1,,"",""
ball,2,42.4,Ireland,KJ O'Brien,JF Mooney,TT Bresnan,1,0,,,,,,"",""
ball,2,42.5,Ireland,JF Mooney,KJ O'Brien,TT Bresnan,2,0,,,,,,"",""
ball,2,42.6,Ireland,JF Mooney,KJ O'Brien,TT Bresnan,0,0,,,,,,"",""
ball,2,43.1,Ireland,KJ O'Brien,JF Mooney,SCJ Broad,1,0,,,,,,"",""
ball,2,43.2,Ireland,JF Mooney,KJ O'Brien,SCJ Broad,0,0,,,,,,"",""
ball,2,43.3,Ireland,JF Mooney,KJ O'Brien,SCJ Broad,1,0,,,,,,"",""
ball,2,43.4,Ireland,KJ O'Brien,JF Mooney,SCJ Broad,2,0,,,,,,"",""
ball,2,43.5,Ireland,KJ O'Brien,JF Mooney,SCJ Broad,1,0,,,,,,"",""
ball,2,43.6,Ireland,JF Mooney,KJ O'Brien,SCJ Broad,4,0,,,,,,"",""
ball,2,44.1,Ireland,KJ O'Brien,JF Mooney,TT Bresnan,0,1,,,,1,,"",""
ball,2,44.2,Ireland,JF Mooney,KJ O'Brien,TT Bresnan,0,0,,,,,,"",""
ball,2,44.3,Ireland,JF Mooney,KJ O'Brien,TT Bresnan,0,0,,,,,,"",""
ball,2,44.4,Ireland,JF Mooney,KJ O'Brien,TT Bresnan,0,0,,,,,,"",""
ball,2,44.5,Ireland,JF Mooney,KJ O'Brien,TT Bresnan,0,0,,,,,,"",""
ball,2,44.6,Ireland,JF Mooney,KJ O'Brien,TT Bresnan,4,0,,,,,,"",""
ball,2,45.1,Ireland,KJ O'Brien,JF Mooney,SCJ Broad,1,0,,,,,,"",""
ball,2,45.2,Ireland,JF Mooney,KJ O'Brien,SCJ Broad,1,0,,,,,,"",""
ball,2,45.3,Ireland,KJ O'Brien,JF Mooney,SCJ Broad,1,0,,,,,,"",""
ball,2,45.4,Ireland,JF Mooney,KJ O'Brien,SCJ Broad,0,0,,,,,,"",""
ball,2,45.5,Ireland,JF Mooney,KJ O'Brien,SCJ Broad,4,0,,,,,,"",""
ball,2,45.6,Ireland,JF Mooney,KJ O'Brien,SCJ Broad,1,0,,,,,,"",""
ball,2,46.1,Ireland,JF Mooney,KJ O'Brien,TT Bresnan,0,0,,,,,,"",""
ball,2,46.2,Ireland,JF Mooney,KJ O'Brien,TT Bresnan,0,0,,,,,,"",""
ball,2,46.3,Ireland,JF Mooney,KJ O'Brien,TT Bresnan,4,0,,,,,,"",""
ball,2,46.4,Ireland,JF Mooney,KJ O'Brien,TT Bresnan,0,0,,,,,,"",""
ball,2,46.5,Ireland,JF Mooney,KJ O'Brien,TT Bresnan,1,0,,,,,,"",""
ball,2,46.6,Ireland,KJ O'Brien,JF Mooney,TT Bresnan,2,0,,,,,,"",""
ball,2,47.1,Ireland,JF Mooney,KJ O'Brien,JM Anderson,0,1,,,,1,,"",""
ball,2,47.2,Ireland,KJ O'Brien,JF Mooney,JM Anderson,1,0,,,,,,"",""
ball,2,47.3,Ireland,JF Mooney,KJ O'Brien,JM Anderson,0,0,,,,,,"",""
ball,2,47.4,Ireland,JF Mooney,KJ O'Brien,JM Anderson,1,0,,,,,,"",""
ball,2,47.5,Ireland,KJ O'Brien,JF Mooney,JM Anderson,1,0,,,,,,"",""
ball,2,47.6,Ireland,JF Mooney,KJ O'Brien,JM Anderson,4,0,,,,,,"",""
ball,2,48.1,Ireland,KJ O'Brien,JF Mooney,SCJ Broad,1,0,,,,,,run out,KJ O'Brien
ball,2,48.2,Ireland,DT Johnston,JF Mooney,SCJ Broad,4,0,,,,,,"",""
ball,2,48.3,Ireland,DT Johnston,JF Mooney,SCJ Broad,0,0,,,,,,"",""
ball,2,48.4,Ireland,DT Johnston,JF Mooney,SCJ Broad,2,0,,,,,,"",""
ball,2,48.5,Ireland,DT Johnston,JF Mooney,SCJ Broad,1,0,,,,,,"",""
ball,2,48.6,Ireland,JF Mooney,DT Johnston,SCJ Broad,1,0,,,,,,"",""
ball,2,49.1,Ireland,JF Mooney,DT Johnston,JM Anderson,4,0,,,,,,"",""
