version,1.6.0
info,balls_per_over,6
info,team,England
info,team,West Indies
info,gender,male
info,season,2010/11
info,date,2011/03/17
info,event,ICC Cricket World Cup
info,match_number,36
info,venue,"MA Chidambaram Stadium, Chepauk"
info,city,Chennai
info,neutralvenue,true
info,toss_winner,England
info,toss_decision,bat
info,player_of_match,JC Tredwell
info,umpire,SJ Davis
info,umpire,BNJ Oxenford
info,reserve_umpire,SK Tarapore
info,tv_umpire,SJA Taufel
info,match_referee,RS Mahanama
info,winner,England
info,winner_runs,18
info,player,England,AJ Strauss
info,player,England,MJ Prior
info,player,England,IJL Trott
info,player,England,IR Bell
info,player,England,EJG Morgan
info,player,England,RS Bopara
info,player,England,LJ Wright
info,player,England,JC Tredwell
info,player,England,TT Bresnan
info,player,England,GP Swann
info,player,England,CT Tremlett
info,player,West Indies,DS Smith
info,player,West Indies,CH Gayle
info,player,West Indies,DJG Sammy
info,player,West Indies,DM Bravo
info,player,West Indies,DC Thomas
info,player,West Indies,RR Sarwan
info,player,West Indies,KA Pollard
info,player,West Indies,AD Russell
info,player,West Indies,SJ Benn
info,player,West Indies,KAJ Roach
info,player,West Indies,D Bishoo
info,registry,people,AD Russell,bbd41817
info,registry,people,AJ Strauss,b68d14a9
info,registry,people,BNJ Oxenford,c1add349
info,registry,people,CH Gayle,db584dad
info,registry,people,CT Tremlett,a72b14ff
info,registry,people,D Bishoo,7a80ddf2
info,registry,people,DC Thomas,08a4f9ad
info,registry,people,DJG Sammy,c03c6200
info,registry,people,DM Bravo,14b14cd8
info,registry,people,DS Smith,85ad2217
info,registry,people,EJG Morgan,d2a6c0e6
info,registry,people,GP Swann,221ad9d9
info,registry,people,IJL Trott,ac7fa28f
info,registry,people,IR Bell,33155d1b
info,registry,people,JC Tredwell,49b6c09f
info,registry,people,KA Pollard,a757b0d8
info,registry,people,KAJ Roach,78eb4223
info,registry,people,LJ Wright,cca50cd6
info,registry,people,MJ Prior,1200550f
info,registry,people,RR Sarwan,36d33dd0
info,registry,people,RS Bopara,7ca5e05d
info,registry,people,RS Mahanama,57910393
info,registry,people,SJ Benn,364ee2cf
info,registry,people,SJ Davis,bc71b0b2
info,registry,people,SJA Taufel,4b43d5ac
info,registry,people,SK Tarapore,62a824b4
info,registry,people,TT Bresnan,58043739
ball,1,0.1,England,AJ Strauss,MJ Prior,KAJ Roach,0,0,,,,,,"",""
ball,1,0.2,England,AJ Strauss,MJ Prior,KAJ Roach,0,0,,,,,,"",""
ball,1,0.3,England,AJ Strauss,MJ Prior,KAJ Roach,0,0,,,,,,"",""
ball,1,0.4,England,AJ Strauss,MJ Prior,KAJ Roach,0,0,,,,,,"",""
ball,1,0.5,England,AJ Strauss,MJ Prior,KAJ Roach,0,0,,,,,,"",""
ball,1,0.6,England,AJ Strauss,MJ Prior,KAJ Roach,0,0,,,,,,"",""
ball,1,1.1,England,MJ Prior,AJ Strauss,SJ Benn,0,0,,,,,,"",""
ball,1,1.2,England,MJ Prior,AJ Strauss,SJ Benn,0,0,,,,,,"",""
ball,1,1.3,England,MJ Prior,AJ Strauss,SJ Benn,0,0,,,,,,"",""
ball,1,1.4,England,MJ Prior,AJ Strauss,SJ Benn,4,0,,,,,,"",""
ball,1,1.5,England,MJ Prior,AJ Strauss,SJ Benn,0,0,,,,,,"",""
ball,1,1.6,England,MJ Prior,AJ Strauss,SJ Benn,0,0,,,,,,"",""
ball,1,2.1,England,AJ Strauss,MJ Prior,KAJ Roach,0,0,,,,,,"",""
ball,1,2.2,England,AJ Strauss,MJ Prior,KAJ Roach,1,0,,,,,,"",""
ball,1,2.3,England,MJ Prior,AJ Strauss,KAJ Roach,1,0,,,,,,"",""
ball,1,2.4,England,AJ Strauss,MJ Prior,KAJ Roach,1,0,,,,,,"",""
ball,1,2.5,England,MJ Prior,AJ Strauss,KAJ Roach,0,0,,,,,,"",""
ball,1,2.6,England,MJ Prior,AJ Strauss,KAJ Roach,0,0,,,,,,"",""
ball,1,3.1,England,AJ Strauss,MJ Prior,SJ Benn,0,0,,,,,,"",""
ball,1,3.2,England,AJ Strauss,MJ Prior,SJ Benn,1,0,,,,,,"",""
ball,1,3.3,England,MJ Prior,AJ Strauss,SJ Benn,0,0,,,,,,"",""
ball,1,3.4,England,MJ Prior,AJ Strauss,SJ Benn,4,0,,,,,,"",""
ball,1,3.5,England,MJ Prior,AJ Strauss,SJ Benn,0,0,,,,,,"",""
ball,1,3.6,England,MJ Prior,AJ Strauss,SJ Benn,2,0,,,,,,"",""
ball,1,4.1,England,AJ Strauss,MJ Prior,KAJ Roach,0,0,,,,,,"",""
ball,1,4.2,England,AJ Strauss,MJ Prior,KAJ Roach,0,0,,,,,,"",""
ball,1,4.3,England,AJ Strauss,MJ Prior,KAJ Roach,0,0,,,,,,"",""
ball,1,4.4,England,AJ Strauss,MJ Prior,KAJ Roach,4,0,,,,,,"",""
ball,1,4.5,England,AJ Strauss,MJ Prior,KAJ Roach,0,0,,,,,,"",""
ball,1,4.6,England,AJ Strauss,MJ Prior,KAJ Roach,0,0,,,,,,"",""
ball,1,5.1,England,MJ Prior,AJ Strauss,SJ Benn,1,0,,,,,,"",""
ball,1,5.2,England,AJ Strauss,MJ Prior,SJ Benn,1,0,,,,,,"",""
ball,1,5.3,England,MJ Prior,AJ Strauss,SJ Benn,2,0,,,,,,"",""
ball,1,5.4,England,MJ Prior,AJ Strauss,SJ Benn,0,0,,,,,,"",""
ball,1,5.5,England,MJ Prior,AJ Strauss,SJ Benn,4,0,,,,,,"",""
ball,1,5.6,England,MJ Prior,AJ Strauss,SJ Benn,1,0,,,,,,"",""
ball,1,6.1,England,MJ Prior,AJ Strauss,KAJ Roach,1,0,,,,,,"",""
ball,1,6.2,England,AJ Strauss,MJ Prior,KAJ Roach,0,0,,,,,,"",""
ball,1,6.3,England,AJ Strauss,MJ Prior,KAJ Roach,4,0,,,,,,"",""
ball,1,6.4,England,AJ Strauss,MJ Prior,KAJ Roach,0,0,,,,,,"",""
ball,1,6.5,England,AJ Strauss,MJ Prior,KAJ Roach,0,0,,,,,,"",""
ball,1,6.6,England,AJ Strauss,MJ Prior,KAJ Roach,1,0,,,,,,"",""
ball,1,7.1,England,AJ Strauss,MJ Prior,AD Russell,0,0,,,,,,"",""
ball,1,7.2,England,AJ Strauss,MJ Prior,AD Russell,2,0,,,,,,"",""
ball,1,7.3,England,AJ Strauss,MJ Prior,AD Russell,0,0,,,,,,"",""
ball,1,7.4,England,AJ Strauss,MJ Prior,AD Russell,0,0,,,,,,"",""
ball,1,7.5,England,AJ Strauss,MJ Prior,AD Russell,4,0,,,,,,"",""
ball,1,7.6,England,AJ Strauss,MJ Prior,AD Russell,1,0,,,,,,"",""
ball,1,8.1,England,AJ Strauss,MJ Prior,DJG Sammy,0,0,,,,,,"",""
ball,1,8.2,England,AJ Strauss,MJ Prior,DJG Sammy,6,0,,,,,,"",""
ball,1,8.3,England,AJ Strauss,MJ Prior,DJG Sammy,0,0,,,,,,"",""
ball,1,8.4,England,AJ Strauss,MJ Prior,DJG Sammy,0,0,,,,,,"",""
ball,1,8.5,England,AJ Strauss,MJ Prior,DJG Sammy,1,0,,,,,,"",""
ball,1,8.6,England,MJ Prior,AJ Strauss,DJG Sammy,1,0,,,,,,"",""
ball,1,9.1,England,MJ Prior,AJ Strauss,AD Russell,0,0,,,,,,bowled,MJ Prior
ball,1,9.2,England,IJL Trott,AJ Strauss,AD Russell,4,0,,,,,,"",""
ball,1,9.3,England,IJL Trott,AJ Strauss,AD Russell,0,0,,,,,,"",""
ball,1,9.4,England,IJL Trott,AJ Strauss,AD Russell,4,0,,,,,,"",""
ball,1,9.5,England,IJL Trott,AJ Strauss,AD Russell,0,0,,,,,,"",""
ball,1,9.6,England,IJL Trott,AJ Strauss,AD Russell,4,0,,,,,,"",""
ball,1,10.1,England,AJ Strauss,IJL Trott,DJG Sammy,0,0,,,,,,"",""
ball,1,10.2,England,AJ Strauss,IJL Trott,DJG Sammy,2,0,,,,,,"",""
ball,1,10.3,England,AJ Strauss,IJL Trott,DJG Sammy,1,0,,,,,,"",""
ball,1,10.4,England,IJL Trott,AJ Strauss,DJG Sammy,2,0,,,,,,"",""
ball,1,10.5,England,IJL Trott,AJ Strauss,DJG Sammy,4,0,,,,,,"",""
ball,1,10.6,England,IJL Trott,AJ Strauss,DJG Sammy,4,0,,,,,,"",""
ball,1,11.1,England,AJ Strauss,IJL Trott,AD Russell,1,0,,,,,,"",""
ball,1,11.2,England,IJL Trott,AJ Strauss,AD Russell,4,0,,,,,,"",""
ball,1,11.3,England,IJL Trott,AJ Strauss,AD Russell,0,0,,,,,,"",""
ball,1,11.4,England,IJL Trott,AJ Strauss,AD Russell,1,0,,,,,,"",""
ball,1,11.5,England,AJ Strauss,IJL Trott,AD Russell,0,0,,,,,,caught,AJ Strauss
ball,1,11.6,England,IJL Trott,IR Bell,AD Russell,0,0,,,,,,"",""
ball,1,12.1,England,IR Bell,IJL Trott,SJ Benn,1,0,,,,,,"",""
ball,1,12.2,England,IJL Trott,IR Bell,SJ Benn,1,0,,,,,,"",""
ball,1,12.3,England,IR Bell,IJL Trott,SJ Benn,1,0,,,,,,"",""
ball,1,12.4,England,IJL Trott,IR Bell,SJ Benn,1,0,,,,,,"",""
ball,1,12.5,England,IR Bell,IJL Trott,SJ Benn,1,0,,,,,,"",""
ball,1,12.6,England,IJL Trott,IR Bell,SJ Benn,1,0,,,,,,"",""
ball,1,13.1,England,IJL Trott,IR Bell,AD Russell,0,0,,,,,,"",""
ball,1,13.2,England,IJL Trott,IR Bell,AD Russell,1,0,,,,,,"",""
ball,1,13.3,England,IR Bell,IJL Trott,AD Russell,0,0,,,,,,"",""
ball,1,13.4,England,IR Bell,IJL Trott,AD Russell,1,0,,,,,,"",""
ball,1,13.5,England,IJL Trott,IR Bell,AD Russell,1,0,,,,,,"",""
ball,1,13.6,England,IR Bell,IJL Trott,AD Russell,0,0,,,,,,"",""
ball,1,14.1,England,IJL Trott,IR Bell,SJ Benn,4,0,,,,,,"",""
ball,1,14.2,England,IJL Trott,IR Bell,SJ Benn,1,0,,,,,,"",""
ball,1,14.3,England,IR Bell,IJL Trott,SJ Benn,0,0,,,,,,"",""
ball,1,14.4,England,IR Bell,IJL Trott,SJ Benn,0,0,,,,,,"",""
ball,1,14.5,England,IR Bell,IJL Trott,SJ Benn,0,0,,,,,,"",""
ball,1,14.6,England,IR Bell,IJL Trott,SJ Benn,1,0,,,,,,"",""
ball,1,15.1,England,IR Bell,IJL Trott,D Bishoo,0,0,,,,,,"",""
ball,1,15.2,England,IR Bell,IJL Trott,D Bishoo,0,0,,,,,,"",""
ball,1,15.3,England,IR Bell,IJL Trott,D Bishoo,0,0,,,,,,"",""
ball,1,15.4,England,IR Bell,IJL Trott,D Bishoo,1,0,,,,,,"",""
ball,1,15.5,England,IJL Trott,IR Bell,D Bishoo,1,0,,,,,,"",""
ball,1,15.6,England,IR Bell,IJL Trott,D Bishoo,1,0,,,,,,"",""
ball,1,16.1,England,IR Bell,IJL Trott,KA Pollard,0,0,,,,,,"",""
ball,1,16.2,England,IR Bell,IJL Trott,KA Pollard,0,0,,,,,,"",""
ball,1,16.3,England,IR Bell,IJL Trott,KA Pollard,1,0,,,,,,"",""
ball,1,16.4,England,IJL Trott,IR Bell,KA Pollard,0,0,,,,,,"",""
ball,1,16.5,England,IJL Trott,IR Bell,KA Pollard,1,0,,,,,,"",""
ball,1,16.6,England,IR Bell,IJL Trott,KA Pollard,0,0,,,,,,"",""
ball,1,17.1,England,IJL Trott,IR Bell,D Bishoo,0,0,,,,,,"",""
ball,1,17.2,England,IJL Trott,IR Bell,D Bishoo,1,0,,,,,,"",""
ball,1,17.3,England,IR Bell,IJL Trott,D Bishoo,1,0,,,,,,"",""
ball,1,17.4,England,IJL Trott,IR Bell,D Bishoo,0,0,,,,,,"",""
ball,1,17.5,England,IJL Trott,IR Bell,D Bishoo,1,0,,,,,,"",""
ball,1,17.6,England,IR Bell,IJL Trott,D Bishoo,1,0,,,,,,"",""
ball,1,18.1,England,IR Bell,IJL Trott,KA Pollard,0,0,,,,,,"",""
ball,1,18.2,England,IR Bell,IJL Trott,KA Pollard,1,0,,,,,,"",""
ball,1,18.3,England,IJL Trott,IR Bell,KA Pollard,1,0,,,,,,"",""
ball,1,18.4,England,IR Bell,IJL Trott,KA Pollard,1,0,,,,,,"",""
ball,1,18.5,England,IJL Trott,IR Bell,KA Pollard,1,0,,,,,,"",""
ball,1,18.6,England,IR Bell,IJL Trott,KA Pollard,1,0,,,,,,"",""
ball,1,19.1,England,IR Bell,IJL Trott,D Bishoo,2,0,,,,,,"",""
ball,1,19.2,England,IR Bell,IJL Trott,D Bishoo,0,0,,,,,,"",""
ball,1,19.3,England,IR Bell,IJL Trott,D Bishoo,1,0,,,,,,"",""
ball,1,19.4,England,IJL Trott,IR Bell,D Bishoo,1,0,,,,,,"",""
ball,1,19.5,England,IR Bell,IJL Trott,D Bishoo,0,0,,,,,,"",""
ball,1,19.6,England,IR Bell,IJL Trott,D Bishoo,0,0,,,,,,"",""
ball,1,20.1,England,IJL Trott,IR Bell,KA Pollard,0,0,,,,,,"",""
ball,1,20.2,England,IJL Trott,IR Bell,KA Pollard,1,0,,,,,,"",""
ball,1,20.3,England,IR Bell,IJL Trott,KA Pollard,1,0,,,,,,"",""
ball,1,20.4,England,IJL Trott,IR Bell,KA Pollard,1,0,,,,,,"",""
ball,1,20.5,England,IR Bell,IJL Trott,KA Pollard,4,0,,,,,,"",""
ball,1,20.6,England,IR Bell,IJL Trott,KA Pollard,0,0,,,,,,"",""
ball,1,21.1,England,IJL Trott,IR Bell,D Bishoo,0,0,,,,,,"",""
ball,1,21.2,England,IJL Trott,IR Bell,D Bishoo,0,0,,,,,,"",""
ball,1,21.3,England,IJL Trott,IR Bell,D Bishoo,0,0,,,,,,"",""
ball,1,21.4,England,IJL Trott,IR Bell,D Bishoo,1,0,,,,,,"",""
ball,1,21.5,England,IR Bell,IJL Trott,D Bishoo,1,0,,,,,,"",""
ball,1,21.6,England,IJL Trott,IR Bell,D Bishoo,0,0,,,,,,caught,IJL Trott
ball,1,22.1,England,IR Bell,EJG Morgan,KA Pollard,0,0,,,,,,"",""
ball,1,22.2,England,IR Bell,EJG Morgan,KA Pollard,1,0,,,,,,"",""
ball,1,22.3,England,EJG Morgan,IR Bell,KA Pollard,0,0,,,,,,"",""
ball,1,22.4,England,EJG Morgan,IR Bell,KA Pollard,0,0,,,,,,"",""
ball,1,22.5,England,EJG Morgan,IR Bell,KA Pollard,1,0,,,,,,"",""
ball,1,22.6,England,IR Bell,EJG Morgan,KA Pollard,0,0,,,,,,"",""
ball,1,23.1,England,EJG Morgan,IR Bell,D Bishoo,1,0,,,,,,"",""
ball,1,23.2,England,IR Bell,EJG Morgan,D Bishoo,1,0,,,,,,"",""
ball,1,23.3,England,EJG Morgan,IR Bell,D Bishoo,1,0,,,,,,"",""
ball,1,23.4,England,IR Bell,EJG Morgan,D Bishoo,1,0,,,,,,"",""
ball,1,23.5,England,EJG Morgan,IR Bell,D Bishoo,0,0,,,,,,"",""
ball,1,23.6,England,EJG Morgan,IR Bell,D Bishoo,1,0,,,,,,"",""
ball,1,24.1,England,EJG Morgan,IR Bell,KA Pollard,1,0,,,,,,"",""
ball,1,24.2,England,IR Bell,EJG Morgan,KA Pollard,1,0,,,,,,"",""
ball,1,24.3,England,EJG Morgan,IR Bell,KA Pollard,1,0,,,,,,"",""
ball,1,24.4,England,IR Bell,EJG Morgan,KA Pollard,0,0,,,,,,"",""
ball,1,24.5,England,IR Bell,EJG Morgan,KA Pollard,0,0,,,,,,"",""
ball,1,24.6,England,IR Bell,EJG Morgan,KA Pollard,0,1,1,,,,,"",""
ball,1,24.7,England,IR Bell,EJG Morgan,KA Pollard,0,0,,,,,,"",""
ball,1,25.1,England,EJG Morgan,IR Bell,D Bishoo,1,0,,,,,,"",""
ball,1,25.2,England,IR Bell,EJG Morgan,D Bishoo,0,0,,,,,,"",""
ball,1,25.3,England,IR Bell,EJG Morgan,D Bishoo,0,0,,,,,,"",""
ball,1,25.4,England,IR Bell,EJG Morgan,D Bishoo,0,0,,,,,,"",""
ball,1,25.5,England,IR Bell,EJG Morgan,D Bishoo,1,0,,,,,,"",""
ball,1,25.6,England,EJG Morgan,IR Bell,D Bishoo,0,0,,,,,,"",""
ball,1,26.1,England,IR Bell,EJG Morgan,KAJ Roach,0,0,,,,,,bowled,IR Bell
ball,1,26.2,England,RS Bopara,EJG Morgan,KAJ Roach,0,0,,,,,,"",""
ball,1,26.3,England,RS Bopara,EJG Morgan,KAJ Roach,0,0,,,,,,"",""
ball,1,26.4,England,RS Bopara,EJG Morgan,KAJ Roach,0,0,,,,,,"",""
ball,1,26.5,England,RS Bopara,EJG Morgan,KAJ Roach,0,0,,,,,,"",""
ball,1,26.6,England,RS Bopara,EJG Morgan,KAJ Roach,0,0,,,,,,"",""
ball,1,27.1,England,EJG Morgan,RS Bopara,D Bishoo,0,0,,,,,,"",""
ball,1,27.2,England,EJG Morgan,RS Bopara,D Bishoo,0,0,,,,,,caught,EJG Morgan
ball,1,27.3,England,LJ Wright,RS Bopara,D Bishoo,0,0,,,,,,"",""
ball,1,27.4,England,LJ Wright,RS Bopara,D Bishoo,0,0,,,,,,"",""
ball,1,27.5,England,LJ Wright,RS Bopara,D Bishoo,0,0,,,,,,"",""
ball,1,27.6,England,LJ Wright,RS Bopara,D Bishoo,1,0,,,,,,"",""
ball,1,28.1,England,LJ Wright,RS Bopara,KAJ Roach,0,0,,,,,,"",""
ball,1,28.2,England,LJ Wright,RS Bopara,KAJ Roach,0,0,,,,,,"",""
ball,1,28.3,England,LJ Wright,RS Bopara,KAJ Roach,0,0,,,,,,"",""
ball,1,28.4,England,LJ Wright,RS Bopara,KAJ Roach,0,0,,,,,,"",""
ball,1,28.5,England,LJ Wright,RS Bopara,KAJ Roach,1,1,,1,,,,"",""
ball,1,28.6,England,RS Bopara,LJ Wright,KAJ Roach,1,0,,,,,,"",""
ball,1,28.7,England,LJ Wright,RS Bopara,KAJ Roach,0,0,,,,,,"",""
ball,1,29.1,England,RS Bopara,LJ Wright,D Bishoo,0,0,,,,,,"",""
ball,1,29.2,England,RS Bopara,LJ Wright,D Bishoo,0,0,,,,,,"",""
ball,1,29.3,England,RS Bopara,LJ Wright,D Bishoo,1,0,,,,,,"",""
ball,1,29.4,England,LJ Wright,RS Bopara,D Bishoo,1,0,,,,,,"",""
ball,1,29.5,England,RS Bopara,LJ Wright,D Bishoo,0,0,,,,,,"",""
ball,1,29.6,England,RS Bopara,LJ Wright,D Bishoo,0,0,,,,,,"",""
ball,1,30.1,England,LJ Wright,RS Bopara,AD Russell,0,0,,,,,,"",""
ball,1,30.2,England,LJ Wright,RS Bopara,AD Russell,0,0,,,,,,"",""
ball,1,30.3,England,LJ Wright,RS Bopara,AD Russell,1,0,,,,,,"",""
ball,1,30.4,England,RS Bopara,LJ Wright,AD Russell,0,0,,,,,,"",""
ball,1,30.5,England,RS Bopara,LJ Wright,AD Russell,1,0,,,,,,"",""
ball,1,30.6,England,LJ Wright,RS Bopara,AD Russell,0,1,1,,,,,"",""
ball,1,30.7,England,LJ Wright,RS Bopara,AD Russell,0,5,5,,,,,"",""
ball,1,30.8,England,LJ Wright,RS Bopara,AD Russell,1,0,,,,,,"",""
ball,1,31.1,England,LJ Wright,RS Bopara,SJ Benn,0,0,,,,,,"",""
ball,1,31.2,England,LJ Wright,RS Bopara,SJ Benn,0,0,,,,,,"",""
ball,1,31.3,England,LJ Wright,RS Bopara,SJ Benn,1,0,,,,,,"",""
ball,1,31.4,England,RS Bopara,LJ Wright,SJ Benn,1,0,,,,,,"",""
ball,1,31.5,England,LJ Wright,RS Bopara,SJ Benn,0,0,,,,,,"",""
ball,1,31.6,England,LJ Wright,RS Bopara,SJ Benn,0,0,,,,,,"",""
ball,1,32.1,England,RS Bopara,LJ Wright,AD Russell,0,0,,,,,,"",""
ball,1,32.2,England,RS Bopara,LJ Wright,AD Russell,0,0,,,,,,bowled,RS Bopara
ball,1,32.3,England,JC Tredwell,LJ Wright,AD Russell,0,0,,,,,,"",""
ball,1,32.4,England,JC Tredwell,LJ Wright,AD Russell,0,0,,,,,,"",""
ball,1,32.5,England,JC Tredwell,LJ Wright,AD Russell,0,0,,,,,,"",""
ball,1,32.6,England,JC Tredwell,LJ Wright,AD Russell,0,1,1,,,,,"",""
ball,1,32.7,England,JC Tredwell,LJ Wright,AD Russell,0,0,,,,,,"",""
ball,1,33.1,England,LJ Wright,JC Tredwell,SJ Benn,1,0,,,,,,"",""
ball,1,33.2,England,JC Tredwell,LJ Wright,SJ Benn,0,0,,,,,,"",""
ball,1,33.3,England,JC Tredwell,LJ Wright,SJ Benn,0,2,,,,2,,"",""
ball,1,33.4,England,JC Tredwell,LJ Wright,SJ Benn,0,0,,,,,,"",""
ball,1,33.5,England,JC Tredwell,LJ Wright,SJ Benn,0,0,,,,,,"",""
ball,1,33.6,England,JC Tredwell,LJ Wright,SJ Benn,0,0,,,,,,"",""
ball,1,34.1,England,LJ Wright,JC Tredwell,AD Russell,0,0,,,,,,"",""
ball,1,34.2,England,LJ Wright,JC Tredwell,AD Russell,4,0,,,,,,"",""
ball,1,34.3,England,LJ Wright,JC Tredwell,AD Russell,1,0,,,,,,"",""
ball,1,34.4,England,JC Tredwell,LJ Wright,AD Russell,2,0,,,,,,"",""
ball,1,34.5,England,JC Tredwell,LJ Wright,AD Russell,1,0,,,,,,"",""
ball,1,34.6,England,LJ Wright,JC Tredwell,AD Russell,0,0,,,,,,"",""
ball,1,35.1,England,JC Tredwell,LJ Wright,SJ Benn,0,0,,,,,,"",""
ball,1,35.2,England,JC Tredwell,LJ Wright,SJ Benn,0,0,,,,,,"",""
ball,1,35.3,England,JC Tredwell,LJ Wright,SJ Benn,0,1,1,,,,,"",""
ball,1,35.4,England,JC Tredwell,LJ Wright,SJ Benn,0,0,,,,,,"",""
ball,1,35.5,England,JC Tredwell,LJ Wright,SJ Benn,0,5,5,,,,,"",""
ball,1,35.6,England,JC Tredwell,LJ Wright,SJ Benn,1,0,,,,,,"",""
ball,1,35.7,England,LJ Wright,JC Tredwell,SJ Benn,1,0,,,,,,"",""
ball,1,35.8,England,JC Tredwell,LJ Wright,SJ Benn,0,0,,,,,,"",""
ball,1,36.1,England,LJ Wright,JC Tredwell,KA Pollard,1,0,,,,,,"",""
ball,1,36.2,England,JC Tredwell,LJ Wright,KA Pollard,1,0,,,,,,"",""
ball,1,36.3,England,LJ Wright,JC Tredwell,KA Pollard,4,0,,,,,,"",""
ball,1,36.4,England,LJ Wright,JC Tredwell,KA Pollard,0,0,,,,,,"",""
ball,1,36.5,England,LJ Wright,JC Tredwell,KA Pollard,0,0,,,,,,"",""
ball,1,36.6,England,LJ Wright,JC Tredwell,KA Pollard,0,0,,,,,,"",""
ball,1,37.1,England,JC Tredwell,LJ Wright,SJ Benn,1,0,,,,,,"",""
ball,1,37.2,England,LJ Wright,JC Tredwell,SJ Benn,2,0,,,,,,"",""
ball,1,37.3,England,LJ Wright,JC Tredwell,SJ Benn,0,0,,,,,,"",""
ball,1,37.4,England,LJ Wright,JC Tredwell,SJ Benn,1,0,,,,,,"",""
ball,1,37.5,England,JC Tredwell,LJ Wright,SJ Benn,1,0,,,,,,"",""
ball,1,37.6,England,LJ Wright,JC Tredwell,SJ Benn,1,0,,,,,,"",""
ball,1,38.1,England,LJ Wright,JC Tredwell,KA Pollard,2,0,,,,,,"",""
ball,1,38.2,England,LJ Wright,JC Tredwell,KA Pollard,0,0,,,,,,"",""
ball,1,38.3,England,LJ Wright,JC Tredwell,KA Pollard,0,0,,,,,,"",""
ball,1,38.4,England,LJ Wright,JC Tredwell,KA Pollard,0,0,,,,,,"",""
ball,1,38.5,England,LJ Wright,JC Tredwell,KA Pollard,1,0,,,,,,"",""
ball,1,38.6,England,JC Tredwell,LJ Wright,KA Pollard,2,0,,,,,,"",""
ball,1,39.1,England,LJ Wright,JC Tredwell,DJG Sammy,4,0,,,,,,"",""
ball,1,39.2,England,LJ Wright,JC Tredwell,DJG Sammy,0,0,,,,,,run out,JC Tredwell
ball,1,39.3,England,TT Bresnan,LJ Wright,DJG Sammy,1,0,,,,,,"",""
ball,1,39.4,England,LJ Wright,TT Bresnan,DJG Sammy,0,1,,,,1,,"",""
ball,1,39.5,England,TT Bresnan,LJ Wright,DJG Sammy,1,0,,,,,,"",""
ball,1,39.6,England,LJ Wright,TT Bresnan,DJG Sammy,1,0,,,,,,"",""
ball,1,40.1,England,LJ Wright,TT Bresnan,KA Pollard,2,0,,,,,,"",""
ball,1,40.2,England,LJ Wright,TT Bresnan,KA Pollard,0,0,,,,,,"",""
ball,1,40.3,England,LJ Wright,TT Bresnan,KA Pollard,1,0,,,,,,"",""
ball,1,40.4,England,TT Bresnan,LJ Wright,KA Pollard,1,0,,,,,,"",""
ball,1,40.5,England,LJ Wright,TT Bresnan,KA Pollard,1,0,,,,,,"",""
ball,1,40.6,England,TT Bresnan,LJ Wright,KA Pollard,1,0,,,,,,"",""
ball,1,41.1,England,TT Bresnan,LJ Wright,D Bishoo,0,0,,,,,,"",""
ball,1,41.2,England,TT Bresnan,LJ Wright,D Bishoo,0,0,,,,,,"",""
ball,1,41.3,England,TT Bresnan,LJ Wright,D Bishoo,1,0,,,,,,"",""
ball,1,41.4,England,LJ Wright,TT Bresnan,D Bishoo,4,0,,,,,,"",""
ball,1,41.5,England,LJ Wright,TT Bresnan,D Bishoo,4,0,,,,,,"",""
ball,1,41.6,England,LJ Wright,TT Bresnan,D Bishoo,1,0,,,,,,"",""
ball,1,42.1,England,LJ Wright,TT Bresnan,KAJ Roach,0,0,,,,,,"",""
ball,1,42.2,England,LJ Wright,TT Bresnan,KAJ Roach,0,1,1,,,,,"",""
ball,1,42.3,England,LJ Wright,TT Bresnan,KAJ Roach,0,0,,,,,,"",""
ball,1,42.4,England,LJ Wright,TT Bresnan,KAJ Roach,1,0,,,,,,"",""
ball,1,42.5,England,TT Bresnan,LJ Wright,KAJ Roach,0,0,,,,,,"",""
ball,1,42.6,England,TT Bresnan,LJ Wright,KAJ Roach,0,0,,,,,,"",""
ball,1,42.7,England,TT Bresnan,LJ Wright,KAJ Roach,0,1,,,,1,,"",""
ball,1,43.1,England,TT Bresnan,LJ Wright,D Bishoo,1,0,,,,,,"",""
ball,1,43.2,England,LJ Wright,TT Bresnan,D Bishoo,0,0,,,,,,"",""
ball,1,43.3,England,LJ Wright,TT Bresnan,D Bishoo,0,0,,,,,,"",""
ball,1,43.4,England,LJ Wright,TT Bresnan,D Bishoo,0,0,,,,,,caught,LJ Wright
ball,1,43.5,England,TT Bresnan,GP Swann,D Bishoo,0,0,,,,,,"",""
ball,1,43.6,England,TT Bresnan,GP Swann,D Bishoo,0,0,,,,,,"",""
ball,1,44.1,England,GP Swann,TT Bresnan,KAJ Roach,0,0,,,,,,"",""
ball,1,44.2,England,GP Swann,TT Bresnan,KAJ Roach,1,0,,,,,,"",""
ball,1,44.3,England,TT Bresnan,GP Swann,KAJ Roach,1,0,,,,,,"",""
ball,1,44.4,England,GP Swann,TT Bresnan,KAJ Roach,0,1,,1,,,,"",""
ball,1,44.5,England,GP Swann,TT Bresnan,KAJ Roach,1,0,,,,,,"",""
ball,1,44.6,England,TT Bresnan,GP Swann,KAJ Roach,0,0,,,,,,"",""
ball,1,44.7,England,TT Bresnan,GP Swann,KAJ Roach,1,0,,,,,,"",""
ball,1,45.1,England,TT Bresnan,GP Swann,SJ Benn,1,0,,,,,,"",""
ball,1,45.2,England,GP Swann,TT Bresnan,SJ Benn,1,0,,,,,,"",""
ball,1,45.3,England,TT Bresnan,GP Swann,SJ Benn,0,0,,,,,,"",""
ball,1,45.4,England,TT Bresnan,GP Swann,SJ Benn,0,0,,,,,,"",""
ball,1,45.5,England,TT Bresnan,GP Swann,SJ Benn,1,0,,,,,,"",""
ball,1,45.6,England,GP Swann,TT Bresnan,SJ Benn,4,0,,,,,,"",""
ball,1,46.1,England,TT Bresnan,GP Swann,KAJ Roach,0,0,,,,,,"",""
ball,1,46.2,England,TT Bresnan,GP Swann,KAJ Roach,0,1,,,1,,,"",""
ball,1,46.3,England,GP Swann,TT Bresnan,KAJ Roach,1,0,,,,,,"",""
ball,1,46.4,England,TT Bresnan,GP Swann,KAJ Roach,4,0,,,,,,"",""
ball,1,46.5,England,TT Bresnan,GP Swann,KAJ Roach,0,0,,,,,,"",""
ball,1,46.6,England,TT Bresnan,GP Swann,KAJ Roach,4,0,,,,,,"",""
ball,1,47.1,England,GP Swann,TT Bresnan,AD Russell,0,0,,,,,,bowled,GP Swann
ball,1,47.2,England,CT Tremlett,TT Bresnan,AD Russell,1,0,,,,,,"",""
ball,1,47.3,England,TT Bresnan,CT Tremlett,AD Russell,1,0,,,,,,"",""
ball,1,47.4,England,CT Tremlett,TT Bresnan,AD Russell,0,0,,,,,,"",""
ball,1,47.5,England,CT Tremlett,TT Bresnan,AD Russell,0,0,,,,,,"",""
ball,1,47.6,England,CT Tremlett,TT Bresnan,AD Russell,1,0,,,,,,"",""
ball,1,48.1,England,CT Tremlett,TT Bresnan,KAJ Roach,0,0,,,,,,"",""
ball,1,48.2,England,CT Tremlett,TT Bresnan,KAJ Roach,1,0,,,,,,"",""
ball,1,48.3,England,TT Bresnan,CT Tremlett,KAJ Roach,1,0,,,,,,"",""
ball,1,48.4,England,CT Tremlett,TT Bresnan,KAJ Roach,0,0,,,,,,caught,CT Tremlett
ball,2,0.1,West Indies,DS Smith,CH Gayle,TT Bresnan,0,0,,,,,,"",""
ball,2,0.2,West Indies,DS Smith,CH Gayle,TT Bresnan,1,0,,,,,,"",""
ball,2,0.3,West Indies,CH Gayle,DS Smith,TT Bresnan,0,0,,,,,,"",""
ball,2,0.4,West Indies,CH Gayle,DS Smith,TT Bresnan,1,0,,,,,,"",""
ball,2,0.5,West Indies,DS Smith,CH Gayle,TT Bresnan,1,0,,,,,,"",""
ball,2,0.6,West Indies,CH Gayle,DS Smith,TT Bresnan,0,0,,,,,,"",""
ball,2,1.1,West Indies,DS Smith,CH Gayle,GP Swann,0,0,,,,,,"",""
ball,2,1.2,West Indies,DS Smith,CH Gayle,GP Swann,1,0,,,,,,"",""
ball,2,1.3,West Indies,CH Gayle,DS Smith,GP Swann,1,0,,,,,,"",""
ball,2,1.4,West Indies,DS Smith,CH Gayle,GP Swann,2,0,,,,,,"",""
ball,2,1.5,West Indies,DS Smith,CH Gayle,GP Swann,0,0,,,,,,"",""
ball,2,1.6,West Indies,DS Smith,CH Gayle,GP Swann,0,0,,,,,,"",""
ball,2,2.1,West Indies,CH Gayle,DS Smith,TT Bresnan,4,0,,,,,,"",""
ball,2,2.2,West Indies,CH Gayle,DS Smith,TT Bresnan,2,0,,,,,,"",""
ball,2,2.3,West Indies,CH Gayle,DS Smith,TT Bresnan,4,0,,,,,,"",""
ball,2,2.4,West Indies,CH Gayle,DS Smith,TT Bresnan,0,0,,,,,,"",""
ball,2,2.5,West Indies,CH Gayle,DS Smith,TT Bresnan,4,0,,,,,,"",""
ball,2,2.6,West Indies,CH Gayle,DS Smith,TT Bresnan,4,0,,,,,,"",""
ball,2,3.1,West Indies,DS Smith,CH Gayle,GP Swann,0,0,,,,,,"",""
ball,2,3.2,West Indies,DS Smith,CH Gayle,GP Swann,0,4,,,,4,,"",""
ball,2,3.3,West Indies,DS Smith,CH Gayle,GP Swann,0,0,,,,,,"",""
ball,2,3.4,West Indies,DS Smith,CH Gayle,GP Swann,0,1,1,,,,,"",""
ball,2,3.5,West Indies,DS Smith,CH Gayle,GP Swann,0,0,,,,,,"",""
ball,2,3.6,West Indies,DS Smith,CH Gayle,GP Swann,1,0,,,,,,"",""
ball,2,3.7,West Indies,CH Gayle,DS Smith,GP Swann,1,0,,,,,,"",""
ball,2,4.1,West Indies,CH Gayle,DS Smith,CT Tremlett,0,0,,,,,,"",""
ball,2,4.2,West Indies,CH Gayle,DS Smith,CT Tremlett,4,0,,,,,,"",""
ball,2,4.3,West Indies,CH Gayle,DS Smith,CT Tremlett,6,0,,,,,,"",""
ball,2,4.4,West Indies,CH Gayle,DS Smith,CT Tremlett,4,0,,,,,,"",""
ball,2,4.5,West Indies,CH Gayle,DS Smith,CT Tremlett,4,0,,,,,,"",""
ball,2,4.6,West Indies,CH Gayle,DS Smith,CT Tremlett,0,0,,,,,,"",""
ball,2,5.1,West Indies,DS Smith,CH Gayle,GP Swann,0,0,,,,,,"",""
ball,2,5.2,West Indies,DS Smith,CH Gayle,GP Swann,0,0,,,,,,"",""
ball,2,5.3,West Indies,DS Smith,CH Gayle,GP Swann,2,0,,,,,,"",""
ball,2,5.4,West Indies,DS Smith,CH Gayle,GP Swann,0,0,,,,,,"",""
ball,2,5.5,West Indies,DS Smith,CH Gayle,GP Swann,1,0,,,,,,"",""
ball,2,5.6,West Indies,CH Gayle,DS Smith,GP Swann,0,0,,,,,,"",""
ball,2,6.1,West Indies,DS Smith,CH Gayle,JC Tredwell,0,0,,,,,,"",""
ball,2,6.2,West Indies,DS Smith,CH Gayle,JC Tredwell,1,0,,,,,,"",""
ball,2,6.3,West Indies,CH Gayle,DS Smith,JC Tredwell,0,0,,,,,,"",""
ball,2,6.4,West Indies,CH Gayle,DS Smith,JC Tredwell,4,0,,,,,,"",""
ball,2,6.5,West Indies,CH Gayle,DS Smith,JC Tredwell,0,0,,,,,,lbw,CH Gayle
ball,2,6.6,West Indies,DJG Sammy,DS Smith,JC Tredwell,0,0,,,,,,"",""
ball,2,7.1,West Indies,DS Smith,DJG Sammy,GP Swann,0,0,,,,,,"",""
ball,2,7.2,West Indies,DS Smith,DJG Sammy,GP Swann,0,0,,,,,,"",""
ball,2,7.3,West Indies,DS Smith,DJG Sammy,GP Swann,0,0,,,,,,"",""
ball,2,7.4,West Indies,DS Smith,DJG Sammy,GP Swann,0,0,,,,,,"",""
ball,2,7.5,West Indies,DS Smith,DJG Sammy,GP Swann,0,0,,,,,,"",""
ball,2,7.6,West Indies,DS Smith,DJG Sammy,GP Swann,0,0,,,,,,"",""
ball,2,8.1,West Indies,DJG Sammy,DS Smith,JC Tredwell,0,0,,,,,,"",""
ball,2,8.2,West Indies,DJG Sammy,DS Smith,JC Tredwell,0,0,,,,,,"",""
ball,2,8.3,West Indies,DJG Sammy,DS Smith,JC Tredwell,6,0,,,,,,"",""
ball,2,8.4,West Indies,DJG Sammy,DS Smith,JC Tredwell,0,0,,,,,,"",""
ball,2,8.5,West Indies,DJG Sammy,DS Smith,JC Tredwell,3,0,,,,,,"",""
ball,2,8.6,West Indies,DS Smith,DJG Sammy,JC Tredwell,0,0,,,,,,stumped,DS Smith
ball,2,9.1,West Indies,DJG Sammy,DM Bravo,TT Bresnan,4,0,,,,,,"",""
ball,2,9.2,West Indies,DJG Sammy,DM Bravo,TT Bresnan,2,0,,,,,,"",""
ball,2,9.3,West Indies,DJG Sammy,DM Bravo,TT Bresnan,4,0,,,,,,"",""
ball,2,9.4,West Indies,DJG Sammy,DM Bravo,TT Bresnan,1,0,,,,,,"",""
ball,2,9.5,West Indies,DM Bravo,DJG Sammy,TT Bresnan,0,0,,,,,,"",""
ball,2,9.6,West Indies,DM Bravo,DJG Sammy,TT Bresnan,0,0,,,,,,"",""
ball,2,10.1,West Indies,DJG Sammy,DM Bravo,JC Tredwell,6,0,,,,,,"",""
ball,2,10.2,West Indies,DJG Sammy,DM Bravo,JC Tredwell,0,0,,,,,,"",""
ball,2,10.3,West Indies,DJG Sammy,DM Bravo,JC Tredwell,0,0,,,,,,"",""
ball,2,10.4,West Indies,DJG Sammy,DM Bravo,JC Tredwell,1,0,,,,,,"",""
ball,2,10.5,West Indies,DM Bravo,DJG Sammy,JC Tredwell,0,0,,,,,,"",""
ball,2,10.6,West Indies,DM Bravo,DJG Sammy,JC Tredwell,0,0,,,,,,"",""
ball,2,11.1,West Indies,DJG Sammy,DM Bravo,CT Tremlett,1,0,,,,,,"",""
ball,2,11.2,West Indies,DM Bravo,DJG Sammy,CT Tremlett,0,0,,,,,,"",""
ball,2,11.3,West Indies,DM Bravo,DJG Sammy,CT Tremlett,0,0,,,,,,"",""
ball,2,11.4,West Indies,DM Bravo,DJG Sammy,CT Tremlett,0,0,,,,,,"",""
ball,2,11.5,West Indies,DM Bravo,DJG Sammy,CT Tremlett,4,0,,,,,,"",""
ball,2,11.6,West Indies,DM Bravo,DJG Sammy,CT Tremlett,1,0,,,,,,"",""
ball,2,12.1,West Indies,DM Bravo,DJG Sammy,JC Tredwell,0,0,,,,,,"",""
ball,2,12.2,West Indies,DM Bravo,DJG Sammy,JC Tredwell,0,0,,,,,,"",""
ball,2,12.3,West Indies,DM Bravo,DJG Sammy,JC Tredwell,0,0,,,,,,"",""
ball,2,12.4,West Indies,DM Bravo,DJG Sammy,JC Tredwell,0,0,,,,,,"",""
ball,2,12.5,West Indies,DM Bravo,DJG Sammy,JC Tredwell,0,0,,,,,,"",""
ball,2,12.6,West Indies,DM Bravo,DJG Sammy,JC Tredwell,0,0,,,,,,caught,DM Bravo
ball,2,13.1,West Indies,DJG Sammy,DC Thomas,CT Tremlett,0,0,,,,,,"",""
ball,2,13.2,West Indies,DJG Sammy,DC Thomas,CT Tremlett,0,0,,,,,,"",""
ball,2,13.3,West Indies,DJG Sammy,DC Thomas,CT Tremlett,0,0,,,,,,"",""
ball,2,13.4,West Indies,DJG Sammy,DC Thomas,CT Tremlett,0,1,1,,,,,"",""
ball,2,13.5,West Indies,DJG Sammy,DC Thomas,CT Tremlett,1,0,,,,,,"",""
ball,2,13.6,West Indies,DC Thomas,DJG Sammy,CT Tremlett,1,0,,,,,,"",""
ball,2,13.7,West Indies,DJG Sammy,DC Thomas,CT Tremlett,1,0,,,,,,"",""
ball,2,14.1,West Indies,DJG Sammy,DC Thomas,JC Tredwell,6,0,,,,,,"",""
ball,2,14.2,West Indies,DJG Sammy,DC Thomas,JC Tredwell,0,0,,,,,,"",""
ball,2,14.3,West Indies,DJG Sammy,DC Thomas,JC Tredwell,1,0,,,,,,"",""
ball,2,14.4,West Indies,DC Thomas,DJG Sammy,JC Tredwell,0,0,,,,,,"",""
ball,2,14.5,West Indies,DC Thomas,DJG Sammy,JC Tredwell,0,0,,,,,,"",""
ball,2,14.6,West Indies,DC Thomas,DJG Sammy,JC Tredwell,4,0,,,,,,"",""
ball,2,15.1,West Indies,DJG Sammy,DC Thomas,RS Bopara,1,0,,,,,,"",""
ball,2,15.2,West Indies,DC Thomas,DJG Sammy,RS Bopara,1,0,,,,,,"",""
ball,2,15.3,West Indies,DJG Sammy,DC Thomas,RS Bopara,1,0,,,,,,"",""
ball,2,15.4,West Indies,DC Thomas,DJG Sammy,RS Bopara,0,0,,,,,,"",""
ball,2,15.5,West Indies,DC Thomas,DJG Sammy,RS Bopara,0,0,,,,,,"",""
ball,2,15.6,West Indies,DC Thomas,DJG Sammy,RS Bopara,0,0,,,,,,"",""
ball,2,16.1,West Indies,DJG Sammy,DC Thomas,JC Tredwell,0,0,,,,,,"",""
ball,2,16.2,West Indies,DJG Sammy,DC Thomas,JC Tredwell,1,0,,,,,,"",""
ball,2,16.3,West Indies,DC Thomas,DJG Sammy,JC Tredwell,0,0,,,,,,"",""
ball,2,16.4,West Indies,DC Thomas,DJG Sammy,JC Tredwell,0,1,1,,,,,"",""
ball,2,16.5,West Indies,DC Thomas,DJG Sammy,JC Tredwell,1,0,,,,,,"",""
ball,2,16.6,West Indies,DJG Sammy,DC Thomas,JC Tredwell,1,0,,,,,,"",""
ball,2,16.7,West Indies,DC Thomas,DJG Sammy,JC Tredwell,0,0,,,,,,"",""
ball,2,17.1,West Indies,DJG Sammy,DC Thomas,RS Bopara,0,0,,,,,,bowled,DJG Sammy
ball,2,17.2,West Indies,RR Sarwan,DC Thomas,RS Bopara,0,0,,,,,,"",""
ball,2,17.3,West Indies,RR Sarwan,DC Thomas,RS Bopara,0,0,,,,,,"",""
ball,2,17.4,West Indies,RR Sarwan,DC Thomas,RS Bopara,0,0,,,,,,"",""
ball,2,17.5,West Indies,RR Sarwan,DC Thomas,RS Bopara,1,0,,,,,,"",""
ball,2,17.6,West Indies,DC Thomas,RR Sarwan,RS Bopara,0,0,,,,,,"",""
ball,2,18.1,West Indies,RR Sarwan,DC Thomas,TT Bresnan,1,0,,,,,,"",""
ball,2,18.2,West Indies,DC Thomas,RR Sarwan,TT Bresnan,2,0,,,,,,"",""
ball,2,18.3,West Indies,DC Thomas,RR Sarwan,TT Bresnan,0,0,,,,,,"",""
ball,2,18.4,West Indies,DC Thomas,RR Sarwan,TT Bresnan,0,0,,,,,,"",""
ball,2,18.5,West Indies,DC Thomas,RR Sarwan,TT Bresnan,0,1,,,,1,,"",""
ball,2,18.6,West Indies,RR Sarwan,DC Thomas,TT Bresnan,0,0,,,,,,"",""
ball,2,19.1,West Indies,DC Thomas,RR Sarwan,RS Bopara,0,0,,,,,,"",""
ball,2,19.2,West Indies,DC Thomas,RR Sarwan,RS Bopara,0,0,,,,,,"",""
ball,2,19.3,West Indies,DC Thomas,RR Sarwan,RS Bopara,0,0,,,,,,"",""
ball,2,19.4,West Indies,DC Thomas,RR Sarwan,RS Bopara,0,0,,,,,,bowled,DC Thomas
ball,2,19.5,West Indies,KA Pollard,RR Sarwan,RS Bopara,0,0,,,,,,"",""
ball,2,19.6,West Indies,KA Pollard,RR Sarwan,RS Bopara,0,0,,,,,,"",""
ball,2,20.1,West Indies,RR Sarwan,KA Pollard,TT Bresnan,0,0,,,,,,"",""
ball,2,20.2,West Indies,RR Sarwan,KA Pollard,TT Bresnan,0,0,,,,,,"",""
ball,2,20.3,West Indies,RR Sarwan,KA Pollard,TT Bresnan,0,0,,,,,,"",""
ball,2,20.4,West Indies,RR Sarwan,KA Pollard,TT Bresnan,0,0,,,,,,"",""
ball,2,20.5,West Indies,RR Sarwan,KA Pollard,TT Bresnan,0,0,,,,,,"",""
ball,2,20.6,West Indies,RR Sarwan,KA Pollard,TT Bresnan,0,0,,,,,,"",""
ball,2,21.1,West Indies,KA Pollard,RR Sarwan,RS Bopara,0,0,,,,,,"",""
ball,2,21.2,West Indies,KA Pollard,RR Sarwan,RS Bopara,0,0,,,,,,"",""
ball,2,21.3,West Indies,KA Pollard,RR Sarwan,RS Bopara,0,0,,,,,,"",""
ball,2,21.4,West Indies,KA Pollard,RR Sarwan,RS Bopara,0,0,,,,,,"",""
ball,2,21.5,West Indies,KA Pollard,RR Sarwan,RS Bopara,0,0,,,,,,"",""
ball,2,21.6,West Indies,KA Pollard,RR Sarwan,RS Bopara,0,0,,,,,,"",""
ball,2,22.1,West Indies,RR Sarwan,KA Pollard,TT Bresnan,0,0,,,,,,"",""
ball,2,22.2,West Indies,RR Sarwan,KA Pollard,TT Bresnan,1,0,,,,,,"",""
ball,2,22.3,West Indies,KA Pollard,RR Sarwan,TT Bresnan,2,0,,,,,,"",""
ball,2,22.4,West Indies,KA Pollard,RR Sarwan,TT Bresnan,0,0,,,,,,"",""
ball,2,22.5,West Indies,KA Pollard,RR Sarwan,TT Bresnan,4,0,,,,,,"",""
ball,2,22.6,West Indies,KA Pollard,RR Sarwan,TT Bresnan,0,0,,,,,,"",""
ball,2,23.1,West Indies,RR Sarwan,KA Pollard,RS Bopara,0,0,,,,,,"",""
ball,2,23.2,West Indies,RR Sarwan,KA Pollard,RS Bopara,0,0,,,,,,"",""
ball,2,23.3,West Indies,RR Sarwan,KA Pollard,RS Bopara,0,0,,,,,,"",""
ball,2,23.4,West Indies,RR Sarwan,KA Pollard,RS Bopara,0,0,,,,,,"",""
ball,2,23.5,West Indies,RR Sarwan,KA Pollard,RS Bopara,0,0,,,,,,"",""
ball,2,23.6,West Indies,RR Sarwan,KA Pollard,RS Bopara,4,0,,,,,,"",""
ball,2,24.1,West Indies,KA Pollard,RR Sarwan,GP Swann,0,0,,,,,,"",""
ball,2,24.2,West Indies,KA Pollard,RR Sarwan,GP Swann,6,0,,,,,,"",""
ball,2,24.3,West Indies,KA Pollard,RR Sarwan,GP Swann,2,0,,,,,,"",""
ball,2,24.4,West Indies,KA Pollard,RR Sarwan,GP Swann,1,0,,,,,,"",""
ball,2,24.5,West Indies,RR Sarwan,KA Pollard,GP Swann,0,0,,,,,,"",""
ball,2,24.6,West Indies,RR Sarwan,KA Pollard,GP Swann,0,0,,,,,,"",""
ball,2,25.1,West Indies,KA Pollard,RR Sarwan,RS Bopara,1,0,,,,,,"",""
ball,2,25.2,West Indies,RR Sarwan,KA Pollard,RS Bopara,1,0,,,,,,"",""
ball,2,25.3,West Indies,KA Pollard,RR Sarwan,RS Bopara,0,0,,,,,,"",""
ball,2,25.4,West Indies,KA Pollard,RR Sarwan,RS Bopara,0,0,,,,,,"",""
ball,2,25.5,West Indies,KA Pollard,RR Sarwan,RS Bopara,0,0,,,,,,"",""
ball,2,25.6,West Indies,KA Pollard,RR Sarwan,RS Bopara,6,0,,,,,,"",""
ball,2,26.1,West Indies,RR Sarwan,KA Pollard,LJ Wright,0,0,,,,,,"",""
ball,2,26.2,West Indies,RR Sarwan,KA Pollard,LJ Wright,1,0,,,,,,"",""
ball,2,26.3,West Indies,KA Pollard,RR Sarwan,LJ Wright,0,0,,,,,,"",""
ball,2,26.4,West Indies,KA Pollard,RR Sarwan,LJ Wright,0,0,,,,,,"",""
ball,2,26.5,West Indies,KA Pollard,RR Sarwan,LJ Wright,0,0,,,,,,"",""
ball,2,26.6,West Indies,KA Pollard,RR Sarwan,LJ Wright,2,0,,,,,,"",""
ball,2,27.1,West Indies,RR Sarwan,KA Pollard,GP Swann,0,0,,,,,,"",""
ball,2,27.2,West Indies,RR Sarwan,KA Pollard,GP Swann,1,0,,,,,,"",""
ball,2,27.3,West Indies,KA Pollard,RR Sarwan,GP Swann,0,0,,,,,,"",""
ball,2,27.4,West Indies,KA Pollard,RR Sarwan,GP Swann,0,0,,,,,,lbw,KA Pollard
ball,2,27.5,West Indies,AD Russell,RR Sarwan,GP Swann,0,0,,,,,,"",""
ball,2,27.6,West Indies,AD Russell,RR Sarwan,GP Swann,0,0,,,,,,"",""
ball,2,28.1,West Indies,RR Sarwan,AD Russell,LJ Wright,0,0,,,,,,"",""
ball,2,28.2,West Indies,RR Sarwan,AD Russell,LJ Wright,0,0,,,,,,"",""
ball,2,28.3,West Indies,RR Sarwan,AD Russell,LJ Wright,0,0,,,,,,"",""
ball,2,28.4,West Indies,RR Sarwan,AD Russell,LJ Wright,1,0,,,,,,"",""
ball,2,28.5,West Indies,AD Russell,RR Sarwan,LJ Wright,0,0,,,,,,"",""
ball,2,28.6,West Indies,AD Russell,RR Sarwan,LJ Wright,0,0,,,,,,"",""
ball,2,29.1,West Indies,RR Sarwan,AD Russell,GP Swann,0,0,,,,,,"",""
ball,2,29.2,West Indies,RR Sarwan,AD Russell,GP Swann,0,0,,,,,,"",""
ball,2,29.3,West Indies,RR Sarwan,AD Russell,GP Swann,0,0,,,,,,"",""
ball,2,29.4,West Indies,RR Sarwan,AD Russell,GP Swann,1,0,,,,,,"",""
ball,2,29.5,West Indies,AD Russell,RR Sarwan,GP Swann,0,0,,,,,,"",""
ball,2,29.6,West Indies,AD Russell,RR Sarwan,GP Swann,2,0,,,,,,"",""
ball,2,30.1,West Indies,RR Sarwan,AD Russell,LJ Wright,0,0,,,,,,"",""
ball,2,30.2,West Indies,RR Sarwan,AD Russell,LJ Wright,1,0,,,,,,"",""
ball,2,30.3,West Indies,AD Russell,RR Sarwan,LJ Wright,0,0,,,,,,"",""
ball,2,30.4,West Indies,AD Russell,RR Sarwan,LJ Wright,1,0,,,,,,"",""
ball,2,30.5,West Indies,RR Sarwan,AD Russell,LJ Wright,4,0,,,,,,"",""
ball,2,30.6,West Indies,RR Sarwan,AD Russell,LJ Wright,1,0,,,,,,"",""
ball,2,31.1,West Indies,RR Sarwan,AD Russell,CT Tremlett,1,0,,,,,,"",""
ball,2,31.2,West Indies,AD Russell,RR Sarwan,CT Tremlett,0,0,,,,,,"",""
ball,2,31.3,West Indies,AD Russell,RR Sarwan,CT Tremlett,0,0,,,,,,"",""
ball,2,31.4,West Indies,AD Russell,RR Sarwan,CT Tremlett,6,0,,,,,,"",""
ball,2,31.5,West Indies,AD Russell,RR Sarwan,CT Tremlett,2,0,,,,,,"",""
ball,2,31.6,West Indies,AD Russell,RR Sarwan,CT Tremlett,4,0,,,,,,"",""
ball,2,32.1,West Indies,RR Sarwan,AD Russell,LJ Wright,0,1,,,,1,,"",""
ball,2,32.2,West Indies,AD Russell,RR Sarwan,LJ Wright,2,0,,,,,,"",""
ball,2,32.3,West Indies,AD Russell,RR Sarwan,LJ Wright,0,0,,,,,,"",""
ball,2,32.4,West Indies,AD Russell,RR Sarwan,LJ Wright,4,0,,,,,,"",""
ball,2,32.5,West Indies,AD Russell,RR Sarwan,LJ Wright,1,0,,,,,,"",""
ball,2,32.6,West Indies,RR Sarwan,AD Russell,LJ Wright,0,0,,,,,,"",""
ball,2,33.1,West Indies,AD Russell,RR Sarwan,CT Tremlett,1,0,,,,,,"",""
ball,2,33.2,West Indies,RR Sarwan,AD Russell,CT Tremlett,0,0,,,,,,"",""
ball,2,33.3,West Indies,RR Sarwan,AD Russell,CT Tremlett,0,0,,,,,,"",""
ball,2,33.4,West Indies,RR Sarwan,AD Russell,CT Tremlett,1,0,,,,,,"",""
ball,2,33.5,West Indies,AD Russell,RR Sarwan,CT Tremlett,2,0,,,,,,"",""
ball,2,33.6,West Indies,AD Russell,RR Sarwan,CT Tremlett,2,0,,,,,,"",""
ball,2,34.1,West Indies,RR Sarwan,AD Russell,JC Tredwell,0,0,,,,,,"",""
ball,2,34.2,West Indies,RR Sarwan,AD Russell,JC Tredwell,0,0,,,,,,"",""
ball,2,34.3,West Indies,RR Sarwan,AD Russell,JC Tredwell,2,0,,,,,,"",""
ball,2,34.4,West Indies,RR Sarwan,AD Russell,JC Tredwell,1,0,,,,,,"",""
ball,2,34.5,West Indies,AD Russell,RR Sarwan,JC Tredwell,1,0,,,,,,"",""
ball,2,34.6,West Indies,RR Sarwan,AD Russell,JC Tredwell,0,0,,,,,,"",""
ball,2,35.1,West Indies,AD Russell,RR Sarwan,GP Swann,1,0,,,,,,"",""
ball,2,35.2,West Indies,RR Sarwan,AD Russell,GP Swann,1,0,,,,,,"",""
ball,2,35.3,West Indies,AD Russell,RR Sarwan,GP Swann,0,0,,,,,,"",""
ball,2,35.4,West Indies,AD Russell,RR Sarwan,GP Swann,3,0,,,,,,"",""
ball,2,35.5,West Indies,RR Sarwan,AD Russell,GP Swann,0,0,,,,,,"",""
ball,2,35.6,West Indies,RR Sarwan,AD Russell,GP Swann,0,0,,,,,,"",""
ball,2,36.1,West Indies,AD Russell,RR Sarwan,JC Tredwell,0,0,,,,,,"",""
ball,2,36.2,West Indies,AD Russell,RR Sarwan,JC Tredwell,0,0,,,,,,"",""
ball,2,36.3,West Indies,AD Russell,RR Sarwan,JC Tredwell,6,0,,,,,,"",""
ball,2,36.4,West Indies,AD Russell,RR Sarwan,JC Tredwell,1,0,,,,,,"",""
ball,2,36.5,West Indies,RR Sarwan,AD Russell,JC Tredwell,0,0,,,,,,"",""
ball,2,36.6,West Indies,RR Sarwan,AD Russell,JC Tredwell,0,0,,,,,,"",""
ball,2,37.1,West Indies,AD Russell,RR Sarwan,GP Swann,0,0,,,,,,"",""
ball,2,37.2,West Indies,AD Russell,RR Sarwan,GP Swann,6,0,,,,,,"",""
ball,2,37.3,West Indies,AD Russell,RR Sarwan,GP Swann,0,0,,,,,,"",""
ball,2,37.4,West Indies,AD Russell,RR Sarwan,GP Swann,0,0,,,,,,"",""
ball,2,37.5,West Indies,AD Russell,RR Sarwan,GP Swann,0,0,,,,,,"",""
ball,2,37.6,West Indies,AD Russell,RR Sarwan,GP Swann,1,0,,,,,,"",""
ball,2,38.1,West Indies,AD Russell,RR Sarwan,TT Bresnan,0,1,,,,1,,"",""
ball,2,38.2,West Indies,RR Sarwan,AD Russell,TT Bresnan,0,0,,,,,,"",""
ball,2,38.3,West Indies,RR Sarwan,AD Russell,TT Bresnan,1,0,,,,,,"",""
ball,2,38.4,West Indies,AD Russell,RR Sarwan,TT Bresnan,1,0,,,,,,"",""
ball,2,38.5,West Indies,RR Sarwan,AD Russell,TT Bresnan,1,0,,,,,,"",""
ball,2,38.6,West Indies,AD Russell,RR Sarwan,TT Bresnan,1,0,,,,,,"",""
ball,2,39.1,West Indies,AD Russell,RR Sarwan,JC Tredwell,0,0,,,,,,"",""
ball,2,39.2,West Indies,AD Russell,RR Sarwan,JC Tredwell,0,0,,,,,,"",""
ball,2,39.3,West Indies,AD Russell,RR Sarwan,JC Tredwell,1,0,,,,,,"",""
ball,2,39.4,West Indies,RR Sarwan,AD Russell,JC Tredwell,0,0,,,,,,"",""
ball,2,39.5,West Indies,RR Sarwan,AD Russell,JC Tredwell,0,0,,,,,,"",""
ball,2,39.6,West Indies,RR Sarwan,AD Russell,JC Tredwell,0,0,,,,,,"",""
ball,2,40.1,West Indies,AD Russell,RR Sarwan,RS Bopara,0,0,,,,,,"",""
ball,2,40.2,West Indies,AD Russell,RR Sarwan,RS Bopara,0,0,,,,,,"",""
ball,2,40.3,West Indies,AD Russell,RR Sarwan,RS Bopara,0,0,,,,,,"",""
ball,2,40.4,West Indies,AD Russell,RR Sarwan,RS Bopara,0,1,,,,1,,"",""
ball,2,40.5,West Indies,RR Sarwan,AD Russell,RS Bopara,0,0,,,,,,"",""
ball,2,40.6,West Indies,RR Sarwan,AD Russell,RS Bopara,4,0,,,,,,"",""
ball,2,41.1,West Indies,AD Russell,RR Sarwan,JC Tredwell,0,0,,,,,,"",""
ball,2,41.2,West Indies,AD Russell,RR Sarwan,JC Tredwell,0,0,,,,,,lbw,AD Russell
ball,2,41.3,West Indies,SJ Benn,RR Sarwan,JC Tredwell,0,0,,,,,,"",""
ball,2,41.4,West Indies,SJ Benn,RR Sarwan,JC Tredwell,0,0,,,,,,"",""
ball,2,41.5,West Indies,SJ Benn,RR Sarwan,JC Tredwell,0,0,,,,,,"",""
ball,2,41.6,West Indies,SJ Benn,RR Sarwan,JC Tredwell,0,0,,,,,,"",""
ball,2,42.1,West Indies,RR Sarwan,SJ Benn,RS Bopara,0,0,,,,,,"",""
ball,2,42.2,West Indies,RR Sarwan,SJ Benn,RS Bopara,0,0,,,,,,"",""
ball,2,42.3,West Indies,RR Sarwan,SJ Benn,RS Bopara,0,0,,,,,,"",""
ball,2,42.4,West Indies,RR Sarwan,SJ Benn,RS Bopara,1,0,,,,,,"",""
ball,2,42.5,West Indies,SJ Benn,RR Sarwan,RS Bopara,0,0,,,,,,"",""
ball,2,42.6,West Indies,SJ Benn,RR Sarwan,RS Bopara,0,0,,,,,,"",""
ball,2,43.1,West Indies,RR Sarwan,SJ Benn,GP Swann,0,0,,,,,,caught,RR Sarwan
ball,2,43.2,West Indies,KAJ Roach,SJ Benn,GP Swann,0,0,,,,,,"",""
ball,2,43.3,West Indies,KAJ Roach,SJ Benn,GP Swann,0,0,,,,,,caught,KAJ Roach
ball,2,43.4,West Indies,SJ Benn,D Bishoo,GP Swann,0,0,,,,,,"",""
ball,2,43.5,West Indies,SJ Benn,D Bishoo,GP Swann,1,0,,,,,,"",""
ball,2,43.6,West Indies,D Bishoo,SJ Benn,GP Swann,0,0,,,,,,"",""
ball,2,44.1,West Indies,SJ Benn,D Bishoo,RS Bopara,0,0,,,,,,"",""
ball,2,44.2,West Indies,SJ Benn,D Bishoo,RS Bopara,0,0,,,,,,"",""
ball,2,44.3,West Indies,SJ Benn,D Bishoo,RS Bopara,0,0,,,,,,"",""
ball,2,44.4,West Indies,SJ Benn,D Bishoo,RS Bopara,1,0,,,,,,run out,SJ Benn
