version,1.6.0
info,balls_per_over,6
info,team,Kenya
info,team,New Zealand
info,gender,male
info,season,2010/11
info,date,2011/02/20
info,event,ICC Cricket World Cup
info,match_number,2
info,venue,"MA Chidambaram Stadium, Chepauk"
info,city,Chennai
info,neutralvenue,true
info,toss_winner,Kenya
info,toss_decision,bat
info,player_of_match,HK Bennett
info,umpire,M Erasmus
info,umpire,RJ Tucker
info,reserve_umpire,S Asnani
info,tv_umpire,Aleem Dar
info,match_referee,RS Mahanama
info,winner,New Zealand
info,winner_wickets,10
info,player,Kenya,AA Obanda
info,player,Kenya,SR Waters
info,player,Kenya,CO Obuya
info,player,Kenya,SO Tikolo
info,player,Kenya,MA Ouma
info,player,Kenya,RR Patel
info,player,Kenya,JK Kamande
info,player,Kenya,TM Odoyo
info,player,Kenya,NN Odhiambo
info,player,Kenya,SO Ngoche
info,player,Kenya,E Otieno
info,player,New Zealand,MJ Guptill
info,player,New Zealand,BB McCullum
info,player,New Zealand,JD Ryder
info,player,New Zealand,LRPL Taylor
info,player,New Zealand,JEC Franklin
info,player,New Zealand,SB Styris
info,player,New Zealand,DL Vettori
info,player,New Zealand,NL McCullum
info,player,New Zealand,JDP Oram
info,player,New Zealand,TG Southee
info,player,New Zealand,HK Bennett
info,registry,people,AA Obanda,7081491e
info,registry,people,Aleem Dar,f02778d1
info,registry,people,BB McCullum,b8a55852
info,registry,people,CO Obuya,5680f1ad
info,registry,people,DL Vettori,d7c6af50
info,registry,people,E Otieno,c57fa67e
info,registry,people,HK Bennett,94238673
info,registry,people,JD Ryder,91ffa6c6
info,registry,people,JDP Oram,3eac9d95
info,registry,people,JEC Franklin,cf73ad76
info,registry,people,JK Kamande,270b3f8e
info,registry,people,LRPL Taylor,b61a3e1a
info,registry,people,M Erasmus,15d3c895
info,registry,people,MA Ouma,0939c670
info,registry,people,MJ Guptill,2be41edb
info,registry,people,NL McCullum,5673a3fc
info,registry,people,NN Odhiambo,753b5a2d
info,registry,people,RJ Tucker,38810cfc
info,registry,people,RR Patel,7fa6bd8e
info,registry,people,RS Mahanama,57910393
info,registry,people,S Asnani,b04524bc
info,registry,people,SB Styris,57efa3be
info,registry,people,SO Ngoche,49118dc7
info,registry,people,SO Tikolo,00d69fa4
info,registry,people,SR Waters,86d38202
info,registry,people,TG Southee,13c35c9e
info,registry,people,TM Odoyo,2c13defe
ball,1,0.1,Kenya,AA Obanda,SR Waters,TG Southee,0,1,,1,,,,"",""
ball,1,0.2,Kenya,AA Obanda,SR Waters,TG Southee,0,1,,,,1,,"",""
ball,1,0.3,Kenya,SR Waters,AA Obanda,TG Southee,0,0,,,,,,"",""
ball,1,0.4,Kenya,SR Waters,AA Obanda,TG Southee,0,0,,,,,,"",""
ball,1,0.5,Kenya,SR Waters,AA Obanda,TG Southee,0,0,,,,,,"",""
ball,1,0.6,Kenya,SR Waters,AA Obanda,TG Southee,0,0,,,,,,"",""
ball,1,0.7,Kenya,SR Waters,AA Obanda,TG Southee,0,0,,,,,,"",""
ball,1,1.1,Kenya,AA Obanda,SR Waters,NL McCullum,0,0,,,,,,"",""
ball,1,1.2,Kenya,AA Obanda,SR Waters,NL McCullum,0,0,,,,,,"",""
ball,1,1.3,Kenya,AA Obanda,SR Waters,NL McCullum,0,1,1,,,,,"",""
ball,1,1.4,Kenya,AA Obanda,SR Waters,NL McCullum,1,0,,,,,,"",""
ball,1,1.5,Kenya,SR Waters,AA Obanda,NL McCullum,0,0,,,,,,"",""
ball,1,1.6,Kenya,SR Waters,AA Obanda,NL McCullum,0,0,,,,,,"",""
ball,1,1.7,Kenya,SR Waters,AA Obanda,NL McCullum,0,0,,,,,,"",""
ball,1,2.1,Kenya,AA Obanda,SR Waters,TG Southee,1,0,,,,,,"",""
ball,1,2.2,Kenya,SR Waters,AA Obanda,TG Southee,0,0,,,,,,"",""
ball,1,2.3,Kenya,SR Waters,AA Obanda,TG Southee,1,0,,,,,,"",""
ball,1,2.4,Kenya,AA Obanda,SR Waters,TG Southee,0,0,,,,,,"",""
ball,1,2.5,Kenya,AA Obanda,SR Waters,TG Southee,0,0,,,,,,"",""
ball,1,2.6,Kenya,AA Obanda,SR Waters,TG Southee,0,0,,,,,,"",""
ball,1,3.1,Kenya,SR Waters,AA Obanda,NL McCullum,0,0,,,,,,"",""
ball,1,3.2,Kenya,SR Waters,AA Obanda,NL McCullum,0,0,,,,,,"",""
ball,1,3.3,Kenya,SR Waters,AA Obanda,NL McCullum,0,0,,,,,,"",""
ball,1,3.4,Kenya,SR Waters,AA Obanda,NL McCullum,0,0,,,,,,"",""
ball,1,3.5,Kenya,SR Waters,AA Obanda,NL McCullum,1,0,,,,,,"",""
ball,1,3.6,Kenya,AA Obanda,SR Waters,NL McCullum,0,0,,,,,,"",""
ball,1,4.1,Kenya,SR Waters,AA Obanda,TG Southee,0,0,,,,,,"",""
ball,1,4.2,Kenya,SR Waters,AA Obanda,TG Southee,0,0,,,,,,"",""
ball,1,4.3,Kenya,SR Waters,AA Obanda,TG Southee,0,0,,,,,,"",""
ball,1,4.4,Kenya,SR Waters,AA Obanda,TG Southee,0,0,,,,,,"",""
ball,1,4.5,Kenya,SR Waters,AA Obanda,TG Southee,1,0,,,,,,"",""
ball,1,4.6,Kenya,AA Obanda,SR Waters,TG Southee,1,0,,,,,,"",""
ball,1,5.1,Kenya,AA Obanda,SR Waters,NL McCullum,1,0,,,,,,"",""
ball,1,5.2,Kenya,SR Waters,AA Obanda,NL McCullum,0,0,,,,,,"",""
ball,1,5.3,Kenya,SR Waters,AA Obanda,NL McCullum,0,0,,,,,,"",""
ball,1,5.4,Kenya,SR Waters,AA Obanda,NL McCullum,1,0,,,,,,"",""
ball,1,5.5,Kenya,AA Obanda,SR Waters,NL McCullum,0,0,,,,,,"",""
ball,1,5.6,Kenya,AA Obanda,SR Waters,NL McCullum,1,0,,,,,,"",""
ball,1,6.1,Kenya,AA Obanda,SR Waters,TG Southee,0,0,,,,,,"",""
ball,1,6.2,Kenya,AA Obanda,SR Waters,TG Southee,1,0,,,,,,"",""
ball,1,6.3,Kenya,SR Waters,AA Obanda,TG Southee,0,1,,,,1,,"",""
ball,1,6.4,Kenya,AA Obanda,SR Waters,TG Southee,0,0,,,,,,"",""
ball,1,6.5,Kenya,AA Obanda,SR Waters,TG Southee,0,0,,,,,,"",""
ball,1,6.6,Kenya,AA Obanda,SR Waters,TG Southee,0,0,,,,,,lbw,AA Obanda
ball,1,7.1,Kenya,SR Waters,CO Obuya,NL McCullum,1,0,,,,,,"",""
ball,1,7.2,Kenya,CO Obuya,SR Waters,NL McCullum,0,0,,,,,,"",""
ball,1,7.3,Kenya,CO Obuya,SR Waters,NL McCullum,0,0,,,,,,"",""
ball,1,7.4,Kenya,CO Obuya,SR Waters,NL McCullum,4,0,,,,,,"",""
ball,1,7.5,Kenya,CO Obuya,SR Waters,NL McCullum,0,0,,,,,,"",""
ball,1,7.6,Kenya,CO Obuya,SR Waters,NL McCullum,4,0,,,,,,"",""
ball,1,8.1,Kenya,SR Waters,CO Obuya,TG Southee,1,0,,,,,,"",""
ball,1,8.2,Kenya,CO Obuya,SR Waters,TG Southee,0,0,,,,,,"",""
ball,1,8.3,Kenya,CO Obuya,SR Waters,TG Southee,1,0,,,,,,"",""
ball,1,8.4,Kenya,SR Waters,CO Obuya,TG Southee,4,0,,,,,,"",""
ball,1,8.5,Kenya,SR Waters,CO Obuya,TG Southee,0,0,,,,,,"",""
ball,1,8.6,Kenya,SR Waters,CO Obuya,TG Southee,0,0,,,,,,"",""
ball,1,9.1,Kenya,CO Obuya,SR Waters,HK Bennett,1,0,,,,,,"",""
ball,1,9.2,Kenya,SR Waters,CO Obuya,HK Bennett,1,0,,,,,,"",""
ball,1,9.3,Kenya,CO Obuya,SR Waters,HK Bennett,1,0,,,,,,"",""
ball,1,9.4,Kenya,SR Waters,CO Obuya,HK Bennett,0,0,,,,,,"",""
ball,1,9.5,Kenya,SR Waters,CO Obuya,HK Bennett,0,0,,,,,,"",""
ball,1,9.6,Kenya,SR Waters,CO Obuya,HK Bennett,1,0,,,,,,"",""
ball,1,10.1,Kenya,SR Waters,CO Obuya,DL Vettori,0,0,,,,,,"",""
ball,1,10.2,Kenya,SR Waters,CO Obuya,DL Vettori,0,0,,,,,,"",""
ball,1,10.3,Kenya,SR Waters,CO Obuya,DL Vettori,0,0,,,,,,"",""
ball,1,10.4,Kenya,SR Waters,CO Obuya,DL Vettori,0,0,,,,,,"",""
ball,1,10.5,Kenya,SR Waters,CO Obuya,DL Vettori,1,0,,,,,,"",""
ball,1,10.6,Kenya,CO Obuya,SR Waters,DL Vettori,1,0,,,,,,"",""
ball,1,11.1,Kenya,CO Obuya,SR Waters,HK Bennett,1,0,,,,,,"",""
ball,1,11.2,Kenya,SR Waters,CO Obuya,HK Bennett,0,0,,,,,,"",""
ball,1,11.3,Kenya,SR Waters,CO Obuya,HK Bennett,1,0,,,,,,"",""
ball,1,11.4,Kenya,CO Obuya,SR Waters,HK Bennett,1,0,,,,,,"",""
ball,1,11.5,Kenya,SR Waters,CO Obuya,HK Bennett,2,0,,,,,,"",""
ball,1,11.6,Kenya,SR Waters,CO Obuya,HK Bennett,0,0,,,,,,lbw,SR Waters
ball,1,12.1,Kenya,CO Obuya,SO Tikolo,DL Vettori,0,0,,,,,,"",""
ball,1,12.2,Kenya,CO Obuya,SO Tikolo,DL Vettori,0,0,,,,,,"",""
ball,1,12.3,Kenya,CO Obuya,SO Tikolo,DL Vettori,0,0,,,,,,"",""
ball,1,12.4,Kenya,CO Obuya,SO Tikolo,DL Vettori,0,0,,,,,,"",""
ball,1,12.5,Kenya,CO Obuya,SO Tikolo,DL Vettori,0,0,,,,,,"",""
ball,1,12.6,Kenya,CO Obuya,SO Tikolo,DL Vettori,0,0,,,,,,"",""
ball,1,13.1,Kenya,SO Tikolo,CO Obuya,HK Bennett,2,0,,,,,,"",""
ball,1,13.2,Kenya,SO Tikolo,CO Obuya,HK Bennett,0,0,,,,,,bowled,SO Tikolo
ball,1,13.3,Kenya,MA Ouma,CO Obuya,HK Bennett,0,1,1,,,,,"",""
ball,1,13.4,Kenya,MA Ouma,CO Obuya,HK Bennett,0,0,,,,,,"",""
ball,1,13.5,Kenya,MA Ouma,CO Obuya,HK Bennett,0,1,,,,1,,"",""
ball,1,13.6,Kenya,CO Obuya,MA Ouma,HK Bennett,0,0,,,,,,lbw,CO Obuya
ball,1,13.7,Kenya,RR Patel,MA Ouma,HK Bennett,0,0,,,,,,"",""
ball,1,14.1,Kenya,MA Ouma,RR Patel,DL Vettori,0,0,,,,,,"",""
ball,1,14.2,Kenya,MA Ouma,RR Patel,DL Vettori,1,0,,,,,,"",""
ball,1,14.3,Kenya,RR Patel,MA Ouma,DL Vettori,0,0,,,,,,"",""
ball,1,14.4,Kenya,RR Patel,MA Ouma,DL Vettori,0,0,,,,,,"",""
ball,1,14.5,Kenya,RR Patel,MA Ouma,DL Vettori,0,0,,,,,,"",""
ball,1,14.6,Kenya,RR Patel,MA Ouma,DL Vettori,3,0,,,,,,"",""
ball,1,15.1,Kenya,RR Patel,MA Ouma,HK Bennett,1,0,,,,,,"",""
ball,1,15.2,Kenya,MA Ouma,RR Patel,HK Bennett,0,0,,,,,,"",""
ball,1,15.3,Kenya,MA Ouma,RR Patel,HK Bennett,0,0,,,,,,lbw,MA Ouma
ball,1,15.4,Kenya,JK Kamande,RR Patel,HK Bennett,0,0,,,,,,"",""
ball,1,15.5,Kenya,JK Kamande,RR Patel,HK Bennett,0,0,,,,,,"",""
ball,1,15.6,Kenya,JK Kamande,RR Patel,HK Bennett,0,0,,,,,,"",""
ball,1,16.1,Kenya,RR Patel,JK Kamande,DL Vettori,0,0,,,,,,"",""
ball,1,16.2,Kenya,RR Patel,JK Kamande,DL Vettori,0,0,,,,,,"",""
ball,1,16.3,Kenya,RR Patel,JK Kamande,DL Vettori,1,0,,,,,,"",""
ball,1,16.4,Kenya,JK Kamande,RR Patel,DL Vettori,0,0,,,,,,"",""
ball,1,16.5,Kenya,JK Kamande,RR Patel,DL Vettori,0,0,,,,,,"",""
ball,1,16.6,Kenya,JK Kamande,RR Patel,DL Vettori,0,0,,,,,,"",""
ball,1,17.1,Kenya,RR Patel,JK Kamande,HK Bennett,1,0,,,,,,"",""
ball,1,17.2,Kenya,JK Kamande,RR Patel,HK Bennett,0,0,,,,,,"",""
ball,1,17.3,Kenya,JK Kamande,RR Patel,HK Bennett,0,0,,,,,,"",""
ball,1,17.4,Kenya,JK Kamande,RR Patel,HK Bennett,1,0,,,,,,"",""
ball,1,17.5,Kenya,RR Patel,JK Kamande,HK Bennett,0,0,,,,,,"",""
ball,1,17.6,Kenya,RR Patel,JK Kamande,HK Bennett,1,0,,,,,,"",""
ball,1,18.1,Kenya,RR Patel,JK Kamande,DL Vettori,4,0,,,,,,"",""
ball,1,18.2,Kenya,RR Patel,JK Kamande,DL Vettori,1,0,,,,,,"",""
ball,1,18.3,Kenya,JK Kamande,RR Patel,DL Vettori,0,0,,,,,,"",""
ball,1,18.4,Kenya,JK Kamande,RR Patel,DL Vettori,1,0,,,,,,"",""
ball,1,18.5,Kenya,RR Patel,JK Kamande,DL Vettori,0,0,,,,,,"",""
ball,1,18.6,Kenya,RR Patel,JK Kamande,DL Vettori,0,0,,,,,,"",""
ball,1,19.1,Kenya,JK Kamande,RR Patel,JDP Oram,0,0,,,,,,"",""
ball,1,19.2,Kenya,JK Kamande,RR Patel,JDP Oram,0,0,,,,,,"",""
ball,1,19.3,Kenya,JK Kamande,RR Patel,JDP Oram,0,0,,,,,,"",""
ball,1,19.4,Kenya,JK Kamande,RR Patel,JDP Oram,0,0,,,,,,"",""
ball,1,19.5,Kenya,JK Kamande,RR Patel,JDP Oram,0,0,,,,,,caught,JK Kamande
ball,1,19.6,Kenya,TM Odoyo,RR Patel,JDP Oram,0,0,,,,,,"",""
ball,1,20.1,Kenya,RR Patel,TM Odoyo,DL Vettori,0,0,,,,,,"",""
ball,1,20.2,Kenya,RR Patel,TM Odoyo,DL Vettori,0,0,,,,,,"",""
ball,1,20.3,Kenya,RR Patel,TM Odoyo,DL Vettori,1,0,,,,,,"",""
ball,1,20.4,Kenya,TM Odoyo,RR Patel,DL Vettori,0,0,,,,,,"",""
ball,1,20.5,Kenya,TM Odoyo,RR Patel,DL Vettori,2,0,,,,,,"",""
ball,1,20.6,Kenya,TM Odoyo,RR Patel,DL Vettori,0,0,,,,,,"",""
ball,1,21.1,Kenya,RR Patel,TM Odoyo,JDP Oram,1,0,,,,,,"",""
ball,1,21.2,Kenya,TM Odoyo,RR Patel,JDP Oram,0,0,,,,,,"",""
ball,1,21.3,Kenya,TM Odoyo,RR Patel,JDP Oram,0,0,,,,,,caught,TM Odoyo
ball,1,21.4,Kenya,NN Odhiambo,RR Patel,JDP Oram,0,0,,,,,,"",""
ball,1,21.5,Kenya,NN Odhiambo,RR Patel,JDP Oram,0,0,,,,,,"",""
ball,1,21.6,Kenya,NN Odhiambo,RR Patel,JDP Oram,0,4,,,4,,,"",""
ball,1,22.1,Kenya,RR Patel,NN Odhiambo,TG Southee,0,0,,,,,,"",""
ball,1,22.2,Kenya,RR Patel,NN Odhiambo,TG Southee,1,0,,,,,,"",""
ball,1,22.3,Kenya,NN Odhiambo,RR Patel,TG Southee,0,0,,,,,,"",""
ball,1,22.4,Kenya,NN Odhiambo,RR Patel,TG Southee,0,0,,,,,,"",""
ball,1,22.5,Kenya,NN Odhiambo,RR Patel,TG Southee,0,0,,,,,,bowled,NN Odhiambo
ball,1,22.6,Kenya,SO Ngoche,RR Patel,TG Southee,0,0,,,,,,lbw,SO Ngoche
ball,1,23.1,Kenya,RR Patel,E Otieno,JDP Oram,1,0,,,,,,"",""
ball,1,23.2,Kenya,E Otieno,RR Patel,JDP Oram,0,0,,,,,,"",""
ball,1,23.3,Kenya,E Otieno,RR Patel,JDP Oram,0,0,,,,,,"",""
ball,1,23.4,Kenya,E Otieno,RR Patel,JDP Oram,0,0,,,,,,"",""
ball,1,23.5,Kenya,E Otieno,RR Patel,JDP Oram,0,0,,,,,,caught,E Otieno
ball,2,0.1,New Zealand,MJ Guptill,BB McCullum,TM Odoyo,0,0,,,,,,"",""
ball,2,0.2,New Zealand,MJ Guptill,BB McCullum,TM Odoyo,0,0,,,,,,"",""
ball,2,0.3,New Zealand,MJ Guptill,BB McCullum,TM Odoyo,0,0,,,,,,"",""
ball,2,0.4,New Zealand,MJ Guptill,BB McCullum,TM Odoyo,0,0,,,,,,"",""
ball,2,0.5,New Zealand,MJ Guptill,BB McCullum,TM Odoyo,4,0,,,,,,"",""
ball,2,0.6,New Zealand,MJ Guptill,BB McCullum,TM Odoyo,1,0,,,,,,"",""
ball,2,1.1,New Zealand,MJ Guptill,BB McCullum,E Otieno,4,0,,,,,,"",""
ball,2,1.2,New Zealand,MJ Guptill,BB McCullum,E Otieno,4,0,,,,,,"",""
ball,2,1.3,New Zealand,MJ Guptill,BB McCullum,E Otieno,0,0,,,,,,"",""
ball,2,1.4,New Zealand,MJ Guptill,BB McCullum,E Otieno,0,0,,,,,,"",""
ball,2,1.5,New Zealand,MJ Guptill,BB McCullum,E Otieno,0,0,,,,,,"",""
ball,2,1.6,New Zealand,MJ Guptill,BB McCullum,E Otieno,0,0,,,,,,"",""
ball,2,2.1,New Zealand,BB McCullum,MJ Guptill,TM Odoyo,0,0,,,,,,"",""
ball,2,2.2,New Zealand,BB McCullum,MJ Guptill,TM Odoyo,1,0,,,,,,"",""
ball,2,2.3,New Zealand,MJ Guptill,BB McCullum,TM Odoyo,1,0,,,,,,"",""
ball,2,2.4,New Zealand,BB McCullum,MJ Guptill,TM Odoyo,1,0,,,,,,"",""
ball,2,2.5,New Zealand,MJ Guptill,BB McCullum,TM Odoyo,0,0,,,,,,"",""
ball,2,2.6,New Zealand,MJ Guptill,BB McCullum,TM Odoyo,4,0,,,,,,"",""
ball,2,3.1,New Zealand,BB McCullum,MJ Guptill,E Otieno,2,0,,,,,,"",""
ball,2,3.2,New Zealand,BB McCullum,MJ Guptill,E Otieno,1,0,,,,,,"",""
ball,2,3.3,New Zealand,MJ Guptill,BB McCullum,E Otieno,0,0,,,,,,"",""
ball,2,3.4,New Zealand,MJ Guptill,BB McCullum,E Otieno,6,0,,,,,,"",""
ball,2,3.5,New Zealand,MJ Guptill,BB McCullum,E Otieno,0,0,,,,,,"",""
ball,2,3.6,New Zealand,MJ Guptill,BB McCullum,E Otieno,1,0,,,,,,"",""
ball,2,4.1,New Zealand,MJ Guptill,BB McCullum,TM Odoyo,6,0,,,,,,"",""
ball,2,4.2,New Zealand,MJ Guptill,BB McCullum,TM Odoyo,1,0,,,,,,"",""
ball,2,4.3,New Zealand,BB McCullum,MJ Guptill,TM Odoyo,4,0,,,,,,"",""
ball,2,4.4,New Zealand,BB McCullum,MJ Guptill,TM Odoyo,1,0,,,,,,"",""
ball,2,4.5,New Zealand,MJ Guptill,BB McCullum,TM Odoyo,0,1,1,,,,,"",""
ball,2,4.6,New Zealand,MJ Guptill,BB McCullum,TM Odoyo,0,1,,,,1,,"",""
ball,2,4.7,New Zealand,BB McCullum,MJ Guptill,TM Odoyo,0,0,,,,,,"",""
ball,2,5.1,New Zealand,MJ Guptill,BB McCullum,JK Kamande,4,0,,,,,,"",""
ball,2,5.2,New Zealand,MJ Guptill,BB McCullum,JK Kamande,0,1,1,,,,,"",""
ball,2,5.3,New Zealand,MJ Guptill,BB McCullum,JK Kamande,1,0,,,,,,"",""
ball,2,5.4,New Zealand,BB McCullum,MJ Guptill,JK Kamande,1,0,,,,,,"",""
ball,2,5.5,New Zealand,MJ Guptill,BB McCullum,JK Kamande,0,0,,,,,,"",""
ball,2,5.6,New Zealand,MJ Guptill,BB McCullum,JK Kamande,0,2,,,2,,,"",""
ball,2,5.7,New Zealand,MJ Guptill,BB McCullum,JK Kamande,0,0,,,,,,"",""
ball,2,6.1,New Zealand,BB McCullum,MJ Guptill,NN Odhiambo,1,0,,,,,,"",""
ball,2,6.2,New Zealand,MJ Guptill,BB McCullum,NN Odhiambo,0,1,1,,,,,"",""
ball,2,6.3,New Zealand,MJ Guptill,BB McCullum,NN Odhiambo,1,0,,,,,,"",""
ball,2,6.4,New Zealand,BB McCullum,MJ Guptill,NN Odhiambo,0,1,,1,,,,"",""
ball,2,6.5,New Zealand,BB McCullum,MJ Guptill,NN Odhiambo,0,0,,,,,,"",""
ball,2,6.6,New Zealand,BB McCullum,MJ Guptill,NN Odhiambo,1,0,,,,,,"",""
ball,2,6.7,New Zealand,MJ Guptill,BB McCullum,NN Odhiambo,0,0,,,,,,"",""
ball,2,6.8,New Zealand,MJ Guptill,BB McCullum,NN Odhiambo,0,0,,,,,,"",""
ball,2,7.1,New Zealand,BB McCullum,MJ Guptill,JK Kamande,4,0,,,,,,"",""
ball,2,7.2,New Zealand,BB McCullum,MJ Guptill,JK Kamande,1,0,,,,,,"",""
ball,2,7.3,New Zealand,MJ Guptill,BB McCullum,JK Kamande,0,0,,,,,,"",""
ball,2,7.4,New Zealand,MJ Guptill,BB McCullum,JK Kamande,1,0,,,,,,"",""
ball,2,7.5,New Zealand,BB McCullum,MJ Guptill,JK Kamande,4,0,,,,,,"",""
ball,2,7.6,New Zealand,BB McCullum,MJ Guptill,JK Kamande,4,0,,,,,,"",""
