version,1.6.0
info,balls_per_over,6
info,team,Sri Lanka
info,team,Pakistan
info,gender,male
info,season,2010/11
info,date,2011/02/26
info,event,ICC Cricket World Cup
info,match_number,10
info,venue,R Premadasa Stadium
info,city,Colombo
info,toss_winner,Pakistan
info,toss_decision,bat
info,player_of_match,Shahid Afridi
info,umpire,IJ Gould
info,umpire,DJ Harper
info,reserve_umpire,AL Hill
info,tv_umpire,NJ Llong
info,match_referee,BC Broad
info,winner,Pakistan
info,winner_runs,11
info,player,Pakistan,Ahmed Shehzad
info,player,Pakistan,Mohammad Hafeez
info,player,Pakistan,Kamran Akmal
info,player,Pakistan,Younis Khan
info,player,Pakistan,Misbah-ul-Haq
info,player,Pakistan,Umar Akmal
info,player,Pakistan,Shahid Afridi
info,player,Pakistan,Abdul Razzaq
info,player,Pakistan,Umar Gul
info,player,Pakistan,Abdur Rehman
info,player,Pakistan,Shoaib Akhtar
info,player,Sri Lanka,WU Tharanga
info,player,Sri Lanka,TM Dilshan
info,player,Sri Lanka,KC Sangakkara
info,player,Sri Lanka,DPMD Jayawardene
info,player,Sri Lanka,TT Samaraweera
info,player,Sri Lanka,LPC Silva
info,player,Sri Lanka,AD Mathews
info,player,Sri Lanka,NLTC Perera
info,player,Sri Lanka,KMDN Kulasekara
info,player,Sri Lanka,HMRKB Herath
info,player,Sri Lanka,M Muralitharan
info,registry,people,AD Mathews,896d78ad
info,registry,people,AL Hill,4165ced0
info,registry,people,Abdul Razzaq,390ff45b
info,registry,people,Abdur Rehman,d094e7d1
info,registry,people,Ahmed Shehzad,f8fd6e3f
info,registry,people,BC Broad,d6a7dd38
info,registry,people,CK Kapugedera,cfad138c
info,registry,people,DJ Harper,0ec08b27
info,registry,people,DPMD Jayawardene,d18f9182
info,registry,people,HMRKB Herath,d2fcce2f
info,registry,people,IJ Gould,a9dfdf6c
info,registry,people,KC Sangakkara,6b71e6cf
info,registry,people,KMDN Kulasekara,469ea22b
info,registry,people,Kamran Akmal,ff077124
info,registry,people,LPC Silva,1be70c88
info,registry,people,M Muralitharan,4ba44e19
info,registry,people,Misbah-ul-Haq,7eae4418
info,registry,people,Mohammad Hafeez,9ab63e7b
info,registry,people,NJ Llong,573fb985
info,registry,people,NLTC Perera,0f12f9df
info,registry,people,Shahid Afridi,0dc00542
info,registry,people,Shoaib Akhtar,10a91f35
info,registry,people,TM Dilshan,5bdcdb72
info,registry,people,TT Samaraweera,2008fc75
info,registry,people,Umar Akmal,fd2bf2a0
info,registry,people,Umar Gul,16dfcc19
info,registry,people,WU Tharanga,7ed9fd56
info,registry,people,Younis Khan,33cb3411
ball,1,0.1,Pakistan,Ahmed Shehzad,Mohammad Hafeez,KMDN Kulasekara,0,0,,,,,,"",""
ball,1,0.2,Pakistan,Ahmed Shehzad,Mohammad Hafeez,KMDN Kulasekara,0,0,,,,,,"",""
ball,1,0.3,Pakistan,Ahmed Shehzad,Mohammad Hafeez,KMDN Kulasekara,0,0,,,,,,"",""
ball,1,0.4,Pakistan,Ahmed Shehzad,Mohammad Hafeez,KMDN Kulasekara,4,0,,,,,,"",""
ball,1,0.5,Pakistan,Ahmed Shehzad,Mohammad Hafeez,KMDN Kulasekara,0,0,,,,,,"",""
ball,1,0.6,Pakistan,Ahmed Shehzad,Mohammad Hafeez,KMDN Kulasekara,0,1,,,,1,,"",""
ball,1,1.1,Pakistan,Ahmed Shehzad,Mohammad Hafeez,NLTC Perera,0,0,,,,,,"",""
ball,1,1.2,Pakistan,Ahmed Shehzad,Mohammad Hafeez,NLTC Perera,0,1,1,,,,,"",""
ball,1,1.3,Pakistan,Ahmed Shehzad,Mohammad Hafeez,NLTC Perera,4,0,,,,,,"",""
ball,1,1.4,Pakistan,Ahmed Shehzad,Mohammad Hafeez,NLTC Perera,2,0,,,,,,"",""
ball,1,1.5,Pakistan,Ahmed Shehzad,Mohammad Hafeez,NLTC Perera,1,0,,,,,,"",""
ball,1,1.6,Pakistan,Mohammad Hafeez,Ahmed Shehzad,NLTC Perera,0,0,,,,,,"",""
ball,1,1.7,Pakistan,Mohammad Hafeez,Ahmed Shehzad,NLTC Perera,0,0,,,,,,"",""
ball,1,2.1,Pakistan,Ahmed Shehzad,Mohammad Hafeez,KMDN Kulasekara,0,0,,,,,,"",""
ball,1,2.2,Pakistan,Ahmed Shehzad,Mohammad Hafeez,KMDN Kulasekara,0,0,,,,,,"",""
ball,1,2.3,Pakistan,Ahmed Shehzad,Mohammad Hafeez,KMDN Kulasekara,0,0,,,,,,"",""
ball,1,2.4,Pakistan,Ahmed Shehzad,Mohammad Hafeez,KMDN Kulasekara,0,0,,,,,,"",""
ball,1,2.5,Pakistan,Ahmed Shehzad,Mohammad Hafeez,KMDN Kulasekara,0,0,,,,,,"",""
ball,1,2.6,Pakistan,Ahmed Shehzad,Mohammad Hafeez,KMDN Kulasekara,0,0,,,,,,"",""
ball,1,3.1,Pakistan,Mohammad Hafeez,Ahmed Shehzad,NLTC Perera,0,0,,,,,,"",""
ball,1,3.2,Pakistan,Mohammad Hafeez,Ahmed Shehzad,NLTC Perera,4,0,,,,,,"",""
ball,1,3.3,Pakistan,Mohammad Hafeez,Ahmed Shehzad,NLTC Perera,0,0,,,,,,"",""
ball,1,3.4,Pakistan,Mohammad Hafeez,Ahmed Shehzad,NLTC Perera,2,0,,,,,,"",""
ball,1,3.5,Pakistan,Mohammad Hafeez,Ahmed Shehzad,NLTC Perera,1,0,,,,,,"",""
ball,1,3.6,Pakistan,Ahmed Shehzad,Mohammad Hafeez,NLTC Perera,0,0,,,,,,"",""
ball,1,4.1,Pakistan,Mohammad Hafeez,Ahmed Shehzad,KMDN Kulasekara,1,0,,,,,,"",""
ball,1,4.2,Pakistan,Ahmed Shehzad,Mohammad Hafeez,KMDN Kulasekara,2,0,,,,,,"",""
ball,1,4.3,Pakistan,Ahmed Shehzad,Mohammad Hafeez,KMDN Kulasekara,0,0,,,,,,"",""
ball,1,4.4,Pakistan,Ahmed Shehzad,Mohammad Hafeez,KMDN Kulasekara,0,1,,,,1,,"",""
ball,1,4.5,Pakistan,Mohammad Hafeez,Ahmed Shehzad,KMDN Kulasekara,0,0,,,,,,"",""
ball,1,4.6,Pakistan,Mohammad Hafeez,Ahmed Shehzad,KMDN Kulasekara,4,0,,,,,,"",""
ball,1,5.1,Pakistan,Ahmed Shehzad,Mohammad Hafeez,NLTC Perera,0,0,,,,,,"",""
ball,1,5.2,Pakistan,Ahmed Shehzad,Mohammad Hafeez,NLTC Perera,0,0,,,,,,"",""
ball,1,5.3,Pakistan,Ahmed Shehzad,Mohammad Hafeez,NLTC Perera,0,0,,,,,,caught,Ahmed Shehzad
ball,1,5.4,Pakistan,Kamran Akmal,Mohammad Hafeez,NLTC Perera,3,0,,,,,,"",""
ball,1,5.5,Pakistan,Mohammad Hafeez,Kamran Akmal,NLTC Perera,0,0,,,,,,"",""
ball,1,5.6,Pakistan,Mohammad Hafeez,Kamran Akmal,NLTC Perera,0,0,,,,,,"",""
ball,1,6.1,Pakistan,Kamran Akmal,Mohammad Hafeez,KMDN Kulasekara,0,1,,,,1,,"",""
ball,1,6.2,Pakistan,Mohammad Hafeez,Kamran Akmal,KMDN Kulasekara,0,0,,,,,,"",""
ball,1,6.3,Pakistan,Mohammad Hafeez,Kamran Akmal,KMDN Kulasekara,6,0,,,,,,"",""
ball,1,6.4,Pakistan,Mohammad Hafeez,Kamran Akmal,KMDN Kulasekara,4,0,,,,,,"",""
ball,1,6.5,Pakistan,Mohammad Hafeez,Kamran Akmal,KMDN Kulasekara,0,0,,,,,,"",""
ball,1,6.6,Pakistan,Mohammad Hafeez,Kamran Akmal,KMDN Kulasekara,0,0,,,,,,"",""
ball,1,7.1,Pakistan,Kamran Akmal,Mohammad Hafeez,NLTC Perera,0,0,,,,,,"",""
ball,1,7.2,Pakistan,Kamran Akmal,Mohammad Hafeez,NLTC Perera,0,0,,,,,,"",""
ball,1,7.3,Pakistan,Kamran Akmal,Mohammad Hafeez,NLTC Perera,4,0,,,,,,"",""
ball,1,7.4,Pakistan,Kamran Akmal,Mohammad Hafeez,NLTC Perera,0,0,,,,,,"",""
ball,1,7.5,Pakistan,Kamran Akmal,Mohammad Hafeez,NLTC Perera,0,0,,,,,,"",""
ball,1,7.6,Pakistan,Kamran Akmal,Mohammad Hafeez,NLTC Perera,1,0,,,,,,"",""
ball,1,8.1,Pakistan,Kamran Akmal,Mohammad Hafeez,KMDN Kulasekara,0,0,,,,,,"",""
ball,1,8.2,Pakistan,Kamran Akmal,Mohammad Hafeez,KMDN Kulasekara,0,0,,,,,,"",""
ball,1,8.3,Pakistan,Kamran Akmal,Mohammad Hafeez,KMDN Kulasekara,4,0,,,,,,"",""
ball,1,8.4,Pakistan,Kamran Akmal,Mohammad Hafeez,KMDN Kulasekara,3,0,,,,,,"",""
ball,1,8.5,Pakistan,Mohammad Hafeez,Kamran Akmal,KMDN Kulasekara,1,0,,,,,,"",""
ball,1,8.6,Pakistan,Kamran Akmal,Mohammad Hafeez,KMDN Kulasekara,4,0,,,,,,"",""
ball,1,9.1,Pakistan,Mohammad Hafeez,Kamran Akmal,NLTC Perera,0,0,,,,,,"",""
ball,1,9.2,Pakistan,Mohammad Hafeez,Kamran Akmal,NLTC Perera,0,0,,,,,,"",""
ball,1,9.3,Pakistan,Mohammad Hafeez,Kamran Akmal,NLTC Perera,0,0,,,,,,"",""
ball,1,9.4,Pakistan,Mohammad Hafeez,Kamran Akmal,NLTC Perera,4,0,,,,,,"",""
ball,1,9.5,Pakistan,Mohammad Hafeez,Kamran Akmal,NLTC Perera,0,0,,,,,,"",""
ball,1,9.6,Pakistan,Mohammad Hafeez,Kamran Akmal,NLTC Perera,2,0,,,,,,"",""
ball,1,10.1,Pakistan,Kamran Akmal,Mohammad Hafeez,AD Mathews,0,0,,,,,,"",""
ball,1,10.2,Pakistan,Kamran Akmal,Mohammad Hafeez,AD Mathews,0,0,,,,,,"",""
ball,1,10.3,Pakistan,Kamran Akmal,Mohammad Hafeez,AD Mathews,0,0,,,,,,"",""
ball,1,10.4,Pakistan,Kamran Akmal,Mohammad Hafeez,AD Mathews,0,0,,,,,,"",""
ball,1,10.5,Pakistan,Kamran Akmal,Mohammad Hafeez,AD Mathews,1,0,,,,,,"",""
ball,1,10.6,Pakistan,Mohammad Hafeez,Kamran Akmal,AD Mathews,0,0,,,,,,"",""
ball,1,11.1,Pakistan,Kamran Akmal,Mohammad Hafeez,KMDN Kulasekara,4,0,,,,,,"",""
ball,1,11.2,Pakistan,Kamran Akmal,Mohammad Hafeez,KMDN Kulasekara,0,0,,,,,,"",""
ball,1,11.3,Pakistan,Kamran Akmal,Mohammad Hafeez,KMDN Kulasekara,0,1,1,,,,,"",""
ball,1,11.4,Pakistan,Kamran Akmal,Mohammad Hafeez,KMDN Kulasekara,1,0,,,,,,"",""
ball,1,11.5,Pakistan,Mohammad Hafeez,Kamran Akmal,KMDN Kulasekara,0,0,,,,,,"",""
ball,1,11.6,Pakistan,Mohammad Hafeez,Kamran Akmal,KMDN Kulasekara,1,0,,,,,,"",""
ball,1,11.7,Pakistan,Kamran Akmal,Mohammad Hafeez,KMDN Kulasekara,0,0,,,,,,"",""
ball,1,12.1,Pakistan,Mohammad Hafeez,Kamran Akmal,AD Mathews,1,0,,,,,,"",""
ball,1,12.2,Pakistan,Kamran Akmal,Mohammad Hafeez,AD Mathews,1,0,,,,,,"",""
ball,1,12.3,Pakistan,Mohammad Hafeez,Kamran Akmal,AD Mathews,0,0,,,,,,"",""
ball,1,12.4,Pakistan,Mohammad Hafeez,Kamran Akmal,AD Mathews,1,0,,,,,,"",""
ball,1,12.5,Pakistan,Kamran Akmal,Mohammad Hafeez,AD Mathews,0,0,,,,,,"",""
ball,1,12.6,Pakistan,Kamran Akmal,Mohammad Hafeez,AD Mathews,0,0,,,,,,"",""
ball,1,13.1,Pakistan,Mohammad Hafeez,Kamran Akmal,M Muralitharan,0,0,,,,,,run out,Mohammad Hafeez
ball,1,13.2,Pakistan,Kamran Akmal,Younis Khan,M Muralitharan,0,0,,,,,,"",""
ball,1,13.3,Pakistan,Kamran Akmal,Younis Khan,M Muralitharan,0,0,,,,,,"",""
ball,1,13.4,Pakistan,Kamran Akmal,Younis Khan,M Muralitharan,0,0,,,,,,"",""
ball,1,13.5,Pakistan,Kamran Akmal,Younis Khan,M Muralitharan,1,0,,,,,,"",""
ball,1,13.6,Pakistan,Younis Khan,Kamran Akmal,M Muralitharan,1,0,,,,,,"",""
ball,1,14.1,Pakistan,Younis Khan,Kamran Akmal,AD Mathews,0,0,,,,,,"",""
ball,1,14.2,Pakistan,Younis Khan,Kamran Akmal,AD Mathews,1,0,,,,,,"",""
ball,1,14.3,Pakistan,Kamran Akmal,Younis Khan,AD Mathews,0,0,,,,,,"",""
ball,1,14.4,Pakistan,Kamran Akmal,Younis Khan,AD Mathews,0,0,,,,,,"",""
ball,1,14.5,Pakistan,Kamran Akmal,Younis Khan,AD Mathews,0,0,,,,,,"",""
ball,1,14.6,Pakistan,Kamran Akmal,Younis Khan,AD Mathews,0,0,,,,,,"",""
ball,1,15.1,Pakistan,Younis Khan,Kamran Akmal,KMDN Kulasekara,0,0,,,,,,"",""
ball,1,15.2,Pakistan,Younis Khan,Kamran Akmal,KMDN Kulasekara,1,0,,,,,,"",""
ball,1,15.3,Pakistan,Kamran Akmal,Younis Khan,KMDN Kulasekara,0,0,,,,,,"",""
ball,1,15.4,Pakistan,Kamran Akmal,Younis Khan,KMDN Kulasekara,0,0,,,,,,"",""
ball,1,15.5,Pakistan,Kamran Akmal,Younis Khan,KMDN Kulasekara,1,0,,,,,,"",""
ball,1,15.6,Pakistan,Younis Khan,Kamran Akmal,KMDN Kulasekara,1,0,,,,,,"",""
ball,1,16.1,Pakistan,Younis Khan,Kamran Akmal,AD Mathews,1,0,,,,,,"",""
ball,1,16.2,Pakistan,Kamran Akmal,Younis Khan,AD Mathews,1,0,,,,,,"",""
ball,1,16.3,Pakistan,Younis Khan,Kamran Akmal,AD Mathews,4,0,,,,,,"",""
ball,1,16.4,Pakistan,Younis Khan,Kamran Akmal,AD Mathews,0,0,,,,,,"",""
ball,1,16.5,Pakistan,Younis Khan,Kamran Akmal,AD Mathews,1,0,,,,,,"",""
ball,1,16.6,Pakistan,Kamran Akmal,Younis Khan,AD Mathews,0,0,,,,,,"",""
ball,1,17.1,Pakistan,Younis Khan,Kamran Akmal,HMRKB Herath,0,0,,,,,,"",""
ball,1,17.2,Pakistan,Younis Khan,Kamran Akmal,HMRKB Herath,1,0,,,,,,"",""
ball,1,17.3,Pakistan,Kamran Akmal,Younis Khan,HMRKB Herath,0,0,,,,,,"",""
ball,1,17.4,Pakistan,Kamran Akmal,Younis Khan,HMRKB Herath,1,0,,,,,,"",""
ball,1,17.5,Pakistan,Younis Khan,Kamran Akmal,HMRKB Herath,1,0,,,,,,"",""
ball,1,17.6,Pakistan,Kamran Akmal,Younis Khan,HMRKB Herath,0,0,,,,,,"",""
ball,1,18.1,Pakistan,Younis Khan,Kamran Akmal,AD Mathews,0,0,,,,,,"",""
ball,1,18.2,Pakistan,Younis Khan,Kamran Akmal,AD Mathews,1,0,,,,,,"",""
ball,1,18.3,Pakistan,Kamran Akmal,Younis Khan,AD Mathews,4,0,,,,,,"",""
ball,1,18.4,Pakistan,Kamran Akmal,Younis Khan,AD Mathews,2,0,,,,,,"",""
ball,1,18.5,Pakistan,Kamran Akmal,Younis Khan,AD Mathews,1,0,,,,,,"",""
ball,1,18.6,Pakistan,Younis Khan,Kamran Akmal,AD Mathews,2,0,,,,,,"",""
ball,1,19.1,Pakistan,Kamran Akmal,Younis Khan,M Muralitharan,1,0,,,,,,"",""
ball,1,19.2,Pakistan,Younis Khan,Kamran Akmal,M Muralitharan,1,0,,,,,,"",""
ball,1,19.3,Pakistan,Kamran Akmal,Younis Khan,M Muralitharan,1,0,,,,,,"",""
ball,1,19.4,Pakistan,Younis Khan,Kamran Akmal,M Muralitharan,0,0,,,,,,"",""
ball,1,19.5,Pakistan,Younis Khan,Kamran Akmal,M Muralitharan,0,0,,,,,,"",""
ball,1,19.6,Pakistan,Younis Khan,Kamran Akmal,M Muralitharan,0,0,,,,,,"",""
ball,1,20.1,Pakistan,Kamran Akmal,Younis Khan,HMRKB Herath,0,0,,,,,,"",""
ball,1,20.2,Pakistan,Kamran Akmal,Younis Khan,HMRKB Herath,0,0,,,,,,stumped,Kamran Akmal
ball,1,20.3,Pakistan,Misbah-ul-Haq,Younis Khan,HMRKB Herath,0,0,,,,,,"",""
ball,1,20.4,Pakistan,Misbah-ul-Haq,Younis Khan,HMRKB Herath,0,0,,,,,,"",""
ball,1,20.5,Pakistan,Misbah-ul-Haq,Younis Khan,HMRKB Herath,1,0,,,,,,"",""
ball,1,20.6,Pakistan,Younis Khan,Misbah-ul-Haq,HMRKB Herath,0,0,,,,,,"",""
ball,1,21.1,Pakistan,Misbah-ul-Haq,Younis Khan,M Muralitharan,1,0,,,,,,"",""
ball,1,21.2,Pakistan,Younis Khan,Misbah-ul-Haq,M Muralitharan,1,0,,,,,,"",""
ball,1,21.3,Pakistan,Misbah-ul-Haq,Younis Khan,M Muralitharan,0,0,,,,,,"",""
ball,1,21.4,Pakistan,Misbah-ul-Haq,Younis Khan,M Muralitharan,0,0,,,,,,"",""
ball,1,21.5,Pakistan,Misbah-ul-Haq,Younis Khan,M Muralitharan,0,0,,,,,,"",""
ball,1,21.6,Pakistan,Misbah-ul-Haq,Younis Khan,M Muralitharan,1,0,,,,,,"",""
ball,1,22.1,Pakistan,Misbah-ul-Haq,Younis Khan,HMRKB Herath,1,0,,,,,,"",""
ball,1,22.2,Pakistan,Younis Khan,Misbah-ul-Haq,HMRKB Herath,1,0,,,,,,"",""
ball,1,22.3,Pakistan,Misbah-ul-Haq,Younis Khan,HMRKB Herath,0,0,,,,,,"",""
ball,1,22.4,Pakistan,Misbah-ul-Haq,Younis Khan,HMRKB Herath,2,0,,,,,,"",""
ball,1,22.5,Pakistan,Misbah-ul-Haq,Younis Khan,HMRKB Herath,0,0,,,,,,"",""
ball,1,22.6,Pakistan,Misbah-ul-Haq,Younis Khan,HMRKB Herath,0,0,,,,,,"",""
ball,1,23.1,Pakistan,Younis Khan,Misbah-ul-Haq,M Muralitharan,0,0,,,,,,"",""
ball,1,23.2,Pakistan,Younis Khan,Misbah-ul-Haq,M Muralitharan,1,0,,,,,,"",""
ball,1,23.3,Pakistan,Misbah-ul-Haq,Younis Khan,M Muralitharan,1,0,,,,,,"",""
ball,1,23.4,Pakistan,Younis Khan,Misbah-ul-Haq,M Muralitharan,1,0,,,,,,"",""
ball,1,23.5,Pakistan,Misbah-ul-Haq,Younis Khan,M Muralitharan,0,0,,,,,,"",""
ball,1,23.6,Pakistan,Misbah-ul-Haq,Younis Khan,M Muralitharan,1,0,,,,,,"",""
ball,1,24.1,Pakistan,Misbah-ul-Haq,Younis Khan,HMRKB Herath,0,0,,,,,,"",""
ball,1,24.2,Pakistan,Misbah-ul-Haq,Younis Khan,HMRKB Herath,0,0,,,,,,"",""
ball,1,24.3,Pakistan,Misbah-ul-Haq,Younis Khan,HMRKB Herath,2,0,,,,,,"",""
ball,1,24.4,Pakistan,Misbah-ul-Haq,Younis Khan,HMRKB Herath,1,0,,,,,,"",""
ball,1,24.5,Pakistan,Younis Khan,Misbah-ul-Haq,HMRKB Herath,2,0,,,,,,"",""
ball,1,24.6,Pakistan,Younis Khan,Misbah-ul-Haq,HMRKB Herath,1,0,,,,,,"",""
ball,1,25.1,Pakistan,Younis Khan,Misbah-ul-Haq,M Muralitharan,1,0,,,,,,"",""
ball,1,25.2,Pakistan,Misbah-ul-Haq,Younis Khan,M Muralitharan,1,0,,,,,,"",""
ball,1,25.3,Pakistan,Younis Khan,Misbah-ul-Haq,M Muralitharan,1,0,,,,,,"",""
ball,1,25.4,Pakistan,Misbah-ul-Haq,Younis Khan,M Muralitharan,1,0,,,,,,"",""
ball,1,25.5,Pakistan,Younis Khan,Misbah-ul-Haq,M Muralitharan,0,0,,,,,,"",""
ball,1,25.6,Pakistan,Younis Khan,Misbah-ul-Haq,M Muralitharan,0,0,,,,,,"",""
ball,1,26.1,Pakistan,Misbah-ul-Haq,Younis Khan,AD Mathews,1,0,,,,,,"",""
ball,1,26.2,Pakistan,Younis Khan,Misbah-ul-Haq,AD Mathews,1,0,,,,,,"",""
ball,1,26.3,Pakistan,Misbah-ul-Haq,Younis Khan,AD Mathews,1,0,,,,,,"",""
ball,1,26.4,Pakistan,Younis Khan,Misbah-ul-Haq,AD Mathews,1,0,,,,,,"",""
ball,1,26.5,Pakistan,Misbah-ul-Haq,Younis Khan,AD Mathews,0,0,,,,,,"",""
ball,1,26.6,Pakistan,Misbah-ul-Haq,Younis Khan,AD Mathews,1,0,,,,,,"",""
ball,1,27.1,Pakistan,Misbah-ul-Haq,Younis Khan,TM Dilshan,4,0,,,,,,"",""
ball,1,27.2,Pakistan,Misbah-ul-Haq,Younis Khan,TM Dilshan,1,0,,,,,,"",""
ball,1,27.3,Pakistan,Younis Khan,Misbah-ul-Haq,TM Dilshan,2,0,,,,,,"",""
ball,1,27.4,Pakistan,Younis Khan,Misbah-ul-Haq,TM Dilshan,1,0,,,,,,"",""
ball,1,27.5,Pakistan,Misbah-ul-Haq,Younis Khan,TM Dilshan,1,0,,,,,,"",""
ball,1,27.6,Pakistan,Younis Khan,Misbah-ul-Haq,TM Dilshan,1,0,,,,,,"",""
ball,1,28.1,Pakistan,Younis Khan,Misbah-ul-Haq,AD Mathews,0,0,,,,,,"",""
ball,1,28.2,Pakistan,Younis Khan,Misbah-ul-Haq,AD Mathews,1,0,,,,,,"",""
ball,1,28.3,Pakistan,Misbah-ul-Haq,Younis Khan,AD Mathews,1,0,,,,,,"",""
ball,1,28.4,Pakistan,Younis Khan,Misbah-ul-Haq,AD Mathews,4,0,,,,,,"",""
ball,1,28.5,Pakistan,Younis Khan,Misbah-ul-Haq,AD Mathews,1,0,,,,,,"",""
ball,1,28.6,Pakistan,Misbah-ul-Haq,Younis Khan,AD Mathews,1,0,,,,,,"",""
ball,1,29.1,Pakistan,Misbah-ul-Haq,Younis Khan,M Muralitharan,1,0,,,,,,"",""
ball,1,29.2,Pakistan,Younis Khan,Misbah-ul-Haq,M Muralitharan,1,0,,,,,,"",""
ball,1,29.3,Pakistan,Misbah-ul-Haq,Younis Khan,M Muralitharan,0,0,,,,,,"",""
ball,1,29.4,Pakistan,Misbah-ul-Haq,Younis Khan,M Muralitharan,1,0,,,,,,"",""
ball,1,29.5,Pakistan,Younis Khan,Misbah-ul-Haq,M Muralitharan,1,0,,,,,,"",""
ball,1,29.6,Pakistan,Misbah-ul-Haq,Younis Khan,M Muralitharan,0,0,,,,,,"",""
ball,1,30.1,Pakistan,Younis Khan,Misbah-ul-Haq,HMRKB Herath,1,0,,,,,,"",""
ball,1,30.2,Pakistan,Misbah-ul-Haq,Younis Khan,HMRKB Herath,0,0,,,,,,"",""
ball,1,30.3,Pakistan,Misbah-ul-Haq,Younis Khan,HMRKB Herath,0,0,,,,,,"",""
ball,1,30.4,Pakistan,Misbah-ul-Haq,Younis Khan,HMRKB Herath,0,0,,,,,,"",""
ball,1,30.5,Pakistan,Misbah-ul-Haq,Younis Khan,HMRKB Herath,1,0,,,,,,"",""
ball,1,30.6,Pakistan,Younis Khan,Misbah-ul-Haq,HMRKB Herath,0,0,,,,,,"",""
ball,1,31.1,Pakistan,Misbah-ul-Haq,Younis Khan,M Muralitharan,1,0,,,,,,"",""
ball,1,31.2,Pakistan,Younis Khan,Misbah-ul-Haq,M Muralitharan,0,0,,,,,,"",""
ball,1,31.3,Pakistan,Younis Khan,Misbah-ul-Haq,M Muralitharan,0,0,,,,,,"",""
ball,1,31.4,Pakistan,Younis Khan,Misbah-ul-Haq,M Muralitharan,1,0,,,,,,"",""
ball,1,31.5,Pakistan,Misbah-ul-Haq,Younis Khan,M Muralitharan,1,0,,,,,,"",""
ball,1,31.6,Pakistan,Younis Khan,Misbah-ul-Haq,M Muralitharan,1,0,,,,,,"",""
ball,1,32.1,Pakistan,Younis Khan,Misbah-ul-Haq,HMRKB Herath,0,0,,,,,,"",""
ball,1,32.2,Pakistan,Younis Khan,Misbah-ul-Haq,HMRKB Herath,1,0,,,,,,"",""
ball,1,32.3,Pakistan,Misbah-ul-Haq,Younis Khan,HMRKB Herath,0,0,,,,,,"",""
ball,1,32.4,Pakistan,Misbah-ul-Haq,Younis Khan,HMRKB Herath,1,0,,,,,,"",""
ball,1,32.5,Pakistan,Younis Khan,Misbah-ul-Haq,HMRKB Herath,1,0,,,,,,"",""
ball,1,32.6,Pakistan,Misbah-ul-Haq,Younis Khan,HMRKB Herath,1,0,,,,,,"",""
ball,1,33.1,Pakistan,Misbah-ul-Haq,Younis Khan,NLTC Perera,0,0,,,,,,"",""
ball,1,33.2,Pakistan,Misbah-ul-Haq,Younis Khan,NLTC Perera,0,0,,,,,,"",""
ball,1,33.3,Pakistan,Misbah-ul-Haq,Younis Khan,NLTC Perera,1,0,,,,,,"",""
ball,1,33.4,Pakistan,Younis Khan,Misbah-ul-Haq,NLTC Perera,0,0,,,,,,"",""
ball,1,33.5,Pakistan,Younis Khan,Misbah-ul-Haq,NLTC Perera,4,0,,,,,,"",""
ball,1,33.6,Pakistan,Younis Khan,Misbah-ul-Haq,NLTC Perera,1,0,,,,,,"",""
ball,1,34.1,Pakistan,Younis Khan,Misbah-ul-Haq,HMRKB Herath,1,0,,,,,,"",""
ball,1,34.2,Pakistan,Misbah-ul-Haq,Younis Khan,HMRKB Herath,0,0,,,,,,"",""
ball,1,34.3,Pakistan,Misbah-ul-Haq,Younis Khan,HMRKB Herath,1,0,,,,,,"",""
ball,1,34.4,Pakistan,Younis Khan,Misbah-ul-Haq,HMRKB Herath,0,0,,,,,,"",""
ball,1,34.5,Pakistan,Younis Khan,Misbah-ul-Haq,HMRKB Herath,1,0,,,,,,"",""
ball,1,34.6,Pakistan,Misbah-ul-Haq,Younis Khan,HMRKB Herath,1,0,,,,,,"",""
ball,1,35.1,Pakistan,Misbah-ul-Haq,Younis Khan,NLTC Perera,0,0,,,,,,"",""
ball,1,35.2,Pakistan,Misbah-ul-Haq,Younis Khan,NLTC Perera,1,0,,,,,,"",""
ball,1,35.3,Pakistan,Younis Khan,Misbah-ul-Haq,NLTC Perera,0,0,,,,,,"",""
ball,1,35.4,Pakistan,Younis Khan,Misbah-ul-Haq,NLTC Perera,0,0,,,,,,"",""
ball,1,35.5,Pakistan,Younis Khan,Misbah-ul-Haq,NLTC Perera,1,0,,,,,,"",""
ball,1,35.6,Pakistan,Misbah-ul-Haq,Younis Khan,NLTC Perera,1,0,,,,,,"",""
ball,1,36.1,Pakistan,Misbah-ul-Haq,Younis Khan,HMRKB Herath,1,0,,,,,,"",""
ball,1,36.2,Pakistan,Younis Khan,Misbah-ul-Haq,HMRKB Herath,1,0,,,,,,"",""
ball,1,36.3,Pakistan,Misbah-ul-Haq,Younis Khan,HMRKB Herath,0,0,,,,,,"",""
ball,1,36.4,Pakistan,Misbah-ul-Haq,Younis Khan,HMRKB Herath,2,0,,,,,,"",""
ball,1,36.5,Pakistan,Misbah-ul-Haq,Younis Khan,HMRKB Herath,3,0,,,,,,"",""
ball,1,36.6,Pakistan,Younis Khan,Misbah-ul-Haq,HMRKB Herath,1,0,,,,,,"",""
ball,1,37.1,Pakistan,Younis Khan,Misbah-ul-Haq,AD Mathews,1,0,,,,,,"",""
ball,1,37.2,Pakistan,Misbah-ul-Haq,Younis Khan,AD Mathews,1,0,,,,,,"",""
ball,1,37.3,Pakistan,Younis Khan,Misbah-ul-Haq,AD Mathews,0,0,,,,,,"",""
ball,1,37.4,Pakistan,Younis Khan,Misbah-ul-Haq,AD Mathews,2,0,,,,,,"",""
ball,1,37.5,Pakistan,Younis Khan,Misbah-ul-Haq,AD Mathews,1,0,,,,,,"",""
ball,1,37.6,Pakistan,Misbah-ul-Haq,Younis Khan,AD Mathews,3,0,,,,,,"",""
ball,1,38.1,Pakistan,Misbah-ul-Haq,Younis Khan,HMRKB Herath,1,0,,,,,,"",""
ball,1,38.2,Pakistan,Younis Khan,Misbah-ul-Haq,HMRKB Herath,2,0,,,,,,"",""
ball,1,38.3,Pakistan,Younis Khan,Misbah-ul-Haq,HMRKB Herath,4,0,,,,,,"",""
ball,1,38.4,Pakistan,Younis Khan,Misbah-ul-Haq,HMRKB Herath,2,0,,,,,,"",""
ball,1,38.5,Pakistan,Younis Khan,Misbah-ul-Haq,HMRKB Herath,1,0,,,,,,"",""
ball,1,38.6,Pakistan,Misbah-ul-Haq,Younis Khan,HMRKB Herath,0,0,,,,,,"",""
ball,1,39.1,Pakistan,Younis Khan,Misbah-ul-Haq,M Muralitharan,1,0,,,,,,"",""
ball,1,39.2,Pakistan,Misbah-ul-Haq,Younis Khan,M Muralitharan,0,1,1,,,,,"",""
ball,1,39.3,Pakistan,Misbah-ul-Haq,Younis Khan,M Muralitharan,1,0,,,,,,"",""
ball,1,39.4,Pakistan,Younis Khan,Misbah-ul-Haq,M Muralitharan,2,0,,,,,,"",""
ball,1,39.5,Pakistan,Younis Khan,Misbah-ul-Haq,M Muralitharan,1,0,,,,,,"",""
ball,1,39.6,Pakistan,Misbah-ul-Haq,Younis Khan,M Muralitharan,0,0,,,,,,"",""
ball,1,39.7,Pakistan,Misbah-ul-Haq,Younis Khan,M Muralitharan,0,0,,,,,,"",""
ball,1,40.1,Pakistan,Younis Khan,Misbah-ul-Haq,HMRKB Herath,1,0,,,,,,"",""
ball,1,40.2,Pakistan,Misbah-ul-Haq,Younis Khan,HMRKB Herath,2,0,,,,,,"",""
ball,1,40.3,Pakistan,Misbah-ul-Haq,Younis Khan,HMRKB Herath,0,0,,,,,,"",""
ball,1,40.4,Pakistan,Misbah-ul-Haq,Younis Khan,HMRKB Herath,1,0,,,,,,"",""
ball,1,40.5,Pakistan,Younis Khan,Misbah-ul-Haq,HMRKB Herath,0,0,,,,,,caught,Younis Khan
ball,1,40.6,Pakistan,Umar Akmal,Misbah-ul-Haq,HMRKB Herath,0,0,,,,,,"",""
ball,1,41.1,Pakistan,Misbah-ul-Haq,Umar Akmal,KMDN Kulasekara,1,0,,,,,,"",""
ball,1,41.2,Pakistan,Umar Akmal,Misbah-ul-Haq,KMDN Kulasekara,1,0,,,,,,"",""
ball,1,41.3,Pakistan,Misbah-ul-Haq,Umar Akmal,KMDN Kulasekara,1,0,,,,,,"",""
ball,1,41.4,Pakistan,Umar Akmal,Misbah-ul-Haq,KMDN Kulasekara,0,0,,,,,,"",""
ball,1,41.5,Pakistan,Umar Akmal,Misbah-ul-Haq,KMDN Kulasekara,0,0,,,,,,"",""
ball,1,41.6,Pakistan,Umar Akmal,Misbah-ul-Haq,KMDN Kulasekara,2,0,,,,,,"",""
ball,1,42.1,Pakistan,Misbah-ul-Haq,Umar Akmal,AD Mathews,1,0,,,,,,"",""
ball,1,42.2,Pakistan,Umar Akmal,Misbah-ul-Haq,AD Mathews,0,0,,,,,,"",""
ball,1,42.3,Pakistan,Umar Akmal,Misbah-ul-Haq,AD Mathews,1,0,,,,,,"",""
ball,1,42.4,Pakistan,Misbah-ul-Haq,Umar Akmal,AD Mathews,0,0,,,,,,"",""
ball,1,42.5,Pakistan,Misbah-ul-Haq,Umar Akmal,AD Mathews,0,0,,,,,,"",""
ball,1,42.6,Pakistan,Misbah-ul-Haq,Umar Akmal,AD Mathews,4,0,,,,,,"",""
ball,1,43.1,Pakistan,Umar Akmal,Misbah-ul-Haq,M Muralitharan,0,0,,,,,,"",""
ball,1,43.2,Pakistan,Umar Akmal,Misbah-ul-Haq,M Muralitharan,1,0,,,,,,"",""
ball,1,43.3,Pakistan,Misbah-ul-Haq,Umar Akmal,M Muralitharan,0,0,,,,,,"",""
ball,1,43.4,Pakistan,Misbah-ul-Haq,Umar Akmal,M Muralitharan,0,0,,,,,,"",""
ball,1,43.5,Pakistan,Misbah-ul-Haq,Umar Akmal,M Muralitharan,1,0,,,,,,"",""
ball,1,43.6,Pakistan,Umar Akmal,Misbah-ul-Haq,M Muralitharan,0,0,,,,,,"",""
ball,1,44.1,Pakistan,Misbah-ul-Haq,Umar Akmal,KMDN Kulasekara,1,0,,,,,,"",""
ball,1,44.2,Pakistan,Umar Akmal,Misbah-ul-Haq,KMDN Kulasekara,1,0,,,,,,"",""
ball,1,44.3,Pakistan,Misbah-ul-Haq,Umar Akmal,KMDN Kulasekara,4,0,,,,,,"",""
ball,1,44.4,Pakistan,Misbah-ul-Haq,Umar Akmal,KMDN Kulasekara,1,0,,,,,,"",""
ball,1,44.5,Pakistan,Umar Akmal,Misbah-ul-Haq,KMDN Kulasekara,0,0,,,,,,"",""
ball,1,44.6,Pakistan,Umar Akmal,Misbah-ul-Haq,KMDN Kulasekara,4,0,,,,,,"",""
ball,1,45.1,Pakistan,Misbah-ul-Haq,Umar Akmal,M Muralitharan,1,0,,,,,,"",""
ball,1,45.2,Pakistan,Umar Akmal,Misbah-ul-Haq,M Muralitharan,0,0,,,,,,"",""
ball,1,45.3,Pakistan,Umar Akmal,Misbah-ul-Haq,M Muralitharan,0,0,,,,,,caught,Umar Akmal
ball,1,45.4,Pakistan,Misbah-ul-Haq,Shahid Afridi,M Muralitharan,1,0,,,,,,"",""
ball,1,45.5,Pakistan,Shahid Afridi,Misbah-ul-Haq,M Muralitharan,0,0,,,,,,"",""
ball,1,45.6,Pakistan,Shahid Afridi,Misbah-ul-Haq,M Muralitharan,0,1,1,,,,,"",""
ball,1,45.7,Pakistan,Shahid Afridi,Misbah-ul-Haq,M Muralitharan,0,0,,,,,,"",""
ball,1,46.1,Pakistan,Misbah-ul-Haq,Shahid Afridi,KMDN Kulasekara,0,0,,,,,,"",""
ball,1,46.2,Pakistan,Misbah-ul-Haq,Shahid Afridi,KMDN Kulasekara,1,0,,,,,,"",""
ball,1,46.3,Pakistan,Shahid Afridi,Misbah-ul-Haq,KMDN Kulasekara,0,0,,,,,,"",""
ball,1,46.4,Pakistan,Shahid Afridi,Misbah-ul-Haq,KMDN Kulasekara,0,0,,,,,,"",""
ball,1,46.5,Pakistan,Shahid Afridi,Misbah-ul-Haq,KMDN Kulasekara,0,0,,,,,,"",""
ball,1,46.6,Pakistan,Shahid Afridi,Misbah-ul-Haq,KMDN Kulasekara,4,0,,,,,,"",""
ball,1,47.1,Pakistan,Misbah-ul-Haq,Shahid Afridi,NLTC Perera,4,0,,,,,,"",""
ball,1,47.2,Pakistan,Misbah-ul-Haq,Shahid Afridi,NLTC Perera,1,0,,,,,,"",""
ball,1,47.3,Pakistan,Shahid Afridi,Misbah-ul-Haq,NLTC Perera,4,0,,,,,,"",""
ball,1,47.4,Pakistan,Shahid Afridi,Misbah-ul-Haq,NLTC Perera,0,0,,,,,,"",""
ball,1,47.5,Pakistan,Shahid Afridi,Misbah-ul-Haq,NLTC Perera,4,0,,,,,,"",""
ball,1,47.6,Pakistan,Shahid Afridi,Misbah-ul-Haq,NLTC Perera,2,0,,,,,,"",""
ball,1,48.1,Pakistan,Misbah-ul-Haq,Shahid Afridi,AD Mathews,4,0,,,,,,"",""
ball,1,48.2,Pakistan,Misbah-ul-Haq,Shahid Afridi,AD Mathews,0,0,,,,,,"",""
ball,1,48.3,Pakistan,Misbah-ul-Haq,Shahid Afridi,AD Mathews,1,0,,,,,,"",""
ball,1,48.4,Pakistan,Shahid Afridi,Misbah-ul-Haq,AD Mathews,2,0,,,,,,"",""
ball,1,48.5,Pakistan,Shahid Afridi,Misbah-ul-Haq,AD Mathews,0,0,,,,,,caught,Shahid Afridi
ball,1,48.6,Pakistan,Abdul Razzaq,Misbah-ul-Haq,AD Mathews,0,0,,,,,,"",""
ball,1,49.1,Pakistan,Misbah-ul-Haq,Abdul Razzaq,NLTC Perera,0,1,,,,1,,"",""
ball,1,49.2,Pakistan,Abdul Razzaq,Misbah-ul-Haq,NLTC Perera,2,0,,,,,,"",""
ball,1,49.3,Pakistan,Abdul Razzaq,Misbah-ul-Haq,NLTC Perera,0,1,1,,,,,"",""
ball,1,49.4,Pakistan,Abdul Razzaq,Misbah-ul-Haq,NLTC Perera,1,0,,,,,,"",""
ball,1,49.5,Pakistan,Misbah-ul-Haq,Abdul Razzaq,NLTC Perera,4,0,,,,,,"",""
ball,1,49.6,Pakistan,Misbah-ul-Haq,Abdul Razzaq,NLTC Perera,1,0,,,,,,"",""
ball,1,49.7,Pakistan,Abdul Razzaq,Misbah-ul-Haq,NLTC Perera,0,0,,,,,,caught,Abdul Razzaq
ball,2,0.1,Sri Lanka,WU Tharanga,TM Dilshan,Shoaib Akhtar,0,0,,,,,,"",""
ball,2,0.2,Sri Lanka,WU Tharanga,TM Dilshan,Shoaib Akhtar,1,0,,,,,,"",""
ball,2,0.3,Sri Lanka,TM Dilshan,WU Tharanga,Shoaib Akhtar,0,0,,,,,,"",""
ball,2,0.4,Sri Lanka,TM Dilshan,WU Tharanga,Shoaib Akhtar,0,1,,,,1,,"",""
ball,2,0.5,Sri Lanka,WU Tharanga,TM Dilshan,Shoaib Akhtar,0,0,,,,,,"",""
ball,2,0.6,Sri Lanka,WU Tharanga,TM Dilshan,Shoaib Akhtar,0,0,,,,,,"",""
ball,2,1.1,Sri Lanka,TM Dilshan,WU Tharanga,Abdul Razzaq,0,0,,,,,,"",""
ball,2,1.2,Sri Lanka,TM Dilshan,WU Tharanga,Abdul Razzaq,0,0,,,,,,"",""
ball,2,1.3,Sri Lanka,TM Dilshan,WU Tharanga,Abdul Razzaq,0,0,,,,,,"",""
ball,2,1.4,Sri Lanka,TM Dilshan,WU Tharanga,Abdul Razzaq,0,0,,,,,,"",""
ball,2,1.5,Sri Lanka,TM Dilshan,WU Tharanga,Abdul Razzaq,0,0,,,,,,"",""
ball,2,1.6,Sri Lanka,TM Dilshan,WU Tharanga,Abdul Razzaq,0,0,,,,,,"",""
ball,2,2.1,Sri Lanka,WU Tharanga,TM Dilshan,Shoaib Akhtar,4,0,,,,,,"",""
ball,2,2.2,Sri Lanka,WU Tharanga,TM Dilshan,Shoaib Akhtar,0,0,,,,,,"",""
ball,2,2.3,Sri Lanka,WU Tharanga,TM Dilshan,Shoaib Akhtar,1,0,,,,,,"",""
ball,2,2.4,Sri Lanka,TM Dilshan,WU Tharanga,Shoaib Akhtar,0,0,,,,,,"",""
ball,2,2.5,Sri Lanka,TM Dilshan,WU Tharanga,Shoaib Akhtar,1,0,,,,,,"",""
ball,2,2.6,Sri Lanka,WU Tharanga,TM Dilshan,Shoaib Akhtar,0,0,,,,,,"",""
ball,2,3.1,Sri Lanka,TM Dilshan,WU Tharanga,Abdul Razzaq,0,0,,,,,,"",""
ball,2,3.2,Sri Lanka,TM Dilshan,WU Tharanga,Abdul Razzaq,0,0,,,,,,"",""
ball,2,3.3,Sri Lanka,TM Dilshan,WU Tharanga,Abdul Razzaq,1,0,,,,,,"",""
ball,2,3.4,Sri Lanka,WU Tharanga,TM Dilshan,Abdul Razzaq,4,0,,,,,,"",""
ball,2,3.5,Sri Lanka,WU Tharanga,TM Dilshan,Abdul Razzaq,0,0,,,,,,"",""
ball,2,3.6,Sri Lanka,WU Tharanga,TM Dilshan,Abdul Razzaq,0,0,,,,,,"",""
ball,2,4.1,Sri Lanka,TM Dilshan,WU Tharanga,Shoaib Akhtar,1,0,,,,,,"",""
ball,2,4.2,Sri Lanka,WU Tharanga,TM Dilshan,Shoaib Akhtar,0,0,,,,,,"",""
ball,2,4.3,Sri Lanka,WU Tharanga,TM Dilshan,Shoaib Akhtar,0,0,,,,,,"",""
ball,2,4.4,Sri Lanka,WU Tharanga,TM Dilshan,Shoaib Akhtar,0,0,,,,,,"",""
ball,2,4.5,Sri Lanka,WU Tharanga,TM Dilshan,Shoaib Akhtar,1,0,,,,,,"",""
ball,2,4.6,Sri Lanka,TM Dilshan,WU Tharanga,Shoaib Akhtar,1,0,,,,,,"",""
ball,2,5.1,Sri Lanka,TM Dilshan,WU Tharanga,Abdul Razzaq,0,0,,,,,,"",""
ball,2,5.2,Sri Lanka,TM Dilshan,WU Tharanga,Abdul Razzaq,4,0,,,,,,"",""
ball,2,5.3,Sri Lanka,TM Dilshan,WU Tharanga,Abdul Razzaq,4,0,,,,,,"",""
ball,2,5.4,Sri Lanka,TM Dilshan,WU Tharanga,Abdul Razzaq,0,0,,,,,,"",""
ball,2,5.5,Sri Lanka,TM Dilshan,WU Tharanga,Abdul Razzaq,1,0,,,,,,"",""
ball,2,5.6,Sri Lanka,WU Tharanga,TM Dilshan,Abdul Razzaq,1,0,,,,,,"",""
ball,2,6.1,Sri Lanka,WU Tharanga,TM Dilshan,Shoaib Akhtar,0,0,,,,,,"",""
ball,2,6.2,Sri Lanka,WU Tharanga,TM Dilshan,Shoaib Akhtar,1,0,,,,,,"",""
ball,2,6.3,Sri Lanka,TM Dilshan,WU Tharanga,Shoaib Akhtar,0,0,,,,,,"",""
ball,2,6.4,Sri Lanka,TM Dilshan,WU Tharanga,Shoaib Akhtar,0,0,,,,,,"",""
ball,2,6.5,Sri Lanka,TM Dilshan,WU Tharanga,Shoaib Akhtar,0,0,,,,,,"",""
ball,2,6.6,Sri Lanka,TM Dilshan,WU Tharanga,Shoaib Akhtar,1,0,,,,,,"",""
ball,2,7.1,Sri Lanka,TM Dilshan,WU Tharanga,Umar Gul,0,0,,,,,,"",""
ball,2,7.2,Sri Lanka,TM Dilshan,WU Tharanga,Umar Gul,0,0,,,,,,"",""
ball,2,7.3,Sri Lanka,TM Dilshan,WU Tharanga,Umar Gul,0,0,,,,,,"",""
ball,2,7.4,Sri Lanka,TM Dilshan,WU Tharanga,Umar Gul,1,0,,,,,,"",""
ball,2,7.5,Sri Lanka,WU Tharanga,TM Dilshan,Umar Gul,0,0,,,,,,"",""
ball,2,7.6,Sri Lanka,WU Tharanga,TM Dilshan,Umar Gul,0,0,,,,,,"",""
ball,2,8.1,Sri Lanka,TM Dilshan,WU Tharanga,Shoaib Akhtar,0,0,,,,,,"",""
ball,2,8.2,Sri Lanka,TM Dilshan,WU Tharanga,Shoaib Akhtar,1,0,,,,,,"",""
ball,2,8.3,Sri Lanka,WU Tharanga,TM Dilshan,Shoaib Akhtar,0,0,,,,,,"",""
ball,2,8.4,Sri Lanka,WU Tharanga,TM Dilshan,Shoaib Akhtar,1,0,,,,,,"",""
ball,2,8.5,Sri Lanka,TM Dilshan,WU Tharanga,Shoaib Akhtar,4,0,,,,,,"",""
ball,2,8.6,Sri Lanka,TM Dilshan,WU Tharanga,Shoaib Akhtar,0,0,,,,,,"",""
ball,2,9.1,Sri Lanka,WU Tharanga,TM Dilshan,Umar Gul,1,0,,,,,,"",""
ball,2,9.2,Sri Lanka,TM Dilshan,WU Tharanga,Umar Gul,1,0,,,,,,"",""
ball,2,9.3,Sri Lanka,WU Tharanga,TM Dilshan,Umar Gul,4,0,,,,,,"",""
ball,2,9.4,Sri Lanka,WU Tharanga,TM Dilshan,Umar Gul,0,0,,,,,,"",""
ball,2,9.5,Sri Lanka,WU Tharanga,TM Dilshan,Umar Gul,1,0,,,,,,"",""
ball,2,9.6,Sri Lanka,TM Dilshan,WU Tharanga,Umar Gul,0,0,,,,,,"",""
ball,2,10.1,Sri Lanka,WU Tharanga,TM Dilshan,Mohammad Hafeez,0,1,1,,,,,"",""
ball,2,10.2,Sri Lanka,WU Tharanga,TM Dilshan,Mohammad Hafeez,0,0,,,,,,"",""
ball,2,10.3,Sri Lanka,WU Tharanga,TM Dilshan,Mohammad Hafeez,0,0,,,,,,"",""
ball,2,10.4,Sri Lanka,WU Tharanga,TM Dilshan,Mohammad Hafeez,0,0,,,,,,"",""
ball,2,10.5,Sri Lanka,WU Tharanga,TM Dilshan,Mohammad Hafeez,0,0,,,,,,"",""
ball,2,10.6,Sri Lanka,WU Tharanga,TM Dilshan,Mohammad Hafeez,0,1,1,,,,,"",""
ball,2,10.7,Sri Lanka,WU Tharanga,TM Dilshan,Mohammad Hafeez,0,0,,,,,,"",""
ball,2,10.8,Sri Lanka,WU Tharanga,TM Dilshan,Mohammad Hafeez,4,0,,,,,,"",""
ball,2,11.1,Sri Lanka,TM Dilshan,WU Tharanga,Umar Gul,4,0,,,,,,"",""
ball,2,11.2,Sri Lanka,TM Dilshan,WU Tharanga,Umar Gul,0,0,,,,,,"",""
ball,2,11.3,Sri Lanka,TM Dilshan,WU Tharanga,Umar Gul,0,0,,,,,,"",""
ball,2,11.4,Sri Lanka,TM Dilshan,WU Tharanga,Umar Gul,4,0,,,,,,"",""
ball,2,11.5,Sri Lanka,TM Dilshan,WU Tharanga,Umar Gul,0,1,,1,,,,"",""
ball,2,11.6,Sri Lanka,TM Dilshan,WU Tharanga,Umar Gul,0,5,5,,,,,"",""
ball,2,11.7,Sri Lanka,TM Dilshan,WU Tharanga,Umar Gul,0,0,,,,,,"",""
ball,2,11.8,Sri Lanka,TM Dilshan,WU Tharanga,Umar Gul,2,0,,,,,,"",""
ball,2,12.1,Sri Lanka,WU Tharanga,TM Dilshan,Mohammad Hafeez,0,0,,,,,,"",""
ball,2,12.2,Sri Lanka,WU Tharanga,TM Dilshan,Mohammad Hafeez,0,0,,,,,,"",""
ball,2,12.3,Sri Lanka,WU Tharanga,TM Dilshan,Mohammad Hafeez,0,0,,,,,,"",""
ball,2,12.4,Sri Lanka,WU Tharanga,TM Dilshan,Mohammad Hafeez,4,0,,,,,,"",""
ball,2,12.5,Sri Lanka,WU Tharanga,TM Dilshan,Mohammad Hafeez,0,0,,,,,,"",""
ball,2,12.6,Sri Lanka,WU Tharanga,TM Dilshan,Mohammad Hafeez,0,0,,,,,,"",""
ball,2,13.1,Sri Lanka,TM Dilshan,WU Tharanga,Abdul Razzaq,0,0,,,,,,"",""
ball,2,13.2,Sri Lanka,TM Dilshan,WU Tharanga,Abdul Razzaq,2,0,,,,,,"",""
ball,2,13.3,Sri Lanka,TM Dilshan,WU Tharanga,Abdul Razzaq,1,0,,,,,,"",""
ball,2,13.4,Sri Lanka,WU Tharanga,TM Dilshan,Abdul Razzaq,0,0,,,,,,"",""
ball,2,13.5,Sri Lanka,WU Tharanga,TM Dilshan,Abdul Razzaq,0,0,,,,,,"",""
ball,2,13.6,Sri Lanka,WU Tharanga,TM Dilshan,Abdul Razzaq,1,0,,,,,,"",""
ball,2,14.1,Sri Lanka,WU Tharanga,TM Dilshan,Mohammad Hafeez,4,0,,,,,,"",""
ball,2,14.2,Sri Lanka,WU Tharanga,TM Dilshan,Mohammad Hafeez,0,0,,,,,,caught,WU Tharanga
ball,2,14.3,Sri Lanka,KC Sangakkara,TM Dilshan,Mohammad Hafeez,1,0,,,,,,"",""
ball,2,14.4,Sri Lanka,TM Dilshan,KC Sangakkara,Mohammad Hafeez,0,0,,,,,,"",""
ball,2,14.5,Sri Lanka,TM Dilshan,KC Sangakkara,Mohammad Hafeez,0,0,,,,,,"",""
ball,2,14.6,Sri Lanka,TM Dilshan,KC Sangakkara,Mohammad Hafeez,1,0,,,,,,"",""
ball,2,15.1,Sri Lanka,TM Dilshan,KC Sangakkara,Abdul Razzaq,1,0,,,,,,"",""
ball,2,15.2,Sri Lanka,KC Sangakkara,TM Dilshan,Abdul Razzaq,0,0,,,,,,"",""
ball,2,15.3,Sri Lanka,KC Sangakkara,TM Dilshan,Abdul Razzaq,1,0,,,,,,"",""
ball,2,15.4,Sri Lanka,TM Dilshan,KC Sangakkara,Abdul Razzaq,1,0,,,,,,"",""
ball,2,15.5,Sri Lanka,KC Sangakkara,TM Dilshan,Abdul Razzaq,1,0,,,,,,"",""
ball,2,15.6,Sri Lanka,TM Dilshan,KC Sangakkara,Abdul Razzaq,0,0,,,,,,"",""
ball,2,16.1,Sri Lanka,KC Sangakkara,TM Dilshan,Mohammad Hafeez,1,0,,,,,,"",""
ball,2,16.2,Sri Lanka,TM Dilshan,KC Sangakkara,Mohammad Hafeez,2,0,,,,,,"",""
ball,2,16.3,Sri Lanka,TM Dilshan,KC Sangakkara,Mohammad Hafeez,0,0,,,,,,"",""
ball,2,16.4,Sri Lanka,TM Dilshan,KC Sangakkara,Mohammad Hafeez,1,0,,,,,,"",""
ball,2,16.5,Sri Lanka,KC Sangakkara,TM Dilshan,Mohammad Hafeez,0,0,,,,,,"",""
ball,2,16.6,Sri Lanka,KC Sangakkara,TM Dilshan,Mohammad Hafeez,0,0,,,,,,"",""
ball,2,17.1,Sri Lanka,TM Dilshan,KC Sangakkara,Shahid Afridi,1,0,,,,,,"",""
ball,2,17.2,Sri Lanka,KC Sangakkara,TM Dilshan,Shahid Afridi,1,0,,,,,,"",""
ball,2,17.3,Sri Lanka,TM Dilshan,KC Sangakkara,Shahid Afridi,0,0,,,,,,bowled,TM Dilshan
ball,2,17.4,Sri Lanka,DPMD Jayawardene,KC Sangakkara,Shahid Afridi,0,0,,,,,,"",""
ball,2,17.5,Sri Lanka,DPMD Jayawardene,KC Sangakkara,Shahid Afridi,0,0,,,,,,"",""
ball,2,17.6,Sri Lanka,DPMD Jayawardene,KC Sangakkara,Shahid Afridi,0,0,,,,,,"",""
ball,2,18.1,Sri Lanka,KC Sangakkara,DPMD Jayawardene,Shoaib Akhtar,0,1,,,,1,,"",""
ball,2,18.2,Sri Lanka,DPMD Jayawardene,KC Sangakkara,Shoaib Akhtar,1,0,,,,,,"",""
ball,2,18.3,Sri Lanka,KC Sangakkara,DPMD Jayawardene,Shoaib Akhtar,0,0,,,,,,"",""
ball,2,18.4,Sri Lanka,KC Sangakkara,DPMD Jayawardene,Shoaib Akhtar,0,0,,,,,,"",""
ball,2,18.5,Sri Lanka,KC Sangakkara,DPMD Jayawardene,Shoaib Akhtar,1,0,,,,,,"",""
ball,2,18.6,Sri Lanka,DPMD Jayawardene,KC Sangakkara,Shoaib Akhtar,0,0,,,,,,"",""
ball,2,19.1,Sri Lanka,KC Sangakkara,DPMD Jayawardene,Shahid Afridi,1,0,,,,,,"",""
ball,2,19.2,Sri Lanka,DPMD Jayawardene,KC Sangakkara,Shahid Afridi,0,0,,,,,,"",""
ball,2,19.3,Sri Lanka,DPMD Jayawardene,KC Sangakkara,Shahid Afridi,0,0,,,,,,"",""
ball,2,19.4,Sri Lanka,DPMD Jayawardene,KC Sangakkara,Shahid Afridi,1,0,,,,,,"",""
ball,2,19.5,Sri Lanka,KC Sangakkara,DPMD Jayawardene,Shahid Afridi,0,0,,,,,,"",""
ball,2,19.6,Sri Lanka,KC Sangakkara,DPMD Jayawardene,Shahid Afridi,2,0,,,,,,"",""
ball,2,20.1,Sri Lanka,DPMD Jayawardene,KC Sangakkara,Shoaib Akhtar,0,0,,,,,,"",""
ball,2,20.2,Sri Lanka,DPMD Jayawardene,KC Sangakkara,Shoaib Akhtar,0,0,,,,,,bowled,DPMD Jayawardene
ball,2,20.3,Sri Lanka,TT Samaraweera,KC Sangakkara,Shoaib Akhtar,0,0,,,,,,"",""
ball,2,20.4,Sri Lanka,TT Samaraweera,KC Sangakkara,Shoaib Akhtar,1,0,,,,,,"",""
ball,2,20.5,Sri Lanka,KC Sangakkara,TT Samaraweera,Shoaib Akhtar,0,0,,,,,,"",""
ball,2,20.6,Sri Lanka,KC Sangakkara,TT Samaraweera,Shoaib Akhtar,0,0,,,,,,"",""
ball,2,21.1,Sri Lanka,TT Samaraweera,KC Sangakkara,Shahid Afridi,0,0,,,,,,"",""
ball,2,21.2,Sri Lanka,TT Samaraweera,KC Sangakkara,Shahid Afridi,0,0,,,,,,stumped,TT Samaraweera
ball,2,21.3,Sri Lanka,LPC Silva,KC Sangakkara,Shahid Afridi,0,0,,,,,,"",""
ball,2,21.4,Sri Lanka,LPC Silva,KC Sangakkara,Shahid Afridi,0,1,,,,1,,"",""
ball,2,21.5,Sri Lanka,KC Sangakkara,LPC Silva,Shahid Afridi,1,0,,,,,,"",""
ball,2,21.6,Sri Lanka,LPC Silva,KC Sangakkara,Shahid Afridi,0,0,,,,,,"",""
ball,2,22.1,Sri Lanka,KC Sangakkara,LPC Silva,Shoaib Akhtar,0,0,,,,,,"",""
ball,2,22.2,Sri Lanka,KC Sangakkara,LPC Silva,Shoaib Akhtar,4,0,,,,,,"",""
ball,2,22.3,Sri Lanka,KC Sangakkara,LPC Silva,Shoaib Akhtar,1,0,,,,,,"",""
ball,2,22.4,Sri Lanka,LPC Silva,KC Sangakkara,Shoaib Akhtar,0,0,,,,,,"",""
ball,2,22.5,Sri Lanka,LPC Silva,KC Sangakkara,Shoaib Akhtar,1,0,,,,,,"",""
ball,2,22.6,Sri Lanka,KC Sangakkara,LPC Silva,Shoaib Akhtar,0,0,,,,,,"",""
ball,2,23.1,Sri Lanka,LPC Silva,KC Sangakkara,Shahid Afridi,1,0,,,,,,"",""
ball,2,23.2,Sri Lanka,KC Sangakkara,LPC Silva,Shahid Afridi,0,0,,,,,,"",""
ball,2,23.3,Sri Lanka,KC Sangakkara,LPC Silva,Shahid Afridi,0,0,,,,,,"",""
ball,2,23.4,Sri Lanka,KC Sangakkara,LPC Silva,Shahid Afridi,1,0,,,,,,"",""
ball,2,23.5,Sri Lanka,LPC Silva,KC Sangakkara,Shahid Afridi,0,0,,,,,,"",""
ball,2,23.6,Sri Lanka,LPC Silva,KC Sangakkara,Shahid Afridi,0,0,,,,,,"",""
ball,2,24.1,Sri Lanka,KC Sangakkara,LPC Silva,Abdur Rehman,1,0,,,,,,"",""
ball,2,24.2,Sri Lanka,LPC Silva,KC Sangakkara,Abdur Rehman,1,0,,,,,,"",""
ball,2,24.3,Sri Lanka,KC Sangakkara,LPC Silva,Abdur Rehman,0,0,,,,,,"",""
ball,2,24.4,Sri Lanka,KC Sangakkara,LPC Silva,Abdur Rehman,0,0,,,,,,"",""
ball,2,24.5,Sri Lanka,KC Sangakkara,LPC Silva,Abdur Rehman,1,0,,,,,,"",""
ball,2,24.6,Sri Lanka,LPC Silva,KC Sangakkara,Abdur Rehman,0,0,,,,,,"",""
ball,2,25.1,Sri Lanka,KC Sangakkara,LPC Silva,Shahid Afridi,1,0,,,,,,"",""
ball,2,25.2,Sri Lanka,LPC Silva,KC Sangakkara,Shahid Afridi,0,0,,,,,,"",""
ball,2,25.3,Sri Lanka,LPC Silva,KC Sangakkara,Shahid Afridi,0,0,,,,,,"",""
ball,2,25.4,Sri Lanka,LPC Silva,KC Sangakkara,Shahid Afridi,0,0,,,,,,"",""
ball,2,25.5,Sri Lanka,LPC Silva,KC Sangakkara,Shahid Afridi,0,0,,,,,,"",""
ball,2,25.6,Sri Lanka,LPC Silva,KC Sangakkara,Shahid Afridi,0,0,,,,,,"",""
ball,2,26.1,Sri Lanka,KC Sangakkara,LPC Silva,Abdur Rehman,1,0,,,,,,"",""
ball,2,26.2,Sri Lanka,LPC Silva,KC Sangakkara,Abdur Rehman,0,0,,,,,,"",""
ball,2,26.3,Sri Lanka,LPC Silva,KC Sangakkara,Abdur Rehman,0,0,,,,,,"",""
ball,2,26.4,Sri Lanka,LPC Silva,KC Sangakkara,Abdur Rehman,1,0,,,,,,"",""
ball,2,26.5,Sri Lanka,KC Sangakkara,LPC Silva,Abdur Rehman,0,0,,,,,,"",""
ball,2,26.6,Sri Lanka,KC Sangakkara,LPC Silva,Abdur Rehman,0,0,,,,,,"",""
ball,2,27.1,Sri Lanka,LPC Silva,KC Sangakkara,Shahid Afridi,0,1,1,,,,,"",""
ball,2,27.2,Sri Lanka,LPC Silva,KC Sangakkara,Shahid Afridi,0,0,,,,,,"",""
ball,2,27.3,Sri Lanka,LPC Silva,KC Sangakkara,Shahid Afridi,1,0,,,,,,"",""
ball,2,27.4,Sri Lanka,KC Sangakkara,LPC Silva,Shahid Afridi,1,0,,,,,,"",""
ball,2,27.5,Sri Lanka,LPC Silva,KC Sangakkara,Shahid Afridi,0,0,,,,,,"",""
ball,2,27.6,Sri Lanka,LPC Silva,KC Sangakkara,Shahid Afridi,0,0,,,,,,"",""
ball,2,27.7,Sri Lanka,LPC Silva,KC Sangakkara,Shahid Afridi,1,0,,,,,,"",""
ball,2,28.1,Sri Lanka,LPC Silva,KC Sangakkara,Abdur Rehman,0,0,,,,,,"",""
ball,2,28.2,Sri Lanka,LPC Silva,KC Sangakkara,Abdur Rehman,0,0,,,,,,"",""
ball,2,28.3,Sri Lanka,LPC Silva,KC Sangakkara,Abdur Rehman,0,0,,,,,,"",""
ball,2,28.4,Sri Lanka,LPC Silva,KC Sangakkara,Abdur Rehman,0,0,,,,,,"",""
ball,2,28.5,Sri Lanka,LPC Silva,KC Sangakkara,Abdur Rehman,0,0,,,,,,"",""
ball,2,28.6,Sri Lanka,LPC Silva,KC Sangakkara,Abdur Rehman,0,0,,,,,,"",""
ball,2,29.1,Sri Lanka,KC Sangakkara,LPC Silva,Umar Gul,1,0,,,,,,"",""
ball,2,29.2,Sri Lanka,LPC Silva,KC Sangakkara,Umar Gul,0,0,,,,,,"",""
ball,2,29.3,Sri Lanka,LPC Silva,KC Sangakkara,Umar Gul,0,0,,,,,,"",""
ball,2,29.4,Sri Lanka,LPC Silva,KC Sangakkara,Umar Gul,2,0,,,,,,"",""
ball,2,29.5,Sri Lanka,LPC Silva,KC Sangakkara,Umar Gul,0,0,,,,,,"",""
ball,2,29.6,Sri Lanka,LPC Silva,KC Sangakkara,Umar Gul,0,0,,,,,,"",""
ball,2,30.1,Sri Lanka,KC Sangakkara,LPC Silva,Abdur Rehman,0,5,5,,,,,"",""
ball,2,30.2,Sri Lanka,KC Sangakkara,LPC Silva,Abdur Rehman,0,0,,,,,,"",""
ball,2,30.3,Sri Lanka,KC Sangakkara,LPC Silva,Abdur Rehman,1,0,,,,,,"",""
ball,2,30.4,Sri Lanka,LPC Silva,KC Sangakkara,Abdur Rehman,1,0,,,,,,"",""
ball,2,30.5,Sri Lanka,KC Sangakkara,LPC Silva,Abdur Rehman,1,0,,,,,,"",""
ball,2,30.6,Sri Lanka,LPC Silva,KC Sangakkara,Abdur Rehman,1,0,,,,,,"",""
ball,2,30.7,Sri Lanka,KC Sangakkara,LPC Silva,Abdur Rehman,0,0,,,,,,"",""
ball,2,31.1,Sri Lanka,LPC Silva,KC Sangakkara,Umar Gul,0,0,,,,,,"",""
ball,2,31.2,Sri Lanka,LPC Silva,KC Sangakkara,Umar Gul,0,0,,,,,,"",""
ball,2,31.3,Sri Lanka,LPC Silva,KC Sangakkara,Umar Gul,0,0,,,,,,"",""
ball,2,31.4,Sri Lanka,LPC Silva,KC Sangakkara,Umar Gul,1,0,,,,,,"",""
ball,2,31.5,Sri Lanka,KC Sangakkara,LPC Silva,Umar Gul,1,0,,,,,,"",""
ball,2,31.6,Sri Lanka,LPC Silva,KC Sangakkara,Umar Gul,0,0,,,,,,"",""
ball,2,32.1,Sri Lanka,KC Sangakkara,LPC Silva,Mohammad Hafeez,0,0,,,,,,"",""
ball,2,32.2,Sri Lanka,KC Sangakkara,LPC Silva,Mohammad Hafeez,1,0,,,,,,"",""
ball,2,32.3,Sri Lanka,LPC Silva,KC Sangakkara,Mohammad Hafeez,1,0,,,,,,"",""
ball,2,32.4,Sri Lanka,KC Sangakkara,LPC Silva,Mohammad Hafeez,1,0,,,,,,"",""
ball,2,32.5,Sri Lanka,LPC Silva,KC Sangakkara,Mohammad Hafeez,1,0,,,,,,"",""
ball,2,32.6,Sri Lanka,KC Sangakkara,LPC Silva,Mohammad Hafeez,0,0,,,,,,"",""
ball,2,33.1,Sri Lanka,LPC Silva,KC Sangakkara,Umar Gul,0,1,,,,1,,"",""
ball,2,33.2,Sri Lanka,KC Sangakkara,LPC Silva,Umar Gul,1,0,,,,,,"",""
ball,2,33.3,Sri Lanka,LPC Silva,KC Sangakkara,Umar Gul,1,0,,,,,,"",""
ball,2,33.4,Sri Lanka,KC Sangakkara,LPC Silva,Umar Gul,1,0,,,,,,"",""
ball,2,33.5,Sri Lanka,LPC Silva,KC Sangakkara,Umar Gul,1,0,,,,,,"",""
ball,2,33.6,Sri Lanka,KC Sangakkara,LPC Silva,Umar Gul,1,0,,,,,,"",""
ball,2,34.1,Sri Lanka,KC Sangakkara,LPC Silva,Abdur Rehman,0,0,,,,,,"",""
ball,2,34.2,Sri Lanka,KC Sangakkara,LPC Silva,Abdur Rehman,1,0,,,,,,"",""
ball,2,34.3,Sri Lanka,LPC Silva,KC Sangakkara,Abdur Rehman,0,0,,,,,,"",""
ball,2,34.4,Sri Lanka,LPC Silva,KC Sangakkara,Abdur Rehman,1,0,,,,,,"",""
ball,2,34.5,Sri Lanka,KC Sangakkara,LPC Silva,Abdur Rehman,2,0,,,,,,"",""
ball,2,34.6,Sri Lanka,KC Sangakkara,LPC Silva,Abdur Rehman,0,1,1,,,,,"",""
ball,2,34.7,Sri Lanka,KC Sangakkara,LPC Silva,Abdur Rehman,4,0,,,,,,"",""
ball,2,35.1,Sri Lanka,LPC Silva,KC Sangakkara,Umar Gul,0,0,,,,,,"",""
ball,2,35.2,Sri Lanka,LPC Silva,KC Sangakkara,Umar Gul,1,0,,,,,,"",""
ball,2,35.3,Sri Lanka,KC Sangakkara,LPC Silva,Umar Gul,0,1,,,,1,,"",""
ball,2,35.4,Sri Lanka,LPC Silva,KC Sangakkara,Umar Gul,1,0,,,,,,"",""
ball,2,35.5,Sri Lanka,KC Sangakkara,LPC Silva,Umar Gul,6,0,,,,,,"",""
ball,2,35.6,Sri Lanka,KC Sangakkara,LPC Silva,Umar Gul,1,0,,,,,,"",""
ball,2,36.1,Sri Lanka,KC Sangakkara,LPC Silva,Abdur Rehman,1,0,,,,,,"",""
ball,2,36.2,Sri Lanka,LPC Silva,KC Sangakkara,Abdur Rehman,1,0,,,,,,"",""
ball,2,36.3,Sri Lanka,KC Sangakkara,LPC Silva,Abdur Rehman,1,0,,,,,,"",""
ball,2,36.4,Sri Lanka,LPC Silva,KC Sangakkara,Abdur Rehman,0,0,,,,,,"",""
ball,2,36.5,Sri Lanka,LPC Silva,KC Sangakkara,Abdur Rehman,1,0,,,,,,"",""
ball,2,36.6,Sri Lanka,KC Sangakkara,LPC Silva,Abdur Rehman,1,1,,1,,,,"",""
ball,2,36.7,Sri Lanka,LPC Silva,KC Sangakkara,Abdur Rehman,2,0,,,,,,"",""
ball,2,37.1,Sri Lanka,KC Sangakkara,LPC Silva,Shahid Afridi,0,0,,,,,,"",""
ball,2,37.2,Sri Lanka,KC Sangakkara,LPC Silva,Shahid Afridi,0,0,,,,,,"",""
ball,2,37.3,Sri Lanka,KC Sangakkara,LPC Silva,Shahid Afridi,2,0,,,,,,"",""
ball,2,37.4,Sri Lanka,KC Sangakkara,LPC Silva,Shahid Afridi,0,0,,,,,,caught,KC Sangakkara
ball,2,37.5,Sri Lanka,LPC Silva,AD Mathews,Shahid Afridi,0,0,,,,,,"",""
ball,2,37.6,Sri Lanka,LPC Silva,AD Mathews,Shahid Afridi,0,0,,,,,,"",""
ball,2,38.1,Sri Lanka,AD Mathews,LPC Silva,Abdur Rehman,1,0,,,,,,"",""
ball,2,38.2,Sri Lanka,LPC Silva,AD Mathews,Abdur Rehman,1,0,,,,,,"",""
ball,2,38.3,Sri Lanka,AD Mathews,LPC Silva,Abdur Rehman,0,0,,,,,,"",""
ball,2,38.4,Sri Lanka,AD Mathews,LPC Silva,Abdur Rehman,0,0,,,,,,"",""
ball,2,38.5,Sri Lanka,AD Mathews,LPC Silva,Abdur Rehman,1,0,,,,,,"",""
ball,2,38.6,Sri Lanka,LPC Silva,AD Mathews,Abdur Rehman,2,0,,,,,,"",""
ball,2,39.1,Sri Lanka,AD Mathews,LPC Silva,Shahid Afridi,0,0,,,,,,"",""
ball,2,39.2,Sri Lanka,AD Mathews,LPC Silva,Shahid Afridi,1,0,,,,,,"",""
ball,2,39.3,Sri Lanka,LPC Silva,AD Mathews,Shahid Afridi,1,0,,,,,,"",""
ball,2,39.4,Sri Lanka,AD Mathews,LPC Silva,Shahid Afridi,1,0,,,,,,"",""
ball,2,39.5,Sri Lanka,LPC Silva,AD Mathews,Shahid Afridi,0,0,,,,,,"",""
ball,2,39.6,Sri Lanka,LPC Silva,AD Mathews,Shahid Afridi,1,0,,,,,,"",""
ball,2,40.1,Sri Lanka,LPC Silva,AD Mathews,Abdur Rehman,0,0,,,,,,"",""
ball,2,40.2,Sri Lanka,LPC Silva,AD Mathews,Abdur Rehman,1,0,,,,,,"",""
ball,2,40.3,Sri Lanka,AD Mathews,LPC Silva,Abdur Rehman,0,0,,,,,,"",""
ball,2,40.4,Sri Lanka,AD Mathews,LPC Silva,Abdur Rehman,1,0,,,,,,"",""
ball,2,40.5,Sri Lanka,LPC Silva,AD Mathews,Abdur Rehman,1,0,,,,,,"",""
ball,2,40.6,Sri Lanka,AD Mathews,LPC Silva,Abdur Rehman,1,0,,,,,,"",""
ball,2,41.1,Sri Lanka,AD Mathews,LPC Silva,Shahid Afridi,4,0,,,,,,"",""
ball,2,41.2,Sri Lanka,AD Mathews,LPC Silva,Shahid Afridi,0,0,,,,,,"",""
ball,2,41.3,Sri Lanka,AD Mathews,LPC Silva,Shahid Afridi,0,0,,,,,,"",""
ball,2,41.4,Sri Lanka,AD Mathews,LPC Silva,Shahid Afridi,1,0,,,,,,"",""
ball,2,41.5,Sri Lanka,LPC Silva,AD Mathews,Shahid Afridi,1,0,,,,,,"",""
ball,2,41.6,Sri Lanka,AD Mathews,LPC Silva,Shahid Afridi,1,0,,,,,,"",""
ball,2,42.1,Sri Lanka,AD Mathews,LPC Silva,Abdur Rehman,1,0,,,,,,"",""
ball,2,42.2,Sri Lanka,LPC Silva,AD Mathews,Abdur Rehman,4,0,,,,,,"",""
ball,2,42.3,Sri Lanka,LPC Silva,AD Mathews,Abdur Rehman,4,0,,,,,,"",""
ball,2,42.4,Sri Lanka,LPC Silva,AD Mathews,Abdur Rehman,1,0,,,,,,"",""
ball,2,42.5,Sri Lanka,AD Mathews,LPC Silva,Abdur Rehman,0,0,,,,,,"",""
ball,2,42.6,Sri Lanka,AD Mathews,LPC Silva,Abdur Rehman,4,0,,,,,,"",""
ball,2,43.1,Sri Lanka,AD Mathews,LPC Silva,Shahid Afridi,1,0,,,,,,"",""
ball,2,43.2,Sri Lanka,LPC Silva,AD Mathews,Shahid Afridi,4,0,,,,,,"",""
ball,2,43.3,Sri Lanka,LPC Silva,AD Mathews,Shahid Afridi,1,0,,,,,,"",""
ball,2,43.4,Sri Lanka,AD Mathews,LPC Silva,Shahid Afridi,0,0,,,,,,caught,AD Mathews
ball,2,43.5,Sri Lanka,NLTC Perera,LPC Silva,Shahid Afridi,1,0,,,,,,"",""
ball,2,43.6,Sri Lanka,LPC Silva,NLTC Perera,Shahid Afridi,0,1,,,,1,,"",""
ball,2,44.1,Sri Lanka,LPC Silva,NLTC Perera,Umar Gul,0,1,1,,,,,"",""
ball,2,44.2,Sri Lanka,LPC Silva,NLTC Perera,Umar Gul,4,0,,,,,,"",""
ball,2,44.3,Sri Lanka,LPC Silva,NLTC Perera,Umar Gul,1,0,,,,,,"",""
ball,2,44.4,Sri Lanka,NLTC Perera,LPC Silva,Umar Gul,0,0,,,,,,"",""
ball,2,44.5,Sri Lanka,NLTC Perera,LPC Silva,Umar Gul,1,0,,,,,,"",""
ball,2,44.6,Sri Lanka,LPC Silva,NLTC Perera,Umar Gul,1,0,,,,,,"",""
ball,2,44.7,Sri Lanka,NLTC Perera,LPC Silva,Umar Gul,4,0,,,,,,"",""
ball,2,45.1,Sri Lanka,LPC Silva,NLTC Perera,Shoaib Akhtar,2,0,,,,,,"",""
ball,2,45.2,Sri Lanka,LPC Silva,NLTC Perera,Shoaib Akhtar,4,0,,,,,,"",""
ball,2,45.3,Sri Lanka,LPC Silva,NLTC Perera,Shoaib Akhtar,1,0,,,,,,"",""
ball,2,45.4,Sri Lanka,NLTC Perera,LPC Silva,Shoaib Akhtar,2,0,,,,,,"",""
ball,2,45.5,Sri Lanka,NLTC Perera,LPC Silva,Shoaib Akhtar,0,0,,,,,,bowled,NLTC Perera
ball,2,45.6,Sri Lanka,KMDN Kulasekara,LPC Silva,Shoaib Akhtar,0,0,,,,,,"",""
ball,2,46.1,Sri Lanka,LPC Silva,KMDN Kulasekara,Abdur Rehman,0,1,1,,,,,stumped,LPC Silva
ball,2,46.2,Sri Lanka,HMRKB Herath,KMDN Kulasekara,Abdur Rehman,0,1,,,,1,,"",""
ball,2,46.3,Sri Lanka,KMDN Kulasekara,HMRKB Herath,Abdur Rehman,4,0,,,,,,"",""
ball,2,46.4,Sri Lanka,KMDN Kulasekara,HMRKB Herath,Abdur Rehman,0,0,,,,,,"",""
ball,2,46.5,Sri Lanka,KMDN Kulasekara,HMRKB Herath,Abdur Rehman,0,0,,,,,,"",""
ball,2,46.6,Sri Lanka,KMDN Kulasekara,HMRKB Herath,Abdur Rehman,3,0,,,,,,"",""
ball,2,46.7,Sri Lanka,HMRKB Herath,KMDN Kulasekara,Abdur Rehman,1,0,,,,,,"",""
ball,2,47.1,Sri Lanka,HMRKB Herath,KMDN Kulasekara,Shoaib Akhtar,0,0,,,,,,"",""
ball,2,47.2,Sri Lanka,HMRKB Herath,KMDN Kulasekara,Shoaib Akhtar,0,1,,,1,,,"",""
ball,2,47.3,Sri Lanka,KMDN Kulasekara,HMRKB Herath,Shoaib Akhtar,1,0,,,,,,"",""
ball,2,47.4,Sri Lanka,HMRKB Herath,KMDN Kulasekara,Shoaib Akhtar,1,0,,,,,,"",""
ball,2,47.5,Sri Lanka,KMDN Kulasekara,HMRKB Herath,Shoaib Akhtar,2,0,,,,,,"",""
ball,2,47.6,Sri Lanka,KMDN Kulasekara,HMRKB Herath,Shoaib Akhtar,2,0,,,,,,"",""
ball,2,48.1,Sri Lanka,HMRKB Herath,KMDN Kulasekara,Mohammad Hafeez,0,1,,,,1,,"",""
ball,2,48.2,Sri Lanka,KMDN Kulasekara,HMRKB Herath,Mohammad Hafeez,1,0,,,,,,"",""
ball,2,48.3,Sri Lanka,HMRKB Herath,KMDN Kulasekara,Mohammad Hafeez,1,0,,,,,,"",""
ball,2,48.4,Sri Lanka,KMDN Kulasekara,HMRKB Herath,Mohammad Hafeez,1,0,,,,,,"",""
ball,2,48.5,Sri Lanka,HMRKB Herath,KMDN Kulasekara,Mohammad Hafeez,0,1,,,,1,,"",""
ball,2,48.6,Sri Lanka,KMDN Kulasekara,HMRKB Herath,Mohammad Hafeez,6,0,,,,,,"",""
ball,2,49.1,Sri Lanka,HMRKB Herath,KMDN Kulasekara,Umar Gul,0,0,,,,,,"",""
ball,2,49.2,Sri Lanka,HMRKB Herath,KMDN Kulasekara,Umar Gul,1,0,,,,,,"",""
ball,2,49.3,Sri Lanka,KMDN Kulasekara,HMRKB Herath,Umar Gul,4,0,,,,,,"",""
ball,2,49.4,Sri Lanka,KMDN Kulasekara,HMRKB Herath,Umar Gul,0,0,,,,,,"",""
ball,2,49.5,Sri Lanka,KMDN Kulasekara,HMRKB Herath,Umar Gul,0,0,,,,,,caught,KMDN Kulasekara
ball,2,49.6,Sri Lanka,M Muralitharan,HMRKB Herath,Umar Gul,0,1,,,,1,,"",""
