version,1.6.0
info,balls_per_over,6
info,team,Ireland
info,team,Netherlands
info,gender,male
info,season,2010/11
info,date,2011/03/18
info,event,ICC Cricket World Cup
info,match_number,37
info,venue,Eden Gardens
info,city,Kolkata
info,neutralvenue,true
info,toss_winner,Ireland
info,toss_decision,field
info,player_of_match,PR Stirling
info,umpire,BR Doctrove
info,umpire,IJ Gould
info,reserve_umpire,EAR de Silva
info,tv_umpire,HDPK Dharmasena
info,match_referee,RS Madugalle
info,winner,Ireland
info,winner_wickets,6
info,player,Ireland,WTS Porterfield
info,player,Ireland,PR Stirling
info,player,Ireland,EC Joyce
info,player,Ireland,NJ O'Brien
info,player,Ireland,GC Wilson
info,player,Ireland,KJ O'Brien
info,player,Ireland,AR Cusack
info,player,Ireland,DT Johnston
info,player,Ireland,JF Mooney
info,player,Ireland,GH Dockrell
info,player,Ireland,WB Rankin
info,player,Netherlands,ES Szwarczynski
info,player,Netherlands,W Barresi
info,player,Netherlands,TLW Cooper
info,player,Netherlands,RN ten Doeschate
info,player,Netherlands,AN Kervezee
info,player,Netherlands,PW Borren
info,player,Netherlands,AF Buurman
info,player,Netherlands,Mudassar Bukhari
info,player,Netherlands,PM Seelaar
info,player,Netherlands,Adeel Raja
info,player,Netherlands,BP Loots
info,registry,people,AF Buurman,03d3dd8e
info,registry,people,AN Kervezee,dc36a6a5
info,registry,people,AR Cusack,568e5a4a
info,registry,people,Adeel Raja,79004151
info,registry,people,BP Loots,dd55b0b0
info,registry,people,BR Doctrove,cbebf805
info,registry,people,DT Johnston,e01895bb
info,registry,people,EAR de Silva,dc63f509
info,registry,people,EC Joyce,a48fc79d
info,registry,people,ES Szwarczynski,6a7239a7
info,registry,people,GC Wilson,05de1a5a
info,registry,people,GH Dockrell,99cddc5e
info,registry,people,HDPK Dharmasena,323e4c16
info,registry,people,IJ Gould,a9dfdf6c
info,registry,people,JF Mooney,aae9ce90
info,registry,people,KJ O'Brien,243431b5
info,registry,people,Mudassar Bukhari,37312a74
info,registry,people,NJ O'Brien,84826f48
info,registry,people,PM Seelaar,abbdca1a
info,registry,people,PR Stirling,cf494ffe
info,registry,people,PW Borren,91052c96
info,registry,people,RN ten Doeschate,4ec07775
info,registry,people,RS Madugalle,766b5798
info,registry,people,TLW Cooper,2318ba22
info,registry,people,W Barresi,0d677597
info,registry,people,WB Rankin,29b89ae8
info,registry,people,WTS Porterfield,ec02b798
ball,1,0.1,Netherlands,ES Szwarczynski,W Barresi,WB Rankin,1,0,,,,,,"",""
ball,1,0.2,Netherlands,W Barresi,ES Szwarczynski,WB Rankin,2,0,,,,,,"",""
ball,1,0.3,Netherlands,W Barresi,ES Szwarczynski,WB Rankin,0,0,,,,,,"",""
ball,1,0.4,Netherlands,W Barresi,ES Szwarczynski,WB Rankin,0,4,,,,4,,"",""
ball,1,0.5,Netherlands,W Barresi,ES Szwarczynski,WB Rankin,0,0,,,,,,"",""
ball,1,0.6,Netherlands,W Barresi,ES Szwarczynski,WB Rankin,0,0,,,,,,"",""
ball,1,1.1,Netherlands,ES Szwarczynski,W Barresi,DT Johnston,0,0,,,,,,"",""
ball,1,1.2,Netherlands,ES Szwarczynski,W Barresi,DT Johnston,0,0,,,,,,"",""
ball,1,1.3,Netherlands,ES Szwarczynski,W Barresi,DT Johnston,0,0,,,,,,caught,ES Szwarczynski
ball,1,1.4,Netherlands,TLW Cooper,RN ten Doeschate,DT Johnston,0,0,,,,,,"",""
ball,1,1.5,Netherlands,TLW Cooper,RN ten Doeschate,DT Johnston,1,0,,,,,,"",""
ball,1,1.6,Netherlands,RN ten Doeschate,TLW Cooper,DT Johnston,0,0,,,,,,"",""
ball,1,2.1,Netherlands,TLW Cooper,RN ten Doeschate,WB Rankin,0,0,,,,,,"",""
ball,1,2.2,Netherlands,TLW Cooper,RN ten Doeschate,WB Rankin,4,0,,,,,,"",""
ball,1,2.3,Netherlands,TLW Cooper,RN ten Doeschate,WB Rankin,0,0,,,,,,caught,TLW Cooper
ball,1,2.4,Netherlands,AN Kervezee,RN ten Doeschate,WB Rankin,1,0,,,,,,"",""
ball,1,2.5,Netherlands,RN ten Doeschate,AN Kervezee,WB Rankin,0,0,,,,,,"",""
ball,1,2.6,Netherlands,RN ten Doeschate,AN Kervezee,WB Rankin,1,0,,,,,,"",""
ball,1,3.1,Netherlands,RN ten Doeschate,AN Kervezee,DT Johnston,0,0,,,,,,"",""
ball,1,3.2,Netherlands,RN ten Doeschate,AN Kervezee,DT Johnston,0,0,,,,,,"",""
ball,1,3.3,Netherlands,RN ten Doeschate,AN Kervezee,DT Johnston,0,0,,,,,,"",""
ball,1,3.4,Netherlands,RN ten Doeschate,AN Kervezee,DT Johnston,0,0,,,,,,"",""
ball,1,3.5,Netherlands,RN ten Doeschate,AN Kervezee,DT Johnston,0,0,,,,,,"",""
ball,1,3.6,Netherlands,RN ten Doeschate,AN Kervezee,DT Johnston,0,0,,,,,,"",""
ball,1,4.1,Netherlands,AN Kervezee,RN ten Doeschate,WB Rankin,0,0,,,,,,"",""
ball,1,4.2,Netherlands,AN Kervezee,RN ten Doeschate,WB Rankin,1,0,,,,,,"",""
ball,1,4.3,Netherlands,RN ten Doeschate,AN Kervezee,WB Rankin,1,0,,,,,,"",""
ball,1,4.4,Netherlands,AN Kervezee,RN ten Doeschate,WB Rankin,0,0,,,,,,"",""
ball,1,4.5,Netherlands,AN Kervezee,RN ten Doeschate,WB Rankin,4,0,,,,,,"",""
ball,1,4.6,Netherlands,AN Kervezee,RN ten Doeschate,WB Rankin,0,0,,,,,,"",""
ball,1,5.1,Netherlands,RN ten Doeschate,AN Kervezee,DT Johnston,0,0,,,,,,"",""
ball,1,5.2,Netherlands,RN ten Doeschate,AN Kervezee,DT Johnston,4,0,,,,,,"",""
ball,1,5.3,Netherlands,RN ten Doeschate,AN Kervezee,DT Johnston,0,0,,,,,,"",""
ball,1,5.4,Netherlands,RN ten Doeschate,AN Kervezee,DT Johnston,0,0,,,,,,"",""
ball,1,5.5,Netherlands,RN ten Doeschate,AN Kervezee,DT Johnston,4,0,,,,,,"",""
ball,1,5.6,Netherlands,RN ten Doeschate,AN Kervezee,DT Johnston,1,0,,,,,,"",""
ball,1,6.1,Netherlands,RN ten Doeschate,AN Kervezee,WB Rankin,1,0,,,,,,"",""
ball,1,6.2,Netherlands,AN Kervezee,RN ten Doeschate,WB Rankin,0,0,,,,,,"",""
ball,1,6.3,Netherlands,AN Kervezee,RN ten Doeschate,WB Rankin,1,0,,,,,,"",""
ball,1,6.4,Netherlands,RN ten Doeschate,AN Kervezee,WB Rankin,4,0,,,,,,"",""
ball,1,6.5,Netherlands,RN ten Doeschate,AN Kervezee,WB Rankin,0,0,,,,,,"",""
ball,1,6.6,Netherlands,RN ten Doeschate,AN Kervezee,WB Rankin,0,1,1,,,,,"",""
ball,1,6.7,Netherlands,RN ten Doeschate,AN Kervezee,WB Rankin,0,0,,,,,,"",""
ball,1,7.1,Netherlands,AN Kervezee,RN ten Doeschate,DT Johnston,4,0,,,,,,"",""
ball,1,7.2,Netherlands,AN Kervezee,RN ten Doeschate,DT Johnston,0,0,,,,,,"",""
ball,1,7.3,Netherlands,AN Kervezee,RN ten Doeschate,DT Johnston,0,0,,,,,,"",""
ball,1,7.4,Netherlands,AN Kervezee,RN ten Doeschate,DT Johnston,0,0,,,,,,"",""
ball,1,7.5,Netherlands,AN Kervezee,RN ten Doeschate,DT Johnston,0,0,,,,,,"",""
ball,1,7.6,Netherlands,AN Kervezee,RN ten Doeschate,DT Johnston,0,0,,,,,,"",""
ball,1,8.1,Netherlands,RN ten Doeschate,AN Kervezee,JF Mooney,0,0,,,,,,"",""
ball,1,8.2,Netherlands,RN ten Doeschate,AN Kervezee,JF Mooney,0,0,,,,,,"",""
ball,1,8.3,Netherlands,RN ten Doeschate,AN Kervezee,JF Mooney,4,0,,,,,,"",""
ball,1,8.4,Netherlands,RN ten Doeschate,AN Kervezee,JF Mooney,4,0,,,,,,"",""
ball,1,8.5,Netherlands,RN ten Doeschate,AN Kervezee,JF Mooney,0,0,,,,,,"",""
ball,1,8.6,Netherlands,RN ten Doeschate,AN Kervezee,JF Mooney,0,0,,,,,,"",""
ball,1,9.1,Netherlands,AN Kervezee,RN ten Doeschate,DT Johnston,1,0,,,,,,"",""
ball,1,9.2,Netherlands,RN ten Doeschate,AN Kervezee,DT Johnston,0,0,,,,,,"",""
ball,1,9.3,Netherlands,RN ten Doeschate,AN Kervezee,DT Johnston,4,0,,,,,,"",""
ball,1,9.4,Netherlands,RN ten Doeschate,AN Kervezee,DT Johnston,0,0,,,,,,"",""
ball,1,9.5,Netherlands,RN ten Doeschate,AN Kervezee,DT Johnston,0,0,,,,,,"",""
ball,1,9.6,Netherlands,RN ten Doeschate,AN Kervezee,DT Johnston,0,0,,,,,,"",""
ball,1,10.1,Netherlands,AN Kervezee,RN ten Doeschate,JF Mooney,0,0,,,,,,caught,AN Kervezee
ball,1,10.2,Netherlands,W Barresi,RN ten Doeschate,JF Mooney,0,0,,,,,,"",""
ball,1,10.3,Netherlands,W Barresi,RN ten Doeschate,JF Mooney,0,0,,,,,,"",""
ball,1,10.4,Netherlands,W Barresi,RN ten Doeschate,JF Mooney,0,0,,,,,,"",""
ball,1,10.5,Netherlands,W Barresi,RN ten Doeschate,JF Mooney,0,0,,,,,,"",""
ball,1,10.6,Netherlands,W Barresi,RN ten Doeschate,JF Mooney,1,0,,,,,,"",""
ball,1,11.1,Netherlands,W Barresi,RN ten Doeschate,WB Rankin,2,0,,,,,,"",""
ball,1,11.2,Netherlands,W Barresi,RN ten Doeschate,WB Rankin,0,1,1,,,,,"",""
ball,1,11.3,Netherlands,W Barresi,RN ten Doeschate,WB Rankin,0,0,,,,,,"",""
ball,1,11.4,Netherlands,W Barresi,RN ten Doeschate,WB Rankin,0,0,,,,,,"",""
ball,1,11.5,Netherlands,W Barresi,RN ten Doeschate,WB Rankin,6,0,,,,,,"",""
ball,1,11.6,Netherlands,W Barresi,RN ten Doeschate,WB Rankin,0,0,,,,,,"",""
ball,1,11.7,Netherlands,W Barresi,RN ten Doeschate,WB Rankin,2,0,,,,,,"",""
ball,1,12.1,Netherlands,RN ten Doeschate,W Barresi,JF Mooney,0,0,,,,,,"",""
ball,1,12.2,Netherlands,RN ten Doeschate,W Barresi,JF Mooney,0,0,,,,,,"",""
ball,1,12.3,Netherlands,RN ten Doeschate,W Barresi,JF Mooney,1,0,,,,,,"",""
ball,1,12.4,Netherlands,W Barresi,RN ten Doeschate,JF Mooney,0,0,,,,,,"",""
ball,1,12.5,Netherlands,W Barresi,RN ten Doeschate,JF Mooney,4,0,,,,,,"",""
ball,1,12.6,Netherlands,W Barresi,RN ten Doeschate,JF Mooney,1,0,,,,,,"",""
ball,1,13.1,Netherlands,W Barresi,RN ten Doeschate,GH Dockrell,0,0,,,,,,"",""
ball,1,13.2,Netherlands,W Barresi,RN ten Doeschate,GH Dockrell,0,0,,,,,,"",""
ball,1,13.3,Netherlands,W Barresi,RN ten Doeschate,GH Dockrell,0,0,,,,,,"",""
ball,1,13.4,Netherlands,W Barresi,RN ten Doeschate,GH Dockrell,4,0,,,,,,"",""
ball,1,13.5,Netherlands,W Barresi,RN ten Doeschate,GH Dockrell,0,0,,,,,,"",""
ball,1,13.6,Netherlands,W Barresi,RN ten Doeschate,GH Dockrell,1,0,,,,,,"",""
ball,1,14.1,Netherlands,W Barresi,RN ten Doeschate,JF Mooney,0,0,,,,,,"",""
ball,1,14.2,Netherlands,W Barresi,RN ten Doeschate,JF Mooney,4,0,,,,,,"",""
ball,1,14.3,Netherlands,W Barresi,RN ten Doeschate,JF Mooney,0,0,,,,,,"",""
ball,1,14.4,Netherlands,W Barresi,RN ten Doeschate,JF Mooney,1,0,,,,,,"",""
ball,1,14.5,Netherlands,RN ten Doeschate,W Barresi,JF Mooney,1,0,,,,,,"",""
ball,1,14.6,Netherlands,W Barresi,RN ten Doeschate,JF Mooney,0,0,,,,,,"",""
ball,1,15.1,Netherlands,RN ten Doeschate,W Barresi,GH Dockrell,0,0,,,,,,"",""
ball,1,15.2,Netherlands,RN ten Doeschate,W Barresi,GH Dockrell,0,0,,,,,,"",""
ball,1,15.3,Netherlands,RN ten Doeschate,W Barresi,GH Dockrell,1,0,,,,,,"",""
ball,1,15.4,Netherlands,W Barresi,RN ten Doeschate,GH Dockrell,0,0,,,,,,"",""
ball,1,15.5,Netherlands,W Barresi,RN ten Doeschate,GH Dockrell,0,0,,,,,,"",""
ball,1,15.6,Netherlands,W Barresi,RN ten Doeschate,GH Dockrell,1,0,,,,,,"",""
ball,1,16.1,Netherlands,W Barresi,RN ten Doeschate,PR Stirling,0,0,,,,,,"",""
ball,1,16.2,Netherlands,W Barresi,RN ten Doeschate,PR Stirling,1,0,,,,,,"",""
ball,1,16.3,Netherlands,RN ten Doeschate,W Barresi,PR Stirling,0,0,,,,,,"",""
ball,1,16.4,Netherlands,RN ten Doeschate,W Barresi,PR Stirling,1,0,,,,,,"",""
ball,1,16.5,Netherlands,W Barresi,RN ten Doeschate,PR Stirling,0,0,,,,,,"",""
ball,1,16.6,Netherlands,W Barresi,RN ten Doeschate,PR Stirling,1,0,,,,,,"",""
ball,1,17.1,Netherlands,W Barresi,RN ten Doeschate,GH Dockrell,0,0,,,,,,"",""
ball,1,17.2,Netherlands,W Barresi,RN ten Doeschate,GH Dockrell,1,0,,,,,,"",""
ball,1,17.3,Netherlands,RN ten Doeschate,W Barresi,GH Dockrell,1,0,,,,,,"",""
ball,1,17.4,Netherlands,W Barresi,RN ten Doeschate,GH Dockrell,4,0,,,,,,"",""
ball,1,17.5,Netherlands,W Barresi,RN ten Doeschate,GH Dockrell,0,0,,,,,,"",""
ball,1,17.6,Netherlands,W Barresi,RN ten Doeschate,GH Dockrell,0,0,,,,,,"",""
ball,1,18.1,Netherlands,RN ten Doeschate,W Barresi,PR Stirling,1,0,,,,,,"",""
ball,1,18.2,Netherlands,W Barresi,RN ten Doeschate,PR Stirling,6,0,,,,,,"",""
ball,1,18.3,Netherlands,W Barresi,RN ten Doeschate,PR Stirling,0,0,,,,,,"",""
ball,1,18.4,Netherlands,W Barresi,RN ten Doeschate,PR Stirling,1,0,,,,,,"",""
ball,1,18.5,Netherlands,RN ten Doeschate,W Barresi,PR Stirling,1,0,,,,,,"",""
ball,1,18.6,Netherlands,W Barresi,RN ten Doeschate,PR Stirling,0,0,,,,,,"",""
ball,1,19.1,Netherlands,RN ten Doeschate,W Barresi,GH Dockrell,1,0,,,,,,"",""
ball,1,19.2,Netherlands,W Barresi,RN ten Doeschate,GH Dockrell,1,0,,,,,,"",""
ball,1,19.3,Netherlands,RN ten Doeschate,W Barresi,GH Dockrell,0,0,,,,,,"",""
ball,1,19.4,Netherlands,RN ten Doeschate,W Barresi,GH Dockrell,0,0,,,,,,"",""
ball,1,19.5,Netherlands,RN ten Doeschate,W Barresi,AR Cusack,0,0,,,,,,"",""
ball,1,19.6,Netherlands,RN ten Doeschate,W Barresi,AR Cusack,1,0,,,,,,"",""
ball,1,20.1,Netherlands,RN ten Doeschate,W Barresi,JF Mooney,0,0,,,,,,"",""
ball,1,20.2,Netherlands,RN ten Doeschate,W Barresi,JF Mooney,0,0,,,,,,"",""
ball,1,20.3,Netherlands,RN ten Doeschate,W Barresi,JF Mooney,0,0,,,,,,"",""
ball,1,20.4,Netherlands,RN ten Doeschate,W Barresi,JF Mooney,4,0,,,,,,"",""
ball,1,20.5,Netherlands,RN ten Doeschate,W Barresi,JF Mooney,0,0,,,,,,"",""
ball,1,20.6,Netherlands,RN ten Doeschate,W Barresi,JF Mooney,1,0,,,,,,"",""
ball,1,21.1,Netherlands,RN ten Doeschate,W Barresi,PR Stirling,2,0,,,,,,"",""
ball,1,21.2,Netherlands,RN ten Doeschate,W Barresi,PR Stirling,0,0,,,,,,"",""
ball,1,21.3,Netherlands,RN ten Doeschate,W Barresi,PR Stirling,1,0,,,,,,"",""
ball,1,21.4,Netherlands,W Barresi,RN ten Doeschate,PR Stirling,0,0,,,,,,"",""
ball,1,21.5,Netherlands,W Barresi,RN ten Doeschate,PR Stirling,0,0,,,,,,lbw,W Barresi
ball,1,21.6,Netherlands,PW Borren,RN ten Doeschate,PR Stirling,0,1,,,1,,,"",""
ball,1,22.1,Netherlands,PW Borren,RN ten Doeschate,JF Mooney,0,0,,,,,,"",""
ball,1,22.2,Netherlands,PW Borren,RN ten Doeschate,JF Mooney,1,0,,,,,,"",""
ball,1,22.3,Netherlands,RN ten Doeschate,PW Borren,JF Mooney,2,0,,,,,,"",""
ball,1,22.4,Netherlands,RN ten Doeschate,PW Borren,JF Mooney,0,1,,,,1,,"",""
ball,1,22.5,Netherlands,PW Borren,RN ten Doeschate,JF Mooney,0,0,,,,,,"",""
ball,1,22.6,Netherlands,PW Borren,RN ten Doeschate,JF Mooney,1,0,,,,,,"",""
ball,1,23.1,Netherlands,PW Borren,RN ten Doeschate,PR Stirling,1,0,,,,,,"",""
ball,1,23.2,Netherlands,RN ten Doeschate,PW Borren,PR Stirling,0,0,,,,,,"",""
ball,1,23.3,Netherlands,RN ten Doeschate,PW Borren,PR Stirling,0,0,,,,,,"",""
ball,1,23.4,Netherlands,RN ten Doeschate,PW Borren,PR Stirling,0,0,,,,,,"",""
ball,1,23.5,Netherlands,RN ten Doeschate,PW Borren,PR Stirling,1,0,,,,,,"",""
ball,1,23.6,Netherlands,PW Borren,RN ten Doeschate,PR Stirling,0,0,,,,,,"",""
ball,1,24.1,Netherlands,RN ten Doeschate,PW Borren,WB Rankin,1,0,,,,,,"",""
ball,1,24.2,Netherlands,PW Borren,RN ten Doeschate,WB Rankin,4,0,,,,,,"",""
ball,1,24.3,Netherlands,PW Borren,RN ten Doeschate,WB Rankin,4,0,,,,,,"",""
ball,1,24.4,Netherlands,PW Borren,RN ten Doeschate,WB Rankin,0,1,1,,,,,"",""
ball,1,24.5,Netherlands,PW Borren,RN ten Doeschate,WB Rankin,4,0,,,,,,"",""
ball,1,24.6,Netherlands,PW Borren,RN ten Doeschate,WB Rankin,0,0,,,,,,"",""
ball,1,24.7,Netherlands,PW Borren,RN ten Doeschate,WB Rankin,1,0,,,,,,"",""
ball,1,25.1,Netherlands,PW Borren,RN ten Doeschate,PR Stirling,2,0,,,,,,"",""
ball,1,25.2,Netherlands,PW Borren,RN ten Doeschate,PR Stirling,4,0,,,,,,"",""
ball,1,25.3,Netherlands,PW Borren,RN ten Doeschate,PR Stirling,0,0,,,,,,"",""
ball,1,25.4,Netherlands,PW Borren,RN ten Doeschate,PR Stirling,0,0,,,,,,"",""
ball,1,25.5,Netherlands,PW Borren,RN ten Doeschate,PR Stirling,0,0,,,,,,"",""
ball,1,25.6,Netherlands,PW Borren,RN ten Doeschate,PR Stirling,0,0,,,,,,"",""
ball,1,26.1,Netherlands,RN ten Doeschate,PW Borren,KJ O'Brien,1,0,,,,,,"",""
ball,1,26.2,Netherlands,PW Borren,RN ten Doeschate,KJ O'Brien,0,0,,,,,,"",""
ball,1,26.3,Netherlands,PW Borren,RN ten Doeschate,KJ O'Brien,1,0,,,,,,"",""
ball,1,26.4,Netherlands,RN ten Doeschate,PW Borren,KJ O'Brien,0,0,,,,,,"",""
ball,1,26.5,Netherlands,RN ten Doeschate,PW Borren,KJ O'Brien,1,0,,,,,,"",""
ball,1,26.6,Netherlands,PW Borren,RN ten Doeschate,KJ O'Brien,1,0,,,,,,"",""
ball,1,27.1,Netherlands,PW Borren,RN ten Doeschate,PR Stirling,1,0,,,,,,"",""
ball,1,27.2,Netherlands,RN ten Doeschate,PW Borren,PR Stirling,0,0,,,,,,"",""
ball,1,27.3,Netherlands,RN ten Doeschate,PW Borren,PR Stirling,1,0,,,,,,"",""
ball,1,27.4,Netherlands,PW Borren,RN ten Doeschate,PR Stirling,0,0,,,,,,"",""
ball,1,27.5,Netherlands,PW Borren,RN ten Doeschate,PR Stirling,0,0,,,,,,"",""
ball,1,27.6,Netherlands,PW Borren,RN ten Doeschate,PR Stirling,0,0,,,,,,"",""
ball,1,28.1,Netherlands,RN ten Doeschate,PW Borren,KJ O'Brien,4,0,,,,,,"",""
ball,1,28.2,Netherlands,RN ten Doeschate,PW Borren,KJ O'Brien,1,0,,,,,,"",""
ball,1,28.3,Netherlands,PW Borren,RN ten Doeschate,KJ O'Brien,1,0,,,,,,"",""
ball,1,28.4,Netherlands,RN ten Doeschate,PW Borren,KJ O'Brien,0,0,,,,,,"",""
ball,1,28.5,Netherlands,RN ten Doeschate,PW Borren,KJ O'Brien,1,0,,,,,,"",""
ball,1,28.6,Netherlands,PW Borren,RN ten Doeschate,KJ O'Brien,2,0,,,,,,"",""
ball,1,29.1,Netherlands,RN ten Doeschate,PW Borren,PR Stirling,1,0,,,,,,"",""
ball,1,29.2,Netherlands,PW Borren,RN ten Doeschate,PR Stirling,1,0,,,,,,"",""
ball,1,29.3,Netherlands,RN ten Doeschate,PW Borren,PR Stirling,1,0,,,,,,"",""
ball,1,29.4,Netherlands,PW Borren,RN ten Doeschate,PR Stirling,1,0,,,,,,"",""
ball,1,29.5,Netherlands,RN ten Doeschate,PW Borren,PR Stirling,1,0,,,,,,"",""
ball,1,29.6,Netherlands,PW Borren,RN ten Doeschate,PR Stirling,0,0,,,,,,"",""
ball,1,30.1,Netherlands,RN ten Doeschate,PW Borren,KJ O'Brien,0,0,,,,,,"",""
ball,1,30.2,Netherlands,RN ten Doeschate,PW Borren,KJ O'Brien,1,0,,,,,,"",""
ball,1,30.3,Netherlands,PW Borren,RN ten Doeschate,KJ O'Brien,0,0,,,,,,"",""
ball,1,30.4,Netherlands,PW Borren,RN ten Doeschate,KJ O'Brien,1,0,,,,,,"",""
ball,1,30.5,Netherlands,RN ten Doeschate,PW Borren,KJ O'Brien,0,0,,,,,,"",""
ball,1,30.6,Netherlands,RN ten Doeschate,PW Borren,KJ O'Brien,0,1,,,,1,,"",""
ball,1,31.1,Netherlands,RN ten Doeschate,PW Borren,PR Stirling,1,0,,,,,,"",""
ball,1,31.2,Netherlands,PW Borren,RN ten Doeschate,PR Stirling,1,0,,,,,,"",""
ball,1,31.3,Netherlands,RN ten Doeschate,PW Borren,PR Stirling,1,0,,,,,,"",""
ball,1,31.4,Netherlands,PW Borren,RN ten Doeschate,PR Stirling,0,0,,,,,,"",""
ball,1,31.5,Netherlands,PW Borren,RN ten Doeschate,PR Stirling,1,0,,,,,,"",""
ball,1,31.6,Netherlands,RN ten Doeschate,PW Borren,PR Stirling,4,0,,,,,,"",""
ball,1,32.1,Netherlands,PW Borren,RN ten Doeschate,DT Johnston,2,0,,,,,,"",""
ball,1,32.2,Netherlands,PW Borren,RN ten Doeschate,DT Johnston,1,0,,,,,,"",""
ball,1,32.3,Netherlands,RN ten Doeschate,PW Borren,DT Johnston,1,0,,,,,,"",""
ball,1,32.4,Netherlands,PW Borren,RN ten Doeschate,DT Johnston,0,0,,,,,,"",""
ball,1,32.5,Netherlands,PW Borren,RN ten Doeschate,DT Johnston,1,0,,,,,,"",""
ball,1,32.6,Netherlands,RN ten Doeschate,PW Borren,DT Johnston,0,0,,,,,,"",""
ball,1,33.1,Netherlands,PW Borren,RN ten Doeschate,AR Cusack,1,0,,,,,,"",""
ball,1,33.2,Netherlands,RN ten Doeschate,PW Borren,AR Cusack,1,0,,,,,,"",""
ball,1,33.3,Netherlands,PW Borren,RN ten Doeschate,AR Cusack,0,0,,,,,,"",""
ball,1,33.4,Netherlands,PW Borren,RN ten Doeschate,AR Cusack,1,0,,,,,,"",""
ball,1,33.5,Netherlands,RN ten Doeschate,PW Borren,AR Cusack,1,0,,,,,,"",""
ball,1,33.6,Netherlands,PW Borren,RN ten Doeschate,AR Cusack,0,0,,,,,,"",""
ball,1,34.1,Netherlands,RN ten Doeschate,PW Borren,DT Johnston,0,0,,,,,,"",""
ball,1,34.2,Netherlands,RN ten Doeschate,PW Borren,DT Johnston,1,0,,,,,,"",""
ball,1,34.3,Netherlands,PW Borren,RN ten Doeschate,DT Johnston,0,0,,,,,,"",""
ball,1,34.4,Netherlands,PW Borren,RN ten Doeschate,DT Johnston,0,0,,,,,,"",""
ball,1,34.5,Netherlands,PW Borren,RN ten Doeschate,DT Johnston,0,1,,,,1,,"",""
ball,1,34.6,Netherlands,RN ten Doeschate,PW Borren,DT Johnston,3,0,,,,,,"",""
ball,1,35.1,Netherlands,RN ten Doeschate,PW Borren,AR Cusack,0,0,,,,,,"",""
ball,1,35.2,Netherlands,RN ten Doeschate,PW Borren,AR Cusack,2,0,,,,,,"",""
ball,1,35.3,Netherlands,RN ten Doeschate,PW Borren,AR Cusack,1,0,,,,,,"",""
ball,1,35.4,Netherlands,PW Borren,RN ten Doeschate,AR Cusack,2,0,,,,,,"",""
ball,1,35.5,Netherlands,PW Borren,RN ten Doeschate,AR Cusack,4,0,,,,,,"",""
ball,1,35.6,Netherlands,PW Borren,RN ten Doeschate,AR Cusack,1,0,,,,,,"",""
ball,1,36.1,Netherlands,PW Borren,RN ten Doeschate,WB Rankin,0,1,,,,1,,"",""
ball,1,36.2,Netherlands,RN ten Doeschate,PW Borren,WB Rankin,0,1,,1,,,,"",""
ball,1,36.3,Netherlands,RN ten Doeschate,PW Borren,WB Rankin,1,0,,,,,,"",""
ball,1,36.4,Netherlands,PW Borren,RN ten Doeschate,WB Rankin,0,0,,,,,,"",""
ball,1,36.5,Netherlands,PW Borren,RN ten Doeschate,WB Rankin,0,0,,,,,,"",""
ball,1,36.6,Netherlands,PW Borren,RN ten Doeschate,WB Rankin,0,0,,,,,,"",""
ball,1,36.7,Netherlands,PW Borren,RN ten Doeschate,WB Rankin,0,0,,,,,,"",""
ball,1,37.1,Netherlands,RN ten Doeschate,PW Borren,KJ O'Brien,1,0,,,,,,"",""
ball,1,37.2,Netherlands,PW Borren,RN ten Doeschate,KJ O'Brien,1,0,,,,,,"",""
ball,1,37.3,Netherlands,RN ten Doeschate,PW Borren,KJ O'Brien,4,0,,,,,,"",""
ball,1,37.4,Netherlands,RN ten Doeschate,PW Borren,KJ O'Brien,4,0,,,,,,"",""
ball,1,37.5,Netherlands,RN ten Doeschate,PW Borren,KJ O'Brien,1,0,,,,,,"",""
ball,1,37.6,Netherlands,PW Borren,RN ten Doeschate,KJ O'Brien,4,0,,,,,,"",""
ball,1,38.1,Netherlands,RN ten Doeschate,PW Borren,WB Rankin,0,0,,,,,,"",""
ball,1,38.2,Netherlands,RN ten Doeschate,PW Borren,WB Rankin,4,0,,,,,,"",""
ball,1,38.3,Netherlands,RN ten Doeschate,PW Borren,WB Rankin,1,0,,,,,,"",""
ball,1,38.4,Netherlands,PW Borren,RN ten Doeschate,WB Rankin,1,0,,,,,,"",""
ball,1,38.5,Netherlands,RN ten Doeschate,PW Borren,WB Rankin,4,0,,,,,,"",""
ball,1,38.6,Netherlands,RN ten Doeschate,PW Borren,WB Rankin,2,0,,,,,,"",""
ball,1,39.1,Netherlands,PW Borren,RN ten Doeschate,PR Stirling,1,0,,,,,,"",""
ball,1,39.2,Netherlands,RN ten Doeschate,PW Borren,PR Stirling,0,0,,,,,,"",""
ball,1,39.3,Netherlands,RN ten Doeschate,PW Borren,PR Stirling,0,0,,,,,,"",""
ball,1,39.4,Netherlands,RN ten Doeschate,PW Borren,PR Stirling,6,0,,,,,,"",""
ball,1,39.5,Netherlands,RN ten Doeschate,PW Borren,PR Stirling,0,0,,,,,,caught,RN ten Doeschate
ball,1,39.6,Netherlands,PW Borren,AF Buurman,PR Stirling,1,0,,,,,,"",""
ball,1,40.1,Netherlands,PW Borren,AF Buurman,JF Mooney,0,0,,,,,,"",""
ball,1,40.2,Netherlands,PW Borren,AF Buurman,JF Mooney,0,0,,,,,,"",""
ball,1,40.3,Netherlands,PW Borren,AF Buurman,JF Mooney,1,0,,,,,,"",""
ball,1,40.4,Netherlands,AF Buurman,PW Borren,JF Mooney,0,0,,,,,,"",""
ball,1,40.5,Netherlands,AF Buurman,PW Borren,JF Mooney,0,0,,,,,,"",""
ball,1,40.6,Netherlands,AF Buurman,PW Borren,JF Mooney,1,0,,,,,,"",""
ball,1,41.1,Netherlands,AF Buurman,PW Borren,PR Stirling,0,0,,,,,,"",""
ball,1,41.2,Netherlands,AF Buurman,PW Borren,PR Stirling,1,0,,,,,,"",""
ball,1,41.3,Netherlands,PW Borren,AF Buurman,PR Stirling,0,0,,,,,,"",""
ball,1,41.4,Netherlands,PW Borren,AF Buurman,PR Stirling,4,0,,,,,,"",""
ball,1,41.5,Netherlands,PW Borren,AF Buurman,PR Stirling,0,0,,,,,,"",""
ball,1,41.6,Netherlands,PW Borren,AF Buurman,PR Stirling,0,0,,,,,,"",""
ball,1,42.1,Netherlands,AF Buurman,PW Borren,JF Mooney,0,0,,,,,,"",""
ball,1,42.2,Netherlands,AF Buurman,PW Borren,JF Mooney,4,0,,,,,,"",""
ball,1,42.3,Netherlands,AF Buurman,PW Borren,JF Mooney,2,0,,,,,,"",""
ball,1,42.4,Netherlands,AF Buurman,PW Borren,JF Mooney,0,0,,,,,,"",""
ball,1,42.5,Netherlands,AF Buurman,PW Borren,JF Mooney,0,0,,,,,,"",""
ball,1,42.6,Netherlands,AF Buurman,PW Borren,JF Mooney,4,0,,,,,,"",""
ball,1,43.1,Netherlands,PW Borren,AF Buurman,DT Johnston,2,0,,,,,,"",""
ball,1,43.2,Netherlands,PW Borren,AF Buurman,DT Johnston,0,0,,,,,,"",""
ball,1,43.3,Netherlands,PW Borren,AF Buurman,DT Johnston,0,0,,,,,,"",""
ball,1,43.4,Netherlands,PW Borren,AF Buurman,DT Johnston,4,0,,,,,,"",""
ball,1,43.5,Netherlands,PW Borren,AF Buurman,DT Johnston,1,0,,,,,,"",""
ball,1,43.6,Netherlands,AF Buurman,PW Borren,DT Johnston,0,0,,,,,,"",""
ball,1,44.1,Netherlands,PW Borren,AF Buurman,JF Mooney,4,0,,,,,,"",""
ball,1,44.2,Netherlands,PW Borren,AF Buurman,JF Mooney,0,0,,,,,,"",""
ball,1,44.3,Netherlands,PW Borren,AF Buurman,JF Mooney,1,0,,,,,,"",""
ball,1,44.4,Netherlands,AF Buurman,PW Borren,JF Mooney,2,0,,,,,,"",""
ball,1,44.5,Netherlands,AF Buurman,PW Borren,JF Mooney,0,0,,,,,,"",""
ball,1,44.6,Netherlands,AF Buurman,PW Borren,JF Mooney,4,0,,,,,,"",""
ball,1,45.1,Netherlands,PW Borren,AF Buurman,DT Johnston,4,0,,,,,,"",""
ball,1,45.2,Netherlands,PW Borren,AF Buurman,DT Johnston,2,0,,,,,,"",""
ball,1,45.3,Netherlands,PW Borren,AF Buurman,DT Johnston,1,0,,,,,,"",""
ball,1,45.4,Netherlands,AF Buurman,PW Borren,DT Johnston,4,0,,,,,,"",""
ball,1,45.5,Netherlands,AF Buurman,PW Borren,DT Johnston,0,0,,,,,,"",""
ball,1,45.6,Netherlands,AF Buurman,PW Borren,DT Johnston,0,0,,,,,,"",""
ball,1,46.1,Netherlands,PW Borren,AF Buurman,JF Mooney,2,0,,,,,,"",""
ball,1,46.2,Netherlands,PW Borren,AF Buurman,JF Mooney,0,0,,,,,,"",""
ball,1,46.3,Netherlands,PW Borren,AF Buurman,JF Mooney,2,0,,,,,,"",""
ball,1,46.4,Netherlands,PW Borren,AF Buurman,JF Mooney,2,0,,,,,,"",""
ball,1,46.5,Netherlands,PW Borren,AF Buurman,JF Mooney,0,0,,,,,,caught,PW Borren
ball,1,46.6,Netherlands,Mudassar Bukhari,AF Buurman,JF Mooney,0,0,,,,,,"",""
ball,1,47.1,Netherlands,AF Buurman,Mudassar Bukhari,DT Johnston,1,0,,,,,,"",""
ball,1,47.2,Netherlands,Mudassar Bukhari,AF Buurman,DT Johnston,1,0,,,,,,"",""
ball,1,47.3,Netherlands,AF Buurman,Mudassar Bukhari,DT Johnston,0,0,,,,,,"",""
ball,1,47.4,Netherlands,AF Buurman,Mudassar Bukhari,DT Johnston,1,0,,,,,,"",""
ball,1,47.5,Netherlands,Mudassar Bukhari,AF Buurman,DT Johnston,1,0,,,,,,"",""
ball,1,47.6,Netherlands,AF Buurman,Mudassar Bukhari,DT Johnston,0,0,,,,,,"",""
ball,1,48.1,Netherlands,Mudassar Bukhari,AF Buurman,WB Rankin,6,0,,,,,,"",""
ball,1,48.2,Netherlands,Mudassar Bukhari,AF Buurman,WB Rankin,1,0,,,,,,"",""
ball,1,48.3,Netherlands,AF Buurman,Mudassar Bukhari,WB Rankin,0,1,,1,,,,"",""
ball,1,48.4,Netherlands,AF Buurman,Mudassar Bukhari,WB Rankin,0,1,,1,,,,"",""
ball,1,48.5,Netherlands,AF Buurman,Mudassar Bukhari,WB Rankin,0,0,,,,,,"",""
ball,1,48.6,Netherlands,AF Buurman,Mudassar Bukhari,WB Rankin,1,0,,,,,,"",""
ball,1,48.7,Netherlands,Mudassar Bukhari,AF Buurman,WB Rankin,1,0,,,,,,"",""
ball,1,48.8,Netherlands,AF Buurman,Mudassar Bukhari,WB Rankin,1,0,,,,,,"",""
ball,1,49.1,Netherlands,AF Buurman,Mudassar Bukhari,KJ O'Brien,0,0,,,,,,"",""
ball,1,49.2,Netherlands,AF Buurman,Mudassar Bukhari,KJ O'Brien,0,0,,,,,,"",""
ball,1,49.3,Netherlands,AF Buurman,Mudassar Bukhari,KJ O'Brien,0,0,,,,,,"",""
ball,1,49.4,Netherlands,AF Buurman,Mudassar Bukhari,KJ O'Brien,0,1,1,,,,,"",""
ball,1,49.5,Netherlands,AF Buurman,Mudassar Bukhari,KJ O'Brien,0,1,1,,,,,run out,AF Buurman
ball,1,49.6,Netherlands,PM Seelaar,Mudassar Bukhari,KJ O'Brien,0,0,,,,,,run out,PM Seelaar
ball,1,49.7,Netherlands,Mudassar Bukhari,Adeel Raja,KJ O'Brien,0,0,,,,,,run out,Adeel Raja
ball,1,49.8,Netherlands,Mudassar Bukhari,BP Loots,KJ O'Brien,1,0,,,,,,run out,Mudassar Bukhari
ball,2,0.1,Ireland,WTS Porterfield,PR Stirling,Mudassar Bukhari,0,0,,,,,,"",""
ball,2,0.2,Ireland,WTS Porterfield,PR Stirling,Mudassar Bukhari,0,0,,,,,,"",""
ball,2,0.3,Ireland,WTS Porterfield,PR Stirling,Mudassar Bukhari,0,0,,,,,,"",""
ball,2,0.4,Ireland,WTS Porterfield,PR Stirling,Mudassar Bukhari,0,0,,,,,,"",""
ball,2,0.5,Ireland,WTS Porterfield,PR Stirling,Mudassar Bukhari,1,0,,,,,,"",""
ball,2,0.6,Ireland,PR Stirling,WTS Porterfield,Mudassar Bukhari,6,0,,,,,,"",""
ball,2,1.1,Ireland,WTS Porterfield,PR Stirling,Adeel Raja,0,0,,,,,,"",""
ball,2,1.2,Ireland,WTS Porterfield,PR Stirling,Adeel Raja,0,0,,,,,,"",""
ball,2,1.3,Ireland,WTS Porterfield,PR Stirling,Adeel Raja,0,0,,,,,,"",""
ball,2,1.4,Ireland,WTS Porterfield,PR Stirling,Adeel Raja,0,0,,,,,,"",""
ball,2,1.5,Ireland,WTS Porterfield,PR Stirling,Adeel Raja,0,0,,,,,,"",""
ball,2,1.6,Ireland,WTS Porterfield,PR Stirling,Adeel Raja,0,0,,,,,,"",""
ball,2,2.1,Ireland,PR Stirling,WTS Porterfield,Mudassar Bukhari,4,0,,,,,,"",""
ball,2,2.2,Ireland,PR Stirling,WTS Porterfield,Mudassar Bukhari,0,1,,,,1,,"",""
ball,2,2.3,Ireland,WTS Porterfield,PR Stirling,Mudassar Bukhari,0,0,,,,,,"",""
ball,2,2.4,Ireland,WTS Porterfield,PR Stirling,Mudassar Bukhari,1,0,,,,,,"",""
ball,2,2.5,Ireland,PR Stirling,WTS Porterfield,Mudassar Bukhari,4,0,,,,,,"",""
ball,2,2.6,Ireland,PR Stirling,WTS Porterfield,Mudassar Bukhari,0,4,,,,4,,"",""
ball,2,3.1,Ireland,WTS Porterfield,PR Stirling,Adeel Raja,0,0,,,,,,"",""
ball,2,3.2,Ireland,WTS Porterfield,PR Stirling,Adeel Raja,4,0,,,,,,"",""
ball,2,3.3,Ireland,WTS Porterfield,PR Stirling,Adeel Raja,0,0,,,,,,"",""
ball,2,3.4,Ireland,WTS Porterfield,PR Stirling,Adeel Raja,0,0,,,,,,"",""
ball,2,3.5,Ireland,WTS Porterfield,PR Stirling,Adeel Raja,1,0,,,,,,"",""
ball,2,3.6,Ireland,PR Stirling,WTS Porterfield,Adeel Raja,0,0,,,,,,"",""
ball,2,4.1,Ireland,WTS Porterfield,PR Stirling,Mudassar Bukhari,0,0,,,,,,"",""
ball,2,4.2,Ireland,WTS Porterfield,PR Stirling,Mudassar Bukhari,4,0,,,,,,"",""
ball,2,4.3,Ireland,WTS Porterfield,PR Stirling,Mudassar Bukhari,0,0,,,,,,"",""
ball,2,4.4,Ireland,WTS Porterfield,PR Stirling,Mudassar Bukhari,0,0,,,,,,"",""
ball,2,4.5,Ireland,WTS Porterfield,PR Stirling,Mudassar Bukhari,4,0,,,,,,"",""
ball,2,4.6,Ireland,WTS Porterfield,PR Stirling,Mudassar Bukhari,0,0,,,,,,"",""
ball,2,5.1,Ireland,PR Stirling,WTS Porterfield,Adeel Raja,4,0,,,,,,"",""
ball,2,5.2,Ireland,PR Stirling,WTS Porterfield,Adeel Raja,0,0,,,,,,"",""
ball,2,5.3,Ireland,PR Stirling,WTS Porterfield,Adeel Raja,4,0,,,,,,"",""
ball,2,5.4,Ireland,PR Stirling,WTS Porterfield,Adeel Raja,4,0,,,,,,"",""
ball,2,5.5,Ireland,PR Stirling,WTS Porterfield,Adeel Raja,1,0,,,,,,"",""
ball,2,5.6,Ireland,WTS Porterfield,PR Stirling,Adeel Raja,0,0,,,,,,"",""
ball,2,6.1,Ireland,PR Stirling,WTS Porterfield,Mudassar Bukhari,0,0,,,,,,"",""
ball,2,6.2,Ireland,PR Stirling,WTS Porterfield,Mudassar Bukhari,0,0,,,,,,"",""
ball,2,6.3,Ireland,PR Stirling,WTS Porterfield,Mudassar Bukhari,1,0,,,,,,"",""
ball,2,6.4,Ireland,WTS Porterfield,PR Stirling,Mudassar Bukhari,0,0,,,,,,"",""
ball,2,6.5,Ireland,WTS Porterfield,PR Stirling,Mudassar Bukhari,0,0,,,,,,"",""
ball,2,6.6,Ireland,WTS Porterfield,PR Stirling,Mudassar Bukhari,0,0,,,,,,"",""
ball,2,7.1,Ireland,PR Stirling,WTS Porterfield,BP Loots,0,0,,,,,,"",""
ball,2,7.2,Ireland,PR Stirling,WTS Porterfield,BP Loots,4,0,,,,,,"",""
ball,2,7.3,Ireland,PR Stirling,WTS Porterfield,BP Loots,0,0,,,,,,"",""
ball,2,7.4,Ireland,PR Stirling,WTS Porterfield,BP Loots,1,0,,,,,,"",""
ball,2,7.5,Ireland,WTS Porterfield,PR Stirling,BP Loots,4,0,,,,,,"",""
ball,2,7.6,Ireland,WTS Porterfield,PR Stirling,BP Loots,1,0,,,,,,"",""
ball,2,8.1,Ireland,WTS Porterfield,PR Stirling,Mudassar Bukhari,0,0,,,,,,"",""
ball,2,8.2,Ireland,WTS Porterfield,PR Stirling,Mudassar Bukhari,0,0,,,,,,"",""
ball,2,8.3,Ireland,WTS Porterfield,PR Stirling,Mudassar Bukhari,0,0,,,,,,"",""
ball,2,8.4,Ireland,WTS Porterfield,PR Stirling,Mudassar Bukhari,4,0,,,,,,"",""
ball,2,8.5,Ireland,WTS Porterfield,PR Stirling,Mudassar Bukhari,0,0,,,,,,"",""
ball,2,8.6,Ireland,WTS Porterfield,PR Stirling,Mudassar Bukhari,0,0,,,,,,"",""
ball,2,9.1,Ireland,PR Stirling,WTS Porterfield,BP Loots,4,0,,,,,,"",""
ball,2,9.2,Ireland,PR Stirling,WTS Porterfield,BP Loots,6,0,,,,,,"",""
ball,2,9.3,Ireland,PR Stirling,WTS Porterfield,BP Loots,4,0,,,,,,"",""
ball,2,9.4,Ireland,PR Stirling,WTS Porterfield,BP Loots,1,0,,,,,,"",""
ball,2,9.5,Ireland,WTS Porterfield,PR Stirling,BP Loots,0,0,,,,,,"",""
ball,2,9.6,Ireland,WTS Porterfield,PR Stirling,BP Loots,4,0,,,,,,"",""
ball,2,10.1,Ireland,PR Stirling,WTS Porterfield,RN ten Doeschate,1,0,,,,,,"",""
ball,2,10.2,Ireland,WTS Porterfield,PR Stirling,RN ten Doeschate,0,0,,,,,,"",""
ball,2,10.3,Ireland,WTS Porterfield,PR Stirling,RN ten Doeschate,0,0,,,,,,"",""
ball,2,10.4,Ireland,WTS Porterfield,PR Stirling,RN ten Doeschate,1,0,,,,,,"",""
ball,2,10.5,Ireland,PR Stirling,WTS Porterfield,RN ten Doeschate,0,0,,,,,,"",""
ball,2,10.6,Ireland,PR Stirling,WTS Porterfield,RN ten Doeschate,1,0,,,,,,"",""
ball,2,11.1,Ireland,PR Stirling,WTS Porterfield,PM Seelaar,0,0,,,,,,"",""
ball,2,11.2,Ireland,PR Stirling,WTS Porterfield,PM Seelaar,0,0,,,,,,"",""
ball,2,11.3,Ireland,PR Stirling,WTS Porterfield,PM Seelaar,1,0,,,,,,"",""
ball,2,11.4,Ireland,WTS Porterfield,PR Stirling,PM Seelaar,0,0,,,,,,"",""
ball,2,11.5,Ireland,WTS Porterfield,PR Stirling,PM Seelaar,0,0,,,,,,"",""
ball,2,11.6,Ireland,WTS Porterfield,PR Stirling,PM Seelaar,1,0,,,,,,"",""
ball,2,12.1,Ireland,WTS Porterfield,PR Stirling,RN ten Doeschate,0,0,,,,,,"",""
ball,2,12.2,Ireland,WTS Porterfield,PR Stirling,RN ten Doeschate,0,0,,,,,,"",""
ball,2,12.3,Ireland,WTS Porterfield,PR Stirling,RN ten Doeschate,0,0,,,,,,"",""
ball,2,12.4,Ireland,WTS Porterfield,PR Stirling,RN ten Doeschate,0,0,,,,,,"",""
ball,2,12.5,Ireland,WTS Porterfield,PR Stirling,RN ten Doeschate,0,0,,,,,,"",""
ball,2,12.6,Ireland,WTS Porterfield,PR Stirling,RN ten Doeschate,0,0,,,,,,"",""
ball,2,13.1,Ireland,PR Stirling,WTS Porterfield,PM Seelaar,1,0,,,,,,"",""
ball,2,13.2,Ireland,WTS Porterfield,PR Stirling,PM Seelaar,0,0,,,,,,"",""
ball,2,13.3,Ireland,WTS Porterfield,PR Stirling,PM Seelaar,1,0,,,,,,"",""
ball,2,13.4,Ireland,PR Stirling,WTS Porterfield,PM Seelaar,1,0,,,,,,"",""
ball,2,13.5,Ireland,WTS Porterfield,PR Stirling,PM Seelaar,0,0,,,,,,"",""
ball,2,13.6,Ireland,WTS Porterfield,PR Stirling,PM Seelaar,0,0,,,,,,"",""
ball,2,14.1,Ireland,PR Stirling,WTS Porterfield,RN ten Doeschate,0,0,,,,,,"",""
ball,2,14.2,Ireland,PR Stirling,WTS Porterfield,RN ten Doeschate,1,0,,,,,,"",""
ball,2,14.3,Ireland,WTS Porterfield,PR Stirling,RN ten Doeschate,2,0,,,,,,"",""
ball,2,14.4,Ireland,WTS Porterfield,PR Stirling,RN ten Doeschate,0,0,,,,,,"",""
ball,2,14.5,Ireland,WTS Porterfield,PR Stirling,RN ten Doeschate,0,0,,,,,,"",""
ball,2,14.6,Ireland,WTS Porterfield,PR Stirling,RN ten Doeschate,0,0,,,,,,"",""
ball,2,15.1,Ireland,PR Stirling,WTS Porterfield,PM Seelaar,4,0,,,,,,"",""
ball,2,15.2,Ireland,PR Stirling,WTS Porterfield,PM Seelaar,1,0,,,,,,"",""
ball,2,15.3,Ireland,WTS Porterfield,PR Stirling,PM Seelaar,1,0,,,,,,"",""
ball,2,15.4,Ireland,PR Stirling,WTS Porterfield,PM Seelaar,1,0,,,,,,"",""
ball,2,15.5,Ireland,WTS Porterfield,PR Stirling,PM Seelaar,1,0,,,,,,"",""
ball,2,15.6,Ireland,PR Stirling,WTS Porterfield,PM Seelaar,1,0,,,,,,"",""
ball,2,16.1,Ireland,PR Stirling,WTS Porterfield,RN ten Doeschate,0,0,,,,,,"",""
ball,2,16.2,Ireland,PR Stirling,WTS Porterfield,RN ten Doeschate,0,0,,,,,,"",""
ball,2,16.3,Ireland,PR Stirling,WTS Porterfield,RN ten Doeschate,1,0,,,,,,"",""
ball,2,16.4,Ireland,WTS Porterfield,PR Stirling,RN ten Doeschate,1,0,,,,,,"",""
ball,2,16.5,Ireland,PR Stirling,WTS Porterfield,RN ten Doeschate,0,0,,,,,,"",""
ball,2,16.6,Ireland,PR Stirling,WTS Porterfield,RN ten Doeschate,4,0,,,,,,"",""
ball,2,17.1,Ireland,WTS Porterfield,PR Stirling,PW Borren,1,0,,,,,,"",""
ball,2,17.2,Ireland,PR Stirling,WTS Porterfield,PW Borren,1,0,,,,,,"",""
ball,2,17.3,Ireland,WTS Porterfield,PR Stirling,PW Borren,1,0,,,,,,"",""
ball,2,17.4,Ireland,PR Stirling,WTS Porterfield,PW Borren,0,1,,,,1,,"",""
ball,2,17.5,Ireland,WTS Porterfield,PR Stirling,PW Borren,1,0,,,,,,"",""
ball,2,17.6,Ireland,PR Stirling,WTS Porterfield,PW Borren,1,0,,,,,,"",""
ball,2,18.1,Ireland,PR Stirling,WTS Porterfield,RN ten Doeschate,0,0,,,,,,"",""
ball,2,18.2,Ireland,PR Stirling,WTS Porterfield,RN ten Doeschate,1,0,,,,,,"",""
ball,2,18.3,Ireland,WTS Porterfield,PR Stirling,RN ten Doeschate,0,0,,,,,,"",""
ball,2,18.4,Ireland,WTS Porterfield,PR Stirling,RN ten Doeschate,1,0,,,,,,"",""
ball,2,18.5,Ireland,PR Stirling,WTS Porterfield,RN ten Doeschate,0,1,1,,,,,"",""
ball,2,18.6,Ireland,PR Stirling,WTS Porterfield,RN ten Doeschate,4,0,,,,,,"",""
ball,2,18.7,Ireland,PR Stirling,WTS Porterfield,RN ten Doeschate,0,0,,,,,,"",""
ball,2,19.1,Ireland,WTS Porterfield,PR Stirling,PW Borren,1,0,,,,,,"",""
ball,2,19.2,Ireland,PR Stirling,WTS Porterfield,PW Borren,1,0,,,,,,"",""
ball,2,19.3,Ireland,WTS Porterfield,PR Stirling,PW Borren,4,0,,,,,,"",""
ball,2,19.4,Ireland,WTS Porterfield,PR Stirling,PW Borren,4,0,,,,,,"",""
ball,2,19.5,Ireland,WTS Porterfield,PR Stirling,PW Borren,1,0,,,,,,"",""
ball,2,19.6,Ireland,PR Stirling,WTS Porterfield,PW Borren,1,0,,,,,,"",""
ball,2,20.1,Ireland,PR Stirling,WTS Porterfield,RN ten Doeschate,0,1,,,,1,,"",""
ball,2,20.2,Ireland,WTS Porterfield,PR Stirling,RN ten Doeschate,4,0,,,,,,"",""
ball,2,20.3,Ireland,WTS Porterfield,PR Stirling,RN ten Doeschate,0,0,,,,,,"",""
ball,2,20.4,Ireland,WTS Porterfield,PR Stirling,RN ten Doeschate,0,0,,,,,,"",""
ball,2,20.5,Ireland,WTS Porterfield,PR Stirling,RN ten Doeschate,3,0,,,,,,"",""
ball,2,20.6,Ireland,PR Stirling,WTS Porterfield,RN ten Doeschate,0,0,,,,,,"",""
ball,2,21.1,Ireland,WTS Porterfield,PR Stirling,PW Borren,0,0,,,,,,"",""
ball,2,21.2,Ireland,WTS Porterfield,PR Stirling,PW Borren,1,0,,,,,,"",""
ball,2,21.3,Ireland,PR Stirling,WTS Porterfield,PW Borren,0,1,,,,1,,"",""
ball,2,21.4,Ireland,WTS Porterfield,PR Stirling,PW Borren,0,0,,,,,,"",""
ball,2,21.5,Ireland,WTS Porterfield,PR Stirling,PW Borren,0,0,,,,,,"",""
ball,2,21.6,Ireland,WTS Porterfield,PR Stirling,PW Borren,1,0,,,,,,"",""
ball,2,22.1,Ireland,WTS Porterfield,PR Stirling,RN ten Doeschate,1,0,,,,,,"",""
ball,2,22.2,Ireland,PR Stirling,WTS Porterfield,RN ten Doeschate,4,0,,,,,,"",""
ball,2,22.3,Ireland,PR Stirling,WTS Porterfield,RN ten Doeschate,4,0,,,,,,"",""
ball,2,22.4,Ireland,PR Stirling,WTS Porterfield,RN ten Doeschate,4,0,,,,,,"",""
ball,2,22.5,Ireland,PR Stirling,WTS Porterfield,RN ten Doeschate,0,0,,,,,,"",""
ball,2,22.6,Ireland,PR Stirling,WTS Porterfield,RN ten Doeschate,1,0,,,,,,"",""
ball,2,23.1,Ireland,PR Stirling,WTS Porterfield,PW Borren,0,0,,,,,,"",""
ball,2,23.2,Ireland,PR Stirling,WTS Porterfield,PW Borren,1,0,,,,,,"",""
ball,2,23.3,Ireland,WTS Porterfield,PR Stirling,PW Borren,0,0,,,,,,"",""
ball,2,23.4,Ireland,WTS Porterfield,PR Stirling,PW Borren,0,1,,,,1,,"",""
ball,2,23.5,Ireland,PR Stirling,WTS Porterfield,PW Borren,3,0,,,,,,"",""
ball,2,23.6,Ireland,WTS Porterfield,PR Stirling,PW Borren,4,0,,,,,,"",""
ball,2,24.1,Ireland,PR Stirling,WTS Porterfield,TLW Cooper,0,0,,,,,,"",""
ball,2,24.2,Ireland,PR Stirling,WTS Porterfield,TLW Cooper,1,0,,,,,,"",""
ball,2,24.3,Ireland,WTS Porterfield,PR Stirling,TLW Cooper,0,0,,,,,,"",""
ball,2,24.4,Ireland,WTS Porterfield,PR Stirling,TLW Cooper,0,0,,,,,,"",""
ball,2,24.5,Ireland,WTS Porterfield,PR Stirling,TLW Cooper,0,0,,,,,,"",""
ball,2,24.6,Ireland,WTS Porterfield,PR Stirling,TLW Cooper,1,0,,,,,,"",""
ball,2,25.1,Ireland,WTS Porterfield,PR Stirling,PM Seelaar,1,0,,,,,,"",""
ball,2,25.2,Ireland,PR Stirling,WTS Porterfield,PM Seelaar,0,0,,,,,,"",""
ball,2,25.3,Ireland,PR Stirling,WTS Porterfield,PM Seelaar,1,0,,,,,,"",""
ball,2,25.4,Ireland,WTS Porterfield,PR Stirling,PM Seelaar,1,0,,,,,,"",""
ball,2,25.5,Ireland,PR Stirling,WTS Porterfield,PM Seelaar,2,0,,,,,,"",""
ball,2,25.6,Ireland,PR Stirling,WTS Porterfield,PM Seelaar,1,0,,,,,,"",""
ball,2,26.1,Ireland,PR Stirling,WTS Porterfield,TLW Cooper,1,0,,,,,,"",""
ball,2,26.2,Ireland,WTS Porterfield,PR Stirling,TLW Cooper,1,0,,,,,,"",""
ball,2,26.3,Ireland,PR Stirling,WTS Porterfield,TLW Cooper,1,0,,,,,,"",""
ball,2,26.4,Ireland,WTS Porterfield,PR Stirling,TLW Cooper,0,0,,,,,,"",""
ball,2,26.5,Ireland,WTS Porterfield,PR Stirling,TLW Cooper,0,0,,,,,,"",""
ball,2,26.6,Ireland,WTS Porterfield,PR Stirling,TLW Cooper,0,0,,,,,,caught,WTS Porterfield
ball,2,27.1,Ireland,PR Stirling,EC Joyce,PM Seelaar,2,0,,,,,,"",""
ball,2,27.2,Ireland,PR Stirling,EC Joyce,PM Seelaar,0,0,,,,,,"",""
ball,2,27.3,Ireland,PR Stirling,EC Joyce,PM Seelaar,0,0,,,,,,caught,PR Stirling
ball,2,27.4,Ireland,NJ O'Brien,EC Joyce,PM Seelaar,0,0,,,,,,"",""
ball,2,27.5,Ireland,NJ O'Brien,EC Joyce,PM Seelaar,4,0,,,,,,"",""
ball,2,27.6,Ireland,NJ O'Brien,EC Joyce,PM Seelaar,0,0,,,,,,"",""
ball,2,28.1,Ireland,EC Joyce,NJ O'Brien,TLW Cooper,1,0,,,,,,"",""
ball,2,28.2,Ireland,NJ O'Brien,EC Joyce,TLW Cooper,1,0,,,,,,"",""
ball,2,28.3,Ireland,EC Joyce,NJ O'Brien,TLW Cooper,0,0,,,,,,"",""
ball,2,28.4,Ireland,EC Joyce,NJ O'Brien,TLW Cooper,0,0,,,,,,"",""
ball,2,28.5,Ireland,EC Joyce,NJ O'Brien,TLW Cooper,0,0,,,,,,"",""
ball,2,28.6,Ireland,EC Joyce,NJ O'Brien,TLW Cooper,2,0,,,,,,"",""
ball,2,29.1,Ireland,NJ O'Brien,EC Joyce,PM Seelaar,0,0,,,,,,"",""
ball,2,29.2,Ireland,NJ O'Brien,EC Joyce,PM Seelaar,0,0,,,,,,"",""
ball,2,29.3,Ireland,NJ O'Brien,EC Joyce,PM Seelaar,0,0,,,,,,"",""
ball,2,29.4,Ireland,NJ O'Brien,EC Joyce,PM Seelaar,0,0,,,,,,"",""
ball,2,29.5,Ireland,NJ O'Brien,EC Joyce,PM Seelaar,0,0,,,,,,"",""
ball,2,29.6,Ireland,NJ O'Brien,EC Joyce,PM Seelaar,0,0,,,,,,"",""
ball,2,30.1,Ireland,EC Joyce,NJ O'Brien,TLW Cooper,0,0,,,,,,"",""
ball,2,30.2,Ireland,EC Joyce,NJ O'Brien,TLW Cooper,0,0,,,,,,"",""
ball,2,30.3,Ireland,EC Joyce,NJ O'Brien,TLW Cooper,0,0,,,,,,"",""
ball,2,30.4,Ireland,EC Joyce,NJ O'Brien,TLW Cooper,0,0,,,,,,"",""
ball,2,30.5,Ireland,EC Joyce,NJ O'Brien,TLW Cooper,0,0,,,,,,"",""
ball,2,30.6,Ireland,EC Joyce,NJ O'Brien,TLW Cooper,1,0,,,,,,"",""
ball,2,31.1,Ireland,EC Joyce,NJ O'Brien,PM Seelaar,0,0,,,,,,"",""
ball,2,31.2,Ireland,EC Joyce,NJ O'Brien,PM Seelaar,4,0,,,,,,"",""
ball,2,31.3,Ireland,EC Joyce,NJ O'Brien,PM Seelaar,0,0,,,,,,"",""
ball,2,31.4,Ireland,EC Joyce,NJ O'Brien,PM Seelaar,4,0,,,,,,"",""
ball,2,31.5,Ireland,EC Joyce,NJ O'Brien,PM Seelaar,1,0,,,,,,"",""
ball,2,31.6,Ireland,NJ O'Brien,EC Joyce,PM Seelaar,1,0,,,,,,"",""
ball,2,32.1,Ireland,NJ O'Brien,EC Joyce,TLW Cooper,1,0,,,,,,"",""
ball,2,32.2,Ireland,EC Joyce,NJ O'Brien,TLW Cooper,1,0,,,,,,"",""
ball,2,32.3,Ireland,NJ O'Brien,EC Joyce,TLW Cooper,0,0,,,,,,"",""
ball,2,32.4,Ireland,NJ O'Brien,EC Joyce,TLW Cooper,0,0,,,,,,"",""
ball,2,32.5,Ireland,NJ O'Brien,EC Joyce,TLW Cooper,0,0,,,,,,"",""
ball,2,32.6,Ireland,NJ O'Brien,EC Joyce,TLW Cooper,2,0,,,,,,"",""
ball,2,33.1,Ireland,EC Joyce,NJ O'Brien,Adeel Raja,0,0,,,,,,"",""
ball,2,33.2,Ireland,EC Joyce,NJ O'Brien,Adeel Raja,1,0,,,,,,"",""
ball,2,33.3,Ireland,NJ O'Brien,EC Joyce,Adeel Raja,2,0,,,,,,"",""
ball,2,33.4,Ireland,NJ O'Brien,EC Joyce,Adeel Raja,0,0,,,,,,"",""
ball,2,33.5,Ireland,NJ O'Brien,EC Joyce,Adeel Raja,1,0,,,,,,"",""
ball,2,33.6,Ireland,EC Joyce,NJ O'Brien,Adeel Raja,1,0,,,,,,"",""
ball,2,34.1,Ireland,EC Joyce,NJ O'Brien,Mudassar Bukhari,0,0,,,,,,"",""
ball,2,34.2,Ireland,EC Joyce,NJ O'Brien,Mudassar Bukhari,2,0,,,,,,"",""
ball,2,34.3,Ireland,EC Joyce,NJ O'Brien,Mudassar Bukhari,4,0,,,,,,"",""
ball,2,34.4,Ireland,EC Joyce,NJ O'Brien,Mudassar Bukhari,0,0,,,,,,"",""
ball,2,34.5,Ireland,EC Joyce,NJ O'Brien,Mudassar Bukhari,2,0,,,,,,"",""
ball,2,34.6,Ireland,EC Joyce,NJ O'Brien,Mudassar Bukhari,0,0,,,,,,"",""
ball,2,35.1,Ireland,NJ O'Brien,EC Joyce,Adeel Raja,0,0,,,,,,"",""
ball,2,35.2,Ireland,NJ O'Brien,EC Joyce,Adeel Raja,0,0,,,,,,"",""
ball,2,35.3,Ireland,NJ O'Brien,EC Joyce,Adeel Raja,0,0,,,,,,"",""
ball,2,35.4,Ireland,NJ O'Brien,EC Joyce,Adeel Raja,0,0,,,,,,"",""
ball,2,35.5,Ireland,NJ O'Brien,EC Joyce,Adeel Raja,4,0,,,,,,"",""
ball,2,35.6,Ireland,NJ O'Brien,EC Joyce,Adeel Raja,1,0,,,,,,"",""
ball,2,36.1,Ireland,NJ O'Brien,EC Joyce,Mudassar Bukhari,2,0,,,,,,"",""
ball,2,36.2,Ireland,NJ O'Brien,EC Joyce,Mudassar Bukhari,1,0,,,,,,"",""
ball,2,36.3,Ireland,EC Joyce,NJ O'Brien,Mudassar Bukhari,0,0,,,,,,"",""
ball,2,36.4,Ireland,EC Joyce,NJ O'Brien,Mudassar Bukhari,0,0,,,,,,"",""
ball,2,36.5,Ireland,EC Joyce,NJ O'Brien,Mudassar Bukhari,2,0,,,,,,"",""
ball,2,36.6,Ireland,EC Joyce,NJ O'Brien,Mudassar Bukhari,0,1,,,,1,,"",""
ball,2,37.1,Ireland,EC Joyce,NJ O'Brien,Adeel Raja,1,0,,,,,,"",""
ball,2,37.2,Ireland,NJ O'Brien,EC Joyce,Adeel Raja,4,0,,,,,,"",""
ball,2,37.3,Ireland,NJ O'Brien,EC Joyce,Adeel Raja,1,0,,,,,,"",""
ball,2,37.4,Ireland,EC Joyce,NJ O'Brien,Adeel Raja,1,0,,,,,,"",""
ball,2,37.5,Ireland,NJ O'Brien,EC Joyce,Adeel Raja,0,0,,,,,,"",""
ball,2,37.6,Ireland,NJ O'Brien,EC Joyce,Adeel Raja,0,0,,,,,,"",""
ball,2,38.1,Ireland,EC Joyce,NJ O'Brien,TLW Cooper,0,0,,,,,,caught,EC Joyce
ball,2,38.2,Ireland,GC Wilson,NJ O'Brien,TLW Cooper,0,0,,,,,,"",""
ball,2,38.3,Ireland,GC Wilson,NJ O'Brien,TLW Cooper,0,0,,,,,,"",""
ball,2,38.4,Ireland,GC Wilson,NJ O'Brien,TLW Cooper,0,0,,,,,,"",""
ball,2,38.5,Ireland,GC Wilson,NJ O'Brien,TLW Cooper,0,0,,,,,,"",""
ball,2,38.6,Ireland,GC Wilson,NJ O'Brien,TLW Cooper,0,0,,,,,,"",""
ball,2,39.1,Ireland,NJ O'Brien,GC Wilson,Adeel Raja,0,0,,,,,,"",""
ball,2,39.2,Ireland,NJ O'Brien,GC Wilson,Adeel Raja,0,0,,,,,,"",""
ball,2,39.3,Ireland,NJ O'Brien,GC Wilson,Adeel Raja,0,0,,,,,,"",""
ball,2,39.4,Ireland,NJ O'Brien,GC Wilson,Adeel Raja,0,0,,,,,,"",""
ball,2,39.5,Ireland,NJ O'Brien,GC Wilson,Adeel Raja,4,0,,,,,,"",""
ball,2,39.6,Ireland,NJ O'Brien,GC Wilson,Adeel Raja,1,0,,,,,,"",""
ball,2,40.1,Ireland,NJ O'Brien,GC Wilson,TLW Cooper,1,0,,,,,,"",""
ball,2,40.2,Ireland,GC Wilson,NJ O'Brien,TLW Cooper,0,0,,,,,,"",""
ball,2,40.3,Ireland,GC Wilson,NJ O'Brien,TLW Cooper,6,0,,,,,,"",""
ball,2,40.4,Ireland,GC Wilson,NJ O'Brien,TLW Cooper,6,0,,,,,,"",""
ball,2,40.5,Ireland,GC Wilson,NJ O'Brien,TLW Cooper,4,0,,,,,,"",""
ball,2,40.6,Ireland,GC Wilson,NJ O'Brien,TLW Cooper,0,0,,,,,,"",""
ball,2,41.1,Ireland,NJ O'Brien,GC Wilson,Adeel Raja,1,0,,,,,,"",""
ball,2,41.2,Ireland,GC Wilson,NJ O'Brien,Adeel Raja,1,0,,,,,,"",""
ball,2,41.3,Ireland,NJ O'Brien,GC Wilson,Adeel Raja,0,0,,,,,,"",""
ball,2,41.4,Ireland,NJ O'Brien,GC Wilson,Adeel Raja,0,0,,,,,,"",""
ball,2,41.5,Ireland,NJ O'Brien,GC Wilson,Adeel Raja,1,0,,,,,,"",""
ball,2,41.6,Ireland,GC Wilson,NJ O'Brien,Adeel Raja,1,0,,,,,,"",""
ball,2,42.1,Ireland,GC Wilson,NJ O'Brien,PW Borren,1,0,,,,,,"",""
ball,2,42.2,Ireland,NJ O'Brien,GC Wilson,PW Borren,4,0,,,,,,"",""
ball,2,42.3,Ireland,NJ O'Brien,GC Wilson,PW Borren,0,0,,,,,,"",""
ball,2,42.4,Ireland,NJ O'Brien,GC Wilson,PW Borren,4,0,,,,,,"",""
ball,2,42.5,Ireland,NJ O'Brien,GC Wilson,PW Borren,1,0,,,,,,"",""
ball,2,42.6,Ireland,GC Wilson,NJ O'Brien,PW Borren,1,0,,,,,,"",""
ball,2,43.1,Ireland,GC Wilson,NJ O'Brien,PM Seelaar,0,0,,,,,,"",""
ball,2,43.2,Ireland,GC Wilson,NJ O'Brien,PM Seelaar,0,0,,,,,,"",""
ball,2,43.3,Ireland,GC Wilson,NJ O'Brien,PM Seelaar,0,0,,,,,,"",""
ball,2,43.4,Ireland,GC Wilson,NJ O'Brien,PM Seelaar,1,0,,,,,,"",""
ball,2,43.5,Ireland,NJ O'Brien,GC Wilson,PM Seelaar,2,0,,,,,,"",""
ball,2,43.6,Ireland,NJ O'Brien,GC Wilson,PM Seelaar,0,0,,,,,,"",""
ball,2,44.1,Ireland,GC Wilson,NJ O'Brien,RN ten Doeschate,4,0,,,,,,"",""
ball,2,44.2,Ireland,GC Wilson,NJ O'Brien,RN ten Doeschate,2,0,,,,,,"",""
ball,2,44.3,Ireland,GC Wilson,NJ O'Brien,RN ten Doeschate,0,0,,,,,,caught,GC Wilson
ball,2,44.4,Ireland,NJ O'Brien,KJ O'Brien,RN ten Doeschate,2,0,,,,,,"",""
ball,2,44.5,Ireland,NJ O'Brien,KJ O'Brien,RN ten Doeschate,2,0,,,,,,"",""
ball,2,44.6,Ireland,NJ O'Brien,KJ O'Brien,RN ten Doeschate,0,0,,,,,,"",""
ball,2,45.1,Ireland,KJ O'Brien,NJ O'Brien,PM Seelaar,0,0,,,,,,"",""
ball,2,45.2,Ireland,KJ O'Brien,NJ O'Brien,PM Seelaar,0,0,,,,,,"",""
ball,2,45.3,Ireland,KJ O'Brien,NJ O'Brien,PM Seelaar,0,0,,,,,,"",""
ball,2,45.4,Ireland,KJ O'Brien,NJ O'Brien,PM Seelaar,0,0,,,,,,"",""
ball,2,45.5,Ireland,KJ O'Brien,NJ O'Brien,PM Seelaar,1,0,,,,,,"",""
ball,2,45.6,Ireland,NJ O'Brien,KJ O'Brien,PM Seelaar,1,0,,,,,,"",""
ball,2,46.1,Ireland,NJ O'Brien,KJ O'Brien,RN ten Doeschate,1,0,,,,,,"",""
ball,2,46.2,Ireland,KJ O'Brien,NJ O'Brien,RN ten Doeschate,1,0,,,,,,"",""
ball,2,46.3,Ireland,NJ O'Brien,KJ O'Brien,RN ten Doeschate,0,0,,,,,,"",""
ball,2,46.4,Ireland,NJ O'Brien,KJ O'Brien,RN ten Doeschate,0,0,,,,,,"",""
ball,2,46.5,Ireland,NJ O'Brien,KJ O'Brien,RN ten Doeschate,2,0,,,,,,"",""
ball,2,46.6,Ireland,NJ O'Brien,KJ O'Brien,RN ten Doeschate,4,0,,,,,,"",""
ball,2,47.1,Ireland,KJ O'Brien,NJ O'Brien,PM Seelaar,6,0,,,,,,"",""
ball,2,47.2,Ireland,KJ O'Brien,NJ O'Brien,PM Seelaar,1,0,,,,,,"",""
ball,2,47.3,Ireland,NJ O'Brien,KJ O'Brien,PM Seelaar,1,0,,,,,,"",""
ball,2,47.4,Ireland,KJ O'Brien,NJ O'Brien,PM Seelaar,6,0,,,,,,"",""
