version,1.6.0
info,balls_per_over,6
info,team,Ireland
info,team,West Indies
info,gender,male
info,season,2010/11
info,date,2011/03/11
info,event,ICC Cricket World Cup
info,match_number,27
info,venue,"Punjab Cricket Association Stadium, Mohali"
info,city,Chandigarh
info,neutralvenue,true
info,toss_winner,Ireland
info,toss_decision,field
info,player_of_match,KA Pollard
info,umpire,EAR de Silva
info,umpire,SK Tarapore
info,reserve_umpire,SJ Davis
info,tv_umpire,BNJ Oxenford
info,match_referee,RS Mahanama
info,winner,West Indies
info,winner_runs,44
info,player,Ireland,WTS Porterfield
info,player,Ireland,PR Stirling
info,player,Ireland,EC Joyce
info,player,Ireland,NJ O'Brien
info,player,Ireland,GC Wilson
info,player,Ireland,KJ O'Brien
info,player,Ireland,AR Cusack
info,player,Ireland,JF Mooney
info,player,Ireland,AC Botha
info,player,Ireland,GH Dockrell
info,player,Ireland,WB Rankin
info,player,West Indies,DS Smith
info,player,West Indies,S Chanderpaul
info,player,West Indies,DM Bravo
info,player,West Indies,RR Sarwan
info,player,West Indies,KA Pollard
info,player,West Indies,DJG Sammy
info,player,West Indies,DC Thomas
info,player,West Indies,AD Russell
info,player,West Indies,NO Miller
info,player,West Indies,SJ Benn
info,player,West Indies,KAJ Roach
info,registry,people,AC Botha,d8e79af0
info,registry,people,AD Russell,bbd41817
info,registry,people,AR Cusack,568e5a4a
info,registry,people,BNJ Oxenford,c1add349
info,registry,people,DC Thomas,08a4f9ad
info,registry,people,DJG Sammy,c03c6200
info,registry,people,DM Bravo,14b14cd8
info,registry,people,DS Smith,85ad2217
info,registry,people,EAR de Silva,dc63f509
info,registry,people,EC Joyce,a48fc79d
info,registry,people,GC Wilson,05de1a5a
info,registry,people,GH Dockrell,99cddc5e
info,registry,people,JF Mooney,aae9ce90
info,registry,people,KA Pollard,a757b0d8
info,registry,people,KAJ Roach,78eb4223
info,registry,people,KJ O'Brien,243431b5
info,registry,people,NJ O'Brien,84826f48
info,registry,people,NO Miller,ea3ffd1b
info,registry,people,PR Stirling,cf494ffe
info,registry,people,R Rampaul,d68e7f48
info,registry,people,RR Sarwan,36d33dd0
info,registry,people,RS Mahanama,57910393
info,registry,people,S Chanderpaul,881a9bdd
info,registry,people,SJ Benn,364ee2cf
info,registry,people,SJ Davis,bc71b0b2
info,registry,people,SK Tarapore,62a824b4
info,registry,people,WB Rankin,29b89ae8
info,registry,people,WTS Porterfield,ec02b798
ball,1,0.1,West Indies,DS Smith,S Chanderpaul,WB Rankin,0,0,,,,,,"",""
ball,1,0.2,West Indies,DS Smith,S Chanderpaul,WB Rankin,0,0,,,,,,"",""
ball,1,0.3,West Indies,DS Smith,S Chanderpaul,WB Rankin,0,0,,,,,,"",""
ball,1,0.4,West Indies,DS Smith,S Chanderpaul,WB Rankin,0,0,,,,,,"",""
ball,1,0.5,West Indies,DS Smith,S Chanderpaul,WB Rankin,0,0,,,,,,"",""
ball,1,0.6,West Indies,DS Smith,S Chanderpaul,WB Rankin,0,0,,,,,,"",""
ball,1,1.1,West Indies,S Chanderpaul,DS Smith,AR Cusack,0,0,,,,,,"",""
ball,1,1.2,West Indies,S Chanderpaul,DS Smith,AR Cusack,0,0,,,,,,"",""
ball,1,1.3,West Indies,S Chanderpaul,DS Smith,AR Cusack,0,0,,,,,,"",""
ball,1,1.4,West Indies,S Chanderpaul,DS Smith,AR Cusack,0,0,,,,,,"",""
ball,1,1.5,West Indies,S Chanderpaul,DS Smith,AR Cusack,0,0,,,,,,"",""
ball,1,1.6,West Indies,S Chanderpaul,DS Smith,AR Cusack,0,0,,,,,,"",""
ball,1,2.1,West Indies,DS Smith,S Chanderpaul,WB Rankin,0,0,,,,,,"",""
ball,1,2.2,West Indies,DS Smith,S Chanderpaul,WB Rankin,0,0,,,,,,"",""
ball,1,2.3,West Indies,DS Smith,S Chanderpaul,WB Rankin,0,0,,,,,,"",""
ball,1,2.4,West Indies,DS Smith,S Chanderpaul,WB Rankin,0,0,,,,,,"",""
ball,1,2.5,West Indies,DS Smith,S Chanderpaul,WB Rankin,1,0,,,,,,"",""
ball,1,2.6,West Indies,S Chanderpaul,DS Smith,WB Rankin,0,0,,,,,,"",""
ball,1,3.1,West Indies,DS Smith,S Chanderpaul,AR Cusack,0,0,,,,,,"",""
ball,1,3.2,West Indies,DS Smith,S Chanderpaul,AR Cusack,0,0,,,,,,"",""
ball,1,3.3,West Indies,DS Smith,S Chanderpaul,AR Cusack,0,0,,,,,,"",""
ball,1,3.4,West Indies,DS Smith,S Chanderpaul,AR Cusack,4,0,,,,,,"",""
ball,1,3.5,West Indies,DS Smith,S Chanderpaul,AR Cusack,0,0,,,,,,"",""
ball,1,3.6,West Indies,DS Smith,S Chanderpaul,AR Cusack,0,0,,,,,,"",""
ball,1,4.1,West Indies,S Chanderpaul,DS Smith,WB Rankin,2,0,,,,,,"",""
ball,1,4.2,West Indies,S Chanderpaul,DS Smith,WB Rankin,4,0,,,,,,"",""
ball,1,4.3,West Indies,S Chanderpaul,DS Smith,WB Rankin,0,0,,,,,,"",""
ball,1,4.4,West Indies,S Chanderpaul,DS Smith,WB Rankin,0,0,,,,,,"",""
ball,1,4.5,West Indies,S Chanderpaul,DS Smith,WB Rankin,0,0,,,,,,"",""
ball,1,4.6,West Indies,S Chanderpaul,DS Smith,WB Rankin,0,0,,,,,,"",""
ball,1,5.1,West Indies,DS Smith,S Chanderpaul,AR Cusack,0,0,,,,,,"",""
ball,1,5.2,West Indies,DS Smith,S Chanderpaul,AR Cusack,0,0,,,,,,"",""
ball,1,5.3,West Indies,DS Smith,S Chanderpaul,AR Cusack,0,0,,,,,,"",""
ball,1,5.4,West Indies,DS Smith,S Chanderpaul,AR Cusack,1,0,,,,,,"",""
ball,1,5.5,West Indies,S Chanderpaul,DS Smith,AR Cusack,0,0,,,,,,"",""
ball,1,5.6,West Indies,S Chanderpaul,DS Smith,AR Cusack,4,0,,,,,,"",""
ball,1,6.1,West Indies,DS Smith,S Chanderpaul,WB Rankin,0,0,,,,,,"",""
ball,1,6.2,West Indies,DS Smith,S Chanderpaul,WB Rankin,0,1,,,1,,,"",""
ball,1,6.3,West Indies,S Chanderpaul,DS Smith,WB Rankin,1,0,,,,,,"",""
ball,1,6.4,West Indies,DS Smith,S Chanderpaul,WB Rankin,0,0,,,,,,"",""
ball,1,6.5,West Indies,DS Smith,S Chanderpaul,WB Rankin,1,0,,,,,,"",""
ball,1,6.6,West Indies,S Chanderpaul,DS Smith,WB Rankin,0,0,,,,,,"",""
ball,1,7.1,West Indies,DS Smith,S Chanderpaul,AR Cusack,1,0,,,,,,"",""
ball,1,7.2,West Indies,S Chanderpaul,DS Smith,AR Cusack,0,0,,,,,,"",""
ball,1,7.3,West Indies,S Chanderpaul,DS Smith,AR Cusack,0,0,,,,,,"",""
ball,1,7.4,West Indies,S Chanderpaul,DS Smith,AR Cusack,0,0,,,,,,"",""
ball,1,7.5,West Indies,S Chanderpaul,DS Smith,AR Cusack,0,0,,,,,,"",""
ball,1,7.6,West Indies,S Chanderpaul,DS Smith,AR Cusack,0,0,,,,,,"",""
ball,1,8.1,West Indies,DS Smith,S Chanderpaul,WB Rankin,0,0,,,,,,"",""
ball,1,8.2,West Indies,DS Smith,S Chanderpaul,WB Rankin,0,0,,,,,,"",""
ball,1,8.3,West Indies,DS Smith,S Chanderpaul,WB Rankin,0,0,,,,,,"",""
ball,1,8.4,West Indies,DS Smith,S Chanderpaul,WB Rankin,2,0,,,,,,"",""
ball,1,8.5,West Indies,DS Smith,S Chanderpaul,WB Rankin,0,0,,,,,,"",""
ball,1,8.6,West Indies,DS Smith,S Chanderpaul,WB Rankin,0,0,,,,,,"",""
ball,1,9.1,West Indies,S Chanderpaul,DS Smith,AR Cusack,0,0,,,,,,"",""
ball,1,9.2,West Indies,S Chanderpaul,DS Smith,AR Cusack,0,0,,,,,,"",""
ball,1,9.3,West Indies,S Chanderpaul,DS Smith,AR Cusack,1,0,,,,,,"",""
ball,1,9.4,West Indies,DS Smith,S Chanderpaul,AR Cusack,0,0,,,,,,"",""
ball,1,9.5,West Indies,DS Smith,S Chanderpaul,AR Cusack,1,0,,,,,,"",""
ball,1,9.6,West Indies,S Chanderpaul,DS Smith,AR Cusack,4,0,,,,,,"",""
ball,1,10.1,West Indies,DS Smith,S Chanderpaul,JF Mooney,1,0,,,,,,"",""
ball,1,10.2,West Indies,S Chanderpaul,DS Smith,JF Mooney,1,0,,,,,,"",""
ball,1,10.3,West Indies,DS Smith,S Chanderpaul,JF Mooney,0,0,,,,,,"",""
ball,1,10.4,West Indies,DS Smith,S Chanderpaul,JF Mooney,0,0,,,,,,"",""
ball,1,10.5,West Indies,DS Smith,S Chanderpaul,JF Mooney,1,0,,,,,,"",""
ball,1,10.6,West Indies,S Chanderpaul,DS Smith,JF Mooney,0,0,,,,,,"",""
ball,1,11.1,West Indies,DS Smith,S Chanderpaul,AC Botha,0,0,,,,,,"",""
ball,1,11.2,West Indies,DS Smith,S Chanderpaul,AC Botha,4,0,,,,,,"",""
ball,1,11.3,West Indies,DS Smith,S Chanderpaul,AC Botha,0,0,,,,,,"",""
ball,1,11.4,West Indies,DS Smith,S Chanderpaul,AC Botha,1,0,,,,,,"",""
ball,1,11.5,West Indies,S Chanderpaul,DS Smith,AC Botha,1,0,,,,,,"",""
ball,1,11.6,West Indies,DS Smith,S Chanderpaul,AC Botha,1,0,,,,,,"",""
ball,1,12.1,West Indies,DS Smith,S Chanderpaul,JF Mooney,0,0,,,,,,"",""
ball,1,12.2,West Indies,DS Smith,S Chanderpaul,JF Mooney,0,0,,,,,,"",""
ball,1,12.3,West Indies,DS Smith,S Chanderpaul,JF Mooney,0,0,,,,,,"",""
ball,1,12.4,West Indies,DS Smith,S Chanderpaul,JF Mooney,1,0,,,,,,"",""
ball,1,12.5,West Indies,S Chanderpaul,DS Smith,JF Mooney,1,0,,,,,,"",""
ball,1,12.6,West Indies,DS Smith,S Chanderpaul,JF Mooney,0,0,,,,,,"",""
ball,1,13.1,West Indies,S Chanderpaul,DS Smith,AC Botha,0,0,,,,,,"",""
ball,1,13.2,West Indies,S Chanderpaul,DS Smith,AC Botha,1,0,,,,,,"",""
ball,1,13.3,West Indies,DS Smith,S Chanderpaul,AC Botha,1,0,,,,,,"",""
ball,1,13.4,West Indies,S Chanderpaul,DS Smith,AC Botha,0,0,,,,,,"",""
ball,1,13.5,West Indies,S Chanderpaul,DS Smith,AC Botha,1,0,,,,,,"",""
ball,1,13.6,West Indies,DS Smith,S Chanderpaul,AC Botha,1,0,,,,,,"",""
ball,1,14.1,West Indies,DS Smith,S Chanderpaul,JF Mooney,0,0,,,,,,"",""
ball,1,14.2,West Indies,DS Smith,S Chanderpaul,JF Mooney,1,0,,,,,,"",""
ball,1,14.3,West Indies,S Chanderpaul,DS Smith,JF Mooney,1,0,,,,,,"",""
ball,1,14.4,West Indies,DS Smith,S Chanderpaul,JF Mooney,0,0,,,,,,"",""
ball,1,14.5,West Indies,DS Smith,S Chanderpaul,JF Mooney,0,0,,,,,,"",""
ball,1,14.6,West Indies,DS Smith,S Chanderpaul,JF Mooney,4,0,,,,,,"",""
ball,1,15.1,West Indies,S Chanderpaul,DS Smith,AC Botha,0,0,,,,,,"",""
ball,1,15.2,West Indies,S Chanderpaul,DS Smith,AC Botha,0,0,,,,,,"",""
ball,1,15.3,West Indies,S Chanderpaul,DS Smith,AC Botha,0,0,,,,,,"",""
ball,1,15.4,West Indies,S Chanderpaul,DS Smith,AC Botha,1,0,,,,,,"",""
ball,1,15.5,West Indies,DS Smith,S Chanderpaul,AC Botha,1,0,,,,,,"",""
ball,1,15.6,West Indies,S Chanderpaul,DS Smith,AC Botha,0,0,,,,,,"",""
ball,1,16.1,West Indies,DS Smith,S Chanderpaul,JF Mooney,4,0,,,,,,"",""
ball,1,16.2,West Indies,DS Smith,S Chanderpaul,JF Mooney,0,0,,,,,,"",""
ball,1,16.3,West Indies,DS Smith,S Chanderpaul,JF Mooney,1,0,,,,,,"",""
ball,1,16.4,West Indies,S Chanderpaul,DS Smith,JF Mooney,0,0,,,,,,"",""
ball,1,16.5,West Indies,S Chanderpaul,DS Smith,JF Mooney,0,0,,,,,,"",""
ball,1,16.6,West Indies,S Chanderpaul,DS Smith,JF Mooney,1,0,,,,,,"",""
ball,1,17.1,West Indies,S Chanderpaul,DS Smith,AC Botha,0,0,,,,,,"",""
ball,1,17.2,West Indies,S Chanderpaul,DS Smith,AC Botha,0,0,,,,,,"",""
ball,1,17.3,West Indies,S Chanderpaul,DS Smith,AC Botha,0,0,,,,,,"",""
ball,1,17.4,West Indies,S Chanderpaul,DS Smith,AC Botha,1,0,,,,,,"",""
ball,1,17.5,West Indies,DS Smith,S Chanderpaul,AC Botha,1,0,,,,,,"",""
ball,1,17.6,West Indies,S Chanderpaul,DS Smith,AC Botha,2,0,,,,,,"",""
ball,1,18.1,West Indies,DS Smith,S Chanderpaul,KJ O'Brien,6,0,,,,,,"",""
ball,1,18.2,West Indies,DS Smith,S Chanderpaul,KJ O'Brien,0,0,,,,,,"",""
ball,1,18.3,West Indies,DS Smith,S Chanderpaul,KJ O'Brien,0,0,,,,,,"",""
ball,1,18.4,West Indies,DS Smith,S Chanderpaul,KJ O'Brien,0,0,,,,,,"",""
ball,1,18.5,West Indies,DS Smith,S Chanderpaul,KJ O'Brien,0,0,,,,,,"",""
ball,1,18.6,West Indies,DS Smith,S Chanderpaul,KJ O'Brien,1,0,,,,,,"",""
ball,1,19.1,West Indies,DS Smith,S Chanderpaul,AC Botha,1,0,,,,,,"",""
ball,1,19.2,West Indies,S Chanderpaul,DS Smith,AC Botha,0,0,,,,,,"",""
ball,1,19.3,West Indies,S Chanderpaul,DS Smith,AC Botha,0,0,,,,,,"",""
ball,1,19.4,West Indies,S Chanderpaul,DS Smith,AC Botha,1,0,,,,,,"",""
ball,1,19.5,West Indies,DS Smith,S Chanderpaul,AC Botha,0,0,,,,,,"",""
ball,1,19.6,West Indies,DS Smith,S Chanderpaul,AC Botha,1,0,,,,,,"",""
ball,1,20.1,West Indies,DS Smith,S Chanderpaul,KJ O'Brien,1,0,,,,,,"",""
ball,1,20.2,West Indies,S Chanderpaul,DS Smith,KJ O'Brien,0,0,,,,,,"",""
ball,1,20.3,West Indies,S Chanderpaul,DS Smith,KJ O'Brien,0,0,,,,,,"",""
ball,1,20.4,West Indies,S Chanderpaul,DS Smith,KJ O'Brien,1,0,,,,,,"",""
ball,1,20.5,West Indies,DS Smith,S Chanderpaul,KJ O'Brien,0,0,,,,,,"",""
ball,1,20.6,West Indies,DS Smith,S Chanderpaul,KJ O'Brien,1,0,,,,,,"",""
ball,1,21.1,West Indies,DS Smith,S Chanderpaul,PR Stirling,1,0,,,,,,"",""
ball,1,21.2,West Indies,S Chanderpaul,DS Smith,PR Stirling,1,0,,,,,,"",""
ball,1,21.3,West Indies,DS Smith,S Chanderpaul,PR Stirling,0,0,,,,,,"",""
ball,1,21.4,West Indies,DS Smith,S Chanderpaul,PR Stirling,0,0,,,,,,"",""
ball,1,21.5,West Indies,DS Smith,S Chanderpaul,PR Stirling,0,0,,,,,,"",""
ball,1,21.6,West Indies,DS Smith,S Chanderpaul,PR Stirling,0,0,,,,,,"",""
ball,1,22.1,West Indies,S Chanderpaul,DS Smith,KJ O'Brien,1,0,,,,,,"",""
ball,1,22.2,West Indies,DS Smith,S Chanderpaul,KJ O'Brien,0,0,,,,,,"",""
ball,1,22.3,West Indies,DS Smith,S Chanderpaul,KJ O'Brien,1,0,,,,,,"",""
ball,1,22.4,West Indies,S Chanderpaul,DS Smith,KJ O'Brien,1,0,,,,,,"",""
ball,1,22.5,West Indies,DS Smith,S Chanderpaul,KJ O'Brien,0,0,,,,,,"",""
ball,1,22.6,West Indies,DS Smith,S Chanderpaul,KJ O'Brien,0,0,,,,,,"",""
ball,1,23.1,West Indies,S Chanderpaul,DS Smith,PR Stirling,0,0,,,,,,"",""
ball,1,23.2,West Indies,S Chanderpaul,DS Smith,PR Stirling,0,0,,,,,,"",""
ball,1,23.3,West Indies,S Chanderpaul,DS Smith,PR Stirling,1,0,,,,,,"",""
ball,1,23.4,West Indies,DS Smith,S Chanderpaul,PR Stirling,4,0,,,,,,"",""
ball,1,23.5,West Indies,DS Smith,S Chanderpaul,PR Stirling,2,0,,,,,,"",""
ball,1,23.6,West Indies,DS Smith,S Chanderpaul,PR Stirling,0,0,,,,,,"",""
ball,1,24.1,West Indies,S Chanderpaul,DS Smith,KJ O'Brien,2,0,,,,,,"",""
ball,1,24.2,West Indies,S Chanderpaul,DS Smith,KJ O'Brien,0,0,,,,,,caught,S Chanderpaul
ball,1,24.3,West Indies,DM Bravo,DS Smith,KJ O'Brien,0,0,,,,,,"",""
ball,1,24.4,West Indies,DM Bravo,DS Smith,KJ O'Brien,0,0,,,,,,"",""
ball,1,24.5,West Indies,DM Bravo,DS Smith,KJ O'Brien,0,0,,,,,,bowled,DM Bravo
ball,1,24.6,West Indies,RR Sarwan,DS Smith,KJ O'Brien,0,0,,,,,,"",""
ball,1,25.1,West Indies,DS Smith,RR Sarwan,AR Cusack,0,0,,,,,,"",""
ball,1,25.2,West Indies,DS Smith,RR Sarwan,AR Cusack,1,0,,,,,,"",""
ball,1,25.3,West Indies,RR Sarwan,DS Smith,AR Cusack,0,0,,,,,,"",""
ball,1,25.4,West Indies,RR Sarwan,DS Smith,AR Cusack,1,0,,,,,,"",""
ball,1,25.5,West Indies,DS Smith,RR Sarwan,AR Cusack,0,1,,,,1,,"",""
ball,1,25.6,West Indies,RR Sarwan,DS Smith,AR Cusack,0,0,,,,,,"",""
ball,1,26.1,West Indies,DS Smith,RR Sarwan,KJ O'Brien,0,2,,,2,,,"",""
ball,1,26.2,West Indies,DS Smith,RR Sarwan,KJ O'Brien,4,0,,,,,,"",""
ball,1,26.3,West Indies,DS Smith,RR Sarwan,KJ O'Brien,1,0,,,,,,"",""
ball,1,26.4,West Indies,RR Sarwan,DS Smith,KJ O'Brien,1,0,,,,,,"",""
ball,1,26.5,West Indies,DS Smith,RR Sarwan,KJ O'Brien,1,0,,,,,,"",""
ball,1,26.6,West Indies,RR Sarwan,DS Smith,KJ O'Brien,0,0,,,,,,"",""
ball,1,27.1,West Indies,DS Smith,RR Sarwan,AR Cusack,0,0,,,,,,"",""
ball,1,27.2,West Indies,DS Smith,RR Sarwan,AR Cusack,0,1,,,,1,,"",""
ball,1,27.3,West Indies,RR Sarwan,DS Smith,AR Cusack,0,0,,,,,,"",""
ball,1,27.4,West Indies,RR Sarwan,DS Smith,AR Cusack,0,1,,,,1,,"",""
ball,1,27.5,West Indies,DS Smith,RR Sarwan,AR Cusack,4,0,,,,,,"",""
ball,1,27.6,West Indies,DS Smith,RR Sarwan,AR Cusack,0,0,,,,,,"",""
ball,1,28.1,West Indies,RR Sarwan,DS Smith,AC Botha,1,0,,,,,,"",""
ball,1,28.2,West Indies,DS Smith,RR Sarwan,AC Botha,0,0,,,,,,"",""
ball,1,28.3,West Indies,DS Smith,RR Sarwan,AC Botha,0,0,,,,,,"",""
ball,1,28.4,West Indies,DS Smith,RR Sarwan,AC Botha,3,0,,,,,,"",""
ball,1,28.5,West Indies,RR Sarwan,DS Smith,AC Botha,0,1,,,,1,,"",""
ball,1,28.6,West Indies,DS Smith,RR Sarwan,AC Botha,1,0,,,,,,"",""
ball,1,29.1,West Indies,DS Smith,RR Sarwan,GH Dockrell,0,0,,,,,,"",""
ball,1,29.2,West Indies,DS Smith,RR Sarwan,GH Dockrell,4,0,,,,,,"",""
ball,1,29.3,West Indies,DS Smith,RR Sarwan,GH Dockrell,0,0,,,,,,"",""
ball,1,29.4,West Indies,DS Smith,RR Sarwan,GH Dockrell,1,0,,,,,,"",""
ball,1,29.5,West Indies,RR Sarwan,DS Smith,GH Dockrell,0,0,,,,,,"",""
ball,1,29.6,West Indies,RR Sarwan,DS Smith,GH Dockrell,0,0,,,,,,"",""
ball,1,30.1,West Indies,DS Smith,RR Sarwan,AC Botha,1,0,,,,,,"",""
ball,1,30.2,West Indies,RR Sarwan,DS Smith,AC Botha,4,0,,,,,,"",""
ball,1,30.3,West Indies,RR Sarwan,DS Smith,AC Botha,1,0,,,,,,"",""
ball,1,30.4,West Indies,DS Smith,RR Sarwan,AC Botha,0,0,,,,,,"",""
ball,1,30.5,West Indies,DS Smith,RR Sarwan,AC Botha,1,0,,,,,,"",""
ball,1,30.6,West Indies,RR Sarwan,DS Smith,AC Botha,1,0,,,,,,"",""
ball,1,31.1,West Indies,RR Sarwan,DS Smith,GH Dockrell,1,0,,,,,,"",""
ball,1,31.2,West Indies,DS Smith,RR Sarwan,GH Dockrell,2,0,,,,,,"",""
ball,1,31.3,West Indies,DS Smith,RR Sarwan,GH Dockrell,1,0,,,,,,"",""
ball,1,31.4,West Indies,RR Sarwan,DS Smith,GH Dockrell,0,0,,,,,,"",""
ball,1,31.5,West Indies,RR Sarwan,DS Smith,GH Dockrell,0,0,,,,,,"",""
ball,1,31.6,West Indies,RR Sarwan,DS Smith,GH Dockrell,0,0,,,,,,caught,RR Sarwan
ball,1,32.1,West Indies,KA Pollard,DS Smith,WB Rankin,0,0,,,,,,"",""
ball,1,32.2,West Indies,KA Pollard,DS Smith,WB Rankin,0,0,,,,,,"",""
ball,1,32.3,West Indies,KA Pollard,DS Smith,WB Rankin,0,0,,,,,,"",""
ball,1,32.4,West Indies,KA Pollard,DS Smith,WB Rankin,0,0,,,,,,"",""
ball,1,32.5,West Indies,KA Pollard,DS Smith,WB Rankin,1,0,,,,,,"",""
ball,1,32.6,West Indies,DS Smith,KA Pollard,WB Rankin,0,0,,,,,,"",""
ball,1,33.1,West Indies,KA Pollard,DS Smith,GH Dockrell,2,0,,,,,,"",""
ball,1,33.2,West Indies,KA Pollard,DS Smith,GH Dockrell,1,0,,,,,,"",""
ball,1,33.3,West Indies,DS Smith,KA Pollard,GH Dockrell,0,0,,,,,,"",""
ball,1,33.4,West Indies,DS Smith,KA Pollard,GH Dockrell,0,1,1,,,,,"",""
ball,1,33.5,West Indies,DS Smith,KA Pollard,GH Dockrell,1,0,,,,,,"",""
ball,1,33.6,West Indies,KA Pollard,DS Smith,GH Dockrell,0,1,,,,1,,"",""
ball,1,33.7,West Indies,DS Smith,KA Pollard,GH Dockrell,1,0,,,,,,"",""
ball,1,34.1,West Indies,DS Smith,KA Pollard,WB Rankin,1,0,,,,,,"",""
ball,1,34.2,West Indies,KA Pollard,DS Smith,WB Rankin,0,0,,,,,,"",""
ball,1,34.3,West Indies,KA Pollard,DS Smith,WB Rankin,0,1,,,,1,,"",""
ball,1,34.4,West Indies,DS Smith,KA Pollard,WB Rankin,1,0,,,,,,"",""
ball,1,34.5,West Indies,KA Pollard,DS Smith,WB Rankin,1,0,,,,,,"",""
ball,1,34.6,West Indies,DS Smith,KA Pollard,WB Rankin,0,0,,,,,,"",""
ball,1,35.1,West Indies,KA Pollard,DS Smith,JF Mooney,1,0,,,,,,"",""
ball,1,35.2,West Indies,DS Smith,KA Pollard,JF Mooney,4,0,,,,,,"",""
ball,1,35.3,West Indies,DS Smith,KA Pollard,JF Mooney,0,0,,,,,,"",""
ball,1,35.4,West Indies,DS Smith,KA Pollard,JF Mooney,0,1,1,,,,,"",""
ball,1,35.5,West Indies,DS Smith,KA Pollard,JF Mooney,1,0,,,,,,"",""
ball,1,35.6,West Indies,KA Pollard,DS Smith,JF Mooney,1,0,,,,,,"",""
ball,1,35.7,West Indies,DS Smith,KA Pollard,JF Mooney,4,0,,,,,,"",""
ball,1,36.1,West Indies,KA Pollard,DS Smith,KJ O'Brien,0,0,,,,,,"",""
ball,1,36.2,West Indies,KA Pollard,DS Smith,KJ O'Brien,6,0,,,,,,"",""
ball,1,36.3,West Indies,KA Pollard,DS Smith,KJ O'Brien,0,0,,,,,,"",""
ball,1,36.4,West Indies,KA Pollard,DS Smith,KJ O'Brien,0,0,,,,,,"",""
ball,1,36.5,West Indies,KA Pollard,DS Smith,KJ O'Brien,0,0,,,,,,"",""
ball,1,36.6,West Indies,KA Pollard,DS Smith,KJ O'Brien,6,0,,,,,,"",""
ball,1,37.1,West Indies,DS Smith,KA Pollard,AC Botha,1,0,,,,,,"",""
ball,1,37.2,West Indies,KA Pollard,DS Smith,AC Botha,2,0,,,,,,"",""
ball,1,37.3,West Indies,KA Pollard,DS Smith,AC Botha,0,0,,,,,,"",""
ball,1,37.4,West Indies,KA Pollard,DS Smith,AC Botha,1,0,,,,,,"",""
ball,1,37.5,West Indies,DS Smith,KA Pollard,AC Botha,4,0,,,,,,"",""
ball,1,37.6,West Indies,DS Smith,KA Pollard,AC Botha,2,0,,,,,,"",""
ball,1,38.1,West Indies,KA Pollard,DS Smith,WB Rankin,1,0,,,,,,"",""
ball,1,38.2,West Indies,DS Smith,KA Pollard,WB Rankin,1,0,,,,,,"",""
ball,1,38.3,West Indies,KA Pollard,DS Smith,WB Rankin,4,0,,,,,,"",""
ball,1,38.4,West Indies,KA Pollard,DS Smith,WB Rankin,4,0,,,,,,"",""
ball,1,38.5,West Indies,KA Pollard,DS Smith,WB Rankin,1,0,,,,,,"",""
ball,1,38.6,West Indies,DS Smith,KA Pollard,WB Rankin,1,0,,,,,,"",""
ball,1,39.1,West Indies,DS Smith,KA Pollard,AC Botha,1,0,,,,,,"",""
ball,1,39.2,West Indies,KA Pollard,DS Smith,AC Botha,4,0,,,,,,"",""
ball,1,39.3,West Indies,KA Pollard,DS Smith,AC Botha,2,0,,,,,,"",""
ball,1,39.4,West Indies,KA Pollard,DS Smith,AC Botha,0,0,,,,,,"",""
ball,1,39.5,West Indies,KA Pollard,DS Smith,AC Botha,1,0,,,,,,"",""
ball,1,39.6,West Indies,DS Smith,KA Pollard,AC Botha,1,0,,,,,,"",""
ball,1,40.1,West Indies,DS Smith,KA Pollard,KJ O'Brien,1,0,,,,,,"",""
ball,1,40.2,West Indies,KA Pollard,DS Smith,KJ O'Brien,4,0,,,,,,"",""
ball,1,40.3,West Indies,KA Pollard,DS Smith,KJ O'Brien,1,0,,,,,,"",""
ball,1,40.4,West Indies,DS Smith,KA Pollard,KJ O'Brien,1,0,,,,,,"",""
ball,1,40.5,West Indies,KA Pollard,DS Smith,KJ O'Brien,4,0,,,,,,"",""
ball,1,40.6,West Indies,KA Pollard,DS Smith,KJ O'Brien,1,0,,,,,,"",""
ball,1,41.1,West Indies,KA Pollard,DS Smith,JF Mooney,2,0,,,,,,"",""
ball,1,41.2,West Indies,KA Pollard,DS Smith,JF Mooney,1,0,,,,,,"",""
ball,1,41.3,West Indies,DS Smith,KA Pollard,JF Mooney,2,0,,,,,,"",""
ball,1,41.4,West Indies,DS Smith,KA Pollard,JF Mooney,1,0,,,,,,"",""
ball,1,41.5,West Indies,KA Pollard,DS Smith,JF Mooney,0,1,1,,,,,"",""
ball,1,41.6,West Indies,KA Pollard,DS Smith,JF Mooney,1,0,,,,,,"",""
ball,1,41.7,West Indies,DS Smith,KA Pollard,JF Mooney,0,0,,,,,,"",""
ball,1,42.1,West Indies,KA Pollard,DS Smith,KJ O'Brien,1,0,,,,,,"",""
ball,1,42.2,West Indies,DS Smith,KA Pollard,KJ O'Brien,0,0,,,,,,"",""
ball,1,42.3,West Indies,DS Smith,KA Pollard,KJ O'Brien,0,0,,,,,,bowled,DS Smith
ball,1,42.4,West Indies,DJG Sammy,KA Pollard,KJ O'Brien,4,0,,,,,,"",""
ball,1,42.5,West Indies,DJG Sammy,KA Pollard,KJ O'Brien,0,0,,,,,,"",""
ball,1,42.6,West Indies,DJG Sammy,KA Pollard,KJ O'Brien,0,0,,,,,,caught,DJG Sammy
ball,1,43.1,West Indies,KA Pollard,DC Thomas,JF Mooney,1,0,,,,,,"",""
ball,1,43.2,West Indies,DC Thomas,KA Pollard,JF Mooney,0,0,,,,,,"",""
ball,1,43.3,West Indies,DC Thomas,KA Pollard,JF Mooney,0,0,,,,,,"",""
ball,1,43.4,West Indies,DC Thomas,KA Pollard,JF Mooney,0,0,,,,,,"",""
ball,1,43.5,West Indies,DC Thomas,KA Pollard,JF Mooney,1,0,,,,,,"",""
ball,1,43.6,West Indies,KA Pollard,DC Thomas,JF Mooney,2,0,,,,,,"",""
ball,1,44.1,West Indies,DC Thomas,KA Pollard,WB Rankin,0,0,,,,,,"",""
ball,1,44.2,West Indies,DC Thomas,KA Pollard,WB Rankin,1,0,,,,,,"",""
ball,1,44.3,West Indies,KA Pollard,DC Thomas,WB Rankin,0,0,,,,,,"",""
ball,1,44.4,West Indies,KA Pollard,DC Thomas,WB Rankin,1,0,,,,,,"",""
ball,1,44.5,West Indies,DC Thomas,KA Pollard,WB Rankin,0,0,,,,,,"",""
ball,1,44.6,West Indies,DC Thomas,KA Pollard,WB Rankin,0,0,,,,,,caught,DC Thomas
ball,1,45.1,West Indies,KA Pollard,AD Russell,JF Mooney,1,0,,,,,,"",""
ball,1,45.2,West Indies,AD Russell,KA Pollard,JF Mooney,0,0,,,,,,"",""
ball,1,45.3,West Indies,AD Russell,KA Pollard,JF Mooney,1,0,,,,,,"",""
ball,1,45.4,West Indies,KA Pollard,AD Russell,JF Mooney,4,0,,,,,,"",""
ball,1,45.5,West Indies,KA Pollard,AD Russell,JF Mooney,6,0,,,,,,"",""
ball,1,45.6,West Indies,KA Pollard,AD Russell,JF Mooney,1,0,,,,,,"",""
ball,1,46.1,West Indies,KA Pollard,AD Russell,WB Rankin,0,0,,,,,,"",""
ball,1,46.2,West Indies,KA Pollard,AD Russell,WB Rankin,1,0,,,,,,"",""
ball,1,46.3,West Indies,AD Russell,KA Pollard,WB Rankin,0,0,,,,,,"",""
ball,1,46.4,West Indies,AD Russell,KA Pollard,WB Rankin,0,0,,,,,,"",""
ball,1,46.5,West Indies,AD Russell,KA Pollard,WB Rankin,1,0,,,,,,"",""
ball,1,46.6,West Indies,KA Pollard,AD Russell,WB Rankin,4,0,,,,,,"",""
ball,1,47.1,West Indies,AD Russell,KA Pollard,KJ O'Brien,1,0,,,,,,"",""
ball,1,47.2,West Indies,KA Pollard,AD Russell,KJ O'Brien,2,0,,,,,,"",""
ball,1,47.3,West Indies,KA Pollard,AD Russell,KJ O'Brien,4,0,,,,,,"",""
ball,1,47.4,West Indies,KA Pollard,AD Russell,KJ O'Brien,6,0,,,,,,"",""
ball,1,47.5,West Indies,KA Pollard,AD Russell,KJ O'Brien,6,0,,,,,,"",""
ball,1,47.6,West Indies,KA Pollard,AD Russell,KJ O'Brien,1,0,,,,,,"",""
ball,1,48.1,West Indies,KA Pollard,AD Russell,JF Mooney,0,0,,,,,,caught,KA Pollard
ball,1,48.2,West Indies,AD Russell,NO Miller,JF Mooney,0,0,,,,,,bowled,AD Russell
ball,1,48.3,West Indies,SJ Benn,NO Miller,JF Mooney,1,0,,,,,,"",""
ball,1,48.4,West Indies,NO Miller,SJ Benn,JF Mooney,1,0,,,,,,"",""
ball,1,48.5,West Indies,SJ Benn,NO Miller,JF Mooney,1,0,,,,,,"",""
ball,1,48.6,West Indies,NO Miller,SJ Benn,JF Mooney,1,0,,,,,,"",""
ball,1,49.1,West Indies,NO Miller,SJ Benn,AC Botha,0,0,,,,,,"",""
ball,1,49.2,West Indies,NO Miller,SJ Benn,AC Botha,1,0,,,,,,run out,SJ Benn
ball,1,49.3,West Indies,NO Miller,KAJ Roach,AC Botha,1,0,,,,,,"",""
ball,1,49.4,West Indies,KAJ Roach,NO Miller,AC Botha,1,0,,,,,,"",""
ball,1,49.5,West Indies,NO Miller,KAJ Roach,AC Botha,1,0,,,,,,"",""
ball,1,49.6,West Indies,KAJ Roach,NO Miller,AC Botha,0,0,,,,,,caught,KAJ Roach
ball,2,0.1,Ireland,WTS Porterfield,PR Stirling,KAJ Roach,0,0,,,,,,"",""
ball,2,0.2,Ireland,WTS Porterfield,PR Stirling,KAJ Roach,1,0,,,,,,"",""
ball,2,0.3,Ireland,PR Stirling,WTS Porterfield,KAJ Roach,0,0,,,,,,"",""
ball,2,0.4,Ireland,PR Stirling,WTS Porterfield,KAJ Roach,1,0,,,,,,"",""
ball,2,0.5,Ireland,WTS Porterfield,PR Stirling,KAJ Roach,0,0,,,,,,"",""
ball,2,0.6,Ireland,WTS Porterfield,PR Stirling,KAJ Roach,0,0,,,,,,"",""
ball,2,1.1,Ireland,PR Stirling,WTS Porterfield,SJ Benn,0,0,,,,,,"",""
ball,2,1.2,Ireland,PR Stirling,WTS Porterfield,SJ Benn,4,0,,,,,,"",""
ball,2,1.3,Ireland,PR Stirling,WTS Porterfield,SJ Benn,0,0,,,,,,"",""
ball,2,1.4,Ireland,PR Stirling,WTS Porterfield,SJ Benn,0,0,,,,,,caught,PR Stirling
ball,2,1.5,Ireland,EC Joyce,WTS Porterfield,SJ Benn,4,0,,,,,,"",""
ball,2,1.6,Ireland,EC Joyce,WTS Porterfield,SJ Benn,4,0,,,,,,"",""
ball,2,2.1,Ireland,WTS Porterfield,EC Joyce,KAJ Roach,1,0,,,,,,"",""
ball,2,2.2,Ireland,EC Joyce,WTS Porterfield,KAJ Roach,0,0,,,,,,"",""
ball,2,2.3,Ireland,EC Joyce,WTS Porterfield,KAJ Roach,0,0,,,,,,"",""
ball,2,2.4,Ireland,EC Joyce,WTS Porterfield,KAJ Roach,0,0,,,,,,"",""
ball,2,2.5,Ireland,EC Joyce,WTS Porterfield,KAJ Roach,4,0,,,,,,"",""
ball,2,2.6,Ireland,EC Joyce,WTS Porterfield,KAJ Roach,0,0,,,,,,"",""
ball,2,3.1,Ireland,WTS Porterfield,EC Joyce,SJ Benn,0,0,,,,,,"",""
ball,2,3.2,Ireland,WTS Porterfield,EC Joyce,SJ Benn,1,0,,,,,,"",""
ball,2,3.3,Ireland,EC Joyce,WTS Porterfield,SJ Benn,0,0,,,,,,"",""
ball,2,3.4,Ireland,EC Joyce,WTS Porterfield,SJ Benn,2,0,,,,,,"",""
ball,2,3.5,Ireland,EC Joyce,WTS Porterfield,SJ Benn,0,0,,,,,,"",""
ball,2,3.6,Ireland,EC Joyce,WTS Porterfield,SJ Benn,0,1,1,,,,,"",""
ball,2,3.7,Ireland,EC Joyce,WTS Porterfield,SJ Benn,4,0,,,,,,"",""
ball,2,4.1,Ireland,WTS Porterfield,EC Joyce,KAJ Roach,0,0,,,,,,"",""
ball,2,4.2,Ireland,WTS Porterfield,EC Joyce,KAJ Roach,4,0,,,,,,"",""
ball,2,4.3,Ireland,WTS Porterfield,EC Joyce,KAJ Roach,0,0,,,,,,"",""
ball,2,4.4,Ireland,WTS Porterfield,EC Joyce,KAJ Roach,0,0,,,,,,"",""
ball,2,4.5,Ireland,WTS Porterfield,EC Joyce,KAJ Roach,4,0,,,,,,"",""
ball,2,4.6,Ireland,WTS Porterfield,EC Joyce,KAJ Roach,0,0,,,,,,"",""
ball,2,5.1,Ireland,EC Joyce,WTS Porterfield,DJG Sammy,0,0,,,,,,"",""
ball,2,5.2,Ireland,EC Joyce,WTS Porterfield,DJG Sammy,0,0,,,,,,"",""
ball,2,5.3,Ireland,EC Joyce,WTS Porterfield,DJG Sammy,0,0,,,,,,"",""
ball,2,5.4,Ireland,EC Joyce,WTS Porterfield,DJG Sammy,0,0,,,,,,"",""
ball,2,5.5,Ireland,EC Joyce,WTS Porterfield,DJG Sammy,0,0,,,,,,"",""
ball,2,5.6,Ireland,EC Joyce,WTS Porterfield,DJG Sammy,0,0,,,,,,"",""
ball,2,6.1,Ireland,WTS Porterfield,EC Joyce,AD Russell,0,0,,,,,,"",""
ball,2,6.2,Ireland,WTS Porterfield,EC Joyce,AD Russell,0,0,,,,,,"",""
ball,2,6.3,Ireland,WTS Porterfield,EC Joyce,AD Russell,0,1,,,,1,,"",""
ball,2,6.4,Ireland,EC Joyce,WTS Porterfield,AD Russell,0,0,,,,,,"",""
ball,2,6.5,Ireland,EC Joyce,WTS Porterfield,AD Russell,0,0,,,,,,"",""
ball,2,6.6,Ireland,EC Joyce,WTS Porterfield,AD Russell,0,0,,,,,,"",""
ball,2,7.1,Ireland,WTS Porterfield,EC Joyce,DJG Sammy,0,0,,,,,,"",""
ball,2,7.2,Ireland,WTS Porterfield,EC Joyce,DJG Sammy,0,0,,,,,,"",""
ball,2,7.3,Ireland,WTS Porterfield,EC Joyce,DJG Sammy,0,0,,,,,,"",""
ball,2,7.4,Ireland,WTS Porterfield,EC Joyce,DJG Sammy,0,0,,,,,,"",""
ball,2,7.5,Ireland,WTS Porterfield,EC Joyce,DJG Sammy,0,0,,,,,,"",""
ball,2,7.6,Ireland,WTS Porterfield,EC Joyce,DJG Sammy,0,0,,,,,,"",""
ball,2,8.1,Ireland,EC Joyce,WTS Porterfield,AD Russell,0,0,,,,,,"",""
ball,2,8.2,Ireland,EC Joyce,WTS Porterfield,AD Russell,0,0,,,,,,"",""
ball,2,8.3,Ireland,EC Joyce,WTS Porterfield,AD Russell,4,0,,,,,,"",""
ball,2,8.4,Ireland,EC Joyce,WTS Porterfield,AD Russell,0,0,,,,,,"",""
ball,2,8.5,Ireland,EC Joyce,WTS Porterfield,AD Russell,0,0,,,,,,"",""
ball,2,8.6,Ireland,EC Joyce,WTS Porterfield,AD Russell,0,0,,,,,,"",""
ball,2,9.1,Ireland,WTS Porterfield,EC Joyce,DJG Sammy,0,0,,,,,,"",""
ball,2,9.2,Ireland,WTS Porterfield,EC Joyce,DJG Sammy,0,0,,,,,,"",""
ball,2,9.3,Ireland,WTS Porterfield,EC Joyce,DJG Sammy,0,0,,,,,,"",""
ball,2,9.4,Ireland,WTS Porterfield,EC Joyce,DJG Sammy,0,0,,,,,,"",""
ball,2,9.5,Ireland,WTS Porterfield,EC Joyce,DJG Sammy,0,0,,,,,,"",""
ball,2,9.6,Ireland,WTS Porterfield,EC Joyce,DJG Sammy,0,0,,,,,,"",""
ball,2,10.1,Ireland,EC Joyce,WTS Porterfield,AD Russell,0,0,,,,,,"",""
ball,2,10.2,Ireland,EC Joyce,WTS Porterfield,AD Russell,1,0,,,,,,"",""
ball,2,10.3,Ireland,WTS Porterfield,EC Joyce,AD Russell,0,0,,,,,,"",""
ball,2,10.4,Ireland,WTS Porterfield,EC Joyce,AD Russell,0,0,,,,,,"",""
ball,2,10.5,Ireland,WTS Porterfield,EC Joyce,AD Russell,0,0,,,,,,"",""
ball,2,10.6,Ireland,WTS Porterfield,EC Joyce,AD Russell,0,0,,,,,,"",""
ball,2,11.1,Ireland,EC Joyce,WTS Porterfield,DJG Sammy,0,0,,,,,,"",""
ball,2,11.2,Ireland,EC Joyce,WTS Porterfield,DJG Sammy,0,0,,,,,,"",""
ball,2,11.3,Ireland,EC Joyce,WTS Porterfield,DJG Sammy,0,0,,,,,,"",""
ball,2,11.4,Ireland,EC Joyce,WTS Porterfield,DJG Sammy,1,0,,,,,,"",""
ball,2,11.5,Ireland,WTS Porterfield,EC Joyce,DJG Sammy,0,0,,,,,,"",""
ball,2,11.6,Ireland,WTS Porterfield,EC Joyce,DJG Sammy,0,0,,,,,,caught,WTS Porterfield
ball,2,12.1,Ireland,EC Joyce,NJ O'Brien,AD Russell,1,0,,,,,,"",""
ball,2,12.2,Ireland,NJ O'Brien,EC Joyce,AD Russell,0,0,,,,,,"",""
ball,2,12.3,Ireland,NJ O'Brien,EC Joyce,AD Russell,0,0,,,,,,"",""
ball,2,12.4,Ireland,NJ O'Brien,EC Joyce,AD Russell,1,0,,,,,,"",""
ball,2,12.5,Ireland,EC Joyce,NJ O'Brien,AD Russell,0,0,,,,,,"",""
ball,2,12.6,Ireland,EC Joyce,NJ O'Brien,AD Russell,4,0,,,,,,"",""
ball,2,13.1,Ireland,NJ O'Brien,EC Joyce,DJG Sammy,0,0,,,,,,"",""
ball,2,13.2,Ireland,NJ O'Brien,EC Joyce,DJG Sammy,0,0,,,,,,"",""
ball,2,13.3,Ireland,NJ O'Brien,EC Joyce,DJG Sammy,1,0,,,,,,"",""
ball,2,13.4,Ireland,EC Joyce,NJ O'Brien,DJG Sammy,1,0,,,,,,"",""
ball,2,13.5,Ireland,NJ O'Brien,EC Joyce,DJG Sammy,2,0,,,,,,"",""
ball,2,13.6,Ireland,NJ O'Brien,EC Joyce,DJG Sammy,0,0,,,,,,"",""
ball,2,14.1,Ireland,EC Joyce,NJ O'Brien,AD Russell,0,0,,,,,,"",""
ball,2,14.2,Ireland,EC Joyce,NJ O'Brien,AD Russell,0,0,,,,,,"",""
ball,2,14.3,Ireland,EC Joyce,NJ O'Brien,AD Russell,0,0,,,,,,"",""
ball,2,14.4,Ireland,EC Joyce,NJ O'Brien,AD Russell,1,0,,,,,,"",""
ball,2,14.5,Ireland,NJ O'Brien,EC Joyce,AD Russell,0,0,,,,,,"",""
ball,2,14.6,Ireland,NJ O'Brien,EC Joyce,AD Russell,4,0,,,,,,"",""
ball,2,15.1,Ireland,EC Joyce,NJ O'Brien,DJG Sammy,0,0,,,,,,"",""
ball,2,15.2,Ireland,EC Joyce,NJ O'Brien,DJG Sammy,1,0,,,,,,"",""
ball,2,15.3,Ireland,NJ O'Brien,EC Joyce,DJG Sammy,4,0,,,,,,"",""
ball,2,15.4,Ireland,NJ O'Brien,EC Joyce,DJG Sammy,0,0,,,,,,"",""
ball,2,15.5,Ireland,NJ O'Brien,EC Joyce,DJG Sammy,1,0,,,,,,"",""
ball,2,15.6,Ireland,EC Joyce,NJ O'Brien,DJG Sammy,1,0,,,,,,"",""
ball,2,16.1,Ireland,EC Joyce,NJ O'Brien,AD Russell,0,0,,,,,,"",""
ball,2,16.2,Ireland,EC Joyce,NJ O'Brien,AD Russell,1,0,,,,,,"",""
ball,2,16.3,Ireland,NJ O'Brien,EC Joyce,AD Russell,2,0,,,,,,"",""
ball,2,16.4,Ireland,NJ O'Brien,EC Joyce,AD Russell,0,1,,1,,,,"",""
ball,2,16.5,Ireland,NJ O'Brien,EC Joyce,AD Russell,2,0,,,,,,"",""
ball,2,16.6,Ireland,NJ O'Brien,EC Joyce,AD Russell,0,1,,,,1,,"",""
ball,2,16.7,Ireland,EC Joyce,NJ O'Brien,AD Russell,1,0,,,,,,"",""
ball,2,17.1,Ireland,EC Joyce,NJ O'Brien,DJG Sammy,1,0,,,,,,"",""
ball,2,17.2,Ireland,NJ O'Brien,EC Joyce,DJG Sammy,0,0,,,,,,"",""
ball,2,17.3,Ireland,NJ O'Brien,EC Joyce,DJG Sammy,1,0,,,,,,"",""
ball,2,17.4,Ireland,EC Joyce,NJ O'Brien,DJG Sammy,1,0,,,,,,"",""
ball,2,17.5,Ireland,NJ O'Brien,EC Joyce,DJG Sammy,0,0,,,,,,"",""
ball,2,17.6,Ireland,NJ O'Brien,EC Joyce,DJG Sammy,1,0,,,,,,"",""
ball,2,18.1,Ireland,NJ O'Brien,EC Joyce,SJ Benn,0,0,,,,,,"",""
ball,2,18.2,Ireland,NJ O'Brien,EC Joyce,SJ Benn,2,0,,,,,,"",""
ball,2,18.3,Ireland,NJ O'Brien,EC Joyce,SJ Benn,1,0,,,,,,"",""
ball,2,18.4,Ireland,EC Joyce,NJ O'Brien,SJ Benn,0,0,,,,,,"",""
ball,2,18.5,Ireland,EC Joyce,NJ O'Brien,SJ Benn,1,0,,,,,,"",""
ball,2,18.6,Ireland,NJ O'Brien,EC Joyce,SJ Benn,0,0,,,,,,"",""
ball,2,19.1,Ireland,EC Joyce,NJ O'Brien,DJG Sammy,1,0,,,,,,"",""
ball,2,19.2,Ireland,NJ O'Brien,EC Joyce,DJG Sammy,1,0,,,,,,"",""
ball,2,19.3,Ireland,EC Joyce,NJ O'Brien,DJG Sammy,1,0,,,,,,"",""
ball,2,19.4,Ireland,NJ O'Brien,EC Joyce,DJG Sammy,0,0,,,,,,"",""
ball,2,19.5,Ireland,NJ O'Brien,EC Joyce,DJG Sammy,2,0,,,,,,"",""
ball,2,19.6,Ireland,NJ O'Brien,EC Joyce,DJG Sammy,0,0,,,,,,"",""
ball,2,20.1,Ireland,EC Joyce,NJ O'Brien,SJ Benn,0,0,,,,,,"",""
ball,2,20.2,Ireland,EC Joyce,NJ O'Brien,SJ Benn,0,0,,,,,,"",""
ball,2,20.3,Ireland,EC Joyce,NJ O'Brien,SJ Benn,0,0,,,,,,"",""
ball,2,20.4,Ireland,EC Joyce,NJ O'Brien,SJ Benn,1,0,,,,,,"",""
ball,2,20.5,Ireland,NJ O'Brien,EC Joyce,SJ Benn,0,0,,,,,,"",""
ball,2,20.6,Ireland,NJ O'Brien,EC Joyce,SJ Benn,0,0,,,,,,bowled,NJ O'Brien
ball,2,21.1,Ireland,EC Joyce,GC Wilson,KAJ Roach,0,0,,,,,,"",""
ball,2,21.2,Ireland,EC Joyce,GC Wilson,KAJ Roach,0,0,,,,,,"",""
ball,2,21.3,Ireland,EC Joyce,GC Wilson,KAJ Roach,0,0,,,,,,"",""
ball,2,21.4,Ireland,EC Joyce,GC Wilson,KAJ Roach,1,0,,,,,,"",""
ball,2,21.5,Ireland,GC Wilson,EC Joyce,KAJ Roach,4,0,,,,,,"",""
ball,2,21.6,Ireland,GC Wilson,EC Joyce,KAJ Roach,0,0,,,,,,"",""
ball,2,22.1,Ireland,EC Joyce,GC Wilson,SJ Benn,1,0,,,,,,"",""
ball,2,22.2,Ireland,GC Wilson,EC Joyce,SJ Benn,1,0,,,,,,"",""
ball,2,22.3,Ireland,EC Joyce,GC Wilson,SJ Benn,1,0,,,,,,"",""
ball,2,22.4,Ireland,GC Wilson,EC Joyce,SJ Benn,0,0,,,,,,"",""
ball,2,22.5,Ireland,GC Wilson,EC Joyce,SJ Benn,1,0,,,,,,"",""
ball,2,22.6,Ireland,EC Joyce,GC Wilson,SJ Benn,2,0,,,,,,"",""
ball,2,23.1,Ireland,GC Wilson,EC Joyce,KAJ Roach,0,0,,,,,,"",""
ball,2,23.2,Ireland,GC Wilson,EC Joyce,KAJ Roach,0,0,,,,,,"",""
ball,2,23.3,Ireland,GC Wilson,EC Joyce,KAJ Roach,0,0,,,,,,"",""
ball,2,23.4,Ireland,GC Wilson,EC Joyce,KAJ Roach,1,0,,,,,,"",""
ball,2,23.5,Ireland,EC Joyce,GC Wilson,KAJ Roach,0,0,,,,,,"",""
ball,2,23.6,Ireland,EC Joyce,GC Wilson,KAJ Roach,3,0,,,,,,"",""
ball,2,24.1,Ireland,EC Joyce,GC Wilson,SJ Benn,0,0,,,,,,"",""
ball,2,24.2,Ireland,EC Joyce,GC Wilson,SJ Benn,1,0,,,,,,"",""
ball,2,24.3,Ireland,GC Wilson,EC Joyce,SJ Benn,0,0,,,,,,"",""
ball,2,24.4,Ireland,GC Wilson,EC Joyce,SJ Benn,0,0,,,,,,"",""
ball,2,24.5,Ireland,GC Wilson,EC Joyce,SJ Benn,0,0,,,,,,"",""
ball,2,24.6,Ireland,GC Wilson,EC Joyce,SJ Benn,0,0,,,,,,"",""
ball,2,25.1,Ireland,EC Joyce,GC Wilson,KA Pollard,4,0,,,,,,"",""
ball,2,25.2,Ireland,EC Joyce,GC Wilson,KA Pollard,0,1,1,,,,,"",""
ball,2,25.3,Ireland,EC Joyce,GC Wilson,KA Pollard,1,0,,,,,,"",""
ball,2,25.4,Ireland,GC Wilson,EC Joyce,KA Pollard,0,0,,,,,,"",""
ball,2,25.5,Ireland,GC Wilson,EC Joyce,KA Pollard,0,0,,,,,,"",""
ball,2,25.6,Ireland,GC Wilson,EC Joyce,KA Pollard,0,0,,,,,,"",""
ball,2,25.7,Ireland,GC Wilson,EC Joyce,KA Pollard,4,0,,,,,,"",""
ball,2,26.1,Ireland,EC Joyce,GC Wilson,NO Miller,0,0,,,,,,"",""
ball,2,26.2,Ireland,EC Joyce,GC Wilson,NO Miller,0,0,,,,,,"",""
ball,2,26.3,Ireland,EC Joyce,GC Wilson,NO Miller,2,0,,,,,,"",""
ball,2,26.4,Ireland,EC Joyce,GC Wilson,NO Miller,0,0,,,,,,"",""
ball,2,26.5,Ireland,EC Joyce,GC Wilson,NO Miller,1,0,,,,,,"",""
ball,2,26.6,Ireland,GC Wilson,EC Joyce,NO Miller,0,0,,,,,,"",""
ball,2,27.1,Ireland,EC Joyce,GC Wilson,KA Pollard,0,0,,,,,,"",""
ball,2,27.2,Ireland,EC Joyce,GC Wilson,KA Pollard,2,0,,,,,,"",""
ball,2,27.3,Ireland,EC Joyce,GC Wilson,KA Pollard,2,0,,,,,,"",""
ball,2,27.4,Ireland,EC Joyce,GC Wilson,KA Pollard,1,0,,,,,,"",""
ball,2,27.5,Ireland,GC Wilson,EC Joyce,KA Pollard,0,0,,,,,,"",""
ball,2,27.6,Ireland,GC Wilson,EC Joyce,KA Pollard,0,0,,,,,,"",""
ball,2,28.1,Ireland,EC Joyce,GC Wilson,NO Miller,1,0,,,,,,"",""
ball,2,28.2,Ireland,GC Wilson,EC Joyce,NO Miller,2,0,,,,,,"",""
ball,2,28.3,Ireland,GC Wilson,EC Joyce,NO Miller,1,0,,,,,,"",""
ball,2,28.4,Ireland,EC Joyce,GC Wilson,NO Miller,1,0,,,,,,"",""
ball,2,28.5,Ireland,GC Wilson,EC Joyce,NO Miller,1,0,,,,,,"",""
ball,2,28.6,Ireland,EC Joyce,GC Wilson,NO Miller,0,0,,,,,,"",""
ball,2,29.1,Ireland,GC Wilson,EC Joyce,KA Pollard,1,0,,,,,,"",""
ball,2,29.2,Ireland,EC Joyce,GC Wilson,KA Pollard,1,0,,,,,,"",""
ball,2,29.3,Ireland,GC Wilson,EC Joyce,KA Pollard,1,0,,,,,,"",""
ball,2,29.4,Ireland,EC Joyce,GC Wilson,KA Pollard,2,0,,,,,,"",""
ball,2,29.5,Ireland,EC Joyce,GC Wilson,KA Pollard,1,0,,,,,,"",""
ball,2,29.6,Ireland,GC Wilson,EC Joyce,KA Pollard,0,0,,,,,,"",""
ball,2,30.1,Ireland,EC Joyce,GC Wilson,NO Miller,0,0,,,,,,"",""
ball,2,30.2,Ireland,EC Joyce,GC Wilson,NO Miller,4,0,,,,,,"",""
ball,2,30.3,Ireland,EC Joyce,GC Wilson,NO Miller,1,0,,,,,,"",""
ball,2,30.4,Ireland,GC Wilson,EC Joyce,NO Miller,1,0,,,,,,"",""
ball,2,30.5,Ireland,EC Joyce,GC Wilson,NO Miller,0,0,,,,,,"",""
ball,2,30.6,Ireland,EC Joyce,GC Wilson,NO Miller,0,0,,,,,,"",""
ball,2,31.1,Ireland,GC Wilson,EC Joyce,AD Russell,1,0,,,,,,"",""
ball,2,31.2,Ireland,EC Joyce,GC Wilson,AD Russell,0,0,,,,,,"",""
ball,2,31.3,Ireland,EC Joyce,GC Wilson,AD Russell,0,0,,,,,,"",""
ball,2,31.4,Ireland,EC Joyce,GC Wilson,AD Russell,0,0,,,,,,"",""
ball,2,31.5,Ireland,EC Joyce,GC Wilson,AD Russell,0,0,,,,,,"",""
ball,2,31.6,Ireland,EC Joyce,GC Wilson,AD Russell,4,0,,,,,,"",""
ball,2,32.1,Ireland,GC Wilson,EC Joyce,NO Miller,0,0,,,,,,"",""
ball,2,32.2,Ireland,GC Wilson,EC Joyce,NO Miller,0,0,,,,,,"",""
ball,2,32.3,Ireland,GC Wilson,EC Joyce,NO Miller,0,0,,,,,,"",""
ball,2,32.4,Ireland,GC Wilson,EC Joyce,NO Miller,0,0,,,,,,"",""
ball,2,32.5,Ireland,GC Wilson,EC Joyce,NO Miller,1,0,,,,,,"",""
ball,2,32.6,Ireland,EC Joyce,GC Wilson,NO Miller,1,0,,,,,,"",""
ball,2,33.1,Ireland,EC Joyce,GC Wilson,AD Russell,1,0,,,,,,"",""
ball,2,33.2,Ireland,GC Wilson,EC Joyce,AD Russell,0,0,,,,,,"",""
ball,2,33.3,Ireland,GC Wilson,EC Joyce,AD Russell,1,0,,,,,,"",""
ball,2,33.4,Ireland,EC Joyce,GC Wilson,AD Russell,1,0,,,,,,"",""
ball,2,33.5,Ireland,GC Wilson,EC Joyce,AD Russell,0,0,,,,,,"",""
ball,2,33.6,Ireland,GC Wilson,EC Joyce,AD Russell,0,0,,,,,,"",""
ball,2,34.1,Ireland,EC Joyce,GC Wilson,NO Miller,1,0,,,,,,"",""
ball,2,34.2,Ireland,GC Wilson,EC Joyce,NO Miller,0,0,,,,,,"",""
ball,2,34.3,Ireland,GC Wilson,EC Joyce,NO Miller,1,0,,,,,,"",""
ball,2,34.4,Ireland,EC Joyce,GC Wilson,NO Miller,1,0,,,,,,"",""
ball,2,34.5,Ireland,GC Wilson,EC Joyce,NO Miller,0,0,,,,,,"",""
ball,2,34.6,Ireland,GC Wilson,EC Joyce,NO Miller,6,0,,,,,,"",""
ball,2,35.1,Ireland,EC Joyce,GC Wilson,AD Russell,1,0,,,,,,"",""
ball,2,35.2,Ireland,GC Wilson,EC Joyce,AD Russell,2,0,,,,,,"",""
ball,2,35.3,Ireland,GC Wilson,EC Joyce,AD Russell,3,0,,,,,,"",""
ball,2,35.4,Ireland,EC Joyce,GC Wilson,AD Russell,0,0,,,,,,"",""
ball,2,35.5,Ireland,EC Joyce,GC Wilson,AD Russell,0,0,,,,,,"",""
ball,2,35.6,Ireland,EC Joyce,GC Wilson,AD Russell,0,0,,,,,,"",""
ball,2,36.1,Ireland,GC Wilson,EC Joyce,NO Miller,2,0,,,,,,"",""
ball,2,36.2,Ireland,GC Wilson,EC Joyce,NO Miller,2,0,,,,,,"",""
ball,2,36.3,Ireland,GC Wilson,EC Joyce,NO Miller,4,0,,,,,,"",""
ball,2,36.4,Ireland,GC Wilson,EC Joyce,NO Miller,4,0,,,,,,"",""
ball,2,36.5,Ireland,GC Wilson,EC Joyce,NO Miller,0,0,,,,,,"",""
ball,2,36.6,Ireland,GC Wilson,EC Joyce,NO Miller,2,0,,,,,,"",""
ball,2,37.1,Ireland,EC Joyce,GC Wilson,AD Russell,0,0,,,,,,"",""
ball,2,37.2,Ireland,EC Joyce,GC Wilson,AD Russell,0,0,,,,,,"",""
ball,2,37.3,Ireland,EC Joyce,GC Wilson,AD Russell,0,0,,,,,,bowled,EC Joyce
ball,2,37.4,Ireland,KJ O'Brien,GC Wilson,AD Russell,0,0,,,,,,"",""
ball,2,37.5,Ireland,KJ O'Brien,GC Wilson,AD Russell,0,0,,,,,,"",""
ball,2,37.6,Ireland,KJ O'Brien,GC Wilson,AD Russell,0,0,,,,,,"",""
ball,2,38.1,Ireland,GC Wilson,KJ O'Brien,KA Pollard,1,0,,,,,,"",""
ball,2,38.2,Ireland,KJ O'Brien,GC Wilson,KA Pollard,1,0,,,,,,"",""
ball,2,38.3,Ireland,GC Wilson,KJ O'Brien,KA Pollard,1,0,,,,,,"",""
ball,2,38.4,Ireland,KJ O'Brien,GC Wilson,KA Pollard,0,1,,,,1,,"",""
ball,2,38.5,Ireland,GC Wilson,KJ O'Brien,KA Pollard,1,0,,,,,,"",""
ball,2,38.6,Ireland,KJ O'Brien,GC Wilson,KA Pollard,1,0,,,,,,"",""
ball,2,39.1,Ireland,KJ O'Brien,GC Wilson,DJG Sammy,2,0,,,,,,"",""
ball,2,39.2,Ireland,KJ O'Brien,GC Wilson,DJG Sammy,1,0,,,,,,"",""
ball,2,39.3,Ireland,GC Wilson,KJ O'Brien,DJG Sammy,1,0,,,,,,"",""
ball,2,39.4,Ireland,KJ O'Brien,GC Wilson,DJG Sammy,0,0,,,,,,caught,KJ O'Brien
ball,2,39.5,Ireland,GC Wilson,AR Cusack,DJG Sammy,0,0,,,,,,"",""
ball,2,39.6,Ireland,GC Wilson,AR Cusack,DJG Sammy,4,0,,,,,,"",""
ball,2,40.1,Ireland,AR Cusack,GC Wilson,KA Pollard,0,0,,,,,,"",""
ball,2,40.2,Ireland,AR Cusack,GC Wilson,KA Pollard,1,0,,,,,,"",""
ball,2,40.3,Ireland,GC Wilson,AR Cusack,KA Pollard,0,0,,,,,,"",""
ball,2,40.4,Ireland,GC Wilson,AR Cusack,KA Pollard,4,0,,,,,,"",""
ball,2,40.5,Ireland,GC Wilson,AR Cusack,KA Pollard,0,0,,,,,,"",""
ball,2,40.6,Ireland,GC Wilson,AR Cusack,KA Pollard,1,0,,,,,,"",""
ball,2,41.1,Ireland,GC Wilson,AR Cusack,DJG Sammy,1,0,,,,,,"",""
ball,2,41.2,Ireland,AR Cusack,GC Wilson,DJG Sammy,1,0,,,,,,"",""
ball,2,41.3,Ireland,GC Wilson,AR Cusack,DJG Sammy,0,0,,,,,,"",""
ball,2,41.4,Ireland,GC Wilson,AR Cusack,DJG Sammy,0,0,,,,,,lbw,GC Wilson
ball,2,41.5,Ireland,JF Mooney,AR Cusack,DJG Sammy,0,0,,,,,,"",""
ball,2,41.6,Ireland,JF Mooney,AR Cusack,DJG Sammy,0,0,,,,,,"",""
ball,2,42.1,Ireland,AR Cusack,JF Mooney,SJ Benn,0,0,,,,,,"",""
ball,2,42.2,Ireland,AR Cusack,JF Mooney,SJ Benn,0,0,,,,,,stumped,AR Cusack
ball,2,42.3,Ireland,AC Botha,JF Mooney,SJ Benn,0,0,,,,,,"",""
ball,2,42.4,Ireland,AC Botha,JF Mooney,SJ Benn,0,0,,,,,,"",""
ball,2,42.5,Ireland,AC Botha,JF Mooney,SJ Benn,0,0,,,,,,"",""
ball,2,42.6,Ireland,AC Botha,JF Mooney,SJ Benn,0,1,1,,,,,"",""
ball,2,42.7,Ireland,AC Botha,JF Mooney,SJ Benn,0,0,,,,,,"",""
ball,2,43.1,Ireland,JF Mooney,AC Botha,KAJ Roach,1,0,,,,,,"",""
ball,2,43.2,Ireland,AC Botha,JF Mooney,KAJ Roach,0,0,,,,,,"",""
ball,2,43.3,Ireland,AC Botha,JF Mooney,KAJ Roach,0,0,,,,,,"",""
ball,2,43.4,Ireland,AC Botha,JF Mooney,KAJ Roach,0,0,,,,,,run out,AC Botha
ball,2,43.5,Ireland,JF Mooney,GH Dockrell,KAJ Roach,0,1,,,,1,,"",""
ball,2,43.6,Ireland,GH Dockrell,JF Mooney,KAJ Roach,1,0,,,,,,"",""
ball,2,44.1,Ireland,GH Dockrell,JF Mooney,SJ Benn,0,0,,,,,,"",""
ball,2,44.2,Ireland,GH Dockrell,JF Mooney,SJ Benn,1,0,,,,,,"",""
ball,2,44.3,Ireland,JF Mooney,GH Dockrell,SJ Benn,4,0,,,,,,"",""
ball,2,44.4,Ireland,JF Mooney,GH Dockrell,SJ Benn,1,0,,,,,,"",""
ball,2,44.5,Ireland,GH Dockrell,JF Mooney,SJ Benn,0,0,,,,,,"",""
ball,2,44.6,Ireland,GH Dockrell,JF Mooney,SJ Benn,1,0,,,,,,"",""
ball,2,45.1,Ireland,GH Dockrell,JF Mooney,KAJ Roach,0,0,,,,,,"",""
ball,2,45.2,Ireland,GH Dockrell,JF Mooney,KAJ Roach,0,0,,,,,,"",""
ball,2,45.3,Ireland,GH Dockrell,JF Mooney,KAJ Roach,4,0,,,,,,"",""
ball,2,45.4,Ireland,GH Dockrell,JF Mooney,KAJ Roach,1,0,,,,,,"",""
ball,2,45.5,Ireland,JF Mooney,GH Dockrell,KAJ Roach,0,0,,,,,,bowled,JF Mooney
ball,2,45.6,Ireland,WB Rankin,GH Dockrell,KAJ Roach,1,0,,,,,,"",""
ball,2,46.1,Ireland,WB Rankin,GH Dockrell,SJ Benn,1,0,,,,,,"",""
ball,2,46.2,Ireland,GH Dockrell,WB Rankin,SJ Benn,0,0,,,,,,"",""
ball,2,46.3,Ireland,GH Dockrell,WB Rankin,SJ Benn,4,0,,,,,,"",""
ball,2,46.4,Ireland,GH Dockrell,WB Rankin,SJ Benn,0,0,,,,,,"",""
ball,2,46.5,Ireland,GH Dockrell,WB Rankin,SJ Benn,4,0,,,,,,"",""
ball,2,46.6,Ireland,GH Dockrell,WB Rankin,SJ Benn,0,0,,,,,,"",""
ball,2,47.1,Ireland,WB Rankin,GH Dockrell,KAJ Roach,0,0,,,,,,"",""
ball,2,47.2,Ireland,WB Rankin,GH Dockrell,KAJ Roach,0,0,,,,,,"",""
ball,2,47.3,Ireland,WB Rankin,GH Dockrell,KAJ Roach,0,0,,,,,,"",""
ball,2,47.4,Ireland,WB Rankin,GH Dockrell,KAJ Roach,1,0,,,,,,"",""
ball,2,47.5,Ireland,GH Dockrell,WB Rankin,KAJ Roach,0,0,,,,,,"",""
ball,2,47.6,Ireland,GH Dockrell,WB Rankin,KAJ Roach,1,0,,,,,,"",""
ball,2,48.1,Ireland,GH Dockrell,WB Rankin,SJ Benn,1,0,,,,,,"",""
ball,2,48.2,Ireland,WB Rankin,GH Dockrell,SJ Benn,1,0,,,,,,"",""
ball,2,48.3,Ireland,GH Dockrell,WB Rankin,SJ Benn,1,0,,,,,,"",""
ball,2,48.4,Ireland,WB Rankin,GH Dockrell,SJ Benn,0,0,,,,,,"",""
ball,2,48.5,Ireland,WB Rankin,GH Dockrell,SJ Benn,1,0,,,,,,"",""
ball,2,48.6,Ireland,GH Dockrell,WB Rankin,SJ Benn,0,0,,,,,,bowled,GH Dockrell
