version,1.6.0
info,balls_per_over,6
info,team,Canada
info,team,Pakistan
info,gender,male
info,season,2010/11
info,date,2011/03/03
info,event,ICC Cricket World Cup
info,match_number,17
info,venue,R Premadasa Stadium
info,city,Colombo
info,neutralvenue,true
info,toss_winner,Pakistan
info,toss_decision,bat
info,player_of_match,Shahid Afridi
info,umpire,DJ Harper
info,umpire,NJ Llong
info,reserve_umpire,IJ Gould
info,tv_umpire,AL Hill
info,match_referee,BC Broad
info,winner,Pakistan
info,winner_runs,46
info,player,Canada,R Gunasekera
info,player,Canada,NR Kumar
info,player,Canada,ZE Surkari
info,player,Canada,A Bagai
info,player,Canada,AS Hansra
info,player,Canada,Rizwan Cheema
info,player,Canada,TG Gordon
info,player,Canada,HS Baidwan
info,player,Canada,Khurram Chohan
info,player,Canada,WD Balaji Rao
info,player,Canada,H Osinde
info,player,Pakistan,Mohammad Hafeez
info,player,Pakistan,Ahmed Shehzad
info,player,Pakistan,Kamran Akmal
info,player,Pakistan,Younis Khan
info,player,Pakistan,Misbah-ul-Haq
info,player,Pakistan,Umar Akmal
info,player,Pakistan,Shahid Afridi
info,player,Pakistan,Abdul Razzaq
info,player,Pakistan,Umar Gul
info,player,Pakistan,Wahab Riaz
info,player,Pakistan,Saeed Ajmal
info,registry,people,A Bagai,112959b2
info,registry,people,AL Hill,4165ced0
info,registry,people,AS Hansra,795df06c
info,registry,people,Abdul Razzaq,390ff45b
info,registry,people,Ahmed Shehzad,f8fd6e3f
info,registry,people,BC Broad,d6a7dd38
info,registry,people,DJ Harper,0ec08b27
info,registry,people,H Osinde,2b8b75a0
info,registry,people,HS Baidwan,7839bf3a
info,registry,people,IJ Gould,a9dfdf6c
info,registry,people,Kamran Akmal,ff077124
info,registry,people,Khurram Chohan,796e4140
info,registry,people,Misbah-ul-Haq,7eae4418
info,registry,people,Mohammad Hafeez,9ab63e7b
info,registry,people,NJ Llong,573fb985
info,registry,people,NR Kumar,b3bad3f2
info,registry,people,R Gunasekera,9b6ad88a
info,registry,people,Rizwan Cheema,3a026eb4
info,registry,people,Saeed Ajmal,05d74535
info,registry,people,Shahid Afridi,0dc00542
info,registry,people,TG Gordon,9cbbe35b
info,registry,people,Umar Akmal,fd2bf2a0
info,registry,people,Umar Gul,16dfcc19
info,registry,people,WD Balaji Rao,8fd3b94d
info,registry,people,Wahab Riaz,b3118300
info,registry,people,Younis Khan,33cb3411
info,registry,people,ZE Surkari,c981bfad
ball,1,0.1,Pakistan,Mohammad Hafeez,Ahmed Shehzad,Khurram Chohan,0,0,,,,,,"",""
ball,1,0.2,Pakistan,Mohammad Hafeez,Ahmed Shehzad,Khurram Chohan,1,1,,1,,,,"",""
ball,1,0.3,Pakistan,Ahmed Shehzad,Mohammad Hafeez,Khurram Chohan,1,0,,,,,,"",""
ball,1,0.4,Pakistan,Mohammad Hafeez,Ahmed Shehzad,Khurram Chohan,0,0,,,,,,"",""
ball,1,0.5,Pakistan,Mohammad Hafeez,Ahmed Shehzad,Khurram Chohan,0,0,,,,,,"",""
ball,1,0.6,Pakistan,Mohammad Hafeez,Ahmed Shehzad,Khurram Chohan,0,1,,,,1,,"",""
ball,1,0.7,Pakistan,Ahmed Shehzad,Mohammad Hafeez,Khurram Chohan,0,0,,,,,,"",""
ball,1,1.1,Pakistan,Mohammad Hafeez,Ahmed Shehzad,H Osinde,0,0,,,,,,"",""
ball,1,1.2,Pakistan,Mohammad Hafeez,Ahmed Shehzad,H Osinde,4,0,,,,,,"",""
ball,1,1.3,Pakistan,Mohammad Hafeez,Ahmed Shehzad,H Osinde,4,0,,,,,,"",""
ball,1,1.4,Pakistan,Mohammad Hafeez,Ahmed Shehzad,H Osinde,0,0,,,,,,"",""
ball,1,1.5,Pakistan,Mohammad Hafeez,Ahmed Shehzad,H Osinde,1,0,,,,,,"",""
ball,1,1.6,Pakistan,Ahmed Shehzad,Mohammad Hafeez,H Osinde,0,0,,,,,,"",""
ball,1,2.1,Pakistan,Mohammad Hafeez,Ahmed Shehzad,Khurram Chohan,1,0,,,,,,"",""
ball,1,2.2,Pakistan,Ahmed Shehzad,Mohammad Hafeez,Khurram Chohan,2,0,,,,,,"",""
ball,1,2.3,Pakistan,Ahmed Shehzad,Mohammad Hafeez,Khurram Chohan,0,0,,,,,,"",""
ball,1,2.4,Pakistan,Ahmed Shehzad,Mohammad Hafeez,Khurram Chohan,0,0,,,,,,"",""
ball,1,2.5,Pakistan,Ahmed Shehzad,Mohammad Hafeez,Khurram Chohan,0,0,,,,,,"",""
ball,1,2.6,Pakistan,Ahmed Shehzad,Mohammad Hafeez,Khurram Chohan,0,0,,,,,,"",""
ball,1,3.1,Pakistan,Mohammad Hafeez,Ahmed Shehzad,H Osinde,0,0,,,,,,lbw,Mohammad Hafeez
ball,1,3.2,Pakistan,Kamran Akmal,Ahmed Shehzad,H Osinde,0,0,,,,,,"",""
ball,1,3.3,Pakistan,Kamran Akmal,Ahmed Shehzad,H Osinde,0,0,,,,,,"",""
ball,1,3.4,Pakistan,Kamran Akmal,Ahmed Shehzad,H Osinde,0,0,,,,,,"",""
ball,1,3.5,Pakistan,Kamran Akmal,Ahmed Shehzad,H Osinde,0,0,,,,,,"",""
ball,1,3.6,Pakistan,Kamran Akmal,Ahmed Shehzad,H Osinde,0,0,,,,,,"",""
ball,1,4.1,Pakistan,Ahmed Shehzad,Kamran Akmal,Khurram Chohan,0,0,,,,,,"",""
ball,1,4.2,Pakistan,Ahmed Shehzad,Kamran Akmal,Khurram Chohan,0,0,,,,,,"",""
ball,1,4.3,Pakistan,Ahmed Shehzad,Kamran Akmal,Khurram Chohan,0,0,,,,,,"",""
ball,1,4.4,Pakistan,Ahmed Shehzad,Kamran Akmal,Khurram Chohan,4,0,,,,,,"",""
ball,1,4.5,Pakistan,Ahmed Shehzad,Kamran Akmal,Khurram Chohan,0,0,,,,,,"",""
ball,1,4.6,Pakistan,Ahmed Shehzad,Kamran Akmal,Khurram Chohan,0,0,,,,,,"",""
ball,1,5.1,Pakistan,Kamran Akmal,Ahmed Shehzad,H Osinde,0,1,1,,,,,"",""
ball,1,5.2,Pakistan,Kamran Akmal,Ahmed Shehzad,H Osinde,0,0,,,,,,"",""
ball,1,5.3,Pakistan,Kamran Akmal,Ahmed Shehzad,H Osinde,0,1,1,,,,,"",""
ball,1,5.4,Pakistan,Kamran Akmal,Ahmed Shehzad,H Osinde,4,0,,,,,,"",""
ball,1,5.5,Pakistan,Kamran Akmal,Ahmed Shehzad,H Osinde,0,0,,,,,,"",""
ball,1,5.6,Pakistan,Kamran Akmal,Ahmed Shehzad,H Osinde,0,0,,,,,,"",""
ball,1,5.7,Pakistan,Kamran Akmal,Ahmed Shehzad,H Osinde,0,0,,,,,,"",""
ball,1,5.8,Pakistan,Kamran Akmal,Ahmed Shehzad,H Osinde,1,0,,,,,,"",""
ball,1,6.1,Pakistan,Kamran Akmal,Ahmed Shehzad,Khurram Chohan,0,0,,,,,,"",""
ball,1,6.2,Pakistan,Kamran Akmal,Ahmed Shehzad,Khurram Chohan,0,0,,,,,,"",""
ball,1,6.3,Pakistan,Kamran Akmal,Ahmed Shehzad,Khurram Chohan,0,0,,,,,,"",""
ball,1,6.4,Pakistan,Kamran Akmal,Ahmed Shehzad,TG Gordon,0,1,1,,,,,"",""
ball,1,6.5,Pakistan,Kamran Akmal,Ahmed Shehzad,TG Gordon,0,0,,,,,,"",""
ball,1,6.6,Pakistan,Kamran Akmal,Ahmed Shehzad,TG Gordon,0,0,,,,,,"",""
ball,1,6.7,Pakistan,Kamran Akmal,Ahmed Shehzad,TG Gordon,0,0,,,,,,"",""
ball,1,7.1,Pakistan,Ahmed Shehzad,Kamran Akmal,H Osinde,0,1,1,,,,,"",""
ball,1,7.2,Pakistan,Ahmed Shehzad,Kamran Akmal,H Osinde,0,0,,,,,,"",""
ball,1,7.3,Pakistan,Ahmed Shehzad,Kamran Akmal,H Osinde,0,0,,,,,,"",""
ball,1,7.4,Pakistan,Ahmed Shehzad,Kamran Akmal,H Osinde,0,0,,,,,,"",""
ball,1,7.5,Pakistan,Ahmed Shehzad,Kamran Akmal,H Osinde,1,0,,,,,,"",""
ball,1,7.6,Pakistan,Kamran Akmal,Ahmed Shehzad,H Osinde,4,0,,,,,,"",""
ball,1,7.7,Pakistan,Kamran Akmal,Ahmed Shehzad,H Osinde,0,0,,,,,,"",""
ball,1,8.1,Pakistan,Ahmed Shehzad,Kamran Akmal,HS Baidwan,0,0,,,,,,"",""
ball,1,8.2,Pakistan,Ahmed Shehzad,Kamran Akmal,HS Baidwan,0,0,,,,,,"",""
ball,1,8.3,Pakistan,Ahmed Shehzad,Kamran Akmal,HS Baidwan,0,4,,,4,,,"",""
ball,1,8.4,Pakistan,Ahmed Shehzad,Kamran Akmal,HS Baidwan,4,0,,,,,,"",""
ball,1,8.5,Pakistan,Ahmed Shehzad,Kamran Akmal,HS Baidwan,0,0,,,,,,caught,Ahmed Shehzad
ball,1,8.6,Pakistan,Younis Khan,Kamran Akmal,HS Baidwan,1,0,,,,,,"",""
ball,1,9.1,Pakistan,Younis Khan,Kamran Akmal,H Osinde,0,0,,,,,,"",""
ball,1,9.2,Pakistan,Younis Khan,Kamran Akmal,H Osinde,0,0,,,,,,"",""
ball,1,9.3,Pakistan,Younis Khan,Kamran Akmal,H Osinde,0,1,1,,,,,"",""
ball,1,9.4,Pakistan,Younis Khan,Kamran Akmal,H Osinde,0,0,,,,,,"",""
ball,1,9.5,Pakistan,Younis Khan,Kamran Akmal,H Osinde,0,0,,,,,,"",""
ball,1,9.6,Pakistan,Younis Khan,Kamran Akmal,H Osinde,0,0,,,,,,"",""
ball,1,9.7,Pakistan,Younis Khan,Kamran Akmal,H Osinde,0,0,,,,,,"",""
ball,1,10.1,Pakistan,Kamran Akmal,Younis Khan,HS Baidwan,0,0,,,,,,"",""
ball,1,10.2,Pakistan,Kamran Akmal,Younis Khan,HS Baidwan,0,0,,,,,,"",""
ball,1,10.3,Pakistan,Kamran Akmal,Younis Khan,HS Baidwan,0,0,,,,,,"",""
ball,1,10.4,Pakistan,Kamran Akmal,Younis Khan,HS Baidwan,1,0,,,,,,"",""
ball,1,10.5,Pakistan,Younis Khan,Kamran Akmal,HS Baidwan,0,0,,,,,,"",""
ball,1,10.6,Pakistan,Younis Khan,Kamran Akmal,HS Baidwan,0,0,,,,,,"",""
ball,1,11.1,Pakistan,Kamran Akmal,Younis Khan,Rizwan Cheema,1,0,,,,,,"",""
ball,1,11.2,Pakistan,Younis Khan,Kamran Akmal,Rizwan Cheema,0,1,1,,,,,"",""
ball,1,11.3,Pakistan,Younis Khan,Kamran Akmal,Rizwan Cheema,0,1,1,,,,,"",""
ball,1,11.4,Pakistan,Younis Khan,Kamran Akmal,Rizwan Cheema,0,0,,,,,,"",""
ball,1,11.5,Pakistan,Younis Khan,Kamran Akmal,Rizwan Cheema,1,0,,,,,,"",""
ball,1,11.6,Pakistan,Kamran Akmal,Younis Khan,Rizwan Cheema,0,0,,,,,,"",""
ball,1,11.7,Pakistan,Kamran Akmal,Younis Khan,Rizwan Cheema,0,0,,,,,,"",""
ball,1,11.8,Pakistan,Kamran Akmal,Younis Khan,Rizwan Cheema,1,0,,,,,,"",""
ball,1,12.1,Pakistan,Kamran Akmal,Younis Khan,HS Baidwan,0,0,,,,,,"",""
ball,1,12.2,Pakistan,Kamran Akmal,Younis Khan,HS Baidwan,0,0,,,,,,"",""
ball,1,12.3,Pakistan,Kamran Akmal,Younis Khan,HS Baidwan,1,0,,,,,,"",""
ball,1,12.4,Pakistan,Younis Khan,Kamran Akmal,HS Baidwan,4,0,,,,,,"",""
ball,1,12.5,Pakistan,Younis Khan,Kamran Akmal,HS Baidwan,0,0,,,,,,lbw,Younis Khan
ball,1,12.6,Pakistan,Misbah-ul-Haq,Kamran Akmal,HS Baidwan,1,0,,,,,,"",""
ball,1,13.1,Pakistan,Misbah-ul-Haq,Kamran Akmal,Rizwan Cheema,0,0,,,,,,"",""
ball,1,13.2,Pakistan,Misbah-ul-Haq,Kamran Akmal,Rizwan Cheema,0,0,,,,,,"",""
ball,1,13.3,Pakistan,Misbah-ul-Haq,Kamran Akmal,Rizwan Cheema,0,0,,,,,,"",""
ball,1,13.4,Pakistan,Misbah-ul-Haq,Kamran Akmal,Rizwan Cheema,0,0,,,,,,"",""
ball,1,13.5,Pakistan,Misbah-ul-Haq,Kamran Akmal,Rizwan Cheema,0,0,,,,,,"",""
ball,1,13.6,Pakistan,Misbah-ul-Haq,Kamran Akmal,Rizwan Cheema,2,0,,,,,,"",""
ball,1,14.1,Pakistan,Kamran Akmal,Misbah-ul-Haq,HS Baidwan,0,0,,,,,,"",""
ball,1,14.2,Pakistan,Kamran Akmal,Misbah-ul-Haq,HS Baidwan,2,0,,,,,,"",""
ball,1,14.3,Pakistan,Kamran Akmal,Misbah-ul-Haq,HS Baidwan,0,0,,,,,,"",""
ball,1,14.4,Pakistan,Kamran Akmal,Misbah-ul-Haq,HS Baidwan,0,1,1,,,,,"",""
ball,1,14.5,Pakistan,Kamran Akmal,Misbah-ul-Haq,HS Baidwan,0,0,,,,,,"",""
ball,1,14.6,Pakistan,Kamran Akmal,Misbah-ul-Haq,HS Baidwan,1,0,,,,,,"",""
ball,1,14.7,Pakistan,Misbah-ul-Haq,Kamran Akmal,HS Baidwan,0,5,5,,,,,"",""
ball,1,14.8,Pakistan,Misbah-ul-Haq,Kamran Akmal,HS Baidwan,0,0,,,,,,"",""
ball,1,15.1,Pakistan,Kamran Akmal,Misbah-ul-Haq,Rizwan Cheema,0,0,,,,,,"",""
ball,1,15.2,Pakistan,Kamran Akmal,Misbah-ul-Haq,Rizwan Cheema,0,0,,,,,,"",""
ball,1,15.3,Pakistan,Kamran Akmal,Misbah-ul-Haq,Rizwan Cheema,0,0,,,,,,caught,Kamran Akmal
ball,1,15.4,Pakistan,Umar Akmal,Misbah-ul-Haq,Rizwan Cheema,4,0,,,,,,"",""
ball,1,15.5,Pakistan,Umar Akmal,Misbah-ul-Haq,Rizwan Cheema,0,0,,,,,,"",""
ball,1,15.6,Pakistan,Umar Akmal,Misbah-ul-Haq,Rizwan Cheema,1,0,,,,,,"",""
ball,1,16.1,Pakistan,Umar Akmal,Misbah-ul-Haq,HS Baidwan,0,0,,,,,,"",""
ball,1,16.2,Pakistan,Umar Akmal,Misbah-ul-Haq,HS Baidwan,0,0,,,,,,"",""
ball,1,16.3,Pakistan,Umar Akmal,Misbah-ul-Haq,HS Baidwan,0,0,,,,,,"",""
ball,1,16.4,Pakistan,Umar Akmal,Misbah-ul-Haq,HS Baidwan,0,0,,,,,,"",""
ball,1,16.5,Pakistan,Umar Akmal,Misbah-ul-Haq,HS Baidwan,0,0,,,,,,"",""
ball,1,16.6,Pakistan,Umar Akmal,Misbah-ul-Haq,HS Baidwan,0,0,,,,,,"",""
ball,1,17.1,Pakistan,Misbah-ul-Haq,Umar Akmal,Rizwan Cheema,1,0,,,,,,"",""
ball,1,17.2,Pakistan,Umar Akmal,Misbah-ul-Haq,Rizwan Cheema,1,0,,,,,,"",""
ball,1,17.3,Pakistan,Misbah-ul-Haq,Umar Akmal,Rizwan Cheema,0,0,,,,,,"",""
ball,1,17.4,Pakistan,Misbah-ul-Haq,Umar Akmal,Rizwan Cheema,0,0,,,,,,"",""
ball,1,17.5,Pakistan,Misbah-ul-Haq,Umar Akmal,Rizwan Cheema,2,0,,,,,,"",""
ball,1,17.6,Pakistan,Misbah-ul-Haq,Umar Akmal,Rizwan Cheema,0,0,,,,,,"",""
ball,1,18.1,Pakistan,Umar Akmal,Misbah-ul-Haq,HS Baidwan,0,0,,,,,,"",""
ball,1,18.2,Pakistan,Umar Akmal,Misbah-ul-Haq,HS Baidwan,1,0,,,,,,"",""
ball,1,18.3,Pakistan,Misbah-ul-Haq,Umar Akmal,HS Baidwan,0,0,,,,,,"",""
ball,1,18.4,Pakistan,Misbah-ul-Haq,Umar Akmal,HS Baidwan,1,0,,,,,,"",""
ball,1,18.5,Pakistan,Umar Akmal,Misbah-ul-Haq,HS Baidwan,0,0,,,,,,"",""
ball,1,18.6,Pakistan,Umar Akmal,Misbah-ul-Haq,HS Baidwan,0,0,,,,,,"",""
ball,1,19.1,Pakistan,Misbah-ul-Haq,Umar Akmal,H Osinde,1,0,,,,,,"",""
ball,1,19.2,Pakistan,Umar Akmal,Misbah-ul-Haq,H Osinde,0,0,,,,,,"",""
ball,1,19.3,Pakistan,Umar Akmal,Misbah-ul-Haq,H Osinde,0,0,,,,,,"",""
ball,1,19.4,Pakistan,Umar Akmal,Misbah-ul-Haq,H Osinde,0,0,,,,,,"",""
ball,1,19.5,Pakistan,Umar Akmal,Misbah-ul-Haq,H Osinde,0,0,,,,,,"",""
ball,1,19.6,Pakistan,Umar Akmal,Misbah-ul-Haq,H Osinde,0,0,,,,,,"",""
ball,1,20.1,Pakistan,Misbah-ul-Haq,Umar Akmal,WD Balaji Rao,1,0,,,,,,"",""
ball,1,20.2,Pakistan,Umar Akmal,Misbah-ul-Haq,WD Balaji Rao,0,0,,,,,,"",""
ball,1,20.3,Pakistan,Umar Akmal,Misbah-ul-Haq,WD Balaji Rao,0,0,,,,,,"",""
ball,1,20.4,Pakistan,Umar Akmal,Misbah-ul-Haq,WD Balaji Rao,1,0,,,,,,"",""
ball,1,20.5,Pakistan,Misbah-ul-Haq,Umar Akmal,WD Balaji Rao,1,0,,,,,,"",""
ball,1,20.6,Pakistan,Umar Akmal,Misbah-ul-Haq,WD Balaji Rao,0,0,,,,,,"",""
ball,1,21.1,Pakistan,Misbah-ul-Haq,Umar Akmal,H Osinde,0,0,,,,,,"",""
ball,1,21.2,Pakistan,Misbah-ul-Haq,Umar Akmal,H Osinde,0,0,,,,,,"",""
ball,1,21.3,Pakistan,Misbah-ul-Haq,Umar Akmal,H Osinde,0,1,1,,,,,"",""
ball,1,21.4,Pakistan,Misbah-ul-Haq,Umar Akmal,H Osinde,0,0,,,,,,"",""
ball,1,21.5,Pakistan,Misbah-ul-Haq,Umar Akmal,H Osinde,0,0,,,,,,"",""
ball,1,21.6,Pakistan,Misbah-ul-Haq,Umar Akmal,H Osinde,0,0,,,,,,"",""
ball,1,21.7,Pakistan,Misbah-ul-Haq,Umar Akmal,H Osinde,0,0,,,,,,"",""
ball,1,22.1,Pakistan,Umar Akmal,Misbah-ul-Haq,WD Balaji Rao,6,0,,,,,,"",""
ball,1,22.2,Pakistan,Umar Akmal,Misbah-ul-Haq,WD Balaji Rao,1,0,,,,,,"",""
ball,1,22.3,Pakistan,Misbah-ul-Haq,Umar Akmal,WD Balaji Rao,1,0,,,,,,"",""
ball,1,22.4,Pakistan,Umar Akmal,Misbah-ul-Haq,WD Balaji Rao,0,0,,,,,,"",""
ball,1,22.5,Pakistan,Umar Akmal,Misbah-ul-Haq,WD Balaji Rao,0,0,,,,,,"",""
ball,1,22.6,Pakistan,Umar Akmal,Misbah-ul-Haq,WD Balaji Rao,0,0,,,,,,"",""
ball,1,23.1,Pakistan,Misbah-ul-Haq,Umar Akmal,Rizwan Cheema,0,0,,,,,,"",""
ball,1,23.2,Pakistan,Misbah-ul-Haq,Umar Akmal,Rizwan Cheema,0,1,1,,,,,"",""
ball,1,23.3,Pakistan,Misbah-ul-Haq,Umar Akmal,Rizwan Cheema,1,0,,,,,,"",""
ball,1,23.4,Pakistan,Umar Akmal,Misbah-ul-Haq,Rizwan Cheema,0,0,,,,,,"",""
ball,1,23.5,Pakistan,Umar Akmal,Misbah-ul-Haq,Rizwan Cheema,0,0,,,,,,"",""
ball,1,23.6,Pakistan,Umar Akmal,Misbah-ul-Haq,Rizwan Cheema,1,0,,,,,,"",""
ball,1,23.7,Pakistan,Misbah-ul-Haq,Umar Akmal,Rizwan Cheema,0,0,,,,,,"",""
ball,1,24.1,Pakistan,Umar Akmal,Misbah-ul-Haq,WD Balaji Rao,0,0,,,,,,"",""
ball,1,24.2,Pakistan,Umar Akmal,Misbah-ul-Haq,WD Balaji Rao,0,0,,,,,,"",""
ball,1,24.3,Pakistan,Umar Akmal,Misbah-ul-Haq,WD Balaji Rao,0,0,,,,,,"",""
ball,1,24.4,Pakistan,Umar Akmal,Misbah-ul-Haq,WD Balaji Rao,4,0,,,,,,"",""
ball,1,24.5,Pakistan,Umar Akmal,Misbah-ul-Haq,WD Balaji Rao,1,0,,,,,,"",""
ball,1,24.6,Pakistan,Misbah-ul-Haq,Umar Akmal,WD Balaji Rao,0,0,,,,,,"",""
ball,1,25.1,Pakistan,Umar Akmal,Misbah-ul-Haq,Rizwan Cheema,2,0,,,,,,"",""
ball,1,25.2,Pakistan,Umar Akmal,Misbah-ul-Haq,Rizwan Cheema,1,0,,,,,,"",""
ball,1,25.3,Pakistan,Misbah-ul-Haq,Umar Akmal,Rizwan Cheema,0,0,,,,,,"",""
ball,1,25.4,Pakistan,Misbah-ul-Haq,Umar Akmal,Rizwan Cheema,0,0,,,,,,"",""
ball,1,25.5,Pakistan,Misbah-ul-Haq,Umar Akmal,Rizwan Cheema,1,0,,,,,,"",""
ball,1,25.6,Pakistan,Umar Akmal,Misbah-ul-Haq,Rizwan Cheema,1,0,,,,,,"",""
ball,1,26.1,Pakistan,Umar Akmal,Misbah-ul-Haq,WD Balaji Rao,1,0,,,,,,"",""
ball,1,26.2,Pakistan,Misbah-ul-Haq,Umar Akmal,WD Balaji Rao,1,0,,,,,,"",""
ball,1,26.3,Pakistan,Umar Akmal,Misbah-ul-Haq,WD Balaji Rao,1,0,,,,,,"",""
ball,1,26.4,Pakistan,Misbah-ul-Haq,Umar Akmal,WD Balaji Rao,0,0,,,,,,"",""
ball,1,26.5,Pakistan,Misbah-ul-Haq,Umar Akmal,WD Balaji Rao,0,0,,,,,,"",""
ball,1,26.6,Pakistan,Misbah-ul-Haq,Umar Akmal,WD Balaji Rao,0,0,,,,,,"",""
ball,1,27.1,Pakistan,Umar Akmal,Misbah-ul-Haq,Rizwan Cheema,0,0,,,,,,"",""
ball,1,27.2,Pakistan,Umar Akmal,Misbah-ul-Haq,Rizwan Cheema,1,0,,,,,,"",""
ball,1,27.3,Pakistan,Misbah-ul-Haq,Umar Akmal,Rizwan Cheema,0,0,,,,,,"",""
ball,1,27.4,Pakistan,Misbah-ul-Haq,Umar Akmal,Rizwan Cheema,0,0,,,,,,"",""
ball,1,27.5,Pakistan,Misbah-ul-Haq,Umar Akmal,Rizwan Cheema,1,0,,,,,,"",""
ball,1,27.6,Pakistan,Umar Akmal,Misbah-ul-Haq,Rizwan Cheema,1,0,,,,,,"",""
ball,1,28.1,Pakistan,Umar Akmal,Misbah-ul-Haq,WD Balaji Rao,1,0,,,,,,"",""
ball,1,28.2,Pakistan,Misbah-ul-Haq,Umar Akmal,WD Balaji Rao,0,0,,,,,,"",""
ball,1,28.3,Pakistan,Misbah-ul-Haq,Umar Akmal,WD Balaji Rao,0,0,,,,,,"",""
ball,1,28.4,Pakistan,Misbah-ul-Haq,Umar Akmal,WD Balaji Rao,1,0,,,,,,"",""
ball,1,28.5,Pakistan,Umar Akmal,Misbah-ul-Haq,WD Balaji Rao,1,0,,,,,,"",""
ball,1,28.6,Pakistan,Misbah-ul-Haq,Umar Akmal,WD Balaji Rao,0,0,,,,,,"",""
ball,1,29.1,Pakistan,Umar Akmal,Misbah-ul-Haq,AS Hansra,0,0,,,,,,"",""
ball,1,29.2,Pakistan,Umar Akmal,Misbah-ul-Haq,AS Hansra,1,0,,,,,,"",""
ball,1,29.3,Pakistan,Misbah-ul-Haq,Umar Akmal,AS Hansra,0,0,,,,,,"",""
ball,1,29.4,Pakistan,Misbah-ul-Haq,Umar Akmal,AS Hansra,1,0,,,,,,"",""
ball,1,29.5,Pakistan,Umar Akmal,Misbah-ul-Haq,AS Hansra,0,0,,,,,,"",""
ball,1,29.6,Pakistan,Umar Akmal,Misbah-ul-Haq,AS Hansra,0,0,,,,,,"",""
ball,1,30.1,Pakistan,Misbah-ul-Haq,Umar Akmal,WD Balaji Rao,1,0,,,,,,"",""
ball,1,30.2,Pakistan,Umar Akmal,Misbah-ul-Haq,WD Balaji Rao,0,0,,,,,,"",""
ball,1,30.3,Pakistan,Umar Akmal,Misbah-ul-Haq,WD Balaji Rao,4,0,,,,,,"",""
ball,1,30.4,Pakistan,Umar Akmal,Misbah-ul-Haq,WD Balaji Rao,0,0,,,,,,"",""
ball,1,30.5,Pakistan,Umar Akmal,Misbah-ul-Haq,WD Balaji Rao,0,0,,,,,,"",""
ball,1,30.6,Pakistan,Umar Akmal,Misbah-ul-Haq,WD Balaji Rao,0,0,,,,,,"",""
ball,1,31.1,Pakistan,Misbah-ul-Haq,Umar Akmal,AS Hansra,3,0,,,,,,"",""
ball,1,31.2,Pakistan,Umar Akmal,Misbah-ul-Haq,AS Hansra,1,0,,,,,,"",""
ball,1,31.3,Pakistan,Misbah-ul-Haq,Umar Akmal,AS Hansra,0,0,,,,,,"",""
ball,1,31.4,Pakistan,Misbah-ul-Haq,Umar Akmal,AS Hansra,1,0,,,,,,"",""
ball,1,31.5,Pakistan,Umar Akmal,Misbah-ul-Haq,AS Hansra,1,0,,,,,,"",""
ball,1,31.6,Pakistan,Misbah-ul-Haq,Umar Akmal,AS Hansra,0,0,,,,,,"",""
ball,1,32.1,Pakistan,Umar Akmal,Misbah-ul-Haq,WD Balaji Rao,4,0,,,,,,"",""
ball,1,32.2,Pakistan,Umar Akmal,Misbah-ul-Haq,WD Balaji Rao,0,0,,,,,,"",""
ball,1,32.3,Pakistan,Umar Akmal,Misbah-ul-Haq,WD Balaji Rao,0,0,,,,,,"",""
ball,1,32.4,Pakistan,Umar Akmal,Misbah-ul-Haq,WD Balaji Rao,2,0,,,,,,"",""
ball,1,32.5,Pakistan,Umar Akmal,Misbah-ul-Haq,WD Balaji Rao,1,0,,,,,,"",""
ball,1,32.6,Pakistan,Misbah-ul-Haq,Umar Akmal,WD Balaji Rao,0,0,,,,,,"",""
ball,1,33.1,Pakistan,Umar Akmal,Misbah-ul-Haq,AS Hansra,0,0,,,,,,"",""
ball,1,33.2,Pakistan,Umar Akmal,Misbah-ul-Haq,AS Hansra,0,0,,,,,,"",""
ball,1,33.3,Pakistan,Umar Akmal,Misbah-ul-Haq,AS Hansra,0,0,,,,,,"",""
ball,1,33.4,Pakistan,Umar Akmal,Misbah-ul-Haq,AS Hansra,3,0,,,,,,"",""
ball,1,33.5,Pakistan,Misbah-ul-Haq,Umar Akmal,AS Hansra,0,0,,,,,,"",""
ball,1,33.6,Pakistan,Misbah-ul-Haq,Umar Akmal,AS Hansra,1,0,,,,,,"",""
ball,1,34.1,Pakistan,Misbah-ul-Haq,Umar Akmal,WD Balaji Rao,0,0,,,,,,"",""
ball,1,34.2,Pakistan,Misbah-ul-Haq,Umar Akmal,WD Balaji Rao,0,0,,,,,,"",""
ball,1,34.3,Pakistan,Misbah-ul-Haq,Umar Akmal,WD Balaji Rao,2,0,,,,,,"",""
ball,1,34.4,Pakistan,Misbah-ul-Haq,Umar Akmal,WD Balaji Rao,1,0,,,,,,"",""
ball,1,34.5,Pakistan,Umar Akmal,Misbah-ul-Haq,WD Balaji Rao,0,0,,,,,,"",""
ball,1,34.6,Pakistan,Umar Akmal,Misbah-ul-Haq,WD Balaji Rao,0,0,,,,,,lbw,Umar Akmal
ball,1,35.1,Pakistan,Misbah-ul-Haq,Shahid Afridi,HS Baidwan,1,0,,,,,,"",""
ball,1,35.2,Pakistan,Shahid Afridi,Misbah-ul-Haq,HS Baidwan,0,0,,,,,,"",""
ball,1,35.3,Pakistan,Shahid Afridi,Misbah-ul-Haq,HS Baidwan,4,0,,,,,,"",""
ball,1,35.4,Pakistan,Shahid Afridi,Misbah-ul-Haq,HS Baidwan,4,0,,,,,,"",""
ball,1,35.5,Pakistan,Shahid Afridi,Misbah-ul-Haq,HS Baidwan,1,0,,,,,,"",""
ball,1,35.6,Pakistan,Misbah-ul-Haq,Shahid Afridi,HS Baidwan,0,0,,,,,,"",""
ball,1,36.1,Pakistan,Shahid Afridi,Misbah-ul-Haq,WD Balaji Rao,1,0,,,,,,"",""
ball,1,36.2,Pakistan,Misbah-ul-Haq,Shahid Afridi,WD Balaji Rao,4,0,,,,,,"",""
ball,1,36.3,Pakistan,Misbah-ul-Haq,Shahid Afridi,WD Balaji Rao,2,0,,,,,,"",""
ball,1,36.4,Pakistan,Misbah-ul-Haq,Shahid Afridi,WD Balaji Rao,1,0,,,,,,"",""
ball,1,36.5,Pakistan,Shahid Afridi,Misbah-ul-Haq,WD Balaji Rao,1,0,,,,,,"",""
ball,1,36.6,Pakistan,Misbah-ul-Haq,Shahid Afridi,WD Balaji Rao,0,0,,,,,,"",""
ball,1,37.1,Pakistan,Shahid Afridi,Misbah-ul-Haq,AS Hansra,1,0,,,,,,"",""
ball,1,37.2,Pakistan,Misbah-ul-Haq,Shahid Afridi,AS Hansra,1,0,,,,,,"",""
ball,1,37.3,Pakistan,Shahid Afridi,Misbah-ul-Haq,AS Hansra,1,0,,,,,,"",""
ball,1,37.4,Pakistan,Misbah-ul-Haq,Shahid Afridi,AS Hansra,1,0,,,,,,"",""
ball,1,37.5,Pakistan,Shahid Afridi,Misbah-ul-Haq,AS Hansra,1,0,,,,,,"",""
ball,1,37.6,Pakistan,Misbah-ul-Haq,Shahid Afridi,AS Hansra,1,0,,,,,,"",""
ball,1,38.1,Pakistan,Misbah-ul-Haq,Shahid Afridi,WD Balaji Rao,0,0,,,,,,"",""
ball,1,38.2,Pakistan,Misbah-ul-Haq,Shahid Afridi,WD Balaji Rao,0,0,,,,,,caught,Misbah-ul-Haq
ball,1,38.3,Pakistan,Abdul Razzaq,Shahid Afridi,WD Balaji Rao,1,0,,,,,,"",""
ball,1,38.4,Pakistan,Shahid Afridi,Abdul Razzaq,WD Balaji Rao,1,0,,,,,,"",""
ball,1,38.5,Pakistan,Abdul Razzaq,Shahid Afridi,WD Balaji Rao,0,1,1,,,,,"",""
ball,1,38.6,Pakistan,Abdul Razzaq,Shahid Afridi,WD Balaji Rao,0,1,,,,1,,"",""
ball,1,38.7,Pakistan,Shahid Afridi,Abdul Razzaq,WD Balaji Rao,1,0,,,,,,"",""
ball,1,39.1,Pakistan,Shahid Afridi,Abdul Razzaq,AS Hansra,0,0,,,,,,"",""
ball,1,39.2,Pakistan,Shahid Afridi,Abdul Razzaq,AS Hansra,1,0,,,,,,"",""
ball,1,39.3,Pakistan,Abdul Razzaq,Shahid Afridi,AS Hansra,1,0,,,,,,"",""
ball,1,39.4,Pakistan,Shahid Afridi,Abdul Razzaq,AS Hansra,1,0,,,,,,"",""
ball,1,39.5,Pakistan,Abdul Razzaq,Shahid Afridi,AS Hansra,1,0,,,,,,"",""
ball,1,39.6,Pakistan,Shahid Afridi,Abdul Razzaq,AS Hansra,1,0,,,,,,"",""
ball,1,40.1,Pakistan,Shahid Afridi,Abdul Razzaq,Rizwan Cheema,1,0,,,,,,"",""
ball,1,40.2,Pakistan,Abdul Razzaq,Shahid Afridi,Rizwan Cheema,0,0,,,,,,"",""
ball,1,40.3,Pakistan,Abdul Razzaq,Shahid Afridi,Rizwan Cheema,4,0,,,,,,"",""
ball,1,40.4,Pakistan,Abdul Razzaq,Shahid Afridi,Rizwan Cheema,1,0,,,,,,"",""
ball,1,40.5,Pakistan,Shahid Afridi,Abdul Razzaq,Rizwan Cheema,0,0,,,,,,caught,Shahid Afridi
ball,1,40.6,Pakistan,Umar Gul,Abdul Razzaq,Rizwan Cheema,0,0,,,,,,"",""
ball,1,41.1,Pakistan,Abdul Razzaq,Umar Gul,AS Hansra,0,0,,,,,,lbw,Abdul Razzaq
ball,1,41.2,Pakistan,Wahab Riaz,Umar Gul,AS Hansra,0,0,,,,,,"",""
ball,1,41.3,Pakistan,Wahab Riaz,Umar Gul,AS Hansra,0,0,,,,,,"",""
ball,1,41.4,Pakistan,Wahab Riaz,Umar Gul,AS Hansra,0,0,,,,,,caught,Wahab Riaz
ball,1,41.5,Pakistan,Saeed Ajmal,Umar Gul,AS Hansra,0,0,,,,,,"",""
ball,1,41.6,Pakistan,Saeed Ajmal,Umar Gul,AS Hansra,0,0,,,,,,"",""
ball,1,42.1,Pakistan,Umar Gul,Saeed Ajmal,HS Baidwan,1,0,,,,,,"",""
ball,1,42.2,Pakistan,Saeed Ajmal,Umar Gul,HS Baidwan,0,1,,,,1,,"",""
ball,1,42.3,Pakistan,Umar Gul,Saeed Ajmal,HS Baidwan,0,0,,,,,,"",""
ball,1,42.4,Pakistan,Umar Gul,Saeed Ajmal,HS Baidwan,1,0,,,,,,"",""
ball,1,42.5,Pakistan,Saeed Ajmal,Umar Gul,HS Baidwan,0,0,,,,,,"",""
ball,1,42.6,Pakistan,Saeed Ajmal,Umar Gul,HS Baidwan,0,0,,,,,,bowled,Saeed Ajmal
ball,2,0.1,Canada,R Gunasekera,NR Kumar,Abdul Razzaq,0,0,,,,,,"",""
ball,2,0.2,Canada,R Gunasekera,NR Kumar,Abdul Razzaq,1,0,,,,,,"",""
ball,2,0.3,Canada,NR Kumar,R Gunasekera,Abdul Razzaq,0,1,1,,,,,"",""
ball,2,0.4,Canada,NR Kumar,R Gunasekera,Abdul Razzaq,0,0,,,,,,"",""
ball,2,0.5,Canada,NR Kumar,R Gunasekera,Abdul Razzaq,1,0,,,,,,"",""
ball,2,0.6,Canada,R Gunasekera,NR Kumar,Abdul Razzaq,1,0,,,,,,"",""
ball,2,0.7,Canada,NR Kumar,R Gunasekera,Abdul Razzaq,0,0,,,,,,"",""
ball,2,1.1,Canada,R Gunasekera,NR Kumar,Umar Gul,0,0,,,,,,"",""
ball,2,1.2,Canada,R Gunasekera,NR Kumar,Umar Gul,2,0,,,,,,"",""
ball,2,1.3,Canada,R Gunasekera,NR Kumar,Umar Gul,0,0,,,,,,"",""
ball,2,1.4,Canada,R Gunasekera,NR Kumar,Umar Gul,0,0,,,,,,"",""
ball,2,1.5,Canada,R Gunasekera,NR Kumar,Umar Gul,1,0,,,,,,"",""
ball,2,1.6,Canada,NR Kumar,R Gunasekera,Umar Gul,0,3,3,,,,,"",""
ball,2,1.7,Canada,NR Kumar,R Gunasekera,Umar Gul,0,0,,,,,,"",""
ball,2,2.1,Canada,R Gunasekera,NR Kumar,Abdul Razzaq,0,0,,,,,,"",""
ball,2,2.2,Canada,R Gunasekera,NR Kumar,Abdul Razzaq,2,0,,,,,,"",""
ball,2,2.3,Canada,R Gunasekera,NR Kumar,Abdul Razzaq,0,0,,,,,,"",""
ball,2,2.4,Canada,R Gunasekera,NR Kumar,Abdul Razzaq,0,0,,,,,,"",""
ball,2,2.5,Canada,R Gunasekera,NR Kumar,Abdul Razzaq,1,0,,,,,,"",""
ball,2,2.6,Canada,NR Kumar,R Gunasekera,Abdul Razzaq,0,0,,,,,,"",""
ball,2,3.1,Canada,R Gunasekera,NR Kumar,Umar Gul,0,0,,,,,,"",""
ball,2,3.2,Canada,R Gunasekera,NR Kumar,Umar Gul,0,1,,,,1,,"",""
ball,2,3.3,Canada,NR Kumar,R Gunasekera,Umar Gul,0,1,1,,,,,"",""
ball,2,3.4,Canada,NR Kumar,R Gunasekera,Umar Gul,0,0,,,,,,"",""
ball,2,3.5,Canada,NR Kumar,R Gunasekera,Umar Gul,0,0,,,,,,"",""
ball,2,3.6,Canada,NR Kumar,R Gunasekera,Umar Gul,1,0,,,,,,"",""
ball,2,3.7,Canada,R Gunasekera,NR Kumar,Umar Gul,0,0,,,,,,lbw,R Gunasekera
ball,2,4.1,Canada,NR Kumar,ZE Surkari,Abdul Razzaq,0,0,,,,,,"",""
ball,2,4.2,Canada,NR Kumar,ZE Surkari,Abdul Razzaq,0,0,,,,,,"",""
ball,2,4.3,Canada,NR Kumar,ZE Surkari,Abdul Razzaq,0,0,,,,,,"",""
ball,2,4.4,Canada,NR Kumar,ZE Surkari,Abdul Razzaq,0,0,,,,,,"",""
ball,2,4.5,Canada,NR Kumar,ZE Surkari,Abdul Razzaq,0,0,,,,,,bowled,NR Kumar
ball,2,4.6,Canada,A Bagai,ZE Surkari,Abdul Razzaq,0,0,,,,,,"",""
ball,2,5.1,Canada,ZE Surkari,A Bagai,Umar Gul,0,0,,,,,,"",""
ball,2,5.2,Canada,ZE Surkari,A Bagai,Umar Gul,0,0,,,,,,"",""
ball,2,5.3,Canada,ZE Surkari,A Bagai,Umar Gul,0,0,,,,,,"",""
ball,2,5.4,Canada,ZE Surkari,A Bagai,Umar Gul,0,0,,,,,,"",""
ball,2,5.5,Canada,ZE Surkari,A Bagai,Umar Gul,4,0,,,,,,"",""
ball,2,5.6,Canada,ZE Surkari,A Bagai,Umar Gul,1,0,,,,,,"",""
ball,2,6.1,Canada,ZE Surkari,A Bagai,Abdul Razzaq,0,0,,,,,,"",""
ball,2,6.2,Canada,ZE Surkari,A Bagai,Abdul Razzaq,0,0,,,,,,"",""
ball,2,6.3,Canada,ZE Surkari,A Bagai,Abdul Razzaq,0,0,,,,,,"",""
ball,2,6.4,Canada,ZE Surkari,A Bagai,Abdul Razzaq,0,0,,,,,,"",""
ball,2,6.5,Canada,ZE Surkari,A Bagai,Abdul Razzaq,0,0,,,,,,"",""
ball,2,6.6,Canada,ZE Surkari,A Bagai,Abdul Razzaq,0,0,,,,,,"",""
ball,2,7.1,Canada,A Bagai,ZE Surkari,Umar Gul,0,0,,,,,,"",""
ball,2,7.2,Canada,A Bagai,ZE Surkari,Umar Gul,2,0,,,,,,"",""
ball,2,7.3,Canada,A Bagai,ZE Surkari,Umar Gul,0,0,,,,,,"",""
ball,2,7.4,Canada,A Bagai,ZE Surkari,Umar Gul,0,0,,,,,,"",""
ball,2,7.5,Canada,A Bagai,ZE Surkari,Umar Gul,0,0,,,,,,"",""
ball,2,7.6,Canada,A Bagai,ZE Surkari,Umar Gul,0,0,,,,,,"",""
ball,2,8.1,Canada,ZE Surkari,A Bagai,Abdul Razzaq,0,0,,,,,,"",""
ball,2,8.2,Canada,ZE Surkari,A Bagai,Abdul Razzaq,0,0,,,,,,"",""
ball,2,8.3,Canada,ZE Surkari,A Bagai,Abdul Razzaq,0,0,,,,,,"",""
ball,2,8.4,Canada,ZE Surkari,A Bagai,Abdul Razzaq,2,0,,,,,,"",""
ball,2,8.5,Canada,ZE Surkari,A Bagai,Abdul Razzaq,0,0,,,,,,"",""
ball,2,8.6,Canada,ZE Surkari,A Bagai,Abdul Razzaq,0,0,,,,,,"",""
ball,2,9.1,Canada,A Bagai,ZE Surkari,Umar Gul,0,0,,,,,,"",""
ball,2,9.2,Canada,A Bagai,ZE Surkari,Umar Gul,0,0,,,,,,"",""
ball,2,9.3,Canada,A Bagai,ZE Surkari,Umar Gul,0,0,,,,,,"",""
ball,2,9.4,Canada,A Bagai,ZE Surkari,Umar Gul,0,0,,,,,,"",""
ball,2,9.5,Canada,A Bagai,ZE Surkari,Umar Gul,0,0,,,,,,"",""
ball,2,9.6,Canada,A Bagai,ZE Surkari,Umar Gul,0,0,,,,,,"",""
ball,2,10.1,Canada,ZE Surkari,A Bagai,Abdul Razzaq,2,0,,,,,,"",""
ball,2,10.2,Canada,ZE Surkari,A Bagai,Abdul Razzaq,0,0,,,,,,"",""
ball,2,10.3,Canada,ZE Surkari,A Bagai,Abdul Razzaq,0,0,,,,,,"",""
ball,2,10.4,Canada,ZE Surkari,A Bagai,Abdul Razzaq,0,0,,,,,,"",""
ball,2,10.5,Canada,ZE Surkari,A Bagai,Abdul Razzaq,0,0,,,,,,"",""
ball,2,10.6,Canada,ZE Surkari,A Bagai,Abdul Razzaq,0,0,,,,,,"",""
ball,2,11.1,Canada,A Bagai,ZE Surkari,Shahid Afridi,0,0,,,,,,"",""
ball,2,11.2,Canada,A Bagai,ZE Surkari,Shahid Afridi,0,0,,,,,,"",""
ball,2,11.3,Canada,A Bagai,ZE Surkari,Shahid Afridi,0,0,,,,,,"",""
ball,2,11.4,Canada,A Bagai,ZE Surkari,Shahid Afridi,1,0,,,,,,"",""
ball,2,11.5,Canada,ZE Surkari,A Bagai,Shahid Afridi,1,0,,,,,,"",""
ball,2,11.6,Canada,A Bagai,ZE Surkari,Shahid Afridi,1,0,,,,,,"",""
ball,2,12.1,Canada,A Bagai,ZE Surkari,Abdul Razzaq,4,0,,,,,,"",""
ball,2,12.2,Canada,A Bagai,ZE Surkari,Abdul Razzaq,0,0,,,,,,"",""
ball,2,12.3,Canada,A Bagai,ZE Surkari,Abdul Razzaq,0,0,,,,,,"",""
ball,2,12.4,Canada,A Bagai,ZE Surkari,Abdul Razzaq,0,0,,,,,,"",""
ball,2,12.5,Canada,A Bagai,ZE Surkari,Abdul Razzaq,1,0,,,,,,"",""
ball,2,12.6,Canada,ZE Surkari,A Bagai,Abdul Razzaq,0,0,,,,,,"",""
ball,2,13.1,Canada,A Bagai,ZE Surkari,Shahid Afridi,0,0,,,,,,"",""
ball,2,13.2,Canada,A Bagai,ZE Surkari,Shahid Afridi,1,0,,,,,,"",""
ball,2,13.3,Canada,ZE Surkari,A Bagai,Shahid Afridi,0,0,,,,,,"",""
ball,2,13.4,Canada,ZE Surkari,A Bagai,Shahid Afridi,0,0,,,,,,"",""
ball,2,13.5,Canada,ZE Surkari,A Bagai,Shahid Afridi,0,0,,,,,,"",""
ball,2,13.6,Canada,ZE Surkari,A Bagai,Shahid Afridi,0,0,,,,,,"",""
ball,2,14.1,Canada,A Bagai,ZE Surkari,Wahab Riaz,4,0,,,,,,"",""
ball,2,14.2,Canada,A Bagai,ZE Surkari,Wahab Riaz,0,0,,,,,,"",""
ball,2,14.3,Canada,A Bagai,ZE Surkari,Wahab Riaz,0,0,,,,,,"",""
ball,2,14.4,Canada,A Bagai,ZE Surkari,Wahab Riaz,0,0,,,,,,"",""
ball,2,14.5,Canada,A Bagai,ZE Surkari,Wahab Riaz,0,0,,,,,,"",""
ball,2,14.6,Canada,A Bagai,ZE Surkari,Wahab Riaz,0,0,,,,,,"",""
ball,2,15.1,Canada,ZE Surkari,A Bagai,Shahid Afridi,0,1,1,,,,,"",""
ball,2,15.2,Canada,ZE Surkari,A Bagai,Shahid Afridi,0,0,,,,,,"",""
ball,2,15.3,Canada,ZE Surkari,A Bagai,Shahid Afridi,0,0,,,,,,"",""
ball,2,15.4,Canada,ZE Surkari,A Bagai,Shahid Afridi,0,0,,,,,,"",""
ball,2,15.5,Canada,ZE Surkari,A Bagai,Shahid Afridi,0,0,,,,,,"",""
ball,2,15.6,Canada,ZE Surkari,A Bagai,Shahid Afridi,0,0,,,,,,"",""
ball,2,15.7,Canada,ZE Surkari,A Bagai,Shahid Afridi,0,0,,,,,,"",""
ball,2,16.1,Canada,A Bagai,ZE Surkari,Wahab Riaz,0,0,,,,,,"",""
ball,2,16.2,Canada,A Bagai,ZE Surkari,Wahab Riaz,1,0,,,,,,"",""
ball,2,16.3,Canada,ZE Surkari,A Bagai,Wahab Riaz,1,0,,,,,,"",""
ball,2,16.4,Canada,A Bagai,ZE Surkari,Wahab Riaz,1,0,,,,,,"",""
ball,2,16.5,Canada,ZE Surkari,A Bagai,Wahab Riaz,0,0,,,,,,"",""
ball,2,16.6,Canada,ZE Surkari,A Bagai,Wahab Riaz,0,0,,,,,,"",""
ball,2,17.1,Canada,A Bagai,ZE Surkari,Shahid Afridi,0,0,,,,,,lbw,A Bagai
ball,2,17.2,Canada,AS Hansra,ZE Surkari,Shahid Afridi,0,0,,,,,,"",""
ball,2,17.3,Canada,AS Hansra,ZE Surkari,Shahid Afridi,0,0,,,,,,"",""
ball,2,17.4,Canada,AS Hansra,ZE Surkari,Shahid Afridi,0,0,,,,,,"",""
ball,2,17.5,Canada,AS Hansra,ZE Surkari,Shahid Afridi,0,0,,,,,,"",""
ball,2,17.6,Canada,AS Hansra,ZE Surkari,Shahid Afridi,4,0,,,,,,"",""
ball,2,18.1,Canada,ZE Surkari,AS Hansra,Wahab Riaz,1,0,,,,,,"",""
ball,2,18.2,Canada,AS Hansra,ZE Surkari,Wahab Riaz,0,0,,,,,,"",""
ball,2,18.3,Canada,AS Hansra,ZE Surkari,Wahab Riaz,0,0,,,,,,"",""
ball,2,18.4,Canada,AS Hansra,ZE Surkari,Wahab Riaz,0,0,,,,,,"",""
ball,2,18.5,Canada,AS Hansra,ZE Surkari,Wahab Riaz,0,0,,,,,,"",""
ball,2,18.6,Canada,AS Hansra,ZE Surkari,Wahab Riaz,0,0,,,,,,"",""
ball,2,19.1,Canada,ZE Surkari,AS Hansra,Shahid Afridi,0,0,,,,,,"",""
ball,2,19.2,Canada,ZE Surkari,AS Hansra,Shahid Afridi,0,0,,,,,,"",""
ball,2,19.3,Canada,ZE Surkari,AS Hansra,Shahid Afridi,1,0,,,,,,"",""
ball,2,19.4,Canada,AS Hansra,ZE Surkari,Shahid Afridi,0,0,,,,,,"",""
ball,2,19.5,Canada,AS Hansra,ZE Surkari,Shahid Afridi,0,0,,,,,,"",""
ball,2,19.6,Canada,AS Hansra,ZE Surkari,Shahid Afridi,0,0,,,,,,"",""
ball,2,20.1,Canada,ZE Surkari,AS Hansra,Wahab Riaz,0,0,,,,,,"",""
ball,2,20.2,Canada,ZE Surkari,AS Hansra,Wahab Riaz,3,0,,,,,,"",""
ball,2,20.3,Canada,AS Hansra,ZE Surkari,Wahab Riaz,0,0,,,,,,"",""
ball,2,20.4,Canada,AS Hansra,ZE Surkari,Wahab Riaz,0,0,,,,,,"",""
ball,2,20.5,Canada,AS Hansra,ZE Surkari,Wahab Riaz,0,1,1,,,,,"",""
ball,2,20.6,Canada,AS Hansra,ZE Surkari,Wahab Riaz,0,0,,,,,,"",""
ball,2,20.7,Canada,AS Hansra,ZE Surkari,Wahab Riaz,0,0,,,,,,"",""
ball,2,21.1,Canada,ZE Surkari,AS Hansra,Shahid Afridi,0,0,,,,,,"",""
ball,2,21.2,Canada,ZE Surkari,AS Hansra,Shahid Afridi,0,0,,,,,,"",""
ball,2,21.3,Canada,ZE Surkari,AS Hansra,Shahid Afridi,1,0,,,,,,"",""
ball,2,21.4,Canada,AS Hansra,ZE Surkari,Shahid Afridi,1,0,,,,,,"",""
ball,2,21.5,Canada,ZE Surkari,AS Hansra,Shahid Afridi,0,0,,,,,,"",""
ball,2,21.6,Canada,ZE Surkari,AS Hansra,Shahid Afridi,0,0,,,,,,"",""
ball,2,22.1,Canada,AS Hansra,ZE Surkari,Wahab Riaz,0,0,,,,,,"",""
ball,2,22.2,Canada,AS Hansra,ZE Surkari,Wahab Riaz,4,0,,,,,,"",""
ball,2,22.3,Canada,AS Hansra,ZE Surkari,Wahab Riaz,0,0,,,,,,"",""
ball,2,22.4,Canada,AS Hansra,ZE Surkari,Wahab Riaz,0,0,,,,,,"",""
ball,2,22.5,Canada,AS Hansra,ZE Surkari,Wahab Riaz,1,0,,,,,,"",""
ball,2,22.6,Canada,ZE Surkari,AS Hansra,Wahab Riaz,4,0,,,,,,"",""
ball,2,23.1,Canada,AS Hansra,ZE Surkari,Saeed Ajmal,0,0,,,,,,"",""
ball,2,23.2,Canada,AS Hansra,ZE Surkari,Saeed Ajmal,0,0,,,,,,"",""
ball,2,23.3,Canada,AS Hansra,ZE Surkari,Saeed Ajmal,1,0,,,,,,"",""
ball,2,23.4,Canada,ZE Surkari,AS Hansra,Saeed Ajmal,0,0,,,,,,"",""
ball,2,23.5,Canada,ZE Surkari,AS Hansra,Saeed Ajmal,1,0,,,,,,"",""
ball,2,23.6,Canada,AS Hansra,ZE Surkari,Saeed Ajmal,3,0,,,,,,"",""
ball,2,24.1,Canada,AS Hansra,ZE Surkari,Mohammad Hafeez,0,0,,,,,,"",""
ball,2,24.2,Canada,AS Hansra,ZE Surkari,Mohammad Hafeez,4,0,,,,,,"",""
ball,2,24.3,Canada,AS Hansra,ZE Surkari,Mohammad Hafeez,0,0,,,,,,"",""
ball,2,24.4,Canada,AS Hansra,ZE Surkari,Mohammad Hafeez,0,0,,,,,,"",""
ball,2,24.5,Canada,AS Hansra,ZE Surkari,Mohammad Hafeez,0,0,,,,,,"",""
ball,2,24.6,Canada,AS Hansra,ZE Surkari,Mohammad Hafeez,0,0,,,,,,"",""
ball,2,25.1,Canada,ZE Surkari,AS Hansra,Saeed Ajmal,1,0,,,,,,"",""
ball,2,25.2,Canada,AS Hansra,ZE Surkari,Saeed Ajmal,0,0,,,,,,"",""
ball,2,25.3,Canada,AS Hansra,ZE Surkari,Saeed Ajmal,2,0,,,,,,"",""
ball,2,25.4,Canada,AS Hansra,ZE Surkari,Saeed Ajmal,0,0,,,,,,"",""
ball,2,25.5,Canada,AS Hansra,ZE Surkari,Saeed Ajmal,0,0,,,,,,"",""
ball,2,25.6,Canada,AS Hansra,ZE Surkari,Saeed Ajmal,0,1,,,,1,,"",""
ball,2,26.1,Canada,AS Hansra,ZE Surkari,Mohammad Hafeez,0,0,,,,,,"",""
ball,2,26.2,Canada,AS Hansra,ZE Surkari,Mohammad Hafeez,0,0,,,,,,"",""
ball,2,26.3,Canada,AS Hansra,ZE Surkari,Mohammad Hafeez,0,0,,,,,,"",""
ball,2,26.4,Canada,AS Hansra,ZE Surkari,Mohammad Hafeez,0,0,,,,,,"",""
ball,2,26.5,Canada,AS Hansra,ZE Surkari,Mohammad Hafeez,1,0,,,,,,"",""
ball,2,26.6,Canada,ZE Surkari,AS Hansra,Mohammad Hafeez,0,0,,,,,,"",""
ball,2,27.1,Canada,AS Hansra,ZE Surkari,Saeed Ajmal,0,0,,,,,,"",""
ball,2,27.2,Canada,AS Hansra,ZE Surkari,Saeed Ajmal,1,0,,,,,,"",""
ball,2,27.3,Canada,ZE Surkari,AS Hansra,Saeed Ajmal,0,0,,,,,,"",""
ball,2,27.4,Canada,ZE Surkari,AS Hansra,Saeed Ajmal,1,0,,,,,,"",""
ball,2,27.5,Canada,AS Hansra,ZE Surkari,Saeed Ajmal,0,0,,,,,,"",""
ball,2,27.6,Canada,AS Hansra,ZE Surkari,Saeed Ajmal,1,0,,,,,,"",""
ball,2,28.1,Canada,AS Hansra,ZE Surkari,Mohammad Hafeez,0,0,,,,,,"",""
ball,2,28.2,Canada,AS Hansra,ZE Surkari,Mohammad Hafeez,4,0,,,,,,"",""
ball,2,28.3,Canada,AS Hansra,ZE Surkari,Mohammad Hafeez,0,0,,,,,,"",""
ball,2,28.4,Canada,AS Hansra,ZE Surkari,Mohammad Hafeez,2,0,,,,,,"",""
ball,2,28.5,Canada,AS Hansra,ZE Surkari,Mohammad Hafeez,0,0,,,,,,"",""
ball,2,28.6,Canada,AS Hansra,ZE Surkari,Mohammad Hafeez,1,0,,,,,,"",""
ball,2,29.1,Canada,AS Hansra,ZE Surkari,Saeed Ajmal,0,0,,,,,,"",""
ball,2,29.2,Canada,AS Hansra,ZE Surkari,Saeed Ajmal,1,0,,,,,,"",""
ball,2,29.3,Canada,ZE Surkari,AS Hansra,Saeed Ajmal,0,0,,,,,,"",""
ball,2,29.4,Canada,ZE Surkari,AS Hansra,Saeed Ajmal,1,0,,,,,,"",""
ball,2,29.5,Canada,AS Hansra,ZE Surkari,Saeed Ajmal,0,0,,,,,,"",""
ball,2,29.6,Canada,AS Hansra,ZE Surkari,Saeed Ajmal,1,0,,,,,,"",""
ball,2,30.1,Canada,AS Hansra,ZE Surkari,Mohammad Hafeez,0,0,,,,,,"",""
ball,2,30.2,Canada,AS Hansra,ZE Surkari,Mohammad Hafeez,1,0,,,,,,"",""
ball,2,30.3,Canada,ZE Surkari,AS Hansra,Mohammad Hafeez,0,0,,,,,,"",""
ball,2,30.4,Canada,ZE Surkari,AS Hansra,Mohammad Hafeez,1,0,,,,,,"",""
ball,2,30.5,Canada,AS Hansra,ZE Surkari,Mohammad Hafeez,0,0,,,,,,"",""
ball,2,30.6,Canada,AS Hansra,ZE Surkari,Mohammad Hafeez,1,0,,,,,,"",""
ball,2,31.1,Canada,AS Hansra,ZE Surkari,Saeed Ajmal,0,0,,,,,,"",""
ball,2,31.2,Canada,AS Hansra,ZE Surkari,Saeed Ajmal,0,1,,,,1,,"",""
ball,2,31.3,Canada,ZE Surkari,AS Hansra,Saeed Ajmal,0,0,,,,,,"",""
ball,2,31.4,Canada,ZE Surkari,AS Hansra,Saeed Ajmal,0,0,,,,,,"",""
ball,2,31.5,Canada,ZE Surkari,AS Hansra,Saeed Ajmal,1,0,,,,,,"",""
ball,2,31.6,Canada,AS Hansra,ZE Surkari,Saeed Ajmal,1,0,,,,,,"",""
ball,2,32.1,Canada,AS Hansra,ZE Surkari,Mohammad Hafeez,0,0,,,,,,"",""
ball,2,32.2,Canada,AS Hansra,ZE Surkari,Mohammad Hafeez,6,0,,,,,,"",""
ball,2,32.3,Canada,AS Hansra,ZE Surkari,Mohammad Hafeez,0,0,,,,,,"",""
ball,2,32.4,Canada,AS Hansra,ZE Surkari,Mohammad Hafeez,0,0,,,,,,"",""
ball,2,32.5,Canada,AS Hansra,ZE Surkari,Mohammad Hafeez,0,0,,,,,,"",""
ball,2,32.6,Canada,AS Hansra,ZE Surkari,Mohammad Hafeez,0,0,,,,,,"",""
ball,2,33.1,Canada,ZE Surkari,AS Hansra,Saeed Ajmal,0,0,,,,,,"",""
ball,2,33.2,Canada,ZE Surkari,AS Hansra,Saeed Ajmal,0,0,,,,,,"",""
ball,2,33.3,Canada,ZE Surkari,AS Hansra,Saeed Ajmal,0,0,,,,,,lbw,ZE Surkari
ball,2,33.4,Canada,Rizwan Cheema,AS Hansra,Saeed Ajmal,0,0,,,,,,"",""
ball,2,33.5,Canada,Rizwan Cheema,AS Hansra,Saeed Ajmal,0,1,1,,,,,"",""
ball,2,33.6,Canada,Rizwan Cheema,AS Hansra,Saeed Ajmal,0,0,,,,,,"",""
ball,2,33.7,Canada,Rizwan Cheema,AS Hansra,Saeed Ajmal,0,1,1,,,,,"",""
ball,2,33.8,Canada,Rizwan Cheema,AS Hansra,Saeed Ajmal,0,0,,,,,,"",""
ball,2,34.1,Canada,AS Hansra,Rizwan Cheema,Shahid Afridi,1,0,,,,,,"",""
ball,2,34.2,Canada,Rizwan Cheema,AS Hansra,Shahid Afridi,0,0,,,,,,"",""
ball,2,34.3,Canada,Rizwan Cheema,AS Hansra,Shahid Afridi,4,0,,,,,,"",""
ball,2,34.4,Canada,Rizwan Cheema,AS Hansra,Shahid Afridi,0,0,,,,,,"",""
ball,2,34.5,Canada,Rizwan Cheema,AS Hansra,Shahid Afridi,0,0,,,,,,"",""
ball,2,34.6,Canada,Rizwan Cheema,AS Hansra,Shahid Afridi,0,0,,,,,,bowled,Rizwan Cheema
ball,2,35.1,Canada,AS Hansra,TG Gordon,Saeed Ajmal,0,0,,,,,,"",""
ball,2,35.2,Canada,AS Hansra,TG Gordon,Saeed Ajmal,1,0,,,,,,"",""
ball,2,35.3,Canada,TG Gordon,AS Hansra,Saeed Ajmal,0,0,,,,,,"",""
ball,2,35.4,Canada,TG Gordon,AS Hansra,Saeed Ajmal,0,0,,,,,,"",""
ball,2,35.5,Canada,TG Gordon,AS Hansra,Saeed Ajmal,0,0,,,,,,"",""
ball,2,35.6,Canada,TG Gordon,AS Hansra,Saeed Ajmal,1,0,,,,,,"",""
ball,2,36.1,Canada,TG Gordon,AS Hansra,Shahid Afridi,0,0,,,,,,"",""
ball,2,36.2,Canada,TG Gordon,AS Hansra,Shahid Afridi,1,0,,,,,,"",""
ball,2,36.3,Canada,AS Hansra,TG Gordon,Shahid Afridi,0,0,,,,,,"",""
ball,2,36.4,Canada,AS Hansra,TG Gordon,Shahid Afridi,0,0,,,,,,bowled,AS Hansra
ball,2,36.5,Canada,HS Baidwan,TG Gordon,Shahid Afridi,0,0,,,,,,bowled,HS Baidwan
ball,2,36.6,Canada,Khurram Chohan,TG Gordon,Shahid Afridi,0,0,,,,,,"",""
ball,2,37.1,Canada,TG Gordon,Khurram Chohan,Saeed Ajmal,4,0,,,,,,"",""
ball,2,37.2,Canada,TG Gordon,Khurram Chohan,Saeed Ajmal,0,0,,,,,,"",""
ball,2,37.3,Canada,TG Gordon,Khurram Chohan,Saeed Ajmal,1,0,,,,,,"",""
ball,2,37.4,Canada,Khurram Chohan,TG Gordon,Saeed Ajmal,0,0,,,,,,"",""
ball,2,37.5,Canada,Khurram Chohan,TG Gordon,Saeed Ajmal,1,0,,,,,,"",""
ball,2,37.6,Canada,TG Gordon,Khurram Chohan,Saeed Ajmal,0,5,5,,,,,"",""
ball,2,37.7,Canada,TG Gordon,Khurram Chohan,Saeed Ajmal,0,0,,,,,,"",""
ball,2,38.1,Canada,Khurram Chohan,TG Gordon,Shahid Afridi,0,1,1,,,,,"",""
ball,2,38.2,Canada,Khurram Chohan,TG Gordon,Shahid Afridi,0,1,1,,,,,"",""
ball,2,38.3,Canada,Khurram Chohan,TG Gordon,Shahid Afridi,0,0,,,,,,"",""
ball,2,38.4,Canada,Khurram Chohan,TG Gordon,Shahid Afridi,0,1,,,,1,,"",""
ball,2,38.5,Canada,TG Gordon,Khurram Chohan,Shahid Afridi,2,0,,,,,,"",""
ball,2,38.6,Canada,TG Gordon,Khurram Chohan,Shahid Afridi,0,0,,,,,,caught,TG Gordon
ball,2,38.7,Canada,Khurram Chohan,WD Balaji Rao,Shahid Afridi,0,0,,,,,,"",""
ball,2,38.8,Canada,Khurram Chohan,WD Balaji Rao,Shahid Afridi,0,0,,,,,,"",""
ball,2,39.1,Canada,WD Balaji Rao,Khurram Chohan,Umar Gul,0,0,,,,,,"",""
ball,2,39.2,Canada,WD Balaji Rao,Khurram Chohan,Umar Gul,0,0,,,,,,"",""
ball,2,39.3,Canada,WD Balaji Rao,Khurram Chohan,Umar Gul,0,0,,,,,,"",""
ball,2,39.4,Canada,WD Balaji Rao,Khurram Chohan,Umar Gul,0,1,1,,,,,"",""
ball,2,39.5,Canada,WD Balaji Rao,Khurram Chohan,Umar Gul,0,0,,,,,,"",""
ball,2,39.6,Canada,WD Balaji Rao,Khurram Chohan,Umar Gul,0,0,,,,,,"",""
ball,2,39.7,Canada,WD Balaji Rao,Khurram Chohan,Umar Gul,0,0,,,,,,"",""
ball,2,40.1,Canada,Khurram Chohan,WD Balaji Rao,Shahid Afridi,0,0,,,,,,"",""
ball,2,40.2,Canada,Khurram Chohan,WD Balaji Rao,Shahid Afridi,0,0,,,,,,"",""
ball,2,40.3,Canada,Khurram Chohan,WD Balaji Rao,Shahid Afridi,0,0,,,,,,"",""
ball,2,40.4,Canada,Khurram Chohan,WD Balaji Rao,Shahid Afridi,0,0,,,,,,"",""
ball,2,40.5,Canada,Khurram Chohan,WD Balaji Rao,Shahid Afridi,0,0,,,,,,"",""
ball,2,40.6,Canada,Khurram Chohan,WD Balaji Rao,Shahid Afridi,1,0,,,,,,"",""
ball,2,41.1,Canada,Khurram Chohan,WD Balaji Rao,Umar Gul,0,0,,,,,,"",""
ball,2,41.2,Canada,Khurram Chohan,WD Balaji Rao,Umar Gul,1,0,,,,,,"",""
ball,2,41.3,Canada,WD Balaji Rao,Khurram Chohan,Umar Gul,1,0,,,,,,"",""
ball,2,41.4,Canada,Khurram Chohan,WD Balaji Rao,Umar Gul,0,0,,,,,,run out,WD Balaji Rao
ball,2,41.5,Canada,Khurram Chohan,H Osinde,Umar Gul,0,0,,,,,,"",""
ball,2,41.6,Canada,Khurram Chohan,H Osinde,Umar Gul,0,1,1,,,,,"",""
ball,2,41.7,Canada,Khurram Chohan,H Osinde,Umar Gul,1,0,,,,,,"",""
ball,2,42.1,Canada,Khurram Chohan,H Osinde,Wahab Riaz,0,0,,,,,,"",""
ball,2,42.2,Canada,Khurram Chohan,H Osinde,Wahab Riaz,1,0,,,,,,"",""
ball,2,42.3,Canada,H Osinde,Khurram Chohan,Wahab Riaz,0,1,1,,,,,"",""
ball,2,42.4,Canada,H Osinde,Khurram Chohan,Wahab Riaz,0,0,,,,,,"",""
ball,2,42.5,Canada,H Osinde,Khurram Chohan,Wahab Riaz,0,0,,,,,,"",""
ball,2,42.6,Canada,H Osinde,Khurram Chohan,Wahab Riaz,0,0,,,,,,bowled,H Osinde
