version,1.6.0
info,balls_per_over,6
info,team,Australia
info,team,Zimbabwe
info,gender,male
info,season,2010/11
info,date,2011/02/21
info,event,ICC Cricket World Cup
info,match_number,4
info,venue,"Sardar Patel Stadium, Motera"
info,city,Ahmedabad
info,neutralvenue,true
info,toss_winner,Australia
info,toss_decision,bat
info,player_of_match,SR Watson
info,umpire,EAR de Silva
info,umpire,RA Kettleborough
info,reserve_umpire,SJA Taufel
info,tv_umpire,AM Saheba
info,match_referee,RS Mahanama
info,winner,Australia
info,winner_runs,91
info,player,Australia,SR Watson
info,player,Australia,BJ Haddin
info,player,Australia,RT Ponting
info,player,Australia,MJ Clarke
info,player,Australia,CL White
info,player,Australia,DJ Hussey
info,player,Australia,SPD Smith
info,player,Australia,MG Johnson
info,player,Australia,SW Tait
info,player,Australia,JJ Krejza
info,player,Australia,B Lee
info,player,Zimbabwe,BRM Taylor
info,player,Zimbabwe,CK Coventry
info,player,Zimbabwe,T Taibu
info,player,Zimbabwe,CR Ervine
info,player,Zimbabwe,E Chigumbura
info,player,Zimbabwe,SC Williams
info,player,Zimbabwe,RW Chakabva
info,player,Zimbabwe,P Utseya
info,player,Zimbabwe,AG Cremer
info,player,Zimbabwe,RW Price
info,player,Zimbabwe,CB Mpofu
info,registry,people,AG Cremer,9f0270e0
info,registry,people,AM Saheba,883e3818
info,registry,people,B Lee,dd09ff8e
info,registry,people,BJ Haddin,b0c772ee
info,registry,people,BRM Taylor,53597be1
info,registry,people,CB Mpofu,49691d7a
info,registry,people,CK Coventry,a21ea40c
info,registry,people,CL White,d0513f63
info,registry,people,CR Ervine,c96311d4
info,registry,people,DJ Hussey,fd835ab3
info,registry,people,E Chigumbura,d2babdd5
info,registry,people,EAR de Silva,dc63f509
info,registry,people,JJ Krejza,047d9032
info,registry,people,MG Johnson,f5180fe6
info,registry,people,MJ Clarke,f842c2cf
info,registry,people,P Utseya,9de271ef
info,registry,people,RA Kettleborough,4017868f
info,registry,people,RS Mahanama,57910393
info,registry,people,RT Ponting,7d415ea5
info,registry,people,RW Chakabva,2f0d7e4a
info,registry,people,RW Price,67af6f81
info,registry,people,SC Williams,afe57f7a
info,registry,people,SJA Taufel,4b43d5ac
info,registry,people,SPD Smith,30a45b23
info,registry,people,SR Watson,4329fbb5
info,registry,people,SW Tait,addfb70e
info,registry,people,T Taibu,75de770f
ball,1,0.1,Australia,SR Watson,BJ Haddin,CB Mpofu,0,0,,,,,,"",""
ball,1,0.2,Australia,SR Watson,BJ Haddin,CB Mpofu,0,0,,,,,,"",""
ball,1,0.3,Australia,SR Watson,BJ Haddin,CB Mpofu,0,0,,,,,,"",""
ball,1,0.4,Australia,SR Watson,BJ Haddin,CB Mpofu,1,0,,,,,,"",""
ball,1,0.5,Australia,BJ Haddin,SR Watson,CB Mpofu,1,0,,,,,,"",""
ball,1,0.6,Australia,SR Watson,BJ Haddin,CB Mpofu,0,0,,,,,,"",""
ball,1,1.1,Australia,BJ Haddin,SR Watson,RW Price,0,0,,,,,,"",""
ball,1,1.2,Australia,BJ Haddin,SR Watson,RW Price,1,0,,,,,,"",""
ball,1,1.3,Australia,SR Watson,BJ Haddin,RW Price,0,0,,,,,,"",""
ball,1,1.4,Australia,SR Watson,BJ Haddin,RW Price,0,1,1,,,,,"",""
ball,1,1.5,Australia,SR Watson,BJ Haddin,RW Price,0,0,,,,,,"",""
ball,1,1.6,Australia,SR Watson,BJ Haddin,RW Price,1,0,,,,,,"",""
ball,1,1.7,Australia,BJ Haddin,SR Watson,RW Price,0,0,,,,,,"",""
ball,1,2.1,Australia,SR Watson,BJ Haddin,CB Mpofu,4,0,,,,,,"",""
ball,1,2.2,Australia,SR Watson,BJ Haddin,CB Mpofu,1,0,,,,,,"",""
ball,1,2.3,Australia,BJ Haddin,SR Watson,CB Mpofu,0,0,,,,,,"",""
ball,1,2.4,Australia,BJ Haddin,SR Watson,CB Mpofu,0,0,,,,,,"",""
ball,1,2.5,Australia,BJ Haddin,SR Watson,CB Mpofu,1,0,,,,,,"",""
ball,1,2.6,Australia,SR Watson,BJ Haddin,CB Mpofu,0,0,,,,,,"",""
ball,1,3.1,Australia,BJ Haddin,SR Watson,RW Price,1,0,,,,,,"",""
ball,1,3.2,Australia,SR Watson,BJ Haddin,RW Price,0,0,,,,,,"",""
ball,1,3.3,Australia,SR Watson,BJ Haddin,RW Price,0,0,,,,,,"",""
ball,1,3.4,Australia,SR Watson,BJ Haddin,RW Price,1,0,,,,,,"",""
ball,1,3.5,Australia,BJ Haddin,SR Watson,RW Price,0,0,,,,,,"",""
ball,1,3.6,Australia,BJ Haddin,SR Watson,RW Price,1,0,,,,,,"",""
ball,1,4.1,Australia,BJ Haddin,SR Watson,CB Mpofu,1,0,,,,,,"",""
ball,1,4.2,Australia,SR Watson,BJ Haddin,CB Mpofu,0,0,,,,,,"",""
ball,1,4.3,Australia,SR Watson,BJ Haddin,CB Mpofu,0,0,,,,,,"",""
ball,1,4.4,Australia,SR Watson,BJ Haddin,CB Mpofu,0,0,,,,,,"",""
ball,1,4.5,Australia,SR Watson,BJ Haddin,CB Mpofu,0,0,,,,,,"",""
ball,1,4.6,Australia,SR Watson,BJ Haddin,CB Mpofu,0,0,,,,,,"",""
ball,1,5.1,Australia,BJ Haddin,SR Watson,RW Price,0,0,,,,,,"",""
ball,1,5.2,Australia,BJ Haddin,SR Watson,RW Price,0,0,,,,,,"",""
ball,1,5.3,Australia,BJ Haddin,SR Watson,RW Price,1,0,,,,,,"",""
ball,1,5.4,Australia,SR Watson,BJ Haddin,RW Price,1,0,,,,,,"",""
ball,1,5.5,Australia,BJ Haddin,SR Watson,RW Price,0,0,,,,,,"",""
ball,1,5.6,Australia,BJ Haddin,SR Watson,RW Price,0,0,,,,,,"",""
ball,1,6.1,Australia,SR Watson,BJ Haddin,CB Mpofu,1,0,,,,,,"",""
ball,1,6.2,Australia,BJ Haddin,SR Watson,CB Mpofu,0,0,,,,,,"",""
ball,1,6.3,Australia,BJ Haddin,SR Watson,CB Mpofu,1,0,,,,,,"",""
ball,1,6.4,Australia,SR Watson,BJ Haddin,CB Mpofu,0,0,,,,,,"",""
ball,1,6.5,Australia,SR Watson,BJ Haddin,CB Mpofu,0,0,,,,,,"",""
ball,1,6.6,Australia,SR Watson,BJ Haddin,CB Mpofu,0,0,,,,,,"",""
ball,1,7.1,Australia,BJ Haddin,SR Watson,RW Price,0,0,,,,,,"",""
ball,1,7.2,Australia,BJ Haddin,SR Watson,RW Price,0,0,,,,,,"",""
ball,1,7.3,Australia,BJ Haddin,SR Watson,RW Price,0,0,,,,,,"",""
ball,1,7.4,Australia,BJ Haddin,SR Watson,RW Price,4,0,,,,,,"",""
ball,1,7.5,Australia,BJ Haddin,SR Watson,RW Price,1,0,,,,,,"",""
ball,1,7.6,Australia,SR Watson,BJ Haddin,RW Price,1,0,,,,,,"",""
ball,1,8.1,Australia,SR Watson,BJ Haddin,CB Mpofu,0,0,,,,,,"",""
ball,1,8.2,Australia,SR Watson,BJ Haddin,CB Mpofu,0,0,,,,,,"",""
ball,1,8.3,Australia,SR Watson,BJ Haddin,CB Mpofu,1,0,,,,,,"",""
ball,1,8.4,Australia,BJ Haddin,SR Watson,CB Mpofu,0,0,,,,,,"",""
ball,1,8.5,Australia,BJ Haddin,SR Watson,CB Mpofu,1,0,,,,,,"",""
ball,1,8.6,Australia,SR Watson,BJ Haddin,CB Mpofu,0,0,,,,,,"",""
ball,1,9.1,Australia,BJ Haddin,SR Watson,RW Price,0,0,,,,,,"",""
ball,1,9.2,Australia,BJ Haddin,SR Watson,RW Price,0,0,,,,,,"",""
ball,1,9.3,Australia,BJ Haddin,SR Watson,RW Price,0,0,,,,,,"",""
ball,1,9.4,Australia,BJ Haddin,SR Watson,RW Price,0,0,,,,,,"",""
ball,1,9.5,Australia,BJ Haddin,SR Watson,RW Price,0,0,,,,,,"",""
ball,1,9.6,Australia,BJ Haddin,SR Watson,RW Price,1,0,,,,,,"",""
ball,1,10.1,Australia,BJ Haddin,SR Watson,P Utseya,0,0,,,,,,"",""
ball,1,10.2,Australia,BJ Haddin,SR Watson,P Utseya,0,0,,,,,,"",""
ball,1,10.3,Australia,BJ Haddin,SR Watson,P Utseya,0,0,,,,,,"",""
ball,1,10.4,Australia,BJ Haddin,SR Watson,P Utseya,0,0,,,,,,"",""
ball,1,10.5,Australia,BJ Haddin,SR Watson,P Utseya,0,0,,,,,,"",""
ball,1,10.6,Australia,BJ Haddin,SR Watson,P Utseya,0,0,,,,,,"",""
ball,1,11.1,Australia,SR Watson,BJ Haddin,RW Price,1,0,,,,,,"",""
ball,1,11.2,Australia,BJ Haddin,SR Watson,RW Price,0,0,,,,,,"",""
ball,1,11.3,Australia,BJ Haddin,SR Watson,RW Price,0,0,,,,,,"",""
ball,1,11.4,Australia,BJ Haddin,SR Watson,RW Price,1,0,,,,,,"",""
ball,1,11.5,Australia,SR Watson,BJ Haddin,RW Price,1,0,,,,,,"",""
ball,1,11.6,Australia,BJ Haddin,SR Watson,RW Price,0,0,,,,,,"",""
ball,1,12.1,Australia,SR Watson,BJ Haddin,P Utseya,0,0,,,,,,"",""
ball,1,12.2,Australia,SR Watson,BJ Haddin,P Utseya,0,0,,,,,,"",""
ball,1,12.3,Australia,SR Watson,BJ Haddin,P Utseya,0,0,,,,,,"",""
ball,1,12.4,Australia,SR Watson,BJ Haddin,P Utseya,1,0,,,,,,"",""
ball,1,12.5,Australia,BJ Haddin,SR Watson,P Utseya,0,0,,,,,,"",""
ball,1,12.6,Australia,BJ Haddin,SR Watson,P Utseya,0,0,,,,,,"",""
ball,1,13.1,Australia,SR Watson,BJ Haddin,CB Mpofu,4,0,,,,,,"",""
ball,1,13.2,Australia,SR Watson,BJ Haddin,CB Mpofu,4,0,,,,,,"",""
ball,1,13.3,Australia,SR Watson,BJ Haddin,CB Mpofu,1,0,,,,,,"",""
ball,1,13.4,Australia,BJ Haddin,SR Watson,CB Mpofu,4,0,,,,,,"",""
ball,1,13.5,Australia,BJ Haddin,SR Watson,CB Mpofu,0,0,,,,,,"",""
ball,1,13.6,Australia,BJ Haddin,SR Watson,CB Mpofu,4,0,,,,,,"",""
ball,1,14.1,Australia,SR Watson,BJ Haddin,P Utseya,1,0,,,,,,"",""
ball,1,14.2,Australia,BJ Haddin,SR Watson,P Utseya,1,0,,,,,,"",""
ball,1,14.3,Australia,SR Watson,BJ Haddin,P Utseya,1,0,,,,,,"",""
ball,1,14.4,Australia,BJ Haddin,SR Watson,P Utseya,0,0,,,,,,"",""
ball,1,14.5,Australia,BJ Haddin,SR Watson,P Utseya,0,0,,,,,,"",""
ball,1,14.6,Australia,BJ Haddin,SR Watson,P Utseya,1,0,,,,,,"",""
ball,1,15.1,Australia,BJ Haddin,SR Watson,RW Price,0,0,,,,,,"",""
ball,1,15.2,Australia,BJ Haddin,SR Watson,RW Price,0,0,,,,,,"",""
ball,1,15.3,Australia,BJ Haddin,SR Watson,RW Price,1,0,,,,,,"",""
ball,1,15.4,Australia,SR Watson,BJ Haddin,RW Price,1,0,,,,,,"",""
ball,1,15.5,Australia,BJ Haddin,SR Watson,RW Price,0,0,,,,,,"",""
ball,1,15.6,Australia,BJ Haddin,SR Watson,RW Price,1,0,,,,,,"",""
ball,1,16.1,Australia,BJ Haddin,SR Watson,P Utseya,0,0,,,,,,"",""
ball,1,16.2,Australia,BJ Haddin,SR Watson,P Utseya,0,0,,,,,,"",""
ball,1,16.3,Australia,BJ Haddin,SR Watson,P Utseya,0,0,,,,,,"",""
ball,1,16.4,Australia,BJ Haddin,SR Watson,P Utseya,0,0,,,,,,"",""
ball,1,16.5,Australia,BJ Haddin,SR Watson,P Utseya,0,0,,,,,,"",""
ball,1,16.6,Australia,BJ Haddin,SR Watson,P Utseya,0,0,,,,,,"",""
ball,1,17.1,Australia,SR Watson,BJ Haddin,AG Cremer,1,0,,,,,,"",""
ball,1,17.2,Australia,BJ Haddin,SR Watson,AG Cremer,0,0,,,,,,"",""
ball,1,17.3,Australia,BJ Haddin,SR Watson,AG Cremer,0,0,,,,,,"",""
ball,1,17.4,Australia,BJ Haddin,SR Watson,AG Cremer,1,0,,,,,,"",""
ball,1,17.5,Australia,SR Watson,BJ Haddin,AG Cremer,0,1,1,,,,,"",""
ball,1,17.6,Australia,SR Watson,BJ Haddin,AG Cremer,1,0,,,,,,"",""
ball,1,17.7,Australia,BJ Haddin,SR Watson,AG Cremer,0,0,,,,,,"",""
ball,1,18.1,Australia,SR Watson,BJ Haddin,P Utseya,0,0,,,,,,"",""
ball,1,18.2,Australia,SR Watson,BJ Haddin,P Utseya,0,0,,,,,,"",""
ball,1,18.3,Australia,SR Watson,BJ Haddin,P Utseya,0,0,,,,,,"",""
ball,1,18.4,Australia,SR Watson,BJ Haddin,P Utseya,1,0,,,,,,"",""
ball,1,18.5,Australia,BJ Haddin,SR Watson,P Utseya,0,0,,,,,,lbw,BJ Haddin
ball,1,18.6,Australia,RT Ponting,SR Watson,P Utseya,0,0,,,,,,"",""
ball,1,19.1,Australia,SR Watson,RT Ponting,AG Cremer,0,2,,,,2,,"",""
ball,1,19.2,Australia,SR Watson,RT Ponting,AG Cremer,0,0,,,,,,"",""
ball,1,19.3,Australia,SR Watson,RT Ponting,AG Cremer,0,0,,,,,,"",""
ball,1,19.4,Australia,SR Watson,RT Ponting,AG Cremer,0,0,,,,,,"",""
ball,1,19.5,Australia,SR Watson,RT Ponting,AG Cremer,1,0,,,,,,"",""
ball,1,19.6,Australia,RT Ponting,SR Watson,AG Cremer,1,0,,,,,,"",""
ball,1,20.1,Australia,RT Ponting,SR Watson,P Utseya,0,0,,,,,,"",""
ball,1,20.2,Australia,RT Ponting,SR Watson,P Utseya,1,0,,,,,,"",""
ball,1,20.3,Australia,SR Watson,RT Ponting,P Utseya,0,0,,,,,,"",""
ball,1,20.4,Australia,SR Watson,RT Ponting,P Utseya,1,0,,,,,,"",""
ball,1,20.5,Australia,RT Ponting,SR Watson,P Utseya,1,0,,,,,,"",""
ball,1,20.6,Australia,SR Watson,RT Ponting,P Utseya,1,0,,,,,,"",""
ball,1,21.1,Australia,SR Watson,RT Ponting,AG Cremer,1,0,,,,,,"",""
ball,1,21.2,Australia,RT Ponting,SR Watson,AG Cremer,1,0,,,,,,"",""
ball,1,21.3,Australia,SR Watson,RT Ponting,AG Cremer,0,0,,,,,,"",""
ball,1,21.4,Australia,SR Watson,RT Ponting,AG Cremer,0,0,,,,,,"",""
ball,1,21.5,Australia,SR Watson,RT Ponting,AG Cremer,0,0,,,,,,"",""
ball,1,21.6,Australia,SR Watson,RT Ponting,AG Cremer,1,0,,,,,,"",""
ball,1,22.1,Australia,SR Watson,RT Ponting,P Utseya,1,0,,,,,,"",""
ball,1,22.2,Australia,RT Ponting,SR Watson,P Utseya,0,0,,,,,,"",""
ball,1,22.3,Australia,RT Ponting,SR Watson,P Utseya,0,0,,,,,,"",""
ball,1,22.4,Australia,RT Ponting,SR Watson,P Utseya,1,0,,,,,,"",""
ball,1,22.5,Australia,SR Watson,RT Ponting,P Utseya,4,0,,,,,,"",""
ball,1,22.6,Australia,SR Watson,RT Ponting,P Utseya,1,0,,,,,,"",""
ball,1,23.1,Australia,SR Watson,RT Ponting,AG Cremer,1,0,,,,,,"",""
ball,1,23.2,Australia,RT Ponting,SR Watson,AG Cremer,0,0,,,,,,"",""
ball,1,23.3,Australia,RT Ponting,SR Watson,AG Cremer,1,0,,,,,,"",""
ball,1,23.4,Australia,SR Watson,RT Ponting,AG Cremer,1,0,,,,,,"",""
ball,1,23.5,Australia,RT Ponting,SR Watson,AG Cremer,3,0,,,,,,"",""
ball,1,23.6,Australia,SR Watson,RT Ponting,AG Cremer,1,0,,,,,,"",""
ball,1,24.1,Australia,SR Watson,RT Ponting,BRM Taylor,1,0,,,,,,"",""
ball,1,24.2,Australia,RT Ponting,SR Watson,BRM Taylor,2,0,,,,,,"",""
ball,1,24.3,Australia,RT Ponting,SR Watson,BRM Taylor,3,0,,,,,,"",""
ball,1,24.4,Australia,SR Watson,RT Ponting,BRM Taylor,1,0,,,,,,"",""
ball,1,24.5,Australia,RT Ponting,SR Watson,BRM Taylor,1,0,,,,,,"",""
ball,1,24.6,Australia,SR Watson,RT Ponting,BRM Taylor,4,0,,,,,,"",""
ball,1,25.1,Australia,RT Ponting,SR Watson,AG Cremer,0,0,,,,,,"",""
ball,1,25.2,Australia,RT Ponting,SR Watson,AG Cremer,0,0,,,,,,"",""
ball,1,25.3,Australia,RT Ponting,SR Watson,AG Cremer,0,0,,,,,,"",""
ball,1,25.4,Australia,RT Ponting,SR Watson,AG Cremer,0,0,,,,,,"",""
ball,1,25.5,Australia,RT Ponting,SR Watson,AG Cremer,1,0,,,,,,"",""
ball,1,25.6,Australia,SR Watson,RT Ponting,AG Cremer,0,0,,,,,,"",""
ball,1,26.1,Australia,RT Ponting,SR Watson,E Chigumbura,0,1,1,,,,,"",""
ball,1,26.2,Australia,RT Ponting,SR Watson,E Chigumbura,1,0,,,,,,"",""
ball,1,26.3,Australia,SR Watson,RT Ponting,E Chigumbura,0,0,,,,,,"",""
ball,1,26.4,Australia,SR Watson,RT Ponting,E Chigumbura,4,0,,,,,,"",""
ball,1,26.5,Australia,SR Watson,RT Ponting,E Chigumbura,1,0,,,,,,"",""
ball,1,26.6,Australia,RT Ponting,SR Watson,E Chigumbura,1,0,,,,,,"",""
ball,1,26.7,Australia,SR Watson,RT Ponting,E Chigumbura,0,0,,,,,,"",""
ball,1,27.1,Australia,RT Ponting,SR Watson,AG Cremer,1,0,,,,,,"",""
ball,1,27.2,Australia,SR Watson,RT Ponting,AG Cremer,0,0,,,,,,"",""
ball,1,27.3,Australia,SR Watson,RT Ponting,AG Cremer,1,0,,,,,,"",""
ball,1,27.4,Australia,RT Ponting,SR Watson,AG Cremer,3,0,,,,,,"",""
ball,1,27.5,Australia,SR Watson,RT Ponting,AG Cremer,6,0,,,,,,"",""
ball,1,27.6,Australia,SR Watson,RT Ponting,AG Cremer,1,0,,,,,,"",""
ball,1,28.1,Australia,SR Watson,RT Ponting,E Chigumbura,1,0,,,,,,"",""
ball,1,28.2,Australia,RT Ponting,SR Watson,E Chigumbura,1,0,,,,,,"",""
ball,1,28.3,Australia,SR Watson,RT Ponting,E Chigumbura,1,0,,,,,,"",""
ball,1,28.4,Australia,RT Ponting,SR Watson,E Chigumbura,1,0,,,,,,"",""
ball,1,28.5,Australia,SR Watson,RT Ponting,E Chigumbura,2,0,,,,,,"",""
ball,1,28.6,Australia,SR Watson,RT Ponting,E Chigumbura,4,0,,,,,,"",""
ball,1,29.1,Australia,RT Ponting,SR Watson,AG Cremer,1,0,,,,,,"",""
ball,1,29.2,Australia,SR Watson,RT Ponting,AG Cremer,1,0,,,,,,"",""
ball,1,29.3,Australia,RT Ponting,SR Watson,AG Cremer,1,0,,,,,,"",""
ball,1,29.4,Australia,SR Watson,RT Ponting,AG Cremer,0,0,,,,,,"",""
ball,1,29.5,Australia,SR Watson,RT Ponting,AG Cremer,0,0,,,,,,"",""
ball,1,29.6,Australia,SR Watson,RT Ponting,AG Cremer,1,0,,,,,,"",""
ball,1,30.1,Australia,SR Watson,RT Ponting,SC Williams,4,0,,,,,,"",""
ball,1,30.2,Australia,SR Watson,RT Ponting,SC Williams,0,0,,,,,,"",""
ball,1,30.3,Australia,SR Watson,RT Ponting,SC Williams,1,0,,,,,,"",""
ball,1,30.4,Australia,RT Ponting,SR Watson,SC Williams,1,0,,,,,,"",""
ball,1,30.5,Australia,SR Watson,RT Ponting,SC Williams,1,0,,,,,,"",""
ball,1,30.6,Australia,RT Ponting,SR Watson,SC Williams,0,0,,,,,,"",""
ball,1,31.1,Australia,SR Watson,RT Ponting,AG Cremer,0,0,,,,,,"",""
ball,1,31.2,Australia,SR Watson,RT Ponting,AG Cremer,0,0,,,,,,lbw,SR Watson
ball,1,31.3,Australia,MJ Clarke,RT Ponting,AG Cremer,1,0,,,,,,"",""
ball,1,31.4,Australia,RT Ponting,MJ Clarke,AG Cremer,0,0,,,,,,"",""
ball,1,31.5,Australia,RT Ponting,MJ Clarke,AG Cremer,0,0,,,,,,"",""
ball,1,31.6,Australia,RT Ponting,MJ Clarke,AG Cremer,0,0,,,,,,"",""
ball,1,32.1,Australia,MJ Clarke,RT Ponting,SC Williams,1,0,,,,,,"",""
ball,1,32.2,Australia,RT Ponting,MJ Clarke,SC Williams,0,0,,,,,,"",""
ball,1,32.3,Australia,RT Ponting,MJ Clarke,SC Williams,0,0,,,,,,"",""
ball,1,32.4,Australia,RT Ponting,MJ Clarke,SC Williams,1,0,,,,,,"",""
ball,1,32.5,Australia,MJ Clarke,RT Ponting,SC Williams,1,0,,,,,,run out,RT Ponting
ball,1,32.6,Australia,MJ Clarke,CL White,SC Williams,1,0,,,,,,"",""
ball,1,33.1,Australia,MJ Clarke,CL White,AG Cremer,1,0,,,,,,"",""
ball,1,33.2,Australia,CL White,MJ Clarke,AG Cremer,0,0,,,,,,"",""
ball,1,33.3,Australia,CL White,MJ Clarke,AG Cremer,1,0,,,,,,"",""
ball,1,33.4,Australia,MJ Clarke,CL White,AG Cremer,2,0,,,,,,"",""
ball,1,33.5,Australia,MJ Clarke,CL White,AG Cremer,1,0,,,,,,"",""
ball,1,33.6,Australia,CL White,MJ Clarke,AG Cremer,0,0,,,,,,"",""
ball,1,34.1,Australia,MJ Clarke,CL White,SC Williams,1,0,,,,,,"",""
ball,1,34.2,Australia,CL White,MJ Clarke,SC Williams,0,0,,,,,,"",""
ball,1,34.3,Australia,CL White,MJ Clarke,SC Williams,0,0,,,,,,"",""
ball,1,34.4,Australia,CL White,MJ Clarke,SC Williams,0,0,,,,,,"",""
ball,1,34.5,Australia,CL White,MJ Clarke,SC Williams,1,0,,,,,,"",""
ball,1,34.6,Australia,MJ Clarke,CL White,SC Williams,1,0,,,,,,"",""
ball,1,35.1,Australia,MJ Clarke,CL White,AG Cremer,0,0,,,,,,"",""
ball,1,35.2,Australia,MJ Clarke,CL White,AG Cremer,0,0,,,,,,"",""
ball,1,35.3,Australia,MJ Clarke,CL White,AG Cremer,1,0,,,,,,"",""
ball,1,35.4,Australia,CL White,MJ Clarke,AG Cremer,0,0,,,,,,"",""
ball,1,35.5,Australia,CL White,MJ Clarke,AG Cremer,1,0,,,,,,"",""
ball,1,35.6,Australia,MJ Clarke,CL White,AG Cremer,0,0,,,,,,"",""
ball,1,36.1,Australia,CL White,MJ Clarke,SC Williams,0,0,,,,,,"",""
ball,1,36.2,Australia,CL White,MJ Clarke,SC Williams,0,0,,,,,,"",""
ball,1,36.3,Australia,CL White,MJ Clarke,SC Williams,1,0,,,,,,"",""
ball,1,36.4,Australia,MJ Clarke,CL White,SC Williams,1,0,,,,,,"",""
ball,1,36.5,Australia,CL White,MJ Clarke,SC Williams,1,0,,,,,,"",""
ball,1,36.6,Australia,MJ Clarke,CL White,SC Williams,0,0,,,,,,"",""
ball,1,37.1,Australia,CL White,MJ Clarke,BRM Taylor,1,0,,,,,,"",""
ball,1,37.2,Australia,MJ Clarke,CL White,BRM Taylor,1,0,,,,,,"",""
ball,1,37.3,Australia,CL White,MJ Clarke,BRM Taylor,1,0,,,,,,"",""
ball,1,37.4,Australia,MJ Clarke,CL White,BRM Taylor,1,0,,,,,,"",""
ball,1,37.5,Australia,CL White,MJ Clarke,BRM Taylor,0,0,,,,,,"",""
ball,1,37.6,Australia,CL White,MJ Clarke,BRM Taylor,1,0,,,,,,"",""
ball,1,38.1,Australia,CL White,MJ Clarke,SC Williams,0,0,,,,,,"",""
ball,1,38.2,Australia,CL White,MJ Clarke,SC Williams,1,0,,,,,,"",""
ball,1,38.3,Australia,MJ Clarke,CL White,SC Williams,0,0,,,,,,"",""
ball,1,38.4,Australia,MJ Clarke,CL White,SC Williams,0,0,,,,,,"",""
ball,1,38.5,Australia,MJ Clarke,CL White,SC Williams,1,0,,,,,,"",""
ball,1,38.6,Australia,CL White,MJ Clarke,SC Williams,1,0,,,,,,"",""
ball,1,39.1,Australia,CL White,MJ Clarke,BRM Taylor,1,0,,,,,,"",""
ball,1,39.2,Australia,MJ Clarke,CL White,BRM Taylor,1,0,,,,,,"",""
ball,1,39.3,Australia,CL White,MJ Clarke,BRM Taylor,1,0,,,,,,"",""
ball,1,39.4,Australia,MJ Clarke,CL White,BRM Taylor,2,0,,,,,,"",""
ball,1,39.5,Australia,MJ Clarke,CL White,BRM Taylor,1,0,,,,,,"",""
ball,1,39.6,Australia,CL White,MJ Clarke,BRM Taylor,0,0,,,,,,"",""
ball,1,40.1,Australia,MJ Clarke,CL White,P Utseya,1,0,,,,,,"",""
ball,1,40.2,Australia,CL White,MJ Clarke,P Utseya,1,0,,,,,,"",""
ball,1,40.3,Australia,MJ Clarke,CL White,P Utseya,4,0,,,,,,"",""
ball,1,40.4,Australia,MJ Clarke,CL White,P Utseya,1,0,,,,,,"",""
ball,1,40.5,Australia,CL White,MJ Clarke,P Utseya,1,0,,,,,,"",""
ball,1,40.6,Australia,MJ Clarke,CL White,P Utseya,0,0,,,,,,"",""
ball,1,41.1,Australia,CL White,MJ Clarke,RW Price,1,0,,,,,,"",""
ball,1,41.2,Australia,MJ Clarke,CL White,RW Price,1,0,,,,,,"",""
ball,1,41.3,Australia,CL White,MJ Clarke,RW Price,0,0,,,,,,"",""
ball,1,41.4,Australia,CL White,MJ Clarke,RW Price,2,0,,,,,,"",""
ball,1,41.5,Australia,CL White,MJ Clarke,RW Price,1,0,,,,,,"",""
ball,1,41.6,Australia,MJ Clarke,CL White,RW Price,1,0,,,,,,"",""
ball,1,42.1,Australia,MJ Clarke,CL White,P Utseya,1,0,,,,,,"",""
ball,1,42.2,Australia,CL White,MJ Clarke,P Utseya,0,0,,,,,,"",""
ball,1,42.3,Australia,CL White,MJ Clarke,P Utseya,1,0,,,,,,"",""
ball,1,42.4,Australia,MJ Clarke,CL White,P Utseya,4,0,,,,,,"",""
ball,1,42.5,Australia,MJ Clarke,CL White,P Utseya,1,0,,,,,,"",""
ball,1,42.6,Australia,CL White,MJ Clarke,P Utseya,1,0,,,,,,"",""
ball,1,43.1,Australia,CL White,MJ Clarke,RW Price,1,0,,,,,,"",""
ball,1,43.2,Australia,MJ Clarke,CL White,RW Price,0,0,,,,,,"",""
ball,1,43.3,Australia,MJ Clarke,CL White,RW Price,1,0,,,,,,"",""
ball,1,43.4,Australia,CL White,MJ Clarke,RW Price,0,1,,,,1,,"",""
ball,1,43.5,Australia,MJ Clarke,CL White,RW Price,0,0,,,,,,"",""
ball,1,43.6,Australia,MJ Clarke,CL White,RW Price,1,0,,,,,,"",""
ball,1,44.1,Australia,MJ Clarke,CL White,CB Mpofu,0,4,,,,4,,"",""
ball,1,44.2,Australia,MJ Clarke,CL White,CB Mpofu,0,1,1,,,,,"",""
ball,1,44.3,Australia,MJ Clarke,CL White,CB Mpofu,1,0,,,,,,"",""
ball,1,44.4,Australia,CL White,MJ Clarke,CB Mpofu,1,0,,,,,,"",""
ball,1,44.5,Australia,MJ Clarke,CL White,CB Mpofu,0,1,1,,,,,"",""
ball,1,44.6,Australia,MJ Clarke,CL White,CB Mpofu,0,0,,,,,,"",""
ball,1,44.7,Australia,MJ Clarke,CL White,CB Mpofu,1,0,,,,,,"",""
ball,1,44.8,Australia,CL White,MJ Clarke,CB Mpofu,0,0,,,,,,bowled,CL White
ball,1,45.1,Australia,MJ Clarke,DJ Hussey,SC Williams,0,0,,,,,,"",""
ball,1,45.2,Australia,MJ Clarke,DJ Hussey,SC Williams,1,0,,,,,,"",""
ball,1,45.3,Australia,DJ Hussey,MJ Clarke,SC Williams,1,0,,,,,,"",""
ball,1,45.4,Australia,MJ Clarke,DJ Hussey,SC Williams,1,0,,,,,,"",""
ball,1,45.5,Australia,DJ Hussey,MJ Clarke,SC Williams,6,0,,,,,,"",""
ball,1,45.6,Australia,DJ Hussey,MJ Clarke,SC Williams,0,0,,,,,,"",""
ball,1,46.1,Australia,MJ Clarke,DJ Hussey,P Utseya,0,0,,,,,,"",""
ball,1,46.2,Australia,MJ Clarke,DJ Hussey,P Utseya,1,0,,,,,,"",""
ball,1,46.3,Australia,DJ Hussey,MJ Clarke,P Utseya,0,1,1,,,,,"",""
ball,1,46.4,Australia,DJ Hussey,MJ Clarke,P Utseya,4,0,,,,,,"",""
ball,1,46.5,Australia,DJ Hussey,MJ Clarke,P Utseya,1,0,,,,,,"",""
ball,1,46.6,Australia,MJ Clarke,DJ Hussey,P Utseya,0,1,1,,,,,"",""
ball,1,46.7,Australia,MJ Clarke,DJ Hussey,P Utseya,1,0,,,,,,"",""
ball,1,46.8,Australia,DJ Hussey,MJ Clarke,P Utseya,1,0,,,,,,"",""
ball,1,47.1,Australia,DJ Hussey,MJ Clarke,CB Mpofu,1,0,,,,,,"",""
ball,1,47.2,Australia,MJ Clarke,DJ Hussey,CB Mpofu,2,0,,,,,,"",""
ball,1,47.3,Australia,MJ Clarke,DJ Hussey,CB Mpofu,2,0,,,,,,"",""
ball,1,47.4,Australia,MJ Clarke,DJ Hussey,CB Mpofu,4,0,,,,,,"",""
ball,1,47.5,Australia,MJ Clarke,DJ Hussey,CB Mpofu,2,0,,,,,,"",""
ball,1,47.6,Australia,MJ Clarke,DJ Hussey,CB Mpofu,4,0,,,,,,"",""
ball,1,48.1,Australia,DJ Hussey,MJ Clarke,RW Price,0,0,,,,,,bowled,DJ Hussey
ball,1,48.2,Australia,SPD Smith,MJ Clarke,RW Price,4,0,,,,,,"",""
ball,1,48.3,Australia,SPD Smith,MJ Clarke,RW Price,6,0,,,,,,"",""
ball,1,48.4,Australia,SPD Smith,MJ Clarke,RW Price,1,0,,,,,,"",""
ball,1,48.5,Australia,MJ Clarke,SPD Smith,RW Price,0,0,,,,,,"",""
ball,1,48.6,Australia,MJ Clarke,SPD Smith,RW Price,2,0,,,,,,"",""
ball,1,49.1,Australia,SPD Smith,MJ Clarke,CB Mpofu,0,0,,,,,,caught,SPD Smith
ball,1,49.2,Australia,MJ Clarke,MG Johnson,CB Mpofu,0,0,,,,,,"",""
ball,1,49.3,Australia,MJ Clarke,MG Johnson,CB Mpofu,1,0,,,,,,"",""
ball,1,49.4,Australia,MG Johnson,MJ Clarke,CB Mpofu,2,0,,,,,,"",""
ball,1,49.5,Australia,MG Johnson,MJ Clarke,CB Mpofu,4,0,,,,,,"",""
ball,1,49.6,Australia,MG Johnson,MJ Clarke,CB Mpofu,1,0,,,,,,"",""
ball,2,0.1,Zimbabwe,BRM Taylor,CK Coventry,SW Tait,1,0,,,,,,"",""
ball,2,0.2,Zimbabwe,CK Coventry,BRM Taylor,SW Tait,0,1,1,,,,,"",""
ball,2,0.3,Zimbabwe,CK Coventry,BRM Taylor,SW Tait,0,0,,,,,,"",""
ball,2,0.4,Zimbabwe,CK Coventry,BRM Taylor,SW Tait,0,0,,,,,,"",""
ball,2,0.5,Zimbabwe,CK Coventry,BRM Taylor,SW Tait,0,0,,,,,,"",""
ball,2,0.6,Zimbabwe,CK Coventry,BRM Taylor,SW Tait,0,0,,,,,,"",""
ball,2,0.7,Zimbabwe,CK Coventry,BRM Taylor,SW Tait,0,0,,,,,,"",""
ball,2,1.1,Zimbabwe,BRM Taylor,CK Coventry,B Lee,1,0,,,,,,"",""
ball,2,1.2,Zimbabwe,CK Coventry,BRM Taylor,B Lee,4,0,,,,,,"",""
ball,2,1.3,Zimbabwe,CK Coventry,BRM Taylor,B Lee,0,0,,,,,,"",""
ball,2,1.4,Zimbabwe,CK Coventry,BRM Taylor,B Lee,0,0,,,,,,"",""
ball,2,1.5,Zimbabwe,CK Coventry,BRM Taylor,B Lee,0,0,,,,,,"",""
ball,2,1.6,Zimbabwe,CK Coventry,BRM Taylor,B Lee,0,0,,,,,,"",""
ball,2,2.1,Zimbabwe,BRM Taylor,CK Coventry,SW Tait,2,0,,,,,,"",""
ball,2,2.2,Zimbabwe,BRM Taylor,CK Coventry,SW Tait,0,0,,,,,,"",""
ball,2,2.3,Zimbabwe,BRM Taylor,CK Coventry,SW Tait,0,0,,,,,,"",""
ball,2,2.4,Zimbabwe,BRM Taylor,CK Coventry,SW Tait,0,1,1,,,,,"",""
ball,2,2.5,Zimbabwe,BRM Taylor,CK Coventry,SW Tait,1,0,,,,,,"",""
ball,2,2.6,Zimbabwe,CK Coventry,BRM Taylor,SW Tait,2,0,,,,,,"",""
ball,2,2.7,Zimbabwe,CK Coventry,BRM Taylor,SW Tait,0,0,,,,,,"",""
ball,2,3.1,Zimbabwe,BRM Taylor,CK Coventry,B Lee,0,0,,,,,,"",""
ball,2,3.2,Zimbabwe,BRM Taylor,CK Coventry,B Lee,1,0,,,,,,"",""
ball,2,3.3,Zimbabwe,CK Coventry,BRM Taylor,B Lee,0,0,,,,,,"",""
ball,2,3.4,Zimbabwe,CK Coventry,BRM Taylor,B Lee,6,0,,,,,,"",""
ball,2,3.5,Zimbabwe,CK Coventry,BRM Taylor,B Lee,1,0,,,,,,"",""
ball,2,3.6,Zimbabwe,BRM Taylor,CK Coventry,B Lee,0,0,,,,,,"",""
ball,2,4.1,Zimbabwe,CK Coventry,BRM Taylor,MG Johnson,0,0,,,,,,"",""
ball,2,4.2,Zimbabwe,CK Coventry,BRM Taylor,MG Johnson,0,0,,,,,,"",""
ball,2,4.3,Zimbabwe,CK Coventry,BRM Taylor,MG Johnson,0,0,,,,,,"",""
ball,2,4.4,Zimbabwe,CK Coventry,BRM Taylor,MG Johnson,0,0,,,,,,"",""
ball,2,4.5,Zimbabwe,CK Coventry,BRM Taylor,MG Johnson,1,0,,,,,,"",""
ball,2,4.6,Zimbabwe,BRM Taylor,CK Coventry,MG Johnson,0,0,,,,,,"",""
ball,2,5.1,Zimbabwe,CK Coventry,BRM Taylor,B Lee,0,0,,,,,,"",""
ball,2,5.2,Zimbabwe,CK Coventry,BRM Taylor,B Lee,0,0,,,,,,"",""
ball,2,5.3,Zimbabwe,CK Coventry,BRM Taylor,B Lee,0,0,,,,,,"",""
ball,2,5.4,Zimbabwe,CK Coventry,BRM Taylor,B Lee,0,0,,,,,,caught and bowled,CK Coventry
ball,2,5.5,Zimbabwe,T Taibu,BRM Taylor,B Lee,0,0,,,,,,"",""
ball,2,5.6,Zimbabwe,T Taibu,BRM Taylor,B Lee,0,0,,,,,,"",""
ball,2,6.1,Zimbabwe,BRM Taylor,T Taibu,MG Johnson,1,0,,,,,,"",""
ball,2,6.2,Zimbabwe,T Taibu,BRM Taylor,MG Johnson,0,0,,,,,,"",""
ball,2,6.3,Zimbabwe,T Taibu,BRM Taylor,MG Johnson,0,0,,,,,,"",""
ball,2,6.4,Zimbabwe,T Taibu,BRM Taylor,MG Johnson,0,0,,,,,,"",""
ball,2,6.5,Zimbabwe,T Taibu,BRM Taylor,MG Johnson,0,0,,,,,,"",""
ball,2,6.6,Zimbabwe,T Taibu,BRM Taylor,MG Johnson,1,0,,,,,,"",""
ball,2,7.1,Zimbabwe,T Taibu,BRM Taylor,B Lee,1,0,,,,,,"",""
ball,2,7.2,Zimbabwe,BRM Taylor,T Taibu,B Lee,4,0,,,,,,"",""
ball,2,7.3,Zimbabwe,BRM Taylor,T Taibu,B Lee,0,0,,,,,,"",""
ball,2,7.4,Zimbabwe,BRM Taylor,T Taibu,B Lee,0,0,,,,,,"",""
ball,2,7.5,Zimbabwe,BRM Taylor,T Taibu,B Lee,1,0,,,,,,"",""
ball,2,7.6,Zimbabwe,T Taibu,BRM Taylor,B Lee,0,0,,,,,,"",""
ball,2,8.1,Zimbabwe,BRM Taylor,T Taibu,MG Johnson,1,0,,,,,,"",""
ball,2,8.2,Zimbabwe,T Taibu,BRM Taylor,MG Johnson,1,0,,,,,,"",""
ball,2,8.3,Zimbabwe,BRM Taylor,T Taibu,MG Johnson,0,0,,,,,,"",""
ball,2,8.4,Zimbabwe,BRM Taylor,T Taibu,MG Johnson,0,0,,,,,,"",""
ball,2,8.5,Zimbabwe,BRM Taylor,T Taibu,MG Johnson,0,0,,,,,,"",""
ball,2,8.6,Zimbabwe,BRM Taylor,T Taibu,MG Johnson,2,0,,,,,,"",""
ball,2,9.1,Zimbabwe,T Taibu,BRM Taylor,B Lee,0,0,,,,,,"",""
ball,2,9.2,Zimbabwe,T Taibu,BRM Taylor,B Lee,0,0,,,,,,"",""
ball,2,9.3,Zimbabwe,T Taibu,BRM Taylor,B Lee,0,0,,,,,,"",""
ball,2,9.4,Zimbabwe,T Taibu,BRM Taylor,B Lee,0,0,,,,,,"",""
ball,2,9.5,Zimbabwe,T Taibu,BRM Taylor,B Lee,0,1,1,,,,,"",""
ball,2,9.6,Zimbabwe,T Taibu,BRM Taylor,B Lee,4,0,,,,,,"",""
ball,2,9.7,Zimbabwe,T Taibu,BRM Taylor,B Lee,0,0,,,,,,"",""
ball,2,10.1,Zimbabwe,BRM Taylor,T Taibu,MG Johnson,0,0,,,,,,"",""
ball,2,10.2,Zimbabwe,BRM Taylor,T Taibu,MG Johnson,1,0,,,,,,"",""
ball,2,10.3,Zimbabwe,T Taibu,BRM Taylor,MG Johnson,0,0,,,,,,caught,T Taibu
ball,2,10.4,Zimbabwe,CR Ervine,BRM Taylor,MG Johnson,0,0,,,,,,"",""
ball,2,10.5,Zimbabwe,CR Ervine,BRM Taylor,MG Johnson,0,0,,,,,,"",""
ball,2,10.6,Zimbabwe,CR Ervine,BRM Taylor,MG Johnson,0,0,,,,,,"",""
ball,2,11.1,Zimbabwe,BRM Taylor,CR Ervine,SW Tait,0,0,,,,,,"",""
ball,2,11.2,Zimbabwe,BRM Taylor,CR Ervine,SW Tait,0,0,,,,,,bowled,BRM Taylor
ball,2,11.3,Zimbabwe,E Chigumbura,CR Ervine,SW Tait,0,4,,,,4,,"",""
ball,2,11.4,Zimbabwe,E Chigumbura,CR Ervine,SW Tait,0,0,,,,,,"",""
ball,2,11.5,Zimbabwe,E Chigumbura,CR Ervine,SW Tait,0,0,,,,,,"",""
ball,2,11.6,Zimbabwe,E Chigumbura,CR Ervine,SW Tait,0,0,,,,,,"",""
ball,2,12.1,Zimbabwe,CR Ervine,E Chigumbura,MG Johnson,0,0,,,,,,"",""
ball,2,12.2,Zimbabwe,CR Ervine,E Chigumbura,MG Johnson,0,0,,,,,,"",""
ball,2,12.3,Zimbabwe,CR Ervine,E Chigumbura,MG Johnson,0,0,,,,,,lbw,CR Ervine
ball,2,12.4,Zimbabwe,SC Williams,E Chigumbura,MG Johnson,0,0,,,,,,"",""
ball,2,12.5,Zimbabwe,SC Williams,E Chigumbura,MG Johnson,0,0,,,,,,"",""
ball,2,12.6,Zimbabwe,SC Williams,E Chigumbura,MG Johnson,0,0,,,,,,"",""
ball,2,13.1,Zimbabwe,E Chigumbura,SC Williams,SW Tait,4,0,,,,,,"",""
ball,2,13.2,Zimbabwe,E Chigumbura,SC Williams,SW Tait,0,2,,,,2,,"",""
ball,2,13.3,Zimbabwe,E Chigumbura,SC Williams,SW Tait,0,0,,,,,,"",""
ball,2,13.4,Zimbabwe,E Chigumbura,SC Williams,SW Tait,0,0,,,,,,"",""
ball,2,13.5,Zimbabwe,E Chigumbura,SC Williams,SW Tait,0,0,,,,,,"",""
ball,2,13.6,Zimbabwe,E Chigumbura,SC Williams,SW Tait,4,0,,,,,,"",""
ball,2,14.1,Zimbabwe,SC Williams,E Chigumbura,MG Johnson,0,0,,,,,,"",""
ball,2,14.2,Zimbabwe,SC Williams,E Chigumbura,MG Johnson,3,0,,,,,,"",""
ball,2,14.3,Zimbabwe,E Chigumbura,SC Williams,MG Johnson,0,0,,,,,,"",""
ball,2,14.4,Zimbabwe,E Chigumbura,SC Williams,MG Johnson,0,0,,,,,,"",""
ball,2,14.5,Zimbabwe,E Chigumbura,SC Williams,MG Johnson,0,0,,,,,,"",""
ball,2,14.6,Zimbabwe,E Chigumbura,SC Williams,MG Johnson,0,0,,,,,,"",""
ball,2,15.1,Zimbabwe,SC Williams,E Chigumbura,JJ Krejza,4,0,,,,,,"",""
ball,2,15.2,Zimbabwe,SC Williams,E Chigumbura,JJ Krejza,0,0,,,,,,"",""
ball,2,15.3,Zimbabwe,SC Williams,E Chigumbura,JJ Krejza,2,0,,,,,,"",""
ball,2,15.4,Zimbabwe,SC Williams,E Chigumbura,JJ Krejza,0,0,,,,,,"",""
ball,2,15.5,Zimbabwe,SC Williams,E Chigumbura,JJ Krejza,0,0,,,,,,"",""
ball,2,15.6,Zimbabwe,SC Williams,E Chigumbura,JJ Krejza,0,0,,,,,,"",""
ball,2,16.1,Zimbabwe,E Chigumbura,SC Williams,SR Watson,0,0,,,,,,"",""
ball,2,16.2,Zimbabwe,E Chigumbura,SC Williams,SR Watson,1,0,,,,,,"",""
ball,2,16.3,Zimbabwe,SC Williams,E Chigumbura,SR Watson,0,0,,,,,,"",""
ball,2,16.4,Zimbabwe,SC Williams,E Chigumbura,SR Watson,0,0,,,,,,"",""
ball,2,16.5,Zimbabwe,SC Williams,E Chigumbura,SR Watson,0,0,,,,,,"",""
ball,2,16.6,Zimbabwe,SC Williams,E Chigumbura,SR Watson,0,0,,,,,,"",""
ball,2,17.1,Zimbabwe,E Chigumbura,SC Williams,JJ Krejza,0,0,,,,,,"",""
ball,2,17.2,Zimbabwe,E Chigumbura,SC Williams,JJ Krejza,1,0,,,,,,"",""
ball,2,17.3,Zimbabwe,SC Williams,E Chigumbura,JJ Krejza,0,0,,,,,,"",""
ball,2,17.4,Zimbabwe,SC Williams,E Chigumbura,JJ Krejza,6,0,,,,,,"",""
ball,2,17.5,Zimbabwe,SC Williams,E Chigumbura,JJ Krejza,0,0,,,,,,"",""
ball,2,17.6,Zimbabwe,SC Williams,E Chigumbura,JJ Krejza,1,0,,,,,,"",""
ball,2,18.1,Zimbabwe,SC Williams,E Chigumbura,SR Watson,0,0,,,,,,"",""
ball,2,18.2,Zimbabwe,SC Williams,E Chigumbura,SR Watson,1,0,,,,,,"",""
ball,2,18.3,Zimbabwe,E Chigumbura,SC Williams,SR Watson,0,0,,,,,,"",""
ball,2,18.4,Zimbabwe,E Chigumbura,SC Williams,SR Watson,1,0,,,,,,"",""
ball,2,18.5,Zimbabwe,SC Williams,E Chigumbura,SR Watson,0,0,,,,,,"",""
ball,2,18.6,Zimbabwe,SC Williams,E Chigumbura,SR Watson,1,0,,,,,,"",""
ball,2,19.1,Zimbabwe,SC Williams,E Chigumbura,JJ Krejza,0,0,,,,,,"",""
ball,2,19.2,Zimbabwe,SC Williams,E Chigumbura,JJ Krejza,1,0,,,,,,"",""
ball,2,19.3,Zimbabwe,E Chigumbura,SC Williams,JJ Krejza,3,0,,,,,,"",""
ball,2,19.4,Zimbabwe,SC Williams,E Chigumbura,JJ Krejza,1,0,,,,,,"",""
ball,2,19.5,Zimbabwe,E Chigumbura,SC Williams,JJ Krejza,0,0,,,,,,"",""
ball,2,19.6,Zimbabwe,E Chigumbura,SC Williams,JJ Krejza,0,4,,,4,,,"",""
ball,2,20.1,Zimbabwe,SC Williams,E Chigumbura,SR Watson,0,0,,,,,,"",""
ball,2,20.2,Zimbabwe,SC Williams,E Chigumbura,SR Watson,0,0,,,,,,"",""
ball,2,20.3,Zimbabwe,SC Williams,E Chigumbura,SR Watson,2,0,,,,,,"",""
ball,2,20.4,Zimbabwe,SC Williams,E Chigumbura,SR Watson,0,0,,,,,,"",""
ball,2,20.5,Zimbabwe,SC Williams,E Chigumbura,SR Watson,1,0,,,,,,"",""
ball,2,20.6,Zimbabwe,E Chigumbura,SC Williams,SR Watson,0,0,,,,,,"",""
ball,2,21.1,Zimbabwe,SC Williams,E Chigumbura,JJ Krejza,1,0,,,,,,"",""
ball,2,21.2,Zimbabwe,E Chigumbura,SC Williams,JJ Krejza,0,0,,,,,,caught,E Chigumbura
ball,2,21.3,Zimbabwe,RW Chakabva,SC Williams,JJ Krejza,0,0,,,,,,"",""
ball,2,21.4,Zimbabwe,RW Chakabva,SC Williams,JJ Krejza,0,0,,,,,,"",""
ball,2,21.5,Zimbabwe,RW Chakabva,SC Williams,JJ Krejza,0,0,,,,,,"",""
ball,2,21.6,Zimbabwe,RW Chakabva,SC Williams,JJ Krejza,0,0,,,,,,"",""
ball,2,22.1,Zimbabwe,SC Williams,RW Chakabva,SW Tait,0,0,,,,,,"",""
ball,2,22.2,Zimbabwe,SC Williams,RW Chakabva,SW Tait,2,0,,,,,,"",""
ball,2,22.3,Zimbabwe,SC Williams,RW Chakabva,SW Tait,1,0,,,,,,"",""
ball,2,22.4,Zimbabwe,RW Chakabva,SC Williams,SW Tait,1,0,,,,,,"",""
ball,2,22.5,Zimbabwe,SC Williams,RW Chakabva,SW Tait,0,0,,,,,,"",""
ball,2,22.6,Zimbabwe,SC Williams,RW Chakabva,SW Tait,0,0,,,,,,"",""
ball,2,23.1,Zimbabwe,RW Chakabva,SC Williams,JJ Krejza,0,0,,,,,,"",""
ball,2,23.2,Zimbabwe,RW Chakabva,SC Williams,JJ Krejza,1,0,,,,,,"",""
ball,2,23.3,Zimbabwe,SC Williams,RW Chakabva,JJ Krejza,0,0,,,,,,"",""
ball,2,23.4,Zimbabwe,SC Williams,RW Chakabva,JJ Krejza,1,0,,,,,,"",""
ball,2,23.5,Zimbabwe,RW Chakabva,SC Williams,JJ Krejza,0,0,,,,,,"",""
ball,2,23.6,Zimbabwe,RW Chakabva,SC Williams,JJ Krejza,1,0,,,,,,"",""
ball,2,24.1,Zimbabwe,RW Chakabva,SC Williams,SW Tait,0,0,,,,,,"",""
ball,2,24.2,Zimbabwe,RW Chakabva,SC Williams,SW Tait,0,0,,,,,,"",""
ball,2,24.3,Zimbabwe,RW Chakabva,SC Williams,SW Tait,0,0,,,,,,"",""
ball,2,24.4,Zimbabwe,RW Chakabva,SC Williams,SW Tait,0,0,,,,,,"",""
ball,2,24.5,Zimbabwe,RW Chakabva,SC Williams,SW Tait,1,0,,,,,,"",""
ball,2,24.6,Zimbabwe,SC Williams,RW Chakabva,SW Tait,0,0,,,,,,caught,SC Williams
ball,2,25.1,Zimbabwe,RW Chakabva,P Utseya,JJ Krejza,1,0,,,,,,"",""
ball,2,25.2,Zimbabwe,P Utseya,RW Chakabva,JJ Krejza,0,0,,,,,,"",""
ball,2,25.3,Zimbabwe,P Utseya,RW Chakabva,JJ Krejza,0,0,,,,,,"",""
ball,2,25.4,Zimbabwe,P Utseya,RW Chakabva,JJ Krejza,0,0,,,,,,"",""
ball,2,25.5,Zimbabwe,P Utseya,RW Chakabva,JJ Krejza,0,0,,,,,,"",""
ball,2,25.6,Zimbabwe,P Utseya,RW Chakabva,JJ Krejza,0,0,,,,,,"",""
ball,2,26.1,Zimbabwe,RW Chakabva,P Utseya,SPD Smith,0,1,,,,1,,"",""
ball,2,26.2,Zimbabwe,P Utseya,RW Chakabva,SPD Smith,2,0,,,,,,"",""
ball,2,26.3,Zimbabwe,P Utseya,RW Chakabva,SPD Smith,0,0,,,,,,"",""
ball,2,26.4,Zimbabwe,P Utseya,RW Chakabva,SPD Smith,1,0,,,,,,"",""
ball,2,26.5,Zimbabwe,RW Chakabva,P Utseya,SPD Smith,1,0,,,,,,"",""
ball,2,26.6,Zimbabwe,P Utseya,RW Chakabva,SPD Smith,1,0,,,,,,"",""
ball,2,27.1,Zimbabwe,P Utseya,RW Chakabva,JJ Krejza,1,0,,,,,,"",""
ball,2,27.2,Zimbabwe,RW Chakabva,P Utseya,JJ Krejza,0,0,,,,,,lbw,RW Chakabva
ball,2,27.3,Zimbabwe,AG Cremer,P Utseya,JJ Krejza,0,0,,,,,,"",""
ball,2,27.4,Zimbabwe,AG Cremer,P Utseya,JJ Krejza,1,0,,,,,,"",""
ball,2,27.5,Zimbabwe,P Utseya,AG Cremer,JJ Krejza,0,0,,,,,,"",""
ball,2,27.6,Zimbabwe,P Utseya,AG Cremer,JJ Krejza,0,0,,,,,,"",""
ball,2,28.1,Zimbabwe,AG Cremer,P Utseya,SPD Smith,0,0,,,,,,"",""
ball,2,28.2,Zimbabwe,AG Cremer,P Utseya,SPD Smith,0,0,,,,,,"",""
ball,2,28.3,Zimbabwe,AG Cremer,P Utseya,SPD Smith,1,0,,,,,,"",""
ball,2,28.4,Zimbabwe,P Utseya,AG Cremer,SPD Smith,0,0,,,,,,"",""
ball,2,28.5,Zimbabwe,P Utseya,AG Cremer,SPD Smith,1,0,,,,,,"",""
ball,2,28.6,Zimbabwe,AG Cremer,P Utseya,SPD Smith,2,0,,,,,,"",""
ball,2,29.1,Zimbabwe,P Utseya,AG Cremer,JJ Krejza,0,0,,,,,,"",""
ball,2,29.2,Zimbabwe,P Utseya,AG Cremer,JJ Krejza,0,0,,,,,,"",""
ball,2,29.3,Zimbabwe,P Utseya,AG Cremer,JJ Krejza,0,0,,,,,,"",""
ball,2,29.4,Zimbabwe,P Utseya,AG Cremer,JJ Krejza,1,0,,,,,,"",""
ball,2,29.5,Zimbabwe,AG Cremer,P Utseya,JJ Krejza,0,0,,,,,,"",""
ball,2,29.6,Zimbabwe,AG Cremer,P Utseya,JJ Krejza,1,0,,,,,,"",""
ball,2,30.1,Zimbabwe,AG Cremer,P Utseya,SPD Smith,0,0,,,,,,"",""
ball,2,30.2,Zimbabwe,AG Cremer,P Utseya,SPD Smith,1,0,,,,,,"",""
ball,2,30.3,Zimbabwe,P Utseya,AG Cremer,SPD Smith,0,0,,,,,,"",""
ball,2,30.4,Zimbabwe,P Utseya,AG Cremer,SPD Smith,1,0,,,,,,"",""
ball,2,30.5,Zimbabwe,AG Cremer,P Utseya,SPD Smith,4,0,,,,,,"",""
ball,2,30.6,Zimbabwe,AG Cremer,P Utseya,SPD Smith,0,0,,,,,,"",""
ball,2,31.1,Zimbabwe,P Utseya,AG Cremer,B Lee,0,0,,,,,,"",""
ball,2,31.2,Zimbabwe,P Utseya,AG Cremer,B Lee,0,0,,,,,,"",""
ball,2,31.3,Zimbabwe,P Utseya,AG Cremer,B Lee,0,0,,,,,,"",""
ball,2,31.4,Zimbabwe,P Utseya,AG Cremer,B Lee,1,0,,,,,,"",""
ball,2,31.5,Zimbabwe,AG Cremer,P Utseya,B Lee,0,0,,,,,,"",""
ball,2,31.6,Zimbabwe,AG Cremer,P Utseya,B Lee,0,0,,,,,,"",""
ball,2,32.1,Zimbabwe,P Utseya,AG Cremer,SPD Smith,0,0,,,,,,"",""
ball,2,32.2,Zimbabwe,P Utseya,AG Cremer,SPD Smith,0,0,,,,,,"",""
ball,2,32.3,Zimbabwe,P Utseya,AG Cremer,SPD Smith,1,0,,,,,,"",""
ball,2,32.4,Zimbabwe,AG Cremer,P Utseya,SPD Smith,1,0,,,,,,"",""
ball,2,32.5,Zimbabwe,P Utseya,AG Cremer,SPD Smith,1,0,,,,,,"",""
ball,2,32.6,Zimbabwe,AG Cremer,P Utseya,SPD Smith,1,0,,,,,,"",""
ball,2,33.1,Zimbabwe,AG Cremer,P Utseya,B Lee,4,0,,,,,,"",""
ball,2,33.2,Zimbabwe,AG Cremer,P Utseya,B Lee,0,0,,,,,,"",""
ball,2,33.3,Zimbabwe,AG Cremer,P Utseya,B Lee,0,0,,,,,,"",""
ball,2,33.4,Zimbabwe,AG Cremer,P Utseya,B Lee,0,0,,,,,,"",""
ball,2,33.5,Zimbabwe,AG Cremer,P Utseya,B Lee,1,0,,,,,,"",""
ball,2,33.6,Zimbabwe,P Utseya,AG Cremer,B Lee,0,0,,,,,,"",""
ball,2,34.1,Zimbabwe,AG Cremer,P Utseya,SPD Smith,1,0,,,,,,"",""
ball,2,34.2,Zimbabwe,P Utseya,AG Cremer,SPD Smith,0,0,,,,,,"",""
ball,2,34.3,Zimbabwe,P Utseya,AG Cremer,SPD Smith,1,0,,,,,,"",""
ball,2,34.4,Zimbabwe,AG Cremer,P Utseya,SPD Smith,1,0,,,,,,"",""
ball,2,34.5,Zimbabwe,P Utseya,AG Cremer,SPD Smith,1,0,,,,,,"",""
ball,2,34.6,Zimbabwe,AG Cremer,P Utseya,SPD Smith,1,0,,,,,,"",""
ball,2,35.1,Zimbabwe,AG Cremer,P Utseya,B Lee,0,0,,,,,,"",""
ball,2,35.2,Zimbabwe,AG Cremer,P Utseya,B Lee,0,0,,,,,,"",""
ball,2,35.3,Zimbabwe,AG Cremer,P Utseya,B Lee,1,1,,1,,,,"",""
ball,2,35.4,Zimbabwe,P Utseya,AG Cremer,B Lee,0,0,,,,,,"",""
ball,2,35.5,Zimbabwe,P Utseya,AG Cremer,B Lee,0,0,,,,,,"",""
ball,2,35.6,Zimbabwe,P Utseya,AG Cremer,B Lee,1,0,,,,,,"",""
ball,2,35.7,Zimbabwe,AG Cremer,P Utseya,B Lee,1,0,,,,,,"",""
ball,2,36.1,Zimbabwe,AG Cremer,P Utseya,SW Tait,0,0,,,,,,"",""
ball,2,36.2,Zimbabwe,AG Cremer,P Utseya,SW Tait,0,0,,,,,,"",""
ball,2,36.3,Zimbabwe,AG Cremer,P Utseya,SW Tait,1,0,,,,,,"",""
ball,2,36.4,Zimbabwe,P Utseya,AG Cremer,SW Tait,0,0,,,,,,"",""
ball,2,36.5,Zimbabwe,P Utseya,AG Cremer,SW Tait,0,0,,,,,,"",""
ball,2,36.6,Zimbabwe,P Utseya,AG Cremer,SW Tait,0,0,,,,,,"",""
ball,2,37.1,Zimbabwe,AG Cremer,P Utseya,DJ Hussey,0,0,,,,,,"",""
ball,2,37.2,Zimbabwe,AG Cremer,P Utseya,DJ Hussey,0,0,,,,,,"",""
ball,2,37.3,Zimbabwe,AG Cremer,P Utseya,DJ Hussey,0,0,,,,,,"",""
ball,2,37.4,Zimbabwe,AG Cremer,P Utseya,DJ Hussey,1,0,,,,,,"",""
ball,2,37.5,Zimbabwe,P Utseya,AG Cremer,DJ Hussey,2,0,,,,,,"",""
ball,2,37.6,Zimbabwe,P Utseya,AG Cremer,DJ Hussey,1,0,,,,,,"",""
ball,2,38.1,Zimbabwe,P Utseya,AG Cremer,SW Tait,4,0,,,,,,"",""
ball,2,38.2,Zimbabwe,P Utseya,AG Cremer,SW Tait,0,0,,,,,,"",""
ball,2,38.3,Zimbabwe,P Utseya,AG Cremer,SW Tait,1,1,,1,,,,"",""
ball,2,38.4,Zimbabwe,AG Cremer,P Utseya,SW Tait,0,0,,,,,,"",""
ball,2,38.5,Zimbabwe,AG Cremer,P Utseya,SW Tait,0,0,,,,,,"",""
ball,2,38.6,Zimbabwe,AG Cremer,P Utseya,SW Tait,4,0,,,,,,"",""
ball,2,38.7,Zimbabwe,AG Cremer,P Utseya,SW Tait,0,0,,,,,,"",""
ball,2,39.1,Zimbabwe,P Utseya,AG Cremer,DJ Hussey,2,0,,,,,,"",""
ball,2,39.2,Zimbabwe,P Utseya,AG Cremer,DJ Hussey,0,0,,,,,,caught,P Utseya
ball,2,39.3,Zimbabwe,RW Price,AG Cremer,DJ Hussey,0,0,,,,,,"",""
ball,2,39.4,Zimbabwe,RW Price,AG Cremer,DJ Hussey,1,0,,,,,,"",""
ball,2,39.5,Zimbabwe,AG Cremer,RW Price,DJ Hussey,0,0,,,,,,"",""
ball,2,39.6,Zimbabwe,AG Cremer,RW Price,DJ Hussey,1,0,,,,,,"",""
ball,2,40.1,Zimbabwe,AG Cremer,RW Price,MG Johnson,0,0,,,,,,"",""
ball,2,40.2,Zimbabwe,AG Cremer,RW Price,MG Johnson,0,0,,,,,,"",""
ball,2,40.3,Zimbabwe,AG Cremer,RW Price,MG Johnson,1,0,,,,,,"",""
ball,2,40.4,Zimbabwe,RW Price,AG Cremer,MG Johnson,1,0,,,,,,"",""
ball,2,40.5,Zimbabwe,AG Cremer,RW Price,MG Johnson,0,0,,,,,,"",""
ball,2,40.6,Zimbabwe,AG Cremer,RW Price,MG Johnson,4,0,,,,,,"",""
ball,2,41.1,Zimbabwe,RW Price,AG Cremer,DJ Hussey,0,0,,,,,,"",""
ball,2,41.2,Zimbabwe,RW Price,AG Cremer,DJ Hussey,1,0,,,,,,"",""
ball,2,41.3,Zimbabwe,AG Cremer,RW Price,DJ Hussey,1,0,,,,,,"",""
ball,2,41.4,Zimbabwe,RW Price,AG Cremer,DJ Hussey,1,0,,,,,,"",""
ball,2,41.5,Zimbabwe,AG Cremer,RW Price,DJ Hussey,0,0,,,,,,"",""
ball,2,41.6,Zimbabwe,AG Cremer,RW Price,DJ Hussey,1,0,,,,,,"",""
ball,2,42.1,Zimbabwe,AG Cremer,RW Price,MG Johnson,1,0,,,,,,"",""
ball,2,42.2,Zimbabwe,RW Price,AG Cremer,MG Johnson,0,0,,,,,,"",""
ball,2,42.3,Zimbabwe,RW Price,AG Cremer,MG Johnson,0,1,,,,1,,"",""
ball,2,42.4,Zimbabwe,AG Cremer,RW Price,MG Johnson,0,0,,,,,,caught,AG Cremer
ball,2,42.5,Zimbabwe,CB Mpofu,RW Price,MG Johnson,1,0,,,,,,"",""
ball,2,42.6,Zimbabwe,RW Price,CB Mpofu,MG Johnson,0,0,,,,,,"",""
ball,2,43.1,Zimbabwe,CB Mpofu,RW Price,DJ Hussey,0,0,,,,,,"",""
ball,2,43.2,Zimbabwe,CB Mpofu,RW Price,DJ Hussey,0,0,,,,,,"",""
ball,2,43.3,Zimbabwe,CB Mpofu,RW Price,DJ Hussey,0,0,,,,,,"",""
ball,2,43.4,Zimbabwe,CB Mpofu,RW Price,DJ Hussey,0,0,,,,,,"",""
ball,2,43.5,Zimbabwe,CB Mpofu,RW Price,DJ Hussey,0,0,,,,,,"",""
ball,2,43.6,Zimbabwe,CB Mpofu,RW Price,DJ Hussey,0,0,,,,,,"",""
ball,2,44.1,Zimbabwe,RW Price,CB Mpofu,MG Johnson,0,0,,,,,,"",""
ball,2,44.2,Zimbabwe,RW Price,CB Mpofu,MG Johnson,0,0,,,,,,"",""
ball,2,44.3,Zimbabwe,RW Price,CB Mpofu,MG Johnson,0,0,,,,,,"",""
ball,2,44.4,Zimbabwe,RW Price,CB Mpofu,MG Johnson,0,0,,,,,,"",""
ball,2,44.5,Zimbabwe,RW Price,CB Mpofu,MG Johnson,0,0,,,,,,"",""
ball,2,44.6,Zimbabwe,RW Price,CB Mpofu,MG Johnson,0,0,,,,,,"",""
ball,2,45.1,Zimbabwe,CB Mpofu,RW Price,SW Tait,1,0,,,,,,"",""
ball,2,45.2,Zimbabwe,RW Price,CB Mpofu,SW Tait,0,0,,,,,,"",""
ball,2,45.3,Zimbabwe,RW Price,CB Mpofu,SW Tait,1,0,,,,,,"",""
ball,2,45.4,Zimbabwe,CB Mpofu,RW Price,SW Tait,0,1,,,,1,,"",""
ball,2,45.5,Zimbabwe,RW Price,CB Mpofu,SW Tait,0,0,,,,,,"",""
ball,2,45.6,Zimbabwe,RW Price,CB Mpofu,SW Tait,0,0,,,,,,"",""
ball,2,46.1,Zimbabwe,CB Mpofu,RW Price,MG Johnson,0,0,,,,,,"",""
ball,2,46.2,Zimbabwe,CB Mpofu,RW Price,MG Johnson,0,0,,,,,,caught,CB Mpofu
