version,1.6.0
info,balls_per_over,6
info,team,India
info,team,Australia
info,gender,male
info,season,2010/11
info,date,2011/03/24
info,event,ICC Cricket World Cup
info,venue,"Sardar Patel Stadium, Motera"
info,city,Ahmedabad
info,toss_winner,Australia
info,toss_decision,bat
info,player_of_match,Yuvraj Singh
info,umpire,M Erasmus
info,umpire,IJ Gould
info,reserve_umpire,Asad Rauf
info,tv_umpire,RA Kettleborough
info,match_referee,RS Madugalle
info,winner,India
info,winner_wickets,5
info,player,Australia,SR Watson
info,player,Australia,BJ Haddin
info,player,Australia,RT Ponting
info,player,Australia,MJ Clarke
info,player,Australia,MEK Hussey
info,player,Australia,CL White
info,player,Australia,DJ Hussey
info,player,Australia,MG Johnson
info,player,Australia,B Lee
info,player,Australia,JJ Krejza
info,player,Australia,SW Tait
info,player,India,V Sehwag
info,player,India,SR Tendulkar
info,player,India,G Gambhir
info,player,India,V Kohli
info,player,India,Yuvraj Singh
info,player,India,MS Dhoni
info,player,India,SK Raina
info,player,India,R Ashwin
info,player,India,Harbhajan Singh
info,player,India,Z Khan
info,player,India,MM Patel
info,registry,people,Asad Rauf,861606b7
info,registry,people,B Lee,dd09ff8e
info,registry,people,BJ Haddin,b0c772ee
info,registry,people,CL White,d0513f63
info,registry,people,DJ Hussey,fd835ab3
info,registry,people,G Gambhir,bb345e0b
info,registry,people,Harbhajan Singh,8b5b6769
info,registry,people,IJ Gould,a9dfdf6c
info,registry,people,JJ Krejza,047d9032
info,registry,people,M Erasmus,15d3c895
info,registry,people,MEK Hussey,48fd7349
info,registry,people,MG Johnson,f5180fe6
info,registry,people,MJ Clarke,f842c2cf
info,registry,people,MM Patel,f0f628c7
info,registry,people,MS Dhoni,4a8a2e3b
info,registry,people,R Ashwin,495d42a5
info,registry,people,RA Kettleborough,4017868f
info,registry,people,RS Madugalle,766b5798
info,registry,people,RT Ponting,7d415ea5
info,registry,people,SK Raina,1dc12ab9
info,registry,people,SR Tendulkar,d2c2b2d5
info,registry,people,SR Watson,4329fbb5
info,registry,people,SW Tait,addfb70e
info,registry,people,V Kohli,ba607b88
info,registry,people,V Sehwag,8ba8195d
info,registry,people,Yuvraj Singh,1c914163
info,registry,people,Z Khan,91a4a398
ball,1,0.1,Australia,SR Watson,BJ Haddin,R Ashwin,0,0,,,,,,"",""
ball,1,0.2,Australia,SR Watson,BJ Haddin,R Ashwin,0,0,,,,,,"",""
ball,1,0.3,Australia,SR Watson,BJ Haddin,R Ashwin,1,0,,,,,,"",""
ball,1,0.4,Australia,BJ Haddin,SR Watson,R Ashwin,0,1,1,,,,,"",""
ball,1,0.5,Australia,BJ Haddin,SR Watson,R Ashwin,0,0,,,,,,"",""
ball,1,0.6,Australia,BJ Haddin,SR Watson,R Ashwin,1,0,,,,,,"",""
ball,1,0.7,Australia,SR Watson,BJ Haddin,R Ashwin,0,0,,,,,,"",""
ball,1,1.1,Australia,BJ Haddin,SR Watson,Z Khan,0,0,,,,,,"",""
ball,1,1.2,Australia,BJ Haddin,SR Watson,Z Khan,1,0,,,,,,"",""
ball,1,1.3,Australia,SR Watson,BJ Haddin,Z Khan,0,0,,,,,,"",""
ball,1,1.4,Australia,SR Watson,BJ Haddin,Z Khan,0,0,,,,,,"",""
ball,1,1.5,Australia,SR Watson,BJ Haddin,Z Khan,0,0,,,,,,"",""
ball,1,1.6,Australia,SR Watson,BJ Haddin,Z Khan,0,0,,,,,,"",""
ball,1,2.1,Australia,BJ Haddin,SR Watson,R Ashwin,0,0,,,,,,"",""
ball,1,2.2,Australia,BJ Haddin,SR Watson,R Ashwin,1,0,,,,,,"",""
ball,1,2.3,Australia,SR Watson,BJ Haddin,R Ashwin,0,0,,,,,,"",""
ball,1,2.4,Australia,SR Watson,BJ Haddin,R Ashwin,0,0,,,,,,"",""
ball,1,2.5,Australia,SR Watson,BJ Haddin,R Ashwin,0,0,,,,,,"",""
ball,1,2.6,Australia,SR Watson,BJ Haddin,R Ashwin,4,0,,,,,,"",""
ball,1,3.1,Australia,BJ Haddin,SR Watson,Z Khan,0,0,,,,,,"",""
ball,1,3.2,Australia,BJ Haddin,SR Watson,Z Khan,0,0,,,,,,"",""
ball,1,3.3,Australia,BJ Haddin,SR Watson,Z Khan,0,0,,,,,,"",""
ball,1,3.4,Australia,BJ Haddin,SR Watson,Z Khan,1,0,,,,,,"",""
ball,1,3.5,Australia,SR Watson,BJ Haddin,Z Khan,0,0,,,,,,"",""
ball,1,3.6,Australia,SR Watson,BJ Haddin,Z Khan,4,0,,,,,,"",""
ball,1,4.1,Australia,BJ Haddin,SR Watson,R Ashwin,0,0,,,,,,"",""
ball,1,4.2,Australia,BJ Haddin,SR Watson,R Ashwin,0,0,,,,,,"",""
ball,1,4.3,Australia,BJ Haddin,SR Watson,R Ashwin,1,0,,,,,,"",""
ball,1,4.4,Australia,SR Watson,BJ Haddin,R Ashwin,0,0,,,,,,"",""
ball,1,4.5,Australia,SR Watson,BJ Haddin,R Ashwin,0,0,,,,,,"",""
ball,1,4.6,Australia,SR Watson,BJ Haddin,R Ashwin,4,0,,,,,,"",""
ball,1,5.1,Australia,BJ Haddin,SR Watson,Z Khan,1,0,,,,,,"",""
ball,1,5.2,Australia,SR Watson,BJ Haddin,Z Khan,0,0,,,,,,"",""
ball,1,5.3,Australia,SR Watson,BJ Haddin,Z Khan,0,0,,,,,,"",""
ball,1,5.4,Australia,SR Watson,BJ Haddin,Z Khan,0,0,,,,,,"",""
ball,1,5.5,Australia,SR Watson,BJ Haddin,Z Khan,4,0,,,,,,"",""
ball,1,5.6,Australia,SR Watson,BJ Haddin,Z Khan,0,0,,,,,,"",""
ball,1,6.1,Australia,BJ Haddin,SR Watson,R Ashwin,1,0,,,,,,"",""
ball,1,6.2,Australia,SR Watson,BJ Haddin,R Ashwin,1,0,,,,,,"",""
ball,1,6.3,Australia,BJ Haddin,SR Watson,R Ashwin,0,0,,,,,,"",""
ball,1,6.4,Australia,BJ Haddin,SR Watson,R Ashwin,6,0,,,,,,"",""
ball,1,6.5,Australia,BJ Haddin,SR Watson,R Ashwin,0,0,,,,,,"",""
ball,1,6.6,Australia,BJ Haddin,SR Watson,R Ashwin,0,0,,,,,,"",""
ball,1,7.1,Australia,SR Watson,BJ Haddin,Z Khan,0,0,,,,,,"",""
ball,1,7.2,Australia,SR Watson,BJ Haddin,Z Khan,4,0,,,,,,"",""
ball,1,7.3,Australia,SR Watson,BJ Haddin,Z Khan,0,0,,,,,,"",""
ball,1,7.4,Australia,SR Watson,BJ Haddin,Z Khan,0,0,,,,,,"",""
ball,1,7.5,Australia,SR Watson,BJ Haddin,Z Khan,0,0,,,,,,"",""
ball,1,7.6,Australia,SR Watson,BJ Haddin,Z Khan,1,0,,,,,,"",""
ball,1,8.1,Australia,SR Watson,BJ Haddin,Harbhajan Singh,0,0,,,,,,"",""
ball,1,8.2,Australia,SR Watson,BJ Haddin,Harbhajan Singh,0,0,,,,,,"",""
ball,1,8.3,Australia,SR Watson,BJ Haddin,Harbhajan Singh,0,0,,,,,,"",""
ball,1,8.4,Australia,SR Watson,BJ Haddin,Harbhajan Singh,0,0,,,,,,"",""
ball,1,8.5,Australia,SR Watson,BJ Haddin,Harbhajan Singh,0,0,,,,,,"",""
ball,1,8.6,Australia,SR Watson,BJ Haddin,Harbhajan Singh,2,0,,,,,,"",""
ball,1,9.1,Australia,BJ Haddin,SR Watson,R Ashwin,0,0,,,,,,"",""
ball,1,9.2,Australia,BJ Haddin,SR Watson,R Ashwin,0,0,,,,,,"",""
ball,1,9.3,Australia,BJ Haddin,SR Watson,R Ashwin,1,0,,,,,,"",""
ball,1,9.4,Australia,SR Watson,BJ Haddin,R Ashwin,0,0,,,,,,"",""
ball,1,9.5,Australia,SR Watson,BJ Haddin,R Ashwin,0,0,,,,,,"",""
ball,1,9.6,Australia,SR Watson,BJ Haddin,R Ashwin,0,0,,,,,,bowled,SR Watson
ball,1,10.1,Australia,BJ Haddin,RT Ponting,Harbhajan Singh,0,0,,,,,,"",""
ball,1,10.2,Australia,BJ Haddin,RT Ponting,Harbhajan Singh,0,0,,,,,,"",""
ball,1,10.3,Australia,BJ Haddin,RT Ponting,Harbhajan Singh,0,0,,,,,,"",""
ball,1,10.4,Australia,BJ Haddin,RT Ponting,Harbhajan Singh,1,0,,,,,,"",""
ball,1,10.5,Australia,RT Ponting,BJ Haddin,Harbhajan Singh,0,0,,,,,,"",""
ball,1,10.6,Australia,RT Ponting,BJ Haddin,Harbhajan Singh,0,0,,,,,,"",""
ball,1,11.1,Australia,BJ Haddin,RT Ponting,R Ashwin,0,0,,,,,,"",""
ball,1,11.2,Australia,BJ Haddin,RT Ponting,R Ashwin,0,0,,,,,,"",""
ball,1,11.3,Australia,BJ Haddin,RT Ponting,R Ashwin,1,0,,,,,,"",""
ball,1,11.4,Australia,RT Ponting,BJ Haddin,R Ashwin,1,0,,,,,,"",""
ball,1,11.5,Australia,BJ Haddin,RT Ponting,R Ashwin,2,0,,,,,,"",""
ball,1,11.6,Australia,BJ Haddin,RT Ponting,R Ashwin,4,0,,,,,,"",""
ball,1,12.1,Australia,RT Ponting,BJ Haddin,Harbhajan Singh,0,0,,,,,,"",""
ball,1,12.2,Australia,RT Ponting,BJ Haddin,Harbhajan Singh,0,0,,,,,,"",""
ball,1,12.3,Australia,RT Ponting,BJ Haddin,Harbhajan Singh,0,0,,,,,,"",""
ball,1,12.4,Australia,RT Ponting,BJ Haddin,Harbhajan Singh,2,0,,,,,,"",""
ball,1,12.5,Australia,RT Ponting,BJ Haddin,Harbhajan Singh,1,0,,,,,,"",""
ball,1,12.6,Australia,BJ Haddin,RT Ponting,Harbhajan Singh,0,0,,,,,,"",""
ball,1,13.1,Australia,RT Ponting,BJ Haddin,MM Patel,1,0,,,,,,"",""
ball,1,13.2,Australia,BJ Haddin,RT Ponting,MM Patel,4,0,,,,,,"",""
ball,1,13.3,Australia,BJ Haddin,RT Ponting,MM Patel,4,0,,,,,,"",""
ball,1,13.4,Australia,BJ Haddin,RT Ponting,MM Patel,0,0,,,,,,"",""
ball,1,13.5,Australia,BJ Haddin,RT Ponting,MM Patel,0,0,,,,,,"",""
ball,1,13.6,Australia,BJ Haddin,RT Ponting,MM Patel,4,0,,,,,,"",""
ball,1,14.1,Australia,RT Ponting,BJ Haddin,Harbhajan Singh,1,0,,,,,,"",""
ball,1,14.2,Australia,BJ Haddin,RT Ponting,Harbhajan Singh,1,0,,,,,,"",""
ball,1,14.3,Australia,RT Ponting,BJ Haddin,Harbhajan Singh,1,0,,,,,,"",""
ball,1,14.4,Australia,BJ Haddin,RT Ponting,Harbhajan Singh,1,0,,,,,,"",""
ball,1,14.5,Australia,RT Ponting,BJ Haddin,Harbhajan Singh,0,0,,,,,,"",""
ball,1,14.6,Australia,RT Ponting,BJ Haddin,Harbhajan Singh,0,1,1,,,,,"",""
ball,1,14.7,Australia,RT Ponting,BJ Haddin,Harbhajan Singh,0,0,,,,,,"",""
ball,1,15.1,Australia,BJ Haddin,RT Ponting,Yuvraj Singh,0,0,,,,,,"",""
ball,1,15.2,Australia,BJ Haddin,RT Ponting,Yuvraj Singh,1,0,,,,,,"",""
ball,1,15.3,Australia,RT Ponting,BJ Haddin,Yuvraj Singh,0,0,,,,,,"",""
ball,1,15.4,Australia,RT Ponting,BJ Haddin,Yuvraj Singh,0,0,,,,,,"",""
ball,1,15.5,Australia,RT Ponting,BJ Haddin,Yuvraj Singh,1,0,,,,,,"",""
ball,1,15.6,Australia,BJ Haddin,RT Ponting,Yuvraj Singh,0,0,,,,,,"",""
ball,1,16.1,Australia,RT Ponting,BJ Haddin,Harbhajan Singh,0,0,,,,,,"",""
ball,1,16.2,Australia,RT Ponting,BJ Haddin,Harbhajan Singh,1,0,,,,,,"",""
ball,1,16.3,Australia,BJ Haddin,RT Ponting,Harbhajan Singh,0,0,,,,,,"",""
ball,1,16.4,Australia,BJ Haddin,RT Ponting,Harbhajan Singh,0,0,,,,,,"",""
ball,1,16.5,Australia,BJ Haddin,RT Ponting,Harbhajan Singh,1,0,,,,,,"",""
ball,1,16.6,Australia,RT Ponting,BJ Haddin,Harbhajan Singh,0,1,1,,,,,"",""
ball,1,16.7,Australia,RT Ponting,BJ Haddin,Harbhajan Singh,1,0,,,,,,"",""
ball,1,17.1,Australia,RT Ponting,BJ Haddin,Yuvraj Singh,0,0,,,,,,"",""
ball,1,17.2,Australia,RT Ponting,BJ Haddin,Yuvraj Singh,4,0,,,,,,"",""
ball,1,17.3,Australia,RT Ponting,BJ Haddin,Yuvraj Singh,2,0,,,,,,"",""
ball,1,17.4,Australia,RT Ponting,BJ Haddin,Yuvraj Singh,4,0,,,,,,"",""
ball,1,17.5,Australia,RT Ponting,BJ Haddin,Yuvraj Singh,0,0,,,,,,"",""
ball,1,17.6,Australia,RT Ponting,BJ Haddin,Yuvraj Singh,0,0,,,,,,"",""
ball,1,18.1,Australia,BJ Haddin,RT Ponting,Harbhajan Singh,1,0,,,,,,"",""
ball,1,18.2,Australia,RT Ponting,BJ Haddin,Harbhajan Singh,0,0,,,,,,"",""
ball,1,18.3,Australia,RT Ponting,BJ Haddin,Harbhajan Singh,1,0,,,,,,"",""
ball,1,18.4,Australia,BJ Haddin,RT Ponting,Harbhajan Singh,0,0,,,,,,"",""
ball,1,18.5,Australia,BJ Haddin,RT Ponting,Harbhajan Singh,0,0,,,,,,"",""
ball,1,18.6,Australia,BJ Haddin,RT Ponting,Harbhajan Singh,1,0,,,,,,"",""
ball,1,19.1,Australia,BJ Haddin,RT Ponting,MM Patel,0,0,,,,,,"",""
ball,1,19.2,Australia,BJ Haddin,RT Ponting,MM Patel,4,0,,,,,,"",""
ball,1,19.3,Australia,BJ Haddin,RT Ponting,MM Patel,1,0,,,,,,"",""
ball,1,19.4,Australia,RT Ponting,BJ Haddin,MM Patel,0,0,,,,,,"",""
ball,1,19.5,Australia,RT Ponting,BJ Haddin,MM Patel,0,0,,,,,,"",""
ball,1,19.6,Australia,RT Ponting,BJ Haddin,MM Patel,1,0,,,,,,"",""
ball,1,20.1,Australia,RT Ponting,BJ Haddin,Yuvraj Singh,0,0,,,,,,"",""
ball,1,20.2,Australia,RT Ponting,BJ Haddin,Yuvraj Singh,0,0,,,,,,"",""
ball,1,20.3,Australia,RT Ponting,BJ Haddin,Yuvraj Singh,3,0,,,,,,"",""
ball,1,20.4,Australia,BJ Haddin,RT Ponting,Yuvraj Singh,0,0,,,,,,"",""
ball,1,20.5,Australia,BJ Haddin,RT Ponting,Yuvraj Singh,1,0,,,,,,"",""
ball,1,20.6,Australia,RT Ponting,BJ Haddin,Yuvraj Singh,1,0,,,,,,"",""
ball,1,21.1,Australia,RT Ponting,BJ Haddin,MM Patel,1,0,,,,,,"",""
ball,1,21.2,Australia,BJ Haddin,RT Ponting,MM Patel,0,0,,,,,,"",""
ball,1,21.3,Australia,BJ Haddin,RT Ponting,MM Patel,0,0,,,,,,"",""
ball,1,21.4,Australia,BJ Haddin,RT Ponting,MM Patel,4,0,,,,,,"",""
ball,1,21.5,Australia,BJ Haddin,RT Ponting,MM Patel,0,0,,,,,,"",""
ball,1,21.6,Australia,BJ Haddin,RT Ponting,MM Patel,0,0,,,,,,"",""
ball,1,22.1,Australia,RT Ponting,BJ Haddin,Yuvraj Singh,1,0,,,,,,"",""
ball,1,22.2,Australia,BJ Haddin,RT Ponting,Yuvraj Singh,1,0,,,,,,"",""
ball,1,22.3,Australia,RT Ponting,BJ Haddin,Yuvraj Singh,1,0,,,,,,"",""
ball,1,22.4,Australia,BJ Haddin,RT Ponting,Yuvraj Singh,2,0,,,,,,"",""
ball,1,22.5,Australia,BJ Haddin,RT Ponting,Yuvraj Singh,0,0,,,,,,caught,BJ Haddin
ball,1,22.6,Australia,MJ Clarke,RT Ponting,Yuvraj Singh,0,0,,,,,,"",""
ball,1,23.1,Australia,RT Ponting,MJ Clarke,MM Patel,0,0,,,,,,"",""
ball,1,23.2,Australia,RT Ponting,MJ Clarke,MM Patel,0,0,,,,,,"",""
ball,1,23.3,Australia,RT Ponting,MJ Clarke,MM Patel,2,0,,,,,,"",""
ball,1,23.4,Australia,RT Ponting,MJ Clarke,MM Patel,2,0,,,,,,"",""
ball,1,23.5,Australia,RT Ponting,MJ Clarke,MM Patel,0,0,,,,,,"",""
ball,1,23.6,Australia,RT Ponting,MJ Clarke,MM Patel,0,0,,,,,,"",""
ball,1,24.1,Australia,MJ Clarke,RT Ponting,Yuvraj Singh,1,0,,,,,,"",""
ball,1,24.2,Australia,RT Ponting,MJ Clarke,Yuvraj Singh,0,0,,,,,,"",""
ball,1,24.3,Australia,RT Ponting,MJ Clarke,Yuvraj Singh,0,0,,,,,,"",""
ball,1,24.4,Australia,RT Ponting,MJ Clarke,Yuvraj Singh,0,0,,,,,,"",""
ball,1,24.5,Australia,RT Ponting,MJ Clarke,Yuvraj Singh,1,0,,,,,,"",""
ball,1,24.6,Australia,MJ Clarke,RT Ponting,Yuvraj Singh,0,0,,,,,,"",""
ball,1,25.1,Australia,RT Ponting,MJ Clarke,MM Patel,0,0,,,,,,"",""
ball,1,25.2,Australia,RT Ponting,MJ Clarke,MM Patel,1,0,,,,,,"",""
ball,1,25.3,Australia,MJ Clarke,RT Ponting,MM Patel,0,0,,,,,,"",""
ball,1,25.4,Australia,MJ Clarke,RT Ponting,MM Patel,1,0,,,,,,"",""
ball,1,25.5,Australia,RT Ponting,MJ Clarke,MM Patel,1,0,,,,,,"",""
ball,1,25.6,Australia,MJ Clarke,RT Ponting,MM Patel,1,0,,,,,,"",""
ball,1,26.1,Australia,MJ Clarke,RT Ponting,Yuvraj Singh,0,0,,,,,,"",""
ball,1,26.2,Australia,MJ Clarke,RT Ponting,Yuvraj Singh,0,0,,,,,,"",""
ball,1,26.3,Australia,MJ Clarke,RT Ponting,Yuvraj Singh,1,0,,,,,,"",""
ball,1,26.4,Australia,RT Ponting,MJ Clarke,Yuvraj Singh,0,0,,,,,,"",""
ball,1,26.5,Australia,RT Ponting,MJ Clarke,Yuvraj Singh,1,0,,,,,,"",""
ball,1,26.6,Australia,MJ Clarke,RT Ponting,Yuvraj Singh,0,0,,,,,,"",""
ball,1,27.1,Australia,RT Ponting,MJ Clarke,MM Patel,2,0,,,,,,"",""
ball,1,27.2,Australia,RT Ponting,MJ Clarke,MM Patel,0,0,,,,,,"",""
ball,1,27.3,Australia,RT Ponting,MJ Clarke,MM Patel,4,0,,,,,,"",""
ball,1,27.4,Australia,RT Ponting,MJ Clarke,MM Patel,0,0,,,,,,"",""
ball,1,27.5,Australia,RT Ponting,MJ Clarke,MM Patel,0,0,,,,,,"",""
ball,1,27.6,Australia,RT Ponting,MJ Clarke,MM Patel,1,0,,,,,,"",""
ball,1,28.1,Australia,RT Ponting,MJ Clarke,Yuvraj Singh,0,0,,,,,,"",""
ball,1,28.2,Australia,RT Ponting,MJ Clarke,Yuvraj Singh,1,0,,,,,,"",""
ball,1,28.3,Australia,MJ Clarke,RT Ponting,Yuvraj Singh,0,0,,,,,,"",""
ball,1,28.4,Australia,MJ Clarke,RT Ponting,Yuvraj Singh,0,2,,,,2,,"",""
ball,1,28.5,Australia,MJ Clarke,RT Ponting,Yuvraj Singh,0,0,,,,,,"",""
ball,1,28.6,Australia,MJ Clarke,RT Ponting,Yuvraj Singh,1,0,,,,,,"",""
ball,1,29.1,Australia,MJ Clarke,RT Ponting,SR Tendulkar,1,0,,,,,,"",""
ball,1,29.2,Australia,RT Ponting,MJ Clarke,SR Tendulkar,1,0,,,,,,"",""
ball,1,29.3,Australia,MJ Clarke,RT Ponting,SR Tendulkar,0,0,,,,,,"",""
ball,1,29.4,Australia,MJ Clarke,RT Ponting,SR Tendulkar,1,0,,,,,,"",""
ball,1,29.5,Australia,RT Ponting,MJ Clarke,SR Tendulkar,0,0,,,,,,"",""
ball,1,29.6,Australia,RT Ponting,MJ Clarke,SR Tendulkar,2,0,,,,,,"",""
ball,1,30.1,Australia,MJ Clarke,RT Ponting,Yuvraj Singh,1,0,,,,,,"",""
ball,1,30.2,Australia,RT Ponting,MJ Clarke,Yuvraj Singh,0,0,,,,,,"",""
ball,1,30.3,Australia,RT Ponting,MJ Clarke,Yuvraj Singh,1,0,,,,,,"",""
ball,1,30.4,Australia,MJ Clarke,RT Ponting,Yuvraj Singh,0,0,,,,,,caught,MJ Clarke
ball,1,30.5,Australia,RT Ponting,MEK Hussey,Yuvraj Singh,0,0,,,,,,"",""
ball,1,30.6,Australia,RT Ponting,MEK Hussey,Yuvraj Singh,1,0,,,,,,"",""
ball,1,31.1,Australia,RT Ponting,MEK Hussey,Z Khan,1,0,,,,,,"",""
ball,1,31.2,Australia,MEK Hussey,RT Ponting,Z Khan,1,0,,,,,,"",""
ball,1,31.3,Australia,RT Ponting,MEK Hussey,Z Khan,1,0,,,,,,"",""
ball,1,31.4,Australia,MEK Hussey,RT Ponting,Z Khan,0,0,,,,,,"",""
ball,1,31.5,Australia,MEK Hussey,RT Ponting,Z Khan,1,0,,,,,,"",""
ball,1,31.6,Australia,RT Ponting,MEK Hussey,Z Khan,1,0,,,,,,"",""
ball,1,32.1,Australia,RT Ponting,MEK Hussey,Harbhajan Singh,1,0,,,,,,"",""
ball,1,32.2,Australia,MEK Hussey,RT Ponting,Harbhajan Singh,0,0,,,,,,"",""
ball,1,32.3,Australia,MEK Hussey,RT Ponting,Harbhajan Singh,1,0,,,,,,"",""
ball,1,32.4,Australia,RT Ponting,MEK Hussey,Harbhajan Singh,1,0,,,,,,"",""
ball,1,32.5,Australia,MEK Hussey,RT Ponting,Harbhajan Singh,0,0,,,,,,"",""
ball,1,32.6,Australia,MEK Hussey,RT Ponting,Harbhajan Singh,0,0,,,,,,"",""
ball,1,33.1,Australia,RT Ponting,MEK Hussey,Z Khan,1,0,,,,,,"",""
ball,1,33.2,Australia,MEK Hussey,RT Ponting,Z Khan,0,0,,,,,,"",""
ball,1,33.3,Australia,MEK Hussey,RT Ponting,Z Khan,0,0,,,,,,bowled,MEK Hussey
ball,1,33.4,Australia,CL White,RT Ponting,Z Khan,1,0,,,,,,"",""
ball,1,33.5,Australia,RT Ponting,CL White,Z Khan,0,0,,,,,,"",""
ball,1,33.6,Australia,RT Ponting,CL White,Z Khan,1,0,,,,,,"",""
ball,1,34.1,Australia,RT Ponting,CL White,Harbhajan Singh,1,0,,,,,,"",""
ball,1,34.2,Australia,CL White,RT Ponting,Harbhajan Singh,1,0,,,,,,"",""
ball,1,34.3,Australia,RT Ponting,CL White,Harbhajan Singh,0,0,,,,,,"",""
ball,1,34.4,Australia,RT Ponting,CL White,Harbhajan Singh,4,0,,,,,,"",""
ball,1,34.5,Australia,RT Ponting,CL White,Harbhajan Singh,0,0,,,,,,"",""
ball,1,34.6,Australia,RT Ponting,CL White,Harbhajan Singh,0,0,,,,,,"",""
ball,1,35.1,Australia,CL White,RT Ponting,V Kohli,1,0,,,,,,"",""
ball,1,35.2,Australia,RT Ponting,CL White,V Kohli,1,0,,,,,,"",""
ball,1,35.3,Australia,CL White,RT Ponting,V Kohli,0,0,,,,,,"",""
ball,1,35.4,Australia,CL White,RT Ponting,V Kohli,2,0,,,,,,"",""
ball,1,35.5,Australia,CL White,RT Ponting,V Kohli,1,0,,,,,,"",""
ball,1,35.6,Australia,RT Ponting,CL White,V Kohli,1,0,,,,,,"",""
ball,1,36.1,Australia,RT Ponting,CL White,Yuvraj Singh,0,0,,,,,,"",""
ball,1,36.2,Australia,RT Ponting,CL White,Yuvraj Singh,1,0,,,,,,"",""
ball,1,36.3,Australia,CL White,RT Ponting,Yuvraj Singh,0,0,,,,,,"",""
ball,1,36.4,Australia,CL White,RT Ponting,Yuvraj Singh,0,0,,,,,,"",""
ball,1,36.5,Australia,CL White,RT Ponting,Yuvraj Singh,1,0,,,,,,"",""
ball,1,36.6,Australia,RT Ponting,CL White,Yuvraj Singh,0,0,,,,,,"",""
ball,1,37.1,Australia,CL White,RT Ponting,R Ashwin,0,0,,,,,,"",""
ball,1,37.2,Australia,CL White,RT Ponting,R Ashwin,0,0,,,,,,"",""
ball,1,37.3,Australia,CL White,RT Ponting,R Ashwin,0,0,,,,,,"",""
ball,1,37.4,Australia,CL White,RT Ponting,R Ashwin,1,0,,,,,,"",""
ball,1,37.5,Australia,RT Ponting,CL White,R Ashwin,1,0,,,,,,"",""
ball,1,37.6,Australia,CL White,RT Ponting,R Ashwin,1,0,,,,,,"",""
ball,1,38.1,Australia,CL White,RT Ponting,Yuvraj Singh,0,0,,,,,,"",""
ball,1,38.2,Australia,CL White,RT Ponting,Yuvraj Singh,0,0,,,,,,"",""
ball,1,38.3,Australia,CL White,RT Ponting,Yuvraj Singh,1,0,,,,,,"",""
ball,1,38.4,Australia,RT Ponting,CL White,Yuvraj Singh,6,0,,,,,,"",""
ball,1,38.5,Australia,RT Ponting,CL White,Yuvraj Singh,0,0,,,,,,"",""
ball,1,38.6,Australia,RT Ponting,CL White,Yuvraj Singh,4,0,,,,,,"",""
ball,1,39.1,Australia,CL White,RT Ponting,MM Patel,0,0,,,,,,"",""
ball,1,39.2,Australia,CL White,RT Ponting,MM Patel,1,0,,,,,,"",""
ball,1,39.3,Australia,RT Ponting,CL White,MM Patel,4,0,,,,,,"",""
ball,1,39.4,Australia,RT Ponting,CL White,MM Patel,0,0,,,,,,"",""
ball,1,39.5,Australia,RT Ponting,CL White,MM Patel,0,0,,,,,,"",""
ball,1,39.6,Australia,RT Ponting,CL White,MM Patel,0,0,,,,,,"",""
ball,1,40.1,Australia,CL White,RT Ponting,SR Tendulkar,0,0,,,,,,"",""
ball,1,40.2,Australia,CL White,RT Ponting,SR Tendulkar,1,0,,,,,,"",""
ball,1,40.3,Australia,RT Ponting,CL White,SR Tendulkar,2,0,,,,,,"",""
ball,1,40.4,Australia,RT Ponting,CL White,SR Tendulkar,0,0,,,,,,"",""
ball,1,40.5,Australia,RT Ponting,CL White,SR Tendulkar,0,0,,,,,,"",""
ball,1,40.6,Australia,RT Ponting,CL White,SR Tendulkar,1,0,,,,,,"",""
ball,1,41.1,Australia,RT Ponting,CL White,Z Khan,1,0,,,,,,"",""
ball,1,41.2,Australia,CL White,RT Ponting,Z Khan,0,0,,,,,,caught and bowled,CL White
ball,1,41.3,Australia,DJ Hussey,RT Ponting,Z Khan,0,0,,,,,,"",""
ball,1,41.4,Australia,DJ Hussey,RT Ponting,Z Khan,4,0,,,,,,"",""
ball,1,41.5,Australia,DJ Hussey,RT Ponting,Z Khan,1,0,,,,,,"",""
ball,1,41.6,Australia,RT Ponting,DJ Hussey,Z Khan,0,0,,,,,,"",""
ball,1,42.1,Australia,DJ Hussey,RT Ponting,R Ashwin,0,0,,,,,,"",""
ball,1,42.2,Australia,DJ Hussey,RT Ponting,R Ashwin,1,0,,,,,,"",""
ball,1,42.3,Australia,RT Ponting,DJ Hussey,R Ashwin,1,0,,,,,,"",""
ball,1,42.4,Australia,DJ Hussey,RT Ponting,R Ashwin,1,0,,,,,,"",""
ball,1,42.5,Australia,RT Ponting,DJ Hussey,R Ashwin,1,0,,,,,,"",""
ball,1,42.6,Australia,DJ Hussey,RT Ponting,R Ashwin,0,0,,,,,,"",""
ball,1,43.1,Australia,RT Ponting,DJ Hussey,Z Khan,0,0,,,,,,"",""
ball,1,43.2,Australia,RT Ponting,DJ Hussey,Z Khan,0,0,,,,,,"",""
ball,1,43.3,Australia,RT Ponting,DJ Hussey,Z Khan,1,0,,,,,,"",""
ball,1,43.4,Australia,DJ Hussey,RT Ponting,Z Khan,4,0,,,,,,"",""
ball,1,43.5,Australia,DJ Hussey,RT Ponting,Z Khan,4,0,,,,,,"",""
ball,1,43.6,Australia,DJ Hussey,RT Ponting,Z Khan,1,0,,,,,,"",""
ball,1,44.1,Australia,DJ Hussey,RT Ponting,Harbhajan Singh,1,0,,,,,,"",""
ball,1,44.2,Australia,RT Ponting,DJ Hussey,Harbhajan Singh,4,0,,,,,,"",""
ball,1,44.3,Australia,RT Ponting,DJ Hussey,Harbhajan Singh,0,0,,,,,,"",""
ball,1,44.4,Australia,RT Ponting,DJ Hussey,Harbhajan Singh,0,1,1,,,,,"",""
ball,1,44.5,Australia,RT Ponting,DJ Hussey,Harbhajan Singh,2,0,,,,,,"",""
ball,1,44.6,Australia,RT Ponting,DJ Hussey,Harbhajan Singh,1,0,,,,,,"",""
ball,1,44.7,Australia,DJ Hussey,RT Ponting,Harbhajan Singh,1,0,,,,,,"",""
ball,1,45.1,Australia,DJ Hussey,RT Ponting,Z Khan,1,0,,,,,,"",""
ball,1,45.2,Australia,RT Ponting,DJ Hussey,Z Khan,1,0,,,,,,"",""
ball,1,45.3,Australia,DJ Hussey,RT Ponting,Z Khan,1,0,,,,,,"",""
ball,1,45.4,Australia,RT Ponting,DJ Hussey,Z Khan,2,0,,,,,,"",""
ball,1,45.5,Australia,RT Ponting,DJ Hussey,Z Khan,1,0,,,,,,"",""
ball,1,45.6,Australia,DJ Hussey,RT Ponting,Z Khan,1,0,,,,,,"",""
ball,1,46.1,Australia,DJ Hussey,RT Ponting,R Ashwin,1,0,,,,,,"",""
ball,1,46.2,Australia,RT Ponting,DJ Hussey,R Ashwin,1,0,,,,,,"",""
ball,1,46.3,Australia,DJ Hussey,RT Ponting,R Ashwin,6,0,,,,,,"",""
ball,1,46.4,Australia,DJ Hussey,RT Ponting,R Ashwin,1,0,,,,,,"",""
ball,1,46.5,Australia,RT Ponting,DJ Hussey,R Ashwin,1,0,,,,,,"",""
ball,1,46.6,Australia,DJ Hussey,RT Ponting,R Ashwin,1,0,,,,,,"",""
ball,1,47.1,Australia,DJ Hussey,RT Ponting,Z Khan,1,0,,,,,,"",""
ball,1,47.2,Australia,RT Ponting,DJ Hussey,Z Khan,1,0,,,,,,"",""
ball,1,47.3,Australia,DJ Hussey,RT Ponting,Z Khan,0,0,,,,,,"",""
ball,1,47.4,Australia,DJ Hussey,RT Ponting,Z Khan,1,0,,,,,,"",""
ball,1,47.5,Australia,RT Ponting,DJ Hussey,Z Khan,1,0,,,,,,"",""
ball,1,47.6,Australia,DJ Hussey,RT Ponting,Z Khan,2,0,,,,,,"",""
ball,1,48.1,Australia,RT Ponting,DJ Hussey,R Ashwin,0,0,,,,,,"",""
ball,1,48.2,Australia,RT Ponting,DJ Hussey,R Ashwin,2,0,,,,,,"",""
ball,1,48.3,Australia,RT Ponting,DJ Hussey,R Ashwin,0,0,,,,,,caught,RT Ponting
ball,1,48.4,Australia,MG Johnson,DJ Hussey,R Ashwin,0,0,,,,,,"",""
ball,1,48.5,Australia,MG Johnson,DJ Hussey,R Ashwin,1,0,,,,,,"",""
ball,1,48.6,Australia,DJ Hussey,MG Johnson,R Ashwin,1,0,,,,,,"",""
ball,1,49.1,Australia,DJ Hussey,MG Johnson,Harbhajan Singh,0,5,5,,,,,"",""
ball,1,49.2,Australia,DJ Hussey,MG Johnson,Harbhajan Singh,1,0,,,,,,"",""
ball,1,49.3,Australia,MG Johnson,DJ Hussey,Harbhajan Singh,2,0,,,,,,"",""
ball,1,49.4,Australia,MG Johnson,DJ Hussey,Harbhajan Singh,0,0,,,,,,"",""
ball,1,49.5,Australia,MG Johnson,DJ Hussey,Harbhajan Singh,2,0,,,,,,"",""
ball,1,49.6,Australia,MG Johnson,DJ Hussey,Harbhajan Singh,1,0,,,,,,"",""
ball,1,49.7,Australia,DJ Hussey,MG Johnson,Harbhajan Singh,2,0,,,,,,"",""
ball,2,0.1,India,V Sehwag,SR Tendulkar,B Lee,0,0,,,,,,"",""
ball,2,0.2,India,V Sehwag,SR Tendulkar,B Lee,0,0,,,,,,"",""
ball,2,0.3,India,V Sehwag,SR Tendulkar,B Lee,0,1,1,,,,,"",""
ball,2,0.4,India,V Sehwag,SR Tendulkar,B Lee,4,0,,,,,,"",""
ball,2,0.5,India,V Sehwag,SR Tendulkar,B Lee,0,0,,,,,,"",""
ball,2,0.6,India,V Sehwag,SR Tendulkar,B Lee,0,0,,,,,,"",""
ball,2,0.7,India,V Sehwag,SR Tendulkar,B Lee,0,0,,,,,,"",""
ball,2,1.1,India,SR Tendulkar,V Sehwag,SW Tait,4,0,,,,,,"",""
ball,2,1.2,India,SR Tendulkar,V Sehwag,SW Tait,0,1,1,,,,,"",""
ball,2,1.3,India,SR Tendulkar,V Sehwag,SW Tait,4,0,,,,,,"",""
ball,2,1.4,India,SR Tendulkar,V Sehwag,SW Tait,0,0,,,,,,"",""
ball,2,1.5,India,SR Tendulkar,V Sehwag,SW Tait,0,1,1,,,,,"",""
ball,2,1.6,India,SR Tendulkar,V Sehwag,SW Tait,0,0,,,,,,"",""
ball,2,1.7,India,SR Tendulkar,V Sehwag,SW Tait,0,0,,,,,,"",""
ball,2,1.8,India,SR Tendulkar,V Sehwag,SW Tait,1,0,,,,,,"",""
ball,2,2.1,India,SR Tendulkar,V Sehwag,B Lee,1,0,,,,,,"",""
ball,2,2.2,India,V Sehwag,SR Tendulkar,B Lee,1,0,,,,,,"",""
ball,2,2.3,India,SR Tendulkar,V Sehwag,B Lee,0,0,,,,,,"",""
ball,2,2.4,India,SR Tendulkar,V Sehwag,B Lee,1,0,,,,,,"",""
ball,2,2.5,India,V Sehwag,SR Tendulkar,B Lee,1,0,,,,,,"",""
ball,2,2.6,India,SR Tendulkar,V Sehwag,B Lee,0,0,,,,,,"",""
ball,2,3.1,India,V Sehwag,SR Tendulkar,SW Tait,0,0,,,,,,"",""
ball,2,3.2,India,V Sehwag,SR Tendulkar,SW Tait,0,1,,1,,,,"",""
ball,2,3.3,India,V Sehwag,SR Tendulkar,SW Tait,0,0,,,,,,"",""
ball,2,3.4,India,V Sehwag,SR Tendulkar,SW Tait,0,1,1,,,,,"",""
ball,2,3.5,India,V Sehwag,SR Tendulkar,SW Tait,4,0,,,,,,"",""
ball,2,3.6,India,V Sehwag,SR Tendulkar,SW Tait,0,0,,,,,,"",""
ball,2,3.7,India,V Sehwag,SR Tendulkar,SW Tait,0,0,,,,,,"",""
ball,2,3.8,India,V Sehwag,SR Tendulkar,SW Tait,0,0,,,,,,"",""
ball,2,4.1,India,SR Tendulkar,V Sehwag,B Lee,1,0,,,,,,"",""
ball,2,4.2,India,V Sehwag,SR Tendulkar,B Lee,1,0,,,,,,"",""
ball,2,4.3,India,SR Tendulkar,V Sehwag,B Lee,0,0,,,,,,"",""
ball,2,4.4,India,SR Tendulkar,V Sehwag,B Lee,0,0,,,,,,"",""
ball,2,4.5,India,SR Tendulkar,V Sehwag,B Lee,0,0,,,,,,"",""
ball,2,4.6,India,SR Tendulkar,V Sehwag,B Lee,2,0,,,,,,"",""
ball,2,5.1,India,V Sehwag,SR Tendulkar,MG Johnson,0,0,,,,,,"",""
ball,2,5.2,India,V Sehwag,SR Tendulkar,MG Johnson,0,0,,,,,,"",""
ball,2,5.3,India,V Sehwag,SR Tendulkar,MG Johnson,0,1,1,,,,,"",""
ball,2,5.4,India,V Sehwag,SR Tendulkar,MG Johnson,0,0,,,,,,"",""
ball,2,5.5,India,V Sehwag,SR Tendulkar,MG Johnson,3,0,,,,,,"",""
ball,2,5.6,India,SR Tendulkar,V Sehwag,MG Johnson,0,0,,,,,,"",""
ball,2,5.7,India,SR Tendulkar,V Sehwag,MG Johnson,0,0,,,,,,"",""
ball,2,6.1,India,V Sehwag,SR Tendulkar,SR Watson,1,0,,,,,,"",""
ball,2,6.2,India,SR Tendulkar,V Sehwag,SR Watson,0,0,,,,,,"",""
ball,2,6.3,India,SR Tendulkar,V Sehwag,SR Watson,0,0,,,,,,"",""
ball,2,6.4,India,SR Tendulkar,V Sehwag,SR Watson,4,0,,,,,,"",""
ball,2,6.5,India,SR Tendulkar,V Sehwag,SR Watson,0,0,,,,,,"",""
ball,2,6.6,India,SR Tendulkar,V Sehwag,SR Watson,1,0,,,,,,"",""
ball,2,7.1,India,SR Tendulkar,V Sehwag,MG Johnson,0,0,,,,,,"",""
ball,2,7.2,India,SR Tendulkar,V Sehwag,MG Johnson,0,0,,,,,,"",""
ball,2,7.3,India,SR Tendulkar,V Sehwag,MG Johnson,0,0,,,,,,"",""
ball,2,7.4,India,SR Tendulkar,V Sehwag,MG Johnson,4,0,,,,,,"",""
ball,2,7.5,India,SR Tendulkar,V Sehwag,MG Johnson,0,0,,,,,,"",""
ball,2,7.6,India,SR Tendulkar,V Sehwag,MG Johnson,0,0,,,,,,"",""
ball,2,8.1,India,V Sehwag,SR Tendulkar,SR Watson,0,0,,,,,,caught,V Sehwag
ball,2,8.2,India,SR Tendulkar,G Gambhir,SR Watson,0,0,,,,,,"",""
ball,2,8.3,India,SR Tendulkar,G Gambhir,SR Watson,4,0,,,,,,"",""
ball,2,8.4,India,SR Tendulkar,G Gambhir,SR Watson,0,0,,,,,,"",""
ball,2,8.5,India,SR Tendulkar,G Gambhir,SR Watson,1,0,,,,,,"",""
ball,2,8.6,India,G Gambhir,SR Tendulkar,SR Watson,0,0,,,,,,"",""
ball,2,9.1,India,SR Tendulkar,G Gambhir,MG Johnson,0,0,,,,,,"",""
ball,2,9.2,India,SR Tendulkar,G Gambhir,MG Johnson,0,0,,,,,,"",""
ball,2,9.3,India,SR Tendulkar,G Gambhir,MG Johnson,0,0,,,,,,"",""
ball,2,9.4,India,SR Tendulkar,G Gambhir,MG Johnson,0,0,,,,,,"",""
ball,2,9.5,India,SR Tendulkar,G Gambhir,MG Johnson,0,0,,,,,,"",""
ball,2,9.6,India,SR Tendulkar,G Gambhir,MG Johnson,1,0,,,,,,"",""
ball,2,10.1,India,SR Tendulkar,G Gambhir,SR Watson,0,0,,,,,,"",""
ball,2,10.2,India,SR Tendulkar,G Gambhir,SR Watson,0,0,,,,,,"",""
ball,2,10.3,India,SR Tendulkar,G Gambhir,SR Watson,2,0,,,,,,"",""
ball,2,10.4,India,SR Tendulkar,G Gambhir,SR Watson,0,0,,,,,,"",""
ball,2,10.5,India,SR Tendulkar,G Gambhir,SR Watson,1,0,,,,,,"",""
ball,2,10.6,India,G Gambhir,SR Tendulkar,SR Watson,0,1,1,,,,,"",""
ball,2,10.7,India,G Gambhir,SR Tendulkar,SR Watson,0,0,,,,,,"",""
ball,2,11.1,India,SR Tendulkar,G Gambhir,MG Johnson,4,0,,,,,,"",""
ball,2,11.2,India,SR Tendulkar,G Gambhir,MG Johnson,4,0,,,,,,"",""
ball,2,11.3,India,SR Tendulkar,G Gambhir,MG Johnson,0,0,,,,,,"",""
ball,2,11.4,India,SR Tendulkar,G Gambhir,MG Johnson,2,0,,,,,,"",""
ball,2,11.5,India,SR Tendulkar,G Gambhir,MG Johnson,0,0,,,,,,"",""
ball,2,11.6,India,SR Tendulkar,G Gambhir,MG Johnson,1,0,,,,,,"",""
ball,2,12.1,India,SR Tendulkar,G Gambhir,SR Watson,0,0,,,,,,"",""
ball,2,12.2,India,SR Tendulkar,G Gambhir,SR Watson,1,0,,,,,,"",""
ball,2,12.3,India,G Gambhir,SR Tendulkar,SR Watson,1,0,,,,,,"",""
ball,2,12.4,India,SR Tendulkar,G Gambhir,SR Watson,0,0,,,,,,"",""
ball,2,12.5,India,SR Tendulkar,G Gambhir,SR Watson,0,0,,,,,,"",""
ball,2,12.6,India,SR Tendulkar,G Gambhir,SR Watson,0,0,,,,,,"",""
ball,2,13.1,India,G Gambhir,SR Tendulkar,B Lee,0,0,,,,,,"",""
ball,2,13.2,India,G Gambhir,SR Tendulkar,B Lee,0,0,,,,,,"",""
ball,2,13.3,India,G Gambhir,SR Tendulkar,B Lee,0,0,,,,,,"",""
ball,2,13.4,India,G Gambhir,SR Tendulkar,B Lee,1,0,,,,,,"",""
ball,2,13.5,India,SR Tendulkar,G Gambhir,B Lee,1,0,,,,,,"",""
ball,2,13.6,India,G Gambhir,SR Tendulkar,B Lee,1,0,,,,,,"",""
ball,2,14.1,India,G Gambhir,SR Tendulkar,SR Watson,4,0,,,,,,"",""
ball,2,14.2,India,G Gambhir,SR Tendulkar,SR Watson,0,0,,,,,,"",""
ball,2,14.3,India,G Gambhir,SR Tendulkar,SR Watson,0,0,,,,,,"",""
ball,2,14.4,India,G Gambhir,SR Tendulkar,SR Watson,1,0,,,,,,"",""
ball,2,14.5,India,SR Tendulkar,G Gambhir,SR Watson,1,0,,,,,,"",""
ball,2,14.6,India,G Gambhir,SR Tendulkar,SR Watson,0,0,,,,,,"",""
ball,2,15.1,India,SR Tendulkar,G Gambhir,B Lee,0,0,,,,,,"",""
ball,2,15.2,India,SR Tendulkar,G Gambhir,B Lee,1,0,,,,,,"",""
ball,2,15.3,India,G Gambhir,SR Tendulkar,B Lee,0,0,,,,,,"",""
ball,2,15.4,India,G Gambhir,SR Tendulkar,B Lee,0,1,1,,,,,"",""
ball,2,15.5,India,G Gambhir,SR Tendulkar,B Lee,1,0,,,,,,"",""
ball,2,15.6,India,SR Tendulkar,G Gambhir,B Lee,0,0,,,,,,"",""
ball,2,15.7,India,SR Tendulkar,G Gambhir,B Lee,1,0,,,,,,"",""
ball,2,16.1,India,SR Tendulkar,G Gambhir,SW Tait,0,1,1,,,,,"",""
ball,2,16.2,India,SR Tendulkar,G Gambhir,SW Tait,2,0,,,,,,"",""
ball,2,16.3,India,SR Tendulkar,G Gambhir,SW Tait,0,0,,,,,,"",""
ball,2,16.4,India,SR Tendulkar,G Gambhir,SW Tait,0,0,,,,,,"",""
ball,2,16.5,India,SR Tendulkar,G Gambhir,SW Tait,0,0,,,,,,"",""
ball,2,16.6,India,SR Tendulkar,G Gambhir,SW Tait,1,0,,,,,,"",""
ball,2,16.7,India,G Gambhir,SR Tendulkar,SW Tait,0,1,1,,,,,"",""
ball,2,16.8,India,G Gambhir,SR Tendulkar,SW Tait,1,0,,,,,,"",""
ball,2,17.1,India,G Gambhir,SR Tendulkar,JJ Krejza,1,0,,,,,,"",""
ball,2,17.2,India,SR Tendulkar,G Gambhir,JJ Krejza,1,0,,,,,,"",""
ball,2,17.3,India,G Gambhir,SR Tendulkar,JJ Krejza,1,0,,,,,,"",""
ball,2,17.4,India,SR Tendulkar,G Gambhir,JJ Krejza,1,0,,,,,,"",""
ball,2,17.5,India,G Gambhir,SR Tendulkar,JJ Krejza,4,0,,,,,,"",""
ball,2,17.6,India,G Gambhir,SR Tendulkar,JJ Krejza,0,0,,,,,,"",""
ball,2,18.1,India,SR Tendulkar,G Gambhir,SW Tait,0,0,,,,,,caught,SR Tendulkar
ball,2,18.2,India,V Kohli,G Gambhir,SW Tait,0,0,,,,,,"",""
ball,2,18.3,India,V Kohli,G Gambhir,SW Tait,0,0,,,,,,"",""
ball,2,18.4,India,V Kohli,G Gambhir,SW Tait,1,0,,,,,,"",""
ball,2,18.5,India,G Gambhir,V Kohli,SW Tait,0,1,,1,,,,"",""
ball,2,18.6,India,G Gambhir,V Kohli,SW Tait,1,0,,,,,,"",""
ball,2,18.7,India,V Kohli,G Gambhir,SW Tait,1,0,,,,,,"",""
ball,2,19.1,India,V Kohli,G Gambhir,JJ Krejza,1,0,,,,,,"",""
ball,2,19.2,India,G Gambhir,V Kohli,JJ Krejza,1,0,,,,,,"",""
ball,2,19.3,India,V Kohli,G Gambhir,JJ Krejza,0,0,,,,,,"",""
ball,2,19.4,India,V Kohli,G Gambhir,JJ Krejza,1,0,,,,,,"",""
ball,2,19.5,India,G Gambhir,V Kohli,JJ Krejza,1,0,,,,,,"",""
ball,2,19.6,India,V Kohli,G Gambhir,JJ Krejza,0,0,,,,,,"",""
ball,2,20.1,India,G Gambhir,V Kohli,SW Tait,1,0,,,,,,"",""
ball,2,20.2,India,V Kohli,G Gambhir,SW Tait,0,0,,,,,,"",""
ball,2,20.3,India,V Kohli,G Gambhir,SW Tait,1,0,,,,,,"",""
ball,2,20.4,India,G Gambhir,V Kohli,SW Tait,1,0,,,,,,"",""
ball,2,20.5,India,V Kohli,G Gambhir,SW Tait,1,0,,,,,,"",""
ball,2,20.6,India,G Gambhir,V Kohli,SW Tait,2,0,,,,,,"",""
ball,2,21.1,India,V Kohli,G Gambhir,JJ Krejza,1,0,,,,,,"",""
ball,2,21.2,India,G Gambhir,V Kohli,JJ Krejza,1,0,,,,,,"",""
ball,2,21.3,India,V Kohli,G Gambhir,JJ Krejza,0,0,,,,,,"",""
ball,2,21.4,India,V Kohli,G Gambhir,JJ Krejza,0,0,,,,,,"",""
ball,2,21.5,India,V Kohli,G Gambhir,JJ Krejza,0,0,,,,,,"",""
ball,2,21.6,India,V Kohli,G Gambhir,JJ Krejza,1,0,,,,,,"",""
ball,2,22.1,India,V Kohli,G Gambhir,MJ Clarke,1,0,,,,,,"",""
ball,2,22.2,India,G Gambhir,V Kohli,MJ Clarke,1,0,,,,,,"",""
ball,2,22.3,India,V Kohli,G Gambhir,MJ Clarke,0,0,,,,,,"",""
ball,2,22.4,India,V Kohli,G Gambhir,MJ Clarke,0,0,,,,,,"",""
ball,2,22.5,India,V Kohli,G Gambhir,MJ Clarke,1,0,,,,,,"",""
ball,2,22.6,India,G Gambhir,V Kohli,MJ Clarke,1,0,,,,,,"",""
ball,2,23.1,India,G Gambhir,V Kohli,JJ Krejza,0,0,,,,,,"",""
ball,2,23.2,India,G Gambhir,V Kohli,JJ Krejza,1,0,,,,,,"",""
ball,2,23.3,India,V Kohli,G Gambhir,JJ Krejza,0,0,,,,,,"",""
ball,2,23.4,India,V Kohli,G Gambhir,JJ Krejza,1,0,,,,,,"",""
ball,2,23.5,India,G Gambhir,V Kohli,JJ Krejza,0,0,,,,,,"",""
ball,2,23.6,India,G Gambhir,V Kohli,JJ Krejza,1,0,,,,,,"",""
ball,2,24.1,India,G Gambhir,V Kohli,MJ Clarke,0,0,,,,,,"",""
ball,2,24.2,India,G Gambhir,V Kohli,MJ Clarke,1,0,,,,,,"",""
ball,2,24.3,India,V Kohli,G Gambhir,MJ Clarke,1,0,,,,,,"",""
ball,2,24.4,India,G Gambhir,V Kohli,MJ Clarke,1,0,,,,,,"",""
ball,2,24.5,India,V Kohli,G Gambhir,MJ Clarke,1,0,,,,,,"",""
ball,2,24.6,India,G Gambhir,V Kohli,MJ Clarke,1,0,,,,,,"",""
ball,2,25.1,India,G Gambhir,V Kohli,JJ Krejza,2,0,,,,,,"",""
ball,2,25.2,India,G Gambhir,V Kohli,JJ Krejza,1,0,,,,,,"",""
ball,2,25.3,India,V Kohli,G Gambhir,JJ Krejza,1,0,,,,,,"",""
ball,2,25.4,India,G Gambhir,V Kohli,JJ Krejza,2,0,,,,,,"",""
ball,2,25.5,India,G Gambhir,V Kohli,JJ Krejza,0,0,,,,,,"",""
ball,2,25.6,India,G Gambhir,V Kohli,JJ Krejza,0,0,,,,,,"",""
ball,2,26.1,India,V Kohli,G Gambhir,DJ Hussey,1,0,,,,,,"",""
ball,2,26.2,India,G Gambhir,V Kohli,DJ Hussey,1,0,,,,,,"",""
ball,2,26.3,India,V Kohli,G Gambhir,DJ Hussey,0,0,,,,,,"",""
ball,2,26.4,India,V Kohli,G Gambhir,DJ Hussey,1,0,,,,,,"",""
ball,2,26.5,India,G Gambhir,V Kohli,DJ Hussey,0,0,,,,,,"",""
ball,2,26.6,India,G Gambhir,V Kohli,DJ Hussey,0,0,,,,,,"",""
ball,2,27.1,India,V Kohli,G Gambhir,MJ Clarke,1,0,,,,,,"",""
ball,2,27.2,India,G Gambhir,V Kohli,MJ Clarke,1,0,,,,,,"",""
ball,2,27.3,India,V Kohli,G Gambhir,MJ Clarke,4,0,,,,,,"",""
ball,2,27.4,India,V Kohli,G Gambhir,MJ Clarke,1,0,,,,,,"",""
ball,2,27.5,India,G Gambhir,V Kohli,MJ Clarke,1,0,,,,,,"",""
ball,2,27.6,India,V Kohli,G Gambhir,MJ Clarke,2,0,,,,,,"",""
ball,2,28.1,India,G Gambhir,V Kohli,DJ Hussey,0,0,,,,,,"",""
ball,2,28.2,India,G Gambhir,V Kohli,DJ Hussey,1,0,,,,,,"",""
ball,2,28.3,India,V Kohli,G Gambhir,DJ Hussey,0,0,,,,,,caught,V Kohli
ball,2,28.4,India,Yuvraj Singh,G Gambhir,DJ Hussey,4,0,,,,,,"",""
ball,2,28.5,India,Yuvraj Singh,G Gambhir,DJ Hussey,0,0,,,,,,"",""
ball,2,28.6,India,Yuvraj Singh,G Gambhir,DJ Hussey,0,0,,,,,,"",""
ball,2,29.1,India,G Gambhir,Yuvraj Singh,JJ Krejza,2,0,,,,,,"",""
ball,2,29.2,India,G Gambhir,Yuvraj Singh,JJ Krejza,1,0,,,,,,"",""
ball,2,29.3,India,Yuvraj Singh,G Gambhir,JJ Krejza,4,0,,,,,,"",""
ball,2,29.4,India,Yuvraj Singh,G Gambhir,JJ Krejza,0,1,,,,1,,"",""
ball,2,29.5,India,G Gambhir,Yuvraj Singh,JJ Krejza,0,0,,,,,,"",""
ball,2,29.6,India,G Gambhir,Yuvraj Singh,JJ Krejza,1,0,,,,,,"",""
ball,2,30.1,India,G Gambhir,Yuvraj Singh,DJ Hussey,1,0,,,,,,"",""
ball,2,30.2,India,Yuvraj Singh,G Gambhir,DJ Hussey,1,0,,,,,,"",""
ball,2,30.3,India,G Gambhir,Yuvraj Singh,DJ Hussey,0,0,,,,,,"",""
ball,2,30.4,India,G Gambhir,Yuvraj Singh,DJ Hussey,0,0,,,,,,"",""
ball,2,30.5,India,G Gambhir,Yuvraj Singh,DJ Hussey,0,0,,,,,,"",""
ball,2,30.6,India,G Gambhir,Yuvraj Singh,DJ Hussey,0,0,,,,,,"",""
ball,2,31.1,India,Yuvraj Singh,G Gambhir,JJ Krejza,2,0,,,,,,"",""
ball,2,31.2,India,Yuvraj Singh,G Gambhir,JJ Krejza,1,0,,,,,,"",""
ball,2,31.3,India,G Gambhir,Yuvraj Singh,JJ Krejza,1,0,,,,,,"",""
ball,2,31.4,India,Yuvraj Singh,G Gambhir,JJ Krejza,1,0,,,,,,"",""
ball,2,31.5,India,G Gambhir,Yuvraj Singh,JJ Krejza,2,0,,,,,,"",""
ball,2,31.6,India,G Gambhir,Yuvraj Singh,JJ Krejza,1,0,,,,,,"",""
ball,2,32.1,India,G Gambhir,Yuvraj Singh,MG Johnson,1,0,,,,,,"",""
ball,2,32.2,India,Yuvraj Singh,G Gambhir,MG Johnson,0,0,,,,,,"",""
ball,2,32.3,India,Yuvraj Singh,G Gambhir,MG Johnson,0,0,,,,,,"",""
ball,2,32.4,India,Yuvraj Singh,G Gambhir,MG Johnson,0,0,,,,,,"",""
ball,2,32.5,India,Yuvraj Singh,G Gambhir,MG Johnson,1,0,,,,,,"",""
ball,2,32.6,India,G Gambhir,Yuvraj Singh,MG Johnson,0,0,,,,,,"",""
ball,2,33.1,India,Yuvraj Singh,G Gambhir,DJ Hussey,0,0,,,,,,"",""
ball,2,33.2,India,Yuvraj Singh,G Gambhir,DJ Hussey,0,0,,,,,,run out,G Gambhir
ball,2,33.3,India,Yuvraj Singh,MS Dhoni,DJ Hussey,0,0,,,,,,"",""
ball,2,33.4,India,Yuvraj Singh,MS Dhoni,DJ Hussey,1,0,,,,,,"",""
ball,2,33.5,India,MS Dhoni,Yuvraj Singh,DJ Hussey,1,0,,,,,,"",""
ball,2,33.6,India,Yuvraj Singh,MS Dhoni,DJ Hussey,1,0,,,,,,"",""
ball,2,34.1,India,Yuvraj Singh,MS Dhoni,MG Johnson,0,0,,,,,,"",""
ball,2,34.2,India,Yuvraj Singh,MS Dhoni,MG Johnson,0,0,,,,,,"",""
ball,2,34.3,India,Yuvraj Singh,MS Dhoni,MG Johnson,0,1,,,,1,,"",""
ball,2,34.4,India,MS Dhoni,Yuvraj Singh,MG Johnson,1,0,,,,,,"",""
ball,2,34.5,India,Yuvraj Singh,MS Dhoni,MG Johnson,0,0,,,,,,"",""
ball,2,34.6,India,Yuvraj Singh,MS Dhoni,MG Johnson,0,0,,,,,,"",""
ball,2,35.1,India,MS Dhoni,Yuvraj Singh,DJ Hussey,4,0,,,,,,"",""
ball,2,35.2,India,MS Dhoni,Yuvraj Singh,DJ Hussey,1,0,,,,,,"",""
ball,2,35.3,India,Yuvraj Singh,MS Dhoni,DJ Hussey,0,0,,,,,,"",""
ball,2,35.4,India,Yuvraj Singh,MS Dhoni,DJ Hussey,0,0,,,,,,"",""
ball,2,35.5,India,Yuvraj Singh,MS Dhoni,DJ Hussey,1,0,,,,,,"",""
ball,2,35.6,India,MS Dhoni,Yuvraj Singh,DJ Hussey,0,0,,,,,,"",""
ball,2,36.1,India,Yuvraj Singh,MS Dhoni,MG Johnson,2,0,,,,,,"",""
ball,2,36.2,India,Yuvraj Singh,MS Dhoni,MG Johnson,0,0,,,,,,"",""
ball,2,36.3,India,Yuvraj Singh,MS Dhoni,MG Johnson,0,0,,,,,,"",""
ball,2,36.4,India,Yuvraj Singh,MS Dhoni,MG Johnson,4,0,,,,,,"",""
ball,2,36.5,India,Yuvraj Singh,MS Dhoni,MG Johnson,2,0,,,,,,"",""
ball,2,36.6,India,Yuvraj Singh,MS Dhoni,MG Johnson,0,0,,,,,,"",""
ball,2,37.1,India,MS Dhoni,Yuvraj Singh,B Lee,0,0,,,,,,"",""
ball,2,37.2,India,MS Dhoni,Yuvraj Singh,B Lee,0,0,,,,,,"",""
ball,2,37.3,India,MS Dhoni,Yuvraj Singh,B Lee,0,0,,,,,,caught,MS Dhoni
ball,2,37.4,India,SK Raina,Yuvraj Singh,B Lee,0,0,,,,,,"",""
ball,2,37.5,India,SK Raina,Yuvraj Singh,B Lee,0,0,,,,,,"",""
ball,2,37.6,India,SK Raina,Yuvraj Singh,B Lee,0,0,,,,,,"",""
ball,2,38.1,India,Yuvraj Singh,SK Raina,SW Tait,1,0,,,,,,"",""
ball,2,38.2,India,SK Raina,Yuvraj Singh,SW Tait,1,0,,,,,,"",""
ball,2,38.3,India,Yuvraj Singh,SK Raina,SW Tait,0,0,,,,,,"",""
ball,2,38.4,India,Yuvraj Singh,SK Raina,SW Tait,0,0,,,,,,"",""
ball,2,38.5,India,Yuvraj Singh,SK Raina,SW Tait,0,0,,,,,,"",""
ball,2,38.6,India,Yuvraj Singh,SK Raina,SW Tait,4,0,,,,,,"",""
ball,2,39.1,India,SK Raina,Yuvraj Singh,B Lee,4,0,,,,,,"",""
ball,2,39.2,India,SK Raina,Yuvraj Singh,B Lee,1,0,,,,,,"",""
ball,2,39.3,India,Yuvraj Singh,SK Raina,B Lee,0,1,1,,,,,"",""
ball,2,39.4,India,Yuvraj Singh,SK Raina,B Lee,0,0,,,,,,"",""
ball,2,39.5,India,Yuvraj Singh,SK Raina,B Lee,4,0,,,,,,"",""
ball,2,39.6,India,Yuvraj Singh,SK Raina,B Lee,0,0,,,,,,"",""
ball,2,39.7,India,Yuvraj Singh,SK Raina,B Lee,4,0,,,,,,"",""
ball,2,40.1,India,SK Raina,Yuvraj Singh,SW Tait,1,0,,,,,,"",""
ball,2,40.2,India,Yuvraj Singh,SK Raina,SW Tait,2,0,,,,,,"",""
ball,2,40.3,India,Yuvraj Singh,SK Raina,SW Tait,0,5,5,,,,,"",""
ball,2,40.4,India,Yuvraj Singh,SK Raina,SW Tait,1,0,,,,,,"",""
ball,2,40.5,India,SK Raina,Yuvraj Singh,SW Tait,2,0,,,,,,"",""
ball,2,40.6,India,SK Raina,Yuvraj Singh,SW Tait,0,0,,,,,,"",""
ball,2,40.7,India,SK Raina,Yuvraj Singh,SW Tait,2,0,,,,,,"",""
ball,2,41.1,India,Yuvraj Singh,SK Raina,JJ Krejza,0,0,,,,,,"",""
ball,2,41.2,India,Yuvraj Singh,SK Raina,JJ Krejza,1,0,,,,,,"",""
ball,2,41.3,India,SK Raina,Yuvraj Singh,JJ Krejza,0,0,,,,,,"",""
ball,2,41.4,India,SK Raina,Yuvraj Singh,JJ Krejza,0,0,,,,,,"",""
ball,2,41.5,India,SK Raina,Yuvraj Singh,JJ Krejza,0,0,,,,,,"",""
ball,2,41.6,India,SK Raina,Yuvraj Singh,JJ Krejza,1,0,,,,,,"",""
ball,2,42.1,India,SK Raina,Yuvraj Singh,SR Watson,1,0,,,,,,"",""
ball,2,42.2,India,Yuvraj Singh,SK Raina,SR Watson,1,0,,,,,,"",""
ball,2,42.3,India,SK Raina,Yuvraj Singh,SR Watson,1,0,,,,,,"",""
ball,2,42.4,India,Yuvraj Singh,SK Raina,SR Watson,0,0,,,,,,"",""
ball,2,42.5,India,Yuvraj Singh,SK Raina,SR Watson,4,0,,,,,,"",""
ball,2,42.6,India,Yuvraj Singh,SK Raina,SR Watson,0,0,,,,,,"",""
ball,2,43.1,India,SK Raina,Yuvraj Singh,JJ Krejza,1,0,,,,,,"",""
ball,2,43.2,India,Yuvraj Singh,SK Raina,JJ Krejza,1,0,,,,,,"",""
ball,2,43.3,India,SK Raina,Yuvraj Singh,JJ Krejza,0,0,,,,,,"",""
ball,2,43.4,India,SK Raina,Yuvraj Singh,JJ Krejza,1,0,,,,,,"",""
ball,2,43.5,India,Yuvraj Singh,SK Raina,JJ Krejza,0,0,,,,,,"",""
ball,2,43.6,India,Yuvraj Singh,SK Raina,JJ Krejza,0,0,,,,,,"",""
ball,2,44.1,India,SK Raina,Yuvraj Singh,SR Watson,1,0,,,,,,"",""
ball,2,44.2,India,Yuvraj Singh,SK Raina,SR Watson,1,0,,,,,,"",""
ball,2,44.3,India,SK Raina,Yuvraj Singh,SR Watson,1,0,,,,,,"",""
ball,2,44.4,India,Yuvraj Singh,SK Raina,SR Watson,2,0,,,,,,"",""
ball,2,44.5,India,Yuvraj Singh,SK Raina,SR Watson,1,0,,,,,,"",""
ball,2,44.6,India,SK Raina,Yuvraj Singh,SR Watson,1,0,,,,,,"",""
ball,2,45.1,India,SK Raina,Yuvraj Singh,B Lee,6,0,,,,,,"",""
ball,2,45.2,India,SK Raina,Yuvraj Singh,B Lee,1,0,,,,,,"",""
ball,2,45.3,India,Yuvraj Singh,SK Raina,B Lee,0,0,,,,,,"",""
ball,2,45.4,India,Yuvraj Singh,SK Raina,B Lee,0,0,,,,,,"",""
ball,2,45.5,India,Yuvraj Singh,SK Raina,B Lee,0,0,,,,,,"",""
ball,2,45.6,India,Yuvraj Singh,SK Raina,B Lee,0,0,,,,,,"",""
ball,2,46.1,India,SK Raina,Yuvraj Singh,MG Johnson,4,0,,,,,,"",""
ball,2,46.2,India,SK Raina,Yuvraj Singh,MG Johnson,1,0,,,,,,"",""
ball,2,46.3,India,Yuvraj Singh,SK Raina,MG Johnson,0,1,,,,1,,"",""
ball,2,46.4,India,SK Raina,Yuvraj Singh,MG Johnson,1,0,,,,,,"",""
ball,2,46.5,India,Yuvraj Singh,SK Raina,MG Johnson,0,1,1,,,,,"",""
ball,2,46.6,India,Yuvraj Singh,SK Raina,MG Johnson,1,0,,,,,,"",""
ball,2,46.7,India,SK Raina,Yuvraj Singh,MG Johnson,2,0,,,,,,"",""
ball,2,47.1,India,Yuvraj Singh,SK Raina,B Lee,0,0,,,,,,"",""
ball,2,47.2,India,Yuvraj Singh,SK Raina,B Lee,0,0,,,,,,"",""
ball,2,47.3,India,Yuvraj Singh,SK Raina,B Lee,0,0,,,,,,"",""
ball,2,47.4,India,Yuvraj Singh,SK Raina,B Lee,4,0,,,,,,"",""
