version,1.6.0
info,balls_per_over,6
info,team,Sri Lanka
info,team,England
info,gender,male
info,season,2010/11
info,date,2011/03/26
info,event,ICC Cricket World Cup
info,venue,R Premadasa Stadium
info,city,Colombo
info,toss_winner,England
info,toss_decision,bat
info,player_of_match,TM Dilshan
info,umpire,BR Doctrove
info,umpire,SJA Taufel
info,reserve_umpire,SK Tarapore
info,tv_umpire,AL Hill
info,match_referee,JJ Crowe
info,winner,Sri Lanka
info,winner_wickets,10
info,player,England,AJ Strauss
info,player,England,IR Bell
info,player,England,IJL Trott
info,player,England,RS Bopara
info,player,England,EJG Morgan
info,player,England,GP Swann
info,player,England,MJ Prior
info,player,England,LJ Wright
info,player,England,TT Bresnan
info,player,England,JC Tredwell
info,player,England,CT Tremlett
info,player,Sri Lanka,WU Tharanga
info,player,Sri Lanka,TM Dilshan
info,player,Sri Lanka,KC Sangakkara
info,player,Sri Lanka,DPMD Jayawardene
info,player,Sri Lanka,TT Samaraweera
info,player,Sri Lanka,LPC Silva
info,player,Sri Lanka,AD Mathews
info,player,Sri Lanka,SL Malinga
info,player,Sri Lanka,HMRKB Herath
info,player,Sri Lanka,BAW Mendis
info,player,Sri Lanka,M Muralitharan
info,registry,people,AD Mathews,896d78ad
info,registry,people,AJ Strauss,b68d14a9
info,registry,people,AL Hill,4165ced0
info,registry,people,BAW Mendis,ea0cdc12
info,registry,people,BR Doctrove,cbebf805
info,registry,people,CT Tremlett,a72b14ff
info,registry,people,DPMD Jayawardene,d18f9182
info,registry,people,EJG Morgan,d2a6c0e6
info,registry,people,GP Swann,221ad9d9
info,registry,people,HMRKB Herath,d2fcce2f
info,registry,people,IJL Trott,ac7fa28f
info,registry,people,IR Bell,33155d1b
info,registry,people,JC Tredwell,49b6c09f
info,registry,people,JJ Crowe,2e760301
info,registry,people,KC Sangakkara,6b71e6cf
info,registry,people,LJ Wright,cca50cd6
info,registry,people,LPC Silva,1be70c88
info,registry,people,M Muralitharan,4ba44e19
info,registry,people,MJ Prior,1200550f
info,registry,people,RS Bopara,7ca5e05d
info,registry,people,SJA Taufel,4b43d5ac
info,registry,people,SK Tarapore,62a824b4
info,registry,people,SL Malinga,a12e1d51
info,registry,people,TM Dilshan,5bdcdb72
info,registry,people,TT Bresnan,58043739
info,registry,people,TT Samaraweera,2008fc75
info,registry,people,WU Tharanga,7ed9fd56
ball,1,0.1,England,AJ Strauss,IR Bell,SL Malinga,0,0,,,,,,"",""
ball,1,0.2,England,AJ Strauss,IR Bell,SL Malinga,1,0,,,,,,"",""
ball,1,0.3,England,IR Bell,AJ Strauss,SL Malinga,4,0,,,,,,"",""
ball,1,0.4,England,IR Bell,AJ Strauss,SL Malinga,0,0,,,,,,"",""
ball,1,0.5,England,IR Bell,AJ Strauss,SL Malinga,0,0,,,,,,"",""
ball,1,0.6,England,IR Bell,AJ Strauss,SL Malinga,0,0,,,,,,"",""
ball,1,1.1,England,AJ Strauss,IR Bell,TM Dilshan,0,0,,,,,,"",""
ball,1,1.2,England,AJ Strauss,IR Bell,TM Dilshan,0,0,,,,,,"",""
ball,1,1.3,England,AJ Strauss,IR Bell,TM Dilshan,0,0,,,,,,"",""
ball,1,1.4,England,AJ Strauss,IR Bell,TM Dilshan,0,0,,,,,,"",""
ball,1,1.5,England,AJ Strauss,IR Bell,TM Dilshan,0,0,,,,,,"",""
ball,1,1.6,England,AJ Strauss,IR Bell,TM Dilshan,0,0,,,,,,"",""
ball,1,2.1,England,IR Bell,AJ Strauss,SL Malinga,1,0,,,,,,"",""
ball,1,2.2,England,AJ Strauss,IR Bell,SL Malinga,1,0,,,,,,"",""
ball,1,2.3,England,IR Bell,AJ Strauss,SL Malinga,0,0,,,,,,"",""
ball,1,2.4,England,IR Bell,AJ Strauss,SL Malinga,0,0,,,,,,"",""
ball,1,2.5,England,IR Bell,AJ Strauss,SL Malinga,0,0,,,,,,"",""
ball,1,2.6,England,IR Bell,AJ Strauss,SL Malinga,0,0,,,,,,"",""
ball,1,3.1,England,AJ Strauss,IR Bell,TM Dilshan,0,0,,,,,,"",""
ball,1,3.2,England,AJ Strauss,IR Bell,TM Dilshan,1,0,,,,,,"",""
ball,1,3.3,England,IR Bell,AJ Strauss,TM Dilshan,0,0,,,,,,"",""
ball,1,3.4,England,IR Bell,AJ Strauss,TM Dilshan,0,0,,,,,,"",""
ball,1,3.5,England,IR Bell,AJ Strauss,TM Dilshan,0,0,,,,,,"",""
ball,1,3.6,England,IR Bell,AJ Strauss,TM Dilshan,1,0,,,,,,"",""
ball,1,4.1,England,IR Bell,AJ Strauss,AD Mathews,4,0,,,,,,"",""
ball,1,4.2,England,IR Bell,AJ Strauss,AD Mathews,0,0,,,,,,"",""
ball,1,4.3,England,IR Bell,AJ Strauss,AD Mathews,2,0,,,,,,"",""
ball,1,4.4,England,IR Bell,AJ Strauss,AD Mathews,0,0,,,,,,"",""
ball,1,4.5,England,IR Bell,AJ Strauss,AD Mathews,2,0,,,,,,"",""
ball,1,4.6,England,IR Bell,AJ Strauss,AD Mathews,0,0,,,,,,"",""
ball,1,5.1,England,AJ Strauss,IR Bell,TM Dilshan,0,0,,,,,,"",""
ball,1,5.2,England,AJ Strauss,IR Bell,TM Dilshan,0,0,,,,,,"",""
ball,1,5.3,England,AJ Strauss,IR Bell,TM Dilshan,0,0,,,,,,"",""
ball,1,5.4,England,AJ Strauss,IR Bell,TM Dilshan,1,0,,,,,,"",""
ball,1,5.5,England,IR Bell,AJ Strauss,TM Dilshan,2,0,,,,,,"",""
ball,1,5.6,England,IR Bell,AJ Strauss,TM Dilshan,1,0,,,,,,"",""
ball,1,6.1,England,IR Bell,AJ Strauss,AD Mathews,4,0,,,,,,"",""
ball,1,6.2,England,IR Bell,AJ Strauss,AD Mathews,0,0,,,,,,"",""
ball,1,6.3,England,IR Bell,AJ Strauss,AD Mathews,0,0,,,,,,"",""
ball,1,6.4,England,IR Bell,AJ Strauss,AD Mathews,0,0,,,,,,"",""
ball,1,6.5,England,IR Bell,AJ Strauss,AD Mathews,0,0,,,,,,"",""
ball,1,6.6,England,IR Bell,AJ Strauss,AD Mathews,1,0,,,,,,"",""
ball,1,7.1,England,IR Bell,AJ Strauss,TM Dilshan,1,0,,,,,,"",""
ball,1,7.2,England,AJ Strauss,IR Bell,TM Dilshan,0,0,,,,,,"",""
ball,1,7.3,England,AJ Strauss,IR Bell,TM Dilshan,0,0,,,,,,"",""
ball,1,7.4,England,AJ Strauss,IR Bell,TM Dilshan,1,0,,,,,,"",""
ball,1,7.5,England,IR Bell,AJ Strauss,TM Dilshan,1,0,,,,,,"",""
ball,1,7.6,England,AJ Strauss,IR Bell,TM Dilshan,0,0,,,,,,bowled,AJ Strauss
ball,1,8.1,England,IR Bell,IJL Trott,AD Mathews,0,0,,,,,,"",""
ball,1,8.2,England,IR Bell,IJL Trott,AD Mathews,1,0,,,,,,"",""
ball,1,8.3,England,IJL Trott,IR Bell,AD Mathews,0,0,,,,,,"",""
ball,1,8.4,England,IJL Trott,IR Bell,AD Mathews,0,0,,,,,,"",""
ball,1,8.5,England,IJL Trott,IR Bell,AD Mathews,1,0,,,,,,"",""
ball,1,8.6,England,IR Bell,IJL Trott,AD Mathews,0,0,,,,,,caught,IR Bell
ball,1,9.1,England,IJL Trott,RS Bopara,HMRKB Herath,0,0,,,,,,"",""
ball,1,9.2,England,IJL Trott,RS Bopara,HMRKB Herath,0,0,,,,,,"",""
ball,1,9.3,England,IJL Trott,RS Bopara,HMRKB Herath,0,0,,,,,,"",""
ball,1,9.4,England,IJL Trott,RS Bopara,HMRKB Herath,0,0,,,,,,"",""
ball,1,9.5,England,IJL Trott,RS Bopara,HMRKB Herath,1,0,,,,,,"",""
ball,1,9.6,England,RS Bopara,IJL Trott,HMRKB Herath,0,0,,,,,,"",""
ball,1,10.1,England,IJL Trott,RS Bopara,AD Mathews,0,0,,,,,,"",""
ball,1,10.2,England,IJL Trott,RS Bopara,AD Mathews,0,0,,,,,,"",""
ball,1,10.3,England,IJL Trott,RS Bopara,AD Mathews,0,0,,,,,,"",""
ball,1,10.4,England,IJL Trott,RS Bopara,AD Mathews,3,0,,,,,,"",""
ball,1,10.5,England,RS Bopara,IJL Trott,AD Mathews,0,0,,,,,,"",""
ball,1,10.6,England,RS Bopara,IJL Trott,AD Mathews,0,0,,,,,,"",""
ball,1,11.1,England,IJL Trott,RS Bopara,HMRKB Herath,0,0,,,,,,"",""
ball,1,11.2,England,IJL Trott,RS Bopara,HMRKB Herath,2,0,,,,,,"",""
ball,1,11.3,England,IJL Trott,RS Bopara,HMRKB Herath,1,0,,,,,,"",""
ball,1,11.4,England,RS Bopara,IJL Trott,HMRKB Herath,0,0,,,,,,"",""
ball,1,11.5,England,RS Bopara,IJL Trott,HMRKB Herath,0,0,,,,,,"",""
ball,1,11.6,England,RS Bopara,IJL Trott,HMRKB Herath,4,0,,,,,,"",""
ball,1,12.1,England,IJL Trott,RS Bopara,AD Mathews,0,0,,,,,,"",""
ball,1,12.2,England,IJL Trott,RS Bopara,AD Mathews,1,0,,,,,,"",""
ball,1,12.3,England,RS Bopara,IJL Trott,AD Mathews,0,0,,,,,,"",""
ball,1,12.4,England,RS Bopara,IJL Trott,AD Mathews,1,0,,,,,,"",""
ball,1,12.5,England,IJL Trott,RS Bopara,AD Mathews,0,0,,,,,,"",""
ball,1,12.6,England,IJL Trott,RS Bopara,AD Mathews,0,0,,,,,,"",""
ball,1,13.1,England,RS Bopara,IJL Trott,HMRKB Herath,0,0,,,,,,"",""
ball,1,13.2,England,RS Bopara,IJL Trott,HMRKB Herath,0,0,,,,,,"",""
ball,1,13.3,England,RS Bopara,IJL Trott,HMRKB Herath,0,0,,,,,,"",""
ball,1,13.4,England,RS Bopara,IJL Trott,HMRKB Herath,0,0,,,,,,"",""
ball,1,13.5,England,RS Bopara,IJL Trott,HMRKB Herath,0,0,,,,,,"",""
ball,1,13.6,England,RS Bopara,IJL Trott,HMRKB Herath,0,0,,,,,,"",""
ball,1,14.1,England,IJL Trott,RS Bopara,BAW Mendis,1,0,,,,,,"",""
ball,1,14.2,England,RS Bopara,IJL Trott,BAW Mendis,0,0,,,,,,"",""
ball,1,14.3,England,RS Bopara,IJL Trott,BAW Mendis,0,0,,,,,,"",""
ball,1,14.4,England,RS Bopara,IJL Trott,BAW Mendis,0,0,,,,,,"",""
ball,1,14.5,England,RS Bopara,IJL Trott,BAW Mendis,1,0,,,,,,"",""
ball,1,14.6,England,IJL Trott,RS Bopara,BAW Mendis,0,0,,,,,,"",""
ball,1,15.1,England,RS Bopara,IJL Trott,HMRKB Herath,0,0,,,,,,"",""
ball,1,15.2,England,RS Bopara,IJL Trott,HMRKB Herath,1,0,,,,,,"",""
ball,1,15.3,England,IJL Trott,RS Bopara,HMRKB Herath,1,0,,,,,,"",""
ball,1,15.4,England,RS Bopara,IJL Trott,HMRKB Herath,0,0,,,,,,"",""
ball,1,15.5,England,RS Bopara,IJL Trott,HMRKB Herath,1,0,,,,,,"",""
ball,1,15.6,England,IJL Trott,RS Bopara,HMRKB Herath,2,0,,,,,,"",""
ball,1,16.1,England,RS Bopara,IJL Trott,BAW Mendis,1,0,,,,,,"",""
ball,1,16.2,England,IJL Trott,RS Bopara,BAW Mendis,3,0,,,,,,"",""
ball,1,16.3,England,RS Bopara,IJL Trott,BAW Mendis,0,0,,,,,,"",""
ball,1,16.4,England,RS Bopara,IJL Trott,BAW Mendis,0,0,,,,,,"",""
ball,1,16.5,England,RS Bopara,IJL Trott,BAW Mendis,0,0,,,,,,"",""
ball,1,16.6,England,RS Bopara,IJL Trott,BAW Mendis,1,0,,,,,,"",""
ball,1,17.1,England,RS Bopara,IJL Trott,HMRKB Herath,0,0,,,,,,"",""
ball,1,17.2,England,RS Bopara,IJL Trott,HMRKB Herath,1,0,,,,,,"",""
ball,1,17.3,England,IJL Trott,RS Bopara,HMRKB Herath,2,0,,,,,,"",""
ball,1,17.4,England,IJL Trott,RS Bopara,HMRKB Herath,0,0,,,,,,"",""
ball,1,17.5,England,IJL Trott,RS Bopara,HMRKB Herath,0,0,,,,,,"",""
ball,1,17.6,England,IJL Trott,RS Bopara,HMRKB Herath,1,0,,,,,,"",""
ball,1,18.1,England,IJL Trott,RS Bopara,M Muralitharan,0,0,,,,,,"",""
ball,1,18.2,England,IJL Trott,RS Bopara,M Muralitharan,1,0,,,,,,"",""
ball,1,18.3,England,RS Bopara,IJL Trott,M Muralitharan,2,0,,,,,,"",""
ball,1,18.4,England,RS Bopara,IJL Trott,M Muralitharan,0,0,,,,,,"",""
ball,1,18.5,England,RS Bopara,IJL Trott,M Muralitharan,0,0,,,,,,"",""
ball,1,18.6,England,RS Bopara,IJL Trott,M Muralitharan,0,0,,,,,,"",""
ball,1,19.1,England,IJL Trott,RS Bopara,BAW Mendis,0,0,,,,,,"",""
ball,1,19.2,England,IJL Trott,RS Bopara,BAW Mendis,1,0,,,,,,"",""
ball,1,19.3,England,RS Bopara,IJL Trott,BAW Mendis,0,0,,,,,,"",""
ball,1,19.4,England,RS Bopara,IJL Trott,BAW Mendis,0,0,,,,,,"",""
ball,1,19.5,England,RS Bopara,IJL Trott,BAW Mendis,1,0,,,,,,"",""
ball,1,19.6,England,IJL Trott,RS Bopara,BAW Mendis,0,0,,,,,,"",""
ball,1,20.1,England,RS Bopara,IJL Trott,M Muralitharan,2,0,,,,,,"",""
ball,1,20.2,England,RS Bopara,IJL Trott,M Muralitharan,1,0,,,,,,"",""
ball,1,20.3,England,IJL Trott,RS Bopara,M Muralitharan,0,0,,,,,,"",""
ball,1,20.4,England,IJL Trott,RS Bopara,M Muralitharan,1,0,,,,,,"",""
ball,1,20.5,England,RS Bopara,IJL Trott,M Muralitharan,3,0,,,,,,"",""
ball,1,20.6,England,IJL Trott,RS Bopara,M Muralitharan,1,0,,,,,,"",""
ball,1,21.1,England,IJL Trott,RS Bopara,BAW Mendis,1,0,,,,,,"",""
ball,1,21.2,England,RS Bopara,IJL Trott,BAW Mendis,1,0,,,,,,"",""
ball,1,21.3,England,IJL Trott,RS Bopara,BAW Mendis,0,0,,,,,,"",""
ball,1,21.4,England,IJL Trott,RS Bopara,BAW Mendis,1,0,,,,,,"",""
ball,1,21.5,England,RS Bopara,IJL Trott,BAW Mendis,1,0,,,,,,"",""
ball,1,21.6,England,IJL Trott,RS Bopara,BAW Mendis,0,0,,,,,,"",""
ball,1,22.1,England,RS Bopara,IJL Trott,M Muralitharan,1,0,,,,,,"",""
ball,1,22.2,England,IJL Trott,RS Bopara,M Muralitharan,0,0,,,,,,"",""
ball,1,22.3,England,IJL Trott,RS Bopara,M Muralitharan,0,1,,,,1,,"",""
ball,1,22.4,England,RS Bopara,IJL Trott,M Muralitharan,0,0,,,,,,"",""
ball,1,22.5,England,RS Bopara,IJL Trott,M Muralitharan,2,0,,,,,,"",""
ball,1,22.6,England,RS Bopara,IJL Trott,M Muralitharan,1,0,,,,,,"",""
ball,1,23.1,England,RS Bopara,IJL Trott,BAW Mendis,1,0,,,,,,"",""
ball,1,23.2,England,IJL Trott,RS Bopara,BAW Mendis,2,0,,,,,,"",""
ball,1,23.3,England,IJL Trott,RS Bopara,BAW Mendis,1,0,,,,,,"",""
ball,1,23.4,England,RS Bopara,IJL Trott,BAW Mendis,0,0,,,,,,"",""
ball,1,23.5,England,RS Bopara,IJL Trott,BAW Mendis,0,0,,,,,,"",""
ball,1,23.6,England,RS Bopara,IJL Trott,BAW Mendis,0,0,,,,,,"",""
ball,1,24.1,England,IJL Trott,RS Bopara,M Muralitharan,0,0,,,,,,"",""
ball,1,24.2,England,IJL Trott,RS Bopara,M Muralitharan,1,0,,,,,,"",""
ball,1,24.3,England,RS Bopara,IJL Trott,M Muralitharan,0,0,,,,,,"",""
ball,1,24.4,England,RS Bopara,IJL Trott,M Muralitharan,1,0,,,,,,"",""
ball,1,24.5,England,IJL Trott,RS Bopara,M Muralitharan,1,0,,,,,,"",""
ball,1,24.6,England,RS Bopara,IJL Trott,M Muralitharan,0,0,,,,,,"",""
ball,1,25.1,England,IJL Trott,RS Bopara,SL Malinga,1,0,,,,,,"",""
ball,1,25.2,England,RS Bopara,IJL Trott,SL Malinga,1,0,,,,,,"",""
ball,1,25.3,England,IJL Trott,RS Bopara,SL Malinga,0,0,,,,,,"",""
ball,1,25.4,England,IJL Trott,RS Bopara,SL Malinga,0,0,,,,,,"",""
ball,1,25.5,England,IJL Trott,RS Bopara,SL Malinga,0,0,,,,,,"",""
ball,1,25.6,England,IJL Trott,RS Bopara,SL Malinga,0,0,,,,,,"",""
ball,1,26.1,England,RS Bopara,IJL Trott,M Muralitharan,1,0,,,,,,"",""
ball,1,26.2,England,IJL Trott,RS Bopara,M Muralitharan,0,0,,,,,,"",""
ball,1,26.3,England,IJL Trott,RS Bopara,M Muralitharan,1,0,,,,,,"",""
ball,1,26.4,England,RS Bopara,IJL Trott,M Muralitharan,1,0,,,,,,"",""
ball,1,26.5,England,IJL Trott,RS Bopara,M Muralitharan,1,0,,,,,,"",""
ball,1,26.6,England,RS Bopara,IJL Trott,M Muralitharan,0,0,,,,,,lbw,RS Bopara
ball,1,27.1,England,IJL Trott,EJG Morgan,SL Malinga,0,0,,,,,,"",""
ball,1,27.2,England,IJL Trott,EJG Morgan,SL Malinga,2,0,,,,,,"",""
ball,1,27.3,England,IJL Trott,EJG Morgan,SL Malinga,1,0,,,,,,"",""
ball,1,27.4,England,EJG Morgan,IJL Trott,SL Malinga,0,0,,,,,,"",""
ball,1,27.5,England,EJG Morgan,IJL Trott,SL Malinga,1,0,,,,,,"",""
ball,1,27.6,England,IJL Trott,EJG Morgan,SL Malinga,0,2,,,,2,,"",""
ball,1,28.1,England,EJG Morgan,IJL Trott,M Muralitharan,1,0,,,,,,"",""
ball,1,28.2,England,IJL Trott,EJG Morgan,M Muralitharan,1,0,,,,,,"",""
ball,1,28.3,England,EJG Morgan,IJL Trott,M Muralitharan,1,0,,,,,,"",""
ball,1,28.4,England,IJL Trott,EJG Morgan,M Muralitharan,0,0,,,,,,"",""
ball,1,28.5,England,IJL Trott,EJG Morgan,M Muralitharan,0,0,,,,,,"",""
ball,1,28.6,England,IJL Trott,EJG Morgan,M Muralitharan,0,0,,,,,,"",""
ball,1,29.1,England,EJG Morgan,IJL Trott,SL Malinga,2,0,,,,,,"",""
ball,1,29.2,England,EJG Morgan,IJL Trott,SL Malinga,0,0,,,,,,"",""
ball,1,29.3,England,EJG Morgan,IJL Trott,SL Malinga,4,0,,,,,,"",""
ball,1,29.4,England,EJG Morgan,IJL Trott,SL Malinga,0,0,,,,,,"",""
ball,1,29.5,England,EJG Morgan,IJL Trott,SL Malinga,0,0,,,,,,"",""
ball,1,29.6,England,EJG Morgan,IJL Trott,SL Malinga,2,0,,,,,,"",""
ball,1,30.1,England,IJL Trott,EJG Morgan,M Muralitharan,2,0,,,,,,"",""
ball,1,30.2,England,IJL Trott,EJG Morgan,M Muralitharan,4,0,,,,,,"",""
ball,1,30.3,England,IJL Trott,EJG Morgan,M Muralitharan,2,0,,,,,,"",""
ball,1,30.4,England,IJL Trott,EJG Morgan,M Muralitharan,1,0,,,,,,"",""
ball,1,30.5,England,EJG Morgan,IJL Trott,M Muralitharan,0,0,,,,,,"",""
ball,1,30.6,England,EJG Morgan,IJL Trott,M Muralitharan,4,0,,,,,,"",""
ball,1,31.1,England,IJL Trott,EJG Morgan,BAW Mendis,1,0,,,,,,"",""
ball,1,31.2,England,EJG Morgan,IJL Trott,BAW Mendis,1,0,,,,,,"",""
ball,1,31.3,England,IJL Trott,EJG Morgan,BAW Mendis,1,0,,,,,,"",""
ball,1,31.4,England,EJG Morgan,IJL Trott,BAW Mendis,0,0,,,,,,"",""
ball,1,31.5,England,EJG Morgan,IJL Trott,BAW Mendis,0,0,,,,,,"",""
ball,1,31.6,England,EJG Morgan,IJL Trott,BAW Mendis,1,0,,,,,,"",""
ball,1,32.1,England,EJG Morgan,IJL Trott,TM Dilshan,2,0,,,,,,"",""
ball,1,32.2,England,EJG Morgan,IJL Trott,TM Dilshan,1,0,,,,,,"",""
ball,1,32.3,England,IJL Trott,EJG Morgan,TM Dilshan,1,0,,,,,,"",""
ball,1,32.4,England,EJG Morgan,IJL Trott,TM Dilshan,0,0,,,,,,"",""
ball,1,32.5,England,EJG Morgan,IJL Trott,TM Dilshan,1,0,,,,,,"",""
ball,1,32.6,England,IJL Trott,EJG Morgan,TM Dilshan,3,0,,,,,,"",""
ball,1,33.1,England,IJL Trott,EJG Morgan,BAW Mendis,0,0,,,,,,"",""
ball,1,33.2,England,IJL Trott,EJG Morgan,BAW Mendis,1,0,,,,,,"",""
ball,1,33.3,England,EJG Morgan,IJL Trott,BAW Mendis,0,0,,,,,,"",""
ball,1,33.4,England,EJG Morgan,IJL Trott,BAW Mendis,0,0,,,,,,"",""
ball,1,33.5,England,EJG Morgan,IJL Trott,BAW Mendis,0,0,,,,,,"",""
ball,1,33.6,England,EJG Morgan,IJL Trott,BAW Mendis,0,0,,,,,,"",""
ball,1,34.1,England,IJL Trott,EJG Morgan,TM Dilshan,0,0,,,,,,"",""
ball,1,34.2,England,IJL Trott,EJG Morgan,TM Dilshan,0,1,1,,,,,"",""
ball,1,34.3,England,IJL Trott,EJG Morgan,TM Dilshan,1,0,,,,,,"",""
ball,1,34.4,England,EJG Morgan,IJL Trott,TM Dilshan,0,0,,,,,,"",""
ball,1,34.5,England,EJG Morgan,IJL Trott,TM Dilshan,1,0,,,,,,"",""
ball,1,34.6,England,IJL Trott,EJG Morgan,TM Dilshan,1,0,,,,,,"",""
ball,1,34.7,England,EJG Morgan,IJL Trott,TM Dilshan,4,0,,,,,,"",""
ball,1,35.1,England,IJL Trott,EJG Morgan,HMRKB Herath,1,0,,,,,,"",""
ball,1,35.2,England,EJG Morgan,IJL Trott,HMRKB Herath,1,0,,,,,,"",""
ball,1,35.3,England,IJL Trott,EJG Morgan,HMRKB Herath,0,0,,,,,,"",""
ball,1,35.4,England,IJL Trott,EJG Morgan,HMRKB Herath,2,0,,,,,,"",""
ball,1,35.5,England,IJL Trott,EJG Morgan,HMRKB Herath,1,0,,,,,,"",""
ball,1,35.6,England,EJG Morgan,IJL Trott,HMRKB Herath,1,0,,,,,,"",""
ball,1,36.1,England,EJG Morgan,IJL Trott,SL Malinga,1,0,,,,,,"",""
ball,1,36.2,England,IJL Trott,EJG Morgan,SL Malinga,1,0,,,,,,"",""
ball,1,36.3,England,EJG Morgan,IJL Trott,SL Malinga,0,0,,,,,,"",""
ball,1,36.4,England,EJG Morgan,IJL Trott,SL Malinga,0,0,,,,,,"",""
ball,1,36.5,England,EJG Morgan,IJL Trott,SL Malinga,0,0,,,,,,"",""
ball,1,36.6,England,EJG Morgan,IJL Trott,SL Malinga,1,0,,,,,,"",""
ball,1,37.1,England,EJG Morgan,IJL Trott,HMRKB Herath,1,0,,,,,,"",""
ball,1,37.2,England,IJL Trott,EJG Morgan,HMRKB Herath,1,0,,,,,,"",""
ball,1,37.3,England,EJG Morgan,IJL Trott,HMRKB Herath,1,0,,,,,,"",""
ball,1,37.4,England,IJL Trott,EJG Morgan,HMRKB Herath,1,0,,,,,,"",""
ball,1,37.5,England,EJG Morgan,IJL Trott,HMRKB Herath,1,0,,,,,,"",""
ball,1,37.6,England,IJL Trott,EJG Morgan,HMRKB Herath,0,0,,,,,,"",""
ball,1,38.1,England,EJG Morgan,IJL Trott,M Muralitharan,1,0,,,,,,"",""
ball,1,38.2,England,IJL Trott,EJG Morgan,M Muralitharan,1,0,,,,,,"",""
ball,1,38.3,England,EJG Morgan,IJL Trott,M Muralitharan,0,0,,,,,,"",""
ball,1,38.4,England,EJG Morgan,IJL Trott,M Muralitharan,1,0,,,,,,"",""
ball,1,38.5,England,IJL Trott,EJG Morgan,M Muralitharan,1,0,,,,,,"",""
ball,1,38.6,England,EJG Morgan,IJL Trott,M Muralitharan,1,0,,,,,,"",""
ball,1,39.1,England,EJG Morgan,IJL Trott,HMRKB Herath,1,0,,,,,,"",""
ball,1,39.2,England,IJL Trott,EJG Morgan,HMRKB Herath,1,0,,,,,,"",""
ball,1,39.3,England,EJG Morgan,IJL Trott,HMRKB Herath,4,0,,,,,,"",""
ball,1,39.4,England,EJG Morgan,IJL Trott,HMRKB Herath,1,0,,,,,,"",""
ball,1,39.5,England,IJL Trott,EJG Morgan,HMRKB Herath,0,0,,,,,,"",""
ball,1,39.6,England,IJL Trott,EJG Morgan,HMRKB Herath,1,0,,,,,,"",""
ball,1,40.1,England,IJL Trott,EJG Morgan,BAW Mendis,1,0,,,,,,"",""
ball,1,40.2,England,EJG Morgan,IJL Trott,BAW Mendis,1,0,,,,,,"",""
ball,1,40.3,England,IJL Trott,EJG Morgan,BAW Mendis,1,0,,,,,,"",""
ball,1,40.4,England,EJG Morgan,IJL Trott,BAW Mendis,0,0,,,,,,"",""
ball,1,40.5,England,EJG Morgan,IJL Trott,BAW Mendis,0,0,,,,,,"",""
ball,1,40.6,England,EJG Morgan,IJL Trott,BAW Mendis,1,0,,,,,,"",""
ball,1,41.1,England,EJG Morgan,IJL Trott,HMRKB Herath,1,0,,,,,,"",""
ball,1,41.2,England,IJL Trott,EJG Morgan,HMRKB Herath,0,0,,,,,,"",""
ball,1,41.3,England,IJL Trott,EJG Morgan,HMRKB Herath,0,0,,,,,,"",""
ball,1,41.4,England,IJL Trott,EJG Morgan,HMRKB Herath,1,0,,,,,,"",""
ball,1,41.5,England,EJG Morgan,IJL Trott,HMRKB Herath,2,0,,,,,,"",""
ball,1,41.6,England,EJG Morgan,IJL Trott,HMRKB Herath,1,0,,,,,,"",""
ball,1,42.1,England,EJG Morgan,IJL Trott,SL Malinga,1,0,,,,,,"",""
ball,1,42.2,England,IJL Trott,EJG Morgan,SL Malinga,1,0,,,,,,"",""
ball,1,42.3,England,EJG Morgan,IJL Trott,SL Malinga,1,0,,,,,,"",""
ball,1,42.4,England,IJL Trott,EJG Morgan,SL Malinga,1,0,,,,,,"",""
ball,1,42.5,England,EJG Morgan,IJL Trott,SL Malinga,0,0,,,,,,"",""
ball,1,42.6,England,EJG Morgan,IJL Trott,SL Malinga,0,0,,,,,,caught,EJG Morgan
ball,1,43.1,England,GP Swann,IJL Trott,BAW Mendis,0,0,,,,,,lbw,GP Swann
ball,1,43.2,England,MJ Prior,IJL Trott,BAW Mendis,1,0,,,,,,"",""
ball,1,43.3,England,IJL Trott,MJ Prior,BAW Mendis,0,0,,,,,,"",""
ball,1,43.4,England,IJL Trott,MJ Prior,BAW Mendis,1,0,,,,,,"",""
ball,1,43.5,England,MJ Prior,IJL Trott,BAW Mendis,1,0,,,,,,"",""
ball,1,43.6,England,IJL Trott,MJ Prior,BAW Mendis,1,0,,,,,,"",""
ball,1,44.1,England,IJL Trott,MJ Prior,SL Malinga,1,0,,,,,,"",""
ball,1,44.2,England,MJ Prior,IJL Trott,SL Malinga,0,0,,,,,,"",""
ball,1,44.3,England,MJ Prior,IJL Trott,SL Malinga,0,0,,,,,,"",""
ball,1,44.4,England,MJ Prior,IJL Trott,SL Malinga,1,0,,,,,,"",""
ball,1,44.5,England,IJL Trott,MJ Prior,SL Malinga,0,0,,,,,,"",""
ball,1,44.6,England,IJL Trott,MJ Prior,SL Malinga,0,1,1,,,,,"",""
ball,1,44.7,England,IJL Trott,MJ Prior,SL Malinga,0,0,,,,,,"",""
ball,1,45.1,England,MJ Prior,IJL Trott,BAW Mendis,0,0,,,,,,"",""
ball,1,45.2,England,MJ Prior,IJL Trott,BAW Mendis,1,0,,,,,,"",""
ball,1,45.3,England,IJL Trott,MJ Prior,BAW Mendis,0,0,,,,,,"",""
ball,1,45.4,England,IJL Trott,MJ Prior,BAW Mendis,1,0,,,,,,"",""
ball,1,45.5,England,MJ Prior,IJL Trott,BAW Mendis,1,0,,,,,,"",""
ball,1,45.6,England,IJL Trott,MJ Prior,BAW Mendis,1,0,,,,,,"",""
ball,1,46.1,England,IJL Trott,MJ Prior,SL Malinga,3,0,,,,,,"",""
ball,1,46.2,England,MJ Prior,IJL Trott,SL Malinga,1,0,,,,,,"",""
ball,1,46.3,England,IJL Trott,MJ Prior,SL Malinga,0,0,,,,,,"",""
ball,1,46.4,England,IJL Trott,MJ Prior,SL Malinga,0,1,1,,,,,"",""
ball,1,46.5,England,IJL Trott,MJ Prior,SL Malinga,1,0,,,,,,"",""
ball,1,46.6,England,MJ Prior,IJL Trott,SL Malinga,1,0,,,,,,"",""
ball,1,46.7,England,IJL Trott,MJ Prior,SL Malinga,1,0,,,,,,"",""
ball,1,47.1,England,IJL Trott,MJ Prior,HMRKB Herath,0,0,,,,,,"",""
ball,1,47.2,England,IJL Trott,MJ Prior,HMRKB Herath,0,0,,,,,,"",""
ball,1,47.3,England,IJL Trott,MJ Prior,HMRKB Herath,0,0,,,,,,"",""
ball,1,47.4,England,IJL Trott,MJ Prior,HMRKB Herath,1,0,,,,,,"",""
ball,1,47.5,England,MJ Prior,IJL Trott,HMRKB Herath,1,0,,,,,,"",""
ball,1,47.6,England,IJL Trott,MJ Prior,HMRKB Herath,4,0,,,,,,"",""
ball,1,48.1,England,MJ Prior,IJL Trott,M Muralitharan,0,0,,,,,,"",""
ball,1,48.2,England,MJ Prior,IJL Trott,M Muralitharan,1,0,,,,,,"",""
ball,1,48.3,England,IJL Trott,MJ Prior,M Muralitharan,0,0,,,,,,caught,IJL Trott
ball,1,48.4,England,MJ Prior,LJ Wright,M Muralitharan,0,3,3,,,,,"",""
ball,1,48.5,England,MJ Prior,LJ Wright,M Muralitharan,2,0,,,,,,"",""
ball,1,48.6,England,MJ Prior,LJ Wright,M Muralitharan,4,0,,,,,,"",""
ball,1,48.7,England,MJ Prior,LJ Wright,M Muralitharan,1,0,,,,,,"",""
ball,1,49.1,England,MJ Prior,LJ Wright,SL Malinga,1,0,,,,,,"",""
ball,1,49.2,England,LJ Wright,MJ Prior,SL Malinga,0,0,,,,,,"",""
ball,1,49.3,England,LJ Wright,MJ Prior,SL Malinga,0,0,,,,,,"",""
ball,1,49.4,England,LJ Wright,MJ Prior,SL Malinga,1,0,,,,,,"",""
ball,1,49.5,England,MJ Prior,LJ Wright,SL Malinga,4,0,,,,,,"",""
ball,1,49.6,England,MJ Prior,LJ Wright,SL Malinga,1,0,,,,,,"",""
ball,2,0.1,Sri Lanka,WU Tharanga,TM Dilshan,TT Bresnan,0,0,,,,,,"",""
ball,2,0.2,Sri Lanka,WU Tharanga,TM Dilshan,TT Bresnan,0,0,,,,,,"",""
ball,2,0.3,Sri Lanka,WU Tharanga,TM Dilshan,TT Bresnan,0,0,,,,,,"",""
ball,2,0.4,Sri Lanka,WU Tharanga,TM Dilshan,TT Bresnan,0,0,,,,,,"",""
ball,2,0.5,Sri Lanka,WU Tharanga,TM Dilshan,TT Bresnan,0,2,,,,2,,"",""
ball,2,0.6,Sri Lanka,WU Tharanga,TM Dilshan,TT Bresnan,0,0,,,,,,"",""
ball,2,1.1,Sri Lanka,TM Dilshan,WU Tharanga,GP Swann,0,0,,,,,,"",""
ball,2,1.2,Sri Lanka,TM Dilshan,WU Tharanga,GP Swann,0,0,,,,,,"",""
ball,2,1.3,Sri Lanka,TM Dilshan,WU Tharanga,GP Swann,1,0,,,,,,"",""
ball,2,1.4,Sri Lanka,WU Tharanga,TM Dilshan,GP Swann,0,0,,,,,,"",""
ball,2,1.5,Sri Lanka,WU Tharanga,TM Dilshan,GP Swann,0,0,,,,,,"",""
ball,2,1.6,Sri Lanka,WU Tharanga,TM Dilshan,GP Swann,3,0,,,,,,"",""
ball,2,2.1,Sri Lanka,WU Tharanga,TM Dilshan,TT Bresnan,4,0,,,,,,"",""
ball,2,2.2,Sri Lanka,WU Tharanga,TM Dilshan,TT Bresnan,0,0,,,,,,"",""
ball,2,2.3,Sri Lanka,WU Tharanga,TM Dilshan,TT Bresnan,2,0,,,,,,"",""
ball,2,2.4,Sri Lanka,WU Tharanga,TM Dilshan,TT Bresnan,1,0,,,,,,"",""
ball,2,2.5,Sri Lanka,TM Dilshan,WU Tharanga,TT Bresnan,0,0,,,,,,"",""
ball,2,2.6,Sri Lanka,TM Dilshan,WU Tharanga,TT Bresnan,0,0,,,,,,"",""
ball,2,3.1,Sri Lanka,WU Tharanga,TM Dilshan,GP Swann,0,0,,,,,,"",""
ball,2,3.2,Sri Lanka,WU Tharanga,TM Dilshan,GP Swann,6,0,,,,,,"",""
ball,2,3.3,Sri Lanka,WU Tharanga,TM Dilshan,GP Swann,1,0,,,,,,"",""
ball,2,3.4,Sri Lanka,TM Dilshan,WU Tharanga,GP Swann,0,0,,,,,,"",""
ball,2,3.5,Sri Lanka,TM Dilshan,WU Tharanga,GP Swann,0,0,,,,,,"",""
ball,2,3.6,Sri Lanka,TM Dilshan,WU Tharanga,GP Swann,1,0,,,,,,"",""
ball,2,4.1,Sri Lanka,TM Dilshan,WU Tharanga,TT Bresnan,1,0,,,,,,"",""
ball,2,4.2,Sri Lanka,WU Tharanga,TM Dilshan,TT Bresnan,0,0,,,,,,"",""
ball,2,4.3,Sri Lanka,WU Tharanga,TM Dilshan,TT Bresnan,0,0,,,,,,"",""
ball,2,4.4,Sri Lanka,WU Tharanga,TM Dilshan,TT Bresnan,0,0,,,,,,"",""
ball,2,4.5,Sri Lanka,WU Tharanga,TM Dilshan,TT Bresnan,0,0,,,,,,"",""
ball,2,4.6,Sri Lanka,WU Tharanga,TM Dilshan,TT Bresnan,0,0,,,,,,"",""
ball,2,5.1,Sri Lanka,TM Dilshan,WU Tharanga,GP Swann,4,0,,,,,,"",""
ball,2,5.2,Sri Lanka,TM Dilshan,WU Tharanga,GP Swann,0,0,,,,,,"",""
ball,2,5.3,Sri Lanka,TM Dilshan,WU Tharanga,GP Swann,3,0,,,,,,"",""
ball,2,5.4,Sri Lanka,WU Tharanga,TM Dilshan,GP Swann,0,0,,,,,,"",""
ball,2,5.5,Sri Lanka,WU Tharanga,TM Dilshan,GP Swann,0,1,1,,,,,"",""
ball,2,5.6,Sri Lanka,WU Tharanga,TM Dilshan,GP Swann,0,0,,,,,,"",""
ball,2,5.7,Sri Lanka,WU Tharanga,TM Dilshan,GP Swann,0,0,,,,,,"",""
ball,2,6.1,Sri Lanka,TM Dilshan,WU Tharanga,CT Tremlett,0,0,,,,,,"",""
ball,2,6.2,Sri Lanka,TM Dilshan,WU Tharanga,CT Tremlett,0,0,,,,,,"",""
ball,2,6.3,Sri Lanka,TM Dilshan,WU Tharanga,CT Tremlett,0,0,,,,,,"",""
ball,2,6.4,Sri Lanka,TM Dilshan,WU Tharanga,CT Tremlett,0,0,,,,,,"",""
ball,2,6.5,Sri Lanka,TM Dilshan,WU Tharanga,CT Tremlett,1,0,,,,,,"",""
ball,2,6.6,Sri Lanka,WU Tharanga,TM Dilshan,CT Tremlett,0,0,,,,,,"",""
ball,2,7.1,Sri Lanka,TM Dilshan,WU Tharanga,RS Bopara,4,0,,,,,,"",""
ball,2,7.2,Sri Lanka,TM Dilshan,WU Tharanga,RS Bopara,0,4,,,4,,,"",""
ball,2,7.3,Sri Lanka,TM Dilshan,WU Tharanga,RS Bopara,0,0,,,,,,"",""
ball,2,7.4,Sri Lanka,TM Dilshan,WU Tharanga,RS Bopara,1,0,,,,,,"",""
ball,2,7.5,Sri Lanka,WU Tharanga,TM Dilshan,RS Bopara,0,0,,,,,,"",""
ball,2,7.6,Sri Lanka,WU Tharanga,TM Dilshan,RS Bopara,0,0,,,,,,"",""
ball,2,8.1,Sri Lanka,TM Dilshan,WU Tharanga,CT Tremlett,0,0,,,,,,"",""
ball,2,8.2,Sri Lanka,TM Dilshan,WU Tharanga,CT Tremlett,4,0,,,,,,"",""
ball,2,8.3,Sri Lanka,TM Dilshan,WU Tharanga,CT Tremlett,2,0,,,,,,"",""
ball,2,8.4,Sri Lanka,TM Dilshan,WU Tharanga,CT Tremlett,0,0,,,,,,"",""
ball,2,8.5,Sri Lanka,TM Dilshan,WU Tharanga,CT Tremlett,4,0,,,,,,"",""
ball,2,8.6,Sri Lanka,TM Dilshan,WU Tharanga,CT Tremlett,0,0,,,,,,"",""
ball,2,9.1,Sri Lanka,WU Tharanga,TM Dilshan,RS Bopara,0,0,,,,,,"",""
ball,2,9.2,Sri Lanka,WU Tharanga,TM Dilshan,RS Bopara,0,0,,,,,,"",""
ball,2,9.3,Sri Lanka,WU Tharanga,TM Dilshan,RS Bopara,4,0,,,,,,"",""
ball,2,9.4,Sri Lanka,WU Tharanga,TM Dilshan,RS Bopara,0,0,,,,,,"",""
ball,2,9.5,Sri Lanka,WU Tharanga,TM Dilshan,RS Bopara,3,0,,,,,,"",""
ball,2,9.6,Sri Lanka,TM Dilshan,WU Tharanga,RS Bopara,0,0,,,,,,"",""
ball,2,10.1,Sri Lanka,WU Tharanga,TM Dilshan,JC Tredwell,0,0,,,,,,"",""
ball,2,10.2,Sri Lanka,WU Tharanga,TM Dilshan,JC Tredwell,0,0,,,,,,"",""
ball,2,10.3,Sri Lanka,WU Tharanga,TM Dilshan,JC Tredwell,0,0,,,,,,"",""
ball,2,10.4,Sri Lanka,WU Tharanga,TM Dilshan,JC Tredwell,0,0,,,,,,"",""
ball,2,10.5,Sri Lanka,WU Tharanga,TM Dilshan,JC Tredwell,0,0,,,,,,"",""
ball,2,10.6,Sri Lanka,WU Tharanga,TM Dilshan,JC Tredwell,1,0,,,,,,"",""
ball,2,11.1,Sri Lanka,WU Tharanga,TM Dilshan,LJ Wright,0,0,,,,,,"",""
ball,2,11.2,Sri Lanka,WU Tharanga,TM Dilshan,LJ Wright,0,0,,,,,,"",""
ball,2,11.3,Sri Lanka,WU Tharanga,TM Dilshan,LJ Wright,0,0,,,,,,"",""
ball,2,11.4,Sri Lanka,WU Tharanga,TM Dilshan,LJ Wright,1,0,,,,,,"",""
ball,2,11.5,Sri Lanka,TM Dilshan,WU Tharanga,LJ Wright,1,0,,,,,,"",""
ball,2,11.6,Sri Lanka,WU Tharanga,TM Dilshan,LJ Wright,1,0,,,,,,"",""
ball,2,12.1,Sri Lanka,WU Tharanga,TM Dilshan,JC Tredwell,1,0,,,,,,"",""
ball,2,12.2,Sri Lanka,TM Dilshan,WU Tharanga,JC Tredwell,1,0,,,,,,"",""
ball,2,12.3,Sri Lanka,WU Tharanga,TM Dilshan,JC Tredwell,4,0,,,,,,"",""
ball,2,12.4,Sri Lanka,WU Tharanga,TM Dilshan,JC Tredwell,1,0,,,,,,"",""
ball,2,12.5,Sri Lanka,TM Dilshan,WU Tharanga,JC Tredwell,0,0,,,,,,"",""
ball,2,12.6,Sri Lanka,TM Dilshan,WU Tharanga,JC Tredwell,0,0,,,,,,"",""
ball,2,13.1,Sri Lanka,WU Tharanga,TM Dilshan,LJ Wright,0,2,2,,,,,"",""
ball,2,13.2,Sri Lanka,TM Dilshan,WU Tharanga,LJ Wright,1,0,,,,,,"",""
ball,2,13.3,Sri Lanka,WU Tharanga,TM Dilshan,LJ Wright,1,0,,,,,,"",""
ball,2,13.4,Sri Lanka,TM Dilshan,WU Tharanga,LJ Wright,0,0,,,,,,"",""
ball,2,13.5,Sri Lanka,TM Dilshan,WU Tharanga,LJ Wright,0,0,,,,,,"",""
ball,2,13.6,Sri Lanka,TM Dilshan,WU Tharanga,LJ Wright,1,0,,,,,,"",""
ball,2,13.7,Sri Lanka,WU Tharanga,TM Dilshan,LJ Wright,1,0,,,,,,"",""
ball,2,14.1,Sri Lanka,WU Tharanga,TM Dilshan,JC Tredwell,0,0,,,,,,"",""
ball,2,14.2,Sri Lanka,WU Tharanga,TM Dilshan,JC Tredwell,1,0,,,,,,"",""
ball,2,14.3,Sri Lanka,TM Dilshan,WU Tharanga,JC Tredwell,0,0,,,,,,"",""
ball,2,14.4,Sri Lanka,TM Dilshan,WU Tharanga,JC Tredwell,1,0,,,,,,"",""
ball,2,14.5,Sri Lanka,WU Tharanga,TM Dilshan,JC Tredwell,0,0,,,,,,"",""
ball,2,14.6,Sri Lanka,WU Tharanga,TM Dilshan,JC Tredwell,1,0,,,,,,"",""
ball,2,15.1,Sri Lanka,WU Tharanga,TM Dilshan,LJ Wright,0,0,,,,,,"",""
ball,2,15.2,Sri Lanka,WU Tharanga,TM Dilshan,LJ Wright,0,0,,,,,,"",""
ball,2,15.3,Sri Lanka,WU Tharanga,TM Dilshan,LJ Wright,0,1,,,,1,,"",""
ball,2,15.4,Sri Lanka,TM Dilshan,WU Tharanga,LJ Wright,0,0,,,,,,"",""
ball,2,15.5,Sri Lanka,TM Dilshan,WU Tharanga,LJ Wright,1,0,,,,,,"",""
ball,2,15.6,Sri Lanka,WU Tharanga,TM Dilshan,LJ Wright,0,0,,,,,,"",""
ball,2,16.1,Sri Lanka,TM Dilshan,WU Tharanga,JC Tredwell,6,0,,,,,,"",""
ball,2,16.2,Sri Lanka,TM Dilshan,WU Tharanga,JC Tredwell,0,0,,,,,,"",""
ball,2,16.3,Sri Lanka,TM Dilshan,WU Tharanga,JC Tredwell,1,0,,,,,,"",""
ball,2,16.4,Sri Lanka,WU Tharanga,TM Dilshan,JC Tredwell,0,0,,,,,,"",""
ball,2,16.5,Sri Lanka,WU Tharanga,TM Dilshan,JC Tredwell,0,0,,,,,,"",""
ball,2,16.6,Sri Lanka,WU Tharanga,TM Dilshan,JC Tredwell,1,0,,,,,,"",""
ball,2,17.1,Sri Lanka,WU Tharanga,TM Dilshan,GP Swann,0,0,,,,,,"",""
ball,2,17.2,Sri Lanka,WU Tharanga,TM Dilshan,GP Swann,0,1,1,,,,,"",""
ball,2,17.3,Sri Lanka,WU Tharanga,TM Dilshan,GP Swann,1,0,,,,,,"",""
ball,2,17.4,Sri Lanka,TM Dilshan,WU Tharanga,GP Swann,0,0,,,,,,"",""
ball,2,17.5,Sri Lanka,TM Dilshan,WU Tharanga,GP Swann,4,0,,,,,,"",""
ball,2,17.6,Sri Lanka,TM Dilshan,WU Tharanga,GP Swann,1,0,,,,,,"",""
ball,2,17.7,Sri Lanka,WU Tharanga,TM Dilshan,GP Swann,0,0,,,,,,"",""
ball,2,18.1,Sri Lanka,TM Dilshan,WU Tharanga,TT Bresnan,0,0,,,,,,"",""
ball,2,18.2,Sri Lanka,TM Dilshan,WU Tharanga,TT Bresnan,0,1,,,,1,,"",""
ball,2,18.3,Sri Lanka,WU Tharanga,TM Dilshan,TT Bresnan,1,0,,,,,,"",""
ball,2,18.4,Sri Lanka,TM Dilshan,WU Tharanga,TT Bresnan,0,0,,,,,,"",""
ball,2,18.5,Sri Lanka,TM Dilshan,WU Tharanga,TT Bresnan,1,0,,,,,,"",""
ball,2,18.6,Sri Lanka,WU Tharanga,TM Dilshan,TT Bresnan,4,0,,,,,,"",""
ball,2,19.1,Sri Lanka,TM Dilshan,WU Tharanga,GP Swann,0,4,,,4,,,"",""
ball,2,19.2,Sri Lanka,TM Dilshan,WU Tharanga,GP Swann,0,0,,,,,,"",""
ball,2,19.3,Sri Lanka,TM Dilshan,WU Tharanga,GP Swann,0,0,,,,,,"",""
ball,2,19.4,Sri Lanka,TM Dilshan,WU Tharanga,GP Swann,2,0,,,,,,"",""
ball,2,19.5,Sri Lanka,TM Dilshan,WU Tharanga,GP Swann,1,0,,,,,,"",""
ball,2,19.6,Sri Lanka,WU Tharanga,TM Dilshan,GP Swann,0,0,,,,,,"",""
ball,2,20.1,Sri Lanka,TM Dilshan,WU Tharanga,TT Bresnan,1,0,,,,,,"",""
ball,2,20.2,Sri Lanka,WU Tharanga,TM Dilshan,TT Bresnan,1,0,,,,,,"",""
ball,2,20.3,Sri Lanka,TM Dilshan,WU Tharanga,TT Bresnan,1,0,,,,,,"",""
ball,2,20.4,Sri Lanka,WU Tharanga,TM Dilshan,TT Bresnan,0,0,,,,,,"",""
ball,2,20.5,Sri Lanka,WU Tharanga,TM Dilshan,TT Bresnan,0,0,,,,,,"",""
ball,2,20.6,Sri Lanka,WU Tharanga,TM Dilshan,TT Bresnan,4,0,,,,,,"",""
ball,2,21.1,Sri Lanka,TM Dilshan,WU Tharanga,GP Swann,1,0,,,,,,"",""
ball,2,21.2,Sri Lanka,WU Tharanga,TM Dilshan,GP Swann,1,0,,,,,,"",""
ball,2,21.3,Sri Lanka,TM Dilshan,WU Tharanga,GP Swann,1,0,,,,,,"",""
ball,2,21.4,Sri Lanka,WU Tharanga,TM Dilshan,GP Swann,1,0,,,,,,"",""
ball,2,21.5,Sri Lanka,TM Dilshan,WU Tharanga,GP Swann,0,0,,,,,,"",""
ball,2,21.6,Sri Lanka,TM Dilshan,WU Tharanga,GP Swann,1,0,,,,,,"",""
ball,2,22.1,Sri Lanka,TM Dilshan,WU Tharanga,JC Tredwell,1,0,,,,,,"",""
ball,2,22.2,Sri Lanka,WU Tharanga,TM Dilshan,JC Tredwell,1,0,,,,,,"",""
ball,2,22.3,Sri Lanka,TM Dilshan,WU Tharanga,JC Tredwell,1,0,,,,,,"",""
ball,2,22.4,Sri Lanka,WU Tharanga,TM Dilshan,JC Tredwell,0,0,,,,,,"",""
ball,2,22.5,Sri Lanka,WU Tharanga,TM Dilshan,JC Tredwell,1,0,,,,,,"",""
ball,2,22.6,Sri Lanka,TM Dilshan,WU Tharanga,JC Tredwell,1,0,,,,,,"",""
ball,2,23.1,Sri Lanka,TM Dilshan,WU Tharanga,CT Tremlett,0,0,,,,,,"",""
ball,2,23.2,Sri Lanka,TM Dilshan,WU Tharanga,CT Tremlett,0,0,,,,,,"",""
ball,2,23.3,Sri Lanka,TM Dilshan,WU Tharanga,CT Tremlett,1,0,,,,,,"",""
ball,2,23.4,Sri Lanka,WU Tharanga,TM Dilshan,CT Tremlett,0,0,,,,,,"",""
ball,2,23.5,Sri Lanka,WU Tharanga,TM Dilshan,CT Tremlett,0,0,,,,,,"",""
ball,2,23.6,Sri Lanka,WU Tharanga,TM Dilshan,CT Tremlett,0,1,,,,1,,"",""
ball,2,24.1,Sri Lanka,WU Tharanga,TM Dilshan,RS Bopara,4,0,,,,,,"",""
ball,2,24.2,Sri Lanka,WU Tharanga,TM Dilshan,RS Bopara,0,0,,,,,,"",""
ball,2,24.3,Sri Lanka,WU Tharanga,TM Dilshan,RS Bopara,0,0,,,,,,"",""
ball,2,24.4,Sri Lanka,WU Tharanga,TM Dilshan,RS Bopara,0,0,,,,,,"",""
ball,2,24.5,Sri Lanka,WU Tharanga,TM Dilshan,RS Bopara,1,0,,,,,,"",""
ball,2,24.6,Sri Lanka,TM Dilshan,WU Tharanga,RS Bopara,0,0,,,,,,"",""
ball,2,25.1,Sri Lanka,WU Tharanga,TM Dilshan,CT Tremlett,0,0,,,,,,"",""
ball,2,25.2,Sri Lanka,WU Tharanga,TM Dilshan,CT Tremlett,0,0,,,,,,"",""
ball,2,25.3,Sri Lanka,WU Tharanga,TM Dilshan,CT Tremlett,1,0,,,,,,"",""
ball,2,25.4,Sri Lanka,TM Dilshan,WU Tharanga,CT Tremlett,0,0,,,,,,"",""
ball,2,25.5,Sri Lanka,TM Dilshan,WU Tharanga,CT Tremlett,1,0,,,,,,"",""
ball,2,25.6,Sri Lanka,WU Tharanga,TM Dilshan,CT Tremlett,0,0,,,,,,"",""
ball,2,26.1,Sri Lanka,TM Dilshan,WU Tharanga,RS Bopara,0,0,,,,,,"",""
ball,2,26.2,Sri Lanka,TM Dilshan,WU Tharanga,RS Bopara,0,0,,,,,,"",""
ball,2,26.3,Sri Lanka,TM Dilshan,WU Tharanga,RS Bopara,0,0,,,,,,"",""
ball,2,26.4,Sri Lanka,TM Dilshan,WU Tharanga,RS Bopara,0,0,,,,,,"",""
ball,2,26.5,Sri Lanka,TM Dilshan,WU Tharanga,RS Bopara,0,1,,,1,,,"",""
ball,2,26.6,Sri Lanka,WU Tharanga,TM Dilshan,RS Bopara,0,0,,,,,,"",""
ball,2,27.1,Sri Lanka,TM Dilshan,WU Tharanga,CT Tremlett,1,0,,,,,,"",""
ball,2,27.2,Sri Lanka,WU Tharanga,TM Dilshan,CT Tremlett,0,0,,,,,,"",""
ball,2,27.3,Sri Lanka,WU Tharanga,TM Dilshan,CT Tremlett,1,0,,,,,,"",""
ball,2,27.4,Sri Lanka,TM Dilshan,WU Tharanga,CT Tremlett,0,0,,,,,,"",""
ball,2,27.5,Sri Lanka,TM Dilshan,WU Tharanga,CT Tremlett,1,0,,,,,,"",""
ball,2,27.6,Sri Lanka,WU Tharanga,TM Dilshan,CT Tremlett,2,0,,,,,,"",""
ball,2,28.1,Sri Lanka,TM Dilshan,WU Tharanga,RS Bopara,4,0,,,,,,"",""
ball,2,28.2,Sri Lanka,TM Dilshan,WU Tharanga,RS Bopara,0,0,,,,,,"",""
ball,2,28.3,Sri Lanka,TM Dilshan,WU Tharanga,RS Bopara,1,0,,,,,,"",""
ball,2,28.4,Sri Lanka,WU Tharanga,TM Dilshan,RS Bopara,0,0,,,,,,"",""
ball,2,28.5,Sri Lanka,WU Tharanga,TM Dilshan,RS Bopara,0,0,,,,,,"",""
ball,2,28.6,Sri Lanka,WU Tharanga,TM Dilshan,RS Bopara,0,1,,,,1,,"",""
ball,2,29.1,Sri Lanka,WU Tharanga,TM Dilshan,TT Bresnan,1,0,,,,,,"",""
ball,2,29.2,Sri Lanka,TM Dilshan,WU Tharanga,TT Bresnan,2,0,,,,,,"",""
ball,2,29.3,Sri Lanka,TM Dilshan,WU Tharanga,TT Bresnan,0,0,,,,,,"",""
ball,2,29.4,Sri Lanka,TM Dilshan,WU Tharanga,TT Bresnan,1,0,,,,,,"",""
ball,2,29.5,Sri Lanka,WU Tharanga,TM Dilshan,TT Bresnan,0,0,,,,,,"",""
ball,2,29.6,Sri Lanka,WU Tharanga,TM Dilshan,TT Bresnan,1,0,,,,,,"",""
ball,2,30.1,Sri Lanka,WU Tharanga,TM Dilshan,JC Tredwell,1,0,,,,,,"",""
ball,2,30.2,Sri Lanka,TM Dilshan,WU Tharanga,JC Tredwell,4,0,,,,,,"",""
ball,2,30.3,Sri Lanka,TM Dilshan,WU Tharanga,JC Tredwell,4,0,,,,,,"",""
ball,2,30.4,Sri Lanka,TM Dilshan,WU Tharanga,JC Tredwell,0,0,,,,,,"",""
ball,2,30.5,Sri Lanka,TM Dilshan,WU Tharanga,JC Tredwell,1,0,,,,,,"",""
ball,2,30.6,Sri Lanka,WU Tharanga,TM Dilshan,JC Tredwell,4,0,,,,,,"",""
ball,2,31.1,Sri Lanka,TM Dilshan,WU Tharanga,TT Bresnan,1,0,,,,,,"",""
ball,2,31.2,Sri Lanka,WU Tharanga,TM Dilshan,TT Bresnan,0,0,,,,,,"",""
ball,2,31.3,Sri Lanka,WU Tharanga,TM Dilshan,TT Bresnan,4,0,,,,,,"",""
ball,2,31.4,Sri Lanka,WU Tharanga,TM Dilshan,TT Bresnan,0,0,,,,,,"",""
ball,2,31.5,Sri Lanka,WU Tharanga,TM Dilshan,TT Bresnan,0,0,,,,,,"",""
ball,2,31.6,Sri Lanka,WU Tharanga,TM Dilshan,TT Bresnan,2,0,,,,,,"",""
ball,2,32.1,Sri Lanka,TM Dilshan,WU Tharanga,LJ Wright,0,0,,,,,,"",""
ball,2,32.2,Sri Lanka,TM Dilshan,WU Tharanga,LJ Wright,1,0,,,,,,"",""
ball,2,32.3,Sri Lanka,WU Tharanga,TM Dilshan,LJ Wright,4,0,,,,,,"",""
ball,2,32.4,Sri Lanka,WU Tharanga,TM Dilshan,LJ Wright,1,0,,,,,,"",""
ball,2,32.5,Sri Lanka,TM Dilshan,WU Tharanga,LJ Wright,0,0,,,,,,"",""
ball,2,32.6,Sri Lanka,TM Dilshan,WU Tharanga,LJ Wright,1,0,,,,,,"",""
ball,2,33.1,Sri Lanka,TM Dilshan,WU Tharanga,TT Bresnan,0,0,,,,,,"",""
ball,2,33.2,Sri Lanka,TM Dilshan,WU Tharanga,TT Bresnan,1,0,,,,,,"",""
ball,2,33.3,Sri Lanka,WU Tharanga,TM Dilshan,TT Bresnan,4,0,,,,,,"",""
ball,2,33.4,Sri Lanka,WU Tharanga,TM Dilshan,TT Bresnan,1,0,,,,,,"",""
ball,2,33.5,Sri Lanka,TM Dilshan,WU Tharanga,TT Bresnan,1,0,,,,,,"",""
ball,2,33.6,Sri Lanka,WU Tharanga,TM Dilshan,TT Bresnan,0,0,,,,,,"",""
ball,2,34.1,Sri Lanka,TM Dilshan,WU Tharanga,GP Swann,6,0,,,,,,"",""
ball,2,34.2,Sri Lanka,TM Dilshan,WU Tharanga,GP Swann,0,0,,,,,,"",""
ball,2,34.3,Sri Lanka,TM Dilshan,WU Tharanga,GP Swann,1,0,,,,,,"",""
ball,2,34.4,Sri Lanka,WU Tharanga,TM Dilshan,GP Swann,1,0,,,,,,"",""
ball,2,34.5,Sri Lanka,TM Dilshan,WU Tharanga,GP Swann,0,0,,,,,,"",""
ball,2,34.6,Sri Lanka,TM Dilshan,WU Tharanga,GP Swann,2,0,,,,,,"",""
ball,2,35.1,Sri Lanka,WU Tharanga,TM Dilshan,CT Tremlett,1,0,,,,,,"",""
ball,2,35.2,Sri Lanka,TM Dilshan,WU Tharanga,CT Tremlett,1,0,,,,,,"",""
ball,2,35.3,Sri Lanka,WU Tharanga,TM Dilshan,CT Tremlett,1,0,,,,,,"",""
ball,2,35.4,Sri Lanka,TM Dilshan,WU Tharanga,CT Tremlett,1,0,,,,,,"",""
ball,2,35.5,Sri Lanka,WU Tharanga,TM Dilshan,CT Tremlett,2,0,,,,,,"",""
ball,2,35.6,Sri Lanka,WU Tharanga,TM Dilshan,CT Tremlett,0,0,,,,,,"",""
ball,2,36.1,Sri Lanka,TM Dilshan,WU Tharanga,GP Swann,1,0,,,,,,"",""
ball,2,36.2,Sri Lanka,WU Tharanga,TM Dilshan,GP Swann,1,0,,,,,,"",""
ball,2,36.3,Sri Lanka,TM Dilshan,WU Tharanga,GP Swann,0,0,,,,,,"",""
ball,2,36.4,Sri Lanka,TM Dilshan,WU Tharanga,GP Swann,2,0,,,,,,"",""
ball,2,36.5,Sri Lanka,TM Dilshan,WU Tharanga,GP Swann,4,0,,,,,,"",""
ball,2,36.6,Sri Lanka,TM Dilshan,WU Tharanga,GP Swann,1,0,,,,,,"",""
ball,2,37.1,Sri Lanka,TM Dilshan,WU Tharanga,CT Tremlett,1,0,,,,,,"",""
ball,2,37.2,Sri Lanka,WU Tharanga,TM Dilshan,CT Tremlett,4,0,,,,,,"",""
ball,2,37.3,Sri Lanka,WU Tharanga,TM Dilshan,CT Tremlett,0,0,,,,,,"",""
ball,2,37.4,Sri Lanka,WU Tharanga,TM Dilshan,CT Tremlett,1,0,,,,,,"",""
ball,2,37.5,Sri Lanka,TM Dilshan,WU Tharanga,CT Tremlett,1,0,,,,,,"",""
ball,2,37.6,Sri Lanka,WU Tharanga,TM Dilshan,CT Tremlett,0,2,2,,,,,"",""
ball,2,37.7,Sri Lanka,TM Dilshan,WU Tharanga,CT Tremlett,0,0,,,,,,"",""
ball,2,38.1,Sri Lanka,WU Tharanga,TM Dilshan,GP Swann,1,0,,,,,,"",""
ball,2,38.2,Sri Lanka,TM Dilshan,WU Tharanga,GP Swann,1,0,,,,,,"",""
ball,2,38.3,Sri Lanka,WU Tharanga,TM Dilshan,GP Swann,1,0,,,,,,"",""
ball,2,38.4,Sri Lanka,TM Dilshan,WU Tharanga,GP Swann,4,0,,,,,,"",""
ball,2,38.5,Sri Lanka,TM Dilshan,WU Tharanga,GP Swann,0,0,,,,,,"",""
ball,2,38.6,Sri Lanka,TM Dilshan,WU Tharanga,GP Swann,0,0,,,,,,"",""
ball,2,39.1,Sri Lanka,WU Tharanga,TM Dilshan,CT Tremlett,0,0,,,,,,"",""
ball,2,39.2,Sri Lanka,WU Tharanga,TM Dilshan,CT Tremlett,0,0,,,,,,"",""
ball,2,39.3,Sri Lanka,WU Tharanga,TM Dilshan,CT Tremlett,4,0,,,,,,"",""
