version,1.6.0
info,balls_per_over,6
info,team,New Zealand
info,team,South Africa
info,gender,male
info,season,2010/11
info,date,2011/03/25
info,event,ICC Cricket World Cup
info,venue,Shere Bangla National Stadium
info,city,Mirpur
info,neutralvenue,true
info,toss_winner,New Zealand
info,toss_decision,bat
info,player_of_match,JDP Oram
info,umpire,Aleem Dar
info,umpire,RJ Tucker
info,reserve_umpire,NJ Llong
info,tv_umpire,HDPK Dharmasena
info,match_referee,RS Mahanama
info,winner,New Zealand
info,winner_runs,49
info,player,New Zealand,MJ Guptill
info,player,New Zealand,BB McCullum
info,player,New Zealand,JD Ryder
info,player,New Zealand,LRPL Taylor
info,player,New Zealand,SB Styris
info,player,New Zealand,KS Williamson
info,player,New Zealand,NL McCullum
info,player,New Zealand,JDP Oram
info,player,New Zealand,DL Vettori
info,player,New Zealand,LJ Woodcock
info,player,New Zealand,TG Southee
info,player,South Africa,HM Amla
info,player,South Africa,GC Smith
info,player,South Africa,JH Kallis
info,player,South Africa,AB de Villiers
info,player,South Africa,JP Duminy
info,player,South Africa,F du Plessis
info,player,South Africa,J Botha
info,player,South Africa,RJ Peterson
info,player,South Africa,DW Steyn
info,player,South Africa,M Morkel
info,player,South Africa,Imran Tahir
info,registry,people,AB de Villiers,c4487b84
info,registry,people,Aleem Dar,f02778d1
info,registry,people,BB McCullum,b8a55852
info,registry,people,CA Ingram,c995d726
info,registry,people,DL Vettori,d7c6af50
info,registry,people,DW Steyn,8fd1a8f5
info,registry,people,F du Plessis,3355b542
info,registry,people,GC Smith,72861603
info,registry,people,HDPK Dharmasena,323e4c16
info,registry,people,HM Amla,e798611a
info,registry,people,Imran Tahir,acee4cc4
info,registry,people,J Botha,7c503806
info,registry,people,JD Ryder,91ffa6c6
info,registry,people,JDP Oram,3eac9d95
info,registry,people,JH Kallis,86dc8f2e
info,registry,people,JM How,fd8f11e9
info,registry,people,JP Duminy,2e8994e7
info,registry,people,KS Williamson,d027ba9f
info,registry,people,LJ Woodcock,9ba59a3c
info,registry,people,LRPL Taylor,b61a3e1a
info,registry,people,M Morkel,5bb5a915
info,registry,people,MJ Guptill,2be41edb
info,registry,people,NJ Llong,573fb985
info,registry,people,NL McCullum,5673a3fc
info,registry,people,RJ Peterson,26ff4c29
info,registry,people,RJ Tucker,38810cfc
info,registry,people,RS Mahanama,57910393
info,registry,people,SB Styris,57efa3be
info,registry,people,TG Southee,13c35c9e
ball,1,0.1,New Zealand,MJ Guptill,BB McCullum,RJ Peterson,0,0,,,,,,"",""
ball,1,0.2,New Zealand,MJ Guptill,BB McCullum,RJ Peterson,0,0,,,,,,"",""
ball,1,0.3,New Zealand,MJ Guptill,BB McCullum,RJ Peterson,0,0,,,,,,"",""
ball,1,0.4,New Zealand,MJ Guptill,BB McCullum,RJ Peterson,1,0,,,,,,"",""
ball,1,0.5,New Zealand,BB McCullum,MJ Guptill,RJ Peterson,0,0,,,,,,"",""
ball,1,0.6,New Zealand,BB McCullum,MJ Guptill,RJ Peterson,1,0,,,,,,"",""
ball,1,1.1,New Zealand,BB McCullum,MJ Guptill,DW Steyn,3,0,,,,,,"",""
ball,1,1.2,New Zealand,MJ Guptill,BB McCullum,DW Steyn,0,0,,,,,,"",""
ball,1,1.3,New Zealand,MJ Guptill,BB McCullum,DW Steyn,0,0,,,,,,"",""
ball,1,1.4,New Zealand,MJ Guptill,BB McCullum,DW Steyn,0,0,,,,,,"",""
ball,1,1.5,New Zealand,MJ Guptill,BB McCullum,DW Steyn,0,0,,,,,,"",""
ball,1,1.6,New Zealand,MJ Guptill,BB McCullum,DW Steyn,0,0,,,,,,"",""
ball,1,2.1,New Zealand,BB McCullum,MJ Guptill,RJ Peterson,0,0,,,,,,caught and bowled,BB McCullum
ball,1,2.2,New Zealand,JD Ryder,MJ Guptill,RJ Peterson,0,0,,,,,,"",""
ball,1,2.3,New Zealand,JD Ryder,MJ Guptill,RJ Peterson,0,0,,,,,,"",""
ball,1,2.4,New Zealand,JD Ryder,MJ Guptill,RJ Peterson,0,0,,,,,,"",""
ball,1,2.5,New Zealand,JD Ryder,MJ Guptill,RJ Peterson,0,0,,,,,,"",""
ball,1,2.6,New Zealand,JD Ryder,MJ Guptill,RJ Peterson,1,0,,,,,,"",""
ball,1,3.1,New Zealand,JD Ryder,MJ Guptill,DW Steyn,0,0,,,,,,"",""
ball,1,3.2,New Zealand,JD Ryder,MJ Guptill,DW Steyn,0,0,,,,,,"",""
ball,1,3.3,New Zealand,JD Ryder,MJ Guptill,DW Steyn,0,1,1,,,,,"",""
ball,1,3.4,New Zealand,JD Ryder,MJ Guptill,DW Steyn,4,0,,,,,,"",""
ball,1,3.5,New Zealand,JD Ryder,MJ Guptill,DW Steyn,0,0,,,,,,"",""
ball,1,3.6,New Zealand,JD Ryder,MJ Guptill,DW Steyn,3,0,,,,,,"",""
ball,1,3.7,New Zealand,MJ Guptill,JD Ryder,DW Steyn,0,0,,,,,,"",""
ball,1,4.1,New Zealand,JD Ryder,MJ Guptill,J Botha,0,0,,,,,,"",""
ball,1,4.2,New Zealand,JD Ryder,MJ Guptill,J Botha,0,0,,,,,,"",""
ball,1,4.3,New Zealand,JD Ryder,MJ Guptill,J Botha,0,0,,,,,,"",""
ball,1,4.4,New Zealand,JD Ryder,MJ Guptill,J Botha,0,0,,,,,,"",""
ball,1,4.5,New Zealand,JD Ryder,MJ Guptill,J Botha,0,0,,,,,,"",""
ball,1,4.6,New Zealand,JD Ryder,MJ Guptill,J Botha,1,0,,,,,,"",""
ball,1,5.1,New Zealand,JD Ryder,MJ Guptill,DW Steyn,0,0,,,,,,"",""
ball,1,5.2,New Zealand,JD Ryder,MJ Guptill,DW Steyn,1,0,,,,,,"",""
ball,1,5.3,New Zealand,MJ Guptill,JD Ryder,DW Steyn,0,0,,,,,,"",""
ball,1,5.4,New Zealand,MJ Guptill,JD Ryder,DW Steyn,0,0,,,,,,"",""
ball,1,5.5,New Zealand,MJ Guptill,JD Ryder,DW Steyn,0,0,,,,,,"",""
ball,1,5.6,New Zealand,MJ Guptill,JD Ryder,DW Steyn,0,0,,,,,,caught,MJ Guptill
ball,1,6.1,New Zealand,LRPL Taylor,JD Ryder,J Botha,0,0,,,,,,"",""
ball,1,6.2,New Zealand,LRPL Taylor,JD Ryder,J Botha,0,0,,,,,,"",""
ball,1,6.3,New Zealand,LRPL Taylor,JD Ryder,J Botha,1,0,,,,,,"",""
ball,1,6.4,New Zealand,JD Ryder,LRPL Taylor,J Botha,0,0,,,,,,"",""
ball,1,6.5,New Zealand,JD Ryder,LRPL Taylor,J Botha,0,0,,,,,,"",""
ball,1,6.6,New Zealand,JD Ryder,LRPL Taylor,J Botha,0,0,,,,,,"",""
ball,1,7.1,New Zealand,LRPL Taylor,JD Ryder,M Morkel,0,0,,,,,,"",""
ball,1,7.2,New Zealand,LRPL Taylor,JD Ryder,M Morkel,1,0,,,,,,"",""
ball,1,7.3,New Zealand,JD Ryder,LRPL Taylor,M Morkel,0,0,,,,,,"",""
ball,1,7.4,New Zealand,JD Ryder,LRPL Taylor,M Morkel,4,0,,,,,,"",""
ball,1,7.5,New Zealand,JD Ryder,LRPL Taylor,M Morkel,0,0,,,,,,"",""
ball,1,7.6,New Zealand,JD Ryder,LRPL Taylor,M Morkel,2,0,,,,,,"",""
ball,1,8.1,New Zealand,LRPL Taylor,JD Ryder,J Botha,0,0,,,,,,"",""
ball,1,8.2,New Zealand,LRPL Taylor,JD Ryder,J Botha,1,0,,,,,,"",""
ball,1,8.3,New Zealand,JD Ryder,LRPL Taylor,J Botha,0,0,,,,,,"",""
ball,1,8.4,New Zealand,JD Ryder,LRPL Taylor,J Botha,0,1,1,,,,,"",""
ball,1,8.5,New Zealand,JD Ryder,LRPL Taylor,J Botha,1,0,,,,,,"",""
ball,1,8.6,New Zealand,LRPL Taylor,JD Ryder,J Botha,0,0,,,,,,"",""
ball,1,8.7,New Zealand,LRPL Taylor,JD Ryder,J Botha,0,0,,,,,,"",""
ball,1,9.1,New Zealand,JD Ryder,LRPL Taylor,M Morkel,0,0,,,,,,"",""
ball,1,9.2,New Zealand,JD Ryder,LRPL Taylor,M Morkel,0,0,,,,,,"",""
ball,1,9.3,New Zealand,JD Ryder,LRPL Taylor,M Morkel,4,0,,,,,,"",""
ball,1,9.4,New Zealand,JD Ryder,LRPL Taylor,M Morkel,0,0,,,,,,"",""
ball,1,9.5,New Zealand,JD Ryder,LRPL Taylor,M Morkel,0,0,,,,,,"",""
ball,1,9.6,New Zealand,JD Ryder,LRPL Taylor,M Morkel,3,0,,,,,,"",""
ball,1,10.1,New Zealand,JD Ryder,LRPL Taylor,J Botha,0,0,,,,,,"",""
ball,1,10.2,New Zealand,JD Ryder,LRPL Taylor,J Botha,1,0,,,,,,"",""
ball,1,10.3,New Zealand,LRPL Taylor,JD Ryder,J Botha,0,0,,,,,,"",""
ball,1,10.4,New Zealand,LRPL Taylor,JD Ryder,J Botha,1,0,,,,,,"",""
ball,1,10.5,New Zealand,JD Ryder,LRPL Taylor,J Botha,0,0,,,,,,"",""
ball,1,10.6,New Zealand,JD Ryder,LRPL Taylor,J Botha,0,0,,,,,,"",""
ball,1,11.1,New Zealand,LRPL Taylor,JD Ryder,RJ Peterson,0,0,,,,,,"",""
ball,1,11.2,New Zealand,LRPL Taylor,JD Ryder,RJ Peterson,0,2,,,,2,,"",""
ball,1,11.3,New Zealand,LRPL Taylor,JD Ryder,RJ Peterson,1,0,,,,,,"",""
ball,1,11.4,New Zealand,JD Ryder,LRPL Taylor,RJ Peterson,4,0,,,,,,"",""
ball,1,11.5,New Zealand,JD Ryder,LRPL Taylor,RJ Peterson,0,0,,,,,,"",""
ball,1,11.6,New Zealand,JD Ryder,LRPL Taylor,RJ Peterson,4,0,,,,,,"",""
ball,1,12.1,New Zealand,LRPL Taylor,JD Ryder,Imran Tahir,1,0,,,,,,"",""
ball,1,12.2,New Zealand,JD Ryder,LRPL Taylor,Imran Tahir,0,0,,,,,,"",""
ball,1,12.3,New Zealand,JD Ryder,LRPL Taylor,Imran Tahir,1,0,,,,,,"",""
ball,1,12.4,New Zealand,LRPL Taylor,JD Ryder,Imran Tahir,0,0,,,,,,"",""
ball,1,12.5,New Zealand,LRPL Taylor,JD Ryder,Imran Tahir,1,0,,,,,,"",""
ball,1,12.6,New Zealand,JD Ryder,LRPL Taylor,Imran Tahir,0,0,,,,,,"",""
ball,1,13.1,New Zealand,LRPL Taylor,JD Ryder,RJ Peterson,0,0,,,,,,"",""
ball,1,13.2,New Zealand,LRPL Taylor,JD Ryder,RJ Peterson,0,0,,,,,,"",""
ball,1,13.3,New Zealand,LRPL Taylor,JD Ryder,RJ Peterson,1,0,,,,,,"",""
ball,1,13.4,New Zealand,JD Ryder,LRPL Taylor,RJ Peterson,0,0,,,,,,"",""
ball,1,13.5,New Zealand,JD Ryder,LRPL Taylor,RJ Peterson,1,0,,,,,,"",""
ball,1,13.6,New Zealand,LRPL Taylor,JD Ryder,RJ Peterson,1,0,,,,,,"",""
ball,1,14.1,New Zealand,LRPL Taylor,JD Ryder,Imran Tahir,2,0,,,,,,"",""
ball,1,14.2,New Zealand,LRPL Taylor,JD Ryder,Imran Tahir,1,0,,,,,,"",""
ball,1,14.3,New Zealand,JD Ryder,LRPL Taylor,Imran Tahir,0,0,,,,,,"",""
ball,1,14.4,New Zealand,JD Ryder,LRPL Taylor,Imran Tahir,1,0,,,,,,"",""
ball,1,14.5,New Zealand,LRPL Taylor,JD Ryder,Imran Tahir,0,0,,,,,,"",""
ball,1,14.6,New Zealand,LRPL Taylor,JD Ryder,Imran Tahir,0,0,,,,,,"",""
ball,1,15.1,New Zealand,JD Ryder,LRPL Taylor,M Morkel,0,0,,,,,,"",""
ball,1,15.2,New Zealand,JD Ryder,LRPL Taylor,M Morkel,0,0,,,,,,"",""
ball,1,15.3,New Zealand,JD Ryder,LRPL Taylor,M Morkel,0,0,,,,,,"",""
ball,1,15.4,New Zealand,JD Ryder,LRPL Taylor,M Morkel,0,0,,,,,,"",""
ball,1,15.5,New Zealand,JD Ryder,LRPL Taylor,M Morkel,0,0,,,,,,"",""
ball,1,15.6,New Zealand,JD Ryder,LRPL Taylor,M Morkel,1,0,,,,,,"",""
ball,1,16.1,New Zealand,JD Ryder,LRPL Taylor,Imran Tahir,0,0,,,,,,"",""
ball,1,16.2,New Zealand,JD Ryder,LRPL Taylor,Imran Tahir,1,0,,,,,,"",""
ball,1,16.3,New Zealand,LRPL Taylor,JD Ryder,Imran Tahir,1,0,,,,,,"",""
ball,1,16.4,New Zealand,JD Ryder,LRPL Taylor,Imran Tahir,0,0,,,,,,"",""
ball,1,16.5,New Zealand,JD Ryder,LRPL Taylor,Imran Tahir,0,0,,,,,,"",""
ball,1,16.6,New Zealand,JD Ryder,LRPL Taylor,Imran Tahir,1,0,,,,,,"",""
ball,1,17.1,New Zealand,JD Ryder,LRPL Taylor,M Morkel,0,0,,,,,,"",""
ball,1,17.2,New Zealand,JD Ryder,LRPL Taylor,M Morkel,2,0,,,,,,"",""
ball,1,17.3,New Zealand,JD Ryder,LRPL Taylor,M Morkel,1,0,,,,,,"",""
ball,1,17.4,New Zealand,LRPL Taylor,JD Ryder,M Morkel,1,0,,,,,,"",""
ball,1,17.5,New Zealand,JD Ryder,LRPL Taylor,M Morkel,4,0,,,,,,"",""
ball,1,17.6,New Zealand,JD Ryder,LRPL Taylor,M Morkel,0,0,,,,,,"",""
ball,1,18.1,New Zealand,LRPL Taylor,JD Ryder,J Botha,0,0,,,,,,"",""
ball,1,18.2,New Zealand,LRPL Taylor,JD Ryder,J Botha,0,0,,,,,,"",""
ball,1,18.3,New Zealand,LRPL Taylor,JD Ryder,J Botha,4,0,,,,,,"",""
ball,1,18.4,New Zealand,LRPL Taylor,JD Ryder,J Botha,1,0,,,,,,"",""
ball,1,18.5,New Zealand,JD Ryder,LRPL Taylor,J Botha,1,0,,,,,,"",""
ball,1,18.6,New Zealand,LRPL Taylor,JD Ryder,J Botha,0,0,,,,,,"",""
ball,1,19.1,New Zealand,JD Ryder,LRPL Taylor,JH Kallis,1,0,,,,,,"",""
ball,1,19.2,New Zealand,LRPL Taylor,JD Ryder,JH Kallis,0,0,,,,,,"",""
ball,1,19.3,New Zealand,LRPL Taylor,JD Ryder,JH Kallis,0,0,,,,,,"",""
ball,1,19.4,New Zealand,LRPL Taylor,JD Ryder,JH Kallis,0,0,,,,,,"",""
ball,1,19.5,New Zealand,LRPL Taylor,JD Ryder,JH Kallis,0,0,,,,,,"",""
ball,1,19.6,New Zealand,LRPL Taylor,JD Ryder,JH Kallis,1,0,,,,,,"",""
ball,1,20.1,New Zealand,LRPL Taylor,JD Ryder,J Botha,1,0,,,,,,"",""
ball,1,20.2,New Zealand,JD Ryder,LRPL Taylor,J Botha,0,0,,,,,,"",""
ball,1,20.3,New Zealand,JD Ryder,LRPL Taylor,J Botha,0,0,,,,,,"",""
ball,1,20.4,New Zealand,JD Ryder,LRPL Taylor,J Botha,0,0,,,,,,"",""
ball,1,20.5,New Zealand,JD Ryder,LRPL Taylor,J Botha,1,0,,,,,,"",""
ball,1,20.6,New Zealand,LRPL Taylor,JD Ryder,J Botha,1,0,,,,,,"",""
ball,1,21.1,New Zealand,LRPL Taylor,JD Ryder,JH Kallis,0,0,,,,,,"",""
ball,1,21.2,New Zealand,LRPL Taylor,JD Ryder,JH Kallis,0,0,,,,,,"",""
ball,1,21.3,New Zealand,LRPL Taylor,JD Ryder,JH Kallis,1,0,,,,,,"",""
ball,1,21.4,New Zealand,JD Ryder,LRPL Taylor,JH Kallis,1,0,,,,,,"",""
ball,1,21.5,New Zealand,LRPL Taylor,JD Ryder,JH Kallis,1,0,,,,,,"",""
ball,1,21.6,New Zealand,JD Ryder,LRPL Taylor,JH Kallis,1,0,,,,,,"",""
ball,1,22.1,New Zealand,JD Ryder,LRPL Taylor,J Botha,1,0,,,,,,"",""
ball,1,22.2,New Zealand,LRPL Taylor,JD Ryder,J Botha,0,0,,,,,,"",""
ball,1,22.3,New Zealand,LRPL Taylor,JD Ryder,J Botha,0,0,,,,,,"",""
ball,1,22.4,New Zealand,LRPL Taylor,JD Ryder,J Botha,0,0,,,,,,"",""
ball,1,22.5,New Zealand,LRPL Taylor,JD Ryder,J Botha,1,0,,,,,,"",""
ball,1,22.6,New Zealand,JD Ryder,LRPL Taylor,J Botha,1,0,,,,,,"",""
ball,1,23.1,New Zealand,JD Ryder,LRPL Taylor,JH Kallis,0,0,,,,,,"",""
ball,1,23.2,New Zealand,JD Ryder,LRPL Taylor,JH Kallis,0,0,,,,,,"",""
ball,1,23.3,New Zealand,JD Ryder,LRPL Taylor,JH Kallis,0,0,,,,,,"",""
ball,1,23.4,New Zealand,JD Ryder,LRPL Taylor,JH Kallis,0,0,,,,,,"",""
ball,1,23.5,New Zealand,JD Ryder,LRPL Taylor,JH Kallis,0,0,,,,,,"",""
ball,1,23.6,New Zealand,JD Ryder,LRPL Taylor,JH Kallis,0,1,,,,1,,"",""
ball,1,24.1,New Zealand,JD Ryder,LRPL Taylor,JP Duminy,1,0,,,,,,"",""
ball,1,24.2,New Zealand,LRPL Taylor,JD Ryder,JP Duminy,0,0,,,,,,"",""
ball,1,24.3,New Zealand,LRPL Taylor,JD Ryder,JP Duminy,0,0,,,,,,"",""
ball,1,24.4,New Zealand,LRPL Taylor,JD Ryder,JP Duminy,1,0,,,,,,"",""
ball,1,24.5,New Zealand,JD Ryder,LRPL Taylor,JP Duminy,2,0,,,,,,"",""
ball,1,24.6,New Zealand,JD Ryder,LRPL Taylor,JP Duminy,0,0,,,,,,"",""
ball,1,25.1,New Zealand,LRPL Taylor,JD Ryder,DW Steyn,1,0,,,,,,"",""
ball,1,25.2,New Zealand,JD Ryder,LRPL Taylor,DW Steyn,0,0,,,,,,"",""
ball,1,25.3,New Zealand,JD Ryder,LRPL Taylor,DW Steyn,0,0,,,,,,"",""
ball,1,25.4,New Zealand,JD Ryder,LRPL Taylor,DW Steyn,0,0,,,,,,"",""
ball,1,25.5,New Zealand,JD Ryder,LRPL Taylor,DW Steyn,0,0,,,,,,"",""
ball,1,25.6,New Zealand,JD Ryder,LRPL Taylor,DW Steyn,0,0,,,,,,"",""
ball,1,26.1,New Zealand,LRPL Taylor,JD Ryder,JP Duminy,1,0,,,,,,"",""
ball,1,26.2,New Zealand,JD Ryder,LRPL Taylor,JP Duminy,0,1,1,,,,,"",""
ball,1,26.3,New Zealand,JD Ryder,LRPL Taylor,JP Duminy,1,0,,,,,,"",""
ball,1,26.4,New Zealand,LRPL Taylor,JD Ryder,JP Duminy,0,0,,,,,,"",""
ball,1,26.5,New Zealand,LRPL Taylor,JD Ryder,JP Duminy,1,0,,,,,,"",""
ball,1,26.6,New Zealand,JD Ryder,LRPL Taylor,JP Duminy,1,0,,,,,,"",""
ball,1,26.7,New Zealand,LRPL Taylor,JD Ryder,JP Duminy,0,0,,,,,,"",""
ball,1,27.1,New Zealand,JD Ryder,LRPL Taylor,DW Steyn,4,0,,,,,,"",""
ball,1,27.2,New Zealand,JD Ryder,LRPL Taylor,DW Steyn,0,0,,,,,,"",""
ball,1,27.3,New Zealand,JD Ryder,LRPL Taylor,DW Steyn,0,0,,,,,,"",""
ball,1,27.4,New Zealand,JD Ryder,LRPL Taylor,DW Steyn,2,0,,,,,,"",""
ball,1,27.5,New Zealand,JD Ryder,LRPL Taylor,DW Steyn,0,0,,,,,,"",""
ball,1,27.6,New Zealand,JD Ryder,LRPL Taylor,DW Steyn,0,0,,,,,,"",""
ball,1,28.1,New Zealand,LRPL Taylor,JD Ryder,Imran Tahir,0,0,,,,,,"",""
ball,1,28.2,New Zealand,LRPL Taylor,JD Ryder,Imran Tahir,1,0,,,,,,"",""
ball,1,28.3,New Zealand,JD Ryder,LRPL Taylor,Imran Tahir,0,0,,,,,,"",""
ball,1,28.4,New Zealand,JD Ryder,LRPL Taylor,Imran Tahir,0,0,,,,,,"",""
ball,1,28.5,New Zealand,JD Ryder,LRPL Taylor,Imran Tahir,1,0,,,,,,"",""
ball,1,28.6,New Zealand,LRPL Taylor,JD Ryder,Imran Tahir,2,0,,,,,,"",""
ball,1,29.1,New Zealand,JD Ryder,LRPL Taylor,RJ Peterson,4,0,,,,,,"",""
ball,1,29.2,New Zealand,JD Ryder,LRPL Taylor,RJ Peterson,1,0,,,,,,"",""
ball,1,29.3,New Zealand,LRPL Taylor,JD Ryder,RJ Peterson,1,0,,,,,,"",""
ball,1,29.4,New Zealand,JD Ryder,LRPL Taylor,RJ Peterson,1,0,,,,,,"",""
ball,1,29.5,New Zealand,LRPL Taylor,JD Ryder,RJ Peterson,0,0,,,,,,"",""
ball,1,29.6,New Zealand,LRPL Taylor,JD Ryder,RJ Peterson,1,0,,,,,,"",""
ball,1,30.1,New Zealand,LRPL Taylor,JD Ryder,Imran Tahir,0,0,,,,,,"",""
ball,1,30.2,New Zealand,LRPL Taylor,JD Ryder,Imran Tahir,0,0,,,,,,"",""
ball,1,30.3,New Zealand,LRPL Taylor,JD Ryder,Imran Tahir,0,0,,,,,,"",""
ball,1,30.4,New Zealand,LRPL Taylor,JD Ryder,Imran Tahir,1,0,,,,,,"",""
ball,1,30.5,New Zealand,JD Ryder,LRPL Taylor,Imran Tahir,1,0,,,,,,"",""
ball,1,30.6,New Zealand,LRPL Taylor,JD Ryder,Imran Tahir,0,0,,,,,,"",""
ball,1,31.1,New Zealand,JD Ryder,LRPL Taylor,RJ Peterson,1,0,,,,,,"",""
ball,1,31.2,New Zealand,LRPL Taylor,JD Ryder,RJ Peterson,6,0,,,,,,"",""
ball,1,31.3,New Zealand,LRPL Taylor,JD Ryder,RJ Peterson,1,0,,,,,,"",""
ball,1,31.4,New Zealand,JD Ryder,LRPL Taylor,RJ Peterson,2,0,,,,,,"",""
ball,1,31.5,New Zealand,JD Ryder,LRPL Taylor,RJ Peterson,0,0,,,,,,"",""
ball,1,31.6,New Zealand,JD Ryder,LRPL Taylor,RJ Peterson,0,0,,,,,,"",""
ball,1,32.1,New Zealand,LRPL Taylor,JD Ryder,Imran Tahir,1,0,,,,,,"",""
ball,1,32.2,New Zealand,JD Ryder,LRPL Taylor,Imran Tahir,0,0,,,,,,"",""
ball,1,32.3,New Zealand,JD Ryder,LRPL Taylor,Imran Tahir,1,0,,,,,,"",""
ball,1,32.4,New Zealand,LRPL Taylor,JD Ryder,Imran Tahir,0,0,,,,,,"",""
ball,1,32.5,New Zealand,LRPL Taylor,JD Ryder,Imran Tahir,0,0,,,,,,"",""
ball,1,32.6,New Zealand,LRPL Taylor,JD Ryder,Imran Tahir,0,0,,,,,,caught,LRPL Taylor
ball,1,33.1,New Zealand,JD Ryder,SB Styris,RJ Peterson,0,0,,,,,,"",""
ball,1,33.2,New Zealand,JD Ryder,SB Styris,RJ Peterson,2,0,,,,,,"",""
ball,1,33.3,New Zealand,JD Ryder,SB Styris,RJ Peterson,1,0,,,,,,"",""
ball,1,33.4,New Zealand,SB Styris,JD Ryder,RJ Peterson,1,0,,,,,,"",""
ball,1,33.5,New Zealand,JD Ryder,SB Styris,RJ Peterson,1,0,,,,,,"",""
ball,1,33.6,New Zealand,SB Styris,JD Ryder,RJ Peterson,0,0,,,,,,"",""
ball,1,34.1,New Zealand,JD Ryder,SB Styris,J Botha,1,0,,,,,,"",""
ball,1,34.2,New Zealand,SB Styris,JD Ryder,J Botha,1,0,,,,,,"",""
ball,1,34.3,New Zealand,JD Ryder,SB Styris,J Botha,0,0,,,,,,"",""
ball,1,34.4,New Zealand,JD Ryder,SB Styris,J Botha,1,0,,,,,,"",""
ball,1,34.5,New Zealand,SB Styris,JD Ryder,J Botha,0,0,,,,,,"",""
ball,1,34.6,New Zealand,SB Styris,JD Ryder,J Botha,1,0,,,,,,"",""
ball,1,35.1,New Zealand,SB Styris,JD Ryder,M Morkel,4,0,,,,,,"",""
ball,1,35.2,New Zealand,SB Styris,JD Ryder,M Morkel,0,0,,,,,,"",""
ball,1,35.3,New Zealand,SB Styris,JD Ryder,M Morkel,0,0,,,,,,"",""
ball,1,35.4,New Zealand,SB Styris,JD Ryder,M Morkel,4,0,,,,,,"",""
ball,1,35.5,New Zealand,SB Styris,JD Ryder,M Morkel,0,0,,,,,,"",""
ball,1,35.6,New Zealand,SB Styris,JD Ryder,M Morkel,0,0,,,,,,"",""
ball,1,36.1,New Zealand,JD Ryder,SB Styris,J Botha,1,0,,,,,,"",""
ball,1,36.2,New Zealand,SB Styris,JD Ryder,J Botha,4,0,,,,,,"",""
ball,1,36.3,New Zealand,SB Styris,JD Ryder,J Botha,0,0,,,,,,"",""
ball,1,36.4,New Zealand,SB Styris,JD Ryder,J Botha,0,0,,,,,,"",""
ball,1,36.5,New Zealand,SB Styris,JD Ryder,J Botha,1,0,,,,,,"",""
ball,1,36.6,New Zealand,JD Ryder,SB Styris,J Botha,0,0,,,,,,"",""
ball,1,37.1,New Zealand,SB Styris,JD Ryder,M Morkel,0,0,,,,,,"",""
ball,1,37.2,New Zealand,SB Styris,JD Ryder,M Morkel,0,0,,,,,,bowled,SB Styris
ball,1,37.3,New Zealand,KS Williamson,JD Ryder,M Morkel,0,0,,,,,,"",""
ball,1,37.4,New Zealand,KS Williamson,JD Ryder,M Morkel,1,0,,,,,,"",""
ball,1,37.5,New Zealand,JD Ryder,KS Williamson,M Morkel,0,0,,,,,,"",""
ball,1,37.6,New Zealand,JD Ryder,KS Williamson,M Morkel,0,0,,,,,,"",""
ball,1,38.1,New Zealand,KS Williamson,JD Ryder,Imran Tahir,0,1,1,,,,,"",""
ball,1,38.2,New Zealand,KS Williamson,JD Ryder,Imran Tahir,0,0,,,,,,"",""
ball,1,38.3,New Zealand,KS Williamson,JD Ryder,Imran Tahir,0,0,,,,,,"",""
ball,1,38.4,New Zealand,KS Williamson,JD Ryder,Imran Tahir,1,0,,,,,,"",""
ball,1,38.5,New Zealand,JD Ryder,KS Williamson,Imran Tahir,0,0,,,,,,"",""
ball,1,38.6,New Zealand,JD Ryder,KS Williamson,Imran Tahir,0,0,,,,,,caught,JD Ryder
ball,1,38.7,New Zealand,KS Williamson,NL McCullum,Imran Tahir,1,0,,,,,,"",""
ball,1,39.1,New Zealand,KS Williamson,NL McCullum,M Morkel,0,0,,,,,,"",""
ball,1,39.2,New Zealand,KS Williamson,NL McCullum,M Morkel,0,0,,,,,,"",""
ball,1,39.3,New Zealand,KS Williamson,NL McCullum,M Morkel,2,0,,,,,,"",""
ball,1,39.4,New Zealand,KS Williamson,NL McCullum,M Morkel,0,0,,,,,,"",""
ball,1,39.5,New Zealand,KS Williamson,NL McCullum,M Morkel,2,0,,,,,,"",""
ball,1,39.6,New Zealand,KS Williamson,NL McCullum,M Morkel,3,0,,,,,,"",""
ball,1,40.1,New Zealand,KS Williamson,NL McCullum,Imran Tahir,0,0,,,,,,"",""
ball,1,40.2,New Zealand,KS Williamson,NL McCullum,Imran Tahir,1,0,,,,,,"",""
ball,1,40.3,New Zealand,NL McCullum,KS Williamson,Imran Tahir,1,0,,,,,,"",""
ball,1,40.4,New Zealand,KS Williamson,NL McCullum,Imran Tahir,1,0,,,,,,"",""
ball,1,40.5,New Zealand,NL McCullum,KS Williamson,Imran Tahir,1,0,,,,,,"",""
ball,1,40.6,New Zealand,KS Williamson,NL McCullum,Imran Tahir,0,0,,,,,,"",""
ball,1,41.1,New Zealand,NL McCullum,KS Williamson,DW Steyn,0,0,,,,,,"",""
ball,1,41.2,New Zealand,NL McCullum,KS Williamson,DW Steyn,0,0,,,,,,"",""
ball,1,41.3,New Zealand,NL McCullum,KS Williamson,DW Steyn,0,0,,,,,,"",""
ball,1,41.4,New Zealand,NL McCullum,KS Williamson,DW Steyn,1,0,,,,,,"",""
ball,1,41.5,New Zealand,KS Williamson,NL McCullum,DW Steyn,0,0,,,,,,"",""
ball,1,41.6,New Zealand,KS Williamson,NL McCullum,DW Steyn,0,0,,,,,,"",""
ball,1,42.1,New Zealand,NL McCullum,KS Williamson,RJ Peterson,0,0,,,,,,"",""
ball,1,42.2,New Zealand,NL McCullum,KS Williamson,RJ Peterson,0,0,,,,,,"",""
ball,1,42.3,New Zealand,NL McCullum,KS Williamson,RJ Peterson,0,0,,,,,,"",""
ball,1,42.4,New Zealand,NL McCullum,KS Williamson,RJ Peterson,1,0,,,,,,"",""
ball,1,42.5,New Zealand,KS Williamson,NL McCullum,RJ Peterson,0,0,,,,,,"",""
ball,1,42.6,New Zealand,KS Williamson,NL McCullum,RJ Peterson,1,0,,,,,,"",""
ball,1,43.1,New Zealand,KS Williamson,NL McCullum,DW Steyn,1,0,,,,,,"",""
ball,1,43.2,New Zealand,NL McCullum,KS Williamson,DW Steyn,1,0,,,,,,"",""
ball,1,43.3,New Zealand,KS Williamson,NL McCullum,DW Steyn,1,0,,,,,,"",""
ball,1,43.4,New Zealand,NL McCullum,KS Williamson,DW Steyn,0,0,,,,,,"",""
ball,1,43.5,New Zealand,NL McCullum,KS Williamson,DW Steyn,0,0,,,,,,"",""
ball,1,43.6,New Zealand,NL McCullum,KS Williamson,DW Steyn,0,0,,,,,,"",""
ball,1,44.1,New Zealand,KS Williamson,NL McCullum,RJ Peterson,0,0,,,,,,"",""
ball,1,44.2,New Zealand,KS Williamson,NL McCullum,RJ Peterson,6,0,,,,,,"",""
ball,1,44.3,New Zealand,KS Williamson,NL McCullum,RJ Peterson,1,0,,,,,,"",""
ball,1,44.4,New Zealand,NL McCullum,KS Williamson,RJ Peterson,0,4,,,4,,,"",""
ball,1,44.5,New Zealand,NL McCullum,KS Williamson,RJ Peterson,1,0,,,,,,"",""
ball,1,44.6,New Zealand,KS Williamson,NL McCullum,RJ Peterson,1,0,,,,,,"",""
ball,1,45.1,New Zealand,KS Williamson,NL McCullum,DW Steyn,1,0,,,,,,"",""
ball,1,45.2,New Zealand,NL McCullum,KS Williamson,DW Steyn,0,0,,,,,,"",""
ball,1,45.3,New Zealand,NL McCullum,KS Williamson,DW Steyn,0,0,,,,,,caught,NL McCullum
ball,1,45.4,New Zealand,KS Williamson,JDP Oram,DW Steyn,0,0,,,,,,"",""
ball,1,45.5,New Zealand,KS Williamson,JDP Oram,DW Steyn,0,0,,,,,,"",""
ball,1,45.6,New Zealand,KS Williamson,JDP Oram,DW Steyn,1,0,,,,,,"",""
ball,1,46.1,New Zealand,KS Williamson,JDP Oram,Imran Tahir,0,0,,,,,,"",""
ball,1,46.2,New Zealand,KS Williamson,JDP Oram,Imran Tahir,0,0,,,,,,"",""
ball,1,46.3,New Zealand,KS Williamson,JDP Oram,Imran Tahir,1,0,,,,,,"",""
ball,1,46.4,New Zealand,JDP Oram,KS Williamson,Imran Tahir,0,0,,,,,,"",""
ball,1,46.5,New Zealand,JDP Oram,KS Williamson,Imran Tahir,4,0,,,,,,"",""
ball,1,46.6,New Zealand,JDP Oram,KS Williamson,Imran Tahir,2,0,,,,,,"",""
ball,1,47.1,New Zealand,KS Williamson,JDP Oram,DW Steyn,2,0,,,,,,"",""
ball,1,47.2,New Zealand,KS Williamson,JDP Oram,DW Steyn,1,0,,,,,,"",""
ball,1,47.3,New Zealand,JDP Oram,KS Williamson,DW Steyn,1,0,,,,,,"",""
ball,1,47.4,New Zealand,KS Williamson,JDP Oram,DW Steyn,2,0,,,,,,"",""
ball,1,47.5,New Zealand,KS Williamson,JDP Oram,DW Steyn,1,0,,,,,,"",""
ball,1,47.6,New Zealand,JDP Oram,KS Williamson,DW Steyn,0,1,,,,1,,"",""
ball,1,48.1,New Zealand,JDP Oram,KS Williamson,M Morkel,0,0,,,,,,bowled,JDP Oram
ball,1,48.2,New Zealand,DL Vettori,KS Williamson,M Morkel,4,0,,,,,,"",""
ball,1,48.3,New Zealand,DL Vettori,KS Williamson,M Morkel,0,0,,,,,,"",""
ball,1,48.4,New Zealand,DL Vettori,KS Williamson,M Morkel,2,0,,,,,,"",""
ball,1,48.5,New Zealand,DL Vettori,KS Williamson,M Morkel,0,0,,,,,,bowled,DL Vettori
ball,1,48.6,New Zealand,LJ Woodcock,KS Williamson,M Morkel,1,0,,,,,,"",""
ball,1,49.1,New Zealand,LJ Woodcock,KS Williamson,DW Steyn,1,0,,,,,,"",""
ball,1,49.2,New Zealand,KS Williamson,LJ Woodcock,DW Steyn,0,0,,,,,,"",""
ball,1,49.3,New Zealand,KS Williamson,LJ Woodcock,DW Steyn,2,0,,,,,,"",""
ball,1,49.4,New Zealand,KS Williamson,LJ Woodcock,DW Steyn,4,0,,,,,,"",""
ball,1,49.5,New Zealand,KS Williamson,LJ Woodcock,DW Steyn,0,0,,,,,,"",""
ball,1,49.6,New Zealand,KS Williamson,LJ Woodcock,DW Steyn,0,2,2,,,,,"",""
ball,1,49.7,New Zealand,LJ Woodcock,KS Williamson,DW Steyn,1,0,,,,,,"",""
ball,2,0.1,South Africa,HM Amla,GC Smith,NL McCullum,0,0,,,,,,"",""
ball,2,0.2,South Africa,HM Amla,GC Smith,NL McCullum,2,0,,,,,,"",""
ball,2,0.3,South Africa,HM Amla,GC Smith,NL McCullum,4,0,,,,,,"",""
ball,2,0.4,South Africa,HM Amla,GC Smith,NL McCullum,1,0,,,,,,"",""
ball,2,0.5,South Africa,GC Smith,HM Amla,NL McCullum,1,0,,,,,,"",""
ball,2,0.6,South Africa,HM Amla,GC Smith,NL McCullum,0,0,,,,,,caught,HM Amla
ball,2,1.1,South Africa,GC Smith,JH Kallis,DL Vettori,0,0,,,,,,"",""
ball,2,1.2,South Africa,GC Smith,JH Kallis,DL Vettori,0,0,,,,,,"",""
ball,2,1.3,South Africa,GC Smith,JH Kallis,DL Vettori,0,0,,,,,,"",""
ball,2,1.4,South Africa,GC Smith,JH Kallis,DL Vettori,2,0,,,,,,"",""
ball,2,1.5,South Africa,GC Smith,JH Kallis,DL Vettori,0,0,,,,,,"",""
ball,2,1.6,South Africa,GC Smith,JH Kallis,DL Vettori,0,0,,,,,,"",""
ball,2,2.1,South Africa,JH Kallis,GC Smith,NL McCullum,1,0,,,,,,"",""
ball,2,2.2,South Africa,GC Smith,JH Kallis,NL McCullum,2,0,,,,,,"",""
ball,2,2.3,South Africa,GC Smith,JH Kallis,NL McCullum,1,0,,,,,,"",""
ball,2,2.4,South Africa,JH Kallis,GC Smith,NL McCullum,1,0,,,,,,"",""
ball,2,2.5,South Africa,GC Smith,JH Kallis,NL McCullum,0,0,,,,,,"",""
ball,2,2.6,South Africa,GC Smith,JH Kallis,NL McCullum,0,0,,,,,,"",""
ball,2,3.1,South Africa,JH Kallis,GC Smith,DL Vettori,0,0,,,,,,"",""
ball,2,3.2,South Africa,JH Kallis,GC Smith,DL Vettori,2,0,,,,,,"",""
ball,2,3.3,South Africa,JH Kallis,GC Smith,DL Vettori,0,0,,,,,,"",""
ball,2,3.4,South Africa,JH Kallis,GC Smith,DL Vettori,0,0,,,,,,"",""
ball,2,3.5,South Africa,JH Kallis,GC Smith,DL Vettori,0,0,,,,,,"",""
ball,2,3.6,South Africa,JH Kallis,GC Smith,DL Vettori,1,0,,,,,,"",""
ball,2,4.1,South Africa,JH Kallis,GC Smith,NL McCullum,1,0,,,,,,"",""
ball,2,4.2,South Africa,GC Smith,JH Kallis,NL McCullum,0,0,,,,,,"",""
ball,2,4.3,South Africa,GC Smith,JH Kallis,NL McCullum,1,0,,,,,,"",""
ball,2,4.4,South Africa,JH Kallis,GC Smith,NL McCullum,0,0,,,,,,"",""
ball,2,4.5,South Africa,JH Kallis,GC Smith,NL McCullum,0,0,,,,,,"",""
ball,2,4.6,South Africa,JH Kallis,GC Smith,NL McCullum,0,0,,,,,,"",""
ball,2,5.1,South Africa,GC Smith,JH Kallis,DL Vettori,0,0,,,,,,"",""
ball,2,5.2,South Africa,GC Smith,JH Kallis,DL Vettori,1,0,,,,,,"",""
ball,2,5.3,South Africa,JH Kallis,GC Smith,DL Vettori,2,0,,,,,,"",""
ball,2,5.4,South Africa,JH Kallis,GC Smith,DL Vettori,4,0,,,,,,"",""
ball,2,5.5,South Africa,JH Kallis,GC Smith,DL Vettori,0,0,,,,,,"",""
ball,2,5.6,South Africa,JH Kallis,GC Smith,DL Vettori,0,0,,,,,,"",""
ball,2,6.1,South Africa,GC Smith,JH Kallis,TG Southee,0,0,,,,,,"",""
ball,2,6.2,South Africa,GC Smith,JH Kallis,TG Southee,1,0,,,,,,"",""
ball,2,6.3,South Africa,JH Kallis,GC Smith,TG Southee,0,0,,,,,,"",""
ball,2,6.4,South Africa,JH Kallis,GC Smith,TG Southee,0,0,,,,,,"",""
ball,2,6.5,South Africa,JH Kallis,GC Smith,TG Southee,4,0,,,,,,"",""
ball,2,6.6,South Africa,JH Kallis,GC Smith,TG Southee,1,0,,,,,,"",""
ball,2,7.1,South Africa,JH Kallis,GC Smith,DL Vettori,0,0,,,,,,"",""
ball,2,7.2,South Africa,JH Kallis,GC Smith,DL Vettori,0,0,,,,,,"",""
ball,2,7.3,South Africa,JH Kallis,GC Smith,DL Vettori,0,0,,,,,,"",""
ball,2,7.4,South Africa,JH Kallis,GC Smith,DL Vettori,0,0,,,,,,"",""
ball,2,7.5,South Africa,JH Kallis,GC Smith,DL Vettori,1,0,,,,,,"",""
ball,2,7.6,South Africa,GC Smith,JH Kallis,DL Vettori,2,0,,,,,,"",""
ball,2,8.1,South Africa,JH Kallis,GC Smith,TG Southee,1,0,,,,,,"",""
ball,2,8.2,South Africa,GC Smith,JH Kallis,TG Southee,1,0,,,,,,"",""
ball,2,8.3,South Africa,JH Kallis,GC Smith,TG Southee,1,0,,,,,,"",""
ball,2,8.4,South Africa,GC Smith,JH Kallis,TG Southee,1,0,,,,,,"",""
ball,2,8.5,South Africa,JH Kallis,GC Smith,TG Southee,4,0,,,,,,"",""
ball,2,8.6,South Africa,JH Kallis,GC Smith,TG Southee,0,0,,,,,,"",""
ball,2,9.1,South Africa,GC Smith,JH Kallis,JDP Oram,1,0,,,,,,"",""
ball,2,9.2,South Africa,JH Kallis,GC Smith,JDP Oram,1,0,,,,,,"",""
ball,2,9.3,South Africa,GC Smith,JH Kallis,JDP Oram,0,0,,,,,,"",""
ball,2,9.4,South Africa,GC Smith,JH Kallis,JDP Oram,0,0,,,,,,"",""
ball,2,9.5,South Africa,GC Smith,JH Kallis,JDP Oram,0,0,,,,,,"",""
ball,2,9.6,South Africa,GC Smith,JH Kallis,JDP Oram,4,0,,,,,,"",""
ball,2,10.1,South Africa,JH Kallis,GC Smith,TG Southee,1,0,,,,,,"",""
ball,2,10.2,South Africa,GC Smith,JH Kallis,TG Southee,1,0,,,,,,"",""
ball,2,10.3,South Africa,JH Kallis,GC Smith,TG Southee,1,0,,,,,,"",""
ball,2,10.4,South Africa,GC Smith,JH Kallis,TG Southee,1,0,,,,,,"",""
ball,2,10.5,South Africa,JH Kallis,GC Smith,TG Southee,0,0,,,,,,"",""
ball,2,10.6,South Africa,JH Kallis,GC Smith,TG Southee,0,0,,,,,,"",""
ball,2,11.1,South Africa,GC Smith,JH Kallis,JDP Oram,1,0,,,,,,"",""
ball,2,11.2,South Africa,JH Kallis,GC Smith,JDP Oram,0,0,,,,,,"",""
ball,2,11.3,South Africa,JH Kallis,GC Smith,JDP Oram,1,0,,,,,,"",""
ball,2,11.4,South Africa,GC Smith,JH Kallis,JDP Oram,1,0,,,,,,"",""
ball,2,11.5,South Africa,JH Kallis,GC Smith,JDP Oram,0,0,,,,,,"",""
ball,2,11.6,South Africa,JH Kallis,GC Smith,JDP Oram,1,0,,,,,,"",""
ball,2,12.1,South Africa,JH Kallis,GC Smith,TG Southee,0,0,,,,,,"",""
ball,2,12.2,South Africa,JH Kallis,GC Smith,TG Southee,1,0,,,,,,"",""
ball,2,12.3,South Africa,GC Smith,JH Kallis,TG Southee,0,0,,,,,,"",""
ball,2,12.4,South Africa,GC Smith,JH Kallis,TG Southee,1,0,,,,,,"",""
ball,2,12.5,South Africa,JH Kallis,GC Smith,TG Southee,0,0,,,,,,"",""
ball,2,12.6,South Africa,JH Kallis,GC Smith,TG Southee,0,0,,,,,,"",""
ball,2,13.1,South Africa,GC Smith,JH Kallis,LJ Woodcock,4,0,,,,,,"",""
ball,2,13.2,South Africa,GC Smith,JH Kallis,LJ Woodcock,1,0,,,,,,"",""
ball,2,13.3,South Africa,JH Kallis,GC Smith,LJ Woodcock,2,0,,,,,,"",""
ball,2,13.4,South Africa,JH Kallis,GC Smith,LJ Woodcock,0,0,,,,,,"",""
ball,2,13.5,South Africa,JH Kallis,GC Smith,LJ Woodcock,0,0,,,,,,"",""
ball,2,13.6,South Africa,JH Kallis,GC Smith,LJ Woodcock,1,0,,,,,,"",""
ball,2,14.1,South Africa,JH Kallis,GC Smith,JDP Oram,1,0,,,,,,"",""
ball,2,14.2,South Africa,GC Smith,JH Kallis,JDP Oram,0,0,,,,,,caught,GC Smith
ball,2,14.3,South Africa,AB de Villiers,JH Kallis,JDP Oram,0,0,,,,,,"",""
ball,2,14.4,South Africa,AB de Villiers,JH Kallis,JDP Oram,0,0,,,,,,"",""
ball,2,14.5,South Africa,AB de Villiers,JH Kallis,JDP Oram,0,0,,,,,,"",""
ball,2,14.6,South Africa,AB de Villiers,JH Kallis,JDP Oram,0,0,,,,,,"",""
ball,2,15.1,South Africa,JH Kallis,AB de Villiers,LJ Woodcock,1,0,,,,,,"",""
ball,2,15.2,South Africa,AB de Villiers,JH Kallis,LJ Woodcock,1,0,,,,,,"",""
ball,2,15.3,South Africa,JH Kallis,AB de Villiers,LJ Woodcock,0,0,,,,,,"",""
ball,2,15.4,South Africa,JH Kallis,AB de Villiers,LJ Woodcock,0,0,,,,,,"",""
ball,2,15.5,South Africa,JH Kallis,AB de Villiers,LJ Woodcock,1,0,,,,,,"",""
ball,2,15.6,South Africa,AB de Villiers,JH Kallis,LJ Woodcock,0,0,,,,,,"",""
ball,2,16.1,South Africa,JH Kallis,AB de Villiers,JDP Oram,0,0,,,,,,"",""
ball,2,16.2,South Africa,JH Kallis,AB de Villiers,JDP Oram,0,0,,,,,,"",""
ball,2,16.3,South Africa,JH Kallis,AB de Villiers,JDP Oram,2,0,,,,,,"",""
ball,2,16.4,South Africa,JH Kallis,AB de Villiers,JDP Oram,0,0,,,,,,"",""
ball,2,16.5,South Africa,JH Kallis,AB de Villiers,JDP Oram,0,0,,,,,,"",""
ball,2,16.6,South Africa,JH Kallis,AB de Villiers,JDP Oram,0,0,,,,,,"",""
ball,2,17.1,South Africa,AB de Villiers,JH Kallis,LJ Woodcock,4,0,,,,,,"",""
ball,2,17.2,South Africa,AB de Villiers,JH Kallis,LJ Woodcock,1,0,,,,,,"",""
ball,2,17.3,South Africa,JH Kallis,AB de Villiers,LJ Woodcock,1,0,,,,,,"",""
ball,2,17.4,South Africa,AB de Villiers,JH Kallis,LJ Woodcock,1,0,,,,,,"",""
ball,2,17.5,South Africa,JH Kallis,AB de Villiers,LJ Woodcock,0,0,,,,,,"",""
ball,2,17.6,South Africa,JH Kallis,AB de Villiers,LJ Woodcock,0,0,,,,,,"",""
ball,2,18.1,South Africa,AB de Villiers,JH Kallis,JDP Oram,0,0,,,,,,"",""
ball,2,18.2,South Africa,AB de Villiers,JH Kallis,JDP Oram,0,0,,,,,,"",""
ball,2,18.3,South Africa,AB de Villiers,JH Kallis,JDP Oram,0,0,,,,,,"",""
ball,2,18.4,South Africa,AB de Villiers,JH Kallis,JDP Oram,0,0,,,,,,"",""
ball,2,18.5,South Africa,AB de Villiers,JH Kallis,JDP Oram,0,0,,,,,,"",""
ball,2,18.6,South Africa,AB de Villiers,JH Kallis,JDP Oram,0,0,,,,,,"",""
ball,2,19.1,South Africa,JH Kallis,AB de Villiers,DL Vettori,1,0,,,,,,"",""
ball,2,19.2,South Africa,AB de Villiers,JH Kallis,DL Vettori,1,0,,,,,,"",""
ball,2,19.3,South Africa,JH Kallis,AB de Villiers,DL Vettori,0,0,,,,,,"",""
ball,2,19.4,South Africa,JH Kallis,AB de Villiers,DL Vettori,1,0,,,,,,"",""
ball,2,19.5,South Africa,AB de Villiers,JH Kallis,DL Vettori,2,0,,,,,,"",""
ball,2,19.6,South Africa,AB de Villiers,JH Kallis,DL Vettori,1,0,,,,,,"",""
ball,2,20.1,South Africa,AB de Villiers,JH Kallis,JDP Oram,0,0,,,,,,"",""
ball,2,20.2,South Africa,AB de Villiers,JH Kallis,JDP Oram,4,0,,,,,,"",""
ball,2,20.3,South Africa,AB de Villiers,JH Kallis,JDP Oram,0,0,,,,,,"",""
ball,2,20.4,South Africa,AB de Villiers,JH Kallis,JDP Oram,0,0,,,,,,"",""
ball,2,20.5,South Africa,AB de Villiers,JH Kallis,JDP Oram,1,0,,,,,,"",""
ball,2,20.6,South Africa,JH Kallis,AB de Villiers,JDP Oram,1,0,,,,,,"",""
ball,2,21.1,South Africa,JH Kallis,AB de Villiers,DL Vettori,0,0,,,,,,"",""
ball,2,21.2,South Africa,JH Kallis,AB de Villiers,DL Vettori,1,0,,,,,,"",""
ball,2,21.3,South Africa,AB de Villiers,JH Kallis,DL Vettori,1,0,,,,,,"",""
ball,2,21.4,South Africa,JH Kallis,AB de Villiers,DL Vettori,2,0,,,,,,"",""
ball,2,21.5,South Africa,JH Kallis,AB de Villiers,DL Vettori,0,0,,,,,,"",""
ball,2,21.6,South Africa,JH Kallis,AB de Villiers,DL Vettori,0,0,,,,,,"",""
ball,2,22.1,South Africa,AB de Villiers,JH Kallis,TG Southee,0,0,,,,,,"",""
ball,2,22.2,South Africa,AB de Villiers,JH Kallis,TG Southee,4,0,,,,,,"",""
ball,2,22.3,South Africa,AB de Villiers,JH Kallis,TG Southee,0,0,,,,,,"",""
ball,2,22.4,South Africa,AB de Villiers,JH Kallis,TG Southee,1,0,,,,,,"",""
ball,2,22.5,South Africa,JH Kallis,AB de Villiers,TG Southee,1,0,,,,,,"",""
ball,2,22.6,South Africa,AB de Villiers,JH Kallis,TG Southee,0,0,,,,,,"",""
ball,2,23.1,South Africa,JH Kallis,AB de Villiers,DL Vettori,0,0,,,,,,"",""
ball,2,23.2,South Africa,JH Kallis,AB de Villiers,DL Vettori,0,1,,,,1,,"",""
ball,2,23.3,South Africa,AB de Villiers,JH Kallis,DL Vettori,2,0,,,,,,"",""
ball,2,23.4,South Africa,AB de Villiers,JH Kallis,DL Vettori,1,0,,,,,,"",""
ball,2,23.5,South Africa,JH Kallis,AB de Villiers,DL Vettori,0,0,,,,,,"",""
ball,2,23.6,South Africa,JH Kallis,AB de Villiers,DL Vettori,1,0,,,,,,"",""
ball,2,24.1,South Africa,JH Kallis,AB de Villiers,TG Southee,0,0,,,,,,caught,JH Kallis
ball,2,24.2,South Africa,JP Duminy,AB de Villiers,TG Southee,1,0,,,,,,"",""
ball,2,24.3,South Africa,AB de Villiers,JP Duminy,TG Southee,0,0,,,,,,"",""
ball,2,24.4,South Africa,AB de Villiers,JP Duminy,TG Southee,1,0,,,,,,"",""
ball,2,24.5,South Africa,JP Duminy,AB de Villiers,TG Southee,0,0,,,,,,"",""
ball,2,24.6,South Africa,JP Duminy,AB de Villiers,TG Southee,0,0,,,,,,"",""
ball,2,25.1,South Africa,AB de Villiers,JP Duminy,NL McCullum,0,0,,,,,,"",""
ball,2,25.2,South Africa,AB de Villiers,JP Duminy,NL McCullum,1,0,,,,,,"",""
ball,2,25.3,South Africa,JP Duminy,AB de Villiers,NL McCullum,0,0,,,,,,"",""
ball,2,25.4,South Africa,JP Duminy,AB de Villiers,NL McCullum,1,0,,,,,,"",""
ball,2,25.5,South Africa,AB de Villiers,JP Duminy,NL McCullum,1,0,,,,,,"",""
ball,2,25.6,South Africa,JP Duminy,AB de Villiers,NL McCullum,0,0,,,,,,"",""
ball,2,26.1,South Africa,AB de Villiers,JP Duminy,TG Southee,1,0,,,,,,"",""
ball,2,26.2,South Africa,JP Duminy,AB de Villiers,TG Southee,0,0,,,,,,"",""
ball,2,26.3,South Africa,JP Duminy,AB de Villiers,TG Southee,0,0,,,,,,"",""
ball,2,26.4,South Africa,JP Duminy,AB de Villiers,TG Southee,1,0,,,,,,"",""
ball,2,26.5,South Africa,AB de Villiers,JP Duminy,TG Southee,4,0,,,,,,"",""
ball,2,26.6,South Africa,AB de Villiers,JP Duminy,TG Southee,1,0,,,,,,"",""
ball,2,27.1,South Africa,AB de Villiers,JP Duminy,NL McCullum,1,0,,,,,,"",""
ball,2,27.2,South Africa,JP Duminy,AB de Villiers,NL McCullum,0,0,,,,,,"",""
ball,2,27.3,South Africa,JP Duminy,AB de Villiers,NL McCullum,0,0,,,,,,"",""
ball,2,27.4,South Africa,JP Duminy,AB de Villiers,NL McCullum,0,0,,,,,,bowled,JP Duminy
ball,2,27.5,South Africa,F du Plessis,AB de Villiers,NL McCullum,0,0,,,,,,"",""
ball,2,27.6,South Africa,F du Plessis,AB de Villiers,NL McCullum,0,0,,,,,,run out,AB de Villiers
ball,2,28.1,South Africa,F du Plessis,J Botha,DL Vettori,0,0,,,,,,"",""
ball,2,28.2,South Africa,F du Plessis,J Botha,DL Vettori,0,0,,,,,,"",""
ball,2,28.3,South Africa,F du Plessis,J Botha,DL Vettori,0,0,,,,,,"",""
ball,2,28.4,South Africa,F du Plessis,J Botha,DL Vettori,0,0,,,,,,"",""
ball,2,28.5,South Africa,F du Plessis,J Botha,DL Vettori,1,0,,,,,,"",""
ball,2,28.6,South Africa,J Botha,F du Plessis,DL Vettori,0,0,,,,,,"",""
ball,2,29.1,South Africa,F du Plessis,J Botha,NL McCullum,0,0,,,,,,"",""
ball,2,29.2,South Africa,F du Plessis,J Botha,NL McCullum,0,0,,,,,,"",""
ball,2,29.3,South Africa,F du Plessis,J Botha,NL McCullum,0,0,,,,,,"",""
ball,2,29.4,South Africa,F du Plessis,J Botha,NL McCullum,1,0,,,,,,"",""
ball,2,29.5,South Africa,J Botha,F du Plessis,NL McCullum,0,0,,,,,,"",""
ball,2,29.6,South Africa,J Botha,F du Plessis,NL McCullum,0,0,,,,,,"",""
ball,2,30.1,South Africa,F du Plessis,J Botha,LJ Woodcock,0,0,,,,,,"",""
ball,2,30.2,South Africa,F du Plessis,J Botha,LJ Woodcock,1,0,,,,,,"",""
ball,2,30.3,South Africa,J Botha,F du Plessis,LJ Woodcock,0,0,,,,,,"",""
ball,2,30.4,South Africa,J Botha,F du Plessis,LJ Woodcock,1,0,,,,,,"",""
ball,2,30.5,South Africa,F du Plessis,J Botha,LJ Woodcock,0,0,,,,,,"",""
ball,2,30.6,South Africa,F du Plessis,J Botha,LJ Woodcock,0,0,,,,,,"",""
ball,2,31.1,South Africa,J Botha,F du Plessis,NL McCullum,1,0,,,,,,"",""
ball,2,31.2,South Africa,F du Plessis,J Botha,NL McCullum,0,0,,,,,,"",""
ball,2,31.3,South Africa,F du Plessis,J Botha,NL McCullum,0,0,,,,,,"",""
ball,2,31.4,South Africa,F du Plessis,J Botha,NL McCullum,0,0,,,,,,"",""
ball,2,31.5,South Africa,F du Plessis,J Botha,NL McCullum,1,0,,,,,,"",""
ball,2,31.6,South Africa,J Botha,F du Plessis,NL McCullum,0,0,,,,,,"",""
ball,2,32.1,South Africa,F du Plessis,J Botha,JDP Oram,0,0,,,,,,"",""
ball,2,32.2,South Africa,F du Plessis,J Botha,JDP Oram,1,0,,,,,,"",""
ball,2,32.3,South Africa,J Botha,F du Plessis,JDP Oram,0,0,,,,,,"",""
ball,2,32.4,South Africa,J Botha,F du Plessis,JDP Oram,0,0,,,,,,"",""
ball,2,32.5,South Africa,J Botha,F du Plessis,JDP Oram,0,0,,,,,,bowled,J Botha
ball,2,32.6,South Africa,RJ Peterson,F du Plessis,JDP Oram,0,0,,,,,,"",""
ball,2,33.1,South Africa,F du Plessis,RJ Peterson,NL McCullum,0,0,,,,,,"",""
ball,2,33.2,South Africa,F du Plessis,RJ Peterson,NL McCullum,0,0,,,,,,"",""
ball,2,33.3,South Africa,F du Plessis,RJ Peterson,NL McCullum,1,0,,,,,,"",""
ball,2,33.4,South Africa,RJ Peterson,F du Plessis,NL McCullum,0,0,,,,,,"",""
ball,2,33.5,South Africa,RJ Peterson,F du Plessis,NL McCullum,0,0,,,,,,"",""
ball,2,33.6,South Africa,RJ Peterson,F du Plessis,NL McCullum,0,0,,,,,,"",""
ball,2,34.1,South Africa,F du Plessis,RJ Peterson,JDP Oram,3,0,,,,,,"",""
ball,2,34.2,South Africa,RJ Peterson,F du Plessis,JDP Oram,0,0,,,,,,caught,RJ Peterson
ball,2,34.3,South Africa,DW Steyn,F du Plessis,JDP Oram,4,0,,,,,,"",""
ball,2,34.4,South Africa,DW Steyn,F du Plessis,JDP Oram,0,0,,,,,,"",""
ball,2,34.5,South Africa,DW Steyn,F du Plessis,JDP Oram,1,0,,,,,,"",""
ball,2,34.6,South Africa,F du Plessis,DW Steyn,JDP Oram,4,0,,,,,,"",""
ball,2,35.1,South Africa,DW Steyn,F du Plessis,NL McCullum,0,0,,,,,,"",""
ball,2,35.2,South Africa,DW Steyn,F du Plessis,NL McCullum,0,0,,,,,,"",""
ball,2,35.3,South Africa,DW Steyn,F du Plessis,NL McCullum,0,0,,,,,,"",""
ball,2,35.4,South Africa,DW Steyn,F du Plessis,NL McCullum,0,0,,,,,,"",""
ball,2,35.5,South Africa,DW Steyn,F du Plessis,NL McCullum,0,0,,,,,,"",""
ball,2,35.6,South Africa,DW Steyn,F du Plessis,NL McCullum,1,0,,,,,,"",""
ball,2,36.1,South Africa,DW Steyn,F du Plessis,LJ Woodcock,0,1,1,,,,,"",""
ball,2,36.2,South Africa,DW Steyn,F du Plessis,LJ Woodcock,0,0,,,,,,"",""
ball,2,36.3,South Africa,DW Steyn,F du Plessis,LJ Woodcock,1,0,,,,,,"",""
ball,2,36.4,South Africa,F du Plessis,DW Steyn,LJ Woodcock,1,0,,,,,,"",""
ball,2,36.5,South Africa,DW Steyn,F du Plessis,LJ Woodcock,0,0,,,,,,"",""
ball,2,36.6,South Africa,DW Steyn,F du Plessis,LJ Woodcock,0,0,,,,,,"",""
ball,2,36.7,South Africa,DW Steyn,F du Plessis,LJ Woodcock,1,0,,,,,,"",""
ball,2,37.1,South Africa,DW Steyn,F du Plessis,NL McCullum,0,0,,,,,,"",""
ball,2,37.2,South Africa,DW Steyn,F du Plessis,NL McCullum,0,0,,,,,,"",""
ball,2,37.3,South Africa,DW Steyn,F du Plessis,NL McCullum,0,0,,,,,,"",""
ball,2,37.4,South Africa,DW Steyn,F du Plessis,NL McCullum,0,0,,,,,,caught,DW Steyn
ball,2,37.5,South Africa,M Morkel,F du Plessis,NL McCullum,0,0,,,,,,"",""
ball,2,37.6,South Africa,M Morkel,F du Plessis,NL McCullum,0,0,,,,,,"",""
ball,2,38.1,South Africa,F du Plessis,M Morkel,DL Vettori,0,0,,,,,,"",""
ball,2,38.2,South Africa,F du Plessis,M Morkel,DL Vettori,0,0,,,,,,"",""
ball,2,38.3,South Africa,F du Plessis,M Morkel,DL Vettori,2,0,,,,,,"",""
ball,2,38.4,South Africa,F du Plessis,M Morkel,DL Vettori,1,0,,,,,,"",""
ball,2,38.5,South Africa,M Morkel,F du Plessis,DL Vettori,0,0,,,,,,"",""
ball,2,38.6,South Africa,M Morkel,F du Plessis,DL Vettori,1,0,,,,,,"",""
ball,2,39.1,South Africa,M Morkel,F du Plessis,TG Southee,0,0,,,,,,"",""
ball,2,39.2,South Africa,M Morkel,F du Plessis,TG Southee,0,0,,,,,,"",""
ball,2,39.3,South Africa,M Morkel,F du Plessis,TG Southee,1,0,,,,,,"",""
ball,2,39.4,South Africa,F du Plessis,M Morkel,TG Southee,4,0,,,,,,"",""
ball,2,39.5,South Africa,F du Plessis,M Morkel,TG Southee,1,0,,,,,,"",""
ball,2,39.6,South Africa,M Morkel,F du Plessis,TG Southee,0,0,,,,,,"",""
ball,2,40.1,South Africa,F du Plessis,M Morkel,DL Vettori,0,0,,,,,,"",""
ball,2,40.2,South Africa,F du Plessis,M Morkel,DL Vettori,0,0,,,,,,"",""
ball,2,40.3,South Africa,F du Plessis,M Morkel,DL Vettori,4,0,,,,,,"",""
ball,2,40.4,South Africa,F du Plessis,M Morkel,DL Vettori,1,0,,,,,,"",""
ball,2,40.5,South Africa,M Morkel,F du Plessis,DL Vettori,0,0,,,,,,"",""
ball,2,40.6,South Africa,M Morkel,F du Plessis,DL Vettori,0,0,,,,,,"",""
ball,2,41.1,South Africa,F du Plessis,M Morkel,TG Southee,1,0,,,,,,"",""
ball,2,41.2,South Africa,M Morkel,F du Plessis,TG Southee,0,0,,,,,,"",""
ball,2,41.3,South Africa,M Morkel,F du Plessis,TG Southee,0,0,,,,,,"",""
ball,2,41.4,South Africa,M Morkel,F du Plessis,TG Southee,1,0,,,,,,"",""
ball,2,41.5,South Africa,F du Plessis,M Morkel,TG Southee,1,0,,,,,,"",""
ball,2,41.6,South Africa,M Morkel,F du Plessis,TG Southee,0,0,,,,,,"",""
ball,2,42.1,South Africa,F du Plessis,M Morkel,JDP Oram,0,0,,,,,,"",""
ball,2,42.2,South Africa,F du Plessis,M Morkel,JDP Oram,6,0,,,,,,"",""
ball,2,42.3,South Africa,F du Plessis,M Morkel,JDP Oram,1,0,,,,,,"",""
ball,2,42.4,South Africa,M Morkel,F du Plessis,JDP Oram,0,1,,,,1,,"",""
ball,2,42.5,South Africa,F du Plessis,M Morkel,JDP Oram,0,0,,,,,,caught,F du Plessis
ball,2,42.6,South Africa,Imran Tahir,M Morkel,JDP Oram,0,0,,,,,,"",""
ball,2,43.1,South Africa,M Morkel,Imran Tahir,LJ Woodcock,0,0,,,,,,"",""
ball,2,43.2,South Africa,M Morkel,Imran Tahir,LJ Woodcock,0,0,,,,,,caught,M Morkel
