version,1.6.0
info,balls_per_over,6
info,team,Sri Lanka
info,team,New Zealand
info,gender,male
info,season,2010/11
info,date,2011/03/29
info,event,ICC Cricket World Cup
info,venue,R Premadasa Stadium
info,city,Colombo
info,toss_winner,New Zealand
info,toss_decision,bat
info,player_of_match,KC Sangakkara
info,umpire,Aleem Dar
info,umpire,SJ Davis
info,reserve_umpire,BR Doctrove
info,tv_umpire,M Erasmus
info,match_referee,BC Broad
info,winner,Sri Lanka
info,winner_wickets,5
info,player,New Zealand,MJ Guptill
info,player,New Zealand,BB McCullum
info,player,New Zealand,JD Ryder
info,player,New Zealand,LRPL Taylor
info,player,New Zealand,SB Styris
info,player,New Zealand,KS Williamson
info,player,New Zealand,NL McCullum
info,player,New Zealand,JDP Oram
info,player,New Zealand,DL Vettori
info,player,New Zealand,TG Southee
info,player,New Zealand,AJ McKay
info,player,Sri Lanka,WU Tharanga
info,player,Sri Lanka,TM Dilshan
info,player,Sri Lanka,KC Sangakkara
info,player,Sri Lanka,DPMD Jayawardene
info,player,Sri Lanka,TT Samaraweera
info,player,Sri Lanka,LPC Silva
info,player,Sri Lanka,AD Mathews
info,player,Sri Lanka,SL Malinga
info,player,Sri Lanka,HMRKB Herath
info,player,Sri Lanka,BAW Mendis
info,player,Sri Lanka,M Muralitharan
info,registry,people,AD Mathews,896d78ad
info,registry,people,AJ McKay,de3acffe
info,registry,people,Aleem Dar,f02778d1
info,registry,people,BAW Mendis,ea0cdc12
info,registry,people,BB McCullum,b8a55852
info,registry,people,BC Broad,d6a7dd38
info,registry,people,BR Doctrove,cbebf805
info,registry,people,DL Vettori,d7c6af50
info,registry,people,DPMD Jayawardene,d18f9182
info,registry,people,HMRKB Herath,d2fcce2f
info,registry,people,JD Ryder,91ffa6c6
info,registry,people,JDP Oram,3eac9d95
info,registry,people,KC Sangakkara,6b71e6cf
info,registry,people,KS Williamson,d027ba9f
info,registry,people,LPC Silva,1be70c88
info,registry,people,LRPL Taylor,b61a3e1a
info,registry,people,M Erasmus,15d3c895
info,registry,people,M Muralitharan,4ba44e19
info,registry,people,MJ Guptill,2be41edb
info,registry,people,NL McCullum,5673a3fc
info,registry,people,SB Styris,57efa3be
info,registry,people,SJ Davis,bc71b0b2
info,registry,people,SL Malinga,a12e1d51
info,registry,people,TG Southee,13c35c9e
info,registry,people,TM Dilshan,5bdcdb72
info,registry,people,TT Samaraweera,2008fc75
info,registry,people,WU Tharanga,7ed9fd56
ball,1,0.1,New Zealand,MJ Guptill,BB McCullum,SL Malinga,0,0,,,,,,"",""
ball,1,0.2,New Zealand,MJ Guptill,BB McCullum,SL Malinga,0,0,,,,,,"",""
ball,1,0.3,New Zealand,MJ Guptill,BB McCullum,SL Malinga,0,0,,,,,,"",""
ball,1,0.4,New Zealand,MJ Guptill,BB McCullum,SL Malinga,0,0,,,,,,"",""
ball,1,0.5,New Zealand,MJ Guptill,BB McCullum,SL Malinga,4,0,,,,,,"",""
ball,1,0.6,New Zealand,MJ Guptill,BB McCullum,SL Malinga,0,0,,,,,,"",""
ball,1,1.1,New Zealand,BB McCullum,MJ Guptill,HMRKB Herath,0,0,,,,,,"",""
ball,1,1.2,New Zealand,BB McCullum,MJ Guptill,HMRKB Herath,4,0,,,,,,"",""
ball,1,1.3,New Zealand,BB McCullum,MJ Guptill,HMRKB Herath,0,0,,,,,,"",""
ball,1,1.4,New Zealand,BB McCullum,MJ Guptill,HMRKB Herath,1,0,,,,,,"",""
ball,1,1.5,New Zealand,MJ Guptill,BB McCullum,HMRKB Herath,1,0,,,,,,"",""
ball,1,1.6,New Zealand,BB McCullum,MJ Guptill,HMRKB Herath,0,0,,,,,,"",""
ball,1,2.1,New Zealand,MJ Guptill,BB McCullum,AD Mathews,4,0,,,,,,"",""
ball,1,2.2,New Zealand,MJ Guptill,BB McCullum,AD Mathews,0,0,,,,,,"",""
ball,1,2.3,New Zealand,MJ Guptill,BB McCullum,AD Mathews,2,0,,,,,,"",""
ball,1,2.4,New Zealand,MJ Guptill,BB McCullum,AD Mathews,0,0,,,,,,"",""
ball,1,2.5,New Zealand,MJ Guptill,BB McCullum,AD Mathews,0,0,,,,,,"",""
ball,1,2.6,New Zealand,MJ Guptill,BB McCullum,AD Mathews,0,0,,,,,,"",""
ball,1,3.1,New Zealand,BB McCullum,MJ Guptill,HMRKB Herath,0,0,,,,,,"",""
ball,1,3.2,New Zealand,BB McCullum,MJ Guptill,HMRKB Herath,0,0,,,,,,"",""
ball,1,3.3,New Zealand,BB McCullum,MJ Guptill,HMRKB Herath,0,0,,,,,,"",""
ball,1,3.4,New Zealand,BB McCullum,MJ Guptill,HMRKB Herath,0,0,,,,,,"",""
ball,1,3.5,New Zealand,BB McCullum,MJ Guptill,HMRKB Herath,0,0,,,,,,"",""
ball,1,3.6,New Zealand,BB McCullum,MJ Guptill,HMRKB Herath,0,0,,,,,,"",""
ball,1,4.1,New Zealand,MJ Guptill,BB McCullum,AD Mathews,0,0,,,,,,"",""
ball,1,4.2,New Zealand,MJ Guptill,BB McCullum,AD Mathews,4,0,,,,,,"",""
ball,1,4.3,New Zealand,MJ Guptill,BB McCullum,AD Mathews,0,0,,,,,,"",""
ball,1,4.4,New Zealand,MJ Guptill,BB McCullum,AD Mathews,0,0,,,,,,"",""
ball,1,4.5,New Zealand,MJ Guptill,BB McCullum,AD Mathews,0,0,,,,,,"",""
ball,1,4.6,New Zealand,MJ Guptill,BB McCullum,AD Mathews,0,0,,,,,,"",""
ball,1,5.1,New Zealand,BB McCullum,MJ Guptill,HMRKB Herath,6,0,,,,,,"",""
ball,1,5.2,New Zealand,BB McCullum,MJ Guptill,HMRKB Herath,0,0,,,,,,"",""
ball,1,5.3,New Zealand,BB McCullum,MJ Guptill,HMRKB Herath,0,0,,,,,,"",""
ball,1,5.4,New Zealand,BB McCullum,MJ Guptill,HMRKB Herath,0,1,,,,1,,"",""
ball,1,5.5,New Zealand,MJ Guptill,BB McCullum,HMRKB Herath,0,0,,,,,,"",""
ball,1,5.6,New Zealand,MJ Guptill,BB McCullum,HMRKB Herath,2,0,,,,,,"",""
ball,1,6.1,New Zealand,BB McCullum,MJ Guptill,AD Mathews,0,0,,,,,,"",""
ball,1,6.2,New Zealand,BB McCullum,MJ Guptill,AD Mathews,1,0,,,,,,"",""
ball,1,6.3,New Zealand,MJ Guptill,BB McCullum,AD Mathews,1,0,,,,,,"",""
ball,1,6.4,New Zealand,BB McCullum,MJ Guptill,AD Mathews,0,0,,,,,,"",""
ball,1,6.5,New Zealand,BB McCullum,MJ Guptill,AD Mathews,0,0,,,,,,"",""
ball,1,6.6,New Zealand,BB McCullum,MJ Guptill,AD Mathews,1,0,,,,,,"",""
ball,1,7.1,New Zealand,BB McCullum,MJ Guptill,HMRKB Herath,0,0,,,,,,bowled,BB McCullum
ball,1,7.2,New Zealand,JD Ryder,MJ Guptill,HMRKB Herath,1,0,,,,,,"",""
ball,1,7.3,New Zealand,MJ Guptill,JD Ryder,HMRKB Herath,0,0,,,,,,"",""
ball,1,7.4,New Zealand,MJ Guptill,JD Ryder,HMRKB Herath,1,0,,,,,,"",""
ball,1,7.5,New Zealand,JD Ryder,MJ Guptill,HMRKB Herath,0,0,,,,,,"",""
ball,1,7.6,New Zealand,JD Ryder,MJ Guptill,HMRKB Herath,0,0,,,,,,"",""
ball,1,8.1,New Zealand,MJ Guptill,JD Ryder,AD Mathews,1,0,,,,,,"",""
ball,1,8.2,New Zealand,JD Ryder,MJ Guptill,AD Mathews,0,0,,,,,,"",""
ball,1,8.3,New Zealand,JD Ryder,MJ Guptill,AD Mathews,0,0,,,,,,"",""
ball,1,8.4,New Zealand,JD Ryder,MJ Guptill,AD Mathews,0,0,,,,,,"",""
ball,1,8.5,New Zealand,JD Ryder,MJ Guptill,AD Mathews,2,0,,,,,,"",""
ball,1,8.6,New Zealand,JD Ryder,MJ Guptill,AD Mathews,0,0,,,,,,"",""
ball,1,9.1,New Zealand,MJ Guptill,JD Ryder,BAW Mendis,0,0,,,,,,"",""
ball,1,9.2,New Zealand,MJ Guptill,JD Ryder,BAW Mendis,0,0,,,,,,"",""
ball,1,9.3,New Zealand,MJ Guptill,JD Ryder,BAW Mendis,1,0,,,,,,"",""
ball,1,9.4,New Zealand,JD Ryder,MJ Guptill,BAW Mendis,0,0,,,,,,"",""
ball,1,9.5,New Zealand,JD Ryder,MJ Guptill,BAW Mendis,0,0,,,,,,"",""
ball,1,9.6,New Zealand,JD Ryder,MJ Guptill,BAW Mendis,0,0,,,,,,"",""
ball,1,10.1,New Zealand,MJ Guptill,JD Ryder,AD Mathews,1,0,,,,,,"",""
ball,1,10.2,New Zealand,JD Ryder,MJ Guptill,AD Mathews,0,0,,,,,,"",""
ball,1,10.3,New Zealand,JD Ryder,MJ Guptill,AD Mathews,0,0,,,,,,"",""
ball,1,10.4,New Zealand,JD Ryder,MJ Guptill,AD Mathews,0,0,,,,,,"",""
ball,1,10.5,New Zealand,JD Ryder,MJ Guptill,AD Mathews,1,0,,,,,,"",""
ball,1,10.6,New Zealand,MJ Guptill,JD Ryder,AD Mathews,2,0,,,,,,"",""
ball,1,11.1,New Zealand,JD Ryder,MJ Guptill,BAW Mendis,4,0,,,,,,"",""
ball,1,11.2,New Zealand,JD Ryder,MJ Guptill,BAW Mendis,1,0,,,,,,"",""
ball,1,11.3,New Zealand,MJ Guptill,JD Ryder,BAW Mendis,0,0,,,,,,"",""
ball,1,11.4,New Zealand,MJ Guptill,JD Ryder,BAW Mendis,2,0,,,,,,"",""
ball,1,11.5,New Zealand,MJ Guptill,JD Ryder,BAW Mendis,0,0,,,,,,"",""
ball,1,11.6,New Zealand,MJ Guptill,JD Ryder,BAW Mendis,1,0,,,,,,"",""
ball,1,12.1,New Zealand,MJ Guptill,JD Ryder,AD Mathews,1,0,,,,,,"",""
ball,1,12.2,New Zealand,JD Ryder,MJ Guptill,AD Mathews,1,0,,,,,,"",""
ball,1,12.3,New Zealand,MJ Guptill,JD Ryder,AD Mathews,1,0,,,,,,"",""
ball,1,12.4,New Zealand,JD Ryder,MJ Guptill,AD Mathews,0,0,,,,,,"",""
ball,1,12.5,New Zealand,JD Ryder,MJ Guptill,AD Mathews,4,0,,,,,,"",""
ball,1,12.6,New Zealand,JD Ryder,MJ Guptill,AD Mathews,0,0,,,,,,"",""
ball,1,13.1,New Zealand,MJ Guptill,JD Ryder,BAW Mendis,0,0,,,,,,"",""
ball,1,13.2,New Zealand,MJ Guptill,JD Ryder,BAW Mendis,0,0,,,,,,"",""
ball,1,13.3,New Zealand,MJ Guptill,JD Ryder,BAW Mendis,0,0,,,,,,"",""
ball,1,13.4,New Zealand,MJ Guptill,JD Ryder,BAW Mendis,1,0,,,,,,"",""
ball,1,13.5,New Zealand,JD Ryder,MJ Guptill,BAW Mendis,0,0,,,,,,"",""
ball,1,13.6,New Zealand,JD Ryder,MJ Guptill,BAW Mendis,0,0,,,,,,"",""
ball,1,14.1,New Zealand,MJ Guptill,JD Ryder,M Muralitharan,1,0,,,,,,"",""
ball,1,14.2,New Zealand,JD Ryder,MJ Guptill,M Muralitharan,1,0,,,,,,"",""
ball,1,14.3,New Zealand,MJ Guptill,JD Ryder,M Muralitharan,0,0,,,,,,"",""
ball,1,14.4,New Zealand,MJ Guptill,JD Ryder,M Muralitharan,0,0,,,,,,"",""
ball,1,14.5,New Zealand,MJ Guptill,JD Ryder,M Muralitharan,0,0,,,,,,"",""
ball,1,14.6,New Zealand,MJ Guptill,JD Ryder,M Muralitharan,0,0,,,,,,"",""
ball,1,15.1,New Zealand,JD Ryder,MJ Guptill,BAW Mendis,0,0,,,,,,"",""
ball,1,15.2,New Zealand,JD Ryder,MJ Guptill,BAW Mendis,1,0,,,,,,"",""
ball,1,15.3,New Zealand,MJ Guptill,JD Ryder,BAW Mendis,1,0,,,,,,"",""
ball,1,15.4,New Zealand,JD Ryder,MJ Guptill,BAW Mendis,0,0,,,,,,"",""
ball,1,15.5,New Zealand,JD Ryder,MJ Guptill,BAW Mendis,0,0,,,,,,"",""
ball,1,15.6,New Zealand,JD Ryder,MJ Guptill,BAW Mendis,0,0,,,,,,"",""
ball,1,16.1,New Zealand,MJ Guptill,JD Ryder,M Muralitharan,1,0,,,,,,"",""
ball,1,16.2,New Zealand,JD Ryder,MJ Guptill,M Muralitharan,3,0,,,,,,"",""
ball,1,16.3,New Zealand,MJ Guptill,JD Ryder,M Muralitharan,0,0,,,,,,"",""
ball,1,16.4,New Zealand,MJ Guptill,JD Ryder,M Muralitharan,1,0,,,,,,"",""
ball,1,16.5,New Zealand,JD Ryder,MJ Guptill,M Muralitharan,0,0,,,,,,"",""
ball,1,16.6,New Zealand,JD Ryder,MJ Guptill,M Muralitharan,0,0,,,,,,"",""
ball,1,17.1,New Zealand,MJ Guptill,JD Ryder,BAW Mendis,0,0,,,,,,"",""
ball,1,17.2,New Zealand,MJ Guptill,JD Ryder,BAW Mendis,0,0,,,,,,"",""
ball,1,17.3,New Zealand,MJ Guptill,JD Ryder,BAW Mendis,0,0,,,,,,"",""
ball,1,17.4,New Zealand,MJ Guptill,JD Ryder,BAW Mendis,0,0,,,,,,"",""
ball,1,17.5,New Zealand,MJ Guptill,JD Ryder,BAW Mendis,0,0,,,,,,"",""
ball,1,17.6,New Zealand,MJ Guptill,JD Ryder,BAW Mendis,1,0,,,,,,"",""
ball,1,18.1,New Zealand,MJ Guptill,JD Ryder,M Muralitharan,1,0,,,,,,"",""
ball,1,18.2,New Zealand,JD Ryder,MJ Guptill,M Muralitharan,0,0,,,,,,"",""
ball,1,18.3,New Zealand,JD Ryder,MJ Guptill,M Muralitharan,0,0,,,,,,caught,JD Ryder
ball,1,18.4,New Zealand,LRPL Taylor,MJ Guptill,M Muralitharan,1,0,,,,,,"",""
ball,1,18.5,New Zealand,MJ Guptill,LRPL Taylor,M Muralitharan,1,0,,,,,,"",""
ball,1,18.6,New Zealand,LRPL Taylor,MJ Guptill,M Muralitharan,1,0,,,,,,"",""
ball,1,19.1,New Zealand,LRPL Taylor,MJ Guptill,HMRKB Herath,0,0,,,,,,"",""
ball,1,19.2,New Zealand,LRPL Taylor,MJ Guptill,HMRKB Herath,0,0,,,,,,"",""
ball,1,19.3,New Zealand,LRPL Taylor,MJ Guptill,HMRKB Herath,0,0,,,,,,"",""
ball,1,19.4,New Zealand,LRPL Taylor,MJ Guptill,HMRKB Herath,1,0,,,,,,"",""
ball,1,19.5,New Zealand,MJ Guptill,LRPL Taylor,HMRKB Herath,0,0,,,,,,"",""
ball,1,19.6,New Zealand,MJ Guptill,LRPL Taylor,HMRKB Herath,1,0,,,,,,"",""
ball,1,20.1,New Zealand,MJ Guptill,LRPL Taylor,M Muralitharan,0,1,1,,,,,"",""
ball,1,20.2,New Zealand,MJ Guptill,LRPL Taylor,M Muralitharan,0,0,,,,,,"",""
ball,1,20.3,New Zealand,MJ Guptill,LRPL Taylor,M Muralitharan,0,0,,,,,,"",""
ball,1,20.4,New Zealand,MJ Guptill,LRPL Taylor,M Muralitharan,0,0,,,,,,"",""
ball,1,20.5,New Zealand,MJ Guptill,LRPL Taylor,M Muralitharan,1,0,,,,,,"",""
ball,1,20.6,New Zealand,LRPL Taylor,MJ Guptill,M Muralitharan,3,0,,,,,,"",""
ball,1,20.7,New Zealand,MJ Guptill,LRPL Taylor,M Muralitharan,0,0,,,,,,"",""
ball,1,21.1,New Zealand,LRPL Taylor,MJ Guptill,SL Malinga,4,0,,,,,,"",""
ball,1,21.2,New Zealand,LRPL Taylor,MJ Guptill,SL Malinga,1,0,,,,,,"",""
ball,1,21.3,New Zealand,MJ Guptill,LRPL Taylor,SL Malinga,0,0,,,,,,bowled,MJ Guptill
ball,1,21.4,New Zealand,SB Styris,LRPL Taylor,SL Malinga,0,0,,,,,,"",""
ball,1,21.5,New Zealand,SB Styris,LRPL Taylor,SL Malinga,0,0,,,,,,"",""
ball,1,21.6,New Zealand,SB Styris,LRPL Taylor,SL Malinga,0,0,,,,,,"",""
ball,1,22.1,New Zealand,LRPL Taylor,SB Styris,M Muralitharan,0,0,,,,,,"",""
ball,1,22.2,New Zealand,LRPL Taylor,SB Styris,M Muralitharan,0,0,,,,,,"",""
ball,1,22.3,New Zealand,LRPL Taylor,SB Styris,M Muralitharan,0,0,,,,,,"",""
ball,1,22.4,New Zealand,LRPL Taylor,SB Styris,M Muralitharan,0,0,,,,,,"",""
ball,1,22.5,New Zealand,LRPL Taylor,SB Styris,M Muralitharan,0,0,,,,,,"",""
ball,1,22.6,New Zealand,LRPL Taylor,SB Styris,M Muralitharan,0,0,,,,,,"",""
ball,1,23.1,New Zealand,SB Styris,LRPL Taylor,SL Malinga,2,0,,,,,,"",""
ball,1,23.2,New Zealand,SB Styris,LRPL Taylor,SL Malinga,1,0,,,,,,"",""
ball,1,23.3,New Zealand,LRPL Taylor,SB Styris,SL Malinga,2,0,,,,,,"",""
ball,1,23.4,New Zealand,LRPL Taylor,SB Styris,SL Malinga,1,0,,,,,,"",""
ball,1,23.5,New Zealand,SB Styris,LRPL Taylor,SL Malinga,0,0,,,,,,"",""
ball,1,23.6,New Zealand,SB Styris,LRPL Taylor,SL Malinga,0,0,,,,,,"",""
ball,1,24.1,New Zealand,LRPL Taylor,SB Styris,TM Dilshan,1,0,,,,,,"",""
ball,1,24.2,New Zealand,SB Styris,LRPL Taylor,TM Dilshan,0,0,,,,,,"",""
ball,1,24.3,New Zealand,SB Styris,LRPL Taylor,TM Dilshan,0,0,,,,,,"",""
ball,1,24.4,New Zealand,SB Styris,LRPL Taylor,TM Dilshan,1,0,,,,,,"",""
ball,1,24.5,New Zealand,LRPL Taylor,SB Styris,TM Dilshan,1,0,,,,,,"",""
ball,1,24.6,New Zealand,SB Styris,LRPL Taylor,TM Dilshan,0,0,,,,,,"",""
ball,1,25.1,New Zealand,LRPL Taylor,SB Styris,SL Malinga,1,0,,,,,,"",""
ball,1,25.2,New Zealand,SB Styris,LRPL Taylor,SL Malinga,0,0,,,,,,"",""
ball,1,25.3,New Zealand,SB Styris,LRPL Taylor,SL Malinga,4,0,,,,,,"",""
ball,1,25.4,New Zealand,SB Styris,LRPL Taylor,SL Malinga,0,0,,,,,,"",""
ball,1,25.5,New Zealand,SB Styris,LRPL Taylor,SL Malinga,0,0,,,,,,"",""
ball,1,25.6,New Zealand,SB Styris,LRPL Taylor,SL Malinga,4,0,,,,,,"",""
ball,1,26.1,New Zealand,LRPL Taylor,SB Styris,TM Dilshan,0,3,3,,,,,"",""
ball,1,26.2,New Zealand,LRPL Taylor,SB Styris,TM Dilshan,0,0,,,,,,"",""
ball,1,26.3,New Zealand,LRPL Taylor,SB Styris,TM Dilshan,0,0,,,,,,"",""
ball,1,26.4,New Zealand,LRPL Taylor,SB Styris,TM Dilshan,2,0,,,,,,"",""
ball,1,26.5,New Zealand,LRPL Taylor,SB Styris,TM Dilshan,0,0,,,,,,"",""
ball,1,26.6,New Zealand,LRPL Taylor,SB Styris,TM Dilshan,1,0,,,,,,"",""
ball,1,26.7,New Zealand,SB Styris,LRPL Taylor,TM Dilshan,1,0,,,,,,"",""
ball,1,27.1,New Zealand,SB Styris,LRPL Taylor,HMRKB Herath,0,0,,,,,,"",""
ball,1,27.2,New Zealand,SB Styris,LRPL Taylor,HMRKB Herath,0,0,,,,,,"",""
ball,1,27.3,New Zealand,SB Styris,LRPL Taylor,HMRKB Herath,0,1,1,,,,,"",""
ball,1,27.4,New Zealand,SB Styris,LRPL Taylor,HMRKB Herath,0,0,,,,,,"",""
ball,1,27.5,New Zealand,SB Styris,LRPL Taylor,HMRKB Herath,1,0,,,,,,"",""
ball,1,27.6,New Zealand,LRPL Taylor,SB Styris,HMRKB Herath,1,0,,,,,,"",""
ball,1,27.7,New Zealand,SB Styris,LRPL Taylor,HMRKB Herath,1,0,,,,,,"",""
ball,1,28.1,New Zealand,SB Styris,LRPL Taylor,TM Dilshan,1,0,,,,,,"",""
ball,1,28.2,New Zealand,LRPL Taylor,SB Styris,TM Dilshan,1,0,,,,,,"",""
ball,1,28.3,New Zealand,SB Styris,LRPL Taylor,TM Dilshan,0,0,,,,,,"",""
ball,1,28.4,New Zealand,SB Styris,LRPL Taylor,TM Dilshan,1,0,,,,,,"",""
ball,1,28.5,New Zealand,LRPL Taylor,SB Styris,TM Dilshan,1,0,,,,,,"",""
ball,1,28.6,New Zealand,SB Styris,LRPL Taylor,TM Dilshan,1,0,,,,,,"",""
ball,1,29.1,New Zealand,SB Styris,LRPL Taylor,BAW Mendis,0,0,,,,,,"",""
ball,1,29.2,New Zealand,SB Styris,LRPL Taylor,BAW Mendis,1,0,,,,,,"",""
ball,1,29.3,New Zealand,LRPL Taylor,SB Styris,BAW Mendis,1,0,,,,,,"",""
ball,1,29.4,New Zealand,SB Styris,LRPL Taylor,BAW Mendis,0,0,,,,,,"",""
ball,1,29.5,New Zealand,SB Styris,LRPL Taylor,BAW Mendis,2,0,,,,,,"",""
ball,1,29.6,New Zealand,SB Styris,LRPL Taylor,BAW Mendis,0,0,,,,,,"",""
ball,1,30.1,New Zealand,LRPL Taylor,SB Styris,M Muralitharan,0,0,,,,,,"",""
ball,1,30.2,New Zealand,LRPL Taylor,SB Styris,M Muralitharan,0,0,,,,,,"",""
ball,1,30.3,New Zealand,LRPL Taylor,SB Styris,M Muralitharan,0,0,,,,,,"",""
ball,1,30.4,New Zealand,LRPL Taylor,SB Styris,M Muralitharan,1,0,,,,,,"",""
ball,1,30.5,New Zealand,SB Styris,LRPL Taylor,M Muralitharan,1,0,,,,,,"",""
ball,1,30.6,New Zealand,LRPL Taylor,SB Styris,M Muralitharan,0,0,,,,,,"",""
ball,1,31.1,New Zealand,SB Styris,LRPL Taylor,SL Malinga,0,0,,,,,,"",""
ball,1,31.2,New Zealand,SB Styris,LRPL Taylor,SL Malinga,0,0,,,,,,"",""
ball,1,31.3,New Zealand,SB Styris,LRPL Taylor,SL Malinga,4,0,,,,,,"",""
ball,1,31.4,New Zealand,SB Styris,LRPL Taylor,SL Malinga,0,0,,,,,,"",""
ball,1,31.5,New Zealand,SB Styris,LRPL Taylor,SL Malinga,2,0,,,,,,"",""
ball,1,31.6,New Zealand,SB Styris,LRPL Taylor,SL Malinga,4,0,,,,,,"",""
ball,1,32.1,New Zealand,LRPL Taylor,SB Styris,M Muralitharan,1,0,,,,,,"",""
ball,1,32.2,New Zealand,SB Styris,LRPL Taylor,M Muralitharan,0,0,,,,,,"",""
ball,1,32.3,New Zealand,SB Styris,LRPL Taylor,M Muralitharan,0,1,,,,1,,"",""
ball,1,32.4,New Zealand,LRPL Taylor,SB Styris,M Muralitharan,0,0,,,,,,"",""
ball,1,32.5,New Zealand,LRPL Taylor,SB Styris,M Muralitharan,0,0,,,,,,"",""
ball,1,32.6,New Zealand,LRPL Taylor,SB Styris,M Muralitharan,1,0,,,,,,"",""
ball,1,33.1,New Zealand,LRPL Taylor,SB Styris,SL Malinga,0,0,,,,,,"",""
ball,1,33.2,New Zealand,LRPL Taylor,SB Styris,SL Malinga,0,0,,,,,,"",""
ball,1,33.3,New Zealand,LRPL Taylor,SB Styris,SL Malinga,1,0,,,,,,"",""
ball,1,33.4,New Zealand,SB Styris,LRPL Taylor,SL Malinga,0,0,,,,,,"",""
ball,1,33.5,New Zealand,SB Styris,LRPL Taylor,SL Malinga,1,0,,,,,,"",""
ball,1,33.6,New Zealand,LRPL Taylor,SB Styris,SL Malinga,0,0,,,,,,"",""
ball,1,34.1,New Zealand,SB Styris,LRPL Taylor,HMRKB Herath,1,0,,,,,,"",""
ball,1,34.2,New Zealand,LRPL Taylor,SB Styris,HMRKB Herath,0,0,,,,,,"",""
ball,1,34.3,New Zealand,LRPL Taylor,SB Styris,HMRKB Herath,0,0,,,,,,"",""
ball,1,34.4,New Zealand,LRPL Taylor,SB Styris,HMRKB Herath,1,0,,,,,,"",""
ball,1,34.5,New Zealand,SB Styris,LRPL Taylor,HMRKB Herath,1,0,,,,,,"",""
ball,1,34.6,New Zealand,LRPL Taylor,SB Styris,HMRKB Herath,0,0,,,,,,"",""
ball,1,35.1,New Zealand,SB Styris,LRPL Taylor,BAW Mendis,0,0,,,,,,"",""
ball,1,35.2,New Zealand,SB Styris,LRPL Taylor,BAW Mendis,4,0,,,,,,"",""
ball,1,35.3,New Zealand,SB Styris,LRPL Taylor,BAW Mendis,1,0,,,,,,"",""
ball,1,35.4,New Zealand,LRPL Taylor,SB Styris,BAW Mendis,0,0,,,,,,"",""
ball,1,35.5,New Zealand,LRPL Taylor,SB Styris,BAW Mendis,1,0,,,,,,"",""
ball,1,35.6,New Zealand,SB Styris,LRPL Taylor,BAW Mendis,1,0,,,,,,"",""
ball,1,36.1,New Zealand,SB Styris,LRPL Taylor,TM Dilshan,1,0,,,,,,"",""
ball,1,36.2,New Zealand,LRPL Taylor,SB Styris,TM Dilshan,0,0,,,,,,"",""
ball,1,36.3,New Zealand,LRPL Taylor,SB Styris,TM Dilshan,1,0,,,,,,"",""
ball,1,36.4,New Zealand,SB Styris,LRPL Taylor,TM Dilshan,1,0,,,,,,"",""
ball,1,36.5,New Zealand,LRPL Taylor,SB Styris,TM Dilshan,1,0,,,,,,"",""
ball,1,36.6,New Zealand,SB Styris,LRPL Taylor,TM Dilshan,0,0,,,,,,"",""
ball,1,37.1,New Zealand,LRPL Taylor,SB Styris,BAW Mendis,0,0,,,,,,"",""
ball,1,37.2,New Zealand,LRPL Taylor,SB Styris,BAW Mendis,3,0,,,,,,"",""
ball,1,37.3,New Zealand,SB Styris,LRPL Taylor,BAW Mendis,0,0,,,,,,"",""
ball,1,37.4,New Zealand,SB Styris,LRPL Taylor,BAW Mendis,0,0,,,,,,"",""
ball,1,37.5,New Zealand,SB Styris,LRPL Taylor,BAW Mendis,2,0,,,,,,"",""
ball,1,37.6,New Zealand,SB Styris,LRPL Taylor,BAW Mendis,1,0,,,,,,"",""
ball,1,38.1,New Zealand,SB Styris,LRPL Taylor,HMRKB Herath,0,0,,,,,,"",""
ball,1,38.2,New Zealand,SB Styris,LRPL Taylor,HMRKB Herath,1,0,,,,,,"",""
ball,1,38.3,New Zealand,LRPL Taylor,SB Styris,HMRKB Herath,1,0,,,,,,"",""
ball,1,38.4,New Zealand,SB Styris,LRPL Taylor,HMRKB Herath,0,0,,,,,,"",""
ball,1,38.5,New Zealand,SB Styris,LRPL Taylor,HMRKB Herath,0,0,,,,,,"",""
ball,1,38.6,New Zealand,SB Styris,LRPL Taylor,HMRKB Herath,0,0,,,,,,"",""
ball,1,39.1,New Zealand,LRPL Taylor,SB Styris,BAW Mendis,0,0,,,,,,caught,LRPL Taylor
ball,1,39.2,New Zealand,KS Williamson,SB Styris,BAW Mendis,0,0,,,,,,"",""
ball,1,39.3,New Zealand,KS Williamson,SB Styris,BAW Mendis,1,0,,,,,,"",""
ball,1,39.4,New Zealand,SB Styris,KS Williamson,BAW Mendis,1,0,,,,,,"",""
ball,1,39.5,New Zealand,KS Williamson,SB Styris,BAW Mendis,1,0,,,,,,"",""
ball,1,39.6,New Zealand,SB Styris,KS Williamson,BAW Mendis,1,0,,,,,,"",""
ball,1,40.1,New Zealand,SB Styris,KS Williamson,HMRKB Herath,0,0,,,,,,"",""
ball,1,40.2,New Zealand,SB Styris,KS Williamson,HMRKB Herath,1,0,,,,,,"",""
ball,1,40.3,New Zealand,KS Williamson,SB Styris,HMRKB Herath,1,0,,,,,,"",""
ball,1,40.4,New Zealand,SB Styris,KS Williamson,HMRKB Herath,1,0,,,,,,"",""
ball,1,40.5,New Zealand,KS Williamson,SB Styris,HMRKB Herath,1,0,,,,,,"",""
ball,1,40.6,New Zealand,SB Styris,KS Williamson,HMRKB Herath,0,0,,,,,,"",""
ball,1,41.1,New Zealand,KS Williamson,SB Styris,SL Malinga,0,0,,,,,,"",""
ball,1,41.2,New Zealand,KS Williamson,SB Styris,SL Malinga,1,0,,,,,,"",""
ball,1,41.3,New Zealand,SB Styris,KS Williamson,SL Malinga,1,0,,,,,,"",""
ball,1,41.4,New Zealand,KS Williamson,SB Styris,SL Malinga,4,0,,,,,,"",""
ball,1,41.5,New Zealand,KS Williamson,SB Styris,SL Malinga,3,1,,1,,,,"",""
ball,1,41.6,New Zealand,SB Styris,KS Williamson,SL Malinga,0,0,,,,,,"",""
ball,1,41.7,New Zealand,SB Styris,KS Williamson,SL Malinga,1,0,,,,,,"",""
ball,1,42.1,New Zealand,SB Styris,KS Williamson,M Muralitharan,1,0,,,,,,"",""
ball,1,42.2,New Zealand,KS Williamson,SB Styris,M Muralitharan,0,0,,,,,,"",""
ball,1,42.3,New Zealand,KS Williamson,SB Styris,M Muralitharan,4,0,,,,,,"",""
ball,1,42.4,New Zealand,KS Williamson,SB Styris,M Muralitharan,4,0,,,,,,"",""
ball,1,42.5,New Zealand,KS Williamson,SB Styris,M Muralitharan,0,0,,,,,,"",""
ball,1,42.6,New Zealand,KS Williamson,SB Styris,M Muralitharan,1,0,,,,,,"",""
ball,1,43.1,New Zealand,KS Williamson,SB Styris,SL Malinga,1,0,,,,,,"",""
ball,1,43.2,New Zealand,SB Styris,KS Williamson,SL Malinga,1,0,,,,,,"",""
ball,1,43.3,New Zealand,KS Williamson,SB Styris,SL Malinga,0,0,,,,,,lbw,KS Williamson
ball,1,43.4,New Zealand,NL McCullum,SB Styris,SL Malinga,0,0,,,,,,"",""
ball,1,43.5,New Zealand,NL McCullum,SB Styris,SL Malinga,0,0,,,,,,"",""
ball,1,43.6,New Zealand,NL McCullum,SB Styris,SL Malinga,0,0,,,,,,"",""
ball,1,44.1,New Zealand,SB Styris,NL McCullum,M Muralitharan,0,3,,,,3,,"",""
ball,1,44.2,New Zealand,NL McCullum,SB Styris,M Muralitharan,0,0,,,,,,"",""
ball,1,44.3,New Zealand,NL McCullum,SB Styris,M Muralitharan,2,0,,,,,,"",""
ball,1,44.4,New Zealand,NL McCullum,SB Styris,M Muralitharan,0,0,,,,,,"",""
ball,1,44.5,New Zealand,NL McCullum,SB Styris,M Muralitharan,6,0,,,,,,"",""
ball,1,44.6,New Zealand,NL McCullum,SB Styris,M Muralitharan,1,0,,,,,,"",""
ball,1,45.1,New Zealand,NL McCullum,SB Styris,SL Malinga,0,0,,,,,,caught,NL McCullum
ball,1,45.2,New Zealand,JDP Oram,SB Styris,SL Malinga,0,0,,,,,,"",""
ball,1,45.3,New Zealand,JDP Oram,SB Styris,SL Malinga,1,0,,,,,,"",""
ball,1,45.4,New Zealand,SB Styris,JDP Oram,SL Malinga,1,0,,,,,,"",""
ball,1,45.5,New Zealand,JDP Oram,SB Styris,SL Malinga,4,0,,,,,,"",""
ball,1,45.6,New Zealand,JDP Oram,SB Styris,SL Malinga,0,0,,,,,,"",""
ball,1,46.1,New Zealand,SB Styris,JDP Oram,M Muralitharan,1,0,,,,,,"",""
ball,1,46.2,New Zealand,JDP Oram,SB Styris,M Muralitharan,0,0,,,,,,"",""
ball,1,46.3,New Zealand,JDP Oram,SB Styris,M Muralitharan,1,0,,,,,,"",""
ball,1,46.4,New Zealand,SB Styris,JDP Oram,M Muralitharan,0,1,1,,,,,"",""
ball,1,46.5,New Zealand,SB Styris,JDP Oram,M Muralitharan,0,0,,,,,,"",""
ball,1,46.6,New Zealand,SB Styris,JDP Oram,M Muralitharan,0,0,,,,,,"",""
ball,1,46.7,New Zealand,SB Styris,JDP Oram,M Muralitharan,0,0,,,,,,lbw,SB Styris
ball,1,47.1,New Zealand,JDP Oram,DL Vettori,TM Dilshan,1,0,,,,,,"",""
ball,1,47.2,New Zealand,DL Vettori,JDP Oram,TM Dilshan,1,0,,,,,,"",""
ball,1,47.3,New Zealand,JDP Oram,DL Vettori,TM Dilshan,0,0,,,,,,"",""
ball,1,47.4,New Zealand,JDP Oram,DL Vettori,TM Dilshan,0,0,,,,,,caught,JDP Oram
ball,1,47.5,New Zealand,DL Vettori,TG Southee,TM Dilshan,1,0,,,,,,"",""
ball,1,47.6,New Zealand,TG Southee,DL Vettori,TM Dilshan,0,0,,,,,,"",""
ball,1,48.1,New Zealand,DL Vettori,TG Southee,BAW Mendis,1,0,,,,,,"",""
ball,1,48.2,New Zealand,TG Southee,DL Vettori,BAW Mendis,0,0,,,,,,"",""
ball,1,48.3,New Zealand,TG Southee,DL Vettori,BAW Mendis,0,0,,,,,,caught,TG Southee
ball,1,48.4,New Zealand,AJ McKay,DL Vettori,BAW Mendis,0,0,,,,,,"",""
ball,1,48.5,New Zealand,AJ McKay,DL Vettori,BAW Mendis,0,0,,,,,,bowled,AJ McKay
ball,2,0.1,Sri Lanka,WU Tharanga,TM Dilshan,NL McCullum,0,0,,,,,,"",""
ball,2,0.2,Sri Lanka,WU Tharanga,TM Dilshan,NL McCullum,0,0,,,,,,"",""
ball,2,0.3,Sri Lanka,WU Tharanga,TM Dilshan,NL McCullum,6,0,,,,,,"",""
ball,2,0.4,Sri Lanka,WU Tharanga,TM Dilshan,NL McCullum,0,0,,,,,,"",""
ball,2,0.5,Sri Lanka,WU Tharanga,TM Dilshan,NL McCullum,0,0,,,,,,"",""
ball,2,0.6,Sri Lanka,WU Tharanga,TM Dilshan,NL McCullum,0,0,,,,,,"",""
ball,2,1.1,Sri Lanka,TM Dilshan,WU Tharanga,TG Southee,0,0,,,,,,"",""
ball,2,1.2,Sri Lanka,TM Dilshan,WU Tharanga,TG Southee,0,0,,,,,,"",""
ball,2,1.3,Sri Lanka,TM Dilshan,WU Tharanga,TG Southee,1,0,,,,,,"",""
ball,2,1.4,Sri Lanka,WU Tharanga,TM Dilshan,TG Southee,0,0,,,,,,"",""
ball,2,1.5,Sri Lanka,WU Tharanga,TM Dilshan,TG Southee,4,0,,,,,,"",""
ball,2,1.6,Sri Lanka,WU Tharanga,TM Dilshan,TG Southee,0,3,3,,,,,"",""
ball,2,1.7,Sri Lanka,WU Tharanga,TM Dilshan,TG Southee,4,0,,,,,,"",""
ball,2,2.1,Sri Lanka,TM Dilshan,WU Tharanga,NL McCullum,0,0,,,,,,"",""
ball,2,2.2,Sri Lanka,TM Dilshan,WU Tharanga,NL McCullum,1,0,,,,,,"",""
ball,2,2.3,Sri Lanka,WU Tharanga,TM Dilshan,NL McCullum,0,0,,,,,,"",""
ball,2,2.4,Sri Lanka,WU Tharanga,TM Dilshan,NL McCullum,0,0,,,,,,"",""
ball,2,2.5,Sri Lanka,WU Tharanga,TM Dilshan,NL McCullum,0,0,,,,,,"",""
ball,2,2.6,Sri Lanka,WU Tharanga,TM Dilshan,NL McCullum,1,0,,,,,,"",""
ball,2,3.1,Sri Lanka,WU Tharanga,TM Dilshan,DL Vettori,0,0,,,,,,"",""
ball,2,3.2,Sri Lanka,WU Tharanga,TM Dilshan,DL Vettori,2,0,,,,,,"",""
ball,2,3.3,Sri Lanka,WU Tharanga,TM Dilshan,DL Vettori,0,0,,,,,,"",""
ball,2,3.4,Sri Lanka,WU Tharanga,TM Dilshan,DL Vettori,0,0,,,,,,"",""
ball,2,3.5,Sri Lanka,WU Tharanga,TM Dilshan,DL Vettori,1,0,,,,,,"",""
ball,2,3.6,Sri Lanka,TM Dilshan,WU Tharanga,DL Vettori,1,0,,,,,,"",""
ball,2,4.1,Sri Lanka,TM Dilshan,WU Tharanga,NL McCullum,0,0,,,,,,"",""
ball,2,4.2,Sri Lanka,TM Dilshan,WU Tharanga,NL McCullum,0,0,,,,,,"",""
ball,2,4.3,Sri Lanka,TM Dilshan,WU Tharanga,NL McCullum,1,0,,,,,,"",""
ball,2,4.4,Sri Lanka,WU Tharanga,TM Dilshan,NL McCullum,0,0,,,,,,"",""
ball,2,4.5,Sri Lanka,WU Tharanga,TM Dilshan,NL McCullum,0,0,,,,,,"",""
ball,2,4.6,Sri Lanka,WU Tharanga,TM Dilshan,NL McCullum,4,0,,,,,,"",""
ball,2,5.1,Sri Lanka,TM Dilshan,WU Tharanga,DL Vettori,1,0,,,,,,"",""
ball,2,5.2,Sri Lanka,WU Tharanga,TM Dilshan,DL Vettori,2,0,,,,,,"",""
ball,2,5.3,Sri Lanka,WU Tharanga,TM Dilshan,DL Vettori,0,0,,,,,,"",""
ball,2,5.4,Sri Lanka,WU Tharanga,TM Dilshan,DL Vettori,0,0,,,,,,"",""
ball,2,5.5,Sri Lanka,WU Tharanga,TM Dilshan,DL Vettori,1,0,,,,,,"",""
ball,2,5.6,Sri Lanka,TM Dilshan,WU Tharanga,DL Vettori,1,0,,,,,,"",""
ball,2,6.1,Sri Lanka,TM Dilshan,WU Tharanga,NL McCullum,0,1,,,,1,,"",""
ball,2,6.2,Sri Lanka,WU Tharanga,TM Dilshan,NL McCullum,0,0,,,,,,"",""
ball,2,6.3,Sri Lanka,WU Tharanga,TM Dilshan,NL McCullum,0,0,,,,,,"",""
ball,2,6.4,Sri Lanka,WU Tharanga,TM Dilshan,NL McCullum,4,0,,,,,,"",""
ball,2,6.5,Sri Lanka,WU Tharanga,TM Dilshan,NL McCullum,1,0,,,,,,"",""
ball,2,6.6,Sri Lanka,TM Dilshan,WU Tharanga,NL McCullum,0,0,,,,,,"",""
ball,2,7.1,Sri Lanka,WU Tharanga,TM Dilshan,TG Southee,0,0,,,,,,"",""
ball,2,7.2,Sri Lanka,WU Tharanga,TM Dilshan,TG Southee,0,0,,,,,,caught,WU Tharanga
ball,2,7.3,Sri Lanka,KC Sangakkara,TM Dilshan,TG Southee,1,0,,,,,,"",""
ball,2,7.4,Sri Lanka,TM Dilshan,KC Sangakkara,TG Southee,4,0,,,,,,"",""
ball,2,7.5,Sri Lanka,TM Dilshan,KC Sangakkara,TG Southee,1,0,,,,,,"",""
ball,2,7.6,Sri Lanka,KC Sangakkara,TM Dilshan,TG Southee,0,0,,,,,,"",""
ball,2,8.1,Sri Lanka,TM Dilshan,KC Sangakkara,JDP Oram,0,0,,,,,,"",""
ball,2,8.2,Sri Lanka,TM Dilshan,KC Sangakkara,JDP Oram,0,0,,,,,,"",""
ball,2,8.3,Sri Lanka,TM Dilshan,KC Sangakkara,JDP Oram,0,0,,,,,,"",""
ball,2,8.4,Sri Lanka,TM Dilshan,KC Sangakkara,JDP Oram,0,0,,,,,,"",""
ball,2,8.5,Sri Lanka,TM Dilshan,KC Sangakkara,JDP Oram,0,0,,,,,,"",""
ball,2,8.6,Sri Lanka,TM Dilshan,KC Sangakkara,JDP Oram,0,0,,,,,,"",""
ball,2,9.1,Sri Lanka,KC Sangakkara,TM Dilshan,TG Southee,0,0,,,,,,"",""
ball,2,9.2,Sri Lanka,KC Sangakkara,TM Dilshan,TG Southee,1,0,,,,,,"",""
ball,2,9.3,Sri Lanka,TM Dilshan,KC Sangakkara,TG Southee,0,0,,,,,,"",""
ball,2,9.4,Sri Lanka,TM Dilshan,KC Sangakkara,TG Southee,0,0,,,,,,"",""
ball,2,9.5,Sri Lanka,TM Dilshan,KC Sangakkara,TG Southee,0,0,,,,,,"",""
ball,2,9.6,Sri Lanka,TM Dilshan,KC Sangakkara,TG Southee,0,0,,,,,,"",""
ball,2,10.1,Sri Lanka,KC Sangakkara,TM Dilshan,JDP Oram,4,0,,,,,,"",""
ball,2,10.2,Sri Lanka,KC Sangakkara,TM Dilshan,JDP Oram,0,0,,,,,,"",""
ball,2,10.3,Sri Lanka,KC Sangakkara,TM Dilshan,JDP Oram,0,0,,,,,,"",""
ball,2,10.4,Sri Lanka,KC Sangakkara,TM Dilshan,JDP Oram,0,0,,,,,,"",""
ball,2,10.5,Sri Lanka,KC Sangakkara,TM Dilshan,JDP Oram,0,0,,,,,,"",""
ball,2,10.6,Sri Lanka,KC Sangakkara,TM Dilshan,JDP Oram,0,0,,,,,,"",""
ball,2,11.1,Sri Lanka,TM Dilshan,KC Sangakkara,TG Southee,0,0,,,,,,"",""
ball,2,11.2,Sri Lanka,TM Dilshan,KC Sangakkara,TG Southee,0,0,,,,,,"",""
ball,2,11.3,Sri Lanka,TM Dilshan,KC Sangakkara,TG Southee,4,0,,,,,,"",""
ball,2,11.4,Sri Lanka,TM Dilshan,KC Sangakkara,TG Southee,0,0,,,,,,"",""
ball,2,11.5,Sri Lanka,TM Dilshan,KC Sangakkara,TG Southee,4,0,,,,,,"",""
ball,2,11.6,Sri Lanka,TM Dilshan,KC Sangakkara,TG Southee,0,0,,,,,,"",""
ball,2,12.1,Sri Lanka,KC Sangakkara,TM Dilshan,JDP Oram,1,0,,,,,,"",""
ball,2,12.2,Sri Lanka,TM Dilshan,KC Sangakkara,JDP Oram,0,0,,,,,,"",""
ball,2,12.3,Sri Lanka,TM Dilshan,KC Sangakkara,JDP Oram,1,0,,,,,,"",""
ball,2,12.4,Sri Lanka,KC Sangakkara,TM Dilshan,JDP Oram,1,0,,,,,,"",""
ball,2,12.5,Sri Lanka,TM Dilshan,KC Sangakkara,JDP Oram,0,0,,,,,,"",""
ball,2,12.6,Sri Lanka,TM Dilshan,KC Sangakkara,JDP Oram,0,0,,,,,,"",""
ball,2,13.1,Sri Lanka,KC Sangakkara,TM Dilshan,DL Vettori,0,0,,,,,,"",""
ball,2,13.2,Sri Lanka,KC Sangakkara,TM Dilshan,DL Vettori,0,0,,,,,,"",""
ball,2,13.3,Sri Lanka,KC Sangakkara,TM Dilshan,DL Vettori,0,0,,,,,,"",""
ball,2,13.4,Sri Lanka,KC Sangakkara,TM Dilshan,DL Vettori,1,0,,,,,,"",""
ball,2,13.5,Sri Lanka,TM Dilshan,KC Sangakkara,DL Vettori,0,0,,,,,,"",""
ball,2,13.6,Sri Lanka,TM Dilshan,KC Sangakkara,DL Vettori,0,0,,,,,,"",""
ball,2,14.1,Sri Lanka,KC Sangakkara,TM Dilshan,JDP Oram,0,0,,,,,,"",""
ball,2,14.2,Sri Lanka,KC Sangakkara,TM Dilshan,JDP Oram,4,0,,,,,,"",""
ball,2,14.3,Sri Lanka,KC Sangakkara,TM Dilshan,JDP Oram,0,0,,,,,,"",""
ball,2,14.4,Sri Lanka,KC Sangakkara,TM Dilshan,JDP Oram,0,0,,,,,,"",""
ball,2,14.5,Sri Lanka,KC Sangakkara,TM Dilshan,JDP Oram,0,0,,,,,,"",""
ball,2,14.6,Sri Lanka,KC Sangakkara,TM Dilshan,JDP Oram,0,0,,,,,,"",""
ball,2,15.1,Sri Lanka,TM Dilshan,KC Sangakkara,DL Vettori,0,0,,,,,,"",""
ball,2,15.2,Sri Lanka,TM Dilshan,KC Sangakkara,DL Vettori,0,0,,,,,,"",""
ball,2,15.3,Sri Lanka,TM Dilshan,KC Sangakkara,DL Vettori,1,0,,,,,,"",""
ball,2,15.4,Sri Lanka,KC Sangakkara,TM Dilshan,DL Vettori,1,0,,,,,,"",""
ball,2,15.5,Sri Lanka,TM Dilshan,KC Sangakkara,DL Vettori,0,0,,,,,,"",""
ball,2,15.6,Sri Lanka,TM Dilshan,KC Sangakkara,DL Vettori,1,0,,,,,,"",""
ball,2,16.1,Sri Lanka,TM Dilshan,KC Sangakkara,AJ McKay,1,0,,,,,,"",""
ball,2,16.2,Sri Lanka,KC Sangakkara,TM Dilshan,AJ McKay,0,0,,,,,,"",""
ball,2,16.3,Sri Lanka,KC Sangakkara,TM Dilshan,AJ McKay,0,0,,,,,,"",""
ball,2,16.4,Sri Lanka,KC Sangakkara,TM Dilshan,AJ McKay,0,0,,,,,,"",""
ball,2,16.5,Sri Lanka,KC Sangakkara,TM Dilshan,AJ McKay,0,1,,,,1,,"",""
ball,2,16.6,Sri Lanka,TM Dilshan,KC Sangakkara,AJ McKay,1,0,,,,,,"",""
ball,2,17.1,Sri Lanka,TM Dilshan,KC Sangakkara,DL Vettori,1,0,,,,,,"",""
ball,2,17.2,Sri Lanka,KC Sangakkara,TM Dilshan,DL Vettori,1,0,,,,,,"",""
ball,2,17.3,Sri Lanka,TM Dilshan,KC Sangakkara,DL Vettori,0,0,,,,,,"",""
ball,2,17.4,Sri Lanka,TM Dilshan,KC Sangakkara,DL Vettori,1,0,,,,,,"",""
ball,2,17.5,Sri Lanka,KC Sangakkara,TM Dilshan,DL Vettori,0,0,,,,,,"",""
ball,2,17.6,Sri Lanka,KC Sangakkara,TM Dilshan,DL Vettori,0,0,,,,,,"",""
ball,2,18.1,Sri Lanka,TM Dilshan,KC Sangakkara,AJ McKay,0,0,,,,,,"",""
ball,2,18.2,Sri Lanka,TM Dilshan,KC Sangakkara,AJ McKay,0,0,,,,,,"",""
ball,2,18.3,Sri Lanka,TM Dilshan,KC Sangakkara,AJ McKay,0,0,,,,,,"",""
ball,2,18.4,Sri Lanka,TM Dilshan,KC Sangakkara,AJ McKay,0,0,,,,,,"",""
ball,2,18.5,Sri Lanka,TM Dilshan,KC Sangakkara,AJ McKay,0,0,,,,,,"",""
ball,2,18.6,Sri Lanka,TM Dilshan,KC Sangakkara,AJ McKay,0,0,,,,,,"",""
ball,2,19.1,Sri Lanka,KC Sangakkara,TM Dilshan,SB Styris,1,0,,,,,,"",""
ball,2,19.2,Sri Lanka,TM Dilshan,KC Sangakkara,SB Styris,4,0,,,,,,"",""
ball,2,19.3,Sri Lanka,TM Dilshan,KC Sangakkara,SB Styris,1,0,,,,,,"",""
ball,2,19.4,Sri Lanka,KC Sangakkara,TM Dilshan,SB Styris,1,0,,,,,,"",""
ball,2,19.5,Sri Lanka,TM Dilshan,KC Sangakkara,SB Styris,0,0,,,,,,"",""
ball,2,19.6,Sri Lanka,TM Dilshan,KC Sangakkara,SB Styris,0,0,,,,,,"",""
ball,2,20.1,Sri Lanka,KC Sangakkara,TM Dilshan,AJ McKay,4,0,,,,,,"",""
ball,2,20.2,Sri Lanka,KC Sangakkara,TM Dilshan,AJ McKay,0,0,,,,,,"",""
ball,2,20.3,Sri Lanka,KC Sangakkara,TM Dilshan,AJ McKay,0,0,,,,,,"",""
ball,2,20.4,Sri Lanka,KC Sangakkara,TM Dilshan,AJ McKay,0,0,,,,,,"",""
ball,2,20.5,Sri Lanka,KC Sangakkara,TM Dilshan,AJ McKay,0,0,,,,,,"",""
ball,2,20.6,Sri Lanka,KC Sangakkara,TM Dilshan,AJ McKay,0,0,,,,,,"",""
ball,2,21.1,Sri Lanka,TM Dilshan,KC Sangakkara,SB Styris,1,0,,,,,,"",""
ball,2,21.2,Sri Lanka,KC Sangakkara,TM Dilshan,SB Styris,1,0,,,,,,"",""
ball,2,21.3,Sri Lanka,TM Dilshan,KC Sangakkara,SB Styris,1,0,,,,,,"",""
ball,2,21.4,Sri Lanka,KC Sangakkara,TM Dilshan,SB Styris,0,0,,,,,,"",""
ball,2,21.5,Sri Lanka,KC Sangakkara,TM Dilshan,SB Styris,1,0,,,,,,"",""
ball,2,21.6,Sri Lanka,TM Dilshan,KC Sangakkara,SB Styris,1,0,,,,,,"",""
ball,2,22.1,Sri Lanka,TM Dilshan,KC Sangakkara,AJ McKay,1,0,,,,,,"",""
ball,2,22.2,Sri Lanka,KC Sangakkara,TM Dilshan,AJ McKay,0,0,,,,,,"",""
ball,2,22.3,Sri Lanka,KC Sangakkara,TM Dilshan,AJ McKay,0,1,1,,,,,"",""
ball,2,22.4,Sri Lanka,KC Sangakkara,TM Dilshan,AJ McKay,0,0,,,,,,"",""
ball,2,22.5,Sri Lanka,KC Sangakkara,TM Dilshan,AJ McKay,0,0,,,,,,"",""
ball,2,22.6,Sri Lanka,KC Sangakkara,TM Dilshan,AJ McKay,4,0,,,,,,"",""
ball,2,22.7,Sri Lanka,KC Sangakkara,TM Dilshan,AJ McKay,1,0,,,,,,"",""
ball,2,23.1,Sri Lanka,KC Sangakkara,TM Dilshan,JDP Oram,1,0,,,,,,"",""
ball,2,23.2,Sri Lanka,TM Dilshan,KC Sangakkara,JDP Oram,6,0,,,,,,"",""
ball,2,23.3,Sri Lanka,TM Dilshan,KC Sangakkara,JDP Oram,0,0,,,,,,"",""
ball,2,23.4,Sri Lanka,TM Dilshan,KC Sangakkara,JDP Oram,0,0,,,,,,"",""
ball,2,23.5,Sri Lanka,TM Dilshan,KC Sangakkara,JDP Oram,4,0,,,,,,"",""
ball,2,23.6,Sri Lanka,TM Dilshan,KC Sangakkara,JDP Oram,0,0,,,,,,"",""
ball,2,24.1,Sri Lanka,KC Sangakkara,TM Dilshan,NL McCullum,1,0,,,,,,"",""
ball,2,24.2,Sri Lanka,TM Dilshan,KC Sangakkara,NL McCullum,1,0,,,,,,"",""
ball,2,24.3,Sri Lanka,KC Sangakkara,TM Dilshan,NL McCullum,0,0,,,,,,"",""
ball,2,24.4,Sri Lanka,KC Sangakkara,TM Dilshan,NL McCullum,0,0,,,,,,"",""
ball,2,24.5,Sri Lanka,KC Sangakkara,TM Dilshan,NL McCullum,0,0,,,,,,"",""
ball,2,24.6,Sri Lanka,KC Sangakkara,TM Dilshan,NL McCullum,4,0,,,,,,"",""
ball,2,25.1,Sri Lanka,TM Dilshan,KC Sangakkara,JDP Oram,0,0,,,,,,"",""
ball,2,25.2,Sri Lanka,TM Dilshan,KC Sangakkara,JDP Oram,0,0,,,,,,"",""
ball,2,25.3,Sri Lanka,TM Dilshan,KC Sangakkara,JDP Oram,0,0,,,,,,"",""
ball,2,25.4,Sri Lanka,TM Dilshan,KC Sangakkara,JDP Oram,4,0,,,,,,"",""
ball,2,25.5,Sri Lanka,TM Dilshan,KC Sangakkara,JDP Oram,0,0,,,,,,"",""
ball,2,25.6,Sri Lanka,TM Dilshan,KC Sangakkara,JDP Oram,0,0,,,,,,"",""
ball,2,26.1,Sri Lanka,KC Sangakkara,TM Dilshan,NL McCullum,0,0,,,,,,"",""
ball,2,26.2,Sri Lanka,KC Sangakkara,TM Dilshan,NL McCullum,0,1,1,,,,,"",""
ball,2,26.3,Sri Lanka,KC Sangakkara,TM Dilshan,NL McCullum,1,0,,,,,,"",""
ball,2,26.4,Sri Lanka,TM Dilshan,KC Sangakkara,NL McCullum,1,0,,,,,,"",""
ball,2,26.5,Sri Lanka,KC Sangakkara,TM Dilshan,NL McCullum,6,0,,,,,,"",""
ball,2,26.6,Sri Lanka,KC Sangakkara,TM Dilshan,NL McCullum,0,0,,,,,,"",""
ball,2,26.7,Sri Lanka,KC Sangakkara,TM Dilshan,NL McCullum,0,0,,,,,,"",""
ball,2,27.1,Sri Lanka,TM Dilshan,KC Sangakkara,DL Vettori,0,0,,,,,,"",""
ball,2,27.2,Sri Lanka,TM Dilshan,KC Sangakkara,DL Vettori,2,0,,,,,,"",""
ball,2,27.3,Sri Lanka,TM Dilshan,KC Sangakkara,DL Vettori,0,0,,,,,,"",""
ball,2,27.4,Sri Lanka,TM Dilshan,KC Sangakkara,DL Vettori,2,0,,,,,,"",""
ball,2,27.5,Sri Lanka,TM Dilshan,KC Sangakkara,DL Vettori,4,0,,,,,,"",""
ball,2,27.6,Sri Lanka,TM Dilshan,KC Sangakkara,DL Vettori,0,0,,,,,,"",""
ball,2,28.1,Sri Lanka,KC Sangakkara,TM Dilshan,TG Southee,1,0,,,,,,"",""
ball,2,28.2,Sri Lanka,TM Dilshan,KC Sangakkara,TG Southee,1,0,,,,,,"",""
ball,2,28.3,Sri Lanka,KC Sangakkara,TM Dilshan,TG Southee,4,0,,,,,,"",""
ball,2,28.4,Sri Lanka,KC Sangakkara,TM Dilshan,TG Southee,0,0,,,,,,"",""
ball,2,28.5,Sri Lanka,KC Sangakkara,TM Dilshan,TG Southee,0,0,,,,,,"",""
ball,2,28.6,Sri Lanka,KC Sangakkara,TM Dilshan,TG Southee,0,0,,,,,,"",""
ball,2,29.1,Sri Lanka,TM Dilshan,KC Sangakkara,DL Vettori,0,0,,,,,,"",""
ball,2,29.2,Sri Lanka,TM Dilshan,KC Sangakkara,DL Vettori,0,0,,,,,,"",""
ball,2,29.3,Sri Lanka,TM Dilshan,KC Sangakkara,DL Vettori,4,0,,,,,,"",""
ball,2,29.4,Sri Lanka,TM Dilshan,KC Sangakkara,DL Vettori,0,0,,,,,,"",""
ball,2,29.5,Sri Lanka,TM Dilshan,KC Sangakkara,DL Vettori,0,0,,,,,,"",""
ball,2,29.6,Sri Lanka,TM Dilshan,KC Sangakkara,DL Vettori,0,0,,,,,,"",""
ball,2,30.1,Sri Lanka,KC Sangakkara,TM Dilshan,TG Southee,0,0,,,,,,"",""
ball,2,30.2,Sri Lanka,KC Sangakkara,TM Dilshan,TG Southee,0,0,,,,,,"",""
ball,2,30.3,Sri Lanka,KC Sangakkara,TM Dilshan,TG Southee,0,0,,,,,,"",""
ball,2,30.4,Sri Lanka,KC Sangakkara,TM Dilshan,TG Southee,0,0,,,,,,"",""
ball,2,30.5,Sri Lanka,KC Sangakkara,TM Dilshan,TG Southee,0,0,,,,,,"",""
ball,2,30.6,Sri Lanka,KC Sangakkara,TM Dilshan,TG Southee,0,0,,,,,,"",""
ball,2,31.1,Sri Lanka,TM Dilshan,KC Sangakkara,DL Vettori,4,0,,,,,,"",""
ball,2,31.2,Sri Lanka,TM Dilshan,KC Sangakkara,DL Vettori,1,0,,,,,,"",""
ball,2,31.3,Sri Lanka,KC Sangakkara,TM Dilshan,DL Vettori,0,0,,,,,,"",""
ball,2,31.4,Sri Lanka,KC Sangakkara,TM Dilshan,DL Vettori,0,0,,,,,,"",""
ball,2,31.5,Sri Lanka,KC Sangakkara,TM Dilshan,DL Vettori,1,0,,,,,,"",""
ball,2,31.6,Sri Lanka,TM Dilshan,KC Sangakkara,DL Vettori,0,0,,,,,,"",""
ball,2,32.1,Sri Lanka,KC Sangakkara,TM Dilshan,TG Southee,3,0,,,,,,"",""
ball,2,32.2,Sri Lanka,TM Dilshan,KC Sangakkara,TG Southee,0,0,,,,,,"",""
ball,2,32.3,Sri Lanka,TM Dilshan,KC Sangakkara,TG Southee,4,0,,,,,,"",""
ball,2,32.4,Sri Lanka,TM Dilshan,KC Sangakkara,TG Southee,0,0,,,,,,caught,TM Dilshan
ball,2,32.5,Sri Lanka,DPMD Jayawardene,KC Sangakkara,TG Southee,0,0,,,,,,"",""
ball,2,32.6,Sri Lanka,DPMD Jayawardene,KC Sangakkara,TG Southee,1,0,,,,,,"",""
ball,2,33.1,Sri Lanka,DPMD Jayawardene,KC Sangakkara,DL Vettori,0,0,,,,,,lbw,DPMD Jayawardene
ball,2,33.2,Sri Lanka,TT Samaraweera,KC Sangakkara,DL Vettori,0,0,,,,,,"",""
ball,2,33.3,Sri Lanka,TT Samaraweera,KC Sangakkara,DL Vettori,0,0,,,,,,"",""
ball,2,33.4,Sri Lanka,TT Samaraweera,KC Sangakkara,DL Vettori,0,0,,,,,,"",""
ball,2,33.5,Sri Lanka,TT Samaraweera,KC Sangakkara,DL Vettori,1,0,,,,,,"",""
ball,2,33.6,Sri Lanka,KC Sangakkara,TT Samaraweera,DL Vettori,0,0,,,,,,"",""
ball,2,34.1,Sri Lanka,TT Samaraweera,KC Sangakkara,AJ McKay,1,0,,,,,,"",""
ball,2,34.2,Sri Lanka,KC Sangakkara,TT Samaraweera,AJ McKay,0,0,,,,,,"",""
ball,2,34.3,Sri Lanka,KC Sangakkara,TT Samaraweera,AJ McKay,4,0,,,,,,"",""
ball,2,34.4,Sri Lanka,KC Sangakkara,TT Samaraweera,AJ McKay,0,0,,,,,,"",""
ball,2,34.5,Sri Lanka,KC Sangakkara,TT Samaraweera,AJ McKay,0,0,,,,,,"",""
ball,2,34.6,Sri Lanka,KC Sangakkara,TT Samaraweera,AJ McKay,0,0,,,,,,"",""
ball,2,35.1,Sri Lanka,TT Samaraweera,KC Sangakkara,DL Vettori,0,0,,,,,,"",""
ball,2,35.2,Sri Lanka,TT Samaraweera,KC Sangakkara,DL Vettori,0,0,,,,,,"",""
ball,2,35.3,Sri Lanka,TT Samaraweera,KC Sangakkara,DL Vettori,0,0,,,,,,"",""
ball,2,35.4,Sri Lanka,TT Samaraweera,KC Sangakkara,DL Vettori,0,0,,,,,,"",""
ball,2,35.5,Sri Lanka,TT Samaraweera,KC Sangakkara,DL Vettori,0,0,,,,,,"",""
ball,2,35.6,Sri Lanka,TT Samaraweera,KC Sangakkara,DL Vettori,1,0,,,,,,"",""
ball,2,36.1,Sri Lanka,TT Samaraweera,KC Sangakkara,AJ McKay,1,0,,,,,,"",""
ball,2,36.2,Sri Lanka,KC Sangakkara,TT Samaraweera,AJ McKay,0,0,,,,,,caught,KC Sangakkara
ball,2,36.3,Sri Lanka,LPC Silva,TT Samaraweera,AJ McKay,0,0,,,,,,"",""
ball,2,36.4,Sri Lanka,LPC Silva,TT Samaraweera,AJ McKay,0,0,,,,,,"",""
ball,2,36.5,Sri Lanka,LPC Silva,TT Samaraweera,AJ McKay,0,0,,,,,,"",""
ball,2,36.6,Sri Lanka,LPC Silva,TT Samaraweera,AJ McKay,0,0,,,,,,"",""
ball,2,37.1,Sri Lanka,TT Samaraweera,LPC Silva,JDP Oram,0,0,,,,,,"",""
ball,2,37.2,Sri Lanka,TT Samaraweera,LPC Silva,JDP Oram,0,0,,,,,,"",""
ball,2,37.3,Sri Lanka,TT Samaraweera,LPC Silva,JDP Oram,0,0,,,,,,"",""
ball,2,37.4,Sri Lanka,TT Samaraweera,LPC Silva,JDP Oram,0,0,,,,,,"",""
ball,2,37.5,Sri Lanka,TT Samaraweera,LPC Silva,JDP Oram,1,0,,,,,,"",""
ball,2,37.6,Sri Lanka,LPC Silva,TT Samaraweera,JDP Oram,0,0,,,,,,"",""
ball,2,38.1,Sri Lanka,TT Samaraweera,LPC Silva,AJ McKay,1,0,,,,,,"",""
ball,2,38.2,Sri Lanka,LPC Silva,TT Samaraweera,AJ McKay,0,0,,,,,,"",""
ball,2,38.3,Sri Lanka,LPC Silva,TT Samaraweera,AJ McKay,0,0,,,,,,"",""
ball,2,38.4,Sri Lanka,LPC Silva,TT Samaraweera,AJ McKay,0,0,,,,,,"",""
ball,2,38.5,Sri Lanka,LPC Silva,TT Samaraweera,AJ McKay,0,0,,,,,,"",""
ball,2,38.6,Sri Lanka,LPC Silva,TT Samaraweera,AJ McKay,1,0,,,,,,"",""
ball,2,39.1,Sri Lanka,LPC Silva,TT Samaraweera,JDP Oram,0,0,,,,,,"",""
ball,2,39.2,Sri Lanka,LPC Silva,TT Samaraweera,JDP Oram,0,0,,,,,,"",""
ball,2,39.3,Sri Lanka,LPC Silva,TT Samaraweera,JDP Oram,0,0,,,,,,"",""
ball,2,39.4,Sri Lanka,LPC Silva,TT Samaraweera,JDP Oram,0,0,,,,,,"",""
ball,2,39.5,Sri Lanka,LPC Silva,TT Samaraweera,JDP Oram,2,0,,,,,,"",""
ball,2,39.6,Sri Lanka,LPC Silva,TT Samaraweera,JDP Oram,0,0,,,,,,"",""
ball,2,40.1,Sri Lanka,TT Samaraweera,LPC Silva,AJ McKay,0,0,,,,,,"",""
ball,2,40.2,Sri Lanka,TT Samaraweera,LPC Silva,AJ McKay,0,0,,,,,,"",""
ball,2,40.3,Sri Lanka,TT Samaraweera,LPC Silva,AJ McKay,1,0,,,,,,"",""
ball,2,40.4,Sri Lanka,LPC Silva,TT Samaraweera,AJ McKay,1,0,,,,,,"",""
ball,2,40.5,Sri Lanka,TT Samaraweera,LPC Silva,AJ McKay,0,0,,,,,,"",""
ball,2,40.6,Sri Lanka,TT Samaraweera,LPC Silva,AJ McKay,0,0,,,,,,"",""
ball,2,41.1,Sri Lanka,LPC Silva,TT Samaraweera,JD Ryder,0,0,,,,,,"",""
ball,2,41.2,Sri Lanka,LPC Silva,TT Samaraweera,JD Ryder,0,0,,,,,,"",""
ball,2,41.3,Sri Lanka,LPC Silva,TT Samaraweera,JD Ryder,0,0,,,,,,"",""
ball,2,41.4,Sri Lanka,LPC Silva,TT Samaraweera,JD Ryder,4,0,,,,,,"",""
ball,2,41.5,Sri Lanka,LPC Silva,TT Samaraweera,JD Ryder,4,0,,,,,,"",""
ball,2,41.6,Sri Lanka,LPC Silva,TT Samaraweera,JD Ryder,1,0,,,,,,"",""
ball,2,42.1,Sri Lanka,LPC Silva,TT Samaraweera,TG Southee,0,0,,,,,,"",""
ball,2,42.2,Sri Lanka,LPC Silva,TT Samaraweera,TG Southee,0,0,,,,,,bowled,LPC Silva
ball,2,42.3,Sri Lanka,AD Mathews,TT Samaraweera,TG Southee,0,0,,,,,,"",""
ball,2,42.4,Sri Lanka,AD Mathews,TT Samaraweera,TG Southee,0,0,,,,,,"",""
ball,2,42.5,Sri Lanka,AD Mathews,TT Samaraweera,TG Southee,0,0,,,,,,"",""
ball,2,42.6,Sri Lanka,AD Mathews,TT Samaraweera,TG Southee,0,0,,,,,,"",""
ball,2,43.1,Sri Lanka,TT Samaraweera,AD Mathews,JD Ryder,0,0,,,,,,"",""
ball,2,43.2,Sri Lanka,TT Samaraweera,AD Mathews,JD Ryder,4,0,,,,,,"",""
ball,2,43.3,Sri Lanka,TT Samaraweera,AD Mathews,JD Ryder,0,0,,,,,,"",""
ball,2,43.4,Sri Lanka,TT Samaraweera,AD Mathews,JD Ryder,0,0,,,,,,"",""
ball,2,43.5,Sri Lanka,TT Samaraweera,AD Mathews,JD Ryder,1,0,,,,,,"",""
ball,2,43.6,Sri Lanka,AD Mathews,TT Samaraweera,JD Ryder,0,0,,,,,,"",""
ball,2,44.1,Sri Lanka,TT Samaraweera,AD Mathews,TG Southee,4,0,,,,,,"",""
ball,2,44.2,Sri Lanka,TT Samaraweera,AD Mathews,TG Southee,0,0,,,,,,"",""
ball,2,44.3,Sri Lanka,TT Samaraweera,AD Mathews,TG Southee,0,0,,,,,,"",""
ball,2,44.4,Sri Lanka,TT Samaraweera,AD Mathews,TG Southee,0,0,,,,,,"",""
ball,2,44.5,Sri Lanka,TT Samaraweera,AD Mathews,TG Southee,1,0,,,,,,"",""
ball,2,44.6,Sri Lanka,AD Mathews,TT Samaraweera,TG Southee,1,0,,,,,,"",""
ball,2,45.1,Sri Lanka,AD Mathews,TT Samaraweera,AJ McKay,0,0,,,,,,"",""
ball,2,45.2,Sri Lanka,AD Mathews,TT Samaraweera,AJ McKay,1,0,,,,,,"",""
ball,2,45.3,Sri Lanka,TT Samaraweera,AD Mathews,AJ McKay,1,0,,,,,,"",""
ball,2,45.4,Sri Lanka,AD Mathews,TT Samaraweera,AJ McKay,0,5,5,,,,,"",""
ball,2,45.5,Sri Lanka,AD Mathews,TT Samaraweera,AJ McKay,0,0,,,,,,"",""
ball,2,45.6,Sri Lanka,AD Mathews,TT Samaraweera,AJ McKay,0,0,,,,,,"",""
ball,2,45.7,Sri Lanka,AD Mathews,TT Samaraweera,AJ McKay,1,0,,,,,,"",""
ball,2,46.1,Sri Lanka,AD Mathews,TT Samaraweera,TG Southee,6,0,,,,,,"",""
ball,2,46.2,Sri Lanka,AD Mathews,TT Samaraweera,TG Southee,0,0,,,,,,"",""
ball,2,46.3,Sri Lanka,AD Mathews,TT Samaraweera,TG Southee,4,0,,,,,,"",""
ball,2,46.4,Sri Lanka,AD Mathews,TT Samaraweera,TG Southee,0,0,,,,,,"",""
ball,2,46.5,Sri Lanka,AD Mathews,TT Samaraweera,TG Southee,0,0,,,,,,"",""
ball,2,46.6,Sri Lanka,AD Mathews,TT Samaraweera,TG Southee,0,0,,,,,,"",""
ball,2,47.1,Sri Lanka,TT Samaraweera,AD Mathews,AJ McKay,1,0,,,,,,"",""
ball,2,47.2,Sri Lanka,AD Mathews,TT Samaraweera,AJ McKay,1,0,,,,,,"",""
ball,2,47.3,Sri Lanka,TT Samaraweera,AD Mathews,AJ McKay,0,0,,,,,,"",""
ball,2,47.4,Sri Lanka,TT Samaraweera,AD Mathews,AJ McKay,0,0,,,,,,"",""
ball,2,47.5,Sri Lanka,TT Samaraweera,AD Mathews,AJ McKay,4,0,,,,,,"",""
