version,1.7.0
info,balls_per_over,6
info,team,West Indies
info,team,South Africa
info,gender,male
info,season,2002/03
info,date,2003/02/09
info,event,ICC World Cup
info,match_number,1
info,venue,"Newlands, Cape Town"
info,city,Cape Town
info,toss_winner,West Indies
info,toss_decision,bat
info,player_of_match,BC Lara
info,umpire,DJ Harper
info,umpire,S Venkataraghavan
info,tv_umpire,P Willey
info,match_referee,RS Madugalle
info,winner,West Indies
info,winner_runs,3
info,player,West Indies,CH Gayle
info,player,West Indies,WW Hinds
info,player,West Indies,BC Lara
info,player,West Indies,S Chanderpaul
info,player,West Indies,CL Hooper
info,player,West Indies,RL Powell
info,player,West Indies,RR Sarwan
info,player,West Indies,RD Jacobs
info,player,West Indies,VC Drakes
info,player,West Indies,M Dillon
info,player,West Indies,PT Collins
info,player,South Africa,HH Gibbs
info,player,South Africa,G Kirsten
info,player,South Africa,HH Dippenaar
info,player,South Africa,JH Kallis
info,player,South Africa,JN Rhodes
info,player,South Africa,MV Boucher
info,player,South Africa,SM Pollock
info,player,South Africa,L Klusener
info,player,South Africa,N Boje
info,player,South Africa,M Ntini
info,player,South Africa,AA Donald
info,registry,people,AA Donald,4c931d56
info,registry,people,BC Lara,d5403021
info,registry,people,CH Gayle,db584dad
info,registry,people,CL Hooper,61dab16a
info,registry,people,DJ Harper,0ec08b27
info,registry,people,G Kirsten,ad48eb56
info,registry,people,HH Dippenaar,98ecf62a
info,registry,people,HH Gibbs,e1d1b294
info,registry,people,JH Kallis,86dc8f2e
info,registry,people,JN Rhodes,97edbfb1
info,registry,people,L Klusener,c0790f82
info,registry,people,M Dillon,5af87ad6
info,registry,people,M Ntini,20a941bb
info,registry,people,MV Boucher,f3cb53a1
info,registry,people,N Boje,6a0537aa
info,registry,people,P Willey,1b647f99
info,registry,people,PT Collins,f1cb042f
info,registry,people,RD Jacobs,c1f9b051
info,registry,people,RL Powell,33a50ecf
info,registry,people,RR Sarwan,36d33dd0
info,registry,people,RS Madugalle,766b5798
info,registry,people,S Chanderpaul,881a9bdd
info,registry,people,S Venkataraghavan,12453319
info,registry,people,SM Pollock,88fccd6c
info,registry,people,VC Drakes,b16b5eea
info,registry,people,WW Hinds,60beb01b
ball,1,0.1,West Indies,CH Gayle,WW Hinds,SM Pollock,0,0,,,,,,"",""
ball,1,0.2,West Indies,CH Gayle,WW Hinds,SM Pollock,0,0,,,,,,"",""
ball,1,0.3,West Indies,CH Gayle,WW Hinds,SM Pollock,0,0,,,,,,"",""
ball,1,0.4,West Indies,CH Gayle,WW Hinds,SM Pollock,0,0,,,,,,"",""
ball,1,0.5,West Indies,CH Gayle,WW Hinds,SM Pollock,0,0,,,,,,"",""
ball,1,0.6,West Indies,CH Gayle,WW Hinds,SM Pollock,0,0,,,,,,"",""
ball,1,1.1,West Indies,WW Hinds,CH Gayle,M Ntini,0,0,,,,,,"",""
ball,1,1.2,West Indies,WW Hinds,CH Gayle,M Ntini,0,0,,,,,,"",""
ball,1,1.3,West Indies,WW Hinds,CH Gayle,M Ntini,0,0,,,,,,"",""
ball,1,1.4,West Indies,WW Hinds,CH Gayle,M Ntini,0,0,,,,,,"",""
ball,1,1.5,West Indies,WW Hinds,CH Gayle,M Ntini,0,0,,,,,,"",""
ball,1,1.6,West Indies,WW Hinds,CH Gayle,M Ntini,0,0,,,,,,"",""
ball,1,2.1,West Indies,CH Gayle,WW Hinds,SM Pollock,0,0,,,,,,"",""
ball,1,2.2,West Indies,CH Gayle,WW Hinds,SM Pollock,0,0,,,,,,"",""
ball,1,2.3,West Indies,CH Gayle,WW Hinds,SM Pollock,0,0,,,,,,"",""
ball,1,2.4,West Indies,CH Gayle,WW Hinds,SM Pollock,0,0,,,,,,"",""
ball,1,2.5,West Indies,CH Gayle,WW Hinds,SM Pollock,0,0,,,,,,"",""
ball,1,2.6,West Indies,CH Gayle,WW Hinds,SM Pollock,0,0,,,,,,"",""
ball,1,3.1,West Indies,WW Hinds,CH Gayle,M Ntini,0,0,,,,,,"",""
ball,1,3.2,West Indies,WW Hinds,CH Gayle,M Ntini,0,1,1,,,,,"",""
ball,1,3.3,West Indies,WW Hinds,CH Gayle,M Ntini,0,0,,,,,,"",""
ball,1,3.4,West Indies,WW Hinds,CH Gayle,M Ntini,0,0,,,,,,"",""
ball,1,3.5,West Indies,WW Hinds,CH Gayle,M Ntini,0,0,,,,,,"",""
ball,1,3.6,West Indies,WW Hinds,CH Gayle,M Ntini,0,0,,,,,,"",""
ball,1,3.7,West Indies,WW Hinds,CH Gayle,M Ntini,0,1,1,,,,,"",""
ball,1,3.8,West Indies,WW Hinds,CH Gayle,M Ntini,0,0,,,,,,"",""
ball,1,4.1,West Indies,CH Gayle,WW Hinds,SM Pollock,0,0,,,,,,"",""
ball,1,4.2,West Indies,CH Gayle,WW Hinds,SM Pollock,0,0,,,,,,"",""
ball,1,4.3,West Indies,CH Gayle,WW Hinds,SM Pollock,1,0,,,,,,"",""
ball,1,4.4,West Indies,WW Hinds,CH Gayle,SM Pollock,0,1,,1,,,,"",""
ball,1,4.5,West Indies,WW Hinds,CH Gayle,SM Pollock,0,0,,,,,,"",""
ball,1,4.6,West Indies,WW Hinds,CH Gayle,SM Pollock,0,0,,,,,,"",""
ball,1,4.7,West Indies,WW Hinds,CH Gayle,SM Pollock,0,0,,,,,,caught,WW Hinds
ball,1,5.1,West Indies,CH Gayle,BC Lara,M Ntini,0,0,,,,,,"",""
ball,1,5.2,West Indies,CH Gayle,BC Lara,M Ntini,0,0,,,,,,"",""
ball,1,5.3,West Indies,CH Gayle,BC Lara,M Ntini,1,0,,,,,,"",""
ball,1,5.4,West Indies,BC Lara,CH Gayle,M Ntini,1,0,,,,,,"",""
ball,1,5.5,West Indies,CH Gayle,BC Lara,M Ntini,0,0,,,,,,"",""
ball,1,5.6,West Indies,CH Gayle,BC Lara,M Ntini,0,0,,,,,,"",""
ball,1,6.1,West Indies,BC Lara,CH Gayle,SM Pollock,0,0,,,,,,"",""
ball,1,6.2,West Indies,BC Lara,CH Gayle,SM Pollock,0,0,,,,,,"",""
ball,1,6.3,West Indies,BC Lara,CH Gayle,SM Pollock,1,0,,,,,,"",""
ball,1,6.4,West Indies,CH Gayle,BC Lara,SM Pollock,0,0,,,,,,bowled,CH Gayle
ball,1,6.5,West Indies,S Chanderpaul,BC Lara,SM Pollock,0,0,,,,,,"",""
ball,1,6.6,West Indies,S Chanderpaul,BC Lara,SM Pollock,0,0,,,,,,"",""
ball,1,7.1,West Indies,BC Lara,S Chanderpaul,M Ntini,1,0,,,,,,"",""
ball,1,7.2,West Indies,S Chanderpaul,BC Lara,M Ntini,1,0,,,,,,"",""
ball,1,7.3,West Indies,BC Lara,S Chanderpaul,M Ntini,1,0,,,,,,"",""
ball,1,7.4,West Indies,S Chanderpaul,BC Lara,M Ntini,0,0,,,,,,"",""
ball,1,7.5,West Indies,S Chanderpaul,BC Lara,M Ntini,0,0,,,,,,"",""
ball,1,7.6,West Indies,S Chanderpaul,BC Lara,M Ntini,0,0,,,,,,"",""
ball,1,8.1,West Indies,BC Lara,S Chanderpaul,SM Pollock,0,0,,,,,,"",""
ball,1,8.2,West Indies,BC Lara,S Chanderpaul,SM Pollock,0,0,,,,,,"",""
ball,1,8.3,West Indies,BC Lara,S Chanderpaul,SM Pollock,0,0,,,,,,"",""
ball,1,8.4,West Indies,BC Lara,S Chanderpaul,SM Pollock,0,0,,,,,,"",""
ball,1,8.5,West Indies,BC Lara,S Chanderpaul,SM Pollock,1,0,,,,,,"",""
ball,1,8.6,West Indies,S Chanderpaul,BC Lara,SM Pollock,0,0,,,,,,"",""
ball,1,9.1,West Indies,BC Lara,S Chanderpaul,M Ntini,0,0,,,,,,"",""
ball,1,9.2,West Indies,BC Lara,S Chanderpaul,M Ntini,0,0,,,,,,"",""
ball,1,9.3,West Indies,BC Lara,S Chanderpaul,M Ntini,0,0,,,,,,"",""
ball,1,9.4,West Indies,BC Lara,S Chanderpaul,M Ntini,0,0,,,,,,"",""
ball,1,9.5,West Indies,BC Lara,S Chanderpaul,M Ntini,1,0,,,,,,"",""
ball,1,9.6,West Indies,S Chanderpaul,BC Lara,M Ntini,0,0,,,,,,"",""
ball,1,10.1,West Indies,BC Lara,S Chanderpaul,SM Pollock,1,0,,,,,,"",""
ball,1,10.2,West Indies,S Chanderpaul,BC Lara,SM Pollock,0,0,,,,,,"",""
ball,1,10.3,West Indies,S Chanderpaul,BC Lara,SM Pollock,1,0,,,,,,"",""
ball,1,10.4,West Indies,BC Lara,S Chanderpaul,SM Pollock,0,0,,,,,,"",""
ball,1,10.5,West Indies,BC Lara,S Chanderpaul,SM Pollock,3,0,,,,,,"",""
ball,1,10.6,West Indies,S Chanderpaul,BC Lara,SM Pollock,0,0,,,,,,"",""
ball,1,11.1,West Indies,BC Lara,S Chanderpaul,M Ntini,0,0,,,,,,"",""
ball,1,11.2,West Indies,BC Lara,S Chanderpaul,M Ntini,0,0,,,,,,"",""
ball,1,11.3,West Indies,BC Lara,S Chanderpaul,M Ntini,0,0,,,,,,"",""
ball,1,11.4,West Indies,BC Lara,S Chanderpaul,M Ntini,2,0,,,,,,"",""
ball,1,11.5,West Indies,BC Lara,S Chanderpaul,M Ntini,0,0,,,,,,"",""
ball,1,11.6,West Indies,BC Lara,S Chanderpaul,M Ntini,0,0,,,,,,"",""
ball,1,12.1,West Indies,S Chanderpaul,BC Lara,AA Donald,0,0,,,,,,"",""
ball,1,12.2,West Indies,S Chanderpaul,BC Lara,AA Donald,0,0,,,,,,"",""
ball,1,12.3,West Indies,S Chanderpaul,BC Lara,AA Donald,0,0,,,,,,"",""
ball,1,12.4,West Indies,S Chanderpaul,BC Lara,AA Donald,4,0,,,,,,"",""
ball,1,12.5,West Indies,S Chanderpaul,BC Lara,AA Donald,0,0,,,,,,"",""
ball,1,12.6,West Indies,S Chanderpaul,BC Lara,AA Donald,0,0,,,,,,"",""
ball,1,13.1,West Indies,BC Lara,S Chanderpaul,JH Kallis,0,0,,,,,,"",""
ball,1,13.2,West Indies,BC Lara,S Chanderpaul,JH Kallis,0,0,,,,,,"",""
ball,1,13.3,West Indies,BC Lara,S Chanderpaul,JH Kallis,0,0,,,,,,"",""
ball,1,13.4,West Indies,BC Lara,S Chanderpaul,JH Kallis,0,0,,,,,,"",""
ball,1,13.5,West Indies,BC Lara,S Chanderpaul,JH Kallis,0,0,,,,,,"",""
ball,1,13.6,West Indies,BC Lara,S Chanderpaul,JH Kallis,0,0,,,,,,"",""
ball,1,14.1,West Indies,S Chanderpaul,BC Lara,AA Donald,0,0,,,,,,"",""
ball,1,14.2,West Indies,S Chanderpaul,BC Lara,AA Donald,0,0,,,,,,"",""
ball,1,14.3,West Indies,S Chanderpaul,BC Lara,AA Donald,2,0,,,,,,"",""
ball,1,14.4,West Indies,S Chanderpaul,BC Lara,AA Donald,4,0,,,,,,"",""
ball,1,14.5,West Indies,S Chanderpaul,BC Lara,AA Donald,0,1,1,,,,,"",""
ball,1,14.6,West Indies,S Chanderpaul,BC Lara,AA Donald,0,0,,,,,,"",""
ball,1,14.7,West Indies,S Chanderpaul,BC Lara,AA Donald,0,0,,,,,,"",""
ball,1,15.1,West Indies,BC Lara,S Chanderpaul,JH Kallis,0,0,,,,,,"",""
ball,1,15.2,West Indies,BC Lara,S Chanderpaul,JH Kallis,0,0,,,,,,"",""
ball,1,15.3,West Indies,BC Lara,S Chanderpaul,JH Kallis,0,0,,,,,,"",""
ball,1,15.4,West Indies,BC Lara,S Chanderpaul,JH Kallis,0,0,,,,,,"",""
ball,1,15.5,West Indies,BC Lara,S Chanderpaul,JH Kallis,0,0,,,,,,"",""
ball,1,15.6,West Indies,BC Lara,S Chanderpaul,JH Kallis,0,0,,,,,,"",""
ball,1,16.1,West Indies,S Chanderpaul,BC Lara,AA Donald,0,0,,,,,,"",""
ball,1,16.2,West Indies,S Chanderpaul,BC Lara,AA Donald,4,0,,,,,,"",""
ball,1,16.3,West Indies,S Chanderpaul,BC Lara,AA Donald,0,0,,,,,,"",""
ball,1,16.4,West Indies,S Chanderpaul,BC Lara,AA Donald,2,0,,,,,,"",""
ball,1,16.5,West Indies,S Chanderpaul,BC Lara,AA Donald,0,0,,,,,,"",""
ball,1,16.6,West Indies,S Chanderpaul,BC Lara,AA Donald,0,0,,,,,,"",""
ball,1,17.1,West Indies,BC Lara,S Chanderpaul,JH Kallis,0,0,,,,,,"",""
ball,1,17.2,West Indies,BC Lara,S Chanderpaul,JH Kallis,0,0,,,,,,"",""
ball,1,17.3,West Indies,BC Lara,S Chanderpaul,JH Kallis,0,0,,,,,,"",""
ball,1,17.4,West Indies,BC Lara,S Chanderpaul,JH Kallis,0,0,,,,,,"",""
ball,1,17.5,West Indies,BC Lara,S Chanderpaul,JH Kallis,1,0,,,,,,"",""
ball,1,17.6,West Indies,S Chanderpaul,BC Lara,JH Kallis,0,0,,,,,,"",""
ball,1,18.1,West Indies,BC Lara,S Chanderpaul,AA Donald,0,0,,,,,,"",""
ball,1,18.2,West Indies,BC Lara,S Chanderpaul,AA Donald,6,0,,,,,,"",""
ball,1,18.3,West Indies,BC Lara,S Chanderpaul,AA Donald,0,0,,,,,,"",""
ball,1,18.4,West Indies,BC Lara,S Chanderpaul,AA Donald,1,0,,,,,,"",""
ball,1,18.5,West Indies,S Chanderpaul,BC Lara,AA Donald,0,0,,,,,,"",""
ball,1,18.6,West Indies,S Chanderpaul,BC Lara,AA Donald,0,0,,,,,,"",""
ball,1,19.1,West Indies,BC Lara,S Chanderpaul,JH Kallis,0,0,,,,,,"",""
ball,1,19.2,West Indies,BC Lara,S Chanderpaul,JH Kallis,0,0,,,,,,"",""
ball,1,19.3,West Indies,BC Lara,S Chanderpaul,JH Kallis,4,0,,,,,,"",""
ball,1,19.4,West Indies,BC Lara,S Chanderpaul,JH Kallis,1,0,,,,,,"",""
ball,1,19.5,West Indies,S Chanderpaul,BC Lara,JH Kallis,0,0,,,,,,"",""
ball,1,19.6,West Indies,S Chanderpaul,BC Lara,JH Kallis,0,0,,,,,,"",""
ball,1,20.1,West Indies,BC Lara,S Chanderpaul,AA Donald,0,0,,,,,,"",""
ball,1,20.2,West Indies,BC Lara,S Chanderpaul,AA Donald,1,0,,,,,,"",""
ball,1,20.3,West Indies,S Chanderpaul,BC Lara,AA Donald,0,0,,,,,,"",""
ball,1,20.4,West Indies,S Chanderpaul,BC Lara,AA Donald,0,0,,,,,,"",""
ball,1,20.5,West Indies,S Chanderpaul,BC Lara,AA Donald,0,0,,,,,,"",""
ball,1,20.6,West Indies,S Chanderpaul,BC Lara,AA Donald,1,0,,,,,,"",""
ball,1,21.1,West Indies,S Chanderpaul,BC Lara,JH Kallis,1,0,,,,,,"",""
ball,1,21.2,West Indies,BC Lara,S Chanderpaul,JH Kallis,1,0,,,,,,"",""
ball,1,21.3,West Indies,S Chanderpaul,BC Lara,JH Kallis,1,0,,,,,,"",""
ball,1,21.4,West Indies,BC Lara,S Chanderpaul,JH Kallis,1,0,,,,,,"",""
ball,1,21.5,West Indies,S Chanderpaul,BC Lara,JH Kallis,0,0,,,,,,"",""
ball,1,21.6,West Indies,S Chanderpaul,BC Lara,JH Kallis,0,0,,,,,,"",""
ball,1,22.1,West Indies,BC Lara,S Chanderpaul,L Klusener,0,0,,,,,,"",""
ball,1,22.2,West Indies,BC Lara,S Chanderpaul,L Klusener,1,0,,,,,,"",""
ball,1,22.3,West Indies,S Chanderpaul,BC Lara,L Klusener,1,0,,,,,,"",""
ball,1,22.4,West Indies,BC Lara,S Chanderpaul,L Klusener,1,0,,,,,,"",""
ball,1,22.5,West Indies,S Chanderpaul,BC Lara,L Klusener,0,0,,,,,,"",""
ball,1,22.6,West Indies,S Chanderpaul,BC Lara,L Klusener,0,0,,,,,,"",""
ball,1,23.1,West Indies,BC Lara,S Chanderpaul,JH Kallis,4,0,,,,,,"",""
ball,1,23.2,West Indies,BC Lara,S Chanderpaul,JH Kallis,0,0,,,,,,"",""
ball,1,23.3,West Indies,BC Lara,S Chanderpaul,JH Kallis,0,0,,,,,,"",""
ball,1,23.4,West Indies,BC Lara,S Chanderpaul,JH Kallis,0,0,,,,,,"",""
ball,1,23.5,West Indies,BC Lara,S Chanderpaul,JH Kallis,0,0,,,,,,"",""
ball,1,23.6,West Indies,BC Lara,S Chanderpaul,JH Kallis,1,0,,,,,,"",""
ball,1,24.1,West Indies,BC Lara,S Chanderpaul,L Klusener,0,0,,,,,,"",""
ball,1,24.2,West Indies,BC Lara,S Chanderpaul,L Klusener,1,0,,,,,,"",""
ball,1,24.3,West Indies,S Chanderpaul,BC Lara,L Klusener,1,0,,,,,,"",""
ball,1,24.4,West Indies,BC Lara,S Chanderpaul,L Klusener,1,0,,,,,,"",""
ball,1,24.5,West Indies,S Chanderpaul,BC Lara,L Klusener,1,0,,,,,,"",""
ball,1,24.6,West Indies,BC Lara,S Chanderpaul,L Klusener,0,0,,,,,,"",""
ball,1,25.1,West Indies,S Chanderpaul,BC Lara,N Boje,0,0,,,,,,"",""
ball,1,25.2,West Indies,S Chanderpaul,BC Lara,N Boje,1,0,,,,,,"",""
ball,1,25.3,West Indies,BC Lara,S Chanderpaul,N Boje,4,0,,,,,,"",""
ball,1,25.4,West Indies,BC Lara,S Chanderpaul,N Boje,0,0,,,,,,"",""
ball,1,25.5,West Indies,BC Lara,S Chanderpaul,N Boje,4,0,,,,,,"",""
ball,1,25.6,West Indies,BC Lara,S Chanderpaul,N Boje,0,0,,,,,,"",""
ball,1,26.1,West Indies,S Chanderpaul,BC Lara,L Klusener,0,0,,,,,,"",""
ball,1,26.2,West Indies,S Chanderpaul,BC Lara,L Klusener,1,0,,,,,,"",""
ball,1,26.3,West Indies,BC Lara,S Chanderpaul,L Klusener,0,0,,,,,,"",""
ball,1,26.4,West Indies,BC Lara,S Chanderpaul,L Klusener,1,0,,,,,,"",""
ball,1,26.5,West Indies,S Chanderpaul,BC Lara,L Klusener,1,0,,,,,,"",""
ball,1,26.6,West Indies,BC Lara,S Chanderpaul,L Klusener,0,0,,,,,,"",""
ball,1,27.1,West Indies,S Chanderpaul,BC Lara,N Boje,0,0,,,,,,"",""
ball,1,27.2,West Indies,S Chanderpaul,BC Lara,N Boje,0,0,,,,,,"",""
ball,1,27.3,West Indies,S Chanderpaul,BC Lara,N Boje,1,0,,,,,,"",""
ball,1,27.4,West Indies,BC Lara,S Chanderpaul,N Boje,0,4,,,,4,,"",""
ball,1,27.5,West Indies,BC Lara,S Chanderpaul,N Boje,0,0,,,,,,"",""
ball,1,27.6,West Indies,BC Lara,S Chanderpaul,N Boje,0,1,1,,,,,"",""
ball,1,27.7,West Indies,BC Lara,S Chanderpaul,N Boje,1,0,,,,,,"",""
ball,1,28.1,West Indies,BC Lara,S Chanderpaul,L Klusener,4,0,,,,,,"",""
ball,1,28.2,West Indies,BC Lara,S Chanderpaul,L Klusener,1,0,,,,,,"",""
ball,1,28.3,West Indies,S Chanderpaul,BC Lara,L Klusener,1,0,,,,,,"",""
ball,1,28.4,West Indies,BC Lara,S Chanderpaul,L Klusener,0,0,,,,,,"",""
ball,1,28.5,West Indies,BC Lara,S Chanderpaul,L Klusener,0,0,,,,,,"",""
ball,1,28.6,West Indies,BC Lara,S Chanderpaul,L Klusener,1,0,,,,,,"",""
ball,1,29.1,West Indies,BC Lara,S Chanderpaul,N Boje,4,0,,,,,,"",""
ball,1,29.2,West Indies,BC Lara,S Chanderpaul,N Boje,1,0,,,,,,"",""
ball,1,29.3,West Indies,S Chanderpaul,BC Lara,N Boje,1,0,,,,,,"",""
ball,1,29.4,West Indies,BC Lara,S Chanderpaul,N Boje,2,0,,,,,,"",""
ball,1,29.5,West Indies,BC Lara,S Chanderpaul,N Boje,0,0,,,,,,"",""
ball,1,29.6,West Indies,BC Lara,S Chanderpaul,N Boje,4,0,,,,,,"",""
ball,1,30.1,West Indies,S Chanderpaul,BC Lara,L Klusener,2,0,,,,,,"",""
ball,1,30.2,West Indies,S Chanderpaul,BC Lara,L Klusener,2,0,,,,,,"",""
ball,1,30.3,West Indies,S Chanderpaul,BC Lara,L Klusener,0,0,,,,,,caught,S Chanderpaul
ball,1,30.4,West Indies,CL Hooper,BC Lara,L Klusener,0,0,,,,,,"",""
ball,1,30.5,West Indies,CL Hooper,BC Lara,L Klusener,1,0,,,,,,"",""
ball,1,30.6,West Indies,BC Lara,CL Hooper,L Klusener,0,0,,,,,,"",""
ball,1,31.1,West Indies,CL Hooper,BC Lara,AA Donald,1,0,,,,,,"",""
ball,1,31.2,West Indies,BC Lara,CL Hooper,AA Donald,1,0,,,,,,"",""
ball,1,31.3,West Indies,CL Hooper,BC Lara,AA Donald,1,0,,,,,,"",""
ball,1,31.4,West Indies,BC Lara,CL Hooper,AA Donald,0,0,,,,,,"",""
ball,1,31.5,West Indies,BC Lara,CL Hooper,AA Donald,1,0,,,,,,"",""
ball,1,31.6,West Indies,CL Hooper,BC Lara,AA Donald,1,0,,,,,,"",""
ball,1,32.1,West Indies,CL Hooper,BC Lara,L Klusener,0,0,,,,,,"",""
ball,1,32.2,West Indies,CL Hooper,BC Lara,L Klusener,1,0,,,,,,"",""
ball,1,32.3,West Indies,BC Lara,CL Hooper,L Klusener,0,0,,,,,,"",""
ball,1,32.4,West Indies,BC Lara,CL Hooper,L Klusener,1,0,,,,,,"",""
ball,1,32.5,West Indies,CL Hooper,BC Lara,L Klusener,2,0,,,,,,"",""
ball,1,32.6,West Indies,CL Hooper,BC Lara,L Klusener,1,0,,,,,,"",""
ball,1,33.1,West Indies,CL Hooper,BC Lara,AA Donald,0,0,,,,,,"",""
ball,1,33.2,West Indies,CL Hooper,BC Lara,AA Donald,0,0,,,,,,"",""
ball,1,33.3,West Indies,CL Hooper,BC Lara,AA Donald,0,0,,,,,,"",""
ball,1,33.4,West Indies,CL Hooper,BC Lara,AA Donald,1,0,,,,,,"",""
ball,1,33.5,West Indies,BC Lara,CL Hooper,AA Donald,0,0,,,,,,"",""
ball,1,33.6,West Indies,BC Lara,CL Hooper,AA Donald,0,0,,,,,,"",""
ball,1,34.1,West Indies,CL Hooper,BC Lara,SM Pollock,1,0,,,,,,"",""
ball,1,34.2,West Indies,BC Lara,CL Hooper,SM Pollock,2,0,,,,,,"",""
ball,1,34.3,West Indies,BC Lara,CL Hooper,SM Pollock,0,0,,,,,,"",""
ball,1,34.4,West Indies,BC Lara,CL Hooper,SM Pollock,0,0,,,,,,"",""
ball,1,34.5,West Indies,BC Lara,CL Hooper,SM Pollock,0,1,,,,1,,"",""
ball,1,34.6,West Indies,CL Hooper,BC Lara,SM Pollock,1,0,,,,,,"",""
ball,1,35.1,West Indies,CL Hooper,BC Lara,M Ntini,0,0,,,,,,"",""
ball,1,35.2,West Indies,CL Hooper,BC Lara,M Ntini,1,0,,,,,,"",""
ball,1,35.3,West Indies,BC Lara,CL Hooper,M Ntini,2,0,,,,,,"",""
ball,1,35.4,West Indies,BC Lara,CL Hooper,M Ntini,2,0,,,,,,"",""
ball,1,35.5,West Indies,BC Lara,CL Hooper,M Ntini,4,0,,,,,,"",""
ball,1,35.6,West Indies,BC Lara,CL Hooper,M Ntini,0,0,,,,,,"",""
ball,1,36.1,West Indies,CL Hooper,BC Lara,SM Pollock,0,0,,,,,,"",""
ball,1,36.2,West Indies,CL Hooper,BC Lara,SM Pollock,4,0,,,,,,"",""
ball,1,36.3,West Indies,CL Hooper,BC Lara,SM Pollock,1,0,,,,,,"",""
ball,1,36.4,West Indies,BC Lara,CL Hooper,SM Pollock,0,0,,,,,,"",""
ball,1,36.5,West Indies,BC Lara,CL Hooper,SM Pollock,2,0,,,,,,"",""
ball,1,36.6,West Indies,BC Lara,CL Hooper,SM Pollock,0,0,,,,,,"",""
ball,1,37.1,West Indies,CL Hooper,BC Lara,M Ntini,0,0,,,,,,"",""
ball,1,37.2,West Indies,CL Hooper,BC Lara,M Ntini,1,0,,,,,,"",""
ball,1,37.3,West Indies,BC Lara,CL Hooper,M Ntini,0,0,,,,,,"",""
ball,1,37.4,West Indies,BC Lara,CL Hooper,M Ntini,1,0,,,,,,"",""
ball,1,37.5,West Indies,CL Hooper,BC Lara,M Ntini,1,0,,,,,,"",""
ball,1,37.6,West Indies,BC Lara,CL Hooper,M Ntini,1,0,,,,,,"",""
ball,1,38.1,West Indies,BC Lara,CL Hooper,L Klusener,4,0,,,,,,"",""
ball,1,38.2,West Indies,BC Lara,CL Hooper,L Klusener,6,0,,,,,,"",""
ball,1,38.3,West Indies,BC Lara,CL Hooper,L Klusener,2,0,,,,,,"",""
ball,1,38.4,West Indies,BC Lara,CL Hooper,L Klusener,1,1,,1,,,,"",""
ball,1,38.5,West Indies,CL Hooper,BC Lara,L Klusener,1,0,,,,,,"",""
ball,1,38.6,West Indies,BC Lara,CL Hooper,L Klusener,0,0,,,,,,"",""
ball,1,38.7,West Indies,BC Lara,CL Hooper,L Klusener,0,0,,,,,,"",""
ball,1,39.1,West Indies,CL Hooper,BC Lara,JH Kallis,1,0,,,,,,"",""
ball,1,39.2,West Indies,BC Lara,CL Hooper,JH Kallis,0,1,,,,1,,"",""
ball,1,39.3,West Indies,CL Hooper,BC Lara,JH Kallis,1,0,,,,,,"",""
ball,1,39.4,West Indies,BC Lara,CL Hooper,JH Kallis,0,0,,,,,,"",""
ball,1,39.5,West Indies,BC Lara,CL Hooper,JH Kallis,0,0,,,,,,"",""
ball,1,39.6,West Indies,BC Lara,CL Hooper,JH Kallis,4,0,,,,,,"",""
ball,1,40.1,West Indies,CL Hooper,BC Lara,AA Donald,0,0,,,,,,"",""
ball,1,40.2,West Indies,CL Hooper,BC Lara,AA Donald,4,0,,,,,,"",""
ball,1,40.3,West Indies,CL Hooper,BC Lara,AA Donald,4,0,,,,,,"",""
ball,1,40.4,West Indies,CL Hooper,BC Lara,AA Donald,1,0,,,,,,"",""
ball,1,40.5,West Indies,BC Lara,CL Hooper,AA Donald,1,0,,,,,,"",""
ball,1,40.6,West Indies,CL Hooper,BC Lara,AA Donald,1,0,,,,,,"",""
ball,1,41.1,West Indies,CL Hooper,BC Lara,JH Kallis,0,0,,,,,,"",""
ball,1,41.2,West Indies,CL Hooper,BC Lara,JH Kallis,3,0,,,,,,"",""
ball,1,41.3,West Indies,BC Lara,CL Hooper,JH Kallis,1,0,,,,,,"",""
ball,1,41.4,West Indies,CL Hooper,BC Lara,JH Kallis,0,0,,,,,,"",""
ball,1,41.5,West Indies,CL Hooper,BC Lara,JH Kallis,3,0,,,,,,"",""
ball,1,41.6,West Indies,BC Lara,CL Hooper,JH Kallis,1,0,,,,,,"",""
ball,1,42.1,West Indies,BC Lara,CL Hooper,AA Donald,2,0,,,,,,"",""
ball,1,42.2,West Indies,BC Lara,CL Hooper,AA Donald,4,0,,,,,,"",""
ball,1,42.3,West Indies,BC Lara,CL Hooper,AA Donald,1,1,,1,,,,"",""
ball,1,42.4,West Indies,CL Hooper,BC Lara,AA Donald,1,0,,,,,,"",""
ball,1,42.5,West Indies,BC Lara,CL Hooper,AA Donald,1,0,,,,,,"",""
ball,1,42.6,West Indies,CL Hooper,BC Lara,AA Donald,0,0,,,,,,"",""
ball,1,42.7,West Indies,CL Hooper,BC Lara,AA Donald,1,0,,,,,,"",""
ball,1,43.1,West Indies,CL Hooper,BC Lara,M Ntini,0,0,,,,,,"",""
ball,1,43.2,West Indies,CL Hooper,BC Lara,M Ntini,0,0,,,,,,caught,CL Hooper
ball,1,43.3,West Indies,BC Lara,RL Powell,M Ntini,1,0,,,,,,"",""
ball,1,43.4,West Indies,RL Powell,BC Lara,M Ntini,4,0,,,,,,"",""
ball,1,43.5,West Indies,RL Powell,BC Lara,M Ntini,0,0,,,,,,"",""
ball,1,43.6,West Indies,RL Powell,BC Lara,M Ntini,1,0,,,,,,"",""
ball,1,44.1,West Indies,RL Powell,BC Lara,L Klusener,1,0,,,,,,"",""
ball,1,44.2,West Indies,BC Lara,RL Powell,L Klusener,0,1,,1,,,,"",""
ball,1,44.3,West Indies,BC Lara,RL Powell,L Klusener,0,0,,,,,,"",""
ball,1,44.4,West Indies,BC Lara,RL Powell,L Klusener,1,0,,,,,,"",""
ball,1,44.5,West Indies,RL Powell,BC Lara,L Klusener,3,0,,,,,,"",""
ball,1,44.6,West Indies,BC Lara,RL Powell,L Klusener,4,0,,,,,,"",""
ball,1,44.7,West Indies,BC Lara,RL Powell,L Klusener,1,0,,,,,,"",""
ball,1,45.1,West Indies,BC Lara,RL Powell,M Ntini,0,0,,,,,,"",""
ball,1,45.2,West Indies,BC Lara,RL Powell,M Ntini,0,0,,,,,,caught,BC Lara
ball,1,45.3,West Indies,RL Powell,RR Sarwan,M Ntini,4,0,,,,,,"",""
ball,1,45.4,West Indies,RL Powell,RR Sarwan,M Ntini,1,0,,,,,,"",""
ball,1,45.5,West Indies,RR Sarwan,RL Powell,M Ntini,1,0,,,,,,"",""
ball,1,45.6,West Indies,RL Powell,RR Sarwan,M Ntini,2,0,,,,,,"",""
ball,1,46.1,West Indies,RR Sarwan,RL Powell,SM Pollock,6,0,,,,,,"",""
ball,1,46.2,West Indies,RR Sarwan,RL Powell,SM Pollock,1,0,,,,,,"",""
ball,1,46.3,West Indies,RL Powell,RR Sarwan,SM Pollock,4,0,,,,,,"",""
ball,1,46.4,West Indies,RL Powell,RR Sarwan,SM Pollock,2,0,,,,,,"",""
ball,1,46.5,West Indies,RL Powell,RR Sarwan,SM Pollock,6,0,,,,,,"",""
ball,1,46.6,West Indies,RL Powell,RR Sarwan,SM Pollock,4,0,,,,,,"",""
ball,1,47.1,West Indies,RR Sarwan,RL Powell,JH Kallis,2,0,,,,,,"",""
ball,1,47.2,West Indies,RR Sarwan,RL Powell,JH Kallis,4,0,,,,,,"",""
ball,1,47.3,West Indies,RR Sarwan,RL Powell,JH Kallis,2,0,,,,,,"",""
ball,1,47.4,West Indies,RR Sarwan,RL Powell,JH Kallis,1,0,,,,,,"",""
ball,1,47.5,West Indies,RL Powell,RR Sarwan,JH Kallis,1,0,,,,,,"",""
ball,1,47.6,West Indies,RR Sarwan,RL Powell,JH Kallis,1,0,,,,,,"",""
ball,1,48.1,West Indies,RR Sarwan,RL Powell,SM Pollock,1,0,,,,,,"",""
ball,1,48.2,West Indies,RL Powell,RR Sarwan,SM Pollock,1,0,,,,,,"",""
ball,1,48.3,West Indies,RR Sarwan,RL Powell,SM Pollock,1,0,,,,,,"",""
ball,1,48.4,West Indies,RL Powell,RR Sarwan,SM Pollock,1,0,,,,,,"",""
ball,1,48.5,West Indies,RR Sarwan,RL Powell,SM Pollock,4,0,,,,,,"",""
ball,1,48.6,West Indies,RR Sarwan,RL Powell,SM Pollock,1,0,,,,,,"",""
ball,1,49.1,West Indies,RR Sarwan,RL Powell,JH Kallis,0,0,,,,,,"",""
ball,1,49.2,West Indies,RR Sarwan,RL Powell,JH Kallis,6,0,,,,,,"",""
ball,1,49.3,West Indies,RR Sarwan,RL Powell,JH Kallis,1,0,,,,,,"",""
ball,1,49.4,West Indies,RL Powell,RR Sarwan,JH Kallis,0,0,,,,,,"",""
ball,1,49.5,West Indies,RL Powell,RR Sarwan,JH Kallis,1,0,,,,,,"",""
ball,1,49.6,West Indies,RL Powell,RR Sarwan,JH Kallis,4,0,,,,,,"",""
ball,2,0.1,South Africa,HH Gibbs,G Kirsten,M Dillon,0,0,,,,,,"",""
ball,2,0.2,South Africa,HH Gibbs,G Kirsten,M Dillon,0,0,,,,,,"",""
ball,2,0.3,South Africa,HH Gibbs,G Kirsten,M Dillon,0,0,,,,,,"",""
ball,2,0.4,South Africa,HH Gibbs,G Kirsten,M Dillon,0,0,,,,,,"",""
ball,2,0.5,South Africa,HH Gibbs,G Kirsten,M Dillon,4,0,,,,,,"",""
ball,2,0.6,South Africa,HH Gibbs,G Kirsten,M Dillon,0,0,,,,,,"",""
ball,2,1.1,South Africa,G Kirsten,HH Gibbs,PT Collins,0,0,,,,,,"",""
ball,2,1.2,South Africa,G Kirsten,HH Gibbs,PT Collins,0,0,,,,,,"",""
ball,2,1.3,South Africa,G Kirsten,HH Gibbs,PT Collins,1,0,,,,,,"",""
ball,2,1.4,South Africa,HH Gibbs,G Kirsten,PT Collins,0,0,,,,,,"",""
ball,2,1.5,South Africa,HH Gibbs,G Kirsten,PT Collins,2,0,,,,,,"",""
ball,2,1.6,South Africa,HH Gibbs,G Kirsten,PT Collins,4,0,,,,,,"",""
ball,2,2.1,South Africa,G Kirsten,HH Gibbs,M Dillon,0,0,,,,,,"",""
ball,2,2.2,South Africa,G Kirsten,HH Gibbs,M Dillon,4,0,,,,,,"",""
ball,2,2.3,South Africa,G Kirsten,HH Gibbs,M Dillon,0,0,,,,,,"",""
ball,2,2.4,South Africa,G Kirsten,HH Gibbs,M Dillon,1,0,,,,,,"",""
ball,2,2.5,South Africa,HH Gibbs,G Kirsten,M Dillon,0,1,,,,1,,"",""
ball,2,2.6,South Africa,G Kirsten,HH Gibbs,M Dillon,0,0,,,,,,"",""
ball,2,3.1,South Africa,HH Gibbs,G Kirsten,PT Collins,1,0,,,,,,"",""
ball,2,3.2,South Africa,G Kirsten,HH Gibbs,PT Collins,4,0,,,,,,"",""
ball,2,3.3,South Africa,G Kirsten,HH Gibbs,PT Collins,0,0,,,,,,"",""
ball,2,3.4,South Africa,G Kirsten,HH Gibbs,PT Collins,1,0,,,,,,"",""
ball,2,3.5,South Africa,HH Gibbs,G Kirsten,PT Collins,0,0,,,,,,"",""
ball,2,3.6,South Africa,HH Gibbs,G Kirsten,PT Collins,1,0,,,,,,"",""
ball,2,4.1,South Africa,HH Gibbs,G Kirsten,M Dillon,0,0,,,,,,"",""
ball,2,4.2,South Africa,HH Gibbs,G Kirsten,M Dillon,0,0,,,,,,"",""
ball,2,4.3,South Africa,HH Gibbs,G Kirsten,M Dillon,0,0,,,,,,"",""
ball,2,4.4,South Africa,HH Gibbs,G Kirsten,M Dillon,4,0,,,,,,"",""
ball,2,4.5,South Africa,HH Gibbs,G Kirsten,M Dillon,0,0,,,,,,"",""
ball,2,4.6,South Africa,HH Gibbs,G Kirsten,M Dillon,0,0,,,,,,"",""
ball,2,5.1,South Africa,G Kirsten,HH Gibbs,PT Collins,0,0,,,,,,"",""
ball,2,5.2,South Africa,G Kirsten,HH Gibbs,PT Collins,1,0,,,,,,"",""
ball,2,5.3,South Africa,HH Gibbs,G Kirsten,PT Collins,0,0,,,,,,"",""
ball,2,5.4,South Africa,HH Gibbs,G Kirsten,PT Collins,4,0,,,,,,"",""
ball,2,5.5,South Africa,HH Gibbs,G Kirsten,PT Collins,1,0,,,,,,"",""
ball,2,5.6,South Africa,G Kirsten,HH Gibbs,PT Collins,1,0,,,,,,"",""
ball,2,6.1,South Africa,G Kirsten,HH Gibbs,M Dillon,1,0,,,,,,"",""
ball,2,6.2,South Africa,HH Gibbs,G Kirsten,M Dillon,0,0,,,,,,"",""
ball,2,6.3,South Africa,HH Gibbs,G Kirsten,M Dillon,1,0,,,,,,"",""
ball,2,6.4,South Africa,G Kirsten,HH Gibbs,M Dillon,2,0,,,,,,"",""
ball,2,6.5,South Africa,G Kirsten,HH Gibbs,M Dillon,1,0,,,,,,"",""
ball,2,6.6,South Africa,HH Gibbs,G Kirsten,M Dillon,0,0,,,,,,"",""
ball,2,7.1,South Africa,G Kirsten,HH Gibbs,VC Drakes,0,0,,,,,,"",""
ball,2,7.2,South Africa,G Kirsten,HH Gibbs,VC Drakes,0,0,,,,,,"",""
ball,2,7.3,South Africa,G Kirsten,HH Gibbs,VC Drakes,0,0,,,,,,"",""
ball,2,7.4,South Africa,G Kirsten,HH Gibbs,VC Drakes,1,0,,,,,,"",""
ball,2,7.5,South Africa,HH Gibbs,G Kirsten,VC Drakes,1,0,,,,,,"",""
ball,2,7.6,South Africa,G Kirsten,HH Gibbs,VC Drakes,0,0,,,,,,"",""
ball,2,8.1,South Africa,HH Gibbs,G Kirsten,M Dillon,1,0,,,,,,"",""
ball,2,8.2,South Africa,G Kirsten,HH Gibbs,M Dillon,2,0,,,,,,"",""
ball,2,8.3,South Africa,G Kirsten,HH Gibbs,M Dillon,1,0,,,,,,"",""
ball,2,8.4,South Africa,HH Gibbs,G Kirsten,M Dillon,0,0,,,,,,caught,HH Gibbs
ball,2,8.5,South Africa,HH Dippenaar,G Kirsten,M Dillon,0,0,,,,,,"",""
ball,2,8.6,South Africa,HH Dippenaar,G Kirsten,M Dillon,0,0,,,,,,"",""
ball,2,9.1,South Africa,G Kirsten,HH Dippenaar,VC Drakes,0,0,,,,,,"",""
ball,2,9.2,South Africa,G Kirsten,HH Dippenaar,VC Drakes,0,0,,,,,,"",""
ball,2,9.3,South Africa,G Kirsten,HH Dippenaar,VC Drakes,0,0,,,,,,"",""
ball,2,9.4,South Africa,G Kirsten,HH Dippenaar,VC Drakes,0,0,,,,,,"",""
ball,2,9.5,South Africa,G Kirsten,HH Dippenaar,VC Drakes,0,0,,,,,,"",""
ball,2,9.6,South Africa,G Kirsten,HH Dippenaar,VC Drakes,1,0,,,,,,"",""
ball,2,10.1,South Africa,G Kirsten,HH Dippenaar,M Dillon,0,0,,,,,,"",""
ball,2,10.2,South Africa,G Kirsten,HH Dippenaar,M Dillon,0,0,,,,,,"",""
ball,2,10.3,South Africa,G Kirsten,HH Dippenaar,M Dillon,0,0,,,,,,"",""
ball,2,10.4,South Africa,G Kirsten,HH Dippenaar,M Dillon,0,0,,,,,,"",""
ball,2,10.5,South Africa,G Kirsten,HH Dippenaar,M Dillon,0,0,,,,,,"",""
ball,2,10.6,South Africa,G Kirsten,HH Dippenaar,M Dillon,2,0,,,,,,"",""
ball,2,11.1,South Africa,HH Dippenaar,G Kirsten,VC Drakes,0,0,,,,,,"",""
ball,2,11.2,South Africa,HH Dippenaar,G Kirsten,VC Drakes,0,0,,,,,,"",""
ball,2,11.3,South Africa,HH Dippenaar,G Kirsten,VC Drakes,0,0,,,,,,"",""
ball,2,11.4,South Africa,HH Dippenaar,G Kirsten,VC Drakes,0,0,,,,,,"",""
ball,2,11.5,South Africa,HH Dippenaar,G Kirsten,VC Drakes,0,0,,,,,,"",""
ball,2,11.6,South Africa,HH Dippenaar,G Kirsten,VC Drakes,0,0,,,,,,"",""
ball,2,12.1,South Africa,G Kirsten,HH Dippenaar,PT Collins,1,0,,,,,,"",""
ball,2,12.2,South Africa,HH Dippenaar,G Kirsten,PT Collins,0,0,,,,,,"",""
ball,2,12.3,South Africa,HH Dippenaar,G Kirsten,PT Collins,0,0,,,,,,"",""
ball,2,12.4,South Africa,HH Dippenaar,G Kirsten,PT Collins,4,0,,,,,,"",""
ball,2,12.5,South Africa,HH Dippenaar,G Kirsten,PT Collins,2,1,,1,,,,"",""
ball,2,12.6,South Africa,HH Dippenaar,G Kirsten,PT Collins,1,0,,,,,,"",""
ball,2,12.7,South Africa,G Kirsten,HH Dippenaar,PT Collins,0,0,,,,,,"",""
ball,2,13.1,South Africa,HH Dippenaar,G Kirsten,VC Drakes,0,0,,,,,,"",""
ball,2,13.2,South Africa,HH Dippenaar,G Kirsten,VC Drakes,0,0,,,,,,"",""
ball,2,13.3,South Africa,HH Dippenaar,G Kirsten,VC Drakes,0,0,,,,,,"",""
ball,2,13.4,South Africa,HH Dippenaar,G Kirsten,VC Drakes,0,0,,,,,,"",""
ball,2,13.5,South Africa,HH Dippenaar,G Kirsten,VC Drakes,4,0,,,,,,"",""
ball,2,13.6,South Africa,HH Dippenaar,G Kirsten,VC Drakes,0,0,,,,,,"",""
ball,2,14.1,South Africa,G Kirsten,HH Dippenaar,CL Hooper,0,0,,,,,,"",""
ball,2,14.2,South Africa,G Kirsten,HH Dippenaar,CL Hooper,1,0,,,,,,"",""
ball,2,14.3,South Africa,HH Dippenaar,G Kirsten,CL Hooper,1,0,,,,,,"",""
ball,2,14.4,South Africa,G Kirsten,HH Dippenaar,CL Hooper,0,0,,,,,,"",""
ball,2,14.5,South Africa,G Kirsten,HH Dippenaar,CL Hooper,0,0,,,,,,"",""
ball,2,14.6,South Africa,G Kirsten,HH Dippenaar,CL Hooper,1,0,,,,,,"",""
ball,2,15.1,South Africa,G Kirsten,HH Dippenaar,VC Drakes,4,0,,,,,,"",""
ball,2,15.2,South Africa,G Kirsten,HH Dippenaar,VC Drakes,1,0,,,,,,"",""
ball,2,15.3,South Africa,HH Dippenaar,G Kirsten,VC Drakes,0,0,,,,,,"",""
ball,2,15.4,South Africa,HH Dippenaar,G Kirsten,VC Drakes,1,0,,,,,,"",""
ball,2,15.5,South Africa,G Kirsten,HH Dippenaar,VC Drakes,1,0,,,,,,"",""
ball,2,15.6,South Africa,HH Dippenaar,G Kirsten,VC Drakes,1,0,,,,,,"",""
ball,2,16.1,South Africa,HH Dippenaar,G Kirsten,CL Hooper,6,0,,,,,,"",""
ball,2,16.2,South Africa,HH Dippenaar,G Kirsten,CL Hooper,0,0,,,,,,stumped,HH Dippenaar
ball,2,16.3,South Africa,JH Kallis,G Kirsten,CL Hooper,0,0,,,,,,"",""
ball,2,16.4,South Africa,JH Kallis,G Kirsten,CL Hooper,0,0,,,,,,"",""
ball,2,16.5,South Africa,JH Kallis,G Kirsten,CL Hooper,1,0,,,,,,"",""
ball,2,16.6,South Africa,G Kirsten,JH Kallis,CL Hooper,0,0,,,,,,"",""
ball,2,17.1,South Africa,JH Kallis,G Kirsten,VC Drakes,4,0,,,,,,"",""
ball,2,17.2,South Africa,JH Kallis,G Kirsten,VC Drakes,0,0,,,,,,"",""
ball,2,17.3,South Africa,JH Kallis,G Kirsten,VC Drakes,0,0,,,,,,"",""
ball,2,17.4,South Africa,JH Kallis,G Kirsten,VC Drakes,0,1,,1,,,,"",""
ball,2,17.5,South Africa,JH Kallis,G Kirsten,VC Drakes,0,0,,,,,,"",""
ball,2,17.6,South Africa,JH Kallis,G Kirsten,VC Drakes,0,0,,,,,,"",""
ball,2,17.7,South Africa,JH Kallis,G Kirsten,VC Drakes,0,0,,,,,,"",""
ball,2,18.1,South Africa,G Kirsten,JH Kallis,CL Hooper,2,0,,,,,,"",""
ball,2,18.2,South Africa,G Kirsten,JH Kallis,CL Hooper,0,0,,,,,,"",""
ball,2,18.3,South Africa,G Kirsten,JH Kallis,CL Hooper,2,0,,,,,,"",""
ball,2,18.4,South Africa,G Kirsten,JH Kallis,CL Hooper,0,1,,1,,,,"",""
ball,2,18.5,South Africa,G Kirsten,JH Kallis,CL Hooper,0,0,,,,,,"",""
ball,2,18.6,South Africa,G Kirsten,JH Kallis,CL Hooper,0,0,,,,,,"",""
ball,2,18.7,South Africa,G Kirsten,JH Kallis,CL Hooper,1,0,,,,,,"",""
ball,2,19.1,South Africa,G Kirsten,JH Kallis,VC Drakes,1,0,,,,,,"",""
ball,2,19.2,South Africa,JH Kallis,G Kirsten,VC Drakes,0,0,,,,,,"",""
ball,2,19.3,South Africa,JH Kallis,G Kirsten,VC Drakes,4,0,,,,,,"",""
ball,2,19.4,South Africa,JH Kallis,G Kirsten,VC Drakes,1,0,,,,,,"",""
ball,2,19.5,South Africa,G Kirsten,JH Kallis,VC Drakes,1,0,,,,,,"",""
ball,2,19.6,South Africa,JH Kallis,G Kirsten,VC Drakes,1,0,,,,,,"",""
ball,2,20.1,South Africa,JH Kallis,G Kirsten,CL Hooper,1,0,,,,,,"",""
ball,2,20.2,South Africa,G Kirsten,JH Kallis,CL Hooper,0,0,,,,,,"",""
ball,2,20.3,South Africa,G Kirsten,JH Kallis,CL Hooper,1,0,,,,,,"",""
ball,2,20.4,South Africa,JH Kallis,G Kirsten,CL Hooper,0,0,,,,,,"",""
ball,2,20.5,South Africa,JH Kallis,G Kirsten,CL Hooper,1,0,,,,,,"",""
ball,2,20.6,South Africa,G Kirsten,JH Kallis,CL Hooper,1,0,,,,,,"",""
ball,2,21.1,South Africa,G Kirsten,JH Kallis,PT Collins,0,0,,,,,,"",""
ball,2,21.2,South Africa,G Kirsten,JH Kallis,PT Collins,1,0,,,,,,"",""
ball,2,21.3,South Africa,JH Kallis,G Kirsten,PT Collins,0,0,,,,,,caught,JH Kallis
ball,2,21.4,South Africa,JN Rhodes,G Kirsten,PT Collins,0,0,,,,,,"",""
ball,2,21.5,South Africa,JN Rhodes,G Kirsten,PT Collins,0,0,,,,,,"",""
ball,2,21.6,South Africa,JN Rhodes,G Kirsten,PT Collins,0,0,,,,,,"",""
ball,2,22.1,South Africa,G Kirsten,JN Rhodes,CL Hooper,0,0,,,,,,"",""
ball,2,22.2,South Africa,G Kirsten,JN Rhodes,CL Hooper,1,0,,,,,,"",""
ball,2,22.3,South Africa,JN Rhodes,G Kirsten,CL Hooper,1,0,,,,,,"",""
ball,2,22.4,South Africa,G Kirsten,JN Rhodes,CL Hooper,4,0,,,,,,"",""
ball,2,22.5,South Africa,G Kirsten,JN Rhodes,CL Hooper,0,0,,,,,,"",""
ball,2,22.6,South Africa,G Kirsten,JN Rhodes,CL Hooper,1,0,,,,,,"",""
ball,2,23.1,South Africa,G Kirsten,JN Rhodes,PT Collins,0,0,,,,,,"",""
ball,2,23.2,South Africa,G Kirsten,JN Rhodes,PT Collins,4,0,,,,,,"",""
ball,2,23.3,South Africa,G Kirsten,JN Rhodes,PT Collins,0,0,,,,,,"",""
ball,2,23.4,South Africa,G Kirsten,JN Rhodes,PT Collins,0,0,,,,,,"",""
ball,2,23.5,South Africa,G Kirsten,JN Rhodes,PT Collins,1,0,,,,,,"",""
ball,2,23.6,South Africa,JN Rhodes,G Kirsten,PT Collins,1,0,,,,,,"",""
ball,2,24.1,South Africa,JN Rhodes,G Kirsten,CL Hooper,0,0,,,,,,bowled,JN Rhodes
ball,2,24.2,South Africa,MV Boucher,G Kirsten,CL Hooper,0,0,,,,,,"",""
ball,2,24.3,South Africa,MV Boucher,G Kirsten,CL Hooper,0,0,,,,,,"",""
ball,2,24.4,South Africa,MV Boucher,G Kirsten,CL Hooper,1,0,,,,,,"",""
ball,2,24.5,South Africa,G Kirsten,MV Boucher,CL Hooper,0,0,,,,,,"",""
ball,2,24.6,South Africa,G Kirsten,MV Boucher,CL Hooper,0,0,,,,,,"",""
ball,2,25.1,South Africa,MV Boucher,G Kirsten,PT Collins,1,0,,,,,,"",""
ball,2,25.2,South Africa,G Kirsten,MV Boucher,PT Collins,0,0,,,,,,"",""
ball,2,25.3,South Africa,G Kirsten,MV Boucher,PT Collins,0,0,,,,,,"",""
ball,2,25.4,South Africa,G Kirsten,MV Boucher,PT Collins,1,0,,,,,,"",""
ball,2,25.5,South Africa,MV Boucher,G Kirsten,PT Collins,1,0,,,,,,"",""
ball,2,25.6,South Africa,G Kirsten,MV Boucher,PT Collins,0,0,,,,,,"",""
ball,2,26.1,South Africa,MV Boucher,G Kirsten,CL Hooper,0,0,,,,,,"",""
ball,2,26.2,South Africa,MV Boucher,G Kirsten,CL Hooper,0,0,,,,,,"",""
ball,2,26.3,South Africa,MV Boucher,G Kirsten,CL Hooper,0,0,,,,,,"",""
ball,2,26.4,South Africa,MV Boucher,G Kirsten,CL Hooper,1,0,,,,,,"",""
ball,2,26.5,South Africa,G Kirsten,MV Boucher,CL Hooper,2,0,,,,,,"",""
ball,2,26.6,South Africa,G Kirsten,MV Boucher,CL Hooper,0,0,,,,,,"",""
ball,2,27.1,South Africa,MV Boucher,G Kirsten,PT Collins,1,0,,,,,,"",""
ball,2,27.2,South Africa,G Kirsten,MV Boucher,PT Collins,0,0,,,,,,"",""
ball,2,27.3,South Africa,G Kirsten,MV Boucher,PT Collins,0,1,1,,,,,"",""
ball,2,27.4,South Africa,G Kirsten,MV Boucher,PT Collins,1,0,,,,,,"",""
ball,2,27.5,South Africa,MV Boucher,G Kirsten,PT Collins,4,0,,,,,,"",""
ball,2,27.6,South Africa,MV Boucher,G Kirsten,PT Collins,2,0,,,,,,"",""
ball,2,27.7,South Africa,MV Boucher,G Kirsten,PT Collins,0,0,,,,,,"",""
ball,2,28.1,South Africa,G Kirsten,MV Boucher,CH Gayle,0,0,,,,,,"",""
ball,2,28.2,South Africa,G Kirsten,MV Boucher,CH Gayle,0,0,,,,,,"",""
ball,2,28.3,South Africa,G Kirsten,MV Boucher,CH Gayle,0,0,,,,,,"",""
ball,2,28.4,South Africa,G Kirsten,MV Boucher,CH Gayle,0,0,,,,,,"",""
ball,2,28.5,South Africa,G Kirsten,MV Boucher,CH Gayle,6,0,,,,,,"",""
ball,2,28.6,South Africa,G Kirsten,MV Boucher,CH Gayle,4,0,,,,,,"",""
ball,2,29.1,South Africa,MV Boucher,G Kirsten,M Dillon,0,0,,,,,,"",""
ball,2,29.2,South Africa,MV Boucher,G Kirsten,M Dillon,2,0,,,,,,"",""
ball,2,29.3,South Africa,MV Boucher,G Kirsten,M Dillon,0,0,,,,,,"",""
ball,2,29.4,South Africa,MV Boucher,G Kirsten,M Dillon,1,0,,,,,,"",""
ball,2,29.5,South Africa,G Kirsten,MV Boucher,M Dillon,0,0,,,,,,"",""
ball,2,29.6,South Africa,G Kirsten,MV Boucher,M Dillon,0,0,,,,,,"",""
ball,2,30.1,South Africa,MV Boucher,G Kirsten,CH Gayle,1,0,,,,,,"",""
ball,2,30.2,South Africa,G Kirsten,MV Boucher,CH Gayle,0,1,,,,1,,"",""
ball,2,30.3,South Africa,MV Boucher,G Kirsten,CH Gayle,0,0,,,,,,"",""
ball,2,30.4,South Africa,MV Boucher,G Kirsten,CH Gayle,0,0,,,,,,"",""
ball,2,30.5,South Africa,MV Boucher,G Kirsten,CH Gayle,2,0,,,,,,"",""
ball,2,30.6,South Africa,MV Boucher,G Kirsten,CH Gayle,1,0,,,,,,"",""
ball,2,31.1,South Africa,MV Boucher,G Kirsten,M Dillon,0,0,,,,,,"",""
ball,2,31.2,South Africa,MV Boucher,G Kirsten,M Dillon,1,0,,,,,,"",""
ball,2,31.3,South Africa,G Kirsten,MV Boucher,M Dillon,0,1,1,,,,,"",""
ball,2,31.4,South Africa,G Kirsten,MV Boucher,M Dillon,1,0,,,,,,"",""
ball,2,31.5,South Africa,MV Boucher,G Kirsten,M Dillon,0,1,,,,1,,"",""
ball,2,31.6,South Africa,G Kirsten,MV Boucher,M Dillon,0,0,,,,,,caught and bowled,G Kirsten
ball,2,31.7,South Africa,SM Pollock,MV Boucher,M Dillon,2,0,,,,,,"",""
ball,2,32.1,South Africa,MV Boucher,SM Pollock,CH Gayle,1,0,,,,,,"",""
ball,2,32.2,South Africa,SM Pollock,MV Boucher,CH Gayle,0,0,,,,,,"",""
ball,2,32.3,South Africa,SM Pollock,MV Boucher,CH Gayle,2,0,,,,,,"",""
ball,2,32.4,South Africa,SM Pollock,MV Boucher,CH Gayle,0,0,,,,,,caught,SM Pollock
ball,2,32.5,South Africa,L Klusener,MV Boucher,CH Gayle,0,0,,,,,,"",""
ball,2,32.6,South Africa,L Klusener,MV Boucher,CH Gayle,1,0,,,,,,"",""
ball,2,33.1,South Africa,L Klusener,MV Boucher,RL Powell,0,0,,,,,,"",""
ball,2,33.2,South Africa,L Klusener,MV Boucher,RL Powell,1,0,,,,,,"",""
ball,2,33.3,South Africa,MV Boucher,L Klusener,RL Powell,0,0,,,,,,"",""
ball,2,33.4,South Africa,MV Boucher,L Klusener,RL Powell,1,0,,,,,,"",""
ball,2,33.5,South Africa,L Klusener,MV Boucher,RL Powell,0,0,,,,,,"",""
ball,2,33.6,South Africa,L Klusener,MV Boucher,RL Powell,1,0,,,,,,"",""
ball,2,34.1,South Africa,L Klusener,MV Boucher,CH Gayle,0,0,,,,,,"",""
ball,2,34.2,South Africa,L Klusener,MV Boucher,CH Gayle,0,0,,,,,,"",""
ball,2,34.3,South Africa,L Klusener,MV Boucher,CH Gayle,0,0,,,,,,"",""
ball,2,34.4,South Africa,L Klusener,MV Boucher,CH Gayle,0,0,,,,,,"",""
ball,2,34.5,South Africa,L Klusener,MV Boucher,CH Gayle,0,0,,,,,,"",""
ball,2,34.6,South Africa,L Klusener,MV Boucher,CH Gayle,0,1,,,,1,,"",""
ball,2,35.1,South Africa,L Klusener,MV Boucher,RL Powell,0,0,,,,,,"",""
ball,2,35.2,South Africa,L Klusener,MV Boucher,RL Powell,1,0,,,,,,"",""
ball,2,35.3,South Africa,MV Boucher,L Klusener,RL Powell,0,1,1,,,,,"",""
ball,2,35.4,South Africa,MV Boucher,L Klusener,RL Powell,4,0,,,,,,"",""
ball,2,35.5,South Africa,MV Boucher,L Klusener,RL Powell,4,0,,,,,,"",""
ball,2,35.6,South Africa,MV Boucher,L Klusener,RL Powell,1,0,,,,,,"",""
ball,2,35.7,South Africa,L Klusener,MV Boucher,RL Powell,0,0,,,,,,"",""
ball,2,36.1,South Africa,MV Boucher,L Klusener,CH Gayle,0,0,,,,,,"",""
ball,2,36.2,South Africa,MV Boucher,L Klusener,CH Gayle,0,0,,,,,,"",""
ball,2,36.3,South Africa,MV Boucher,L Klusener,CH Gayle,0,0,,,,,,"",""
ball,2,36.4,South Africa,MV Boucher,L Klusener,CH Gayle,0,0,,,,,,"",""
ball,2,36.5,South Africa,MV Boucher,L Klusener,CH Gayle,0,1,1,,,,,"",""
ball,2,36.6,South Africa,MV Boucher,L Klusener,CH Gayle,1,0,,,,,,"",""
ball,2,36.7,South Africa,L Klusener,MV Boucher,CH Gayle,0,0,,,,,,"",""
ball,2,37.1,South Africa,MV Boucher,L Klusener,CL Hooper,1,0,,,,,,"",""
ball,2,37.2,South Africa,L Klusener,MV Boucher,CL Hooper,1,0,,,,,,"",""
ball,2,37.3,South Africa,MV Boucher,L Klusener,CL Hooper,6,0,,,,,,"",""
ball,2,37.4,South Africa,MV Boucher,L Klusener,CL Hooper,2,0,,,,,,"",""
ball,2,37.5,South Africa,MV Boucher,L Klusener,CL Hooper,4,0,,,,,,"",""
ball,2,37.6,South Africa,MV Boucher,L Klusener,CL Hooper,2,0,,,,,,"",""
ball,2,38.1,South Africa,L Klusener,MV Boucher,CH Gayle,1,0,,,,,,"",""
ball,2,38.2,South Africa,MV Boucher,L Klusener,CH Gayle,0,0,,,,,,"",""
ball,2,38.3,South Africa,MV Boucher,L Klusener,CH Gayle,0,0,,,,,,"",""
ball,2,38.4,South Africa,MV Boucher,L Klusener,CH Gayle,1,0,,,,,,"",""
ball,2,38.5,South Africa,L Klusener,MV Boucher,CH Gayle,1,0,,,,,,"",""
ball,2,38.6,South Africa,MV Boucher,L Klusener,CH Gayle,0,0,,,,,,"",""
ball,2,39.1,South Africa,L Klusener,MV Boucher,M Dillon,1,0,,,,,,"",""
ball,2,39.2,South Africa,MV Boucher,L Klusener,M Dillon,1,0,,,,,,"",""
ball,2,39.3,South Africa,L Klusener,MV Boucher,M Dillon,0,0,,,,,,"",""
ball,2,39.4,South Africa,L Klusener,MV Boucher,M Dillon,0,0,,,,,,"",""
ball,2,39.5,South Africa,L Klusener,MV Boucher,M Dillon,2,0,,,,,,"",""
ball,2,39.6,South Africa,L Klusener,MV Boucher,M Dillon,0,0,,,,,,"",""
ball,2,40.1,South Africa,MV Boucher,L Klusener,CH Gayle,0,0,,,,,,"",""
ball,2,40.2,South Africa,MV Boucher,L Klusener,CH Gayle,1,0,,,,,,"",""
ball,2,40.3,South Africa,L Klusener,MV Boucher,CH Gayle,0,0,,,,,,"",""
ball,2,40.4,South Africa,L Klusener,MV Boucher,CH Gayle,1,0,,,,,,"",""
ball,2,40.5,South Africa,MV Boucher,L Klusener,CH Gayle,0,1,1,,,,,"",""
ball,2,40.6,South Africa,MV Boucher,L Klusener,CH Gayle,0,0,,,,,,bowled,MV Boucher
ball,2,40.7,South Africa,N Boje,L Klusener,CH Gayle,1,0,,,,,,"",""
ball,2,41.1,South Africa,N Boje,L Klusener,M Dillon,1,0,,,,,,"",""
ball,2,41.2,South Africa,L Klusener,N Boje,M Dillon,6,0,,,,,,"",""
ball,2,41.3,South Africa,L Klusener,N Boje,M Dillon,1,0,,,,,,"",""
ball,2,41.4,South Africa,N Boje,L Klusener,M Dillon,1,0,,,,,,"",""
ball,2,41.5,South Africa,L Klusener,N Boje,M Dillon,1,0,,,,,,"",""
ball,2,41.6,South Africa,N Boje,L Klusener,M Dillon,1,0,,,,,,"",""
ball,2,42.1,South Africa,N Boje,L Klusener,CH Gayle,0,0,,,,,,"",""
ball,2,42.2,South Africa,N Boje,L Klusener,CH Gayle,0,0,,,,,,"",""
ball,2,42.3,South Africa,N Boje,L Klusener,CH Gayle,2,0,,,,,,"",""
ball,2,42.4,South Africa,N Boje,L Klusener,CH Gayle,0,0,,,,,,"",""
ball,2,42.5,South Africa,N Boje,L Klusener,CH Gayle,1,0,,,,,,"",""
ball,2,42.6,South Africa,L Klusener,N Boje,CH Gayle,0,0,,,,,,"",""
ball,2,43.1,South Africa,N Boje,L Klusener,CL Hooper,0,0,,,,,,"",""
ball,2,43.2,South Africa,N Boje,L Klusener,CL Hooper,0,0,,,,,,"",""
ball,2,43.3,South Africa,N Boje,L Klusener,CL Hooper,4,0,,,,,,"",""
ball,2,43.4,South Africa,N Boje,L Klusener,CL Hooper,2,0,,,,,,"",""
ball,2,43.5,South Africa,N Boje,L Klusener,CL Hooper,0,0,,,,,,"",""
ball,2,43.6,South Africa,N Boje,L Klusener,CL Hooper,0,0,,,,,,"",""
ball,2,44.1,South Africa,L Klusener,N Boje,CH Gayle,6,0,,,,,,"",""
ball,2,44.2,South Africa,L Klusener,N Boje,CH Gayle,0,0,,,,,,"",""
ball,2,44.3,South Africa,L Klusener,N Boje,CH Gayle,0,0,,,,,,"",""
ball,2,44.4,South Africa,L Klusener,N Boje,CH Gayle,6,0,,,,,,"",""
ball,2,44.5,South Africa,L Klusener,N Boje,CH Gayle,6,0,,,,,,"",""
ball,2,44.6,South Africa,L Klusener,N Boje,CH Gayle,1,0,,,,,,"",""
ball,2,45.1,South Africa,L Klusener,N Boje,CL Hooper,4,0,,,,,,"",""
ball,2,45.2,South Africa,L Klusener,N Boje,CL Hooper,2,0,,,,,,"",""
ball,2,45.3,South Africa,L Klusener,N Boje,CL Hooper,2,0,,,,,,"",""
ball,2,45.4,South Africa,L Klusener,N Boje,CL Hooper,1,0,,,,,,"",""
ball,2,45.5,South Africa,N Boje,L Klusener,CL Hooper,1,0,,,,,,"",""
ball,2,45.6,South Africa,L Klusener,N Boje,CL Hooper,0,0,,,,,,"",""
ball,2,46.1,South Africa,N Boje,L Klusener,CH Gayle,1,0,,,,,,"",""
ball,2,46.2,South Africa,L Klusener,N Boje,CH Gayle,1,0,,,,,,"",""
ball,2,46.3,South Africa,N Boje,L Klusener,CH Gayle,0,0,,,,,,"",""
ball,2,46.4,South Africa,N Boje,L Klusener,CH Gayle,2,0,,,,,,"",""
ball,2,46.5,South Africa,N Boje,L Klusener,CH Gayle,1,0,,,,,,"",""
ball,2,46.6,South Africa,L Klusener,N Boje,CH Gayle,6,0,,,,,,"",""
ball,2,47.1,South Africa,N Boje,L Klusener,PT Collins,1,0,,,,,,"",""
ball,2,47.2,South Africa,L Klusener,N Boje,PT Collins,0,0,,,,,,"",""
ball,2,47.3,South Africa,L Klusener,N Boje,PT Collins,2,0,,,,,,"",""
ball,2,47.4,South Africa,L Klusener,N Boje,PT Collins,1,0,,,,,,"",""
ball,2,47.5,South Africa,N Boje,L Klusener,PT Collins,0,0,,,,,,"",""
ball,2,47.6,South Africa,N Boje,L Klusener,PT Collins,1,0,,,,,,"",""
ball,2,48.1,South Africa,N Boje,L Klusener,VC Drakes,1,0,,,,,,"",""
ball,2,48.2,South Africa,L Klusener,N Boje,VC Drakes,0,0,,,,,,"",""
ball,2,48.3,South Africa,L Klusener,N Boje,VC Drakes,0,0,,,,,,caught,L Klusener
ball,2,48.4,South Africa,M Ntini,N Boje,VC Drakes,0,0,,,,,,"",""
ball,2,48.5,South Africa,M Ntini,N Boje,VC Drakes,0,0,,,,,,caught,M Ntini
ball,2,48.6,South Africa,N Boje,AA Donald,VC Drakes,4,0,,,,,,"",""
