version,1.7.0
info,balls_per_over,6
info,team,Canada
info,team,Kenya
info,gender,male
info,season,2002/03
info,date,2003/02/15
info,event,ICC World Cup
info,match_number,12
info,venue,"Newlands, Cape Town"
info,city,Cape Town
info,toss_winner,Canada
info,toss_decision,bat
info,player_of_match,TM Odoyo
info,umpire,AV Jayaprakash
info,umpire,Nadeem Ghauri
info,tv_umpire,KC Barbour
info,match_referee,RS Madugalle
info,winner,Kenya
info,winner_wickets,4
info,player,Canada,I Maraj
info,player,Canada,JM Davison
info,player,Canada,DR Chumney
info,player,Canada,IS Billcliff
info,player,Canada,JV Harris
info,player,Canada,AF Sattaur
info,player,Canada,NA de Groot
info,player,Canada,A Bagai
info,player,Canada,S Thuraisingam
info,player,Canada,A Codrington
info,player,Canada,D Joseph
info,player,Kenya,KO Otieno
info,player,Kenya,RD Shah
info,player,Kenya,SO Tikolo
info,player,Kenya,HS Modi
info,player,Kenya,MO Odumbe
info,player,Kenya,TM Odoyo
info,player,Kenya,PJ Ongondo
info,player,Kenya,DO Obuya
info,player,Kenya,CO Obuya
info,player,Kenya,MA Suji
info,player,Kenya,AO Suji
info,registry,people,A Bagai,112959b2
info,registry,people,A Codrington,9cb022df
info,registry,people,AF Sattaur,ca4db40e
info,registry,people,AO Suji,b15eaf77
info,registry,people,AV Jayaprakash,bde6e9ef
info,registry,people,CO Obuya,5680f1ad
info,registry,people,D Joseph,b7b66a96
info,registry,people,DO Obuya,6ed3d5ac
info,registry,people,DR Chumney,1f3ad23f
info,registry,people,HS Modi,5abdfd23
info,registry,people,I Maraj,2d783277
info,registry,people,IS Billcliff,1fb2f362
info,registry,people,JM Davison,5471024e
info,registry,people,JV Harris,d1ac815a
info,registry,people,KC Barbour,4359f89a
info,registry,people,KO Otieno,fbaa61d2
info,registry,people,MA Suji,331bd689
info,registry,people,MO Odumbe,45477249
info,registry,people,NA de Groot,15d1b59e
info,registry,people,Nadeem Ghauri,8387d138
info,registry,people,PJ Ongondo,27cc4361
info,registry,people,RD Shah,45d4cb14
info,registry,people,RS Madugalle,766b5798
info,registry,people,S Thuraisingam,28ed9134
info,registry,people,SO Tikolo,00d69fa4
info,registry,people,TM Odoyo,2c13defe
ball,1,0.1,Canada,I Maraj,JM Davison,MA Suji,0,0,,,,,,"",""
ball,1,0.2,Canada,I Maraj,JM Davison,MA Suji,0,0,,,,,,"",""
ball,1,0.3,Canada,I Maraj,JM Davison,MA Suji,0,0,,,,,,"",""
ball,1,0.4,Canada,I Maraj,JM Davison,MA Suji,0,0,,,,,,"",""
ball,1,0.5,Canada,I Maraj,JM Davison,MA Suji,0,0,,,,,,"",""
ball,1,0.6,Canada,I Maraj,JM Davison,MA Suji,0,0,,,,,,"",""
ball,1,1.1,Canada,JM Davison,I Maraj,TM Odoyo,0,0,,,,,,"",""
ball,1,1.2,Canada,JM Davison,I Maraj,TM Odoyo,0,0,,,,,,"",""
ball,1,1.3,Canada,JM Davison,I Maraj,TM Odoyo,0,0,,,,,,"",""
ball,1,1.4,Canada,JM Davison,I Maraj,TM Odoyo,2,0,,,,,,"",""
ball,1,1.5,Canada,JM Davison,I Maraj,TM Odoyo,0,1,1,,,,,"",""
ball,1,1.6,Canada,JM Davison,I Maraj,TM Odoyo,0,0,,,,,,"",""
ball,1,1.7,Canada,JM Davison,I Maraj,TM Odoyo,0,0,,,,,,"",""
ball,1,2.1,Canada,I Maraj,JM Davison,MA Suji,0,0,,,,,,"",""
ball,1,2.2,Canada,I Maraj,JM Davison,MA Suji,0,0,,,,,,"",""
ball,1,2.3,Canada,I Maraj,JM Davison,MA Suji,1,0,,,,,,"",""
ball,1,2.4,Canada,JM Davison,I Maraj,MA Suji,0,0,,,,,,"",""
ball,1,2.5,Canada,JM Davison,I Maraj,MA Suji,0,0,,,,,,"",""
ball,1,2.6,Canada,JM Davison,I Maraj,MA Suji,0,0,,,,,,"",""
ball,1,3.1,Canada,I Maraj,JM Davison,TM Odoyo,0,0,,,,,,"",""
ball,1,3.2,Canada,I Maraj,JM Davison,TM Odoyo,4,0,,,,,,"",""
ball,1,3.3,Canada,I Maraj,JM Davison,TM Odoyo,0,0,,,,,,"",""
ball,1,3.4,Canada,I Maraj,JM Davison,TM Odoyo,0,0,,,,,,"",""
ball,1,3.5,Canada,I Maraj,JM Davison,TM Odoyo,0,0,,,,,,"",""
ball,1,3.6,Canada,I Maraj,JM Davison,TM Odoyo,0,0,,,,,,"",""
ball,1,4.1,Canada,JM Davison,I Maraj,MA Suji,6,0,,,,,,"",""
ball,1,4.2,Canada,JM Davison,I Maraj,MA Suji,2,0,,,,,,"",""
ball,1,4.3,Canada,JM Davison,I Maraj,MA Suji,0,0,,,,,,"",""
ball,1,4.4,Canada,JM Davison,I Maraj,MA Suji,2,0,,,,,,"",""
ball,1,4.5,Canada,JM Davison,I Maraj,MA Suji,0,0,,,,,,"",""
ball,1,4.6,Canada,JM Davison,I Maraj,MA Suji,0,0,,,,,,"",""
ball,1,5.1,Canada,I Maraj,JM Davison,TM Odoyo,0,0,,,,,,"",""
ball,1,5.2,Canada,I Maraj,JM Davison,TM Odoyo,0,0,,,,,,bowled,I Maraj
ball,1,5.3,Canada,DR Chumney,JM Davison,TM Odoyo,0,0,,,,,,"",""
ball,1,5.4,Canada,DR Chumney,JM Davison,TM Odoyo,0,0,,,,,,"",""
ball,1,5.5,Canada,DR Chumney,JM Davison,TM Odoyo,0,0,,,,,,"",""
ball,1,5.6,Canada,DR Chumney,JM Davison,TM Odoyo,0,0,,,,,,"",""
ball,1,6.1,Canada,JM Davison,DR Chumney,MA Suji,0,0,,,,,,"",""
ball,1,6.2,Canada,JM Davison,DR Chumney,MA Suji,1,0,,,,,,"",""
ball,1,6.3,Canada,DR Chumney,JM Davison,MA Suji,0,0,,,,,,"",""
ball,1,6.4,Canada,DR Chumney,JM Davison,MA Suji,0,0,,,,,,"",""
ball,1,6.5,Canada,DR Chumney,JM Davison,MA Suji,0,0,,,,,,"",""
ball,1,6.6,Canada,DR Chumney,JM Davison,MA Suji,0,0,,,,,,"",""
ball,1,7.1,Canada,JM Davison,DR Chumney,TM Odoyo,0,0,,,,,,"",""
ball,1,7.2,Canada,JM Davison,DR Chumney,TM Odoyo,0,0,,,,,,"",""
ball,1,7.3,Canada,JM Davison,DR Chumney,TM Odoyo,0,0,,,,,,"",""
ball,1,7.4,Canada,JM Davison,DR Chumney,TM Odoyo,0,0,,,,,,"",""
ball,1,7.5,Canada,JM Davison,DR Chumney,TM Odoyo,1,0,,,,,,"",""
ball,1,7.6,Canada,DR Chumney,JM Davison,TM Odoyo,4,0,,,,,,"",""
ball,1,8.1,Canada,JM Davison,DR Chumney,MA Suji,4,0,,,,,,"",""
ball,1,8.2,Canada,JM Davison,DR Chumney,MA Suji,1,0,,,,,,"",""
ball,1,8.3,Canada,DR Chumney,JM Davison,MA Suji,0,0,,,,,,"",""
ball,1,8.4,Canada,DR Chumney,JM Davison,MA Suji,0,0,,,,,,"",""
ball,1,8.5,Canada,DR Chumney,JM Davison,MA Suji,4,0,,,,,,"",""
ball,1,8.6,Canada,DR Chumney,JM Davison,MA Suji,0,0,,,,,,"",""
ball,1,9.1,Canada,JM Davison,DR Chumney,TM Odoyo,6,0,,,,,,"",""
ball,1,9.2,Canada,JM Davison,DR Chumney,TM Odoyo,0,0,,,,,,"",""
ball,1,9.3,Canada,JM Davison,DR Chumney,TM Odoyo,4,0,,,,,,"",""
ball,1,9.4,Canada,JM Davison,DR Chumney,TM Odoyo,0,0,,,,,,"",""
ball,1,9.5,Canada,JM Davison,DR Chumney,TM Odoyo,0,0,,,,,,"",""
ball,1,9.6,Canada,JM Davison,DR Chumney,TM Odoyo,0,0,,,,,,"",""
ball,1,10.1,Canada,DR Chumney,JM Davison,PJ Ongondo,0,0,,,,,,"",""
ball,1,10.2,Canada,DR Chumney,JM Davison,PJ Ongondo,0,1,,1,,,,"",""
ball,1,10.3,Canada,DR Chumney,JM Davison,PJ Ongondo,1,0,,,,,,"",""
ball,1,10.4,Canada,JM Davison,DR Chumney,PJ Ongondo,2,0,,,,,,"",""
ball,1,10.5,Canada,JM Davison,DR Chumney,PJ Ongondo,0,0,,,,,,caught,JM Davison
ball,1,10.6,Canada,DR Chumney,IS Billcliff,PJ Ongondo,0,0,,,,,,"",""
ball,1,10.7,Canada,DR Chumney,IS Billcliff,PJ Ongondo,1,0,,,,,,"",""
ball,1,11.1,Canada,DR Chumney,IS Billcliff,CO Obuya,0,0,,,,,,"",""
ball,1,11.2,Canada,DR Chumney,IS Billcliff,CO Obuya,0,0,,,,,,caught,DR Chumney
ball,1,11.3,Canada,JV Harris,IS Billcliff,CO Obuya,0,0,,,,,,"",""
ball,1,11.4,Canada,JV Harris,IS Billcliff,CO Obuya,0,0,,,,,,"",""
ball,1,11.5,Canada,JV Harris,IS Billcliff,CO Obuya,0,0,,,,,,"",""
ball,1,11.6,Canada,JV Harris,IS Billcliff,CO Obuya,1,0,,,,,,"",""
ball,1,12.1,Canada,JV Harris,IS Billcliff,PJ Ongondo,0,0,,,,,,"",""
ball,1,12.2,Canada,JV Harris,IS Billcliff,PJ Ongondo,0,0,,,,,,"",""
ball,1,12.3,Canada,JV Harris,IS Billcliff,PJ Ongondo,0,0,,,,,,"",""
ball,1,12.4,Canada,JV Harris,IS Billcliff,PJ Ongondo,4,0,,,,,,"",""
ball,1,12.5,Canada,JV Harris,IS Billcliff,PJ Ongondo,0,0,,,,,,"",""
ball,1,12.6,Canada,JV Harris,IS Billcliff,PJ Ongondo,0,0,,,,,,"",""
ball,1,13.1,Canada,IS Billcliff,JV Harris,CO Obuya,4,0,,,,,,"",""
ball,1,13.2,Canada,IS Billcliff,JV Harris,CO Obuya,0,0,,,,,,"",""
ball,1,13.3,Canada,IS Billcliff,JV Harris,CO Obuya,0,0,,,,,,"",""
ball,1,13.4,Canada,IS Billcliff,JV Harris,CO Obuya,0,0,,,,,,"",""
ball,1,13.5,Canada,IS Billcliff,JV Harris,CO Obuya,0,0,,,,,,"",""
ball,1,13.6,Canada,IS Billcliff,JV Harris,CO Obuya,0,0,,,,,,"",""
ball,1,14.1,Canada,JV Harris,IS Billcliff,PJ Ongondo,0,0,,,,,,"",""
ball,1,14.2,Canada,JV Harris,IS Billcliff,PJ Ongondo,0,0,,,,,,"",""
ball,1,14.3,Canada,JV Harris,IS Billcliff,PJ Ongondo,0,0,,,,,,"",""
ball,1,14.4,Canada,JV Harris,IS Billcliff,PJ Ongondo,0,1,1,,,,,"",""
ball,1,14.5,Canada,JV Harris,IS Billcliff,PJ Ongondo,0,0,,,,,,"",""
ball,1,14.6,Canada,JV Harris,IS Billcliff,PJ Ongondo,0,0,,,,,,"",""
ball,1,14.7,Canada,JV Harris,IS Billcliff,PJ Ongondo,0,0,,,,,,"",""
ball,1,15.1,Canada,IS Billcliff,JV Harris,CO Obuya,0,0,,,,,,"",""
ball,1,15.2,Canada,IS Billcliff,JV Harris,CO Obuya,0,0,,,,,,"",""
ball,1,15.3,Canada,IS Billcliff,JV Harris,CO Obuya,0,0,,,,,,"",""
ball,1,15.4,Canada,IS Billcliff,JV Harris,CO Obuya,0,0,,,,,,"",""
ball,1,15.5,Canada,IS Billcliff,JV Harris,CO Obuya,0,0,,,,,,"",""
ball,1,15.6,Canada,IS Billcliff,JV Harris,CO Obuya,0,0,,,,,,"",""
ball,1,16.1,Canada,JV Harris,IS Billcliff,PJ Ongondo,0,0,,,,,,"",""
ball,1,16.2,Canada,JV Harris,IS Billcliff,PJ Ongondo,0,0,,,,,,"",""
ball,1,16.3,Canada,JV Harris,IS Billcliff,PJ Ongondo,0,0,,,,,,"",""
ball,1,16.4,Canada,JV Harris,IS Billcliff,PJ Ongondo,0,0,,,,,,"",""
ball,1,16.5,Canada,JV Harris,IS Billcliff,PJ Ongondo,0,0,,,,,,"",""
ball,1,16.6,Canada,JV Harris,IS Billcliff,PJ Ongondo,0,0,,,,,,"",""
ball,1,17.1,Canada,IS Billcliff,JV Harris,CO Obuya,0,0,,,,,,"",""
ball,1,17.2,Canada,IS Billcliff,JV Harris,CO Obuya,0,0,,,,,,"",""
ball,1,17.3,Canada,IS Billcliff,JV Harris,CO Obuya,0,0,,,,,,"",""
ball,1,17.4,Canada,IS Billcliff,JV Harris,CO Obuya,0,0,,,,,,"",""
ball,1,17.5,Canada,IS Billcliff,JV Harris,CO Obuya,0,0,,,,,,"",""
ball,1,17.6,Canada,IS Billcliff,JV Harris,CO Obuya,4,0,,,,,,"",""
ball,1,18.1,Canada,JV Harris,IS Billcliff,PJ Ongondo,1,0,,,,,,"",""
ball,1,18.2,Canada,IS Billcliff,JV Harris,PJ Ongondo,0,0,,,,,,"",""
ball,1,18.3,Canada,IS Billcliff,JV Harris,PJ Ongondo,0,0,,,,,,"",""
ball,1,18.4,Canada,IS Billcliff,JV Harris,PJ Ongondo,0,0,,,,,,"",""
ball,1,18.5,Canada,IS Billcliff,JV Harris,PJ Ongondo,0,0,,,,,,"",""
ball,1,18.6,Canada,IS Billcliff,JV Harris,PJ Ongondo,0,0,,,,,,"",""
ball,1,19.1,Canada,JV Harris,IS Billcliff,CO Obuya,0,0,,,,,,"",""
ball,1,19.2,Canada,JV Harris,IS Billcliff,CO Obuya,1,0,,,,,,"",""
ball,1,19.3,Canada,IS Billcliff,JV Harris,CO Obuya,0,0,,,,,,"",""
ball,1,19.4,Canada,IS Billcliff,JV Harris,CO Obuya,1,0,,,,,,"",""
ball,1,19.5,Canada,JV Harris,IS Billcliff,CO Obuya,0,0,,,,,,"",""
ball,1,19.6,Canada,JV Harris,IS Billcliff,CO Obuya,0,0,,,,,,"",""
ball,1,20.1,Canada,IS Billcliff,JV Harris,PJ Ongondo,0,0,,,,,,"",""
ball,1,20.2,Canada,IS Billcliff,JV Harris,PJ Ongondo,0,0,,,,,,"",""
ball,1,20.3,Canada,IS Billcliff,JV Harris,PJ Ongondo,1,0,,,,,,"",""
ball,1,20.4,Canada,JV Harris,IS Billcliff,PJ Ongondo,0,0,,,,,,"",""
ball,1,20.5,Canada,JV Harris,IS Billcliff,PJ Ongondo,0,0,,,,,,"",""
ball,1,20.6,Canada,JV Harris,IS Billcliff,PJ Ongondo,0,0,,,,,,"",""
ball,1,21.1,Canada,IS Billcliff,JV Harris,MO Odumbe,0,0,,,,,,"",""
ball,1,21.2,Canada,IS Billcliff,JV Harris,MO Odumbe,0,0,,,,,,"",""
ball,1,21.3,Canada,IS Billcliff,JV Harris,MO Odumbe,6,0,,,,,,"",""
ball,1,21.4,Canada,IS Billcliff,JV Harris,MO Odumbe,1,0,,,,,,"",""
ball,1,21.5,Canada,JV Harris,IS Billcliff,MO Odumbe,0,0,,,,,,"",""
ball,1,21.6,Canada,JV Harris,IS Billcliff,MO Odumbe,0,0,,,,,,"",""
ball,1,22.1,Canada,IS Billcliff,JV Harris,MA Suji,0,0,,,,,,"",""
ball,1,22.2,Canada,IS Billcliff,JV Harris,MA Suji,0,0,,,,,,"",""
ball,1,22.3,Canada,IS Billcliff,JV Harris,MA Suji,0,0,,,,,,"",""
ball,1,22.4,Canada,IS Billcliff,JV Harris,MA Suji,1,0,,,,,,"",""
ball,1,22.5,Canada,JV Harris,IS Billcliff,MA Suji,0,0,,,,,,"",""
ball,1,22.6,Canada,JV Harris,IS Billcliff,MA Suji,0,0,,,,,,"",""
ball,1,23.1,Canada,IS Billcliff,JV Harris,MO Odumbe,0,0,,,,,,"",""
ball,1,23.2,Canada,IS Billcliff,JV Harris,MO Odumbe,0,0,,,,,,"",""
ball,1,23.3,Canada,IS Billcliff,JV Harris,MO Odumbe,1,0,,,,,,"",""
ball,1,23.4,Canada,JV Harris,IS Billcliff,MO Odumbe,1,0,,,,,,"",""
ball,1,23.5,Canada,IS Billcliff,JV Harris,MO Odumbe,0,0,,,,,,"",""
ball,1,23.6,Canada,IS Billcliff,JV Harris,MO Odumbe,0,0,,,,,,"",""
ball,1,24.1,Canada,JV Harris,IS Billcliff,MA Suji,0,0,,,,,,"",""
ball,1,24.2,Canada,JV Harris,IS Billcliff,MA Suji,0,0,,,,,,"",""
ball,1,24.3,Canada,JV Harris,IS Billcliff,MA Suji,0,0,,,,,,"",""
ball,1,24.4,Canada,JV Harris,IS Billcliff,MA Suji,0,0,,,,,,"",""
ball,1,24.5,Canada,JV Harris,IS Billcliff,MA Suji,1,0,,,,,,"",""
ball,1,24.6,Canada,IS Billcliff,JV Harris,MA Suji,0,0,,,,,,"",""
ball,1,25.1,Canada,JV Harris,IS Billcliff,MO Odumbe,0,0,,,,,,"",""
ball,1,25.2,Canada,JV Harris,IS Billcliff,MO Odumbe,1,0,,,,,,"",""
ball,1,25.3,Canada,IS Billcliff,JV Harris,MO Odumbe,2,0,,,,,,"",""
ball,1,25.4,Canada,IS Billcliff,JV Harris,MO Odumbe,0,0,,,,,,"",""
ball,1,25.5,Canada,IS Billcliff,JV Harris,MO Odumbe,0,0,,,,,,"",""
ball,1,25.6,Canada,IS Billcliff,JV Harris,MO Odumbe,1,0,,,,,,"",""
ball,1,26.1,Canada,IS Billcliff,JV Harris,TM Odoyo,0,0,,,,,,"",""
ball,1,26.2,Canada,IS Billcliff,JV Harris,TM Odoyo,0,0,,,,,,"",""
ball,1,26.3,Canada,IS Billcliff,JV Harris,TM Odoyo,0,0,,,,,,"",""
ball,1,26.4,Canada,IS Billcliff,JV Harris,TM Odoyo,0,0,,,,,,"",""
ball,1,26.5,Canada,IS Billcliff,JV Harris,TM Odoyo,1,0,,,,,,"",""
ball,1,26.6,Canada,JV Harris,IS Billcliff,TM Odoyo,0,0,,,,,,"",""
ball,1,27.1,Canada,IS Billcliff,JV Harris,MO Odumbe,0,0,,,,,,"",""
ball,1,27.2,Canada,IS Billcliff,JV Harris,MO Odumbe,0,0,,,,,,"",""
ball,1,27.3,Canada,IS Billcliff,JV Harris,MO Odumbe,1,0,,,,,,"",""
ball,1,27.4,Canada,JV Harris,IS Billcliff,MO Odumbe,0,0,,,,,,"",""
ball,1,27.5,Canada,JV Harris,IS Billcliff,MO Odumbe,1,0,,,,,,"",""
ball,1,27.6,Canada,IS Billcliff,JV Harris,MO Odumbe,1,0,,,,,,"",""
ball,1,28.1,Canada,IS Billcliff,JV Harris,TM Odoyo,0,0,,,,,,"",""
ball,1,28.2,Canada,IS Billcliff,JV Harris,TM Odoyo,0,0,,,,,,"",""
ball,1,28.3,Canada,IS Billcliff,JV Harris,TM Odoyo,0,0,,,,,,"",""
ball,1,28.4,Canada,IS Billcliff,JV Harris,TM Odoyo,0,0,,,,,,"",""
ball,1,28.5,Canada,IS Billcliff,JV Harris,TM Odoyo,1,0,,,,,,"",""
ball,1,28.6,Canada,JV Harris,IS Billcliff,TM Odoyo,0,0,,,,,,"",""
ball,1,29.1,Canada,IS Billcliff,JV Harris,MO Odumbe,0,0,,,,,,"",""
ball,1,29.2,Canada,IS Billcliff,JV Harris,MO Odumbe,0,0,,,,,,"",""
ball,1,29.3,Canada,IS Billcliff,JV Harris,MO Odumbe,2,0,,,,,,"",""
ball,1,29.4,Canada,IS Billcliff,JV Harris,MO Odumbe,0,0,,,,,,"",""
ball,1,29.5,Canada,IS Billcliff,JV Harris,MO Odumbe,0,0,,,,,,"",""
ball,1,29.6,Canada,IS Billcliff,JV Harris,MO Odumbe,0,0,,,,,,"",""
ball,1,30.1,Canada,JV Harris,IS Billcliff,TM Odoyo,0,0,,,,,,"",""
ball,1,30.2,Canada,JV Harris,IS Billcliff,TM Odoyo,0,0,,,,,,"",""
ball,1,30.3,Canada,JV Harris,IS Billcliff,TM Odoyo,0,0,,,,,,"",""
ball,1,30.4,Canada,JV Harris,IS Billcliff,TM Odoyo,0,0,,,,,,"",""
ball,1,30.5,Canada,JV Harris,IS Billcliff,TM Odoyo,0,0,,,,,,"",""
ball,1,30.6,Canada,JV Harris,IS Billcliff,TM Odoyo,1,0,,,,,,"",""
ball,1,31.1,Canada,JV Harris,IS Billcliff,MO Odumbe,0,0,,,,,,"",""
ball,1,31.2,Canada,JV Harris,IS Billcliff,MO Odumbe,1,0,,,,,,"",""
ball,1,31.3,Canada,IS Billcliff,JV Harris,MO Odumbe,0,0,,,,,,"",""
ball,1,31.4,Canada,IS Billcliff,JV Harris,MO Odumbe,4,0,,,,,,"",""
ball,1,31.5,Canada,IS Billcliff,JV Harris,MO Odumbe,1,0,,,,,,"",""
ball,1,31.6,Canada,JV Harris,IS Billcliff,MO Odumbe,0,0,,,,,,"",""
ball,1,32.1,Canada,IS Billcliff,JV Harris,CO Obuya,1,0,,,,,,"",""
ball,1,32.2,Canada,JV Harris,IS Billcliff,CO Obuya,0,0,,,,,,"",""
ball,1,32.3,Canada,JV Harris,IS Billcliff,CO Obuya,0,0,,,,,,"",""
ball,1,32.4,Canada,JV Harris,IS Billcliff,CO Obuya,1,0,,,,,,"",""
ball,1,32.5,Canada,IS Billcliff,JV Harris,CO Obuya,4,0,,,,,,"",""
ball,1,32.6,Canada,IS Billcliff,JV Harris,CO Obuya,0,0,,,,,,"",""
ball,1,33.1,Canada,JV Harris,IS Billcliff,MO Odumbe,0,0,,,,,,"",""
ball,1,33.2,Canada,JV Harris,IS Billcliff,MO Odumbe,4,0,,,,,,"",""
ball,1,33.3,Canada,JV Harris,IS Billcliff,MO Odumbe,0,0,,,,,,"",""
ball,1,33.4,Canada,JV Harris,IS Billcliff,MO Odumbe,1,0,,,,,,"",""
ball,1,33.5,Canada,IS Billcliff,JV Harris,MO Odumbe,0,0,,,,,,"",""
ball,1,33.6,Canada,IS Billcliff,JV Harris,MO Odumbe,1,0,,,,,,"",""
ball,1,34.1,Canada,IS Billcliff,JV Harris,CO Obuya,0,0,,,,,,"",""
ball,1,34.2,Canada,IS Billcliff,JV Harris,CO Obuya,0,1,,,,1,,"",""
ball,1,34.3,Canada,JV Harris,IS Billcliff,CO Obuya,0,0,,,,,,"",""
ball,1,34.4,Canada,JV Harris,IS Billcliff,CO Obuya,0,0,,,,,,"",""
ball,1,34.5,Canada,JV Harris,IS Billcliff,CO Obuya,1,0,,,,,,"",""
ball,1,34.6,Canada,IS Billcliff,JV Harris,CO Obuya,6,0,,,,,,"",""
ball,1,35.1,Canada,JV Harris,IS Billcliff,AO Suji,1,0,,,,,,"",""
ball,1,35.2,Canada,IS Billcliff,JV Harris,AO Suji,1,0,,,,,,"",""
ball,1,35.3,Canada,JV Harris,IS Billcliff,AO Suji,1,0,,,,,,"",""
ball,1,35.4,Canada,IS Billcliff,JV Harris,AO Suji,0,0,,,,,,"",""
ball,1,35.5,Canada,IS Billcliff,JV Harris,AO Suji,1,0,,,,,,"",""
ball,1,35.6,Canada,JV Harris,IS Billcliff,AO Suji,0,0,,,,,,"",""
ball,1,36.1,Canada,IS Billcliff,JV Harris,CO Obuya,4,0,,,,,,"",""
ball,1,36.2,Canada,IS Billcliff,JV Harris,CO Obuya,0,0,,,,,,"",""
ball,1,36.3,Canada,IS Billcliff,JV Harris,CO Obuya,0,0,,,,,,"",""
ball,1,36.4,Canada,IS Billcliff,JV Harris,CO Obuya,0,0,,,,,,"",""
ball,1,36.5,Canada,IS Billcliff,JV Harris,CO Obuya,0,0,,,,,,"",""
ball,1,36.6,Canada,IS Billcliff,JV Harris,CO Obuya,0,0,,,,,,"",""
ball,1,37.1,Canada,JV Harris,IS Billcliff,AO Suji,1,0,,,,,,"",""
ball,1,37.2,Canada,IS Billcliff,JV Harris,AO Suji,1,0,,,,,,"",""
ball,1,37.3,Canada,JV Harris,IS Billcliff,AO Suji,0,0,,,,,,"",""
ball,1,37.4,Canada,JV Harris,IS Billcliff,AO Suji,6,0,,,,,,"",""
ball,1,37.5,Canada,JV Harris,IS Billcliff,AO Suji,0,0,,,,,,"",""
ball,1,37.6,Canada,JV Harris,IS Billcliff,AO Suji,2,0,,,,,,"",""
ball,1,38.1,Canada,IS Billcliff,JV Harris,CO Obuya,1,0,,,,,,"",""
ball,1,38.2,Canada,JV Harris,IS Billcliff,CO Obuya,0,0,,,,,,caught,JV Harris
ball,1,38.3,Canada,IS Billcliff,AF Sattaur,CO Obuya,1,0,,,,,,"",""
ball,1,38.4,Canada,AF Sattaur,IS Billcliff,CO Obuya,1,0,,,,,,"",""
ball,1,38.5,Canada,IS Billcliff,AF Sattaur,CO Obuya,4,0,,,,,,"",""
ball,1,38.6,Canada,IS Billcliff,AF Sattaur,CO Obuya,1,0,,,,,,"",""
ball,1,39.1,Canada,IS Billcliff,AF Sattaur,AO Suji,0,0,,,,,,"",""
ball,1,39.2,Canada,IS Billcliff,AF Sattaur,AO Suji,0,0,,,,,,"",""
ball,1,39.3,Canada,IS Billcliff,AF Sattaur,AO Suji,0,0,,,,,,"",""
ball,1,39.4,Canada,IS Billcliff,AF Sattaur,AO Suji,1,0,,,,,,"",""
ball,1,39.5,Canada,AF Sattaur,IS Billcliff,AO Suji,1,0,,,,,,"",""
ball,1,39.6,Canada,IS Billcliff,AF Sattaur,AO Suji,4,0,,,,,,"",""
ball,1,40.1,Canada,AF Sattaur,IS Billcliff,CO Obuya,0,0,,,,,,"",""
ball,1,40.2,Canada,AF Sattaur,IS Billcliff,CO Obuya,0,1,1,,,,,"",""
ball,1,40.3,Canada,AF Sattaur,IS Billcliff,CO Obuya,1,0,,,,,,"",""
ball,1,40.4,Canada,IS Billcliff,AF Sattaur,CO Obuya,2,0,,,,,,"",""
ball,1,40.5,Canada,IS Billcliff,AF Sattaur,CO Obuya,4,0,,,,,,"",""
ball,1,40.6,Canada,IS Billcliff,AF Sattaur,CO Obuya,1,0,,,,,,"",""
ball,1,40.7,Canada,AF Sattaur,IS Billcliff,CO Obuya,1,0,,,,,,"",""
ball,1,41.1,Canada,AF Sattaur,IS Billcliff,AO Suji,0,0,,,,,,"",""
ball,1,41.2,Canada,AF Sattaur,IS Billcliff,AO Suji,1,0,,,,,,"",""
ball,1,41.3,Canada,IS Billcliff,AF Sattaur,AO Suji,0,0,,,,,,bowled,IS Billcliff
ball,1,41.4,Canada,NA de Groot,AF Sattaur,AO Suji,0,0,,,,,,"",""
ball,1,41.5,Canada,NA de Groot,AF Sattaur,AO Suji,0,0,,,,,,"",""
ball,1,41.6,Canada,NA de Groot,AF Sattaur,AO Suji,0,0,,,,,,"",""
ball,1,42.1,Canada,AF Sattaur,NA de Groot,MO Odumbe,1,0,,,,,,"",""
ball,1,42.2,Canada,NA de Groot,AF Sattaur,MO Odumbe,0,0,,,,,,lbw,NA de Groot
ball,1,42.3,Canada,A Bagai,AF Sattaur,MO Odumbe,1,0,,,,,,"",""
ball,1,42.4,Canada,AF Sattaur,A Bagai,MO Odumbe,1,0,,,,,,"",""
ball,1,42.5,Canada,A Bagai,AF Sattaur,MO Odumbe,1,0,,,,,,"",""
ball,1,42.6,Canada,AF Sattaur,A Bagai,MO Odumbe,0,0,,,,,,bowled,AF Sattaur
ball,1,43.1,Canada,A Bagai,S Thuraisingam,AO Suji,0,0,,,,,,"",""
ball,1,43.2,Canada,A Bagai,S Thuraisingam,AO Suji,1,0,,,,,,"",""
ball,1,43.3,Canada,S Thuraisingam,A Bagai,AO Suji,1,0,,,,,,"",""
ball,1,43.4,Canada,A Bagai,S Thuraisingam,AO Suji,1,0,,,,,,"",""
ball,1,43.5,Canada,S Thuraisingam,A Bagai,AO Suji,0,0,,,,,,"",""
ball,1,43.6,Canada,S Thuraisingam,A Bagai,AO Suji,0,0,,,,,,"",""
ball,1,44.1,Canada,A Bagai,S Thuraisingam,MO Odumbe,1,0,,,,,,"",""
ball,1,44.2,Canada,S Thuraisingam,A Bagai,MO Odumbe,0,0,,,,,,"",""
ball,1,44.3,Canada,S Thuraisingam,A Bagai,MO Odumbe,1,0,,,,,,"",""
ball,1,44.4,Canada,A Bagai,S Thuraisingam,MO Odumbe,0,0,,,,,,"",""
ball,1,44.5,Canada,A Bagai,S Thuraisingam,MO Odumbe,1,0,,,,,,"",""
ball,1,44.6,Canada,S Thuraisingam,A Bagai,MO Odumbe,4,0,,,,,,"",""
ball,1,45.1,Canada,A Bagai,S Thuraisingam,AO Suji,4,0,,,,,,"",""
ball,1,45.2,Canada,A Bagai,S Thuraisingam,AO Suji,1,0,,,,,,"",""
ball,1,45.3,Canada,S Thuraisingam,A Bagai,AO Suji,6,0,,,,,,"",""
ball,1,45.4,Canada,S Thuraisingam,A Bagai,AO Suji,0,0,,,,,,"",""
ball,1,45.5,Canada,S Thuraisingam,A Bagai,AO Suji,1,0,,,,,,"",""
ball,1,45.6,Canada,A Bagai,S Thuraisingam,AO Suji,1,0,,,,,,"",""
ball,1,46.1,Canada,A Bagai,S Thuraisingam,TM Odoyo,0,1,,,,1,,"",""
ball,1,46.2,Canada,S Thuraisingam,A Bagai,TM Odoyo,0,0,,,,,,caught,S Thuraisingam
ball,1,46.3,Canada,A Bagai,A Codrington,TM Odoyo,0,0,,,,,,"",""
ball,1,46.4,Canada,A Bagai,A Codrington,TM Odoyo,0,0,,,,,,"",""
ball,1,46.5,Canada,A Bagai,A Codrington,TM Odoyo,0,0,,,,,,caught,A Bagai
ball,1,46.6,Canada,D Joseph,A Codrington,TM Odoyo,0,1,1,,,,,"",""
ball,1,46.7,Canada,D Joseph,A Codrington,TM Odoyo,0,0,,,,,,"",""
ball,1,47.1,Canada,A Codrington,D Joseph,AO Suji,2,0,,,,,,"",""
ball,1,47.2,Canada,A Codrington,D Joseph,AO Suji,1,0,,,,,,"",""
ball,1,47.3,Canada,D Joseph,A Codrington,AO Suji,1,0,,,,,,"",""
ball,1,47.4,Canada,A Codrington,D Joseph,AO Suji,1,0,,,,,,"",""
ball,1,47.5,Canada,D Joseph,A Codrington,AO Suji,0,1,1,,,,,"",""
ball,1,47.6,Canada,D Joseph,A Codrington,AO Suji,2,0,,,,,,"",""
ball,1,47.7,Canada,D Joseph,A Codrington,AO Suji,0,0,,,,,,"",""
ball,1,48.1,Canada,A Codrington,D Joseph,TM Odoyo,1,0,,,,,,"",""
ball,1,48.2,Canada,D Joseph,A Codrington,TM Odoyo,0,0,,,,,,"",""
ball,1,48.3,Canada,D Joseph,A Codrington,TM Odoyo,1,0,,,,,,"",""
ball,1,48.4,Canada,A Codrington,D Joseph,TM Odoyo,0,0,,,,,,"",""
ball,1,48.5,Canada,A Codrington,D Joseph,TM Odoyo,0,0,,,,,,"",""
ball,1,48.6,Canada,A Codrington,D Joseph,TM Odoyo,0,0,,,,,,bowled,A Codrington
ball,2,0.1,Kenya,KO Otieno,RD Shah,D Joseph,0,0,,,,,,"",""
ball,2,0.2,Kenya,KO Otieno,RD Shah,D Joseph,0,0,,,,,,"",""
ball,2,0.3,Kenya,KO Otieno,RD Shah,D Joseph,0,0,,,,,,"",""
ball,2,0.4,Kenya,KO Otieno,RD Shah,D Joseph,0,1,1,,,,,"",""
ball,2,0.5,Kenya,KO Otieno,RD Shah,D Joseph,0,0,,,,,,"",""
ball,2,0.6,Kenya,KO Otieno,RD Shah,D Joseph,0,0,,,,,,"",""
ball,2,0.7,Kenya,KO Otieno,RD Shah,D Joseph,4,0,,,,,,"",""
ball,2,1.1,Kenya,RD Shah,KO Otieno,S Thuraisingam,1,0,,,,,,"",""
ball,2,1.2,Kenya,KO Otieno,RD Shah,S Thuraisingam,0,0,,,,,,"",""
ball,2,1.3,Kenya,KO Otieno,RD Shah,S Thuraisingam,0,0,,,,,,"",""
ball,2,1.4,Kenya,KO Otieno,RD Shah,S Thuraisingam,0,0,,,,,,"",""
ball,2,1.5,Kenya,KO Otieno,RD Shah,S Thuraisingam,0,0,,,,,,"",""
ball,2,1.6,Kenya,KO Otieno,RD Shah,S Thuraisingam,0,0,,,,,,"",""
ball,2,2.1,Kenya,RD Shah,KO Otieno,D Joseph,0,1,1,,,,,"",""
ball,2,2.2,Kenya,RD Shah,KO Otieno,D Joseph,0,0,,,,,,"",""
ball,2,2.3,Kenya,RD Shah,KO Otieno,D Joseph,0,0,,,,,,"",""
ball,2,2.4,Kenya,RD Shah,KO Otieno,D Joseph,1,0,,,,,,"",""
ball,2,2.5,Kenya,KO Otieno,RD Shah,D Joseph,0,0,,,,,,"",""
ball,2,2.6,Kenya,KO Otieno,RD Shah,D Joseph,0,0,,,,,,"",""
ball,2,2.7,Kenya,KO Otieno,RD Shah,D Joseph,0,0,,,,,,"",""
ball,2,3.1,Kenya,RD Shah,KO Otieno,S Thuraisingam,2,0,,,,,,"",""
ball,2,3.2,Kenya,RD Shah,KO Otieno,S Thuraisingam,0,0,,,,,,"",""
ball,2,3.3,Kenya,RD Shah,KO Otieno,S Thuraisingam,0,0,,,,,,"",""
ball,2,3.4,Kenya,RD Shah,KO Otieno,S Thuraisingam,1,0,,,,,,"",""
ball,2,3.5,Kenya,KO Otieno,RD Shah,S Thuraisingam,0,0,,,,,,"",""
ball,2,3.6,Kenya,KO Otieno,RD Shah,S Thuraisingam,0,0,,,,,,"",""
ball,2,4.1,Kenya,RD Shah,KO Otieno,D Joseph,0,0,,,,,,"",""
ball,2,4.2,Kenya,RD Shah,KO Otieno,D Joseph,4,0,,,,,,"",""
ball,2,4.3,Kenya,RD Shah,KO Otieno,D Joseph,0,0,,,,,,"",""
ball,2,4.4,Kenya,RD Shah,KO Otieno,D Joseph,0,0,,,,,,"",""
ball,2,4.5,Kenya,RD Shah,KO Otieno,D Joseph,0,0,,,,,,"",""
ball,2,4.6,Kenya,RD Shah,KO Otieno,D Joseph,0,0,,,,,,"",""
ball,2,5.1,Kenya,KO Otieno,RD Shah,S Thuraisingam,0,0,,,,,,bowled,KO Otieno
ball,2,5.2,Kenya,SO Tikolo,RD Shah,S Thuraisingam,3,0,,,,,,"",""
ball,2,5.3,Kenya,RD Shah,SO Tikolo,S Thuraisingam,0,0,,,,,,"",""
ball,2,5.4,Kenya,RD Shah,SO Tikolo,S Thuraisingam,2,0,,,,,,"",""
ball,2,5.5,Kenya,RD Shah,SO Tikolo,S Thuraisingam,0,0,,,,,,"",""
ball,2,5.6,Kenya,RD Shah,SO Tikolo,S Thuraisingam,0,0,,,,,,"",""
ball,2,6.1,Kenya,SO Tikolo,RD Shah,D Joseph,3,0,,,,,,"",""
ball,2,6.2,Kenya,RD Shah,SO Tikolo,D Joseph,2,0,,,,,,"",""
ball,2,6.3,Kenya,RD Shah,SO Tikolo,D Joseph,2,0,,,,,,"",""
ball,2,6.4,Kenya,RD Shah,SO Tikolo,D Joseph,0,0,,,,,,"",""
ball,2,6.5,Kenya,RD Shah,SO Tikolo,D Joseph,0,0,,,,,,"",""
ball,2,6.6,Kenya,RD Shah,SO Tikolo,D Joseph,0,0,,,,,,"",""
ball,2,7.1,Kenya,SO Tikolo,RD Shah,S Thuraisingam,0,0,,,,,,"",""
ball,2,7.2,Kenya,SO Tikolo,RD Shah,S Thuraisingam,4,0,,,,,,"",""
ball,2,7.3,Kenya,SO Tikolo,RD Shah,S Thuraisingam,1,0,,,,,,"",""
ball,2,7.4,Kenya,RD Shah,SO Tikolo,S Thuraisingam,0,0,,,,,,"",""
ball,2,7.5,Kenya,RD Shah,SO Tikolo,S Thuraisingam,2,0,,,,,,"",""
ball,2,7.6,Kenya,RD Shah,SO Tikolo,S Thuraisingam,2,0,,,,,,"",""
ball,2,8.1,Kenya,SO Tikolo,RD Shah,D Joseph,0,0,,,,,,"",""
ball,2,8.2,Kenya,SO Tikolo,RD Shah,D Joseph,0,0,,,,,,"",""
ball,2,8.3,Kenya,SO Tikolo,RD Shah,D Joseph,0,0,,,,,,"",""
ball,2,8.4,Kenya,SO Tikolo,RD Shah,D Joseph,0,1,,,,1,,"",""
ball,2,8.5,Kenya,RD Shah,SO Tikolo,D Joseph,0,0,,,,,,"",""
ball,2,8.6,Kenya,RD Shah,SO Tikolo,D Joseph,0,0,,,,,,"",""
ball,2,9.1,Kenya,SO Tikolo,RD Shah,A Codrington,0,0,,,,,,"",""
ball,2,9.2,Kenya,SO Tikolo,RD Shah,A Codrington,0,0,,,,,,"",""
ball,2,9.3,Kenya,SO Tikolo,RD Shah,A Codrington,4,0,,,,,,"",""
ball,2,9.4,Kenya,SO Tikolo,RD Shah,A Codrington,0,0,,,,,,"",""
ball,2,9.5,Kenya,SO Tikolo,RD Shah,A Codrington,1,0,,,,,,"",""
ball,2,9.6,Kenya,RD Shah,SO Tikolo,A Codrington,0,0,,,,,,"",""
ball,2,10.1,Kenya,SO Tikolo,RD Shah,D Joseph,0,0,,,,,,"",""
ball,2,10.2,Kenya,SO Tikolo,RD Shah,D Joseph,0,0,,,,,,"",""
ball,2,10.3,Kenya,SO Tikolo,RD Shah,D Joseph,0,0,,,,,,"",""
ball,2,10.4,Kenya,SO Tikolo,RD Shah,D Joseph,4,0,,,,,,"",""
ball,2,10.5,Kenya,SO Tikolo,RD Shah,D Joseph,0,0,,,,,,"",""
ball,2,10.6,Kenya,SO Tikolo,RD Shah,D Joseph,0,0,,,,,,"",""
ball,2,11.1,Kenya,RD Shah,SO Tikolo,A Codrington,0,0,,,,,,"",""
ball,2,11.2,Kenya,RD Shah,SO Tikolo,A Codrington,0,0,,,,,,"",""
ball,2,11.3,Kenya,RD Shah,SO Tikolo,A Codrington,0,0,,,,,,"",""
ball,2,11.4,Kenya,RD Shah,SO Tikolo,A Codrington,0,0,,,,,,"",""
ball,2,11.5,Kenya,RD Shah,SO Tikolo,A Codrington,1,0,,,,,,"",""
ball,2,11.6,Kenya,SO Tikolo,RD Shah,A Codrington,4,0,,,,,,"",""
ball,2,12.1,Kenya,RD Shah,SO Tikolo,S Thuraisingam,0,0,,,,,,"",""
ball,2,12.2,Kenya,RD Shah,SO Tikolo,S Thuraisingam,0,0,,,,,,"",""
ball,2,12.3,Kenya,RD Shah,SO Tikolo,S Thuraisingam,0,0,,,,,,"",""
ball,2,12.4,Kenya,RD Shah,SO Tikolo,S Thuraisingam,0,0,,,,,,"",""
ball,2,12.5,Kenya,RD Shah,SO Tikolo,S Thuraisingam,0,0,,,,,,"",""
ball,2,12.6,Kenya,RD Shah,SO Tikolo,S Thuraisingam,0,0,,,,,,"",""
ball,2,13.1,Kenya,SO Tikolo,RD Shah,A Codrington,0,0,,,,,,"",""
ball,2,13.2,Kenya,SO Tikolo,RD Shah,A Codrington,0,0,,,,,,"",""
ball,2,13.3,Kenya,SO Tikolo,RD Shah,A Codrington,0,0,,,,,,"",""
ball,2,13.4,Kenya,SO Tikolo,RD Shah,A Codrington,0,0,,,,,,"",""
ball,2,13.5,Kenya,SO Tikolo,RD Shah,A Codrington,0,0,,,,,,"",""
ball,2,13.6,Kenya,SO Tikolo,RD Shah,A Codrington,0,0,,,,,,"",""
ball,2,14.1,Kenya,RD Shah,SO Tikolo,S Thuraisingam,1,0,,,,,,"",""
ball,2,14.2,Kenya,SO Tikolo,RD Shah,S Thuraisingam,0,0,,,,,,"",""
ball,2,14.3,Kenya,SO Tikolo,RD Shah,S Thuraisingam,1,0,,,,,,"",""
ball,2,14.4,Kenya,RD Shah,SO Tikolo,S Thuraisingam,4,0,,,,,,"",""
ball,2,14.5,Kenya,RD Shah,SO Tikolo,S Thuraisingam,0,0,,,,,,"",""
ball,2,14.6,Kenya,RD Shah,SO Tikolo,S Thuraisingam,4,0,,,,,,"",""
ball,2,15.1,Kenya,SO Tikolo,RD Shah,A Codrington,0,0,,,,,,"",""
ball,2,15.2,Kenya,SO Tikolo,RD Shah,A Codrington,4,0,,,,,,"",""
ball,2,15.3,Kenya,SO Tikolo,RD Shah,A Codrington,1,0,,,,,,"",""
ball,2,15.4,Kenya,RD Shah,SO Tikolo,A Codrington,4,0,,,,,,"",""
ball,2,15.5,Kenya,RD Shah,SO Tikolo,A Codrington,4,0,,,,,,"",""
ball,2,15.6,Kenya,RD Shah,SO Tikolo,A Codrington,0,0,,,,,,"",""
ball,2,16.1,Kenya,SO Tikolo,RD Shah,JM Davison,0,1,1,,,,,"",""
ball,2,16.2,Kenya,SO Tikolo,RD Shah,JM Davison,0,0,,,,,,"",""
ball,2,16.3,Kenya,SO Tikolo,RD Shah,JM Davison,2,0,,,,,,"",""
ball,2,16.4,Kenya,SO Tikolo,RD Shah,JM Davison,0,0,,,,,,"",""
ball,2,16.5,Kenya,SO Tikolo,RD Shah,JM Davison,0,0,,,,,,"",""
ball,2,16.6,Kenya,SO Tikolo,RD Shah,JM Davison,0,0,,,,,,"",""
ball,2,16.7,Kenya,SO Tikolo,RD Shah,JM Davison,0,0,,,,,,"",""
ball,2,17.1,Kenya,RD Shah,SO Tikolo,D Joseph,0,0,,,,,,"",""
ball,2,17.2,Kenya,RD Shah,SO Tikolo,D Joseph,4,0,,,,,,"",""
ball,2,17.3,Kenya,RD Shah,SO Tikolo,D Joseph,0,0,,,,,,"",""
ball,2,17.4,Kenya,RD Shah,SO Tikolo,D Joseph,1,0,,,,,,"",""
ball,2,17.5,Kenya,SO Tikolo,RD Shah,D Joseph,0,0,,,,,,"",""
ball,2,17.6,Kenya,SO Tikolo,RD Shah,D Joseph,0,0,,,,,,"",""
ball,2,18.1,Kenya,RD Shah,SO Tikolo,JM Davison,0,0,,,,,,"",""
ball,2,18.2,Kenya,RD Shah,SO Tikolo,JM Davison,0,0,,,,,,"",""
ball,2,18.3,Kenya,RD Shah,SO Tikolo,JM Davison,0,0,,,,,,"",""
ball,2,18.4,Kenya,RD Shah,SO Tikolo,JM Davison,0,0,,,,,,"",""
ball,2,18.5,Kenya,RD Shah,SO Tikolo,JM Davison,0,0,,,,,,"",""
ball,2,18.6,Kenya,RD Shah,SO Tikolo,JM Davison,0,0,,,,,,"",""
ball,2,19.1,Kenya,SO Tikolo,RD Shah,D Joseph,1,0,,,,,,"",""
ball,2,19.2,Kenya,RD Shah,SO Tikolo,D Joseph,1,0,,,,,,"",""
ball,2,19.3,Kenya,SO Tikolo,RD Shah,D Joseph,2,0,,,,,,"",""
ball,2,19.4,Kenya,SO Tikolo,RD Shah,D Joseph,2,0,,,,,,"",""
ball,2,19.5,Kenya,SO Tikolo,RD Shah,D Joseph,4,0,,,,,,"",""
ball,2,19.6,Kenya,SO Tikolo,RD Shah,D Joseph,0,0,,,,,,"",""
ball,2,20.1,Kenya,RD Shah,SO Tikolo,JM Davison,0,0,,,,,,"",""
ball,2,20.2,Kenya,RD Shah,SO Tikolo,JM Davison,0,0,,,,,,"",""
ball,2,20.3,Kenya,RD Shah,SO Tikolo,JM Davison,0,0,,,,,,"",""
ball,2,20.4,Kenya,RD Shah,SO Tikolo,JM Davison,0,0,,,,,,"",""
ball,2,20.5,Kenya,RD Shah,SO Tikolo,JM Davison,1,0,,,,,,"",""
ball,2,20.6,Kenya,SO Tikolo,RD Shah,JM Davison,0,0,,,,,,"",""
ball,2,21.1,Kenya,RD Shah,SO Tikolo,NA de Groot,0,0,,,,,,"",""
ball,2,21.2,Kenya,RD Shah,SO Tikolo,NA de Groot,4,0,,,,,,"",""
ball,2,21.3,Kenya,RD Shah,SO Tikolo,NA de Groot,0,0,,,,,,"",""
ball,2,21.4,Kenya,RD Shah,SO Tikolo,NA de Groot,1,0,,,,,,"",""
ball,2,21.5,Kenya,SO Tikolo,RD Shah,NA de Groot,0,0,,,,,,"",""
ball,2,21.6,Kenya,SO Tikolo,RD Shah,NA de Groot,1,0,,,,,,"",""
ball,2,22.1,Kenya,SO Tikolo,RD Shah,JM Davison,0,0,,,,,,lbw,SO Tikolo
ball,2,22.2,Kenya,HS Modi,RD Shah,JM Davison,0,0,,,,,,"",""
ball,2,22.3,Kenya,HS Modi,RD Shah,JM Davison,0,0,,,,,,"",""
ball,2,22.4,Kenya,HS Modi,RD Shah,JM Davison,0,0,,,,,,"",""
ball,2,22.5,Kenya,HS Modi,RD Shah,JM Davison,0,0,,,,,,"",""
ball,2,22.6,Kenya,HS Modi,RD Shah,JM Davison,0,0,,,,,,"",""
ball,2,23.1,Kenya,RD Shah,HS Modi,NA de Groot,0,0,,,,,,"",""
ball,2,23.2,Kenya,RD Shah,HS Modi,NA de Groot,0,0,,,,,,"",""
ball,2,23.3,Kenya,RD Shah,HS Modi,NA de Groot,1,0,,,,,,"",""
ball,2,23.4,Kenya,HS Modi,RD Shah,NA de Groot,0,0,,,,,,"",""
ball,2,23.5,Kenya,HS Modi,RD Shah,NA de Groot,0,0,,,,,,"",""
ball,2,23.6,Kenya,HS Modi,RD Shah,NA de Groot,0,0,,,,,,"",""
ball,2,24.1,Kenya,RD Shah,HS Modi,JM Davison,0,0,,,,,,"",""
ball,2,24.2,Kenya,RD Shah,HS Modi,JM Davison,0,0,,,,,,"",""
ball,2,24.3,Kenya,RD Shah,HS Modi,JM Davison,1,0,,,,,,"",""
ball,2,24.4,Kenya,HS Modi,RD Shah,JM Davison,0,0,,,,,,"",""
ball,2,24.5,Kenya,HS Modi,RD Shah,JM Davison,0,0,,,,,,"",""
ball,2,24.6,Kenya,HS Modi,RD Shah,JM Davison,0,0,,,,,,"",""
ball,2,25.1,Kenya,RD Shah,HS Modi,NA de Groot,4,0,,,,,,"",""
ball,2,25.2,Kenya,RD Shah,HS Modi,NA de Groot,0,0,,,,,,"",""
ball,2,25.3,Kenya,RD Shah,HS Modi,NA de Groot,0,0,,,,,,"",""
ball,2,25.4,Kenya,RD Shah,HS Modi,NA de Groot,0,0,,,,,,"",""
ball,2,25.5,Kenya,RD Shah,HS Modi,NA de Groot,1,0,,,,,,"",""
ball,2,25.6,Kenya,HS Modi,RD Shah,NA de Groot,0,0,,,,,,"",""
ball,2,26.1,Kenya,RD Shah,HS Modi,JM Davison,0,1,1,,,,,"",""
ball,2,26.2,Kenya,RD Shah,HS Modi,JM Davison,0,0,,,,,,"",""
ball,2,26.3,Kenya,RD Shah,HS Modi,JM Davison,0,0,,,,,,"",""
ball,2,26.4,Kenya,RD Shah,HS Modi,JM Davison,1,0,,,,,,"",""
ball,2,26.5,Kenya,HS Modi,RD Shah,JM Davison,0,0,,,,,,"",""
ball,2,26.6,Kenya,HS Modi,RD Shah,JM Davison,0,0,,,,,,"",""
ball,2,26.7,Kenya,HS Modi,RD Shah,JM Davison,0,0,,,,,,"",""
ball,2,27.1,Kenya,RD Shah,HS Modi,A Codrington,0,0,,,,,,"",""
ball,2,27.2,Kenya,RD Shah,HS Modi,A Codrington,0,1,1,,,,,"",""
ball,2,27.3,Kenya,RD Shah,HS Modi,A Codrington,0,0,,,,,,"",""
ball,2,27.4,Kenya,RD Shah,HS Modi,A Codrington,4,0,,,,,,"",""
ball,2,27.5,Kenya,RD Shah,HS Modi,A Codrington,0,0,,,,,,"",""
ball,2,27.6,Kenya,RD Shah,HS Modi,A Codrington,0,0,,,,,,"",""
ball,2,27.7,Kenya,RD Shah,HS Modi,A Codrington,0,0,,,,,,"",""
ball,2,28.1,Kenya,HS Modi,RD Shah,JM Davison,0,0,,,,,,"",""
ball,2,28.2,Kenya,HS Modi,RD Shah,JM Davison,1,0,,,,,,"",""
ball,2,28.3,Kenya,RD Shah,HS Modi,JM Davison,0,0,,,,,,"",""
ball,2,28.4,Kenya,RD Shah,HS Modi,JM Davison,0,0,,,,,,"",""
ball,2,28.5,Kenya,RD Shah,HS Modi,JM Davison,0,0,,,,,,"",""
ball,2,28.6,Kenya,RD Shah,HS Modi,JM Davison,0,0,,,,,,"",""
ball,2,29.1,Kenya,HS Modi,RD Shah,A Codrington,0,0,,,,,,"",""
ball,2,29.2,Kenya,HS Modi,RD Shah,A Codrington,0,0,,,,,,"",""
ball,2,29.3,Kenya,HS Modi,RD Shah,A Codrington,1,0,,,,,,"",""
ball,2,29.4,Kenya,RD Shah,HS Modi,A Codrington,0,1,,,,1,,"",""
ball,2,29.5,Kenya,HS Modi,RD Shah,A Codrington,0,0,,,,,,"",""
ball,2,29.6,Kenya,HS Modi,RD Shah,A Codrington,0,0,,,,,,"",""
ball,2,30.1,Kenya,RD Shah,HS Modi,S Thuraisingam,0,0,,,,,,"",""
ball,2,30.2,Kenya,RD Shah,HS Modi,S Thuraisingam,0,0,,,,,,"",""
ball,2,30.3,Kenya,RD Shah,HS Modi,S Thuraisingam,0,0,,,,,,caught,RD Shah
ball,2,30.4,Kenya,MO Odumbe,HS Modi,S Thuraisingam,0,0,,,,,,"",""
ball,2,30.5,Kenya,MO Odumbe,HS Modi,S Thuraisingam,4,0,,,,,,"",""
ball,2,30.6,Kenya,MO Odumbe,HS Modi,S Thuraisingam,1,0,,,,,,"",""
ball,2,31.1,Kenya,MO Odumbe,HS Modi,A Codrington,1,0,,,,,,"",""
ball,2,31.2,Kenya,HS Modi,MO Odumbe,A Codrington,0,0,,,,,,"",""
ball,2,31.3,Kenya,HS Modi,MO Odumbe,A Codrington,0,0,,,,,,"",""
ball,2,31.4,Kenya,HS Modi,MO Odumbe,A Codrington,0,0,,,,,,"",""
ball,2,31.5,Kenya,HS Modi,MO Odumbe,A Codrington,0,0,,,,,,"",""
ball,2,31.6,Kenya,HS Modi,MO Odumbe,A Codrington,0,0,,,,,,"",""
ball,2,32.1,Kenya,MO Odumbe,HS Modi,S Thuraisingam,0,1,1,,,,,"",""
ball,2,32.2,Kenya,MO Odumbe,HS Modi,S Thuraisingam,0,0,,,,,,"",""
ball,2,32.3,Kenya,MO Odumbe,HS Modi,S Thuraisingam,1,0,,,,,,"",""
ball,2,32.4,Kenya,HS Modi,MO Odumbe,S Thuraisingam,0,0,,,,,,"",""
ball,2,32.5,Kenya,HS Modi,MO Odumbe,S Thuraisingam,1,0,,,,,,"",""
ball,2,32.6,Kenya,MO Odumbe,HS Modi,S Thuraisingam,4,0,,,,,,"",""
ball,2,32.7,Kenya,MO Odumbe,HS Modi,S Thuraisingam,1,0,,,,,,"",""
ball,2,33.1,Kenya,MO Odumbe,HS Modi,A Codrington,2,0,,,,,,"",""
ball,2,33.2,Kenya,MO Odumbe,HS Modi,A Codrington,1,0,,,,,,"",""
ball,2,33.3,Kenya,HS Modi,MO Odumbe,A Codrington,0,0,,,,,,"",""
ball,2,33.4,Kenya,HS Modi,MO Odumbe,A Codrington,1,0,,,,,,"",""
ball,2,33.5,Kenya,MO Odumbe,HS Modi,A Codrington,2,0,,,,,,"",""
ball,2,33.6,Kenya,MO Odumbe,HS Modi,A Codrington,0,0,,,,,,"",""
ball,2,34.1,Kenya,HS Modi,MO Odumbe,JM Davison,0,0,,,,,,"",""
ball,2,34.2,Kenya,HS Modi,MO Odumbe,JM Davison,0,0,,,,,,"",""
ball,2,34.3,Kenya,HS Modi,MO Odumbe,JM Davison,0,0,,,,,,"",""
ball,2,34.4,Kenya,HS Modi,MO Odumbe,JM Davison,0,0,,,,,,"",""
ball,2,34.5,Kenya,HS Modi,MO Odumbe,JM Davison,0,0,,,,,,"",""
ball,2,34.6,Kenya,HS Modi,MO Odumbe,JM Davison,0,0,,,,,,"",""
ball,2,35.1,Kenya,MO Odumbe,HS Modi,NA de Groot,2,0,,,,,,"",""
ball,2,35.2,Kenya,MO Odumbe,HS Modi,NA de Groot,1,0,,,,,,"",""
ball,2,35.3,Kenya,HS Modi,MO Odumbe,NA de Groot,1,0,,,,,,"",""
ball,2,35.4,Kenya,MO Odumbe,HS Modi,NA de Groot,0,0,,,,,,"",""
ball,2,35.5,Kenya,MO Odumbe,HS Modi,NA de Groot,6,0,,,,,,"",""
ball,2,35.6,Kenya,MO Odumbe,HS Modi,NA de Groot,0,0,,,,,,"",""
ball,2,36.1,Kenya,HS Modi,MO Odumbe,JM Davison,0,0,,,,,,"",""
ball,2,36.2,Kenya,HS Modi,MO Odumbe,JM Davison,0,0,,,,,,"",""
ball,2,36.3,Kenya,HS Modi,MO Odumbe,JM Davison,1,0,,,,,,"",""
ball,2,36.4,Kenya,MO Odumbe,HS Modi,JM Davison,0,0,,,,,,"",""
ball,2,36.5,Kenya,MO Odumbe,HS Modi,JM Davison,0,1,1,,,,,"",""
ball,2,36.6,Kenya,MO Odumbe,HS Modi,JM Davison,0,0,,,,,,lbw,MO Odumbe
ball,2,36.7,Kenya,TM Odoyo,HS Modi,JM Davison,0,0,,,,,,"",""
ball,2,37.1,Kenya,HS Modi,TM Odoyo,D Joseph,0,0,,,,,,"",""
ball,2,37.2,Kenya,HS Modi,TM Odoyo,D Joseph,0,0,,,,,,"",""
ball,2,37.3,Kenya,HS Modi,TM Odoyo,D Joseph,0,0,,,,,,"",""
ball,2,37.4,Kenya,HS Modi,TM Odoyo,D Joseph,0,0,,,,,,"",""
ball,2,37.5,Kenya,HS Modi,TM Odoyo,D Joseph,0,0,,,,,,"",""
ball,2,37.6,Kenya,HS Modi,TM Odoyo,D Joseph,0,1,1,,,,,"",""
ball,2,37.7,Kenya,HS Modi,TM Odoyo,D Joseph,0,0,,,,,,"",""
ball,2,38.1,Kenya,TM Odoyo,HS Modi,JM Davison,2,0,,,,,,"",""
ball,2,38.2,Kenya,TM Odoyo,HS Modi,JM Davison,2,0,,,,,,"",""
ball,2,38.3,Kenya,TM Odoyo,HS Modi,JM Davison,1,0,,,,,,"",""
ball,2,38.4,Kenya,HS Modi,TM Odoyo,JM Davison,0,0,,,,,,caught,HS Modi
ball,2,38.5,Kenya,PJ Ongondo,TM Odoyo,JM Davison,0,0,,,,,,"",""
ball,2,38.6,Kenya,PJ Ongondo,TM Odoyo,JM Davison,0,0,,,,,,"",""
ball,2,39.1,Kenya,TM Odoyo,PJ Ongondo,D Joseph,0,0,,,,,,"",""
ball,2,39.2,Kenya,TM Odoyo,PJ Ongondo,D Joseph,0,0,,,,,,"",""
ball,2,39.3,Kenya,TM Odoyo,PJ Ongondo,D Joseph,0,0,,,,,,"",""
ball,2,39.4,Kenya,TM Odoyo,PJ Ongondo,D Joseph,0,0,,,,,,"",""
ball,2,39.5,Kenya,TM Odoyo,PJ Ongondo,D Joseph,0,0,,,,,,"",""
ball,2,39.6,Kenya,TM Odoyo,PJ Ongondo,D Joseph,1,0,,,,,,"",""
ball,2,40.1,Kenya,TM Odoyo,PJ Ongondo,I Maraj,0,0,,,,,,"",""
ball,2,40.2,Kenya,TM Odoyo,PJ Ongondo,I Maraj,0,0,,,,,,"",""
ball,2,40.3,Kenya,TM Odoyo,PJ Ongondo,I Maraj,4,0,,,,,,"",""
ball,2,40.4,Kenya,TM Odoyo,PJ Ongondo,I Maraj,0,0,,,,,,"",""
ball,2,40.5,Kenya,TM Odoyo,PJ Ongondo,I Maraj,0,0,,,,,,"",""
ball,2,40.6,Kenya,TM Odoyo,PJ Ongondo,I Maraj,0,1,,,,1,,"",""
ball,2,41.1,Kenya,TM Odoyo,PJ Ongondo,S Thuraisingam,2,0,,,,,,"",""
ball,2,41.2,Kenya,TM Odoyo,PJ Ongondo,S Thuraisingam,0,0,,,,,,"",""
ball,2,41.3,Kenya,TM Odoyo,PJ Ongondo,S Thuraisingam,1,0,,,,,,"",""
ball,2,41.4,Kenya,PJ Ongondo,TM Odoyo,S Thuraisingam,4,0,,,,,,"",""
ball,2,41.5,Kenya,PJ Ongondo,TM Odoyo,S Thuraisingam,0,0,,,,,,"",""
ball,2,41.6,Kenya,PJ Ongondo,TM Odoyo,S Thuraisingam,0,0,,,,,,"",""
ball,2,42.1,Kenya,TM Odoyo,PJ Ongondo,I Maraj,0,0,,,,,,"",""
ball,2,42.2,Kenya,TM Odoyo,PJ Ongondo,I Maraj,0,0,,,,,,"",""
ball,2,42.3,Kenya,TM Odoyo,PJ Ongondo,I Maraj,0,0,,,,,,"",""
ball,2,42.4,Kenya,TM Odoyo,PJ Ongondo,I Maraj,4,0,,,,,,"",""
ball,2,42.5,Kenya,TM Odoyo,PJ Ongondo,I Maraj,0,0,,,,,,"",""
ball,2,42.6,Kenya,TM Odoyo,PJ Ongondo,I Maraj,1,0,,,,,,"",""
ball,2,43.1,Kenya,TM Odoyo,PJ Ongondo,S Thuraisingam,2,0,,,,,,"",""
ball,2,43.2,Kenya,TM Odoyo,PJ Ongondo,S Thuraisingam,0,0,,,,,,"",""
ball,2,43.3,Kenya,TM Odoyo,PJ Ongondo,S Thuraisingam,0,0,,,,,,"",""
ball,2,43.4,Kenya,TM Odoyo,PJ Ongondo,S Thuraisingam,0,0,,,,,,"",""
ball,2,43.5,Kenya,TM Odoyo,PJ Ongondo,S Thuraisingam,0,0,,,,,,"",""
ball,2,43.6,Kenya,TM Odoyo,PJ Ongondo,S Thuraisingam,0,1,1,,,,,"",""
ball,2,43.7,Kenya,TM Odoyo,PJ Ongondo,S Thuraisingam,2,0,,,,,,"",""
ball,2,44.1,Kenya,PJ Ongondo,TM Odoyo,I Maraj,4,0,,,,,,"",""
ball,2,44.2,Kenya,PJ Ongondo,TM Odoyo,I Maraj,2,0,,,,,,"",""
ball,2,44.3,Kenya,PJ Ongondo,TM Odoyo,I Maraj,1,0,,,,,,"",""
ball,2,44.4,Kenya,TM Odoyo,PJ Ongondo,I Maraj,0,0,,,,,,"",""
ball,2,44.5,Kenya,TM Odoyo,PJ Ongondo,I Maraj,0,0,,,,,,"",""
ball,2,44.6,Kenya,TM Odoyo,PJ Ongondo,I Maraj,0,0,,,,,,"",""
ball,2,45.1,Kenya,PJ Ongondo,TM Odoyo,A Codrington,2,0,,,,,,"",""
ball,2,45.2,Kenya,PJ Ongondo,TM Odoyo,A Codrington,1,0,,,,,,"",""
ball,2,45.3,Kenya,TM Odoyo,PJ Ongondo,A Codrington,0,0,,,,,,"",""
ball,2,45.4,Kenya,TM Odoyo,PJ Ongondo,A Codrington,0,0,,,,,,"",""
ball,2,45.5,Kenya,TM Odoyo,PJ Ongondo,A Codrington,0,0,,,,,,"",""
ball,2,45.6,Kenya,TM Odoyo,PJ Ongondo,A Codrington,1,0,,,,,,"",""
ball,2,46.1,Kenya,TM Odoyo,PJ Ongondo,I Maraj,1,0,,,,,,"",""
ball,2,46.2,Kenya,PJ Ongondo,TM Odoyo,I Maraj,0,0,,,,,,"",""
ball,2,46.3,Kenya,PJ Ongondo,TM Odoyo,I Maraj,0,0,,,,,,"",""
ball,2,46.4,Kenya,PJ Ongondo,TM Odoyo,I Maraj,1,0,,,,,,"",""
ball,2,46.5,Kenya,TM Odoyo,PJ Ongondo,I Maraj,1,0,,,,,,"",""
ball,2,46.6,Kenya,PJ Ongondo,TM Odoyo,I Maraj,1,0,,,,,,"",""
ball,2,47.1,Kenya,PJ Ongondo,TM Odoyo,A Codrington,0,0,,,,,,"",""
ball,2,47.2,Kenya,PJ Ongondo,TM Odoyo,A Codrington,0,0,,,,,,bowled,PJ Ongondo
ball,2,47.3,Kenya,DO Obuya,TM Odoyo,A Codrington,0,0,,,,,,"",""
ball,2,47.4,Kenya,DO Obuya,TM Odoyo,A Codrington,0,0,,,,,,"",""
ball,2,47.5,Kenya,DO Obuya,TM Odoyo,A Codrington,3,0,,,,,,"",""
ball,2,47.6,Kenya,TM Odoyo,DO Obuya,A Codrington,1,0,,,,,,"",""
ball,2,48.1,Kenya,TM Odoyo,DO Obuya,I Maraj,1,0,,,,,,"",""
ball,2,48.2,Kenya,DO Obuya,TM Odoyo,I Maraj,0,0,,,,,,"",""
ball,2,48.3,Kenya,DO Obuya,TM Odoyo,I Maraj,1,0,,,,,,"",""
