version,1.7.0
info,balls_per_over,6
info,team,India
info,team,Australia
info,gender,male
info,season,2002/03
info,date,2003/02/15
info,event,ICC World Cup
info,match_number,11
info,venue,"SuperSport Park, Centurion"
info,city,Centurion
info,toss_winner,India
info,toss_decision,bat
info,player_of_match,JN Gillespie
info,umpire,EAR de Silva
info,umpire,DR Shepherd
info,tv_umpire,BG Jerling
info,match_referee,CH Lloyd
info,winner,Australia
info,winner_wickets,9
info,player,India,SC Ganguly
info,player,India,SR Tendulkar
info,player,India,V Sehwag
info,player,India,R Dravid
info,player,India,Yuvraj Singh
info,player,India,M Kaif
info,player,India,D Mongia
info,player,India,A Kumble
info,player,India,Harbhajan Singh
info,player,India,Z Khan
info,player,India,J Srinath
info,player,Australia,AC Gilchrist
info,player,Australia,ML Hayden
info,player,Australia,RT Ponting
info,player,Australia,DR Martyn
info,player,Australia,DS Lehmann
info,player,Australia,MG Bevan
info,player,Australia,A Symonds
info,player,Australia,GB Hogg
info,player,Australia,B Lee
info,player,Australia,GD McGrath
info,player,Australia,JN Gillespie
info,registry,people,A Kumble,0c2730df
info,registry,people,A Symonds,bd77eb62
info,registry,people,AC Gilchrist,2b6e6dec
info,registry,people,B Lee,dd09ff8e
info,registry,people,BG Jerling,26457e41
info,registry,people,CH Lloyd,5b445db0
info,registry,people,D Mongia,99663fa5
info,registry,people,DR Martyn,69762509
info,registry,people,DR Shepherd,8a578048
info,registry,people,DS Lehmann,53fe6ee4
info,registry,people,EAR de Silva,dc63f509
info,registry,people,GB Hogg,f708a0bc
info,registry,people,GD McGrath,ee7d0c82
info,registry,people,Harbhajan Singh,8b5b6769
info,registry,people,J Srinath,bad31fac
info,registry,people,JN Gillespie,74234d66
info,registry,people,M Kaif,d84378a4
info,registry,people,MG Bevan,c500ec39
info,registry,people,ML Hayden,d8699ab7
info,registry,people,R Dravid,0184dc35
info,registry,people,RT Ponting,7d415ea5
info,registry,people,SC Ganguly,725529bc
info,registry,people,SR Tendulkar,d2c2b2d5
info,registry,people,V Sehwag,8ba8195d
info,registry,people,Yuvraj Singh,1c914163
info,registry,people,Z Khan,91a4a398
ball,1,0.1,India,SC Ganguly,SR Tendulkar,GD McGrath,2,0,,,,,,"",""
ball,1,0.2,India,SC Ganguly,SR Tendulkar,GD McGrath,0,0,,,,,,"",""
ball,1,0.3,India,SC Ganguly,SR Tendulkar,GD McGrath,0,0,,,,,,"",""
ball,1,0.4,India,SC Ganguly,SR Tendulkar,GD McGrath,0,1,,,,1,,"",""
ball,1,0.5,India,SR Tendulkar,SC Ganguly,GD McGrath,0,0,,,,,,"",""
ball,1,0.6,India,SR Tendulkar,SC Ganguly,GD McGrath,0,0,,,,,,"",""
ball,1,1.1,India,SC Ganguly,SR Tendulkar,B Lee,1,0,,,,,,"",""
ball,1,1.2,India,SR Tendulkar,SC Ganguly,B Lee,0,0,,,,,,"",""
ball,1,1.3,India,SR Tendulkar,SC Ganguly,B Lee,0,0,,,,,,"",""
ball,1,1.4,India,SR Tendulkar,SC Ganguly,B Lee,1,0,,,,,,"",""
ball,1,1.5,India,SC Ganguly,SR Tendulkar,B Lee,0,2,,,,2,,"",""
ball,1,1.6,India,SC Ganguly,SR Tendulkar,B Lee,0,0,,,,,,"",""
ball,1,2.1,India,SR Tendulkar,SC Ganguly,GD McGrath,0,0,,,,,,"",""
ball,1,2.2,India,SR Tendulkar,SC Ganguly,GD McGrath,1,0,,,,,,"",""
ball,1,2.3,India,SC Ganguly,SR Tendulkar,GD McGrath,0,0,,,,,,"",""
ball,1,2.4,India,SC Ganguly,SR Tendulkar,GD McGrath,0,0,,,,,,"",""
ball,1,2.5,India,SC Ganguly,SR Tendulkar,GD McGrath,0,0,,,,,,"",""
ball,1,2.6,India,SC Ganguly,SR Tendulkar,GD McGrath,1,0,,,,,,"",""
ball,1,3.1,India,SC Ganguly,SR Tendulkar,B Lee,0,0,,,,,,"",""
ball,1,3.2,India,SC Ganguly,SR Tendulkar,B Lee,0,0,,,,,,"",""
ball,1,3.3,India,SC Ganguly,SR Tendulkar,B Lee,0,1,,,,1,,"",""
ball,1,3.4,India,SR Tendulkar,SC Ganguly,B Lee,0,0,,,,,,"",""
ball,1,3.5,India,SR Tendulkar,SC Ganguly,B Lee,0,0,,,,,,"",""
ball,1,3.6,India,SR Tendulkar,SC Ganguly,B Lee,0,0,,,,,,"",""
ball,1,4.1,India,SC Ganguly,SR Tendulkar,GD McGrath,0,0,,,,,,"",""
ball,1,4.2,India,SC Ganguly,SR Tendulkar,GD McGrath,4,0,,,,,,"",""
ball,1,4.3,India,SC Ganguly,SR Tendulkar,GD McGrath,0,0,,,,,,"",""
ball,1,4.4,India,SC Ganguly,SR Tendulkar,GD McGrath,0,0,,,,,,"",""
ball,1,4.5,India,SC Ganguly,SR Tendulkar,GD McGrath,0,1,,,,1,,"",""
ball,1,4.6,India,SR Tendulkar,SC Ganguly,GD McGrath,0,0,,,,,,"",""
ball,1,5.1,India,SC Ganguly,SR Tendulkar,B Lee,1,0,,,,,,"",""
ball,1,5.2,India,SR Tendulkar,SC Ganguly,B Lee,0,1,1,,,,,"",""
ball,1,5.3,India,SR Tendulkar,SC Ganguly,B Lee,4,0,,,,,,"",""
ball,1,5.4,India,SR Tendulkar,SC Ganguly,B Lee,1,0,,,,,,"",""
ball,1,5.5,India,SC Ganguly,SR Tendulkar,B Lee,0,0,,,,,,caught,SC Ganguly
ball,1,5.6,India,V Sehwag,SR Tendulkar,B Lee,0,0,,,,,,"",""
ball,1,5.7,India,V Sehwag,SR Tendulkar,B Lee,4,0,,,,,,"",""
ball,1,6.1,India,SR Tendulkar,V Sehwag,GD McGrath,2,0,,,,,,"",""
ball,1,6.2,India,SR Tendulkar,V Sehwag,GD McGrath,4,0,,,,,,"",""
ball,1,6.3,India,SR Tendulkar,V Sehwag,GD McGrath,4,0,,,,,,"",""
ball,1,6.4,India,SR Tendulkar,V Sehwag,GD McGrath,2,0,,,,,,"",""
ball,1,6.5,India,SR Tendulkar,V Sehwag,GD McGrath,2,0,,,,,,"",""
ball,1,6.6,India,SR Tendulkar,V Sehwag,GD McGrath,0,0,,,,,,"",""
ball,1,7.1,India,V Sehwag,SR Tendulkar,B Lee,0,0,,,,,,"",""
ball,1,7.2,India,V Sehwag,SR Tendulkar,B Lee,0,1,1,,,,,"",""
ball,1,7.3,India,V Sehwag,SR Tendulkar,B Lee,0,0,,,,,,caught,V Sehwag
ball,1,7.4,India,R Dravid,SR Tendulkar,B Lee,0,0,,,,,,"",""
ball,1,7.5,India,R Dravid,SR Tendulkar,B Lee,0,0,,,,,,"",""
ball,1,7.6,India,R Dravid,SR Tendulkar,B Lee,0,0,,,,,,"",""
ball,1,7.7,India,R Dravid,SR Tendulkar,B Lee,1,0,,,,,,"",""
ball,1,8.1,India,R Dravid,SR Tendulkar,GD McGrath,0,0,,,,,,"",""
ball,1,8.2,India,R Dravid,SR Tendulkar,GD McGrath,0,0,,,,,,"",""
ball,1,8.3,India,R Dravid,SR Tendulkar,GD McGrath,0,0,,,,,,"",""
ball,1,8.4,India,R Dravid,SR Tendulkar,GD McGrath,0,0,,,,,,"",""
ball,1,8.5,India,R Dravid,SR Tendulkar,GD McGrath,0,0,,,,,,"",""
ball,1,8.6,India,R Dravid,SR Tendulkar,GD McGrath,0,0,,,,,,"",""
ball,1,9.1,India,SR Tendulkar,R Dravid,B Lee,1,0,,,,,,"",""
ball,1,9.2,India,R Dravid,SR Tendulkar,B Lee,0,0,,,,,,"",""
ball,1,9.3,India,R Dravid,SR Tendulkar,B Lee,0,0,,,,,,"",""
ball,1,9.4,India,R Dravid,SR Tendulkar,B Lee,0,0,,,,,,"",""
ball,1,9.5,India,R Dravid,SR Tendulkar,B Lee,0,0,,,,,,"",""
ball,1,9.6,India,R Dravid,SR Tendulkar,B Lee,0,0,,,,,,"",""
ball,1,10.1,India,SR Tendulkar,R Dravid,GD McGrath,0,0,,,,,,"",""
ball,1,10.2,India,SR Tendulkar,R Dravid,GD McGrath,0,0,,,,,,"",""
ball,1,10.3,India,SR Tendulkar,R Dravid,GD McGrath,0,0,,,,,,"",""
ball,1,10.4,India,SR Tendulkar,R Dravid,GD McGrath,0,0,,,,,,"",""
ball,1,10.5,India,SR Tendulkar,R Dravid,GD McGrath,0,0,,,,,,"",""
ball,1,10.6,India,SR Tendulkar,R Dravid,GD McGrath,0,0,,,,,,"",""
ball,1,11.1,India,R Dravid,SR Tendulkar,B Lee,0,0,,,,,,"",""
ball,1,11.2,India,R Dravid,SR Tendulkar,B Lee,0,1,,1,,,,"",""
ball,1,11.3,India,R Dravid,SR Tendulkar,B Lee,0,0,,,,,,"",""
ball,1,11.4,India,R Dravid,SR Tendulkar,B Lee,0,0,,,,,,"",""
ball,1,11.5,India,R Dravid,SR Tendulkar,B Lee,0,0,,,,,,"",""
ball,1,11.6,India,R Dravid,SR Tendulkar,B Lee,0,0,,,,,,"",""
ball,1,11.7,India,R Dravid,SR Tendulkar,B Lee,0,0,,,,,,"",""
ball,1,12.1,India,SR Tendulkar,R Dravid,GD McGrath,0,0,,,,,,"",""
ball,1,12.2,India,SR Tendulkar,R Dravid,GD McGrath,0,0,,,,,,"",""
ball,1,12.3,India,SR Tendulkar,R Dravid,GD McGrath,0,0,,,,,,"",""
ball,1,12.4,India,SR Tendulkar,R Dravid,GD McGrath,0,0,,,,,,"",""
ball,1,12.5,India,SR Tendulkar,R Dravid,GD McGrath,0,0,,,,,,"",""
ball,1,12.6,India,SR Tendulkar,R Dravid,GD McGrath,0,0,,,,,,"",""
ball,1,13.1,India,R Dravid,SR Tendulkar,JN Gillespie,0,0,,,,,,bowled,R Dravid
ball,1,13.2,India,Yuvraj Singh,SR Tendulkar,JN Gillespie,0,0,,,,,,"",""
ball,1,13.3,India,Yuvraj Singh,SR Tendulkar,JN Gillespie,0,0,,,,,,"",""
ball,1,13.4,India,Yuvraj Singh,SR Tendulkar,JN Gillespie,0,0,,,,,,"",""
ball,1,13.5,India,Yuvraj Singh,SR Tendulkar,JN Gillespie,0,0,,,,,,"",""
ball,1,13.6,India,Yuvraj Singh,SR Tendulkar,JN Gillespie,0,0,,,,,,"",""
ball,1,14.1,India,SR Tendulkar,Yuvraj Singh,GD McGrath,0,0,,,,,,"",""
ball,1,14.2,India,SR Tendulkar,Yuvraj Singh,GD McGrath,0,0,,,,,,"",""
ball,1,14.3,India,SR Tendulkar,Yuvraj Singh,GD McGrath,1,0,,,,,,"",""
ball,1,14.4,India,Yuvraj Singh,SR Tendulkar,GD McGrath,0,0,,,,,,"",""
ball,1,14.5,India,Yuvraj Singh,SR Tendulkar,GD McGrath,0,0,,,,,,"",""
ball,1,14.6,India,Yuvraj Singh,SR Tendulkar,GD McGrath,0,0,,,,,,lbw,Yuvraj Singh
ball,1,15.1,India,SR Tendulkar,M Kaif,JN Gillespie,1,0,,,,,,"",""
ball,1,15.2,India,M Kaif,SR Tendulkar,JN Gillespie,0,0,,,,,,"",""
ball,1,15.3,India,M Kaif,SR Tendulkar,JN Gillespie,0,1,1,,,,,"",""
ball,1,15.4,India,M Kaif,SR Tendulkar,JN Gillespie,0,0,,,,,,"",""
ball,1,15.5,India,M Kaif,SR Tendulkar,JN Gillespie,0,0,,,,,,"",""
ball,1,15.6,India,M Kaif,SR Tendulkar,JN Gillespie,0,0,,,,,,"",""
ball,1,15.7,India,M Kaif,SR Tendulkar,JN Gillespie,0,0,,,,,,"",""
ball,1,16.1,India,SR Tendulkar,M Kaif,A Symonds,0,1,1,,,,,"",""
ball,1,16.2,India,SR Tendulkar,M Kaif,A Symonds,1,0,,,,,,"",""
ball,1,16.3,India,M Kaif,SR Tendulkar,A Symonds,0,0,,,,,,"",""
ball,1,16.4,India,M Kaif,SR Tendulkar,A Symonds,0,0,,,,,,"",""
ball,1,16.5,India,M Kaif,SR Tendulkar,A Symonds,0,0,,,,,,"",""
ball,1,16.6,India,M Kaif,SR Tendulkar,A Symonds,0,0,,,,,,"",""
ball,1,16.7,India,M Kaif,SR Tendulkar,A Symonds,1,0,,,,,,"",""
ball,1,17.1,India,M Kaif,SR Tendulkar,JN Gillespie,0,0,,,,,,"",""
ball,1,17.2,India,M Kaif,SR Tendulkar,JN Gillespie,0,0,,,,,,"",""
ball,1,17.3,India,M Kaif,SR Tendulkar,JN Gillespie,0,0,,,,,,"",""
ball,1,17.4,India,M Kaif,SR Tendulkar,JN Gillespie,0,0,,,,,,"",""
ball,1,17.5,India,M Kaif,SR Tendulkar,JN Gillespie,0,0,,,,,,"",""
ball,1,17.6,India,M Kaif,SR Tendulkar,JN Gillespie,0,0,,,,,,caught,M Kaif
ball,1,18.1,India,SR Tendulkar,D Mongia,A Symonds,1,0,,,,,,"",""
ball,1,18.2,India,D Mongia,SR Tendulkar,A Symonds,0,0,,,,,,"",""
ball,1,18.3,India,D Mongia,SR Tendulkar,A Symonds,0,0,,,,,,"",""
ball,1,18.4,India,D Mongia,SR Tendulkar,A Symonds,0,0,,,,,,"",""
ball,1,18.5,India,D Mongia,SR Tendulkar,A Symonds,2,0,,,,,,"",""
ball,1,18.6,India,D Mongia,SR Tendulkar,A Symonds,0,0,,,,,,"",""
ball,1,19.1,India,SR Tendulkar,D Mongia,JN Gillespie,0,0,,,,,,"",""
ball,1,19.2,India,SR Tendulkar,D Mongia,JN Gillespie,0,0,,,,,,"",""
ball,1,19.3,India,SR Tendulkar,D Mongia,JN Gillespie,1,0,,,,,,"",""
ball,1,19.4,India,D Mongia,SR Tendulkar,JN Gillespie,0,0,,,,,,"",""
ball,1,19.5,India,D Mongia,SR Tendulkar,JN Gillespie,0,0,,,,,,"",""
ball,1,19.6,India,D Mongia,SR Tendulkar,JN Gillespie,0,0,,,,,,"",""
ball,1,20.1,India,SR Tendulkar,D Mongia,A Symonds,0,3,3,,,,,"",""
ball,1,20.2,India,SR Tendulkar,D Mongia,A Symonds,1,0,,,,,,"",""
ball,1,20.3,India,D Mongia,SR Tendulkar,A Symonds,4,0,,,,,,"",""
ball,1,20.4,India,D Mongia,SR Tendulkar,A Symonds,0,0,,,,,,"",""
ball,1,20.5,India,D Mongia,SR Tendulkar,A Symonds,0,0,,,,,,"",""
ball,1,20.6,India,D Mongia,SR Tendulkar,A Symonds,2,0,,,,,,"",""
ball,1,20.7,India,D Mongia,SR Tendulkar,A Symonds,0,0,,,,,,"",""
ball,1,21.1,India,SR Tendulkar,D Mongia,JN Gillespie,0,0,,,,,,"",""
ball,1,21.2,India,SR Tendulkar,D Mongia,JN Gillespie,1,0,,,,,,"",""
ball,1,21.3,India,D Mongia,SR Tendulkar,JN Gillespie,0,0,,,,,,"",""
ball,1,21.4,India,D Mongia,SR Tendulkar,JN Gillespie,0,0,,,,,,"",""
ball,1,21.5,India,D Mongia,SR Tendulkar,JN Gillespie,0,0,,,,,,"",""
ball,1,21.6,India,D Mongia,SR Tendulkar,JN Gillespie,1,0,,,,,,"",""
ball,1,22.1,India,D Mongia,SR Tendulkar,A Symonds,0,0,,,,,,"",""
ball,1,22.2,India,D Mongia,SR Tendulkar,A Symonds,0,0,,,,,,"",""
ball,1,22.3,India,D Mongia,SR Tendulkar,A Symonds,0,0,,,,,,"",""
ball,1,22.4,India,D Mongia,SR Tendulkar,A Symonds,1,0,,,,,,"",""
ball,1,22.5,India,SR Tendulkar,D Mongia,A Symonds,1,0,,,,,,"",""
ball,1,22.6,India,D Mongia,SR Tendulkar,A Symonds,0,0,,,,,,"",""
ball,1,23.1,India,SR Tendulkar,D Mongia,JN Gillespie,0,0,,,,,,"",""
ball,1,23.2,India,SR Tendulkar,D Mongia,JN Gillespie,1,0,,,,,,"",""
ball,1,23.3,India,D Mongia,SR Tendulkar,JN Gillespie,0,0,,,,,,"",""
ball,1,23.4,India,D Mongia,SR Tendulkar,JN Gillespie,0,0,,,,,,"",""
ball,1,23.5,India,D Mongia,SR Tendulkar,JN Gillespie,0,0,,,,,,"",""
ball,1,23.6,India,D Mongia,SR Tendulkar,JN Gillespie,0,0,,,,,,"",""
ball,1,24.1,India,SR Tendulkar,D Mongia,A Symonds,0,1,1,,,,,"",""
ball,1,24.2,India,SR Tendulkar,D Mongia,A Symonds,0,0,,,,,,"",""
ball,1,24.3,India,SR Tendulkar,D Mongia,A Symonds,0,0,,,,,,"",""
ball,1,24.4,India,SR Tendulkar,D Mongia,A Symonds,0,0,,,,,,"",""
ball,1,24.5,India,SR Tendulkar,D Mongia,A Symonds,2,0,,,,,,"",""
ball,1,24.6,India,SR Tendulkar,D Mongia,A Symonds,0,0,,,,,,"",""
ball,1,24.7,India,SR Tendulkar,D Mongia,A Symonds,1,0,,,,,,"",""
ball,1,25.1,India,SR Tendulkar,D Mongia,JN Gillespie,0,0,,,,,,"",""
ball,1,25.2,India,SR Tendulkar,D Mongia,JN Gillespie,1,0,,,,,,"",""
ball,1,25.3,India,D Mongia,SR Tendulkar,JN Gillespie,0,0,,,,,,"",""
ball,1,25.4,India,D Mongia,SR Tendulkar,JN Gillespie,0,0,,,,,,"",""
ball,1,25.5,India,D Mongia,SR Tendulkar,JN Gillespie,0,0,,,,,,"",""
ball,1,25.6,India,D Mongia,SR Tendulkar,JN Gillespie,0,0,,,,,,"",""
ball,1,26.1,India,SR Tendulkar,D Mongia,A Symonds,0,1,1,,,,,"",""
ball,1,26.2,India,SR Tendulkar,D Mongia,A Symonds,0,0,,,,,,"",""
ball,1,26.3,India,SR Tendulkar,D Mongia,A Symonds,0,0,,,,,,"",""
ball,1,26.4,India,SR Tendulkar,D Mongia,A Symonds,1,0,,,,,,"",""
ball,1,26.5,India,D Mongia,SR Tendulkar,A Symonds,0,0,,,,,,"",""
ball,1,26.6,India,D Mongia,SR Tendulkar,A Symonds,0,0,,,,,,"",""
ball,1,26.7,India,D Mongia,SR Tendulkar,A Symonds,1,0,,,,,,"",""
ball,1,27.1,India,D Mongia,SR Tendulkar,JN Gillespie,0,0,,,,,,"",""
ball,1,27.2,India,D Mongia,SR Tendulkar,JN Gillespie,1,0,,,,,,"",""
ball,1,27.3,India,SR Tendulkar,D Mongia,JN Gillespie,0,0,,,,,,lbw,SR Tendulkar
ball,1,27.4,India,A Kumble,D Mongia,JN Gillespie,1,0,,,,,,"",""
ball,1,27.5,India,D Mongia,A Kumble,JN Gillespie,1,0,,,,,,"",""
ball,1,27.6,India,A Kumble,D Mongia,JN Gillespie,0,0,,,,,,"",""
ball,1,28.1,India,D Mongia,A Kumble,B Lee,0,0,,,,,,"",""
ball,1,28.2,India,D Mongia,A Kumble,B Lee,0,0,,,,,,"",""
ball,1,28.3,India,D Mongia,A Kumble,B Lee,0,0,,,,,,caught,D Mongia
ball,1,28.4,India,Harbhajan Singh,A Kumble,B Lee,0,0,,,,,,"",""
ball,1,28.5,India,Harbhajan Singh,A Kumble,B Lee,0,0,,,,,,"",""
ball,1,28.6,India,Harbhajan Singh,A Kumble,B Lee,4,0,,,,,,"",""
ball,1,29.1,India,A Kumble,Harbhajan Singh,JN Gillespie,0,0,,,,,,"",""
ball,1,29.2,India,A Kumble,Harbhajan Singh,JN Gillespie,0,0,,,,,,"",""
ball,1,29.3,India,A Kumble,Harbhajan Singh,JN Gillespie,1,0,,,,,,"",""
ball,1,29.4,India,Harbhajan Singh,A Kumble,JN Gillespie,0,0,,,,,,"",""
ball,1,29.5,India,Harbhajan Singh,A Kumble,JN Gillespie,0,0,,,,,,"",""
ball,1,29.6,India,Harbhajan Singh,A Kumble,JN Gillespie,1,0,,,,,,"",""
ball,1,30.1,India,Harbhajan Singh,A Kumble,B Lee,0,0,,,,,,"",""
ball,1,30.2,India,Harbhajan Singh,A Kumble,B Lee,4,0,,,,,,"",""
ball,1,30.3,India,Harbhajan Singh,A Kumble,B Lee,6,0,,,,,,"",""
ball,1,30.4,India,Harbhajan Singh,A Kumble,B Lee,0,0,,,,,,"",""
ball,1,30.5,India,Harbhajan Singh,A Kumble,B Lee,0,0,,,,,,"",""
ball,1,30.6,India,Harbhajan Singh,A Kumble,B Lee,0,0,,,,,,"",""
ball,1,31.1,India,A Kumble,Harbhajan Singh,JN Gillespie,0,0,,,,,,"",""
ball,1,31.2,India,A Kumble,Harbhajan Singh,JN Gillespie,0,0,,,,,,"",""
ball,1,31.3,India,A Kumble,Harbhajan Singh,JN Gillespie,0,0,,,,,,"",""
ball,1,31.4,India,A Kumble,Harbhajan Singh,JN Gillespie,0,0,,,,,,"",""
ball,1,31.5,India,A Kumble,Harbhajan Singh,JN Gillespie,1,0,,,,,,"",""
ball,1,31.6,India,Harbhajan Singh,A Kumble,JN Gillespie,0,0,,,,,,"",""
ball,1,32.1,India,A Kumble,Harbhajan Singh,B Lee,0,0,,,,,,"",""
ball,1,32.2,India,A Kumble,Harbhajan Singh,B Lee,0,1,1,,,,,"",""
ball,1,32.3,India,A Kumble,Harbhajan Singh,B Lee,0,0,,,,,,"",""
ball,1,32.4,India,A Kumble,Harbhajan Singh,B Lee,0,0,,,,,,"",""
ball,1,32.5,India,A Kumble,Harbhajan Singh,B Lee,4,0,,,,,,"",""
ball,1,32.6,India,A Kumble,Harbhajan Singh,B Lee,0,0,,,,,,"",""
ball,1,32.7,India,A Kumble,Harbhajan Singh,B Lee,0,0,,,,,,"",""
ball,1,33.1,India,Harbhajan Singh,A Kumble,GB Hogg,0,0,,,,,,"",""
ball,1,33.2,India,Harbhajan Singh,A Kumble,GB Hogg,0,0,,,,,,"",""
ball,1,33.3,India,Harbhajan Singh,A Kumble,GB Hogg,1,0,,,,,,"",""
ball,1,33.4,India,A Kumble,Harbhajan Singh,GB Hogg,1,0,,,,,,"",""
ball,1,33.5,India,Harbhajan Singh,A Kumble,GB Hogg,0,0,,,,,,"",""
ball,1,33.6,India,Harbhajan Singh,A Kumble,GB Hogg,0,0,,,,,,"",""
ball,1,34.1,India,A Kumble,Harbhajan Singh,DS Lehmann,1,0,,,,,,"",""
ball,1,34.2,India,Harbhajan Singh,A Kumble,DS Lehmann,0,0,,,,,,"",""
ball,1,34.3,India,Harbhajan Singh,A Kumble,DS Lehmann,0,0,,,,,,"",""
ball,1,34.4,India,Harbhajan Singh,A Kumble,DS Lehmann,0,0,,,,,,"",""
ball,1,34.5,India,Harbhajan Singh,A Kumble,DS Lehmann,1,0,,,,,,"",""
ball,1,34.6,India,A Kumble,Harbhajan Singh,DS Lehmann,0,0,,,,,,"",""
ball,1,35.1,India,Harbhajan Singh,A Kumble,GB Hogg,4,0,,,,,,"",""
ball,1,35.2,India,Harbhajan Singh,A Kumble,GB Hogg,4,0,,,,,,"",""
ball,1,35.3,India,Harbhajan Singh,A Kumble,GB Hogg,0,0,,,,,,"",""
ball,1,35.4,India,Harbhajan Singh,A Kumble,GB Hogg,2,0,,,,,,"",""
ball,1,35.5,India,Harbhajan Singh,A Kumble,GB Hogg,0,0,,,,,,"",""
ball,1,35.6,India,Harbhajan Singh,A Kumble,GB Hogg,0,0,,,,,,"",""
ball,1,36.1,India,A Kumble,Harbhajan Singh,DS Lehmann,1,0,,,,,,"",""
ball,1,36.2,India,Harbhajan Singh,A Kumble,DS Lehmann,0,0,,,,,,"",""
ball,1,36.3,India,Harbhajan Singh,A Kumble,DS Lehmann,0,0,,,,,,"",""
ball,1,36.4,India,Harbhajan Singh,A Kumble,DS Lehmann,1,0,,,,,,"",""
ball,1,36.5,India,A Kumble,Harbhajan Singh,DS Lehmann,0,0,,,,,,"",""
ball,1,36.6,India,A Kumble,Harbhajan Singh,DS Lehmann,1,0,,,,,,"",""
ball,1,37.1,India,A Kumble,Harbhajan Singh,GB Hogg,1,0,,,,,,"",""
ball,1,37.2,India,Harbhajan Singh,A Kumble,GB Hogg,0,0,,,,,,lbw,Harbhajan Singh
ball,1,37.3,India,Z Khan,A Kumble,GB Hogg,0,0,,,,,,"",""
ball,1,37.4,India,Z Khan,A Kumble,GB Hogg,0,0,,,,,,"",""
ball,1,37.5,India,Z Khan,A Kumble,GB Hogg,0,0,,,,,,"",""
ball,1,37.6,India,Z Khan,A Kumble,GB Hogg,0,0,,,,,,"",""
ball,1,38.1,India,A Kumble,Z Khan,DS Lehmann,0,0,,,,,,"",""
ball,1,38.2,India,A Kumble,Z Khan,DS Lehmann,0,0,,,,,,"",""
ball,1,38.3,India,A Kumble,Z Khan,DS Lehmann,0,0,,,,,,"",""
ball,1,38.4,India,A Kumble,Z Khan,DS Lehmann,0,0,,,,,,"",""
ball,1,38.5,India,A Kumble,Z Khan,DS Lehmann,1,0,,,,,,"",""
ball,1,38.6,India,Z Khan,A Kumble,DS Lehmann,0,0,,,,,,"",""
ball,1,39.1,India,A Kumble,Z Khan,GB Hogg,0,0,,,,,,"",""
ball,1,39.2,India,A Kumble,Z Khan,GB Hogg,1,0,,,,,,"",""
ball,1,39.3,India,Z Khan,A Kumble,GB Hogg,0,0,,,,,,"",""
ball,1,39.4,India,Z Khan,A Kumble,GB Hogg,1,0,,,,,,"",""
ball,1,39.5,India,A Kumble,Z Khan,GB Hogg,0,0,,,,,,"",""
ball,1,39.6,India,A Kumble,Z Khan,GB Hogg,1,0,,,,,,"",""
ball,1,40.1,India,A Kumble,Z Khan,DS Lehmann,0,0,,,,,,"",""
ball,1,40.2,India,A Kumble,Z Khan,DS Lehmann,1,0,,,,,,"",""
ball,1,40.3,India,Z Khan,A Kumble,DS Lehmann,0,0,,,,,,"",""
ball,1,40.4,India,Z Khan,A Kumble,DS Lehmann,0,0,,,,,,lbw,Z Khan
ball,1,40.5,India,J Srinath,A Kumble,DS Lehmann,0,0,,,,,,"",""
ball,1,40.6,India,J Srinath,A Kumble,DS Lehmann,0,0,,,,,,"",""
ball,1,41.1,India,A Kumble,J Srinath,GB Hogg,0,0,,,,,,"",""
ball,1,41.2,India,A Kumble,J Srinath,GB Hogg,0,0,,,,,,"",""
ball,1,41.3,India,A Kumble,J Srinath,GB Hogg,0,0,,,,,,"",""
ball,1,41.4,India,A Kumble,J Srinath,GB Hogg,0,0,,,,,,run out,J Srinath
ball,2,0.1,Australia,AC Gilchrist,ML Hayden,J Srinath,1,0,,,,,,"",""
ball,2,0.2,Australia,ML Hayden,AC Gilchrist,J Srinath,3,0,,,,,,"",""
ball,2,0.3,Australia,AC Gilchrist,ML Hayden,J Srinath,0,0,,,,,,"",""
ball,2,0.4,Australia,AC Gilchrist,ML Hayden,J Srinath,4,0,,,,,,"",""
ball,2,0.5,Australia,AC Gilchrist,ML Hayden,J Srinath,0,0,,,,,,"",""
ball,2,0.6,Australia,AC Gilchrist,ML Hayden,J Srinath,1,0,,,,,,"",""
ball,2,1.1,Australia,AC Gilchrist,ML Hayden,Z Khan,0,0,,,,,,"",""
ball,2,1.2,Australia,AC Gilchrist,ML Hayden,Z Khan,0,2,,,,2,,"",""
ball,2,1.3,Australia,AC Gilchrist,ML Hayden,Z Khan,2,0,,,,,,"",""
ball,2,1.4,Australia,AC Gilchrist,ML Hayden,Z Khan,0,0,,,,,,"",""
ball,2,1.5,Australia,AC Gilchrist,ML Hayden,Z Khan,0,0,,,,,,"",""
ball,2,1.6,Australia,AC Gilchrist,ML Hayden,Z Khan,0,0,,,,,,"",""
ball,2,2.1,Australia,ML Hayden,AC Gilchrist,J Srinath,0,0,,,,,,"",""
ball,2,2.2,Australia,ML Hayden,AC Gilchrist,J Srinath,1,0,,,,,,"",""
ball,2,2.3,Australia,AC Gilchrist,ML Hayden,J Srinath,0,0,,,,,,"",""
ball,2,2.4,Australia,AC Gilchrist,ML Hayden,J Srinath,0,0,,,,,,"",""
ball,2,2.5,Australia,AC Gilchrist,ML Hayden,J Srinath,0,0,,,,,,"",""
ball,2,2.6,Australia,AC Gilchrist,ML Hayden,J Srinath,2,0,,,,,,"",""
ball,2,3.1,Australia,ML Hayden,AC Gilchrist,Z Khan,2,0,,,,,,"",""
ball,2,3.2,Australia,ML Hayden,AC Gilchrist,Z Khan,0,0,,,,,,"",""
ball,2,3.3,Australia,ML Hayden,AC Gilchrist,Z Khan,0,1,1,,,,,"",""
ball,2,3.4,Australia,ML Hayden,AC Gilchrist,Z Khan,4,0,,,,,,"",""
ball,2,3.5,Australia,ML Hayden,AC Gilchrist,Z Khan,0,0,,,,,,"",""
ball,2,3.6,Australia,ML Hayden,AC Gilchrist,Z Khan,0,0,,,,,,"",""
ball,2,3.7,Australia,ML Hayden,AC Gilchrist,Z Khan,0,0,,,,,,"",""
ball,2,4.1,Australia,AC Gilchrist,ML Hayden,J Srinath,0,1,1,,,,,"",""
ball,2,4.2,Australia,AC Gilchrist,ML Hayden,J Srinath,0,0,,,,,,"",""
ball,2,4.3,Australia,AC Gilchrist,ML Hayden,J Srinath,0,0,,,,,,"",""
ball,2,4.4,Australia,AC Gilchrist,ML Hayden,J Srinath,1,0,,,,,,"",""
ball,2,4.5,Australia,ML Hayden,AC Gilchrist,J Srinath,0,0,,,,,,"",""
ball,2,4.6,Australia,ML Hayden,AC Gilchrist,J Srinath,3,0,,,,,,"",""
ball,2,4.7,Australia,AC Gilchrist,ML Hayden,J Srinath,1,0,,,,,,"",""
ball,2,5.1,Australia,AC Gilchrist,ML Hayden,Z Khan,0,0,,,,,,"",""
ball,2,5.2,Australia,AC Gilchrist,ML Hayden,Z Khan,1,0,,,,,,"",""
ball,2,5.3,Australia,ML Hayden,AC Gilchrist,Z Khan,1,0,,,,,,"",""
ball,2,5.4,Australia,AC Gilchrist,ML Hayden,Z Khan,0,0,,,,,,"",""
ball,2,5.5,Australia,AC Gilchrist,ML Hayden,Z Khan,4,0,,,,,,"",""
ball,2,5.6,Australia,AC Gilchrist,ML Hayden,Z Khan,0,0,,,,,,"",""
ball,2,6.1,Australia,ML Hayden,AC Gilchrist,J Srinath,6,0,,,,,,"",""
ball,2,6.2,Australia,ML Hayden,AC Gilchrist,J Srinath,0,0,,,,,,"",""
ball,2,6.3,Australia,ML Hayden,AC Gilchrist,J Srinath,0,1,,,,1,,"",""
ball,2,6.4,Australia,AC Gilchrist,ML Hayden,J Srinath,2,0,,,,,,"",""
ball,2,6.5,Australia,AC Gilchrist,ML Hayden,J Srinath,0,0,,,,,,"",""
ball,2,6.6,Australia,AC Gilchrist,ML Hayden,J Srinath,0,0,,,,,,"",""
ball,2,7.1,Australia,ML Hayden,AC Gilchrist,Z Khan,1,0,,,,,,"",""
ball,2,7.2,Australia,AC Gilchrist,ML Hayden,Z Khan,2,0,,,,,,"",""
ball,2,7.3,Australia,AC Gilchrist,ML Hayden,Z Khan,0,0,,,,,,"",""
ball,2,7.4,Australia,AC Gilchrist,ML Hayden,Z Khan,4,0,,,,,,"",""
ball,2,7.5,Australia,AC Gilchrist,ML Hayden,Z Khan,1,0,,,,,,"",""
ball,2,7.6,Australia,ML Hayden,AC Gilchrist,Z Khan,3,0,,,,,,"",""
ball,2,8.1,Australia,ML Hayden,AC Gilchrist,Harbhajan Singh,0,0,,,,,,"",""
ball,2,8.2,Australia,ML Hayden,AC Gilchrist,Harbhajan Singh,0,0,,,,,,"",""
ball,2,8.3,Australia,ML Hayden,AC Gilchrist,Harbhajan Singh,1,0,,,,,,"",""
ball,2,8.4,Australia,AC Gilchrist,ML Hayden,Harbhajan Singh,0,0,,,,,,"",""
ball,2,8.5,Australia,AC Gilchrist,ML Hayden,Harbhajan Singh,0,0,,,,,,"",""
ball,2,8.6,Australia,AC Gilchrist,ML Hayden,Harbhajan Singh,0,0,,,,,,"",""
ball,2,9.1,Australia,ML Hayden,AC Gilchrist,A Kumble,0,0,,,,,,"",""
ball,2,9.2,Australia,ML Hayden,AC Gilchrist,A Kumble,0,0,,,,,,"",""
ball,2,9.3,Australia,ML Hayden,AC Gilchrist,A Kumble,1,0,,,,,,"",""
ball,2,9.4,Australia,AC Gilchrist,ML Hayden,A Kumble,0,0,,,,,,"",""
ball,2,9.5,Australia,AC Gilchrist,ML Hayden,A Kumble,0,0,,,,,,"",""
ball,2,9.6,Australia,AC Gilchrist,ML Hayden,A Kumble,0,0,,,,,,"",""
ball,2,10.1,Australia,ML Hayden,AC Gilchrist,Harbhajan Singh,1,0,,,,,,"",""
ball,2,10.2,Australia,AC Gilchrist,ML Hayden,Harbhajan Singh,0,0,,,,,,"",""
ball,2,10.3,Australia,AC Gilchrist,ML Hayden,Harbhajan Singh,0,0,,,,,,"",""
ball,2,10.4,Australia,AC Gilchrist,ML Hayden,Harbhajan Singh,0,5,5,,,,,"",""
ball,2,10.5,Australia,AC Gilchrist,ML Hayden,Harbhajan Singh,1,0,,,,,,"",""
ball,2,10.6,Australia,ML Hayden,AC Gilchrist,Harbhajan Singh,0,0,,,,,,"",""
ball,2,10.7,Australia,ML Hayden,AC Gilchrist,Harbhajan Singh,0,0,,,,,,"",""
ball,2,11.1,Australia,AC Gilchrist,ML Hayden,A Kumble,0,0,,,,,,"",""
ball,2,11.2,Australia,AC Gilchrist,ML Hayden,A Kumble,1,0,,,,,,"",""
ball,2,11.3,Australia,ML Hayden,AC Gilchrist,A Kumble,1,0,,,,,,"",""
ball,2,11.4,Australia,AC Gilchrist,ML Hayden,A Kumble,0,0,,,,,,"",""
ball,2,11.5,Australia,AC Gilchrist,ML Hayden,A Kumble,0,0,,,,,,"",""
ball,2,11.6,Australia,AC Gilchrist,ML Hayden,A Kumble,0,0,,,,,,"",""
ball,2,12.1,Australia,ML Hayden,AC Gilchrist,Harbhajan Singh,6,0,,,,,,"",""
ball,2,12.2,Australia,ML Hayden,AC Gilchrist,Harbhajan Singh,0,0,,,,,,"",""
ball,2,12.3,Australia,ML Hayden,AC Gilchrist,Harbhajan Singh,0,0,,,,,,"",""
ball,2,12.4,Australia,ML Hayden,AC Gilchrist,Harbhajan Singh,0,0,,,,,,"",""
ball,2,12.5,Australia,ML Hayden,AC Gilchrist,Harbhajan Singh,1,0,,,,,,"",""
ball,2,12.6,Australia,AC Gilchrist,ML Hayden,Harbhajan Singh,1,0,,,,,,"",""
ball,2,13.1,Australia,AC Gilchrist,ML Hayden,A Kumble,0,0,,,,,,"",""
ball,2,13.2,Australia,AC Gilchrist,ML Hayden,A Kumble,0,0,,,,,,"",""
ball,2,13.3,Australia,AC Gilchrist,ML Hayden,A Kumble,0,0,,,,,,"",""
ball,2,13.4,Australia,AC Gilchrist,ML Hayden,A Kumble,4,0,,,,,,"",""
ball,2,13.5,Australia,AC Gilchrist,ML Hayden,A Kumble,1,0,,,,,,"",""
ball,2,13.6,Australia,ML Hayden,AC Gilchrist,A Kumble,1,0,,,,,,"",""
ball,2,14.1,Australia,ML Hayden,AC Gilchrist,Harbhajan Singh,0,0,,,,,,"",""
ball,2,14.2,Australia,ML Hayden,AC Gilchrist,Harbhajan Singh,1,0,,,,,,"",""
ball,2,14.3,Australia,AC Gilchrist,ML Hayden,Harbhajan Singh,1,0,,,,,,"",""
ball,2,14.4,Australia,ML Hayden,AC Gilchrist,Harbhajan Singh,1,0,,,,,,"",""
ball,2,14.5,Australia,AC Gilchrist,ML Hayden,Harbhajan Singh,4,0,,,,,,"",""
ball,2,14.6,Australia,AC Gilchrist,ML Hayden,Harbhajan Singh,4,0,,,,,,"",""
ball,2,15.1,Australia,ML Hayden,AC Gilchrist,A Kumble,1,0,,,,,,"",""
ball,2,15.2,Australia,AC Gilchrist,ML Hayden,A Kumble,1,0,,,,,,"",""
ball,2,15.3,Australia,ML Hayden,AC Gilchrist,A Kumble,0,0,,,,,,"",""
ball,2,15.4,Australia,ML Hayden,AC Gilchrist,A Kumble,0,0,,,,,,"",""
ball,2,15.5,Australia,ML Hayden,AC Gilchrist,A Kumble,0,0,,,,,,"",""
ball,2,15.6,Australia,ML Hayden,AC Gilchrist,A Kumble,1,0,,,,,,"",""
ball,2,16.1,Australia,ML Hayden,AC Gilchrist,Harbhajan Singh,1,0,,,,,,"",""
ball,2,16.2,Australia,AC Gilchrist,ML Hayden,Harbhajan Singh,1,0,,,,,,"",""
ball,2,16.3,Australia,ML Hayden,AC Gilchrist,Harbhajan Singh,0,0,,,,,,"",""
ball,2,16.4,Australia,ML Hayden,AC Gilchrist,Harbhajan Singh,1,0,,,,,,"",""
ball,2,16.5,Australia,AC Gilchrist,ML Hayden,Harbhajan Singh,0,0,,,,,,"",""
ball,2,16.6,Australia,AC Gilchrist,ML Hayden,Harbhajan Singh,3,0,,,,,,"",""
ball,2,17.1,Australia,AC Gilchrist,ML Hayden,A Kumble,0,0,,,,,,"",""
ball,2,17.2,Australia,AC Gilchrist,ML Hayden,A Kumble,0,0,,,,,,"",""
ball,2,17.3,Australia,AC Gilchrist,ML Hayden,A Kumble,0,0,,,,,,stumped,AC Gilchrist
ball,2,17.4,Australia,RT Ponting,ML Hayden,A Kumble,0,0,,,,,,"",""
ball,2,17.5,Australia,RT Ponting,ML Hayden,A Kumble,0,0,,,,,,"",""
ball,2,17.6,Australia,RT Ponting,ML Hayden,A Kumble,2,0,,,,,,"",""
ball,2,18.1,Australia,ML Hayden,RT Ponting,Harbhajan Singh,1,0,,,,,,"",""
ball,2,18.2,Australia,RT Ponting,ML Hayden,Harbhajan Singh,0,0,,,,,,"",""
ball,2,18.3,Australia,RT Ponting,ML Hayden,Harbhajan Singh,0,0,,,,,,"",""
ball,2,18.4,Australia,RT Ponting,ML Hayden,Harbhajan Singh,4,0,,,,,,"",""
ball,2,18.5,Australia,RT Ponting,ML Hayden,Harbhajan Singh,1,0,,,,,,"",""
ball,2,18.6,Australia,ML Hayden,RT Ponting,Harbhajan Singh,0,0,,,,,,"",""
ball,2,19.1,Australia,RT Ponting,ML Hayden,A Kumble,0,0,,,,,,"",""
ball,2,19.2,Australia,RT Ponting,ML Hayden,A Kumble,0,0,,,,,,"",""
ball,2,19.3,Australia,RT Ponting,ML Hayden,A Kumble,0,0,,,,,,"",""
ball,2,19.4,Australia,RT Ponting,ML Hayden,A Kumble,2,0,,,,,,"",""
ball,2,19.5,Australia,RT Ponting,ML Hayden,A Kumble,0,0,,,,,,"",""
ball,2,19.6,Australia,RT Ponting,ML Hayden,A Kumble,0,1,1,,,,,"",""
ball,2,19.7,Australia,RT Ponting,ML Hayden,A Kumble,4,0,,,,,,"",""
ball,2,20.1,Australia,ML Hayden,RT Ponting,Harbhajan Singh,1,0,,,,,,"",""
ball,2,20.2,Australia,RT Ponting,ML Hayden,Harbhajan Singh,4,0,,,,,,"",""
ball,2,20.3,Australia,RT Ponting,ML Hayden,Harbhajan Singh,0,0,,,,,,"",""
ball,2,20.4,Australia,RT Ponting,ML Hayden,Harbhajan Singh,0,0,,,,,,"",""
ball,2,20.5,Australia,RT Ponting,ML Hayden,Harbhajan Singh,0,0,,,,,,"",""
ball,2,20.6,Australia,RT Ponting,ML Hayden,Harbhajan Singh,1,0,,,,,,"",""
ball,2,21.1,Australia,RT Ponting,ML Hayden,A Kumble,0,0,,,,,,"",""
ball,2,21.2,Australia,RT Ponting,ML Hayden,A Kumble,0,0,,,,,,"",""
ball,2,21.3,Australia,RT Ponting,ML Hayden,A Kumble,1,0,,,,,,"",""
ball,2,21.4,Australia,ML Hayden,RT Ponting,A Kumble,0,0,,,,,,"",""
ball,2,21.5,Australia,ML Hayden,RT Ponting,A Kumble,1,0,,,,,,"",""
ball,2,21.6,Australia,RT Ponting,ML Hayden,A Kumble,1,0,,,,,,"",""
ball,2,22.1,Australia,RT Ponting,ML Hayden,Harbhajan Singh,0,0,,,,,,"",""
ball,2,22.2,Australia,RT Ponting,ML Hayden,Harbhajan Singh,4,0,,,,,,"",""
