version,1.7.0
info,balls_per_over,6
info,team,Netherlands
info,team,England
info,gender,male
info,season,2002/03
info,date,2003/02/16
info,event,ICC World Cup
info,match_number,13
info,venue,"Buffalo Park, East London"
info,city,East London
info,toss_winner,England
info,toss_decision,field
info,player_of_match,JM Anderson
info,umpire,DB Hair
info,umpire,RE Koertzen
info,tv_umpire,TH Wijewardene
info,match_referee,MJ Procter
info,winner,England
info,winner_wickets,6
info,player,Netherlands,LP van Troost
info,player,Netherlands,DLS van Bunge
info,player,Netherlands,NA Statham
info,player,Netherlands,B Zuiderent
info,player,Netherlands,KJJ van Noortwijk
info,player,Netherlands,TBM de Leede
info,player,Netherlands,JF Kloppenburg
info,player,Netherlands,E Schiferli
info,player,Netherlands,RP Lefebvre
info,player,Netherlands,Adeel Raja
info,player,Netherlands,J Smits
info,player,England,ME Trescothick
info,player,England,NV Knight
info,player,England,MP Vaughan
info,player,England,A Flintoff
info,player,England,ID Blackwell
info,player,England,PD Collingwood
info,player,England,N Hussain
info,player,England,C White
info,player,England,AJ Stewart
info,player,England,AR Caddick
info,player,England,JM Anderson
info,registry,people,A Flintoff,ddc0828d
info,registry,people,AJ Stewart,a8ce3491
info,registry,people,AR Caddick,25020f9d
info,registry,people,Adeel Raja,79004151
info,registry,people,B Zuiderent,d953ed6a
info,registry,people,C White,f44af07f
info,registry,people,DB Hair,492e1a8e
info,registry,people,DLS van Bunge,3185266a
info,registry,people,E Schiferli,cefe0886
info,registry,people,ID Blackwell,818e8bf2
info,registry,people,J Smits,7c681ee9
info,registry,people,JF Kloppenburg,51080a1f
info,registry,people,JM Anderson,d12143bf
info,registry,people,KJJ van Noortwijk,101d1e85
info,registry,people,LP van Troost,34d2ca48
info,registry,people,ME Trescothick,ea42ddb9
info,registry,people,MJ Procter,32e65048
info,registry,people,MP Vaughan,6e1b1ec0
info,registry,people,N Hussain,f76ffa81
info,registry,people,NA Statham,0db94786
info,registry,people,NV Knight,d2f3829d
info,registry,people,PD Collingwood,a386e91b
info,registry,people,RE Koertzen,0265fab2
info,registry,people,RP Lefebvre,12b59324
info,registry,people,TBM de Leede,d2f72b19
info,registry,people,TH Wijewardene,6a6be119
ball,1,0.1,Netherlands,LP van Troost,DLS van Bunge,AR Caddick,0,0,,,,,,"",""
ball,1,0.2,Netherlands,LP van Troost,DLS van Bunge,AR Caddick,0,0,,,,,,"",""
ball,1,0.3,Netherlands,LP van Troost,DLS van Bunge,AR Caddick,0,0,,,,,,"",""
ball,1,0.4,Netherlands,LP van Troost,DLS van Bunge,AR Caddick,4,0,,,,,,"",""
ball,1,0.5,Netherlands,LP van Troost,DLS van Bunge,AR Caddick,0,0,,,,,,"",""
ball,1,0.6,Netherlands,LP van Troost,DLS van Bunge,AR Caddick,0,0,,,,,,"",""
ball,1,1.1,Netherlands,DLS van Bunge,LP van Troost,JM Anderson,0,0,,,,,,"",""
ball,1,1.2,Netherlands,DLS van Bunge,LP van Troost,JM Anderson,0,0,,,,,,"",""
ball,1,1.3,Netherlands,DLS van Bunge,LP van Troost,JM Anderson,0,0,,,,,,"",""
ball,1,1.4,Netherlands,DLS van Bunge,LP van Troost,JM Anderson,0,0,,,,,,"",""
ball,1,1.5,Netherlands,DLS van Bunge,LP van Troost,JM Anderson,0,0,,,,,,"",""
ball,1,1.6,Netherlands,DLS van Bunge,LP van Troost,JM Anderson,0,0,,,,,,"",""
ball,1,2.1,Netherlands,LP van Troost,DLS van Bunge,AR Caddick,0,0,,,,,,"",""
ball,1,2.2,Netherlands,LP van Troost,DLS van Bunge,AR Caddick,0,0,,,,,,"",""
ball,1,2.3,Netherlands,LP van Troost,DLS van Bunge,AR Caddick,0,0,,,,,,"",""
ball,1,2.4,Netherlands,LP van Troost,DLS van Bunge,AR Caddick,0,0,,,,,,"",""
ball,1,2.5,Netherlands,LP van Troost,DLS van Bunge,AR Caddick,0,0,,,,,,"",""
ball,1,2.6,Netherlands,LP van Troost,DLS van Bunge,AR Caddick,0,0,,,,,,"",""
ball,1,3.1,Netherlands,DLS van Bunge,LP van Troost,JM Anderson,0,0,,,,,,"",""
ball,1,3.2,Netherlands,DLS van Bunge,LP van Troost,JM Anderson,0,0,,,,,,"",""
ball,1,3.3,Netherlands,DLS van Bunge,LP van Troost,JM Anderson,4,0,,,,,,"",""
ball,1,3.4,Netherlands,DLS van Bunge,LP van Troost,JM Anderson,0,0,,,,,,"",""
ball,1,3.5,Netherlands,DLS van Bunge,LP van Troost,JM Anderson,0,0,,,,,,"",""
ball,1,3.6,Netherlands,DLS van Bunge,LP van Troost,JM Anderson,0,0,,,,,,"",""
ball,1,4.1,Netherlands,LP van Troost,DLS van Bunge,AR Caddick,0,0,,,,,,"",""
ball,1,4.2,Netherlands,LP van Troost,DLS van Bunge,AR Caddick,1,1,,1,,,,"",""
ball,1,4.3,Netherlands,DLS van Bunge,LP van Troost,AR Caddick,0,0,,,,,,"",""
ball,1,4.4,Netherlands,DLS van Bunge,LP van Troost,AR Caddick,0,0,,,,,,"",""
ball,1,4.5,Netherlands,DLS van Bunge,LP van Troost,AR Caddick,0,0,,,,,,"",""
ball,1,4.6,Netherlands,DLS van Bunge,LP van Troost,AR Caddick,0,0,,,,,,"",""
ball,1,4.7,Netherlands,DLS van Bunge,LP van Troost,AR Caddick,0,0,,,,,,"",""
ball,1,5.1,Netherlands,LP van Troost,DLS van Bunge,JM Anderson,0,4,,,,4,,"",""
ball,1,5.2,Netherlands,LP van Troost,DLS van Bunge,JM Anderson,0,0,,,,,,"",""
ball,1,5.3,Netherlands,LP van Troost,DLS van Bunge,JM Anderson,1,0,,,,,,"",""
ball,1,5.4,Netherlands,DLS van Bunge,LP van Troost,JM Anderson,0,0,,,,,,"",""
ball,1,5.5,Netherlands,DLS van Bunge,LP van Troost,JM Anderson,0,0,,,,,,caught,DLS van Bunge
ball,1,5.6,Netherlands,NA Statham,LP van Troost,JM Anderson,0,0,,,,,,"",""
ball,1,6.1,Netherlands,LP van Troost,NA Statham,AR Caddick,0,0,,,,,,"",""
ball,1,6.2,Netherlands,LP van Troost,NA Statham,AR Caddick,0,0,,,,,,"",""
ball,1,6.3,Netherlands,LP van Troost,NA Statham,AR Caddick,0,0,,,,,,"",""
ball,1,6.4,Netherlands,LP van Troost,NA Statham,AR Caddick,0,0,,,,,,"",""
ball,1,6.5,Netherlands,LP van Troost,NA Statham,AR Caddick,0,0,,,,,,"",""
ball,1,6.6,Netherlands,LP van Troost,NA Statham,AR Caddick,0,0,,,,,,"",""
ball,1,7.1,Netherlands,NA Statham,LP van Troost,JM Anderson,0,0,,,,,,"",""
ball,1,7.2,Netherlands,NA Statham,LP van Troost,JM Anderson,0,0,,,,,,"",""
ball,1,7.3,Netherlands,NA Statham,LP van Troost,JM Anderson,0,0,,,,,,"",""
ball,1,7.4,Netherlands,NA Statham,LP van Troost,JM Anderson,1,0,,,,,,"",""
ball,1,7.5,Netherlands,LP van Troost,NA Statham,JM Anderson,0,0,,,,,,"",""
ball,1,7.6,Netherlands,LP van Troost,NA Statham,JM Anderson,0,0,,,,,,"",""
ball,1,8.1,Netherlands,NA Statham,LP van Troost,AR Caddick,0,0,,,,,,"",""
ball,1,8.2,Netherlands,NA Statham,LP van Troost,AR Caddick,0,1,1,,,,,"",""
ball,1,8.3,Netherlands,NA Statham,LP van Troost,AR Caddick,1,0,,,,,,"",""
ball,1,8.4,Netherlands,LP van Troost,NA Statham,AR Caddick,0,0,,,,,,"",""
ball,1,8.5,Netherlands,LP van Troost,NA Statham,AR Caddick,0,0,,,,,,"",""
ball,1,8.6,Netherlands,LP van Troost,NA Statham,AR Caddick,0,1,,1,,,,"",""
ball,1,8.7,Netherlands,LP van Troost,NA Statham,AR Caddick,0,0,,,,,,"",""
ball,1,8.8,Netherlands,LP van Troost,NA Statham,AR Caddick,2,0,,,,,,"",""
ball,1,9.1,Netherlands,NA Statham,LP van Troost,JM Anderson,0,0,,,,,,"",""
ball,1,9.2,Netherlands,NA Statham,LP van Troost,JM Anderson,0,0,,,,,,"",""
ball,1,9.3,Netherlands,NA Statham,LP van Troost,JM Anderson,0,0,,,,,,"",""
ball,1,9.4,Netherlands,NA Statham,LP van Troost,JM Anderson,1,0,,,,,,"",""
ball,1,9.5,Netherlands,LP van Troost,NA Statham,JM Anderson,0,0,,,,,,lbw,LP van Troost
ball,1,9.6,Netherlands,B Zuiderent,NA Statham,JM Anderson,0,0,,,,,,"",""
ball,1,10.1,Netherlands,NA Statham,B Zuiderent,AR Caddick,0,0,,,,,,"",""
ball,1,10.2,Netherlands,NA Statham,B Zuiderent,AR Caddick,0,0,,,,,,"",""
ball,1,10.3,Netherlands,NA Statham,B Zuiderent,AR Caddick,0,0,,,,,,"",""
ball,1,10.4,Netherlands,NA Statham,B Zuiderent,AR Caddick,0,0,,,,,,"",""
ball,1,10.5,Netherlands,NA Statham,B Zuiderent,AR Caddick,0,0,,,,,,"",""
ball,1,10.6,Netherlands,NA Statham,B Zuiderent,AR Caddick,0,0,,,,,,"",""
ball,1,11.1,Netherlands,B Zuiderent,NA Statham,JM Anderson,0,0,,,,,,"",""
ball,1,11.2,Netherlands,B Zuiderent,NA Statham,JM Anderson,0,0,,,,,,"",""
ball,1,11.3,Netherlands,B Zuiderent,NA Statham,JM Anderson,0,0,,,,,,"",""
ball,1,11.4,Netherlands,B Zuiderent,NA Statham,JM Anderson,0,0,,,,,,"",""
ball,1,11.5,Netherlands,B Zuiderent,NA Statham,JM Anderson,2,0,,,,,,"",""
ball,1,11.6,Netherlands,B Zuiderent,NA Statham,JM Anderson,0,0,,,,,,"",""
ball,1,12.1,Netherlands,NA Statham,B Zuiderent,AR Caddick,0,0,,,,,,"",""
ball,1,12.2,Netherlands,NA Statham,B Zuiderent,AR Caddick,0,0,,,,,,"",""
ball,1,12.3,Netherlands,NA Statham,B Zuiderent,AR Caddick,0,0,,,,,,"",""
ball,1,12.4,Netherlands,NA Statham,B Zuiderent,AR Caddick,0,0,,,,,,"",""
ball,1,12.5,Netherlands,NA Statham,B Zuiderent,AR Caddick,0,0,,,,,,"",""
ball,1,12.6,Netherlands,NA Statham,B Zuiderent,AR Caddick,0,0,,,,,,"",""
ball,1,13.1,Netherlands,B Zuiderent,NA Statham,JM Anderson,0,0,,,,,,"",""
ball,1,13.2,Netherlands,B Zuiderent,NA Statham,JM Anderson,0,0,,,,,,"",""
ball,1,13.3,Netherlands,B Zuiderent,NA Statham,JM Anderson,0,0,,,,,,"",""
ball,1,13.4,Netherlands,B Zuiderent,NA Statham,JM Anderson,0,1,1,,,,,"",""
ball,1,13.5,Netherlands,B Zuiderent,NA Statham,JM Anderson,0,0,,,,,,"",""
ball,1,13.6,Netherlands,B Zuiderent,NA Statham,JM Anderson,0,0,,,,,,"",""
ball,1,13.7,Netherlands,B Zuiderent,NA Statham,JM Anderson,0,0,,,,,,"",""
ball,1,14.1,Netherlands,NA Statham,B Zuiderent,A Flintoff,0,0,,,,,,"",""
ball,1,14.2,Netherlands,NA Statham,B Zuiderent,A Flintoff,0,0,,,,,,"",""
ball,1,14.3,Netherlands,NA Statham,B Zuiderent,A Flintoff,0,2,,,,2,,"",""
ball,1,14.4,Netherlands,NA Statham,B Zuiderent,A Flintoff,0,0,,,,,,"",""
ball,1,14.5,Netherlands,NA Statham,B Zuiderent,A Flintoff,1,0,,,,,,"",""
ball,1,14.6,Netherlands,B Zuiderent,NA Statham,A Flintoff,0,0,,,,,,"",""
ball,1,15.1,Netherlands,NA Statham,B Zuiderent,JM Anderson,3,0,,,,,,"",""
ball,1,15.2,Netherlands,B Zuiderent,NA Statham,JM Anderson,0,0,,,,,,"",""
ball,1,15.3,Netherlands,B Zuiderent,NA Statham,JM Anderson,0,0,,,,,,caught,B Zuiderent
ball,1,15.4,Netherlands,KJJ van Noortwijk,NA Statham,JM Anderson,0,0,,,,,,"",""
ball,1,15.5,Netherlands,KJJ van Noortwijk,NA Statham,JM Anderson,0,0,,,,,,caught,KJJ van Noortwijk
ball,1,15.6,Netherlands,TBM de Leede,NA Statham,JM Anderson,0,0,,,,,,"",""
ball,1,16.1,Netherlands,NA Statham,TBM de Leede,A Flintoff,0,0,,,,,,"",""
ball,1,16.2,Netherlands,NA Statham,TBM de Leede,A Flintoff,0,0,,,,,,"",""
ball,1,16.3,Netherlands,NA Statham,TBM de Leede,A Flintoff,0,0,,,,,,"",""
ball,1,16.4,Netherlands,NA Statham,TBM de Leede,A Flintoff,0,0,,,,,,"",""
ball,1,16.5,Netherlands,NA Statham,TBM de Leede,A Flintoff,0,0,,,,,,"",""
ball,1,16.6,Netherlands,NA Statham,TBM de Leede,A Flintoff,0,0,,,,,,lbw,NA Statham
ball,1,17.1,Netherlands,TBM de Leede,JF Kloppenburg,JM Anderson,4,0,,,,,,"",""
ball,1,17.2,Netherlands,TBM de Leede,JF Kloppenburg,JM Anderson,0,0,,,,,,"",""
ball,1,17.3,Netherlands,TBM de Leede,JF Kloppenburg,JM Anderson,0,0,,,,,,"",""
ball,1,17.4,Netherlands,TBM de Leede,JF Kloppenburg,JM Anderson,0,0,,,,,,"",""
ball,1,17.5,Netherlands,TBM de Leede,JF Kloppenburg,JM Anderson,4,0,,,,,,"",""
ball,1,17.6,Netherlands,TBM de Leede,JF Kloppenburg,JM Anderson,3,0,,,,,,"",""
ball,1,18.1,Netherlands,TBM de Leede,JF Kloppenburg,A Flintoff,0,0,,,,,,"",""
ball,1,18.2,Netherlands,TBM de Leede,JF Kloppenburg,A Flintoff,0,0,,,,,,"",""
ball,1,18.3,Netherlands,TBM de Leede,JF Kloppenburg,A Flintoff,4,0,,,,,,"",""
ball,1,18.4,Netherlands,TBM de Leede,JF Kloppenburg,A Flintoff,0,0,,,,,,"",""
ball,1,18.5,Netherlands,TBM de Leede,JF Kloppenburg,A Flintoff,0,1,,,,1,,"",""
ball,1,18.6,Netherlands,JF Kloppenburg,TBM de Leede,A Flintoff,0,0,,,,,,"",""
ball,1,19.1,Netherlands,TBM de Leede,JF Kloppenburg,JM Anderson,0,0,,,,,,"",""
ball,1,19.2,Netherlands,TBM de Leede,JF Kloppenburg,JM Anderson,0,0,,,,,,"",""
ball,1,19.3,Netherlands,TBM de Leede,JF Kloppenburg,JM Anderson,0,0,,,,,,"",""
ball,1,19.4,Netherlands,TBM de Leede,JF Kloppenburg,JM Anderson,1,0,,,,,,"",""
ball,1,19.5,Netherlands,JF Kloppenburg,TBM de Leede,JM Anderson,0,0,,,,,,"",""
ball,1,19.6,Netherlands,JF Kloppenburg,TBM de Leede,JM Anderson,0,0,,,,,,"",""
ball,1,20.1,Netherlands,TBM de Leede,JF Kloppenburg,A Flintoff,0,1,1,,,,,"",""
ball,1,20.2,Netherlands,TBM de Leede,JF Kloppenburg,A Flintoff,1,0,,,,,,"",""
ball,1,20.3,Netherlands,JF Kloppenburg,TBM de Leede,A Flintoff,0,0,,,,,,"",""
ball,1,20.4,Netherlands,JF Kloppenburg,TBM de Leede,A Flintoff,0,0,,,,,,"",""
ball,1,20.5,Netherlands,JF Kloppenburg,TBM de Leede,A Flintoff,0,0,,,,,,"",""
ball,1,20.6,Netherlands,JF Kloppenburg,TBM de Leede,A Flintoff,0,0,,,,,,"",""
ball,1,20.7,Netherlands,JF Kloppenburg,TBM de Leede,A Flintoff,0,0,,,,,,"",""
ball,1,21.1,Netherlands,TBM de Leede,JF Kloppenburg,C White,0,0,,,,,,"",""
ball,1,21.2,Netherlands,TBM de Leede,JF Kloppenburg,C White,0,0,,,,,,"",""
ball,1,21.3,Netherlands,TBM de Leede,JF Kloppenburg,C White,0,0,,,,,,"",""
ball,1,21.4,Netherlands,TBM de Leede,JF Kloppenburg,C White,0,0,,,,,,"",""
ball,1,21.5,Netherlands,TBM de Leede,JF Kloppenburg,C White,0,0,,,,,,"",""
ball,1,21.6,Netherlands,TBM de Leede,JF Kloppenburg,C White,0,0,,,,,,"",""
ball,1,22.1,Netherlands,JF Kloppenburg,TBM de Leede,A Flintoff,0,0,,,,,,"",""
ball,1,22.2,Netherlands,JF Kloppenburg,TBM de Leede,A Flintoff,4,0,,,,,,"",""
ball,1,22.3,Netherlands,JF Kloppenburg,TBM de Leede,A Flintoff,0,0,,,,,,"",""
ball,1,22.4,Netherlands,JF Kloppenburg,TBM de Leede,A Flintoff,1,0,,,,,,"",""
ball,1,22.5,Netherlands,TBM de Leede,JF Kloppenburg,A Flintoff,0,0,,,,,,"",""
ball,1,22.6,Netherlands,TBM de Leede,JF Kloppenburg,A Flintoff,1,0,,,,,,"",""
ball,1,23.1,Netherlands,TBM de Leede,JF Kloppenburg,C White,0,0,,,,,,"",""
ball,1,23.2,Netherlands,TBM de Leede,JF Kloppenburg,C White,1,0,,,,,,"",""
ball,1,23.3,Netherlands,JF Kloppenburg,TBM de Leede,C White,0,0,,,,,,"",""
ball,1,23.4,Netherlands,JF Kloppenburg,TBM de Leede,C White,0,0,,,,,,"",""
ball,1,23.5,Netherlands,JF Kloppenburg,TBM de Leede,C White,0,0,,,,,,"",""
ball,1,23.6,Netherlands,JF Kloppenburg,TBM de Leede,C White,1,0,,,,,,"",""
ball,1,24.1,Netherlands,JF Kloppenburg,TBM de Leede,A Flintoff,1,0,,,,,,"",""
ball,1,24.2,Netherlands,TBM de Leede,JF Kloppenburg,A Flintoff,0,0,,,,,,"",""
ball,1,24.3,Netherlands,TBM de Leede,JF Kloppenburg,A Flintoff,1,0,,,,,,"",""
ball,1,24.4,Netherlands,JF Kloppenburg,TBM de Leede,A Flintoff,0,0,,,,,,"",""
ball,1,24.5,Netherlands,JF Kloppenburg,TBM de Leede,A Flintoff,0,0,,,,,,"",""
ball,1,24.6,Netherlands,JF Kloppenburg,TBM de Leede,A Flintoff,0,0,,,,,,"",""
ball,1,25.1,Netherlands,TBM de Leede,JF Kloppenburg,ID Blackwell,1,0,,,,,,"",""
ball,1,25.2,Netherlands,JF Kloppenburg,TBM de Leede,ID Blackwell,0,0,,,,,,"",""
ball,1,25.3,Netherlands,JF Kloppenburg,TBM de Leede,ID Blackwell,0,0,,,,,,"",""
ball,1,25.4,Netherlands,JF Kloppenburg,TBM de Leede,ID Blackwell,0,0,,,,,,"",""
ball,1,25.5,Netherlands,JF Kloppenburg,TBM de Leede,ID Blackwell,0,0,,,,,,"",""
ball,1,25.6,Netherlands,JF Kloppenburg,TBM de Leede,ID Blackwell,1,0,,,,,,"",""
ball,1,26.1,Netherlands,JF Kloppenburg,TBM de Leede,C White,1,0,,,,,,"",""
ball,1,26.2,Netherlands,TBM de Leede,JF Kloppenburg,C White,0,0,,,,,,"",""
ball,1,26.3,Netherlands,TBM de Leede,JF Kloppenburg,C White,1,0,,,,,,"",""
ball,1,26.4,Netherlands,JF Kloppenburg,TBM de Leede,C White,1,0,,,,,,"",""
ball,1,26.5,Netherlands,TBM de Leede,JF Kloppenburg,C White,1,0,,,,,,"",""
ball,1,26.6,Netherlands,JF Kloppenburg,TBM de Leede,C White,0,0,,,,,,"",""
ball,1,27.1,Netherlands,TBM de Leede,JF Kloppenburg,ID Blackwell,1,0,,,,,,"",""
ball,1,27.2,Netherlands,JF Kloppenburg,TBM de Leede,ID Blackwell,0,0,,,,,,"",""
ball,1,27.3,Netherlands,JF Kloppenburg,TBM de Leede,ID Blackwell,0,0,,,,,,caught,JF Kloppenburg
ball,1,27.4,Netherlands,TBM de Leede,E Schiferli,ID Blackwell,4,0,,,,,,"",""
ball,1,27.5,Netherlands,TBM de Leede,E Schiferli,ID Blackwell,1,0,,,,,,"",""
ball,1,27.6,Netherlands,E Schiferli,TBM de Leede,ID Blackwell,0,0,,,,,,"",""
ball,1,28.1,Netherlands,TBM de Leede,E Schiferli,C White,2,0,,,,,,"",""
ball,1,28.2,Netherlands,TBM de Leede,E Schiferli,C White,1,0,,,,,,"",""
ball,1,28.3,Netherlands,E Schiferli,TBM de Leede,C White,0,0,,,,,,"",""
ball,1,28.4,Netherlands,E Schiferli,TBM de Leede,C White,3,0,,,,,,"",""
ball,1,28.5,Netherlands,TBM de Leede,E Schiferli,C White,1,0,,,,,,"",""
ball,1,28.6,Netherlands,E Schiferli,TBM de Leede,C White,0,0,,,,,,"",""
ball,1,29.1,Netherlands,TBM de Leede,E Schiferli,ID Blackwell,0,0,,,,,,"",""
ball,1,29.2,Netherlands,TBM de Leede,E Schiferli,ID Blackwell,0,0,,,,,,"",""
ball,1,29.3,Netherlands,TBM de Leede,E Schiferli,ID Blackwell,0,0,,,,,,"",""
ball,1,29.4,Netherlands,TBM de Leede,E Schiferli,ID Blackwell,0,0,,,,,,"",""
ball,1,29.5,Netherlands,TBM de Leede,E Schiferli,ID Blackwell,0,1,,,,1,,"",""
ball,1,29.6,Netherlands,E Schiferli,TBM de Leede,ID Blackwell,1,0,,,,,,"",""
ball,1,30.1,Netherlands,E Schiferli,TBM de Leede,C White,0,0,,,,,,"",""
ball,1,30.2,Netherlands,E Schiferli,TBM de Leede,C White,0,0,,,,,,"",""
ball,1,30.3,Netherlands,E Schiferli,TBM de Leede,C White,0,0,,,,,,"",""
ball,1,30.4,Netherlands,E Schiferli,TBM de Leede,C White,0,0,,,,,,"",""
ball,1,30.5,Netherlands,E Schiferli,TBM de Leede,C White,0,0,,,,,,"",""
ball,1,30.6,Netherlands,E Schiferli,TBM de Leede,C White,0,0,,,,,,"",""
ball,1,31.1,Netherlands,TBM de Leede,E Schiferli,ID Blackwell,1,0,,,,,,"",""
ball,1,31.2,Netherlands,E Schiferli,TBM de Leede,ID Blackwell,0,0,,,,,,"",""
ball,1,31.3,Netherlands,E Schiferli,TBM de Leede,ID Blackwell,4,0,,,,,,"",""
ball,1,31.4,Netherlands,E Schiferli,TBM de Leede,ID Blackwell,4,0,,,,,,"",""
ball,1,31.5,Netherlands,E Schiferli,TBM de Leede,ID Blackwell,0,0,,,,,,"",""
ball,1,31.6,Netherlands,E Schiferli,TBM de Leede,ID Blackwell,0,0,,,,,,stumped,E Schiferli
ball,1,32.1,Netherlands,TBM de Leede,RP Lefebvre,C White,4,0,,,,,,"",""
ball,1,32.2,Netherlands,TBM de Leede,RP Lefebvre,C White,0,0,,,,,,"",""
ball,1,32.3,Netherlands,TBM de Leede,RP Lefebvre,C White,1,0,,,,,,"",""
ball,1,32.4,Netherlands,RP Lefebvre,TBM de Leede,C White,0,0,,,,,,"",""
ball,1,32.5,Netherlands,RP Lefebvre,TBM de Leede,C White,1,0,,,,,,"",""
ball,1,32.6,Netherlands,TBM de Leede,RP Lefebvre,C White,0,0,,,,,,"",""
ball,1,33.1,Netherlands,RP Lefebvre,TBM de Leede,ID Blackwell,1,0,,,,,,"",""
ball,1,33.2,Netherlands,TBM de Leede,RP Lefebvre,ID Blackwell,0,0,,,,,,"",""
ball,1,33.3,Netherlands,TBM de Leede,RP Lefebvre,ID Blackwell,2,0,,,,,,"",""
ball,1,33.4,Netherlands,TBM de Leede,RP Lefebvre,ID Blackwell,1,0,,,,,,"",""
ball,1,33.5,Netherlands,RP Lefebvre,TBM de Leede,ID Blackwell,0,0,,,,,,"",""
ball,1,33.6,Netherlands,RP Lefebvre,TBM de Leede,ID Blackwell,0,0,,,,,,"",""
ball,1,34.1,Netherlands,TBM de Leede,RP Lefebvre,C White,0,0,,,,,,"",""
ball,1,34.2,Netherlands,TBM de Leede,RP Lefebvre,C White,0,0,,,,,,"",""
ball,1,34.3,Netherlands,TBM de Leede,RP Lefebvre,C White,1,0,,,,,,"",""
ball,1,34.4,Netherlands,RP Lefebvre,TBM de Leede,C White,0,0,,,,,,"",""
ball,1,34.5,Netherlands,RP Lefebvre,TBM de Leede,C White,0,0,,,,,,"",""
ball,1,34.6,Netherlands,RP Lefebvre,TBM de Leede,C White,0,0,,,,,,"",""
ball,1,35.1,Netherlands,TBM de Leede,RP Lefebvre,ID Blackwell,1,0,,,,,,"",""
ball,1,35.2,Netherlands,RP Lefebvre,TBM de Leede,ID Blackwell,0,0,,,,,,"",""
ball,1,35.3,Netherlands,RP Lefebvre,TBM de Leede,ID Blackwell,0,1,1,,,,,"",""
ball,1,35.4,Netherlands,RP Lefebvre,TBM de Leede,ID Blackwell,0,0,,,,,,"",""
ball,1,35.5,Netherlands,RP Lefebvre,TBM de Leede,ID Blackwell,0,0,,,,,,"",""
ball,1,35.6,Netherlands,RP Lefebvre,TBM de Leede,ID Blackwell,0,0,,,,,,"",""
ball,1,35.7,Netherlands,RP Lefebvre,TBM de Leede,ID Blackwell,4,0,,,,,,"",""
ball,1,36.1,Netherlands,TBM de Leede,RP Lefebvre,C White,0,0,,,,,,"",""
ball,1,36.2,Netherlands,TBM de Leede,RP Lefebvre,C White,0,0,,,,,,"",""
ball,1,36.3,Netherlands,TBM de Leede,RP Lefebvre,C White,1,0,,,,,,"",""
ball,1,36.4,Netherlands,RP Lefebvre,TBM de Leede,C White,0,0,,,,,,bowled,RP Lefebvre
ball,1,36.5,Netherlands,Adeel Raja,TBM de Leede,C White,0,0,,,,,,"",""
ball,1,36.6,Netherlands,Adeel Raja,TBM de Leede,C White,0,0,,,,,,"",""
ball,1,37.1,Netherlands,TBM de Leede,Adeel Raja,ID Blackwell,0,1,,,,1,,"",""
ball,1,37.2,Netherlands,Adeel Raja,TBM de Leede,ID Blackwell,1,0,,,,,,"",""
ball,1,37.3,Netherlands,TBM de Leede,Adeel Raja,ID Blackwell,1,0,,,,,,"",""
ball,1,37.4,Netherlands,Adeel Raja,TBM de Leede,ID Blackwell,1,0,,,,,,"",""
ball,1,37.5,Netherlands,TBM de Leede,Adeel Raja,ID Blackwell,0,0,,,,,,"",""
ball,1,37.6,Netherlands,TBM de Leede,Adeel Raja,ID Blackwell,0,0,,,,,,"",""
ball,1,38.1,Netherlands,Adeel Raja,TBM de Leede,C White,0,0,,,,,,lbw,Adeel Raja
ball,1,38.2,Netherlands,J Smits,TBM de Leede,C White,0,0,,,,,,"",""
ball,1,38.3,Netherlands,J Smits,TBM de Leede,C White,0,0,,,,,,"",""
ball,1,38.4,Netherlands,J Smits,TBM de Leede,C White,0,0,,,,,,"",""
ball,1,38.5,Netherlands,J Smits,TBM de Leede,C White,0,0,,,,,,"",""
ball,1,38.6,Netherlands,J Smits,TBM de Leede,C White,0,0,,,,,,"",""
ball,1,39.1,Netherlands,TBM de Leede,J Smits,ID Blackwell,1,0,,,,,,"",""
ball,1,39.2,Netherlands,J Smits,TBM de Leede,ID Blackwell,0,0,,,,,,"",""
ball,1,39.3,Netherlands,J Smits,TBM de Leede,ID Blackwell,0,0,,,,,,"",""
ball,1,39.4,Netherlands,J Smits,TBM de Leede,ID Blackwell,0,0,,,,,,"",""
ball,1,39.5,Netherlands,J Smits,TBM de Leede,ID Blackwell,0,0,,,,,,"",""
ball,1,39.6,Netherlands,J Smits,TBM de Leede,ID Blackwell,0,0,,,,,,"",""
ball,1,40.1,Netherlands,TBM de Leede,J Smits,C White,0,0,,,,,,"",""
ball,1,40.2,Netherlands,TBM de Leede,J Smits,C White,0,0,,,,,,"",""
ball,1,40.3,Netherlands,TBM de Leede,J Smits,C White,1,0,,,,,,"",""
ball,1,40.4,Netherlands,J Smits,TBM de Leede,C White,0,0,,,,,,"",""
ball,1,40.5,Netherlands,J Smits,TBM de Leede,C White,0,0,,,,,,"",""
ball,1,40.6,Netherlands,J Smits,TBM de Leede,C White,0,0,,,,,,"",""
ball,1,41.1,Netherlands,TBM de Leede,J Smits,ID Blackwell,0,0,,,,,,"",""
ball,1,41.2,Netherlands,TBM de Leede,J Smits,ID Blackwell,0,0,,,,,,"",""
ball,1,41.3,Netherlands,TBM de Leede,J Smits,ID Blackwell,0,0,,,,,,"",""
ball,1,41.4,Netherlands,TBM de Leede,J Smits,ID Blackwell,0,0,,,,,,"",""
ball,1,41.5,Netherlands,TBM de Leede,J Smits,ID Blackwell,2,0,,,,,,"",""
ball,1,41.6,Netherlands,TBM de Leede,J Smits,ID Blackwell,0,1,,,,1,,"",""
ball,1,42.1,Netherlands,TBM de Leede,J Smits,A Flintoff,0,0,,,,,,"",""
ball,1,42.2,Netherlands,TBM de Leede,J Smits,A Flintoff,0,0,,,,,,"",""
ball,1,42.3,Netherlands,TBM de Leede,J Smits,A Flintoff,0,0,,,,,,"",""
ball,1,42.4,Netherlands,TBM de Leede,J Smits,A Flintoff,0,0,,,,,,"",""
ball,1,42.5,Netherlands,TBM de Leede,J Smits,A Flintoff,0,0,,,,,,"",""
ball,1,42.6,Netherlands,TBM de Leede,J Smits,A Flintoff,0,0,,,,,,"",""
ball,1,43.1,Netherlands,J Smits,TBM de Leede,ID Blackwell,1,0,,,,,,"",""
ball,1,43.2,Netherlands,TBM de Leede,J Smits,ID Blackwell,0,0,,,,,,"",""
ball,1,43.3,Netherlands,TBM de Leede,J Smits,ID Blackwell,0,0,,,,,,"",""
ball,1,43.4,Netherlands,TBM de Leede,J Smits,ID Blackwell,0,0,,,,,,"",""
ball,1,43.5,Netherlands,TBM de Leede,J Smits,ID Blackwell,1,0,,,,,,"",""
ball,1,43.6,Netherlands,J Smits,TBM de Leede,ID Blackwell,1,0,,,,,,"",""
ball,1,44.1,Netherlands,J Smits,TBM de Leede,A Flintoff,1,0,,,,,,"",""
ball,1,44.2,Netherlands,TBM de Leede,J Smits,A Flintoff,0,0,,,,,,"",""
ball,1,44.3,Netherlands,TBM de Leede,J Smits,A Flintoff,0,0,,,,,,"",""
ball,1,44.4,Netherlands,TBM de Leede,J Smits,A Flintoff,2,0,,,,,,"",""
ball,1,44.5,Netherlands,TBM de Leede,J Smits,A Flintoff,0,0,,,,,,"",""
ball,1,44.6,Netherlands,TBM de Leede,J Smits,A Flintoff,4,0,,,,,,"",""
ball,1,45.1,Netherlands,J Smits,TBM de Leede,AR Caddick,0,0,,,,,,"",""
ball,1,45.2,Netherlands,J Smits,TBM de Leede,AR Caddick,0,0,,,,,,"",""
ball,1,45.3,Netherlands,J Smits,TBM de Leede,AR Caddick,0,0,,,,,,"",""
ball,1,45.4,Netherlands,J Smits,TBM de Leede,AR Caddick,1,0,,,,,,"",""
ball,1,45.5,Netherlands,TBM de Leede,J Smits,AR Caddick,0,0,,,,,,"",""
ball,1,45.6,Netherlands,TBM de Leede,J Smits,AR Caddick,0,0,,,,,,"",""
ball,1,46.1,Netherlands,J Smits,TBM de Leede,A Flintoff,4,0,,,,,,"",""
ball,1,46.2,Netherlands,J Smits,TBM de Leede,A Flintoff,0,0,,,,,,"",""
ball,1,46.3,Netherlands,J Smits,TBM de Leede,A Flintoff,2,0,,,,,,"",""
ball,1,46.4,Netherlands,J Smits,TBM de Leede,A Flintoff,0,0,,,,,,"",""
ball,1,46.5,Netherlands,J Smits,TBM de Leede,A Flintoff,0,0,,,,,,"",""
ball,1,46.6,Netherlands,J Smits,TBM de Leede,A Flintoff,0,0,,,,,,"",""
ball,1,47.1,Netherlands,TBM de Leede,J Smits,AR Caddick,1,0,,,,,,"",""
ball,1,47.2,Netherlands,J Smits,TBM de Leede,AR Caddick,0,0,,,,,,"",""
ball,1,47.3,Netherlands,J Smits,TBM de Leede,AR Caddick,0,0,,,,,,"",""
ball,1,47.4,Netherlands,J Smits,TBM de Leede,AR Caddick,0,0,,,,,,"",""
ball,1,47.5,Netherlands,J Smits,TBM de Leede,AR Caddick,1,0,,,,,,"",""
ball,1,47.6,Netherlands,TBM de Leede,J Smits,AR Caddick,0,0,,,,,,"",""
ball,1,48.1,Netherlands,J Smits,TBM de Leede,A Flintoff,0,0,,,,,,"",""
ball,1,48.2,Netherlands,J Smits,TBM de Leede,A Flintoff,0,0,,,,,,"",""
ball,1,48.3,Netherlands,J Smits,TBM de Leede,A Flintoff,1,0,,,,,,"",""
ball,1,48.4,Netherlands,TBM de Leede,J Smits,A Flintoff,0,0,,,,,,"",""
ball,1,48.5,Netherlands,TBM de Leede,J Smits,A Flintoff,0,0,,,,,,"",""
ball,1,48.6,Netherlands,TBM de Leede,J Smits,A Flintoff,0,0,,,,,,"",""
ball,1,49.1,Netherlands,J Smits,TBM de Leede,AR Caddick,0,0,,,,,,"",""
ball,1,49.2,Netherlands,J Smits,TBM de Leede,AR Caddick,4,0,,,,,,"",""
ball,1,49.3,Netherlands,J Smits,TBM de Leede,AR Caddick,0,0,,,,,,"",""
ball,1,49.4,Netherlands,J Smits,TBM de Leede,AR Caddick,0,0,,,,,,"",""
ball,1,49.5,Netherlands,J Smits,TBM de Leede,AR Caddick,1,0,,,,,,"",""
ball,1,49.6,Netherlands,TBM de Leede,J Smits,AR Caddick,0,0,,,,,,"",""
ball,2,0.1,England,ME Trescothick,NV Knight,E Schiferli,1,0,,,,,,"",""
ball,2,0.2,England,NV Knight,ME Trescothick,E Schiferli,0,0,,,,,,"",""
ball,2,0.3,England,NV Knight,ME Trescothick,E Schiferli,1,0,,,,,,"",""
ball,2,0.4,England,ME Trescothick,NV Knight,E Schiferli,2,0,,,,,,"",""
ball,2,0.5,England,ME Trescothick,NV Knight,E Schiferli,0,0,,,,,,"",""
ball,2,0.6,England,ME Trescothick,NV Knight,E Schiferli,4,0,,,,,,"",""
ball,2,1.1,England,NV Knight,ME Trescothick,RP Lefebvre,1,0,,,,,,"",""
ball,2,1.2,England,ME Trescothick,NV Knight,RP Lefebvre,0,0,,,,,,"",""
ball,2,1.3,England,ME Trescothick,NV Knight,RP Lefebvre,0,0,,,,,,"",""
ball,2,1.4,England,ME Trescothick,NV Knight,RP Lefebvre,0,0,,,,,,"",""
ball,2,1.5,England,ME Trescothick,NV Knight,RP Lefebvre,4,0,,,,,,"",""
ball,2,1.6,England,ME Trescothick,NV Knight,RP Lefebvre,0,0,,,,,,"",""
ball,2,2.1,England,NV Knight,ME Trescothick,E Schiferli,0,0,,,,,,"",""
ball,2,2.2,England,NV Knight,ME Trescothick,E Schiferli,0,0,,,,,,"",""
ball,2,2.3,England,NV Knight,ME Trescothick,E Schiferli,0,0,,,,,,"",""
ball,2,2.4,England,NV Knight,ME Trescothick,E Schiferli,0,0,,,,,,"",""
ball,2,2.5,England,NV Knight,ME Trescothick,E Schiferli,1,0,,,,,,"",""
ball,2,2.6,England,ME Trescothick,NV Knight,E Schiferli,0,0,,,,,,"",""
ball,2,3.1,England,NV Knight,ME Trescothick,RP Lefebvre,2,0,,,,,,"",""
ball,2,3.2,England,NV Knight,ME Trescothick,RP Lefebvre,0,0,,,,,,"",""
ball,2,3.3,England,NV Knight,ME Trescothick,RP Lefebvre,1,0,,,,,,"",""
ball,2,3.4,England,ME Trescothick,NV Knight,RP Lefebvre,0,0,,,,,,"",""
ball,2,3.5,England,ME Trescothick,NV Knight,RP Lefebvre,0,0,,,,,,"",""
ball,2,3.6,England,ME Trescothick,NV Knight,RP Lefebvre,1,0,,,,,,"",""
ball,2,4.1,England,ME Trescothick,NV Knight,E Schiferli,0,0,,,,,,bowled,ME Trescothick
ball,2,4.2,England,MP Vaughan,NV Knight,E Schiferli,1,0,,,,,,"",""
ball,2,4.3,England,NV Knight,MP Vaughan,E Schiferli,0,0,,,,,,"",""
ball,2,4.4,England,NV Knight,MP Vaughan,E Schiferli,0,0,,,,,,"",""
ball,2,4.5,England,NV Knight,MP Vaughan,E Schiferli,1,0,,,,,,"",""
ball,2,4.6,England,MP Vaughan,NV Knight,E Schiferli,0,0,,,,,,"",""
ball,2,5.1,England,NV Knight,MP Vaughan,RP Lefebvre,0,0,,,,,,"",""
ball,2,5.2,England,NV Knight,MP Vaughan,RP Lefebvre,1,0,,,,,,"",""
ball,2,5.3,England,MP Vaughan,NV Knight,RP Lefebvre,0,0,,,,,,"",""
ball,2,5.4,England,MP Vaughan,NV Knight,RP Lefebvre,0,0,,,,,,"",""
ball,2,5.5,England,MP Vaughan,NV Knight,RP Lefebvre,0,0,,,,,,"",""
ball,2,5.6,England,MP Vaughan,NV Knight,RP Lefebvre,0,0,,,,,,"",""
ball,2,6.1,England,NV Knight,MP Vaughan,E Schiferli,0,0,,,,,,"",""
ball,2,6.2,England,NV Knight,MP Vaughan,E Schiferli,0,1,1,,,,,"",""
ball,2,6.3,England,NV Knight,MP Vaughan,E Schiferli,4,0,,,,,,"",""
ball,2,6.4,England,NV Knight,MP Vaughan,E Schiferli,1,0,,,,,,"",""
ball,2,6.5,England,MP Vaughan,NV Knight,E Schiferli,3,0,,,,,,"",""
ball,2,6.6,England,NV Knight,MP Vaughan,E Schiferli,0,0,,,,,,"",""
ball,2,6.7,England,NV Knight,MP Vaughan,E Schiferli,0,0,,,,,,"",""
ball,2,7.1,England,MP Vaughan,NV Knight,RP Lefebvre,0,0,,,,,,"",""
ball,2,7.2,England,MP Vaughan,NV Knight,RP Lefebvre,0,0,,,,,,"",""
ball,2,7.3,England,MP Vaughan,NV Knight,RP Lefebvre,1,0,,,,,,"",""
ball,2,7.4,England,NV Knight,MP Vaughan,RP Lefebvre,0,0,,,,,,"",""
ball,2,7.5,England,NV Knight,MP Vaughan,RP Lefebvre,0,0,,,,,,"",""
ball,2,7.6,England,NV Knight,MP Vaughan,RP Lefebvre,0,1,1,,,,,"",""
ball,2,7.7,England,NV Knight,MP Vaughan,RP Lefebvre,0,0,,,,,,"",""
ball,2,8.1,England,MP Vaughan,NV Knight,E Schiferli,0,1,1,,,,,"",""
ball,2,8.2,England,MP Vaughan,NV Knight,E Schiferli,4,0,,,,,,"",""
ball,2,8.3,England,MP Vaughan,NV Knight,E Schiferli,0,0,,,,,,"",""
ball,2,8.4,England,MP Vaughan,NV Knight,E Schiferli,0,0,,,,,,"",""
ball,2,8.5,England,MP Vaughan,NV Knight,E Schiferli,4,0,,,,,,"",""
ball,2,8.6,England,MP Vaughan,NV Knight,E Schiferli,4,0,,,,,,"",""
ball,2,8.7,England,MP Vaughan,NV Knight,E Schiferli,0,0,,,,,,"",""
ball,2,9.1,England,NV Knight,MP Vaughan,RP Lefebvre,0,0,,,,,,"",""
ball,2,9.2,England,NV Knight,MP Vaughan,RP Lefebvre,2,0,,,,,,"",""
ball,2,9.3,England,NV Knight,MP Vaughan,RP Lefebvre,4,0,,,,,,"",""
ball,2,9.4,England,NV Knight,MP Vaughan,RP Lefebvre,0,0,,,,,,"",""
ball,2,9.5,England,NV Knight,MP Vaughan,RP Lefebvre,0,0,,,,,,"",""
ball,2,9.6,England,NV Knight,MP Vaughan,RP Lefebvre,0,0,,,,,,"",""
ball,2,10.1,England,MP Vaughan,NV Knight,TBM de Leede,1,0,,,,,,"",""
ball,2,10.2,England,NV Knight,MP Vaughan,TBM de Leede,4,0,,,,,,"",""
ball,2,10.3,England,NV Knight,MP Vaughan,TBM de Leede,1,0,,,,,,"",""
ball,2,10.4,England,MP Vaughan,NV Knight,TBM de Leede,1,0,,,,,,"",""
ball,2,10.5,England,NV Knight,MP Vaughan,TBM de Leede,0,0,,,,,,"",""
ball,2,10.6,England,NV Knight,MP Vaughan,TBM de Leede,0,0,,,,,,"",""
ball,2,11.1,England,MP Vaughan,NV Knight,Adeel Raja,0,0,,,,,,"",""
ball,2,11.2,England,MP Vaughan,NV Knight,Adeel Raja,0,0,,,,,,"",""
ball,2,11.3,England,MP Vaughan,NV Knight,Adeel Raja,0,0,,,,,,"",""
ball,2,11.4,England,MP Vaughan,NV Knight,Adeel Raja,0,0,,,,,,"",""
ball,2,11.5,England,MP Vaughan,NV Knight,Adeel Raja,2,0,,,,,,"",""
ball,2,11.6,England,MP Vaughan,NV Knight,Adeel Raja,4,0,,,,,,"",""
ball,2,12.1,England,NV Knight,MP Vaughan,TBM de Leede,0,0,,,,,,"",""
ball,2,12.2,England,NV Knight,MP Vaughan,TBM de Leede,1,0,,,,,,"",""
ball,2,12.3,England,MP Vaughan,NV Knight,TBM de Leede,0,0,,,,,,"",""
ball,2,12.4,England,MP Vaughan,NV Knight,TBM de Leede,0,0,,,,,,"",""
ball,2,12.5,England,MP Vaughan,NV Knight,TBM de Leede,0,0,,,,,,"",""
ball,2,12.6,England,MP Vaughan,NV Knight,TBM de Leede,2,0,,,,,,"",""
ball,2,13.1,England,NV Knight,MP Vaughan,Adeel Raja,0,0,,,,,,"",""
ball,2,13.2,England,NV Knight,MP Vaughan,Adeel Raja,4,0,,,,,,"",""
ball,2,13.3,England,NV Knight,MP Vaughan,Adeel Raja,4,0,,,,,,"",""
ball,2,13.4,England,NV Knight,MP Vaughan,Adeel Raja,0,0,,,,,,"",""
ball,2,13.5,England,NV Knight,MP Vaughan,Adeel Raja,4,0,,,,,,"",""
ball,2,13.6,England,NV Knight,MP Vaughan,Adeel Raja,0,0,,,,,,"",""
ball,2,14.1,England,MP Vaughan,NV Knight,TBM de Leede,1,0,,,,,,"",""
ball,2,14.2,England,NV Knight,MP Vaughan,TBM de Leede,0,0,,,,,,"",""
ball,2,14.3,England,NV Knight,MP Vaughan,TBM de Leede,1,0,,,,,,"",""
ball,2,14.4,England,MP Vaughan,NV Knight,TBM de Leede,0,0,,,,,,"",""
ball,2,14.5,England,MP Vaughan,NV Knight,TBM de Leede,4,0,,,,,,"",""
ball,2,14.6,England,MP Vaughan,NV Knight,TBM de Leede,1,0,,,,,,"",""
ball,2,15.1,England,MP Vaughan,NV Knight,Adeel Raja,0,0,,,,,,"",""
ball,2,15.2,England,MP Vaughan,NV Knight,Adeel Raja,1,0,,,,,,"",""
ball,2,15.3,England,NV Knight,MP Vaughan,Adeel Raja,1,0,,,,,,"",""
ball,2,15.4,England,MP Vaughan,NV Knight,Adeel Raja,1,0,,,,,,"",""
ball,2,15.5,England,NV Knight,MP Vaughan,Adeel Raja,0,0,,,,,,"",""
ball,2,15.6,England,NV Knight,MP Vaughan,Adeel Raja,0,0,,,,,,"",""
ball,2,16.1,England,MP Vaughan,NV Knight,TBM de Leede,0,0,,,,,,"",""
ball,2,16.2,England,MP Vaughan,NV Knight,TBM de Leede,0,0,,,,,,"",""
ball,2,16.3,England,MP Vaughan,NV Knight,TBM de Leede,4,0,,,,,,"",""
ball,2,16.4,England,MP Vaughan,NV Knight,TBM de Leede,0,0,,,,,,"",""
ball,2,16.5,England,MP Vaughan,NV Knight,TBM de Leede,4,0,,,,,,"",""
ball,2,16.6,England,MP Vaughan,NV Knight,TBM de Leede,4,0,,,,,,"",""
ball,2,17.1,England,NV Knight,MP Vaughan,Adeel Raja,1,0,,,,,,"",""
ball,2,17.2,England,MP Vaughan,NV Knight,Adeel Raja,2,0,,,,,,"",""
ball,2,17.3,England,MP Vaughan,NV Knight,Adeel Raja,1,0,,,,,,"",""
ball,2,17.4,England,NV Knight,MP Vaughan,Adeel Raja,0,0,,,,,,"",""
ball,2,17.5,England,NV Knight,MP Vaughan,Adeel Raja,1,0,,,,,,"",""
ball,2,17.6,England,MP Vaughan,NV Knight,Adeel Raja,1,0,,,,,,"",""
ball,2,18.1,England,MP Vaughan,NV Knight,DLS van Bunge,0,0,,,,,,"",""
ball,2,18.2,England,MP Vaughan,NV Knight,DLS van Bunge,0,0,,,,,,"",""
ball,2,18.3,England,MP Vaughan,NV Knight,DLS van Bunge,0,0,,,,,,caught,MP Vaughan
ball,2,18.4,England,A Flintoff,NV Knight,DLS van Bunge,0,0,,,,,,"",""
ball,2,18.5,England,A Flintoff,NV Knight,DLS van Bunge,0,0,,,,,,caught,A Flintoff
ball,2,18.6,England,ID Blackwell,NV Knight,DLS van Bunge,4,0,,,,,,"",""
ball,2,19.1,England,NV Knight,ID Blackwell,Adeel Raja,0,0,,,,,,"",""
ball,2,19.2,England,NV Knight,ID Blackwell,Adeel Raja,1,0,,,,,,"",""
ball,2,19.3,England,ID Blackwell,NV Knight,Adeel Raja,4,0,,,,,,"",""
ball,2,19.4,England,ID Blackwell,NV Knight,Adeel Raja,1,0,,,,,,"",""
ball,2,19.5,England,NV Knight,ID Blackwell,Adeel Raja,1,0,,,,,,"",""
ball,2,19.6,England,ID Blackwell,NV Knight,Adeel Raja,0,0,,,,,,"",""
ball,2,20.1,England,NV Knight,ID Blackwell,DLS van Bunge,0,0,,,,,,"",""
ball,2,20.2,England,NV Knight,ID Blackwell,DLS van Bunge,4,0,,,,,,"",""
ball,2,20.3,England,NV Knight,ID Blackwell,DLS van Bunge,4,0,,,,,,"",""
ball,2,20.4,England,NV Knight,ID Blackwell,DLS van Bunge,0,0,,,,,,"",""
ball,2,20.5,England,NV Knight,ID Blackwell,DLS van Bunge,0,0,,,,,,caught,NV Knight
ball,2,20.6,England,PD Collingwood,ID Blackwell,DLS van Bunge,0,0,,,,,,"",""
ball,2,21.1,England,ID Blackwell,PD Collingwood,JF Kloppenburg,4,0,,,,,,"",""
ball,2,21.2,England,ID Blackwell,PD Collingwood,JF Kloppenburg,1,0,,,,,,"",""
ball,2,21.3,England,PD Collingwood,ID Blackwell,JF Kloppenburg,1,0,,,,,,"",""
ball,2,21.4,England,ID Blackwell,PD Collingwood,JF Kloppenburg,0,0,,,,,,"",""
ball,2,21.5,England,ID Blackwell,PD Collingwood,JF Kloppenburg,4,0,,,,,,"",""
ball,2,21.6,England,ID Blackwell,PD Collingwood,JF Kloppenburg,0,0,,,,,,"",""
ball,2,22.1,England,PD Collingwood,ID Blackwell,DLS van Bunge,0,0,,,,,,"",""
ball,2,22.2,England,PD Collingwood,ID Blackwell,DLS van Bunge,0,0,,,,,,"",""
ball,2,22.3,England,PD Collingwood,ID Blackwell,DLS van Bunge,0,0,,,,,,"",""
ball,2,22.4,England,PD Collingwood,ID Blackwell,DLS van Bunge,0,0,,,,,,"",""
ball,2,22.5,England,PD Collingwood,ID Blackwell,DLS van Bunge,4,0,,,,,,"",""
ball,2,22.6,England,PD Collingwood,ID Blackwell,DLS van Bunge,0,0,,,,,,"",""
ball,2,23.1,England,ID Blackwell,PD Collingwood,JF Kloppenburg,0,0,,,,,,"",""
ball,2,23.2,England,ID Blackwell,PD Collingwood,JF Kloppenburg,4,0,,,,,,"",""
