version,1.7.0
info,balls_per_over,6
info,team,South Africa
info,team,New Zealand
info,gender,male
info,season,2002/03
info,date,2003/02/16
info,event,ICC World Cup
info,match_number,15
info,venue,"New Wanderers Stadium, Johannesburg"
info,city,Johannesburg
info,toss_winner,South Africa
info,toss_decision,bat
info,player_of_match,SP Fleming
info,umpire,P Willey
info,umpire,SA Bucknor
info,tv_umpire,DJ Harper
info,match_referee,Wasim Raja
info,winner,New Zealand
info,winner_wickets,9
info,method,D/L
info,player,South Africa,GC Smith
info,player,South Africa,HH Gibbs
info,player,South Africa,N Boje
info,player,South Africa,JH Kallis
info,player,South Africa,MV Boucher
info,player,South Africa,L Klusener
info,player,South Africa,SM Pollock
info,player,South Africa,G Kirsten
info,player,South Africa,HH Dippenaar
info,player,South Africa,M Ntini
info,player,South Africa,AA Donald
info,player,New Zealand,CD McMillan
info,player,New Zealand,SP Fleming
info,player,New Zealand,NJ Astle
info,player,New Zealand,SB Styris
info,player,New Zealand,CL Cairns
info,player,New Zealand,L Vincent
info,player,New Zealand,BB McCullum
info,player,New Zealand,JDP Oram
info,player,New Zealand,AR Adams
info,player,New Zealand,DL Vettori
info,player,New Zealand,SE Bond
info,registry,people,AA Donald,4c931d56
info,registry,people,AR Adams,525c3f54
info,registry,people,BB McCullum,b8a55852
info,registry,people,CD McMillan,f5390243
info,registry,people,CL Cairns,0b130202
info,registry,people,DJ Harper,0ec08b27
info,registry,people,DL Vettori,d7c6af50
info,registry,people,G Kirsten,ad48eb56
info,registry,people,GC Smith,72861603
info,registry,people,HH Dippenaar,98ecf62a
info,registry,people,HH Gibbs,e1d1b294
info,registry,people,JDP Oram,3eac9d95
info,registry,people,JH Kallis,86dc8f2e
info,registry,people,L Klusener,c0790f82
info,registry,people,L Vincent,2764133a
info,registry,people,M Ntini,20a941bb
info,registry,people,MV Boucher,f3cb53a1
info,registry,people,N Boje,6a0537aa
info,registry,people,NJ Astle,99639abf
info,registry,people,P Willey,1b647f99
info,registry,people,SA Bucknor,2ad22b51
info,registry,people,SB Styris,57efa3be
info,registry,people,SE Bond,4f629497
info,registry,people,SM Pollock,88fccd6c
info,registry,people,SP Fleming,eea6b7f1
info,registry,people,Wasim Raja,d8bce357
ball,1,0.1,South Africa,GC Smith,HH Gibbs,SE Bond,0,0,,,,,,"",""
ball,1,0.2,South Africa,GC Smith,HH Gibbs,SE Bond,0,0,,,,,,"",""
ball,1,0.3,South Africa,GC Smith,HH Gibbs,SE Bond,0,1,1,,,,,"",""
ball,1,0.4,South Africa,GC Smith,HH Gibbs,SE Bond,0,1,,1,,,,"",""
ball,1,0.5,South Africa,GC Smith,HH Gibbs,SE Bond,0,0,,,,,,"",""
ball,1,0.6,South Africa,GC Smith,HH Gibbs,SE Bond,0,0,,,,,,"",""
ball,1,0.7,South Africa,GC Smith,HH Gibbs,SE Bond,0,0,,,,,,"",""
ball,1,0.8,South Africa,GC Smith,HH Gibbs,SE Bond,4,0,,,,,,"",""
ball,1,1.1,South Africa,HH Gibbs,GC Smith,AR Adams,0,0,,,,,,"",""
ball,1,1.2,South Africa,HH Gibbs,GC Smith,AR Adams,0,0,,,,,,"",""
ball,1,1.3,South Africa,HH Gibbs,GC Smith,AR Adams,2,0,,,,,,"",""
ball,1,1.4,South Africa,HH Gibbs,GC Smith,AR Adams,0,0,,,,,,"",""
ball,1,1.5,South Africa,HH Gibbs,GC Smith,AR Adams,0,0,,,,,,"",""
ball,1,1.6,South Africa,HH Gibbs,GC Smith,AR Adams,0,0,,,,,,"",""
ball,1,2.1,South Africa,GC Smith,HH Gibbs,SE Bond,0,0,,,,,,"",""
ball,1,2.2,South Africa,GC Smith,HH Gibbs,SE Bond,0,0,,,,,,"",""
ball,1,2.3,South Africa,GC Smith,HH Gibbs,SE Bond,0,1,1,,,,,"",""
ball,1,2.4,South Africa,GC Smith,HH Gibbs,SE Bond,0,0,,,,,,"",""
ball,1,2.5,South Africa,GC Smith,HH Gibbs,SE Bond,4,0,,,,,,"",""
ball,1,2.6,South Africa,GC Smith,HH Gibbs,SE Bond,4,0,,,,,,"",""
ball,1,2.7,South Africa,GC Smith,HH Gibbs,SE Bond,4,0,,,,,,"",""
ball,1,3.1,South Africa,HH Gibbs,GC Smith,AR Adams,0,0,,,,,,"",""
ball,1,3.2,South Africa,HH Gibbs,GC Smith,AR Adams,2,0,,,,,,"",""
ball,1,3.3,South Africa,HH Gibbs,GC Smith,AR Adams,0,0,,,,,,"",""
ball,1,3.4,South Africa,HH Gibbs,GC Smith,AR Adams,0,1,1,,,,,"",""
ball,1,3.5,South Africa,HH Gibbs,GC Smith,AR Adams,0,0,,,,,,"",""
ball,1,3.6,South Africa,HH Gibbs,GC Smith,AR Adams,0,0,,,,,,"",""
ball,1,3.7,South Africa,HH Gibbs,GC Smith,AR Adams,0,0,,,,,,"",""
ball,1,4.1,South Africa,GC Smith,HH Gibbs,JDP Oram,0,1,1,,,,,"",""
ball,1,4.2,South Africa,GC Smith,HH Gibbs,JDP Oram,0,0,,,,,,"",""
ball,1,4.3,South Africa,GC Smith,HH Gibbs,JDP Oram,0,0,,,,,,"",""
ball,1,4.4,South Africa,GC Smith,HH Gibbs,JDP Oram,1,1,,1,,,,"",""
ball,1,4.5,South Africa,HH Gibbs,GC Smith,JDP Oram,0,0,,,,,,"",""
ball,1,4.6,South Africa,HH Gibbs,GC Smith,JDP Oram,1,0,,,,,,"",""
ball,1,4.7,South Africa,GC Smith,HH Gibbs,JDP Oram,0,0,,,,,,"",""
ball,1,4.8,South Africa,GC Smith,HH Gibbs,JDP Oram,0,0,,,,,,"",""
ball,1,5.1,South Africa,HH Gibbs,GC Smith,AR Adams,4,0,,,,,,"",""
ball,1,5.2,South Africa,HH Gibbs,GC Smith,AR Adams,0,0,,,,,,"",""
ball,1,5.3,South Africa,HH Gibbs,GC Smith,AR Adams,0,0,,,,,,"",""
ball,1,5.4,South Africa,HH Gibbs,GC Smith,AR Adams,0,0,,,,,,"",""
ball,1,5.5,South Africa,HH Gibbs,GC Smith,AR Adams,1,0,,,,,,"",""
ball,1,5.6,South Africa,GC Smith,HH Gibbs,AR Adams,0,0,,,,,,"",""
ball,1,6.1,South Africa,HH Gibbs,GC Smith,JDP Oram,0,0,,,,,,"",""
ball,1,6.2,South Africa,HH Gibbs,GC Smith,JDP Oram,1,0,,,,,,"",""
ball,1,6.3,South Africa,GC Smith,HH Gibbs,JDP Oram,1,0,,,,,,"",""
ball,1,6.4,South Africa,HH Gibbs,GC Smith,JDP Oram,0,0,,,,,,"",""
ball,1,6.5,South Africa,HH Gibbs,GC Smith,JDP Oram,0,0,,,,,,"",""
ball,1,6.6,South Africa,HH Gibbs,GC Smith,JDP Oram,4,0,,,,,,"",""
ball,1,7.1,South Africa,GC Smith,HH Gibbs,AR Adams,0,0,,,,,,"",""
ball,1,7.2,South Africa,GC Smith,HH Gibbs,AR Adams,0,1,1,,,,,"",""
ball,1,7.3,South Africa,GC Smith,HH Gibbs,AR Adams,0,0,,,,,,"",""
ball,1,7.4,South Africa,GC Smith,HH Gibbs,AR Adams,0,0,,,,,,"",""
ball,1,7.5,South Africa,GC Smith,HH Gibbs,AR Adams,4,0,,,,,,"",""
ball,1,7.6,South Africa,GC Smith,HH Gibbs,AR Adams,0,0,,,,,,"",""
ball,1,7.7,South Africa,GC Smith,HH Gibbs,AR Adams,0,0,,,,,,"",""
ball,1,8.1,South Africa,HH Gibbs,GC Smith,JDP Oram,0,0,,,,,,"",""
ball,1,8.2,South Africa,HH Gibbs,GC Smith,JDP Oram,0,0,,,,,,"",""
ball,1,8.3,South Africa,HH Gibbs,GC Smith,JDP Oram,0,0,,,,,,"",""
ball,1,8.4,South Africa,HH Gibbs,GC Smith,JDP Oram,6,0,,,,,,"",""
ball,1,8.5,South Africa,HH Gibbs,GC Smith,JDP Oram,4,0,,,,,,"",""
ball,1,8.6,South Africa,HH Gibbs,GC Smith,JDP Oram,0,0,,,,,,"",""
ball,1,9.1,South Africa,GC Smith,HH Gibbs,SE Bond,1,0,,,,,,"",""
ball,1,9.2,South Africa,HH Gibbs,GC Smith,SE Bond,4,0,,,,,,"",""
ball,1,9.3,South Africa,HH Gibbs,GC Smith,SE Bond,0,0,,,,,,"",""
ball,1,9.4,South Africa,HH Gibbs,GC Smith,SE Bond,1,0,,,,,,"",""
ball,1,9.5,South Africa,GC Smith,HH Gibbs,SE Bond,0,0,,,,,,caught,GC Smith
ball,1,9.6,South Africa,HH Gibbs,N Boje,SE Bond,0,0,,,,,,"",""
ball,1,10.1,South Africa,N Boje,HH Gibbs,JDP Oram,0,0,,,,,,"",""
ball,1,10.2,South Africa,N Boje,HH Gibbs,JDP Oram,0,0,,,,,,"",""
ball,1,10.3,South Africa,N Boje,HH Gibbs,JDP Oram,0,0,,,,,,"",""
ball,1,10.4,South Africa,N Boje,HH Gibbs,JDP Oram,1,0,,,,,,"",""
ball,1,10.5,South Africa,HH Gibbs,N Boje,JDP Oram,2,0,,,,,,"",""
ball,1,10.6,South Africa,HH Gibbs,N Boje,JDP Oram,0,0,,,,,,"",""
ball,1,11.1,South Africa,N Boje,HH Gibbs,SE Bond,0,1,,,,1,,"",""
ball,1,11.2,South Africa,HH Gibbs,N Boje,SE Bond,0,0,,,,,,"",""
ball,1,11.3,South Africa,HH Gibbs,N Boje,SE Bond,0,0,,,,,,"",""
ball,1,11.4,South Africa,HH Gibbs,N Boje,SE Bond,0,0,,,,,,"",""
ball,1,11.5,South Africa,HH Gibbs,N Boje,SE Bond,4,0,,,,,,"",""
ball,1,11.6,South Africa,HH Gibbs,N Boje,SE Bond,0,1,,1,,,,"",""
ball,1,11.7,South Africa,HH Gibbs,N Boje,SE Bond,0,0,,,,,,"",""
ball,1,12.1,South Africa,N Boje,HH Gibbs,JDP Oram,0,0,,,,,,"",""
ball,1,12.2,South Africa,N Boje,HH Gibbs,JDP Oram,4,0,,,,,,"",""
ball,1,12.3,South Africa,N Boje,HH Gibbs,JDP Oram,2,0,,,,,,"",""
ball,1,12.4,South Africa,N Boje,HH Gibbs,JDP Oram,1,0,,,,,,"",""
ball,1,12.5,South Africa,HH Gibbs,N Boje,JDP Oram,0,0,,,,,,"",""
ball,1,12.6,South Africa,HH Gibbs,N Boje,JDP Oram,4,0,,,,,,"",""
ball,1,13.1,South Africa,N Boje,HH Gibbs,SE Bond,0,0,,,,,,"",""
ball,1,13.2,South Africa,N Boje,HH Gibbs,SE Bond,0,0,,,,,,"",""
ball,1,13.3,South Africa,N Boje,HH Gibbs,SE Bond,0,0,,,,,,"",""
ball,1,13.4,South Africa,N Boje,HH Gibbs,SE Bond,0,0,,,,,,"",""
ball,1,13.5,South Africa,N Boje,HH Gibbs,SE Bond,4,0,,,,,,"",""
ball,1,13.6,South Africa,N Boje,HH Gibbs,SE Bond,0,0,,,,,,"",""
ball,1,14.1,South Africa,HH Gibbs,N Boje,AR Adams,4,0,,,,,,"",""
ball,1,14.2,South Africa,HH Gibbs,N Boje,AR Adams,4,0,,,,,,"",""
ball,1,14.3,South Africa,HH Gibbs,N Boje,AR Adams,0,0,,,,,,"",""
ball,1,14.4,South Africa,HH Gibbs,N Boje,AR Adams,0,0,,,,,,"",""
ball,1,14.5,South Africa,HH Gibbs,N Boje,AR Adams,0,0,,,,,,"",""
ball,1,14.6,South Africa,HH Gibbs,N Boje,AR Adams,0,0,,,,,,"",""
ball,1,15.1,South Africa,N Boje,HH Gibbs,SB Styris,0,0,,,,,,"",""
ball,1,15.2,South Africa,N Boje,HH Gibbs,SB Styris,1,0,,,,,,"",""
ball,1,15.3,South Africa,HH Gibbs,N Boje,SB Styris,2,0,,,,,,"",""
ball,1,15.4,South Africa,HH Gibbs,N Boje,SB Styris,0,0,,,,,,"",""
ball,1,15.5,South Africa,HH Gibbs,N Boje,SB Styris,0,0,,,,,,"",""
ball,1,15.6,South Africa,HH Gibbs,N Boje,SB Styris,2,0,,,,,,"",""
ball,1,16.1,South Africa,N Boje,HH Gibbs,AR Adams,0,0,,,,,,"",""
ball,1,16.2,South Africa,N Boje,HH Gibbs,AR Adams,0,0,,,,,,"",""
ball,1,16.3,South Africa,N Boje,HH Gibbs,AR Adams,4,0,,,,,,"",""
ball,1,16.4,South Africa,N Boje,HH Gibbs,AR Adams,0,0,,,,,,"",""
ball,1,16.5,South Africa,N Boje,HH Gibbs,AR Adams,0,0,,,,,,"",""
ball,1,16.6,South Africa,N Boje,HH Gibbs,AR Adams,0,0,,,,,,"",""
ball,1,17.1,South Africa,HH Gibbs,N Boje,SB Styris,0,0,,,,,,"",""
ball,1,17.2,South Africa,HH Gibbs,N Boje,SB Styris,1,0,,,,,,"",""
ball,1,17.3,South Africa,N Boje,HH Gibbs,SB Styris,0,0,,,,,,"",""
ball,1,17.4,South Africa,N Boje,HH Gibbs,SB Styris,0,0,,,,,,"",""
ball,1,17.5,South Africa,N Boje,HH Gibbs,SB Styris,1,0,,,,,,"",""
ball,1,17.6,South Africa,HH Gibbs,N Boje,SB Styris,1,0,,,,,,"",""
ball,1,18.1,South Africa,HH Gibbs,N Boje,DL Vettori,1,0,,,,,,"",""
ball,1,18.2,South Africa,N Boje,HH Gibbs,DL Vettori,4,0,,,,,,"",""
ball,1,18.3,South Africa,N Boje,HH Gibbs,DL Vettori,0,0,,,,,,"",""
ball,1,18.4,South Africa,N Boje,HH Gibbs,DL Vettori,1,0,,,,,,"",""
ball,1,18.5,South Africa,HH Gibbs,N Boje,DL Vettori,1,0,,,,,,"",""
ball,1,18.6,South Africa,N Boje,HH Gibbs,DL Vettori,2,0,,,,,,"",""
ball,1,19.1,South Africa,HH Gibbs,N Boje,SB Styris,0,0,,,,,,"",""
ball,1,19.2,South Africa,HH Gibbs,N Boje,SB Styris,0,0,,,,,,"",""
ball,1,19.3,South Africa,HH Gibbs,N Boje,SB Styris,0,0,,,,,,"",""
ball,1,19.4,South Africa,HH Gibbs,N Boje,SB Styris,0,0,,,,,,"",""
ball,1,19.5,South Africa,HH Gibbs,N Boje,SB Styris,4,0,,,,,,"",""
ball,1,19.6,South Africa,HH Gibbs,N Boje,SB Styris,1,0,,,,,,"",""
ball,1,20.1,South Africa,HH Gibbs,N Boje,DL Vettori,0,0,,,,,,"",""
ball,1,20.2,South Africa,HH Gibbs,N Boje,DL Vettori,1,0,,,,,,"",""
ball,1,20.3,South Africa,N Boje,HH Gibbs,DL Vettori,1,0,,,,,,"",""
ball,1,20.4,South Africa,HH Gibbs,N Boje,DL Vettori,0,0,,,,,,"",""
ball,1,20.5,South Africa,HH Gibbs,N Boje,DL Vettori,0,0,,,,,,"",""
ball,1,20.6,South Africa,HH Gibbs,N Boje,DL Vettori,0,0,,,,,,"",""
ball,1,21.1,South Africa,N Boje,HH Gibbs,SB Styris,1,0,,,,,,"",""
ball,1,21.2,South Africa,HH Gibbs,N Boje,SB Styris,0,0,,,,,,"",""
ball,1,21.3,South Africa,HH Gibbs,N Boje,SB Styris,0,0,,,,,,"",""
ball,1,21.4,South Africa,HH Gibbs,N Boje,SB Styris,1,0,,,,,,"",""
ball,1,21.5,South Africa,N Boje,HH Gibbs,SB Styris,0,0,,,,,,"",""
ball,1,21.6,South Africa,N Boje,HH Gibbs,SB Styris,1,0,,,,,,"",""
ball,1,22.1,South Africa,N Boje,HH Gibbs,DL Vettori,1,0,,,,,,"",""
ball,1,22.2,South Africa,HH Gibbs,N Boje,DL Vettori,0,0,,,,,,"",""
ball,1,22.3,South Africa,HH Gibbs,N Boje,DL Vettori,0,0,,,,,,"",""
ball,1,22.4,South Africa,HH Gibbs,N Boje,DL Vettori,0,0,,,,,,"",""
ball,1,22.5,South Africa,HH Gibbs,N Boje,DL Vettori,1,0,,,,,,"",""
ball,1,22.6,South Africa,N Boje,HH Gibbs,DL Vettori,0,0,,,,,,"",""
ball,1,23.1,South Africa,HH Gibbs,N Boje,SB Styris,0,1,,,,1,,"",""
ball,1,23.2,South Africa,N Boje,HH Gibbs,SB Styris,0,0,,,,,,bowled,N Boje
ball,1,23.3,South Africa,JH Kallis,HH Gibbs,SB Styris,0,0,,,,,,"",""
ball,1,23.4,South Africa,JH Kallis,HH Gibbs,SB Styris,0,0,,,,,,"",""
ball,1,23.5,South Africa,JH Kallis,HH Gibbs,SB Styris,1,0,,,,,,"",""
ball,1,23.6,South Africa,HH Gibbs,JH Kallis,SB Styris,0,0,,,,,,"",""
ball,1,24.1,South Africa,JH Kallis,HH Gibbs,DL Vettori,1,0,,,,,,"",""
ball,1,24.2,South Africa,HH Gibbs,JH Kallis,DL Vettori,1,0,,,,,,"",""
ball,1,24.3,South Africa,JH Kallis,HH Gibbs,DL Vettori,0,0,,,,,,"",""
ball,1,24.4,South Africa,JH Kallis,HH Gibbs,DL Vettori,0,0,,,,,,"",""
ball,1,24.5,South Africa,JH Kallis,HH Gibbs,DL Vettori,0,0,,,,,,"",""
ball,1,24.6,South Africa,JH Kallis,HH Gibbs,DL Vettori,1,0,,,,,,"",""
ball,1,25.1,South Africa,JH Kallis,HH Gibbs,SB Styris,0,0,,,,,,"",""
ball,1,25.2,South Africa,JH Kallis,HH Gibbs,SB Styris,0,0,,,,,,"",""
ball,1,25.3,South Africa,JH Kallis,HH Gibbs,SB Styris,0,0,,,,,,"",""
ball,1,25.4,South Africa,JH Kallis,HH Gibbs,SB Styris,0,0,,,,,,"",""
ball,1,25.5,South Africa,JH Kallis,HH Gibbs,SB Styris,1,0,,,,,,"",""
ball,1,25.6,South Africa,HH Gibbs,JH Kallis,SB Styris,0,0,,,,,,"",""
ball,1,26.1,South Africa,JH Kallis,HH Gibbs,DL Vettori,0,0,,,,,,"",""
ball,1,26.2,South Africa,JH Kallis,HH Gibbs,DL Vettori,0,0,,,,,,"",""
ball,1,26.3,South Africa,JH Kallis,HH Gibbs,DL Vettori,0,0,,,,,,"",""
ball,1,26.4,South Africa,JH Kallis,HH Gibbs,DL Vettori,0,0,,,,,,"",""
ball,1,26.5,South Africa,JH Kallis,HH Gibbs,DL Vettori,1,0,,,,,,"",""
ball,1,26.6,South Africa,HH Gibbs,JH Kallis,DL Vettori,0,0,,,,,,"",""
ball,1,27.1,South Africa,JH Kallis,HH Gibbs,SB Styris,1,0,,,,,,"",""
ball,1,27.2,South Africa,HH Gibbs,JH Kallis,SB Styris,0,0,,,,,,"",""
ball,1,27.3,South Africa,HH Gibbs,JH Kallis,SB Styris,0,0,,,,,,"",""
ball,1,27.4,South Africa,HH Gibbs,JH Kallis,SB Styris,0,0,,,,,,"",""
ball,1,27.5,South Africa,HH Gibbs,JH Kallis,SB Styris,0,0,,,,,,"",""
ball,1,27.6,South Africa,HH Gibbs,JH Kallis,SB Styris,4,0,,,,,,"",""
ball,1,28.1,South Africa,JH Kallis,HH Gibbs,DL Vettori,1,0,,,,,,"",""
ball,1,28.2,South Africa,HH Gibbs,JH Kallis,DL Vettori,0,0,,,,,,"",""
ball,1,28.3,South Africa,HH Gibbs,JH Kallis,DL Vettori,1,0,,,,,,"",""
ball,1,28.4,South Africa,JH Kallis,HH Gibbs,DL Vettori,6,0,,,,,,"",""
ball,1,28.5,South Africa,JH Kallis,HH Gibbs,DL Vettori,1,0,,,,,,"",""
ball,1,28.6,South Africa,HH Gibbs,JH Kallis,DL Vettori,1,0,,,,,,"",""
ball,1,29.1,South Africa,HH Gibbs,JH Kallis,SE Bond,0,0,,,,,,"",""
ball,1,29.2,South Africa,HH Gibbs,JH Kallis,SE Bond,1,0,,,,,,"",""
ball,1,29.3,South Africa,JH Kallis,HH Gibbs,SE Bond,1,0,,,,,,"",""
ball,1,29.4,South Africa,HH Gibbs,JH Kallis,SE Bond,1,0,,,,,,"",""
ball,1,29.5,South Africa,JH Kallis,HH Gibbs,SE Bond,0,0,,,,,,"",""
ball,1,29.6,South Africa,JH Kallis,HH Gibbs,SE Bond,0,0,,,,,,"",""
ball,1,30.1,South Africa,HH Gibbs,JH Kallis,DL Vettori,1,0,,,,,,"",""
ball,1,30.2,South Africa,JH Kallis,HH Gibbs,DL Vettori,1,0,,,,,,"",""
ball,1,30.3,South Africa,HH Gibbs,JH Kallis,DL Vettori,1,0,,,,,,"",""
ball,1,30.4,South Africa,JH Kallis,HH Gibbs,DL Vettori,1,0,,,,,,"",""
ball,1,30.5,South Africa,HH Gibbs,JH Kallis,DL Vettori,1,0,,,,,,"",""
ball,1,30.6,South Africa,JH Kallis,HH Gibbs,DL Vettori,0,0,,,,,,"",""
ball,1,31.1,South Africa,HH Gibbs,JH Kallis,SE Bond,4,0,,,,,,"",""
ball,1,31.2,South Africa,HH Gibbs,JH Kallis,SE Bond,0,0,,,,,,"",""
ball,1,31.3,South Africa,HH Gibbs,JH Kallis,SE Bond,1,0,,,,,,"",""
ball,1,31.4,South Africa,JH Kallis,HH Gibbs,SE Bond,1,0,,,,,,"",""
ball,1,31.5,South Africa,HH Gibbs,JH Kallis,SE Bond,0,0,,,,,,"",""
ball,1,31.6,South Africa,HH Gibbs,JH Kallis,SE Bond,0,0,,,,,,"",""
ball,1,32.1,South Africa,JH Kallis,HH Gibbs,NJ Astle,0,0,,,,,,"",""
ball,1,32.2,South Africa,JH Kallis,HH Gibbs,NJ Astle,1,0,,,,,,"",""
ball,1,32.3,South Africa,HH Gibbs,JH Kallis,NJ Astle,0,0,,,,,,"",""
ball,1,32.4,South Africa,HH Gibbs,JH Kallis,NJ Astle,2,0,,,,,,"",""
ball,1,32.5,South Africa,HH Gibbs,JH Kallis,NJ Astle,1,0,,,,,,"",""
ball,1,32.6,South Africa,JH Kallis,HH Gibbs,NJ Astle,0,0,,,,,,"",""
ball,1,33.1,South Africa,HH Gibbs,JH Kallis,SE Bond,4,0,,,,,,"",""
ball,1,33.2,South Africa,HH Gibbs,JH Kallis,SE Bond,1,0,,,,,,"",""
ball,1,33.3,South Africa,JH Kallis,HH Gibbs,SE Bond,1,0,,,,,,"",""
ball,1,33.4,South Africa,HH Gibbs,JH Kallis,SE Bond,1,0,,,,,,"",""
ball,1,33.5,South Africa,JH Kallis,HH Gibbs,SE Bond,1,0,,,,,,"",""
ball,1,33.6,South Africa,HH Gibbs,JH Kallis,SE Bond,0,0,,,,,,"",""
ball,1,34.1,South Africa,JH Kallis,HH Gibbs,NJ Astle,0,0,,,,,,"",""
ball,1,34.2,South Africa,JH Kallis,HH Gibbs,NJ Astle,1,0,,,,,,"",""
ball,1,34.3,South Africa,HH Gibbs,JH Kallis,NJ Astle,1,0,,,,,,"",""
ball,1,34.4,South Africa,JH Kallis,HH Gibbs,NJ Astle,1,0,,,,,,"",""
ball,1,34.5,South Africa,HH Gibbs,JH Kallis,NJ Astle,1,0,,,,,,"",""
ball,1,34.6,South Africa,JH Kallis,HH Gibbs,NJ Astle,1,0,,,,,,"",""
ball,1,35.1,South Africa,JH Kallis,HH Gibbs,SB Styris,1,0,,,,,,"",""
ball,1,35.2,South Africa,HH Gibbs,JH Kallis,SB Styris,1,0,,,,,,"",""
ball,1,35.3,South Africa,JH Kallis,HH Gibbs,SB Styris,1,0,,,,,,"",""
ball,1,35.4,South Africa,HH Gibbs,JH Kallis,SB Styris,4,0,,,,,,"",""
ball,1,35.5,South Africa,HH Gibbs,JH Kallis,SB Styris,0,0,,,,,,"",""
ball,1,35.6,South Africa,HH Gibbs,JH Kallis,SB Styris,0,0,,,,,,"",""
ball,1,36.1,South Africa,JH Kallis,HH Gibbs,NJ Astle,4,0,,,,,,"",""
ball,1,36.2,South Africa,JH Kallis,HH Gibbs,NJ Astle,1,0,,,,,,"",""
ball,1,36.3,South Africa,HH Gibbs,JH Kallis,NJ Astle,1,0,,,,,,"",""
ball,1,36.4,South Africa,JH Kallis,HH Gibbs,NJ Astle,1,0,,,,,,"",""
ball,1,36.5,South Africa,HH Gibbs,JH Kallis,NJ Astle,0,0,,,,,,"",""
ball,1,36.6,South Africa,HH Gibbs,JH Kallis,NJ Astle,0,0,,,,,,"",""
ball,1,37.1,South Africa,JH Kallis,HH Gibbs,SB Styris,0,0,,,,,,"",""
ball,1,37.2,South Africa,JH Kallis,HH Gibbs,SB Styris,0,0,,,,,,"",""
ball,1,37.3,South Africa,JH Kallis,HH Gibbs,SB Styris,0,0,,,,,,"",""
ball,1,37.4,South Africa,JH Kallis,HH Gibbs,SB Styris,1,0,,,,,,"",""
ball,1,37.5,South Africa,HH Gibbs,JH Kallis,SB Styris,0,0,,,,,,"",""
ball,1,37.6,South Africa,HH Gibbs,JH Kallis,SB Styris,0,0,,,,,,"",""
ball,1,38.1,South Africa,JH Kallis,HH Gibbs,DL Vettori,0,0,,,,,,caught,JH Kallis
ball,1,38.2,South Africa,MV Boucher,HH Gibbs,DL Vettori,0,0,,,,,,"",""
ball,1,38.3,South Africa,MV Boucher,HH Gibbs,DL Vettori,1,0,,,,,,"",""
ball,1,38.4,South Africa,HH Gibbs,MV Boucher,DL Vettori,1,0,,,,,,"",""
ball,1,38.5,South Africa,MV Boucher,HH Gibbs,DL Vettori,0,0,,,,,,"",""
ball,1,38.6,South Africa,MV Boucher,HH Gibbs,DL Vettori,0,0,,,,,,"",""
ball,1,39.1,South Africa,HH Gibbs,MV Boucher,SB Styris,1,0,,,,,,"",""
ball,1,39.2,South Africa,MV Boucher,HH Gibbs,SB Styris,1,0,,,,,,"",""
ball,1,39.3,South Africa,HH Gibbs,MV Boucher,SB Styris,6,0,,,,,,"",""
ball,1,39.4,South Africa,HH Gibbs,MV Boucher,SB Styris,4,0,,,,,,"",""
ball,1,39.5,South Africa,HH Gibbs,MV Boucher,SB Styris,0,1,1,,,,,"",""
ball,1,39.6,South Africa,HH Gibbs,MV Boucher,SB Styris,0,0,,,,,,"",""
ball,1,39.7,South Africa,HH Gibbs,MV Boucher,SB Styris,0,0,,,,,,"",""
ball,1,40.1,South Africa,MV Boucher,HH Gibbs,DL Vettori,0,0,,,,,,"",""
ball,1,40.2,South Africa,MV Boucher,HH Gibbs,DL Vettori,1,0,,,,,,"",""
ball,1,40.3,South Africa,HH Gibbs,MV Boucher,DL Vettori,0,0,,,,,,"",""
ball,1,40.4,South Africa,HH Gibbs,MV Boucher,DL Vettori,1,0,,,,,,"",""
ball,1,40.5,South Africa,MV Boucher,HH Gibbs,DL Vettori,1,0,,,,,,"",""
ball,1,40.6,South Africa,HH Gibbs,MV Boucher,DL Vettori,1,0,,,,,,"",""
ball,1,41.1,South Africa,HH Gibbs,MV Boucher,JDP Oram,1,0,,,,,,"",""
ball,1,41.2,South Africa,MV Boucher,HH Gibbs,JDP Oram,0,4,,,,4,,"",""
ball,1,41.3,South Africa,MV Boucher,HH Gibbs,JDP Oram,1,0,,,,,,"",""
ball,1,41.4,South Africa,HH Gibbs,MV Boucher,JDP Oram,0,0,,,,,,"",""
ball,1,41.5,South Africa,HH Gibbs,MV Boucher,JDP Oram,1,0,,,,,,"",""
ball,1,41.6,South Africa,MV Boucher,HH Gibbs,JDP Oram,4,0,,,,,,"",""
ball,1,42.1,South Africa,HH Gibbs,MV Boucher,DL Vettori,4,0,,,,,,"",""
ball,1,42.2,South Africa,HH Gibbs,MV Boucher,DL Vettori,1,0,,,,,,"",""
ball,1,42.3,South Africa,MV Boucher,HH Gibbs,DL Vettori,1,0,,,,,,"",""
ball,1,42.4,South Africa,HH Gibbs,MV Boucher,DL Vettori,6,0,,,,,,"",""
ball,1,42.5,South Africa,HH Gibbs,MV Boucher,DL Vettori,4,0,,,,,,"",""
ball,1,42.6,South Africa,HH Gibbs,MV Boucher,DL Vettori,4,0,,,,,,"",""
ball,1,43.1,South Africa,MV Boucher,HH Gibbs,JDP Oram,0,0,,,,,,"",""
ball,1,43.2,South Africa,MV Boucher,HH Gibbs,JDP Oram,0,0,,,,,,caught,MV Boucher
ball,1,43.3,South Africa,HH Gibbs,L Klusener,JDP Oram,4,0,,,,,,"",""
ball,1,43.4,South Africa,HH Gibbs,L Klusener,JDP Oram,0,1,1,,,,,"",""
ball,1,43.5,South Africa,HH Gibbs,L Klusener,JDP Oram,0,1,1,,,,,"",""
ball,1,43.6,South Africa,HH Gibbs,L Klusener,JDP Oram,1,0,,,,,,"",""
ball,1,43.7,South Africa,L Klusener,HH Gibbs,JDP Oram,0,0,,,,,,"",""
ball,1,43.8,South Africa,L Klusener,HH Gibbs,JDP Oram,0,0,,,,,,"",""
ball,1,44.1,South Africa,HH Gibbs,L Klusener,AR Adams,1,0,,,,,,"",""
ball,1,44.2,South Africa,L Klusener,HH Gibbs,AR Adams,2,0,,,,,,"",""
ball,1,44.3,South Africa,L Klusener,HH Gibbs,AR Adams,0,1,1,,,,,"",""
ball,1,44.4,South Africa,L Klusener,HH Gibbs,AR Adams,0,0,,,,,,"",""
ball,1,44.5,South Africa,L Klusener,HH Gibbs,AR Adams,0,0,,,,,,"",""
ball,1,44.6,South Africa,L Klusener,HH Gibbs,AR Adams,1,0,,,,,,"",""
ball,1,44.7,South Africa,HH Gibbs,L Klusener,AR Adams,4,0,,,,,,"",""
ball,1,45.1,South Africa,L Klusener,HH Gibbs,JDP Oram,1,0,,,,,,"",""
ball,1,45.2,South Africa,HH Gibbs,L Klusener,JDP Oram,0,0,,,,,,caught,HH Gibbs
ball,1,45.3,South Africa,SM Pollock,L Klusener,JDP Oram,0,0,,,,,,"",""
ball,1,45.4,South Africa,SM Pollock,L Klusener,JDP Oram,1,0,,,,,,"",""
ball,1,45.5,South Africa,L Klusener,SM Pollock,JDP Oram,1,0,,,,,,"",""
ball,1,45.6,South Africa,SM Pollock,L Klusener,JDP Oram,1,0,,,,,,"",""
ball,1,46.1,South Africa,SM Pollock,L Klusener,AR Adams,1,0,,,,,,"",""
ball,1,46.2,South Africa,L Klusener,SM Pollock,AR Adams,1,0,,,,,,"",""
ball,1,46.3,South Africa,SM Pollock,L Klusener,AR Adams,1,0,,,,,,"",""
ball,1,46.4,South Africa,L Klusener,SM Pollock,AR Adams,4,0,,,,,,"",""
ball,1,46.5,South Africa,L Klusener,SM Pollock,AR Adams,6,0,,,,,,"",""
ball,1,46.6,South Africa,L Klusener,SM Pollock,AR Adams,0,1,1,,,,,"",""
ball,1,46.7,South Africa,L Klusener,SM Pollock,AR Adams,0,0,,,,,,"",""
ball,1,47.1,South Africa,SM Pollock,L Klusener,SE Bond,2,0,,,,,,"",""
ball,1,47.2,South Africa,SM Pollock,L Klusener,SE Bond,0,1,1,,,,,"",""
ball,1,47.3,South Africa,SM Pollock,L Klusener,SE Bond,2,0,,,,,,"",""
ball,1,47.4,South Africa,SM Pollock,L Klusener,SE Bond,1,0,,,,,,"",""
ball,1,47.5,South Africa,L Klusener,SM Pollock,SE Bond,1,0,,,,,,"",""
ball,1,47.6,South Africa,SM Pollock,L Klusener,SE Bond,1,0,,,,,,"",""
ball,1,47.7,South Africa,L Klusener,SM Pollock,SE Bond,1,0,,,,,,"",""
ball,1,48.1,South Africa,L Klusener,SM Pollock,AR Adams,1,0,,,,,,"",""
ball,1,48.2,South Africa,SM Pollock,L Klusener,AR Adams,0,0,,,,,,caught,SM Pollock
ball,1,48.3,South Africa,L Klusener,G Kirsten,AR Adams,4,0,,,,,,"",""
ball,1,48.4,South Africa,L Klusener,G Kirsten,AR Adams,1,0,,,,,,"",""
ball,1,48.5,South Africa,G Kirsten,L Klusener,AR Adams,1,0,,,,,,"",""
ball,1,48.6,South Africa,L Klusener,G Kirsten,AR Adams,0,0,,,,,,"",""
ball,1,49.1,South Africa,G Kirsten,L Klusener,SE Bond,1,0,,,,,,"",""
ball,1,49.2,South Africa,L Klusener,G Kirsten,SE Bond,4,0,,,,,,"",""
ball,1,49.3,South Africa,L Klusener,G Kirsten,SE Bond,1,0,,,,,,"",""
ball,1,49.4,South Africa,G Kirsten,L Klusener,SE Bond,2,0,,,,,,"",""
ball,1,49.5,South Africa,G Kirsten,L Klusener,SE Bond,1,0,,,,,,"",""
ball,1,49.6,South Africa,L Klusener,G Kirsten,SE Bond,4,0,,,,,,"",""
ball,2,0.1,New Zealand,CD McMillan,SP Fleming,SM Pollock,1,0,,,,,,"",""
ball,2,0.2,New Zealand,SP Fleming,CD McMillan,SM Pollock,0,0,,,,,,"",""
ball,2,0.3,New Zealand,SP Fleming,CD McMillan,SM Pollock,0,0,,,,,,"",""
ball,2,0.4,New Zealand,SP Fleming,CD McMillan,SM Pollock,0,0,,,,,,"",""
ball,2,0.5,New Zealand,SP Fleming,CD McMillan,SM Pollock,0,0,,,,,,"",""
ball,2,0.6,New Zealand,SP Fleming,CD McMillan,SM Pollock,0,0,,,,,,"",""
ball,2,1.1,New Zealand,CD McMillan,SP Fleming,M Ntini,1,0,,,,,,"",""
ball,2,1.2,New Zealand,SP Fleming,CD McMillan,M Ntini,4,0,,,,,,"",""
ball,2,1.3,New Zealand,SP Fleming,CD McMillan,M Ntini,0,0,,,,,,"",""
ball,2,1.4,New Zealand,SP Fleming,CD McMillan,M Ntini,0,0,,,,,,"",""
ball,2,1.5,New Zealand,SP Fleming,CD McMillan,M Ntini,0,1,1,,,,,"",""
ball,2,1.6,New Zealand,SP Fleming,CD McMillan,M Ntini,0,1,1,,,,,"",""
ball,2,1.7,New Zealand,SP Fleming,CD McMillan,M Ntini,0,0,,,,,,"",""
ball,2,1.8,New Zealand,SP Fleming,CD McMillan,M Ntini,0,0,,,,,,"",""
ball,2,2.1,New Zealand,CD McMillan,SP Fleming,SM Pollock,0,0,,,,,,"",""
ball,2,2.2,New Zealand,CD McMillan,SP Fleming,SM Pollock,1,0,,,,,,"",""
ball,2,2.3,New Zealand,SP Fleming,CD McMillan,SM Pollock,4,0,,,,,,"",""
ball,2,2.4,New Zealand,SP Fleming,CD McMillan,SM Pollock,0,0,,,,,,"",""
ball,2,2.5,New Zealand,SP Fleming,CD McMillan,SM Pollock,1,0,,,,,,"",""
ball,2,2.6,New Zealand,CD McMillan,SP Fleming,SM Pollock,0,0,,,,,,"",""
ball,2,3.1,New Zealand,SP Fleming,CD McMillan,M Ntini,0,0,,,,,,"",""
ball,2,3.2,New Zealand,SP Fleming,CD McMillan,M Ntini,0,0,,,,,,"",""
ball,2,3.3,New Zealand,SP Fleming,CD McMillan,M Ntini,1,0,,,,,,"",""
ball,2,3.4,New Zealand,CD McMillan,SP Fleming,M Ntini,0,1,,,,1,,"",""
ball,2,3.5,New Zealand,SP Fleming,CD McMillan,M Ntini,0,0,,,,,,"",""
ball,2,3.6,New Zealand,SP Fleming,CD McMillan,M Ntini,0,0,,,,,,"",""
ball,2,4.1,New Zealand,CD McMillan,SP Fleming,SM Pollock,0,0,,,,,,"",""
ball,2,4.2,New Zealand,CD McMillan,SP Fleming,SM Pollock,0,0,,,,,,"",""
ball,2,4.3,New Zealand,CD McMillan,SP Fleming,SM Pollock,0,0,,,,,,"",""
ball,2,4.4,New Zealand,CD McMillan,SP Fleming,SM Pollock,1,0,,,,,,"",""
ball,2,4.5,New Zealand,SP Fleming,CD McMillan,SM Pollock,0,0,,,,,,"",""
ball,2,4.6,New Zealand,SP Fleming,CD McMillan,SM Pollock,1,0,,,,,,"",""
ball,2,5.1,New Zealand,SP Fleming,CD McMillan,M Ntini,4,0,,,,,,"",""
ball,2,5.2,New Zealand,SP Fleming,CD McMillan,M Ntini,0,0,,,,,,"",""
ball,2,5.3,New Zealand,SP Fleming,CD McMillan,M Ntini,0,1,1,,,,,"",""
ball,2,5.4,New Zealand,SP Fleming,CD McMillan,M Ntini,1,0,,,,,,"",""
ball,2,5.5,New Zealand,CD McMillan,SP Fleming,M Ntini,0,1,,,,1,,"",""
ball,2,5.6,New Zealand,SP Fleming,CD McMillan,M Ntini,0,0,,,,,,"",""
ball,2,5.7,New Zealand,SP Fleming,CD McMillan,M Ntini,0,0,,,,,,"",""
ball,2,6.1,New Zealand,CD McMillan,SP Fleming,SM Pollock,0,0,,,,,,"",""
ball,2,6.2,New Zealand,CD McMillan,SP Fleming,SM Pollock,2,0,,,,,,"",""
ball,2,6.3,New Zealand,CD McMillan,SP Fleming,SM Pollock,0,0,,,,,,"",""
ball,2,6.4,New Zealand,CD McMillan,SP Fleming,SM Pollock,0,0,,,,,,"",""
ball,2,6.5,New Zealand,CD McMillan,SP Fleming,SM Pollock,2,0,,,,,,"",""
ball,2,6.6,New Zealand,CD McMillan,SP Fleming,SM Pollock,0,0,,,,,,"",""
ball,2,7.1,New Zealand,SP Fleming,CD McMillan,M Ntini,1,0,,,,,,"",""
ball,2,7.2,New Zealand,CD McMillan,SP Fleming,M Ntini,1,0,,,,,,"",""
ball,2,7.3,New Zealand,SP Fleming,CD McMillan,M Ntini,0,0,,,,,,"",""
ball,2,7.4,New Zealand,SP Fleming,CD McMillan,M Ntini,0,0,,,,,,"",""
ball,2,7.5,New Zealand,SP Fleming,CD McMillan,M Ntini,1,0,,,,,,"",""
ball,2,7.6,New Zealand,CD McMillan,SP Fleming,M Ntini,0,0,,,,,,"",""
ball,2,8.1,New Zealand,SP Fleming,CD McMillan,SM Pollock,0,0,,,,,,"",""
ball,2,8.2,New Zealand,SP Fleming,CD McMillan,SM Pollock,1,0,,,,,,"",""
ball,2,8.3,New Zealand,CD McMillan,SP Fleming,SM Pollock,1,0,,,,,,"",""
ball,2,8.4,New Zealand,SP Fleming,CD McMillan,SM Pollock,0,0,,,,,,"",""
ball,2,8.5,New Zealand,SP Fleming,CD McMillan,SM Pollock,4,0,,,,,,"",""
ball,2,8.6,New Zealand,SP Fleming,CD McMillan,SM Pollock,1,0,,,,,,"",""
ball,2,9.1,New Zealand,SP Fleming,CD McMillan,M Ntini,0,0,,,,,,"",""
ball,2,9.2,New Zealand,SP Fleming,CD McMillan,M Ntini,0,0,,,,,,"",""
ball,2,9.3,New Zealand,SP Fleming,CD McMillan,M Ntini,2,0,,,,,,"",""
ball,2,9.4,New Zealand,SP Fleming,CD McMillan,M Ntini,0,0,,,,,,"",""
ball,2,9.5,New Zealand,SP Fleming,CD McMillan,M Ntini,4,0,,,,,,"",""
ball,2,9.6,New Zealand,SP Fleming,CD McMillan,M Ntini,0,0,,,,,,"",""
ball,2,10.1,New Zealand,CD McMillan,SP Fleming,AA Donald,1,0,,,,,,"",""
ball,2,10.2,New Zealand,SP Fleming,CD McMillan,AA Donald,0,1,1,,,,,"",""
ball,2,10.3,New Zealand,SP Fleming,CD McMillan,AA Donald,1,0,,,,,,"",""
ball,2,10.4,New Zealand,CD McMillan,SP Fleming,AA Donald,6,0,,,,,,"",""
ball,2,10.5,New Zealand,CD McMillan,SP Fleming,AA Donald,1,0,,,,,,"",""
ball,2,10.6,New Zealand,SP Fleming,CD McMillan,AA Donald,0,0,,,,,,"",""
ball,2,10.7,New Zealand,SP Fleming,CD McMillan,AA Donald,4,0,,,,,,"",""
ball,2,11.1,New Zealand,CD McMillan,SP Fleming,JH Kallis,0,0,,,,,,"",""
ball,2,11.2,New Zealand,CD McMillan,SP Fleming,JH Kallis,1,0,,,,,,"",""
ball,2,11.3,New Zealand,SP Fleming,CD McMillan,JH Kallis,4,0,,,,,,"",""
ball,2,11.4,New Zealand,SP Fleming,CD McMillan,JH Kallis,4,0,,,,,,"",""
ball,2,11.5,New Zealand,SP Fleming,CD McMillan,JH Kallis,4,0,,,,,,"",""
ball,2,11.6,New Zealand,SP Fleming,CD McMillan,JH Kallis,4,0,,,,,,"",""
ball,2,12.1,New Zealand,CD McMillan,SP Fleming,AA Donald,2,0,,,,,,"",""
ball,2,12.2,New Zealand,CD McMillan,SP Fleming,AA Donald,4,0,,,,,,"",""
ball,2,12.3,New Zealand,CD McMillan,SP Fleming,AA Donald,0,0,,,,,,"",""
ball,2,12.4,New Zealand,CD McMillan,SP Fleming,AA Donald,0,0,,,,,,"",""
ball,2,12.5,New Zealand,CD McMillan,SP Fleming,AA Donald,0,0,,,,,,"",""
ball,2,12.6,New Zealand,CD McMillan,SP Fleming,AA Donald,0,0,,,,,,"",""
ball,2,13.1,New Zealand,SP Fleming,CD McMillan,JH Kallis,2,0,,,,,,"",""
ball,2,13.2,New Zealand,SP Fleming,CD McMillan,JH Kallis,0,4,,,,4,,"",""
ball,2,13.3,New Zealand,SP Fleming,CD McMillan,JH Kallis,0,0,,,,,,"",""
ball,2,13.4,New Zealand,SP Fleming,CD McMillan,JH Kallis,0,0,,,,,,"",""
ball,2,13.5,New Zealand,SP Fleming,CD McMillan,JH Kallis,0,0,,,,,,"",""
ball,2,13.6,New Zealand,SP Fleming,CD McMillan,JH Kallis,0,1,1,,,,,"",""
ball,2,13.7,New Zealand,SP Fleming,CD McMillan,JH Kallis,0,0,,,,,,"",""
ball,2,14.1,New Zealand,CD McMillan,SP Fleming,AA Donald,0,0,,,,,,caught,CD McMillan
ball,2,14.2,New Zealand,NJ Astle,SP Fleming,AA Donald,0,1,1,,,,,"",""
ball,2,14.3,New Zealand,NJ Astle,SP Fleming,AA Donald,5,0,,,,,,"",""
ball,2,14.4,New Zealand,SP Fleming,NJ Astle,AA Donald,0,0,,,,,,"",""
ball,2,14.5,New Zealand,SP Fleming,NJ Astle,AA Donald,0,0,,,,,,"",""
ball,2,14.6,New Zealand,SP Fleming,NJ Astle,AA Donald,0,0,,,,,,"",""
ball,2,14.7,New Zealand,SP Fleming,NJ Astle,AA Donald,0,1,1,,,,,"",""
ball,2,14.8,New Zealand,SP Fleming,NJ Astle,AA Donald,1,0,,,,,,"",""
ball,2,15.1,New Zealand,SP Fleming,NJ Astle,JH Kallis,0,0,,,,,,"",""
ball,2,15.2,New Zealand,SP Fleming,NJ Astle,JH Kallis,0,0,,,,,,"",""
ball,2,15.3,New Zealand,SP Fleming,NJ Astle,JH Kallis,0,0,,,,,,"",""
ball,2,15.4,New Zealand,SP Fleming,NJ Astle,JH Kallis,1,0,,,,,,"",""
ball,2,15.5,New Zealand,NJ Astle,SP Fleming,JH Kallis,0,0,,,,,,"",""
ball,2,15.6,New Zealand,NJ Astle,SP Fleming,JH Kallis,1,0,,,,,,"",""
ball,2,16.1,New Zealand,NJ Astle,SP Fleming,AA Donald,2,0,,,,,,"",""
ball,2,16.2,New Zealand,NJ Astle,SP Fleming,AA Donald,1,0,,,,,,"",""
ball,2,16.3,New Zealand,SP Fleming,NJ Astle,AA Donald,0,0,,,,,,"",""
ball,2,16.4,New Zealand,SP Fleming,NJ Astle,AA Donald,0,0,,,,,,"",""
ball,2,16.5,New Zealand,SP Fleming,NJ Astle,AA Donald,1,0,,,,,,"",""
ball,2,16.6,New Zealand,NJ Astle,SP Fleming,AA Donald,0,0,,,,,,"",""
ball,2,17.1,New Zealand,SP Fleming,NJ Astle,JH Kallis,4,0,,,,,,"",""
ball,2,17.2,New Zealand,SP Fleming,NJ Astle,JH Kallis,0,0,,,,,,"",""
ball,2,17.3,New Zealand,SP Fleming,NJ Astle,JH Kallis,0,0,,,,,,"",""
ball,2,17.4,New Zealand,SP Fleming,NJ Astle,JH Kallis,1,0,,,,,,"",""
ball,2,17.5,New Zealand,NJ Astle,SP Fleming,JH Kallis,1,0,,,,,,"",""
ball,2,17.6,New Zealand,SP Fleming,NJ Astle,JH Kallis,1,0,,,,,,"",""
ball,2,18.1,New Zealand,SP Fleming,NJ Astle,N Boje,0,0,,,,,,"",""
ball,2,18.2,New Zealand,SP Fleming,NJ Astle,N Boje,1,0,,,,,,"",""
ball,2,18.3,New Zealand,NJ Astle,SP Fleming,N Boje,1,0,,,,,,"",""
ball,2,18.4,New Zealand,SP Fleming,NJ Astle,N Boje,4,0,,,,,,"",""
ball,2,18.5,New Zealand,SP Fleming,NJ Astle,N Boje,4,0,,,,,,"",""
ball,2,18.6,New Zealand,SP Fleming,NJ Astle,N Boje,1,0,,,,,,"",""
ball,2,19.1,New Zealand,SP Fleming,NJ Astle,M Ntini,0,0,,,,,,"",""
ball,2,19.2,New Zealand,SP Fleming,NJ Astle,M Ntini,1,0,,,,,,"",""
ball,2,19.3,New Zealand,NJ Astle,SP Fleming,M Ntini,1,0,,,,,,"",""
ball,2,19.4,New Zealand,SP Fleming,NJ Astle,M Ntini,1,0,,,,,,"",""
ball,2,19.5,New Zealand,NJ Astle,SP Fleming,M Ntini,1,0,,,,,,"",""
ball,2,19.6,New Zealand,SP Fleming,NJ Astle,M Ntini,0,0,,,,,,"",""
ball,2,20.1,New Zealand,NJ Astle,SP Fleming,N Boje,1,0,,,,,,"",""
ball,2,20.2,New Zealand,SP Fleming,NJ Astle,N Boje,1,0,,,,,,"",""
ball,2,20.3,New Zealand,NJ Astle,SP Fleming,N Boje,0,0,,,,,,"",""
ball,2,20.4,New Zealand,NJ Astle,SP Fleming,N Boje,0,1,1,,,,,"",""
ball,2,20.5,New Zealand,NJ Astle,SP Fleming,N Boje,0,0,,,,,,"",""
ball,2,20.6,New Zealand,NJ Astle,SP Fleming,N Boje,1,0,,,,,,"",""
ball,2,20.7,New Zealand,SP Fleming,NJ Astle,N Boje,1,0,,,,,,"",""
ball,2,21.1,New Zealand,SP Fleming,NJ Astle,M Ntini,0,0,,,,,,"",""
ball,2,21.2,New Zealand,SP Fleming,NJ Astle,M Ntini,0,0,,,,,,"",""
ball,2,21.3,New Zealand,SP Fleming,NJ Astle,M Ntini,0,0,,,,,,"",""
ball,2,21.4,New Zealand,SP Fleming,NJ Astle,M Ntini,0,0,,,,,,"",""
ball,2,21.5,New Zealand,SP Fleming,NJ Astle,M Ntini,0,0,,,,,,"",""
ball,2,21.6,New Zealand,SP Fleming,NJ Astle,M Ntini,0,0,,,,,,"",""
ball,2,22.1,New Zealand,NJ Astle,SP Fleming,SM Pollock,4,0,,,,,,"",""
ball,2,22.2,New Zealand,NJ Astle,SP Fleming,SM Pollock,0,0,,,,,,"",""
ball,2,22.3,New Zealand,NJ Astle,SP Fleming,SM Pollock,0,0,,,,,,"",""
ball,2,22.4,New Zealand,NJ Astle,SP Fleming,SM Pollock,0,0,,,,,,"",""
ball,2,22.5,New Zealand,NJ Astle,SP Fleming,SM Pollock,1,0,,,,,,"",""
ball,2,22.6,New Zealand,SP Fleming,NJ Astle,SM Pollock,0,0,,,,,,"",""
ball,2,23.1,New Zealand,NJ Astle,SP Fleming,M Ntini,0,0,,,,,,"",""
ball,2,23.2,New Zealand,NJ Astle,SP Fleming,M Ntini,0,0,,,,,,"",""
ball,2,23.3,New Zealand,NJ Astle,SP Fleming,M Ntini,0,0,,,,,,"",""
ball,2,23.4,New Zealand,NJ Astle,SP Fleming,M Ntini,1,0,,,,,,"",""
ball,2,23.5,New Zealand,SP Fleming,NJ Astle,M Ntini,4,0,,,,,,"",""
ball,2,23.6,New Zealand,SP Fleming,NJ Astle,M Ntini,1,0,,,,,,"",""
ball,2,24.1,New Zealand,SP Fleming,NJ Astle,SM Pollock,0,0,,,,,,"",""
ball,2,24.2,New Zealand,SP Fleming,NJ Astle,SM Pollock,1,0,,,,,,"",""
ball,2,24.3,New Zealand,NJ Astle,SP Fleming,SM Pollock,0,0,,,,,,"",""
ball,2,24.4,New Zealand,NJ Astle,SP Fleming,SM Pollock,0,1,,,,1,,"",""
ball,2,24.5,New Zealand,SP Fleming,NJ Astle,SM Pollock,4,0,,,,,,"",""
ball,2,24.6,New Zealand,SP Fleming,NJ Astle,SM Pollock,1,0,,,,,,"",""
ball,2,25.1,New Zealand,SP Fleming,NJ Astle,L Klusener,0,0,,,,,,"",""
ball,2,25.2,New Zealand,SP Fleming,NJ Astle,L Klusener,0,0,,,,,,"",""
ball,2,25.3,New Zealand,SP Fleming,NJ Astle,L Klusener,0,0,,,,,,"",""
ball,2,25.4,New Zealand,SP Fleming,NJ Astle,L Klusener,4,0,,,,,,"",""
ball,2,25.5,New Zealand,SP Fleming,NJ Astle,L Klusener,1,0,,,,,,"",""
ball,2,25.6,New Zealand,NJ Astle,SP Fleming,L Klusener,1,0,,,,,,"",""
ball,2,26.1,New Zealand,NJ Astle,SP Fleming,AA Donald,1,0,,,,,,"",""
ball,2,26.2,New Zealand,SP Fleming,NJ Astle,AA Donald,0,0,,,,,,"",""
ball,2,26.3,New Zealand,SP Fleming,NJ Astle,AA Donald,4,0,,,,,,"",""
ball,2,26.4,New Zealand,SP Fleming,NJ Astle,AA Donald,1,0,,,,,,"",""
ball,2,26.5,New Zealand,NJ Astle,SP Fleming,AA Donald,4,0,,,,,,"",""
ball,2,26.6,New Zealand,NJ Astle,SP Fleming,AA Donald,0,0,,,,,,"",""
ball,2,27.1,New Zealand,SP Fleming,NJ Astle,L Klusener,1,0,,,,,,"",""
ball,2,27.2,New Zealand,NJ Astle,SP Fleming,L Klusener,4,0,,,,,,"",""
ball,2,27.3,New Zealand,NJ Astle,SP Fleming,L Klusener,0,0,,,,,,"",""
ball,2,27.4,New Zealand,NJ Astle,SP Fleming,L Klusener,0,0,,,,,,"",""
ball,2,27.5,New Zealand,NJ Astle,SP Fleming,L Klusener,1,0,,,,,,"",""
ball,2,27.6,New Zealand,SP Fleming,NJ Astle,L Klusener,1,0,,,,,,"",""
ball,2,28.1,New Zealand,SP Fleming,NJ Astle,JH Kallis,0,0,,,,,,"",""
ball,2,28.2,New Zealand,SP Fleming,NJ Astle,JH Kallis,0,1,,,,1,,"",""
ball,2,28.3,New Zealand,NJ Astle,SP Fleming,JH Kallis,0,0,,,,,,"",""
ball,2,28.4,New Zealand,NJ Astle,SP Fleming,JH Kallis,0,0,,,,,,"",""
ball,2,28.5,New Zealand,NJ Astle,SP Fleming,JH Kallis,2,0,,,,,,"",""
ball,2,28.6,New Zealand,NJ Astle,SP Fleming,JH Kallis,2,0,,,,,,"",""
ball,2,29.1,New Zealand,SP Fleming,NJ Astle,L Klusener,0,0,,,,,,"",""
ball,2,29.2,New Zealand,SP Fleming,NJ Astle,L Klusener,0,0,,,,,,"",""
ball,2,29.3,New Zealand,SP Fleming,NJ Astle,L Klusener,0,0,,,,,,"",""
ball,2,29.4,New Zealand,SP Fleming,NJ Astle,L Klusener,1,0,,,,,,"",""
ball,2,29.5,New Zealand,NJ Astle,SP Fleming,L Klusener,1,0,,,,,,"",""
ball,2,29.6,New Zealand,SP Fleming,NJ Astle,L Klusener,1,0,,,,,,"",""
ball,2,30.1,New Zealand,SP Fleming,NJ Astle,JH Kallis,2,0,,,,,,"",""
ball,2,30.2,New Zealand,SP Fleming,NJ Astle,JH Kallis,1,0,,,,,,"",""
ball,2,30.3,New Zealand,NJ Astle,SP Fleming,JH Kallis,0,0,,,,,,"",""
ball,2,30.4,New Zealand,NJ Astle,SP Fleming,JH Kallis,0,0,,,,,,"",""
ball,2,30.5,New Zealand,NJ Astle,SP Fleming,JH Kallis,0,0,,,,,,"",""
ball,2,30.6,New Zealand,NJ Astle,SP Fleming,JH Kallis,1,0,,,,,,"",""
ball,2,31.1,New Zealand,NJ Astle,SP Fleming,L Klusener,1,0,,,,,,"",""
ball,2,31.2,New Zealand,SP Fleming,NJ Astle,L Klusener,1,0,,,,,,"",""
ball,2,31.3,New Zealand,NJ Astle,SP Fleming,L Klusener,1,0,,,,,,"",""
ball,2,31.4,New Zealand,SP Fleming,NJ Astle,L Klusener,4,0,,,,,,"",""
ball,2,31.5,New Zealand,SP Fleming,NJ Astle,L Klusener,0,0,,,,,,"",""
ball,2,31.6,New Zealand,SP Fleming,NJ Astle,L Klusener,0,0,,,,,,"",""
ball,2,32.1,New Zealand,NJ Astle,SP Fleming,JH Kallis,1,0,,,,,,"",""
ball,2,32.2,New Zealand,SP Fleming,NJ Astle,JH Kallis,1,0,,,,,,"",""
ball,2,32.3,New Zealand,NJ Astle,SP Fleming,JH Kallis,0,0,,,,,,"",""
ball,2,32.4,New Zealand,NJ Astle,SP Fleming,JH Kallis,1,0,,,,,,"",""
ball,2,32.5,New Zealand,SP Fleming,NJ Astle,JH Kallis,0,0,,,,,,"",""
ball,2,32.6,New Zealand,SP Fleming,NJ Astle,JH Kallis,1,0,,,,,,"",""
ball,2,33.1,New Zealand,SP Fleming,NJ Astle,L Klusener,2,0,,,,,,"",""
ball,2,33.2,New Zealand,SP Fleming,NJ Astle,L Klusener,1,0,,,,,,"",""
ball,2,33.3,New Zealand,NJ Astle,SP Fleming,L Klusener,2,0,,,,,,"",""
ball,2,33.4,New Zealand,NJ Astle,SP Fleming,L Klusener,4,0,,,,,,"",""
ball,2,33.5,New Zealand,NJ Astle,SP Fleming,L Klusener,1,0,,,,,,"",""
ball,2,33.6,New Zealand,SP Fleming,NJ Astle,L Klusener,4,0,,,,,,"",""
ball,2,34.1,New Zealand,NJ Astle,SP Fleming,JH Kallis,0,0,,,,,,"",""
ball,2,34.2,New Zealand,NJ Astle,SP Fleming,JH Kallis,2,0,,,,,,"",""
ball,2,34.3,New Zealand,NJ Astle,SP Fleming,JH Kallis,1,0,,,,,,"",""
ball,2,34.4,New Zealand,SP Fleming,NJ Astle,JH Kallis,2,0,,,,,,"",""
ball,2,34.5,New Zealand,SP Fleming,NJ Astle,JH Kallis,1,0,,,,,,"",""
ball,2,34.6,New Zealand,NJ Astle,SP Fleming,JH Kallis,0,0,,,,,,"",""
ball,2,35.1,New Zealand,SP Fleming,NJ Astle,SM Pollock,1,0,,,,,,"",""
ball,2,35.2,New Zealand,NJ Astle,SP Fleming,SM Pollock,1,0,,,,,,"",""
ball,2,35.3,New Zealand,SP Fleming,NJ Astle,SM Pollock,1,0,,,,,,"",""
ball,2,35.4,New Zealand,NJ Astle,SP Fleming,SM Pollock,0,0,,,,,,"",""
ball,2,35.5,New Zealand,NJ Astle,SP Fleming,SM Pollock,1,0,,,,,,"",""
ball,2,35.6,New Zealand,SP Fleming,NJ Astle,SM Pollock,1,0,,,,,,"",""
ball,2,36.1,New Zealand,SP Fleming,NJ Astle,AA Donald,4,0,,,,,,"",""
ball,2,36.2,New Zealand,SP Fleming,NJ Astle,AA Donald,0,0,,,,,,"",""
ball,2,36.3,New Zealand,SP Fleming,NJ Astle,AA Donald,0,0,,,,,,"",""
ball,2,36.4,New Zealand,SP Fleming,NJ Astle,AA Donald,2,0,,,,,,"",""
ball,2,36.5,New Zealand,SP Fleming,NJ Astle,AA Donald,4,0,,,,,,"",""
