version,1.7.0
info,balls_per_over,6
info,team,Pakistan
info,team,Namibia
info,gender,male
info,season,2002/03
info,date,2003/02/16
info,event,ICC World Cup
info,match_number,14
info,venue,"De Beers Diamond Oval, Kimberley"
info,city,Kimberley
info,toss_winner,Pakistan
info,toss_decision,bat
info,player_of_match,Wasim Akram
info,umpire,DL Orchard
info,umpire,NA Mallender
info,tv_umpire,SJA Taufel
info,match_referee,DT Lindsay
info,winner,Pakistan
info,winner_runs,171
info,player,Pakistan,Saeed Anwar
info,player,Pakistan,Saleem Elahi
info,player,Pakistan,Younis Khan
info,player,Pakistan,Inzamam-ul-Haq
info,player,Pakistan,Yousuf Youhana
info,player,Pakistan,Rashid Latif
info,player,Pakistan,Wasim Akram
info,player,Pakistan,Abdul Razzaq
info,player,Pakistan,Waqar Younis
info,player,Pakistan,Saqlain Mushtaq
info,player,Pakistan,Shoaib Akhtar
info,player,Namibia,R Walters
info,player,Namibia,SJ Swanepoel
info,player,Namibia,AJ Burger
info,player,Namibia,D Keulder
info,player,Namibia,GB Murgatroyd
info,player,Namibia,LJ Burger
info,player,Namibia,DB Kotze
info,player,Namibia,G Snyman
info,player,Namibia,M van Schoor
info,player,Namibia,BL Kotze
info,player,Namibia,RJ van Vuuren
info,registry,people,AJ Burger,4347a4ae
info,registry,people,Abdul Razzaq,390ff45b
info,registry,people,BL Kotze,540ffb25
info,registry,people,D Keulder,34c823b0
info,registry,people,DB Kotze,5ee47383
info,registry,people,DL Orchard,a7df1d20
info,registry,people,DT Lindsay,a6a32a61
info,registry,people,G Snyman,5af592d2
info,registry,people,GB Murgatroyd,18356eb3
info,registry,people,Inzamam-ul-Haq,b9a3d8c6
info,registry,people,LJ Burger,6f4d314b
info,registry,people,M van Schoor,74bd2653
info,registry,people,NA Mallender,3b5dfcd4
info,registry,people,R Walters,d32a4a41
info,registry,people,RJ van Vuuren,0882b3f1
info,registry,people,Rashid Latif,d32782ae
info,registry,people,SJ Swanepoel,31e31116
info,registry,people,SJA Taufel,4b43d5ac
info,registry,people,Saeed Anwar,0aa14354
info,registry,people,Saleem Elahi,1e7b1aa7
info,registry,people,Saqlain Mushtaq,047c67ba
info,registry,people,Shoaib Akhtar,10a91f35
info,registry,people,Waqar Younis,d8906a73
info,registry,people,Wasim Akram,126e56a1
info,registry,people,Younis Khan,33cb3411
info,registry,people,Yousuf Youhana,e237b28c
ball,1,0.1,Pakistan,Saeed Anwar,Saleem Elahi,G Snyman,0,0,,,,,,"",""
ball,1,0.2,Pakistan,Saeed Anwar,Saleem Elahi,G Snyman,1,0,,,,,,"",""
ball,1,0.3,Pakistan,Saleem Elahi,Saeed Anwar,G Snyman,0,1,,1,,,,"",""
ball,1,0.4,Pakistan,Saleem Elahi,Saeed Anwar,G Snyman,0,0,,,,,,"",""
ball,1,0.5,Pakistan,Saleem Elahi,Saeed Anwar,G Snyman,0,0,,,,,,"",""
ball,1,0.6,Pakistan,Saleem Elahi,Saeed Anwar,G Snyman,0,0,,,,,,"",""
ball,1,0.7,Pakistan,Saleem Elahi,Saeed Anwar,G Snyman,0,0,,,,,,"",""
ball,1,1.1,Pakistan,Saeed Anwar,Saleem Elahi,RJ van Vuuren,0,0,,,,,,"",""
ball,1,1.2,Pakistan,Saeed Anwar,Saleem Elahi,RJ van Vuuren,1,0,,,,,,"",""
ball,1,1.3,Pakistan,Saleem Elahi,Saeed Anwar,RJ van Vuuren,0,0,,,,,,"",""
ball,1,1.4,Pakistan,Saleem Elahi,Saeed Anwar,RJ van Vuuren,0,0,,,,,,"",""
ball,1,1.5,Pakistan,Saleem Elahi,Saeed Anwar,RJ van Vuuren,1,0,,,,,,"",""
ball,1,1.6,Pakistan,Saeed Anwar,Saleem Elahi,RJ van Vuuren,0,0,,,,,,"",""
ball,1,2.1,Pakistan,Saleem Elahi,Saeed Anwar,G Snyman,0,0,,,,,,"",""
ball,1,2.2,Pakistan,Saleem Elahi,Saeed Anwar,G Snyman,0,0,,,,,,"",""
ball,1,2.3,Pakistan,Saleem Elahi,Saeed Anwar,G Snyman,0,0,,,,,,"",""
ball,1,2.4,Pakistan,Saleem Elahi,Saeed Anwar,G Snyman,0,0,,,,,,"",""
ball,1,2.5,Pakistan,Saleem Elahi,Saeed Anwar,G Snyman,4,0,,,,,,"",""
ball,1,2.6,Pakistan,Saleem Elahi,Saeed Anwar,G Snyman,0,0,,,,,,"",""
ball,1,3.1,Pakistan,Saeed Anwar,Saleem Elahi,RJ van Vuuren,1,0,,,,,,"",""
ball,1,3.2,Pakistan,Saleem Elahi,Saeed Anwar,RJ van Vuuren,0,0,,,,,,"",""
ball,1,3.3,Pakistan,Saleem Elahi,Saeed Anwar,RJ van Vuuren,0,0,,,,,,"",""
ball,1,3.4,Pakistan,Saleem Elahi,Saeed Anwar,RJ van Vuuren,1,0,,,,,,"",""
ball,1,3.5,Pakistan,Saeed Anwar,Saleem Elahi,RJ van Vuuren,0,0,,,,,,"",""
ball,1,3.6,Pakistan,Saeed Anwar,Saleem Elahi,RJ van Vuuren,1,0,,,,,,"",""
ball,1,4.1,Pakistan,Saeed Anwar,Saleem Elahi,G Snyman,4,0,,,,,,"",""
ball,1,4.2,Pakistan,Saeed Anwar,Saleem Elahi,G Snyman,0,0,,,,,,"",""
ball,1,4.3,Pakistan,Saeed Anwar,Saleem Elahi,G Snyman,4,0,,,,,,"",""
ball,1,4.4,Pakistan,Saeed Anwar,Saleem Elahi,G Snyman,0,0,,,,,,"",""
ball,1,4.5,Pakistan,Saeed Anwar,Saleem Elahi,G Snyman,0,0,,,,,,"",""
ball,1,4.6,Pakistan,Saeed Anwar,Saleem Elahi,G Snyman,0,0,,,,,,"",""
ball,1,5.1,Pakistan,Saleem Elahi,Saeed Anwar,RJ van Vuuren,0,2,,,,2,,"",""
ball,1,5.2,Pakistan,Saleem Elahi,Saeed Anwar,RJ van Vuuren,0,0,,,,,,"",""
ball,1,5.3,Pakistan,Saleem Elahi,Saeed Anwar,RJ van Vuuren,0,0,,,,,,"",""
ball,1,5.4,Pakistan,Saleem Elahi,Saeed Anwar,RJ van Vuuren,0,0,,,,,,"",""
ball,1,5.5,Pakistan,Saleem Elahi,Saeed Anwar,RJ van Vuuren,0,0,,,,,,"",""
ball,1,5.6,Pakistan,Saleem Elahi,Saeed Anwar,RJ van Vuuren,0,0,,,,,,"",""
ball,1,6.1,Pakistan,Saeed Anwar,Saleem Elahi,G Snyman,0,0,,,,,,"",""
ball,1,6.2,Pakistan,Saeed Anwar,Saleem Elahi,G Snyman,3,0,,,,,,"",""
ball,1,6.3,Pakistan,Saleem Elahi,Saeed Anwar,G Snyman,0,0,,,,,,"",""
ball,1,6.4,Pakistan,Saleem Elahi,Saeed Anwar,G Snyman,0,0,,,,,,"",""
ball,1,6.5,Pakistan,Saleem Elahi,Saeed Anwar,G Snyman,1,0,,,,,,"",""
ball,1,6.6,Pakistan,Saeed Anwar,Saleem Elahi,G Snyman,0,1,,,,1,,"",""
ball,1,7.1,Pakistan,Saeed Anwar,Saleem Elahi,RJ van Vuuren,0,0,,,,,,"",""
ball,1,7.2,Pakistan,Saeed Anwar,Saleem Elahi,RJ van Vuuren,0,0,,,,,,"",""
ball,1,7.3,Pakistan,Saeed Anwar,Saleem Elahi,RJ van Vuuren,0,0,,,,,,"",""
ball,1,7.4,Pakistan,Saeed Anwar,Saleem Elahi,RJ van Vuuren,0,0,,,,,,"",""
ball,1,7.5,Pakistan,Saeed Anwar,Saleem Elahi,RJ van Vuuren,4,0,,,,,,"",""
ball,1,7.6,Pakistan,Saeed Anwar,Saleem Elahi,RJ van Vuuren,1,0,,,,,,"",""
ball,1,8.1,Pakistan,Saeed Anwar,Saleem Elahi,G Snyman,0,0,,,,,,"",""
ball,1,8.2,Pakistan,Saeed Anwar,Saleem Elahi,G Snyman,0,0,,,,,,"",""
ball,1,8.3,Pakistan,Saeed Anwar,Saleem Elahi,G Snyman,0,0,,,,,,"",""
ball,1,8.4,Pakistan,Saeed Anwar,Saleem Elahi,G Snyman,0,0,,,,,,"",""
ball,1,8.5,Pakistan,Saeed Anwar,Saleem Elahi,G Snyman,0,1,1,,,,,"",""
ball,1,8.6,Pakistan,Saeed Anwar,Saleem Elahi,G Snyman,0,1,1,,,,,"",""
ball,1,8.7,Pakistan,Saeed Anwar,Saleem Elahi,G Snyman,1,0,,,,,,"",""
ball,1,8.8,Pakistan,Saleem Elahi,Saeed Anwar,G Snyman,0,1,1,,,,,"",""
ball,1,8.9,Pakistan,Saleem Elahi,Saeed Anwar,G Snyman,1,0,,,,,,"",""
ball,1,9.1,Pakistan,Saleem Elahi,Saeed Anwar,RJ van Vuuren,0,0,,,,,,"",""
ball,1,9.2,Pakistan,Saleem Elahi,Saeed Anwar,RJ van Vuuren,0,0,,,,,,"",""
ball,1,9.3,Pakistan,Saleem Elahi,Saeed Anwar,RJ van Vuuren,0,0,,,,,,"",""
ball,1,9.4,Pakistan,Saleem Elahi,Saeed Anwar,RJ van Vuuren,0,1,1,,,,,"",""
ball,1,9.5,Pakistan,Saleem Elahi,Saeed Anwar,RJ van Vuuren,4,0,,,,,,"",""
ball,1,9.6,Pakistan,Saleem Elahi,Saeed Anwar,RJ van Vuuren,2,0,,,,,,"",""
ball,1,9.7,Pakistan,Saleem Elahi,Saeed Anwar,RJ van Vuuren,0,0,,,,,,"",""
ball,1,10.1,Pakistan,Saeed Anwar,Saleem Elahi,BL Kotze,1,0,,,,,,"",""
ball,1,10.2,Pakistan,Saleem Elahi,Saeed Anwar,BL Kotze,0,0,,,,,,"",""
ball,1,10.3,Pakistan,Saleem Elahi,Saeed Anwar,BL Kotze,0,0,,,,,,"",""
ball,1,10.4,Pakistan,Saleem Elahi,Saeed Anwar,BL Kotze,0,0,,,,,,"",""
ball,1,10.5,Pakistan,Saleem Elahi,Saeed Anwar,BL Kotze,1,0,,,,,,"",""
ball,1,10.6,Pakistan,Saeed Anwar,Saleem Elahi,BL Kotze,0,0,,,,,,"",""
ball,1,11.1,Pakistan,Saleem Elahi,Saeed Anwar,RJ van Vuuren,0,0,,,,,,"",""
ball,1,11.2,Pakistan,Saleem Elahi,Saeed Anwar,RJ van Vuuren,0,0,,,,,,"",""
ball,1,11.3,Pakistan,Saleem Elahi,Saeed Anwar,RJ van Vuuren,1,0,,,,,,"",""
ball,1,11.4,Pakistan,Saeed Anwar,Saleem Elahi,RJ van Vuuren,0,0,,,,,,"",""
ball,1,11.5,Pakistan,Saeed Anwar,Saleem Elahi,RJ van Vuuren,0,0,,,,,,"",""
ball,1,11.6,Pakistan,Saeed Anwar,Saleem Elahi,RJ van Vuuren,1,0,,,,,,"",""
ball,1,12.1,Pakistan,Saeed Anwar,Saleem Elahi,BL Kotze,0,0,,,,,,"",""
ball,1,12.2,Pakistan,Saeed Anwar,Saleem Elahi,BL Kotze,0,0,,,,,,caught,Saeed Anwar
ball,1,12.3,Pakistan,Younis Khan,Saleem Elahi,BL Kotze,0,4,,,,4,,"",""
ball,1,12.4,Pakistan,Younis Khan,Saleem Elahi,BL Kotze,0,0,,,,,,"",""
ball,1,12.5,Pakistan,Younis Khan,Saleem Elahi,BL Kotze,0,0,,,,,,"",""
ball,1,12.6,Pakistan,Younis Khan,Saleem Elahi,BL Kotze,0,0,,,,,,"",""
ball,1,13.1,Pakistan,Saleem Elahi,Younis Khan,LJ Burger,2,0,,,,,,"",""
ball,1,13.2,Pakistan,Saleem Elahi,Younis Khan,LJ Burger,0,0,,,,,,"",""
ball,1,13.3,Pakistan,Saleem Elahi,Younis Khan,LJ Burger,1,0,,,,,,"",""
ball,1,13.4,Pakistan,Younis Khan,Saleem Elahi,LJ Burger,0,0,,,,,,"",""
ball,1,13.5,Pakistan,Younis Khan,Saleem Elahi,LJ Burger,1,0,,,,,,"",""
ball,1,13.6,Pakistan,Saleem Elahi,Younis Khan,LJ Burger,1,0,,,,,,"",""
ball,1,14.1,Pakistan,Saleem Elahi,Younis Khan,BL Kotze,1,0,,,,,,"",""
ball,1,14.2,Pakistan,Younis Khan,Saleem Elahi,BL Kotze,2,0,,,,,,"",""
ball,1,14.3,Pakistan,Younis Khan,Saleem Elahi,BL Kotze,0,0,,,,,,"",""
ball,1,14.4,Pakistan,Younis Khan,Saleem Elahi,BL Kotze,0,0,,,,,,"",""
ball,1,14.5,Pakistan,Younis Khan,Saleem Elahi,BL Kotze,0,0,,,,,,"",""
ball,1,14.6,Pakistan,Younis Khan,Saleem Elahi,BL Kotze,0,1,1,,,,,"",""
ball,1,14.7,Pakistan,Younis Khan,Saleem Elahi,BL Kotze,0,0,,,,,,"",""
ball,1,15.1,Pakistan,Saleem Elahi,Younis Khan,LJ Burger,0,0,,,,,,"",""
ball,1,15.2,Pakistan,Saleem Elahi,Younis Khan,LJ Burger,0,0,,,,,,"",""
ball,1,15.3,Pakistan,Saleem Elahi,Younis Khan,LJ Burger,1,0,,,,,,"",""
ball,1,15.4,Pakistan,Younis Khan,Saleem Elahi,LJ Burger,2,0,,,,,,"",""
ball,1,15.5,Pakistan,Younis Khan,Saleem Elahi,LJ Burger,0,0,,,,,,"",""
ball,1,15.6,Pakistan,Younis Khan,Saleem Elahi,LJ Burger,0,0,,,,,,"",""
ball,1,16.1,Pakistan,Saleem Elahi,Younis Khan,BL Kotze,1,0,,,,,,"",""
ball,1,16.2,Pakistan,Younis Khan,Saleem Elahi,BL Kotze,0,0,,,,,,"",""
ball,1,16.3,Pakistan,Younis Khan,Saleem Elahi,BL Kotze,4,0,,,,,,"",""
ball,1,16.4,Pakistan,Younis Khan,Saleem Elahi,BL Kotze,1,0,,,,,,"",""
ball,1,16.5,Pakistan,Saleem Elahi,Younis Khan,BL Kotze,1,0,,,,,,"",""
ball,1,16.6,Pakistan,Younis Khan,Saleem Elahi,BL Kotze,2,0,,,,,,"",""
ball,1,17.1,Pakistan,Saleem Elahi,Younis Khan,LJ Burger,0,0,,,,,,"",""
ball,1,17.2,Pakistan,Saleem Elahi,Younis Khan,LJ Burger,0,0,,,,,,"",""
ball,1,17.3,Pakistan,Saleem Elahi,Younis Khan,LJ Burger,0,0,,,,,,"",""
ball,1,17.4,Pakistan,Saleem Elahi,Younis Khan,LJ Burger,1,0,,,,,,"",""
ball,1,17.5,Pakistan,Younis Khan,Saleem Elahi,LJ Burger,2,0,,,,,,"",""
ball,1,17.6,Pakistan,Younis Khan,Saleem Elahi,LJ Burger,1,0,,,,,,"",""
ball,1,18.1,Pakistan,Younis Khan,Saleem Elahi,BL Kotze,0,0,,,,,,"",""
ball,1,18.2,Pakistan,Younis Khan,Saleem Elahi,BL Kotze,2,0,,,,,,"",""
ball,1,18.3,Pakistan,Younis Khan,Saleem Elahi,BL Kotze,0,0,,,,,,"",""
ball,1,18.4,Pakistan,Younis Khan,Saleem Elahi,BL Kotze,0,0,,,,,,"",""
ball,1,18.5,Pakistan,Younis Khan,Saleem Elahi,BL Kotze,0,1,1,,,,,"",""
ball,1,18.6,Pakistan,Younis Khan,Saleem Elahi,BL Kotze,1,0,,,,,,"",""
ball,1,18.7,Pakistan,Saleem Elahi,Younis Khan,BL Kotze,1,0,,,,,,"",""
ball,1,19.1,Pakistan,Saleem Elahi,Younis Khan,LJ Burger,2,0,,,,,,"",""
ball,1,19.2,Pakistan,Saleem Elahi,Younis Khan,LJ Burger,0,1,1,,,,,"",""
ball,1,19.3,Pakistan,Saleem Elahi,Younis Khan,LJ Burger,0,0,,,,,,"",""
ball,1,19.4,Pakistan,Saleem Elahi,Younis Khan,LJ Burger,1,0,,,,,,"",""
ball,1,19.5,Pakistan,Younis Khan,Saleem Elahi,LJ Burger,2,0,,,,,,"",""
ball,1,19.6,Pakistan,Younis Khan,Saleem Elahi,LJ Burger,1,0,,,,,,"",""
ball,1,19.7,Pakistan,Saleem Elahi,Younis Khan,LJ Burger,0,0,,,,,,"",""
ball,1,20.1,Pakistan,Younis Khan,Saleem Elahi,BL Kotze,0,1,,,,1,,"",""
ball,1,20.2,Pakistan,Saleem Elahi,Younis Khan,BL Kotze,1,0,,,,,,"",""
ball,1,20.3,Pakistan,Younis Khan,Saleem Elahi,BL Kotze,1,0,,,,,,"",""
ball,1,20.4,Pakistan,Saleem Elahi,Younis Khan,BL Kotze,1,0,,,,,,"",""
ball,1,20.5,Pakistan,Younis Khan,Saleem Elahi,BL Kotze,0,0,,,,,,"",""
ball,1,20.6,Pakistan,Younis Khan,Saleem Elahi,BL Kotze,0,0,,,,,,"",""
ball,1,21.1,Pakistan,Saleem Elahi,Younis Khan,LJ Burger,0,0,,,,,,"",""
ball,1,21.2,Pakistan,Saleem Elahi,Younis Khan,LJ Burger,1,0,,,,,,"",""
ball,1,21.3,Pakistan,Younis Khan,Saleem Elahi,LJ Burger,0,0,,,,,,"",""
ball,1,21.4,Pakistan,Younis Khan,Saleem Elahi,LJ Burger,0,0,,,,,,"",""
ball,1,21.5,Pakistan,Younis Khan,Saleem Elahi,LJ Burger,1,0,,,,,,"",""
ball,1,21.6,Pakistan,Saleem Elahi,Younis Khan,LJ Burger,4,0,,,,,,"",""
ball,1,22.1,Pakistan,Younis Khan,Saleem Elahi,BL Kotze,4,0,,,,,,"",""
ball,1,22.2,Pakistan,Younis Khan,Saleem Elahi,BL Kotze,0,0,,,,,,"",""
ball,1,22.3,Pakistan,Younis Khan,Saleem Elahi,BL Kotze,1,0,,,,,,"",""
ball,1,22.4,Pakistan,Saleem Elahi,Younis Khan,BL Kotze,0,0,,,,,,"",""
ball,1,22.5,Pakistan,Saleem Elahi,Younis Khan,BL Kotze,1,0,,,,,,"",""
ball,1,22.6,Pakistan,Younis Khan,Saleem Elahi,BL Kotze,0,0,,,,,,"",""
ball,1,23.1,Pakistan,Saleem Elahi,Younis Khan,LJ Burger,0,0,,,,,,"",""
ball,1,23.2,Pakistan,Saleem Elahi,Younis Khan,LJ Burger,0,0,,,,,,"",""
ball,1,23.3,Pakistan,Saleem Elahi,Younis Khan,LJ Burger,1,0,,,,,,"",""
ball,1,23.4,Pakistan,Younis Khan,Saleem Elahi,LJ Burger,0,0,,,,,,caught,Younis Khan
ball,1,23.5,Pakistan,Inzamam-ul-Haq,Saleem Elahi,LJ Burger,0,0,,,,,,"",""
ball,1,23.6,Pakistan,Inzamam-ul-Haq,Saleem Elahi,LJ Burger,0,0,,,,,,"",""
ball,1,24.1,Pakistan,Saleem Elahi,Inzamam-ul-Haq,BL Kotze,0,0,,,,,,"",""
ball,1,24.2,Pakistan,Saleem Elahi,Inzamam-ul-Haq,BL Kotze,0,0,,,,,,"",""
ball,1,24.3,Pakistan,Saleem Elahi,Inzamam-ul-Haq,BL Kotze,4,0,,,,,,"",""
ball,1,24.4,Pakistan,Saleem Elahi,Inzamam-ul-Haq,BL Kotze,0,0,,,,,,"",""
ball,1,24.5,Pakistan,Saleem Elahi,Inzamam-ul-Haq,BL Kotze,0,0,,,,,,"",""
ball,1,24.6,Pakistan,Saleem Elahi,Inzamam-ul-Haq,BL Kotze,0,0,,,,,,"",""
ball,1,25.1,Pakistan,Inzamam-ul-Haq,Saleem Elahi,LJ Burger,0,0,,,,,,"",""
ball,1,25.2,Pakistan,Inzamam-ul-Haq,Saleem Elahi,LJ Burger,0,0,,,,,,"",""
ball,1,25.3,Pakistan,Inzamam-ul-Haq,Saleem Elahi,LJ Burger,0,0,,,,,,"",""
ball,1,25.4,Pakistan,Inzamam-ul-Haq,Saleem Elahi,LJ Burger,0,0,,,,,,"",""
ball,1,25.5,Pakistan,Inzamam-ul-Haq,Saleem Elahi,LJ Burger,1,0,,,,,,"",""
ball,1,25.6,Pakistan,Saleem Elahi,Inzamam-ul-Haq,LJ Burger,1,0,,,,,,"",""
ball,1,26.1,Pakistan,Saleem Elahi,Inzamam-ul-Haq,DB Kotze,0,0,,,,,,"",""
ball,1,26.2,Pakistan,Saleem Elahi,Inzamam-ul-Haq,DB Kotze,0,0,,,,,,"",""
ball,1,26.3,Pakistan,Saleem Elahi,Inzamam-ul-Haq,DB Kotze,0,0,,,,,,"",""
ball,1,26.4,Pakistan,Saleem Elahi,Inzamam-ul-Haq,DB Kotze,0,0,,,,,,"",""
ball,1,26.5,Pakistan,Saleem Elahi,Inzamam-ul-Haq,DB Kotze,1,0,,,,,,"",""
ball,1,26.6,Pakistan,Inzamam-ul-Haq,Saleem Elahi,DB Kotze,1,0,,,,,,"",""
ball,1,27.1,Pakistan,Inzamam-ul-Haq,Saleem Elahi,LJ Burger,1,0,,,,,,"",""
ball,1,27.2,Pakistan,Saleem Elahi,Inzamam-ul-Haq,LJ Burger,1,0,,,,,,"",""
ball,1,27.3,Pakistan,Inzamam-ul-Haq,Saleem Elahi,LJ Burger,0,0,,,,,,"",""
ball,1,27.4,Pakistan,Inzamam-ul-Haq,Saleem Elahi,LJ Burger,0,0,,,,,,"",""
ball,1,27.5,Pakistan,Inzamam-ul-Haq,Saleem Elahi,LJ Burger,0,0,,,,,,"",""
ball,1,27.6,Pakistan,Inzamam-ul-Haq,Saleem Elahi,LJ Burger,0,0,,,,,,"",""
ball,1,28.1,Pakistan,Saleem Elahi,Inzamam-ul-Haq,DB Kotze,1,0,,,,,,"",""
ball,1,28.2,Pakistan,Inzamam-ul-Haq,Saleem Elahi,DB Kotze,1,0,,,,,,"",""
ball,1,28.3,Pakistan,Saleem Elahi,Inzamam-ul-Haq,DB Kotze,1,0,,,,,,"",""
ball,1,28.4,Pakistan,Inzamam-ul-Haq,Saleem Elahi,DB Kotze,0,0,,,,,,bowled,Inzamam-ul-Haq
ball,1,28.5,Pakistan,Yousuf Youhana,Saleem Elahi,DB Kotze,1,0,,,,,,"",""
ball,1,28.6,Pakistan,Saleem Elahi,Yousuf Youhana,DB Kotze,0,0,,,,,,"",""
ball,1,29.1,Pakistan,Yousuf Youhana,Saleem Elahi,RJ van Vuuren,0,0,,,,,,"",""
ball,1,29.2,Pakistan,Yousuf Youhana,Saleem Elahi,RJ van Vuuren,0,0,,,,,,"",""
ball,1,29.3,Pakistan,Yousuf Youhana,Saleem Elahi,RJ van Vuuren,1,0,,,,,,"",""
ball,1,29.4,Pakistan,Saleem Elahi,Yousuf Youhana,RJ van Vuuren,0,0,,,,,,"",""
ball,1,29.5,Pakistan,Saleem Elahi,Yousuf Youhana,RJ van Vuuren,1,0,,,,,,"",""
ball,1,29.6,Pakistan,Yousuf Youhana,Saleem Elahi,RJ van Vuuren,2,0,,,,,,"",""
ball,1,30.1,Pakistan,Saleem Elahi,Yousuf Youhana,DB Kotze,1,0,,,,,,"",""
ball,1,30.2,Pakistan,Yousuf Youhana,Saleem Elahi,DB Kotze,1,0,,,,,,"",""
ball,1,30.3,Pakistan,Saleem Elahi,Yousuf Youhana,DB Kotze,0,0,,,,,,"",""
ball,1,30.4,Pakistan,Saleem Elahi,Yousuf Youhana,DB Kotze,0,0,,,,,,"",""
ball,1,30.5,Pakistan,Saleem Elahi,Yousuf Youhana,DB Kotze,1,0,,,,,,"",""
ball,1,30.6,Pakistan,Yousuf Youhana,Saleem Elahi,DB Kotze,1,0,,,,,,"",""
ball,1,31.1,Pakistan,Yousuf Youhana,Saleem Elahi,RJ van Vuuren,4,0,,,,,,"",""
ball,1,31.2,Pakistan,Yousuf Youhana,Saleem Elahi,RJ van Vuuren,1,0,,,,,,"",""
ball,1,31.3,Pakistan,Saleem Elahi,Yousuf Youhana,RJ van Vuuren,0,0,,,,,,"",""
ball,1,31.4,Pakistan,Saleem Elahi,Yousuf Youhana,RJ van Vuuren,1,0,,,,,,"",""
ball,1,31.5,Pakistan,Yousuf Youhana,Saleem Elahi,RJ van Vuuren,1,0,,,,,,"",""
ball,1,31.6,Pakistan,Saleem Elahi,Yousuf Youhana,RJ van Vuuren,4,0,,,,,,"",""
ball,1,32.1,Pakistan,Yousuf Youhana,Saleem Elahi,DB Kotze,1,0,,,,,,"",""
ball,1,32.2,Pakistan,Saleem Elahi,Yousuf Youhana,DB Kotze,1,0,,,,,,"",""
ball,1,32.3,Pakistan,Yousuf Youhana,Saleem Elahi,DB Kotze,0,0,,,,,,"",""
ball,1,32.4,Pakistan,Yousuf Youhana,Saleem Elahi,DB Kotze,0,0,,,,,,"",""
ball,1,32.5,Pakistan,Yousuf Youhana,Saleem Elahi,DB Kotze,1,0,,,,,,"",""
ball,1,32.6,Pakistan,Saleem Elahi,Yousuf Youhana,DB Kotze,2,0,,,,,,"",""
ball,1,33.1,Pakistan,Yousuf Youhana,Saleem Elahi,AJ Burger,0,0,,,,,,"",""
ball,1,33.2,Pakistan,Yousuf Youhana,Saleem Elahi,AJ Burger,1,0,,,,,,"",""
ball,1,33.3,Pakistan,Saleem Elahi,Yousuf Youhana,AJ Burger,3,0,,,,,,"",""
ball,1,33.4,Pakistan,Yousuf Youhana,Saleem Elahi,AJ Burger,1,0,,,,,,"",""
ball,1,33.5,Pakistan,Saleem Elahi,Yousuf Youhana,AJ Burger,1,0,,,,,,"",""
ball,1,33.6,Pakistan,Yousuf Youhana,Saleem Elahi,AJ Burger,0,0,,,,,,"",""
ball,1,34.1,Pakistan,Saleem Elahi,Yousuf Youhana,DB Kotze,1,0,,,,,,"",""
ball,1,34.2,Pakistan,Yousuf Youhana,Saleem Elahi,DB Kotze,0,0,,,,,,"",""
ball,1,34.3,Pakistan,Yousuf Youhana,Saleem Elahi,DB Kotze,0,0,,,,,,"",""
ball,1,34.4,Pakistan,Yousuf Youhana,Saleem Elahi,DB Kotze,0,0,,,,,,"",""
ball,1,34.5,Pakistan,Yousuf Youhana,Saleem Elahi,DB Kotze,0,0,,,,,,"",""
ball,1,34.6,Pakistan,Yousuf Youhana,Saleem Elahi,DB Kotze,0,0,,,,,,"",""
ball,1,35.1,Pakistan,Saleem Elahi,Yousuf Youhana,AJ Burger,0,0,,,,,,caught,Saleem Elahi
ball,1,35.2,Pakistan,Rashid Latif,Yousuf Youhana,AJ Burger,0,0,,,,,,"",""
ball,1,35.3,Pakistan,Rashid Latif,Yousuf Youhana,AJ Burger,0,0,,,,,,"",""
ball,1,35.4,Pakistan,Rashid Latif,Yousuf Youhana,AJ Burger,0,0,,,,,,"",""
ball,1,35.5,Pakistan,Rashid Latif,Yousuf Youhana,AJ Burger,1,0,,,,,,"",""
ball,1,35.6,Pakistan,Yousuf Youhana,Rashid Latif,AJ Burger,0,0,,,,,,"",""
ball,1,36.1,Pakistan,Rashid Latif,Yousuf Youhana,DB Kotze,1,0,,,,,,"",""
ball,1,36.2,Pakistan,Yousuf Youhana,Rashid Latif,DB Kotze,0,0,,,,,,"",""
ball,1,36.3,Pakistan,Yousuf Youhana,Rashid Latif,DB Kotze,0,0,,,,,,"",""
ball,1,36.4,Pakistan,Yousuf Youhana,Rashid Latif,DB Kotze,0,0,,,,,,"",""
ball,1,36.5,Pakistan,Yousuf Youhana,Rashid Latif,DB Kotze,1,0,,,,,,"",""
ball,1,36.6,Pakistan,Rashid Latif,Yousuf Youhana,DB Kotze,0,0,,,,,,"",""
ball,1,37.1,Pakistan,Yousuf Youhana,Rashid Latif,AJ Burger,1,0,,,,,,"",""
ball,1,37.2,Pakistan,Rashid Latif,Yousuf Youhana,AJ Burger,1,0,,,,,,"",""
ball,1,37.3,Pakistan,Yousuf Youhana,Rashid Latif,AJ Burger,0,0,,,,,,"",""
ball,1,37.4,Pakistan,Yousuf Youhana,Rashid Latif,AJ Burger,0,0,,,,,,"",""
ball,1,37.5,Pakistan,Yousuf Youhana,Rashid Latif,AJ Burger,2,0,,,,,,"",""
ball,1,37.6,Pakistan,Yousuf Youhana,Rashid Latif,AJ Burger,1,0,,,,,,"",""
ball,1,38.1,Pakistan,Yousuf Youhana,Rashid Latif,DB Kotze,0,0,,,,,,"",""
ball,1,38.2,Pakistan,Yousuf Youhana,Rashid Latif,DB Kotze,1,0,,,,,,"",""
ball,1,38.3,Pakistan,Rashid Latif,Yousuf Youhana,DB Kotze,2,0,,,,,,"",""
ball,1,38.4,Pakistan,Rashid Latif,Yousuf Youhana,DB Kotze,4,0,,,,,,"",""
ball,1,38.5,Pakistan,Rashid Latif,Yousuf Youhana,DB Kotze,1,0,,,,,,"",""
ball,1,38.6,Pakistan,Yousuf Youhana,Rashid Latif,DB Kotze,1,0,,,,,,"",""
ball,1,39.1,Pakistan,Yousuf Youhana,Rashid Latif,AJ Burger,0,0,,,,,,"",""
ball,1,39.2,Pakistan,Yousuf Youhana,Rashid Latif,AJ Burger,1,0,,,,,,"",""
ball,1,39.3,Pakistan,Rashid Latif,Yousuf Youhana,AJ Burger,0,0,,,,,,"",""
ball,1,39.4,Pakistan,Rashid Latif,Yousuf Youhana,AJ Burger,0,0,,,,,,"",""
ball,1,39.5,Pakistan,Rashid Latif,Yousuf Youhana,AJ Burger,1,0,,,,,,"",""
ball,1,39.6,Pakistan,Rashid Latif,Yousuf Youhana,AJ Burger,4,0,,,,,,"",""
ball,1,40.1,Pakistan,Yousuf Youhana,Rashid Latif,DB Kotze,1,0,,,,,,"",""
ball,1,40.2,Pakistan,Rashid Latif,Yousuf Youhana,DB Kotze,1,0,,,,,,"",""
ball,1,40.3,Pakistan,Yousuf Youhana,Rashid Latif,DB Kotze,1,0,,,,,,"",""
ball,1,40.4,Pakistan,Rashid Latif,Yousuf Youhana,DB Kotze,1,0,,,,,,"",""
ball,1,40.5,Pakistan,Yousuf Youhana,Rashid Latif,DB Kotze,0,0,,,,,,"",""
ball,1,40.6,Pakistan,Yousuf Youhana,Rashid Latif,DB Kotze,1,0,,,,,,"",""
ball,1,41.1,Pakistan,Yousuf Youhana,Rashid Latif,G Snyman,4,0,,,,,,"",""
ball,1,41.2,Pakistan,Yousuf Youhana,Rashid Latif,G Snyman,4,0,,,,,,"",""
ball,1,41.3,Pakistan,Yousuf Youhana,Rashid Latif,G Snyman,0,0,,,,,,"",""
ball,1,41.4,Pakistan,Yousuf Youhana,Rashid Latif,G Snyman,1,0,,,,,,"",""
ball,1,41.5,Pakistan,Rashid Latif,Yousuf Youhana,G Snyman,1,0,,,,,,"",""
ball,1,41.6,Pakistan,Yousuf Youhana,Rashid Latif,G Snyman,1,0,,,,,,"",""
ball,1,42.1,Pakistan,Yousuf Youhana,Rashid Latif,BL Kotze,1,0,,,,,,"",""
ball,1,42.2,Pakistan,Rashid Latif,Yousuf Youhana,BL Kotze,4,0,,,,,,"",""
ball,1,42.3,Pakistan,Rashid Latif,Yousuf Youhana,BL Kotze,2,0,,,,,,"",""
ball,1,42.4,Pakistan,Rashid Latif,Yousuf Youhana,BL Kotze,1,0,,,,,,"",""
ball,1,42.5,Pakistan,Yousuf Youhana,Rashid Latif,BL Kotze,1,0,,,,,,"",""
ball,1,42.6,Pakistan,Rashid Latif,Yousuf Youhana,BL Kotze,4,0,,,,,,"",""
ball,1,43.1,Pakistan,Yousuf Youhana,Rashid Latif,RJ van Vuuren,1,0,,,,,,"",""
ball,1,43.2,Pakistan,Yousuf Youhana,Rashid Latif,RJ van Vuuren,0,0,,,,,,"",""
ball,1,43.3,Pakistan,Yousuf Youhana,Rashid Latif,RJ van Vuuren,2,0,,,,,,"",""
ball,1,43.4,Pakistan,Yousuf Youhana,Rashid Latif,RJ van Vuuren,0,0,,,,,,"",""
ball,1,43.5,Pakistan,Yousuf Youhana,Rashid Latif,RJ van Vuuren,1,0,,,,,,"",""
ball,1,43.6,Pakistan,Rashid Latif,Yousuf Youhana,RJ van Vuuren,2,0,,,,,,"",""
ball,1,44.1,Pakistan,Yousuf Youhana,Rashid Latif,BL Kotze,0,0,,,,,,caught,Yousuf Youhana
ball,1,44.2,Pakistan,Rashid Latif,Wasim Akram,BL Kotze,1,0,,,,,,"",""
ball,1,44.3,Pakistan,Wasim Akram,Rashid Latif,BL Kotze,1,0,,,,,,"",""
ball,1,44.4,Pakistan,Rashid Latif,Wasim Akram,BL Kotze,1,0,,,,,,"",""
ball,1,44.5,Pakistan,Wasim Akram,Rashid Latif,BL Kotze,0,1,1,,,,,"",""
ball,1,44.6,Pakistan,Wasim Akram,Rashid Latif,BL Kotze,1,0,,,,,,"",""
ball,1,44.7,Pakistan,Rashid Latif,Wasim Akram,BL Kotze,0,0,,,,,,"",""
ball,1,45.1,Pakistan,Wasim Akram,Rashid Latif,RJ van Vuuren,1,0,,,,,,"",""
ball,1,45.2,Pakistan,Rashid Latif,Wasim Akram,RJ van Vuuren,0,0,,,,,,"",""
ball,1,45.3,Pakistan,Rashid Latif,Wasim Akram,RJ van Vuuren,0,0,,,,,,"",""
ball,1,45.4,Pakistan,Rashid Latif,Wasim Akram,RJ van Vuuren,1,0,,,,,,"",""
ball,1,45.5,Pakistan,Wasim Akram,Rashid Latif,RJ van Vuuren,4,0,,,,,,"",""
ball,1,45.6,Pakistan,Wasim Akram,Rashid Latif,RJ van Vuuren,1,0,,,,,,"",""
ball,1,46.1,Pakistan,Wasim Akram,Rashid Latif,G Snyman,1,0,,,,,,"",""
ball,1,46.2,Pakistan,Rashid Latif,Wasim Akram,G Snyman,2,0,,,,,,"",""
ball,1,46.3,Pakistan,Rashid Latif,Wasim Akram,G Snyman,0,0,,,,,,bowled,Rashid Latif
ball,1,46.4,Pakistan,Abdul Razzaq,Wasim Akram,G Snyman,4,0,,,,,,"",""
ball,1,46.5,Pakistan,Abdul Razzaq,Wasim Akram,G Snyman,0,0,,,,,,caught,Abdul Razzaq
ball,1,46.6,Pakistan,Waqar Younis,Wasim Akram,G Snyman,1,0,,,,,,"",""
ball,1,47.1,Pakistan,Waqar Younis,Wasim Akram,LJ Burger,0,0,,,,,,"",""
ball,1,47.2,Pakistan,Waqar Younis,Wasim Akram,LJ Burger,1,0,,,,,,"",""
ball,1,47.3,Pakistan,Wasim Akram,Waqar Younis,LJ Burger,0,1,1,,,,,"",""
ball,1,47.4,Pakistan,Wasim Akram,Waqar Younis,LJ Burger,4,0,,,,,,"",""
ball,1,47.5,Pakistan,Wasim Akram,Waqar Younis,LJ Burger,0,0,,,,,,"",""
ball,1,47.6,Pakistan,Wasim Akram,Waqar Younis,LJ Burger,4,0,,,,,,"",""
ball,1,47.7,Pakistan,Wasim Akram,Waqar Younis,LJ Burger,0,0,,,,,,"",""
ball,1,48.1,Pakistan,Waqar Younis,Wasim Akram,G Snyman,2,0,,,,,,"",""
ball,1,48.2,Pakistan,Waqar Younis,Wasim Akram,G Snyman,0,1,,,,1,,"",""
ball,1,48.3,Pakistan,Wasim Akram,Waqar Younis,G Snyman,1,0,,,,,,"",""
ball,1,48.4,Pakistan,Waqar Younis,Wasim Akram,G Snyman,0,1,1,,,,,"",""
ball,1,48.5,Pakistan,Waqar Younis,Wasim Akram,G Snyman,4,0,,,,,,"",""
ball,1,48.6,Pakistan,Waqar Younis,Wasim Akram,G Snyman,0,0,,,,,,run out,Waqar Younis
ball,1,48.7,Pakistan,Saqlain Mushtaq,Wasim Akram,G Snyman,1,0,,,,,,run out,Saqlain Mushtaq
ball,1,49.1,Pakistan,Wasim Akram,Shoaib Akhtar,LJ Burger,1,0,,,,,,"",""
ball,1,49.2,Pakistan,Shoaib Akhtar,Wasim Akram,LJ Burger,0,1,,,,1,,"",""
ball,1,49.3,Pakistan,Wasim Akram,Shoaib Akhtar,LJ Burger,1,0,,,,,,"",""
ball,1,49.4,Pakistan,Shoaib Akhtar,Wasim Akram,LJ Burger,2,0,,,,,,"",""
ball,1,49.5,Pakistan,Shoaib Akhtar,Wasim Akram,LJ Burger,1,0,,,,,,"",""
ball,1,49.6,Pakistan,Wasim Akram,Shoaib Akhtar,LJ Burger,0,1,,,,1,,"",""
ball,2,0.1,Namibia,R Walters,SJ Swanepoel,Wasim Akram,0,0,,,,,,"",""
ball,2,0.2,Namibia,R Walters,SJ Swanepoel,Wasim Akram,0,1,1,,,,,"",""
ball,2,0.3,Namibia,R Walters,SJ Swanepoel,Wasim Akram,0,0,,,,,,"",""
ball,2,0.4,Namibia,R Walters,SJ Swanepoel,Wasim Akram,0,0,,,,,,"",""
ball,2,0.5,Namibia,R Walters,SJ Swanepoel,Wasim Akram,0,0,,,,,,caught,R Walters
ball,2,0.6,Namibia,AJ Burger,SJ Swanepoel,Wasim Akram,1,0,,,,,,"",""
ball,2,0.7,Namibia,SJ Swanepoel,AJ Burger,Wasim Akram,1,0,,,,,,"",""
ball,2,1.1,Namibia,SJ Swanepoel,AJ Burger,Shoaib Akhtar,0,0,,,,,,caught,SJ Swanepoel
ball,2,1.2,Namibia,D Keulder,AJ Burger,Shoaib Akhtar,0,0,,,,,,"",""
ball,2,1.3,Namibia,D Keulder,AJ Burger,Shoaib Akhtar,0,0,,,,,,bowled,D Keulder
ball,2,1.4,Namibia,GB Murgatroyd,AJ Burger,Shoaib Akhtar,0,1,1,,,,,"",""
ball,2,1.5,Namibia,GB Murgatroyd,AJ Burger,Shoaib Akhtar,4,0,,,,,,"",""
ball,2,1.6,Namibia,GB Murgatroyd,AJ Burger,Shoaib Akhtar,0,2,,,,2,,"",""
ball,2,1.7,Namibia,GB Murgatroyd,AJ Burger,Shoaib Akhtar,0,0,,,,,,"",""
ball,2,2.1,Namibia,AJ Burger,GB Murgatroyd,Wasim Akram,0,1,1,,,,,"",""
ball,2,2.2,Namibia,AJ Burger,GB Murgatroyd,Wasim Akram,4,0,,,,,,"",""
ball,2,2.3,Namibia,AJ Burger,GB Murgatroyd,Wasim Akram,0,0,,,,,,"",""
ball,2,2.4,Namibia,AJ Burger,GB Murgatroyd,Wasim Akram,0,0,,,,,,"",""
ball,2,2.5,Namibia,AJ Burger,GB Murgatroyd,Wasim Akram,0,1,,1,,,,"",""
ball,2,2.6,Namibia,AJ Burger,GB Murgatroyd,Wasim Akram,1,0,,,,,,"",""
ball,2,2.7,Namibia,GB Murgatroyd,AJ Burger,Wasim Akram,0,0,,,,,,lbw,GB Murgatroyd
ball,2,2.8,Namibia,LJ Burger,AJ Burger,Wasim Akram,0,0,,,,,,lbw,LJ Burger
ball,2,3.1,Namibia,AJ Burger,DB Kotze,Shoaib Akhtar,3,0,,,,,,"",""
ball,2,3.2,Namibia,DB Kotze,AJ Burger,Shoaib Akhtar,0,1,,,,1,,"",""
ball,2,3.3,Namibia,AJ Burger,DB Kotze,Shoaib Akhtar,2,0,,,,,,"",""
ball,2,3.4,Namibia,AJ Burger,DB Kotze,Shoaib Akhtar,2,0,,,,,,"",""
ball,2,3.5,Namibia,AJ Burger,DB Kotze,Shoaib Akhtar,0,0,,,,,,"",""
ball,2,3.6,Namibia,AJ Burger,DB Kotze,Shoaib Akhtar,0,0,,,,,,"",""
ball,2,4.1,Namibia,DB Kotze,AJ Burger,Wasim Akram,0,0,,,,,,"",""
ball,2,4.2,Namibia,DB Kotze,AJ Burger,Wasim Akram,0,1,,1,,,,"",""
ball,2,4.3,Namibia,DB Kotze,AJ Burger,Wasim Akram,1,0,,,,,,"",""
ball,2,4.4,Namibia,AJ Burger,DB Kotze,Wasim Akram,0,0,,,,,,"",""
ball,2,4.5,Namibia,AJ Burger,DB Kotze,Wasim Akram,0,0,,,,,,"",""
ball,2,4.6,Namibia,AJ Burger,DB Kotze,Wasim Akram,0,4,,,,4,,"",""
ball,2,5.1,Namibia,DB Kotze,AJ Burger,Shoaib Akhtar,0,0,,,,,,"",""
ball,2,5.2,Namibia,DB Kotze,AJ Burger,Shoaib Akhtar,0,0,,,,,,"",""
ball,2,5.3,Namibia,DB Kotze,AJ Burger,Shoaib Akhtar,0,0,,,,,,"",""
ball,2,5.4,Namibia,DB Kotze,AJ Burger,Shoaib Akhtar,0,0,,,,,,"",""
ball,2,5.5,Namibia,DB Kotze,AJ Burger,Shoaib Akhtar,0,0,,,,,,"",""
ball,2,5.6,Namibia,DB Kotze,AJ Burger,Shoaib Akhtar,0,0,,,,,,"",""
ball,2,6.1,Namibia,AJ Burger,DB Kotze,Wasim Akram,0,0,,,,,,"",""
ball,2,6.2,Namibia,AJ Burger,DB Kotze,Wasim Akram,1,0,,,,,,"",""
ball,2,6.3,Namibia,DB Kotze,AJ Burger,Wasim Akram,0,0,,,,,,"",""
ball,2,6.4,Namibia,DB Kotze,AJ Burger,Wasim Akram,0,0,,,,,,"",""
ball,2,6.5,Namibia,DB Kotze,AJ Burger,Wasim Akram,0,0,,,,,,"",""
ball,2,6.6,Namibia,DB Kotze,AJ Burger,Wasim Akram,0,0,,,,,,"",""
ball,2,7.1,Namibia,AJ Burger,DB Kotze,Shoaib Akhtar,0,0,,,,,,"",""
ball,2,7.2,Namibia,AJ Burger,DB Kotze,Shoaib Akhtar,0,0,,,,,,caught,AJ Burger
ball,2,7.3,Namibia,G Snyman,DB Kotze,Shoaib Akhtar,0,0,,,,,,lbw,G Snyman
ball,2,7.4,Namibia,M van Schoor,DB Kotze,Shoaib Akhtar,2,0,,,,,,"",""
ball,2,7.5,Namibia,M van Schoor,DB Kotze,Shoaib Akhtar,0,0,,,,,,"",""
ball,2,7.6,Namibia,M van Schoor,DB Kotze,Shoaib Akhtar,0,0,,,,,,"",""
ball,2,8.1,Namibia,DB Kotze,M van Schoor,Wasim Akram,1,0,,,,,,"",""
ball,2,8.2,Namibia,M van Schoor,DB Kotze,Wasim Akram,0,0,,,,,,lbw,M van Schoor
ball,2,8.3,Namibia,BL Kotze,DB Kotze,Wasim Akram,0,0,,,,,,"",""
ball,2,8.4,Namibia,BL Kotze,DB Kotze,Wasim Akram,0,0,,,,,,"",""
ball,2,8.5,Namibia,BL Kotze,DB Kotze,Wasim Akram,0,0,,,,,,"",""
ball,2,8.6,Namibia,BL Kotze,DB Kotze,Wasim Akram,0,0,,,,,,"",""
ball,2,9.1,Namibia,DB Kotze,BL Kotze,Shoaib Akhtar,2,0,,,,,,"",""
ball,2,9.2,Namibia,DB Kotze,BL Kotze,Shoaib Akhtar,0,0,,,,,,"",""
ball,2,9.3,Namibia,DB Kotze,BL Kotze,Shoaib Akhtar,0,0,,,,,,"",""
ball,2,9.4,Namibia,DB Kotze,BL Kotze,Shoaib Akhtar,0,0,,,,,,"",""
ball,2,9.5,Namibia,DB Kotze,BL Kotze,Shoaib Akhtar,0,0,,,,,,"",""
ball,2,9.6,Namibia,DB Kotze,BL Kotze,Shoaib Akhtar,2,0,,,,,,"",""
ball,2,10.1,Namibia,BL Kotze,DB Kotze,Wasim Akram,0,0,,,,,,"",""
ball,2,10.2,Namibia,BL Kotze,DB Kotze,Wasim Akram,0,1,,,,1,,"",""
ball,2,10.3,Namibia,DB Kotze,BL Kotze,Wasim Akram,0,0,,,,,,"",""
ball,2,10.4,Namibia,DB Kotze,BL Kotze,Wasim Akram,2,0,,,,,,"",""
ball,2,10.5,Namibia,DB Kotze,BL Kotze,Wasim Akram,0,0,,,,,,"",""
ball,2,10.6,Namibia,DB Kotze,BL Kotze,Wasim Akram,0,0,,,,,,lbw,DB Kotze
ball,2,11.1,Namibia,BL Kotze,RJ van Vuuren,Shoaib Akhtar,1,0,,,,,,"",""
ball,2,11.2,Namibia,RJ van Vuuren,BL Kotze,Shoaib Akhtar,0,0,,,,,,"",""
ball,2,11.3,Namibia,RJ van Vuuren,BL Kotze,Shoaib Akhtar,0,0,,,,,,"",""
ball,2,11.4,Namibia,RJ van Vuuren,BL Kotze,Shoaib Akhtar,1,0,,,,,,"",""
ball,2,11.5,Namibia,BL Kotze,RJ van Vuuren,Shoaib Akhtar,0,0,,,,,,"",""
ball,2,11.6,Namibia,BL Kotze,RJ van Vuuren,Shoaib Akhtar,0,0,,,,,,"",""
ball,2,12.1,Namibia,RJ van Vuuren,BL Kotze,Wasim Akram,0,0,,,,,,"",""
ball,2,12.2,Namibia,RJ van Vuuren,BL Kotze,Wasim Akram,0,0,,,,,,"",""
ball,2,12.3,Namibia,RJ van Vuuren,BL Kotze,Wasim Akram,0,0,,,,,,"",""
ball,2,12.4,Namibia,RJ van Vuuren,BL Kotze,Wasim Akram,0,0,,,,,,"",""
ball,2,12.5,Namibia,RJ van Vuuren,BL Kotze,Wasim Akram,0,0,,,,,,"",""
ball,2,12.6,Namibia,RJ van Vuuren,BL Kotze,Wasim Akram,0,0,,,,,,"",""
ball,2,13.1,Namibia,BL Kotze,RJ van Vuuren,Shoaib Akhtar,1,0,,,,,,"",""
ball,2,13.2,Namibia,RJ van Vuuren,BL Kotze,Shoaib Akhtar,4,0,,,,,,"",""
ball,2,13.3,Namibia,RJ van Vuuren,BL Kotze,Shoaib Akhtar,3,0,,,,,,"",""
ball,2,13.4,Namibia,BL Kotze,RJ van Vuuren,Shoaib Akhtar,0,0,,,,,,"",""
ball,2,13.5,Namibia,BL Kotze,RJ van Vuuren,Shoaib Akhtar,2,0,,,,,,"",""
ball,2,13.6,Namibia,BL Kotze,RJ van Vuuren,Shoaib Akhtar,0,1,,1,,,,"",""
ball,2,13.7,Namibia,BL Kotze,RJ van Vuuren,Shoaib Akhtar,2,0,,,,,,"",""
ball,2,14.1,Namibia,RJ van Vuuren,BL Kotze,Wasim Akram,0,0,,,,,,"",""
ball,2,14.2,Namibia,RJ van Vuuren,BL Kotze,Wasim Akram,1,0,,,,,,"",""
ball,2,14.3,Namibia,BL Kotze,RJ van Vuuren,Wasim Akram,0,0,,,,,,"",""
ball,2,14.4,Namibia,BL Kotze,RJ van Vuuren,Wasim Akram,0,1,,,,1,,"",""
ball,2,14.5,Namibia,RJ van Vuuren,BL Kotze,Wasim Akram,1,0,,,,,,"",""
ball,2,14.6,Namibia,BL Kotze,RJ van Vuuren,Wasim Akram,1,0,,,,,,"",""
ball,2,15.1,Namibia,BL Kotze,RJ van Vuuren,Shoaib Akhtar,0,1,1,,,,,"",""
ball,2,15.2,Namibia,BL Kotze,RJ van Vuuren,Shoaib Akhtar,0,0,,,,,,"",""
ball,2,15.3,Namibia,BL Kotze,RJ van Vuuren,Shoaib Akhtar,4,0,,,,,,"",""
ball,2,15.4,Namibia,BL Kotze,RJ van Vuuren,Shoaib Akhtar,2,1,,1,,,,"",""
ball,2,15.5,Namibia,BL Kotze,RJ van Vuuren,Shoaib Akhtar,0,0,,,,,,"",""
ball,2,15.6,Namibia,BL Kotze,RJ van Vuuren,Shoaib Akhtar,4,0,,,,,,"",""
ball,2,15.7,Namibia,BL Kotze,RJ van Vuuren,Shoaib Akhtar,0,0,,,,,,"",""
ball,2,15.8,Namibia,BL Kotze,RJ van Vuuren,Shoaib Akhtar,1,0,,,,,,"",""
ball,2,16.1,Namibia,BL Kotze,RJ van Vuuren,Wasim Akram,0,0,,,,,,"",""
ball,2,16.2,Namibia,BL Kotze,RJ van Vuuren,Wasim Akram,0,0,,,,,,"",""
ball,2,16.3,Namibia,BL Kotze,RJ van Vuuren,Wasim Akram,4,0,,,,,,"",""
ball,2,16.4,Namibia,BL Kotze,RJ van Vuuren,Wasim Akram,1,0,,,,,,"",""
ball,2,16.5,Namibia,RJ van Vuuren,BL Kotze,Wasim Akram,4,0,,,,,,"",""
ball,2,16.6,Namibia,RJ van Vuuren,BL Kotze,Wasim Akram,0,0,,,,,,"",""
ball,2,17.1,Namibia,BL Kotze,RJ van Vuuren,Saqlain Mushtaq,1,0,,,,,,"",""
ball,2,17.2,Namibia,RJ van Vuuren,BL Kotze,Saqlain Mushtaq,0,0,,,,,,"",""
ball,2,17.3,Namibia,RJ van Vuuren,BL Kotze,Saqlain Mushtaq,0,0,,,,,,"",""
ball,2,17.4,Namibia,RJ van Vuuren,BL Kotze,Saqlain Mushtaq,0,0,,,,,,caught,RJ van Vuuren
