version,1.7.0
info,balls_per_over,6
info,team,New Zealand
info,team,West Indies
info,gender,male
info,season,2002/03
info,date,2003/02/13
info,event,ICC World Cup
info,match_number,9
info,venue,"St George's Park, Port Elizabeth"
info,city,Gqeberha
info,toss_winner,West Indies
info,toss_decision,field
info,player_of_match,AR Adams
info,umpire,DB Hair
info,umpire,RE Koertzen
info,tv_umpire,S Venkataraghavan
info,match_referee,MJ Procter
info,winner,New Zealand
info,winner_runs,20
info,player,New Zealand,SP Fleming
info,player,New Zealand,DL Vettori
info,player,New Zealand,NJ Astle
info,player,New Zealand,SB Styris
info,player,New Zealand,CL Cairns
info,player,New Zealand,L Vincent
info,player,New Zealand,CZ Harris
info,player,New Zealand,BB McCullum
info,player,New Zealand,AR Adams
info,player,New Zealand,JDP Oram
info,player,New Zealand,SE Bond
info,player,West Indies,CH Gayle
info,player,West Indies,WW Hinds
info,player,West Indies,BC Lara
info,player,West Indies,S Chanderpaul
info,player,West Indies,CL Hooper
info,player,West Indies,RR Sarwan
info,player,West Indies,RL Powell
info,player,West Indies,RD Jacobs
info,player,West Indies,VC Drakes
info,player,West Indies,NAM McLean
info,player,West Indies,M Dillon
info,registry,people,AR Adams,525c3f54
info,registry,people,BB McCullum,b8a55852
info,registry,people,BC Lara,d5403021
info,registry,people,CH Gayle,db584dad
info,registry,people,CL Cairns,0b130202
info,registry,people,CL Hooper,61dab16a
info,registry,people,CZ Harris,582e9baa
info,registry,people,DB Hair,492e1a8e
info,registry,people,DL Vettori,d7c6af50
info,registry,people,JDP Oram,3eac9d95
info,registry,people,L Vincent,2764133a
info,registry,people,M Dillon,5af87ad6
info,registry,people,MJ Procter,32e65048
info,registry,people,NAM McLean,174369f2
info,registry,people,NJ Astle,99639abf
info,registry,people,RD Jacobs,c1f9b051
info,registry,people,RE Koertzen,0265fab2
info,registry,people,RL Powell,33a50ecf
info,registry,people,RR Sarwan,36d33dd0
info,registry,people,S Chanderpaul,881a9bdd
info,registry,people,S Venkataraghavan,12453319
info,registry,people,SB Styris,57efa3be
info,registry,people,SE Bond,4f629497
info,registry,people,SP Fleming,eea6b7f1
info,registry,people,VC Drakes,b16b5eea
info,registry,people,WW Hinds,60beb01b
ball,1,0.1,New Zealand,SP Fleming,DL Vettori,M Dillon,0,0,,,,,,"",""
ball,1,0.2,New Zealand,SP Fleming,DL Vettori,M Dillon,0,0,,,,,,"",""
ball,1,0.3,New Zealand,SP Fleming,DL Vettori,M Dillon,0,0,,,,,,"",""
ball,1,0.4,New Zealand,SP Fleming,DL Vettori,M Dillon,0,0,,,,,,"",""
ball,1,0.5,New Zealand,SP Fleming,DL Vettori,M Dillon,0,0,,,,,,"",""
ball,1,0.6,New Zealand,SP Fleming,DL Vettori,M Dillon,0,0,,,,,,"",""
ball,1,1.1,New Zealand,DL Vettori,SP Fleming,NAM McLean,0,1,1,,,,,"",""
ball,1,1.2,New Zealand,DL Vettori,SP Fleming,NAM McLean,0,0,,,,,,"",""
ball,1,1.3,New Zealand,DL Vettori,SP Fleming,NAM McLean,1,0,,,,,,"",""
ball,1,1.4,New Zealand,SP Fleming,DL Vettori,NAM McLean,0,0,,,,,,"",""
ball,1,1.5,New Zealand,SP Fleming,DL Vettori,NAM McLean,1,0,,,,,,"",""
ball,1,1.6,New Zealand,DL Vettori,SP Fleming,NAM McLean,0,0,,,,,,"",""
ball,1,1.7,New Zealand,DL Vettori,SP Fleming,NAM McLean,0,1,,,,1,,"",""
ball,1,2.1,New Zealand,DL Vettori,SP Fleming,M Dillon,0,0,,,,,,"",""
ball,1,2.2,New Zealand,DL Vettori,SP Fleming,M Dillon,0,0,,,,,,"",""
ball,1,2.3,New Zealand,DL Vettori,SP Fleming,M Dillon,0,0,,,,,,"",""
ball,1,2.4,New Zealand,DL Vettori,SP Fleming,M Dillon,0,1,,,,1,,"",""
ball,1,2.5,New Zealand,SP Fleming,DL Vettori,M Dillon,0,0,,,,,,"",""
ball,1,2.6,New Zealand,SP Fleming,DL Vettori,M Dillon,4,0,,,,,,"",""
ball,1,3.1,New Zealand,DL Vettori,SP Fleming,NAM McLean,0,0,,,,,,"",""
ball,1,3.2,New Zealand,DL Vettori,SP Fleming,NAM McLean,0,0,,,,,,"",""
ball,1,3.3,New Zealand,DL Vettori,SP Fleming,NAM McLean,4,0,,,,,,"",""
ball,1,3.4,New Zealand,DL Vettori,SP Fleming,NAM McLean,4,0,,,,,,"",""
ball,1,3.5,New Zealand,DL Vettori,SP Fleming,NAM McLean,0,0,,,,,,"",""
ball,1,3.6,New Zealand,DL Vettori,SP Fleming,NAM McLean,0,0,,,,,,"",""
ball,1,4.1,New Zealand,SP Fleming,DL Vettori,M Dillon,0,0,,,,,,"",""
ball,1,4.2,New Zealand,SP Fleming,DL Vettori,M Dillon,0,0,,,,,,"",""
ball,1,4.3,New Zealand,SP Fleming,DL Vettori,M Dillon,0,0,,,,,,"",""
ball,1,4.4,New Zealand,SP Fleming,DL Vettori,M Dillon,0,0,,,,,,"",""
ball,1,4.5,New Zealand,SP Fleming,DL Vettori,M Dillon,0,0,,,,,,"",""
ball,1,4.6,New Zealand,SP Fleming,DL Vettori,M Dillon,1,0,,,,,,"",""
ball,1,5.1,New Zealand,SP Fleming,DL Vettori,NAM McLean,4,0,,,,,,"",""
ball,1,5.2,New Zealand,SP Fleming,DL Vettori,NAM McLean,4,0,,,,,,"",""
ball,1,5.3,New Zealand,SP Fleming,DL Vettori,NAM McLean,1,0,,,,,,"",""
ball,1,5.4,New Zealand,DL Vettori,SP Fleming,NAM McLean,0,0,,,,,,"",""
ball,1,5.5,New Zealand,DL Vettori,SP Fleming,NAM McLean,0,4,,,,4,,"",""
ball,1,5.6,New Zealand,DL Vettori,SP Fleming,NAM McLean,0,0,,,,,,"",""
ball,1,6.1,New Zealand,SP Fleming,DL Vettori,M Dillon,0,1,1,,,,,"",""
ball,1,6.2,New Zealand,SP Fleming,DL Vettori,M Dillon,0,0,,,,,,"",""
ball,1,6.3,New Zealand,SP Fleming,DL Vettori,M Dillon,4,0,,,,,,"",""
ball,1,6.4,New Zealand,SP Fleming,DL Vettori,M Dillon,6,0,,,,,,"",""
ball,1,6.5,New Zealand,SP Fleming,DL Vettori,M Dillon,0,0,,,,,,"",""
ball,1,6.6,New Zealand,SP Fleming,DL Vettori,M Dillon,0,0,,,,,,"",""
ball,1,6.7,New Zealand,SP Fleming,DL Vettori,M Dillon,0,0,,,,,,caught and bowled,SP Fleming
ball,1,7.1,New Zealand,DL Vettori,NJ Astle,NAM McLean,1,0,,,,,,"",""
ball,1,7.2,New Zealand,NJ Astle,DL Vettori,NAM McLean,0,0,,,,,,"",""
ball,1,7.3,New Zealand,NJ Astle,DL Vettori,NAM McLean,0,0,,,,,,"",""
ball,1,7.4,New Zealand,NJ Astle,DL Vettori,NAM McLean,0,0,,,,,,"",""
ball,1,7.5,New Zealand,NJ Astle,DL Vettori,NAM McLean,0,0,,,,,,"",""
ball,1,7.6,New Zealand,NJ Astle,DL Vettori,NAM McLean,1,0,,,,,,"",""
ball,1,8.1,New Zealand,NJ Astle,DL Vettori,M Dillon,1,0,,,,,,"",""
ball,1,8.2,New Zealand,DL Vettori,NJ Astle,M Dillon,1,0,,,,,,"",""
ball,1,8.3,New Zealand,NJ Astle,DL Vettori,M Dillon,0,0,,,,,,"",""
ball,1,8.4,New Zealand,NJ Astle,DL Vettori,M Dillon,0,0,,,,,,"",""
ball,1,8.5,New Zealand,NJ Astle,DL Vettori,M Dillon,0,0,,,,,,"",""
ball,1,8.6,New Zealand,NJ Astle,DL Vettori,M Dillon,1,0,,,,,,"",""
ball,1,9.1,New Zealand,NJ Astle,DL Vettori,NAM McLean,0,0,,,,,,"",""
ball,1,9.2,New Zealand,NJ Astle,DL Vettori,NAM McLean,0,0,,,,,,"",""
ball,1,9.3,New Zealand,NJ Astle,DL Vettori,NAM McLean,0,0,,,,,,"",""
ball,1,9.4,New Zealand,NJ Astle,DL Vettori,NAM McLean,4,0,,,,,,"",""
ball,1,9.5,New Zealand,NJ Astle,DL Vettori,NAM McLean,0,0,,,,,,"",""
ball,1,9.6,New Zealand,NJ Astle,DL Vettori,NAM McLean,4,0,,,,,,"",""
ball,1,10.1,New Zealand,DL Vettori,NJ Astle,M Dillon,1,0,,,,,,"",""
ball,1,10.2,New Zealand,NJ Astle,DL Vettori,M Dillon,0,0,,,,,,"",""
ball,1,10.3,New Zealand,NJ Astle,DL Vettori,M Dillon,0,0,,,,,,"",""
ball,1,10.4,New Zealand,NJ Astle,DL Vettori,M Dillon,0,0,,,,,,"",""
ball,1,10.5,New Zealand,NJ Astle,DL Vettori,M Dillon,0,0,,,,,,"",""
ball,1,10.6,New Zealand,NJ Astle,DL Vettori,M Dillon,0,0,,,,,,"",""
ball,1,11.1,New Zealand,DL Vettori,NJ Astle,VC Drakes,0,0,,,,,,"",""
ball,1,11.2,New Zealand,DL Vettori,NJ Astle,VC Drakes,1,0,,,,,,"",""
ball,1,11.3,New Zealand,NJ Astle,DL Vettori,VC Drakes,1,0,,,,,,"",""
ball,1,11.4,New Zealand,DL Vettori,NJ Astle,VC Drakes,0,0,,,,,,"",""
ball,1,11.5,New Zealand,DL Vettori,NJ Astle,VC Drakes,0,0,,,,,,"",""
ball,1,11.6,New Zealand,DL Vettori,NJ Astle,VC Drakes,0,0,,,,,,bowled,DL Vettori
ball,1,12.1,New Zealand,NJ Astle,SB Styris,M Dillon,0,0,,,,,,"",""
ball,1,12.2,New Zealand,NJ Astle,SB Styris,M Dillon,1,0,,,,,,"",""
ball,1,12.3,New Zealand,SB Styris,NJ Astle,M Dillon,0,0,,,,,,"",""
ball,1,12.4,New Zealand,SB Styris,NJ Astle,M Dillon,0,0,,,,,,"",""
ball,1,12.5,New Zealand,SB Styris,NJ Astle,M Dillon,0,0,,,,,,"",""
ball,1,12.6,New Zealand,SB Styris,NJ Astle,M Dillon,1,0,,,,,,"",""
ball,1,13.1,New Zealand,SB Styris,NJ Astle,VC Drakes,0,0,,,,,,"",""
ball,1,13.2,New Zealand,SB Styris,NJ Astle,VC Drakes,0,0,,,,,,"",""
ball,1,13.3,New Zealand,SB Styris,NJ Astle,VC Drakes,0,0,,,,,,"",""
ball,1,13.4,New Zealand,SB Styris,NJ Astle,VC Drakes,0,0,,,,,,"",""
ball,1,13.5,New Zealand,SB Styris,NJ Astle,VC Drakes,0,0,,,,,,"",""
ball,1,13.6,New Zealand,SB Styris,NJ Astle,VC Drakes,0,0,,,,,,"",""
ball,1,14.1,New Zealand,NJ Astle,SB Styris,WW Hinds,0,0,,,,,,"",""
ball,1,14.2,New Zealand,NJ Astle,SB Styris,WW Hinds,0,0,,,,,,"",""
ball,1,14.3,New Zealand,NJ Astle,SB Styris,WW Hinds,0,0,,,,,,"",""
ball,1,14.4,New Zealand,NJ Astle,SB Styris,WW Hinds,0,0,,,,,,"",""
ball,1,14.5,New Zealand,NJ Astle,SB Styris,WW Hinds,1,0,,,,,,"",""
ball,1,14.6,New Zealand,SB Styris,NJ Astle,WW Hinds,0,0,,,,,,"",""
ball,1,15.1,New Zealand,NJ Astle,SB Styris,VC Drakes,0,0,,,,,,"",""
ball,1,15.2,New Zealand,NJ Astle,SB Styris,VC Drakes,1,0,,,,,,"",""
ball,1,15.3,New Zealand,SB Styris,NJ Astle,VC Drakes,0,0,,,,,,"",""
ball,1,15.4,New Zealand,SB Styris,NJ Astle,VC Drakes,4,0,,,,,,"",""
ball,1,15.5,New Zealand,SB Styris,NJ Astle,VC Drakes,0,0,,,,,,"",""
ball,1,15.6,New Zealand,SB Styris,NJ Astle,VC Drakes,0,0,,,,,,caught,SB Styris
ball,1,16.1,New Zealand,NJ Astle,CL Cairns,WW Hinds,1,0,,,,,,"",""
ball,1,16.2,New Zealand,CL Cairns,NJ Astle,WW Hinds,0,0,,,,,,"",""
ball,1,16.3,New Zealand,CL Cairns,NJ Astle,WW Hinds,0,0,,,,,,"",""
ball,1,16.4,New Zealand,CL Cairns,NJ Astle,WW Hinds,0,0,,,,,,"",""
ball,1,16.5,New Zealand,CL Cairns,NJ Astle,WW Hinds,4,0,,,,,,"",""
ball,1,16.6,New Zealand,CL Cairns,NJ Astle,WW Hinds,1,0,,,,,,"",""
ball,1,17.1,New Zealand,CL Cairns,NJ Astle,VC Drakes,0,0,,,,,,"",""
ball,1,17.2,New Zealand,CL Cairns,NJ Astle,VC Drakes,0,0,,,,,,"",""
ball,1,17.3,New Zealand,CL Cairns,NJ Astle,VC Drakes,6,0,,,,,,"",""
ball,1,17.4,New Zealand,CL Cairns,NJ Astle,VC Drakes,4,0,,,,,,"",""
ball,1,17.5,New Zealand,CL Cairns,NJ Astle,VC Drakes,0,0,,,,,,"",""
ball,1,17.6,New Zealand,CL Cairns,NJ Astle,VC Drakes,0,0,,,,,,"",""
ball,1,18.1,New Zealand,NJ Astle,CL Cairns,WW Hinds,1,0,,,,,,"",""
ball,1,18.2,New Zealand,CL Cairns,NJ Astle,WW Hinds,2,0,,,,,,"",""
ball,1,18.3,New Zealand,CL Cairns,NJ Astle,WW Hinds,0,0,,,,,,"",""
ball,1,18.4,New Zealand,CL Cairns,NJ Astle,WW Hinds,1,0,,,,,,"",""
ball,1,18.5,New Zealand,NJ Astle,CL Cairns,WW Hinds,0,0,,,,,,"",""
ball,1,18.6,New Zealand,NJ Astle,CL Cairns,WW Hinds,1,0,,,,,,"",""
ball,1,19.1,New Zealand,NJ Astle,CL Cairns,VC Drakes,0,0,,,,,,"",""
ball,1,19.2,New Zealand,NJ Astle,CL Cairns,VC Drakes,0,0,,,,,,"",""
ball,1,19.3,New Zealand,NJ Astle,CL Cairns,VC Drakes,0,0,,,,,,"",""
ball,1,19.4,New Zealand,NJ Astle,CL Cairns,VC Drakes,2,0,,,,,,"",""
ball,1,19.5,New Zealand,NJ Astle,CL Cairns,VC Drakes,4,0,,,,,,"",""
ball,1,19.6,New Zealand,NJ Astle,CL Cairns,VC Drakes,0,0,,,,,,"",""
ball,1,20.1,New Zealand,CL Cairns,NJ Astle,WW Hinds,0,0,,,,,,"",""
ball,1,20.2,New Zealand,CL Cairns,NJ Astle,WW Hinds,1,0,,,,,,"",""
ball,1,20.3,New Zealand,NJ Astle,CL Cairns,WW Hinds,0,0,,,,,,"",""
ball,1,20.4,New Zealand,NJ Astle,CL Cairns,WW Hinds,0,0,,,,,,"",""
ball,1,20.5,New Zealand,NJ Astle,CL Cairns,WW Hinds,0,0,,,,,,"",""
ball,1,20.6,New Zealand,NJ Astle,CL Cairns,WW Hinds,0,0,,,,,,"",""
ball,1,21.1,New Zealand,CL Cairns,NJ Astle,VC Drakes,1,0,,,,,,"",""
ball,1,21.2,New Zealand,NJ Astle,CL Cairns,VC Drakes,0,0,,,,,,"",""
ball,1,21.3,New Zealand,NJ Astle,CL Cairns,VC Drakes,4,0,,,,,,"",""
ball,1,21.4,New Zealand,NJ Astle,CL Cairns,VC Drakes,1,0,,,,,,"",""
ball,1,21.5,New Zealand,CL Cairns,NJ Astle,VC Drakes,0,0,,,,,,"",""
ball,1,21.6,New Zealand,CL Cairns,NJ Astle,VC Drakes,1,0,,,,,,"",""
ball,1,22.1,New Zealand,CL Cairns,NJ Astle,WW Hinds,0,0,,,,,,"",""
ball,1,22.2,New Zealand,CL Cairns,NJ Astle,WW Hinds,0,0,,,,,,"",""
ball,1,22.3,New Zealand,CL Cairns,NJ Astle,WW Hinds,1,0,,,,,,"",""
ball,1,22.4,New Zealand,NJ Astle,CL Cairns,WW Hinds,1,0,,,,,,"",""
ball,1,22.5,New Zealand,CL Cairns,NJ Astle,WW Hinds,1,0,,,,,,"",""
ball,1,22.6,New Zealand,NJ Astle,CL Cairns,WW Hinds,0,0,,,,,,"",""
ball,1,23.1,New Zealand,CL Cairns,NJ Astle,CL Hooper,1,0,,,,,,"",""
ball,1,23.2,New Zealand,NJ Astle,CL Cairns,CL Hooper,1,0,,,,,,"",""
ball,1,23.3,New Zealand,CL Cairns,NJ Astle,CL Hooper,1,0,,,,,,"",""
ball,1,23.4,New Zealand,NJ Astle,CL Cairns,CL Hooper,0,0,,,,,,"",""
ball,1,23.5,New Zealand,NJ Astle,CL Cairns,CL Hooper,1,0,,,,,,"",""
ball,1,23.6,New Zealand,CL Cairns,NJ Astle,CL Hooper,0,0,,,,,,"",""
ball,1,24.1,New Zealand,NJ Astle,CL Cairns,WW Hinds,0,0,,,,,,"",""
ball,1,24.2,New Zealand,NJ Astle,CL Cairns,WW Hinds,1,0,,,,,,"",""
ball,1,24.3,New Zealand,CL Cairns,NJ Astle,WW Hinds,1,0,,,,,,"",""
ball,1,24.4,New Zealand,NJ Astle,CL Cairns,WW Hinds,0,0,,,,,,"",""
ball,1,24.5,New Zealand,NJ Astle,CL Cairns,WW Hinds,1,0,,,,,,"",""
ball,1,24.6,New Zealand,CL Cairns,NJ Astle,WW Hinds,0,0,,,,,,"",""
ball,1,25.1,New Zealand,NJ Astle,CL Cairns,CL Hooper,0,0,,,,,,"",""
ball,1,25.2,New Zealand,NJ Astle,CL Cairns,CL Hooper,0,0,,,,,,"",""
ball,1,25.3,New Zealand,NJ Astle,CL Cairns,CL Hooper,1,0,,,,,,"",""
ball,1,25.4,New Zealand,CL Cairns,NJ Astle,CL Hooper,1,0,,,,,,"",""
ball,1,25.5,New Zealand,NJ Astle,CL Cairns,CL Hooper,0,0,,,,,,"",""
ball,1,25.6,New Zealand,NJ Astle,CL Cairns,CL Hooper,4,0,,,,,,"",""
ball,1,26.1,New Zealand,CL Cairns,NJ Astle,WW Hinds,1,0,,,,,,"",""
ball,1,26.2,New Zealand,NJ Astle,CL Cairns,WW Hinds,0,0,,,,,,"",""
ball,1,26.3,New Zealand,NJ Astle,CL Cairns,WW Hinds,0,1,,,,1,,"",""
ball,1,26.4,New Zealand,CL Cairns,NJ Astle,WW Hinds,1,0,,,,,,"",""
ball,1,26.5,New Zealand,NJ Astle,CL Cairns,WW Hinds,4,0,,,,,,"",""
ball,1,26.6,New Zealand,NJ Astle,CL Cairns,WW Hinds,1,0,,,,,,"",""
ball,1,27.1,New Zealand,NJ Astle,CL Cairns,CL Hooper,0,0,,,,,,"",""
ball,1,27.2,New Zealand,NJ Astle,CL Cairns,CL Hooper,1,0,,,,,,"",""
ball,1,27.3,New Zealand,CL Cairns,NJ Astle,CL Hooper,1,0,,,,,,"",""
ball,1,27.4,New Zealand,NJ Astle,CL Cairns,CL Hooper,1,0,,,,,,"",""
ball,1,27.5,New Zealand,CL Cairns,NJ Astle,CL Hooper,0,0,,,,,,"",""
ball,1,27.6,New Zealand,CL Cairns,NJ Astle,CL Hooper,1,0,,,,,,"",""
ball,1,28.1,New Zealand,CL Cairns,NJ Astle,WW Hinds,0,1,,,,1,,"",""
ball,1,28.2,New Zealand,NJ Astle,CL Cairns,WW Hinds,0,0,,,,,,caught,NJ Astle
ball,1,28.3,New Zealand,L Vincent,CL Cairns,WW Hinds,0,0,,,,,,"",""
ball,1,28.4,New Zealand,L Vincent,CL Cairns,WW Hinds,0,0,,,,,,"",""
ball,1,28.5,New Zealand,L Vincent,CL Cairns,WW Hinds,1,0,,,,,,"",""
ball,1,28.6,New Zealand,CL Cairns,L Vincent,WW Hinds,1,0,,,,,,"",""
ball,1,29.1,New Zealand,CL Cairns,L Vincent,CL Hooper,1,0,,,,,,"",""
ball,1,29.2,New Zealand,L Vincent,CL Cairns,CL Hooper,1,0,,,,,,"",""
ball,1,29.3,New Zealand,CL Cairns,L Vincent,CL Hooper,1,0,,,,,,"",""
ball,1,29.4,New Zealand,L Vincent,CL Cairns,CL Hooper,1,0,,,,,,"",""
ball,1,29.5,New Zealand,CL Cairns,L Vincent,CL Hooper,0,0,,,,,,"",""
ball,1,29.6,New Zealand,CL Cairns,L Vincent,CL Hooper,0,0,,,,,,"",""
ball,1,30.1,New Zealand,L Vincent,CL Cairns,WW Hinds,1,0,,,,,,"",""
ball,1,30.2,New Zealand,CL Cairns,L Vincent,WW Hinds,1,0,,,,,,"",""
ball,1,30.3,New Zealand,L Vincent,CL Cairns,WW Hinds,1,0,,,,,,"",""
ball,1,30.4,New Zealand,CL Cairns,L Vincent,WW Hinds,0,0,,,,,,"",""
ball,1,30.5,New Zealand,CL Cairns,L Vincent,WW Hinds,2,0,,,,,,"",""
ball,1,30.6,New Zealand,CL Cairns,L Vincent,WW Hinds,0,0,,,,,,caught,CL Cairns
ball,1,31.1,New Zealand,CZ Harris,L Vincent,CL Hooper,0,0,,,,,,"",""
ball,1,31.2,New Zealand,CZ Harris,L Vincent,CL Hooper,0,0,,,,,,"",""
ball,1,31.3,New Zealand,CZ Harris,L Vincent,CL Hooper,1,0,,,,,,"",""
ball,1,31.4,New Zealand,L Vincent,CZ Harris,CL Hooper,0,0,,,,,,"",""
ball,1,31.5,New Zealand,L Vincent,CZ Harris,CL Hooper,4,0,,,,,,"",""
ball,1,31.6,New Zealand,L Vincent,CZ Harris,CL Hooper,0,0,,,,,,"",""
ball,1,32.1,New Zealand,CZ Harris,L Vincent,WW Hinds,1,0,,,,,,"",""
ball,1,32.2,New Zealand,L Vincent,CZ Harris,WW Hinds,0,0,,,,,,caught,L Vincent
ball,1,32.3,New Zealand,BB McCullum,CZ Harris,WW Hinds,0,0,,,,,,"",""
ball,1,32.4,New Zealand,BB McCullum,CZ Harris,WW Hinds,0,0,,,,,,"",""
ball,1,32.5,New Zealand,BB McCullum,CZ Harris,WW Hinds,0,0,,,,,,"",""
ball,1,32.6,New Zealand,BB McCullum,CZ Harris,WW Hinds,1,0,,,,,,"",""
ball,1,33.1,New Zealand,BB McCullum,CZ Harris,CL Hooper,0,0,,,,,,"",""
ball,1,33.2,New Zealand,BB McCullum,CZ Harris,CL Hooper,0,0,,,,,,"",""
ball,1,33.3,New Zealand,BB McCullum,CZ Harris,CL Hooper,1,0,,,,,,"",""
ball,1,33.4,New Zealand,CZ Harris,BB McCullum,CL Hooper,1,0,,,,,,"",""
ball,1,33.5,New Zealand,BB McCullum,CZ Harris,CL Hooper,0,0,,,,,,"",""
ball,1,33.6,New Zealand,BB McCullum,CZ Harris,CL Hooper,1,0,,,,,,"",""
ball,1,34.1,New Zealand,BB McCullum,CZ Harris,M Dillon,1,0,,,,,,"",""
ball,1,34.2,New Zealand,CZ Harris,BB McCullum,M Dillon,0,0,,,,,,"",""
ball,1,34.3,New Zealand,CZ Harris,BB McCullum,M Dillon,0,0,,,,,,"",""
ball,1,34.4,New Zealand,CZ Harris,BB McCullum,M Dillon,0,0,,,,,,"",""
ball,1,34.5,New Zealand,CZ Harris,BB McCullum,M Dillon,0,0,,,,,,"",""
ball,1,34.6,New Zealand,CZ Harris,BB McCullum,M Dillon,0,0,,,,,,"",""
ball,1,35.1,New Zealand,BB McCullum,CZ Harris,CL Hooper,0,0,,,,,,"",""
ball,1,35.2,New Zealand,BB McCullum,CZ Harris,CL Hooper,0,0,,,,,,"",""
ball,1,35.3,New Zealand,BB McCullum,CZ Harris,CL Hooper,1,0,,,,,,"",""
ball,1,35.4,New Zealand,CZ Harris,BB McCullum,CL Hooper,0,0,,,,,,"",""
ball,1,35.5,New Zealand,CZ Harris,BB McCullum,CL Hooper,0,0,,,,,,"",""
ball,1,35.6,New Zealand,CZ Harris,BB McCullum,CL Hooper,0,0,,,,,,"",""
ball,1,36.1,New Zealand,BB McCullum,CZ Harris,M Dillon,0,0,,,,,,"",""
ball,1,36.2,New Zealand,BB McCullum,CZ Harris,M Dillon,0,0,,,,,,"",""
ball,1,36.3,New Zealand,BB McCullum,CZ Harris,M Dillon,2,0,,,,,,"",""
ball,1,36.4,New Zealand,BB McCullum,CZ Harris,M Dillon,0,0,,,,,,"",""
ball,1,36.5,New Zealand,BB McCullum,CZ Harris,M Dillon,1,0,,,,,,"",""
ball,1,36.6,New Zealand,CZ Harris,BB McCullum,M Dillon,0,0,,,,,,"",""
ball,1,37.1,New Zealand,BB McCullum,CZ Harris,CL Hooper,1,0,,,,,,"",""
ball,1,37.2,New Zealand,CZ Harris,BB McCullum,CL Hooper,0,0,,,,,,"",""
ball,1,37.3,New Zealand,CZ Harris,BB McCullum,CL Hooper,1,0,,,,,,"",""
ball,1,37.4,New Zealand,BB McCullum,CZ Harris,CL Hooper,1,0,,,,,,"",""
ball,1,37.5,New Zealand,CZ Harris,BB McCullum,CL Hooper,1,0,,,,,,"",""
ball,1,37.6,New Zealand,BB McCullum,CZ Harris,CL Hooper,4,0,,,,,,"",""
ball,1,38.1,New Zealand,CZ Harris,BB McCullum,M Dillon,1,0,,,,,,"",""
ball,1,38.2,New Zealand,BB McCullum,CZ Harris,M Dillon,1,0,,,,,,"",""
ball,1,38.3,New Zealand,CZ Harris,BB McCullum,M Dillon,0,0,,,,,,"",""
ball,1,38.4,New Zealand,CZ Harris,BB McCullum,M Dillon,0,0,,,,,,"",""
ball,1,38.5,New Zealand,CZ Harris,BB McCullum,M Dillon,2,0,,,,,,"",""
ball,1,38.6,New Zealand,CZ Harris,BB McCullum,M Dillon,0,0,,,,,,"",""
ball,1,39.1,New Zealand,BB McCullum,CZ Harris,NAM McLean,1,0,,,,,,"",""
ball,1,39.2,New Zealand,CZ Harris,BB McCullum,NAM McLean,0,1,,,,1,,"",""
ball,1,39.3,New Zealand,BB McCullum,CZ Harris,NAM McLean,1,0,,,,,,"",""
ball,1,39.4,New Zealand,CZ Harris,BB McCullum,NAM McLean,1,0,,,,,,"",""
ball,1,39.5,New Zealand,BB McCullum,CZ Harris,NAM McLean,1,0,,,,,,"",""
ball,1,39.6,New Zealand,CZ Harris,BB McCullum,NAM McLean,4,0,,,,,,"",""
ball,1,40.1,New Zealand,BB McCullum,CZ Harris,VC Drakes,0,0,,,,,,"",""
ball,1,40.2,New Zealand,BB McCullum,CZ Harris,VC Drakes,0,0,,,,,,"",""
ball,1,40.3,New Zealand,BB McCullum,CZ Harris,VC Drakes,0,0,,,,,,"",""
ball,1,40.4,New Zealand,BB McCullum,CZ Harris,VC Drakes,0,0,,,,,,"",""
ball,1,40.5,New Zealand,BB McCullum,CZ Harris,VC Drakes,1,0,,,,,,"",""
ball,1,40.6,New Zealand,CZ Harris,BB McCullum,VC Drakes,1,0,,,,,,"",""
ball,1,41.1,New Zealand,CZ Harris,BB McCullum,CH Gayle,0,0,,,,,,"",""
ball,1,41.2,New Zealand,CZ Harris,BB McCullum,CH Gayle,0,0,,,,,,"",""
ball,1,41.3,New Zealand,CZ Harris,BB McCullum,CH Gayle,1,0,,,,,,"",""
ball,1,41.4,New Zealand,BB McCullum,CZ Harris,CH Gayle,1,0,,,,,,"",""
ball,1,41.5,New Zealand,CZ Harris,BB McCullum,CH Gayle,2,0,,,,,,"",""
ball,1,41.6,New Zealand,CZ Harris,BB McCullum,CH Gayle,0,1,1,,,,,"",""
ball,1,41.7,New Zealand,CZ Harris,BB McCullum,CH Gayle,0,0,,,,,,"",""
ball,1,42.1,New Zealand,BB McCullum,CZ Harris,VC Drakes,0,0,,,,,,"",""
ball,1,42.2,New Zealand,BB McCullum,CZ Harris,VC Drakes,1,0,,,,,,"",""
ball,1,42.3,New Zealand,CZ Harris,BB McCullum,VC Drakes,0,0,,,,,,"",""
ball,1,42.4,New Zealand,CZ Harris,BB McCullum,VC Drakes,1,0,,,,,,"",""
ball,1,42.5,New Zealand,BB McCullum,CZ Harris,VC Drakes,1,0,,,,,,"",""
ball,1,42.6,New Zealand,CZ Harris,BB McCullum,VC Drakes,1,0,,,,,,"",""
ball,1,43.1,New Zealand,CZ Harris,BB McCullum,CH Gayle,0,0,,,,,,bowled,CZ Harris
ball,1,43.2,New Zealand,AR Adams,BB McCullum,CH Gayle,0,0,,,,,,"",""
ball,1,43.3,New Zealand,AR Adams,BB McCullum,CH Gayle,0,0,,,,,,"",""
ball,1,43.4,New Zealand,AR Adams,BB McCullum,CH Gayle,0,0,,,,,,"",""
ball,1,43.5,New Zealand,AR Adams,BB McCullum,CH Gayle,1,0,,,,,,"",""
ball,1,43.6,New Zealand,BB McCullum,AR Adams,CH Gayle,0,0,,,,,,"",""
ball,1,44.1,New Zealand,AR Adams,BB McCullum,CL Hooper,1,0,,,,,,"",""
ball,1,44.2,New Zealand,BB McCullum,AR Adams,CL Hooper,1,0,,,,,,"",""
ball,1,44.3,New Zealand,AR Adams,BB McCullum,CL Hooper,1,0,,,,,,"",""
ball,1,44.4,New Zealand,BB McCullum,AR Adams,CL Hooper,1,0,,,,,,"",""
ball,1,44.5,New Zealand,AR Adams,BB McCullum,CL Hooper,2,0,,,,,,"",""
ball,1,44.6,New Zealand,AR Adams,BB McCullum,CL Hooper,1,0,,,,,,"",""
ball,1,45.1,New Zealand,AR Adams,BB McCullum,CH Gayle,0,1,1,,,,,"",""
ball,1,45.2,New Zealand,AR Adams,BB McCullum,CH Gayle,0,0,,,,,,"",""
ball,1,45.3,New Zealand,AR Adams,BB McCullum,CH Gayle,0,0,,,,,,"",""
ball,1,45.4,New Zealand,AR Adams,BB McCullum,CH Gayle,1,0,,,,,,"",""
ball,1,45.5,New Zealand,BB McCullum,AR Adams,CH Gayle,0,0,,,,,,"",""
ball,1,45.6,New Zealand,BB McCullum,AR Adams,CH Gayle,0,0,,,,,,"",""
ball,1,45.7,New Zealand,BB McCullum,AR Adams,CH Gayle,1,0,,,,,,"",""
ball,1,46.1,New Zealand,BB McCullum,AR Adams,VC Drakes,2,0,,,,,,"",""
ball,1,46.2,New Zealand,BB McCullum,AR Adams,VC Drakes,1,0,,,,,,"",""
ball,1,46.3,New Zealand,AR Adams,BB McCullum,VC Drakes,0,1,,,,1,,"",""
ball,1,46.4,New Zealand,BB McCullum,AR Adams,VC Drakes,0,0,,,,,,"",""
ball,1,46.5,New Zealand,BB McCullum,AR Adams,VC Drakes,0,0,,,,,,"",""
ball,1,46.6,New Zealand,BB McCullum,AR Adams,VC Drakes,1,0,,,,,,"",""
ball,1,47.1,New Zealand,BB McCullum,AR Adams,CH Gayle,1,0,,,,,,"",""
ball,1,47.2,New Zealand,AR Adams,BB McCullum,CH Gayle,1,0,,,,,,"",""
ball,1,47.3,New Zealand,BB McCullum,AR Adams,CH Gayle,1,0,,,,,,"",""
ball,1,47.4,New Zealand,AR Adams,BB McCullum,CH Gayle,6,0,,,,,,"",""
ball,1,47.5,New Zealand,AR Adams,BB McCullum,CH Gayle,2,0,,,,,,"",""
ball,1,47.6,New Zealand,AR Adams,BB McCullum,CH Gayle,1,0,,,,,,"",""
ball,1,48.1,New Zealand,AR Adams,BB McCullum,VC Drakes,1,1,,1,,,,"",""
ball,1,48.2,New Zealand,BB McCullum,AR Adams,VC Drakes,1,0,,,,,,"",""
ball,1,48.3,New Zealand,AR Adams,BB McCullum,VC Drakes,1,0,,,,,,"",""
ball,1,48.4,New Zealand,BB McCullum,AR Adams,VC Drakes,0,0,,,,,,"",""
ball,1,48.5,New Zealand,BB McCullum,AR Adams,VC Drakes,0,0,,,,,,"",""
ball,1,48.6,New Zealand,BB McCullum,AR Adams,VC Drakes,2,0,,,,,,"",""
ball,1,48.7,New Zealand,BB McCullum,AR Adams,VC Drakes,1,1,,1,,,,"",""
ball,1,48.8,New Zealand,AR Adams,BB McCullum,VC Drakes,1,0,,,,,,"",""
ball,1,49.1,New Zealand,AR Adams,BB McCullum,CH Gayle,1,0,,,,,,"",""
ball,1,49.2,New Zealand,BB McCullum,AR Adams,CH Gayle,1,0,,,,,,"",""
ball,1,49.3,New Zealand,AR Adams,BB McCullum,CH Gayle,6,0,,,,,,"",""
ball,1,49.4,New Zealand,AR Adams,BB McCullum,CH Gayle,2,0,,,,,,"",""
ball,1,49.5,New Zealand,AR Adams,BB McCullum,CH Gayle,2,0,,,,,,"",""
ball,1,49.6,New Zealand,AR Adams,BB McCullum,CH Gayle,4,0,,,,,,"",""
ball,2,0.1,West Indies,CH Gayle,WW Hinds,SE Bond,0,0,,,,,,"",""
ball,2,0.2,West Indies,CH Gayle,WW Hinds,SE Bond,0,0,,,,,,"",""
ball,2,0.3,West Indies,CH Gayle,WW Hinds,SE Bond,0,0,,,,,,"",""
ball,2,0.4,West Indies,CH Gayle,WW Hinds,SE Bond,0,0,,,,,,"",""
ball,2,0.5,West Indies,CH Gayle,WW Hinds,SE Bond,0,0,,,,,,"",""
ball,2,0.6,West Indies,CH Gayle,WW Hinds,SE Bond,0,0,,,,,,"",""
ball,2,1.1,West Indies,WW Hinds,CH Gayle,AR Adams,0,0,,,,,,"",""
ball,2,1.2,West Indies,WW Hinds,CH Gayle,AR Adams,0,0,,,,,,"",""
ball,2,1.3,West Indies,WW Hinds,CH Gayle,AR Adams,0,0,,,,,,"",""
ball,2,1.4,West Indies,WW Hinds,CH Gayle,AR Adams,0,0,,,,,,"",""
ball,2,1.5,West Indies,WW Hinds,CH Gayle,AR Adams,1,0,,,,,,"",""
ball,2,1.6,West Indies,CH Gayle,WW Hinds,AR Adams,0,0,,,,,,"",""
ball,2,2.1,West Indies,WW Hinds,CH Gayle,SE Bond,0,0,,,,,,"",""
ball,2,2.2,West Indies,WW Hinds,CH Gayle,SE Bond,0,0,,,,,,"",""
ball,2,2.3,West Indies,WW Hinds,CH Gayle,SE Bond,1,0,,,,,,"",""
ball,2,2.4,West Indies,CH Gayle,WW Hinds,SE Bond,0,0,,,,,,"",""
ball,2,2.5,West Indies,CH Gayle,WW Hinds,SE Bond,0,0,,,,,,"",""
ball,2,2.6,West Indies,CH Gayle,WW Hinds,SE Bond,0,0,,,,,,"",""
ball,2,3.1,West Indies,WW Hinds,CH Gayle,AR Adams,0,0,,,,,,"",""
ball,2,3.2,West Indies,WW Hinds,CH Gayle,AR Adams,0,0,,,,,,"",""
ball,2,3.3,West Indies,WW Hinds,CH Gayle,AR Adams,0,0,,,,,,"",""
ball,2,3.4,West Indies,WW Hinds,CH Gayle,AR Adams,0,0,,,,,,"",""
ball,2,3.5,West Indies,WW Hinds,CH Gayle,AR Adams,0,0,,,,,,"",""
ball,2,3.6,West Indies,WW Hinds,CH Gayle,AR Adams,0,0,,,,,,"",""
ball,2,4.1,West Indies,CH Gayle,WW Hinds,SE Bond,0,0,,,,,,"",""
ball,2,4.2,West Indies,CH Gayle,WW Hinds,SE Bond,0,1,1,,,,,"",""
ball,2,4.3,West Indies,CH Gayle,WW Hinds,SE Bond,0,0,,,,,,"",""
ball,2,4.4,West Indies,CH Gayle,WW Hinds,SE Bond,0,0,,,,,,"",""
ball,2,4.5,West Indies,CH Gayle,WW Hinds,SE Bond,4,0,,,,,,"",""
ball,2,4.6,West Indies,CH Gayle,WW Hinds,SE Bond,0,0,,,,,,"",""
ball,2,4.7,West Indies,CH Gayle,WW Hinds,SE Bond,0,0,,,,,,"",""
ball,2,5.1,West Indies,WW Hinds,CH Gayle,AR Adams,2,0,,,,,,"",""
ball,2,5.2,West Indies,WW Hinds,CH Gayle,AR Adams,0,0,,,,,,"",""
ball,2,5.3,West Indies,WW Hinds,CH Gayle,AR Adams,0,0,,,,,,"",""
ball,2,5.4,West Indies,WW Hinds,CH Gayle,AR Adams,4,0,,,,,,"",""
ball,2,5.5,West Indies,WW Hinds,CH Gayle,AR Adams,0,0,,,,,,"",""
ball,2,5.6,West Indies,WW Hinds,CH Gayle,AR Adams,0,0,,,,,,"",""
ball,2,6.1,West Indies,CH Gayle,WW Hinds,SE Bond,0,0,,,,,,"",""
ball,2,6.2,West Indies,CH Gayle,WW Hinds,SE Bond,0,1,1,,,,,"",""
ball,2,6.3,West Indies,CH Gayle,WW Hinds,SE Bond,1,0,,,,,,"",""
ball,2,6.4,West Indies,WW Hinds,CH Gayle,SE Bond,1,0,,,,,,"",""
ball,2,6.5,West Indies,CH Gayle,WW Hinds,SE Bond,4,0,,,,,,"",""
ball,2,6.6,West Indies,CH Gayle,WW Hinds,SE Bond,0,0,,,,,,"",""
ball,2,6.7,West Indies,CH Gayle,WW Hinds,SE Bond,1,0,,,,,,"",""
ball,2,7.1,West Indies,CH Gayle,WW Hinds,AR Adams,4,0,,,,,,"",""
ball,2,7.2,West Indies,CH Gayle,WW Hinds,AR Adams,4,0,,,,,,"",""
ball,2,7.3,West Indies,CH Gayle,WW Hinds,AR Adams,4,0,,,,,,"",""
ball,2,7.4,West Indies,CH Gayle,WW Hinds,AR Adams,0,0,,,,,,"",""
ball,2,7.5,West Indies,CH Gayle,WW Hinds,AR Adams,0,1,1,,,,,"",""
ball,2,7.6,West Indies,CH Gayle,WW Hinds,AR Adams,0,0,,,,,,"",""
ball,2,7.7,West Indies,CH Gayle,WW Hinds,AR Adams,0,0,,,,,,"",""
ball,2,8.1,West Indies,WW Hinds,CH Gayle,SE Bond,0,0,,,,,,"",""
ball,2,8.2,West Indies,WW Hinds,CH Gayle,SE Bond,0,0,,,,,,"",""
ball,2,8.3,West Indies,WW Hinds,CH Gayle,SE Bond,0,0,,,,,,"",""
ball,2,8.4,West Indies,WW Hinds,CH Gayle,SE Bond,0,0,,,,,,"",""
ball,2,8.5,West Indies,WW Hinds,CH Gayle,SE Bond,0,0,,,,,,"",""
ball,2,8.6,West Indies,WW Hinds,CH Gayle,SE Bond,0,0,,,,,,"",""
ball,2,9.1,West Indies,CH Gayle,WW Hinds,AR Adams,0,0,,,,,,"",""
ball,2,9.2,West Indies,CH Gayle,WW Hinds,AR Adams,0,0,,,,,,caught,CH Gayle
ball,2,9.3,West Indies,BC Lara,WW Hinds,AR Adams,0,0,,,,,,"",""
ball,2,9.4,West Indies,BC Lara,WW Hinds,AR Adams,0,0,,,,,,"",""
ball,2,9.5,West Indies,BC Lara,WW Hinds,AR Adams,0,0,,,,,,"",""
ball,2,9.6,West Indies,BC Lara,WW Hinds,AR Adams,2,0,,,,,,run out,BC Lara
ball,2,10.1,West Indies,S Chanderpaul,WW Hinds,SE Bond,0,0,,,,,,"",""
ball,2,10.2,West Indies,S Chanderpaul,WW Hinds,SE Bond,0,0,,,,,,"",""
ball,2,10.3,West Indies,S Chanderpaul,WW Hinds,SE Bond,1,0,,,,,,"",""
ball,2,10.4,West Indies,WW Hinds,S Chanderpaul,SE Bond,0,0,,,,,,"",""
ball,2,10.5,West Indies,WW Hinds,S Chanderpaul,SE Bond,1,0,,,,,,"",""
ball,2,10.6,West Indies,S Chanderpaul,WW Hinds,SE Bond,0,0,,,,,,"",""
ball,2,11.1,West Indies,WW Hinds,S Chanderpaul,AR Adams,4,0,,,,,,"",""
ball,2,11.2,West Indies,WW Hinds,S Chanderpaul,AR Adams,0,0,,,,,,caught,WW Hinds
ball,2,11.3,West Indies,CL Hooper,S Chanderpaul,AR Adams,0,0,,,,,,"",""
ball,2,11.4,West Indies,CL Hooper,S Chanderpaul,AR Adams,0,0,,,,,,"",""
ball,2,11.5,West Indies,CL Hooper,S Chanderpaul,AR Adams,1,0,,,,,,"",""
ball,2,11.6,West Indies,S Chanderpaul,CL Hooper,AR Adams,0,0,,,,,,"",""
ball,2,12.1,West Indies,CL Hooper,S Chanderpaul,JDP Oram,0,0,,,,,,"",""
ball,2,12.2,West Indies,CL Hooper,S Chanderpaul,JDP Oram,0,0,,,,,,"",""
ball,2,12.3,West Indies,CL Hooper,S Chanderpaul,JDP Oram,0,0,,,,,,"",""
ball,2,12.4,West Indies,CL Hooper,S Chanderpaul,JDP Oram,0,0,,,,,,"",""
ball,2,12.5,West Indies,CL Hooper,S Chanderpaul,JDP Oram,0,0,,,,,,"",""
ball,2,12.6,West Indies,CL Hooper,S Chanderpaul,JDP Oram,0,0,,,,,,"",""
ball,2,13.1,West Indies,S Chanderpaul,CL Hooper,AR Adams,1,0,,,,,,"",""
ball,2,13.2,West Indies,CL Hooper,S Chanderpaul,AR Adams,2,0,,,,,,"",""
ball,2,13.3,West Indies,CL Hooper,S Chanderpaul,AR Adams,0,0,,,,,,caught,CL Hooper
ball,2,13.4,West Indies,RR Sarwan,S Chanderpaul,AR Adams,0,0,,,,,,"",""
ball,2,13.5,West Indies,RR Sarwan,S Chanderpaul,AR Adams,0,0,,,,,,"",""
ball,2,13.6,West Indies,RR Sarwan,S Chanderpaul,AR Adams,0,0,,,,,,"",""
ball,2,14.1,West Indies,S Chanderpaul,RR Sarwan,JDP Oram,0,0,,,,,,lbw,S Chanderpaul
ball,2,14.2,West Indies,RL Powell,RR Sarwan,JDP Oram,0,0,,,,,,"",""
ball,2,14.3,West Indies,RL Powell,RR Sarwan,JDP Oram,0,0,,,,,,"",""
ball,2,14.4,West Indies,RL Powell,RR Sarwan,JDP Oram,0,0,,,,,,"",""
ball,2,14.5,West Indies,RL Powell,RR Sarwan,JDP Oram,4,0,,,,,,"",""
ball,2,14.6,West Indies,RL Powell,RR Sarwan,JDP Oram,0,0,,,,,,"",""
ball,2,15.1,West Indies,RR Sarwan,RL Powell,CL Cairns,4,1,,1,,,,"",""
ball,2,15.2,West Indies,RR Sarwan,RL Powell,CL Cairns,0,1,1,,,,,"",""
ball,2,15.3,West Indies,RR Sarwan,RL Powell,CL Cairns,4,0,,,,,,"",""
ball,2,15.4,West Indies,RR Sarwan,RL Powell,CL Cairns,0,0,,,,,,"",""
ball,2,15.5,West Indies,RR Sarwan,RL Powell,CL Cairns,4,0,,,,,,"",""
ball,2,15.6,West Indies,RR Sarwan,RL Powell,CL Cairns,1,0,,,,,,"",""
ball,2,15.7,West Indies,RL Powell,RR Sarwan,CL Cairns,0,0,,,,,,"",""
ball,2,15.8,West Indies,RL Powell,RR Sarwan,CL Cairns,6,0,,,,,,"",""
ball,2,16.1,West Indies,RR Sarwan,RL Powell,JDP Oram,0,0,,,,,,"",""
ball,2,16.2,West Indies,RR Sarwan,RL Powell,JDP Oram,0,0,,,,,,"",""
ball,2,16.3,West Indies,RR Sarwan,RL Powell,JDP Oram,0,0,,,,,,"",""
ball,2,16.4,West Indies,RR Sarwan,RL Powell,JDP Oram,0,0,,,,,,"",""
ball,2,16.5,West Indies,RR Sarwan,RL Powell,JDP Oram,0,0,,,,,,"",""
ball,2,16.6,West Indies,RR Sarwan,RL Powell,JDP Oram,0,0,,,,,,"",""
ball,2,17.1,West Indies,RL Powell,RR Sarwan,DL Vettori,0,0,,,,,,"",""
ball,2,17.2,West Indies,RL Powell,RR Sarwan,DL Vettori,0,0,,,,,,"",""
ball,2,17.3,West Indies,RL Powell,RR Sarwan,DL Vettori,1,0,,,,,,"",""
ball,2,17.4,West Indies,RR Sarwan,RL Powell,DL Vettori,1,0,,,,,,"",""
ball,2,17.5,West Indies,RL Powell,RR Sarwan,DL Vettori,1,0,,,,,,"",""
ball,2,17.6,West Indies,RR Sarwan,RL Powell,DL Vettori,1,0,,,,,,"",""
ball,2,18.1,West Indies,RR Sarwan,RL Powell,JDP Oram,0,0,,,,,,"",""
ball,2,18.2,West Indies,RR Sarwan,RL Powell,JDP Oram,2,0,,,,,,"",""
ball,2,18.3,West Indies,RR Sarwan,RL Powell,JDP Oram,0,0,,,,,,"",""
ball,2,18.4,West Indies,RR Sarwan,RL Powell,JDP Oram,0,0,,,,,,"",""
ball,2,18.5,West Indies,RR Sarwan,RL Powell,JDP Oram,0,0,,,,,,"",""
ball,2,18.6,West Indies,RR Sarwan,RL Powell,JDP Oram,0,0,,,,,,"",""
ball,2,19.1,West Indies,RL Powell,RR Sarwan,DL Vettori,1,0,,,,,,"",""
ball,2,19.2,West Indies,RR Sarwan,RL Powell,DL Vettori,0,0,,,,,,"",""
ball,2,19.3,West Indies,RR Sarwan,RL Powell,DL Vettori,0,0,,,,,,"",""
ball,2,19.4,West Indies,RR Sarwan,RL Powell,DL Vettori,0,0,,,,,,"",""
ball,2,19.5,West Indies,RR Sarwan,RL Powell,DL Vettori,1,0,,,,,,"",""
ball,2,19.6,West Indies,RL Powell,RR Sarwan,DL Vettori,1,0,,,,,,"",""
ball,2,20.1,West Indies,RL Powell,RR Sarwan,JDP Oram,0,0,,,,,,bowled,RL Powell
ball,2,20.2,West Indies,RD Jacobs,RR Sarwan,JDP Oram,0,0,,,,,,"",""
ball,2,20.3,West Indies,RD Jacobs,RR Sarwan,JDP Oram,0,0,,,,,,"",""
ball,2,20.4,West Indies,RD Jacobs,RR Sarwan,JDP Oram,0,0,,,,,,"",""
ball,2,20.5,West Indies,RD Jacobs,RR Sarwan,JDP Oram,0,0,,,,,,"",""
ball,2,20.6,West Indies,RD Jacobs,RR Sarwan,JDP Oram,1,0,,,,,,"",""
ball,2,21.1,West Indies,RD Jacobs,RR Sarwan,DL Vettori,1,0,,,,,,"",""
ball,2,21.2,West Indies,RR Sarwan,RD Jacobs,DL Vettori,1,0,,,,,,"",""
ball,2,21.3,West Indies,RD Jacobs,RR Sarwan,DL Vettori,0,0,,,,,,"",""
ball,2,21.4,West Indies,RD Jacobs,RR Sarwan,DL Vettori,0,0,,,,,,"",""
ball,2,21.5,West Indies,RD Jacobs,RR Sarwan,DL Vettori,0,0,,,,,,"",""
ball,2,21.6,West Indies,RD Jacobs,RR Sarwan,DL Vettori,0,0,,,,,,"",""
ball,2,22.1,West Indies,RR Sarwan,RD Jacobs,JDP Oram,2,0,,,,,,"",""
ball,2,22.2,West Indies,RR Sarwan,RD Jacobs,JDP Oram,0,0,,,,,,"",""
ball,2,22.3,West Indies,RR Sarwan,RD Jacobs,JDP Oram,0,0,,,,,,"",""
ball,2,22.4,West Indies,RR Sarwan,RD Jacobs,JDP Oram,0,0,,,,,,"",""
ball,2,22.5,West Indies,RR Sarwan,RD Jacobs,JDP Oram,1,0,,,,,,"",""
ball,2,22.6,West Indies,RD Jacobs,RR Sarwan,JDP Oram,0,0,,,,,,"",""
ball,2,23.1,West Indies,RR Sarwan,RD Jacobs,DL Vettori,1,0,,,,,,"",""
ball,2,23.2,West Indies,RD Jacobs,RR Sarwan,DL Vettori,0,0,,,,,,"",""
ball,2,23.3,West Indies,RD Jacobs,RR Sarwan,DL Vettori,2,0,,,,,,"",""
ball,2,23.4,West Indies,RD Jacobs,RR Sarwan,DL Vettori,0,0,,,,,,"",""
ball,2,23.5,West Indies,RD Jacobs,RR Sarwan,DL Vettori,0,0,,,,,,"",""
ball,2,23.6,West Indies,RD Jacobs,RR Sarwan,DL Vettori,0,0,,,,,,"",""
ball,2,24.1,West Indies,RR Sarwan,RD Jacobs,SE Bond,3,0,,,,,,"",""
ball,2,24.2,West Indies,RD Jacobs,RR Sarwan,SE Bond,0,0,,,,,,"",""
ball,2,24.3,West Indies,RD Jacobs,RR Sarwan,SE Bond,0,0,,,,,,"",""
ball,2,24.4,West Indies,RD Jacobs,RR Sarwan,SE Bond,0,0,,,,,,"",""
ball,2,24.5,West Indies,RD Jacobs,RR Sarwan,SE Bond,0,0,,,,,,"",""
ball,2,24.6,West Indies,RD Jacobs,RR Sarwan,SE Bond,1,0,,,,,,"",""
ball,2,25.1,West Indies,RD Jacobs,RR Sarwan,DL Vettori,0,0,,,,,,"",""
ball,2,25.2,West Indies,RD Jacobs,RR Sarwan,DL Vettori,1,0,,,,,,"",""
ball,2,25.3,West Indies,RR Sarwan,RD Jacobs,DL Vettori,0,0,,,,,,"",""
ball,2,25.4,West Indies,RR Sarwan,RD Jacobs,DL Vettori,0,0,,,,,,"",""
ball,2,25.5,West Indies,RR Sarwan,RD Jacobs,DL Vettori,2,0,,,,,,"",""
ball,2,25.6,West Indies,RR Sarwan,RD Jacobs,DL Vettori,1,0,,,,,,"",""
ball,2,26.1,West Indies,RR Sarwan,RD Jacobs,SE Bond,1,0,,,,,,"",""
ball,2,26.2,West Indies,RD Jacobs,RR Sarwan,SE Bond,0,0,,,,,,"",""
ball,2,26.3,West Indies,RD Jacobs,RR Sarwan,SE Bond,4,0,,,,,,"",""
ball,2,26.4,West Indies,RD Jacobs,RR Sarwan,SE Bond,0,0,,,,,,"",""
ball,2,26.5,West Indies,RD Jacobs,RR Sarwan,SE Bond,1,0,,,,,,"",""
ball,2,26.6,West Indies,RR Sarwan,RD Jacobs,SE Bond,0,0,,,,,,"",""
ball,2,27.1,West Indies,RD Jacobs,RR Sarwan,DL Vettori,2,0,,,,,,"",""
ball,2,27.2,West Indies,RD Jacobs,RR Sarwan,DL Vettori,1,0,,,,,,"",""
ball,2,27.3,West Indies,RR Sarwan,RD Jacobs,DL Vettori,2,0,,,,,,"",""
ball,2,27.4,West Indies,RR Sarwan,RD Jacobs,DL Vettori,0,0,,,,,,"",""
ball,2,27.5,West Indies,RR Sarwan,RD Jacobs,DL Vettori,0,0,,,,,,"",""
ball,2,27.6,West Indies,RR Sarwan,RD Jacobs,DL Vettori,1,0,,,,,,"",""
ball,2,28.1,West Indies,RR Sarwan,RD Jacobs,JDP Oram,2,0,,,,,,"",""
ball,2,28.2,West Indies,RR Sarwan,RD Jacobs,JDP Oram,0,0,,,,,,"",""
ball,2,28.3,West Indies,RR Sarwan,RD Jacobs,JDP Oram,0,0,,,,,,"",""
ball,2,28.4,West Indies,RR Sarwan,RD Jacobs,JDP Oram,0,0,,,,,,"",""
ball,2,28.5,West Indies,RR Sarwan,RD Jacobs,JDP Oram,1,0,,,,,,"",""
ball,2,28.6,West Indies,RD Jacobs,RR Sarwan,JDP Oram,1,0,,,,,,"",""
ball,2,29.1,West Indies,RD Jacobs,RR Sarwan,NJ Astle,1,0,,,,,,"",""
ball,2,29.2,West Indies,RR Sarwan,RD Jacobs,NJ Astle,0,0,,,,,,"",""
ball,2,29.3,West Indies,RR Sarwan,RD Jacobs,NJ Astle,1,0,,,,,,"",""
ball,2,29.4,West Indies,RD Jacobs,RR Sarwan,NJ Astle,0,0,,,,,,"",""
ball,2,29.5,West Indies,RD Jacobs,RR Sarwan,NJ Astle,0,0,,,,,,"",""
ball,2,29.6,West Indies,RD Jacobs,RR Sarwan,NJ Astle,0,0,,,,,,"",""
ball,2,30.1,West Indies,RR Sarwan,RD Jacobs,JDP Oram,0,0,,,,,,"",""
ball,2,30.2,West Indies,RR Sarwan,RD Jacobs,JDP Oram,1,0,,,,,,"",""
ball,2,30.3,West Indies,RD Jacobs,RR Sarwan,JDP Oram,0,0,,,,,,"",""
ball,2,30.4,West Indies,RD Jacobs,RR Sarwan,JDP Oram,1,0,,,,,,"",""
ball,2,30.5,West Indies,RR Sarwan,RD Jacobs,JDP Oram,0,0,,,,,,"",""
ball,2,30.6,West Indies,RR Sarwan,RD Jacobs,JDP Oram,1,0,,,,,,"",""
ball,2,31.1,West Indies,RR Sarwan,RD Jacobs,NJ Astle,0,0,,,,,,"",""
ball,2,31.2,West Indies,RR Sarwan,RD Jacobs,NJ Astle,0,0,,,,,,"",""
ball,2,31.3,West Indies,RR Sarwan,RD Jacobs,NJ Astle,1,0,,,,,,"",""
ball,2,31.4,West Indies,RD Jacobs,RR Sarwan,NJ Astle,1,0,,,,,,"",""
ball,2,31.5,West Indies,RR Sarwan,RD Jacobs,NJ Astle,0,0,,,,,,"",""
ball,2,31.6,West Indies,RR Sarwan,RD Jacobs,NJ Astle,1,0,,,,,,"",""
ball,2,32.1,West Indies,RR Sarwan,RD Jacobs,JDP Oram,4,0,,,,,,"",""
ball,2,32.2,West Indies,RR Sarwan,RD Jacobs,JDP Oram,0,0,,,,,,"",""
ball,2,32.3,West Indies,RR Sarwan,RD Jacobs,JDP Oram,0,0,,,,,,"",""
ball,2,32.4,West Indies,RR Sarwan,RD Jacobs,JDP Oram,1,0,,,,,,"",""
ball,2,32.5,West Indies,RD Jacobs,RR Sarwan,JDP Oram,0,0,,,,,,"",""
ball,2,32.6,West Indies,RD Jacobs,RR Sarwan,JDP Oram,0,0,,,,,,"",""
ball,2,33.1,West Indies,RR Sarwan,RD Jacobs,NJ Astle,0,0,,,,,,"",""
ball,2,33.2,West Indies,RR Sarwan,RD Jacobs,NJ Astle,1,0,,,,,,"",""
ball,2,33.3,West Indies,RD Jacobs,RR Sarwan,NJ Astle,0,0,,,,,,"",""
ball,2,33.4,West Indies,RD Jacobs,RR Sarwan,NJ Astle,0,0,,,,,,"",""
ball,2,33.5,West Indies,RD Jacobs,RR Sarwan,NJ Astle,1,0,,,,,,"",""
ball,2,33.6,West Indies,RR Sarwan,RD Jacobs,NJ Astle,1,0,,,,,,"",""
ball,2,34.1,West Indies,RR Sarwan,RD Jacobs,JDP Oram,1,0,,,,,,"",""
ball,2,34.2,West Indies,RD Jacobs,RR Sarwan,JDP Oram,0,0,,,,,,"",""
ball,2,34.3,West Indies,RD Jacobs,RR Sarwan,JDP Oram,1,0,,,,,,"",""
ball,2,34.4,West Indies,RR Sarwan,RD Jacobs,JDP Oram,0,0,,,,,,"",""
ball,2,34.5,West Indies,RR Sarwan,RD Jacobs,JDP Oram,0,0,,,,,,"",""
ball,2,34.6,West Indies,RR Sarwan,RD Jacobs,JDP Oram,2,0,,,,,,"",""
ball,2,35.1,West Indies,RD Jacobs,RR Sarwan,NJ Astle,1,0,,,,,,"",""
ball,2,35.2,West Indies,RR Sarwan,RD Jacobs,NJ Astle,0,0,,,,,,"",""
ball,2,35.3,West Indies,RR Sarwan,RD Jacobs,NJ Astle,1,0,,,,,,"",""
ball,2,35.4,West Indies,RD Jacobs,RR Sarwan,NJ Astle,0,0,,,,,,"",""
ball,2,35.5,West Indies,RD Jacobs,RR Sarwan,NJ Astle,4,0,,,,,,"",""
ball,2,35.6,West Indies,RD Jacobs,RR Sarwan,NJ Astle,0,0,,,,,,"",""
ball,2,36.1,West Indies,RR Sarwan,RD Jacobs,SB Styris,0,0,,,,,,"",""
ball,2,36.2,West Indies,RR Sarwan,RD Jacobs,SB Styris,0,0,,,,,,"",""
ball,2,36.3,West Indies,RR Sarwan,RD Jacobs,SB Styris,0,0,,,,,,"",""
ball,2,36.4,West Indies,RR Sarwan,RD Jacobs,SB Styris,1,0,,,,,,"",""
ball,2,36.5,West Indies,RD Jacobs,RR Sarwan,SB Styris,0,0,,,,,,"",""
ball,2,36.6,West Indies,RD Jacobs,RR Sarwan,SB Styris,0,0,,,,,,"",""
ball,2,37.1,West Indies,RR Sarwan,RD Jacobs,DL Vettori,1,0,,,,,,"",""
ball,2,37.2,West Indies,RD Jacobs,RR Sarwan,DL Vettori,0,0,,,,,,"",""
ball,2,37.3,West Indies,RD Jacobs,RR Sarwan,DL Vettori,0,0,,,,,,"",""
ball,2,37.4,West Indies,RD Jacobs,RR Sarwan,DL Vettori,1,0,,,,,,"",""
ball,2,37.5,West Indies,RR Sarwan,RD Jacobs,DL Vettori,0,0,,,,,,"",""
ball,2,37.6,West Indies,RR Sarwan,RD Jacobs,DL Vettori,0,0,,,,,,"",""
ball,2,38.1,West Indies,RD Jacobs,RR Sarwan,SB Styris,0,0,,,,,,"",""
ball,2,38.2,West Indies,RD Jacobs,RR Sarwan,SB Styris,2,0,,,,,,"",""
ball,2,38.3,West Indies,RD Jacobs,RR Sarwan,SB Styris,0,0,,,,,,"",""
ball,2,38.4,West Indies,RD Jacobs,RR Sarwan,SB Styris,2,0,,,,,,"",""
ball,2,38.5,West Indies,RD Jacobs,RR Sarwan,SB Styris,4,0,,,,,,"",""
ball,2,38.6,West Indies,RD Jacobs,RR Sarwan,SB Styris,0,0,,,,,,"",""
ball,2,39.1,West Indies,RR Sarwan,RD Jacobs,DL Vettori,0,0,,,,,,"",""
ball,2,39.2,West Indies,RR Sarwan,RD Jacobs,DL Vettori,0,0,,,,,,"",""
ball,2,39.3,West Indies,RR Sarwan,RD Jacobs,DL Vettori,4,0,,,,,,"",""
ball,2,39.4,West Indies,RR Sarwan,RD Jacobs,DL Vettori,1,0,,,,,,"",""
ball,2,39.5,West Indies,RD Jacobs,RR Sarwan,DL Vettori,1,0,,,,,,"",""
ball,2,39.6,West Indies,RR Sarwan,RD Jacobs,DL Vettori,1,0,,,,,,"",""
ball,2,40.1,West Indies,RR Sarwan,RD Jacobs,SB Styris,1,0,,,,,,"",""
ball,2,40.2,West Indies,RD Jacobs,RR Sarwan,SB Styris,1,0,,,,,,"",""
ball,2,40.3,West Indies,RR Sarwan,RD Jacobs,SB Styris,2,0,,,,,,"",""
ball,2,40.4,West Indies,RR Sarwan,RD Jacobs,SB Styris,1,0,,,,,,"",""
ball,2,40.5,West Indies,RD Jacobs,RR Sarwan,SB Styris,0,0,,,,,,"",""
ball,2,40.6,West Indies,RD Jacobs,RR Sarwan,SB Styris,0,0,,,,,,"",""
ball,2,41.1,West Indies,RR Sarwan,RD Jacobs,AR Adams,0,0,,,,,,"",""
ball,2,41.2,West Indies,RR Sarwan,RD Jacobs,AR Adams,1,0,,,,,,"",""
ball,2,41.3,West Indies,RD Jacobs,RR Sarwan,AR Adams,1,0,,,,,,"",""
ball,2,41.4,West Indies,RR Sarwan,RD Jacobs,AR Adams,0,0,,,,,,"",""
ball,2,41.5,West Indies,RR Sarwan,RD Jacobs,AR Adams,0,0,,,,,,"",""
ball,2,41.6,West Indies,RR Sarwan,RD Jacobs,AR Adams,4,0,,,,,,"",""
ball,2,42.1,West Indies,RD Jacobs,RR Sarwan,SB Styris,1,0,,,,,,"",""
ball,2,42.2,West Indies,RR Sarwan,RD Jacobs,SB Styris,0,1,,,,1,,"",""
ball,2,42.3,West Indies,RD Jacobs,RR Sarwan,SB Styris,1,0,,,,,,"",""
ball,2,42.4,West Indies,RR Sarwan,RD Jacobs,SB Styris,0,0,,,,,,"",""
ball,2,42.5,West Indies,RR Sarwan,RD Jacobs,SB Styris,4,0,,,,,,"",""
ball,2,42.6,West Indies,RR Sarwan,RD Jacobs,SB Styris,1,0,,,,,,"",""
ball,2,43.1,West Indies,RR Sarwan,RD Jacobs,DL Vettori,1,0,,,,,,"",""
ball,2,43.2,West Indies,RD Jacobs,RR Sarwan,DL Vettori,1,0,,,,,,"",""
ball,2,43.3,West Indies,RR Sarwan,RD Jacobs,DL Vettori,0,0,,,,,,bowled,RR Sarwan
ball,2,43.4,West Indies,VC Drakes,RD Jacobs,DL Vettori,0,0,,,,,,"",""
ball,2,43.5,West Indies,VC Drakes,RD Jacobs,DL Vettori,1,0,,,,,,"",""
ball,2,43.6,West Indies,RD Jacobs,VC Drakes,DL Vettori,1,0,,,,,,"",""
ball,2,44.1,West Indies,RD Jacobs,VC Drakes,SB Styris,0,1,1,,,,,"",""
ball,2,44.2,West Indies,RD Jacobs,VC Drakes,SB Styris,2,0,,,,,,"",""
ball,2,44.3,West Indies,RD Jacobs,VC Drakes,SB Styris,6,0,,,,,,"",""
ball,2,44.4,West Indies,RD Jacobs,VC Drakes,SB Styris,0,0,,,,,,"",""
ball,2,44.5,West Indies,RD Jacobs,VC Drakes,SB Styris,1,0,,,,,,"",""
ball,2,44.6,West Indies,VC Drakes,RD Jacobs,SB Styris,0,1,,,1,,,"",""
ball,2,44.7,West Indies,RD Jacobs,VC Drakes,SB Styris,0,0,,,,,,caught,RD Jacobs
ball,2,45.1,West Indies,NAM McLean,VC Drakes,DL Vettori,0,0,,,,,,"",""
ball,2,45.2,West Indies,NAM McLean,VC Drakes,DL Vettori,1,0,,,,,,"",""
ball,2,45.3,West Indies,VC Drakes,NAM McLean,DL Vettori,1,0,,,,,,"",""
ball,2,45.4,West Indies,NAM McLean,VC Drakes,DL Vettori,1,0,,,,,,"",""
ball,2,45.5,West Indies,VC Drakes,NAM McLean,DL Vettori,0,0,,,,,,"",""
ball,2,45.6,West Indies,VC Drakes,NAM McLean,DL Vettori,0,0,,,,,,"",""
ball,2,46.1,West Indies,NAM McLean,VC Drakes,SE Bond,0,0,,,,,,"",""
ball,2,46.2,West Indies,NAM McLean,VC Drakes,SE Bond,0,1,,,,1,,"",""
ball,2,46.3,West Indies,VC Drakes,NAM McLean,SE Bond,1,0,,,,,,"",""
ball,2,46.4,West Indies,NAM McLean,VC Drakes,SE Bond,2,0,,,,,,"",""
ball,2,46.5,West Indies,NAM McLean,VC Drakes,SE Bond,1,0,,,,,,"",""
ball,2,46.6,West Indies,VC Drakes,NAM McLean,SE Bond,0,1,,,,1,,"",""
ball,2,47.1,West Indies,VC Drakes,NAM McLean,AR Adams,0,0,,,,,,run out,NAM McLean
ball,2,47.2,West Indies,VC Drakes,M Dillon,AR Adams,2,0,,,,,,"",""
ball,2,47.3,West Indies,VC Drakes,M Dillon,AR Adams,0,0,,,,,,"",""
ball,2,47.4,West Indies,VC Drakes,M Dillon,AR Adams,1,0,,,,,,"",""
ball,2,47.5,West Indies,M Dillon,VC Drakes,AR Adams,1,0,,,,,,"",""
ball,2,47.6,West Indies,VC Drakes,M Dillon,AR Adams,1,0,,,,,,"",""
ball,2,48.1,West Indies,VC Drakes,M Dillon,SE Bond,4,0,,,,,,"",""
ball,2,48.2,West Indies,VC Drakes,M Dillon,SE Bond,2,0,,,,,,"",""
ball,2,48.3,West Indies,VC Drakes,M Dillon,SE Bond,1,0,,,,,,"",""
ball,2,48.4,West Indies,M Dillon,VC Drakes,SE Bond,2,0,,,,,,"",""
ball,2,48.5,West Indies,M Dillon,VC Drakes,SE Bond,2,0,,,,,,"",""
ball,2,48.6,West Indies,M Dillon,VC Drakes,SE Bond,2,0,,,,,,"",""
ball,2,49.1,West Indies,VC Drakes,M Dillon,AR Adams,1,0,,,,,,"",""
ball,2,49.2,West Indies,M Dillon,VC Drakes,AR Adams,1,0,,,,,,"",""
ball,2,49.3,West Indies,VC Drakes,M Dillon,AR Adams,1,0,,,,,,"",""
ball,2,49.4,West Indies,M Dillon,VC Drakes,AR Adams,0,0,,,,,,bowled,M Dillon
