version,1.7.0
info,balls_per_over,6
info,team,Kenya
info,team,South Africa
info,gender,male
info,season,2002/03
info,date,2003/02/12
info,event,ICC World Cup
info,match_number,6
info,venue,"North West Cricket Stadium, Potchefstroom"
info,city,Potchefstroom
info,toss_winner,Kenya
info,toss_decision,bat
info,player_of_match,L Klusener
info,umpire,KC Barbour
info,umpire,TH Wijewardene
info,tv_umpire,NA Mallender
info,match_referee,RS Madugalle
info,winner,South Africa
info,winner_wickets,10
info,player,Kenya,KO Otieno
info,player,Kenya,RD Shah
info,player,Kenya,BJ Patel
info,player,Kenya,SO Tikolo
info,player,Kenya,HS Modi
info,player,Kenya,MO Odumbe
info,player,Kenya,TM Odoyo
info,player,Kenya,CO Obuya
info,player,Kenya,MA Suji
info,player,Kenya,PJ Ongondo
info,player,Kenya,AY Karim
info,player,South Africa,HH Gibbs
info,player,South Africa,G Kirsten
info,player,South Africa,N Boje
info,player,South Africa,HH Dippenaar
info,player,South Africa,MV Boucher
info,player,South Africa,JH Kallis
info,player,South Africa,SM Pollock
info,player,South Africa,L Klusener
info,player,South Africa,CK Langeveldt
info,player,South Africa,M Ntini
info,player,South Africa,JN Rhodes
info,registry,people,AY Karim,74d92a39
info,registry,people,BJ Patel,0b7930ed
info,registry,people,CK Langeveldt,d1c94b25
info,registry,people,CO Obuya,5680f1ad
info,registry,people,G Kirsten,ad48eb56
info,registry,people,HH Dippenaar,98ecf62a
info,registry,people,HH Gibbs,e1d1b294
info,registry,people,HS Modi,5abdfd23
info,registry,people,JH Kallis,86dc8f2e
info,registry,people,JN Rhodes,97edbfb1
info,registry,people,KC Barbour,4359f89a
info,registry,people,KO Otieno,fbaa61d2
info,registry,people,L Klusener,c0790f82
info,registry,people,M Ntini,20a941bb
info,registry,people,MA Suji,331bd689
info,registry,people,MO Odumbe,45477249
info,registry,people,MV Boucher,f3cb53a1
info,registry,people,N Boje,6a0537aa
info,registry,people,NA Mallender,3b5dfcd4
info,registry,people,PJ Ongondo,27cc4361
info,registry,people,RD Shah,45d4cb14
info,registry,people,RS Madugalle,766b5798
info,registry,people,SM Pollock,88fccd6c
info,registry,people,SO Tikolo,00d69fa4
info,registry,people,TH Wijewardene,6a6be119
info,registry,people,TM Odoyo,2c13defe
ball,1,0.1,Kenya,KO Otieno,RD Shah,SM Pollock,0,0,,,,,,"",""
ball,1,0.2,Kenya,KO Otieno,RD Shah,SM Pollock,0,1,1,,,,,"",""
ball,1,0.3,Kenya,KO Otieno,RD Shah,SM Pollock,0,0,,,,,,"",""
ball,1,0.4,Kenya,KO Otieno,RD Shah,SM Pollock,0,0,,,,,,"",""
ball,1,0.5,Kenya,KO Otieno,RD Shah,SM Pollock,0,0,,,,,,"",""
ball,1,0.6,Kenya,KO Otieno,RD Shah,SM Pollock,0,0,,,,,,"",""
ball,1,0.7,Kenya,KO Otieno,RD Shah,SM Pollock,0,0,,,,,,"",""
ball,1,1.1,Kenya,RD Shah,KO Otieno,M Ntini,0,0,,,,,,"",""
ball,1,1.2,Kenya,RD Shah,KO Otieno,M Ntini,1,0,,,,,,"",""
ball,1,1.3,Kenya,KO Otieno,RD Shah,M Ntini,1,0,,,,,,"",""
ball,1,1.4,Kenya,RD Shah,KO Otieno,M Ntini,0,1,1,,,,,"",""
ball,1,1.5,Kenya,RD Shah,KO Otieno,M Ntini,0,0,,,,,,"",""
ball,1,1.6,Kenya,RD Shah,KO Otieno,M Ntini,0,0,,,,,,"",""
ball,1,1.7,Kenya,RD Shah,KO Otieno,M Ntini,0,0,,,,,,run out,KO Otieno
ball,1,2.1,Kenya,BJ Patel,RD Shah,SM Pollock,0,0,,,,,,"",""
ball,1,2.2,Kenya,BJ Patel,RD Shah,SM Pollock,1,1,,1,,,,"",""
ball,1,2.3,Kenya,RD Shah,BJ Patel,SM Pollock,0,0,,,,,,"",""
ball,1,2.4,Kenya,RD Shah,BJ Patel,SM Pollock,1,0,,,,,,"",""
ball,1,2.5,Kenya,BJ Patel,RD Shah,SM Pollock,0,0,,,,,,"",""
ball,1,2.6,Kenya,BJ Patel,RD Shah,SM Pollock,0,0,,,,,,caught,BJ Patel
ball,1,2.7,Kenya,SO Tikolo,RD Shah,SM Pollock,0,0,,,,,,"",""
ball,1,3.1,Kenya,RD Shah,SO Tikolo,M Ntini,0,0,,,,,,"",""
ball,1,3.2,Kenya,RD Shah,SO Tikolo,M Ntini,0,0,,,,,,"",""
ball,1,3.3,Kenya,RD Shah,SO Tikolo,M Ntini,0,0,,,,,,"",""
ball,1,3.4,Kenya,RD Shah,SO Tikolo,M Ntini,0,0,,,,,,"",""
ball,1,3.5,Kenya,RD Shah,SO Tikolo,M Ntini,1,0,,,,,,"",""
ball,1,3.6,Kenya,SO Tikolo,RD Shah,M Ntini,0,0,,,,,,"",""
ball,1,4.1,Kenya,RD Shah,SO Tikolo,SM Pollock,0,0,,,,,,"",""
ball,1,4.2,Kenya,RD Shah,SO Tikolo,SM Pollock,4,0,,,,,,"",""
ball,1,4.3,Kenya,RD Shah,SO Tikolo,SM Pollock,1,0,,,,,,"",""
ball,1,4.4,Kenya,SO Tikolo,RD Shah,SM Pollock,0,0,,,,,,"",""
ball,1,4.5,Kenya,SO Tikolo,RD Shah,SM Pollock,0,0,,,,,,"",""
ball,1,4.6,Kenya,SO Tikolo,RD Shah,SM Pollock,0,0,,,,,,"",""
ball,1,5.1,Kenya,RD Shah,SO Tikolo,M Ntini,0,0,,,,,,"",""
ball,1,5.2,Kenya,RD Shah,SO Tikolo,M Ntini,0,0,,,,,,"",""
ball,1,5.3,Kenya,RD Shah,SO Tikolo,M Ntini,2,0,,,,,,"",""
ball,1,5.4,Kenya,RD Shah,SO Tikolo,M Ntini,3,0,,,,,,"",""
ball,1,5.5,Kenya,SO Tikolo,RD Shah,M Ntini,1,0,,,,,,"",""
ball,1,5.6,Kenya,RD Shah,SO Tikolo,M Ntini,0,0,,,,,,"",""
ball,1,6.1,Kenya,SO Tikolo,RD Shah,SM Pollock,0,0,,,,,,"",""
ball,1,6.2,Kenya,SO Tikolo,RD Shah,SM Pollock,0,0,,,,,,"",""
ball,1,6.3,Kenya,SO Tikolo,RD Shah,SM Pollock,1,1,,1,,,,"",""
ball,1,6.4,Kenya,RD Shah,SO Tikolo,SM Pollock,0,0,,,,,,"",""
ball,1,6.5,Kenya,RD Shah,SO Tikolo,SM Pollock,2,0,,,,,,"",""
ball,1,6.6,Kenya,RD Shah,SO Tikolo,SM Pollock,0,0,,,,,,"",""
ball,1,6.7,Kenya,RD Shah,SO Tikolo,SM Pollock,2,0,,,,,,"",""
ball,1,7.1,Kenya,SO Tikolo,RD Shah,M Ntini,0,0,,,,,,"",""
ball,1,7.2,Kenya,SO Tikolo,RD Shah,M Ntini,0,0,,,,,,"",""
ball,1,7.3,Kenya,SO Tikolo,RD Shah,M Ntini,1,0,,,,,,"",""
ball,1,7.4,Kenya,RD Shah,SO Tikolo,M Ntini,0,0,,,,,,"",""
ball,1,7.5,Kenya,RD Shah,SO Tikolo,M Ntini,0,0,,,,,,"",""
ball,1,7.6,Kenya,RD Shah,SO Tikolo,M Ntini,0,0,,,,,,"",""
ball,1,8.1,Kenya,SO Tikolo,RD Shah,SM Pollock,0,0,,,,,,"",""
ball,1,8.2,Kenya,SO Tikolo,RD Shah,SM Pollock,0,0,,,,,,"",""
ball,1,8.3,Kenya,SO Tikolo,RD Shah,SM Pollock,0,0,,,,,,"",""
ball,1,8.4,Kenya,SO Tikolo,RD Shah,SM Pollock,0,0,,,,,,caught,SO Tikolo
ball,1,8.5,Kenya,HS Modi,RD Shah,SM Pollock,0,1,,,,1,,"",""
ball,1,8.6,Kenya,RD Shah,HS Modi,SM Pollock,0,0,,,,,,"",""
ball,1,9.1,Kenya,HS Modi,RD Shah,M Ntini,0,0,,,,,,"",""
ball,1,9.2,Kenya,HS Modi,RD Shah,M Ntini,1,0,,,,,,"",""
ball,1,9.3,Kenya,RD Shah,HS Modi,M Ntini,0,0,,,,,,"",""
ball,1,9.4,Kenya,RD Shah,HS Modi,M Ntini,0,0,,,,,,"",""
ball,1,9.5,Kenya,RD Shah,HS Modi,M Ntini,0,0,,,,,,"",""
ball,1,9.6,Kenya,RD Shah,HS Modi,M Ntini,0,0,,,,,,"",""
ball,1,10.1,Kenya,HS Modi,RD Shah,SM Pollock,0,0,,,,,,"",""
ball,1,10.2,Kenya,HS Modi,RD Shah,SM Pollock,0,0,,,,,,"",""
ball,1,10.3,Kenya,HS Modi,RD Shah,SM Pollock,0,0,,,,,,"",""
ball,1,10.4,Kenya,HS Modi,RD Shah,SM Pollock,0,0,,,,,,"",""
ball,1,10.5,Kenya,HS Modi,RD Shah,SM Pollock,0,0,,,,,,"",""
ball,1,10.6,Kenya,HS Modi,RD Shah,SM Pollock,0,0,,,,,,"",""
ball,1,11.1,Kenya,RD Shah,HS Modi,JH Kallis,0,0,,,,,,"",""
ball,1,11.2,Kenya,RD Shah,HS Modi,JH Kallis,0,0,,,,,,"",""
ball,1,11.3,Kenya,RD Shah,HS Modi,JH Kallis,0,0,,,,,,"",""
ball,1,11.4,Kenya,RD Shah,HS Modi,JH Kallis,4,0,,,,,,"",""
ball,1,11.5,Kenya,RD Shah,HS Modi,JH Kallis,0,0,,,,,,"",""
ball,1,11.6,Kenya,RD Shah,HS Modi,JH Kallis,0,0,,,,,,"",""
ball,1,12.1,Kenya,HS Modi,RD Shah,CK Langeveldt,0,0,,,,,,"",""
ball,1,12.2,Kenya,HS Modi,RD Shah,CK Langeveldt,1,1,,1,,,,"",""
ball,1,12.3,Kenya,RD Shah,HS Modi,CK Langeveldt,0,0,,,,,,"",""
ball,1,12.4,Kenya,RD Shah,HS Modi,CK Langeveldt,0,0,,,,,,"",""
ball,1,12.5,Kenya,RD Shah,HS Modi,CK Langeveldt,0,0,,,,,,"",""
ball,1,12.6,Kenya,RD Shah,HS Modi,CK Langeveldt,0,0,,,,,,"",""
ball,1,12.7,Kenya,RD Shah,HS Modi,CK Langeveldt,1,0,,,,,,"",""
ball,1,13.1,Kenya,RD Shah,HS Modi,JH Kallis,3,0,,,,,,"",""
ball,1,13.2,Kenya,HS Modi,RD Shah,JH Kallis,0,0,,,,,,"",""
ball,1,13.3,Kenya,HS Modi,RD Shah,JH Kallis,1,0,,,,,,"",""
ball,1,13.4,Kenya,RD Shah,HS Modi,JH Kallis,4,0,,,,,,"",""
ball,1,13.5,Kenya,RD Shah,HS Modi,JH Kallis,4,0,,,,,,"",""
ball,1,13.6,Kenya,RD Shah,HS Modi,JH Kallis,0,0,,,,,,"",""
ball,1,14.1,Kenya,HS Modi,RD Shah,CK Langeveldt,3,0,,,,,,"",""
ball,1,14.2,Kenya,RD Shah,HS Modi,CK Langeveldt,1,0,,,,,,"",""
ball,1,14.3,Kenya,HS Modi,RD Shah,CK Langeveldt,0,0,,,,,,"",""
ball,1,14.4,Kenya,HS Modi,RD Shah,CK Langeveldt,0,0,,,,,,"",""
ball,1,14.5,Kenya,HS Modi,RD Shah,CK Langeveldt,0,0,,,,,,"",""
ball,1,14.6,Kenya,HS Modi,RD Shah,CK Langeveldt,0,0,,,,,,"",""
ball,1,15.1,Kenya,RD Shah,HS Modi,JH Kallis,4,0,,,,,,"",""
ball,1,15.2,Kenya,RD Shah,HS Modi,JH Kallis,0,0,,,,,,"",""
ball,1,15.3,Kenya,RD Shah,HS Modi,JH Kallis,0,0,,,,,,"",""
ball,1,15.4,Kenya,RD Shah,HS Modi,JH Kallis,0,0,,,,,,"",""
ball,1,15.5,Kenya,RD Shah,HS Modi,JH Kallis,2,0,,,,,,"",""
ball,1,15.6,Kenya,RD Shah,HS Modi,JH Kallis,1,0,,,,,,"",""
ball,1,16.1,Kenya,RD Shah,HS Modi,CK Langeveldt,0,0,,,,,,"",""
ball,1,16.2,Kenya,RD Shah,HS Modi,CK Langeveldt,0,0,,,,,,"",""
ball,1,16.3,Kenya,RD Shah,HS Modi,CK Langeveldt,0,0,,,,,,"",""
ball,1,16.4,Kenya,RD Shah,HS Modi,CK Langeveldt,1,0,,,,,,"",""
ball,1,16.5,Kenya,HS Modi,RD Shah,CK Langeveldt,3,0,,,,,,"",""
ball,1,16.6,Kenya,RD Shah,HS Modi,CK Langeveldt,0,0,,,,,,"",""
ball,1,17.1,Kenya,HS Modi,RD Shah,N Boje,0,0,,,,,,"",""
ball,1,17.2,Kenya,HS Modi,RD Shah,N Boje,0,0,,,,,,"",""
ball,1,17.3,Kenya,HS Modi,RD Shah,N Boje,0,0,,,,,,"",""
ball,1,17.4,Kenya,HS Modi,RD Shah,N Boje,0,0,,,,,,"",""
ball,1,17.5,Kenya,HS Modi,RD Shah,N Boje,0,0,,,,,,caught,HS Modi
ball,1,17.6,Kenya,MO Odumbe,RD Shah,N Boje,0,0,,,,,,"",""
ball,1,18.1,Kenya,RD Shah,MO Odumbe,CK Langeveldt,0,0,,,,,,"",""
ball,1,18.2,Kenya,RD Shah,MO Odumbe,CK Langeveldt,0,0,,,,,,"",""
ball,1,18.3,Kenya,RD Shah,MO Odumbe,CK Langeveldt,4,0,,,,,,"",""
ball,1,18.4,Kenya,RD Shah,MO Odumbe,CK Langeveldt,0,0,,,,,,"",""
ball,1,18.5,Kenya,RD Shah,MO Odumbe,CK Langeveldt,1,0,,,,,,"",""
ball,1,18.6,Kenya,MO Odumbe,RD Shah,CK Langeveldt,2,0,,,,,,"",""
ball,1,19.1,Kenya,RD Shah,MO Odumbe,N Boje,2,0,,,,,,"",""
ball,1,19.2,Kenya,RD Shah,MO Odumbe,N Boje,0,0,,,,,,"",""
ball,1,19.3,Kenya,RD Shah,MO Odumbe,N Boje,0,0,,,,,,"",""
ball,1,19.4,Kenya,RD Shah,MO Odumbe,N Boje,0,0,,,,,,"",""
ball,1,19.5,Kenya,RD Shah,MO Odumbe,N Boje,0,0,,,,,,"",""
ball,1,19.6,Kenya,RD Shah,MO Odumbe,N Boje,1,0,,,,,,"",""
ball,1,20.1,Kenya,RD Shah,MO Odumbe,CK Langeveldt,0,0,,,,,,"",""
ball,1,20.2,Kenya,RD Shah,MO Odumbe,CK Langeveldt,1,0,,,,,,"",""
ball,1,20.3,Kenya,MO Odumbe,RD Shah,CK Langeveldt,1,0,,,,,,"",""
ball,1,20.4,Kenya,RD Shah,MO Odumbe,CK Langeveldt,0,0,,,,,,"",""
ball,1,20.5,Kenya,RD Shah,MO Odumbe,CK Langeveldt,0,0,,,,,,"",""
ball,1,20.6,Kenya,RD Shah,MO Odumbe,CK Langeveldt,4,0,,,,,,"",""
ball,1,21.1,Kenya,MO Odumbe,RD Shah,N Boje,2,0,,,,,,"",""
ball,1,21.2,Kenya,MO Odumbe,RD Shah,N Boje,1,0,,,,,,"",""
ball,1,21.3,Kenya,RD Shah,MO Odumbe,N Boje,1,0,,,,,,"",""
ball,1,21.4,Kenya,MO Odumbe,RD Shah,N Boje,0,0,,,,,,"",""
ball,1,21.5,Kenya,MO Odumbe,RD Shah,N Boje,0,0,,,,,,"",""
ball,1,21.6,Kenya,MO Odumbe,RD Shah,N Boje,0,0,,,,,,"",""
ball,1,22.1,Kenya,RD Shah,MO Odumbe,L Klusener,1,0,,,,,,"",""
ball,1,22.2,Kenya,MO Odumbe,RD Shah,L Klusener,0,0,,,,,,"",""
ball,1,22.3,Kenya,MO Odumbe,RD Shah,L Klusener,1,0,,,,,,"",""
ball,1,22.4,Kenya,RD Shah,MO Odumbe,L Klusener,1,0,,,,,,"",""
ball,1,22.5,Kenya,MO Odumbe,RD Shah,L Klusener,0,1,,,,1,,"",""
ball,1,22.6,Kenya,RD Shah,MO Odumbe,L Klusener,0,0,,,,,,"",""
ball,1,23.1,Kenya,MO Odumbe,RD Shah,N Boje,1,0,,,,,,"",""
ball,1,23.2,Kenya,RD Shah,MO Odumbe,N Boje,1,0,,,,,,"",""
ball,1,23.3,Kenya,MO Odumbe,RD Shah,N Boje,2,0,,,,,,"",""
ball,1,23.4,Kenya,MO Odumbe,RD Shah,N Boje,0,0,,,,,,"",""
ball,1,23.5,Kenya,MO Odumbe,RD Shah,N Boje,0,0,,,,,,"",""
ball,1,23.6,Kenya,MO Odumbe,RD Shah,N Boje,0,0,,,,,,"",""
ball,1,24.1,Kenya,RD Shah,MO Odumbe,L Klusener,0,0,,,,,,"",""
ball,1,24.2,Kenya,RD Shah,MO Odumbe,L Klusener,0,0,,,,,,"",""
ball,1,24.3,Kenya,RD Shah,MO Odumbe,L Klusener,0,0,,,,,,"",""
ball,1,24.4,Kenya,RD Shah,MO Odumbe,L Klusener,0,0,,,,,,"",""
ball,1,24.5,Kenya,RD Shah,MO Odumbe,L Klusener,0,0,,,,,,"",""
ball,1,24.6,Kenya,RD Shah,MO Odumbe,L Klusener,0,0,,,,,,"",""
ball,1,25.1,Kenya,MO Odumbe,RD Shah,N Boje,1,0,,,,,,"",""
ball,1,25.2,Kenya,RD Shah,MO Odumbe,N Boje,1,0,,,,,,run out,RD Shah
ball,1,25.3,Kenya,MO Odumbe,TM Odoyo,N Boje,1,0,,,,,,"",""
ball,1,25.4,Kenya,TM Odoyo,MO Odumbe,N Boje,0,0,,,,,,"",""
ball,1,25.5,Kenya,TM Odoyo,MO Odumbe,N Boje,0,0,,,,,,"",""
ball,1,25.6,Kenya,TM Odoyo,MO Odumbe,N Boje,0,0,,,,,,"",""
ball,1,26.1,Kenya,MO Odumbe,TM Odoyo,L Klusener,0,0,,,,,,"",""
ball,1,26.2,Kenya,MO Odumbe,TM Odoyo,L Klusener,0,1,,,,1,,"",""
ball,1,26.3,Kenya,TM Odoyo,MO Odumbe,L Klusener,0,0,,,,,,"",""
ball,1,26.4,Kenya,TM Odoyo,MO Odumbe,L Klusener,0,0,,,,,,"",""
ball,1,26.5,Kenya,TM Odoyo,MO Odumbe,L Klusener,0,0,,,,,,"",""
ball,1,26.6,Kenya,TM Odoyo,MO Odumbe,L Klusener,0,0,,,,,,"",""
ball,1,27.1,Kenya,MO Odumbe,TM Odoyo,N Boje,0,0,,,,,,"",""
ball,1,27.2,Kenya,MO Odumbe,TM Odoyo,N Boje,1,0,,,,,,"",""
ball,1,27.3,Kenya,TM Odoyo,MO Odumbe,N Boje,0,0,,,,,,"",""
ball,1,27.4,Kenya,TM Odoyo,MO Odumbe,N Boje,0,0,,,,,,"",""
ball,1,27.5,Kenya,TM Odoyo,MO Odumbe,N Boje,1,0,,,,,,"",""
ball,1,27.6,Kenya,MO Odumbe,TM Odoyo,N Boje,0,0,,,,,,"",""
ball,1,28.1,Kenya,TM Odoyo,MO Odumbe,L Klusener,1,0,,,,,,"",""
ball,1,28.2,Kenya,MO Odumbe,TM Odoyo,L Klusener,0,0,,,,,,"",""
ball,1,28.3,Kenya,MO Odumbe,TM Odoyo,L Klusener,0,0,,,,,,"",""
ball,1,28.4,Kenya,MO Odumbe,TM Odoyo,L Klusener,1,0,,,,,,"",""
ball,1,28.5,Kenya,TM Odoyo,MO Odumbe,L Klusener,0,0,,,,,,"",""
ball,1,28.6,Kenya,TM Odoyo,MO Odumbe,L Klusener,0,0,,,,,,"",""
ball,1,29.1,Kenya,MO Odumbe,TM Odoyo,N Boje,1,0,,,,,,"",""
ball,1,29.2,Kenya,TM Odoyo,MO Odumbe,N Boje,1,0,,,,,,"",""
ball,1,29.3,Kenya,MO Odumbe,TM Odoyo,N Boje,0,0,,,,,,"",""
ball,1,29.4,Kenya,MO Odumbe,TM Odoyo,N Boje,1,0,,,,,,"",""
ball,1,29.5,Kenya,TM Odoyo,MO Odumbe,N Boje,0,0,,,,,,"",""
ball,1,29.6,Kenya,TM Odoyo,MO Odumbe,N Boje,4,0,,,,,,"",""
ball,1,30.1,Kenya,MO Odumbe,TM Odoyo,L Klusener,0,0,,,,,,"",""
ball,1,30.2,Kenya,MO Odumbe,TM Odoyo,L Klusener,0,0,,,,,,"",""
ball,1,30.3,Kenya,MO Odumbe,TM Odoyo,L Klusener,0,0,,,,,,"",""
ball,1,30.4,Kenya,MO Odumbe,TM Odoyo,L Klusener,0,0,,,,,,caught,MO Odumbe
ball,1,30.5,Kenya,CO Obuya,TM Odoyo,L Klusener,0,0,,,,,,lbw,CO Obuya
ball,1,30.6,Kenya,MA Suji,TM Odoyo,L Klusener,0,5,5,,,,,"",""
ball,1,30.7,Kenya,MA Suji,TM Odoyo,L Klusener,0,0,,,,,,"",""
ball,1,31.1,Kenya,TM Odoyo,MA Suji,N Boje,0,0,,,,,,"",""
ball,1,31.2,Kenya,TM Odoyo,MA Suji,N Boje,0,0,,,,,,"",""
ball,1,31.3,Kenya,TM Odoyo,MA Suji,N Boje,0,0,,,,,,"",""
ball,1,31.4,Kenya,TM Odoyo,MA Suji,N Boje,0,0,,,,,,"",""
ball,1,31.5,Kenya,TM Odoyo,MA Suji,N Boje,6,0,,,,,,"",""
ball,1,31.6,Kenya,TM Odoyo,MA Suji,N Boje,4,0,,,,,,"",""
ball,1,32.1,Kenya,MA Suji,TM Odoyo,L Klusener,0,0,,,,,,"",""
ball,1,32.2,Kenya,MA Suji,TM Odoyo,L Klusener,0,0,,,,,,"",""
ball,1,32.3,Kenya,MA Suji,TM Odoyo,L Klusener,0,0,,,,,,"",""
ball,1,32.4,Kenya,MA Suji,TM Odoyo,L Klusener,0,0,,,,,,caught,MA Suji
ball,1,32.5,Kenya,PJ Ongondo,TM Odoyo,L Klusener,1,0,,,,,,"",""
ball,1,32.6,Kenya,TM Odoyo,PJ Ongondo,L Klusener,0,0,,,,,,"",""
ball,1,33.1,Kenya,PJ Ongondo,TM Odoyo,N Boje,0,0,,,,,,"",""
ball,1,33.2,Kenya,PJ Ongondo,TM Odoyo,N Boje,0,0,,,,,,"",""
ball,1,33.3,Kenya,PJ Ongondo,TM Odoyo,N Boje,6,0,,,,,,"",""
ball,1,33.4,Kenya,PJ Ongondo,TM Odoyo,N Boje,0,0,,,,,,"",""
ball,1,33.5,Kenya,PJ Ongondo,TM Odoyo,N Boje,4,0,,,,,,"",""
ball,1,33.6,Kenya,PJ Ongondo,TM Odoyo,N Boje,1,0,,,,,,"",""
ball,1,34.1,Kenya,PJ Ongondo,TM Odoyo,L Klusener,0,1,,,1,,,"",""
ball,1,34.2,Kenya,TM Odoyo,PJ Ongondo,L Klusener,1,0,,,,,,"",""
ball,1,34.3,Kenya,PJ Ongondo,TM Odoyo,L Klusener,0,0,,,,,,"",""
ball,1,34.4,Kenya,PJ Ongondo,TM Odoyo,L Klusener,1,1,,1,,,,"",""
ball,1,34.5,Kenya,TM Odoyo,PJ Ongondo,L Klusener,0,0,,,,,,"",""
ball,1,34.6,Kenya,TM Odoyo,PJ Ongondo,L Klusener,1,0,,,,,,"",""
ball,1,34.7,Kenya,PJ Ongondo,TM Odoyo,L Klusener,0,0,,,,,,"",""
ball,1,35.1,Kenya,TM Odoyo,PJ Ongondo,M Ntini,0,0,,,,,,"",""
ball,1,35.2,Kenya,TM Odoyo,PJ Ongondo,M Ntini,0,0,,,,,,"",""
ball,1,35.3,Kenya,TM Odoyo,PJ Ongondo,M Ntini,0,0,,,,,,"",""
ball,1,35.4,Kenya,TM Odoyo,PJ Ongondo,M Ntini,2,0,,,,,,"",""
ball,1,35.5,Kenya,TM Odoyo,PJ Ongondo,M Ntini,0,0,,,,,,"",""
ball,1,35.6,Kenya,TM Odoyo,PJ Ongondo,M Ntini,0,0,,,,,,"",""
ball,1,36.1,Kenya,PJ Ongondo,TM Odoyo,L Klusener,0,0,,,,,,"",""
ball,1,36.2,Kenya,PJ Ongondo,TM Odoyo,L Klusener,0,0,,,,,,caught,PJ Ongondo
ball,1,36.3,Kenya,TM Odoyo,AY Karim,L Klusener,0,0,,,,,,"",""
ball,1,36.4,Kenya,TM Odoyo,AY Karim,L Klusener,0,0,,,,,,"",""
ball,1,36.5,Kenya,TM Odoyo,AY Karim,L Klusener,1,0,,,,,,"",""
ball,1,36.6,Kenya,AY Karim,TM Odoyo,L Klusener,0,0,,,,,,"",""
ball,1,37.1,Kenya,TM Odoyo,AY Karim,M Ntini,0,0,,,,,,"",""
ball,1,37.2,Kenya,TM Odoyo,AY Karim,M Ntini,0,0,,,,,,"",""
ball,1,37.3,Kenya,TM Odoyo,AY Karim,M Ntini,0,0,,,,,,"",""
ball,1,37.4,Kenya,TM Odoyo,AY Karim,M Ntini,0,0,,,,,,"",""
ball,1,37.5,Kenya,TM Odoyo,AY Karim,M Ntini,0,0,,,,,,"",""
ball,1,37.6,Kenya,TM Odoyo,AY Karim,M Ntini,0,0,,,,,,caught,TM Odoyo
ball,2,0.1,South Africa,HH Gibbs,G Kirsten,MA Suji,0,1,1,,,,,"",""
ball,2,0.2,South Africa,HH Gibbs,G Kirsten,MA Suji,0,0,,,,,,"",""
ball,2,0.3,South Africa,HH Gibbs,G Kirsten,MA Suji,0,0,,,,,,"",""
ball,2,0.4,South Africa,HH Gibbs,G Kirsten,MA Suji,4,0,,,,,,"",""
ball,2,0.5,South Africa,HH Gibbs,G Kirsten,MA Suji,0,0,,,,,,"",""
ball,2,0.6,South Africa,HH Gibbs,G Kirsten,MA Suji,0,0,,,,,,"",""
ball,2,0.7,South Africa,HH Gibbs,G Kirsten,MA Suji,0,0,,,,,,"",""
ball,2,1.1,South Africa,G Kirsten,HH Gibbs,TM Odoyo,0,0,,,,,,"",""
ball,2,1.2,South Africa,G Kirsten,HH Gibbs,TM Odoyo,0,0,,,,,,"",""
ball,2,1.3,South Africa,G Kirsten,HH Gibbs,TM Odoyo,0,0,,,,,,"",""
ball,2,1.4,South Africa,G Kirsten,HH Gibbs,TM Odoyo,1,0,,,,,,"",""
ball,2,1.5,South Africa,HH Gibbs,G Kirsten,TM Odoyo,0,0,,,,,,"",""
ball,2,1.6,South Africa,HH Gibbs,G Kirsten,TM Odoyo,0,0,,,,,,"",""
ball,2,2.1,South Africa,G Kirsten,HH Gibbs,MA Suji,0,0,,,,,,"",""
ball,2,2.2,South Africa,G Kirsten,HH Gibbs,MA Suji,3,0,,,,,,"",""
ball,2,2.3,South Africa,HH Gibbs,G Kirsten,MA Suji,0,0,,,,,,"",""
ball,2,2.4,South Africa,HH Gibbs,G Kirsten,MA Suji,0,0,,,,,,"",""
ball,2,2.5,South Africa,HH Gibbs,G Kirsten,MA Suji,4,0,,,,,,"",""
ball,2,2.6,South Africa,HH Gibbs,G Kirsten,MA Suji,0,0,,,,,,"",""
ball,2,3.1,South Africa,G Kirsten,HH Gibbs,TM Odoyo,0,0,,,,,,"",""
ball,2,3.2,South Africa,G Kirsten,HH Gibbs,TM Odoyo,0,0,,,,,,"",""
ball,2,3.3,South Africa,G Kirsten,HH Gibbs,TM Odoyo,0,0,,,,,,"",""
ball,2,3.4,South Africa,G Kirsten,HH Gibbs,TM Odoyo,0,0,,,,,,"",""
ball,2,3.5,South Africa,G Kirsten,HH Gibbs,TM Odoyo,0,0,,,,,,"",""
ball,2,3.6,South Africa,G Kirsten,HH Gibbs,TM Odoyo,0,0,,,,,,"",""
ball,2,4.1,South Africa,HH Gibbs,G Kirsten,MA Suji,0,0,,,,,,"",""
ball,2,4.2,South Africa,HH Gibbs,G Kirsten,MA Suji,0,0,,,,,,"",""
ball,2,4.3,South Africa,HH Gibbs,G Kirsten,MA Suji,4,0,,,,,,"",""
ball,2,4.4,South Africa,HH Gibbs,G Kirsten,MA Suji,0,0,,,,,,"",""
ball,2,4.5,South Africa,HH Gibbs,G Kirsten,MA Suji,0,0,,,,,,"",""
ball,2,4.6,South Africa,HH Gibbs,G Kirsten,MA Suji,4,0,,,,,,"",""
ball,2,5.1,South Africa,G Kirsten,HH Gibbs,TM Odoyo,0,0,,,,,,"",""
ball,2,5.2,South Africa,G Kirsten,HH Gibbs,TM Odoyo,4,0,,,,,,"",""
ball,2,5.3,South Africa,G Kirsten,HH Gibbs,TM Odoyo,4,0,,,,,,"",""
ball,2,5.4,South Africa,G Kirsten,HH Gibbs,TM Odoyo,0,0,,,,,,"",""
ball,2,5.5,South Africa,G Kirsten,HH Gibbs,TM Odoyo,0,0,,,,,,"",""
ball,2,5.6,South Africa,G Kirsten,HH Gibbs,TM Odoyo,1,0,,,,,,"",""
ball,2,6.1,South Africa,G Kirsten,HH Gibbs,MA Suji,0,0,,,,,,"",""
ball,2,6.2,South Africa,G Kirsten,HH Gibbs,MA Suji,0,0,,,,,,"",""
ball,2,6.3,South Africa,G Kirsten,HH Gibbs,MA Suji,0,0,,,,,,"",""
ball,2,6.4,South Africa,G Kirsten,HH Gibbs,MA Suji,0,0,,,,,,"",""
ball,2,6.5,South Africa,G Kirsten,HH Gibbs,MA Suji,1,0,,,,,,"",""
ball,2,6.6,South Africa,HH Gibbs,G Kirsten,MA Suji,0,0,,,,,,"",""
ball,2,7.1,South Africa,G Kirsten,HH Gibbs,TM Odoyo,1,0,,,,,,"",""
ball,2,7.2,South Africa,HH Gibbs,G Kirsten,TM Odoyo,4,0,,,,,,"",""
ball,2,7.3,South Africa,HH Gibbs,G Kirsten,TM Odoyo,0,0,,,,,,"",""
ball,2,7.4,South Africa,HH Gibbs,G Kirsten,TM Odoyo,1,0,,,,,,"",""
ball,2,7.5,South Africa,G Kirsten,HH Gibbs,TM Odoyo,0,0,,,,,,"",""
ball,2,7.6,South Africa,G Kirsten,HH Gibbs,TM Odoyo,0,1,1,,,,,"",""
ball,2,7.7,South Africa,G Kirsten,HH Gibbs,TM Odoyo,0,0,,,,,,"",""
ball,2,8.1,South Africa,HH Gibbs,G Kirsten,AY Karim,0,0,,,,,,"",""
ball,2,8.2,South Africa,HH Gibbs,G Kirsten,AY Karim,0,0,,,,,,"",""
ball,2,8.3,South Africa,HH Gibbs,G Kirsten,AY Karim,4,0,,,,,,"",""
ball,2,8.4,South Africa,HH Gibbs,G Kirsten,AY Karim,1,0,,,,,,"",""
ball,2,8.5,South Africa,G Kirsten,HH Gibbs,AY Karim,0,0,,,,,,"",""
ball,2,8.6,South Africa,G Kirsten,HH Gibbs,AY Karim,4,0,,,,,,"",""
ball,2,9.1,South Africa,HH Gibbs,G Kirsten,TM Odoyo,4,0,,,,,,"",""
ball,2,9.2,South Africa,HH Gibbs,G Kirsten,TM Odoyo,1,0,,,,,,"",""
ball,2,9.3,South Africa,G Kirsten,HH Gibbs,TM Odoyo,0,0,,,,,,"",""
ball,2,9.4,South Africa,G Kirsten,HH Gibbs,TM Odoyo,0,0,,,,,,"",""
ball,2,9.5,South Africa,G Kirsten,HH Gibbs,TM Odoyo,0,0,,,,,,"",""
ball,2,9.6,South Africa,G Kirsten,HH Gibbs,TM Odoyo,0,0,,,,,,"",""
ball,2,10.1,South Africa,HH Gibbs,G Kirsten,AY Karim,0,0,,,,,,"",""
ball,2,10.2,South Africa,HH Gibbs,G Kirsten,AY Karim,2,0,,,,,,"",""
ball,2,10.3,South Africa,HH Gibbs,G Kirsten,AY Karim,0,0,,,,,,"",""
ball,2,10.4,South Africa,HH Gibbs,G Kirsten,AY Karim,6,0,,,,,,"",""
ball,2,10.5,South Africa,HH Gibbs,G Kirsten,AY Karim,0,0,,,,,,"",""
ball,2,10.6,South Africa,HH Gibbs,G Kirsten,AY Karim,0,0,,,,,,"",""
ball,2,11.1,South Africa,G Kirsten,HH Gibbs,TM Odoyo,4,0,,,,,,"",""
ball,2,11.2,South Africa,G Kirsten,HH Gibbs,TM Odoyo,0,0,,,,,,"",""
ball,2,11.3,South Africa,G Kirsten,HH Gibbs,TM Odoyo,1,0,,,,,,"",""
ball,2,11.4,South Africa,HH Gibbs,G Kirsten,TM Odoyo,4,0,,,,,,"",""
ball,2,11.5,South Africa,HH Gibbs,G Kirsten,TM Odoyo,2,0,,,,,,"",""
ball,2,11.6,South Africa,HH Gibbs,G Kirsten,TM Odoyo,1,0,,,,,,"",""
ball,2,12.1,South Africa,HH Gibbs,G Kirsten,CO Obuya,0,0,,,,,,"",""
ball,2,12.2,South Africa,HH Gibbs,G Kirsten,CO Obuya,0,0,,,,,,"",""
ball,2,12.3,South Africa,HH Gibbs,G Kirsten,CO Obuya,1,0,,,,,,"",""
ball,2,12.4,South Africa,G Kirsten,HH Gibbs,CO Obuya,0,0,,,,,,"",""
ball,2,12.5,South Africa,G Kirsten,HH Gibbs,CO Obuya,0,0,,,,,,"",""
ball,2,12.6,South Africa,G Kirsten,HH Gibbs,CO Obuya,0,0,,,,,,"",""
ball,2,13.1,South Africa,HH Gibbs,G Kirsten,MO Odumbe,0,0,,,,,,"",""
ball,2,13.2,South Africa,HH Gibbs,G Kirsten,MO Odumbe,0,0,,,,,,"",""
ball,2,13.3,South Africa,HH Gibbs,G Kirsten,MO Odumbe,0,0,,,,,,"",""
ball,2,13.4,South Africa,HH Gibbs,G Kirsten,MO Odumbe,1,0,,,,,,"",""
ball,2,13.5,South Africa,G Kirsten,HH Gibbs,MO Odumbe,0,0,,,,,,"",""
ball,2,13.6,South Africa,G Kirsten,HH Gibbs,MO Odumbe,0,0,,,,,,"",""
ball,2,14.1,South Africa,HH Gibbs,G Kirsten,CO Obuya,0,0,,,,,,"",""
ball,2,14.2,South Africa,HH Gibbs,G Kirsten,CO Obuya,6,0,,,,,,"",""
ball,2,14.3,South Africa,HH Gibbs,G Kirsten,CO Obuya,0,0,,,,,,"",""
ball,2,14.4,South Africa,HH Gibbs,G Kirsten,CO Obuya,0,0,,,,,,"",""
ball,2,14.5,South Africa,HH Gibbs,G Kirsten,CO Obuya,1,1,,1,,,,"",""
ball,2,14.6,South Africa,G Kirsten,HH Gibbs,CO Obuya,0,0,,,,,,"",""
ball,2,14.7,South Africa,G Kirsten,HH Gibbs,CO Obuya,2,0,,,,,,"",""
ball,2,15.1,South Africa,HH Gibbs,G Kirsten,MO Odumbe,6,0,,,,,,"",""
ball,2,15.2,South Africa,HH Gibbs,G Kirsten,MO Odumbe,4,0,,,,,,"",""
ball,2,15.3,South Africa,HH Gibbs,G Kirsten,MO Odumbe,0,0,,,,,,"",""
ball,2,15.4,South Africa,HH Gibbs,G Kirsten,MO Odumbe,4,0,,,,,,"",""
ball,2,15.5,South Africa,HH Gibbs,G Kirsten,MO Odumbe,6,0,,,,,,"",""
ball,2,15.6,South Africa,HH Gibbs,G Kirsten,MO Odumbe,0,0,,,,,,"",""
ball,2,16.1,South Africa,G Kirsten,HH Gibbs,CO Obuya,0,0,,,,,,"",""
ball,2,16.2,South Africa,G Kirsten,HH Gibbs,CO Obuya,0,0,,,,,,"",""
ball,2,16.3,South Africa,G Kirsten,HH Gibbs,CO Obuya,0,0,,,,,,"",""
ball,2,16.4,South Africa,G Kirsten,HH Gibbs,CO Obuya,0,0,,,,,,"",""
ball,2,16.5,South Africa,G Kirsten,HH Gibbs,CO Obuya,0,0,,,,,,"",""
ball,2,16.6,South Africa,G Kirsten,HH Gibbs,CO Obuya,0,0,,,,,,"",""
ball,2,17.1,South Africa,HH Gibbs,G Kirsten,PJ Ongondo,0,0,,,,,,"",""
ball,2,17.2,South Africa,HH Gibbs,G Kirsten,PJ Ongondo,1,0,,,,,,"",""
ball,2,17.3,South Africa,G Kirsten,HH Gibbs,PJ Ongondo,0,0,,,,,,"",""
ball,2,17.4,South Africa,G Kirsten,HH Gibbs,PJ Ongondo,1,0,,,,,,"",""
ball,2,17.5,South Africa,HH Gibbs,G Kirsten,PJ Ongondo,0,0,,,,,,"",""
ball,2,17.6,South Africa,HH Gibbs,G Kirsten,PJ Ongondo,2,0,,,,,,"",""
ball,2,18.1,South Africa,G Kirsten,HH Gibbs,CO Obuya,0,0,,,,,,"",""
ball,2,18.2,South Africa,G Kirsten,HH Gibbs,CO Obuya,1,0,,,,,,"",""
ball,2,18.3,South Africa,HH Gibbs,G Kirsten,CO Obuya,1,0,,,,,,"",""
ball,2,18.4,South Africa,G Kirsten,HH Gibbs,CO Obuya,0,0,,,,,,"",""
ball,2,18.5,South Africa,G Kirsten,HH Gibbs,CO Obuya,4,0,,,,,,"",""
ball,2,18.6,South Africa,G Kirsten,HH Gibbs,CO Obuya,1,0,,,,,,"",""
ball,2,19.1,South Africa,G Kirsten,HH Gibbs,PJ Ongondo,4,0,,,,,,"",""
ball,2,19.2,South Africa,G Kirsten,HH Gibbs,PJ Ongondo,1,0,,,,,,"",""
ball,2,19.3,South Africa,HH Gibbs,G Kirsten,PJ Ongondo,0,0,,,,,,"",""
ball,2,19.4,South Africa,HH Gibbs,G Kirsten,PJ Ongondo,0,0,,,,,,"",""
ball,2,19.5,South Africa,HH Gibbs,G Kirsten,PJ Ongondo,0,0,,,,,,"",""
ball,2,19.6,South Africa,HH Gibbs,G Kirsten,PJ Ongondo,0,0,,,,,,"",""
ball,2,20.1,South Africa,G Kirsten,HH Gibbs,CO Obuya,0,0,,,,,,"",""
ball,2,20.2,South Africa,G Kirsten,HH Gibbs,CO Obuya,2,0,,,,,,"",""
ball,2,20.3,South Africa,G Kirsten,HH Gibbs,CO Obuya,4,0,,,,,,"",""
ball,2,20.4,South Africa,G Kirsten,HH Gibbs,CO Obuya,0,0,,,,,,"",""
ball,2,20.5,South Africa,G Kirsten,HH Gibbs,CO Obuya,4,0,,,,,,"",""
ball,2,20.6,South Africa,G Kirsten,HH Gibbs,CO Obuya,4,0,,,,,,"",""
ball,2,21.1,South Africa,HH Gibbs,G Kirsten,PJ Ongondo,4,0,,,,,,"",""
ball,2,21.2,South Africa,HH Gibbs,G Kirsten,PJ Ongondo,4,0,,,,,,"",""
