version,1.7.0
info,balls_per_over,6
info,team,India
info,team,Namibia
info,gender,male
info,season,2002/03
info,date,2003/02/23
info,event,ICC World Cup
info,match_number,25
info,venue,"City Oval, Pietermaritzburg"
info,city,Pietermaritzburg
info,toss_winner,Namibia
info,toss_decision,field
info,player_of_match,SR Tendulkar
info,umpire,Aleem Dar
info,umpire,DR Shepherd
info,tv_umpire,KC Barbour
info,match_referee,Wasim Raja
info,winner,India
info,winner_runs,181
info,player,India,V Sehwag
info,player,India,SR Tendulkar
info,player,India,SC Ganguly
info,player,India,Yuvraj Singh
info,player,India,R Dravid
info,player,India,D Mongia
info,player,India,M Kaif
info,player,India,Harbhajan Singh
info,player,India,Z Khan
info,player,India,A Nehra
info,player,India,J Srinath
info,player,Namibia,SJ Swanepoel
info,player,Namibia,AJ Burger
info,player,Namibia,LJ Burger
info,player,Namibia,D Keulder
info,player,Namibia,GB Murgatroyd
info,player,Namibia,DB Kotze
info,player,Namibia,M van Schoor
info,player,Namibia,BO van Rooi
info,player,Namibia,BL Kotze
info,player,Namibia,G Snyman
info,player,Namibia,RJ van Vuuren
info,registry,people,A Nehra,96fd40ae
info,registry,people,AJ Burger,4347a4ae
info,registry,people,Aleem Dar,f02778d1
info,registry,people,BL Kotze,540ffb25
info,registry,people,BO van Rooi,047945ae
info,registry,people,D Keulder,34c823b0
info,registry,people,D Mongia,99663fa5
info,registry,people,DB Kotze,5ee47383
info,registry,people,DR Shepherd,8a578048
info,registry,people,G Snyman,5af592d2
info,registry,people,GB Murgatroyd,18356eb3
info,registry,people,Harbhajan Singh,8b5b6769
info,registry,people,J Srinath,bad31fac
info,registry,people,KC Barbour,4359f89a
info,registry,people,LJ Burger,6f4d314b
info,registry,people,M Kaif,d84378a4
info,registry,people,M van Schoor,74bd2653
info,registry,people,R Dravid,0184dc35
info,registry,people,RJ van Vuuren,0882b3f1
info,registry,people,SC Ganguly,725529bc
info,registry,people,SJ Swanepoel,31e31116
info,registry,people,SR Tendulkar,d2c2b2d5
info,registry,people,V Sehwag,8ba8195d
info,registry,people,Wasim Raja,d8bce357
info,registry,people,Yuvraj Singh,1c914163
info,registry,people,Z Khan,91a4a398
ball,1,0.1,India,V Sehwag,SR Tendulkar,G Snyman,1,0,,,,,,"",""
ball,1,0.2,India,SR Tendulkar,V Sehwag,G Snyman,1,0,,,,,,"",""
ball,1,0.3,India,V Sehwag,SR Tendulkar,G Snyman,0,1,1,,,,,"",""
ball,1,0.4,India,V Sehwag,SR Tendulkar,G Snyman,0,0,,,,,,"",""
ball,1,0.5,India,V Sehwag,SR Tendulkar,G Snyman,0,0,,,,,,"",""
ball,1,0.6,India,V Sehwag,SR Tendulkar,G Snyman,0,0,,,,,,"",""
ball,1,0.7,India,V Sehwag,SR Tendulkar,G Snyman,0,0,,,,,,"",""
ball,1,1.1,India,SR Tendulkar,V Sehwag,RJ van Vuuren,1,0,,,,,,"",""
ball,1,1.2,India,V Sehwag,SR Tendulkar,RJ van Vuuren,0,0,,,,,,"",""
ball,1,1.3,India,V Sehwag,SR Tendulkar,RJ van Vuuren,1,0,,,,,,"",""
ball,1,1.4,India,SR Tendulkar,V Sehwag,RJ van Vuuren,1,0,,,,,,"",""
ball,1,1.5,India,V Sehwag,SR Tendulkar,RJ van Vuuren,1,0,,,,,,"",""
ball,1,1.6,India,SR Tendulkar,V Sehwag,RJ van Vuuren,0,0,,,,,,"",""
ball,1,2.1,India,V Sehwag,SR Tendulkar,G Snyman,0,1,,,,1,,"",""
ball,1,2.2,India,SR Tendulkar,V Sehwag,G Snyman,2,0,,,,,,"",""
ball,1,2.3,India,SR Tendulkar,V Sehwag,G Snyman,2,0,,,,,,"",""
ball,1,2.4,India,SR Tendulkar,V Sehwag,G Snyman,0,0,,,,,,"",""
ball,1,2.5,India,SR Tendulkar,V Sehwag,G Snyman,0,0,,,,,,"",""
ball,1,2.6,India,SR Tendulkar,V Sehwag,G Snyman,1,0,,,,,,"",""
ball,1,3.1,India,SR Tendulkar,V Sehwag,RJ van Vuuren,0,0,,,,,,"",""
ball,1,3.2,India,SR Tendulkar,V Sehwag,RJ van Vuuren,0,0,,,,,,"",""
ball,1,3.3,India,SR Tendulkar,V Sehwag,RJ van Vuuren,0,0,,,,,,"",""
ball,1,3.4,India,SR Tendulkar,V Sehwag,RJ van Vuuren,4,0,,,,,,"",""
ball,1,3.5,India,SR Tendulkar,V Sehwag,RJ van Vuuren,0,0,,,,,,"",""
ball,1,3.6,India,SR Tendulkar,V Sehwag,RJ van Vuuren,2,0,,,,,,"",""
ball,1,4.1,India,V Sehwag,SR Tendulkar,G Snyman,0,1,,1,,,,"",""
ball,1,4.2,India,V Sehwag,SR Tendulkar,G Snyman,0,0,,,,,,"",""
ball,1,4.3,India,V Sehwag,SR Tendulkar,G Snyman,0,0,,,,,,"",""
ball,1,4.4,India,V Sehwag,SR Tendulkar,G Snyman,2,0,,,,,,"",""
ball,1,4.5,India,V Sehwag,SR Tendulkar,G Snyman,4,0,,,,,,"",""
ball,1,4.6,India,V Sehwag,SR Tendulkar,G Snyman,4,0,,,,,,"",""
ball,1,4.7,India,V Sehwag,SR Tendulkar,G Snyman,0,0,,,,,,"",""
ball,1,5.1,India,SR Tendulkar,V Sehwag,RJ van Vuuren,0,0,,,,,,"",""
ball,1,5.2,India,SR Tendulkar,V Sehwag,RJ van Vuuren,0,0,,,,,,"",""
ball,1,5.3,India,SR Tendulkar,V Sehwag,RJ van Vuuren,0,0,,,,,,"",""
ball,1,5.4,India,SR Tendulkar,V Sehwag,RJ van Vuuren,0,1,1,,,,,"",""
ball,1,5.5,India,SR Tendulkar,V Sehwag,RJ van Vuuren,0,0,,,,,,"",""
ball,1,5.6,India,SR Tendulkar,V Sehwag,RJ van Vuuren,0,0,,,,,,"",""
ball,1,5.7,India,SR Tendulkar,V Sehwag,RJ van Vuuren,0,0,,,,,,"",""
ball,1,6.1,India,V Sehwag,SR Tendulkar,G Snyman,0,0,,,,,,"",""
ball,1,6.2,India,V Sehwag,SR Tendulkar,G Snyman,0,0,,,,,,"",""
ball,1,6.3,India,V Sehwag,SR Tendulkar,G Snyman,0,0,,,,,,"",""
ball,1,6.4,India,V Sehwag,SR Tendulkar,G Snyman,2,0,,,,,,"",""
ball,1,6.5,India,V Sehwag,SR Tendulkar,G Snyman,1,0,,,,,,"",""
ball,1,6.6,India,SR Tendulkar,V Sehwag,G Snyman,3,0,,,,,,"",""
ball,1,7.1,India,SR Tendulkar,V Sehwag,RJ van Vuuren,0,0,,,,,,"",""
ball,1,7.2,India,SR Tendulkar,V Sehwag,RJ van Vuuren,1,0,,,,,,"",""
ball,1,7.3,India,V Sehwag,SR Tendulkar,RJ van Vuuren,4,0,,,,,,"",""
ball,1,7.4,India,V Sehwag,SR Tendulkar,RJ van Vuuren,4,0,,,,,,"",""
ball,1,7.5,India,V Sehwag,SR Tendulkar,RJ van Vuuren,0,0,,,,,,caught,V Sehwag
ball,1,7.6,India,SC Ganguly,SR Tendulkar,RJ van Vuuren,0,0,,,,,,"",""
ball,1,8.1,India,SR Tendulkar,SC Ganguly,G Snyman,0,0,,,,,,"",""
ball,1,8.2,India,SR Tendulkar,SC Ganguly,G Snyman,0,0,,,,,,"",""
ball,1,8.3,India,SR Tendulkar,SC Ganguly,G Snyman,0,0,,,,,,"",""
ball,1,8.4,India,SR Tendulkar,SC Ganguly,G Snyman,0,0,,,,,,"",""
ball,1,8.5,India,SR Tendulkar,SC Ganguly,G Snyman,0,1,1,,,,,"",""
ball,1,8.6,India,SR Tendulkar,SC Ganguly,G Snyman,0,0,,,,,,"",""
ball,1,8.7,India,SR Tendulkar,SC Ganguly,G Snyman,0,0,,,,,,"",""
ball,1,9.1,India,SC Ganguly,SR Tendulkar,RJ van Vuuren,1,0,,,,,,"",""
ball,1,9.2,India,SR Tendulkar,SC Ganguly,RJ van Vuuren,0,0,,,,,,"",""
ball,1,9.3,India,SR Tendulkar,SC Ganguly,RJ van Vuuren,0,0,,,,,,"",""
ball,1,9.4,India,SR Tendulkar,SC Ganguly,RJ van Vuuren,0,0,,,,,,"",""
ball,1,9.5,India,SR Tendulkar,SC Ganguly,RJ van Vuuren,0,0,,,,,,"",""
ball,1,9.6,India,SR Tendulkar,SC Ganguly,RJ van Vuuren,0,0,,,,,,"",""
ball,1,10.1,India,SC Ganguly,SR Tendulkar,LJ Burger,1,0,,,,,,"",""
ball,1,10.2,India,SR Tendulkar,SC Ganguly,LJ Burger,0,0,,,,,,"",""
ball,1,10.3,India,SR Tendulkar,SC Ganguly,LJ Burger,0,0,,,,,,"",""
ball,1,10.4,India,SR Tendulkar,SC Ganguly,LJ Burger,0,5,5,,,,,"",""
ball,1,10.5,India,SR Tendulkar,SC Ganguly,LJ Burger,0,0,,,,,,"",""
ball,1,10.6,India,SR Tendulkar,SC Ganguly,LJ Burger,4,0,,,,,,"",""
ball,1,10.7,India,SR Tendulkar,SC Ganguly,LJ Burger,4,0,,,,,,"",""
ball,1,11.1,India,SC Ganguly,SR Tendulkar,RJ van Vuuren,0,0,,,,,,"",""
ball,1,11.2,India,SC Ganguly,SR Tendulkar,RJ van Vuuren,0,0,,,,,,"",""
ball,1,11.3,India,SC Ganguly,SR Tendulkar,RJ van Vuuren,0,0,,,,,,"",""
ball,1,11.4,India,SC Ganguly,SR Tendulkar,RJ van Vuuren,0,0,,,,,,"",""
ball,1,11.5,India,SC Ganguly,SR Tendulkar,RJ van Vuuren,0,0,,,,,,"",""
ball,1,11.6,India,SC Ganguly,SR Tendulkar,RJ van Vuuren,0,0,,,,,,"",""
ball,1,12.1,India,SR Tendulkar,SC Ganguly,LJ Burger,0,0,,,,,,"",""
ball,1,12.2,India,SR Tendulkar,SC Ganguly,LJ Burger,0,0,,,,,,"",""
ball,1,12.3,India,SR Tendulkar,SC Ganguly,LJ Burger,2,0,,,,,,"",""
ball,1,12.4,India,SR Tendulkar,SC Ganguly,LJ Burger,4,0,,,,,,"",""
ball,1,12.5,India,SR Tendulkar,SC Ganguly,LJ Burger,0,0,,,,,,"",""
ball,1,12.6,India,SR Tendulkar,SC Ganguly,LJ Burger,2,0,,,,,,"",""
ball,1,13.1,India,SC Ganguly,SR Tendulkar,RJ van Vuuren,0,0,,,,,,"",""
ball,1,13.2,India,SC Ganguly,SR Tendulkar,RJ van Vuuren,0,0,,,,,,"",""
ball,1,13.3,India,SC Ganguly,SR Tendulkar,RJ van Vuuren,1,0,,,,,,"",""
ball,1,13.4,India,SR Tendulkar,SC Ganguly,RJ van Vuuren,1,0,,,,,,"",""
ball,1,13.5,India,SC Ganguly,SR Tendulkar,RJ van Vuuren,0,0,,,,,,"",""
ball,1,13.6,India,SC Ganguly,SR Tendulkar,RJ van Vuuren,0,0,,,,,,"",""
ball,1,14.1,India,SR Tendulkar,SC Ganguly,BO van Rooi,2,0,,,,,,"",""
ball,1,14.2,India,SR Tendulkar,SC Ganguly,BO van Rooi,1,0,,,,,,"",""
ball,1,14.3,India,SC Ganguly,SR Tendulkar,BO van Rooi,1,0,,,,,,"",""
ball,1,14.4,India,SR Tendulkar,SC Ganguly,BO van Rooi,0,0,,,,,,"",""
ball,1,14.5,India,SR Tendulkar,SC Ganguly,BO van Rooi,0,0,,,,,,"",""
ball,1,14.6,India,SR Tendulkar,SC Ganguly,BO van Rooi,1,0,,,,,,"",""
ball,1,15.1,India,SR Tendulkar,SC Ganguly,BL Kotze,0,0,,,,,,"",""
ball,1,15.2,India,SR Tendulkar,SC Ganguly,BL Kotze,0,0,,,,,,"",""
ball,1,15.3,India,SR Tendulkar,SC Ganguly,BL Kotze,2,0,,,,,,"",""
ball,1,15.4,India,SR Tendulkar,SC Ganguly,BL Kotze,1,0,,,,,,"",""
ball,1,15.5,India,SC Ganguly,SR Tendulkar,BL Kotze,1,0,,,,,,"",""
ball,1,15.6,India,SR Tendulkar,SC Ganguly,BL Kotze,0,0,,,,,,"",""
ball,1,16.1,India,SC Ganguly,SR Tendulkar,BO van Rooi,0,0,,,,,,"",""
ball,1,16.2,India,SC Ganguly,SR Tendulkar,BO van Rooi,0,0,,,,,,"",""
ball,1,16.3,India,SC Ganguly,SR Tendulkar,BO van Rooi,0,0,,,,,,"",""
ball,1,16.4,India,SC Ganguly,SR Tendulkar,BO van Rooi,1,0,,,,,,"",""
ball,1,16.5,India,SR Tendulkar,SC Ganguly,BO van Rooi,0,0,,,,,,"",""
ball,1,16.6,India,SR Tendulkar,SC Ganguly,BO van Rooi,0,0,,,,,,"",""
ball,1,17.1,India,SC Ganguly,SR Tendulkar,BL Kotze,0,0,,,,,,"",""
ball,1,17.2,India,SC Ganguly,SR Tendulkar,BL Kotze,0,0,,,,,,"",""
ball,1,17.3,India,SC Ganguly,SR Tendulkar,BL Kotze,0,0,,,,,,"",""
ball,1,17.4,India,SC Ganguly,SR Tendulkar,BL Kotze,1,0,,,,,,"",""
ball,1,17.5,India,SR Tendulkar,SC Ganguly,BL Kotze,0,0,,,,,,"",""
ball,1,17.6,India,SR Tendulkar,SC Ganguly,BL Kotze,0,0,,,,,,"",""
ball,1,18.1,India,SC Ganguly,SR Tendulkar,BO van Rooi,0,0,,,,,,"",""
ball,1,18.2,India,SC Ganguly,SR Tendulkar,BO van Rooi,1,0,,,,,,"",""
ball,1,18.3,India,SR Tendulkar,SC Ganguly,BO van Rooi,0,0,,,,,,"",""
ball,1,18.4,India,SR Tendulkar,SC Ganguly,BO van Rooi,4,0,,,,,,"",""
ball,1,18.5,India,SR Tendulkar,SC Ganguly,BO van Rooi,0,0,,,,,,"",""
ball,1,18.6,India,SR Tendulkar,SC Ganguly,BO van Rooi,0,0,,,,,,"",""
ball,1,19.1,India,SC Ganguly,SR Tendulkar,BL Kotze,1,0,,,,,,"",""
ball,1,19.2,India,SR Tendulkar,SC Ganguly,BL Kotze,4,0,,,,,,"",""
ball,1,19.3,India,SR Tendulkar,SC Ganguly,BL Kotze,0,0,,,,,,"",""
ball,1,19.4,India,SR Tendulkar,SC Ganguly,BL Kotze,0,0,,,,,,"",""
ball,1,19.5,India,SR Tendulkar,SC Ganguly,BL Kotze,0,0,,,,,,"",""
ball,1,19.6,India,SR Tendulkar,SC Ganguly,BL Kotze,1,0,,,,,,"",""
ball,1,20.1,India,SR Tendulkar,SC Ganguly,BO van Rooi,2,0,,,,,,"",""
ball,1,20.2,India,SR Tendulkar,SC Ganguly,BO van Rooi,1,0,,,,,,"",""
ball,1,20.3,India,SC Ganguly,SR Tendulkar,BO van Rooi,0,0,,,,,,"",""
ball,1,20.4,India,SC Ganguly,SR Tendulkar,BO van Rooi,0,0,,,,,,"",""
ball,1,20.5,India,SC Ganguly,SR Tendulkar,BO van Rooi,2,0,,,,,,"",""
ball,1,20.6,India,SC Ganguly,SR Tendulkar,BO van Rooi,1,0,,,,,,"",""
ball,1,21.1,India,SC Ganguly,SR Tendulkar,BL Kotze,1,0,,,,,,"",""
ball,1,21.2,India,SR Tendulkar,SC Ganguly,BL Kotze,4,0,,,,,,"",""
ball,1,21.3,India,SR Tendulkar,SC Ganguly,BL Kotze,4,0,,,,,,"",""
ball,1,21.4,India,SR Tendulkar,SC Ganguly,BL Kotze,0,0,,,,,,"",""
ball,1,21.5,India,SR Tendulkar,SC Ganguly,BL Kotze,1,0,,,,,,"",""
ball,1,21.6,India,SC Ganguly,SR Tendulkar,BL Kotze,1,0,,,,,,"",""
ball,1,22.1,India,SC Ganguly,SR Tendulkar,BO van Rooi,6,0,,,,,,"",""
ball,1,22.2,India,SC Ganguly,SR Tendulkar,BO van Rooi,1,0,,,,,,"",""
ball,1,22.3,India,SR Tendulkar,SC Ganguly,BO van Rooi,0,1,1,,,,,"",""
ball,1,22.4,India,SR Tendulkar,SC Ganguly,BO van Rooi,1,0,,,,,,"",""
ball,1,22.5,India,SC Ganguly,SR Tendulkar,BO van Rooi,0,0,,,,,,"",""
ball,1,22.6,India,SC Ganguly,SR Tendulkar,BO van Rooi,1,0,,,,,,"",""
ball,1,22.7,India,SR Tendulkar,SC Ganguly,BO van Rooi,1,0,,,,,,"",""
ball,1,23.1,India,SR Tendulkar,SC Ganguly,BL Kotze,1,0,,,,,,"",""
ball,1,23.2,India,SC Ganguly,SR Tendulkar,BL Kotze,0,0,,,,,,"",""
ball,1,23.3,India,SC Ganguly,SR Tendulkar,BL Kotze,1,0,,,,,,"",""
ball,1,23.4,India,SR Tendulkar,SC Ganguly,BL Kotze,0,0,,,,,,"",""
ball,1,23.5,India,SR Tendulkar,SC Ganguly,BL Kotze,1,0,,,,,,"",""
ball,1,23.6,India,SC Ganguly,SR Tendulkar,BL Kotze,1,0,,,,,,"",""
ball,1,24.1,India,SC Ganguly,SR Tendulkar,DB Kotze,1,0,,,,,,"",""
ball,1,24.2,India,SR Tendulkar,SC Ganguly,DB Kotze,1,0,,,,,,"",""
ball,1,24.3,India,SC Ganguly,SR Tendulkar,DB Kotze,1,0,,,,,,"",""
ball,1,24.4,India,SR Tendulkar,SC Ganguly,DB Kotze,1,0,,,,,,"",""
ball,1,24.5,India,SC Ganguly,SR Tendulkar,DB Kotze,1,0,,,,,,"",""
ball,1,24.6,India,SR Tendulkar,SC Ganguly,DB Kotze,1,0,,,,,,"",""
ball,1,25.1,India,SR Tendulkar,SC Ganguly,BL Kotze,4,0,,,,,,"",""
ball,1,25.2,India,SR Tendulkar,SC Ganguly,BL Kotze,2,0,,,,,,"",""
ball,1,25.3,India,SR Tendulkar,SC Ganguly,BL Kotze,1,0,,,,,,"",""
ball,1,25.4,India,SC Ganguly,SR Tendulkar,BL Kotze,0,1,,,,1,,"",""
ball,1,25.5,India,SR Tendulkar,SC Ganguly,BL Kotze,1,0,,,,,,"",""
ball,1,25.6,India,SC Ganguly,SR Tendulkar,BL Kotze,0,0,,,,,,"",""
ball,1,26.1,India,SR Tendulkar,SC Ganguly,DB Kotze,0,1,1,,,,,"",""
ball,1,26.2,India,SR Tendulkar,SC Ganguly,DB Kotze,0,0,,,,,,"",""
ball,1,26.3,India,SR Tendulkar,SC Ganguly,DB Kotze,1,0,,,,,,"",""
ball,1,26.4,India,SC Ganguly,SR Tendulkar,DB Kotze,0,0,,,,,,"",""
ball,1,26.5,India,SC Ganguly,SR Tendulkar,DB Kotze,4,0,,,,,,"",""
ball,1,26.6,India,SC Ganguly,SR Tendulkar,DB Kotze,1,0,,,,,,"",""
ball,1,26.7,India,SR Tendulkar,SC Ganguly,DB Kotze,0,0,,,,,,"",""
ball,1,27.1,India,SC Ganguly,SR Tendulkar,G Snyman,1,0,,,,,,"",""
ball,1,27.2,India,SR Tendulkar,SC Ganguly,G Snyman,1,0,,,,,,"",""
ball,1,27.3,India,SC Ganguly,SR Tendulkar,G Snyman,1,0,,,,,,"",""
ball,1,27.4,India,SR Tendulkar,SC Ganguly,G Snyman,1,0,,,,,,"",""
ball,1,27.5,India,SC Ganguly,SR Tendulkar,G Snyman,1,0,,,,,,"",""
ball,1,27.6,India,SR Tendulkar,SC Ganguly,G Snyman,0,0,,,,,,"",""
ball,1,28.1,India,SC Ganguly,SR Tendulkar,DB Kotze,1,0,,,,,,"",""
ball,1,28.2,India,SR Tendulkar,SC Ganguly,DB Kotze,2,0,,,,,,"",""
ball,1,28.3,India,SR Tendulkar,SC Ganguly,DB Kotze,1,0,,,,,,"",""
ball,1,28.4,India,SC Ganguly,SR Tendulkar,DB Kotze,0,0,,,,,,"",""
ball,1,28.5,India,SC Ganguly,SR Tendulkar,DB Kotze,0,0,,,,,,"",""
ball,1,28.6,India,SC Ganguly,SR Tendulkar,DB Kotze,1,0,,,,,,"",""
ball,1,29.1,India,SC Ganguly,SR Tendulkar,G Snyman,1,0,,,,,,"",""
ball,1,29.2,India,SR Tendulkar,SC Ganguly,G Snyman,1,0,,,,,,"",""
ball,1,29.3,India,SC Ganguly,SR Tendulkar,G Snyman,0,1,1,,,,,"",""
ball,1,29.4,India,SC Ganguly,SR Tendulkar,G Snyman,0,0,,,,,,"",""
ball,1,29.5,India,SC Ganguly,SR Tendulkar,G Snyman,1,0,,,,,,"",""
ball,1,29.6,India,SR Tendulkar,SC Ganguly,G Snyman,4,0,,,,,,"",""
ball,1,29.7,India,SR Tendulkar,SC Ganguly,G Snyman,0,0,,,,,,"",""
ball,1,30.1,India,SC Ganguly,SR Tendulkar,DB Kotze,2,0,,,,,,"",""
ball,1,30.2,India,SC Ganguly,SR Tendulkar,DB Kotze,0,0,,,,,,"",""
ball,1,30.3,India,SC Ganguly,SR Tendulkar,DB Kotze,0,0,,,,,,"",""
ball,1,30.4,India,SC Ganguly,SR Tendulkar,DB Kotze,0,0,,,,,,"",""
ball,1,30.5,India,SC Ganguly,SR Tendulkar,DB Kotze,0,0,,,,,,"",""
ball,1,30.6,India,SC Ganguly,SR Tendulkar,DB Kotze,0,0,,,,,,"",""
ball,1,31.1,India,SR Tendulkar,SC Ganguly,G Snyman,4,0,,,,,,"",""
ball,1,31.2,India,SR Tendulkar,SC Ganguly,G Snyman,1,0,,,,,,"",""
ball,1,31.3,India,SC Ganguly,SR Tendulkar,G Snyman,1,0,,,,,,"",""
ball,1,31.4,India,SR Tendulkar,SC Ganguly,G Snyman,0,0,,,,,,"",""
ball,1,31.5,India,SR Tendulkar,SC Ganguly,G Snyman,1,0,,,,,,"",""
ball,1,31.6,India,SC Ganguly,SR Tendulkar,G Snyman,1,0,,,,,,"",""
ball,1,32.1,India,SC Ganguly,SR Tendulkar,DB Kotze,0,1,1,,,,,"",""
ball,1,32.2,India,SC Ganguly,SR Tendulkar,DB Kotze,1,0,,,,,,"",""
ball,1,32.3,India,SR Tendulkar,SC Ganguly,DB Kotze,0,0,,,,,,"",""
ball,1,32.4,India,SR Tendulkar,SC Ganguly,DB Kotze,0,0,,,,,,"",""
ball,1,32.5,India,SR Tendulkar,SC Ganguly,DB Kotze,0,0,,,,,,"",""
ball,1,32.6,India,SR Tendulkar,SC Ganguly,DB Kotze,0,0,,,,,,"",""
ball,1,32.7,India,SR Tendulkar,SC Ganguly,DB Kotze,1,0,,,,,,"",""
ball,1,33.1,India,SR Tendulkar,SC Ganguly,G Snyman,0,0,,,,,,"",""
ball,1,33.2,India,SR Tendulkar,SC Ganguly,G Snyman,0,0,,,,,,"",""
ball,1,33.3,India,SR Tendulkar,SC Ganguly,G Snyman,0,0,,,,,,"",""
ball,1,33.4,India,SR Tendulkar,SC Ganguly,G Snyman,1,0,,,,,,"",""
ball,1,33.5,India,SC Ganguly,SR Tendulkar,G Snyman,0,0,,,,,,"",""
ball,1,33.6,India,SC Ganguly,SR Tendulkar,G Snyman,1,0,,,,,,"",""
ball,1,34.1,India,SC Ganguly,SR Tendulkar,DB Kotze,2,0,,,,,,"",""
ball,1,34.2,India,SC Ganguly,SR Tendulkar,DB Kotze,0,0,,,,,,"",""
ball,1,34.3,India,SC Ganguly,SR Tendulkar,DB Kotze,0,0,,,,,,"",""
ball,1,34.4,India,SC Ganguly,SR Tendulkar,DB Kotze,0,0,,,,,,"",""
ball,1,34.5,India,SC Ganguly,SR Tendulkar,DB Kotze,0,0,,,,,,"",""
ball,1,34.6,India,SC Ganguly,SR Tendulkar,DB Kotze,6,0,,,,,,"",""
ball,1,35.1,India,SR Tendulkar,SC Ganguly,G Snyman,1,0,,,,,,"",""
ball,1,35.2,India,SC Ganguly,SR Tendulkar,G Snyman,2,0,,,,,,"",""
ball,1,35.3,India,SC Ganguly,SR Tendulkar,G Snyman,0,0,,,,,,"",""
ball,1,35.4,India,SC Ganguly,SR Tendulkar,G Snyman,4,0,,,,,,"",""
ball,1,35.5,India,SC Ganguly,SR Tendulkar,G Snyman,0,0,,,,,,"",""
ball,1,35.6,India,SC Ganguly,SR Tendulkar,G Snyman,1,0,,,,,,"",""
ball,1,36.1,India,SC Ganguly,SR Tendulkar,DB Kotze,2,0,,,,,,"",""
ball,1,36.2,India,SC Ganguly,SR Tendulkar,DB Kotze,1,0,,,,,,"",""
ball,1,36.3,India,SR Tendulkar,SC Ganguly,DB Kotze,1,0,,,,,,"",""
ball,1,36.4,India,SC Ganguly,SR Tendulkar,DB Kotze,0,0,,,,,,"",""
ball,1,36.5,India,SC Ganguly,SR Tendulkar,DB Kotze,1,0,,,,,,"",""
ball,1,36.6,India,SR Tendulkar,SC Ganguly,DB Kotze,1,0,,,,,,"",""
ball,1,37.1,India,SR Tendulkar,SC Ganguly,LJ Burger,1,0,,,,,,"",""
ball,1,37.2,India,SC Ganguly,SR Tendulkar,LJ Burger,0,0,,,,,,"",""
ball,1,37.3,India,SC Ganguly,SR Tendulkar,LJ Burger,0,0,,,,,,"",""
ball,1,37.4,India,SC Ganguly,SR Tendulkar,LJ Burger,0,0,,,,,,"",""
ball,1,37.5,India,SC Ganguly,SR Tendulkar,LJ Burger,0,0,,,,,,"",""
ball,1,37.6,India,SC Ganguly,SR Tendulkar,LJ Burger,0,0,,,,,,"",""
ball,1,38.1,India,SR Tendulkar,SC Ganguly,DB Kotze,1,0,,,,,,"",""
ball,1,38.2,India,SC Ganguly,SR Tendulkar,DB Kotze,6,0,,,,,,"",""
ball,1,38.3,India,SC Ganguly,SR Tendulkar,DB Kotze,4,0,,,,,,"",""
ball,1,38.4,India,SC Ganguly,SR Tendulkar,DB Kotze,0,0,,,,,,"",""
ball,1,38.5,India,SC Ganguly,SR Tendulkar,DB Kotze,0,0,,,,,,"",""
ball,1,38.6,India,SC Ganguly,SR Tendulkar,DB Kotze,0,1,1,,,,,"",""
ball,1,38.7,India,SC Ganguly,SR Tendulkar,DB Kotze,1,0,,,,,,"",""
ball,1,39.1,India,SC Ganguly,SR Tendulkar,LJ Burger,0,0,,,,,,"",""
ball,1,39.2,India,SC Ganguly,SR Tendulkar,LJ Burger,1,0,,,,,,"",""
ball,1,39.3,India,SR Tendulkar,SC Ganguly,LJ Burger,0,0,,,,,,"",""
ball,1,39.4,India,SR Tendulkar,SC Ganguly,LJ Burger,4,0,,,,,,"",""
ball,1,39.5,India,SR Tendulkar,SC Ganguly,LJ Burger,0,0,,,,,,"",""
ball,1,39.6,India,SR Tendulkar,SC Ganguly,LJ Burger,4,0,,,,,,"",""
ball,1,40.1,India,SC Ganguly,SR Tendulkar,BL Kotze,1,0,,,,,,"",""
ball,1,40.2,India,SR Tendulkar,SC Ganguly,BL Kotze,2,0,,,,,,"",""
ball,1,40.3,India,SR Tendulkar,SC Ganguly,BL Kotze,1,0,,,,,,"",""
ball,1,40.4,India,SC Ganguly,SR Tendulkar,BL Kotze,1,0,,,,,,"",""
ball,1,40.5,India,SR Tendulkar,SC Ganguly,BL Kotze,1,0,,,,,,"",""
ball,1,40.6,India,SC Ganguly,SR Tendulkar,BL Kotze,2,0,,,,,,"",""
ball,1,41.1,India,SR Tendulkar,SC Ganguly,LJ Burger,1,0,,,,,,"",""
ball,1,41.2,India,SC Ganguly,SR Tendulkar,LJ Burger,1,0,,,,,,"",""
ball,1,41.3,India,SR Tendulkar,SC Ganguly,LJ Burger,1,0,,,,,,"",""
ball,1,41.4,India,SC Ganguly,SR Tendulkar,LJ Burger,1,0,,,,,,"",""
ball,1,41.5,India,SR Tendulkar,SC Ganguly,LJ Burger,1,0,,,,,,"",""
ball,1,41.6,India,SC Ganguly,SR Tendulkar,LJ Burger,1,0,,,,,,"",""
ball,1,42.1,India,SC Ganguly,SR Tendulkar,BL Kotze,1,0,,,,,,"",""
ball,1,42.2,India,SR Tendulkar,SC Ganguly,BL Kotze,4,0,,,,,,"",""
ball,1,42.3,India,SR Tendulkar,SC Ganguly,BL Kotze,0,0,,,,,,"",""
ball,1,42.4,India,SR Tendulkar,SC Ganguly,BL Kotze,0,0,,,,,,"",""
ball,1,42.5,India,SR Tendulkar,SC Ganguly,BL Kotze,4,0,,,,,,"",""
ball,1,42.6,India,SR Tendulkar,SC Ganguly,BL Kotze,1,0,,,,,,"",""
ball,1,43.1,India,SR Tendulkar,SC Ganguly,LJ Burger,1,0,,,,,,"",""
ball,1,43.2,India,SC Ganguly,SR Tendulkar,LJ Burger,4,0,,,,,,"",""
ball,1,43.3,India,SC Ganguly,SR Tendulkar,LJ Burger,2,0,,,,,,"",""
ball,1,43.4,India,SC Ganguly,SR Tendulkar,LJ Burger,1,0,,,,,,"",""
ball,1,43.5,India,SR Tendulkar,SC Ganguly,LJ Burger,2,0,,,,,,"",""
ball,1,43.6,India,SR Tendulkar,SC Ganguly,LJ Burger,1,0,,,,,,"",""
ball,1,44.1,India,SR Tendulkar,SC Ganguly,BL Kotze,2,0,,,,,,"",""
ball,1,44.2,India,SR Tendulkar,SC Ganguly,BL Kotze,1,0,,,,,,"",""
ball,1,44.3,India,SC Ganguly,SR Tendulkar,BL Kotze,1,0,,,,,,"",""
ball,1,44.4,India,SR Tendulkar,SC Ganguly,BL Kotze,2,0,,,,,,"",""
ball,1,44.5,India,SR Tendulkar,SC Ganguly,BL Kotze,0,0,,,,,,"",""
ball,1,44.6,India,SR Tendulkar,SC Ganguly,BL Kotze,1,0,,,,,,"",""
ball,1,45.1,India,SR Tendulkar,SC Ganguly,RJ van Vuuren,0,0,,,,,,"",""
ball,1,45.2,India,SR Tendulkar,SC Ganguly,RJ van Vuuren,0,0,,,,,,"",""
ball,1,45.3,India,SR Tendulkar,SC Ganguly,RJ van Vuuren,4,0,,,,,,"",""
ball,1,45.4,India,SR Tendulkar,SC Ganguly,RJ van Vuuren,1,0,,,,,,"",""
ball,1,45.5,India,SC Ganguly,SR Tendulkar,RJ van Vuuren,4,0,,,,,,"",""
ball,1,45.6,India,SC Ganguly,SR Tendulkar,RJ van Vuuren,0,0,,,,,,"",""
ball,1,46.1,India,SR Tendulkar,SC Ganguly,BL Kotze,1,0,,,,,,"",""
ball,1,46.2,India,SC Ganguly,SR Tendulkar,BL Kotze,1,0,,,,,,"",""
ball,1,46.3,India,SR Tendulkar,SC Ganguly,BL Kotze,1,0,,,,,,"",""
ball,1,46.4,India,SC Ganguly,SR Tendulkar,BL Kotze,0,0,,,,,,"",""
ball,1,46.5,India,SC Ganguly,SR Tendulkar,BL Kotze,1,0,,,,,,"",""
ball,1,46.6,India,SR Tendulkar,SC Ganguly,BL Kotze,1,0,,,,,,"",""
ball,1,47.1,India,SR Tendulkar,SC Ganguly,RJ van Vuuren,0,0,,,,,,"",""
ball,1,47.2,India,SR Tendulkar,SC Ganguly,RJ van Vuuren,4,0,,,,,,"",""
ball,1,47.3,India,SR Tendulkar,SC Ganguly,RJ van Vuuren,4,0,,,,,,"",""
ball,1,47.4,India,SR Tendulkar,SC Ganguly,RJ van Vuuren,0,0,,,,,,bowled,SR Tendulkar
ball,1,47.5,India,Yuvraj Singh,SC Ganguly,RJ van Vuuren,0,0,,,,,,"",""
ball,1,47.6,India,Yuvraj Singh,SC Ganguly,RJ van Vuuren,0,0,,,,,,"",""
ball,1,48.1,India,SC Ganguly,Yuvraj Singh,BO van Rooi,0,0,,,,,,"",""
ball,1,48.2,India,SC Ganguly,Yuvraj Singh,BO van Rooi,4,0,,,,,,"",""
ball,1,48.3,India,SC Ganguly,Yuvraj Singh,BO van Rooi,0,0,,,,,,"",""
ball,1,48.4,India,SC Ganguly,Yuvraj Singh,BO van Rooi,1,0,,,,,,"",""
ball,1,48.5,India,Yuvraj Singh,SC Ganguly,BO van Rooi,1,0,,,,,,"",""
ball,1,48.6,India,SC Ganguly,Yuvraj Singh,BO van Rooi,2,0,,,,,,"",""
ball,1,49.1,India,Yuvraj Singh,SC Ganguly,RJ van Vuuren,4,0,,,,,,"",""
ball,1,49.2,India,Yuvraj Singh,SC Ganguly,RJ van Vuuren,0,0,,,,,,"",""
ball,1,49.3,India,Yuvraj Singh,SC Ganguly,RJ van Vuuren,1,0,,,,,,"",""
ball,1,49.4,India,SC Ganguly,Yuvraj Singh,RJ van Vuuren,6,0,,,,,,"",""
ball,1,49.5,India,SC Ganguly,Yuvraj Singh,RJ van Vuuren,1,0,,,,,,"",""
ball,1,49.6,India,Yuvraj Singh,SC Ganguly,RJ van Vuuren,1,0,,,,,,"",""
ball,2,0.1,Namibia,SJ Swanepoel,AJ Burger,J Srinath,0,0,,,,,,"",""
ball,2,0.2,Namibia,SJ Swanepoel,AJ Burger,J Srinath,0,0,,,,,,"",""
ball,2,0.3,Namibia,SJ Swanepoel,AJ Burger,J Srinath,0,0,,,,,,"",""
ball,2,0.4,Namibia,SJ Swanepoel,AJ Burger,J Srinath,4,0,,,,,,"",""
ball,2,0.5,Namibia,SJ Swanepoel,AJ Burger,J Srinath,0,0,,,,,,"",""
ball,2,0.6,Namibia,SJ Swanepoel,AJ Burger,J Srinath,0,0,,,,,,"",""
ball,2,1.1,Namibia,AJ Burger,SJ Swanepoel,A Nehra,0,0,,,,,,"",""
ball,2,1.2,Namibia,AJ Burger,SJ Swanepoel,Z Khan,0,0,,,,,,"",""
ball,2,1.3,Namibia,AJ Burger,SJ Swanepoel,Z Khan,0,0,,,,,,"",""
ball,2,1.4,Namibia,AJ Burger,SJ Swanepoel,Z Khan,4,0,,,,,,"",""
ball,2,1.5,Namibia,AJ Burger,SJ Swanepoel,Z Khan,0,0,,,,,,"",""
ball,2,1.6,Namibia,AJ Burger,SJ Swanepoel,Z Khan,0,0,,,,,,"",""
ball,2,2.1,Namibia,SJ Swanepoel,AJ Burger,J Srinath,2,0,,,,,,"",""
ball,2,2.2,Namibia,SJ Swanepoel,AJ Burger,J Srinath,0,0,,,,,,"",""
ball,2,2.3,Namibia,SJ Swanepoel,AJ Burger,J Srinath,0,1,1,,,,,"",""
ball,2,2.4,Namibia,SJ Swanepoel,AJ Burger,J Srinath,0,0,,,,,,"",""
ball,2,2.5,Namibia,SJ Swanepoel,AJ Burger,J Srinath,0,0,,,,,,"",""
ball,2,2.6,Namibia,SJ Swanepoel,AJ Burger,J Srinath,1,0,,,,,,"",""
ball,2,2.7,Namibia,AJ Burger,SJ Swanepoel,J Srinath,0,0,,,,,,"",""
ball,2,3.1,Namibia,SJ Swanepoel,AJ Burger,Z Khan,0,0,,,,,,"",""
ball,2,3.2,Namibia,SJ Swanepoel,AJ Burger,Z Khan,1,0,,,,,,"",""
ball,2,3.3,Namibia,AJ Burger,SJ Swanepoel,Z Khan,0,0,,,,,,"",""
ball,2,3.4,Namibia,AJ Burger,SJ Swanepoel,Z Khan,0,0,,,,,,"",""
ball,2,3.5,Namibia,AJ Burger,SJ Swanepoel,Z Khan,4,0,,,,,,"",""
ball,2,3.6,Namibia,AJ Burger,SJ Swanepoel,Z Khan,0,0,,,,,,"",""
ball,2,4.1,Namibia,SJ Swanepoel,AJ Burger,J Srinath,0,0,,,,,,"",""
ball,2,4.2,Namibia,SJ Swanepoel,AJ Burger,J Srinath,0,0,,,,,,"",""
ball,2,4.3,Namibia,SJ Swanepoel,AJ Burger,J Srinath,0,0,,,,,,"",""
ball,2,4.4,Namibia,SJ Swanepoel,AJ Burger,J Srinath,0,0,,,,,,"",""
ball,2,4.5,Namibia,SJ Swanepoel,AJ Burger,J Srinath,0,0,,,,,,"",""
ball,2,4.6,Namibia,SJ Swanepoel,AJ Burger,J Srinath,1,0,,,,,,"",""
ball,2,5.1,Namibia,SJ Swanepoel,AJ Burger,Z Khan,0,1,1,,,,,"",""
ball,2,5.2,Namibia,SJ Swanepoel,AJ Burger,Z Khan,0,0,,,,,,"",""
ball,2,5.3,Namibia,SJ Swanepoel,AJ Burger,Z Khan,0,0,,,,,,lbw,SJ Swanepoel
ball,2,5.4,Namibia,LJ Burger,AJ Burger,Z Khan,0,0,,,,,,"",""
ball,2,5.5,Namibia,LJ Burger,AJ Burger,Z Khan,0,0,,,,,,"",""
ball,2,5.6,Namibia,LJ Burger,AJ Burger,Z Khan,0,0,,,,,,"",""
ball,2,5.7,Namibia,LJ Burger,AJ Burger,Z Khan,0,0,,,,,,"",""
ball,2,6.1,Namibia,AJ Burger,LJ Burger,J Srinath,1,0,,,,,,"",""
ball,2,6.2,Namibia,LJ Burger,AJ Burger,J Srinath,0,0,,,,,,"",""
ball,2,6.3,Namibia,LJ Burger,AJ Burger,J Srinath,0,0,,,,,,"",""
ball,2,6.4,Namibia,LJ Burger,AJ Burger,J Srinath,0,0,,,,,,"",""
ball,2,6.5,Namibia,LJ Burger,AJ Burger,J Srinath,0,0,,,,,,"",""
ball,2,6.6,Namibia,LJ Burger,AJ Burger,J Srinath,0,0,,,,,,"",""
ball,2,7.1,Namibia,AJ Burger,LJ Burger,Z Khan,1,0,,,,,,"",""
ball,2,7.2,Namibia,LJ Burger,AJ Burger,Z Khan,0,0,,,,,,"",""
ball,2,7.3,Namibia,LJ Burger,AJ Burger,Z Khan,0,0,,,,,,"",""
ball,2,7.4,Namibia,LJ Burger,AJ Burger,Z Khan,0,0,,,,,,lbw,LJ Burger
ball,2,7.5,Namibia,D Keulder,AJ Burger,Z Khan,0,0,,,,,,"",""
ball,2,7.6,Namibia,D Keulder,AJ Burger,Z Khan,0,0,,,,,,"",""
ball,2,8.1,Namibia,AJ Burger,D Keulder,J Srinath,0,0,,,,,,"",""
ball,2,8.2,Namibia,AJ Burger,D Keulder,J Srinath,0,0,,,,,,"",""
ball,2,8.3,Namibia,AJ Burger,D Keulder,J Srinath,0,0,,,,,,"",""
ball,2,8.4,Namibia,AJ Burger,D Keulder,J Srinath,0,0,,,,,,"",""
ball,2,8.5,Namibia,AJ Burger,D Keulder,J Srinath,4,0,,,,,,"",""
ball,2,8.6,Namibia,AJ Burger,D Keulder,J Srinath,0,0,,,,,,"",""
ball,2,9.1,Namibia,D Keulder,AJ Burger,Z Khan,0,0,,,,,,"",""
ball,2,9.2,Namibia,D Keulder,AJ Burger,Z Khan,0,0,,,,,,"",""
ball,2,9.3,Namibia,D Keulder,AJ Burger,Z Khan,0,0,,,,,,"",""
ball,2,9.4,Namibia,D Keulder,AJ Burger,Z Khan,2,0,,,,,,"",""
ball,2,9.5,Namibia,D Keulder,AJ Burger,Z Khan,0,0,,,,,,"",""
ball,2,9.6,Namibia,D Keulder,AJ Burger,Z Khan,0,0,,,,,,"",""
ball,2,10.1,Namibia,AJ Burger,D Keulder,J Srinath,4,0,,,,,,"",""
ball,2,10.2,Namibia,AJ Burger,D Keulder,J Srinath,0,0,,,,,,"",""
ball,2,10.3,Namibia,AJ Burger,D Keulder,J Srinath,6,0,,,,,,"",""
ball,2,10.4,Namibia,AJ Burger,D Keulder,J Srinath,0,1,,,,1,,"",""
ball,2,10.5,Namibia,D Keulder,AJ Burger,J Srinath,1,0,,,,,,"",""
ball,2,10.6,Namibia,AJ Burger,D Keulder,J Srinath,0,0,,,,,,"",""
ball,2,11.1,Namibia,D Keulder,AJ Burger,Z Khan,0,0,,,,,,"",""
ball,2,11.2,Namibia,D Keulder,AJ Burger,Z Khan,0,0,,,,,,"",""
ball,2,11.3,Namibia,D Keulder,AJ Burger,Z Khan,0,0,,,,,,"",""
ball,2,11.4,Namibia,D Keulder,AJ Burger,Z Khan,0,1,,1,,,,"",""
ball,2,11.5,Namibia,D Keulder,AJ Burger,Z Khan,1,0,,,,,,"",""
ball,2,11.6,Namibia,AJ Burger,D Keulder,Z Khan,1,0,,,,,,"",""
ball,2,11.7,Namibia,D Keulder,AJ Burger,Z Khan,0,0,,,,,,"",""
ball,2,12.1,Namibia,AJ Burger,D Keulder,Harbhajan Singh,1,0,,,,,,"",""
ball,2,12.2,Namibia,D Keulder,AJ Burger,Harbhajan Singh,0,0,,,,,,"",""
ball,2,12.3,Namibia,D Keulder,AJ Burger,Harbhajan Singh,0,0,,,,,,"",""
ball,2,12.4,Namibia,D Keulder,AJ Burger,Harbhajan Singh,0,0,,,,,,"",""
ball,2,12.5,Namibia,D Keulder,AJ Burger,Harbhajan Singh,0,0,,,,,,caught,D Keulder
ball,2,12.6,Namibia,AJ Burger,GB Murgatroyd,Harbhajan Singh,1,0,,,,,,"",""
ball,2,13.1,Namibia,AJ Burger,GB Murgatroyd,D Mongia,2,0,,,,,,"",""
ball,2,13.2,Namibia,AJ Burger,GB Murgatroyd,D Mongia,0,1,1,,,,,"",""
ball,2,13.3,Namibia,AJ Burger,GB Murgatroyd,D Mongia,0,0,,,,,,"",""
ball,2,13.4,Namibia,AJ Burger,GB Murgatroyd,D Mongia,0,0,,,,,,bowled,AJ Burger
ball,2,13.5,Namibia,DB Kotze,GB Murgatroyd,D Mongia,0,0,,,,,,"",""
ball,2,13.6,Namibia,DB Kotze,GB Murgatroyd,D Mongia,0,0,,,,,,"",""
ball,2,13.7,Namibia,DB Kotze,GB Murgatroyd,D Mongia,0,0,,,,,,"",""
ball,2,14.1,Namibia,GB Murgatroyd,DB Kotze,Harbhajan Singh,0,0,,,,,,"",""
ball,2,14.2,Namibia,GB Murgatroyd,DB Kotze,Harbhajan Singh,0,0,,,,,,"",""
ball,2,14.3,Namibia,GB Murgatroyd,DB Kotze,Harbhajan Singh,0,0,,,,,,"",""
ball,2,14.4,Namibia,GB Murgatroyd,DB Kotze,Harbhajan Singh,0,0,,,,,,"",""
ball,2,14.5,Namibia,GB Murgatroyd,DB Kotze,Harbhajan Singh,0,0,,,,,,"",""
ball,2,14.6,Namibia,GB Murgatroyd,DB Kotze,Harbhajan Singh,0,0,,,,,,lbw,GB Murgatroyd
ball,2,15.1,Namibia,DB Kotze,M van Schoor,D Mongia,0,0,,,,,,"",""
ball,2,15.2,Namibia,DB Kotze,M van Schoor,D Mongia,1,0,,,,,,"",""
ball,2,15.3,Namibia,M van Schoor,DB Kotze,D Mongia,1,0,,,,,,"",""
ball,2,15.4,Namibia,DB Kotze,M van Schoor,D Mongia,1,0,,,,,,"",""
ball,2,15.5,Namibia,M van Schoor,DB Kotze,D Mongia,0,0,,,,,,"",""
ball,2,15.6,Namibia,M van Schoor,DB Kotze,D Mongia,0,0,,,,,,"",""
ball,2,16.1,Namibia,DB Kotze,M van Schoor,Harbhajan Singh,1,0,,,,,,"",""
ball,2,16.2,Namibia,M van Schoor,DB Kotze,Harbhajan Singh,0,0,,,,,,"",""
ball,2,16.3,Namibia,M van Schoor,DB Kotze,Harbhajan Singh,0,0,,,,,,"",""
ball,2,16.4,Namibia,M van Schoor,DB Kotze,Harbhajan Singh,0,0,,,,,,"",""
ball,2,16.5,Namibia,M van Schoor,DB Kotze,Harbhajan Singh,0,0,,,,,,"",""
ball,2,16.6,Namibia,M van Schoor,DB Kotze,Harbhajan Singh,0,0,,,,,,"",""
ball,2,17.1,Namibia,DB Kotze,M van Schoor,D Mongia,0,0,,,,,,"",""
ball,2,17.2,Namibia,DB Kotze,M van Schoor,D Mongia,0,0,,,,,,"",""
ball,2,17.3,Namibia,DB Kotze,M van Schoor,D Mongia,1,0,,,,,,"",""
ball,2,17.4,Namibia,M van Schoor,DB Kotze,D Mongia,0,0,,,,,,"",""
ball,2,17.5,Namibia,M van Schoor,DB Kotze,D Mongia,0,0,,,,,,"",""
ball,2,17.6,Namibia,M van Schoor,DB Kotze,D Mongia,0,0,,,,,,"",""
ball,2,18.1,Namibia,DB Kotze,M van Schoor,Harbhajan Singh,1,0,,,,,,"",""
ball,2,18.2,Namibia,M van Schoor,DB Kotze,Harbhajan Singh,0,0,,,,,,"",""
ball,2,18.3,Namibia,M van Schoor,DB Kotze,Harbhajan Singh,1,0,,,,,,"",""
ball,2,18.4,Namibia,DB Kotze,M van Schoor,Harbhajan Singh,1,0,,,,,,"",""
ball,2,18.5,Namibia,M van Schoor,DB Kotze,Harbhajan Singh,0,0,,,,,,"",""
ball,2,18.6,Namibia,M van Schoor,DB Kotze,Harbhajan Singh,2,0,,,,,,"",""
ball,2,19.1,Namibia,DB Kotze,M van Schoor,D Mongia,0,0,,,,,,"",""
ball,2,19.2,Namibia,DB Kotze,M van Schoor,D Mongia,0,0,,,,,,"",""
ball,2,19.3,Namibia,DB Kotze,M van Schoor,D Mongia,0,0,,,,,,"",""
ball,2,19.4,Namibia,DB Kotze,M van Schoor,D Mongia,0,0,,,,,,"",""
ball,2,19.5,Namibia,DB Kotze,M van Schoor,D Mongia,0,0,,,,,,"",""
ball,2,19.6,Namibia,DB Kotze,M van Schoor,D Mongia,0,0,,,,,,"",""
ball,2,20.1,Namibia,M van Schoor,DB Kotze,Harbhajan Singh,0,0,,,,,,"",""
ball,2,20.2,Namibia,M van Schoor,DB Kotze,Harbhajan Singh,0,0,,,,,,"",""
ball,2,20.3,Namibia,M van Schoor,DB Kotze,Harbhajan Singh,1,0,,,,,,"",""
ball,2,20.4,Namibia,DB Kotze,M van Schoor,Harbhajan Singh,0,0,,,,,,"",""
ball,2,20.5,Namibia,DB Kotze,M van Schoor,Harbhajan Singh,3,0,,,,,,"",""
ball,2,20.6,Namibia,M van Schoor,DB Kotze,Harbhajan Singh,0,0,,,,,,"",""
ball,2,21.1,Namibia,DB Kotze,M van Schoor,D Mongia,1,0,,,,,,"",""
ball,2,21.2,Namibia,M van Schoor,DB Kotze,D Mongia,0,0,,,,,,"",""
ball,2,21.3,Namibia,M van Schoor,DB Kotze,D Mongia,3,0,,,,,,"",""
ball,2,21.4,Namibia,DB Kotze,M van Schoor,D Mongia,0,0,,,,,,"",""
ball,2,21.5,Namibia,DB Kotze,M van Schoor,D Mongia,0,0,,,,,,"",""
ball,2,21.6,Namibia,DB Kotze,M van Schoor,D Mongia,0,0,,,,,,"",""
ball,2,22.1,Namibia,M van Schoor,DB Kotze,Harbhajan Singh,0,0,,,,,,"",""
ball,2,22.2,Namibia,M van Schoor,DB Kotze,Harbhajan Singh,0,0,,,,,,"",""
ball,2,22.3,Namibia,M van Schoor,DB Kotze,Harbhajan Singh,0,0,,,,,,"",""
ball,2,22.4,Namibia,M van Schoor,DB Kotze,Harbhajan Singh,1,0,,,,,,"",""
ball,2,22.5,Namibia,DB Kotze,M van Schoor,Harbhajan Singh,0,0,,,,,,"",""
ball,2,22.6,Namibia,DB Kotze,M van Schoor,Harbhajan Singh,0,0,,,,,,"",""
ball,2,23.1,Namibia,M van Schoor,DB Kotze,D Mongia,0,0,,,,,,"",""
ball,2,23.2,Namibia,M van Schoor,DB Kotze,D Mongia,0,0,,,,,,"",""
ball,2,23.3,Namibia,M van Schoor,DB Kotze,D Mongia,0,0,,,,,,"",""
ball,2,23.4,Namibia,M van Schoor,DB Kotze,D Mongia,0,0,,,,,,"",""
ball,2,23.5,Namibia,M van Schoor,DB Kotze,D Mongia,0,0,,,,,,"",""
ball,2,23.6,Namibia,M van Schoor,DB Kotze,D Mongia,1,0,,,,,,"",""
ball,2,24.1,Namibia,M van Schoor,DB Kotze,Harbhajan Singh,0,0,,,,,,"",""
ball,2,24.2,Namibia,M van Schoor,DB Kotze,Harbhajan Singh,0,0,,,,,,"",""
ball,2,24.3,Namibia,M van Schoor,DB Kotze,Harbhajan Singh,0,0,,,,,,"",""
ball,2,24.4,Namibia,M van Schoor,DB Kotze,Harbhajan Singh,0,0,,,,,,"",""
ball,2,24.5,Namibia,M van Schoor,DB Kotze,Harbhajan Singh,1,0,,,,,,"",""
ball,2,24.6,Namibia,DB Kotze,M van Schoor,Harbhajan Singh,3,0,,,,,,"",""
ball,2,25.1,Namibia,DB Kotze,M van Schoor,D Mongia,0,0,,,,,,"",""
ball,2,25.2,Namibia,DB Kotze,M van Schoor,D Mongia,0,0,,,,,,"",""
ball,2,25.3,Namibia,DB Kotze,M van Schoor,D Mongia,0,0,,,,,,"",""
ball,2,25.4,Namibia,DB Kotze,M van Schoor,D Mongia,0,0,,,,,,"",""
ball,2,25.5,Namibia,DB Kotze,M van Schoor,D Mongia,0,0,,,,,,"",""
ball,2,25.6,Namibia,DB Kotze,M van Schoor,D Mongia,1,0,,,,,,"",""
ball,2,26.1,Namibia,DB Kotze,M van Schoor,V Sehwag,0,0,,,,,,"",""
ball,2,26.2,Namibia,DB Kotze,M van Schoor,V Sehwag,0,0,,,,,,"",""
ball,2,26.3,Namibia,DB Kotze,M van Schoor,V Sehwag,1,0,,,,,,"",""
ball,2,26.4,Namibia,M van Schoor,DB Kotze,V Sehwag,0,0,,,,,,"",""
ball,2,26.5,Namibia,M van Schoor,DB Kotze,V Sehwag,0,0,,,,,,"",""
ball,2,26.6,Namibia,M van Schoor,DB Kotze,V Sehwag,1,0,,,,,,"",""
ball,2,27.1,Namibia,M van Schoor,DB Kotze,D Mongia,0,0,,,,,,"",""
ball,2,27.2,Namibia,M van Schoor,DB Kotze,D Mongia,1,0,,,,,,"",""
ball,2,27.3,Namibia,DB Kotze,M van Schoor,D Mongia,0,0,,,,,,"",""
ball,2,27.4,Namibia,DB Kotze,M van Schoor,D Mongia,0,0,,,,,,"",""
ball,2,27.5,Namibia,DB Kotze,M van Schoor,D Mongia,1,0,,,,,,"",""
ball,2,27.6,Namibia,M van Schoor,DB Kotze,D Mongia,1,0,,,,,,"",""
ball,2,28.1,Namibia,M van Schoor,DB Kotze,V Sehwag,0,0,,,,,,"",""
ball,2,28.2,Namibia,M van Schoor,DB Kotze,V Sehwag,0,0,,,,,,"",""
ball,2,28.3,Namibia,M van Schoor,DB Kotze,V Sehwag,0,1,,1,,,,"",""
ball,2,28.4,Namibia,M van Schoor,DB Kotze,V Sehwag,0,0,,,,,,"",""
ball,2,28.5,Namibia,M van Schoor,DB Kotze,V Sehwag,0,0,,,,,,"",""
ball,2,28.6,Namibia,M van Schoor,DB Kotze,V Sehwag,4,0,,,,,,"",""
ball,2,28.7,Namibia,M van Schoor,DB Kotze,V Sehwag,1,0,,,,,,"",""
ball,2,29.1,Namibia,M van Schoor,DB Kotze,D Mongia,0,0,,,,,,"",""
ball,2,29.2,Namibia,M van Schoor,DB Kotze,D Mongia,0,0,,,,,,"",""
ball,2,29.3,Namibia,M van Schoor,DB Kotze,D Mongia,0,0,,,,,,"",""
ball,2,29.4,Namibia,M van Schoor,DB Kotze,D Mongia,0,0,,,,,,"",""
ball,2,29.5,Namibia,M van Schoor,DB Kotze,D Mongia,2,0,,,,,,"",""
ball,2,29.6,Namibia,M van Schoor,DB Kotze,D Mongia,0,0,,,,,,"",""
ball,2,30.1,Namibia,DB Kotze,M van Schoor,V Sehwag,0,0,,,,,,"",""
ball,2,30.2,Namibia,DB Kotze,M van Schoor,V Sehwag,0,0,,,,,,"",""
ball,2,30.3,Namibia,DB Kotze,M van Schoor,V Sehwag,0,0,,,,,,"",""
ball,2,30.4,Namibia,DB Kotze,M van Schoor,V Sehwag,4,0,,,,,,"",""
ball,2,30.5,Namibia,DB Kotze,M van Schoor,V Sehwag,1,0,,,,,,"",""
ball,2,30.6,Namibia,M van Schoor,DB Kotze,V Sehwag,2,0,,,,,,"",""
ball,2,31.1,Namibia,DB Kotze,M van Schoor,D Mongia,0,0,,,,,,"",""
ball,2,31.2,Namibia,DB Kotze,M van Schoor,D Mongia,6,0,,,,,,"",""
ball,2,31.3,Namibia,DB Kotze,M van Schoor,D Mongia,0,0,,,,,,"",""
ball,2,31.4,Namibia,DB Kotze,M van Schoor,D Mongia,0,0,,,,,,"",""
ball,2,31.5,Namibia,DB Kotze,M van Schoor,D Mongia,0,0,,,,,,"",""
ball,2,31.6,Namibia,DB Kotze,M van Schoor,D Mongia,0,0,,,,,,caught and bowled,DB Kotze
ball,2,32.1,Namibia,M van Schoor,BO van Rooi,V Sehwag,0,0,,,,,,"",""
ball,2,32.2,Namibia,M van Schoor,BO van Rooi,V Sehwag,0,0,,,,,,"",""
ball,2,32.3,Namibia,M van Schoor,BO van Rooi,V Sehwag,1,0,,,,,,"",""
ball,2,32.4,Namibia,BO van Rooi,M van Schoor,V Sehwag,0,0,,,,,,"",""
ball,2,32.5,Namibia,BO van Rooi,M van Schoor,V Sehwag,0,0,,,,,,"",""
ball,2,32.6,Namibia,BO van Rooi,M van Schoor,V Sehwag,0,0,,,,,,"",""
ball,2,33.1,Namibia,M van Schoor,BO van Rooi,Yuvraj Singh,0,0,,,,,,"",""
ball,2,33.2,Namibia,M van Schoor,BO van Rooi,Yuvraj Singh,0,0,,,,,,caught,M van Schoor
ball,2,33.3,Namibia,BL Kotze,BO van Rooi,Yuvraj Singh,0,0,,,,,,"",""
ball,2,33.4,Namibia,BL Kotze,BO van Rooi,Yuvraj Singh,0,0,,,,,,"",""
ball,2,33.5,Namibia,BL Kotze,BO van Rooi,Yuvraj Singh,0,0,,,,,,"",""
ball,2,33.6,Namibia,BL Kotze,BO van Rooi,Yuvraj Singh,0,0,,,,,,"",""
ball,2,34.1,Namibia,BO van Rooi,BL Kotze,Harbhajan Singh,0,0,,,,,,"",""
ball,2,34.2,Namibia,BO van Rooi,BL Kotze,Harbhajan Singh,0,0,,,,,,"",""
ball,2,34.3,Namibia,BO van Rooi,BL Kotze,Harbhajan Singh,0,5,5,,,,,"",""
ball,2,34.4,Namibia,BO van Rooi,BL Kotze,Harbhajan Singh,0,0,,,,,,"",""
ball,2,34.5,Namibia,BO van Rooi,BL Kotze,Harbhajan Singh,1,0,,,,,,"",""
ball,2,34.6,Namibia,BL Kotze,BO van Rooi,Harbhajan Singh,0,0,,,,,,"",""
ball,2,34.7,Namibia,BL Kotze,BO van Rooi,Harbhajan Singh,0,0,,,,,,"",""
ball,2,35.1,Namibia,BO van Rooi,BL Kotze,Yuvraj Singh,2,0,,,,,,"",""
ball,2,35.2,Namibia,BO van Rooi,BL Kotze,Yuvraj Singh,0,0,,,,,,"",""
ball,2,35.3,Namibia,BO van Rooi,BL Kotze,Yuvraj Singh,0,0,,,,,,"",""
ball,2,35.4,Namibia,BO van Rooi,BL Kotze,Yuvraj Singh,1,0,,,,,,"",""
ball,2,35.5,Namibia,BL Kotze,BO van Rooi,Yuvraj Singh,0,0,,,,,,"",""
ball,2,35.6,Namibia,BL Kotze,BO van Rooi,Yuvraj Singh,0,0,,,,,,"",""
ball,2,36.1,Namibia,BO van Rooi,BL Kotze,Harbhajan Singh,0,0,,,,,,"",""
ball,2,36.2,Namibia,BO van Rooi,BL Kotze,Harbhajan Singh,0,0,,,,,,"",""
ball,2,36.3,Namibia,BO van Rooi,BL Kotze,Harbhajan Singh,2,0,,,,,,"",""
ball,2,36.4,Namibia,BO van Rooi,BL Kotze,Harbhajan Singh,0,0,,,,,,"",""
ball,2,36.5,Namibia,BO van Rooi,BL Kotze,Harbhajan Singh,0,0,,,,,,"",""
ball,2,36.6,Namibia,BO van Rooi,BL Kotze,Harbhajan Singh,1,0,,,,,,"",""
ball,2,37.1,Namibia,BO van Rooi,BL Kotze,Yuvraj Singh,0,0,,,,,,"",""
ball,2,37.2,Namibia,BO van Rooi,BL Kotze,Yuvraj Singh,1,0,,,,,,"",""
ball,2,37.3,Namibia,BL Kotze,BO van Rooi,Yuvraj Singh,1,0,,,,,,"",""
ball,2,37.4,Namibia,BO van Rooi,BL Kotze,Yuvraj Singh,0,0,,,,,,"",""
ball,2,37.5,Namibia,BO van Rooi,BL Kotze,Yuvraj Singh,0,0,,,,,,"",""
ball,2,37.6,Namibia,BO van Rooi,BL Kotze,Yuvraj Singh,1,0,,,,,,"",""
ball,2,38.1,Namibia,BO van Rooi,BL Kotze,Harbhajan Singh,0,0,,,,,,"",""
ball,2,38.2,Namibia,BO van Rooi,BL Kotze,Harbhajan Singh,0,0,,,,,,"",""
ball,2,38.3,Namibia,BO van Rooi,BL Kotze,Harbhajan Singh,4,0,,,,,,"",""
ball,2,38.4,Namibia,BO van Rooi,BL Kotze,Harbhajan Singh,4,0,,,,,,"",""
ball,2,38.5,Namibia,BO van Rooi,BL Kotze,Harbhajan Singh,0,0,,,,,,"",""
ball,2,38.6,Namibia,BO van Rooi,BL Kotze,Harbhajan Singh,0,0,,,,,,"",""
ball,2,39.1,Namibia,BL Kotze,BO van Rooi,Z Khan,0,0,,,,,,"",""
ball,2,39.2,Namibia,BL Kotze,BO van Rooi,Z Khan,0,0,,,,,,"",""
ball,2,39.3,Namibia,BL Kotze,BO van Rooi,Z Khan,0,0,,,,,,"",""
ball,2,39.4,Namibia,BL Kotze,BO van Rooi,Z Khan,0,0,,,,,,"",""
ball,2,39.5,Namibia,BL Kotze,BO van Rooi,Z Khan,0,0,,,,,,"",""
ball,2,39.6,Namibia,BL Kotze,BO van Rooi,Z Khan,2,0,,,,,,"",""
ball,2,40.1,Namibia,BO van Rooi,BL Kotze,Yuvraj Singh,0,0,,,,,,"",""
ball,2,40.2,Namibia,BO van Rooi,BL Kotze,Yuvraj Singh,0,0,,,,,,"",""
ball,2,40.3,Namibia,BO van Rooi,BL Kotze,Yuvraj Singh,0,0,,,,,,caught,BO van Rooi
ball,2,40.4,Namibia,BL Kotze,G Snyman,Yuvraj Singh,0,0,,,,,,"",""
ball,2,40.5,Namibia,BL Kotze,G Snyman,Yuvraj Singh,0,0,,,,,,"",""
ball,2,40.6,Namibia,BL Kotze,G Snyman,Yuvraj Singh,0,0,,,,,,caught,BL Kotze
ball,2,41.1,Namibia,G Snyman,RJ van Vuuren,Z Khan,4,0,,,,,,"",""
ball,2,41.2,Namibia,G Snyman,RJ van Vuuren,Z Khan,0,0,,,,,,"",""
ball,2,41.3,Namibia,G Snyman,RJ van Vuuren,Z Khan,1,0,,,,,,"",""
ball,2,41.4,Namibia,RJ van Vuuren,G Snyman,Z Khan,0,1,,1,,,,"",""
ball,2,41.5,Namibia,RJ van Vuuren,G Snyman,Z Khan,0,0,,,,,,"",""
ball,2,41.6,Namibia,RJ van Vuuren,G Snyman,Z Khan,0,0,,,,,,"",""
ball,2,41.7,Namibia,RJ van Vuuren,G Snyman,Z Khan,0,0,,,,,,"",""
ball,2,42.1,Namibia,G Snyman,RJ van Vuuren,Yuvraj Singh,0,0,,,,,,"",""
ball,2,42.2,Namibia,G Snyman,RJ van Vuuren,Yuvraj Singh,0,0,,,,,,"",""
ball,2,42.3,Namibia,G Snyman,RJ van Vuuren,Yuvraj Singh,0,0,,,,,,caught,G Snyman
