version,1.7.0
info,balls_per_over,6
info,team,India
info,team,Zimbabwe
info,gender,male
info,season,2002/03
info,date,2003/02/19
info,event,ICC World Cup
info,match_number,17
info,venue,Harare Sports Club
info,city,Harare
info,toss_winner,Zimbabwe
info,toss_decision,field
info,player_of_match,SR Tendulkar
info,umpire,EAR de Silva
info,umpire,RE Koertzen
info,tv_umpire,DB Hair
info,match_referee,CH Lloyd
info,winner,India
info,winner_runs,83
info,player,India,V Sehwag
info,player,India,SR Tendulkar
info,player,India,D Mongia
info,player,India,SC Ganguly
info,player,India,R Dravid
info,player,India,Yuvraj Singh
info,player,India,M Kaif
info,player,India,Harbhajan Singh
info,player,India,Z Khan
info,player,India,A Nehra
info,player,India,J Srinath
info,player,Zimbabwe,CB Wishart
info,player,Zimbabwe,MA Vermeulen
info,player,Zimbabwe,A Flower
info,player,Zimbabwe,GW Flower
info,player,Zimbabwe,DD Ebrahim
info,player,Zimbabwe,AM Blignaut
info,player,Zimbabwe,T Taibu
info,player,Zimbabwe,GJ Whittall
info,player,Zimbabwe,HH Streak
info,player,Zimbabwe,BA Murphy
info,player,Zimbabwe,DT Hondo
info,registry,people,A Flower,35aa26af
info,registry,people,A Nehra,96fd40ae
info,registry,people,AB Agarkar,fa463154
info,registry,people,AM Blignaut,80ec5dfd
info,registry,people,BA Murphy,31ce61ab
info,registry,people,CB Wishart,8319b9ea
info,registry,people,CH Lloyd,5b445db0
info,registry,people,D Mongia,99663fa5
info,registry,people,DB Hair,492e1a8e
info,registry,people,DD Ebrahim,b590a4d8
info,registry,people,DT Hondo,7fe5deb8
info,registry,people,EAR de Silva,dc63f509
info,registry,people,GJ Whittall,6a52f5d3
info,registry,people,GW Flower,348195ea
info,registry,people,HH Streak,37f501d7
info,registry,people,Harbhajan Singh,8b5b6769
info,registry,people,J Srinath,bad31fac
info,registry,people,M Kaif,d84378a4
info,registry,people,MA Vermeulen,611c06dd
info,registry,people,R Dravid,0184dc35
info,registry,people,RE Koertzen,0265fab2
info,registry,people,SC Ganguly,725529bc
info,registry,people,SR Tendulkar,d2c2b2d5
info,registry,people,T Taibu,75de770f
info,registry,people,V Sehwag,8ba8195d
info,registry,people,Yuvraj Singh,1c914163
info,registry,people,Z Khan,91a4a398
ball,1,0.1,India,V Sehwag,SR Tendulkar,HH Streak,1,0,,,,,,"",""
ball,1,0.2,India,SR Tendulkar,V Sehwag,HH Streak,0,0,,,,,,"",""
ball,1,0.3,India,SR Tendulkar,V Sehwag,HH Streak,0,0,,,,,,"",""
ball,1,0.4,India,SR Tendulkar,V Sehwag,HH Streak,0,0,,,,,,"",""
ball,1,0.5,India,SR Tendulkar,V Sehwag,HH Streak,0,0,,,,,,"",""
ball,1,0.6,India,SR Tendulkar,V Sehwag,HH Streak,0,0,,,,,,"",""
ball,1,1.1,India,V Sehwag,SR Tendulkar,AM Blignaut,0,1,1,,,,,"",""
ball,1,1.2,India,V Sehwag,SR Tendulkar,AM Blignaut,0,1,1,,,,,"",""
ball,1,1.3,India,V Sehwag,SR Tendulkar,AM Blignaut,0,0,,,,,,"",""
ball,1,1.4,India,V Sehwag,SR Tendulkar,AM Blignaut,0,0,,,,,,"",""
ball,1,1.5,India,V Sehwag,SR Tendulkar,AM Blignaut,0,0,,,,,,"",""
ball,1,1.6,India,V Sehwag,SR Tendulkar,AM Blignaut,4,0,,,,,,"",""
ball,1,1.7,India,V Sehwag,SR Tendulkar,AM Blignaut,4,0,,,,,,"",""
ball,1,1.8,India,V Sehwag,SR Tendulkar,AM Blignaut,0,0,,,,,,"",""
ball,1,2.1,India,SR Tendulkar,V Sehwag,HH Streak,1,0,,,,,,"",""
ball,1,2.2,India,V Sehwag,SR Tendulkar,HH Streak,1,0,,,,,,"",""
ball,1,2.3,India,SR Tendulkar,V Sehwag,HH Streak,0,0,,,,,,"",""
ball,1,2.4,India,SR Tendulkar,V Sehwag,HH Streak,0,4,,,4,,,"",""
ball,1,2.5,India,SR Tendulkar,V Sehwag,HH Streak,0,0,,,,,,"",""
ball,1,2.6,India,SR Tendulkar,V Sehwag,HH Streak,1,0,,,,,,"",""
ball,1,3.1,India,SR Tendulkar,V Sehwag,AM Blignaut,0,0,,,,,,"",""
ball,1,3.2,India,SR Tendulkar,V Sehwag,AM Blignaut,0,1,1,,,,,"",""
ball,1,3.3,India,SR Tendulkar,V Sehwag,AM Blignaut,2,0,,,,,,"",""
ball,1,3.4,India,SR Tendulkar,V Sehwag,AM Blignaut,0,0,,,,,,"",""
ball,1,3.5,India,SR Tendulkar,V Sehwag,AM Blignaut,0,1,,,,1,,"",""
ball,1,3.6,India,V Sehwag,SR Tendulkar,AM Blignaut,4,0,,,,,,"",""
ball,1,3.7,India,V Sehwag,SR Tendulkar,AM Blignaut,0,1,1,,,,,"",""
ball,1,3.8,India,V Sehwag,SR Tendulkar,AM Blignaut,4,0,,,,,,"",""
ball,1,4.1,India,SR Tendulkar,V Sehwag,HH Streak,0,0,,,,,,"",""
ball,1,4.2,India,SR Tendulkar,V Sehwag,HH Streak,0,0,,,,,,"",""
ball,1,4.3,India,SR Tendulkar,V Sehwag,HH Streak,0,0,,,,,,"",""
ball,1,4.4,India,SR Tendulkar,V Sehwag,HH Streak,0,0,,,,,,"",""
ball,1,4.5,India,SR Tendulkar,V Sehwag,HH Streak,0,0,,,,,,"",""
ball,1,4.6,India,SR Tendulkar,V Sehwag,HH Streak,1,0,,,,,,"",""
ball,1,5.1,India,SR Tendulkar,V Sehwag,DT Hondo,4,0,,,,,,"",""
ball,1,5.2,India,SR Tendulkar,V Sehwag,DT Hondo,0,0,,,,,,"",""
ball,1,5.3,India,SR Tendulkar,V Sehwag,DT Hondo,0,0,,,,,,"",""
ball,1,5.4,India,SR Tendulkar,V Sehwag,DT Hondo,0,0,,,,,,"",""
ball,1,5.5,India,SR Tendulkar,V Sehwag,DT Hondo,4,0,,,,,,"",""
ball,1,5.6,India,SR Tendulkar,V Sehwag,DT Hondo,0,0,,,,,,"",""
ball,1,6.1,India,V Sehwag,SR Tendulkar,HH Streak,0,0,,,,,,"",""
ball,1,6.2,India,V Sehwag,SR Tendulkar,HH Streak,2,0,,,,,,"",""
ball,1,6.3,India,V Sehwag,SR Tendulkar,HH Streak,0,0,,,,,,"",""
ball,1,6.4,India,V Sehwag,SR Tendulkar,HH Streak,1,0,,,,,,"",""
ball,1,6.5,India,SR Tendulkar,V Sehwag,HH Streak,2,0,,,,,,"",""
ball,1,6.6,India,SR Tendulkar,V Sehwag,HH Streak,4,0,,,,,,"",""
ball,1,7.1,India,V Sehwag,SR Tendulkar,DT Hondo,4,0,,,,,,"",""
ball,1,7.2,India,V Sehwag,SR Tendulkar,DT Hondo,0,0,,,,,,"",""
ball,1,7.3,India,V Sehwag,SR Tendulkar,DT Hondo,0,0,,,,,,"",""
ball,1,7.4,India,V Sehwag,SR Tendulkar,DT Hondo,0,0,,,,,,"",""
ball,1,7.5,India,V Sehwag,SR Tendulkar,DT Hondo,0,0,,,,,,"",""
ball,1,7.6,India,V Sehwag,SR Tendulkar,DT Hondo,0,0,,,,,,"",""
ball,1,8.1,India,SR Tendulkar,V Sehwag,HH Streak,0,0,,,,,,"",""
ball,1,8.2,India,SR Tendulkar,V Sehwag,HH Streak,1,0,,,,,,"",""
ball,1,8.3,India,V Sehwag,SR Tendulkar,HH Streak,0,0,,,,,,"",""
ball,1,8.4,India,V Sehwag,SR Tendulkar,HH Streak,0,0,,,,,,"",""
ball,1,8.5,India,V Sehwag,SR Tendulkar,HH Streak,0,0,,,,,,"",""
ball,1,8.6,India,V Sehwag,SR Tendulkar,HH Streak,0,0,,,,,,"",""
ball,1,9.1,India,SR Tendulkar,V Sehwag,DT Hondo,0,0,,,,,,"",""
ball,1,9.2,India,SR Tendulkar,V Sehwag,DT Hondo,0,0,,,,,,"",""
ball,1,9.3,India,SR Tendulkar,V Sehwag,DT Hondo,0,0,,,,,,"",""
ball,1,9.4,India,SR Tendulkar,V Sehwag,DT Hondo,0,0,,,,,,"",""
ball,1,9.5,India,SR Tendulkar,V Sehwag,DT Hondo,0,0,,,,,,"",""
ball,1,9.6,India,SR Tendulkar,V Sehwag,DT Hondo,0,0,,,,,,"",""
ball,1,10.1,India,V Sehwag,SR Tendulkar,HH Streak,0,1,1,,,,,"",""
ball,1,10.2,India,V Sehwag,SR Tendulkar,HH Streak,0,1,,,,1,,"",""
ball,1,10.3,India,SR Tendulkar,V Sehwag,HH Streak,0,0,,,,,,"",""
ball,1,10.4,India,SR Tendulkar,V Sehwag,HH Streak,4,0,,,,,,"",""
ball,1,10.5,India,SR Tendulkar,V Sehwag,HH Streak,0,0,,,,,,"",""
ball,1,10.6,India,SR Tendulkar,V Sehwag,HH Streak,4,0,,,,,,"",""
ball,1,11.1,India,V Sehwag,SR Tendulkar,DT Hondo,4,0,,,,,,"",""
ball,1,11.2,India,V Sehwag,SR Tendulkar,DT Hondo,1,0,,,,,,"",""
ball,1,11.3,India,SR Tendulkar,V Sehwag,DT Hondo,1,0,,,,,,"",""
ball,1,11.4,India,V Sehwag,SR Tendulkar,DT Hondo,0,0,,,,,,"",""
ball,1,11.5,India,V Sehwag,SR Tendulkar,DT Hondo,0,0,,,,,,"",""
ball,1,11.6,India,V Sehwag,SR Tendulkar,DT Hondo,0,0,,,,,,"",""
ball,1,12.1,India,SR Tendulkar,V Sehwag,GJ Whittall,0,0,,,,,,"",""
ball,1,12.2,India,SR Tendulkar,V Sehwag,GJ Whittall,2,0,,,,,,"",""
ball,1,12.3,India,SR Tendulkar,V Sehwag,GJ Whittall,0,0,,,,,,"",""
ball,1,12.4,India,SR Tendulkar,V Sehwag,GJ Whittall,0,0,,,,,,"",""
ball,1,12.5,India,SR Tendulkar,V Sehwag,GJ Whittall,2,0,,,,,,"",""
ball,1,12.6,India,SR Tendulkar,V Sehwag,GJ Whittall,3,0,,,,,,"",""
ball,1,13.1,India,SR Tendulkar,V Sehwag,DT Hondo,2,0,,,,,,"",""
ball,1,13.2,India,SR Tendulkar,V Sehwag,DT Hondo,2,0,,,,,,"",""
ball,1,13.3,India,SR Tendulkar,V Sehwag,DT Hondo,0,0,,,,,,"",""
ball,1,13.4,India,SR Tendulkar,V Sehwag,DT Hondo,1,0,,,,,,"",""
ball,1,13.5,India,V Sehwag,SR Tendulkar,DT Hondo,0,0,,,,,,"",""
ball,1,13.6,India,V Sehwag,SR Tendulkar,DT Hondo,0,0,,,,,,"",""
ball,1,14.1,India,SR Tendulkar,V Sehwag,GJ Whittall,4,0,,,,,,"",""
ball,1,14.2,India,SR Tendulkar,V Sehwag,GJ Whittall,0,0,,,,,,"",""
ball,1,14.3,India,SR Tendulkar,V Sehwag,GJ Whittall,4,0,,,,,,"",""
ball,1,14.4,India,SR Tendulkar,V Sehwag,GJ Whittall,0,0,,,,,,"",""
ball,1,14.5,India,SR Tendulkar,V Sehwag,GJ Whittall,0,0,,,,,,"",""
ball,1,14.6,India,SR Tendulkar,V Sehwag,GJ Whittall,1,0,,,,,,"",""
ball,1,15.1,India,SR Tendulkar,V Sehwag,DT Hondo,0,0,,,,,,"",""
ball,1,15.2,India,SR Tendulkar,V Sehwag,DT Hondo,0,0,,,,,,"",""
ball,1,15.3,India,SR Tendulkar,V Sehwag,DT Hondo,1,0,,,,,,"",""
ball,1,15.4,India,V Sehwag,SR Tendulkar,DT Hondo,2,0,,,,,,"",""
ball,1,15.5,India,V Sehwag,SR Tendulkar,DT Hondo,0,0,,,,,,"",""
ball,1,15.6,India,V Sehwag,SR Tendulkar,DT Hondo,1,0,,,,,,"",""
ball,1,16.1,India,V Sehwag,SR Tendulkar,GJ Whittall,3,0,,,,,,"",""
ball,1,16.2,India,SR Tendulkar,V Sehwag,GJ Whittall,1,0,,,,,,"",""
ball,1,16.3,India,V Sehwag,SR Tendulkar,GJ Whittall,0,0,,,,,,"",""
ball,1,16.4,India,V Sehwag,SR Tendulkar,GJ Whittall,0,0,,,,,,caught,V Sehwag
ball,1,16.5,India,D Mongia,SR Tendulkar,GJ Whittall,0,0,,,,,,"",""
ball,1,16.6,India,D Mongia,SR Tendulkar,GJ Whittall,0,0,,,,,,"",""
ball,1,17.1,India,SR Tendulkar,D Mongia,AM Blignaut,2,0,,,,,,"",""
ball,1,17.2,India,SR Tendulkar,D Mongia,AM Blignaut,1,0,,,,,,"",""
ball,1,17.3,India,D Mongia,SR Tendulkar,AM Blignaut,0,0,,,,,,"",""
ball,1,17.4,India,D Mongia,SR Tendulkar,AM Blignaut,2,0,,,,,,"",""
ball,1,17.5,India,D Mongia,SR Tendulkar,AM Blignaut,0,0,,,,,,"",""
ball,1,17.6,India,D Mongia,SR Tendulkar,AM Blignaut,0,0,,,,,,"",""
ball,1,18.1,India,SR Tendulkar,D Mongia,GJ Whittall,0,0,,,,,,"",""
ball,1,18.2,India,SR Tendulkar,D Mongia,GJ Whittall,4,0,,,,,,"",""
ball,1,18.3,India,SR Tendulkar,D Mongia,GJ Whittall,0,0,,,,,,"",""
ball,1,18.4,India,SR Tendulkar,D Mongia,GJ Whittall,0,0,,,,,,"",""
ball,1,18.5,India,SR Tendulkar,D Mongia,GJ Whittall,0,0,,,,,,"",""
ball,1,18.6,India,SR Tendulkar,D Mongia,GJ Whittall,4,0,,,,,,"",""
ball,1,19.1,India,D Mongia,SR Tendulkar,AM Blignaut,0,0,,,,,,"",""
ball,1,19.2,India,D Mongia,SR Tendulkar,AM Blignaut,1,0,,,,,,"",""
ball,1,19.3,India,SR Tendulkar,D Mongia,AM Blignaut,1,0,,,,,,"",""
ball,1,19.4,India,D Mongia,SR Tendulkar,AM Blignaut,1,0,,,,,,"",""
ball,1,19.5,India,SR Tendulkar,D Mongia,AM Blignaut,1,0,,,,,,"",""
ball,1,19.6,India,D Mongia,SR Tendulkar,AM Blignaut,1,0,,,,,,"",""
ball,1,20.1,India,D Mongia,SR Tendulkar,GJ Whittall,1,0,,,,,,"",""
ball,1,20.2,India,SR Tendulkar,D Mongia,GJ Whittall,1,0,,,,,,"",""
ball,1,20.3,India,D Mongia,SR Tendulkar,GJ Whittall,0,0,,,,,,"",""
ball,1,20.4,India,D Mongia,SR Tendulkar,GJ Whittall,0,0,,,,,,"",""
ball,1,20.5,India,D Mongia,SR Tendulkar,GJ Whittall,0,0,,,,,,"",""
ball,1,20.6,India,D Mongia,SR Tendulkar,GJ Whittall,0,0,,,,,,"",""
ball,1,21.1,India,SR Tendulkar,D Mongia,AM Blignaut,1,0,,,,,,"",""
ball,1,21.2,India,D Mongia,SR Tendulkar,AM Blignaut,0,0,,,,,,"",""
ball,1,21.3,India,D Mongia,SR Tendulkar,AM Blignaut,0,1,1,,,,,"",""
ball,1,21.4,India,D Mongia,SR Tendulkar,AM Blignaut,0,0,,,,,,"",""
ball,1,21.5,India,D Mongia,SR Tendulkar,AM Blignaut,1,0,,,,,,"",""
ball,1,21.6,India,SR Tendulkar,D Mongia,AM Blignaut,0,0,,,,,,"",""
ball,1,21.7,India,SR Tendulkar,D Mongia,AM Blignaut,1,0,,,,,,"",""
ball,1,22.1,India,SR Tendulkar,D Mongia,GJ Whittall,4,0,,,,,,"",""
ball,1,22.2,India,SR Tendulkar,D Mongia,GJ Whittall,1,0,,,,,,"",""
ball,1,22.3,India,D Mongia,SR Tendulkar,GJ Whittall,1,0,,,,,,"",""
ball,1,22.4,India,SR Tendulkar,D Mongia,GJ Whittall,0,0,,,,,,"",""
ball,1,22.5,India,SR Tendulkar,D Mongia,GJ Whittall,0,0,,,,,,"",""
ball,1,22.6,India,SR Tendulkar,D Mongia,GJ Whittall,1,0,,,,,,"",""
ball,1,23.1,India,SR Tendulkar,D Mongia,GW Flower,0,0,,,,,,"",""
ball,1,23.2,India,SR Tendulkar,D Mongia,GW Flower,1,0,,,,,,"",""
ball,1,23.3,India,D Mongia,SR Tendulkar,GW Flower,0,0,,,,,,"",""
ball,1,23.4,India,D Mongia,SR Tendulkar,GW Flower,0,0,,,,,,"",""
ball,1,23.5,India,D Mongia,SR Tendulkar,GW Flower,0,0,,,,,,"",""
ball,1,23.6,India,D Mongia,SR Tendulkar,GW Flower,0,0,,,,,,"",""
ball,1,24.1,India,SR Tendulkar,D Mongia,BA Murphy,1,0,,,,,,"",""
ball,1,24.2,India,D Mongia,SR Tendulkar,BA Murphy,0,0,,,,,,"",""
ball,1,24.3,India,D Mongia,SR Tendulkar,BA Murphy,1,0,,,,,,"",""
ball,1,24.4,India,SR Tendulkar,D Mongia,BA Murphy,1,0,,,,,,"",""
ball,1,24.5,India,D Mongia,SR Tendulkar,BA Murphy,0,0,,,,,,"",""
ball,1,24.6,India,D Mongia,SR Tendulkar,BA Murphy,1,0,,,,,,"",""
ball,1,25.1,India,D Mongia,SR Tendulkar,GW Flower,0,0,,,,,,"",""
ball,1,25.2,India,D Mongia,SR Tendulkar,GW Flower,1,0,,,,,,"",""
ball,1,25.3,India,SR Tendulkar,D Mongia,GW Flower,0,1,1,,,,,"",""
ball,1,25.4,India,SR Tendulkar,D Mongia,GW Flower,0,0,,,,,,"",""
ball,1,25.5,India,SR Tendulkar,D Mongia,GW Flower,1,0,,,,,,"",""
ball,1,25.6,India,D Mongia,SR Tendulkar,GW Flower,1,0,,,,,,"",""
ball,1,25.7,India,SR Tendulkar,D Mongia,GW Flower,1,0,,,,,,"",""
ball,1,26.1,India,SR Tendulkar,D Mongia,BA Murphy,1,0,,,,,,"",""
ball,1,26.2,India,D Mongia,SR Tendulkar,BA Murphy,0,0,,,,,,"",""
ball,1,26.3,India,D Mongia,SR Tendulkar,BA Murphy,0,0,,,,,,"",""
ball,1,26.4,India,D Mongia,SR Tendulkar,BA Murphy,0,0,,,,,,"",""
ball,1,26.5,India,D Mongia,SR Tendulkar,BA Murphy,0,0,,,,,,"",""
ball,1,26.6,India,D Mongia,SR Tendulkar,BA Murphy,0,0,,,,,,"",""
ball,1,27.1,India,SR Tendulkar,D Mongia,GW Flower,1,0,,,,,,"",""
ball,1,27.2,India,D Mongia,SR Tendulkar,GW Flower,0,0,,,,,,"",""
ball,1,27.3,India,D Mongia,SR Tendulkar,GW Flower,0,0,,,,,,caught,D Mongia
ball,1,27.4,India,SR Tendulkar,SC Ganguly,GW Flower,0,0,,,,,,"",""
ball,1,27.5,India,SR Tendulkar,SC Ganguly,GW Flower,0,0,,,,,,bowled,SR Tendulkar
ball,1,27.6,India,R Dravid,SC Ganguly,GW Flower,0,0,,,,,,"",""
ball,1,28.1,India,SC Ganguly,R Dravid,BA Murphy,0,0,,,,,,"",""
ball,1,28.2,India,SC Ganguly,R Dravid,BA Murphy,0,0,,,,,,"",""
ball,1,28.3,India,SC Ganguly,R Dravid,BA Murphy,0,0,,,,,,"",""
ball,1,28.4,India,SC Ganguly,R Dravid,BA Murphy,0,0,,,,,,"",""
ball,1,28.5,India,SC Ganguly,R Dravid,BA Murphy,1,0,,,,,,"",""
ball,1,28.6,India,R Dravid,SC Ganguly,BA Murphy,0,1,,,,1,,"",""
ball,1,29.1,India,R Dravid,SC Ganguly,GW Flower,1,0,,,,,,"",""
ball,1,29.2,India,SC Ganguly,R Dravid,GW Flower,0,0,,,,,,"",""
ball,1,29.3,India,SC Ganguly,R Dravid,GW Flower,1,0,,,,,,"",""
ball,1,29.4,India,R Dravid,SC Ganguly,GW Flower,0,0,,,,,,"",""
ball,1,29.5,India,R Dravid,SC Ganguly,GW Flower,0,0,,,,,,"",""
ball,1,29.6,India,R Dravid,SC Ganguly,GW Flower,0,0,,,,,,"",""
ball,1,30.1,India,SC Ganguly,R Dravid,BA Murphy,0,0,,,,,,"",""
ball,1,30.2,India,SC Ganguly,R Dravid,BA Murphy,0,0,,,,,,"",""
ball,1,30.3,India,SC Ganguly,R Dravid,BA Murphy,3,0,,,,,,"",""
ball,1,30.4,India,R Dravid,SC Ganguly,BA Murphy,1,0,,,,,,"",""
ball,1,30.5,India,SC Ganguly,R Dravid,BA Murphy,0,1,1,,,,,"",""
ball,1,30.6,India,SC Ganguly,R Dravid,BA Murphy,0,1,,,,1,,"",""
ball,1,30.7,India,R Dravid,SC Ganguly,BA Murphy,1,0,,,,,,"",""
ball,1,31.1,India,R Dravid,SC Ganguly,GW Flower,0,0,,,,,,"",""
ball,1,31.2,India,R Dravid,SC Ganguly,GW Flower,1,0,,,,,,"",""
ball,1,31.3,India,SC Ganguly,R Dravid,GW Flower,0,0,,,,,,"",""
ball,1,31.4,India,SC Ganguly,R Dravid,GW Flower,1,0,,,,,,"",""
ball,1,31.5,India,R Dravid,SC Ganguly,GW Flower,0,0,,,,,,"",""
ball,1,31.6,India,R Dravid,SC Ganguly,GW Flower,1,0,,,,,,"",""
ball,1,32.1,India,R Dravid,SC Ganguly,BA Murphy,1,0,,,,,,"",""
ball,1,32.2,India,SC Ganguly,R Dravid,BA Murphy,0,0,,,,,,"",""
ball,1,32.3,India,SC Ganguly,R Dravid,BA Murphy,1,0,,,,,,"",""
ball,1,32.4,India,R Dravid,SC Ganguly,BA Murphy,1,0,,,,,,"",""
ball,1,32.5,India,SC Ganguly,R Dravid,BA Murphy,0,0,,,,,,"",""
ball,1,32.6,India,SC Ganguly,R Dravid,BA Murphy,1,0,,,,,,"",""
ball,1,33.1,India,SC Ganguly,R Dravid,GW Flower,0,0,,,,,,"",""
ball,1,33.2,India,SC Ganguly,R Dravid,GW Flower,0,0,,,,,,"",""
ball,1,33.3,India,SC Ganguly,R Dravid,GW Flower,0,0,,,,,,"",""
ball,1,33.4,India,SC Ganguly,R Dravid,GW Flower,1,0,,,,,,"",""
ball,1,33.5,India,R Dravid,SC Ganguly,GW Flower,1,0,,,,,,"",""
ball,1,33.6,India,SC Ganguly,R Dravid,GW Flower,0,0,,,,,,"",""
ball,1,34.1,India,R Dravid,SC Ganguly,BA Murphy,1,0,,,,,,"",""
ball,1,34.2,India,SC Ganguly,R Dravid,BA Murphy,1,0,,,,,,"",""
ball,1,34.3,India,R Dravid,SC Ganguly,BA Murphy,0,0,,,,,,"",""
ball,1,34.4,India,R Dravid,SC Ganguly,BA Murphy,0,0,,,,,,"",""
ball,1,34.5,India,R Dravid,SC Ganguly,BA Murphy,1,0,,,,,,"",""
ball,1,34.6,India,SC Ganguly,R Dravid,BA Murphy,1,0,,,,,,"",""
ball,1,35.1,India,SC Ganguly,R Dravid,AM Blignaut,0,0,,,,,,"",""
ball,1,35.2,India,SC Ganguly,R Dravid,AM Blignaut,0,0,,,,,,"",""
ball,1,35.3,India,SC Ganguly,R Dravid,AM Blignaut,1,0,,,,,,"",""
ball,1,35.4,India,R Dravid,SC Ganguly,AM Blignaut,1,0,,,,,,"",""
ball,1,35.5,India,SC Ganguly,R Dravid,AM Blignaut,0,0,,,,,,"",""
ball,1,35.6,India,SC Ganguly,R Dravid,AM Blignaut,0,0,,,,,,"",""
ball,1,36.1,India,R Dravid,SC Ganguly,BA Murphy,0,0,,,,,,"",""
ball,1,36.2,India,R Dravid,SC Ganguly,BA Murphy,1,0,,,,,,"",""
ball,1,36.3,India,SC Ganguly,R Dravid,BA Murphy,2,0,,,,,,"",""
ball,1,36.4,India,SC Ganguly,R Dravid,BA Murphy,6,0,,,,,,"",""
ball,1,36.5,India,SC Ganguly,R Dravid,BA Murphy,0,0,,,,,,"",""
ball,1,36.6,India,SC Ganguly,R Dravid,BA Murphy,1,0,,,,,,"",""
ball,1,37.1,India,SC Ganguly,R Dravid,AM Blignaut,2,0,,,,,,"",""
ball,1,37.2,India,SC Ganguly,R Dravid,AM Blignaut,1,0,,,,,,"",""
ball,1,37.3,India,R Dravid,SC Ganguly,AM Blignaut,0,0,,,,,,"",""
ball,1,37.4,India,R Dravid,SC Ganguly,AM Blignaut,0,0,,,,,,"",""
ball,1,37.5,India,R Dravid,SC Ganguly,AM Blignaut,1,0,,,,,,"",""
ball,1,37.6,India,SC Ganguly,R Dravid,AM Blignaut,0,0,,,,,,caught,SC Ganguly
ball,1,38.1,India,Yuvraj Singh,R Dravid,BA Murphy,0,0,,,,,,"",""
ball,1,38.2,India,Yuvraj Singh,R Dravid,BA Murphy,0,0,,,,,,"",""
ball,1,38.3,India,Yuvraj Singh,R Dravid,BA Murphy,0,0,,,,,,"",""
ball,1,38.4,India,Yuvraj Singh,R Dravid,BA Murphy,1,0,,,,,,"",""
ball,1,38.5,India,R Dravid,Yuvraj Singh,BA Murphy,1,0,,,,,,"",""
ball,1,38.6,India,Yuvraj Singh,R Dravid,BA Murphy,0,0,,,,,,caught,Yuvraj Singh
ball,1,39.1,India,R Dravid,M Kaif,AM Blignaut,1,0,,,,,,"",""
ball,1,39.2,India,M Kaif,R Dravid,AM Blignaut,0,0,,,,,,"",""
ball,1,39.3,India,M Kaif,R Dravid,AM Blignaut,1,0,,,,,,"",""
ball,1,39.4,India,R Dravid,M Kaif,AM Blignaut,1,0,,,,,,"",""
ball,1,39.5,India,M Kaif,R Dravid,AM Blignaut,1,0,,,,,,"",""
ball,1,39.6,India,R Dravid,M Kaif,AM Blignaut,0,0,,,,,,"",""
ball,1,40.1,India,M Kaif,R Dravid,BA Murphy,1,0,,,,,,"",""
ball,1,40.2,India,R Dravid,M Kaif,BA Murphy,1,0,,,,,,"",""
ball,1,40.3,India,M Kaif,R Dravid,BA Murphy,1,0,,,,,,"",""
ball,1,40.4,India,R Dravid,M Kaif,BA Murphy,0,0,,,,,,"",""
ball,1,40.5,India,R Dravid,M Kaif,BA Murphy,0,0,,,,,,"",""
ball,1,40.6,India,R Dravid,M Kaif,BA Murphy,0,0,,,,,,"",""
ball,1,41.1,India,M Kaif,R Dravid,AM Blignaut,1,0,,,,,,"",""
ball,1,41.2,India,R Dravid,M Kaif,AM Blignaut,0,0,,,,,,"",""
ball,1,41.3,India,R Dravid,M Kaif,AM Blignaut,1,0,,,,,,"",""
ball,1,41.4,India,M Kaif,R Dravid,AM Blignaut,0,0,,,,,,"",""
ball,1,41.5,India,M Kaif,R Dravid,AM Blignaut,1,0,,,,,,"",""
ball,1,41.6,India,R Dravid,M Kaif,AM Blignaut,1,0,,,,,,"",""
ball,1,42.1,India,R Dravid,M Kaif,BA Murphy,0,0,,,,,,"",""
ball,1,42.2,India,R Dravid,M Kaif,BA Murphy,1,0,,,,,,"",""
ball,1,42.3,India,M Kaif,R Dravid,BA Murphy,0,0,,,,,,"",""
ball,1,42.4,India,M Kaif,R Dravid,BA Murphy,1,0,,,,,,"",""
ball,1,42.5,India,R Dravid,M Kaif,BA Murphy,1,0,,,,,,"",""
ball,1,42.6,India,M Kaif,R Dravid,BA Murphy,0,1,1,,,,,"",""
ball,1,42.7,India,M Kaif,R Dravid,BA Murphy,1,0,,,,,,"",""
ball,1,43.1,India,M Kaif,R Dravid,AM Blignaut,1,0,,,,,,"",""
ball,1,43.2,India,R Dravid,M Kaif,AM Blignaut,1,0,,,,,,"",""
ball,1,43.3,India,M Kaif,R Dravid,AM Blignaut,0,0,,,,,,"",""
ball,1,43.4,India,M Kaif,R Dravid,AM Blignaut,1,0,,,,,,"",""
ball,1,43.5,India,R Dravid,M Kaif,AM Blignaut,1,0,,,,,,"",""
ball,1,43.6,India,M Kaif,R Dravid,AM Blignaut,0,0,,,,,,"",""
ball,1,44.1,India,R Dravid,M Kaif,DT Hondo,1,0,,,,,,"",""
ball,1,44.2,India,M Kaif,R Dravid,DT Hondo,0,0,,,,,,"",""
ball,1,44.3,India,M Kaif,R Dravid,DT Hondo,3,0,,,,,,"",""
ball,1,44.4,India,R Dravid,M Kaif,DT Hondo,0,0,,,,,,"",""
ball,1,44.5,India,R Dravid,M Kaif,DT Hondo,1,0,,,,,,"",""
ball,1,44.6,India,M Kaif,R Dravid,DT Hondo,0,0,,,,,,"",""
ball,1,45.1,India,R Dravid,M Kaif,HH Streak,4,0,,,,,,"",""
ball,1,45.2,India,R Dravid,M Kaif,HH Streak,1,0,,,,,,"",""
ball,1,45.3,India,M Kaif,R Dravid,HH Streak,0,0,,,,,,"",""
ball,1,45.4,India,M Kaif,R Dravid,HH Streak,1,0,,,,,,"",""
ball,1,45.5,India,R Dravid,M Kaif,HH Streak,1,0,,,,,,"",""
ball,1,45.6,India,M Kaif,R Dravid,HH Streak,1,0,,,,,,"",""
ball,1,46.1,India,M Kaif,R Dravid,DT Hondo,4,0,,,,,,"",""
ball,1,46.2,India,M Kaif,R Dravid,DT Hondo,6,0,,,,,,"",""
ball,1,46.3,India,M Kaif,R Dravid,DT Hondo,0,0,,,,,,lbw,M Kaif
ball,1,46.4,India,Harbhajan Singh,R Dravid,DT Hondo,1,0,,,,,,"",""
ball,1,46.5,India,R Dravid,Harbhajan Singh,DT Hondo,1,0,,,,,,"",""
ball,1,46.6,India,Harbhajan Singh,R Dravid,DT Hondo,0,0,,,,,,"",""
ball,1,47.1,India,R Dravid,Harbhajan Singh,HH Streak,1,0,,,,,,"",""
ball,1,47.2,India,Harbhajan Singh,R Dravid,HH Streak,1,0,,,,,,"",""
ball,1,47.3,India,R Dravid,Harbhajan Singh,HH Streak,1,0,,,,,,"",""
ball,1,47.4,India,Harbhajan Singh,R Dravid,HH Streak,1,0,,,,,,"",""
ball,1,47.5,India,R Dravid,Harbhajan Singh,HH Streak,1,0,,,,,,"",""
ball,1,47.6,India,Harbhajan Singh,R Dravid,HH Streak,0,0,,,,,,caught,Harbhajan Singh
ball,1,48.1,India,Z Khan,R Dravid,DT Hondo,0,0,,,,,,"",""
ball,1,48.2,India,Z Khan,R Dravid,DT Hondo,1,0,,,,,,"",""
ball,1,48.3,India,R Dravid,Z Khan,DT Hondo,2,0,,,,,,"",""
ball,1,48.4,India,R Dravid,Z Khan,DT Hondo,4,0,,,,,,"",""
ball,1,48.5,India,R Dravid,Z Khan,DT Hondo,1,0,,,,,,"",""
ball,1,48.6,India,Z Khan,R Dravid,DT Hondo,4,0,,,,,,"",""
ball,1,49.1,India,R Dravid,Z Khan,HH Streak,1,0,,,,,,"",""
ball,1,49.2,India,Z Khan,R Dravid,HH Streak,0,0,,,,,,"",""
ball,1,49.3,India,Z Khan,R Dravid,HH Streak,0,0,,,,,,"",""
ball,1,49.4,India,Z Khan,R Dravid,HH Streak,4,0,,,,,,"",""
ball,1,49.5,India,Z Khan,R Dravid,HH Streak,2,0,,,,,,"",""
ball,1,49.6,India,Z Khan,R Dravid,HH Streak,2,0,,,,,,"",""
ball,2,0.1,Zimbabwe,CB Wishart,MA Vermeulen,J Srinath,1,0,,,,,,"",""
ball,2,0.2,Zimbabwe,MA Vermeulen,CB Wishart,J Srinath,0,0,,,,,,"",""
ball,2,0.3,Zimbabwe,MA Vermeulen,CB Wishart,J Srinath,0,0,,,,,,"",""
ball,2,0.4,Zimbabwe,MA Vermeulen,CB Wishart,J Srinath,0,0,,,,,,"",""
ball,2,0.5,Zimbabwe,MA Vermeulen,CB Wishart,J Srinath,0,0,,,,,,"",""
ball,2,0.6,Zimbabwe,MA Vermeulen,CB Wishart,J Srinath,0,0,,,,,,caught,MA Vermeulen
ball,2,1.1,Zimbabwe,CB Wishart,A Flower,Z Khan,0,1,1,,,,,"",""
ball,2,1.2,Zimbabwe,CB Wishart,A Flower,Z Khan,0,0,,,,,,"",""
ball,2,1.3,Zimbabwe,CB Wishart,A Flower,Z Khan,0,0,,,,,,"",""
ball,2,1.4,Zimbabwe,CB Wishart,A Flower,Z Khan,4,0,,,,,,"",""
ball,2,1.5,Zimbabwe,CB Wishart,A Flower,Z Khan,1,0,,,,,,"",""
ball,2,1.6,Zimbabwe,A Flower,CB Wishart,Z Khan,0,0,,,,,,"",""
ball,2,1.7,Zimbabwe,A Flower,CB Wishart,Z Khan,1,0,,,,,,"",""
ball,2,2.1,Zimbabwe,A Flower,CB Wishart,J Srinath,0,0,,,,,,"",""
ball,2,2.2,Zimbabwe,A Flower,CB Wishart,J Srinath,1,0,,,,,,"",""
ball,2,2.3,Zimbabwe,CB Wishart,A Flower,J Srinath,0,0,,,,,,"",""
ball,2,2.4,Zimbabwe,CB Wishart,A Flower,J Srinath,0,1,,,,1,,"",""
ball,2,2.5,Zimbabwe,A Flower,CB Wishart,J Srinath,0,0,,,,,,"",""
ball,2,2.6,Zimbabwe,A Flower,CB Wishart,J Srinath,0,0,,,,,,"",""
ball,2,3.1,Zimbabwe,CB Wishart,A Flower,Z Khan,0,0,,,,,,"",""
ball,2,3.2,Zimbabwe,CB Wishart,A Flower,Z Khan,0,0,,,,,,"",""
ball,2,3.3,Zimbabwe,CB Wishart,A Flower,Z Khan,0,0,,,,,,"",""
ball,2,3.4,Zimbabwe,CB Wishart,A Flower,Z Khan,0,0,,,,,,"",""
ball,2,3.5,Zimbabwe,CB Wishart,A Flower,Z Khan,0,0,,,,,,"",""
ball,2,3.6,Zimbabwe,CB Wishart,A Flower,Z Khan,4,0,,,,,,"",""
ball,2,4.1,Zimbabwe,A Flower,CB Wishart,J Srinath,0,0,,,,,,"",""
ball,2,4.2,Zimbabwe,A Flower,CB Wishart,J Srinath,0,0,,,,,,"",""
ball,2,4.3,Zimbabwe,A Flower,CB Wishart,J Srinath,0,0,,,,,,"",""
ball,2,4.4,Zimbabwe,A Flower,CB Wishart,J Srinath,0,0,,,,,,"",""
ball,2,4.5,Zimbabwe,A Flower,CB Wishart,J Srinath,0,0,,,,,,"",""
ball,2,4.6,Zimbabwe,A Flower,CB Wishart,J Srinath,1,0,,,,,,"",""
ball,2,5.1,Zimbabwe,A Flower,CB Wishart,Z Khan,0,0,,,,,,"",""
ball,2,5.2,Zimbabwe,A Flower,CB Wishart,Z Khan,0,0,,,,,,"",""
ball,2,5.3,Zimbabwe,A Flower,CB Wishart,Z Khan,0,0,,,,,,"",""
ball,2,5.4,Zimbabwe,A Flower,CB Wishart,Z Khan,0,1,1,,,,,"",""
ball,2,5.5,Zimbabwe,A Flower,CB Wishart,Z Khan,1,0,,,,,,"",""
ball,2,5.6,Zimbabwe,CB Wishart,A Flower,Z Khan,0,0,,,,,,"",""
ball,2,5.7,Zimbabwe,CB Wishart,A Flower,Z Khan,0,0,,,,,,"",""
ball,2,6.1,Zimbabwe,A Flower,CB Wishart,J Srinath,0,0,,,,,,"",""
ball,2,6.2,Zimbabwe,A Flower,CB Wishart,J Srinath,1,0,,,,,,"",""
ball,2,6.3,Zimbabwe,CB Wishart,A Flower,J Srinath,1,0,,,,,,"",""
ball,2,6.4,Zimbabwe,A Flower,CB Wishart,J Srinath,0,0,,,,,,"",""
ball,2,6.5,Zimbabwe,A Flower,CB Wishart,J Srinath,0,0,,,,,,"",""
ball,2,6.6,Zimbabwe,A Flower,CB Wishart,J Srinath,1,0,,,,,,"",""
ball,2,7.1,Zimbabwe,A Flower,CB Wishart,Z Khan,0,0,,,,,,"",""
ball,2,7.2,Zimbabwe,A Flower,CB Wishart,Z Khan,0,1,1,,,,,"",""
ball,2,7.3,Zimbabwe,A Flower,CB Wishart,Z Khan,1,0,,,,,,"",""
ball,2,7.4,Zimbabwe,CB Wishart,A Flower,Z Khan,0,0,,,,,,"",""
ball,2,7.5,Zimbabwe,CB Wishart,A Flower,Z Khan,1,0,,,,,,"",""
ball,2,7.6,Zimbabwe,A Flower,CB Wishart,Z Khan,0,0,,,,,,"",""
ball,2,7.7,Zimbabwe,A Flower,CB Wishart,Z Khan,0,0,,,,,,"",""
ball,2,8.1,Zimbabwe,CB Wishart,A Flower,J Srinath,0,0,,,,,,bowled,CB Wishart
ball,2,8.2,Zimbabwe,GW Flower,A Flower,J Srinath,0,0,,,,,,"",""
ball,2,8.3,Zimbabwe,GW Flower,A Flower,J Srinath,0,0,,,,,,"",""
ball,2,8.4,Zimbabwe,GW Flower,A Flower,J Srinath,0,0,,,,,,"",""
ball,2,8.5,Zimbabwe,GW Flower,A Flower,J Srinath,0,0,,,,,,"",""
ball,2,8.6,Zimbabwe,GW Flower,A Flower,J Srinath,0,0,,,,,,"",""
ball,2,9.1,Zimbabwe,A Flower,GW Flower,Z Khan,0,0,,,,,,"",""
ball,2,9.2,Zimbabwe,A Flower,GW Flower,Z Khan,1,0,,,,,,"",""
ball,2,9.3,Zimbabwe,GW Flower,A Flower,Z Khan,2,0,,,,,,"",""
ball,2,9.4,Zimbabwe,GW Flower,A Flower,Z Khan,0,0,,,,,,"",""
ball,2,9.5,Zimbabwe,GW Flower,A Flower,Z Khan,0,0,,,,,,"",""
ball,2,9.6,Zimbabwe,GW Flower,A Flower,Z Khan,0,0,,,,,,"",""
ball,2,10.1,Zimbabwe,A Flower,GW Flower,J Srinath,0,0,,,,,,"",""
ball,2,10.2,Zimbabwe,A Flower,GW Flower,J Srinath,0,0,,,,,,"",""
ball,2,10.3,Zimbabwe,A Flower,GW Flower,J Srinath,0,0,,,,,,"",""
ball,2,10.4,Zimbabwe,A Flower,GW Flower,J Srinath,0,0,,,,,,"",""
ball,2,10.5,Zimbabwe,A Flower,GW Flower,J Srinath,0,0,,,,,,"",""
ball,2,10.6,Zimbabwe,A Flower,GW Flower,J Srinath,1,0,,,,,,"",""
ball,2,11.1,Zimbabwe,A Flower,GW Flower,A Nehra,4,0,,,,,,"",""
ball,2,11.2,Zimbabwe,A Flower,GW Flower,A Nehra,1,0,,,,,,"",""
ball,2,11.3,Zimbabwe,GW Flower,A Flower,A Nehra,0,0,,,,,,"",""
ball,2,11.4,Zimbabwe,GW Flower,A Flower,A Nehra,0,0,,,,,,"",""
ball,2,11.5,Zimbabwe,GW Flower,A Flower,A Nehra,1,0,,,,,,"",""
ball,2,11.6,Zimbabwe,A Flower,GW Flower,A Nehra,0,0,,,,,,"",""
ball,2,12.1,Zimbabwe,GW Flower,A Flower,J Srinath,1,0,,,,,,"",""
ball,2,12.2,Zimbabwe,A Flower,GW Flower,J Srinath,0,0,,,,,,"",""
ball,2,12.3,Zimbabwe,A Flower,GW Flower,J Srinath,0,0,,,,,,"",""
ball,2,12.4,Zimbabwe,A Flower,GW Flower,J Srinath,2,0,,,,,,"",""
ball,2,12.5,Zimbabwe,A Flower,GW Flower,J Srinath,0,0,,,,,,"",""
ball,2,12.6,Zimbabwe,A Flower,GW Flower,J Srinath,0,0,,,,,,"",""
ball,2,13.1,Zimbabwe,GW Flower,A Flower,A Nehra,0,0,,,,,,"",""
ball,2,13.2,Zimbabwe,GW Flower,A Flower,A Nehra,0,0,,,,,,"",""
ball,2,13.3,Zimbabwe,GW Flower,A Flower,A Nehra,0,0,,,,,,"",""
ball,2,13.4,Zimbabwe,GW Flower,A Flower,A Nehra,1,0,,,,,,"",""
ball,2,13.5,Zimbabwe,A Flower,GW Flower,A Nehra,0,0,,,,,,"",""
ball,2,13.6,Zimbabwe,A Flower,GW Flower,A Nehra,0,0,,,,,,"",""
ball,2,14.1,Zimbabwe,GW Flower,A Flower,Harbhajan Singh,1,0,,,,,,"",""
ball,2,14.2,Zimbabwe,A Flower,GW Flower,Harbhajan Singh,0,1,1,,,,,"",""
ball,2,14.3,Zimbabwe,A Flower,GW Flower,Harbhajan Singh,0,1,1,,,,,"",""
ball,2,14.4,Zimbabwe,A Flower,GW Flower,Harbhajan Singh,0,0,,,,,,"",""
ball,2,14.5,Zimbabwe,A Flower,GW Flower,Harbhajan Singh,0,0,,,,,,"",""
ball,2,14.6,Zimbabwe,A Flower,GW Flower,Harbhajan Singh,2,0,,,,,,"",""
ball,2,14.7,Zimbabwe,A Flower,GW Flower,Harbhajan Singh,0,0,,,,,,"",""
ball,2,14.8,Zimbabwe,A Flower,GW Flower,Harbhajan Singh,1,0,,,,,,"",""
ball,2,15.1,Zimbabwe,A Flower,GW Flower,A Nehra,1,0,,,,,,"",""
ball,2,15.2,Zimbabwe,GW Flower,A Flower,A Nehra,1,0,,,,,,"",""
ball,2,15.3,Zimbabwe,A Flower,GW Flower,A Nehra,0,0,,,,,,"",""
ball,2,15.4,Zimbabwe,A Flower,GW Flower,A Nehra,0,0,,,,,,"",""
ball,2,15.5,Zimbabwe,A Flower,GW Flower,A Nehra,1,0,,,,,,"",""
ball,2,15.6,Zimbabwe,GW Flower,A Flower,A Nehra,0,0,,,,,,"",""
ball,2,16.1,Zimbabwe,A Flower,GW Flower,Harbhajan Singh,1,0,,,,,,"",""
ball,2,16.2,Zimbabwe,GW Flower,A Flower,Harbhajan Singh,1,0,,,,,,"",""
ball,2,16.3,Zimbabwe,A Flower,GW Flower,Harbhajan Singh,0,0,,,,,,bowled,A Flower
ball,2,16.4,Zimbabwe,DD Ebrahim,GW Flower,Harbhajan Singh,0,0,,,,,,"",""
ball,2,16.5,Zimbabwe,DD Ebrahim,GW Flower,Harbhajan Singh,0,0,,,,,,"",""
ball,2,16.6,Zimbabwe,DD Ebrahim,GW Flower,Harbhajan Singh,1,0,,,,,,"",""
ball,2,17.1,Zimbabwe,DD Ebrahim,GW Flower,A Nehra,2,0,,,,,,"",""
ball,2,17.2,Zimbabwe,DD Ebrahim,GW Flower,A Nehra,0,0,,,,,,"",""
ball,2,17.3,Zimbabwe,DD Ebrahim,GW Flower,A Nehra,0,0,,,,,,"",""
ball,2,17.4,Zimbabwe,DD Ebrahim,GW Flower,A Nehra,4,0,,,,,,"",""
ball,2,17.5,Zimbabwe,DD Ebrahim,GW Flower,A Nehra,0,0,,,,,,"",""
ball,2,17.6,Zimbabwe,DD Ebrahim,GW Flower,A Nehra,1,0,,,,,,"",""
ball,2,18.1,Zimbabwe,DD Ebrahim,GW Flower,Harbhajan Singh,0,0,,,,,,"",""
ball,2,18.2,Zimbabwe,DD Ebrahim,GW Flower,Harbhajan Singh,1,0,,,,,,"",""
ball,2,18.3,Zimbabwe,GW Flower,DD Ebrahim,Harbhajan Singh,0,0,,,,,,"",""
ball,2,18.4,Zimbabwe,GW Flower,DD Ebrahim,Harbhajan Singh,2,0,,,,,,"",""
ball,2,18.5,Zimbabwe,GW Flower,DD Ebrahim,Harbhajan Singh,0,0,,,,,,"",""
ball,2,18.6,Zimbabwe,GW Flower,DD Ebrahim,Harbhajan Singh,1,0,,,,,,"",""
ball,2,19.1,Zimbabwe,GW Flower,DD Ebrahim,A Nehra,0,0,,,,,,"",""
ball,2,19.2,Zimbabwe,GW Flower,DD Ebrahim,A Nehra,1,0,,,,,,"",""
ball,2,19.3,Zimbabwe,DD Ebrahim,GW Flower,A Nehra,0,1,,1,,,,"",""
ball,2,19.4,Zimbabwe,DD Ebrahim,GW Flower,A Nehra,0,0,,,,,,"",""
ball,2,19.5,Zimbabwe,DD Ebrahim,GW Flower,A Nehra,0,0,,,,,,"",""
ball,2,19.6,Zimbabwe,DD Ebrahim,GW Flower,A Nehra,1,0,,,,,,"",""
ball,2,19.7,Zimbabwe,GW Flower,DD Ebrahim,A Nehra,2,0,,,,,,"",""
ball,2,20.1,Zimbabwe,DD Ebrahim,GW Flower,Harbhajan Singh,0,0,,,,,,"",""
ball,2,20.2,Zimbabwe,DD Ebrahim,GW Flower,Harbhajan Singh,1,0,,,,,,"",""
ball,2,20.3,Zimbabwe,GW Flower,DD Ebrahim,Harbhajan Singh,1,0,,,,,,"",""
ball,2,20.4,Zimbabwe,DD Ebrahim,GW Flower,Harbhajan Singh,1,0,,,,,,"",""
ball,2,20.5,Zimbabwe,GW Flower,DD Ebrahim,Harbhajan Singh,1,0,,,,,,"",""
ball,2,20.6,Zimbabwe,DD Ebrahim,GW Flower,Harbhajan Singh,1,0,,,,,,"",""
ball,2,21.1,Zimbabwe,DD Ebrahim,GW Flower,SC Ganguly,0,0,,,,,,"",""
ball,2,21.2,Zimbabwe,DD Ebrahim,GW Flower,SC Ganguly,2,0,,,,,,"",""
ball,2,21.3,Zimbabwe,DD Ebrahim,GW Flower,SC Ganguly,1,0,,,,,,"",""
ball,2,21.4,Zimbabwe,GW Flower,DD Ebrahim,SC Ganguly,1,0,,,,,,"",""
ball,2,21.5,Zimbabwe,DD Ebrahim,GW Flower,SC Ganguly,0,0,,,,,,"",""
ball,2,21.6,Zimbabwe,DD Ebrahim,GW Flower,SC Ganguly,1,0,,,,,,"",""
ball,2,22.1,Zimbabwe,DD Ebrahim,GW Flower,Harbhajan Singh,1,0,,,,,,"",""
ball,2,22.2,Zimbabwe,GW Flower,DD Ebrahim,Harbhajan Singh,1,0,,,,,,"",""
ball,2,22.3,Zimbabwe,DD Ebrahim,GW Flower,Harbhajan Singh,1,0,,,,,,"",""
ball,2,22.4,Zimbabwe,GW Flower,DD Ebrahim,Harbhajan Singh,4,0,,,,,,"",""
ball,2,22.5,Zimbabwe,GW Flower,DD Ebrahim,Harbhajan Singh,0,0,,,,,,"",""
ball,2,22.6,Zimbabwe,GW Flower,DD Ebrahim,Harbhajan Singh,1,0,,,,,,"",""
ball,2,23.1,Zimbabwe,GW Flower,DD Ebrahim,SC Ganguly,0,0,,,,,,"",""
ball,2,23.2,Zimbabwe,GW Flower,DD Ebrahim,SC Ganguly,0,0,,,,,,"",""
ball,2,23.3,Zimbabwe,GW Flower,DD Ebrahim,SC Ganguly,0,0,,,,,,"",""
ball,2,23.4,Zimbabwe,GW Flower,DD Ebrahim,SC Ganguly,0,0,,,,,,caught,GW Flower
ball,2,23.5,Zimbabwe,DD Ebrahim,AM Blignaut,SC Ganguly,0,0,,,,,,caught,DD Ebrahim
ball,2,23.6,Zimbabwe,AM Blignaut,T Taibu,SC Ganguly,0,0,,,,,,"",""
ball,2,24.1,Zimbabwe,T Taibu,AM Blignaut,Harbhajan Singh,1,0,,,,,,"",""
ball,2,24.2,Zimbabwe,AM Blignaut,T Taibu,Harbhajan Singh,0,0,,,,,,"",""
ball,2,24.3,Zimbabwe,AM Blignaut,T Taibu,Harbhajan Singh,1,0,,,,,,"",""
ball,2,24.4,Zimbabwe,T Taibu,AM Blignaut,Harbhajan Singh,0,0,,,,,,"",""
ball,2,24.5,Zimbabwe,T Taibu,AM Blignaut,Harbhajan Singh,0,0,,,,,,"",""
ball,2,24.6,Zimbabwe,T Taibu,AM Blignaut,Harbhajan Singh,0,0,,,,,,"",""
ball,2,25.1,Zimbabwe,AM Blignaut,T Taibu,SC Ganguly,1,0,,,,,,"",""
ball,2,25.2,Zimbabwe,T Taibu,AM Blignaut,SC Ganguly,1,0,,,,,,"",""
ball,2,25.3,Zimbabwe,AM Blignaut,T Taibu,SC Ganguly,0,0,,,,,,caught,AM Blignaut
ball,2,25.4,Zimbabwe,T Taibu,GJ Whittall,SC Ganguly,1,0,,,,,,"",""
ball,2,25.5,Zimbabwe,GJ Whittall,T Taibu,SC Ganguly,0,0,,,,,,"",""
ball,2,25.6,Zimbabwe,GJ Whittall,T Taibu,SC Ganguly,2,0,,,,,,"",""
ball,2,26.1,Zimbabwe,T Taibu,GJ Whittall,Harbhajan Singh,1,0,,,,,,"",""
ball,2,26.2,Zimbabwe,GJ Whittall,T Taibu,Harbhajan Singh,0,0,,,,,,"",""
ball,2,26.3,Zimbabwe,GJ Whittall,T Taibu,Harbhajan Singh,0,0,,,,,,"",""
ball,2,26.4,Zimbabwe,GJ Whittall,T Taibu,Harbhajan Singh,0,0,,,,,,"",""
ball,2,26.5,Zimbabwe,GJ Whittall,T Taibu,Harbhajan Singh,0,0,,,,,,"",""
ball,2,26.6,Zimbabwe,GJ Whittall,T Taibu,Harbhajan Singh,4,0,,,,,,"",""
ball,2,27.1,Zimbabwe,T Taibu,GJ Whittall,SC Ganguly,0,0,,,,,,"",""
ball,2,27.2,Zimbabwe,T Taibu,GJ Whittall,SC Ganguly,0,0,,,,,,"",""
ball,2,27.3,Zimbabwe,T Taibu,GJ Whittall,SC Ganguly,2,0,,,,,,"",""
ball,2,27.4,Zimbabwe,T Taibu,GJ Whittall,SC Ganguly,0,0,,,,,,"",""
ball,2,27.5,Zimbabwe,T Taibu,GJ Whittall,SC Ganguly,0,0,,,,,,"",""
ball,2,27.6,Zimbabwe,T Taibu,GJ Whittall,SC Ganguly,0,0,,,,,,"",""
ball,2,28.1,Zimbabwe,GJ Whittall,T Taibu,A Nehra,2,0,,,,,,"",""
ball,2,28.2,Zimbabwe,GJ Whittall,T Taibu,A Nehra,0,0,,,,,,"",""
ball,2,28.3,Zimbabwe,GJ Whittall,T Taibu,A Nehra,0,0,,,,,,"",""
ball,2,28.4,Zimbabwe,GJ Whittall,T Taibu,A Nehra,1,0,,,,,,"",""
ball,2,28.5,Zimbabwe,T Taibu,GJ Whittall,A Nehra,1,0,,,,,,"",""
ball,2,28.6,Zimbabwe,GJ Whittall,T Taibu,A Nehra,1,0,,,,,,"",""
ball,2,29.1,Zimbabwe,GJ Whittall,T Taibu,SC Ganguly,0,0,,,,,,"",""
ball,2,29.2,Zimbabwe,GJ Whittall,T Taibu,SC Ganguly,2,0,,,,,,"",""
ball,2,29.3,Zimbabwe,GJ Whittall,T Taibu,SC Ganguly,2,0,,,,,,"",""
ball,2,29.4,Zimbabwe,GJ Whittall,T Taibu,SC Ganguly,2,0,,,,,,"",""
ball,2,29.5,Zimbabwe,GJ Whittall,T Taibu,SC Ganguly,4,0,,,,,,"",""
ball,2,29.6,Zimbabwe,GJ Whittall,T Taibu,SC Ganguly,0,0,,,,,,"",""
ball,2,30.1,Zimbabwe,T Taibu,GJ Whittall,A Nehra,1,0,,,,,,"",""
ball,2,30.2,Zimbabwe,GJ Whittall,T Taibu,A Nehra,0,0,,,,,,"",""
ball,2,30.3,Zimbabwe,GJ Whittall,T Taibu,A Nehra,1,0,,,,,,"",""
ball,2,30.4,Zimbabwe,T Taibu,GJ Whittall,A Nehra,1,0,,,,,,"",""
ball,2,30.5,Zimbabwe,GJ Whittall,T Taibu,A Nehra,4,0,,,,,,"",""
ball,2,30.6,Zimbabwe,GJ Whittall,T Taibu,A Nehra,1,0,,,,,,"",""
ball,2,31.1,Zimbabwe,GJ Whittall,T Taibu,V Sehwag,0,0,,,,,,"",""
ball,2,31.2,Zimbabwe,GJ Whittall,T Taibu,V Sehwag,1,0,,,,,,"",""
ball,2,31.3,Zimbabwe,T Taibu,GJ Whittall,V Sehwag,1,0,,,,,,"",""
ball,2,31.4,Zimbabwe,GJ Whittall,T Taibu,V Sehwag,1,0,,,,,,"",""
ball,2,31.5,Zimbabwe,T Taibu,GJ Whittall,V Sehwag,1,0,,,,,,"",""
ball,2,31.6,Zimbabwe,GJ Whittall,T Taibu,V Sehwag,0,0,,,,,,caught,GJ Whittall
ball,2,32.1,Zimbabwe,T Taibu,HH Streak,D Mongia,0,0,,,,,,"",""
ball,2,32.2,Zimbabwe,T Taibu,HH Streak,D Mongia,1,0,,,,,,"",""
ball,2,32.3,Zimbabwe,HH Streak,T Taibu,D Mongia,0,0,,,,,,"",""
ball,2,32.4,Zimbabwe,HH Streak,T Taibu,D Mongia,0,0,,,,,,"",""
ball,2,32.5,Zimbabwe,HH Streak,T Taibu,D Mongia,0,0,,,,,,"",""
ball,2,32.6,Zimbabwe,HH Streak,T Taibu,D Mongia,0,0,,,,,,"",""
ball,2,33.1,Zimbabwe,T Taibu,HH Streak,V Sehwag,1,0,,,,,,"",""
ball,2,33.2,Zimbabwe,HH Streak,T Taibu,V Sehwag,1,0,,,,,,"",""
ball,2,33.3,Zimbabwe,T Taibu,HH Streak,V Sehwag,0,0,,,,,,"",""
ball,2,33.4,Zimbabwe,T Taibu,HH Streak,V Sehwag,1,0,,,,,,"",""
ball,2,33.5,Zimbabwe,HH Streak,T Taibu,V Sehwag,1,0,,,,,,"",""
ball,2,33.6,Zimbabwe,T Taibu,HH Streak,V Sehwag,2,0,,,,,,"",""
ball,2,34.1,Zimbabwe,HH Streak,T Taibu,D Mongia,0,0,,,,,,"",""
ball,2,34.2,Zimbabwe,HH Streak,T Taibu,D Mongia,0,0,,,,,,"",""
ball,2,34.3,Zimbabwe,HH Streak,T Taibu,D Mongia,0,1,,,,1,,"",""
ball,2,34.4,Zimbabwe,T Taibu,HH Streak,D Mongia,1,0,,,,,,"",""
ball,2,34.5,Zimbabwe,HH Streak,T Taibu,D Mongia,0,0,,,,,,"",""
ball,2,34.6,Zimbabwe,HH Streak,T Taibu,D Mongia,1,0,,,,,,"",""
ball,2,35.1,Zimbabwe,HH Streak,T Taibu,V Sehwag,0,0,,,,,,"",""
ball,2,35.2,Zimbabwe,HH Streak,T Taibu,V Sehwag,1,0,,,,,,"",""
ball,2,35.3,Zimbabwe,T Taibu,HH Streak,V Sehwag,1,0,,,,,,"",""
ball,2,35.4,Zimbabwe,HH Streak,T Taibu,V Sehwag,1,0,,,,,,"",""
ball,2,35.5,Zimbabwe,T Taibu,HH Streak,V Sehwag,1,0,,,,,,"",""
ball,2,35.6,Zimbabwe,HH Streak,T Taibu,V Sehwag,0,0,,,,,,"",""
ball,2,36.1,Zimbabwe,T Taibu,HH Streak,D Mongia,1,0,,,,,,"",""
ball,2,36.2,Zimbabwe,HH Streak,T Taibu,D Mongia,0,0,,,,,,"",""
ball,2,36.3,Zimbabwe,HH Streak,T Taibu,D Mongia,0,0,,,,,,"",""
ball,2,36.4,Zimbabwe,HH Streak,T Taibu,D Mongia,2,0,,,,,,"",""
ball,2,36.5,Zimbabwe,HH Streak,T Taibu,D Mongia,1,0,,,,,,"",""
ball,2,36.6,Zimbabwe,T Taibu,HH Streak,D Mongia,0,0,,,,,,"",""
ball,2,37.1,Zimbabwe,HH Streak,T Taibu,Harbhajan Singh,0,0,,,,,,"",""
ball,2,37.2,Zimbabwe,HH Streak,T Taibu,Harbhajan Singh,0,0,,,,,,"",""
ball,2,37.3,Zimbabwe,HH Streak,T Taibu,Harbhajan Singh,1,0,,,,,,"",""
ball,2,37.4,Zimbabwe,T Taibu,HH Streak,Harbhajan Singh,0,4,,,4,,,"",""
ball,2,37.5,Zimbabwe,T Taibu,HH Streak,Harbhajan Singh,1,0,,,,,,"",""
ball,2,37.6,Zimbabwe,HH Streak,T Taibu,Harbhajan Singh,1,0,,,,,,"",""
ball,2,38.1,Zimbabwe,HH Streak,T Taibu,D Mongia,2,0,,,,,,"",""
ball,2,38.2,Zimbabwe,HH Streak,T Taibu,D Mongia,0,0,,,,,,"",""
ball,2,38.3,Zimbabwe,HH Streak,T Taibu,D Mongia,4,0,,,,,,"",""
ball,2,38.4,Zimbabwe,HH Streak,T Taibu,D Mongia,1,0,,,,,,"",""
ball,2,38.5,Zimbabwe,T Taibu,HH Streak,D Mongia,1,0,,,,,,"",""
ball,2,38.6,Zimbabwe,HH Streak,T Taibu,D Mongia,1,0,,,,,,"",""
ball,2,39.1,Zimbabwe,HH Streak,T Taibu,Harbhajan Singh,0,0,,,,,,"",""
ball,2,39.2,Zimbabwe,HH Streak,T Taibu,Harbhajan Singh,0,0,,,,,,"",""
ball,2,39.3,Zimbabwe,HH Streak,T Taibu,Harbhajan Singh,2,0,,,,,,"",""
ball,2,39.4,Zimbabwe,HH Streak,T Taibu,Harbhajan Singh,0,0,,,,,,"",""
ball,2,39.5,Zimbabwe,HH Streak,T Taibu,Harbhajan Singh,0,0,,,,,,caught,HH Streak
ball,2,39.6,Zimbabwe,BA Murphy,T Taibu,Harbhajan Singh,0,0,,,,,,"",""
ball,2,40.1,Zimbabwe,T Taibu,BA Murphy,Z Khan,0,0,,,,,,"",""
ball,2,40.2,Zimbabwe,T Taibu,BA Murphy,Z Khan,1,0,,,,,,"",""
ball,2,40.3,Zimbabwe,BA Murphy,T Taibu,Z Khan,0,0,,,,,,"",""
ball,2,40.4,Zimbabwe,BA Murphy,T Taibu,Z Khan,0,0,,,,,,"",""
ball,2,40.5,Zimbabwe,BA Murphy,T Taibu,Z Khan,0,0,,,,,,"",""
ball,2,40.6,Zimbabwe,BA Murphy,T Taibu,Z Khan,0,0,,,,,,"",""
ball,2,41.1,Zimbabwe,T Taibu,BA Murphy,Harbhajan Singh,1,0,,,,,,"",""
ball,2,41.2,Zimbabwe,BA Murphy,T Taibu,Harbhajan Singh,1,0,,,,,,"",""
ball,2,41.3,Zimbabwe,T Taibu,BA Murphy,Harbhajan Singh,0,0,,,,,,"",""
ball,2,41.4,Zimbabwe,T Taibu,BA Murphy,Harbhajan Singh,1,0,,,,,,"",""
ball,2,41.5,Zimbabwe,BA Murphy,T Taibu,Harbhajan Singh,0,0,,,,,,"",""
ball,2,41.6,Zimbabwe,BA Murphy,T Taibu,Harbhajan Singh,1,0,,,,,,"",""
ball,2,42.1,Zimbabwe,BA Murphy,T Taibu,Z Khan,0,0,,,,,,bowled,BA Murphy
ball,2,42.2,Zimbabwe,DT Hondo,T Taibu,Z Khan,0,0,,,,,,"",""
ball,2,42.3,Zimbabwe,DT Hondo,T Taibu,Z Khan,0,0,,,,,,"",""
ball,2,42.4,Zimbabwe,DT Hondo,T Taibu,Z Khan,0,0,,,,,,"",""
ball,2,42.5,Zimbabwe,DT Hondo,T Taibu,Z Khan,0,0,,,,,,"",""
ball,2,42.6,Zimbabwe,DT Hondo,T Taibu,Z Khan,0,1,,1,,,,"",""
ball,2,42.7,Zimbabwe,DT Hondo,T Taibu,Z Khan,0,0,,,,,,"",""
ball,2,43.1,Zimbabwe,T Taibu,DT Hondo,J Srinath,2,0,,,,,,"",""
ball,2,43.2,Zimbabwe,T Taibu,DT Hondo,J Srinath,0,0,,,,,,"",""
ball,2,43.3,Zimbabwe,T Taibu,DT Hondo,J Srinath,0,0,,,,,,"",""
ball,2,43.4,Zimbabwe,T Taibu,DT Hondo,J Srinath,1,0,,,,,,"",""
ball,2,43.5,Zimbabwe,DT Hondo,T Taibu,J Srinath,1,0,,,,,,"",""
ball,2,43.6,Zimbabwe,T Taibu,DT Hondo,J Srinath,0,0,,,,,,"",""
ball,2,44.1,Zimbabwe,DT Hondo,T Taibu,Z Khan,1,0,,,,,,"",""
ball,2,44.2,Zimbabwe,T Taibu,DT Hondo,Z Khan,0,0,,,,,,"",""
ball,2,44.3,Zimbabwe,T Taibu,DT Hondo,Z Khan,1,0,,,,,,"",""
ball,2,44.4,Zimbabwe,DT Hondo,T Taibu,Z Khan,0,0,,,,,,bowled,DT Hondo
