version,1.7.0
info,balls_per_over,6
info,team,India
info,team,England
info,gender,male
info,season,2002/03
info,date,2003/02/26
info,event,ICC World Cup
info,match_number,30
info,venue,"Kingsmead, Durban"
info,city,Durban
info,toss_winner,India
info,toss_decision,bat
info,player_of_match,A Nehra
info,umpire,RE Koertzen
info,umpire,SJA Taufel
info,tv_umpire,EAR de Silva
info,match_referee,RS Madugalle
info,winner,India
info,winner_runs,82
info,player,India,V Sehwag
info,player,India,SR Tendulkar
info,player,India,SC Ganguly
info,player,India,D Mongia
info,player,India,R Dravid
info,player,India,Yuvraj Singh
info,player,India,M Kaif
info,player,India,Harbhajan Singh
info,player,India,Z Khan
info,player,India,J Srinath
info,player,India,A Nehra
info,player,England,ME Trescothick
info,player,England,NV Knight
info,player,England,MP Vaughan
info,player,England,N Hussain
info,player,England,AJ Stewart
info,player,England,PD Collingwood
info,player,England,A Flintoff
info,player,England,C White
info,player,England,RC Irani
info,player,England,AR Caddick
info,player,England,JM Anderson
info,registry,people,A Flintoff,ddc0828d
info,registry,people,A Nehra,96fd40ae
info,registry,people,AJ Stewart,a8ce3491
info,registry,people,AR Caddick,25020f9d
info,registry,people,C White,f44af07f
info,registry,people,D Mongia,99663fa5
info,registry,people,EAR de Silva,dc63f509
info,registry,people,Harbhajan Singh,8b5b6769
info,registry,people,J Srinath,bad31fac
info,registry,people,JM Anderson,d12143bf
info,registry,people,M Kaif,d84378a4
info,registry,people,ME Trescothick,ea42ddb9
info,registry,people,MP Vaughan,6e1b1ec0
info,registry,people,N Hussain,f76ffa81
info,registry,people,NV Knight,d2f3829d
info,registry,people,PD Collingwood,a386e91b
info,registry,people,R Dravid,0184dc35
info,registry,people,RC Irani,f011dfa3
info,registry,people,RE Koertzen,0265fab2
info,registry,people,RS Madugalle,766b5798
info,registry,people,SC Ganguly,725529bc
info,registry,people,SJA Taufel,4b43d5ac
info,registry,people,SR Tendulkar,d2c2b2d5
info,registry,people,V Sehwag,8ba8195d
info,registry,people,Yuvraj Singh,1c914163
info,registry,people,Z Khan,91a4a398
ball,1,0.1,India,V Sehwag,SR Tendulkar,AR Caddick,1,0,,,,,,"",""
ball,1,0.2,India,SR Tendulkar,V Sehwag,AR Caddick,0,0,,,,,,"",""
ball,1,0.3,India,SR Tendulkar,V Sehwag,AR Caddick,4,0,,,,,,"",""
ball,1,0.4,India,SR Tendulkar,V Sehwag,AR Caddick,0,0,,,,,,"",""
ball,1,0.5,India,SR Tendulkar,V Sehwag,AR Caddick,1,0,,,,,,"",""
ball,1,0.6,India,V Sehwag,SR Tendulkar,AR Caddick,0,0,,,,,,"",""
ball,1,1.1,India,SR Tendulkar,V Sehwag,JM Anderson,0,0,,,,,,"",""
ball,1,1.2,India,SR Tendulkar,V Sehwag,JM Anderson,0,0,,,,,,"",""
ball,1,1.3,India,SR Tendulkar,V Sehwag,JM Anderson,0,1,1,,,,,"",""
ball,1,1.4,India,SR Tendulkar,V Sehwag,JM Anderson,0,0,,,,,,"",""
ball,1,1.5,India,SR Tendulkar,V Sehwag,JM Anderson,0,0,,,,,,"",""
ball,1,1.6,India,SR Tendulkar,V Sehwag,JM Anderson,0,0,,,,,,"",""
ball,1,1.7,India,SR Tendulkar,V Sehwag,JM Anderson,0,0,,,,,,"",""
ball,1,2.1,India,V Sehwag,SR Tendulkar,AR Caddick,0,0,,,,,,"",""
ball,1,2.2,India,V Sehwag,SR Tendulkar,AR Caddick,1,0,,,,,,"",""
ball,1,2.3,India,SR Tendulkar,V Sehwag,AR Caddick,0,1,,1,,,,"",""
ball,1,2.4,India,SR Tendulkar,V Sehwag,AR Caddick,0,0,,,,,,"",""
ball,1,2.5,India,SR Tendulkar,V Sehwag,AR Caddick,1,0,,,,,,"",""
ball,1,2.6,India,V Sehwag,SR Tendulkar,AR Caddick,0,0,,,,,,"",""
ball,1,2.7,India,V Sehwag,SR Tendulkar,AR Caddick,0,0,,,,,,"",""
ball,1,3.1,India,SR Tendulkar,V Sehwag,JM Anderson,0,0,,,,,,"",""
ball,1,3.2,India,SR Tendulkar,V Sehwag,JM Anderson,0,0,,,,,,"",""
ball,1,3.3,India,SR Tendulkar,V Sehwag,JM Anderson,1,0,,,,,,"",""
ball,1,3.4,India,V Sehwag,SR Tendulkar,JM Anderson,1,0,,,,,,"",""
ball,1,3.5,India,SR Tendulkar,V Sehwag,JM Anderson,1,0,,,,,,"",""
ball,1,3.6,India,V Sehwag,SR Tendulkar,JM Anderson,0,0,,,,,,"",""
ball,1,4.1,India,SR Tendulkar,V Sehwag,AR Caddick,4,0,,,,,,"",""
ball,1,4.2,India,SR Tendulkar,V Sehwag,AR Caddick,1,0,,,,,,"",""
ball,1,4.3,India,V Sehwag,SR Tendulkar,AR Caddick,0,0,,,,,,"",""
ball,1,4.4,India,V Sehwag,SR Tendulkar,AR Caddick,0,0,,,,,,"",""
ball,1,4.5,India,V Sehwag,SR Tendulkar,AR Caddick,0,0,,,,,,"",""
ball,1,4.6,India,V Sehwag,SR Tendulkar,AR Caddick,0,0,,,,,,"",""
ball,1,5.1,India,SR Tendulkar,V Sehwag,JM Anderson,0,0,,,,,,"",""
ball,1,5.2,India,SR Tendulkar,V Sehwag,JM Anderson,0,0,,,,,,"",""
ball,1,5.3,India,SR Tendulkar,V Sehwag,JM Anderson,0,1,1,,,,,"",""
ball,1,5.4,India,SR Tendulkar,V Sehwag,JM Anderson,0,1,1,,,,,"",""
ball,1,5.5,India,SR Tendulkar,V Sehwag,JM Anderson,0,0,,,,,,"",""
ball,1,5.6,India,SR Tendulkar,V Sehwag,JM Anderson,0,0,,,,,,"",""
ball,1,5.7,India,SR Tendulkar,V Sehwag,JM Anderson,0,0,,,,,,"",""
ball,1,5.8,India,SR Tendulkar,V Sehwag,JM Anderson,4,0,,,,,,"",""
ball,1,6.1,India,V Sehwag,SR Tendulkar,AR Caddick,0,0,,,,,,"",""
ball,1,6.2,India,V Sehwag,SR Tendulkar,AR Caddick,0,0,,,,,,"",""
ball,1,6.3,India,V Sehwag,SR Tendulkar,AR Caddick,0,0,,,,,,"",""
ball,1,6.4,India,V Sehwag,SR Tendulkar,AR Caddick,0,0,,,,,,"",""
ball,1,6.5,India,V Sehwag,SR Tendulkar,AR Caddick,2,0,,,,,,"",""
ball,1,6.6,India,V Sehwag,SR Tendulkar,AR Caddick,0,0,,,,,,"",""
ball,1,7.1,India,SR Tendulkar,V Sehwag,JM Anderson,1,0,,,,,,"",""
ball,1,7.2,India,V Sehwag,SR Tendulkar,JM Anderson,0,0,,,,,,"",""
ball,1,7.3,India,V Sehwag,SR Tendulkar,JM Anderson,4,0,,,,,,"",""
ball,1,7.4,India,V Sehwag,SR Tendulkar,JM Anderson,4,0,,,,,,"",""
ball,1,7.5,India,V Sehwag,SR Tendulkar,JM Anderson,0,1,1,,,,,"",""
ball,1,7.6,India,V Sehwag,SR Tendulkar,JM Anderson,2,0,,,,,,"",""
ball,1,7.7,India,V Sehwag,SR Tendulkar,JM Anderson,4,0,,,,,,"",""
ball,1,8.1,India,SR Tendulkar,V Sehwag,AR Caddick,0,0,,,,,,"",""
ball,1,8.2,India,SR Tendulkar,V Sehwag,AR Caddick,4,0,,,,,,"",""
ball,1,8.3,India,SR Tendulkar,V Sehwag,AR Caddick,6,0,,,,,,"",""
ball,1,8.4,India,SR Tendulkar,V Sehwag,AR Caddick,1,0,,,,,,"",""
ball,1,8.5,India,V Sehwag,SR Tendulkar,AR Caddick,4,0,,,,,,"",""
ball,1,8.6,India,V Sehwag,SR Tendulkar,AR Caddick,0,1,,1,,,,"",""
ball,1,8.7,India,V Sehwag,SR Tendulkar,AR Caddick,0,0,,,,,,"",""
ball,1,9.1,India,SR Tendulkar,V Sehwag,A Flintoff,0,0,,,,,,"",""
ball,1,9.2,India,SR Tendulkar,V Sehwag,A Flintoff,0,1,1,,,,,"",""
ball,1,9.3,India,SR Tendulkar,V Sehwag,A Flintoff,1,0,,,,,,"",""
ball,1,9.4,India,V Sehwag,SR Tendulkar,A Flintoff,0,0,,,,,,"",""
ball,1,9.5,India,V Sehwag,SR Tendulkar,A Flintoff,0,0,,,,,,"",""
ball,1,9.6,India,V Sehwag,SR Tendulkar,A Flintoff,0,0,,,,,,caught and bowled,V Sehwag
ball,1,9.7,India,SC Ganguly,SR Tendulkar,A Flintoff,0,0,,,,,,"",""
ball,1,10.1,India,SR Tendulkar,SC Ganguly,AR Caddick,0,1,1,,,,,"",""
ball,1,10.2,India,SR Tendulkar,SC Ganguly,AR Caddick,2,0,,,,,,"",""
ball,1,10.3,India,SR Tendulkar,SC Ganguly,AR Caddick,0,0,,,,,,"",""
ball,1,10.4,India,SR Tendulkar,SC Ganguly,AR Caddick,4,0,,,,,,"",""
ball,1,10.5,India,SR Tendulkar,SC Ganguly,AR Caddick,4,0,,,,,,"",""
ball,1,10.6,India,SR Tendulkar,SC Ganguly,AR Caddick,0,0,,,,,,"",""
ball,1,10.7,India,SR Tendulkar,SC Ganguly,AR Caddick,4,0,,,,,,"",""
ball,1,11.1,India,SC Ganguly,SR Tendulkar,A Flintoff,0,1,,,,1,,"",""
ball,1,11.2,India,SR Tendulkar,SC Ganguly,A Flintoff,1,0,,,,,,"",""
ball,1,11.3,India,SC Ganguly,SR Tendulkar,A Flintoff,0,0,,,,,,"",""
ball,1,11.4,India,SC Ganguly,SR Tendulkar,A Flintoff,0,0,,,,,,"",""
ball,1,11.5,India,SC Ganguly,SR Tendulkar,A Flintoff,0,0,,,,,,"",""
ball,1,11.6,India,SC Ganguly,SR Tendulkar,A Flintoff,0,0,,,,,,"",""
ball,1,12.1,India,SR Tendulkar,SC Ganguly,C White,0,0,,,,,,"",""
ball,1,12.2,India,SR Tendulkar,SC Ganguly,C White,4,0,,,,,,"",""
ball,1,12.3,India,SR Tendulkar,SC Ganguly,C White,0,0,,,,,,"",""
ball,1,12.4,India,SR Tendulkar,SC Ganguly,C White,0,0,,,,,,"",""
ball,1,12.5,India,SR Tendulkar,SC Ganguly,C White,0,0,,,,,,"",""
ball,1,12.6,India,SR Tendulkar,SC Ganguly,C White,0,0,,,,,,"",""
ball,1,13.1,India,SC Ganguly,SR Tendulkar,A Flintoff,0,0,,,,,,"",""
ball,1,13.2,India,SC Ganguly,SR Tendulkar,A Flintoff,1,0,,,,,,"",""
ball,1,13.3,India,SR Tendulkar,SC Ganguly,A Flintoff,0,0,,,,,,"",""
ball,1,13.4,India,SR Tendulkar,SC Ganguly,A Flintoff,0,0,,,,,,"",""
ball,1,13.5,India,SR Tendulkar,SC Ganguly,A Flintoff,0,0,,,,,,"",""
ball,1,13.6,India,SR Tendulkar,SC Ganguly,A Flintoff,0,0,,,,,,"",""
ball,1,14.1,India,SC Ganguly,SR Tendulkar,C White,0,0,,,,,,"",""
ball,1,14.2,India,SC Ganguly,SR Tendulkar,C White,2,0,,,,,,"",""
ball,1,14.3,India,SC Ganguly,SR Tendulkar,C White,0,0,,,,,,"",""
ball,1,14.4,India,SC Ganguly,SR Tendulkar,C White,1,0,,,,,,"",""
ball,1,14.5,India,SR Tendulkar,SC Ganguly,C White,1,0,,,,,,"",""
ball,1,14.6,India,SC Ganguly,SR Tendulkar,C White,4,1,,1,,,,"",""
ball,1,14.7,India,SC Ganguly,SR Tendulkar,C White,0,0,,,,,,"",""
ball,1,15.1,India,SR Tendulkar,SC Ganguly,A Flintoff,0,0,,,,,,"",""
ball,1,15.2,India,SR Tendulkar,SC Ganguly,A Flintoff,0,0,,,,,,caught,SR Tendulkar
ball,1,15.3,India,D Mongia,SC Ganguly,A Flintoff,0,0,,,,,,"",""
ball,1,15.4,India,D Mongia,SC Ganguly,A Flintoff,0,0,,,,,,"",""
ball,1,15.5,India,D Mongia,SC Ganguly,A Flintoff,0,0,,,,,,"",""
ball,1,15.6,India,D Mongia,SC Ganguly,A Flintoff,0,0,,,,,,"",""
ball,1,16.1,India,SC Ganguly,D Mongia,JM Anderson,0,0,,,,,,"",""
ball,1,16.2,India,SC Ganguly,D Mongia,JM Anderson,0,0,,,,,,"",""
ball,1,16.3,India,SC Ganguly,D Mongia,JM Anderson,0,0,,,,,,"",""
ball,1,16.4,India,SC Ganguly,D Mongia,JM Anderson,0,0,,,,,,"",""
ball,1,16.5,India,SC Ganguly,D Mongia,JM Anderson,0,0,,,,,,"",""
ball,1,16.6,India,SC Ganguly,D Mongia,JM Anderson,1,0,,,,,,"",""
ball,1,17.1,India,SC Ganguly,D Mongia,A Flintoff,1,0,,,,,,"",""
ball,1,17.2,India,D Mongia,SC Ganguly,A Flintoff,0,0,,,,,,"",""
ball,1,17.3,India,D Mongia,SC Ganguly,A Flintoff,1,0,,,,,,"",""
ball,1,17.4,India,SC Ganguly,D Mongia,A Flintoff,0,0,,,,,,"",""
ball,1,17.5,India,SC Ganguly,D Mongia,A Flintoff,0,0,,,,,,"",""
ball,1,17.6,India,SC Ganguly,D Mongia,A Flintoff,0,0,,,,,,"",""
ball,1,18.1,India,D Mongia,SC Ganguly,JM Anderson,0,0,,,,,,"",""
ball,1,18.2,India,D Mongia,SC Ganguly,JM Anderson,0,0,,,,,,"",""
ball,1,18.3,India,D Mongia,SC Ganguly,JM Anderson,1,0,,,,,,"",""
ball,1,18.4,India,SC Ganguly,D Mongia,JM Anderson,0,0,,,,,,"",""
ball,1,18.5,India,SC Ganguly,D Mongia,JM Anderson,1,0,,,,,,"",""
ball,1,18.6,India,D Mongia,SC Ganguly,JM Anderson,1,0,,,,,,"",""
ball,1,19.1,India,D Mongia,SC Ganguly,A Flintoff,0,0,,,,,,"",""
ball,1,19.2,India,D Mongia,SC Ganguly,A Flintoff,0,0,,,,,,"",""
ball,1,19.3,India,D Mongia,SC Ganguly,A Flintoff,0,0,,,,,,"",""
ball,1,19.4,India,D Mongia,SC Ganguly,A Flintoff,1,0,,,,,,"",""
ball,1,19.5,India,SC Ganguly,D Mongia,A Flintoff,0,0,,,,,,"",""
ball,1,19.6,India,SC Ganguly,D Mongia,A Flintoff,1,0,,,,,,"",""
ball,1,20.1,India,SC Ganguly,D Mongia,C White,0,0,,,,,,"",""
ball,1,20.2,India,SC Ganguly,D Mongia,C White,1,0,,,,,,"",""
ball,1,20.3,India,D Mongia,SC Ganguly,C White,1,0,,,,,,"",""
ball,1,20.4,India,SC Ganguly,D Mongia,C White,4,0,,,,,,"",""
ball,1,20.5,India,SC Ganguly,D Mongia,C White,0,0,,,,,,"",""
ball,1,20.6,India,SC Ganguly,D Mongia,C White,1,0,,,,,,"",""
ball,1,21.1,India,SC Ganguly,D Mongia,A Flintoff,0,0,,,,,,"",""
ball,1,21.2,India,SC Ganguly,D Mongia,A Flintoff,0,0,,,,,,"",""
ball,1,21.3,India,SC Ganguly,D Mongia,A Flintoff,0,0,,,,,,"",""
ball,1,21.4,India,SC Ganguly,D Mongia,A Flintoff,1,0,,,,,,"",""
ball,1,21.5,India,D Mongia,SC Ganguly,A Flintoff,0,0,,,,,,"",""
ball,1,21.6,India,D Mongia,SC Ganguly,A Flintoff,0,0,,,,,,"",""
ball,1,22.1,India,SC Ganguly,D Mongia,C White,0,0,,,,,,caught,SC Ganguly
ball,1,22.2,India,D Mongia,R Dravid,C White,0,0,,,,,,"",""
ball,1,22.3,India,D Mongia,R Dravid,C White,1,0,,,,,,"",""
ball,1,22.4,India,R Dravid,D Mongia,C White,1,0,,,,,,"",""
ball,1,22.5,India,D Mongia,R Dravid,C White,0,0,,,,,,"",""
ball,1,22.6,India,D Mongia,R Dravid,C White,0,0,,,,,,"",""
ball,1,23.1,India,R Dravid,D Mongia,A Flintoff,0,2,,,,2,,"",""
ball,1,23.2,India,R Dravid,D Mongia,A Flintoff,0,0,,,,,,"",""
ball,1,23.3,India,R Dravid,D Mongia,A Flintoff,0,0,,,,,,"",""
ball,1,23.4,India,R Dravid,D Mongia,A Flintoff,0,0,,,,,,"",""
ball,1,23.5,India,R Dravid,D Mongia,A Flintoff,0,0,,,,,,"",""
ball,1,23.6,India,R Dravid,D Mongia,A Flintoff,0,0,,,,,,"",""
ball,1,24.1,India,D Mongia,R Dravid,C White,0,0,,,,,,"",""
ball,1,24.2,India,D Mongia,R Dravid,C White,0,0,,,,,,"",""
ball,1,24.3,India,D Mongia,R Dravid,C White,0,0,,,,,,"",""
ball,1,24.4,India,D Mongia,R Dravid,C White,0,0,,,,,,"",""
ball,1,24.5,India,D Mongia,R Dravid,C White,1,0,,,,,,"",""
ball,1,24.6,India,R Dravid,D Mongia,C White,0,0,,,,,,"",""
ball,1,25.1,India,D Mongia,R Dravid,A Flintoff,0,0,,,,,,"",""
ball,1,25.2,India,D Mongia,R Dravid,A Flintoff,0,0,,,,,,"",""
ball,1,25.3,India,D Mongia,R Dravid,A Flintoff,0,0,,,,,,"",""
ball,1,25.4,India,D Mongia,R Dravid,A Flintoff,4,0,,,,,,"",""
ball,1,25.5,India,D Mongia,R Dravid,A Flintoff,0,0,,,,,,"",""
ball,1,25.6,India,D Mongia,R Dravid,A Flintoff,0,0,,,,,,"",""
ball,1,26.1,India,R Dravid,D Mongia,C White,4,0,,,,,,"",""
ball,1,26.2,India,R Dravid,D Mongia,C White,0,0,,,,,,"",""
ball,1,26.3,India,R Dravid,D Mongia,C White,0,0,,,,,,"",""
ball,1,26.4,India,R Dravid,D Mongia,C White,0,0,,,,,,"",""
ball,1,26.5,India,R Dravid,D Mongia,C White,1,0,,,,,,"",""
ball,1,26.6,India,D Mongia,R Dravid,C White,0,0,,,,,,"",""
ball,1,27.1,India,R Dravid,D Mongia,A Flintoff,0,0,,,,,,"",""
ball,1,27.2,India,R Dravid,D Mongia,A Flintoff,0,0,,,,,,"",""
ball,1,27.3,India,R Dravid,D Mongia,A Flintoff,1,0,,,,,,"",""
ball,1,27.4,India,D Mongia,R Dravid,A Flintoff,0,0,,,,,,"",""
ball,1,27.5,India,D Mongia,R Dravid,A Flintoff,1,0,,,,,,"",""
ball,1,27.6,India,R Dravid,D Mongia,A Flintoff,0,0,,,,,,"",""
ball,1,28.1,India,D Mongia,R Dravid,C White,0,0,,,,,,"",""
ball,1,28.2,India,D Mongia,R Dravid,C White,4,0,,,,,,"",""
ball,1,28.3,India,D Mongia,R Dravid,C White,1,0,,,,,,"",""
ball,1,28.4,India,R Dravid,D Mongia,C White,0,0,,,,,,"",""
ball,1,28.5,India,R Dravid,D Mongia,C White,0,0,,,,,,"",""
ball,1,28.6,India,R Dravid,D Mongia,C White,0,0,,,,,,"",""
ball,1,29.1,India,D Mongia,R Dravid,RC Irani,0,0,,,,,,"",""
ball,1,29.2,India,D Mongia,R Dravid,RC Irani,0,0,,,,,,"",""
ball,1,29.3,India,D Mongia,R Dravid,RC Irani,1,0,,,,,,"",""
ball,1,29.4,India,R Dravid,D Mongia,RC Irani,0,0,,,,,,"",""
ball,1,29.5,India,R Dravid,D Mongia,RC Irani,1,0,,,,,,"",""
ball,1,29.6,India,D Mongia,R Dravid,RC Irani,1,0,,,,,,"",""
ball,1,30.1,India,D Mongia,R Dravid,C White,0,0,,,,,,"",""
ball,1,30.2,India,D Mongia,R Dravid,C White,1,0,,,,,,"",""
ball,1,30.3,India,R Dravid,D Mongia,C White,1,0,,,,,,"",""
ball,1,30.4,India,D Mongia,R Dravid,C White,1,0,,,,,,"",""
ball,1,30.5,India,R Dravid,D Mongia,C White,0,0,,,,,,"",""
ball,1,30.6,India,R Dravid,D Mongia,C White,0,0,,,,,,"",""
ball,1,31.1,India,D Mongia,R Dravid,RC Irani,0,0,,,,,,"",""
ball,1,31.2,India,D Mongia,R Dravid,RC Irani,0,0,,,,,,"",""
ball,1,31.3,India,D Mongia,R Dravid,RC Irani,0,0,,,,,,"",""
ball,1,31.4,India,D Mongia,R Dravid,RC Irani,0,0,,,,,,"",""
ball,1,31.5,India,D Mongia,R Dravid,RC Irani,1,0,,,,,,"",""
ball,1,31.6,India,R Dravid,D Mongia,RC Irani,0,0,,,,,,"",""
ball,1,32.1,India,D Mongia,R Dravid,PD Collingwood,1,0,,,,,,"",""
ball,1,32.2,India,R Dravid,D Mongia,PD Collingwood,1,0,,,,,,"",""
ball,1,32.3,India,D Mongia,R Dravid,PD Collingwood,0,0,,,,,,"",""
ball,1,32.4,India,D Mongia,R Dravid,PD Collingwood,0,0,,,,,,"",""
ball,1,32.5,India,D Mongia,R Dravid,PD Collingwood,0,0,,,,,,"",""
ball,1,32.6,India,D Mongia,R Dravid,PD Collingwood,0,0,,,,,,"",""
ball,1,33.1,India,R Dravid,D Mongia,RC Irani,0,0,,,,,,"",""
ball,1,33.2,India,R Dravid,D Mongia,RC Irani,1,0,,,,,,"",""
ball,1,33.3,India,D Mongia,R Dravid,RC Irani,4,0,,,,,,"",""
ball,1,33.4,India,D Mongia,R Dravid,RC Irani,0,0,,,,,,"",""
ball,1,33.5,India,D Mongia,R Dravid,RC Irani,0,0,,,,,,"",""
ball,1,33.6,India,D Mongia,R Dravid,RC Irani,1,0,,,,,,"",""
ball,1,34.1,India,D Mongia,R Dravid,PD Collingwood,0,0,,,,,,"",""
ball,1,34.2,India,D Mongia,R Dravid,PD Collingwood,1,0,,,,,,"",""
ball,1,34.3,India,R Dravid,D Mongia,PD Collingwood,2,0,,,,,,"",""
ball,1,34.4,India,R Dravid,D Mongia,PD Collingwood,1,0,,,,,,"",""
ball,1,34.5,India,D Mongia,R Dravid,PD Collingwood,0,1,,,1,,,"",""
ball,1,34.6,India,R Dravid,D Mongia,PD Collingwood,1,0,,,,,,"",""
ball,1,35.1,India,R Dravid,D Mongia,RC Irani,1,0,,,,,,"",""
ball,1,35.2,India,D Mongia,R Dravid,RC Irani,0,0,,,,,,"",""
ball,1,35.3,India,D Mongia,R Dravid,RC Irani,1,0,,,,,,"",""
ball,1,35.4,India,R Dravid,D Mongia,RC Irani,0,0,,,,,,"",""
ball,1,35.5,India,R Dravid,D Mongia,RC Irani,1,0,,,,,,"",""
ball,1,35.6,India,D Mongia,R Dravid,RC Irani,2,0,,,,,,"",""
ball,1,36.1,India,R Dravid,D Mongia,PD Collingwood,1,0,,,,,,"",""
ball,1,36.2,India,D Mongia,R Dravid,PD Collingwood,0,0,,,,,,lbw,D Mongia
ball,1,36.3,India,Yuvraj Singh,R Dravid,PD Collingwood,0,0,,,,,,"",""
ball,1,36.4,India,Yuvraj Singh,R Dravid,PD Collingwood,0,0,,,,,,"",""
ball,1,36.5,India,Yuvraj Singh,R Dravid,PD Collingwood,0,0,,,,,,"",""
ball,1,36.6,India,Yuvraj Singh,R Dravid,PD Collingwood,1,0,,,,,,"",""
ball,1,37.1,India,Yuvraj Singh,R Dravid,RC Irani,1,0,,,,,,"",""
ball,1,37.2,India,R Dravid,Yuvraj Singh,RC Irani,1,0,,,,,,"",""
ball,1,37.3,India,Yuvraj Singh,R Dravid,RC Irani,0,0,,,,,,"",""
ball,1,37.4,India,Yuvraj Singh,R Dravid,RC Irani,0,0,,,,,,"",""
ball,1,37.5,India,Yuvraj Singh,R Dravid,RC Irani,1,0,,,,,,"",""
ball,1,37.6,India,R Dravid,Yuvraj Singh,RC Irani,1,0,,,,,,"",""
ball,1,38.1,India,R Dravid,Yuvraj Singh,PD Collingwood,0,0,,,,,,"",""
ball,1,38.2,India,R Dravid,Yuvraj Singh,PD Collingwood,1,0,,,,,,"",""
ball,1,38.3,India,Yuvraj Singh,R Dravid,PD Collingwood,1,0,,,,,,"",""
ball,1,38.4,India,R Dravid,Yuvraj Singh,PD Collingwood,2,0,,,,,,"",""
ball,1,38.5,India,R Dravid,Yuvraj Singh,PD Collingwood,1,0,,,,,,"",""
ball,1,38.6,India,Yuvraj Singh,R Dravid,PD Collingwood,1,0,,,,,,"",""
ball,1,39.1,India,Yuvraj Singh,R Dravid,RC Irani,2,0,,,,,,"",""
ball,1,39.2,India,Yuvraj Singh,R Dravid,RC Irani,0,0,,,,,,"",""
ball,1,39.3,India,Yuvraj Singh,R Dravid,RC Irani,6,0,,,,,,"",""
ball,1,39.4,India,Yuvraj Singh,R Dravid,RC Irani,0,0,,,,,,"",""
ball,1,39.5,India,Yuvraj Singh,R Dravid,RC Irani,0,0,,,,,,"",""
ball,1,39.6,India,Yuvraj Singh,R Dravid,RC Irani,1,0,,,,,,"",""
ball,1,40.1,India,Yuvraj Singh,R Dravid,JM Anderson,1,0,,,,,,"",""
ball,1,40.2,India,R Dravid,Yuvraj Singh,JM Anderson,1,0,,,,,,"",""
ball,1,40.3,India,Yuvraj Singh,R Dravid,JM Anderson,1,0,,,,,,"",""
ball,1,40.4,India,R Dravid,Yuvraj Singh,JM Anderson,0,0,,,,,,"",""
ball,1,40.5,India,R Dravid,Yuvraj Singh,JM Anderson,0,0,,,,,,"",""
ball,1,40.6,India,R Dravid,Yuvraj Singh,JM Anderson,1,0,,,,,,"",""
ball,1,41.1,India,R Dravid,Yuvraj Singh,AR Caddick,1,0,,,,,,"",""
ball,1,41.2,India,Yuvraj Singh,R Dravid,AR Caddick,0,0,,,,,,"",""
ball,1,41.3,India,Yuvraj Singh,R Dravid,AR Caddick,0,0,,,,,,"",""
ball,1,41.4,India,Yuvraj Singh,R Dravid,AR Caddick,4,0,,,,,,"",""
ball,1,41.5,India,Yuvraj Singh,R Dravid,AR Caddick,0,0,,,,,,"",""
ball,1,41.6,India,Yuvraj Singh,R Dravid,AR Caddick,0,0,,,,,,"",""
ball,1,42.1,India,R Dravid,Yuvraj Singh,JM Anderson,2,0,,,,,,"",""
ball,1,42.2,India,R Dravid,Yuvraj Singh,JM Anderson,1,0,,,,,,"",""
ball,1,42.3,India,Yuvraj Singh,R Dravid,JM Anderson,1,0,,,,,,"",""
ball,1,42.4,India,R Dravid,Yuvraj Singh,JM Anderson,0,0,,,,,,"",""
ball,1,42.5,India,R Dravid,Yuvraj Singh,JM Anderson,1,0,,,,,,"",""
ball,1,42.6,India,Yuvraj Singh,R Dravid,JM Anderson,1,0,,,,,,"",""
ball,1,43.1,India,Yuvraj Singh,R Dravid,AR Caddick,1,0,,,,,,"",""
ball,1,43.2,India,R Dravid,Yuvraj Singh,AR Caddick,0,0,,,,,,"",""
ball,1,43.3,India,R Dravid,Yuvraj Singh,AR Caddick,0,0,,,,,,"",""
ball,1,43.4,India,R Dravid,Yuvraj Singh,AR Caddick,0,0,,,,,,"",""
ball,1,43.5,India,R Dravid,Yuvraj Singh,AR Caddick,4,0,,,,,,"",""
ball,1,43.6,India,R Dravid,Yuvraj Singh,AR Caddick,0,1,,,,1,,"",""
ball,1,44.1,India,R Dravid,Yuvraj Singh,C White,1,0,,,,,,"",""
ball,1,44.2,India,Yuvraj Singh,R Dravid,C White,4,0,,,,,,"",""
ball,1,44.3,India,Yuvraj Singh,R Dravid,C White,0,0,,,,,,"",""
ball,1,44.4,India,Yuvraj Singh,R Dravid,C White,2,0,,,,,,"",""
ball,1,44.5,India,Yuvraj Singh,R Dravid,C White,4,0,,,,,,"",""
ball,1,44.6,India,Yuvraj Singh,R Dravid,C White,1,0,,,,,,"",""
ball,1,45.1,India,Yuvraj Singh,R Dravid,AR Caddick,1,0,,,,,,"",""
ball,1,45.2,India,R Dravid,Yuvraj Singh,AR Caddick,1,0,,,,,,"",""
ball,1,45.3,India,Yuvraj Singh,R Dravid,AR Caddick,2,0,,,,,,"",""
ball,1,45.4,India,Yuvraj Singh,R Dravid,AR Caddick,0,0,,,,,,"",""
ball,1,45.5,India,Yuvraj Singh,R Dravid,AR Caddick,4,0,,,,,,"",""
ball,1,45.6,India,Yuvraj Singh,R Dravid,AR Caddick,1,0,,,,,,"",""
ball,1,46.1,India,Yuvraj Singh,R Dravid,JM Anderson,0,0,,,,,,"",""
ball,1,46.2,India,Yuvraj Singh,R Dravid,JM Anderson,0,0,,,,,,caught,Yuvraj Singh
ball,1,46.3,India,M Kaif,R Dravid,JM Anderson,0,1,1,,,,,"",""
ball,1,46.4,India,M Kaif,R Dravid,JM Anderson,2,0,,,,,,"",""
ball,1,46.5,India,M Kaif,R Dravid,JM Anderson,1,0,,,,,,"",""
ball,1,46.6,India,R Dravid,M Kaif,JM Anderson,0,0,,,,,,"",""
ball,1,46.7,India,R Dravid,M Kaif,JM Anderson,1,0,,,,,,"",""
ball,1,47.1,India,R Dravid,M Kaif,C White,2,0,,,,,,"",""
ball,1,47.2,India,R Dravid,M Kaif,C White,2,0,,,,,,"",""
ball,1,47.3,India,R Dravid,M Kaif,C White,2,0,,,,,,"",""
ball,1,47.4,India,R Dravid,M Kaif,C White,1,0,,,,,,"",""
ball,1,47.5,India,M Kaif,R Dravid,C White,0,0,,,,,,"",""
ball,1,47.6,India,M Kaif,R Dravid,C White,2,0,,,,,,"",""
ball,1,48.1,India,R Dravid,M Kaif,JM Anderson,0,0,,,,,,"",""
ball,1,48.2,India,R Dravid,M Kaif,JM Anderson,6,0,,,,,,"",""
ball,1,48.3,India,R Dravid,M Kaif,JM Anderson,2,0,,,,,,"",""
ball,1,48.4,India,R Dravid,M Kaif,JM Anderson,4,0,,,,,,"",""
ball,1,48.5,India,R Dravid,M Kaif,JM Anderson,2,0,,,,,,"",""
ball,1,48.6,India,R Dravid,M Kaif,JM Anderson,2,0,,,,,,"",""
ball,1,49.1,India,M Kaif,R Dravid,AR Caddick,0,0,,,,,,"",""
ball,1,49.2,India,M Kaif,R Dravid,AR Caddick,0,2,2,,,,,"",""
ball,1,49.3,India,R Dravid,M Kaif,AR Caddick,1,0,,,,,,"",""
ball,1,49.4,India,M Kaif,R Dravid,AR Caddick,0,0,,,,,,caught,M Kaif
ball,1,49.5,India,R Dravid,Harbhajan Singh,AR Caddick,0,0,,,,,,caught,R Dravid
ball,1,49.6,India,Harbhajan Singh,Z Khan,AR Caddick,0,0,,,,,,run out,Z Khan
ball,1,49.7,India,J Srinath,Harbhajan Singh,AR Caddick,0,0,,,,,,caught,J Srinath
ball,2,0.1,England,ME Trescothick,NV Knight,Z Khan,0,0,,,,,,"",""
ball,2,0.2,England,ME Trescothick,NV Knight,Z Khan,1,0,,,,,,"",""
ball,2,0.3,England,NV Knight,ME Trescothick,Z Khan,0,1,1,,,,,"",""
ball,2,0.4,England,NV Knight,ME Trescothick,Z Khan,0,0,,,,,,"",""
ball,2,0.5,England,NV Knight,ME Trescothick,Z Khan,1,0,,,,,,"",""
ball,2,0.6,England,ME Trescothick,NV Knight,Z Khan,0,1,1,,,,,"",""
ball,2,0.7,England,ME Trescothick,NV Knight,Z Khan,0,0,,,,,,"",""
ball,2,0.8,England,ME Trescothick,NV Knight,Z Khan,2,0,,,,,,"",""
ball,2,1.1,England,NV Knight,ME Trescothick,J Srinath,0,0,,,,,,run out,NV Knight
ball,2,1.2,England,ME Trescothick,MP Vaughan,J Srinath,0,0,,,,,,"",""
ball,2,1.3,England,ME Trescothick,MP Vaughan,J Srinath,0,1,1,,,,,"",""
ball,2,1.4,England,ME Trescothick,MP Vaughan,J Srinath,0,0,,,,,,"",""
ball,2,1.5,England,ME Trescothick,MP Vaughan,J Srinath,0,0,,,,,,"",""
ball,2,1.6,England,ME Trescothick,MP Vaughan,J Srinath,0,0,,,,,,"",""
ball,2,1.7,England,ME Trescothick,MP Vaughan,J Srinath,0,0,,,,,,"",""
ball,2,2.1,England,MP Vaughan,ME Trescothick,Z Khan,0,0,,,,,,"",""
ball,2,2.2,England,MP Vaughan,ME Trescothick,Z Khan,0,0,,,,,,"",""
ball,2,2.3,England,MP Vaughan,ME Trescothick,Z Khan,0,0,,,,,,"",""
ball,2,2.4,England,MP Vaughan,ME Trescothick,Z Khan,0,0,,,,,,"",""
ball,2,2.5,England,MP Vaughan,ME Trescothick,Z Khan,3,0,,,,,,"",""
ball,2,2.6,England,ME Trescothick,MP Vaughan,Z Khan,0,0,,,,,,"",""
ball,2,3.1,England,MP Vaughan,ME Trescothick,J Srinath,1,0,,,,,,"",""
ball,2,3.2,England,ME Trescothick,MP Vaughan,J Srinath,0,0,,,,,,"",""
ball,2,3.3,England,ME Trescothick,MP Vaughan,J Srinath,0,0,,,,,,"",""
ball,2,3.4,England,ME Trescothick,MP Vaughan,J Srinath,0,0,,,,,,"",""
ball,2,3.5,England,ME Trescothick,MP Vaughan,J Srinath,0,0,,,,,,"",""
ball,2,3.6,England,ME Trescothick,MP Vaughan,J Srinath,0,0,,,,,,"",""
ball,2,4.1,England,MP Vaughan,ME Trescothick,Z Khan,0,0,,,,,,"",""
ball,2,4.2,England,MP Vaughan,ME Trescothick,Z Khan,0,0,,,,,,"",""
ball,2,4.3,England,MP Vaughan,ME Trescothick,Z Khan,0,0,,,,,,"",""
ball,2,4.4,England,MP Vaughan,ME Trescothick,Z Khan,1,0,,,,,,"",""
ball,2,4.5,England,ME Trescothick,MP Vaughan,Z Khan,1,0,,,,,,"",""
ball,2,4.6,England,MP Vaughan,ME Trescothick,Z Khan,0,0,,,,,,"",""
ball,2,5.1,England,ME Trescothick,MP Vaughan,J Srinath,0,0,,,,,,"",""
ball,2,5.2,England,ME Trescothick,MP Vaughan,J Srinath,0,0,,,,,,"",""
ball,2,5.3,England,ME Trescothick,MP Vaughan,J Srinath,0,0,,,,,,"",""
ball,2,5.4,England,ME Trescothick,MP Vaughan,J Srinath,0,0,,,,,,"",""
ball,2,5.5,England,ME Trescothick,MP Vaughan,J Srinath,0,0,,,,,,"",""
ball,2,5.6,England,ME Trescothick,MP Vaughan,J Srinath,4,0,,,,,,"",""
ball,2,6.1,England,MP Vaughan,ME Trescothick,Z Khan,0,0,,,,,,"",""
ball,2,6.2,England,MP Vaughan,ME Trescothick,Z Khan,0,0,,,,,,"",""
ball,2,6.3,England,MP Vaughan,ME Trescothick,Z Khan,1,0,,,,,,"",""
ball,2,6.4,England,ME Trescothick,MP Vaughan,Z Khan,0,0,,,,,,caught,ME Trescothick
ball,2,6.5,England,MP Vaughan,N Hussain,Z Khan,0,0,,,,,,"",""
ball,2,6.6,England,MP Vaughan,N Hussain,Z Khan,0,0,,,,,,"",""
ball,2,7.1,England,N Hussain,MP Vaughan,J Srinath,0,0,,,,,,"",""
ball,2,7.2,England,N Hussain,MP Vaughan,J Srinath,0,0,,,,,,"",""
ball,2,7.3,England,N Hussain,MP Vaughan,J Srinath,0,0,,,,,,"",""
ball,2,7.4,England,N Hussain,MP Vaughan,J Srinath,0,0,,,,,,"",""
ball,2,7.5,England,N Hussain,MP Vaughan,J Srinath,1,0,,,,,,"",""
ball,2,7.6,England,MP Vaughan,N Hussain,J Srinath,0,0,,,,,,"",""
ball,2,8.1,England,N Hussain,MP Vaughan,Z Khan,0,0,,,,,,"",""
ball,2,8.2,England,N Hussain,MP Vaughan,Z Khan,0,0,,,,,,"",""
ball,2,8.3,England,N Hussain,MP Vaughan,Z Khan,0,0,,,,,,"",""
ball,2,8.4,England,N Hussain,MP Vaughan,Z Khan,0,0,,,,,,"",""
ball,2,8.5,England,N Hussain,MP Vaughan,Z Khan,0,0,,,,,,"",""
ball,2,8.6,England,N Hussain,MP Vaughan,Z Khan,0,0,,,,,,"",""
ball,2,9.1,England,MP Vaughan,N Hussain,J Srinath,0,0,,,,,,"",""
ball,2,9.2,England,MP Vaughan,N Hussain,J Srinath,0,0,,,,,,"",""
ball,2,9.3,England,MP Vaughan,N Hussain,J Srinath,0,0,,,,,,"",""
ball,2,9.4,England,MP Vaughan,N Hussain,J Srinath,0,0,,,,,,"",""
ball,2,9.5,England,MP Vaughan,N Hussain,J Srinath,4,0,,,,,,"",""
ball,2,9.6,England,MP Vaughan,N Hussain,J Srinath,0,0,,,,,,"",""
ball,2,10.1,England,N Hussain,MP Vaughan,Z Khan,1,0,,,,,,"",""
ball,2,10.2,England,MP Vaughan,N Hussain,Z Khan,0,0,,,,,,"",""
ball,2,10.3,England,MP Vaughan,N Hussain,Z Khan,0,1,,,,1,,"",""
ball,2,10.4,England,N Hussain,MP Vaughan,Z Khan,0,0,,,,,,"",""
ball,2,10.5,England,N Hussain,MP Vaughan,Z Khan,1,0,,,,,,"",""
ball,2,10.6,England,MP Vaughan,N Hussain,Z Khan,0,0,,,,,,"",""
ball,2,11.1,England,N Hussain,MP Vaughan,J Srinath,0,0,,,,,,"",""
ball,2,11.2,England,N Hussain,MP Vaughan,J Srinath,1,0,,,,,,"",""
ball,2,11.3,England,MP Vaughan,N Hussain,J Srinath,0,0,,,,,,"",""
ball,2,11.4,England,MP Vaughan,N Hussain,J Srinath,0,0,,,,,,"",""
ball,2,11.5,England,MP Vaughan,N Hussain,J Srinath,0,0,,,,,,"",""
ball,2,11.6,England,MP Vaughan,N Hussain,J Srinath,1,0,,,,,,"",""
ball,2,12.1,England,MP Vaughan,N Hussain,A Nehra,0,0,,,,,,"",""
ball,2,12.2,England,MP Vaughan,N Hussain,A Nehra,4,0,,,,,,"",""
ball,2,12.3,England,MP Vaughan,N Hussain,A Nehra,0,0,,,,,,"",""
ball,2,12.4,England,MP Vaughan,N Hussain,A Nehra,2,0,,,,,,"",""
ball,2,12.5,England,MP Vaughan,N Hussain,A Nehra,0,0,,,,,,"",""
ball,2,12.6,England,MP Vaughan,N Hussain,A Nehra,0,0,,,,,,"",""
ball,2,13.1,England,N Hussain,MP Vaughan,J Srinath,0,0,,,,,,"",""
ball,2,13.2,England,N Hussain,MP Vaughan,J Srinath,4,0,,,,,,"",""
ball,2,13.3,England,N Hussain,MP Vaughan,J Srinath,4,0,,,,,,"",""
ball,2,13.4,England,N Hussain,MP Vaughan,J Srinath,0,0,,,,,,"",""
ball,2,13.5,England,N Hussain,MP Vaughan,J Srinath,0,0,,,,,,"",""
ball,2,13.6,England,N Hussain,MP Vaughan,J Srinath,0,0,,,,,,"",""
ball,2,14.1,England,MP Vaughan,N Hussain,A Nehra,1,0,,,,,,"",""
ball,2,14.2,England,N Hussain,MP Vaughan,A Nehra,0,0,,,,,,"",""
ball,2,14.3,England,N Hussain,MP Vaughan,A Nehra,2,0,,,,,,"",""
ball,2,14.4,England,N Hussain,MP Vaughan,A Nehra,0,0,,,,,,"",""
ball,2,14.5,England,N Hussain,MP Vaughan,A Nehra,0,0,,,,,,"",""
ball,2,14.6,England,N Hussain,MP Vaughan,A Nehra,0,0,,,,,,"",""
ball,2,15.1,England,MP Vaughan,N Hussain,SC Ganguly,1,1,,1,,,,"",""
ball,2,15.2,England,N Hussain,MP Vaughan,SC Ganguly,1,0,,,,,,"",""
ball,2,15.3,England,MP Vaughan,N Hussain,SC Ganguly,0,0,,,,,,"",""
ball,2,15.4,England,MP Vaughan,N Hussain,SC Ganguly,0,0,,,,,,"",""
ball,2,15.5,England,MP Vaughan,N Hussain,SC Ganguly,0,4,,,,4,,"",""
ball,2,15.6,England,MP Vaughan,N Hussain,SC Ganguly,0,0,,,,,,"",""
ball,2,15.7,England,MP Vaughan,N Hussain,SC Ganguly,0,0,,,,,,"",""
ball,2,16.1,England,N Hussain,MP Vaughan,A Nehra,0,0,,,,,,"",""
ball,2,16.2,England,N Hussain,MP Vaughan,A Nehra,0,0,,,,,,caught,N Hussain
ball,2,16.3,England,AJ Stewart,MP Vaughan,A Nehra,0,0,,,,,,lbw,AJ Stewart
ball,2,16.4,England,PD Collingwood,MP Vaughan,A Nehra,0,0,,,,,,"",""
ball,2,16.5,England,PD Collingwood,MP Vaughan,A Nehra,1,0,,,,,,"",""
ball,2,16.6,England,MP Vaughan,PD Collingwood,A Nehra,0,0,,,,,,"",""
ball,2,17.1,England,PD Collingwood,MP Vaughan,SC Ganguly,0,0,,,,,,"",""
ball,2,17.2,England,PD Collingwood,MP Vaughan,SC Ganguly,0,1,,1,,,,"",""
ball,2,17.3,England,PD Collingwood,MP Vaughan,SC Ganguly,0,0,,,,,,"",""
ball,2,17.4,England,PD Collingwood,MP Vaughan,SC Ganguly,1,0,,,,,,"",""
ball,2,17.5,England,MP Vaughan,PD Collingwood,SC Ganguly,1,0,,,,,,"",""
ball,2,17.6,England,PD Collingwood,MP Vaughan,SC Ganguly,0,0,,,,,,"",""
ball,2,17.7,England,PD Collingwood,MP Vaughan,SC Ganguly,1,0,,,,,,"",""
ball,2,18.1,England,PD Collingwood,MP Vaughan,A Nehra,0,0,,,,,,"",""
ball,2,18.2,England,PD Collingwood,MP Vaughan,A Nehra,0,0,,,,,,"",""
ball,2,18.3,England,PD Collingwood,MP Vaughan,A Nehra,4,0,,,,,,"",""
ball,2,18.4,England,PD Collingwood,MP Vaughan,A Nehra,1,0,,,,,,"",""
ball,2,18.5,England,MP Vaughan,PD Collingwood,A Nehra,0,0,,,,,,"",""
ball,2,18.6,England,MP Vaughan,PD Collingwood,A Nehra,0,0,,,,,,caught,MP Vaughan
ball,2,19.1,England,PD Collingwood,A Flintoff,SC Ganguly,0,0,,,,,,"",""
ball,2,19.2,England,PD Collingwood,A Flintoff,SC Ganguly,1,0,,,,,,"",""
ball,2,19.3,England,A Flintoff,PD Collingwood,SC Ganguly,1,0,,,,,,"",""
ball,2,19.4,England,PD Collingwood,A Flintoff,SC Ganguly,4,0,,,,,,"",""
ball,2,19.5,England,PD Collingwood,A Flintoff,SC Ganguly,0,0,,,,,,"",""
ball,2,19.6,England,PD Collingwood,A Flintoff,SC Ganguly,0,0,,,,,,"",""
ball,2,20.1,England,A Flintoff,PD Collingwood,A Nehra,2,0,,,,,,"",""
ball,2,20.2,England,A Flintoff,PD Collingwood,A Nehra,1,0,,,,,,"",""
ball,2,20.3,England,PD Collingwood,A Flintoff,A Nehra,0,0,,,,,,"",""
ball,2,20.4,England,PD Collingwood,A Flintoff,A Nehra,0,0,,,,,,"",""
ball,2,20.5,England,PD Collingwood,A Flintoff,A Nehra,0,0,,,,,,"",""
ball,2,20.6,England,PD Collingwood,A Flintoff,A Nehra,0,0,,,,,,"",""
ball,2,21.1,England,A Flintoff,PD Collingwood,SC Ganguly,1,0,,,,,,"",""
ball,2,21.2,England,PD Collingwood,A Flintoff,SC Ganguly,1,0,,,,,,"",""
ball,2,21.3,England,A Flintoff,PD Collingwood,SC Ganguly,0,0,,,,,,"",""
ball,2,21.4,England,A Flintoff,PD Collingwood,SC Ganguly,4,0,,,,,,"",""
ball,2,21.5,England,A Flintoff,PD Collingwood,SC Ganguly,0,0,,,,,,"",""
ball,2,21.6,England,A Flintoff,PD Collingwood,SC Ganguly,0,0,,,,,,"",""
ball,2,22.1,England,PD Collingwood,A Flintoff,A Nehra,0,0,,,,,,"",""
ball,2,22.2,England,PD Collingwood,A Flintoff,A Nehra,0,0,,,,,,"",""
ball,2,22.3,England,PD Collingwood,A Flintoff,A Nehra,0,0,,,,,,"",""
ball,2,22.4,England,PD Collingwood,A Flintoff,A Nehra,0,0,,,,,,"",""
ball,2,22.5,England,PD Collingwood,A Flintoff,A Nehra,0,0,,,,,,"",""
ball,2,22.6,England,PD Collingwood,A Flintoff,A Nehra,0,0,,,,,,"",""
ball,2,23.1,England,A Flintoff,PD Collingwood,Harbhajan Singh,0,2,2,,,,,"",""
ball,2,23.2,England,PD Collingwood,A Flintoff,Harbhajan Singh,0,0,,,,,,"",""
ball,2,23.3,England,PD Collingwood,A Flintoff,Harbhajan Singh,2,0,,,,,,"",""
ball,2,23.4,England,PD Collingwood,A Flintoff,Harbhajan Singh,1,0,,,,,,"",""
ball,2,23.5,England,A Flintoff,PD Collingwood,Harbhajan Singh,0,0,,,,,,"",""
ball,2,23.6,England,A Flintoff,PD Collingwood,Harbhajan Singh,0,0,,,,,,"",""
ball,2,23.7,England,A Flintoff,PD Collingwood,Harbhajan Singh,1,0,,,,,,"",""
ball,2,24.1,England,A Flintoff,PD Collingwood,A Nehra,0,0,,,,,,"",""
ball,2,24.2,England,A Flintoff,PD Collingwood,A Nehra,0,0,,,,,,"",""
ball,2,24.3,England,A Flintoff,PD Collingwood,A Nehra,1,0,,,,,,"",""
ball,2,24.4,England,PD Collingwood,A Flintoff,A Nehra,0,0,,,,,,"",""
ball,2,24.5,England,PD Collingwood,A Flintoff,A Nehra,0,0,,,,,,"",""
ball,2,24.6,England,PD Collingwood,A Flintoff,A Nehra,0,0,,,,,,"",""
ball,2,25.1,England,A Flintoff,PD Collingwood,Harbhajan Singh,6,0,,,,,,"",""
ball,2,25.2,England,A Flintoff,PD Collingwood,Harbhajan Singh,1,0,,,,,,"",""
ball,2,25.3,England,PD Collingwood,A Flintoff,Harbhajan Singh,0,0,,,,,,"",""
ball,2,25.4,England,PD Collingwood,A Flintoff,Harbhajan Singh,0,1,1,,,,,"",""
ball,2,25.5,England,PD Collingwood,A Flintoff,Harbhajan Singh,0,0,,,,,,"",""
ball,2,25.6,England,PD Collingwood,A Flintoff,Harbhajan Singh,1,0,,,,,,"",""
ball,2,25.7,England,A Flintoff,PD Collingwood,Harbhajan Singh,0,0,,,,,,"",""
ball,2,26.1,England,PD Collingwood,A Flintoff,A Nehra,0,0,,,,,,caught,PD Collingwood
ball,2,26.2,England,C White,A Flintoff,A Nehra,1,0,,,,,,"",""
ball,2,26.3,England,A Flintoff,C White,A Nehra,0,0,,,,,,"",""
ball,2,26.4,England,A Flintoff,C White,A Nehra,0,0,,,,,,"",""
ball,2,26.5,England,A Flintoff,C White,A Nehra,0,0,,,,,,"",""
ball,2,26.6,England,A Flintoff,C White,A Nehra,0,0,,,,,,"",""
ball,2,27.1,England,C White,A Flintoff,Harbhajan Singh,1,0,,,,,,"",""
ball,2,27.2,England,A Flintoff,C White,Harbhajan Singh,0,0,,,,,,"",""
ball,2,27.3,England,A Flintoff,C White,Harbhajan Singh,1,0,,,,,,"",""
ball,2,27.4,England,C White,A Flintoff,Harbhajan Singh,2,0,,,,,,"",""
ball,2,27.5,England,C White,A Flintoff,Harbhajan Singh,4,0,,,,,,"",""
ball,2,27.6,England,C White,A Flintoff,Harbhajan Singh,1,0,,,,,,"",""
ball,2,28.1,England,C White,A Flintoff,A Nehra,2,0,,,,,,"",""
ball,2,28.2,England,C White,A Flintoff,A Nehra,1,0,,,,,,"",""
ball,2,28.3,England,A Flintoff,C White,A Nehra,0,0,,,,,,"",""
ball,2,28.4,England,A Flintoff,C White,A Nehra,0,0,,,,,,"",""
ball,2,28.5,England,A Flintoff,C White,A Nehra,0,0,,,,,,"",""
ball,2,28.6,England,A Flintoff,C White,A Nehra,0,0,,,,,,"",""
ball,2,29.1,England,C White,A Flintoff,Harbhajan Singh,1,0,,,,,,"",""
ball,2,29.2,England,A Flintoff,C White,Harbhajan Singh,0,0,,,,,,"",""
ball,2,29.3,England,A Flintoff,C White,Harbhajan Singh,0,0,,,,,,"",""
ball,2,29.4,England,A Flintoff,C White,Harbhajan Singh,0,0,,,,,,"",""
ball,2,29.5,England,A Flintoff,C White,Harbhajan Singh,0,0,,,,,,"",""
ball,2,29.6,England,A Flintoff,C White,Harbhajan Singh,0,0,,,,,,"",""
ball,2,30.1,England,C White,A Flintoff,A Nehra,0,0,,,,,,caught,C White
ball,2,30.2,England,RC Irani,A Flintoff,A Nehra,0,0,,,,,,"",""
ball,2,30.3,England,RC Irani,A Flintoff,A Nehra,0,0,,,,,,caught,RC Irani
ball,2,30.4,England,AR Caddick,A Flintoff,A Nehra,0,0,,,,,,"",""
ball,2,30.5,England,AR Caddick,A Flintoff,A Nehra,0,0,,,,,,"",""
ball,2,30.6,England,AR Caddick,A Flintoff,A Nehra,0,0,,,,,,"",""
ball,2,31.1,England,A Flintoff,AR Caddick,Harbhajan Singh,0,0,,,,,,"",""
ball,2,31.2,England,A Flintoff,AR Caddick,Harbhajan Singh,0,0,,,,,,"",""
ball,2,31.3,England,A Flintoff,AR Caddick,Harbhajan Singh,0,0,,,,,,"",""
ball,2,31.4,England,A Flintoff,AR Caddick,Harbhajan Singh,1,0,,,,,,"",""
ball,2,31.5,England,AR Caddick,A Flintoff,Harbhajan Singh,0,0,,,,,,"",""
ball,2,31.6,England,AR Caddick,A Flintoff,Harbhajan Singh,0,0,,,,,,"",""
ball,2,32.1,England,A Flintoff,AR Caddick,Z Khan,4,0,,,,,,"",""
ball,2,32.2,England,A Flintoff,AR Caddick,Z Khan,0,0,,,,,,"",""
ball,2,32.3,England,A Flintoff,AR Caddick,Z Khan,0,0,,,,,,"",""
ball,2,32.4,England,A Flintoff,AR Caddick,Z Khan,1,0,,,,,,"",""
ball,2,32.5,England,AR Caddick,A Flintoff,Z Khan,0,0,,,,,,"",""
ball,2,32.6,England,AR Caddick,A Flintoff,Z Khan,0,0,,,,,,"",""
ball,2,33.1,England,A Flintoff,AR Caddick,Harbhajan Singh,0,0,,,,,,"",""
ball,2,33.2,England,A Flintoff,AR Caddick,Harbhajan Singh,1,0,,,,,,"",""
ball,2,33.3,England,AR Caddick,A Flintoff,Harbhajan Singh,0,0,,,,,,"",""
ball,2,33.4,England,AR Caddick,A Flintoff,Harbhajan Singh,4,0,,,,,,"",""
ball,2,33.5,England,AR Caddick,A Flintoff,Harbhajan Singh,0,0,,,,,,"",""
ball,2,33.6,England,AR Caddick,A Flintoff,Harbhajan Singh,0,0,,,,,,"",""
ball,2,34.1,England,A Flintoff,AR Caddick,Z Khan,0,0,,,,,,"",""
ball,2,34.2,England,A Flintoff,AR Caddick,Z Khan,0,0,,,,,,"",""
ball,2,34.3,England,A Flintoff,AR Caddick,Z Khan,2,0,,,,,,"",""
ball,2,34.4,England,A Flintoff,AR Caddick,Z Khan,0,0,,,,,,"",""
ball,2,34.5,England,A Flintoff,AR Caddick,Z Khan,4,0,,,,,,"",""
ball,2,34.6,England,A Flintoff,AR Caddick,Z Khan,1,0,,,,,,"",""
ball,2,35.1,England,A Flintoff,AR Caddick,Harbhajan Singh,0,0,,,,,,"",""
ball,2,35.2,England,A Flintoff,AR Caddick,Harbhajan Singh,0,0,,,,,,"",""
ball,2,35.3,England,A Flintoff,AR Caddick,Harbhajan Singh,1,0,,,,,,"",""
ball,2,35.4,England,AR Caddick,A Flintoff,Harbhajan Singh,0,0,,,,,,"",""
ball,2,35.5,England,AR Caddick,A Flintoff,Harbhajan Singh,0,0,,,,,,"",""
ball,2,35.6,England,AR Caddick,A Flintoff,Harbhajan Singh,0,0,,,,,,"",""
ball,2,36.1,England,A Flintoff,AR Caddick,SC Ganguly,6,0,,,,,,"",""
ball,2,36.2,England,A Flintoff,AR Caddick,SC Ganguly,0,0,,,,,,"",""
ball,2,36.3,England,A Flintoff,AR Caddick,SC Ganguly,0,0,,,,,,"",""
ball,2,36.4,England,A Flintoff,AR Caddick,SC Ganguly,0,0,,,,,,"",""
ball,2,36.5,England,A Flintoff,AR Caddick,SC Ganguly,0,0,,,,,,"",""
ball,2,36.6,England,A Flintoff,AR Caddick,SC Ganguly,1,0,,,,,,"",""
ball,2,37.1,England,A Flintoff,AR Caddick,Harbhajan Singh,0,0,,,,,,"",""
ball,2,37.2,England,A Flintoff,AR Caddick,Harbhajan Singh,1,0,,,,,,"",""
ball,2,37.3,England,AR Caddick,A Flintoff,Harbhajan Singh,0,0,,,,,,"",""
ball,2,37.4,England,AR Caddick,A Flintoff,Harbhajan Singh,1,0,,,,,,"",""
ball,2,37.5,England,A Flintoff,AR Caddick,Harbhajan Singh,0,0,,,,,,"",""
ball,2,37.6,England,A Flintoff,AR Caddick,Harbhajan Singh,1,0,,,,,,"",""
ball,2,38.1,England,A Flintoff,AR Caddick,SC Ganguly,6,0,,,,,,"",""
ball,2,38.2,England,A Flintoff,AR Caddick,SC Ganguly,1,0,,,,,,"",""
ball,2,38.3,England,AR Caddick,A Flintoff,SC Ganguly,0,0,,,,,,"",""
ball,2,38.4,England,AR Caddick,A Flintoff,SC Ganguly,0,0,,,,,,"",""
ball,2,38.5,England,AR Caddick,A Flintoff,SC Ganguly,0,0,,,,,,"",""
ball,2,38.6,England,AR Caddick,A Flintoff,SC Ganguly,1,0,,,,,,"",""
ball,2,39.1,England,AR Caddick,A Flintoff,Harbhajan Singh,0,0,,,,,,"",""
ball,2,39.2,England,AR Caddick,A Flintoff,Harbhajan Singh,1,0,,,,,,"",""
ball,2,39.3,England,A Flintoff,AR Caddick,Harbhajan Singh,1,0,,,,,,"",""
ball,2,39.4,England,AR Caddick,A Flintoff,Harbhajan Singh,0,0,,,,,,"",""
ball,2,39.5,England,AR Caddick,A Flintoff,Harbhajan Singh,0,0,,,,,,"",""
ball,2,39.6,England,AR Caddick,A Flintoff,Harbhajan Singh,0,0,,,,,,"",""
ball,2,40.1,England,A Flintoff,AR Caddick,J Srinath,1,0,,,,,,"",""
ball,2,40.2,England,AR Caddick,A Flintoff,J Srinath,0,0,,,,,,"",""
ball,2,40.3,England,AR Caddick,A Flintoff,J Srinath,2,0,,,,,,"",""
ball,2,40.4,England,AR Caddick,A Flintoff,J Srinath,0,0,,,,,,"",""
ball,2,40.5,England,AR Caddick,A Flintoff,J Srinath,0,0,,,,,,"",""
ball,2,40.6,England,AR Caddick,A Flintoff,J Srinath,0,0,,,,,,"",""
ball,2,41.1,England,A Flintoff,AR Caddick,Harbhajan Singh,1,0,,,,,,"",""
ball,2,41.2,England,AR Caddick,A Flintoff,Harbhajan Singh,0,0,,,,,,"",""
ball,2,41.3,England,AR Caddick,A Flintoff,Harbhajan Singh,1,0,,,,,,"",""
ball,2,41.4,England,A Flintoff,AR Caddick,Harbhajan Singh,0,0,,,,,,"",""
ball,2,41.5,England,A Flintoff,AR Caddick,Harbhajan Singh,1,0,,,,,,"",""
ball,2,41.6,England,AR Caddick,A Flintoff,Harbhajan Singh,0,0,,,,,,"",""
ball,2,42.1,England,A Flintoff,AR Caddick,J Srinath,2,0,,,,,,"",""
ball,2,42.2,England,A Flintoff,AR Caddick,J Srinath,0,0,,,,,,"",""
ball,2,42.3,England,A Flintoff,AR Caddick,J Srinath,4,0,,,,,,"",""
ball,2,42.4,England,A Flintoff,AR Caddick,J Srinath,4,0,,,,,,"",""
ball,2,42.5,England,A Flintoff,AR Caddick,J Srinath,0,0,,,,,,caught,A Flintoff
ball,2,42.6,England,JM Anderson,AR Caddick,J Srinath,1,0,,,,,,"",""
ball,2,43.1,England,JM Anderson,AR Caddick,Z Khan,0,1,1,,,,,"",""
ball,2,43.2,England,JM Anderson,AR Caddick,Z Khan,0,0,,,,,,"",""
ball,2,43.3,England,JM Anderson,AR Caddick,Z Khan,0,0,,,,,,"",""
ball,2,43.4,England,JM Anderson,AR Caddick,Z Khan,0,0,,,,,,"",""
ball,2,43.5,England,JM Anderson,AR Caddick,Z Khan,1,0,,,,,,"",""
ball,2,43.6,England,AR Caddick,JM Anderson,Z Khan,0,0,,,,,,"",""
ball,2,43.7,England,AR Caddick,JM Anderson,Z Khan,1,0,,,,,,"",""
ball,2,44.1,England,AR Caddick,JM Anderson,J Srinath,0,0,,,,,,"",""
ball,2,44.2,England,AR Caddick,JM Anderson,J Srinath,0,0,,,,,,"",""
ball,2,44.3,England,AR Caddick,JM Anderson,J Srinath,2,0,,,,,,"",""
ball,2,44.4,England,AR Caddick,JM Anderson,J Srinath,0,0,,,,,,"",""
ball,2,44.5,England,AR Caddick,JM Anderson,J Srinath,0,0,,,,,,"",""
ball,2,44.6,England,AR Caddick,JM Anderson,J Srinath,0,0,,,,,,"",""
ball,2,45.1,England,JM Anderson,AR Caddick,Z Khan,0,0,,,,,,"",""
ball,2,45.2,England,JM Anderson,AR Caddick,Z Khan,0,0,,,,,,"",""
ball,2,45.3,England,JM Anderson,AR Caddick,Z Khan,0,0,,,,,,lbw,JM Anderson
