version,1.7.0
info,balls_per_over,6
info,team,Pakistan
info,team,India
info,gender,male
info,season,2002/03
info,date,2003/03/01
info,event,ICC World Cup
info,match_number,36
info,venue,"SuperSport Park, Centurion"
info,city,Centurion
info,toss_winner,Pakistan
info,toss_decision,bat
info,player_of_match,SR Tendulkar
info,umpire,DR Shepherd
info,umpire,RE Koertzen
info,tv_umpire,BF Bowden
info,match_referee,MJ Procter
info,winner,India
info,winner_wickets,6
info,player,Pakistan,Saeed Anwar
info,player,Pakistan,Taufeeq Umar
info,player,Pakistan,Abdul Razzaq
info,player,Pakistan,Inzamam-ul-Haq
info,player,Pakistan,Yousuf Youhana
info,player,Pakistan,Younis Khan
info,player,Pakistan,Shahid Afridi
info,player,Pakistan,Rashid Latif
info,player,Pakistan,Wasim Akram
info,player,Pakistan,Waqar Younis
info,player,Pakistan,Shoaib Akhtar
info,player,India,SR Tendulkar
info,player,India,V Sehwag
info,player,India,SC Ganguly
info,player,India,M Kaif
info,player,India,R Dravid
info,player,India,Yuvraj Singh
info,player,India,D Mongia
info,player,India,A Kumble
info,player,India,Z Khan
info,player,India,J Srinath
info,player,India,A Nehra
info,registry,people,A Kumble,0c2730df
info,registry,people,A Nehra,96fd40ae
info,registry,people,Abdul Razzaq,390ff45b
info,registry,people,BF Bowden,efc0a862
info,registry,people,D Mongia,99663fa5
info,registry,people,DR Shepherd,8a578048
info,registry,people,Inzamam-ul-Haq,b9a3d8c6
info,registry,people,J Srinath,bad31fac
info,registry,people,M Kaif,d84378a4
info,registry,people,MJ Procter,32e65048
info,registry,people,R Dravid,0184dc35
info,registry,people,RE Koertzen,0265fab2
info,registry,people,Rashid Latif,d32782ae
info,registry,people,SC Ganguly,725529bc
info,registry,people,SR Tendulkar,d2c2b2d5
info,registry,people,Saeed Anwar,0aa14354
info,registry,people,Shahid Afridi,0dc00542
info,registry,people,Shoaib Akhtar,10a91f35
info,registry,people,Taufeeq Umar,c73bb037
info,registry,people,V Sehwag,8ba8195d
info,registry,people,Waqar Younis,d8906a73
info,registry,people,Wasim Akram,126e56a1
info,registry,people,Younis Khan,33cb3411
info,registry,people,Yousuf Youhana,e237b28c
info,registry,people,Yuvraj Singh,1c914163
info,registry,people,Z Khan,91a4a398
ball,1,0.1,Pakistan,Saeed Anwar,Taufeeq Umar,Z Khan,0,1,,1,,,,"",""
ball,1,0.2,Pakistan,Saeed Anwar,Taufeeq Umar,Z Khan,0,0,,,,,,"",""
ball,1,0.3,Pakistan,Saeed Anwar,Taufeeq Umar,Z Khan,0,1,1,,,,,"",""
ball,1,0.4,Pakistan,Saeed Anwar,Taufeeq Umar,Z Khan,0,0,,,,,,"",""
ball,1,0.5,Pakistan,Saeed Anwar,Taufeeq Umar,Z Khan,0,1,,,,1,,"",""
ball,1,0.6,Pakistan,Taufeeq Umar,Saeed Anwar,Z Khan,0,0,,,,,,"",""
ball,1,0.7,Pakistan,Taufeeq Umar,Saeed Anwar,Z Khan,0,1,,1,,,,"",""
ball,1,0.8,Pakistan,Taufeeq Umar,Saeed Anwar,Z Khan,0,1,1,,,,,"",""
ball,1,0.9,Pakistan,Taufeeq Umar,Saeed Anwar,Z Khan,0,0,,,,,,"",""
ball,1,0.10,Pakistan,Taufeeq Umar,Saeed Anwar,Z Khan,0,2,,,2,,,"",""
ball,1,1.1,Pakistan,Saeed Anwar,Taufeeq Umar,J Srinath,2,0,,,,,,"",""
ball,1,1.2,Pakistan,Saeed Anwar,Taufeeq Umar,J Srinath,2,0,,,,,,"",""
ball,1,1.3,Pakistan,Saeed Anwar,Taufeeq Umar,J Srinath,1,0,,,,,,"",""
ball,1,1.4,Pakistan,Taufeeq Umar,Saeed Anwar,J Srinath,0,0,,,,,,"",""
ball,1,1.5,Pakistan,Taufeeq Umar,Saeed Anwar,J Srinath,0,1,,,,1,,"",""
ball,1,1.6,Pakistan,Saeed Anwar,Taufeeq Umar,J Srinath,3,0,,,,,,"",""
ball,1,2.1,Pakistan,Saeed Anwar,Taufeeq Umar,Z Khan,0,0,,,,,,"",""
ball,1,2.2,Pakistan,Saeed Anwar,Taufeeq Umar,Z Khan,0,0,,,,,,"",""
ball,1,2.3,Pakistan,Saeed Anwar,Taufeeq Umar,Z Khan,0,0,,,,,,"",""
ball,1,2.4,Pakistan,Saeed Anwar,Taufeeq Umar,Z Khan,0,1,1,,,,,"",""
ball,1,2.5,Pakistan,Saeed Anwar,Taufeeq Umar,Z Khan,0,1,,1,,,,"",""
ball,1,2.6,Pakistan,Saeed Anwar,Taufeeq Umar,Z Khan,1,0,,,,,,"",""
ball,1,2.7,Pakistan,Taufeeq Umar,Saeed Anwar,Z Khan,0,0,,,,,,"",""
ball,1,2.8,Pakistan,Taufeeq Umar,Saeed Anwar,Z Khan,0,0,,,,,,"",""
ball,1,3.1,Pakistan,Saeed Anwar,Taufeeq Umar,J Srinath,0,0,,,,,,"",""
ball,1,3.2,Pakistan,Saeed Anwar,Taufeeq Umar,J Srinath,1,0,,,,,,"",""
ball,1,3.3,Pakistan,Taufeeq Umar,Saeed Anwar,J Srinath,1,0,,,,,,"",""
ball,1,3.4,Pakistan,Saeed Anwar,Taufeeq Umar,J Srinath,2,0,,,,,,"",""
ball,1,3.5,Pakistan,Saeed Anwar,Taufeeq Umar,J Srinath,0,0,,,,,,"",""
ball,1,3.6,Pakistan,Saeed Anwar,Taufeeq Umar,J Srinath,0,0,,,,,,"",""
ball,1,4.1,Pakistan,Taufeeq Umar,Saeed Anwar,Z Khan,0,0,,,,,,"",""
ball,1,4.2,Pakistan,Taufeeq Umar,Saeed Anwar,Z Khan,4,0,,,,,,"",""
ball,1,4.3,Pakistan,Taufeeq Umar,Saeed Anwar,Z Khan,0,0,,,,,,"",""
ball,1,4.4,Pakistan,Taufeeq Umar,Saeed Anwar,Z Khan,0,0,,,,,,"",""
ball,1,4.5,Pakistan,Taufeeq Umar,Saeed Anwar,Z Khan,0,0,,,,,,"",""
ball,1,4.6,Pakistan,Taufeeq Umar,Saeed Anwar,Z Khan,0,0,,,,,,"",""
ball,1,5.1,Pakistan,Saeed Anwar,Taufeeq Umar,J Srinath,0,0,,,,,,"",""
ball,1,5.2,Pakistan,Saeed Anwar,Taufeeq Umar,J Srinath,0,0,,,,,,"",""
ball,1,5.3,Pakistan,Saeed Anwar,Taufeeq Umar,J Srinath,0,0,,,,,,"",""
ball,1,5.4,Pakistan,Saeed Anwar,Taufeeq Umar,J Srinath,1,0,,,,,,"",""
ball,1,5.5,Pakistan,Taufeeq Umar,Saeed Anwar,J Srinath,0,0,,,,,,"",""
ball,1,5.6,Pakistan,Taufeeq Umar,Saeed Anwar,J Srinath,1,0,,,,,,"",""
ball,1,6.1,Pakistan,Taufeeq Umar,Saeed Anwar,A Nehra,4,0,,,,,,"",""
ball,1,6.2,Pakistan,Taufeeq Umar,Saeed Anwar,A Nehra,0,0,,,,,,"",""
ball,1,6.3,Pakistan,Taufeeq Umar,Saeed Anwar,A Nehra,1,0,,,,,,"",""
ball,1,6.4,Pakistan,Saeed Anwar,Taufeeq Umar,A Nehra,0,0,,,,,,"",""
ball,1,6.5,Pakistan,Saeed Anwar,Taufeeq Umar,A Nehra,4,0,,,,,,"",""
ball,1,6.6,Pakistan,Saeed Anwar,Taufeeq Umar,A Nehra,2,0,,,,,,"",""
ball,1,7.1,Pakistan,Taufeeq Umar,Saeed Anwar,J Srinath,0,0,,,,,,"",""
ball,1,7.2,Pakistan,Taufeeq Umar,Saeed Anwar,J Srinath,1,0,,,,,,"",""
ball,1,7.3,Pakistan,Saeed Anwar,Taufeeq Umar,J Srinath,0,0,,,,,,"",""
ball,1,7.4,Pakistan,Saeed Anwar,Taufeeq Umar,J Srinath,1,0,,,,,,"",""
ball,1,7.5,Pakistan,Taufeeq Umar,Saeed Anwar,J Srinath,1,0,,,,,,"",""
ball,1,7.6,Pakistan,Saeed Anwar,Taufeeq Umar,J Srinath,0,0,,,,,,"",""
ball,1,8.1,Pakistan,Taufeeq Umar,Saeed Anwar,A Nehra,0,0,,,,,,"",""
ball,1,8.2,Pakistan,Taufeeq Umar,Saeed Anwar,A Nehra,0,0,,,,,,"",""
ball,1,8.3,Pakistan,Taufeeq Umar,Saeed Anwar,A Nehra,4,0,,,,,,"",""
ball,1,8.4,Pakistan,Taufeeq Umar,Saeed Anwar,A Nehra,0,0,,,,,,"",""
ball,1,8.5,Pakistan,Taufeeq Umar,Saeed Anwar,A Nehra,4,0,,,,,,"",""
ball,1,8.6,Pakistan,Taufeeq Umar,Saeed Anwar,A Nehra,0,0,,,,,,"",""
ball,1,9.1,Pakistan,Saeed Anwar,Taufeeq Umar,J Srinath,0,1,1,,,,,"",""
ball,1,9.2,Pakistan,Saeed Anwar,Taufeeq Umar,J Srinath,0,0,,,,,,"",""
ball,1,9.3,Pakistan,Saeed Anwar,Taufeeq Umar,J Srinath,1,0,,,,,,"",""
ball,1,9.4,Pakistan,Taufeeq Umar,Saeed Anwar,J Srinath,1,0,,,,,,"",""
ball,1,9.5,Pakistan,Saeed Anwar,Taufeeq Umar,J Srinath,0,0,,,,,,"",""
ball,1,9.6,Pakistan,Saeed Anwar,Taufeeq Umar,J Srinath,0,0,,,,,,"",""
ball,1,9.7,Pakistan,Saeed Anwar,Taufeeq Umar,J Srinath,0,0,,,,,,"",""
ball,1,10.1,Pakistan,Taufeeq Umar,Saeed Anwar,Z Khan,0,1,,,,1,,"",""
ball,1,10.2,Pakistan,Saeed Anwar,Taufeeq Umar,Z Khan,2,0,,,,,,"",""
ball,1,10.3,Pakistan,Saeed Anwar,Taufeeq Umar,Z Khan,0,0,,,,,,"",""
ball,1,10.4,Pakistan,Saeed Anwar,Taufeeq Umar,Z Khan,1,0,,,,,,"",""
ball,1,10.5,Pakistan,Taufeeq Umar,Saeed Anwar,Z Khan,0,0,,,,,,bowled,Taufeeq Umar
ball,1,10.6,Pakistan,Abdul Razzaq,Saeed Anwar,Z Khan,0,0,,,,,,"",""
ball,1,11.1,Pakistan,Saeed Anwar,Abdul Razzaq,J Srinath,0,0,,,,,,"",""
ball,1,11.2,Pakistan,Saeed Anwar,Abdul Razzaq,J Srinath,1,0,,,,,,"",""
ball,1,11.3,Pakistan,Abdul Razzaq,Saeed Anwar,J Srinath,0,0,,,,,,"",""
ball,1,11.4,Pakistan,Abdul Razzaq,Saeed Anwar,J Srinath,0,0,,,,,,"",""
ball,1,11.5,Pakistan,Abdul Razzaq,Saeed Anwar,J Srinath,0,0,,,,,,"",""
ball,1,11.6,Pakistan,Abdul Razzaq,Saeed Anwar,J Srinath,0,0,,,,,,"",""
ball,1,12.1,Pakistan,Saeed Anwar,Abdul Razzaq,Z Khan,0,0,,,,,,"",""
ball,1,12.2,Pakistan,Saeed Anwar,Abdul Razzaq,Z Khan,4,0,,,,,,"",""
ball,1,12.3,Pakistan,Saeed Anwar,Abdul Razzaq,Z Khan,0,0,,,,,,"",""
ball,1,12.4,Pakistan,Saeed Anwar,Abdul Razzaq,Z Khan,0,0,,,,,,"",""
ball,1,12.5,Pakistan,Saeed Anwar,Abdul Razzaq,Z Khan,0,0,,,,,,"",""
ball,1,12.6,Pakistan,Saeed Anwar,Abdul Razzaq,Z Khan,0,0,,,,,,"",""
ball,1,13.1,Pakistan,Abdul Razzaq,Saeed Anwar,J Srinath,0,0,,,,,,"",""
ball,1,13.2,Pakistan,Abdul Razzaq,Saeed Anwar,J Srinath,0,0,,,,,,"",""
ball,1,13.3,Pakistan,Abdul Razzaq,Saeed Anwar,J Srinath,0,0,,,,,,"",""
ball,1,13.4,Pakistan,Abdul Razzaq,Saeed Anwar,J Srinath,1,0,,,,,,"",""
ball,1,13.5,Pakistan,Saeed Anwar,Abdul Razzaq,J Srinath,4,0,,,,,,"",""
ball,1,13.6,Pakistan,Saeed Anwar,Abdul Razzaq,J Srinath,0,0,,,,,,"",""
ball,1,14.1,Pakistan,Abdul Razzaq,Saeed Anwar,A Nehra,0,0,,,,,,"",""
ball,1,14.2,Pakistan,Abdul Razzaq,Saeed Anwar,A Nehra,0,0,,,,,,"",""
ball,1,14.3,Pakistan,Abdul Razzaq,Saeed Anwar,A Nehra,0,0,,,,,,"",""
ball,1,14.4,Pakistan,Abdul Razzaq,Saeed Anwar,A Nehra,4,0,,,,,,"",""
ball,1,14.5,Pakistan,Abdul Razzaq,Saeed Anwar,A Nehra,0,0,,,,,,"",""
ball,1,14.6,Pakistan,Abdul Razzaq,Saeed Anwar,A Nehra,0,0,,,,,,"",""
ball,1,15.1,Pakistan,Saeed Anwar,Abdul Razzaq,A Kumble,2,0,,,,,,"",""
ball,1,15.2,Pakistan,Saeed Anwar,Abdul Razzaq,A Kumble,0,0,,,,,,"",""
ball,1,15.3,Pakistan,Saeed Anwar,Abdul Razzaq,A Kumble,0,0,,,,,,"",""
ball,1,15.4,Pakistan,Saeed Anwar,Abdul Razzaq,A Kumble,0,0,,,,,,"",""
ball,1,15.5,Pakistan,Saeed Anwar,Abdul Razzaq,A Kumble,1,0,,,,,,"",""
ball,1,15.6,Pakistan,Abdul Razzaq,Saeed Anwar,A Kumble,0,0,,,,,,"",""
ball,1,16.1,Pakistan,Saeed Anwar,Abdul Razzaq,A Nehra,0,0,,,,,,"",""
ball,1,16.2,Pakistan,Saeed Anwar,Abdul Razzaq,A Nehra,1,0,,,,,,"",""
ball,1,16.3,Pakistan,Abdul Razzaq,Saeed Anwar,A Nehra,0,0,,,,,,"",""
ball,1,16.4,Pakistan,Abdul Razzaq,Saeed Anwar,A Nehra,0,0,,,,,,"",""
ball,1,16.5,Pakistan,Abdul Razzaq,Saeed Anwar,A Nehra,0,0,,,,,,"",""
ball,1,16.6,Pakistan,Abdul Razzaq,Saeed Anwar,A Nehra,4,0,,,,,,"",""
ball,1,17.1,Pakistan,Saeed Anwar,Abdul Razzaq,A Kumble,0,0,,,,,,"",""
ball,1,17.2,Pakistan,Saeed Anwar,Abdul Razzaq,A Kumble,1,0,,,,,,"",""
ball,1,17.3,Pakistan,Abdul Razzaq,Saeed Anwar,A Kumble,0,0,,,,,,"",""
ball,1,17.4,Pakistan,Abdul Razzaq,Saeed Anwar,A Kumble,1,0,,,,,,"",""
ball,1,17.5,Pakistan,Saeed Anwar,Abdul Razzaq,A Kumble,1,0,,,,,,"",""
ball,1,17.6,Pakistan,Abdul Razzaq,Saeed Anwar,A Kumble,0,0,,,,,,"",""
ball,1,18.1,Pakistan,Saeed Anwar,Abdul Razzaq,A Nehra,0,0,,,,,,"",""
ball,1,18.2,Pakistan,Saeed Anwar,Abdul Razzaq,A Nehra,0,0,,,,,,"",""
ball,1,18.3,Pakistan,Saeed Anwar,Abdul Razzaq,A Nehra,0,0,,,,,,"",""
ball,1,18.4,Pakistan,Saeed Anwar,Abdul Razzaq,A Nehra,0,0,,,,,,"",""
ball,1,18.5,Pakistan,Saeed Anwar,Abdul Razzaq,A Nehra,0,0,,,,,,"",""
ball,1,18.6,Pakistan,Saeed Anwar,Abdul Razzaq,A Nehra,1,0,,,,,,"",""
ball,1,19.1,Pakistan,Saeed Anwar,Abdul Razzaq,A Kumble,0,0,,,,,,"",""
ball,1,19.2,Pakistan,Saeed Anwar,Abdul Razzaq,A Kumble,1,0,,,,,,"",""
ball,1,19.3,Pakistan,Abdul Razzaq,Saeed Anwar,A Kumble,1,0,,,,,,"",""
ball,1,19.4,Pakistan,Saeed Anwar,Abdul Razzaq,A Kumble,1,0,,,,,,"",""
ball,1,19.5,Pakistan,Abdul Razzaq,Saeed Anwar,A Kumble,0,0,,,,,,"",""
ball,1,19.6,Pakistan,Abdul Razzaq,Saeed Anwar,A Kumble,0,0,,,,,,"",""
ball,1,20.1,Pakistan,Saeed Anwar,Abdul Razzaq,A Nehra,1,0,,,,,,"",""
ball,1,20.2,Pakistan,Abdul Razzaq,Saeed Anwar,A Nehra,0,0,,,,,,"",""
ball,1,20.3,Pakistan,Abdul Razzaq,Saeed Anwar,A Nehra,1,0,,,,,,"",""
ball,1,20.4,Pakistan,Saeed Anwar,Abdul Razzaq,A Nehra,0,0,,,,,,"",""
ball,1,20.5,Pakistan,Saeed Anwar,Abdul Razzaq,A Nehra,1,0,,,,,,"",""
ball,1,20.6,Pakistan,Abdul Razzaq,Saeed Anwar,A Nehra,0,0,,,,,,caught,Abdul Razzaq
ball,1,21.1,Pakistan,Saeed Anwar,Inzamam-ul-Haq,A Kumble,1,0,,,,,,"",""
ball,1,21.2,Pakistan,Inzamam-ul-Haq,Saeed Anwar,A Kumble,4,0,,,,,,"",""
ball,1,21.3,Pakistan,Inzamam-ul-Haq,Saeed Anwar,A Kumble,1,0,,,,,,"",""
ball,1,21.4,Pakistan,Saeed Anwar,Inzamam-ul-Haq,A Kumble,1,0,,,,,,"",""
ball,1,21.5,Pakistan,Inzamam-ul-Haq,Saeed Anwar,A Kumble,1,0,,,,,,"",""
ball,1,21.6,Pakistan,Saeed Anwar,Inzamam-ul-Haq,A Kumble,0,0,,,,,,run out,Inzamam-ul-Haq
ball,1,22.1,Pakistan,Yousuf Youhana,Saeed Anwar,A Nehra,0,0,,,,,,"",""
ball,1,22.2,Pakistan,Yousuf Youhana,Saeed Anwar,A Nehra,1,0,,,,,,"",""
ball,1,22.3,Pakistan,Saeed Anwar,Yousuf Youhana,A Nehra,4,0,,,,,,"",""
ball,1,22.4,Pakistan,Saeed Anwar,Yousuf Youhana,A Nehra,2,0,,,,,,"",""
ball,1,22.5,Pakistan,Saeed Anwar,Yousuf Youhana,A Nehra,2,0,,,,,,"",""
ball,1,22.6,Pakistan,Saeed Anwar,Yousuf Youhana,A Nehra,0,0,,,,,,"",""
ball,1,23.1,Pakistan,Yousuf Youhana,Saeed Anwar,A Kumble,1,0,,,,,,"",""
ball,1,23.2,Pakistan,Saeed Anwar,Yousuf Youhana,A Kumble,1,0,,,,,,"",""
ball,1,23.3,Pakistan,Yousuf Youhana,Saeed Anwar,A Kumble,1,0,,,,,,"",""
ball,1,23.4,Pakistan,Saeed Anwar,Yousuf Youhana,A Kumble,0,0,,,,,,"",""
ball,1,23.5,Pakistan,Saeed Anwar,Yousuf Youhana,A Kumble,1,0,,,,,,"",""
ball,1,23.6,Pakistan,Yousuf Youhana,Saeed Anwar,A Kumble,1,0,,,,,,"",""
ball,1,24.1,Pakistan,Yousuf Youhana,Saeed Anwar,SC Ganguly,0,0,,,,,,"",""
ball,1,24.2,Pakistan,Yousuf Youhana,Saeed Anwar,SC Ganguly,1,0,,,,,,"",""
ball,1,24.3,Pakistan,Saeed Anwar,Yousuf Youhana,SC Ganguly,1,0,,,,,,"",""
ball,1,24.4,Pakistan,Yousuf Youhana,Saeed Anwar,SC Ganguly,0,0,,,,,,"",""
ball,1,24.5,Pakistan,Yousuf Youhana,Saeed Anwar,SC Ganguly,0,0,,,,,,"",""
ball,1,24.6,Pakistan,Yousuf Youhana,Saeed Anwar,SC Ganguly,0,0,,,,,,"",""
ball,1,25.1,Pakistan,Saeed Anwar,Yousuf Youhana,A Kumble,0,2,,,,2,,"",""
ball,1,25.2,Pakistan,Saeed Anwar,Yousuf Youhana,A Kumble,0,0,,,,,,"",""
ball,1,25.3,Pakistan,Saeed Anwar,Yousuf Youhana,A Kumble,0,0,,,,,,"",""
ball,1,25.4,Pakistan,Saeed Anwar,Yousuf Youhana,A Kumble,0,0,,,,,,"",""
ball,1,25.5,Pakistan,Saeed Anwar,Yousuf Youhana,A Kumble,1,0,,,,,,"",""
ball,1,25.6,Pakistan,Yousuf Youhana,Saeed Anwar,A Kumble,2,0,,,,,,"",""
ball,1,26.1,Pakistan,Saeed Anwar,Yousuf Youhana,SC Ganguly,0,0,,,,,,"",""
ball,1,26.2,Pakistan,Saeed Anwar,Yousuf Youhana,SC Ganguly,4,0,,,,,,"",""
ball,1,26.3,Pakistan,Saeed Anwar,Yousuf Youhana,SC Ganguly,0,0,,,,,,"",""
ball,1,26.4,Pakistan,Saeed Anwar,Yousuf Youhana,SC Ganguly,3,0,,,,,,"",""
ball,1,26.5,Pakistan,Yousuf Youhana,Saeed Anwar,SC Ganguly,1,0,,,,,,"",""
ball,1,26.6,Pakistan,Saeed Anwar,Yousuf Youhana,SC Ganguly,0,0,,,,,,"",""
ball,1,27.1,Pakistan,Yousuf Youhana,Saeed Anwar,A Kumble,0,0,,,,,,"",""
ball,1,27.2,Pakistan,Yousuf Youhana,Saeed Anwar,A Kumble,0,0,,,,,,"",""
ball,1,27.3,Pakistan,Yousuf Youhana,Saeed Anwar,A Kumble,2,0,,,,,,"",""
ball,1,27.4,Pakistan,Yousuf Youhana,Saeed Anwar,A Kumble,0,0,,,,,,"",""
ball,1,27.5,Pakistan,Yousuf Youhana,Saeed Anwar,A Kumble,1,0,,,,,,"",""
ball,1,27.6,Pakistan,Saeed Anwar,Yousuf Youhana,A Kumble,0,0,,,,,,"",""
ball,1,28.1,Pakistan,Yousuf Youhana,Saeed Anwar,SC Ganguly,1,0,,,,,,"",""
ball,1,28.2,Pakistan,Saeed Anwar,Yousuf Youhana,SC Ganguly,0,0,,,,,,"",""
ball,1,28.3,Pakistan,Saeed Anwar,Yousuf Youhana,SC Ganguly,0,0,,,,,,"",""
ball,1,28.4,Pakistan,Saeed Anwar,Yousuf Youhana,SC Ganguly,1,0,,,,,,"",""
ball,1,28.5,Pakistan,Yousuf Youhana,Saeed Anwar,SC Ganguly,1,0,,,,,,"",""
ball,1,28.6,Pakistan,Saeed Anwar,Yousuf Youhana,SC Ganguly,1,0,,,,,,"",""
ball,1,29.1,Pakistan,Saeed Anwar,Yousuf Youhana,A Kumble,4,0,,,,,,"",""
ball,1,29.2,Pakistan,Saeed Anwar,Yousuf Youhana,A Kumble,1,0,,,,,,"",""
ball,1,29.3,Pakistan,Yousuf Youhana,Saeed Anwar,A Kumble,0,0,,,,,,"",""
ball,1,29.4,Pakistan,Yousuf Youhana,Saeed Anwar,A Kumble,1,0,,,,,,"",""
ball,1,29.5,Pakistan,Saeed Anwar,Yousuf Youhana,A Kumble,1,0,,,,,,"",""
ball,1,29.6,Pakistan,Yousuf Youhana,Saeed Anwar,A Kumble,0,0,,,,,,"",""
ball,1,30.1,Pakistan,Saeed Anwar,Yousuf Youhana,Z Khan,0,0,,,,,,"",""
ball,1,30.2,Pakistan,Saeed Anwar,Yousuf Youhana,Z Khan,0,0,,,,,,"",""
ball,1,30.3,Pakistan,Saeed Anwar,Yousuf Youhana,Z Khan,2,0,,,,,,"",""
ball,1,30.4,Pakistan,Saeed Anwar,Yousuf Youhana,Z Khan,0,1,1,,,,,"",""
ball,1,30.5,Pakistan,Saeed Anwar,Yousuf Youhana,Z Khan,0,0,,,,,,"",""
ball,1,30.6,Pakistan,Saeed Anwar,Yousuf Youhana,Z Khan,0,2,2,,,,,"",""
ball,1,30.7,Pakistan,Yousuf Youhana,Saeed Anwar,Z Khan,0,0,,,,,,"",""
ball,1,30.8,Pakistan,Yousuf Youhana,Saeed Anwar,Z Khan,1,0,,,,,,"",""
ball,1,31.1,Pakistan,Yousuf Youhana,Saeed Anwar,V Sehwag,0,0,,,,,,"",""
ball,1,31.2,Pakistan,Yousuf Youhana,Saeed Anwar,V Sehwag,0,0,,,,,,"",""
ball,1,31.3,Pakistan,Yousuf Youhana,Saeed Anwar,V Sehwag,0,0,,,,,,"",""
ball,1,31.4,Pakistan,Yousuf Youhana,Saeed Anwar,V Sehwag,0,0,,,,,,"",""
ball,1,31.5,Pakistan,Yousuf Youhana,Saeed Anwar,V Sehwag,1,0,,,,,,"",""
ball,1,31.6,Pakistan,Saeed Anwar,Yousuf Youhana,V Sehwag,0,0,,,,,,"",""
ball,1,32.1,Pakistan,Yousuf Youhana,Saeed Anwar,Z Khan,0,0,,,,,,"",""
ball,1,32.2,Pakistan,Yousuf Youhana,Saeed Anwar,Z Khan,0,0,,,,,,"",""
ball,1,32.3,Pakistan,Yousuf Youhana,Saeed Anwar,Z Khan,0,0,,,,,,"",""
ball,1,32.4,Pakistan,Yousuf Youhana,Saeed Anwar,Z Khan,0,0,,,,,,"",""
ball,1,32.5,Pakistan,Yousuf Youhana,Saeed Anwar,Z Khan,1,0,,,,,,"",""
ball,1,32.6,Pakistan,Saeed Anwar,Yousuf Youhana,Z Khan,4,0,,,,,,"",""
ball,1,33.1,Pakistan,Yousuf Youhana,Saeed Anwar,V Sehwag,1,0,,,,,,"",""
ball,1,33.2,Pakistan,Saeed Anwar,Yousuf Youhana,V Sehwag,1,0,,,,,,"",""
ball,1,33.3,Pakistan,Yousuf Youhana,Saeed Anwar,V Sehwag,1,0,,,,,,"",""
ball,1,33.4,Pakistan,Saeed Anwar,Yousuf Youhana,V Sehwag,0,0,,,,,,"",""
ball,1,33.5,Pakistan,Saeed Anwar,Yousuf Youhana,V Sehwag,0,0,,,,,,"",""
ball,1,33.6,Pakistan,Saeed Anwar,Yousuf Youhana,V Sehwag,1,0,,,,,,"",""
ball,1,34.1,Pakistan,Saeed Anwar,Yousuf Youhana,J Srinath,1,0,,,,,,"",""
ball,1,34.2,Pakistan,Yousuf Youhana,Saeed Anwar,J Srinath,2,0,,,,,,"",""
ball,1,34.3,Pakistan,Yousuf Youhana,Saeed Anwar,J Srinath,1,0,,,,,,"",""
ball,1,34.4,Pakistan,Saeed Anwar,Yousuf Youhana,J Srinath,1,0,,,,,,"",""
ball,1,34.5,Pakistan,Yousuf Youhana,Saeed Anwar,J Srinath,1,0,,,,,,"",""
ball,1,34.6,Pakistan,Saeed Anwar,Yousuf Youhana,J Srinath,1,0,,,,,,"",""
ball,1,35.1,Pakistan,Saeed Anwar,Yousuf Youhana,V Sehwag,0,1,1,,,,,"",""
ball,1,35.2,Pakistan,Saeed Anwar,Yousuf Youhana,V Sehwag,1,0,,,,,,"",""
ball,1,35.3,Pakistan,Yousuf Youhana,Saeed Anwar,V Sehwag,1,0,,,,,,"",""
ball,1,35.4,Pakistan,Saeed Anwar,Yousuf Youhana,V Sehwag,2,0,,,,,,"",""
ball,1,35.5,Pakistan,Saeed Anwar,Yousuf Youhana,V Sehwag,0,0,,,,,,"",""
ball,1,35.6,Pakistan,Saeed Anwar,Yousuf Youhana,V Sehwag,1,0,,,,,,"",""
ball,1,35.7,Pakistan,Yousuf Youhana,Saeed Anwar,V Sehwag,1,0,,,,,,"",""
ball,1,36.1,Pakistan,Yousuf Youhana,Saeed Anwar,J Srinath,0,0,,,,,,caught,Yousuf Youhana
ball,1,36.2,Pakistan,Saeed Anwar,Younis Khan,J Srinath,1,0,,,,,,"",""
ball,1,36.3,Pakistan,Younis Khan,Saeed Anwar,J Srinath,0,0,,,,,,"",""
ball,1,36.4,Pakistan,Younis Khan,Saeed Anwar,J Srinath,0,0,,,,,,"",""
ball,1,36.5,Pakistan,Younis Khan,Saeed Anwar,J Srinath,0,0,,,,,,"",""
ball,1,36.6,Pakistan,Younis Khan,Saeed Anwar,J Srinath,1,0,,,,,,"",""
ball,1,37.1,Pakistan,Younis Khan,Saeed Anwar,A Kumble,0,1,,,,1,,"",""
ball,1,37.2,Pakistan,Saeed Anwar,Younis Khan,A Kumble,3,0,,,,,,"",""
ball,1,37.3,Pakistan,Younis Khan,Saeed Anwar,A Kumble,1,0,,,,,,"",""
ball,1,37.4,Pakistan,Saeed Anwar,Younis Khan,A Kumble,0,1,1,,,,,"",""
ball,1,37.5,Pakistan,Saeed Anwar,Younis Khan,A Kumble,1,0,,,,,,"",""
ball,1,37.6,Pakistan,Younis Khan,Saeed Anwar,A Kumble,1,0,,,,,,"",""
ball,1,37.7,Pakistan,Saeed Anwar,Younis Khan,A Kumble,1,0,,,,,,"",""
ball,1,38.1,Pakistan,Saeed Anwar,Younis Khan,J Srinath,1,0,,,,,,"",""
ball,1,38.2,Pakistan,Younis Khan,Saeed Anwar,J Srinath,0,0,,,,,,"",""
ball,1,38.3,Pakistan,Younis Khan,Saeed Anwar,J Srinath,1,0,,,,,,"",""
ball,1,38.4,Pakistan,Saeed Anwar,Younis Khan,J Srinath,0,0,,,,,,"",""
ball,1,38.5,Pakistan,Saeed Anwar,Younis Khan,J Srinath,0,2,,2,,,,"",""
ball,1,38.6,Pakistan,Younis Khan,Saeed Anwar,J Srinath,1,0,,,,,,"",""
ball,1,38.7,Pakistan,Saeed Anwar,Younis Khan,J Srinath,1,0,,,,,,"",""
ball,1,39.1,Pakistan,Saeed Anwar,Younis Khan,V Sehwag,3,0,,,,,,"",""
ball,1,39.2,Pakistan,Younis Khan,Saeed Anwar,V Sehwag,0,0,,,,,,"",""
ball,1,39.3,Pakistan,Younis Khan,Saeed Anwar,V Sehwag,1,0,,,,,,"",""
ball,1,39.4,Pakistan,Saeed Anwar,Younis Khan,V Sehwag,1,0,,,,,,"",""
ball,1,39.5,Pakistan,Younis Khan,Saeed Anwar,V Sehwag,1,0,,,,,,"",""
ball,1,39.6,Pakistan,Saeed Anwar,Younis Khan,V Sehwag,1,0,,,,,,"",""
ball,1,40.1,Pakistan,Saeed Anwar,Younis Khan,A Nehra,0,0,,,,,,bowled,Saeed Anwar
ball,1,40.2,Pakistan,Shahid Afridi,Younis Khan,A Nehra,0,1,1,,,,,"",""
ball,1,40.3,Pakistan,Shahid Afridi,Younis Khan,A Nehra,1,0,,,,,,"",""
ball,1,40.4,Pakistan,Younis Khan,Shahid Afridi,A Nehra,0,1,1,,,,,"",""
ball,1,40.5,Pakistan,Younis Khan,Shahid Afridi,A Nehra,1,0,,,,,,"",""
ball,1,40.6,Pakistan,Shahid Afridi,Younis Khan,A Nehra,4,0,,,,,,"",""
ball,1,40.7,Pakistan,Shahid Afridi,Younis Khan,A Nehra,0,0,,,,,,"",""
ball,1,40.8,Pakistan,Shahid Afridi,Younis Khan,A Nehra,0,1,,,,1,,"",""
ball,1,41.1,Pakistan,Shahid Afridi,Younis Khan,D Mongia,4,0,,,,,,"",""
ball,1,41.2,Pakistan,Shahid Afridi,Younis Khan,D Mongia,0,0,,,,,,"",""
ball,1,41.3,Pakistan,Shahid Afridi,Younis Khan,D Mongia,0,0,,,,,,caught,Shahid Afridi
ball,1,41.4,Pakistan,Younis Khan,Rashid Latif,D Mongia,0,0,,,,,,"",""
ball,1,41.5,Pakistan,Younis Khan,Rashid Latif,D Mongia,1,0,,,,,,"",""
ball,1,41.6,Pakistan,Rashid Latif,Younis Khan,D Mongia,0,0,,,,,,"",""
ball,1,42.1,Pakistan,Younis Khan,Rashid Latif,A Kumble,0,0,,,,,,"",""
ball,1,42.2,Pakistan,Younis Khan,Rashid Latif,A Kumble,1,0,,,,,,"",""
ball,1,42.3,Pakistan,Rashid Latif,Younis Khan,A Kumble,1,0,,,,,,"",""
ball,1,42.4,Pakistan,Younis Khan,Rashid Latif,A Kumble,4,0,,,,,,"",""
ball,1,42.5,Pakistan,Younis Khan,Rashid Latif,A Kumble,2,0,,,,,,"",""
ball,1,42.6,Pakistan,Younis Khan,Rashid Latif,A Kumble,0,0,,,,,,"",""
ball,1,43.1,Pakistan,Rashid Latif,Younis Khan,D Mongia,1,0,,,,,,"",""
ball,1,43.2,Pakistan,Younis Khan,Rashid Latif,D Mongia,1,0,,,,,,"",""
ball,1,43.3,Pakistan,Rashid Latif,Younis Khan,D Mongia,1,0,,,,,,"",""
ball,1,43.4,Pakistan,Younis Khan,Rashid Latif,D Mongia,1,0,,,,,,"",""
ball,1,43.5,Pakistan,Rashid Latif,Younis Khan,D Mongia,1,0,,,,,,"",""
ball,1,43.6,Pakistan,Younis Khan,Rashid Latif,D Mongia,0,0,,,,,,"",""
ball,1,44.1,Pakistan,Rashid Latif,Younis Khan,Z Khan,0,0,,,,,,"",""
ball,1,44.2,Pakistan,Rashid Latif,Younis Khan,Z Khan,0,0,,,,,,"",""
ball,1,44.3,Pakistan,Rashid Latif,Younis Khan,Z Khan,0,0,,,,,,"",""
ball,1,44.4,Pakistan,Rashid Latif,Younis Khan,Z Khan,1,0,,,,,,"",""
ball,1,44.5,Pakistan,Younis Khan,Rashid Latif,Z Khan,2,0,,,,,,"",""
ball,1,44.6,Pakistan,Younis Khan,Rashid Latif,Z Khan,1,0,,,,,,"",""
ball,1,45.1,Pakistan,Younis Khan,Rashid Latif,D Mongia,1,0,,,,,,"",""
ball,1,45.2,Pakistan,Rashid Latif,Younis Khan,D Mongia,1,0,,,,,,"",""
ball,1,45.3,Pakistan,Younis Khan,Rashid Latif,D Mongia,1,0,,,,,,"",""
ball,1,45.4,Pakistan,Rashid Latif,Younis Khan,D Mongia,1,0,,,,,,"",""
ball,1,45.5,Pakistan,Younis Khan,Rashid Latif,D Mongia,1,0,,,,,,"",""
ball,1,45.6,Pakistan,Rashid Latif,Younis Khan,D Mongia,4,0,,,,,,"",""
ball,1,46.1,Pakistan,Younis Khan,Rashid Latif,Z Khan,0,0,,,,,,"",""
ball,1,46.2,Pakistan,Younis Khan,Rashid Latif,Z Khan,1,0,,,,,,"",""
ball,1,46.3,Pakistan,Rashid Latif,Younis Khan,Z Khan,2,0,,,,,,"",""
ball,1,46.4,Pakistan,Rashid Latif,Younis Khan,Z Khan,1,0,,,,,,"",""
ball,1,46.5,Pakistan,Younis Khan,Rashid Latif,Z Khan,1,1,,1,,,,"",""
ball,1,46.6,Pakistan,Rashid Latif,Younis Khan,Z Khan,1,0,,,,,,"",""
ball,1,46.7,Pakistan,Younis Khan,Rashid Latif,Z Khan,4,0,,,,,,"",""
ball,1,47.1,Pakistan,Rashid Latif,Younis Khan,A Nehra,1,0,,,,,,"",""
ball,1,47.2,Pakistan,Younis Khan,Rashid Latif,A Nehra,1,0,,,,,,"",""
ball,1,47.3,Pakistan,Rashid Latif,Younis Khan,A Nehra,2,0,,,,,,"",""
ball,1,47.4,Pakistan,Rashid Latif,Younis Khan,A Nehra,4,0,,,,,,"",""
ball,1,47.5,Pakistan,Rashid Latif,Younis Khan,A Nehra,1,0,,,,,,"",""
ball,1,47.6,Pakistan,Younis Khan,Rashid Latif,A Nehra,1,0,,,,,,"",""
ball,1,48.1,Pakistan,Younis Khan,Rashid Latif,Z Khan,0,0,,,,,,caught,Younis Khan
ball,1,48.2,Pakistan,Rashid Latif,Wasim Akram,Z Khan,0,0,,,,,,"",""
ball,1,48.3,Pakistan,Rashid Latif,Wasim Akram,Z Khan,0,0,,,,,,"",""
ball,1,48.4,Pakistan,Rashid Latif,Wasim Akram,Z Khan,1,0,,,,,,"",""
ball,1,48.5,Pakistan,Wasim Akram,Rashid Latif,Z Khan,0,1,,1,,,,"",""
ball,1,48.6,Pakistan,Wasim Akram,Rashid Latif,Z Khan,0,0,,,,,,"",""
ball,1,48.7,Pakistan,Wasim Akram,Rashid Latif,Z Khan,0,0,,,,,,"",""
ball,1,49.1,Pakistan,Rashid Latif,Wasim Akram,A Nehra,2,0,,,,,,"",""
ball,1,49.2,Pakistan,Rashid Latif,Wasim Akram,A Nehra,2,0,,,,,,"",""
ball,1,49.3,Pakistan,Rashid Latif,Wasim Akram,A Nehra,1,0,,,,,,"",""
ball,1,49.4,Pakistan,Wasim Akram,Rashid Latif,A Nehra,2,0,,,,,,"",""
ball,1,49.5,Pakistan,Wasim Akram,Rashid Latif,A Nehra,4,0,,,,,,"",""
ball,1,49.6,Pakistan,Wasim Akram,Rashid Latif,A Nehra,4,0,,,,,,"",""
ball,2,0.1,India,SR Tendulkar,V Sehwag,Wasim Akram,0,0,,,,,,"",""
ball,2,0.2,India,SR Tendulkar,V Sehwag,Wasim Akram,0,0,,,,,,"",""
ball,2,0.3,India,SR Tendulkar,V Sehwag,Wasim Akram,4,0,,,,,,"",""
ball,2,0.4,India,SR Tendulkar,V Sehwag,Wasim Akram,1,0,,,,,,"",""
ball,2,0.5,India,V Sehwag,SR Tendulkar,Wasim Akram,0,0,,,,,,"",""
ball,2,0.6,India,V Sehwag,SR Tendulkar,Wasim Akram,4,0,,,,,,"",""
ball,2,1.1,India,SR Tendulkar,V Sehwag,Shoaib Akhtar,0,1,1,,,,,"",""
ball,2,1.2,India,SR Tendulkar,V Sehwag,Shoaib Akhtar,0,0,,,,,,"",""
ball,2,1.3,India,SR Tendulkar,V Sehwag,Shoaib Akhtar,1,0,,,,,,"",""
ball,2,1.4,India,V Sehwag,SR Tendulkar,Shoaib Akhtar,0,0,,,,,,"",""
ball,2,1.5,India,V Sehwag,SR Tendulkar,Shoaib Akhtar,0,2,2,,,,,"",""
ball,2,1.6,India,SR Tendulkar,V Sehwag,Shoaib Akhtar,6,0,,,,,,"",""
ball,2,1.7,India,SR Tendulkar,V Sehwag,Shoaib Akhtar,4,0,,,,,,"",""
ball,2,1.8,India,SR Tendulkar,V Sehwag,Shoaib Akhtar,4,0,,,,,,"",""
ball,2,2.1,India,V Sehwag,SR Tendulkar,Wasim Akram,1,0,,,,,,"",""
ball,2,2.2,India,SR Tendulkar,V Sehwag,Wasim Akram,0,0,,,,,,"",""
ball,2,2.3,India,SR Tendulkar,V Sehwag,Wasim Akram,0,0,,,,,,"",""
ball,2,2.4,India,SR Tendulkar,V Sehwag,Wasim Akram,0,0,,,,,,"",""
ball,2,2.5,India,SR Tendulkar,V Sehwag,Wasim Akram,0,0,,,,,,"",""
ball,2,2.6,India,SR Tendulkar,V Sehwag,Wasim Akram,0,0,,,,,,"",""
ball,2,3.1,India,V Sehwag,SR Tendulkar,Waqar Younis,6,0,,,,,,"",""
ball,2,3.2,India,V Sehwag,SR Tendulkar,Waqar Younis,0,0,,,,,,"",""
ball,2,3.3,India,V Sehwag,SR Tendulkar,Waqar Younis,1,0,,,,,,"",""
ball,2,3.4,India,SR Tendulkar,V Sehwag,Waqar Younis,0,0,,,,,,"",""
ball,2,3.5,India,SR Tendulkar,V Sehwag,Waqar Younis,0,0,,,,,,"",""
ball,2,3.6,India,SR Tendulkar,V Sehwag,Waqar Younis,4,0,,,,,,"",""
ball,2,4.1,India,V Sehwag,SR Tendulkar,Wasim Akram,0,0,,,,,,"",""
ball,2,4.2,India,V Sehwag,SR Tendulkar,Wasim Akram,4,0,,,,,,"",""
ball,2,4.3,India,V Sehwag,SR Tendulkar,Wasim Akram,1,0,,,,,,"",""
ball,2,4.4,India,SR Tendulkar,V Sehwag,Wasim Akram,1,0,,,,,,"",""
ball,2,4.5,India,V Sehwag,SR Tendulkar,Wasim Akram,0,1,,1,,,,"",""
ball,2,4.6,India,V Sehwag,SR Tendulkar,Wasim Akram,4,0,,,,,,"",""
ball,2,4.7,India,V Sehwag,SR Tendulkar,Wasim Akram,0,0,,,,,,"",""
ball,2,5.1,India,SR Tendulkar,V Sehwag,Waqar Younis,0,0,,,,,,"",""
ball,2,5.2,India,SR Tendulkar,V Sehwag,Waqar Younis,0,0,,,,,,"",""
ball,2,5.3,India,SR Tendulkar,V Sehwag,Waqar Younis,3,0,,,,,,"",""
ball,2,5.4,India,V Sehwag,SR Tendulkar,Waqar Younis,0,0,,,,,,caught,V Sehwag
ball,2,5.5,India,SC Ganguly,SR Tendulkar,Waqar Younis,0,0,,,,,,lbw,SC Ganguly
ball,2,5.6,India,M Kaif,SR Tendulkar,Waqar Younis,0,0,,,,,,"",""
ball,2,6.1,India,SR Tendulkar,M Kaif,Wasim Akram,0,0,,,,,,"",""
ball,2,6.2,India,SR Tendulkar,M Kaif,Wasim Akram,2,0,,,,,,"",""
ball,2,6.3,India,SR Tendulkar,M Kaif,Wasim Akram,2,0,,,,,,"",""
ball,2,6.4,India,SR Tendulkar,M Kaif,Wasim Akram,1,0,,,,,,"",""
ball,2,6.5,India,M Kaif,SR Tendulkar,Wasim Akram,0,0,,,,,,"",""
ball,2,6.6,India,M Kaif,SR Tendulkar,Wasim Akram,0,0,,,,,,"",""
ball,2,7.1,India,SR Tendulkar,M Kaif,Waqar Younis,4,0,,,,,,"",""
ball,2,7.2,India,SR Tendulkar,M Kaif,Waqar Younis,4,0,,,,,,"",""
ball,2,7.3,India,SR Tendulkar,M Kaif,Waqar Younis,1,0,,,,,,"",""
ball,2,7.4,India,M Kaif,SR Tendulkar,Waqar Younis,0,0,,,,,,"",""
ball,2,7.5,India,M Kaif,SR Tendulkar,Waqar Younis,0,0,,,,,,"",""
ball,2,7.6,India,M Kaif,SR Tendulkar,Waqar Younis,0,0,,,,,,"",""
ball,2,8.1,India,SR Tendulkar,M Kaif,Wasim Akram,4,0,,,,,,"",""
ball,2,8.2,India,SR Tendulkar,M Kaif,Wasim Akram,0,1,,1,,,,"",""
ball,2,8.3,India,SR Tendulkar,M Kaif,Wasim Akram,0,0,,,,,,"",""
ball,2,8.4,India,SR Tendulkar,M Kaif,Wasim Akram,0,0,,,,,,"",""
ball,2,8.5,India,SR Tendulkar,M Kaif,Wasim Akram,2,0,,,,,,"",""
ball,2,8.6,India,SR Tendulkar,M Kaif,Wasim Akram,0,0,,,,,,"",""
ball,2,8.7,India,SR Tendulkar,M Kaif,Wasim Akram,1,0,,,,,,"",""
ball,2,9.1,India,SR Tendulkar,M Kaif,Waqar Younis,0,0,,,,,,"",""
ball,2,9.2,India,SR Tendulkar,M Kaif,Waqar Younis,6,0,,,,,,"",""
ball,2,9.3,India,SR Tendulkar,M Kaif,Waqar Younis,1,0,,,,,,"",""
ball,2,9.4,India,M Kaif,SR Tendulkar,Waqar Younis,0,0,,,,,,"",""
ball,2,9.5,India,M Kaif,SR Tendulkar,Waqar Younis,0,1,1,,,,,"",""
ball,2,9.6,India,M Kaif,SR Tendulkar,Waqar Younis,1,0,,,,,,"",""
ball,2,9.7,India,SR Tendulkar,M Kaif,Waqar Younis,4,0,,,,,,"",""
ball,2,10.1,India,M Kaif,SR Tendulkar,Shoaib Akhtar,0,0,,,,,,"",""
ball,2,10.2,India,M Kaif,SR Tendulkar,Shoaib Akhtar,0,1,1,,,,,"",""
ball,2,10.3,India,M Kaif,SR Tendulkar,Shoaib Akhtar,4,0,,,,,,"",""
ball,2,10.4,India,M Kaif,SR Tendulkar,Shoaib Akhtar,0,0,,,,,,"",""
ball,2,10.5,India,M Kaif,SR Tendulkar,Shoaib Akhtar,0,0,,,,,,"",""
ball,2,10.6,India,M Kaif,SR Tendulkar,Shoaib Akhtar,0,1,,,,1,,"",""
ball,2,10.7,India,SR Tendulkar,M Kaif,Shoaib Akhtar,4,0,,,,,,"",""
ball,2,11.1,India,M Kaif,SR Tendulkar,Waqar Younis,4,0,,,,,,"",""
ball,2,11.2,India,M Kaif,SR Tendulkar,Waqar Younis,4,0,,,,,,"",""
ball,2,11.3,India,M Kaif,SR Tendulkar,Waqar Younis,0,0,,,,,,"",""
ball,2,11.4,India,M Kaif,SR Tendulkar,Waqar Younis,0,0,,,,,,"",""
ball,2,11.5,India,M Kaif,SR Tendulkar,Waqar Younis,0,0,,,,,,"",""
ball,2,11.6,India,M Kaif,SR Tendulkar,Waqar Younis,0,0,,,,,,"",""
ball,2,12.1,India,SR Tendulkar,M Kaif,Shoaib Akhtar,1,0,,,,,,"",""
ball,2,12.2,India,M Kaif,SR Tendulkar,Shoaib Akhtar,2,0,,,,,,"",""
ball,2,12.3,India,M Kaif,SR Tendulkar,Shoaib Akhtar,0,1,1,,,,,"",""
ball,2,12.4,India,M Kaif,SR Tendulkar,Shoaib Akhtar,0,0,,,,,,"",""
ball,2,12.5,India,M Kaif,SR Tendulkar,Shoaib Akhtar,0,0,,,,,,"",""
ball,2,12.6,India,M Kaif,SR Tendulkar,Shoaib Akhtar,0,0,,,,,,"",""
ball,2,12.7,India,M Kaif,SR Tendulkar,Shoaib Akhtar,4,0,,,,,,"",""
ball,2,13.1,India,SR Tendulkar,M Kaif,Shahid Afridi,1,0,,,,,,"",""
ball,2,13.2,India,M Kaif,SR Tendulkar,Shahid Afridi,0,0,,,,,,"",""
ball,2,13.3,India,M Kaif,SR Tendulkar,Shahid Afridi,0,0,,,,,,"",""
ball,2,13.4,India,M Kaif,SR Tendulkar,Shahid Afridi,2,0,,,,,,"",""
ball,2,13.5,India,M Kaif,SR Tendulkar,Shahid Afridi,0,0,,,,,,"",""
ball,2,13.6,India,M Kaif,SR Tendulkar,Shahid Afridi,0,0,,,,,,"",""
ball,2,14.1,India,SR Tendulkar,M Kaif,Abdul Razzaq,0,0,,,,,,"",""
ball,2,14.2,India,SR Tendulkar,M Kaif,Abdul Razzaq,1,0,,,,,,"",""
ball,2,14.3,India,M Kaif,SR Tendulkar,Abdul Razzaq,0,0,,,,,,"",""
ball,2,14.4,India,M Kaif,SR Tendulkar,Abdul Razzaq,1,0,,,,,,"",""
ball,2,14.5,India,SR Tendulkar,M Kaif,Abdul Razzaq,1,0,,,,,,"",""
ball,2,14.6,India,M Kaif,SR Tendulkar,Abdul Razzaq,0,0,,,,,,"",""
ball,2,15.1,India,SR Tendulkar,M Kaif,Shahid Afridi,4,0,,,,,,"",""
ball,2,15.2,India,SR Tendulkar,M Kaif,Shahid Afridi,1,0,,,,,,"",""
ball,2,15.3,India,M Kaif,SR Tendulkar,Shahid Afridi,0,0,,,,,,"",""
ball,2,15.4,India,M Kaif,SR Tendulkar,Shahid Afridi,0,0,,,,,,"",""
ball,2,15.5,India,M Kaif,SR Tendulkar,Shahid Afridi,0,0,,,,,,"",""
ball,2,15.6,India,M Kaif,SR Tendulkar,Shahid Afridi,0,1,,,,1,,"",""
ball,2,16.1,India,M Kaif,SR Tendulkar,Abdul Razzaq,1,0,,,,,,"",""
ball,2,16.2,India,SR Tendulkar,M Kaif,Abdul Razzaq,4,1,,1,,,,"",""
ball,2,16.3,India,SR Tendulkar,M Kaif,Abdul Razzaq,1,0,,,,,,"",""
ball,2,16.4,India,M Kaif,SR Tendulkar,Abdul Razzaq,0,0,,,,,,"",""
ball,2,16.5,India,M Kaif,SR Tendulkar,Abdul Razzaq,0,0,,,,,,"",""
ball,2,16.6,India,M Kaif,SR Tendulkar,Abdul Razzaq,0,0,,,,,,"",""
ball,2,16.7,India,M Kaif,SR Tendulkar,Abdul Razzaq,0,0,,,,,,"",""
ball,2,17.1,India,SR Tendulkar,M Kaif,Shahid Afridi,1,0,,,,,,"",""
ball,2,17.2,India,M Kaif,SR Tendulkar,Shahid Afridi,0,0,,,,,,"",""
ball,2,17.3,India,M Kaif,SR Tendulkar,Shahid Afridi,1,0,,,,,,"",""
ball,2,17.4,India,SR Tendulkar,M Kaif,Shahid Afridi,0,0,,,,,,"",""
ball,2,17.5,India,SR Tendulkar,M Kaif,Shahid Afridi,0,0,,,,,,"",""
ball,2,17.6,India,SR Tendulkar,M Kaif,Shahid Afridi,1,0,,,,,,"",""
ball,2,18.1,India,SR Tendulkar,M Kaif,Abdul Razzaq,1,1,,1,,,,"",""
ball,2,18.2,India,M Kaif,SR Tendulkar,Abdul Razzaq,0,0,,,,,,"",""
ball,2,18.3,India,M Kaif,SR Tendulkar,Abdul Razzaq,0,0,,,,,,"",""
ball,2,18.4,India,M Kaif,SR Tendulkar,Abdul Razzaq,0,0,,,,,,"",""
ball,2,18.5,India,M Kaif,SR Tendulkar,Abdul Razzaq,0,0,,,,,,"",""
ball,2,18.6,India,M Kaif,SR Tendulkar,Abdul Razzaq,1,0,,,,,,"",""
ball,2,18.7,India,SR Tendulkar,M Kaif,Abdul Razzaq,0,0,,,,,,"",""
ball,2,19.1,India,M Kaif,SR Tendulkar,Shahid Afridi,0,0,,,,,,"",""
ball,2,19.2,India,M Kaif,SR Tendulkar,Shahid Afridi,0,0,,,,,,"",""
ball,2,19.3,India,M Kaif,SR Tendulkar,Shahid Afridi,1,0,,,,,,"",""
ball,2,19.4,India,SR Tendulkar,M Kaif,Shahid Afridi,4,0,,,,,,"",""
ball,2,19.5,India,SR Tendulkar,M Kaif,Shahid Afridi,1,0,,,,,,"",""
ball,2,19.6,India,M Kaif,SR Tendulkar,Shahid Afridi,1,0,,,,,,"",""
ball,2,20.1,India,M Kaif,SR Tendulkar,Abdul Razzaq,2,0,,,,,,"",""
ball,2,20.2,India,M Kaif,SR Tendulkar,Abdul Razzaq,1,0,,,,,,"",""
ball,2,20.3,India,SR Tendulkar,M Kaif,Abdul Razzaq,0,0,,,,,,"",""
ball,2,20.4,India,SR Tendulkar,M Kaif,Abdul Razzaq,1,0,,,,,,"",""
ball,2,20.5,India,M Kaif,SR Tendulkar,Abdul Razzaq,0,0,,,,,,"",""
ball,2,20.6,India,M Kaif,SR Tendulkar,Abdul Razzaq,1,0,,,,,,"",""
ball,2,21.1,India,M Kaif,SR Tendulkar,Shahid Afridi,0,0,,,,,,"",""
ball,2,21.2,India,M Kaif,SR Tendulkar,Shahid Afridi,0,0,,,,,,"",""
ball,2,21.3,India,M Kaif,SR Tendulkar,Shahid Afridi,4,0,,,,,,"",""
ball,2,21.4,India,M Kaif,SR Tendulkar,Shahid Afridi,0,0,,,,,,bowled,M Kaif
ball,2,21.5,India,R Dravid,SR Tendulkar,Shahid Afridi,0,0,,,,,,"",""
ball,2,21.6,India,R Dravid,SR Tendulkar,Shahid Afridi,0,0,,,,,,"",""
ball,2,22.1,India,SR Tendulkar,R Dravid,Abdul Razzaq,0,0,,,,,,"",""
ball,2,22.2,India,SR Tendulkar,R Dravid,Abdul Razzaq,0,0,,,,,,"",""
ball,2,22.3,India,SR Tendulkar,R Dravid,Abdul Razzaq,1,0,,,,,,"",""
ball,2,22.4,India,R Dravid,SR Tendulkar,Abdul Razzaq,0,0,,,,,,"",""
ball,2,22.5,India,R Dravid,SR Tendulkar,Abdul Razzaq,0,0,,,,,,"",""
ball,2,22.6,India,R Dravid,SR Tendulkar,Abdul Razzaq,0,0,,,,,,"",""
ball,2,23.1,India,SR Tendulkar,R Dravid,Shahid Afridi,0,0,,,,,,"",""
ball,2,23.2,India,SR Tendulkar,R Dravid,Shahid Afridi,1,0,,,,,,"",""
ball,2,23.3,India,R Dravid,SR Tendulkar,Shahid Afridi,0,0,,,,,,"",""
ball,2,23.4,India,R Dravid,SR Tendulkar,Shahid Afridi,0,0,,,,,,"",""
ball,2,23.5,India,R Dravid,SR Tendulkar,Shahid Afridi,3,0,,,,,,"",""
ball,2,23.6,India,SR Tendulkar,R Dravid,Shahid Afridi,0,0,,,,,,"",""
ball,2,24.1,India,R Dravid,SR Tendulkar,Abdul Razzaq,0,0,,,,,,"",""
ball,2,24.2,India,R Dravid,SR Tendulkar,Abdul Razzaq,0,0,,,,,,"",""
ball,2,24.3,India,R Dravid,SR Tendulkar,Abdul Razzaq,1,0,,,,,,"",""
ball,2,24.4,India,SR Tendulkar,R Dravid,Abdul Razzaq,4,0,,,,,,"",""
ball,2,24.5,India,SR Tendulkar,R Dravid,Abdul Razzaq,1,0,,,,,,"",""
ball,2,24.6,India,R Dravid,SR Tendulkar,Abdul Razzaq,0,0,,,,,,"",""
ball,2,25.1,India,SR Tendulkar,R Dravid,Shoaib Akhtar,1,0,,,,,,"",""
ball,2,25.2,India,R Dravid,SR Tendulkar,Shoaib Akhtar,0,0,,,,,,"",""
ball,2,25.3,India,R Dravid,SR Tendulkar,Shoaib Akhtar,0,0,,,,,,"",""
ball,2,25.4,India,R Dravid,SR Tendulkar,Shoaib Akhtar,1,0,,,,,,"",""
ball,2,25.5,India,SR Tendulkar,R Dravid,Shoaib Akhtar,0,0,,,,,,"",""
ball,2,25.6,India,SR Tendulkar,R Dravid,Shoaib Akhtar,0,1,1,,,,,"",""
ball,2,25.7,India,SR Tendulkar,R Dravid,Shoaib Akhtar,0,0,,,,,,"",""
ball,2,26.1,India,R Dravid,SR Tendulkar,Shahid Afridi,1,0,,,,,,"",""
ball,2,26.2,India,SR Tendulkar,R Dravid,Shahid Afridi,0,0,,,,,,"",""
ball,2,26.3,India,SR Tendulkar,R Dravid,Shahid Afridi,1,0,,,,,,"",""
ball,2,26.4,India,R Dravid,SR Tendulkar,Shahid Afridi,1,0,,,,,,"",""
ball,2,26.5,India,SR Tendulkar,R Dravid,Shahid Afridi,1,0,,,,,,"",""
ball,2,26.6,India,R Dravid,SR Tendulkar,Shahid Afridi,1,0,,,,,,"",""
ball,2,27.1,India,R Dravid,SR Tendulkar,Shoaib Akhtar,1,0,,,,,,"",""
ball,2,27.2,India,SR Tendulkar,R Dravid,Shoaib Akhtar,1,0,,,,,,"",""
ball,2,27.3,India,R Dravid,SR Tendulkar,Shoaib Akhtar,1,0,,,,,,"",""
ball,2,27.4,India,SR Tendulkar,R Dravid,Shoaib Akhtar,0,0,,,,,,caught,SR Tendulkar
ball,2,27.5,India,Yuvraj Singh,R Dravid,Shoaib Akhtar,0,0,,,,,,"",""
ball,2,27.6,India,Yuvraj Singh,R Dravid,Shoaib Akhtar,4,0,,,,,,"",""
ball,2,28.1,India,R Dravid,Yuvraj Singh,Wasim Akram,1,0,,,,,,"",""
ball,2,28.2,India,Yuvraj Singh,R Dravid,Wasim Akram,0,0,,,,,,"",""
ball,2,28.3,India,Yuvraj Singh,R Dravid,Wasim Akram,0,0,,,,,,"",""
ball,2,28.4,India,Yuvraj Singh,R Dravid,Wasim Akram,0,0,,,,,,"",""
ball,2,28.5,India,Yuvraj Singh,R Dravid,Wasim Akram,0,0,,,,,,"",""
ball,2,28.6,India,Yuvraj Singh,R Dravid,Wasim Akram,0,1,1,,,,,"",""
ball,2,28.7,India,Yuvraj Singh,R Dravid,Wasim Akram,0,0,,,,,,"",""
ball,2,29.1,India,R Dravid,Yuvraj Singh,Shoaib Akhtar,0,5,5,,,,,"",""
ball,2,29.2,India,R Dravid,Yuvraj Singh,Shoaib Akhtar,0,0,,,,,,"",""
ball,2,29.3,India,R Dravid,Yuvraj Singh,Shoaib Akhtar,0,0,,,,,,"",""
ball,2,29.4,India,R Dravid,Yuvraj Singh,Shoaib Akhtar,0,0,,,,,,"",""
ball,2,29.5,India,R Dravid,Yuvraj Singh,Shoaib Akhtar,0,0,,,,,,"",""
ball,2,29.6,India,R Dravid,Yuvraj Singh,Shoaib Akhtar,0,0,,,,,,"",""
ball,2,29.7,India,R Dravid,Yuvraj Singh,Shoaib Akhtar,1,0,,,,,,"",""
ball,2,30.1,India,R Dravid,Yuvraj Singh,Wasim Akram,0,0,,,,,,"",""
ball,2,30.2,India,R Dravid,Yuvraj Singh,Wasim Akram,0,0,,,,,,"",""
ball,2,30.3,India,R Dravid,Yuvraj Singh,Wasim Akram,0,0,,,,,,"",""
ball,2,30.4,India,R Dravid,Yuvraj Singh,Wasim Akram,0,1,,1,,,,"",""
ball,2,30.5,India,R Dravid,Yuvraj Singh,Wasim Akram,0,0,,,,,,"",""
ball,2,30.6,India,R Dravid,Yuvraj Singh,Wasim Akram,0,0,,,,,,"",""
ball,2,30.7,India,R Dravid,Yuvraj Singh,Wasim Akram,0,0,,,,,,"",""
ball,2,31.1,India,Yuvraj Singh,R Dravid,Shoaib Akhtar,1,0,,,,,,"",""
ball,2,31.2,India,R Dravid,Yuvraj Singh,Shoaib Akhtar,0,0,,,,,,"",""
ball,2,31.3,India,R Dravid,Yuvraj Singh,Shoaib Akhtar,0,0,,,,,,"",""
ball,2,31.4,India,R Dravid,Yuvraj Singh,Shoaib Akhtar,1,0,,,,,,"",""
ball,2,31.5,India,Yuvraj Singh,R Dravid,Shoaib Akhtar,1,0,,,,,,"",""
ball,2,31.6,India,R Dravid,Yuvraj Singh,Shoaib Akhtar,1,0,,,,,,"",""
ball,2,32.1,India,R Dravid,Yuvraj Singh,Waqar Younis,1,0,,,,,,"",""
ball,2,32.2,India,Yuvraj Singh,R Dravid,Waqar Younis,0,0,,,,,,"",""
ball,2,32.3,India,Yuvraj Singh,R Dravid,Waqar Younis,0,0,,,,,,"",""
ball,2,32.4,India,Yuvraj Singh,R Dravid,Waqar Younis,4,0,,,,,,"",""
ball,2,32.5,India,Yuvraj Singh,R Dravid,Waqar Younis,1,0,,,,,,"",""
ball,2,32.6,India,R Dravid,Yuvraj Singh,Waqar Younis,0,1,,,,1,,"",""
ball,2,33.1,India,R Dravid,Yuvraj Singh,Shahid Afridi,0,0,,,,,,"",""
ball,2,33.2,India,R Dravid,Yuvraj Singh,Shahid Afridi,1,0,,,,,,"",""
ball,2,33.3,India,Yuvraj Singh,R Dravid,Shahid Afridi,0,0,,,,,,"",""
ball,2,33.4,India,Yuvraj Singh,R Dravid,Shahid Afridi,4,0,,,,,,"",""
ball,2,33.5,India,Yuvraj Singh,R Dravid,Shahid Afridi,0,0,,,,,,"",""
ball,2,33.6,India,Yuvraj Singh,R Dravid,Shahid Afridi,0,0,,,,,,"",""
ball,2,34.1,India,R Dravid,Yuvraj Singh,Waqar Younis,4,0,,,,,,"",""
ball,2,34.2,India,R Dravid,Yuvraj Singh,Waqar Younis,0,0,,,,,,"",""
ball,2,34.3,India,R Dravid,Yuvraj Singh,Waqar Younis,1,0,,,,,,"",""
ball,2,34.4,India,Yuvraj Singh,R Dravid,Waqar Younis,0,0,,,,,,"",""
ball,2,34.5,India,Yuvraj Singh,R Dravid,Waqar Younis,1,0,,,,,,"",""
ball,2,34.6,India,R Dravid,Yuvraj Singh,Waqar Younis,0,0,,,,,,"",""
ball,2,35.1,India,Yuvraj Singh,R Dravid,Shahid Afridi,4,0,,,,,,"",""
ball,2,35.2,India,Yuvraj Singh,R Dravid,Shahid Afridi,2,0,,,,,,"",""
ball,2,35.3,India,Yuvraj Singh,R Dravid,Shahid Afridi,1,0,,,,,,"",""
ball,2,35.4,India,R Dravid,Yuvraj Singh,Shahid Afridi,1,0,,,,,,"",""
ball,2,35.5,India,Yuvraj Singh,R Dravid,Shahid Afridi,1,0,,,,,,"",""
ball,2,35.6,India,R Dravid,Yuvraj Singh,Shahid Afridi,0,0,,,,,,"",""
ball,2,36.1,India,Yuvraj Singh,R Dravid,Waqar Younis,0,1,,,1,,,"",""
ball,2,36.2,India,R Dravid,Yuvraj Singh,Waqar Younis,1,0,,,,,,"",""
ball,2,36.3,India,Yuvraj Singh,R Dravid,Waqar Younis,0,0,,,,,,"",""
ball,2,36.4,India,Yuvraj Singh,R Dravid,Waqar Younis,1,0,,,,,,"",""
ball,2,36.5,India,R Dravid,Yuvraj Singh,Waqar Younis,1,0,,,,,,"",""
ball,2,36.6,India,Yuvraj Singh,R Dravid,Waqar Younis,2,0,,,,,,"",""
ball,2,37.1,India,R Dravid,Yuvraj Singh,Abdul Razzaq,1,0,,,,,,"",""
ball,2,37.2,India,Yuvraj Singh,R Dravid,Abdul Razzaq,0,0,,,,,,"",""
ball,2,37.3,India,Yuvraj Singh,R Dravid,Abdul Razzaq,0,0,,,,,,"",""
ball,2,37.4,India,Yuvraj Singh,R Dravid,Abdul Razzaq,3,0,,,,,,"",""
ball,2,37.5,India,R Dravid,Yuvraj Singh,Abdul Razzaq,0,0,,,,,,"",""
ball,2,37.6,India,R Dravid,Yuvraj Singh,Abdul Razzaq,2,0,,,,,,"",""
ball,2,38.1,India,Yuvraj Singh,R Dravid,Shoaib Akhtar,1,0,,,,,,"",""
ball,2,38.2,India,R Dravid,Yuvraj Singh,Shoaib Akhtar,0,0,,,,,,"",""
ball,2,38.3,India,R Dravid,Yuvraj Singh,Shoaib Akhtar,1,0,,,,,,"",""
ball,2,38.4,India,Yuvraj Singh,R Dravid,Shoaib Akhtar,1,0,,,,,,"",""
ball,2,38.5,India,R Dravid,Yuvraj Singh,Shoaib Akhtar,0,0,,,,,,"",""
ball,2,38.6,India,R Dravid,Yuvraj Singh,Shoaib Akhtar,0,0,,,,,,"",""
ball,2,39.1,India,Yuvraj Singh,R Dravid,Wasim Akram,2,0,,,,,,"",""
ball,2,39.2,India,Yuvraj Singh,R Dravid,Wasim Akram,1,0,,,,,,"",""
ball,2,39.3,India,R Dravid,Yuvraj Singh,Wasim Akram,1,0,,,,,,"",""
ball,2,39.4,India,Yuvraj Singh,R Dravid,Wasim Akram,0,0,,,,,,"",""
ball,2,39.5,India,Yuvraj Singh,R Dravid,Wasim Akram,0,0,,,,,,"",""
ball,2,39.6,India,Yuvraj Singh,R Dravid,Wasim Akram,0,0,,,,,,"",""
ball,2,40.1,India,R Dravid,Yuvraj Singh,Shoaib Akhtar,0,0,,,,,,"",""
ball,2,40.2,India,R Dravid,Yuvraj Singh,Shoaib Akhtar,0,0,,,,,,"",""
ball,2,40.3,India,R Dravid,Yuvraj Singh,Shoaib Akhtar,0,0,,,,,,"",""
ball,2,40.4,India,R Dravid,Yuvraj Singh,Shoaib Akhtar,1,0,,,,,,"",""
ball,2,40.5,India,Yuvraj Singh,R Dravid,Shoaib Akhtar,1,0,,,,,,"",""
ball,2,40.6,India,R Dravid,Yuvraj Singh,Shoaib Akhtar,1,0,,,,,,"",""
ball,2,41.1,India,R Dravid,Yuvraj Singh,Wasim Akram,0,0,,,,,,"",""
ball,2,41.2,India,R Dravid,Yuvraj Singh,Wasim Akram,2,0,,,,,,"",""
ball,2,41.3,India,R Dravid,Yuvraj Singh,Wasim Akram,1,0,,,,,,"",""
ball,2,41.4,India,Yuvraj Singh,R Dravid,Wasim Akram,0,0,,,,,,"",""
ball,2,41.5,India,Yuvraj Singh,R Dravid,Wasim Akram,1,0,,,,,,"",""
ball,2,41.6,India,R Dravid,Yuvraj Singh,Wasim Akram,0,0,,,,,,"",""
ball,2,42.1,India,Yuvraj Singh,R Dravid,Shoaib Akhtar,4,0,,,,,,"",""
ball,2,42.2,India,Yuvraj Singh,R Dravid,Shoaib Akhtar,1,0,,,,,,"",""
ball,2,42.3,India,R Dravid,Yuvraj Singh,Shoaib Akhtar,0,2,2,,,,,"",""
ball,2,42.4,India,Yuvraj Singh,R Dravid,Shoaib Akhtar,1,0,,,,,,"",""
ball,2,42.5,India,R Dravid,Yuvraj Singh,Shoaib Akhtar,2,0,,,,,,"",""
ball,2,42.6,India,R Dravid,Yuvraj Singh,Shoaib Akhtar,1,0,,,,,,"",""
ball,2,42.7,India,Yuvraj Singh,R Dravid,Shoaib Akhtar,0,0,,,,,,"",""
ball,2,43.1,India,R Dravid,Yuvraj Singh,Wasim Akram,1,0,,,,,,"",""
ball,2,43.2,India,Yuvraj Singh,R Dravid,Wasim Akram,1,0,,,,,,"",""
ball,2,43.3,India,R Dravid,Yuvraj Singh,Wasim Akram,1,0,,,,,,"",""
ball,2,43.4,India,Yuvraj Singh,R Dravid,Wasim Akram,0,0,,,,,,"",""
ball,2,43.5,India,Yuvraj Singh,R Dravid,Wasim Akram,0,0,,,,,,"",""
ball,2,43.6,India,Yuvraj Singh,R Dravid,Wasim Akram,0,0,,,,,,"",""
ball,2,44.1,India,R Dravid,Yuvraj Singh,Abdul Razzaq,1,0,,,,,,"",""
ball,2,44.2,India,Yuvraj Singh,R Dravid,Abdul Razzaq,0,0,,,,,,"",""
ball,2,44.3,India,Yuvraj Singh,R Dravid,Abdul Razzaq,1,0,,,,,,"",""
ball,2,44.4,India,R Dravid,Yuvraj Singh,Abdul Razzaq,0,0,,,,,,"",""
ball,2,44.5,India,R Dravid,Yuvraj Singh,Abdul Razzaq,0,3,3,,,,,"",""
ball,2,44.6,India,R Dravid,Yuvraj Singh,Abdul Razzaq,0,0,,,,,,"",""
ball,2,44.7,India,R Dravid,Yuvraj Singh,Abdul Razzaq,0,0,,,,,,"",""
ball,2,45.1,India,Yuvraj Singh,R Dravid,Waqar Younis,4,0,,,,,,"",""
ball,2,45.2,India,Yuvraj Singh,R Dravid,Waqar Younis,0,0,,,,,,"",""
ball,2,45.3,India,Yuvraj Singh,R Dravid,Waqar Younis,0,1,1,,,,,"",""
ball,2,45.4,India,Yuvraj Singh,R Dravid,Waqar Younis,1,0,,,,,,"",""
ball,2,45.5,India,R Dravid,Yuvraj Singh,Waqar Younis,4,0,,,,,,"",""
