version,1.7.0
info,balls_per_over,6
info,team,Kenya
info,team,Bangladesh
info,gender,male
info,season,2002/03
info,date,2003/03/01
info,event,ICC World Cup
info,match_number,35
info,venue,"New Wanderers Stadium, Johannesburg"
info,city,Johannesburg
info,toss_winner,Kenya
info,toss_decision,bat
info,player_of_match,MO Odumbe
info,umpire,EAR de Silva
info,umpire,NA Mallender
info,tv_umpire,SJA Taufel
info,match_referee,RS Madugalle
info,winner,Kenya
info,winner_runs,32
info,player,Kenya,KO Otieno
info,player,Kenya,RD Shah
info,player,Kenya,BJ Patel
info,player,Kenya,SO Tikolo
info,player,Kenya,HS Modi
info,player,Kenya,MO Odumbe
info,player,Kenya,TM Odoyo
info,player,Kenya,CO Obuya
info,player,Kenya,PJ Ongondo
info,player,Kenya,MA Suji
info,player,Kenya,AO Suji
info,player,Bangladesh,Al Sahariar
info,player,Bangladesh,Mohammad Ashraful
info,player,Bangladesh,Tushar Imran
info,player,Bangladesh,Khaled Mashud
info,player,Bangladesh,Alok Kapali
info,player,Bangladesh,Akram Khan
info,player,Bangladesh,Sanwar Hossain
info,player,Bangladesh,Khaled Mahmud
info,player,Bangladesh,Mohammad Rafique
info,player,Bangladesh,Tapash Baisya
info,player,Bangladesh,Manjural Islam
info,registry,people,AO Suji,b15eaf77
info,registry,people,Akram Khan,fbc5b9e2
info,registry,people,Al Sahariar,fdd414ab
info,registry,people,Alok Kapali,54279e23
info,registry,people,BJ Patel,0b7930ed
info,registry,people,CO Obuya,5680f1ad
info,registry,people,EAR de Silva,dc63f509
info,registry,people,HS Modi,5abdfd23
info,registry,people,Joseph Angara,744b6ab0
info,registry,people,KO Otieno,fbaa61d2
info,registry,people,Khaled Mahmud,0c8a1d51
info,registry,people,Khaled Mashud,ade071c5
info,registry,people,MA Suji,331bd689
info,registry,people,MO Odumbe,45477249
info,registry,people,Manjural Islam,2cfa6534
info,registry,people,Mohammad Ashraful,2bb09eb2
info,registry,people,Mohammad Rafique,7ff3fcaa
info,registry,people,NA Mallender,3b5dfcd4
info,registry,people,PJ Ongondo,27cc4361
info,registry,people,RD Shah,45d4cb14
info,registry,people,RS Madugalle,766b5798
info,registry,people,SJA Taufel,4b43d5ac
info,registry,people,SO Tikolo,00d69fa4
info,registry,people,Sanwar Hossain,2cccba8f
info,registry,people,TM Odoyo,2c13defe
info,registry,people,Tapash Baisya,bb1819fa
info,registry,people,Tushar Imran,b58af144
ball,1,0.1,Kenya,KO Otieno,RD Shah,Manjural Islam,0,0,,,,,,"",""
ball,1,0.2,Kenya,KO Otieno,RD Shah,Manjural Islam,0,0,,,,,,"",""
ball,1,0.3,Kenya,KO Otieno,RD Shah,Manjural Islam,0,1,1,,,,,"",""
ball,1,0.4,Kenya,KO Otieno,RD Shah,Manjural Islam,0,0,,,,,,caught,KO Otieno
ball,1,0.5,Kenya,BJ Patel,RD Shah,Manjural Islam,0,0,,,,,,"",""
ball,1,0.6,Kenya,BJ Patel,RD Shah,Manjural Islam,0,1,1,,,,,"",""
ball,1,0.7,Kenya,BJ Patel,RD Shah,Manjural Islam,4,0,,,,,,"",""
ball,1,0.8,Kenya,BJ Patel,RD Shah,Manjural Islam,0,0,,,,,,"",""
ball,1,1.1,Kenya,RD Shah,BJ Patel,Tapash Baisya,0,0,,,,,,"",""
ball,1,1.2,Kenya,RD Shah,BJ Patel,Tapash Baisya,0,0,,,,,,"",""
ball,1,1.3,Kenya,RD Shah,BJ Patel,Tapash Baisya,0,0,,,,,,"",""
ball,1,1.4,Kenya,RD Shah,BJ Patel,Tapash Baisya,1,0,,,,,,"",""
ball,1,1.5,Kenya,BJ Patel,RD Shah,Tapash Baisya,0,0,,,,,,"",""
ball,1,1.6,Kenya,BJ Patel,RD Shah,Tapash Baisya,1,0,,,,,,"",""
ball,1,2.1,Kenya,BJ Patel,RD Shah,Manjural Islam,0,0,,,,,,"",""
ball,1,2.2,Kenya,BJ Patel,RD Shah,Manjural Islam,0,0,,,,,,"",""
ball,1,2.3,Kenya,BJ Patel,RD Shah,Manjural Islam,0,1,1,,,,,"",""
ball,1,2.4,Kenya,BJ Patel,RD Shah,Manjural Islam,0,0,,,,,,"",""
ball,1,2.5,Kenya,BJ Patel,RD Shah,Manjural Islam,0,1,1,,,,,"",""
ball,1,2.6,Kenya,BJ Patel,RD Shah,Manjural Islam,0,0,,,,,,"",""
ball,1,2.7,Kenya,BJ Patel,RD Shah,Manjural Islam,0,0,,,,,,"",""
ball,1,2.8,Kenya,BJ Patel,RD Shah,Manjural Islam,0,0,,,,,,"",""
ball,1,3.1,Kenya,RD Shah,BJ Patel,Tapash Baisya,0,0,,,,,,"",""
ball,1,3.2,Kenya,RD Shah,BJ Patel,Tapash Baisya,0,0,,,,,,"",""
ball,1,3.3,Kenya,RD Shah,BJ Patel,Tapash Baisya,1,0,,,,,,"",""
ball,1,3.4,Kenya,BJ Patel,RD Shah,Tapash Baisya,0,0,,,,,,"",""
ball,1,3.5,Kenya,BJ Patel,RD Shah,Tapash Baisya,0,0,,,,,,"",""
ball,1,3.6,Kenya,BJ Patel,RD Shah,Tapash Baisya,0,0,,,,,,"",""
ball,1,4.1,Kenya,RD Shah,BJ Patel,Manjural Islam,0,0,,,,,,"",""
ball,1,4.2,Kenya,RD Shah,BJ Patel,Manjural Islam,0,0,,,,,,"",""
ball,1,4.3,Kenya,RD Shah,BJ Patel,Manjural Islam,0,1,1,,,,,"",""
ball,1,4.4,Kenya,RD Shah,BJ Patel,Manjural Islam,0,0,,,,,,"",""
ball,1,4.5,Kenya,RD Shah,BJ Patel,Manjural Islam,1,0,,,,,,"",""
ball,1,4.6,Kenya,BJ Patel,RD Shah,Manjural Islam,0,0,,,,,,"",""
ball,1,4.7,Kenya,BJ Patel,RD Shah,Manjural Islam,0,0,,,,,,"",""
ball,1,5.1,Kenya,RD Shah,BJ Patel,Tapash Baisya,0,0,,,,,,"",""
ball,1,5.2,Kenya,RD Shah,BJ Patel,Tapash Baisya,4,0,,,,,,"",""
ball,1,5.3,Kenya,RD Shah,BJ Patel,Tapash Baisya,0,0,,,,,,"",""
ball,1,5.4,Kenya,RD Shah,BJ Patel,Tapash Baisya,0,0,,,,,,"",""
ball,1,5.5,Kenya,RD Shah,BJ Patel,Tapash Baisya,2,0,,,,,,"",""
ball,1,5.6,Kenya,RD Shah,BJ Patel,Tapash Baisya,0,0,,,,,,"",""
ball,1,6.1,Kenya,BJ Patel,RD Shah,Manjural Islam,0,0,,,,,,"",""
ball,1,6.2,Kenya,BJ Patel,RD Shah,Manjural Islam,0,0,,,,,,"",""
ball,1,6.3,Kenya,BJ Patel,RD Shah,Manjural Islam,0,1,,,,1,,"",""
ball,1,6.4,Kenya,RD Shah,BJ Patel,Manjural Islam,0,0,,,,,,"",""
ball,1,6.5,Kenya,RD Shah,BJ Patel,Manjural Islam,0,0,,,,,,"",""
ball,1,6.6,Kenya,RD Shah,BJ Patel,Manjural Islam,2,0,,,,,,"",""
ball,1,7.1,Kenya,BJ Patel,RD Shah,Tapash Baisya,0,0,,,,,,"",""
ball,1,7.2,Kenya,BJ Patel,RD Shah,Tapash Baisya,0,0,,,,,,"",""
ball,1,7.3,Kenya,BJ Patel,RD Shah,Tapash Baisya,0,0,,,,,,"",""
ball,1,7.4,Kenya,BJ Patel,RD Shah,Tapash Baisya,0,1,1,,,,,"",""
ball,1,7.5,Kenya,BJ Patel,RD Shah,Tapash Baisya,0,0,,,,,,"",""
ball,1,7.6,Kenya,BJ Patel,RD Shah,Tapash Baisya,0,1,,,1,,,"",""
ball,1,7.7,Kenya,RD Shah,BJ Patel,Tapash Baisya,0,0,,,,,,"",""
ball,1,8.1,Kenya,BJ Patel,RD Shah,Manjural Islam,0,0,,,,,,"",""
ball,1,8.2,Kenya,BJ Patel,RD Shah,Manjural Islam,0,0,,,,,,"",""
ball,1,8.3,Kenya,BJ Patel,RD Shah,Manjural Islam,0,0,,,,,,"",""
ball,1,8.4,Kenya,BJ Patel,RD Shah,Manjural Islam,0,0,,,,,,"",""
ball,1,8.5,Kenya,BJ Patel,RD Shah,Manjural Islam,4,0,,,,,,"",""
ball,1,8.6,Kenya,BJ Patel,RD Shah,Manjural Islam,1,0,,,,,,"",""
ball,1,9.1,Kenya,BJ Patel,RD Shah,Tapash Baisya,0,0,,,,,,"",""
ball,1,9.2,Kenya,BJ Patel,RD Shah,Tapash Baisya,0,0,,,,,,"",""
ball,1,9.3,Kenya,BJ Patel,RD Shah,Tapash Baisya,0,0,,,,,,"",""
ball,1,9.4,Kenya,BJ Patel,RD Shah,Tapash Baisya,0,0,,,,,,"",""
ball,1,9.5,Kenya,BJ Patel,RD Shah,Tapash Baisya,0,0,,,,,,"",""
ball,1,9.6,Kenya,BJ Patel,RD Shah,Tapash Baisya,0,0,,,,,,"",""
ball,1,10.1,Kenya,RD Shah,BJ Patel,Manjural Islam,0,0,,,,,,"",""
ball,1,10.2,Kenya,RD Shah,BJ Patel,Manjural Islam,0,0,,,,,,"",""
ball,1,10.3,Kenya,RD Shah,BJ Patel,Manjural Islam,0,0,,,,,,"",""
ball,1,10.4,Kenya,RD Shah,BJ Patel,Manjural Islam,1,0,,,,,,"",""
ball,1,10.5,Kenya,BJ Patel,RD Shah,Manjural Islam,0,0,,,,,,"",""
ball,1,10.6,Kenya,BJ Patel,RD Shah,Manjural Islam,0,0,,,,,,"",""
ball,1,11.1,Kenya,RD Shah,BJ Patel,Tapash Baisya,0,0,,,,,,"",""
ball,1,11.2,Kenya,RD Shah,BJ Patel,Tapash Baisya,0,0,,,,,,"",""
ball,1,11.3,Kenya,RD Shah,BJ Patel,Tapash Baisya,1,0,,,,,,"",""
ball,1,11.4,Kenya,BJ Patel,RD Shah,Tapash Baisya,0,0,,,,,,"",""
ball,1,11.5,Kenya,BJ Patel,RD Shah,Tapash Baisya,0,0,,,,,,"",""
ball,1,11.6,Kenya,BJ Patel,RD Shah,Tapash Baisya,1,0,,,,,,"",""
ball,1,12.1,Kenya,BJ Patel,RD Shah,Manjural Islam,4,0,,,,,,"",""
ball,1,12.2,Kenya,BJ Patel,RD Shah,Manjural Islam,0,0,,,,,,"",""
ball,1,12.3,Kenya,BJ Patel,RD Shah,Manjural Islam,4,0,,,,,,"",""
ball,1,12.4,Kenya,BJ Patel,RD Shah,Manjural Islam,0,0,,,,,,"",""
ball,1,12.5,Kenya,BJ Patel,RD Shah,Manjural Islam,0,0,,,,,,"",""
ball,1,12.6,Kenya,BJ Patel,RD Shah,Manjural Islam,4,0,,,,,,"",""
ball,1,13.1,Kenya,RD Shah,BJ Patel,Khaled Mahmud,0,0,,,,,,"",""
ball,1,13.2,Kenya,RD Shah,BJ Patel,Khaled Mahmud,0,0,,,,,,"",""
ball,1,13.3,Kenya,RD Shah,BJ Patel,Khaled Mahmud,0,0,,,,,,"",""
ball,1,13.4,Kenya,RD Shah,BJ Patel,Khaled Mahmud,0,0,,,,,,"",""
ball,1,13.5,Kenya,RD Shah,BJ Patel,Khaled Mahmud,0,1,1,,,,,"",""
ball,1,13.6,Kenya,RD Shah,BJ Patel,Khaled Mahmud,0,0,,,,,,"",""
ball,1,13.7,Kenya,RD Shah,BJ Patel,Khaled Mahmud,4,0,,,,,,"",""
ball,1,14.1,Kenya,BJ Patel,RD Shah,Mohammad Rafique,1,0,,,,,,"",""
ball,1,14.2,Kenya,RD Shah,BJ Patel,Mohammad Rafique,0,0,,,,,,"",""
ball,1,14.3,Kenya,RD Shah,BJ Patel,Mohammad Rafique,1,0,,,,,,"",""
ball,1,14.4,Kenya,BJ Patel,RD Shah,Mohammad Rafique,1,0,,,,,,"",""
ball,1,14.5,Kenya,RD Shah,BJ Patel,Mohammad Rafique,0,0,,,,,,"",""
ball,1,14.6,Kenya,RD Shah,BJ Patel,Mohammad Rafique,0,0,,,,,,"",""
ball,1,15.1,Kenya,BJ Patel,RD Shah,Khaled Mahmud,0,0,,,,,,"",""
ball,1,15.2,Kenya,BJ Patel,RD Shah,Khaled Mahmud,0,0,,,,,,"",""
ball,1,15.3,Kenya,BJ Patel,RD Shah,Khaled Mahmud,0,0,,,,,,"",""
ball,1,15.4,Kenya,BJ Patel,RD Shah,Khaled Mahmud,0,0,,,,,,"",""
ball,1,15.5,Kenya,BJ Patel,RD Shah,Khaled Mahmud,0,0,,,,,,"",""
ball,1,15.6,Kenya,BJ Patel,RD Shah,Khaled Mahmud,4,0,,,,,,"",""
ball,1,16.1,Kenya,RD Shah,BJ Patel,Mohammad Rafique,4,0,,,,,,"",""
ball,1,16.2,Kenya,RD Shah,BJ Patel,Mohammad Rafique,0,0,,,,,,"",""
ball,1,16.3,Kenya,RD Shah,BJ Patel,Mohammad Rafique,0,0,,,,,,"",""
ball,1,16.4,Kenya,RD Shah,BJ Patel,Mohammad Rafique,4,0,,,,,,"",""
ball,1,16.5,Kenya,RD Shah,BJ Patel,Mohammad Rafique,0,0,,,,,,"",""
ball,1,16.6,Kenya,RD Shah,BJ Patel,Mohammad Rafique,0,0,,,,,,"",""
ball,1,17.1,Kenya,BJ Patel,RD Shah,Khaled Mahmud,0,0,,,,,,"",""
ball,1,17.2,Kenya,BJ Patel,RD Shah,Khaled Mahmud,2,0,,,,,,"",""
ball,1,17.3,Kenya,BJ Patel,RD Shah,Khaled Mahmud,0,0,,,,,,"",""
ball,1,17.4,Kenya,BJ Patel,RD Shah,Khaled Mahmud,1,0,,,,,,"",""
ball,1,17.5,Kenya,RD Shah,BJ Patel,Khaled Mahmud,1,0,,,,,,"",""
ball,1,17.6,Kenya,BJ Patel,RD Shah,Khaled Mahmud,0,0,,,,,,caught,BJ Patel
ball,1,18.1,Kenya,RD Shah,SO Tikolo,Mohammad Rafique,0,0,,,,,,"",""
ball,1,18.2,Kenya,RD Shah,SO Tikolo,Mohammad Rafique,0,0,,,,,,"",""
ball,1,18.3,Kenya,RD Shah,SO Tikolo,Mohammad Rafique,1,0,,,,,,"",""
ball,1,18.4,Kenya,SO Tikolo,RD Shah,Mohammad Rafique,0,0,,,,,,"",""
ball,1,18.5,Kenya,SO Tikolo,RD Shah,Mohammad Rafique,0,0,,,,,,"",""
ball,1,18.6,Kenya,SO Tikolo,RD Shah,Mohammad Rafique,1,0,,,,,,"",""
ball,1,19.1,Kenya,SO Tikolo,RD Shah,Khaled Mahmud,0,0,,,,,,"",""
ball,1,19.2,Kenya,SO Tikolo,RD Shah,Khaled Mahmud,0,0,,,,,,"",""
ball,1,19.3,Kenya,SO Tikolo,RD Shah,Khaled Mahmud,1,0,,,,,,"",""
ball,1,19.4,Kenya,RD Shah,SO Tikolo,Khaled Mahmud,0,0,,,,,,"",""
ball,1,19.5,Kenya,RD Shah,SO Tikolo,Khaled Mahmud,1,0,,,,,,"",""
ball,1,19.6,Kenya,SO Tikolo,RD Shah,Khaled Mahmud,0,0,,,,,,"",""
ball,1,20.1,Kenya,RD Shah,SO Tikolo,Mohammad Rafique,4,0,,,,,,"",""
ball,1,20.2,Kenya,RD Shah,SO Tikolo,Mohammad Rafique,4,0,,,,,,"",""
ball,1,20.3,Kenya,RD Shah,SO Tikolo,Mohammad Rafique,0,0,,,,,,"",""
ball,1,20.4,Kenya,RD Shah,SO Tikolo,Mohammad Rafique,0,0,,,,,,caught,RD Shah
ball,1,20.5,Kenya,HS Modi,SO Tikolo,Mohammad Rafique,0,0,,,,,,"",""
ball,1,20.6,Kenya,HS Modi,SO Tikolo,Mohammad Rafique,0,0,,,,,,"",""
ball,1,21.1,Kenya,SO Tikolo,HS Modi,Khaled Mahmud,0,0,,,,,,"",""
ball,1,21.2,Kenya,SO Tikolo,HS Modi,Khaled Mahmud,0,0,,,,,,"",""
ball,1,21.3,Kenya,SO Tikolo,HS Modi,Khaled Mahmud,1,0,,,,,,"",""
ball,1,21.4,Kenya,HS Modi,SO Tikolo,Khaled Mahmud,0,0,,,,,,"",""
ball,1,21.5,Kenya,HS Modi,SO Tikolo,Khaled Mahmud,0,0,,,,,,"",""
ball,1,21.6,Kenya,HS Modi,SO Tikolo,Khaled Mahmud,0,0,,,,,,"",""
ball,1,22.1,Kenya,SO Tikolo,HS Modi,Mohammad Rafique,0,0,,,,,,"",""
ball,1,22.2,Kenya,SO Tikolo,HS Modi,Mohammad Rafique,0,0,,,,,,"",""
ball,1,22.3,Kenya,SO Tikolo,HS Modi,Mohammad Rafique,1,0,,,,,,"",""
ball,1,22.4,Kenya,HS Modi,SO Tikolo,Mohammad Rafique,0,0,,,,,,"",""
ball,1,22.5,Kenya,HS Modi,SO Tikolo,Mohammad Rafique,4,0,,,,,,"",""
ball,1,22.6,Kenya,HS Modi,SO Tikolo,Mohammad Rafique,0,0,,,,,,"",""
ball,1,23.1,Kenya,SO Tikolo,HS Modi,Khaled Mahmud,0,0,,,,,,"",""
ball,1,23.2,Kenya,SO Tikolo,HS Modi,Khaled Mahmud,1,0,,,,,,"",""
ball,1,23.3,Kenya,HS Modi,SO Tikolo,Khaled Mahmud,1,0,,,,,,"",""
ball,1,23.4,Kenya,SO Tikolo,HS Modi,Khaled Mahmud,0,0,,,,,,"",""
ball,1,23.5,Kenya,SO Tikolo,HS Modi,Khaled Mahmud,1,0,,,,,,"",""
ball,1,23.6,Kenya,HS Modi,SO Tikolo,Khaled Mahmud,0,0,,,,,,"",""
ball,1,24.1,Kenya,SO Tikolo,HS Modi,Mohammad Rafique,0,0,,,,,,"",""
ball,1,24.2,Kenya,SO Tikolo,HS Modi,Mohammad Rafique,4,0,,,,,,"",""
ball,1,24.3,Kenya,SO Tikolo,HS Modi,Mohammad Rafique,0,0,,,,,,"",""
ball,1,24.4,Kenya,SO Tikolo,HS Modi,Mohammad Rafique,0,0,,,,,,"",""
ball,1,24.5,Kenya,SO Tikolo,HS Modi,Mohammad Rafique,1,0,,,,,,"",""
ball,1,24.6,Kenya,HS Modi,SO Tikolo,Mohammad Rafique,0,0,,,,,,"",""
ball,1,25.1,Kenya,SO Tikolo,HS Modi,Khaled Mahmud,0,0,,,,,,"",""
ball,1,25.2,Kenya,SO Tikolo,HS Modi,Khaled Mahmud,0,0,,,,,,"",""
ball,1,25.3,Kenya,SO Tikolo,HS Modi,Khaled Mahmud,0,0,,,,,,"",""
ball,1,25.4,Kenya,SO Tikolo,HS Modi,Khaled Mahmud,0,0,,,,,,"",""
ball,1,25.5,Kenya,SO Tikolo,HS Modi,Khaled Mahmud,0,0,,,,,,"",""
ball,1,25.6,Kenya,SO Tikolo,HS Modi,Khaled Mahmud,1,0,,,,,,"",""
ball,1,26.1,Kenya,SO Tikolo,HS Modi,Mohammad Rafique,1,0,,,,,,"",""
ball,1,26.2,Kenya,HS Modi,SO Tikolo,Mohammad Rafique,1,0,,,,,,"",""
ball,1,26.3,Kenya,SO Tikolo,HS Modi,Mohammad Rafique,1,0,,,,,,"",""
ball,1,26.4,Kenya,HS Modi,SO Tikolo,Mohammad Rafique,0,0,,,,,,"",""
ball,1,26.5,Kenya,HS Modi,SO Tikolo,Mohammad Rafique,0,0,,,,,,"",""
ball,1,26.6,Kenya,HS Modi,SO Tikolo,Mohammad Rafique,1,0,,,,,,"",""
ball,1,27.1,Kenya,HS Modi,SO Tikolo,Khaled Mahmud,0,0,,,,,,"",""
ball,1,27.2,Kenya,HS Modi,SO Tikolo,Khaled Mahmud,0,0,,,,,,"",""
ball,1,27.3,Kenya,HS Modi,SO Tikolo,Khaled Mahmud,0,0,,,,,,"",""
ball,1,27.4,Kenya,HS Modi,SO Tikolo,Khaled Mahmud,0,0,,,,,,"",""
ball,1,27.5,Kenya,HS Modi,SO Tikolo,Khaled Mahmud,0,0,,,,,,"",""
ball,1,27.6,Kenya,HS Modi,SO Tikolo,Khaled Mahmud,0,0,,,,,,"",""
ball,1,28.1,Kenya,SO Tikolo,HS Modi,Sanwar Hossain,1,0,,,,,,"",""
ball,1,28.2,Kenya,HS Modi,SO Tikolo,Sanwar Hossain,0,0,,,,,,"",""
ball,1,28.3,Kenya,HS Modi,SO Tikolo,Sanwar Hossain,0,0,,,,,,"",""
ball,1,28.4,Kenya,HS Modi,SO Tikolo,Sanwar Hossain,0,0,,,,,,"",""
ball,1,28.5,Kenya,HS Modi,SO Tikolo,Sanwar Hossain,0,0,,,,,,"",""
ball,1,28.6,Kenya,HS Modi,SO Tikolo,Sanwar Hossain,0,0,,,,,,"",""
ball,1,29.1,Kenya,SO Tikolo,HS Modi,Khaled Mahmud,2,0,,,,,,"",""
ball,1,29.2,Kenya,SO Tikolo,HS Modi,Khaled Mahmud,4,0,,,,,,"",""
ball,1,29.3,Kenya,SO Tikolo,HS Modi,Khaled Mahmud,0,1,1,,,,,"",""
ball,1,29.4,Kenya,SO Tikolo,HS Modi,Khaled Mahmud,0,0,,,,,,"",""
ball,1,29.5,Kenya,SO Tikolo,HS Modi,Khaled Mahmud,0,0,,,,,,"",""
ball,1,29.6,Kenya,SO Tikolo,HS Modi,Khaled Mahmud,0,0,,,,,,"",""
ball,1,29.7,Kenya,SO Tikolo,HS Modi,Khaled Mahmud,1,0,,,,,,"",""
ball,1,30.1,Kenya,SO Tikolo,HS Modi,Sanwar Hossain,0,0,,,,,,"",""
ball,1,30.2,Kenya,SO Tikolo,HS Modi,Sanwar Hossain,1,0,,,,,,"",""
ball,1,30.3,Kenya,HS Modi,SO Tikolo,Sanwar Hossain,0,0,,,,,,"",""
ball,1,30.4,Kenya,HS Modi,SO Tikolo,Sanwar Hossain,1,0,,,,,,"",""
ball,1,30.5,Kenya,SO Tikolo,HS Modi,Sanwar Hossain,1,0,,,,,,"",""
ball,1,30.6,Kenya,HS Modi,SO Tikolo,Sanwar Hossain,0,0,,,,,,"",""
ball,1,31.1,Kenya,SO Tikolo,HS Modi,Alok Kapali,0,0,,,,,,"",""
ball,1,31.2,Kenya,SO Tikolo,HS Modi,Alok Kapali,1,0,,,,,,"",""
ball,1,31.3,Kenya,HS Modi,SO Tikolo,Alok Kapali,0,0,,,,,,"",""
ball,1,31.4,Kenya,HS Modi,SO Tikolo,Alok Kapali,1,0,,,,,,"",""
ball,1,31.5,Kenya,SO Tikolo,HS Modi,Alok Kapali,1,0,,,,,,"",""
ball,1,31.6,Kenya,HS Modi,SO Tikolo,Alok Kapali,0,0,,,,,,"",""
ball,1,32.1,Kenya,SO Tikolo,HS Modi,Sanwar Hossain,1,0,,,,,,"",""
ball,1,32.2,Kenya,HS Modi,SO Tikolo,Sanwar Hossain,1,0,,,,,,"",""
ball,1,32.3,Kenya,SO Tikolo,HS Modi,Sanwar Hossain,0,0,,,,,,bowled,SO Tikolo
ball,1,32.4,Kenya,MO Odumbe,HS Modi,Sanwar Hossain,0,0,,,,,,"",""
ball,1,32.5,Kenya,MO Odumbe,HS Modi,Sanwar Hossain,0,0,,,,,,"",""
ball,1,32.6,Kenya,MO Odumbe,HS Modi,Sanwar Hossain,0,1,1,,,,,"",""
ball,1,32.7,Kenya,MO Odumbe,HS Modi,Sanwar Hossain,0,0,,,,,,"",""
ball,1,33.1,Kenya,HS Modi,MO Odumbe,Alok Kapali,1,0,,,,,,"",""
ball,1,33.2,Kenya,MO Odumbe,HS Modi,Alok Kapali,2,0,,,,,,"",""
ball,1,33.3,Kenya,MO Odumbe,HS Modi,Alok Kapali,1,0,,,,,,"",""
ball,1,33.4,Kenya,HS Modi,MO Odumbe,Alok Kapali,1,0,,,,,,"",""
ball,1,33.5,Kenya,MO Odumbe,HS Modi,Alok Kapali,0,0,,,,,,"",""
ball,1,33.6,Kenya,MO Odumbe,HS Modi,Alok Kapali,1,0,,,,,,"",""
ball,1,34.1,Kenya,MO Odumbe,HS Modi,Sanwar Hossain,1,0,,,,,,"",""
ball,1,34.2,Kenya,HS Modi,MO Odumbe,Sanwar Hossain,0,0,,,,,,"",""
ball,1,34.3,Kenya,HS Modi,MO Odumbe,Sanwar Hossain,0,0,,,,,,"",""
ball,1,34.4,Kenya,HS Modi,MO Odumbe,Sanwar Hossain,0,0,,,,,,caught and bowled,HS Modi
ball,1,34.5,Kenya,TM Odoyo,MO Odumbe,Sanwar Hossain,0,0,,,,,,"",""
ball,1,34.6,Kenya,TM Odoyo,MO Odumbe,Sanwar Hossain,0,0,,,,,,"",""
ball,1,35.1,Kenya,MO Odumbe,TM Odoyo,Mohammad Ashraful,1,0,,,,,,"",""
ball,1,35.2,Kenya,TM Odoyo,MO Odumbe,Mohammad Ashraful,0,0,,,,,,"",""
ball,1,35.3,Kenya,TM Odoyo,MO Odumbe,Mohammad Ashraful,1,0,,,,,,"",""
ball,1,35.4,Kenya,MO Odumbe,TM Odoyo,Mohammad Ashraful,2,0,,,,,,"",""
ball,1,35.5,Kenya,MO Odumbe,TM Odoyo,Mohammad Ashraful,0,0,,,,,,"",""
ball,1,35.6,Kenya,MO Odumbe,TM Odoyo,Mohammad Ashraful,0,0,,,,,,"",""
ball,1,36.1,Kenya,TM Odoyo,MO Odumbe,Sanwar Hossain,0,0,,,,,,"",""
ball,1,36.2,Kenya,TM Odoyo,MO Odumbe,Sanwar Hossain,1,0,,,,,,"",""
ball,1,36.3,Kenya,MO Odumbe,TM Odoyo,Sanwar Hossain,1,0,,,,,,"",""
ball,1,36.4,Kenya,TM Odoyo,MO Odumbe,Sanwar Hossain,1,0,,,,,,"",""
ball,1,36.5,Kenya,MO Odumbe,TM Odoyo,Sanwar Hossain,1,0,,,,,,"",""
ball,1,36.6,Kenya,TM Odoyo,MO Odumbe,Sanwar Hossain,0,0,,,,,,"",""
ball,1,37.1,Kenya,MO Odumbe,TM Odoyo,Mohammad Ashraful,2,0,,,,,,"",""
ball,1,37.2,Kenya,MO Odumbe,TM Odoyo,Mohammad Ashraful,1,0,,,,,,"",""
ball,1,37.3,Kenya,TM Odoyo,MO Odumbe,Mohammad Ashraful,0,0,,,,,,"",""
ball,1,37.4,Kenya,TM Odoyo,MO Odumbe,Mohammad Ashraful,2,0,,,,,,"",""
ball,1,37.5,Kenya,TM Odoyo,MO Odumbe,Mohammad Ashraful,0,0,,,,,,"",""
ball,1,37.6,Kenya,TM Odoyo,MO Odumbe,Mohammad Ashraful,0,0,,,,,,"",""
ball,1,38.1,Kenya,MO Odumbe,TM Odoyo,Sanwar Hossain,1,0,,,,,,"",""
ball,1,38.2,Kenya,TM Odoyo,MO Odumbe,Sanwar Hossain,1,0,,,,,,"",""
ball,1,38.3,Kenya,MO Odumbe,TM Odoyo,Sanwar Hossain,2,0,,,,,,"",""
ball,1,38.4,Kenya,MO Odumbe,TM Odoyo,Sanwar Hossain,0,0,,,,,,"",""
ball,1,38.5,Kenya,MO Odumbe,TM Odoyo,Sanwar Hossain,1,0,,,,,,"",""
ball,1,38.6,Kenya,TM Odoyo,MO Odumbe,Sanwar Hossain,1,0,,,,,,"",""
ball,1,39.1,Kenya,TM Odoyo,MO Odumbe,Mohammad Ashraful,0,0,,,,,,"",""
ball,1,39.2,Kenya,TM Odoyo,MO Odumbe,Mohammad Ashraful,0,0,,,,,,"",""
ball,1,39.3,Kenya,TM Odoyo,MO Odumbe,Mohammad Ashraful,1,0,,,,,,"",""
ball,1,39.4,Kenya,MO Odumbe,TM Odoyo,Mohammad Ashraful,1,0,,,,,,"",""
ball,1,39.5,Kenya,TM Odoyo,MO Odumbe,Mohammad Ashraful,2,0,,,,,,"",""
ball,1,39.6,Kenya,TM Odoyo,MO Odumbe,Mohammad Ashraful,0,0,,,,,,"",""
ball,1,40.1,Kenya,MO Odumbe,TM Odoyo,Sanwar Hossain,1,0,,,,,,"",""
ball,1,40.2,Kenya,TM Odoyo,MO Odumbe,Sanwar Hossain,1,0,,,,,,"",""
ball,1,40.3,Kenya,MO Odumbe,TM Odoyo,Sanwar Hossain,0,0,,,,,,"",""
ball,1,40.4,Kenya,MO Odumbe,TM Odoyo,Sanwar Hossain,1,0,,,,,,"",""
ball,1,40.5,Kenya,TM Odoyo,MO Odumbe,Sanwar Hossain,1,0,,,,,,"",""
ball,1,40.6,Kenya,MO Odumbe,TM Odoyo,Sanwar Hossain,0,0,,,,,,"",""
ball,1,41.1,Kenya,TM Odoyo,MO Odumbe,Mohammad Ashraful,1,0,,,,,,"",""
ball,1,41.2,Kenya,MO Odumbe,TM Odoyo,Mohammad Ashraful,1,0,,,,,,"",""
ball,1,41.3,Kenya,TM Odoyo,MO Odumbe,Mohammad Ashraful,4,0,,,,,,"",""
ball,1,41.4,Kenya,TM Odoyo,MO Odumbe,Mohammad Ashraful,0,0,,,,,,"",""
ball,1,41.5,Kenya,TM Odoyo,MO Odumbe,Mohammad Ashraful,0,0,,,,,,"",""
ball,1,41.6,Kenya,TM Odoyo,MO Odumbe,Mohammad Ashraful,1,0,,,,,,"",""
ball,1,42.1,Kenya,TM Odoyo,MO Odumbe,Sanwar Hossain,0,0,,,,,,"",""
ball,1,42.2,Kenya,TM Odoyo,MO Odumbe,Sanwar Hossain,1,0,,,,,,"",""
ball,1,42.3,Kenya,MO Odumbe,TM Odoyo,Sanwar Hossain,4,0,,,,,,"",""
ball,1,42.4,Kenya,MO Odumbe,TM Odoyo,Sanwar Hossain,1,0,,,,,,"",""
ball,1,42.5,Kenya,TM Odoyo,MO Odumbe,Sanwar Hossain,0,0,,,,,,lbw,TM Odoyo
ball,1,42.6,Kenya,CO Obuya,MO Odumbe,Sanwar Hossain,2,0,,,,,,"",""
ball,1,43.1,Kenya,MO Odumbe,CO Obuya,Mohammad Ashraful,1,0,,,,,,"",""
ball,1,43.2,Kenya,CO Obuya,MO Odumbe,Mohammad Ashraful,1,0,,,,,,"",""
ball,1,43.3,Kenya,MO Odumbe,CO Obuya,Mohammad Ashraful,1,0,,,,,,"",""
ball,1,43.4,Kenya,CO Obuya,MO Odumbe,Mohammad Ashraful,1,0,,,,,,"",""
ball,1,43.5,Kenya,MO Odumbe,CO Obuya,Mohammad Ashraful,1,0,,,,,,"",""
ball,1,43.6,Kenya,CO Obuya,MO Odumbe,Mohammad Ashraful,1,0,,,,,,"",""
ball,1,44.1,Kenya,CO Obuya,MO Odumbe,Sanwar Hossain,0,0,,,,,,"",""
ball,1,44.2,Kenya,CO Obuya,MO Odumbe,Sanwar Hossain,0,0,,,,,,"",""
ball,1,44.3,Kenya,CO Obuya,MO Odumbe,Sanwar Hossain,0,0,,,,,,"",""
ball,1,44.4,Kenya,CO Obuya,MO Odumbe,Sanwar Hossain,0,0,,,,,,"",""
ball,1,44.5,Kenya,CO Obuya,MO Odumbe,Sanwar Hossain,4,0,,,,,,"",""
ball,1,44.6,Kenya,CO Obuya,MO Odumbe,Sanwar Hossain,1,0,,,,,,"",""
ball,1,45.1,Kenya,CO Obuya,MO Odumbe,Mohammad Ashraful,1,0,,,,,,"",""
ball,1,45.2,Kenya,MO Odumbe,CO Obuya,Mohammad Ashraful,1,0,,,,,,"",""
ball,1,45.3,Kenya,CO Obuya,MO Odumbe,Mohammad Ashraful,1,0,,,,,,"",""
ball,1,45.4,Kenya,MO Odumbe,CO Obuya,Mohammad Ashraful,1,0,,,,,,"",""
ball,1,45.5,Kenya,CO Obuya,MO Odumbe,Mohammad Ashraful,0,0,,,,,,"",""
ball,1,45.6,Kenya,CO Obuya,MO Odumbe,Mohammad Ashraful,0,0,,,,,,"",""
ball,1,46.1,Kenya,MO Odumbe,CO Obuya,Sanwar Hossain,0,0,,,,,,"",""
ball,1,46.2,Kenya,MO Odumbe,CO Obuya,Sanwar Hossain,1,0,,,,,,"",""
ball,1,46.3,Kenya,CO Obuya,MO Odumbe,Sanwar Hossain,6,0,,,,,,"",""
ball,1,46.4,Kenya,CO Obuya,MO Odumbe,Sanwar Hossain,2,0,,,,,,"",""
ball,1,46.5,Kenya,CO Obuya,MO Odumbe,Sanwar Hossain,1,0,,,,,,"",""
ball,1,46.6,Kenya,MO Odumbe,CO Obuya,Sanwar Hossain,4,0,,,,,,"",""
ball,1,47.1,Kenya,CO Obuya,MO Odumbe,Tapash Baisya,0,0,,,,,,"",""
ball,1,47.2,Kenya,CO Obuya,MO Odumbe,Tapash Baisya,0,0,,,,,,"",""
ball,1,47.3,Kenya,CO Obuya,MO Odumbe,Tapash Baisya,1,0,,,,,,"",""
ball,1,47.4,Kenya,MO Odumbe,CO Obuya,Tapash Baisya,0,1,,,,1,,"",""
ball,1,47.5,Kenya,CO Obuya,MO Odumbe,Tapash Baisya,0,0,,,,,,bowled,CO Obuya
ball,1,47.6,Kenya,PJ Ongondo,MO Odumbe,Tapash Baisya,0,0,,,,,,"",""
ball,1,48.1,Kenya,MO Odumbe,PJ Ongondo,Khaled Mahmud,0,1,1,,,,,"",""
ball,1,48.2,Kenya,MO Odumbe,PJ Ongondo,Khaled Mahmud,0,1,1,,,,,"",""
ball,1,48.3,Kenya,MO Odumbe,PJ Ongondo,Khaled Mahmud,4,0,,,,,,"",""
ball,1,48.4,Kenya,MO Odumbe,PJ Ongondo,Khaled Mahmud,2,0,,,,,,"",""
ball,1,48.5,Kenya,MO Odumbe,PJ Ongondo,Khaled Mahmud,2,0,,,,,,"",""
ball,1,48.6,Kenya,MO Odumbe,PJ Ongondo,Khaled Mahmud,0,0,,,,,,"",""
ball,1,48.7,Kenya,MO Odumbe,PJ Ongondo,Khaled Mahmud,1,0,,,,,,"",""
ball,1,48.8,Kenya,PJ Ongondo,MO Odumbe,Khaled Mahmud,0,0,,,,,,"",""
ball,1,49.1,Kenya,MO Odumbe,PJ Ongondo,Tapash Baisya,1,0,,,,,,"",""
ball,1,49.2,Kenya,PJ Ongondo,MO Odumbe,Tapash Baisya,1,0,,,,,,"",""
ball,1,49.3,Kenya,MO Odumbe,PJ Ongondo,Tapash Baisya,1,0,,,,,,"",""
ball,1,49.4,Kenya,PJ Ongondo,MO Odumbe,Tapash Baisya,1,0,,,,,,"",""
ball,1,49.5,Kenya,MO Odumbe,PJ Ongondo,Tapash Baisya,4,0,,,,,,"",""
ball,1,49.6,Kenya,MO Odumbe,PJ Ongondo,Tapash Baisya,1,0,,,,,,"",""
ball,2,0.1,Bangladesh,Al Sahariar,Mohammad Ashraful,MA Suji,0,0,,,,,,"",""
ball,2,0.2,Bangladesh,Al Sahariar,Mohammad Ashraful,MA Suji,0,0,,,,,,"",""
ball,2,0.3,Bangladesh,Al Sahariar,Mohammad Ashraful,MA Suji,4,0,,,,,,"",""
ball,2,0.4,Bangladesh,Al Sahariar,Mohammad Ashraful,MA Suji,0,0,,,,,,"",""
ball,2,0.5,Bangladesh,Al Sahariar,Mohammad Ashraful,MA Suji,0,0,,,,,,"",""
ball,2,0.6,Bangladesh,Al Sahariar,Mohammad Ashraful,MA Suji,4,0,,,,,,"",""
ball,2,1.1,Bangladesh,Mohammad Ashraful,Al Sahariar,TM Odoyo,0,0,,,,,,"",""
ball,2,1.2,Bangladesh,Mohammad Ashraful,Al Sahariar,TM Odoyo,0,1,1,,,,,"",""
ball,2,1.3,Bangladesh,Mohammad Ashraful,Al Sahariar,TM Odoyo,0,1,1,,,,,"",""
ball,2,1.4,Bangladesh,Mohammad Ashraful,Al Sahariar,TM Odoyo,0,0,,,,,,"",""
ball,2,1.5,Bangladesh,Mohammad Ashraful,Al Sahariar,TM Odoyo,0,0,,,,,,"",""
ball,2,1.6,Bangladesh,Mohammad Ashraful,Al Sahariar,TM Odoyo,0,0,,,,,,"",""
ball,2,1.7,Bangladesh,Mohammad Ashraful,Al Sahariar,TM Odoyo,0,0,,,,,,"",""
ball,2,1.8,Bangladesh,Mohammad Ashraful,Al Sahariar,TM Odoyo,0,0,,,,,,"",""
ball,2,2.1,Bangladesh,Al Sahariar,Mohammad Ashraful,MA Suji,0,0,,,,,,"",""
ball,2,2.2,Bangladesh,Al Sahariar,Mohammad Ashraful,MA Suji,0,0,,,,,,"",""
ball,2,2.3,Bangladesh,Al Sahariar,Mohammad Ashraful,MA Suji,0,0,,,,,,"",""
ball,2,2.4,Bangladesh,Al Sahariar,Mohammad Ashraful,MA Suji,6,0,,,,,,"",""
ball,2,2.5,Bangladesh,Al Sahariar,Mohammad Ashraful,MA Suji,0,0,,,,,,"",""
ball,2,2.6,Bangladesh,Al Sahariar,Mohammad Ashraful,MA Suji,0,0,,,,,,caught,Al Sahariar
ball,2,3.1,Bangladesh,Mohammad Ashraful,Tushar Imran,TM Odoyo,0,0,,,,,,"",""
ball,2,3.2,Bangladesh,Mohammad Ashraful,Tushar Imran,TM Odoyo,1,0,,,,,,"",""
ball,2,3.3,Bangladesh,Tushar Imran,Mohammad Ashraful,TM Odoyo,0,0,,,,,,"",""
ball,2,3.4,Bangladesh,Tushar Imran,Mohammad Ashraful,TM Odoyo,0,0,,,,,,"",""
ball,2,3.5,Bangladesh,Tushar Imran,Mohammad Ashraful,TM Odoyo,0,0,,,,,,"",""
ball,2,3.6,Bangladesh,Tushar Imran,Mohammad Ashraful,TM Odoyo,0,0,,,,,,"",""
ball,2,4.1,Bangladesh,Mohammad Ashraful,Tushar Imran,MA Suji,0,0,,,,,,lbw,Mohammad Ashraful
ball,2,4.2,Bangladesh,Khaled Mashud,Tushar Imran,MA Suji,0,0,,,,,,"",""
ball,2,4.3,Bangladesh,Khaled Mashud,Tushar Imran,MA Suji,0,0,,,,,,"",""
ball,2,4.4,Bangladesh,Khaled Mashud,Tushar Imran,MA Suji,2,0,,,,,,"",""
ball,2,4.5,Bangladesh,Khaled Mashud,Tushar Imran,MA Suji,0,0,,,,,,"",""
ball,2,4.6,Bangladesh,Khaled Mashud,Tushar Imran,MA Suji,0,0,,,,,,"",""
ball,2,5.1,Bangladesh,Tushar Imran,Khaled Mashud,TM Odoyo,0,0,,,,,,"",""
ball,2,5.2,Bangladesh,Tushar Imran,Khaled Mashud,TM Odoyo,0,0,,,,,,"",""
ball,2,5.3,Bangladesh,Tushar Imran,Khaled Mashud,TM Odoyo,2,0,,,,,,"",""
ball,2,5.4,Bangladesh,Tushar Imran,Khaled Mashud,TM Odoyo,0,0,,,,,,"",""
ball,2,5.5,Bangladesh,Tushar Imran,Khaled Mashud,TM Odoyo,0,0,,,,,,"",""
ball,2,5.6,Bangladesh,Tushar Imran,Khaled Mashud,TM Odoyo,0,0,,,,,,"",""
ball,2,6.1,Bangladesh,Khaled Mashud,Tushar Imran,MA Suji,0,0,,,,,,"",""
ball,2,6.2,Bangladesh,Khaled Mashud,Tushar Imran,MA Suji,0,0,,,,,,"",""
ball,2,6.3,Bangladesh,Khaled Mashud,Tushar Imran,MA Suji,0,0,,,,,,"",""
ball,2,6.4,Bangladesh,Khaled Mashud,Tushar Imran,MA Suji,0,0,,,,,,"",""
ball,2,6.5,Bangladesh,Khaled Mashud,Tushar Imran,MA Suji,0,1,,,,1,,"",""
ball,2,6.6,Bangladesh,Tushar Imran,Khaled Mashud,MA Suji,0,0,,,,,,"",""
ball,2,7.1,Bangladesh,Khaled Mashud,Tushar Imran,TM Odoyo,0,0,,,,,,"",""
ball,2,7.2,Bangladesh,Khaled Mashud,Tushar Imran,TM Odoyo,0,1,1,,,,,"",""
ball,2,7.3,Bangladesh,Khaled Mashud,Tushar Imran,TM Odoyo,0,1,1,,,,,"",""
ball,2,7.4,Bangladesh,Khaled Mashud,Tushar Imran,TM Odoyo,1,0,,,,,,"",""
ball,2,7.5,Bangladesh,Tushar Imran,Khaled Mashud,TM Odoyo,1,0,,,,,,"",""
ball,2,7.6,Bangladesh,Khaled Mashud,Tushar Imran,TM Odoyo,0,0,,,,,,"",""
ball,2,7.7,Bangladesh,Khaled Mashud,Tushar Imran,TM Odoyo,0,0,,,,,,"",""
ball,2,7.8,Bangladesh,Khaled Mashud,Tushar Imran,TM Odoyo,0,0,,,,,,"",""
ball,2,8.1,Bangladesh,Tushar Imran,Khaled Mashud,MA Suji,1,0,,,,,,"",""
ball,2,8.2,Bangladesh,Khaled Mashud,Tushar Imran,MA Suji,0,0,,,,,,"",""
ball,2,8.3,Bangladesh,Khaled Mashud,Tushar Imran,MA Suji,0,0,,,,,,"",""
ball,2,8.4,Bangladesh,Khaled Mashud,Tushar Imran,MA Suji,0,0,,,,,,"",""
ball,2,8.5,Bangladesh,Khaled Mashud,Tushar Imran,MA Suji,0,0,,,,,,"",""
ball,2,8.6,Bangladesh,Khaled Mashud,Tushar Imran,MA Suji,0,0,,,,,,"",""
ball,2,9.1,Bangladesh,Tushar Imran,Khaled Mashud,PJ Ongondo,0,1,,1,,,,"",""
ball,2,9.2,Bangladesh,Tushar Imran,Khaled Mashud,PJ Ongondo,0,0,,,,,,"",""
ball,2,9.3,Bangladesh,Tushar Imran,Khaled Mashud,PJ Ongondo,0,0,,,,,,"",""
ball,2,9.4,Bangladesh,Tushar Imran,Khaled Mashud,PJ Ongondo,0,0,,,,,,"",""
ball,2,9.5,Bangladesh,Tushar Imran,Khaled Mashud,PJ Ongondo,0,0,,,,,,"",""
ball,2,9.6,Bangladesh,Tushar Imran,Khaled Mashud,PJ Ongondo,0,0,,,,,,"",""
ball,2,9.7,Bangladesh,Tushar Imran,Khaled Mashud,PJ Ongondo,0,0,,,,,,"",""
ball,2,10.1,Bangladesh,Khaled Mashud,Tushar Imran,MA Suji,0,0,,,,,,"",""
ball,2,10.2,Bangladesh,Khaled Mashud,Tushar Imran,MA Suji,0,0,,,,,,"",""
ball,2,10.3,Bangladesh,Khaled Mashud,Tushar Imran,MA Suji,1,0,,,,,,"",""
ball,2,10.4,Bangladesh,Tushar Imran,Khaled Mashud,MA Suji,1,0,,,,,,"",""
ball,2,10.5,Bangladesh,Khaled Mashud,Tushar Imran,MA Suji,0,0,,,,,,"",""
ball,2,10.6,Bangladesh,Khaled Mashud,Tushar Imran,MA Suji,0,0,,,,,,"",""
ball,2,11.1,Bangladesh,Tushar Imran,Khaled Mashud,PJ Ongondo,0,0,,,,,,"",""
ball,2,11.2,Bangladesh,Tushar Imran,Khaled Mashud,PJ Ongondo,0,0,,,,,,"",""
ball,2,11.3,Bangladesh,Tushar Imran,Khaled Mashud,PJ Ongondo,0,0,,,,,,"",""
ball,2,11.4,Bangladesh,Tushar Imran,Khaled Mashud,PJ Ongondo,4,0,,,,,,"",""
ball,2,11.5,Bangladesh,Tushar Imran,Khaled Mashud,PJ Ongondo,6,0,,,,,,"",""
ball,2,11.6,Bangladesh,Tushar Imran,Khaled Mashud,PJ Ongondo,0,0,,,,,,"",""
ball,2,12.1,Bangladesh,Khaled Mashud,Tushar Imran,MA Suji,0,0,,,,,,"",""
ball,2,12.2,Bangladesh,Khaled Mashud,Tushar Imran,MA Suji,0,1,1,,,,,"",""
ball,2,12.3,Bangladesh,Khaled Mashud,Tushar Imran,MA Suji,0,0,,,,,,"",""
ball,2,12.4,Bangladesh,Khaled Mashud,Tushar Imran,MA Suji,0,0,,,,,,"",""
ball,2,12.5,Bangladesh,Khaled Mashud,Tushar Imran,MA Suji,2,0,,,,,,"",""
ball,2,12.6,Bangladesh,Khaled Mashud,Tushar Imran,MA Suji,1,0,,,,,,"",""
ball,2,12.7,Bangladesh,Tushar Imran,Khaled Mashud,MA Suji,0,0,,,,,,"",""
ball,2,13.1,Bangladesh,Khaled Mashud,Tushar Imran,PJ Ongondo,0,0,,,,,,"",""
ball,2,13.2,Bangladesh,Khaled Mashud,Tushar Imran,PJ Ongondo,1,0,,,,,,"",""
ball,2,13.3,Bangladesh,Tushar Imran,Khaled Mashud,PJ Ongondo,0,0,,,,,,"",""
ball,2,13.4,Bangladesh,Tushar Imran,Khaled Mashud,PJ Ongondo,0,0,,,,,,"",""
ball,2,13.5,Bangladesh,Tushar Imran,Khaled Mashud,PJ Ongondo,0,0,,,,,,"",""
ball,2,13.6,Bangladesh,Tushar Imran,Khaled Mashud,PJ Ongondo,0,0,,,,,,"",""
ball,2,14.1,Bangladesh,Khaled Mashud,Tushar Imran,MA Suji,0,0,,,,,,"",""
ball,2,14.2,Bangladesh,Khaled Mashud,Tushar Imran,MA Suji,0,0,,,,,,"",""
ball,2,14.3,Bangladesh,Khaled Mashud,Tushar Imran,MA Suji,0,0,,,,,,"",""
ball,2,14.4,Bangladesh,Khaled Mashud,Tushar Imran,MA Suji,0,0,,,,,,"",""
ball,2,14.5,Bangladesh,Khaled Mashud,Tushar Imran,MA Suji,4,0,,,,,,"",""
ball,2,14.6,Bangladesh,Khaled Mashud,Tushar Imran,MA Suji,0,0,,,,,,"",""
ball,2,15.1,Bangladesh,Tushar Imran,Khaled Mashud,PJ Ongondo,0,0,,,,,,"",""
ball,2,15.2,Bangladesh,Tushar Imran,Khaled Mashud,PJ Ongondo,0,0,,,,,,"",""
ball,2,15.3,Bangladesh,Tushar Imran,Khaled Mashud,PJ Ongondo,0,0,,,,,,"",""
ball,2,15.4,Bangladesh,Tushar Imran,Khaled Mashud,PJ Ongondo,0,0,,,,,,"",""
ball,2,15.5,Bangladesh,Tushar Imran,Khaled Mashud,PJ Ongondo,0,0,,,,,,"",""
ball,2,15.6,Bangladesh,Tushar Imran,Khaled Mashud,PJ Ongondo,2,0,,,,,,"",""
ball,2,16.1,Bangladesh,Khaled Mashud,Tushar Imran,CO Obuya,0,0,,,,,,"",""
ball,2,16.2,Bangladesh,Khaled Mashud,Tushar Imran,CO Obuya,2,0,,,,,,"",""
ball,2,16.3,Bangladesh,Khaled Mashud,Tushar Imran,CO Obuya,0,0,,,,,,caught,Khaled Mashud
ball,2,16.4,Bangladesh,Alok Kapali,Tushar Imran,CO Obuya,1,0,,,,,,"",""
ball,2,16.5,Bangladesh,Tushar Imran,Alok Kapali,CO Obuya,2,0,,,,,,"",""
ball,2,16.6,Bangladesh,Tushar Imran,Alok Kapali,CO Obuya,0,0,,,,,,"",""
ball,2,17.1,Bangladesh,Alok Kapali,Tushar Imran,PJ Ongondo,0,0,,,,,,"",""
ball,2,17.2,Bangladesh,Alok Kapali,Tushar Imran,PJ Ongondo,1,0,,,,,,"",""
ball,2,17.3,Bangladesh,Tushar Imran,Alok Kapali,PJ Ongondo,0,0,,,,,,"",""
ball,2,17.4,Bangladesh,Tushar Imran,Alok Kapali,PJ Ongondo,1,0,,,,,,"",""
ball,2,17.5,Bangladesh,Alok Kapali,Tushar Imran,PJ Ongondo,0,0,,,,,,"",""
ball,2,17.6,Bangladesh,Alok Kapali,Tushar Imran,PJ Ongondo,0,0,,,,,,"",""
ball,2,18.1,Bangladesh,Tushar Imran,Alok Kapali,CO Obuya,2,0,,,,,,"",""
ball,2,18.2,Bangladesh,Tushar Imran,Alok Kapali,CO Obuya,1,0,,,,,,"",""
ball,2,18.3,Bangladesh,Alok Kapali,Tushar Imran,CO Obuya,1,0,,,,,,"",""
ball,2,18.4,Bangladesh,Tushar Imran,Alok Kapali,CO Obuya,0,0,,,,,,"",""
ball,2,18.5,Bangladesh,Tushar Imran,Alok Kapali,CO Obuya,1,0,,,,,,"",""
ball,2,18.6,Bangladesh,Alok Kapali,Tushar Imran,CO Obuya,0,0,,,,,,"",""
ball,2,19.1,Bangladesh,Tushar Imran,Alok Kapali,PJ Ongondo,0,0,,,,,,"",""
ball,2,19.2,Bangladesh,Tushar Imran,Alok Kapali,PJ Ongondo,0,0,,,,,,"",""
ball,2,19.3,Bangladesh,Tushar Imran,Alok Kapali,PJ Ongondo,1,0,,,,,,"",""
ball,2,19.4,Bangladesh,Alok Kapali,Tushar Imran,PJ Ongondo,0,0,,,,,,"",""
ball,2,19.5,Bangladesh,Alok Kapali,Tushar Imran,PJ Ongondo,1,0,,,,,,"",""
ball,2,19.6,Bangladesh,Tushar Imran,Alok Kapali,PJ Ongondo,0,1,1,,,,,"",""
ball,2,19.7,Bangladesh,Tushar Imran,Alok Kapali,PJ Ongondo,0,0,,,,,,"",""
ball,2,20.1,Bangladesh,Alok Kapali,Tushar Imran,CO Obuya,1,0,,,,,,"",""
ball,2,20.2,Bangladesh,Tushar Imran,Alok Kapali,CO Obuya,0,0,,,,,,"",""
ball,2,20.3,Bangladesh,Tushar Imran,Alok Kapali,CO Obuya,2,0,,,,,,"",""
ball,2,20.4,Bangladesh,Tushar Imran,Alok Kapali,CO Obuya,1,0,,,,,,"",""
ball,2,20.5,Bangladesh,Alok Kapali,Tushar Imran,CO Obuya,0,0,,,,,,"",""
ball,2,20.6,Bangladesh,Alok Kapali,Tushar Imran,CO Obuya,1,0,,,,,,"",""
ball,2,21.1,Bangladesh,Alok Kapali,Tushar Imran,PJ Ongondo,0,0,,,,,,"",""
ball,2,21.2,Bangladesh,Alok Kapali,Tushar Imran,PJ Ongondo,0,0,,,,,,"",""
ball,2,21.3,Bangladesh,Alok Kapali,Tushar Imran,PJ Ongondo,6,0,,,,,,"",""
ball,2,21.4,Bangladesh,Alok Kapali,Tushar Imran,PJ Ongondo,4,0,,,,,,"",""
ball,2,21.5,Bangladesh,Alok Kapali,Tushar Imran,PJ Ongondo,0,0,,,,,,"",""
ball,2,21.6,Bangladesh,Alok Kapali,Tushar Imran,PJ Ongondo,0,0,,,,,,"",""
ball,2,22.1,Bangladesh,Tushar Imran,Alok Kapali,CO Obuya,4,0,,,,,,"",""
ball,2,22.2,Bangladesh,Tushar Imran,Alok Kapali,CO Obuya,0,0,,,,,,"",""
ball,2,22.3,Bangladesh,Tushar Imran,Alok Kapali,CO Obuya,2,0,,,,,,"",""
ball,2,22.4,Bangladesh,Tushar Imran,Alok Kapali,CO Obuya,0,0,,,,,,"",""
ball,2,22.5,Bangladesh,Tushar Imran,Alok Kapali,CO Obuya,0,0,,,,,,"",""
ball,2,22.6,Bangladesh,Tushar Imran,Alok Kapali,CO Obuya,0,0,,,,,,"",""
ball,2,23.1,Bangladesh,Alok Kapali,Tushar Imran,AO Suji,0,0,,,,,,"",""
ball,2,23.2,Bangladesh,Alok Kapali,Tushar Imran,AO Suji,0,0,,,,,,"",""
ball,2,23.3,Bangladesh,Alok Kapali,Tushar Imran,AO Suji,0,0,,,,,,"",""
ball,2,23.4,Bangladesh,Alok Kapali,Tushar Imran,AO Suji,1,0,,,,,,"",""
ball,2,23.5,Bangladesh,Tushar Imran,Alok Kapali,AO Suji,0,0,,,,,,"",""
ball,2,23.6,Bangladesh,Tushar Imran,Alok Kapali,AO Suji,2,0,,,,,,"",""
ball,2,24.1,Bangladesh,Alok Kapali,Tushar Imran,CO Obuya,0,0,,,,,,"",""
ball,2,24.2,Bangladesh,Alok Kapali,Tushar Imran,CO Obuya,1,0,,,,,,"",""
ball,2,24.3,Bangladesh,Tushar Imran,Alok Kapali,CO Obuya,0,0,,,,,,"",""
ball,2,24.4,Bangladesh,Tushar Imran,Alok Kapali,CO Obuya,0,0,,,,,,"",""
ball,2,24.5,Bangladesh,Tushar Imran,Alok Kapali,CO Obuya,0,0,,,,,,"",""
ball,2,24.6,Bangladesh,Tushar Imran,Alok Kapali,CO Obuya,1,0,,,,,,"",""
ball,2,25.1,Bangladesh,Tushar Imran,Alok Kapali,AO Suji,0,0,,,,,,"",""
ball,2,25.2,Bangladesh,Tushar Imran,Alok Kapali,AO Suji,0,1,1,,,,,"",""
ball,2,25.3,Bangladesh,Tushar Imran,Alok Kapali,AO Suji,2,0,,,,,,"",""
ball,2,25.4,Bangladesh,Tushar Imran,Alok Kapali,AO Suji,0,0,,,,,,"",""
ball,2,25.5,Bangladesh,Tushar Imran,Alok Kapali,AO Suji,0,0,,,,,,"",""
ball,2,25.6,Bangladesh,Tushar Imran,Alok Kapali,AO Suji,2,0,,,,,,"",""
ball,2,25.7,Bangladesh,Tushar Imran,Alok Kapali,AO Suji,1,0,,,,,,"",""
ball,2,26.1,Bangladesh,Tushar Imran,Alok Kapali,MO Odumbe,1,0,,,,,,"",""
ball,2,26.2,Bangladesh,Alok Kapali,Tushar Imran,MO Odumbe,0,0,,,,,,"",""
ball,2,26.3,Bangladesh,Alok Kapali,Tushar Imran,MO Odumbe,0,0,,,,,,caught,Alok Kapali
ball,2,26.4,Bangladesh,Akram Khan,Tushar Imran,MO Odumbe,1,0,,,,,,"",""
ball,2,26.5,Bangladesh,Tushar Imran,Akram Khan,MO Odumbe,1,0,,,,,,"",""
ball,2,26.6,Bangladesh,Akram Khan,Tushar Imran,MO Odumbe,1,0,,,,,,"",""
ball,2,27.1,Bangladesh,Akram Khan,Tushar Imran,AO Suji,1,0,,,,,,"",""
ball,2,27.2,Bangladesh,Tushar Imran,Akram Khan,AO Suji,0,1,,1,,,,"",""
ball,2,27.3,Bangladesh,Tushar Imran,Akram Khan,AO Suji,4,0,,,,,,"",""
ball,2,27.4,Bangladesh,Tushar Imran,Akram Khan,AO Suji,0,0,,,,,,"",""
ball,2,27.5,Bangladesh,Tushar Imran,Akram Khan,AO Suji,0,1,,,1,,,"",""
ball,2,27.6,Bangladesh,Akram Khan,Tushar Imran,AO Suji,1,0,,,,,,"",""
ball,2,27.7,Bangladesh,Tushar Imran,Akram Khan,AO Suji,0,0,,,,,,"",""
ball,2,28.1,Bangladesh,Akram Khan,Tushar Imran,MO Odumbe,0,0,,,,,,"",""
ball,2,28.2,Bangladesh,Akram Khan,Tushar Imran,MO Odumbe,1,0,,,,,,"",""
ball,2,28.3,Bangladesh,Tushar Imran,Akram Khan,MO Odumbe,0,0,,,,,,"",""
ball,2,28.4,Bangladesh,Tushar Imran,Akram Khan,MO Odumbe,0,0,,,,,,"",""
ball,2,28.5,Bangladesh,Tushar Imran,Akram Khan,MO Odumbe,0,0,,,,,,caught,Tushar Imran
ball,2,28.6,Bangladesh,Sanwar Hossain,Akram Khan,MO Odumbe,1,0,,,,,,"",""
ball,2,29.1,Bangladesh,Sanwar Hossain,Akram Khan,AO Suji,1,0,,,,,,"",""
ball,2,29.2,Bangladesh,Akram Khan,Sanwar Hossain,AO Suji,4,0,,,,,,"",""
ball,2,29.3,Bangladesh,Akram Khan,Sanwar Hossain,AO Suji,1,0,,,,,,"",""
ball,2,29.4,Bangladesh,Sanwar Hossain,Akram Khan,AO Suji,0,0,,,,,,"",""
ball,2,29.5,Bangladesh,Sanwar Hossain,Akram Khan,AO Suji,1,0,,,,,,"",""
ball,2,29.6,Bangladesh,Akram Khan,Sanwar Hossain,AO Suji,0,1,,,1,,,"",""
ball,2,30.1,Bangladesh,Akram Khan,Sanwar Hossain,MO Odumbe,1,0,,,,,,"",""
ball,2,30.2,Bangladesh,Sanwar Hossain,Akram Khan,MO Odumbe,1,0,,,,,,"",""
ball,2,30.3,Bangladesh,Akram Khan,Sanwar Hossain,MO Odumbe,0,0,,,,,,"",""
ball,2,30.4,Bangladesh,Akram Khan,Sanwar Hossain,MO Odumbe,0,0,,,,,,"",""
ball,2,30.5,Bangladesh,Akram Khan,Sanwar Hossain,MO Odumbe,2,0,,,,,,"",""
ball,2,30.6,Bangladesh,Akram Khan,Sanwar Hossain,MO Odumbe,0,0,,,,,,"",""
ball,2,31.1,Bangladesh,Sanwar Hossain,Akram Khan,CO Obuya,1,0,,,,,,"",""
ball,2,31.2,Bangladesh,Akram Khan,Sanwar Hossain,CO Obuya,0,0,,,,,,"",""
ball,2,31.3,Bangladesh,Akram Khan,Sanwar Hossain,CO Obuya,2,0,,,,,,"",""
ball,2,31.4,Bangladesh,Akram Khan,Sanwar Hossain,CO Obuya,1,0,,,,,,"",""
ball,2,31.5,Bangladesh,Sanwar Hossain,Akram Khan,CO Obuya,1,0,,,,,,"",""
ball,2,31.6,Bangladesh,Akram Khan,Sanwar Hossain,CO Obuya,0,0,,,,,,"",""
ball,2,32.1,Bangladesh,Sanwar Hossain,Akram Khan,MO Odumbe,0,0,,,,,,"",""
ball,2,32.2,Bangladesh,Sanwar Hossain,Akram Khan,MO Odumbe,1,0,,,,,,"",""
ball,2,32.3,Bangladesh,Akram Khan,Sanwar Hossain,MO Odumbe,0,0,,,,,,"",""
ball,2,32.4,Bangladesh,Akram Khan,Sanwar Hossain,MO Odumbe,0,0,,,,,,"",""
ball,2,32.5,Bangladesh,Akram Khan,Sanwar Hossain,MO Odumbe,1,0,,,,,,"",""
ball,2,32.6,Bangladesh,Sanwar Hossain,Akram Khan,MO Odumbe,4,0,,,,,,"",""
ball,2,33.1,Bangladesh,Akram Khan,Sanwar Hossain,CO Obuya,1,0,,,,,,"",""
ball,2,33.2,Bangladesh,Sanwar Hossain,Akram Khan,CO Obuya,0,0,,,,,,"",""
ball,2,33.3,Bangladesh,Sanwar Hossain,Akram Khan,CO Obuya,0,0,,,,,,"",""
ball,2,33.4,Bangladesh,Sanwar Hossain,Akram Khan,CO Obuya,0,0,,,,,,"",""
ball,2,33.5,Bangladesh,Sanwar Hossain,Akram Khan,CO Obuya,1,0,,,,,,"",""
ball,2,33.6,Bangladesh,Akram Khan,Sanwar Hossain,CO Obuya,0,0,,,,,,"",""
ball,2,34.1,Bangladesh,Sanwar Hossain,Akram Khan,MO Odumbe,0,0,,,,,,"",""
ball,2,34.2,Bangladesh,Sanwar Hossain,Akram Khan,MO Odumbe,0,0,,,,,,"",""
ball,2,34.3,Bangladesh,Sanwar Hossain,Akram Khan,MO Odumbe,1,0,,,,,,"",""
ball,2,34.4,Bangladesh,Akram Khan,Sanwar Hossain,MO Odumbe,1,0,,,,,,"",""
ball,2,34.5,Bangladesh,Sanwar Hossain,Akram Khan,MO Odumbe,0,0,,,,,,"",""
ball,2,34.6,Bangladesh,Sanwar Hossain,Akram Khan,MO Odumbe,0,0,,,,,,"",""
ball,2,35.1,Bangladesh,Akram Khan,Sanwar Hossain,CO Obuya,0,0,,,,,,"",""
ball,2,35.2,Bangladesh,Akram Khan,Sanwar Hossain,CO Obuya,1,0,,,,,,"",""
ball,2,35.3,Bangladesh,Sanwar Hossain,Akram Khan,CO Obuya,0,0,,,,,,"",""
ball,2,35.4,Bangladesh,Sanwar Hossain,Akram Khan,CO Obuya,1,0,,,,,,"",""
ball,2,35.5,Bangladesh,Akram Khan,Sanwar Hossain,CO Obuya,3,0,,,,,,"",""
ball,2,35.6,Bangladesh,Sanwar Hossain,Akram Khan,CO Obuya,1,1,,1,,,,"",""
ball,2,35.7,Bangladesh,Akram Khan,Sanwar Hossain,CO Obuya,0,0,,,,,,"",""
ball,2,36.1,Bangladesh,Sanwar Hossain,Akram Khan,MO Odumbe,0,0,,,,,,"",""
ball,2,36.2,Bangladesh,Sanwar Hossain,Akram Khan,MO Odumbe,1,0,,,,,,"",""
ball,2,36.3,Bangladesh,Akram Khan,Sanwar Hossain,MO Odumbe,1,0,,,,,,"",""
ball,2,36.4,Bangladesh,Sanwar Hossain,Akram Khan,MO Odumbe,0,0,,,,,,"",""
ball,2,36.5,Bangladesh,Sanwar Hossain,Akram Khan,MO Odumbe,0,0,,,,,,"",""
ball,2,36.6,Bangladesh,Sanwar Hossain,Akram Khan,MO Odumbe,0,0,,,,,,"",""
ball,2,37.1,Bangladesh,Akram Khan,Sanwar Hossain,SO Tikolo,2,0,,,,,,"",""
ball,2,37.2,Bangladesh,Akram Khan,Sanwar Hossain,SO Tikolo,0,0,,,,,,"",""
ball,2,37.3,Bangladesh,Akram Khan,Sanwar Hossain,SO Tikolo,0,0,,,,,,"",""
ball,2,37.4,Bangladesh,Akram Khan,Sanwar Hossain,SO Tikolo,0,0,,,,,,"",""
ball,2,37.5,Bangladesh,Akram Khan,Sanwar Hossain,SO Tikolo,0,1,1,,,,,"",""
ball,2,37.6,Bangladesh,Akram Khan,Sanwar Hossain,SO Tikolo,0,0,,,,,,"",""
ball,2,37.7,Bangladesh,Akram Khan,Sanwar Hossain,SO Tikolo,0,0,,,,,,"",""
ball,2,38.1,Bangladesh,Sanwar Hossain,Akram Khan,MO Odumbe,0,0,,,,,,caught,Sanwar Hossain
ball,2,38.2,Bangladesh,Khaled Mahmud,Akram Khan,MO Odumbe,1,0,,,,,,"",""
ball,2,38.3,Bangladesh,Akram Khan,Khaled Mahmud,MO Odumbe,0,0,,,,,,"",""
ball,2,38.4,Bangladesh,Akram Khan,Khaled Mahmud,MO Odumbe,0,0,,,,,,"",""
ball,2,38.5,Bangladesh,Akram Khan,Khaled Mahmud,MO Odumbe,1,0,,,,,,"",""
ball,2,38.6,Bangladesh,Khaled Mahmud,Akram Khan,MO Odumbe,0,0,,,,,,"",""
ball,2,39.1,Bangladesh,Akram Khan,Khaled Mahmud,SO Tikolo,0,1,1,,,,,"",""
ball,2,39.2,Bangladesh,Akram Khan,Khaled Mahmud,SO Tikolo,0,0,,,,,,"",""
ball,2,39.3,Bangladesh,Akram Khan,Khaled Mahmud,SO Tikolo,0,0,,,,,,"",""
ball,2,39.4,Bangladesh,Akram Khan,Khaled Mahmud,SO Tikolo,0,0,,,,,,"",""
ball,2,39.5,Bangladesh,Akram Khan,Khaled Mahmud,SO Tikolo,1,0,,,,,,"",""
ball,2,39.6,Bangladesh,Khaled Mahmud,Akram Khan,SO Tikolo,2,0,,,,,,"",""
ball,2,39.7,Bangladesh,Khaled Mahmud,Akram Khan,SO Tikolo,0,0,,,,,,"",""
ball,2,40.1,Bangladesh,Akram Khan,Khaled Mahmud,MO Odumbe,0,0,,,,,,"",""
ball,2,40.2,Bangladesh,Akram Khan,Khaled Mahmud,MO Odumbe,1,0,,,,,,"",""
ball,2,40.3,Bangladesh,Khaled Mahmud,Akram Khan,MO Odumbe,0,0,,,,,,"",""
ball,2,40.4,Bangladesh,Khaled Mahmud,Akram Khan,MO Odumbe,0,0,,,,,,"",""
ball,2,40.5,Bangladesh,Khaled Mahmud,Akram Khan,MO Odumbe,0,0,,,,,,stumped,Khaled Mahmud
ball,2,40.6,Bangladesh,Mohammad Rafique,Akram Khan,MO Odumbe,0,0,,,,,,"",""
ball,2,41.1,Bangladesh,Akram Khan,Mohammad Rafique,SO Tikolo,0,0,,,,,,"",""
ball,2,41.2,Bangladesh,Akram Khan,Mohammad Rafique,SO Tikolo,1,0,,,,,,"",""
ball,2,41.3,Bangladesh,Mohammad Rafique,Akram Khan,SO Tikolo,0,0,,,,,,"",""
ball,2,41.4,Bangladesh,Mohammad Rafique,Akram Khan,SO Tikolo,0,0,,,,,,"",""
ball,2,41.5,Bangladesh,Mohammad Rafique,Akram Khan,SO Tikolo,0,0,,,,,,"",""
ball,2,41.6,Bangladesh,Mohammad Rafique,Akram Khan,SO Tikolo,0,0,,,,,,"",""
ball,2,42.1,Bangladesh,Akram Khan,Mohammad Rafique,MO Odumbe,4,0,,,,,,"",""
ball,2,42.2,Bangladesh,Akram Khan,Mohammad Rafique,MO Odumbe,0,0,,,,,,"",""
ball,2,42.3,Bangladesh,Akram Khan,Mohammad Rafique,MO Odumbe,0,0,,,,,,"",""
ball,2,42.4,Bangladesh,Akram Khan,Mohammad Rafique,MO Odumbe,0,0,,,,,,"",""
ball,2,42.5,Bangladesh,Akram Khan,Mohammad Rafique,MO Odumbe,4,0,,,,,,"",""
ball,2,42.6,Bangladesh,Akram Khan,Mohammad Rafique,MO Odumbe,0,0,,,,,,"",""
ball,2,43.1,Bangladesh,Mohammad Rafique,Akram Khan,SO Tikolo,0,0,,,,,,"",""
ball,2,43.2,Bangladesh,Mohammad Rafique,Akram Khan,SO Tikolo,0,0,,,,,,"",""
ball,2,43.3,Bangladesh,Mohammad Rafique,Akram Khan,SO Tikolo,1,0,,,,,,"",""
ball,2,43.4,Bangladesh,Akram Khan,Mohammad Rafique,SO Tikolo,0,0,,,,,,"",""
ball,2,43.5,Bangladesh,Akram Khan,Mohammad Rafique,SO Tikolo,1,0,,,,,,"",""
ball,2,43.6,Bangladesh,Mohammad Rafique,Akram Khan,SO Tikolo,1,0,,,,,,"",""
ball,2,44.1,Bangladesh,Mohammad Rafique,Akram Khan,MO Odumbe,1,0,,,,,,"",""
ball,2,44.2,Bangladesh,Akram Khan,Mohammad Rafique,MO Odumbe,1,0,,,,,,"",""
ball,2,44.3,Bangladesh,Mohammad Rafique,Akram Khan,MO Odumbe,0,1,1,,,,,"",""
ball,2,44.4,Bangladesh,Mohammad Rafique,Akram Khan,MO Odumbe,1,0,,,,,,"",""
ball,2,44.5,Bangladesh,Akram Khan,Mohammad Rafique,MO Odumbe,1,0,,,,,,"",""
ball,2,44.6,Bangladesh,Mohammad Rafique,Akram Khan,MO Odumbe,1,0,,,,,,"",""
ball,2,44.7,Bangladesh,Akram Khan,Mohammad Rafique,MO Odumbe,1,0,,,,,,"",""
ball,2,45.1,Bangladesh,Akram Khan,Mohammad Rafique,SO Tikolo,1,0,,,,,,"",""
ball,2,45.2,Bangladesh,Mohammad Rafique,Akram Khan,SO Tikolo,0,1,,,,1,,"",""
ball,2,45.3,Bangladesh,Akram Khan,Mohammad Rafique,SO Tikolo,1,0,,,,,,"",""
ball,2,45.4,Bangladesh,Mohammad Rafique,Akram Khan,SO Tikolo,0,0,,,,,,caught,Mohammad Rafique
ball,2,45.5,Bangladesh,Akram Khan,Tapash Baisya,SO Tikolo,0,0,,,,,,caught,Akram Khan
ball,2,45.6,Bangladesh,Tapash Baisya,Manjural Islam,SO Tikolo,0,0,,,,,,"",""
ball,2,46.1,Bangladesh,Manjural Islam,Tapash Baisya,CO Obuya,0,0,,,,,,"",""
ball,2,46.2,Bangladesh,Manjural Islam,Tapash Baisya,CO Obuya,0,1,,,,1,,"",""
ball,2,46.3,Bangladesh,Tapash Baisya,Manjural Islam,CO Obuya,0,0,,,,,,"",""
ball,2,46.4,Bangladesh,Tapash Baisya,Manjural Islam,CO Obuya,1,0,,,,,,"",""
ball,2,46.5,Bangladesh,Manjural Islam,Tapash Baisya,CO Obuya,2,0,,,,,,"",""
ball,2,46.6,Bangladesh,Manjural Islam,Tapash Baisya,CO Obuya,0,0,,,,,,"",""
ball,2,47.1,Bangladesh,Tapash Baisya,Manjural Islam,SO Tikolo,1,0,,,,,,"",""
ball,2,47.2,Bangladesh,Manjural Islam,Tapash Baisya,SO Tikolo,0,0,,,,,,stumped,Manjural Islam
