version,1.7.0
info,balls_per_over,6
info,team,Australia
info,team,Namibia
info,gender,male
info,season,2002/03
info,date,2003/02/27
info,event,ICC World Cup
info,match_number,31
info,venue,"North West Cricket Stadium, Potchefstroom"
info,city,Potchefstroom
info,toss_winner,Australia
info,toss_decision,bat
info,player_of_match,GD McGrath
info,umpire,BF Bowden
info,umpire,RB Tiffin
info,tv_umpire,NA Mallender
info,match_referee,GR Viswanath
info,winner,Australia
info,winner_runs,256
info,player,Australia,AC Gilchrist
info,player,Australia,ML Hayden
info,player,Australia,MG Bevan
info,player,Australia,A Symonds
info,player,Australia,RT Ponting
info,player,Australia,DR Martyn
info,player,Australia,DS Lehmann
info,player,Australia,GB Hogg
info,player,Australia,B Lee
info,player,Australia,AJ Bichel
info,player,Australia,GD McGrath
info,player,Namibia,AJ Burger
info,player,Namibia,SJ Swanepoel
info,player,Namibia,M Karg
info,player,Namibia,D Keulder
info,player,Namibia,GB Murgatroyd
info,player,Namibia,DB Kotze
info,player,Namibia,LJ Burger
info,player,Namibia,M van Schoor
info,player,Namibia,BL Kotze
info,player,Namibia,BO van Rooi
info,player,Namibia,RJ van Vuuren
info,registry,people,A Symonds,bd77eb62
info,registry,people,AC Gilchrist,2b6e6dec
info,registry,people,AJ Bichel,3cf83487
info,registry,people,AJ Burger,4347a4ae
info,registry,people,B Lee,dd09ff8e
info,registry,people,BF Bowden,efc0a862
info,registry,people,BL Kotze,540ffb25
info,registry,people,BO van Rooi,047945ae
info,registry,people,D Keulder,34c823b0
info,registry,people,DB Kotze,5ee47383
info,registry,people,DR Martyn,69762509
info,registry,people,DS Lehmann,53fe6ee4
info,registry,people,GB Hogg,f708a0bc
info,registry,people,GB Murgatroyd,18356eb3
info,registry,people,GD McGrath,ee7d0c82
info,registry,people,GR Viswanath,9333bc07
info,registry,people,LJ Burger,6f4d314b
info,registry,people,M Karg,856a5e81
info,registry,people,M van Schoor,74bd2653
info,registry,people,MG Bevan,c500ec39
info,registry,people,ML Hayden,d8699ab7
info,registry,people,NA Mallender,3b5dfcd4
info,registry,people,RB Tiffin,89087a0d
info,registry,people,RJ van Vuuren,0882b3f1
info,registry,people,RT Ponting,7d415ea5
info,registry,people,SJ Swanepoel,31e31116
ball,1,0.1,Australia,AC Gilchrist,ML Hayden,RJ van Vuuren,0,0,,,,,,"",""
ball,1,0.2,Australia,AC Gilchrist,ML Hayden,RJ van Vuuren,2,0,,,,,,"",""
ball,1,0.3,Australia,AC Gilchrist,ML Hayden,RJ van Vuuren,1,1,,1,,,,"",""
ball,1,0.4,Australia,ML Hayden,AC Gilchrist,RJ van Vuuren,0,1,1,,,,,"",""
ball,1,0.5,Australia,ML Hayden,AC Gilchrist,RJ van Vuuren,0,0,,,,,,"",""
ball,1,0.6,Australia,ML Hayden,AC Gilchrist,RJ van Vuuren,1,0,,,,,,"",""
ball,1,0.7,Australia,AC Gilchrist,ML Hayden,RJ van Vuuren,0,0,,,,,,"",""
ball,1,0.8,Australia,AC Gilchrist,ML Hayden,RJ van Vuuren,0,0,,,,,,"",""
ball,1,1.1,Australia,ML Hayden,AC Gilchrist,BO van Rooi,0,0,,,,,,"",""
ball,1,1.2,Australia,ML Hayden,AC Gilchrist,BO van Rooi,0,0,,,,,,"",""
ball,1,1.3,Australia,ML Hayden,AC Gilchrist,BO van Rooi,1,0,,,,,,"",""
ball,1,1.4,Australia,AC Gilchrist,ML Hayden,BO van Rooi,0,0,,,,,,"",""
ball,1,1.5,Australia,AC Gilchrist,ML Hayden,BO van Rooi,0,0,,,,,,"",""
ball,1,1.6,Australia,AC Gilchrist,ML Hayden,BO van Rooi,0,1,1,,,,,"",""
ball,1,1.7,Australia,AC Gilchrist,ML Hayden,BO van Rooi,0,0,,,,,,"",""
ball,1,2.1,Australia,ML Hayden,AC Gilchrist,RJ van Vuuren,1,0,,,,,,"",""
ball,1,2.2,Australia,AC Gilchrist,ML Hayden,RJ van Vuuren,4,0,,,,,,"",""
ball,1,2.3,Australia,AC Gilchrist,ML Hayden,RJ van Vuuren,0,0,,,,,,"",""
ball,1,2.4,Australia,AC Gilchrist,ML Hayden,RJ van Vuuren,0,0,,,,,,"",""
ball,1,2.5,Australia,AC Gilchrist,ML Hayden,RJ van Vuuren,4,0,,,,,,"",""
ball,1,2.6,Australia,AC Gilchrist,ML Hayden,RJ van Vuuren,0,0,,,,,,"",""
ball,1,3.1,Australia,ML Hayden,AC Gilchrist,BO van Rooi,0,0,,,,,,"",""
ball,1,3.2,Australia,ML Hayden,AC Gilchrist,BO van Rooi,0,0,,,,,,"",""
ball,1,3.3,Australia,ML Hayden,AC Gilchrist,BO van Rooi,1,0,,,,,,"",""
ball,1,3.4,Australia,AC Gilchrist,ML Hayden,BO van Rooi,0,1,1,,,,,"",""
ball,1,3.5,Australia,AC Gilchrist,ML Hayden,BO van Rooi,0,0,,,,,,"",""
ball,1,3.6,Australia,AC Gilchrist,ML Hayden,BO van Rooi,0,1,,,,1,,"",""
ball,1,3.7,Australia,ML Hayden,AC Gilchrist,BO van Rooi,0,0,,,,,,"",""
ball,1,4.1,Australia,AC Gilchrist,ML Hayden,RJ van Vuuren,0,0,,,,,,"",""
ball,1,4.2,Australia,AC Gilchrist,ML Hayden,RJ van Vuuren,0,0,,,,,,"",""
ball,1,4.3,Australia,AC Gilchrist,ML Hayden,RJ van Vuuren,1,1,,1,,,,"",""
ball,1,4.4,Australia,ML Hayden,AC Gilchrist,RJ van Vuuren,0,0,,,,,,"",""
ball,1,4.5,Australia,ML Hayden,AC Gilchrist,RJ van Vuuren,1,0,,,,,,"",""
ball,1,4.6,Australia,AC Gilchrist,ML Hayden,RJ van Vuuren,0,0,,,,,,"",""
ball,1,4.7,Australia,AC Gilchrist,ML Hayden,RJ van Vuuren,0,0,,,,,,"",""
ball,1,5.1,Australia,ML Hayden,AC Gilchrist,BO van Rooi,0,0,,,,,,"",""
ball,1,5.2,Australia,ML Hayden,AC Gilchrist,BO van Rooi,1,0,,,,,,"",""
ball,1,5.3,Australia,AC Gilchrist,ML Hayden,BO van Rooi,1,0,,,,,,"",""
ball,1,5.4,Australia,ML Hayden,AC Gilchrist,BO van Rooi,0,0,,,,,,"",""
ball,1,5.5,Australia,ML Hayden,AC Gilchrist,BO van Rooi,1,0,,,,,,"",""
ball,1,5.6,Australia,AC Gilchrist,ML Hayden,BO van Rooi,0,0,,,,,,bowled,AC Gilchrist
ball,1,6.1,Australia,ML Hayden,MG Bevan,RJ van Vuuren,4,0,,,,,,"",""
ball,1,6.2,Australia,ML Hayden,MG Bevan,RJ van Vuuren,4,0,,,,,,"",""
ball,1,6.3,Australia,ML Hayden,MG Bevan,RJ van Vuuren,2,0,,,,,,"",""
ball,1,6.4,Australia,ML Hayden,MG Bevan,RJ van Vuuren,0,0,,,,,,"",""
ball,1,6.5,Australia,ML Hayden,MG Bevan,RJ van Vuuren,4,0,,,,,,"",""
ball,1,6.6,Australia,ML Hayden,MG Bevan,RJ van Vuuren,0,0,,,,,,"",""
ball,1,7.1,Australia,MG Bevan,ML Hayden,BO van Rooi,0,1,1,,,,,"",""
ball,1,7.2,Australia,MG Bevan,ML Hayden,BO van Rooi,2,0,,,,,,"",""
ball,1,7.3,Australia,MG Bevan,ML Hayden,BO van Rooi,0,0,,,,,,"",""
ball,1,7.4,Australia,MG Bevan,ML Hayden,BO van Rooi,0,0,,,,,,"",""
ball,1,7.5,Australia,MG Bevan,ML Hayden,BO van Rooi,4,0,,,,,,"",""
ball,1,7.6,Australia,MG Bevan,ML Hayden,BO van Rooi,0,1,1,,,,,"",""
ball,1,7.7,Australia,MG Bevan,ML Hayden,BO van Rooi,0,0,,,,,,"",""
ball,1,7.8,Australia,MG Bevan,ML Hayden,BO van Rooi,0,2,,,,2,,"",""
ball,1,8.1,Australia,ML Hayden,MG Bevan,BL Kotze,1,0,,,,,,"",""
ball,1,8.2,Australia,MG Bevan,ML Hayden,BL Kotze,0,0,,,,,,"",""
ball,1,8.3,Australia,MG Bevan,ML Hayden,BL Kotze,0,0,,,,,,"",""
ball,1,8.4,Australia,MG Bevan,ML Hayden,BL Kotze,0,0,,,,,,"",""
ball,1,8.5,Australia,MG Bevan,ML Hayden,BL Kotze,0,0,,,,,,"",""
ball,1,8.6,Australia,MG Bevan,ML Hayden,BL Kotze,0,0,,,,,,"",""
ball,1,9.1,Australia,ML Hayden,MG Bevan,BO van Rooi,1,0,,,,,,"",""
ball,1,9.2,Australia,MG Bevan,ML Hayden,BO van Rooi,0,0,,,,,,"",""
ball,1,9.3,Australia,MG Bevan,ML Hayden,BO van Rooi,1,0,,,,,,"",""
ball,1,9.4,Australia,ML Hayden,MG Bevan,BO van Rooi,0,0,,,,,,"",""
ball,1,9.5,Australia,ML Hayden,MG Bevan,BO van Rooi,0,0,,,,,,"",""
ball,1,9.6,Australia,ML Hayden,MG Bevan,BO van Rooi,1,0,,,,,,"",""
ball,1,10.1,Australia,ML Hayden,MG Bevan,BL Kotze,0,0,,,,,,"",""
ball,1,10.2,Australia,ML Hayden,MG Bevan,BL Kotze,0,0,,,,,,"",""
ball,1,10.3,Australia,ML Hayden,MG Bevan,BL Kotze,0,0,,,,,,"",""
ball,1,10.4,Australia,ML Hayden,MG Bevan,BL Kotze,1,0,,,,,,"",""
ball,1,10.5,Australia,MG Bevan,ML Hayden,BL Kotze,0,0,,,,,,"",""
ball,1,10.6,Australia,MG Bevan,ML Hayden,BL Kotze,0,0,,,,,,"",""
ball,1,11.1,Australia,ML Hayden,MG Bevan,LJ Burger,4,0,,,,,,"",""
ball,1,11.2,Australia,ML Hayden,MG Bevan,LJ Burger,1,0,,,,,,"",""
ball,1,11.3,Australia,MG Bevan,ML Hayden,LJ Burger,0,0,,,,,,"",""
ball,1,11.4,Australia,MG Bevan,ML Hayden,LJ Burger,0,0,,,,,,"",""
ball,1,11.5,Australia,MG Bevan,ML Hayden,LJ Burger,0,0,,,,,,"",""
ball,1,11.6,Australia,MG Bevan,ML Hayden,LJ Burger,1,0,,,,,,"",""
ball,1,12.1,Australia,MG Bevan,ML Hayden,BL Kotze,0,0,,,,,,"",""
ball,1,12.2,Australia,MG Bevan,ML Hayden,BL Kotze,0,0,,,,,,"",""
ball,1,12.3,Australia,MG Bevan,ML Hayden,BL Kotze,1,0,,,,,,"",""
ball,1,12.4,Australia,ML Hayden,MG Bevan,BL Kotze,0,0,,,,,,"",""
ball,1,12.5,Australia,ML Hayden,MG Bevan,BL Kotze,0,0,,,,,,"",""
ball,1,12.6,Australia,ML Hayden,MG Bevan,BL Kotze,1,0,,,,,,"",""
ball,1,13.1,Australia,ML Hayden,MG Bevan,LJ Burger,0,0,,,,,,"",""
ball,1,13.2,Australia,ML Hayden,MG Bevan,LJ Burger,1,0,,,,,,"",""
ball,1,13.3,Australia,MG Bevan,ML Hayden,LJ Burger,0,0,,,,,,"",""
ball,1,13.4,Australia,MG Bevan,ML Hayden,LJ Burger,0,0,,,,,,"",""
ball,1,13.5,Australia,MG Bevan,ML Hayden,LJ Burger,0,0,,,,,,"",""
ball,1,13.6,Australia,MG Bevan,ML Hayden,LJ Burger,0,0,,,,,,"",""
ball,1,14.1,Australia,ML Hayden,MG Bevan,BL Kotze,0,0,,,,,,"",""
ball,1,14.2,Australia,ML Hayden,MG Bevan,BL Kotze,1,0,,,,,,"",""
ball,1,14.3,Australia,MG Bevan,ML Hayden,BL Kotze,0,0,,,,,,"",""
ball,1,14.4,Australia,MG Bevan,ML Hayden,BL Kotze,0,0,,,,,,"",""
ball,1,14.5,Australia,MG Bevan,ML Hayden,BL Kotze,0,1,1,,,,,"",""
ball,1,14.6,Australia,MG Bevan,ML Hayden,BL Kotze,0,0,,,,,,"",""
ball,1,14.7,Australia,MG Bevan,ML Hayden,BL Kotze,0,0,,,,,,"",""
ball,1,15.1,Australia,ML Hayden,MG Bevan,LJ Burger,0,1,,,,1,,"",""
ball,1,15.2,Australia,MG Bevan,ML Hayden,LJ Burger,0,0,,,,,,"",""
ball,1,15.3,Australia,MG Bevan,ML Hayden,LJ Burger,0,0,,,,,,"",""
ball,1,15.4,Australia,MG Bevan,ML Hayden,LJ Burger,1,0,,,,,,"",""
ball,1,15.5,Australia,ML Hayden,MG Bevan,LJ Burger,1,0,,,,,,"",""
ball,1,15.6,Australia,MG Bevan,ML Hayden,LJ Burger,0,0,,,,,,"",""
ball,1,16.1,Australia,ML Hayden,MG Bevan,BL Kotze,6,0,,,,,,"",""
ball,1,16.2,Australia,ML Hayden,MG Bevan,BL Kotze,4,0,,,,,,"",""
ball,1,16.3,Australia,ML Hayden,MG Bevan,BL Kotze,0,1,,1,,,,"",""
ball,1,16.4,Australia,ML Hayden,MG Bevan,BL Kotze,0,0,,,,,,"",""
ball,1,16.5,Australia,ML Hayden,MG Bevan,BL Kotze,2,0,,,,,,"",""
ball,1,16.6,Australia,ML Hayden,MG Bevan,BL Kotze,0,0,,,,,,"",""
ball,1,16.7,Australia,ML Hayden,MG Bevan,BL Kotze,1,0,,,,,,"",""
ball,1,17.1,Australia,ML Hayden,MG Bevan,LJ Burger,0,0,,,,,,"",""
ball,1,17.2,Australia,ML Hayden,MG Bevan,LJ Burger,1,0,,,,,,"",""
ball,1,17.3,Australia,MG Bevan,ML Hayden,LJ Burger,1,0,,,,,,"",""
ball,1,17.4,Australia,ML Hayden,MG Bevan,LJ Burger,0,0,,,,,,"",""
ball,1,17.5,Australia,ML Hayden,MG Bevan,LJ Burger,1,0,,,,,,"",""
ball,1,17.6,Australia,MG Bevan,ML Hayden,LJ Burger,2,0,,,,,,"",""
ball,1,18.1,Australia,ML Hayden,MG Bevan,BL Kotze,1,0,,,,,,"",""
ball,1,18.2,Australia,MG Bevan,ML Hayden,BL Kotze,0,0,,,,,,"",""
ball,1,18.3,Australia,MG Bevan,ML Hayden,BL Kotze,1,0,,,,,,"",""
ball,1,18.4,Australia,ML Hayden,MG Bevan,BL Kotze,4,0,,,,,,"",""
ball,1,18.5,Australia,ML Hayden,MG Bevan,BL Kotze,4,0,,,,,,"",""
ball,1,18.6,Australia,ML Hayden,MG Bevan,BL Kotze,2,0,,,,,,"",""
ball,1,19.1,Australia,MG Bevan,ML Hayden,LJ Burger,2,0,,,,,,"",""
ball,1,19.2,Australia,MG Bevan,ML Hayden,LJ Burger,1,0,,,,,,"",""
ball,1,19.3,Australia,ML Hayden,MG Bevan,LJ Burger,0,0,,,,,,"",""
ball,1,19.4,Australia,ML Hayden,MG Bevan,LJ Burger,1,0,,,,,,"",""
ball,1,19.5,Australia,MG Bevan,ML Hayden,LJ Burger,0,0,,,,,,"",""
ball,1,19.6,Australia,MG Bevan,ML Hayden,LJ Burger,0,0,,,,,,caught and bowled,MG Bevan
ball,1,20.1,Australia,ML Hayden,A Symonds,BL Kotze,0,0,,,,,,"",""
ball,1,20.2,Australia,ML Hayden,A Symonds,BL Kotze,6,0,,,,,,"",""
ball,1,20.3,Australia,ML Hayden,A Symonds,BL Kotze,4,0,,,,,,"",""
ball,1,20.4,Australia,ML Hayden,A Symonds,BL Kotze,4,0,,,,,,"",""
ball,1,20.5,Australia,ML Hayden,A Symonds,BL Kotze,1,0,,,,,,"",""
ball,1,20.6,Australia,A Symonds,ML Hayden,BL Kotze,0,1,,1,,,,"",""
ball,1,20.7,Australia,A Symonds,ML Hayden,BL Kotze,0,0,,,,,,"",""
ball,1,21.1,Australia,ML Hayden,A Symonds,LJ Burger,6,0,,,,,,"",""
ball,1,21.2,Australia,ML Hayden,A Symonds,LJ Burger,1,0,,,,,,"",""
ball,1,21.3,Australia,A Symonds,ML Hayden,LJ Burger,0,0,,,,,,"",""
ball,1,21.4,Australia,A Symonds,ML Hayden,LJ Burger,0,0,,,,,,"",""
ball,1,21.5,Australia,A Symonds,ML Hayden,LJ Burger,2,0,,,,,,"",""
ball,1,21.6,Australia,A Symonds,ML Hayden,LJ Burger,2,0,,,,,,"",""
ball,1,22.1,Australia,ML Hayden,A Symonds,DB Kotze,0,0,,,,,,"",""
ball,1,22.2,Australia,ML Hayden,A Symonds,DB Kotze,3,0,,,,,,"",""
ball,1,22.3,Australia,A Symonds,ML Hayden,DB Kotze,1,0,,,,,,"",""
ball,1,22.4,Australia,ML Hayden,A Symonds,DB Kotze,0,2,,,,2,,"",""
ball,1,22.5,Australia,ML Hayden,A Symonds,DB Kotze,1,0,,,,,,"",""
ball,1,22.6,Australia,A Symonds,ML Hayden,DB Kotze,0,0,,,,,,"",""
ball,1,23.1,Australia,ML Hayden,A Symonds,LJ Burger,1,0,,,,,,"",""
ball,1,23.2,Australia,A Symonds,ML Hayden,LJ Burger,0,0,,,,,,"",""
ball,1,23.3,Australia,A Symonds,ML Hayden,LJ Burger,1,0,,,,,,"",""
ball,1,23.4,Australia,ML Hayden,A Symonds,LJ Burger,0,0,,,,,,"",""
ball,1,23.5,Australia,ML Hayden,A Symonds,LJ Burger,0,0,,,,,,bowled,ML Hayden
ball,1,23.6,Australia,RT Ponting,A Symonds,LJ Burger,0,0,,,,,,"",""
ball,1,24.1,Australia,A Symonds,RT Ponting,DB Kotze,1,0,,,,,,"",""
ball,1,24.2,Australia,RT Ponting,A Symonds,DB Kotze,0,0,,,,,,"",""
ball,1,24.3,Australia,RT Ponting,A Symonds,DB Kotze,1,0,,,,,,"",""
ball,1,24.4,Australia,A Symonds,RT Ponting,DB Kotze,2,0,,,,,,"",""
ball,1,24.5,Australia,A Symonds,RT Ponting,DB Kotze,1,0,,,,,,"",""
ball,1,24.6,Australia,RT Ponting,A Symonds,DB Kotze,1,0,,,,,,"",""
ball,1,25.1,Australia,RT Ponting,A Symonds,LJ Burger,0,0,,,,,,"",""
ball,1,25.2,Australia,RT Ponting,A Symonds,LJ Burger,0,0,,,,,,"",""
ball,1,25.3,Australia,RT Ponting,A Symonds,LJ Burger,0,0,,,,,,"",""
ball,1,25.4,Australia,RT Ponting,A Symonds,LJ Burger,0,0,,,,,,"",""
ball,1,25.5,Australia,RT Ponting,A Symonds,LJ Burger,0,0,,,,,,caught,RT Ponting
ball,1,25.6,Australia,DR Martyn,A Symonds,LJ Burger,0,0,,,,,,"",""
ball,1,26.1,Australia,A Symonds,DR Martyn,DB Kotze,0,0,,,,,,"",""
ball,1,26.2,Australia,A Symonds,DR Martyn,DB Kotze,1,0,,,,,,"",""
ball,1,26.3,Australia,DR Martyn,A Symonds,DB Kotze,0,0,,,,,,"",""
ball,1,26.4,Australia,DR Martyn,A Symonds,DB Kotze,0,0,,,,,,"",""
ball,1,26.5,Australia,DR Martyn,A Symonds,DB Kotze,4,0,,,,,,"",""
ball,1,26.6,Australia,DR Martyn,A Symonds,DB Kotze,0,0,,,,,,"",""
ball,1,27.1,Australia,A Symonds,DR Martyn,LJ Burger,0,0,,,,,,"",""
ball,1,27.2,Australia,A Symonds,DR Martyn,LJ Burger,2,0,,,,,,"",""
ball,1,27.3,Australia,A Symonds,DR Martyn,LJ Burger,0,0,,,,,,"",""
ball,1,27.4,Australia,A Symonds,DR Martyn,LJ Burger,1,0,,,,,,"",""
ball,1,27.5,Australia,DR Martyn,A Symonds,LJ Burger,1,0,,,,,,"",""
ball,1,27.6,Australia,A Symonds,DR Martyn,LJ Burger,2,0,,,,,,"",""
ball,1,28.1,Australia,DR Martyn,A Symonds,DB Kotze,1,0,,,,,,"",""
ball,1,28.2,Australia,A Symonds,DR Martyn,DB Kotze,0,0,,,,,,"",""
ball,1,28.3,Australia,A Symonds,DR Martyn,DB Kotze,0,0,,,,,,"",""
ball,1,28.4,Australia,A Symonds,DR Martyn,DB Kotze,1,0,,,,,,"",""
ball,1,28.5,Australia,DR Martyn,A Symonds,DB Kotze,1,0,,,,,,"",""
ball,1,28.6,Australia,A Symonds,DR Martyn,DB Kotze,0,0,,,,,,"",""
ball,1,29.1,Australia,DR Martyn,A Symonds,LJ Burger,0,0,,,,,,"",""
ball,1,29.2,Australia,DR Martyn,A Symonds,LJ Burger,1,0,,,,,,"",""
ball,1,29.3,Australia,A Symonds,DR Martyn,LJ Burger,0,0,,,,,,"",""
ball,1,29.4,Australia,A Symonds,DR Martyn,LJ Burger,0,0,,,,,,"",""
ball,1,29.5,Australia,A Symonds,DR Martyn,LJ Burger,0,0,,,,,,"",""
ball,1,29.6,Australia,A Symonds,DR Martyn,LJ Burger,1,0,,,,,,"",""
ball,1,30.1,Australia,A Symonds,DR Martyn,DB Kotze,0,0,,,,,,"",""
ball,1,30.2,Australia,A Symonds,DR Martyn,DB Kotze,0,0,,,,,,"",""
ball,1,30.3,Australia,A Symonds,DR Martyn,DB Kotze,0,0,,,,,,"",""
ball,1,30.4,Australia,A Symonds,DR Martyn,DB Kotze,1,0,,,,,,"",""
ball,1,30.5,Australia,DR Martyn,A Symonds,DB Kotze,1,0,,,,,,"",""
ball,1,30.6,Australia,A Symonds,DR Martyn,DB Kotze,4,0,,,,,,"",""
ball,1,31.1,Australia,DR Martyn,A Symonds,RJ van Vuuren,1,0,,,,,,"",""
ball,1,31.2,Australia,A Symonds,DR Martyn,RJ van Vuuren,0,0,,,,,,"",""
ball,1,31.3,Australia,A Symonds,DR Martyn,RJ van Vuuren,0,0,,,,,,"",""
ball,1,31.4,Australia,A Symonds,DR Martyn,RJ van Vuuren,0,0,,,,,,"",""
ball,1,31.5,Australia,A Symonds,DR Martyn,RJ van Vuuren,0,0,,,,,,"",""
ball,1,31.6,Australia,A Symonds,DR Martyn,RJ van Vuuren,0,0,,,,,,"",""
ball,1,32.1,Australia,DR Martyn,A Symonds,DB Kotze,0,0,,,,,,"",""
ball,1,32.2,Australia,DR Martyn,A Symonds,DB Kotze,0,0,,,,,,"",""
ball,1,32.3,Australia,DR Martyn,A Symonds,DB Kotze,2,0,,,,,,"",""
ball,1,32.4,Australia,DR Martyn,A Symonds,DB Kotze,2,0,,,,,,"",""
ball,1,32.5,Australia,DR Martyn,A Symonds,DB Kotze,1,0,,,,,,"",""
ball,1,32.6,Australia,A Symonds,DR Martyn,DB Kotze,0,0,,,,,,"",""
ball,1,33.1,Australia,DR Martyn,A Symonds,RJ van Vuuren,0,0,,,,,,"",""
ball,1,33.2,Australia,DR Martyn,A Symonds,RJ van Vuuren,0,0,,,,,,"",""
ball,1,33.3,Australia,DR Martyn,A Symonds,RJ van Vuuren,0,0,,,,,,"",""
ball,1,33.4,Australia,DR Martyn,A Symonds,RJ van Vuuren,1,0,,,,,,"",""
ball,1,33.5,Australia,A Symonds,DR Martyn,RJ van Vuuren,6,0,,,,,,"",""
ball,1,33.6,Australia,A Symonds,DR Martyn,RJ van Vuuren,2,0,,,,,,"",""
ball,1,34.1,Australia,DR Martyn,A Symonds,DB Kotze,4,0,,,,,,"",""
ball,1,34.2,Australia,DR Martyn,A Symonds,DB Kotze,0,0,,,,,,"",""
ball,1,34.3,Australia,DR Martyn,A Symonds,DB Kotze,1,0,,,,,,"",""
ball,1,34.4,Australia,A Symonds,DR Martyn,DB Kotze,4,0,,,,,,"",""
ball,1,34.5,Australia,A Symonds,DR Martyn,DB Kotze,0,0,,,,,,"",""
ball,1,34.6,Australia,A Symonds,DR Martyn,DB Kotze,0,0,,,,,,"",""
ball,1,35.1,Australia,DR Martyn,A Symonds,RJ van Vuuren,0,0,,,,,,"",""
ball,1,35.2,Australia,DR Martyn,A Symonds,RJ van Vuuren,1,0,,,,,,"",""
ball,1,35.3,Australia,A Symonds,DR Martyn,RJ van Vuuren,1,0,,,,,,"",""
ball,1,35.4,Australia,DR Martyn,A Symonds,RJ van Vuuren,0,0,,,,,,"",""
ball,1,35.5,Australia,DR Martyn,A Symonds,RJ van Vuuren,0,0,,,,,,"",""
ball,1,35.6,Australia,DR Martyn,A Symonds,RJ van Vuuren,2,0,,,,,,"",""
ball,1,36.1,Australia,A Symonds,DR Martyn,DB Kotze,1,0,,,,,,"",""
ball,1,36.2,Australia,DR Martyn,A Symonds,DB Kotze,0,0,,,,,,"",""
ball,1,36.3,Australia,DR Martyn,A Symonds,DB Kotze,0,0,,,,,,"",""
ball,1,36.4,Australia,DR Martyn,A Symonds,DB Kotze,1,0,,,,,,"",""
ball,1,36.5,Australia,A Symonds,DR Martyn,DB Kotze,0,0,,,,,,"",""
ball,1,36.6,Australia,A Symonds,DR Martyn,DB Kotze,0,0,,,,,,"",""
ball,1,37.1,Australia,DR Martyn,A Symonds,AJ Burger,1,0,,,,,,"",""
ball,1,37.2,Australia,A Symonds,DR Martyn,AJ Burger,1,0,,,,,,"",""
ball,1,37.3,Australia,DR Martyn,A Symonds,AJ Burger,1,0,,,,,,"",""
ball,1,37.4,Australia,A Symonds,DR Martyn,AJ Burger,1,0,,,,,,"",""
ball,1,37.5,Australia,DR Martyn,A Symonds,AJ Burger,0,0,,,,,,"",""
ball,1,37.6,Australia,DR Martyn,A Symonds,AJ Burger,0,0,,,,,,"",""
ball,1,38.1,Australia,A Symonds,DR Martyn,DB Kotze,1,0,,,,,,"",""
ball,1,38.2,Australia,DR Martyn,A Symonds,DB Kotze,0,0,,,,,,"",""
ball,1,38.3,Australia,DR Martyn,A Symonds,DB Kotze,0,0,,,,,,"",""
ball,1,38.4,Australia,DR Martyn,A Symonds,DB Kotze,0,0,,,,,,"",""
ball,1,38.5,Australia,DR Martyn,A Symonds,DB Kotze,1,0,,,,,,"",""
ball,1,38.6,Australia,A Symonds,DR Martyn,DB Kotze,6,0,,,,,,"",""
ball,1,39.1,Australia,DR Martyn,A Symonds,AJ Burger,1,0,,,,,,"",""
ball,1,39.2,Australia,A Symonds,DR Martyn,AJ Burger,1,0,,,,,,"",""
ball,1,39.3,Australia,DR Martyn,A Symonds,AJ Burger,1,0,,,,,,"",""
ball,1,39.4,Australia,A Symonds,DR Martyn,AJ Burger,0,0,,,,,,"",""
ball,1,39.5,Australia,A Symonds,DR Martyn,AJ Burger,1,0,,,,,,"",""
ball,1,39.6,Australia,DR Martyn,A Symonds,AJ Burger,0,0,,,,,,"",""
ball,1,40.1,Australia,A Symonds,DR Martyn,DB Kotze,2,0,,,,,,"",""
ball,1,40.2,Australia,A Symonds,DR Martyn,DB Kotze,1,0,,,,,,"",""
ball,1,40.3,Australia,DR Martyn,A Symonds,DB Kotze,0,0,,,,,,"",""
ball,1,40.4,Australia,DR Martyn,A Symonds,DB Kotze,0,0,,,,,,"",""
ball,1,40.5,Australia,DR Martyn,A Symonds,DB Kotze,1,0,,,,,,"",""
ball,1,40.6,Australia,A Symonds,DR Martyn,DB Kotze,1,0,,,,,,"",""
ball,1,41.1,Australia,A Symonds,DR Martyn,AJ Burger,2,0,,,,,,"",""
ball,1,41.2,Australia,A Symonds,DR Martyn,AJ Burger,1,0,,,,,,"",""
ball,1,41.3,Australia,DR Martyn,A Symonds,AJ Burger,1,0,,,,,,"",""
ball,1,41.4,Australia,A Symonds,DR Martyn,AJ Burger,2,0,,,,,,"",""
ball,1,41.5,Australia,A Symonds,DR Martyn,AJ Burger,2,0,,,,,,"",""
ball,1,41.6,Australia,A Symonds,DR Martyn,AJ Burger,0,0,,,,,,"",""
ball,1,42.1,Australia,DR Martyn,A Symonds,BL Kotze,2,0,,,,,,"",""
ball,1,42.2,Australia,DR Martyn,A Symonds,BL Kotze,1,0,,,,,,run out,A Symonds
ball,1,42.3,Australia,DS Lehmann,DR Martyn,BL Kotze,0,0,,,,,,"",""
ball,1,42.4,Australia,DS Lehmann,DR Martyn,BL Kotze,1,0,,,,,,"",""
ball,1,42.5,Australia,DR Martyn,DS Lehmann,BL Kotze,0,0,,,,,,bowled,DR Martyn
ball,1,42.6,Australia,GB Hogg,DS Lehmann,BL Kotze,0,0,,,,,,"",""
ball,1,43.1,Australia,DS Lehmann,GB Hogg,AJ Burger,0,0,,,,,,"",""
ball,1,43.2,Australia,DS Lehmann,GB Hogg,AJ Burger,2,0,,,,,,"",""
ball,1,43.3,Australia,DS Lehmann,GB Hogg,AJ Burger,4,0,,,,,,"",""
ball,1,43.4,Australia,DS Lehmann,GB Hogg,AJ Burger,0,0,,,,,,"",""
ball,1,43.5,Australia,DS Lehmann,GB Hogg,AJ Burger,0,0,,,,,,"",""
ball,1,43.6,Australia,DS Lehmann,GB Hogg,AJ Burger,0,0,,,,,,"",""
ball,1,44.1,Australia,GB Hogg,DS Lehmann,BL Kotze,1,0,,,,,,"",""
ball,1,44.2,Australia,DS Lehmann,GB Hogg,BL Kotze,0,0,,,,,,"",""
ball,1,44.3,Australia,DS Lehmann,GB Hogg,BL Kotze,1,0,,,,,,"",""
ball,1,44.4,Australia,GB Hogg,DS Lehmann,BL Kotze,0,0,,,,,,"",""
ball,1,44.5,Australia,GB Hogg,DS Lehmann,BL Kotze,4,0,,,,,,"",""
ball,1,44.6,Australia,GB Hogg,DS Lehmann,BL Kotze,1,0,,,,,,"",""
ball,1,45.1,Australia,GB Hogg,DS Lehmann,RJ van Vuuren,1,0,,,,,,"",""
ball,1,45.2,Australia,DS Lehmann,GB Hogg,RJ van Vuuren,0,0,,,,,,"",""
ball,1,45.3,Australia,DS Lehmann,GB Hogg,RJ van Vuuren,1,0,,,,,,"",""
ball,1,45.4,Australia,GB Hogg,DS Lehmann,RJ van Vuuren,1,0,,,,,,"",""
ball,1,45.5,Australia,DS Lehmann,GB Hogg,RJ van Vuuren,1,0,,,,,,"",""
ball,1,45.6,Australia,GB Hogg,DS Lehmann,RJ van Vuuren,4,0,,,,,,"",""
ball,1,46.1,Australia,DS Lehmann,GB Hogg,BL Kotze,0,0,,,,,,"",""
ball,1,46.2,Australia,DS Lehmann,GB Hogg,BL Kotze,1,0,,,,,,"",""
ball,1,46.3,Australia,GB Hogg,DS Lehmann,BL Kotze,1,0,,,,,,"",""
ball,1,46.4,Australia,DS Lehmann,GB Hogg,BL Kotze,0,0,,,,,,"",""
ball,1,46.5,Australia,DS Lehmann,GB Hogg,BL Kotze,0,0,,,,,,"",""
ball,1,46.6,Australia,DS Lehmann,GB Hogg,BL Kotze,1,0,,,,,,"",""
ball,1,47.1,Australia,DS Lehmann,GB Hogg,RJ van Vuuren,0,0,,,,,,"",""
ball,1,47.2,Australia,DS Lehmann,GB Hogg,RJ van Vuuren,0,2,,,,2,,"",""
ball,1,47.3,Australia,DS Lehmann,GB Hogg,RJ van Vuuren,6,0,,,,,,"",""
ball,1,47.4,Australia,DS Lehmann,GB Hogg,RJ van Vuuren,2,0,,,,,,"",""
ball,1,47.5,Australia,DS Lehmann,GB Hogg,RJ van Vuuren,1,0,,,,,,"",""
ball,1,47.6,Australia,GB Hogg,DS Lehmann,RJ van Vuuren,1,0,,,,,,"",""
ball,1,48.1,Australia,GB Hogg,DS Lehmann,BO van Rooi,1,0,,,,,,"",""
ball,1,48.2,Australia,DS Lehmann,GB Hogg,BO van Rooi,0,0,,,,,,"",""
ball,1,48.3,Australia,DS Lehmann,GB Hogg,BO van Rooi,1,0,,,,,,"",""
ball,1,48.4,Australia,GB Hogg,DS Lehmann,BO van Rooi,0,0,,,,,,"",""
ball,1,48.5,Australia,GB Hogg,DS Lehmann,BO van Rooi,0,0,,,,,,"",""
ball,1,48.6,Australia,GB Hogg,DS Lehmann,BO van Rooi,4,0,,,,,,"",""
ball,1,49.1,Australia,DS Lehmann,GB Hogg,RJ van Vuuren,4,0,,,,,,"",""
ball,1,49.2,Australia,DS Lehmann,GB Hogg,RJ van Vuuren,4,0,,,,,,"",""
ball,1,49.3,Australia,DS Lehmann,GB Hogg,RJ van Vuuren,4,0,,,,,,"",""
ball,1,49.4,Australia,DS Lehmann,GB Hogg,RJ van Vuuren,6,0,,,,,,"",""
ball,1,49.5,Australia,DS Lehmann,GB Hogg,RJ van Vuuren,4,0,,,,,,"",""
ball,1,49.6,Australia,DS Lehmann,GB Hogg,RJ van Vuuren,6,0,,,,,,"",""
ball,2,0.1,Namibia,AJ Burger,SJ Swanepoel,GD McGrath,0,0,,,,,,"",""
ball,2,0.2,Namibia,AJ Burger,SJ Swanepoel,GD McGrath,0,0,,,,,,"",""
ball,2,0.3,Namibia,AJ Burger,SJ Swanepoel,GD McGrath,4,0,,,,,,"",""
ball,2,0.4,Namibia,AJ Burger,SJ Swanepoel,GD McGrath,0,1,1,,,,,"",""
ball,2,0.5,Namibia,AJ Burger,SJ Swanepoel,GD McGrath,0,0,,,,,,caught,AJ Burger
ball,2,0.6,Namibia,M Karg,SJ Swanepoel,GD McGrath,0,5,5,,,,,"",""
ball,2,0.7,Namibia,M Karg,SJ Swanepoel,GD McGrath,0,0,,,,,,"",""
ball,2,0.8,Namibia,M Karg,SJ Swanepoel,GD McGrath,2,0,,,,,,"",""
ball,2,1.1,Namibia,SJ Swanepoel,M Karg,B Lee,2,0,,,,,,"",""
ball,2,1.2,Namibia,SJ Swanepoel,M Karg,B Lee,0,0,,,,,,"",""
ball,2,1.3,Namibia,SJ Swanepoel,M Karg,B Lee,0,0,,,,,,"",""
ball,2,1.4,Namibia,SJ Swanepoel,M Karg,B Lee,0,0,,,,,,"",""
ball,2,1.5,Namibia,SJ Swanepoel,M Karg,B Lee,0,0,,,,,,"",""
ball,2,1.6,Namibia,SJ Swanepoel,M Karg,B Lee,0,0,,,,,,"",""
ball,2,2.1,Namibia,M Karg,SJ Swanepoel,GD McGrath,0,0,,,,,,"",""
ball,2,2.2,Namibia,M Karg,SJ Swanepoel,GD McGrath,0,0,,,,,,"",""
ball,2,2.3,Namibia,M Karg,SJ Swanepoel,GD McGrath,0,0,,,,,,"",""
ball,2,2.4,Namibia,M Karg,SJ Swanepoel,GD McGrath,0,0,,,,,,"",""
ball,2,2.5,Namibia,M Karg,SJ Swanepoel,GD McGrath,0,0,,,,,,"",""
ball,2,2.6,Namibia,M Karg,SJ Swanepoel,GD McGrath,0,0,,,,,,"",""
ball,2,3.1,Namibia,SJ Swanepoel,M Karg,B Lee,0,0,,,,,,"",""
ball,2,3.2,Namibia,SJ Swanepoel,M Karg,B Lee,0,0,,,,,,caught,SJ Swanepoel
ball,2,3.3,Namibia,D Keulder,M Karg,B Lee,0,0,,,,,,"",""
ball,2,3.4,Namibia,D Keulder,M Karg,B Lee,0,0,,,,,,"",""
ball,2,3.5,Namibia,D Keulder,M Karg,B Lee,0,0,,,,,,"",""
ball,2,3.6,Namibia,D Keulder,M Karg,B Lee,0,0,,,,,,"",""
ball,2,4.1,Namibia,M Karg,D Keulder,GD McGrath,0,0,,,,,,"",""
ball,2,4.2,Namibia,M Karg,D Keulder,GD McGrath,0,0,,,,,,"",""
ball,2,4.3,Namibia,M Karg,D Keulder,GD McGrath,0,0,,,,,,"",""
ball,2,4.4,Namibia,M Karg,D Keulder,GD McGrath,2,0,,,,,,"",""
ball,2,4.5,Namibia,M Karg,D Keulder,GD McGrath,0,0,,,,,,"",""
ball,2,4.6,Namibia,M Karg,D Keulder,GD McGrath,0,0,,,,,,caught,M Karg
ball,2,5.1,Namibia,D Keulder,GB Murgatroyd,B Lee,0,0,,,,,,"",""
ball,2,5.2,Namibia,D Keulder,GB Murgatroyd,B Lee,0,0,,,,,,"",""
ball,2,5.3,Namibia,D Keulder,GB Murgatroyd,B Lee,0,1,,1,,,,"",""
ball,2,5.4,Namibia,D Keulder,GB Murgatroyd,B Lee,0,0,,,,,,"",""
ball,2,5.5,Namibia,D Keulder,GB Murgatroyd,B Lee,0,0,,,,,,"",""
ball,2,5.6,Namibia,D Keulder,GB Murgatroyd,B Lee,0,0,,,,,,"",""
ball,2,5.7,Namibia,D Keulder,GB Murgatroyd,B Lee,0,0,,,,,,"",""
ball,2,6.1,Namibia,GB Murgatroyd,D Keulder,GD McGrath,0,0,,,,,,"",""
ball,2,6.2,Namibia,GB Murgatroyd,D Keulder,GD McGrath,0,0,,,,,,"",""
ball,2,6.3,Namibia,GB Murgatroyd,D Keulder,GD McGrath,0,0,,,,,,lbw,GB Murgatroyd
ball,2,6.4,Namibia,DB Kotze,D Keulder,GD McGrath,0,0,,,,,,"",""
ball,2,6.5,Namibia,DB Kotze,D Keulder,GD McGrath,0,0,,,,,,"",""
ball,2,6.6,Namibia,DB Kotze,D Keulder,GD McGrath,0,0,,,,,,"",""
ball,2,7.1,Namibia,D Keulder,DB Kotze,B Lee,0,0,,,,,,"",""
ball,2,7.2,Namibia,D Keulder,DB Kotze,B Lee,0,0,,,,,,"",""
ball,2,7.3,Namibia,D Keulder,DB Kotze,B Lee,0,4,,,,4,,"",""
ball,2,7.4,Namibia,D Keulder,DB Kotze,B Lee,0,0,,,,,,"",""
ball,2,7.5,Namibia,D Keulder,DB Kotze,B Lee,3,0,,,,,,"",""
ball,2,7.6,Namibia,DB Kotze,D Keulder,B Lee,4,0,,,,,,"",""
ball,2,8.1,Namibia,D Keulder,DB Kotze,GD McGrath,0,0,,,,,,"",""
ball,2,8.2,Namibia,D Keulder,DB Kotze,GD McGrath,0,0,,,,,,"",""
ball,2,8.3,Namibia,D Keulder,DB Kotze,GD McGrath,0,0,,,,,,"",""
ball,2,8.4,Namibia,D Keulder,DB Kotze,GD McGrath,0,0,,,,,,caught,D Keulder
ball,2,8.5,Namibia,LJ Burger,DB Kotze,GD McGrath,0,0,,,,,,"",""
ball,2,8.6,Namibia,LJ Burger,DB Kotze,GD McGrath,0,0,,,,,,"",""
ball,2,9.1,Namibia,DB Kotze,LJ Burger,B Lee,1,1,,1,,,,"",""
ball,2,9.2,Namibia,LJ Burger,DB Kotze,B Lee,0,0,,,,,,"",""
ball,2,9.3,Namibia,LJ Burger,DB Kotze,B Lee,0,1,,1,,,,"",""
ball,2,9.4,Namibia,LJ Burger,DB Kotze,B Lee,0,0,,,,,,"",""
ball,2,9.5,Namibia,LJ Burger,DB Kotze,B Lee,1,0,,,,,,"",""
ball,2,9.6,Namibia,DB Kotze,LJ Burger,B Lee,0,0,,,,,,"",""
ball,2,9.7,Namibia,DB Kotze,LJ Burger,B Lee,1,0,,,,,,"",""
ball,2,9.8,Namibia,LJ Burger,DB Kotze,B Lee,0,0,,,,,,"",""
ball,2,10.1,Namibia,DB Kotze,LJ Burger,GD McGrath,1,0,,,,,,"",""
ball,2,10.2,Namibia,LJ Burger,DB Kotze,GD McGrath,0,0,,,,,,"",""
ball,2,10.3,Namibia,LJ Burger,DB Kotze,GD McGrath,0,0,,,,,,"",""
ball,2,10.4,Namibia,LJ Burger,DB Kotze,GD McGrath,0,0,,,,,,"",""
ball,2,10.5,Namibia,LJ Burger,DB Kotze,GD McGrath,0,0,,,,,,caught,LJ Burger
ball,2,10.6,Namibia,M van Schoor,DB Kotze,GD McGrath,0,0,,,,,,"",""
ball,2,11.1,Namibia,DB Kotze,M van Schoor,B Lee,0,1,,1,,,,"",""
ball,2,11.2,Namibia,DB Kotze,M van Schoor,B Lee,0,0,,,,,,"",""
ball,2,11.3,Namibia,DB Kotze,M van Schoor,B Lee,0,0,,,,,,"",""
ball,2,11.4,Namibia,DB Kotze,M van Schoor,B Lee,3,0,,,,,,"",""
ball,2,11.5,Namibia,M van Schoor,DB Kotze,B Lee,2,0,,,,,,"",""
ball,2,11.6,Namibia,M van Schoor,DB Kotze,B Lee,4,0,,,,,,"",""
ball,2,11.7,Namibia,M van Schoor,DB Kotze,B Lee,0,1,,1,,,,"",""
ball,2,11.8,Namibia,M van Schoor,DB Kotze,B Lee,0,0,,,,,,"",""
ball,2,12.1,Namibia,DB Kotze,M van Schoor,GD McGrath,0,0,,,,,,"",""
ball,2,12.2,Namibia,DB Kotze,M van Schoor,GD McGrath,0,0,,,,,,caught,DB Kotze
ball,2,12.3,Namibia,BL Kotze,M van Schoor,GD McGrath,0,0,,,,,,"",""
ball,2,12.4,Namibia,BL Kotze,M van Schoor,GD McGrath,0,0,,,,,,"",""
ball,2,12.5,Namibia,BL Kotze,M van Schoor,GD McGrath,0,0,,,,,,bowled,BL Kotze
ball,2,12.6,Namibia,BO van Rooi,M van Schoor,GD McGrath,0,0,,,,,,"",""
ball,2,13.1,Namibia,M van Schoor,BO van Rooi,AJ Bichel,0,0,,,,,,"",""
ball,2,13.2,Namibia,M van Schoor,BO van Rooi,AJ Bichel,0,0,,,,,,"",""
ball,2,13.3,Namibia,M van Schoor,BO van Rooi,AJ Bichel,0,0,,,,,,"",""
ball,2,13.4,Namibia,M van Schoor,BO van Rooi,AJ Bichel,0,0,,,,,,"",""
ball,2,13.5,Namibia,M van Schoor,BO van Rooi,AJ Bichel,0,0,,,,,,caught,M van Schoor
ball,2,13.6,Namibia,RJ van Vuuren,BO van Rooi,AJ Bichel,0,0,,,,,,caught,RJ van Vuuren
