version,1.7.0
info,balls_per_over,6
info,team,Bangladesh
info,team,New Zealand
info,gender,male
info,season,2002/03
info,date,2003/02/26
info,event,ICC World Cup
info,match_number,29
info,venue,"De Beers Diamond Oval, Kimberley"
info,city,Kimberley
info,toss_winner,Bangladesh
info,toss_decision,bat
info,player_of_match,CD McMillan
info,umpire,DB Hair
info,umpire,DR Shepherd
info,tv_umpire,BG Jerling
info,match_referee,MJ Procter
info,winner,New Zealand
info,winner_wickets,7
info,player,Bangladesh,Hannan Sarkar
info,player,Bangladesh,Mohammad Ashraful
info,player,Bangladesh,Sanwar Hossain
info,player,Bangladesh,Habibul Bashar
info,player,Bangladesh,Alok Kapali
info,player,Bangladesh,Akram Khan
info,player,Bangladesh,Khaled Mashud
info,player,Bangladesh,Khaled Mahmud
info,player,Bangladesh,Mohammad Rafique
info,player,Bangladesh,Manjural Islam
info,player,Bangladesh,Tapash Baisya
info,player,New Zealand,CD McMillan
info,player,New Zealand,SP Fleming
info,player,New Zealand,AR Adams
info,player,New Zealand,SB Styris
info,player,New Zealand,CL Cairns
info,player,New Zealand,MS Sinclair
info,player,New Zealand,BB McCullum
info,player,New Zealand,JDP Oram
info,player,New Zealand,KD Mills
info,player,New Zealand,DL Vettori
info,player,New Zealand,SE Bond
info,registry,people,AR Adams,525c3f54
info,registry,people,Akram Khan,fbc5b9e2
info,registry,people,Alok Kapali,54279e23
info,registry,people,BB McCullum,b8a55852
info,registry,people,BG Jerling,26457e41
info,registry,people,CD McMillan,f5390243
info,registry,people,CL Cairns,0b130202
info,registry,people,DB Hair,492e1a8e
info,registry,people,DL Vettori,d7c6af50
info,registry,people,DR Shepherd,8a578048
info,registry,people,Habibul Bashar,e74ad9ea
info,registry,people,Hannan Sarkar,608e1581
info,registry,people,JDP Oram,3eac9d95
info,registry,people,KD Mills,7fb32e5b
info,registry,people,Khaled Mahmud,0c8a1d51
info,registry,people,Khaled Mashud,ade071c5
info,registry,people,MJ Procter,32e65048
info,registry,people,MS Sinclair,1b668884
info,registry,people,Manjural Islam,2cfa6534
info,registry,people,Mohammad Ashraful,2bb09eb2
info,registry,people,Mohammad Rafique,7ff3fcaa
info,registry,people,SB Styris,57efa3be
info,registry,people,SE Bond,4f629497
info,registry,people,SP Fleming,eea6b7f1
info,registry,people,Sanwar Hossain,2cccba8f
info,registry,people,Tapash Baisya,bb1819fa
ball,1,0.1,Bangladesh,Hannan Sarkar,Mohammad Ashraful,SE Bond,0,0,,,,,,"",""
ball,1,0.2,Bangladesh,Hannan Sarkar,Mohammad Ashraful,SE Bond,0,0,,,,,,"",""
ball,1,0.3,Bangladesh,Hannan Sarkar,Mohammad Ashraful,SE Bond,0,0,,,,,,"",""
ball,1,0.4,Bangladesh,Hannan Sarkar,Mohammad Ashraful,SE Bond,0,0,,,,,,"",""
ball,1,0.5,Bangladesh,Hannan Sarkar,Mohammad Ashraful,SE Bond,0,0,,,,,,"",""
ball,1,0.6,Bangladesh,Hannan Sarkar,Mohammad Ashraful,SE Bond,0,0,,,,,,"",""
ball,1,1.1,Bangladesh,Mohammad Ashraful,Hannan Sarkar,KD Mills,1,0,,,,,,"",""
ball,1,1.2,Bangladesh,Hannan Sarkar,Mohammad Ashraful,KD Mills,0,0,,,,,,"",""
ball,1,1.3,Bangladesh,Hannan Sarkar,Mohammad Ashraful,KD Mills,4,1,,1,,,,"",""
ball,1,1.4,Bangladesh,Hannan Sarkar,Mohammad Ashraful,KD Mills,0,0,,,,,,"",""
ball,1,1.5,Bangladesh,Hannan Sarkar,Mohammad Ashraful,KD Mills,4,0,,,,,,"",""
ball,1,1.6,Bangladesh,Hannan Sarkar,Mohammad Ashraful,KD Mills,0,0,,,,,,"",""
ball,1,1.7,Bangladesh,Hannan Sarkar,Mohammad Ashraful,KD Mills,0,0,,,,,,"",""
ball,1,2.1,Bangladesh,Mohammad Ashraful,Hannan Sarkar,SE Bond,0,0,,,,,,"",""
ball,1,2.2,Bangladesh,Mohammad Ashraful,Hannan Sarkar,SE Bond,0,0,,,,,,"",""
ball,1,2.3,Bangladesh,Mohammad Ashraful,Hannan Sarkar,SE Bond,4,0,,,,,,"",""
ball,1,2.4,Bangladesh,Mohammad Ashraful,Hannan Sarkar,SE Bond,0,0,,,,,,"",""
ball,1,2.5,Bangladesh,Mohammad Ashraful,Hannan Sarkar,SE Bond,0,0,,,,,,"",""
ball,1,2.6,Bangladesh,Mohammad Ashraful,Hannan Sarkar,SE Bond,0,0,,,,,,"",""
ball,1,3.1,Bangladesh,Hannan Sarkar,Mohammad Ashraful,KD Mills,0,0,,,,,,"",""
ball,1,3.2,Bangladesh,Hannan Sarkar,Mohammad Ashraful,KD Mills,1,0,,,,,,"",""
ball,1,3.3,Bangladesh,Mohammad Ashraful,Hannan Sarkar,KD Mills,0,0,,,,,,"",""
ball,1,3.4,Bangladesh,Mohammad Ashraful,Hannan Sarkar,KD Mills,0,0,,,,,,"",""
ball,1,3.5,Bangladesh,Mohammad Ashraful,Hannan Sarkar,KD Mills,0,0,,,,,,"",""
ball,1,3.6,Bangladesh,Mohammad Ashraful,Hannan Sarkar,KD Mills,0,0,,,,,,"",""
ball,1,4.1,Bangladesh,Hannan Sarkar,Mohammad Ashraful,SE Bond,0,0,,,,,,"",""
ball,1,4.2,Bangladesh,Hannan Sarkar,Mohammad Ashraful,SE Bond,0,0,,,,,,"",""
ball,1,4.3,Bangladesh,Hannan Sarkar,Mohammad Ashraful,SE Bond,0,1,1,,,,,"",""
ball,1,4.4,Bangladesh,Hannan Sarkar,Mohammad Ashraful,SE Bond,0,0,,,,,,"",""
ball,1,4.5,Bangladesh,Hannan Sarkar,Mohammad Ashraful,SE Bond,0,0,,,,,,"",""
ball,1,4.6,Bangladesh,Hannan Sarkar,Mohammad Ashraful,SE Bond,0,0,,,,,,"",""
ball,1,4.7,Bangladesh,Hannan Sarkar,Mohammad Ashraful,SE Bond,0,0,,,,,,"",""
ball,1,5.1,Bangladesh,Mohammad Ashraful,Hannan Sarkar,KD Mills,0,0,,,,,,"",""
ball,1,5.2,Bangladesh,Mohammad Ashraful,Hannan Sarkar,KD Mills,0,1,,1,,,,"",""
ball,1,5.3,Bangladesh,Mohammad Ashraful,Hannan Sarkar,KD Mills,0,0,,,,,,"",""
ball,1,5.4,Bangladesh,Mohammad Ashraful,Hannan Sarkar,KD Mills,0,0,,,,,,"",""
ball,1,5.5,Bangladesh,Mohammad Ashraful,Hannan Sarkar,KD Mills,2,0,,,,,,"",""
ball,1,5.6,Bangladesh,Mohammad Ashraful,Hannan Sarkar,KD Mills,0,0,,,,,,"",""
ball,1,5.7,Bangladesh,Mohammad Ashraful,Hannan Sarkar,KD Mills,0,0,,,,,,"",""
ball,1,6.1,Bangladesh,Hannan Sarkar,Mohammad Ashraful,SE Bond,0,0,,,,,,"",""
ball,1,6.2,Bangladesh,Hannan Sarkar,Mohammad Ashraful,SE Bond,0,0,,,,,,"",""
ball,1,6.3,Bangladesh,Hannan Sarkar,Mohammad Ashraful,SE Bond,0,0,,,,,,"",""
ball,1,6.4,Bangladesh,Hannan Sarkar,Mohammad Ashraful,SE Bond,0,0,,,,,,caught,Hannan Sarkar
ball,1,6.5,Bangladesh,Sanwar Hossain,Mohammad Ashraful,SE Bond,0,1,1,,,,,"",""
ball,1,6.6,Bangladesh,Sanwar Hossain,Mohammad Ashraful,SE Bond,0,0,,,,,,"",""
ball,1,6.7,Bangladesh,Sanwar Hossain,Mohammad Ashraful,SE Bond,0,0,,,,,,"",""
ball,1,7.1,Bangladesh,Mohammad Ashraful,Sanwar Hossain,KD Mills,1,0,,,,,,"",""
ball,1,7.2,Bangladesh,Sanwar Hossain,Mohammad Ashraful,KD Mills,2,0,,,,,,"",""
ball,1,7.3,Bangladesh,Sanwar Hossain,Mohammad Ashraful,KD Mills,0,0,,,,,,"",""
ball,1,7.4,Bangladesh,Sanwar Hossain,Mohammad Ashraful,KD Mills,0,0,,,,,,"",""
ball,1,7.5,Bangladesh,Sanwar Hossain,Mohammad Ashraful,KD Mills,0,0,,,,,,"",""
ball,1,7.6,Bangladesh,Sanwar Hossain,Mohammad Ashraful,KD Mills,2,0,,,,,,"",""
ball,1,8.1,Bangladesh,Mohammad Ashraful,Sanwar Hossain,SE Bond,4,0,,,,,,"",""
ball,1,8.2,Bangladesh,Mohammad Ashraful,Sanwar Hossain,SE Bond,0,0,,,,,,"",""
ball,1,8.3,Bangladesh,Mohammad Ashraful,Sanwar Hossain,SE Bond,6,0,,,,,,"",""
ball,1,8.4,Bangladesh,Mohammad Ashraful,Sanwar Hossain,SE Bond,0,1,1,,,,,"",""
ball,1,8.5,Bangladesh,Mohammad Ashraful,Sanwar Hossain,SE Bond,0,0,,,,,,"",""
ball,1,8.6,Bangladesh,Mohammad Ashraful,Sanwar Hossain,SE Bond,0,0,,,,,,"",""
ball,1,8.7,Bangladesh,Mohammad Ashraful,Sanwar Hossain,SE Bond,0,0,,,,,,"",""
ball,1,9.1,Bangladesh,Sanwar Hossain,Mohammad Ashraful,AR Adams,0,0,,,,,,"",""
ball,1,9.2,Bangladesh,Sanwar Hossain,Mohammad Ashraful,AR Adams,0,0,,,,,,"",""
ball,1,9.3,Bangladesh,Sanwar Hossain,Mohammad Ashraful,AR Adams,1,0,,,,,,"",""
ball,1,9.4,Bangladesh,Mohammad Ashraful,Sanwar Hossain,AR Adams,0,0,,,,,,"",""
ball,1,9.5,Bangladesh,Mohammad Ashraful,Sanwar Hossain,AR Adams,0,0,,,,,,"",""
ball,1,9.6,Bangladesh,Mohammad Ashraful,Sanwar Hossain,AR Adams,0,0,,,,,,"",""
ball,1,10.1,Bangladesh,Sanwar Hossain,Mohammad Ashraful,JDP Oram,0,0,,,,,,bowled,Sanwar Hossain
ball,1,10.2,Bangladesh,Habibul Bashar,Mohammad Ashraful,JDP Oram,0,0,,,,,,caught,Habibul Bashar
ball,1,10.3,Bangladesh,Alok Kapali,Mohammad Ashraful,JDP Oram,0,0,,,,,,"",""
ball,1,10.4,Bangladesh,Alok Kapali,Mohammad Ashraful,JDP Oram,0,0,,,,,,"",""
ball,1,10.5,Bangladesh,Alok Kapali,Mohammad Ashraful,JDP Oram,0,1,1,,,,,"",""
ball,1,10.6,Bangladesh,Alok Kapali,Mohammad Ashraful,JDP Oram,0,0,,,,,,"",""
ball,1,10.7,Bangladesh,Alok Kapali,Mohammad Ashraful,JDP Oram,0,4,,,,4,,"",""
ball,1,11.1,Bangladesh,Mohammad Ashraful,Alok Kapali,AR Adams,0,0,,,,,,"",""
ball,1,11.2,Bangladesh,Mohammad Ashraful,Alok Kapali,AR Adams,0,0,,,,,,"",""
ball,1,11.3,Bangladesh,Mohammad Ashraful,Alok Kapali,AR Adams,0,0,,,,,,"",""
ball,1,11.4,Bangladesh,Mohammad Ashraful,Alok Kapali,AR Adams,0,0,,,,,,"",""
ball,1,11.5,Bangladesh,Mohammad Ashraful,Alok Kapali,AR Adams,2,0,,,,,,"",""
ball,1,11.6,Bangladesh,Mohammad Ashraful,Alok Kapali,AR Adams,0,0,,,,,,"",""
ball,1,12.1,Bangladesh,Alok Kapali,Mohammad Ashraful,JDP Oram,0,0,,,,,,"",""
ball,1,12.2,Bangladesh,Alok Kapali,Mohammad Ashraful,JDP Oram,1,0,,,,,,"",""
ball,1,12.3,Bangladesh,Mohammad Ashraful,Alok Kapali,JDP Oram,0,0,,,,,,"",""
ball,1,12.4,Bangladesh,Mohammad Ashraful,Alok Kapali,JDP Oram,2,0,,,,,,"",""
ball,1,12.5,Bangladesh,Mohammad Ashraful,Alok Kapali,JDP Oram,0,0,,,,,,"",""
ball,1,12.6,Bangladesh,Mohammad Ashraful,Alok Kapali,JDP Oram,0,0,,,,,,"",""
ball,1,13.1,Bangladesh,Alok Kapali,Mohammad Ashraful,AR Adams,0,0,,,,,,"",""
ball,1,13.2,Bangladesh,Alok Kapali,Mohammad Ashraful,AR Adams,0,0,,,,,,"",""
ball,1,13.3,Bangladesh,Alok Kapali,Mohammad Ashraful,AR Adams,0,0,,,,,,"",""
ball,1,13.4,Bangladesh,Alok Kapali,Mohammad Ashraful,AR Adams,1,0,,,,,,"",""
ball,1,13.5,Bangladesh,Mohammad Ashraful,Alok Kapali,AR Adams,1,0,,,,,,"",""
ball,1,13.6,Bangladesh,Alok Kapali,Mohammad Ashraful,AR Adams,0,0,,,,,,"",""
ball,1,14.1,Bangladesh,Mohammad Ashraful,Alok Kapali,JDP Oram,1,0,,,,,,"",""
ball,1,14.2,Bangladesh,Alok Kapali,Mohammad Ashraful,JDP Oram,0,0,,,,,,"",""
ball,1,14.3,Bangladesh,Alok Kapali,Mohammad Ashraful,JDP Oram,1,0,,,,,,"",""
ball,1,14.4,Bangladesh,Mohammad Ashraful,Alok Kapali,JDP Oram,0,0,,,,,,"",""
ball,1,14.5,Bangladesh,Mohammad Ashraful,Alok Kapali,JDP Oram,1,0,,,,,,"",""
ball,1,14.6,Bangladesh,Alok Kapali,Mohammad Ashraful,JDP Oram,0,0,,,,,,"",""
ball,1,15.1,Bangladesh,Mohammad Ashraful,Alok Kapali,AR Adams,4,0,,,,,,"",""
ball,1,15.2,Bangladesh,Mohammad Ashraful,Alok Kapali,AR Adams,0,0,,,,,,"",""
ball,1,15.3,Bangladesh,Mohammad Ashraful,Alok Kapali,AR Adams,1,0,,,,,,"",""
ball,1,15.4,Bangladesh,Alok Kapali,Mohammad Ashraful,AR Adams,1,0,,,,,,"",""
ball,1,15.5,Bangladesh,Mohammad Ashraful,Alok Kapali,AR Adams,0,0,,,,,,"",""
ball,1,15.6,Bangladesh,Mohammad Ashraful,Alok Kapali,AR Adams,0,0,,,,,,"",""
ball,1,16.1,Bangladesh,Alok Kapali,Mohammad Ashraful,JDP Oram,0,0,,,,,,"",""
ball,1,16.2,Bangladesh,Alok Kapali,Mohammad Ashraful,JDP Oram,1,0,,,,,,"",""
ball,1,16.3,Bangladesh,Mohammad Ashraful,Alok Kapali,JDP Oram,0,0,,,,,,"",""
ball,1,16.4,Bangladesh,Mohammad Ashraful,Alok Kapali,JDP Oram,0,0,,,,,,"",""
ball,1,16.5,Bangladesh,Mohammad Ashraful,Alok Kapali,JDP Oram,0,0,,,,,,"",""
ball,1,16.6,Bangladesh,Mohammad Ashraful,Alok Kapali,JDP Oram,1,0,,,,,,"",""
ball,1,17.1,Bangladesh,Mohammad Ashraful,Alok Kapali,AR Adams,0,0,,,,,,"",""
ball,1,17.2,Bangladesh,Mohammad Ashraful,Alok Kapali,AR Adams,3,0,,,,,,"",""
ball,1,17.3,Bangladesh,Alok Kapali,Mohammad Ashraful,AR Adams,1,0,,,,,,"",""
ball,1,17.4,Bangladesh,Mohammad Ashraful,Alok Kapali,AR Adams,0,0,,,,,,"",""
ball,1,17.5,Bangladesh,Mohammad Ashraful,Alok Kapali,AR Adams,0,0,,,,,,"",""
ball,1,17.6,Bangladesh,Mohammad Ashraful,Alok Kapali,AR Adams,1,0,,,,,,"",""
ball,1,18.1,Bangladesh,Mohammad Ashraful,Alok Kapali,JDP Oram,0,0,,,,,,"",""
ball,1,18.2,Bangladesh,Mohammad Ashraful,Alok Kapali,JDP Oram,0,0,,,,,,"",""
ball,1,18.3,Bangladesh,Mohammad Ashraful,Alok Kapali,JDP Oram,3,0,,,,,,"",""
ball,1,18.4,Bangladesh,Alok Kapali,Mohammad Ashraful,JDP Oram,2,0,,,,,,"",""
ball,1,18.5,Bangladesh,Alok Kapali,Mohammad Ashraful,JDP Oram,0,0,,,,,,"",""
ball,1,18.6,Bangladesh,Alok Kapali,Mohammad Ashraful,JDP Oram,1,0,,,,,,"",""
ball,1,19.1,Bangladesh,Alok Kapali,Mohammad Ashraful,AR Adams,0,0,,,,,,caught,Alok Kapali
ball,1,19.2,Bangladesh,Mohammad Ashraful,Akram Khan,AR Adams,0,0,,,,,,"",""
ball,1,19.3,Bangladesh,Mohammad Ashraful,Akram Khan,AR Adams,0,1,1,,,,,"",""
ball,1,19.4,Bangladesh,Mohammad Ashraful,Akram Khan,AR Adams,0,0,,,,,,"",""
ball,1,19.5,Bangladesh,Mohammad Ashraful,Akram Khan,AR Adams,1,0,,,,,,"",""
ball,1,19.6,Bangladesh,Akram Khan,Mohammad Ashraful,AR Adams,2,0,,,,,,"",""
ball,1,19.7,Bangladesh,Akram Khan,Mohammad Ashraful,AR Adams,0,0,,,,,,"",""
ball,1,20.1,Bangladesh,Mohammad Ashraful,Akram Khan,JDP Oram,2,0,,,,,,"",""
ball,1,20.2,Bangladesh,Mohammad Ashraful,Akram Khan,JDP Oram,0,0,,,,,,"",""
ball,1,20.3,Bangladesh,Mohammad Ashraful,Akram Khan,JDP Oram,0,0,,,,,,"",""
ball,1,20.4,Bangladesh,Mohammad Ashraful,Akram Khan,JDP Oram,4,0,,,,,,"",""
ball,1,20.5,Bangladesh,Mohammad Ashraful,Akram Khan,JDP Oram,0,0,,,,,,"",""
ball,1,20.6,Bangladesh,Mohammad Ashraful,Akram Khan,JDP Oram,0,0,,,,,,"",""
ball,1,21.1,Bangladesh,Akram Khan,Mohammad Ashraful,AR Adams,0,0,,,,,,"",""
ball,1,21.2,Bangladesh,Akram Khan,Mohammad Ashraful,AR Adams,0,0,,,,,,"",""
ball,1,21.3,Bangladesh,Akram Khan,Mohammad Ashraful,AR Adams,0,1,1,,,,,"",""
ball,1,21.4,Bangladesh,Akram Khan,Mohammad Ashraful,AR Adams,2,0,,,,,,"",""
ball,1,21.5,Bangladesh,Akram Khan,Mohammad Ashraful,AR Adams,0,0,,,,,,"",""
ball,1,21.6,Bangladesh,Akram Khan,Mohammad Ashraful,AR Adams,0,0,,,,,,"",""
ball,1,21.7,Bangladesh,Akram Khan,Mohammad Ashraful,AR Adams,0,0,,,,,,"",""
ball,1,22.1,Bangladesh,Mohammad Ashraful,Akram Khan,CL Cairns,0,0,,,,,,"",""
ball,1,22.2,Bangladesh,Mohammad Ashraful,Akram Khan,CL Cairns,1,0,,,,,,"",""
ball,1,22.3,Bangladesh,Akram Khan,Mohammad Ashraful,CL Cairns,1,0,,,,,,"",""
ball,1,22.4,Bangladesh,Mohammad Ashraful,Akram Khan,CL Cairns,4,0,,,,,,"",""
ball,1,22.5,Bangladesh,Mohammad Ashraful,Akram Khan,CL Cairns,0,0,,,,,,"",""
ball,1,22.6,Bangladesh,Mohammad Ashraful,Akram Khan,CL Cairns,0,0,,,,,,"",""
ball,1,23.1,Bangladesh,Akram Khan,Mohammad Ashraful,DL Vettori,0,0,,,,,,"",""
ball,1,23.2,Bangladesh,Akram Khan,Mohammad Ashraful,DL Vettori,0,0,,,,,,"",""
ball,1,23.3,Bangladesh,Akram Khan,Mohammad Ashraful,DL Vettori,0,0,,,,,,"",""
ball,1,23.4,Bangladesh,Akram Khan,Mohammad Ashraful,DL Vettori,0,0,,,,,,"",""
ball,1,23.5,Bangladesh,Akram Khan,Mohammad Ashraful,DL Vettori,1,0,,,,,,"",""
ball,1,23.6,Bangladesh,Mohammad Ashraful,Akram Khan,DL Vettori,0,0,,,,,,"",""
ball,1,24.1,Bangladesh,Akram Khan,Mohammad Ashraful,CL Cairns,0,0,,,,,,"",""
ball,1,24.2,Bangladesh,Akram Khan,Mohammad Ashraful,CL Cairns,0,0,,,,,,"",""
ball,1,24.3,Bangladesh,Akram Khan,Mohammad Ashraful,CL Cairns,0,0,,,,,,"",""
ball,1,24.4,Bangladesh,Akram Khan,Mohammad Ashraful,CL Cairns,0,0,,,,,,"",""
ball,1,24.5,Bangladesh,Akram Khan,Mohammad Ashraful,CL Cairns,1,0,,,,,,"",""
ball,1,24.6,Bangladesh,Mohammad Ashraful,Akram Khan,CL Cairns,4,0,,,,,,"",""
ball,1,25.1,Bangladesh,Akram Khan,Mohammad Ashraful,DL Vettori,0,0,,,,,,"",""
ball,1,25.2,Bangladesh,Akram Khan,Mohammad Ashraful,DL Vettori,2,0,,,,,,"",""
ball,1,25.3,Bangladesh,Akram Khan,Mohammad Ashraful,DL Vettori,0,0,,,,,,"",""
ball,1,25.4,Bangladesh,Akram Khan,Mohammad Ashraful,DL Vettori,0,0,,,,,,"",""
ball,1,25.5,Bangladesh,Akram Khan,Mohammad Ashraful,DL Vettori,0,0,,,,,,"",""
ball,1,25.6,Bangladesh,Akram Khan,Mohammad Ashraful,DL Vettori,0,0,,,,,,"",""
ball,1,26.1,Bangladesh,Mohammad Ashraful,Akram Khan,CL Cairns,1,0,,,,,,"",""
ball,1,26.2,Bangladesh,Akram Khan,Mohammad Ashraful,CL Cairns,2,0,,,,,,"",""
ball,1,26.3,Bangladesh,Akram Khan,Mohammad Ashraful,CL Cairns,0,0,,,,,,"",""
ball,1,26.4,Bangladesh,Akram Khan,Mohammad Ashraful,CL Cairns,0,0,,,,,,"",""
ball,1,26.5,Bangladesh,Akram Khan,Mohammad Ashraful,CL Cairns,0,0,,,,,,"",""
ball,1,26.6,Bangladesh,Akram Khan,Mohammad Ashraful,CL Cairns,0,1,1,,,,,"",""
ball,1,26.7,Bangladesh,Akram Khan,Mohammad Ashraful,CL Cairns,0,1,,1,,,,"",""
ball,1,26.8,Bangladesh,Akram Khan,Mohammad Ashraful,CL Cairns,1,0,,,,,,"",""
ball,1,27.1,Bangladesh,Akram Khan,Mohammad Ashraful,DL Vettori,0,0,,,,,,"",""
ball,1,27.2,Bangladesh,Akram Khan,Mohammad Ashraful,DL Vettori,0,0,,,,,,"",""
ball,1,27.3,Bangladesh,Akram Khan,Mohammad Ashraful,DL Vettori,0,0,,,,,,"",""
ball,1,27.4,Bangladesh,Akram Khan,Mohammad Ashraful,DL Vettori,0,0,,,,,,"",""
ball,1,27.5,Bangladesh,Akram Khan,Mohammad Ashraful,DL Vettori,0,0,,,,,,"",""
ball,1,27.6,Bangladesh,Akram Khan,Mohammad Ashraful,DL Vettori,1,0,,,,,,"",""
ball,1,28.1,Bangladesh,Akram Khan,Mohammad Ashraful,SE Bond,0,0,,,,,,caught,Akram Khan
ball,1,28.2,Bangladesh,Khaled Mashud,Mohammad Ashraful,SE Bond,0,0,,,,,,"",""
ball,1,28.3,Bangladesh,Khaled Mashud,Mohammad Ashraful,SE Bond,0,0,,,,,,"",""
ball,1,28.4,Bangladesh,Khaled Mashud,Mohammad Ashraful,SE Bond,0,1,1,,,,,"",""
ball,1,28.5,Bangladesh,Khaled Mashud,Mohammad Ashraful,SE Bond,0,0,,,,,,"",""
ball,1,28.6,Bangladesh,Khaled Mashud,Mohammad Ashraful,SE Bond,0,0,,,,,,"",""
ball,1,28.7,Bangladesh,Khaled Mashud,Mohammad Ashraful,SE Bond,0,0,,,,,,"",""
ball,1,29.1,Bangladesh,Mohammad Ashraful,Khaled Mashud,DL Vettori,0,0,,,,,,"",""
ball,1,29.2,Bangladesh,Mohammad Ashraful,Khaled Mashud,DL Vettori,0,0,,,,,,"",""
ball,1,29.3,Bangladesh,Mohammad Ashraful,Khaled Mashud,DL Vettori,0,0,,,,,,"",""
ball,1,29.4,Bangladesh,Mohammad Ashraful,Khaled Mashud,DL Vettori,1,0,,,,,,"",""
ball,1,29.5,Bangladesh,Khaled Mashud,Mohammad Ashraful,DL Vettori,0,0,,,,,,"",""
ball,1,29.6,Bangladesh,Khaled Mashud,Mohammad Ashraful,DL Vettori,0,0,,,,,,"",""
ball,1,30.1,Bangladesh,Mohammad Ashraful,Khaled Mashud,SE Bond,0,0,,,,,,"",""
ball,1,30.2,Bangladesh,Mohammad Ashraful,Khaled Mashud,SE Bond,0,0,,,,,,caught and bowled,Mohammad Ashraful
ball,1,30.3,Bangladesh,Khaled Mahmud,Khaled Mashud,SE Bond,0,0,,,,,,"",""
ball,1,30.4,Bangladesh,Khaled Mahmud,Khaled Mashud,SE Bond,4,0,,,,,,"",""
ball,1,30.5,Bangladesh,Khaled Mahmud,Khaled Mashud,SE Bond,0,0,,,,,,"",""
ball,1,30.6,Bangladesh,Khaled Mahmud,Khaled Mashud,SE Bond,0,0,,,,,,"",""
ball,1,31.1,Bangladesh,Khaled Mashud,Khaled Mahmud,DL Vettori,0,0,,,,,,"",""
ball,1,31.2,Bangladesh,Khaled Mashud,Khaled Mahmud,DL Vettori,0,0,,,,,,"",""
ball,1,31.3,Bangladesh,Khaled Mashud,Khaled Mahmud,DL Vettori,1,0,,,,,,"",""
ball,1,31.4,Bangladesh,Khaled Mahmud,Khaled Mashud,DL Vettori,0,0,,,,,,"",""
ball,1,31.5,Bangladesh,Khaled Mahmud,Khaled Mashud,DL Vettori,1,0,,,,,,"",""
ball,1,31.6,Bangladesh,Khaled Mashud,Khaled Mahmud,DL Vettori,0,0,,,,,,"",""
ball,1,32.1,Bangladesh,Khaled Mahmud,Khaled Mashud,SE Bond,0,1,1,,,,,"",""
ball,1,32.2,Bangladesh,Khaled Mahmud,Khaled Mashud,SE Bond,0,0,,,,,,"",""
ball,1,32.3,Bangladesh,Khaled Mahmud,Khaled Mashud,SE Bond,0,0,,,,,,"",""
ball,1,32.4,Bangladesh,Khaled Mahmud,Khaled Mashud,SE Bond,0,0,,,,,,"",""
ball,1,32.5,Bangladesh,Khaled Mahmud,Khaled Mashud,SE Bond,0,0,,,,,,"",""
ball,1,32.6,Bangladesh,Khaled Mahmud,Khaled Mashud,SE Bond,0,0,,,,,,"",""
ball,1,32.7,Bangladesh,Khaled Mahmud,Khaled Mashud,SE Bond,1,0,,,,,,"",""
ball,1,33.1,Bangladesh,Khaled Mahmud,Khaled Mashud,DL Vettori,0,0,,,,,,"",""
ball,1,33.2,Bangladesh,Khaled Mahmud,Khaled Mashud,DL Vettori,0,0,,,,,,"",""
ball,1,33.3,Bangladesh,Khaled Mahmud,Khaled Mashud,DL Vettori,0,0,,,,,,"",""
ball,1,33.4,Bangladesh,Khaled Mahmud,Khaled Mashud,DL Vettori,1,0,,,,,,"",""
ball,1,33.5,Bangladesh,Khaled Mashud,Khaled Mahmud,DL Vettori,0,0,,,,,,"",""
ball,1,33.6,Bangladesh,Khaled Mashud,Khaled Mahmud,DL Vettori,0,0,,,,,,"",""
ball,1,34.1,Bangladesh,Khaled Mahmud,Khaled Mashud,JDP Oram,0,0,,,,,,"",""
ball,1,34.2,Bangladesh,Khaled Mahmud,Khaled Mashud,JDP Oram,0,0,,,,,,"",""
ball,1,34.3,Bangladesh,Khaled Mahmud,Khaled Mashud,JDP Oram,1,0,,,,,,"",""
ball,1,34.4,Bangladesh,Khaled Mashud,Khaled Mahmud,JDP Oram,0,0,,,,,,"",""
ball,1,34.5,Bangladesh,Khaled Mashud,Khaled Mahmud,JDP Oram,4,0,,,,,,"",""
ball,1,34.6,Bangladesh,Khaled Mashud,Khaled Mahmud,JDP Oram,0,0,,,,,,"",""
ball,1,35.1,Bangladesh,Khaled Mahmud,Khaled Mashud,DL Vettori,2,0,,,,,,"",""
ball,1,35.2,Bangladesh,Khaled Mahmud,Khaled Mashud,DL Vettori,1,0,,,,,,"",""
ball,1,35.3,Bangladesh,Khaled Mashud,Khaled Mahmud,DL Vettori,0,0,,,,,,"",""
ball,1,35.4,Bangladesh,Khaled Mashud,Khaled Mahmud,DL Vettori,0,0,,,,,,"",""
ball,1,35.5,Bangladesh,Khaled Mashud,Khaled Mahmud,DL Vettori,1,0,,,,,,"",""
ball,1,35.6,Bangladesh,Khaled Mahmud,Khaled Mashud,DL Vettori,0,0,,,,,,"",""
ball,1,36.1,Bangladesh,Khaled Mashud,Khaled Mahmud,JDP Oram,0,0,,,,,,"",""
ball,1,36.2,Bangladesh,Khaled Mashud,Khaled Mahmud,JDP Oram,0,0,,,,,,"",""
ball,1,36.3,Bangladesh,Khaled Mashud,Khaled Mahmud,JDP Oram,0,0,,,,,,"",""
ball,1,36.4,Bangladesh,Khaled Mashud,Khaled Mahmud,JDP Oram,0,0,,,,,,"",""
ball,1,36.5,Bangladesh,Khaled Mashud,Khaled Mahmud,JDP Oram,0,0,,,,,,"",""
ball,1,36.6,Bangladesh,Khaled Mashud,Khaled Mahmud,JDP Oram,0,0,,,,,,"",""
ball,1,37.1,Bangladesh,Khaled Mahmud,Khaled Mashud,DL Vettori,0,0,,,,,,"",""
ball,1,37.2,Bangladesh,Khaled Mahmud,Khaled Mashud,DL Vettori,0,0,,,,,,"",""
ball,1,37.3,Bangladesh,Khaled Mahmud,Khaled Mashud,DL Vettori,1,0,,,,,,"",""
ball,1,37.4,Bangladesh,Khaled Mashud,Khaled Mahmud,DL Vettori,1,0,,,,,,"",""
ball,1,37.5,Bangladesh,Khaled Mahmud,Khaled Mashud,DL Vettori,0,0,,,,,,"",""
ball,1,37.6,Bangladesh,Khaled Mahmud,Khaled Mashud,DL Vettori,0,0,,,,,,"",""
ball,1,38.1,Bangladesh,Khaled Mashud,Khaled Mahmud,JDP Oram,1,0,,,,,,"",""
ball,1,38.2,Bangladesh,Khaled Mahmud,Khaled Mashud,JDP Oram,0,0,,,,,,"",""
ball,1,38.3,Bangladesh,Khaled Mahmud,Khaled Mashud,JDP Oram,0,0,,,,,,caught,Khaled Mahmud
ball,1,38.4,Bangladesh,Mohammad Rafique,Khaled Mashud,JDP Oram,0,0,,,,,,"",""
ball,1,38.5,Bangladesh,Mohammad Rafique,Khaled Mashud,JDP Oram,0,0,,,,,,"",""
ball,1,38.6,Bangladesh,Mohammad Rafique,Khaled Mashud,JDP Oram,2,0,,,,,,"",""
ball,1,39.1,Bangladesh,Khaled Mashud,Mohammad Rafique,DL Vettori,1,0,,,,,,"",""
ball,1,39.2,Bangladesh,Mohammad Rafique,Khaled Mashud,DL Vettori,0,0,,,,,,"",""
ball,1,39.3,Bangladesh,Mohammad Rafique,Khaled Mashud,DL Vettori,0,0,,,,,,"",""
ball,1,39.4,Bangladesh,Mohammad Rafique,Khaled Mashud,DL Vettori,0,0,,,,,,"",""
ball,1,39.5,Bangladesh,Mohammad Rafique,Khaled Mashud,DL Vettori,0,0,,,,,,"",""
ball,1,39.6,Bangladesh,Mohammad Rafique,Khaled Mashud,DL Vettori,1,0,,,,,,"",""
ball,1,40.1,Bangladesh,Mohammad Rafique,Khaled Mashud,JDP Oram,0,0,,,,,,"",""
ball,1,40.2,Bangladesh,Mohammad Rafique,Khaled Mashud,JDP Oram,1,0,,,,,,"",""
ball,1,40.3,Bangladesh,Khaled Mashud,Mohammad Rafique,JDP Oram,1,0,,,,,,"",""
ball,1,40.4,Bangladesh,Mohammad Rafique,Khaled Mashud,JDP Oram,0,1,1,,,,,"",""
ball,1,40.5,Bangladesh,Mohammad Rafique,Khaled Mashud,JDP Oram,0,0,,,,,,"",""
ball,1,40.6,Bangladesh,Mohammad Rafique,Khaled Mashud,JDP Oram,0,0,,,,,,"",""
ball,1,40.7,Bangladesh,Mohammad Rafique,Khaled Mashud,JDP Oram,0,0,,,,,,"",""
ball,1,41.1,Bangladesh,Khaled Mashud,Mohammad Rafique,DL Vettori,1,0,,,,,,"",""
ball,1,41.2,Bangladesh,Mohammad Rafique,Khaled Mashud,DL Vettori,1,0,,,,,,"",""
ball,1,41.3,Bangladesh,Khaled Mashud,Mohammad Rafique,DL Vettori,1,0,,,,,,"",""
ball,1,41.4,Bangladesh,Mohammad Rafique,Khaled Mashud,DL Vettori,0,0,,,,,,"",""
ball,1,41.5,Bangladesh,Mohammad Rafique,Khaled Mashud,DL Vettori,0,0,,,,,,"",""
ball,1,41.6,Bangladesh,Mohammad Rafique,Khaled Mashud,DL Vettori,0,0,,,,,,"",""
ball,1,42.1,Bangladesh,Khaled Mashud,Mohammad Rafique,SE Bond,0,0,,,,,,"",""
ball,1,42.2,Bangladesh,Khaled Mashud,Mohammad Rafique,SE Bond,0,0,,,,,,"",""
ball,1,42.3,Bangladesh,Khaled Mashud,Mohammad Rafique,SE Bond,0,0,,,,,,"",""
ball,1,42.4,Bangladesh,Khaled Mashud,Mohammad Rafique,SE Bond,0,0,,,,,,"",""
ball,1,42.5,Bangladesh,Khaled Mashud,Mohammad Rafique,SE Bond,0,0,,,,,,"",""
ball,1,42.6,Bangladesh,Khaled Mashud,Mohammad Rafique,SE Bond,1,0,,,,,,"",""
ball,1,43.1,Bangladesh,Khaled Mashud,Mohammad Rafique,AR Adams,4,0,,,,,,"",""
ball,1,43.2,Bangladesh,Khaled Mashud,Mohammad Rafique,AR Adams,0,0,,,,,,"",""
ball,1,43.3,Bangladesh,Khaled Mashud,Mohammad Rafique,AR Adams,1,0,,,,,,"",""
ball,1,43.4,Bangladesh,Mohammad Rafique,Khaled Mashud,AR Adams,1,0,,,,,,"",""
ball,1,43.5,Bangladesh,Khaled Mashud,Mohammad Rafique,AR Adams,0,0,,,,,,"",""
ball,1,43.6,Bangladesh,Khaled Mashud,Mohammad Rafique,AR Adams,0,0,,,,,,"",""
ball,1,44.1,Bangladesh,Mohammad Rafique,Khaled Mashud,SE Bond,4,0,,,,,,"",""
ball,1,44.2,Bangladesh,Mohammad Rafique,Khaled Mashud,SE Bond,4,0,,,,,,"",""
ball,1,44.3,Bangladesh,Mohammad Rafique,Khaled Mashud,SE Bond,0,0,,,,,,"",""
ball,1,44.4,Bangladesh,Mohammad Rafique,Khaled Mashud,SE Bond,0,0,,,,,,"",""
ball,1,44.5,Bangladesh,Mohammad Rafique,Khaled Mashud,SE Bond,0,0,,,,,,"",""
ball,1,44.6,Bangladesh,Mohammad Rafique,Khaled Mashud,SE Bond,0,0,,,,,,"",""
ball,1,45.1,Bangladesh,Khaled Mashud,Mohammad Rafique,AR Adams,1,0,,,,,,"",""
ball,1,45.2,Bangladesh,Mohammad Rafique,Khaled Mashud,AR Adams,0,0,,,,,,"",""
ball,1,45.3,Bangladesh,Mohammad Rafique,Khaled Mashud,AR Adams,0,0,,,,,,"",""
ball,1,45.4,Bangladesh,Mohammad Rafique,Khaled Mashud,AR Adams,6,0,,,,,,"",""
ball,1,45.5,Bangladesh,Mohammad Rafique,Khaled Mashud,AR Adams,0,0,,,,,,"",""
ball,1,45.6,Bangladesh,Mohammad Rafique,Khaled Mashud,AR Adams,0,0,,,,,,"",""
ball,1,46.1,Bangladesh,Khaled Mashud,Mohammad Rafique,KD Mills,1,0,,,,,,"",""
ball,1,46.2,Bangladesh,Mohammad Rafique,Khaled Mashud,KD Mills,1,0,,,,,,"",""
ball,1,46.3,Bangladesh,Khaled Mashud,Mohammad Rafique,KD Mills,1,0,,,,,,"",""
ball,1,46.4,Bangladesh,Mohammad Rafique,Khaled Mashud,KD Mills,2,0,,,,,,"",""
ball,1,46.5,Bangladesh,Mohammad Rafique,Khaled Mashud,KD Mills,1,0,,,,,,"",""
ball,1,46.6,Bangladesh,Khaled Mashud,Mohammad Rafique,KD Mills,0,0,,,,,,"",""
ball,1,47.1,Bangladesh,Mohammad Rafique,Khaled Mashud,AR Adams,0,0,,,,,,"",""
ball,1,47.2,Bangladesh,Mohammad Rafique,Khaled Mashud,AR Adams,1,0,,,,,,"",""
ball,1,47.3,Bangladesh,Khaled Mashud,Mohammad Rafique,AR Adams,4,0,,,,,,"",""
ball,1,47.4,Bangladesh,Khaled Mashud,Mohammad Rafique,AR Adams,4,0,,,,,,"",""
ball,1,47.5,Bangladesh,Khaled Mashud,Mohammad Rafique,AR Adams,4,0,,,,,,"",""
ball,1,47.6,Bangladesh,Khaled Mashud,Mohammad Rafique,AR Adams,1,0,,,,,,"",""
ball,1,48.1,Bangladesh,Khaled Mashud,Mohammad Rafique,KD Mills,0,0,,,,,,"",""
ball,1,48.2,Bangladesh,Khaled Mashud,Mohammad Rafique,KD Mills,0,0,,,,,,"",""
ball,1,48.3,Bangladesh,Khaled Mashud,Mohammad Rafique,KD Mills,1,0,,,,,,"",""
ball,1,48.4,Bangladesh,Mohammad Rafique,Khaled Mashud,KD Mills,0,0,,,,,,"",""
ball,1,48.5,Bangladesh,Mohammad Rafique,Khaled Mashud,KD Mills,4,0,,,,,,"",""
ball,1,48.6,Bangladesh,Mohammad Rafique,Khaled Mashud,KD Mills,2,0,,,,,,"",""
ball,1,49.1,Bangladesh,Khaled Mashud,Mohammad Rafique,SB Styris,0,1,,,1,,,"",""
ball,1,49.2,Bangladesh,Mohammad Rafique,Khaled Mashud,SB Styris,2,0,,,,,,"",""
ball,1,49.3,Bangladesh,Mohammad Rafique,Khaled Mashud,SB Styris,0,0,,,,,,"",""
ball,1,49.4,Bangladesh,Mohammad Rafique,Khaled Mashud,SB Styris,2,0,,,,,,"",""
ball,1,49.5,Bangladesh,Mohammad Rafique,Khaled Mashud,SB Styris,6,0,,,,,,"",""
ball,1,49.6,Bangladesh,Mohammad Rafique,Khaled Mashud,SB Styris,0,0,,,,,,"",""
ball,2,0.1,New Zealand,CD McMillan,SP Fleming,Manjural Islam,0,0,,,,,,"",""
ball,2,0.2,New Zealand,CD McMillan,SP Fleming,Manjural Islam,0,0,,,,,,"",""
ball,2,0.3,New Zealand,CD McMillan,SP Fleming,Manjural Islam,0,0,,,,,,"",""
ball,2,0.4,New Zealand,CD McMillan,SP Fleming,Manjural Islam,0,0,,,,,,"",""
ball,2,0.5,New Zealand,CD McMillan,SP Fleming,Manjural Islam,4,0,,,,,,"",""
ball,2,0.6,New Zealand,CD McMillan,SP Fleming,Manjural Islam,0,0,,,,,,"",""
ball,2,1.1,New Zealand,SP Fleming,CD McMillan,Tapash Baisya,0,0,,,,,,"",""
ball,2,1.2,New Zealand,SP Fleming,CD McMillan,Tapash Baisya,0,0,,,,,,"",""
ball,2,1.3,New Zealand,SP Fleming,CD McMillan,Tapash Baisya,0,0,,,,,,"",""
ball,2,1.4,New Zealand,SP Fleming,CD McMillan,Tapash Baisya,1,0,,,,,,"",""
ball,2,1.5,New Zealand,CD McMillan,SP Fleming,Tapash Baisya,0,0,,,,,,"",""
ball,2,1.6,New Zealand,CD McMillan,SP Fleming,Tapash Baisya,0,0,,,,,,"",""
ball,2,2.1,New Zealand,SP Fleming,CD McMillan,Manjural Islam,0,0,,,,,,"",""
ball,2,2.2,New Zealand,SP Fleming,CD McMillan,Manjural Islam,1,0,,,,,,"",""
ball,2,2.3,New Zealand,CD McMillan,SP Fleming,Manjural Islam,0,0,,,,,,"",""
ball,2,2.4,New Zealand,CD McMillan,SP Fleming,Manjural Islam,0,0,,,,,,"",""
ball,2,2.5,New Zealand,CD McMillan,SP Fleming,Manjural Islam,4,0,,,,,,"",""
ball,2,2.6,New Zealand,CD McMillan,SP Fleming,Manjural Islam,0,0,,,,,,"",""
ball,2,3.1,New Zealand,SP Fleming,CD McMillan,Tapash Baisya,0,0,,,,,,"",""
ball,2,3.2,New Zealand,SP Fleming,CD McMillan,Tapash Baisya,0,0,,,,,,"",""
ball,2,3.3,New Zealand,SP Fleming,CD McMillan,Tapash Baisya,0,1,1,,,,,"",""
ball,2,3.4,New Zealand,SP Fleming,CD McMillan,Tapash Baisya,0,0,,,,,,"",""
ball,2,3.5,New Zealand,SP Fleming,CD McMillan,Tapash Baisya,1,0,,,,,,"",""
ball,2,3.6,New Zealand,CD McMillan,SP Fleming,Tapash Baisya,0,0,,,,,,"",""
ball,2,3.7,New Zealand,CD McMillan,SP Fleming,Tapash Baisya,0,0,,,,,,"",""
ball,2,4.1,New Zealand,SP Fleming,CD McMillan,Manjural Islam,1,0,,,,,,"",""
ball,2,4.2,New Zealand,CD McMillan,SP Fleming,Manjural Islam,0,0,,,,,,"",""
ball,2,4.3,New Zealand,CD McMillan,SP Fleming,Manjural Islam,2,0,,,,,,"",""
ball,2,4.4,New Zealand,CD McMillan,SP Fleming,Manjural Islam,4,0,,,,,,"",""
ball,2,4.5,New Zealand,CD McMillan,SP Fleming,Manjural Islam,0,0,,,,,,"",""
ball,2,4.6,New Zealand,CD McMillan,SP Fleming,Manjural Islam,1,0,,,,,,"",""
ball,2,5.1,New Zealand,CD McMillan,SP Fleming,Tapash Baisya,1,0,,,,,,"",""
ball,2,5.2,New Zealand,SP Fleming,CD McMillan,Tapash Baisya,0,0,,,,,,"",""
ball,2,5.3,New Zealand,SP Fleming,CD McMillan,Tapash Baisya,1,0,,,,,,"",""
ball,2,5.4,New Zealand,CD McMillan,SP Fleming,Tapash Baisya,0,0,,,,,,"",""
ball,2,5.5,New Zealand,CD McMillan,SP Fleming,Tapash Baisya,0,0,,,,,,"",""
ball,2,5.6,New Zealand,CD McMillan,SP Fleming,Tapash Baisya,0,0,,,,,,"",""
ball,2,6.1,New Zealand,SP Fleming,CD McMillan,Manjural Islam,0,0,,,,,,"",""
ball,2,6.2,New Zealand,SP Fleming,CD McMillan,Manjural Islam,4,0,,,,,,"",""
ball,2,6.3,New Zealand,SP Fleming,CD McMillan,Manjural Islam,0,0,,,,,,"",""
ball,2,6.4,New Zealand,SP Fleming,CD McMillan,Manjural Islam,0,0,,,,,,"",""
ball,2,6.5,New Zealand,SP Fleming,CD McMillan,Manjural Islam,1,0,,,,,,"",""
ball,2,6.6,New Zealand,CD McMillan,SP Fleming,Manjural Islam,0,0,,,,,,"",""
ball,2,7.1,New Zealand,SP Fleming,CD McMillan,Tapash Baisya,4,0,,,,,,"",""
ball,2,7.2,New Zealand,SP Fleming,CD McMillan,Tapash Baisya,4,0,,,,,,"",""
ball,2,7.3,New Zealand,SP Fleming,CD McMillan,Tapash Baisya,6,0,,,,,,"",""
ball,2,7.4,New Zealand,SP Fleming,CD McMillan,Tapash Baisya,4,0,,,,,,"",""
ball,2,7.5,New Zealand,SP Fleming,CD McMillan,Tapash Baisya,1,0,,,,,,"",""
ball,2,7.6,New Zealand,CD McMillan,SP Fleming,Tapash Baisya,0,0,,,,,,"",""
ball,2,8.1,New Zealand,SP Fleming,CD McMillan,Manjural Islam,0,0,,,,,,"",""
ball,2,8.2,New Zealand,SP Fleming,CD McMillan,Manjural Islam,0,0,,,,,,"",""
ball,2,8.3,New Zealand,SP Fleming,CD McMillan,Manjural Islam,0,0,,,,,,"",""
ball,2,8.4,New Zealand,SP Fleming,CD McMillan,Manjural Islam,0,0,,,,,,"",""
ball,2,8.5,New Zealand,SP Fleming,CD McMillan,Manjural Islam,0,0,,,,,,"",""
ball,2,8.6,New Zealand,SP Fleming,CD McMillan,Manjural Islam,0,0,,,,,,"",""
ball,2,9.1,New Zealand,CD McMillan,SP Fleming,Tapash Baisya,0,0,,,,,,"",""
ball,2,9.2,New Zealand,CD McMillan,SP Fleming,Tapash Baisya,0,0,,,,,,"",""
ball,2,9.3,New Zealand,CD McMillan,SP Fleming,Tapash Baisya,0,0,,,,,,"",""
ball,2,9.4,New Zealand,CD McMillan,SP Fleming,Tapash Baisya,0,0,,,,,,"",""
ball,2,9.5,New Zealand,CD McMillan,SP Fleming,Tapash Baisya,4,0,,,,,,"",""
ball,2,9.6,New Zealand,CD McMillan,SP Fleming,Tapash Baisya,1,0,,,,,,"",""
ball,2,10.1,New Zealand,CD McMillan,SP Fleming,Manjural Islam,0,0,,,,,,"",""
ball,2,10.2,New Zealand,CD McMillan,SP Fleming,Manjural Islam,1,0,,,,,,"",""
ball,2,10.3,New Zealand,SP Fleming,CD McMillan,Manjural Islam,0,0,,,,,,"",""
ball,2,10.4,New Zealand,SP Fleming,CD McMillan,Manjural Islam,0,0,,,,,,"",""
ball,2,10.5,New Zealand,SP Fleming,CD McMillan,Manjural Islam,0,0,,,,,,"",""
ball,2,10.6,New Zealand,SP Fleming,CD McMillan,Manjural Islam,0,0,,,,,,"",""
ball,2,11.1,New Zealand,CD McMillan,SP Fleming,Tapash Baisya,0,0,,,,,,"",""
ball,2,11.2,New Zealand,CD McMillan,SP Fleming,Tapash Baisya,2,0,,,,,,"",""
ball,2,11.3,New Zealand,CD McMillan,SP Fleming,Tapash Baisya,0,0,,,,,,"",""
ball,2,11.4,New Zealand,CD McMillan,SP Fleming,Tapash Baisya,0,0,,,,,,"",""
ball,2,11.5,New Zealand,CD McMillan,SP Fleming,Tapash Baisya,4,0,,,,,,"",""
ball,2,11.6,New Zealand,CD McMillan,SP Fleming,Tapash Baisya,1,0,,,,,,"",""
ball,2,12.1,New Zealand,CD McMillan,SP Fleming,Khaled Mahmud,0,0,,,,,,"",""
ball,2,12.2,New Zealand,CD McMillan,SP Fleming,Khaled Mahmud,0,0,,,,,,"",""
ball,2,12.3,New Zealand,CD McMillan,SP Fleming,Khaled Mahmud,0,0,,,,,,"",""
ball,2,12.4,New Zealand,CD McMillan,SP Fleming,Khaled Mahmud,0,0,,,,,,"",""
ball,2,12.5,New Zealand,CD McMillan,SP Fleming,Khaled Mahmud,4,0,,,,,,"",""
ball,2,12.6,New Zealand,CD McMillan,SP Fleming,Khaled Mahmud,4,0,,,,,,"",""
ball,2,13.1,New Zealand,SP Fleming,CD McMillan,Alok Kapali,0,1,1,,,,,"",""
ball,2,13.2,New Zealand,SP Fleming,CD McMillan,Alok Kapali,0,0,,,,,,"",""
ball,2,13.3,New Zealand,SP Fleming,CD McMillan,Alok Kapali,0,0,,,,,,"",""
ball,2,13.4,New Zealand,SP Fleming,CD McMillan,Alok Kapali,2,0,,,,,,"",""
ball,2,13.5,New Zealand,SP Fleming,CD McMillan,Alok Kapali,0,0,,,,,,"",""
ball,2,13.6,New Zealand,SP Fleming,CD McMillan,Alok Kapali,0,0,,,,,,"",""
ball,2,13.7,New Zealand,SP Fleming,CD McMillan,Alok Kapali,1,0,,,,,,"",""
ball,2,14.1,New Zealand,SP Fleming,CD McMillan,Khaled Mahmud,0,0,,,,,,caught and bowled,SP Fleming
ball,2,14.2,New Zealand,AR Adams,CD McMillan,Khaled Mahmud,0,0,,,,,,"",""
ball,2,14.3,New Zealand,AR Adams,CD McMillan,Khaled Mahmud,0,0,,,,,,"",""
ball,2,14.4,New Zealand,AR Adams,CD McMillan,Khaled Mahmud,0,0,,,,,,"",""
ball,2,14.5,New Zealand,AR Adams,CD McMillan,Khaled Mahmud,0,0,,,,,,"",""
ball,2,14.6,New Zealand,AR Adams,CD McMillan,Khaled Mahmud,2,0,,,,,,"",""
ball,2,15.1,New Zealand,CD McMillan,AR Adams,Alok Kapali,0,0,,,,,,"",""
ball,2,15.2,New Zealand,CD McMillan,AR Adams,Alok Kapali,1,0,,,,,,"",""
ball,2,15.3,New Zealand,AR Adams,CD McMillan,Alok Kapali,0,0,,,,,,"",""
ball,2,15.4,New Zealand,AR Adams,CD McMillan,Alok Kapali,1,0,,,,,,"",""
ball,2,15.5,New Zealand,CD McMillan,AR Adams,Alok Kapali,1,0,,,,,,"",""
ball,2,15.6,New Zealand,AR Adams,CD McMillan,Alok Kapali,0,0,,,,,,"",""
ball,2,16.1,New Zealand,CD McMillan,AR Adams,Khaled Mahmud,0,0,,,,,,"",""
ball,2,16.2,New Zealand,CD McMillan,AR Adams,Khaled Mahmud,0,0,,,,,,"",""
ball,2,16.3,New Zealand,CD McMillan,AR Adams,Khaled Mahmud,0,0,,,,,,"",""
ball,2,16.4,New Zealand,CD McMillan,AR Adams,Khaled Mahmud,0,0,,,,,,"",""
ball,2,16.5,New Zealand,CD McMillan,AR Adams,Khaled Mahmud,0,0,,,,,,"",""
ball,2,16.6,New Zealand,CD McMillan,AR Adams,Khaled Mahmud,4,0,,,,,,"",""
ball,2,17.1,New Zealand,AR Adams,CD McMillan,Alok Kapali,0,0,,,,,,"",""
ball,2,17.2,New Zealand,AR Adams,CD McMillan,Alok Kapali,6,0,,,,,,"",""
ball,2,17.3,New Zealand,AR Adams,CD McMillan,Alok Kapali,4,0,,,,,,"",""
ball,2,17.4,New Zealand,AR Adams,CD McMillan,Alok Kapali,4,0,,,,,,"",""
ball,2,17.5,New Zealand,AR Adams,CD McMillan,Alok Kapali,0,0,,,,,,"",""
ball,2,17.6,New Zealand,AR Adams,CD McMillan,Alok Kapali,0,0,,,,,,"",""
ball,2,18.1,New Zealand,CD McMillan,AR Adams,Khaled Mahmud,0,1,1,,,,,"",""
ball,2,18.2,New Zealand,CD McMillan,AR Adams,Khaled Mahmud,0,0,,,,,,"",""
ball,2,18.3,New Zealand,CD McMillan,AR Adams,Khaled Mahmud,1,0,,,,,,"",""
ball,2,18.4,New Zealand,AR Adams,CD McMillan,Khaled Mahmud,0,1,,1,,,,"",""
ball,2,18.5,New Zealand,AR Adams,CD McMillan,Khaled Mahmud,0,0,,,,,,"",""
ball,2,18.6,New Zealand,AR Adams,CD McMillan,Khaled Mahmud,0,0,,,,,,"",""
ball,2,18.7,New Zealand,AR Adams,CD McMillan,Khaled Mahmud,0,0,,,,,,"",""
ball,2,18.8,New Zealand,AR Adams,CD McMillan,Khaled Mahmud,0,0,,,,,,"",""
ball,2,19.1,New Zealand,CD McMillan,AR Adams,Alok Kapali,0,0,,,,,,"",""
ball,2,19.2,New Zealand,CD McMillan,AR Adams,Alok Kapali,0,0,,,,,,"",""
ball,2,19.3,New Zealand,CD McMillan,AR Adams,Alok Kapali,1,0,,,,,,"",""
ball,2,19.4,New Zealand,AR Adams,CD McMillan,Alok Kapali,0,0,,,,,,"",""
ball,2,19.5,New Zealand,AR Adams,CD McMillan,Alok Kapali,1,0,,,,,,"",""
ball,2,19.6,New Zealand,CD McMillan,AR Adams,Alok Kapali,0,0,,,,,,"",""
ball,2,20.1,New Zealand,AR Adams,CD McMillan,Khaled Mahmud,0,0,,,,,,caught,AR Adams
ball,2,20.2,New Zealand,SB Styris,CD McMillan,Khaled Mahmud,0,0,,,,,,"",""
ball,2,20.3,New Zealand,SB Styris,CD McMillan,Khaled Mahmud,0,0,,,,,,"",""
ball,2,20.4,New Zealand,SB Styris,CD McMillan,Khaled Mahmud,1,0,,,,,,"",""
ball,2,20.5,New Zealand,CD McMillan,SB Styris,Khaled Mahmud,1,0,,,,,,"",""
ball,2,20.6,New Zealand,SB Styris,CD McMillan,Khaled Mahmud,0,0,,,,,,"",""
ball,2,21.1,New Zealand,CD McMillan,SB Styris,Alok Kapali,0,0,,,,,,"",""
ball,2,21.2,New Zealand,CD McMillan,SB Styris,Alok Kapali,0,0,,,,,,"",""
ball,2,21.3,New Zealand,CD McMillan,SB Styris,Alok Kapali,2,0,,,,,,"",""
ball,2,21.4,New Zealand,CD McMillan,SB Styris,Alok Kapali,2,0,,,,,,"",""
ball,2,21.5,New Zealand,CD McMillan,SB Styris,Alok Kapali,0,0,,,,,,"",""
ball,2,21.6,New Zealand,CD McMillan,SB Styris,Alok Kapali,1,0,,,,,,"",""
ball,2,22.1,New Zealand,CD McMillan,SB Styris,Khaled Mahmud,0,0,,,,,,"",""
ball,2,22.2,New Zealand,CD McMillan,SB Styris,Khaled Mahmud,1,0,,,,,,"",""
ball,2,22.3,New Zealand,SB Styris,CD McMillan,Khaled Mahmud,2,0,,,,,,"",""
ball,2,22.4,New Zealand,SB Styris,CD McMillan,Khaled Mahmud,0,0,,,,,,"",""
ball,2,22.5,New Zealand,SB Styris,CD McMillan,Khaled Mahmud,0,0,,,,,,"",""
ball,2,22.6,New Zealand,SB Styris,CD McMillan,Khaled Mahmud,0,0,,,,,,"",""
ball,2,23.1,New Zealand,CD McMillan,SB Styris,Sanwar Hossain,1,0,,,,,,"",""
ball,2,23.2,New Zealand,SB Styris,CD McMillan,Sanwar Hossain,1,0,,,,,,"",""
ball,2,23.3,New Zealand,CD McMillan,SB Styris,Sanwar Hossain,1,0,,,,,,"",""
ball,2,23.4,New Zealand,SB Styris,CD McMillan,Sanwar Hossain,1,0,,,,,,"",""
ball,2,23.5,New Zealand,CD McMillan,SB Styris,Sanwar Hossain,6,0,,,,,,"",""
ball,2,23.6,New Zealand,CD McMillan,SB Styris,Sanwar Hossain,1,0,,,,,,"",""
ball,2,24.1,New Zealand,CD McMillan,SB Styris,Khaled Mahmud,1,0,,,,,,"",""
ball,2,24.2,New Zealand,SB Styris,CD McMillan,Khaled Mahmud,1,0,,,,,,"",""
ball,2,24.3,New Zealand,CD McMillan,SB Styris,Khaled Mahmud,0,0,,,,,,"",""
ball,2,24.4,New Zealand,CD McMillan,SB Styris,Khaled Mahmud,0,0,,,,,,"",""
ball,2,24.5,New Zealand,CD McMillan,SB Styris,Khaled Mahmud,6,0,,,,,,"",""
ball,2,24.6,New Zealand,CD McMillan,SB Styris,Khaled Mahmud,1,0,,,,,,"",""
ball,2,25.1,New Zealand,CD McMillan,SB Styris,Sanwar Hossain,0,0,,,,,,"",""
ball,2,25.2,New Zealand,CD McMillan,SB Styris,Sanwar Hossain,1,0,,,,,,"",""
ball,2,25.3,New Zealand,SB Styris,CD McMillan,Sanwar Hossain,1,0,,,,,,"",""
ball,2,25.4,New Zealand,CD McMillan,SB Styris,Sanwar Hossain,4,0,,,,,,"",""
ball,2,25.5,New Zealand,CD McMillan,SB Styris,Sanwar Hossain,1,0,,,,,,"",""
ball,2,25.6,New Zealand,SB Styris,CD McMillan,Sanwar Hossain,1,0,,,,,,"",""
ball,2,26.1,New Zealand,SB Styris,CD McMillan,Khaled Mahmud,0,0,,,,,,"",""
ball,2,26.2,New Zealand,SB Styris,CD McMillan,Khaled Mahmud,0,0,,,,,,"",""
ball,2,26.3,New Zealand,SB Styris,CD McMillan,Khaled Mahmud,1,0,,,,,,"",""
ball,2,26.4,New Zealand,CD McMillan,SB Styris,Khaled Mahmud,0,0,,,,,,bowled,CD McMillan
ball,2,26.5,New Zealand,CL Cairns,SB Styris,Khaled Mahmud,1,0,,,,,,"",""
ball,2,26.6,New Zealand,SB Styris,CL Cairns,Khaled Mahmud,1,0,,,,,,"",""
ball,2,27.1,New Zealand,SB Styris,CL Cairns,Tapash Baisya,0,0,,,,,,"",""
ball,2,27.2,New Zealand,SB Styris,CL Cairns,Tapash Baisya,4,0,,,,,,"",""
ball,2,27.3,New Zealand,SB Styris,CL Cairns,Tapash Baisya,2,0,,,,,,"",""
ball,2,27.4,New Zealand,SB Styris,CL Cairns,Tapash Baisya,0,0,,,,,,"",""
ball,2,27.5,New Zealand,SB Styris,CL Cairns,Tapash Baisya,0,0,,,,,,"",""
ball,2,27.6,New Zealand,SB Styris,CL Cairns,Tapash Baisya,1,0,,,,,,"",""
ball,2,28.1,New Zealand,SB Styris,CL Cairns,Khaled Mahmud,1,0,,,,,,"",""
ball,2,28.2,New Zealand,CL Cairns,SB Styris,Khaled Mahmud,1,0,,,,,,"",""
ball,2,28.3,New Zealand,SB Styris,CL Cairns,Khaled Mahmud,1,0,,,,,,"",""
ball,2,28.4,New Zealand,CL Cairns,SB Styris,Khaled Mahmud,1,0,,,,,,"",""
ball,2,28.5,New Zealand,SB Styris,CL Cairns,Khaled Mahmud,0,0,,,,,,"",""
ball,2,28.6,New Zealand,SB Styris,CL Cairns,Khaled Mahmud,2,0,,,,,,"",""
ball,2,29.1,New Zealand,CL Cairns,SB Styris,Tapash Baisya,4,0,,,,,,"",""
ball,2,29.2,New Zealand,CL Cairns,SB Styris,Tapash Baisya,4,0,,,,,,"",""
ball,2,29.3,New Zealand,CL Cairns,SB Styris,Tapash Baisya,0,0,,,,,,"",""
ball,2,29.4,New Zealand,CL Cairns,SB Styris,Tapash Baisya,1,0,,,,,,"",""
ball,2,29.5,New Zealand,SB Styris,CL Cairns,Tapash Baisya,4,0,,,,,,"",""
ball,2,29.6,New Zealand,SB Styris,CL Cairns,Tapash Baisya,0,0,,,,,,"",""
ball,2,30.1,New Zealand,CL Cairns,SB Styris,Khaled Mahmud,1,0,,,,,,"",""
ball,2,30.2,New Zealand,SB Styris,CL Cairns,Khaled Mahmud,1,0,,,,,,"",""
ball,2,30.3,New Zealand,CL Cairns,SB Styris,Khaled Mahmud,0,0,,,,,,"",""
ball,2,30.4,New Zealand,CL Cairns,SB Styris,Khaled Mahmud,2,0,,,,,,"",""
ball,2,30.5,New Zealand,CL Cairns,SB Styris,Khaled Mahmud,2,0,,,,,,"",""
ball,2,30.6,New Zealand,CL Cairns,SB Styris,Khaled Mahmud,0,0,,,,,,"",""
ball,2,31.1,New Zealand,SB Styris,CL Cairns,Alok Kapali,1,0,,,,,,"",""
ball,2,31.2,New Zealand,CL Cairns,SB Styris,Alok Kapali,0,0,,,,,,"",""
ball,2,31.3,New Zealand,CL Cairns,SB Styris,Alok Kapali,1,0,,,,,,"",""
ball,2,31.4,New Zealand,SB Styris,CL Cairns,Alok Kapali,1,0,,,,,,"",""
ball,2,31.5,New Zealand,CL Cairns,SB Styris,Alok Kapali,6,0,,,,,,"",""
ball,2,31.6,New Zealand,CL Cairns,SB Styris,Alok Kapali,1,0,,,,,,"",""
ball,2,32.1,New Zealand,CL Cairns,SB Styris,Manjural Islam,4,0,,,,,,"",""
ball,2,32.2,New Zealand,CL Cairns,SB Styris,Manjural Islam,1,0,,,,,,"",""
ball,2,32.3,New Zealand,SB Styris,CL Cairns,Manjural Islam,6,0,,,,,,"",""
ball,2,32.4,New Zealand,SB Styris,CL Cairns,Manjural Islam,1,0,,,,,,"",""
ball,2,32.5,New Zealand,CL Cairns,SB Styris,Manjural Islam,2,0,,,,,,"",""
ball,2,32.6,New Zealand,CL Cairns,SB Styris,Manjural Islam,0,0,,,,,,"",""
ball,2,33.1,New Zealand,SB Styris,CL Cairns,Mohammad Ashraful,1,0,,,,,,"",""
ball,2,33.2,New Zealand,CL Cairns,SB Styris,Mohammad Ashraful,1,0,,,,,,"",""
ball,2,33.3,New Zealand,SB Styris,CL Cairns,Mohammad Ashraful,1,0,,,,,,"",""
