version,1.7.0
info,balls_per_over,6
info,team,Australia
info,team,New Zealand
info,gender,male
info,season,2002/03
info,date,2003/03/11
info,event,ICC World Cup
info,venue,"St George's Park, Port Elizabeth"
info,city,Gqeberha
info,toss_winner,New Zealand
info,toss_decision,field
info,player_of_match,SE Bond
info,umpire,EAR de Silva
info,umpire,SA Bucknor
info,tv_umpire,BG Jerling
info,match_referee,RS Madugalle
info,winner,Australia
info,winner_runs,96
info,player,Australia,AC Gilchrist
info,player,Australia,ML Hayden
info,player,Australia,RT Ponting
info,player,Australia,DR Martyn
info,player,Australia,DS Lehmann
info,player,Australia,MG Bevan
info,player,Australia,GB Hogg
info,player,Australia,IJ Harvey
info,player,Australia,AJ Bichel
info,player,Australia,B Lee
info,player,Australia,GD McGrath
info,player,New Zealand,DL Vettori
info,player,New Zealand,SP Fleming
info,player,New Zealand,NJ Astle
info,player,New Zealand,SB Styris
info,player,New Zealand,CL Cairns
info,player,New Zealand,L Vincent
info,player,New Zealand,CZ Harris
info,player,New Zealand,BB McCullum
info,player,New Zealand,JDP Oram
info,player,New Zealand,AR Adams
info,player,New Zealand,SE Bond
info,registry,people,AC Gilchrist,2b6e6dec
info,registry,people,AJ Bichel,3cf83487
info,registry,people,AR Adams,525c3f54
info,registry,people,B Lee,dd09ff8e
info,registry,people,BB McCullum,b8a55852
info,registry,people,BG Jerling,26457e41
info,registry,people,CL Cairns,0b130202
info,registry,people,CZ Harris,582e9baa
info,registry,people,DL Vettori,d7c6af50
info,registry,people,DR Martyn,69762509
info,registry,people,DS Lehmann,53fe6ee4
info,registry,people,EAR de Silva,dc63f509
info,registry,people,GB Hogg,f708a0bc
info,registry,people,GD McGrath,ee7d0c82
info,registry,people,IJ Harvey,3227beb4
info,registry,people,JDP Oram,3eac9d95
info,registry,people,L Vincent,2764133a
info,registry,people,MG Bevan,c500ec39
info,registry,people,ML Hayden,d8699ab7
info,registry,people,NJ Astle,99639abf
info,registry,people,RS Madugalle,766b5798
info,registry,people,RT Ponting,7d415ea5
info,registry,people,SA Bucknor,2ad22b51
info,registry,people,SB Styris,57efa3be
info,registry,people,SE Bond,4f629497
info,registry,people,SP Fleming,eea6b7f1
ball,1,0.1,Australia,AC Gilchrist,ML Hayden,SE Bond,0,1,1,,,,,"",""
ball,1,0.2,Australia,AC Gilchrist,ML Hayden,SE Bond,0,0,,,,,,"",""
ball,1,0.3,Australia,AC Gilchrist,ML Hayden,SE Bond,0,0,,,,,,"",""
ball,1,0.4,Australia,AC Gilchrist,ML Hayden,SE Bond,2,0,,,,,,"",""
ball,1,0.5,Australia,AC Gilchrist,ML Hayden,SE Bond,1,0,,,,,,"",""
ball,1,0.6,Australia,ML Hayden,AC Gilchrist,SE Bond,0,1,,1,,,,"",""
ball,1,0.7,Australia,ML Hayden,AC Gilchrist,SE Bond,1,0,,,,,,"",""
ball,1,0.8,Australia,AC Gilchrist,ML Hayden,SE Bond,1,0,,,,,,"",""
ball,1,1.1,Australia,AC Gilchrist,ML Hayden,AR Adams,0,0,,,,,,"",""
ball,1,1.2,Australia,AC Gilchrist,ML Hayden,AR Adams,0,0,,,,,,"",""
ball,1,1.3,Australia,AC Gilchrist,ML Hayden,AR Adams,4,0,,,,,,"",""
ball,1,1.4,Australia,AC Gilchrist,ML Hayden,AR Adams,4,0,,,,,,"",""
ball,1,1.5,Australia,AC Gilchrist,ML Hayden,AR Adams,1,0,,,,,,"",""
ball,1,1.6,Australia,ML Hayden,AC Gilchrist,AR Adams,0,0,,,,,,"",""
ball,1,2.1,Australia,AC Gilchrist,ML Hayden,SE Bond,1,0,,,,,,"",""
ball,1,2.2,Australia,ML Hayden,AC Gilchrist,SE Bond,0,0,,,,,,caught,ML Hayden
ball,1,2.3,Australia,RT Ponting,AC Gilchrist,SE Bond,0,0,,,,,,"",""
ball,1,2.4,Australia,RT Ponting,AC Gilchrist,SE Bond,0,0,,,,,,"",""
ball,1,2.5,Australia,RT Ponting,AC Gilchrist,SE Bond,0,0,,,,,,"",""
ball,1,2.6,Australia,RT Ponting,AC Gilchrist,SE Bond,0,0,,,,,,"",""
ball,1,3.1,Australia,AC Gilchrist,RT Ponting,DL Vettori,0,0,,,,,,"",""
ball,1,3.2,Australia,AC Gilchrist,RT Ponting,DL Vettori,0,0,,,,,,"",""
ball,1,3.3,Australia,AC Gilchrist,RT Ponting,DL Vettori,1,0,,,,,,"",""
ball,1,3.4,Australia,RT Ponting,AC Gilchrist,DL Vettori,0,0,,,,,,"",""
ball,1,3.5,Australia,RT Ponting,AC Gilchrist,DL Vettori,3,0,,,,,,"",""
ball,1,3.6,Australia,AC Gilchrist,RT Ponting,DL Vettori,1,0,,,,,,"",""
ball,1,4.1,Australia,AC Gilchrist,RT Ponting,SE Bond,0,0,,,,,,"",""
ball,1,4.2,Australia,AC Gilchrist,RT Ponting,SE Bond,0,0,,,,,,"",""
ball,1,4.3,Australia,AC Gilchrist,RT Ponting,SE Bond,0,0,,,,,,"",""
ball,1,4.4,Australia,AC Gilchrist,RT Ponting,SE Bond,2,0,,,,,,"",""
ball,1,4.5,Australia,AC Gilchrist,RT Ponting,SE Bond,0,0,,,,,,lbw,AC Gilchrist
ball,1,4.6,Australia,DR Martyn,RT Ponting,SE Bond,0,0,,,,,,"",""
ball,1,5.1,Australia,RT Ponting,DR Martyn,DL Vettori,0,0,,,,,,"",""
ball,1,5.2,Australia,RT Ponting,DR Martyn,DL Vettori,0,0,,,,,,"",""
ball,1,5.3,Australia,RT Ponting,DR Martyn,DL Vettori,0,0,,,,,,"",""
ball,1,5.4,Australia,RT Ponting,DR Martyn,DL Vettori,0,0,,,,,,"",""
ball,1,5.5,Australia,RT Ponting,DR Martyn,DL Vettori,0,0,,,,,,"",""
ball,1,5.6,Australia,RT Ponting,DR Martyn,DL Vettori,0,0,,,,,,"",""
ball,1,6.1,Australia,DR Martyn,RT Ponting,SE Bond,0,0,,,,,,"",""
ball,1,6.2,Australia,DR Martyn,RT Ponting,SE Bond,0,0,,,,,,"",""
ball,1,6.3,Australia,DR Martyn,RT Ponting,SE Bond,0,0,,,,,,"",""
ball,1,6.4,Australia,DR Martyn,RT Ponting,SE Bond,0,0,,,,,,"",""
ball,1,6.5,Australia,DR Martyn,RT Ponting,SE Bond,1,0,,,,,,"",""
ball,1,6.6,Australia,RT Ponting,DR Martyn,SE Bond,1,0,,,,,,"",""
ball,1,7.1,Australia,RT Ponting,DR Martyn,DL Vettori,0,0,,,,,,"",""
ball,1,7.2,Australia,RT Ponting,DR Martyn,DL Vettori,0,0,,,,,,"",""
ball,1,7.3,Australia,RT Ponting,DR Martyn,DL Vettori,0,0,,,,,,"",""
ball,1,7.4,Australia,RT Ponting,DR Martyn,DL Vettori,0,0,,,,,,"",""
ball,1,7.5,Australia,RT Ponting,DR Martyn,DL Vettori,2,0,,,,,,"",""
ball,1,7.6,Australia,RT Ponting,DR Martyn,DL Vettori,0,0,,,,,,"",""
ball,1,8.1,Australia,DR Martyn,RT Ponting,SE Bond,2,0,,,,,,"",""
ball,1,8.2,Australia,DR Martyn,RT Ponting,SE Bond,0,0,,,,,,"",""
ball,1,8.3,Australia,DR Martyn,RT Ponting,SE Bond,1,0,,,,,,"",""
ball,1,8.4,Australia,RT Ponting,DR Martyn,SE Bond,0,0,,,,,,caught,RT Ponting
ball,1,8.5,Australia,DS Lehmann,DR Martyn,SE Bond,0,0,,,,,,"",""
ball,1,8.6,Australia,DS Lehmann,DR Martyn,SE Bond,0,0,,,,,,"",""
ball,1,9.1,Australia,DR Martyn,DS Lehmann,DL Vettori,0,0,,,,,,"",""
ball,1,9.2,Australia,DR Martyn,DS Lehmann,DL Vettori,0,0,,,,,,"",""
ball,1,9.3,Australia,DR Martyn,DS Lehmann,DL Vettori,1,0,,,,,,"",""
ball,1,9.4,Australia,DS Lehmann,DR Martyn,DL Vettori,0,0,,,,,,"",""
ball,1,9.5,Australia,DS Lehmann,DR Martyn,DL Vettori,0,0,,,,,,"",""
ball,1,9.6,Australia,DS Lehmann,DR Martyn,DL Vettori,4,0,,,,,,"",""
ball,1,10.1,Australia,DR Martyn,DS Lehmann,SE Bond,4,0,,,,,,"",""
ball,1,10.2,Australia,DR Martyn,DS Lehmann,SE Bond,0,0,,,,,,"",""
ball,1,10.3,Australia,DR Martyn,DS Lehmann,SE Bond,0,0,,,,,,"",""
ball,1,10.4,Australia,DR Martyn,DS Lehmann,SE Bond,0,0,,,,,,"",""
ball,1,10.5,Australia,DR Martyn,DS Lehmann,SE Bond,1,0,,,,,,"",""
ball,1,10.6,Australia,DS Lehmann,DR Martyn,SE Bond,0,0,,,,,,"",""
ball,1,11.1,Australia,DR Martyn,DS Lehmann,JDP Oram,0,0,,,,,,"",""
ball,1,11.2,Australia,DR Martyn,DS Lehmann,JDP Oram,2,0,,,,,,"",""
ball,1,11.3,Australia,DR Martyn,DS Lehmann,JDP Oram,0,0,,,,,,"",""
ball,1,11.4,Australia,DR Martyn,DS Lehmann,JDP Oram,0,0,,,,,,"",""
ball,1,11.5,Australia,DR Martyn,DS Lehmann,JDP Oram,4,0,,,,,,"",""
ball,1,11.6,Australia,DR Martyn,DS Lehmann,JDP Oram,0,0,,,,,,"",""
ball,1,12.1,Australia,DS Lehmann,DR Martyn,AR Adams,0,0,,,,,,"",""
ball,1,12.2,Australia,DS Lehmann,DR Martyn,AR Adams,0,0,,,,,,"",""
ball,1,12.3,Australia,DS Lehmann,DR Martyn,AR Adams,0,0,,,,,,caught,DS Lehmann
ball,1,12.4,Australia,MG Bevan,DR Martyn,AR Adams,0,0,,,,,,"",""
ball,1,12.5,Australia,MG Bevan,DR Martyn,AR Adams,0,0,,,,,,"",""
ball,1,12.6,Australia,MG Bevan,DR Martyn,AR Adams,0,0,,,,,,"",""
ball,1,13.1,Australia,DR Martyn,MG Bevan,JDP Oram,1,0,,,,,,"",""
ball,1,13.2,Australia,MG Bevan,DR Martyn,JDP Oram,0,0,,,,,,"",""
ball,1,13.3,Australia,MG Bevan,DR Martyn,JDP Oram,0,0,,,,,,"",""
ball,1,13.4,Australia,MG Bevan,DR Martyn,JDP Oram,0,0,,,,,,"",""
ball,1,13.5,Australia,MG Bevan,DR Martyn,JDP Oram,0,0,,,,,,"",""
ball,1,13.6,Australia,MG Bevan,DR Martyn,JDP Oram,0,0,,,,,,"",""
ball,1,14.1,Australia,DR Martyn,MG Bevan,AR Adams,1,0,,,,,,"",""
ball,1,14.2,Australia,MG Bevan,DR Martyn,AR Adams,2,0,,,,,,"",""
ball,1,14.3,Australia,MG Bevan,DR Martyn,AR Adams,0,0,,,,,,"",""
ball,1,14.4,Australia,MG Bevan,DR Martyn,AR Adams,0,0,,,,,,"",""
ball,1,14.5,Australia,MG Bevan,DR Martyn,AR Adams,4,0,,,,,,"",""
ball,1,14.6,Australia,MG Bevan,DR Martyn,AR Adams,0,0,,,,,,"",""
ball,1,15.1,Australia,DR Martyn,MG Bevan,JDP Oram,2,0,,,,,,"",""
ball,1,15.2,Australia,DR Martyn,MG Bevan,JDP Oram,0,0,,,,,,"",""
ball,1,15.3,Australia,DR Martyn,MG Bevan,JDP Oram,0,0,,,,,,"",""
ball,1,15.4,Australia,DR Martyn,MG Bevan,JDP Oram,1,0,,,,,,"",""
ball,1,15.5,Australia,MG Bevan,DR Martyn,JDP Oram,0,0,,,,,,"",""
ball,1,15.6,Australia,MG Bevan,DR Martyn,JDP Oram,0,0,,,,,,"",""
ball,1,16.1,Australia,DR Martyn,MG Bevan,AR Adams,0,0,,,,,,"",""
ball,1,16.2,Australia,DR Martyn,MG Bevan,AR Adams,0,0,,,,,,"",""
ball,1,16.3,Australia,DR Martyn,MG Bevan,AR Adams,0,0,,,,,,"",""
ball,1,16.4,Australia,DR Martyn,MG Bevan,AR Adams,0,0,,,,,,"",""
ball,1,16.5,Australia,DR Martyn,MG Bevan,AR Adams,0,0,,,,,,"",""
ball,1,16.6,Australia,DR Martyn,MG Bevan,AR Adams,0,0,,,,,,"",""
ball,1,17.1,Australia,MG Bevan,DR Martyn,DL Vettori,0,0,,,,,,"",""
ball,1,17.2,Australia,MG Bevan,DR Martyn,DL Vettori,0,0,,,,,,"",""
ball,1,17.3,Australia,MG Bevan,DR Martyn,DL Vettori,0,0,,,,,,"",""
ball,1,17.4,Australia,MG Bevan,DR Martyn,DL Vettori,1,0,,,,,,"",""
ball,1,17.5,Australia,DR Martyn,MG Bevan,DL Vettori,1,0,,,,,,"",""
ball,1,17.6,Australia,MG Bevan,DR Martyn,DL Vettori,0,0,,,,,,"",""
ball,1,18.1,Australia,DR Martyn,MG Bevan,AR Adams,0,0,,,,,,"",""
ball,1,18.2,Australia,DR Martyn,MG Bevan,AR Adams,4,0,,,,,,"",""
ball,1,18.3,Australia,DR Martyn,MG Bevan,AR Adams,0,0,,,,,,"",""
ball,1,18.4,Australia,DR Martyn,MG Bevan,AR Adams,0,0,,,,,,"",""
ball,1,18.5,Australia,DR Martyn,MG Bevan,AR Adams,0,0,,,,,,"",""
ball,1,18.6,Australia,DR Martyn,MG Bevan,AR Adams,0,0,,,,,,"",""
ball,1,19.1,Australia,MG Bevan,DR Martyn,DL Vettori,1,0,,,,,,"",""
ball,1,19.2,Australia,DR Martyn,MG Bevan,DL Vettori,0,0,,,,,,"",""
ball,1,19.3,Australia,DR Martyn,MG Bevan,DL Vettori,0,0,,,,,,"",""
ball,1,19.4,Australia,DR Martyn,MG Bevan,DL Vettori,1,0,,,,,,"",""
ball,1,19.5,Australia,MG Bevan,DR Martyn,DL Vettori,0,0,,,,,,"",""
ball,1,19.6,Australia,MG Bevan,DR Martyn,DL Vettori,0,0,,,,,,"",""
ball,1,20.1,Australia,DR Martyn,MG Bevan,CZ Harris,0,0,,,,,,"",""
ball,1,20.2,Australia,DR Martyn,MG Bevan,CZ Harris,1,0,,,,,,"",""
ball,1,20.3,Australia,MG Bevan,DR Martyn,CZ Harris,0,0,,,,,,"",""
ball,1,20.4,Australia,MG Bevan,DR Martyn,CZ Harris,2,0,,,,,,"",""
ball,1,20.5,Australia,MG Bevan,DR Martyn,CZ Harris,1,0,,,,,,"",""
ball,1,20.6,Australia,DR Martyn,MG Bevan,CZ Harris,0,0,,,,,,"",""
ball,1,21.1,Australia,MG Bevan,DR Martyn,DL Vettori,0,0,,,,,,"",""
ball,1,21.2,Australia,MG Bevan,DR Martyn,DL Vettori,1,0,,,,,,"",""
ball,1,21.3,Australia,DR Martyn,MG Bevan,DL Vettori,1,0,,,,,,"",""
ball,1,21.4,Australia,MG Bevan,DR Martyn,DL Vettori,6,0,,,,,,"",""
ball,1,21.5,Australia,MG Bevan,DR Martyn,DL Vettori,0,0,,,,,,"",""
ball,1,21.6,Australia,MG Bevan,DR Martyn,DL Vettori,0,0,,,,,,"",""
ball,1,22.1,Australia,DR Martyn,MG Bevan,SE Bond,0,0,,,,,,"",""
ball,1,22.2,Australia,DR Martyn,MG Bevan,SE Bond,1,0,,,,,,"",""
ball,1,22.3,Australia,MG Bevan,DR Martyn,SE Bond,0,0,,,,,,"",""
ball,1,22.4,Australia,MG Bevan,DR Martyn,SE Bond,0,0,,,,,,"",""
ball,1,22.5,Australia,MG Bevan,DR Martyn,SE Bond,0,0,,,,,,"",""
ball,1,22.6,Australia,MG Bevan,DR Martyn,SE Bond,0,0,,,,,,"",""
ball,1,23.1,Australia,DR Martyn,MG Bevan,CZ Harris,1,0,,,,,,"",""
ball,1,23.2,Australia,MG Bevan,DR Martyn,CZ Harris,0,0,,,,,,"",""
ball,1,23.3,Australia,MG Bevan,DR Martyn,CZ Harris,0,0,,,,,,"",""
ball,1,23.4,Australia,MG Bevan,DR Martyn,CZ Harris,0,0,,,,,,"",""
ball,1,23.5,Australia,MG Bevan,DR Martyn,CZ Harris,0,0,,,,,,"",""
ball,1,23.6,Australia,MG Bevan,DR Martyn,CZ Harris,0,0,,,,,,"",""
ball,1,24.1,Australia,DR Martyn,MG Bevan,SE Bond,0,0,,,,,,caught,DR Martyn
ball,1,24.2,Australia,GB Hogg,MG Bevan,SE Bond,0,0,,,,,,lbw,GB Hogg
ball,1,24.3,Australia,IJ Harvey,MG Bevan,SE Bond,0,0,,,,,,"",""
ball,1,24.4,Australia,IJ Harvey,MG Bevan,SE Bond,0,0,,,,,,"",""
ball,1,24.5,Australia,IJ Harvey,MG Bevan,SE Bond,0,0,,,,,,"",""
ball,1,24.6,Australia,IJ Harvey,MG Bevan,SE Bond,0,0,,,,,,"",""
ball,1,25.1,Australia,MG Bevan,IJ Harvey,CZ Harris,1,0,,,,,,"",""
ball,1,25.2,Australia,IJ Harvey,MG Bevan,CZ Harris,0,0,,,,,,"",""
ball,1,25.3,Australia,IJ Harvey,MG Bevan,CZ Harris,1,0,,,,,,"",""
ball,1,25.4,Australia,MG Bevan,IJ Harvey,CZ Harris,1,0,,,,,,"",""
ball,1,25.5,Australia,IJ Harvey,MG Bevan,CZ Harris,0,0,,,,,,"",""
ball,1,25.6,Australia,IJ Harvey,MG Bevan,CZ Harris,1,0,,,,,,"",""
ball,1,26.1,Australia,IJ Harvey,MG Bevan,SE Bond,0,0,,,,,,"",""
ball,1,26.2,Australia,IJ Harvey,MG Bevan,SE Bond,0,0,,,,,,"",""
ball,1,26.3,Australia,IJ Harvey,MG Bevan,SE Bond,0,0,,,,,,bowled,IJ Harvey
ball,1,26.4,Australia,AJ Bichel,MG Bevan,SE Bond,0,0,,,,,,"",""
ball,1,26.5,Australia,AJ Bichel,MG Bevan,SE Bond,0,0,,,,,,"",""
ball,1,26.6,Australia,AJ Bichel,MG Bevan,SE Bond,0,0,,,,,,"",""
ball,1,27.1,Australia,MG Bevan,AJ Bichel,CZ Harris,0,0,,,,,,"",""
ball,1,27.2,Australia,MG Bevan,AJ Bichel,CZ Harris,1,0,,,,,,"",""
ball,1,27.3,Australia,AJ Bichel,MG Bevan,CZ Harris,0,0,,,,,,"",""
ball,1,27.4,Australia,AJ Bichel,MG Bevan,CZ Harris,0,0,,,,,,"",""
ball,1,27.5,Australia,AJ Bichel,MG Bevan,CZ Harris,0,0,,,,,,"",""
ball,1,27.6,Australia,AJ Bichel,MG Bevan,CZ Harris,0,0,,,,,,"",""
ball,1,28.1,Australia,MG Bevan,AJ Bichel,SE Bond,0,0,,,,,,"",""
ball,1,28.2,Australia,MG Bevan,AJ Bichel,SE Bond,0,1,,,,1,,"",""
ball,1,28.3,Australia,AJ Bichel,MG Bevan,SE Bond,0,0,,,,,,"",""
ball,1,28.4,Australia,AJ Bichel,MG Bevan,SE Bond,1,0,,,,,,"",""
ball,1,28.5,Australia,MG Bevan,AJ Bichel,SE Bond,1,0,,,,,,"",""
ball,1,28.6,Australia,AJ Bichel,MG Bevan,SE Bond,0,0,,,,,,"",""
ball,1,29.1,Australia,MG Bevan,AJ Bichel,CZ Harris,1,0,,,,,,"",""
ball,1,29.2,Australia,AJ Bichel,MG Bevan,CZ Harris,0,0,,,,,,"",""
ball,1,29.3,Australia,AJ Bichel,MG Bevan,CZ Harris,0,0,,,,,,"",""
ball,1,29.4,Australia,AJ Bichel,MG Bevan,CZ Harris,1,0,,,,,,"",""
ball,1,29.5,Australia,MG Bevan,AJ Bichel,CZ Harris,1,0,,,,,,"",""
ball,1,29.6,Australia,AJ Bichel,MG Bevan,CZ Harris,0,0,,,,,,"",""
ball,1,30.1,Australia,MG Bevan,AJ Bichel,DL Vettori,1,0,,,,,,"",""
ball,1,30.2,Australia,AJ Bichel,MG Bevan,DL Vettori,0,0,,,,,,"",""
ball,1,30.3,Australia,AJ Bichel,MG Bevan,DL Vettori,0,0,,,,,,"",""
ball,1,30.4,Australia,AJ Bichel,MG Bevan,DL Vettori,1,0,,,,,,"",""
ball,1,30.5,Australia,MG Bevan,AJ Bichel,DL Vettori,1,0,,,,,,"",""
ball,1,30.6,Australia,AJ Bichel,MG Bevan,DL Vettori,0,0,,,,,,"",""
ball,1,31.1,Australia,MG Bevan,AJ Bichel,CZ Harris,0,0,,,,,,"",""
ball,1,31.2,Australia,MG Bevan,AJ Bichel,CZ Harris,0,0,,,,,,"",""
ball,1,31.3,Australia,MG Bevan,AJ Bichel,CZ Harris,1,0,,,,,,"",""
ball,1,31.4,Australia,AJ Bichel,MG Bevan,CZ Harris,0,0,,,,,,"",""
ball,1,31.5,Australia,AJ Bichel,MG Bevan,CZ Harris,0,0,,,,,,"",""
ball,1,31.6,Australia,AJ Bichel,MG Bevan,CZ Harris,0,0,,,,,,"",""
ball,1,32.1,Australia,MG Bevan,AJ Bichel,DL Vettori,1,0,,,,,,"",""
ball,1,32.2,Australia,AJ Bichel,MG Bevan,DL Vettori,0,0,,,,,,"",""
ball,1,32.3,Australia,AJ Bichel,MG Bevan,DL Vettori,1,0,,,,,,"",""
ball,1,32.4,Australia,MG Bevan,AJ Bichel,DL Vettori,1,0,,,,,,"",""
ball,1,32.5,Australia,AJ Bichel,MG Bevan,DL Vettori,0,0,,,,,,"",""
ball,1,32.6,Australia,AJ Bichel,MG Bevan,DL Vettori,4,0,,,,,,"",""
ball,1,33.1,Australia,MG Bevan,AJ Bichel,CZ Harris,0,0,,,,,,"",""
ball,1,33.2,Australia,MG Bevan,AJ Bichel,CZ Harris,0,0,,,,,,"",""
ball,1,33.3,Australia,MG Bevan,AJ Bichel,CZ Harris,0,0,,,,,,"",""
ball,1,33.4,Australia,MG Bevan,AJ Bichel,CZ Harris,0,0,,,,,,"",""
ball,1,33.5,Australia,MG Bevan,AJ Bichel,CZ Harris,1,0,,,,,,"",""
ball,1,33.6,Australia,AJ Bichel,MG Bevan,CZ Harris,0,0,,,,,,"",""
ball,1,34.1,Australia,MG Bevan,AJ Bichel,DL Vettori,1,0,,,,,,"",""
ball,1,34.2,Australia,AJ Bichel,MG Bevan,DL Vettori,4,0,,,,,,"",""
ball,1,34.3,Australia,AJ Bichel,MG Bevan,DL Vettori,0,0,,,,,,"",""
ball,1,34.4,Australia,AJ Bichel,MG Bevan,DL Vettori,0,0,,,,,,"",""
ball,1,34.5,Australia,AJ Bichel,MG Bevan,DL Vettori,0,0,,,,,,"",""
ball,1,34.6,Australia,AJ Bichel,MG Bevan,DL Vettori,1,0,,,,,,"",""
ball,1,35.1,Australia,AJ Bichel,MG Bevan,CZ Harris,0,0,,,,,,"",""
ball,1,35.2,Australia,AJ Bichel,MG Bevan,CZ Harris,0,0,,,,,,"",""
ball,1,35.3,Australia,AJ Bichel,MG Bevan,CZ Harris,0,0,,,,,,"",""
ball,1,35.4,Australia,AJ Bichel,MG Bevan,CZ Harris,0,0,,,,,,"",""
ball,1,35.5,Australia,AJ Bichel,MG Bevan,CZ Harris,0,0,,,,,,"",""
ball,1,35.6,Australia,AJ Bichel,MG Bevan,CZ Harris,0,0,,,,,,"",""
ball,1,36.1,Australia,MG Bevan,AJ Bichel,AR Adams,0,0,,,,,,"",""
ball,1,36.2,Australia,MG Bevan,AJ Bichel,AR Adams,0,0,,,,,,"",""
ball,1,36.3,Australia,MG Bevan,AJ Bichel,AR Adams,1,0,,,,,,"",""
ball,1,36.4,Australia,AJ Bichel,MG Bevan,AR Adams,0,0,,,,,,"",""
ball,1,36.5,Australia,AJ Bichel,MG Bevan,AR Adams,0,0,,,,,,"",""
ball,1,36.6,Australia,AJ Bichel,MG Bevan,AR Adams,0,0,,,,,,"",""
ball,1,37.1,Australia,MG Bevan,AJ Bichel,CZ Harris,0,0,,,,,,"",""
ball,1,37.2,Australia,MG Bevan,AJ Bichel,CZ Harris,0,0,,,,,,"",""
ball,1,37.3,Australia,MG Bevan,AJ Bichel,CZ Harris,0,0,,,,,,"",""
ball,1,37.4,Australia,MG Bevan,AJ Bichel,CZ Harris,1,0,,,,,,"",""
ball,1,37.5,Australia,AJ Bichel,MG Bevan,CZ Harris,1,0,,,,,,"",""
ball,1,37.6,Australia,MG Bevan,AJ Bichel,CZ Harris,0,0,,,,,,"",""
ball,1,38.1,Australia,AJ Bichel,MG Bevan,AR Adams,0,0,,,,,,"",""
ball,1,38.2,Australia,AJ Bichel,MG Bevan,AR Adams,0,0,,,,,,"",""
ball,1,38.3,Australia,AJ Bichel,MG Bevan,AR Adams,6,0,,,,,,"",""
ball,1,38.4,Australia,AJ Bichel,MG Bevan,AR Adams,2,0,,,,,,"",""
ball,1,38.5,Australia,AJ Bichel,MG Bevan,AR Adams,0,0,,,,,,"",""
ball,1,38.6,Australia,AJ Bichel,MG Bevan,AR Adams,1,0,,,,,,"",""
ball,1,39.1,Australia,AJ Bichel,MG Bevan,CZ Harris,0,0,,,,,,"",""
ball,1,39.2,Australia,AJ Bichel,MG Bevan,CZ Harris,4,0,,,,,,"",""
ball,1,39.3,Australia,AJ Bichel,MG Bevan,CZ Harris,0,0,,,,,,"",""
ball,1,39.4,Australia,AJ Bichel,MG Bevan,CZ Harris,1,0,,,,,,"",""
ball,1,39.5,Australia,MG Bevan,AJ Bichel,CZ Harris,1,0,,,,,,"",""
ball,1,39.6,Australia,AJ Bichel,MG Bevan,CZ Harris,1,0,,,,,,"",""
ball,1,40.1,Australia,AJ Bichel,MG Bevan,JDP Oram,4,0,,,,,,"",""
ball,1,40.2,Australia,AJ Bichel,MG Bevan,JDP Oram,0,0,,,,,,"",""
ball,1,40.3,Australia,AJ Bichel,MG Bevan,JDP Oram,1,0,,,,,,"",""
ball,1,40.4,Australia,MG Bevan,AJ Bichel,JDP Oram,0,1,,1,,,,"",""
ball,1,40.5,Australia,MG Bevan,AJ Bichel,JDP Oram,0,0,,,,,,"",""
ball,1,40.6,Australia,MG Bevan,AJ Bichel,JDP Oram,0,0,,,,,,"",""
ball,1,40.7,Australia,MG Bevan,AJ Bichel,JDP Oram,0,0,,,,,,"",""
ball,1,41.1,Australia,AJ Bichel,MG Bevan,SB Styris,0,0,,,,,,"",""
ball,1,41.2,Australia,AJ Bichel,MG Bevan,SB Styris,0,0,,,,,,"",""
ball,1,41.3,Australia,AJ Bichel,MG Bevan,SB Styris,0,0,,,,,,"",""
ball,1,41.4,Australia,AJ Bichel,MG Bevan,SB Styris,4,0,,,,,,"",""
ball,1,41.5,Australia,AJ Bichel,MG Bevan,SB Styris,0,0,,,,,,"",""
ball,1,41.6,Australia,AJ Bichel,MG Bevan,SB Styris,2,0,,,,,,"",""
ball,1,42.1,Australia,MG Bevan,AJ Bichel,JDP Oram,0,0,,,,,,"",""
ball,1,42.2,Australia,MG Bevan,AJ Bichel,JDP Oram,4,0,,,,,,"",""
ball,1,42.3,Australia,MG Bevan,AJ Bichel,JDP Oram,1,0,,,,,,"",""
ball,1,42.4,Australia,AJ Bichel,MG Bevan,JDP Oram,0,0,,,,,,"",""
ball,1,42.5,Australia,AJ Bichel,MG Bevan,JDP Oram,0,0,,,,,,"",""
ball,1,42.6,Australia,AJ Bichel,MG Bevan,JDP Oram,4,0,,,,,,"",""
ball,1,43.1,Australia,MG Bevan,AJ Bichel,SB Styris,1,0,,,,,,"",""
ball,1,43.2,Australia,AJ Bichel,MG Bevan,SB Styris,2,0,,,,,,"",""
ball,1,43.3,Australia,AJ Bichel,MG Bevan,SB Styris,0,0,,,,,,"",""
ball,1,43.4,Australia,AJ Bichel,MG Bevan,SB Styris,1,0,,,,,,"",""
ball,1,43.5,Australia,MG Bevan,AJ Bichel,SB Styris,1,0,,,,,,"",""
ball,1,43.6,Australia,AJ Bichel,MG Bevan,SB Styris,1,0,,,,,,"",""
ball,1,44.1,Australia,AJ Bichel,MG Bevan,NJ Astle,1,0,,,,,,"",""
ball,1,44.2,Australia,MG Bevan,AJ Bichel,NJ Astle,4,0,,,,,,"",""
ball,1,44.3,Australia,MG Bevan,AJ Bichel,NJ Astle,1,0,,,,,,"",""
ball,1,44.4,Australia,AJ Bichel,MG Bevan,NJ Astle,1,0,,,,,,"",""
ball,1,44.5,Australia,MG Bevan,AJ Bichel,NJ Astle,0,0,,,,,,"",""
ball,1,44.6,Australia,MG Bevan,AJ Bichel,NJ Astle,1,0,,,,,,"",""
ball,1,45.1,Australia,MG Bevan,AJ Bichel,SB Styris,0,0,,,,,,"",""
ball,1,45.2,Australia,MG Bevan,AJ Bichel,SB Styris,1,0,,,,,,"",""
ball,1,45.3,Australia,AJ Bichel,MG Bevan,SB Styris,0,0,,,,,,"",""
ball,1,45.4,Australia,AJ Bichel,MG Bevan,SB Styris,2,0,,,,,,"",""
ball,1,45.5,Australia,AJ Bichel,MG Bevan,SB Styris,0,2,2,,,,,"",""
ball,1,45.6,Australia,MG Bevan,AJ Bichel,SB Styris,0,0,,,,,,"",""
ball,1,45.7,Australia,MG Bevan,AJ Bichel,SB Styris,1,0,,,,,,"",""
ball,1,46.1,Australia,MG Bevan,AJ Bichel,AR Adams,4,0,,,,,,"",""
ball,1,46.2,Australia,MG Bevan,AJ Bichel,AR Adams,1,0,,,,,,"",""
ball,1,46.3,Australia,AJ Bichel,MG Bevan,AR Adams,1,0,,,,,,"",""
ball,1,46.4,Australia,MG Bevan,AJ Bichel,AR Adams,1,0,,,,,,"",""
ball,1,46.5,Australia,AJ Bichel,MG Bevan,AR Adams,0,1,,1,,,,"",""
ball,1,46.6,Australia,AJ Bichel,MG Bevan,AR Adams,0,0,,,,,,"",""
ball,1,46.7,Australia,AJ Bichel,MG Bevan,AR Adams,1,0,,,,,,"",""
ball,1,47.1,Australia,AJ Bichel,MG Bevan,JDP Oram,1,0,,,,,,"",""
ball,1,47.2,Australia,MG Bevan,AJ Bichel,JDP Oram,1,0,,,,,,"",""
ball,1,47.3,Australia,AJ Bichel,MG Bevan,JDP Oram,1,0,,,,,,"",""
ball,1,47.4,Australia,MG Bevan,AJ Bichel,JDP Oram,0,0,,,,,,"",""
ball,1,47.5,Australia,MG Bevan,AJ Bichel,JDP Oram,0,0,,,,,,caught,MG Bevan
ball,1,47.6,Australia,AJ Bichel,B Lee,JDP Oram,4,0,,,,,,"",""
ball,1,48.1,Australia,B Lee,AJ Bichel,AR Adams,0,1,1,,,,,"",""
ball,1,48.2,Australia,B Lee,AJ Bichel,AR Adams,1,0,,,,,,"",""
ball,1,48.3,Australia,AJ Bichel,B Lee,AR Adams,2,0,,,,,,"",""
ball,1,48.4,Australia,AJ Bichel,B Lee,AR Adams,1,0,,,,,,"",""
ball,1,48.5,Australia,B Lee,AJ Bichel,AR Adams,0,0,,,,,,"",""
ball,1,48.6,Australia,B Lee,AJ Bichel,AR Adams,1,0,,,,,,"",""
ball,1,48.7,Australia,AJ Bichel,B Lee,AR Adams,1,0,,,,,,"",""
ball,1,49.1,Australia,AJ Bichel,B Lee,JDP Oram,0,0,,,,,,caught,AJ Bichel
ball,1,49.2,Australia,B Lee,GD McGrath,JDP Oram,1,0,,,,,,"",""
ball,1,49.3,Australia,GD McGrath,B Lee,JDP Oram,2,0,,,,,,"",""
ball,1,49.4,Australia,GD McGrath,B Lee,JDP Oram,1,0,,,,,,"",""
ball,1,49.5,Australia,B Lee,GD McGrath,JDP Oram,6,0,,,,,,"",""
ball,1,49.6,Australia,B Lee,GD McGrath,JDP Oram,6,0,,,,,,"",""
ball,2,0.1,New Zealand,DL Vettori,SP Fleming,GD McGrath,0,0,,,,,,"",""
ball,2,0.2,New Zealand,DL Vettori,SP Fleming,GD McGrath,0,0,,,,,,"",""
ball,2,0.3,New Zealand,DL Vettori,SP Fleming,GD McGrath,4,0,,,,,,"",""
ball,2,0.4,New Zealand,DL Vettori,SP Fleming,GD McGrath,1,0,,,,,,"",""
ball,2,0.5,New Zealand,SP Fleming,DL Vettori,GD McGrath,0,0,,,,,,"",""
ball,2,0.6,New Zealand,SP Fleming,DL Vettori,GD McGrath,1,0,,,,,,"",""
ball,2,1.1,New Zealand,SP Fleming,DL Vettori,B Lee,0,1,,,,1,,"",""
ball,2,1.2,New Zealand,DL Vettori,SP Fleming,B Lee,5,0,,,,,,"",""
ball,2,1.3,New Zealand,SP Fleming,DL Vettori,B Lee,0,0,,,,,,"",""
ball,2,1.4,New Zealand,SP Fleming,DL Vettori,B Lee,0,0,,,,,,"",""
ball,2,1.5,New Zealand,SP Fleming,DL Vettori,B Lee,1,0,,,,,,"",""
ball,2,1.6,New Zealand,DL Vettori,SP Fleming,B Lee,0,1,,,,1,,"",""
ball,2,2.1,New Zealand,DL Vettori,SP Fleming,GD McGrath,0,0,,,,,,"",""
ball,2,2.2,New Zealand,DL Vettori,SP Fleming,GD McGrath,0,0,,,,,,"",""
ball,2,2.3,New Zealand,DL Vettori,SP Fleming,GD McGrath,0,0,,,,,,caught,DL Vettori
ball,2,2.4,New Zealand,NJ Astle,SP Fleming,GD McGrath,0,0,,,,,,"",""
ball,2,2.5,New Zealand,NJ Astle,SP Fleming,GD McGrath,0,0,,,,,,"",""
ball,2,2.6,New Zealand,NJ Astle,SP Fleming,GD McGrath,0,0,,,,,,caught,NJ Astle
ball,2,3.1,New Zealand,SP Fleming,SB Styris,B Lee,0,0,,,,,,"",""
ball,2,3.2,New Zealand,SP Fleming,SB Styris,B Lee,0,0,,,,,,"",""
ball,2,3.3,New Zealand,SP Fleming,SB Styris,B Lee,0,0,,,,,,"",""
ball,2,3.4,New Zealand,SP Fleming,SB Styris,B Lee,4,0,,,,,,"",""
ball,2,3.5,New Zealand,SP Fleming,SB Styris,B Lee,0,0,,,,,,"",""
ball,2,3.6,New Zealand,SP Fleming,SB Styris,B Lee,0,0,,,,,,"",""
ball,2,4.1,New Zealand,SB Styris,SP Fleming,GD McGrath,0,1,1,,,,,"",""
ball,2,4.2,New Zealand,SB Styris,SP Fleming,GD McGrath,0,0,,,,,,"",""
ball,2,4.3,New Zealand,SB Styris,SP Fleming,GD McGrath,0,0,,,,,,"",""
ball,2,4.4,New Zealand,SB Styris,SP Fleming,GD McGrath,0,1,1,,,,,"",""
ball,2,4.5,New Zealand,SB Styris,SP Fleming,GD McGrath,1,0,,,,,,"",""
ball,2,4.6,New Zealand,SP Fleming,SB Styris,GD McGrath,0,1,1,,,,,"",""
ball,2,4.7,New Zealand,SP Fleming,SB Styris,GD McGrath,0,0,,,,,,"",""
ball,2,4.8,New Zealand,SP Fleming,SB Styris,GD McGrath,0,0,,,,,,"",""
ball,2,4.9,New Zealand,SP Fleming,SB Styris,GD McGrath,0,0,,,,,,"",""
ball,2,5.1,New Zealand,SB Styris,SP Fleming,B Lee,1,0,,,,,,"",""
ball,2,5.2,New Zealand,SP Fleming,SB Styris,B Lee,4,0,,,,,,"",""
ball,2,5.3,New Zealand,SP Fleming,SB Styris,B Lee,0,1,,,,1,,"",""
ball,2,5.4,New Zealand,SB Styris,SP Fleming,B Lee,1,0,,,,,,"",""
ball,2,5.5,New Zealand,SP Fleming,SB Styris,B Lee,0,0,,,,,,"",""
ball,2,5.6,New Zealand,SP Fleming,SB Styris,B Lee,4,0,,,,,,"",""
ball,2,6.1,New Zealand,SB Styris,SP Fleming,GD McGrath,0,0,,,,,,lbw,SB Styris
ball,2,6.2,New Zealand,CL Cairns,SP Fleming,GD McGrath,0,0,,,,,,"",""
ball,2,6.3,New Zealand,CL Cairns,SP Fleming,GD McGrath,4,0,,,,,,"",""
ball,2,6.4,New Zealand,CL Cairns,SP Fleming,GD McGrath,0,0,,,,,,"",""
ball,2,6.5,New Zealand,CL Cairns,SP Fleming,GD McGrath,4,0,,,,,,"",""
ball,2,6.6,New Zealand,CL Cairns,SP Fleming,GD McGrath,0,0,,,,,,"",""
ball,2,7.1,New Zealand,SP Fleming,CL Cairns,B Lee,0,0,,,,,,"",""
ball,2,7.2,New Zealand,SP Fleming,CL Cairns,B Lee,0,0,,,,,,"",""
ball,2,7.3,New Zealand,SP Fleming,CL Cairns,B Lee,0,0,,,,,,"",""
ball,2,7.4,New Zealand,SP Fleming,CL Cairns,B Lee,0,0,,,,,,"",""
ball,2,7.5,New Zealand,SP Fleming,CL Cairns,B Lee,0,0,,,,,,"",""
ball,2,7.6,New Zealand,SP Fleming,CL Cairns,B Lee,0,0,,,,,,"",""
ball,2,8.1,New Zealand,CL Cairns,SP Fleming,GD McGrath,0,0,,,,,,"",""
ball,2,8.2,New Zealand,CL Cairns,SP Fleming,GD McGrath,0,0,,,,,,"",""
ball,2,8.3,New Zealand,CL Cairns,SP Fleming,GD McGrath,6,0,,,,,,"",""
ball,2,8.4,New Zealand,CL Cairns,SP Fleming,GD McGrath,0,0,,,,,,"",""
ball,2,8.5,New Zealand,CL Cairns,SP Fleming,GD McGrath,0,0,,,,,,"",""
ball,2,8.6,New Zealand,CL Cairns,SP Fleming,GD McGrath,0,0,,,,,,"",""
ball,2,9.1,New Zealand,SP Fleming,CL Cairns,B Lee,0,0,,,,,,"",""
ball,2,9.2,New Zealand,SP Fleming,CL Cairns,B Lee,0,1,1,,,,,"",""
ball,2,9.3,New Zealand,SP Fleming,CL Cairns,B Lee,4,0,,,,,,"",""
ball,2,9.4,New Zealand,SP Fleming,CL Cairns,B Lee,2,0,,,,,,"",""
ball,2,9.5,New Zealand,SP Fleming,CL Cairns,B Lee,4,0,,,,,,"",""
ball,2,9.6,New Zealand,SP Fleming,CL Cairns,B Lee,0,0,,,,,,"",""
ball,2,9.7,New Zealand,SP Fleming,CL Cairns,B Lee,0,0,,,,,,"",""
ball,2,10.1,New Zealand,CL Cairns,SP Fleming,GD McGrath,0,0,,,,,,"",""
ball,2,10.2,New Zealand,CL Cairns,SP Fleming,GD McGrath,1,0,,,,,,"",""
ball,2,10.3,New Zealand,SP Fleming,CL Cairns,GD McGrath,0,0,,,,,,"",""
ball,2,10.4,New Zealand,SP Fleming,CL Cairns,GD McGrath,4,0,,,,,,"",""
ball,2,10.5,New Zealand,SP Fleming,CL Cairns,GD McGrath,0,0,,,,,,"",""
ball,2,10.6,New Zealand,SP Fleming,CL Cairns,GD McGrath,0,0,,,,,,"",""
ball,2,11.1,New Zealand,CL Cairns,SP Fleming,IJ Harvey,0,0,,,,,,"",""
ball,2,11.2,New Zealand,CL Cairns,SP Fleming,IJ Harvey,0,0,,,,,,"",""
ball,2,11.3,New Zealand,CL Cairns,SP Fleming,IJ Harvey,0,0,,,,,,"",""
ball,2,11.4,New Zealand,CL Cairns,SP Fleming,IJ Harvey,0,0,,,,,,"",""
ball,2,11.5,New Zealand,CL Cairns,SP Fleming,IJ Harvey,0,0,,,,,,"",""
ball,2,11.6,New Zealand,CL Cairns,SP Fleming,IJ Harvey,0,0,,,,,,"",""
ball,2,12.1,New Zealand,SP Fleming,CL Cairns,AJ Bichel,0,0,,,,,,"",""
ball,2,12.2,New Zealand,SP Fleming,CL Cairns,AJ Bichel,0,0,,,,,,"",""
ball,2,12.3,New Zealand,SP Fleming,CL Cairns,AJ Bichel,0,0,,,,,,"",""
ball,2,12.4,New Zealand,SP Fleming,CL Cairns,AJ Bichel,0,0,,,,,,"",""
ball,2,12.5,New Zealand,SP Fleming,CL Cairns,AJ Bichel,0,0,,,,,,"",""
ball,2,12.6,New Zealand,SP Fleming,CL Cairns,AJ Bichel,2,0,,,,,,"",""
ball,2,13.1,New Zealand,CL Cairns,SP Fleming,IJ Harvey,0,0,,,,,,"",""
ball,2,13.2,New Zealand,CL Cairns,SP Fleming,IJ Harvey,0,0,,,,,,"",""
ball,2,13.3,New Zealand,CL Cairns,SP Fleming,IJ Harvey,0,0,,,,,,"",""
ball,2,13.4,New Zealand,CL Cairns,SP Fleming,IJ Harvey,0,0,,,,,,"",""
ball,2,13.5,New Zealand,CL Cairns,SP Fleming,IJ Harvey,1,0,,,,,,"",""
ball,2,13.6,New Zealand,SP Fleming,CL Cairns,IJ Harvey,0,0,,,,,,"",""
ball,2,14.1,New Zealand,CL Cairns,SP Fleming,AJ Bichel,0,0,,,,,,caught,CL Cairns
ball,2,14.2,New Zealand,L Vincent,SP Fleming,AJ Bichel,0,0,,,,,,"",""
ball,2,14.3,New Zealand,L Vincent,SP Fleming,AJ Bichel,0,0,,,,,,"",""
ball,2,14.4,New Zealand,L Vincent,SP Fleming,AJ Bichel,0,1,1,,,,,"",""
ball,2,14.5,New Zealand,L Vincent,SP Fleming,AJ Bichel,0,0,,,,,,"",""
ball,2,14.6,New Zealand,L Vincent,SP Fleming,AJ Bichel,0,0,,,,,,"",""
ball,2,14.7,New Zealand,L Vincent,SP Fleming,AJ Bichel,0,0,,,,,,"",""
ball,2,15.1,New Zealand,SP Fleming,L Vincent,IJ Harvey,0,0,,,,,,"",""
ball,2,15.2,New Zealand,SP Fleming,L Vincent,IJ Harvey,0,0,,,,,,"",""
ball,2,15.3,New Zealand,SP Fleming,L Vincent,IJ Harvey,0,1,,,,1,,"",""
ball,2,15.4,New Zealand,L Vincent,SP Fleming,IJ Harvey,0,0,,,,,,"",""
ball,2,15.5,New Zealand,L Vincent,SP Fleming,IJ Harvey,0,0,,,,,,"",""
ball,2,15.6,New Zealand,L Vincent,SP Fleming,IJ Harvey,0,0,,,,,,"",""
ball,2,16.1,New Zealand,SP Fleming,L Vincent,AJ Bichel,1,0,,,,,,"",""
ball,2,16.2,New Zealand,L Vincent,SP Fleming,AJ Bichel,0,0,,,,,,"",""
ball,2,16.3,New Zealand,L Vincent,SP Fleming,AJ Bichel,0,0,,,,,,"",""
ball,2,16.4,New Zealand,L Vincent,SP Fleming,AJ Bichel,0,0,,,,,,"",""
ball,2,16.5,New Zealand,L Vincent,SP Fleming,AJ Bichel,0,0,,,,,,"",""
ball,2,16.6,New Zealand,L Vincent,SP Fleming,AJ Bichel,0,0,,,,,,"",""
ball,2,17.1,New Zealand,SP Fleming,L Vincent,IJ Harvey,4,0,,,,,,"",""
ball,2,17.2,New Zealand,SP Fleming,L Vincent,IJ Harvey,0,0,,,,,,"",""
ball,2,17.3,New Zealand,SP Fleming,L Vincent,IJ Harvey,0,0,,,,,,"",""
ball,2,17.4,New Zealand,SP Fleming,L Vincent,IJ Harvey,0,0,,,,,,"",""
ball,2,17.5,New Zealand,SP Fleming,L Vincent,IJ Harvey,1,0,,,,,,"",""
ball,2,17.6,New Zealand,L Vincent,SP Fleming,IJ Harvey,4,0,,,,,,"",""
ball,2,18.1,New Zealand,SP Fleming,L Vincent,AJ Bichel,1,0,,,,,,"",""
ball,2,18.2,New Zealand,L Vincent,SP Fleming,AJ Bichel,0,0,,,,,,"",""
ball,2,18.3,New Zealand,L Vincent,SP Fleming,AJ Bichel,2,0,,,,,,"",""
ball,2,18.4,New Zealand,L Vincent,SP Fleming,AJ Bichel,1,0,,,,,,"",""
ball,2,18.5,New Zealand,SP Fleming,L Vincent,AJ Bichel,0,0,,,,,,"",""
ball,2,18.6,New Zealand,SP Fleming,L Vincent,AJ Bichel,1,0,,,,,,"",""
ball,2,19.1,New Zealand,SP Fleming,L Vincent,IJ Harvey,0,0,,,,,,"",""
ball,2,19.2,New Zealand,SP Fleming,L Vincent,IJ Harvey,1,0,,,,,,"",""
ball,2,19.3,New Zealand,L Vincent,SP Fleming,IJ Harvey,0,0,,,,,,"",""
ball,2,19.4,New Zealand,L Vincent,SP Fleming,IJ Harvey,0,0,,,,,,"",""
ball,2,19.5,New Zealand,L Vincent,SP Fleming,IJ Harvey,0,0,,,,,,caught,L Vincent
ball,2,19.6,New Zealand,CZ Harris,SP Fleming,IJ Harvey,0,0,,,,,,"",""
ball,2,20.1,New Zealand,SP Fleming,CZ Harris,AJ Bichel,1,0,,,,,,"",""
ball,2,20.2,New Zealand,CZ Harris,SP Fleming,AJ Bichel,3,0,,,,,,"",""
ball,2,20.3,New Zealand,SP Fleming,CZ Harris,AJ Bichel,0,0,,,,,,"",""
ball,2,20.4,New Zealand,SP Fleming,CZ Harris,AJ Bichel,2,0,,,,,,"",""
ball,2,20.5,New Zealand,SP Fleming,CZ Harris,AJ Bichel,0,0,,,,,,"",""
ball,2,20.6,New Zealand,SP Fleming,CZ Harris,AJ Bichel,0,0,,,,,,"",""
ball,2,21.1,New Zealand,CZ Harris,SP Fleming,IJ Harvey,0,0,,,,,,"",""
ball,2,21.2,New Zealand,CZ Harris,SP Fleming,IJ Harvey,0,0,,,,,,"",""
ball,2,21.3,New Zealand,CZ Harris,SP Fleming,IJ Harvey,0,0,,,,,,"",""
ball,2,21.4,New Zealand,CZ Harris,SP Fleming,IJ Harvey,0,0,,,,,,"",""
ball,2,21.5,New Zealand,CZ Harris,SP Fleming,IJ Harvey,0,0,,,,,,"",""
ball,2,21.6,New Zealand,CZ Harris,SP Fleming,IJ Harvey,0,0,,,,,,"",""
ball,2,22.1,New Zealand,SP Fleming,CZ Harris,B Lee,1,0,,,,,,"",""
ball,2,22.2,New Zealand,CZ Harris,SP Fleming,B Lee,1,0,,,,,,"",""
ball,2,22.3,New Zealand,SP Fleming,CZ Harris,B Lee,1,0,,,,,,"",""
ball,2,22.4,New Zealand,CZ Harris,SP Fleming,B Lee,1,0,,,,,,"",""
ball,2,22.5,New Zealand,SP Fleming,CZ Harris,B Lee,0,0,,,,,,"",""
ball,2,22.6,New Zealand,SP Fleming,CZ Harris,B Lee,1,0,,,,,,"",""
ball,2,23.1,New Zealand,SP Fleming,CZ Harris,GB Hogg,1,0,,,,,,"",""
ball,2,23.2,New Zealand,CZ Harris,SP Fleming,GB Hogg,0,0,,,,,,"",""
ball,2,23.3,New Zealand,CZ Harris,SP Fleming,GB Hogg,0,0,,,,,,"",""
ball,2,23.4,New Zealand,CZ Harris,SP Fleming,GB Hogg,1,0,,,,,,"",""
ball,2,23.5,New Zealand,SP Fleming,CZ Harris,GB Hogg,1,0,,,,,,"",""
ball,2,23.6,New Zealand,CZ Harris,SP Fleming,GB Hogg,1,0,,,,,,"",""
ball,2,24.1,New Zealand,CZ Harris,SP Fleming,B Lee,1,0,,,,,,"",""
ball,2,24.2,New Zealand,SP Fleming,CZ Harris,B Lee,1,0,,,,,,"",""
ball,2,24.3,New Zealand,CZ Harris,SP Fleming,B Lee,1,0,,,,,,"",""
ball,2,24.4,New Zealand,SP Fleming,CZ Harris,B Lee,0,0,,,,,,"",""
ball,2,24.5,New Zealand,SP Fleming,CZ Harris,B Lee,0,0,,,,,,caught,SP Fleming
ball,2,24.6,New Zealand,BB McCullum,CZ Harris,B Lee,0,0,,,,,,"",""
ball,2,25.1,New Zealand,CZ Harris,BB McCullum,GB Hogg,0,0,,,,,,"",""
ball,2,25.2,New Zealand,CZ Harris,BB McCullum,GB Hogg,0,0,,,,,,"",""
ball,2,25.3,New Zealand,CZ Harris,BB McCullum,GB Hogg,0,0,,,,,,"",""
ball,2,25.4,New Zealand,CZ Harris,BB McCullum,GB Hogg,0,0,,,,,,"",""
ball,2,25.5,New Zealand,CZ Harris,BB McCullum,GB Hogg,1,0,,,,,,"",""
ball,2,25.6,New Zealand,BB McCullum,CZ Harris,GB Hogg,1,0,,,,,,"",""
ball,2,26.1,New Zealand,BB McCullum,CZ Harris,B Lee,0,0,,,,,,"",""
ball,2,26.2,New Zealand,BB McCullum,CZ Harris,B Lee,0,0,,,,,,"",""
ball,2,26.3,New Zealand,BB McCullum,CZ Harris,B Lee,0,0,,,,,,"",""
ball,2,26.4,New Zealand,BB McCullum,CZ Harris,B Lee,0,0,,,,,,"",""
ball,2,26.5,New Zealand,BB McCullum,CZ Harris,B Lee,0,0,,,,,,lbw,BB McCullum
ball,2,26.6,New Zealand,JDP Oram,CZ Harris,B Lee,0,0,,,,,,bowled,JDP Oram
ball,2,27.1,New Zealand,CZ Harris,AR Adams,GB Hogg,1,0,,,,,,"",""
ball,2,27.2,New Zealand,AR Adams,CZ Harris,GB Hogg,0,0,,,,,,"",""
ball,2,27.3,New Zealand,AR Adams,CZ Harris,GB Hogg,0,0,,,,,,"",""
ball,2,27.4,New Zealand,AR Adams,CZ Harris,GB Hogg,0,0,,,,,,"",""
ball,2,27.5,New Zealand,AR Adams,CZ Harris,GB Hogg,0,0,,,,,,"",""
ball,2,27.6,New Zealand,AR Adams,CZ Harris,GB Hogg,0,0,,,,,,"",""
ball,2,28.1,New Zealand,CZ Harris,AR Adams,B Lee,3,0,,,,,,"",""
ball,2,28.2,New Zealand,AR Adams,CZ Harris,B Lee,0,0,,,,,,bowled,AR Adams
ball,2,28.3,New Zealand,SE Bond,CZ Harris,B Lee,0,0,,,,,,"",""
ball,2,28.4,New Zealand,SE Bond,CZ Harris,B Lee,0,0,,,,,,"",""
ball,2,28.5,New Zealand,SE Bond,CZ Harris,B Lee,0,0,,,,,,"",""
ball,2,28.6,New Zealand,SE Bond,CZ Harris,B Lee,0,0,,,,,,"",""
ball,2,29.1,New Zealand,CZ Harris,SE Bond,GB Hogg,1,0,,,,,,"",""
ball,2,29.2,New Zealand,SE Bond,CZ Harris,GB Hogg,0,0,,,,,,"",""
ball,2,29.3,New Zealand,SE Bond,CZ Harris,GB Hogg,2,0,,,,,,"",""
ball,2,29.4,New Zealand,SE Bond,CZ Harris,GB Hogg,0,0,,,,,,"",""
ball,2,29.5,New Zealand,SE Bond,CZ Harris,GB Hogg,0,0,,,,,,"",""
ball,2,29.6,New Zealand,SE Bond,CZ Harris,GB Hogg,1,0,,,,,,"",""
ball,2,30.1,New Zealand,SE Bond,CZ Harris,B Lee,0,0,,,,,,caught and bowled,SE Bond
