version,1.7.0
info,balls_per_over,6
info,team,Sri Lanka
info,team,South Africa
info,gender,male
info,season,2002/03
info,date,2003/03/03
info,event,ICC World Cup
info,match_number,40
info,venue,"Kingsmead, Durban"
info,city,Durban
info,toss_winner,Sri Lanka
info,toss_decision,bat
info,player_of_match,MS Atapattu
info,umpire,S Venkataraghavan
info,umpire,SA Bucknor
info,tv_umpire,P Willey
info,match_referee,CH Lloyd
info,outcome,tie
info,method,D/L
info,player,Sri Lanka,MS Atapattu
info,player,Sri Lanka,ST Jayasuriya
info,player,Sri Lanka,HP Tillakaratne
info,player,Sri Lanka,DPMD Jayawardene
info,player,Sri Lanka,PA de Silva
info,player,Sri Lanka,RP Arnold
info,player,Sri Lanka,KC Sangakkara
info,player,Sri Lanka,WPUJC Vaas
info,player,Sri Lanka,M Muralitharan
info,player,Sri Lanka,CRD Fernando
info,player,Sri Lanka,PW Gunaratne
info,player,South Africa,GC Smith
info,player,South Africa,HH Gibbs
info,player,South Africa,G Kirsten
info,player,South Africa,JH Kallis
info,player,South Africa,HH Dippenaar
info,player,South Africa,MV Boucher
info,player,South Africa,SM Pollock
info,player,South Africa,L Klusener
info,player,South Africa,M Ntini
info,player,South Africa,M Zondeki
info,player,South Africa,AJ Hall
info,registry,people,AJ Hall,6b0c3a20
info,registry,people,CH Lloyd,5b445db0
info,registry,people,CRD Fernando,342d8ade
info,registry,people,DPMD Jayawardene,d18f9182
info,registry,people,G Kirsten,ad48eb56
info,registry,people,GC Smith,72861603
info,registry,people,HH Dippenaar,98ecf62a
info,registry,people,HH Gibbs,e1d1b294
info,registry,people,HP Tillakaratne,00ea9791
info,registry,people,JH Kallis,86dc8f2e
info,registry,people,KC Sangakkara,6b71e6cf
info,registry,people,L Klusener,c0790f82
info,registry,people,M Muralitharan,4ba44e19
info,registry,people,M Ntini,20a941bb
info,registry,people,M Zondeki,9b75e4f1
info,registry,people,MS Atapattu,8a686d30
info,registry,people,MV Boucher,f3cb53a1
info,registry,people,P Willey,1b647f99
info,registry,people,PA de Silva,34ff9e07
info,registry,people,PW Gunaratne,27410b17
info,registry,people,RJ Peterson,26ff4c29
info,registry,people,RP Arnold,cccdde80
info,registry,people,S Venkataraghavan,12453319
info,registry,people,SA Bucknor,2ad22b51
info,registry,people,SM Pollock,88fccd6c
info,registry,people,ST Jayasuriya,f233bbb4
info,registry,people,WPUJC Vaas,bcce309e
ball,1,0.1,Sri Lanka,MS Atapattu,ST Jayasuriya,SM Pollock,0,0,,,,,,"",""
ball,1,0.2,Sri Lanka,MS Atapattu,ST Jayasuriya,SM Pollock,0,0,,,,,,"",""
ball,1,0.3,Sri Lanka,MS Atapattu,ST Jayasuriya,SM Pollock,0,0,,,,,,"",""
ball,1,0.4,Sri Lanka,MS Atapattu,ST Jayasuriya,SM Pollock,1,0,,,,,,"",""
ball,1,0.5,Sri Lanka,ST Jayasuriya,MS Atapattu,SM Pollock,0,0,,,,,,"",""
ball,1,0.6,Sri Lanka,ST Jayasuriya,MS Atapattu,SM Pollock,2,0,,,,,,"",""
ball,1,1.1,Sri Lanka,MS Atapattu,ST Jayasuriya,M Ntini,0,0,,,,,,"",""
ball,1,1.2,Sri Lanka,MS Atapattu,ST Jayasuriya,M Ntini,0,0,,,,,,"",""
ball,1,1.3,Sri Lanka,MS Atapattu,ST Jayasuriya,M Ntini,1,0,,,,,,"",""
ball,1,1.4,Sri Lanka,ST Jayasuriya,MS Atapattu,M Ntini,0,1,1,,,,,"",""
ball,1,1.5,Sri Lanka,ST Jayasuriya,MS Atapattu,M Ntini,0,0,,,,,,"",""
ball,1,1.6,Sri Lanka,ST Jayasuriya,MS Atapattu,M Ntini,0,0,,,,,,"",""
ball,1,1.7,Sri Lanka,ST Jayasuriya,MS Atapattu,M Ntini,0,0,,,,,,"",""
ball,1,2.1,Sri Lanka,MS Atapattu,ST Jayasuriya,SM Pollock,0,0,,,,,,"",""
ball,1,2.2,Sri Lanka,MS Atapattu,ST Jayasuriya,SM Pollock,0,0,,,,,,"",""
ball,1,2.3,Sri Lanka,MS Atapattu,ST Jayasuriya,SM Pollock,0,0,,,,,,"",""
ball,1,2.4,Sri Lanka,MS Atapattu,ST Jayasuriya,SM Pollock,4,0,,,,,,"",""
ball,1,2.5,Sri Lanka,MS Atapattu,ST Jayasuriya,SM Pollock,0,0,,,,,,"",""
ball,1,2.6,Sri Lanka,MS Atapattu,ST Jayasuriya,SM Pollock,4,1,,1,,,,"",""
ball,1,2.7,Sri Lanka,MS Atapattu,ST Jayasuriya,SM Pollock,4,0,,,,,,"",""
ball,1,3.1,Sri Lanka,ST Jayasuriya,MS Atapattu,M Ntini,1,0,,,,,,"",""
ball,1,3.2,Sri Lanka,MS Atapattu,ST Jayasuriya,M Ntini,0,1,,1,,,,"",""
ball,1,3.3,Sri Lanka,MS Atapattu,ST Jayasuriya,M Ntini,1,0,,,,,,"",""
ball,1,3.4,Sri Lanka,ST Jayasuriya,MS Atapattu,M Ntini,0,0,,,,,,"",""
ball,1,3.5,Sri Lanka,ST Jayasuriya,MS Atapattu,M Ntini,0,0,,,,,,"",""
ball,1,3.6,Sri Lanka,ST Jayasuriya,MS Atapattu,M Ntini,0,1,1,,,,,"",""
ball,1,3.7,Sri Lanka,ST Jayasuriya,MS Atapattu,M Ntini,0,0,,,,,,"",""
ball,1,3.8,Sri Lanka,ST Jayasuriya,MS Atapattu,M Ntini,1,0,,,,,,"",""
ball,1,4.1,Sri Lanka,ST Jayasuriya,MS Atapattu,SM Pollock,0,0,,,,,,"",""
ball,1,4.2,Sri Lanka,ST Jayasuriya,MS Atapattu,SM Pollock,0,0,,,,,,"",""
ball,1,4.3,Sri Lanka,ST Jayasuriya,MS Atapattu,SM Pollock,0,0,,,,,,"",""
ball,1,4.4,Sri Lanka,ST Jayasuriya,MS Atapattu,SM Pollock,0,0,,,,,,"",""
ball,1,4.5,Sri Lanka,ST Jayasuriya,MS Atapattu,SM Pollock,0,0,,,,,,"",""
ball,1,4.6,Sri Lanka,ST Jayasuriya,MS Atapattu,SM Pollock,1,0,,,,,,"",""
ball,1,5.1,Sri Lanka,ST Jayasuriya,MS Atapattu,M Ntini,4,0,,,,,,"",""
ball,1,5.2,Sri Lanka,ST Jayasuriya,MS Atapattu,M Ntini,0,0,,,,,,"",""
ball,1,5.3,Sri Lanka,ST Jayasuriya,MS Atapattu,M Ntini,0,0,,,,,,"",""
ball,1,5.4,Sri Lanka,ST Jayasuriya,MS Atapattu,M Ntini,1,0,,,,,,"",""
ball,1,5.5,Sri Lanka,MS Atapattu,ST Jayasuriya,M Ntini,0,0,,,,,,"",""
ball,1,5.6,Sri Lanka,MS Atapattu,ST Jayasuriya,M Ntini,0,0,,,,,,"",""
ball,1,6.1,Sri Lanka,ST Jayasuriya,MS Atapattu,SM Pollock,1,0,,,,,,"",""
ball,1,6.2,Sri Lanka,MS Atapattu,ST Jayasuriya,SM Pollock,0,0,,,,,,"",""
ball,1,6.3,Sri Lanka,MS Atapattu,ST Jayasuriya,SM Pollock,0,0,,,,,,"",""
ball,1,6.4,Sri Lanka,MS Atapattu,ST Jayasuriya,SM Pollock,1,0,,,,,,"",""
ball,1,6.5,Sri Lanka,ST Jayasuriya,MS Atapattu,SM Pollock,1,0,,,,,,"",""
ball,1,6.6,Sri Lanka,MS Atapattu,ST Jayasuriya,SM Pollock,0,0,,,,,,"",""
ball,1,7.1,Sri Lanka,ST Jayasuriya,MS Atapattu,M Ntini,0,0,,,,,,"",""
ball,1,7.2,Sri Lanka,ST Jayasuriya,MS Atapattu,M Ntini,0,0,,,,,,"",""
ball,1,7.3,Sri Lanka,ST Jayasuriya,MS Atapattu,M Ntini,0,0,,,,,,"",""
ball,1,7.4,Sri Lanka,ST Jayasuriya,MS Atapattu,M Ntini,1,0,,,,,,"",""
ball,1,7.5,Sri Lanka,MS Atapattu,ST Jayasuriya,M Ntini,0,0,,,,,,"",""
ball,1,7.6,Sri Lanka,MS Atapattu,ST Jayasuriya,M Ntini,0,0,,,,,,"",""
ball,1,8.1,Sri Lanka,ST Jayasuriya,MS Atapattu,SM Pollock,3,0,,,,,,"",""
ball,1,8.2,Sri Lanka,MS Atapattu,ST Jayasuriya,SM Pollock,0,0,,,,,,"",""
ball,1,8.3,Sri Lanka,MS Atapattu,ST Jayasuriya,SM Pollock,1,0,,,,,,"",""
ball,1,8.4,Sri Lanka,ST Jayasuriya,MS Atapattu,SM Pollock,0,0,,,,,,"",""
ball,1,8.5,Sri Lanka,ST Jayasuriya,MS Atapattu,SM Pollock,0,0,,,,,,"",""
ball,1,8.6,Sri Lanka,ST Jayasuriya,MS Atapattu,SM Pollock,0,0,,,,,,run out,ST Jayasuriya
ball,1,9.1,Sri Lanka,MS Atapattu,HP Tillakaratne,M Ntini,0,0,,,,,,"",""
ball,1,9.2,Sri Lanka,MS Atapattu,HP Tillakaratne,M Ntini,0,0,,,,,,"",""
ball,1,9.3,Sri Lanka,MS Atapattu,HP Tillakaratne,M Ntini,0,0,,,,,,"",""
ball,1,9.4,Sri Lanka,MS Atapattu,HP Tillakaratne,M Ntini,4,0,,,,,,"",""
ball,1,9.5,Sri Lanka,MS Atapattu,HP Tillakaratne,M Ntini,0,0,,,,,,"",""
ball,1,9.6,Sri Lanka,MS Atapattu,HP Tillakaratne,M Ntini,0,0,,,,,,"",""
ball,1,10.1,Sri Lanka,HP Tillakaratne,MS Atapattu,SM Pollock,0,0,,,,,,"",""
ball,1,10.2,Sri Lanka,HP Tillakaratne,MS Atapattu,SM Pollock,0,0,,,,,,"",""
ball,1,10.3,Sri Lanka,HP Tillakaratne,MS Atapattu,SM Pollock,0,0,,,,,,"",""
ball,1,10.4,Sri Lanka,HP Tillakaratne,MS Atapattu,SM Pollock,0,0,,,,,,"",""
ball,1,10.5,Sri Lanka,HP Tillakaratne,MS Atapattu,SM Pollock,0,0,,,,,,"",""
ball,1,10.6,Sri Lanka,HP Tillakaratne,MS Atapattu,SM Pollock,0,0,,,,,,"",""
ball,1,11.1,Sri Lanka,MS Atapattu,HP Tillakaratne,M Ntini,4,0,,,,,,"",""
ball,1,11.2,Sri Lanka,MS Atapattu,HP Tillakaratne,M Ntini,1,0,,,,,,"",""
ball,1,11.3,Sri Lanka,HP Tillakaratne,MS Atapattu,M Ntini,0,1,,,,1,,"",""
ball,1,11.4,Sri Lanka,MS Atapattu,HP Tillakaratne,M Ntini,0,0,,,,,,"",""
ball,1,11.5,Sri Lanka,MS Atapattu,HP Tillakaratne,M Ntini,0,0,,,,,,"",""
ball,1,11.6,Sri Lanka,MS Atapattu,HP Tillakaratne,M Ntini,0,0,,,,,,"",""
ball,1,12.1,Sri Lanka,HP Tillakaratne,MS Atapattu,M Zondeki,1,0,,,,,,"",""
ball,1,12.2,Sri Lanka,MS Atapattu,HP Tillakaratne,M Zondeki,0,0,,,,,,"",""
ball,1,12.3,Sri Lanka,MS Atapattu,HP Tillakaratne,M Zondeki,4,0,,,,,,"",""
ball,1,12.4,Sri Lanka,MS Atapattu,HP Tillakaratne,M Zondeki,4,0,,,,,,"",""
ball,1,12.5,Sri Lanka,MS Atapattu,HP Tillakaratne,M Zondeki,0,1,1,,,,,"",""
ball,1,12.6,Sri Lanka,MS Atapattu,HP Tillakaratne,M Zondeki,2,0,,,,,,"",""
ball,1,12.7,Sri Lanka,MS Atapattu,HP Tillakaratne,M Zondeki,0,0,,,,,,"",""
ball,1,13.1,Sri Lanka,HP Tillakaratne,MS Atapattu,JH Kallis,0,0,,,,,,"",""
ball,1,13.2,Sri Lanka,HP Tillakaratne,MS Atapattu,JH Kallis,0,0,,,,,,"",""
ball,1,13.3,Sri Lanka,HP Tillakaratne,MS Atapattu,JH Kallis,1,0,,,,,,"",""
ball,1,13.4,Sri Lanka,MS Atapattu,HP Tillakaratne,JH Kallis,0,0,,,,,,"",""
ball,1,13.5,Sri Lanka,MS Atapattu,HP Tillakaratne,JH Kallis,0,0,,,,,,"",""
ball,1,13.6,Sri Lanka,MS Atapattu,HP Tillakaratne,JH Kallis,0,0,,,,,,"",""
ball,1,14.1,Sri Lanka,HP Tillakaratne,MS Atapattu,M Zondeki,0,0,,,,,,"",""
ball,1,14.2,Sri Lanka,HP Tillakaratne,MS Atapattu,M Zondeki,0,0,,,,,,"",""
ball,1,14.3,Sri Lanka,HP Tillakaratne,MS Atapattu,M Zondeki,0,0,,,,,,"",""
ball,1,14.4,Sri Lanka,HP Tillakaratne,MS Atapattu,M Zondeki,0,0,,,,,,"",""
ball,1,14.5,Sri Lanka,HP Tillakaratne,MS Atapattu,M Zondeki,0,1,1,,,,,"",""
ball,1,14.6,Sri Lanka,HP Tillakaratne,MS Atapattu,M Zondeki,0,0,,,,,,"",""
ball,1,14.7,Sri Lanka,HP Tillakaratne,MS Atapattu,M Zondeki,1,0,,,,,,"",""
ball,1,15.1,Sri Lanka,HP Tillakaratne,MS Atapattu,JH Kallis,0,0,,,,,,"",""
ball,1,15.2,Sri Lanka,HP Tillakaratne,MS Atapattu,JH Kallis,0,0,,,,,,"",""
ball,1,15.3,Sri Lanka,HP Tillakaratne,MS Atapattu,JH Kallis,0,0,,,,,,"",""
ball,1,15.4,Sri Lanka,HP Tillakaratne,MS Atapattu,JH Kallis,4,0,,,,,,"",""
ball,1,15.5,Sri Lanka,HP Tillakaratne,MS Atapattu,JH Kallis,1,0,,,,,,"",""
ball,1,15.6,Sri Lanka,MS Atapattu,HP Tillakaratne,JH Kallis,0,0,,,,,,"",""
ball,1,16.1,Sri Lanka,HP Tillakaratne,MS Atapattu,M Zondeki,0,0,,,,,,"",""
ball,1,16.2,Sri Lanka,HP Tillakaratne,MS Atapattu,M Zondeki,4,0,,,,,,"",""
ball,1,16.3,Sri Lanka,HP Tillakaratne,MS Atapattu,M Zondeki,0,0,,,,,,"",""
ball,1,16.4,Sri Lanka,HP Tillakaratne,MS Atapattu,M Zondeki,1,0,,,,,,"",""
ball,1,16.5,Sri Lanka,MS Atapattu,HP Tillakaratne,M Zondeki,0,0,,,,,,"",""
ball,1,16.6,Sri Lanka,MS Atapattu,HP Tillakaratne,M Zondeki,0,0,,,,,,"",""
ball,1,17.1,Sri Lanka,HP Tillakaratne,MS Atapattu,JH Kallis,1,0,,,,,,"",""
ball,1,17.2,Sri Lanka,MS Atapattu,HP Tillakaratne,JH Kallis,2,0,,,,,,"",""
ball,1,17.3,Sri Lanka,MS Atapattu,HP Tillakaratne,JH Kallis,1,0,,,,,,"",""
ball,1,17.4,Sri Lanka,HP Tillakaratne,MS Atapattu,JH Kallis,0,1,1,,,,,"",""
ball,1,17.5,Sri Lanka,HP Tillakaratne,MS Atapattu,JH Kallis,0,0,,,,,,caught,HP Tillakaratne
ball,1,17.6,Sri Lanka,DPMD Jayawardene,MS Atapattu,JH Kallis,0,0,,,,,,"",""
ball,1,17.7,Sri Lanka,DPMD Jayawardene,MS Atapattu,JH Kallis,0,0,,,,,,"",""
ball,1,18.1,Sri Lanka,MS Atapattu,DPMD Jayawardene,M Zondeki,0,0,,,,,,"",""
ball,1,18.2,Sri Lanka,MS Atapattu,DPMD Jayawardene,M Zondeki,0,0,,,,,,"",""
ball,1,18.3,Sri Lanka,MS Atapattu,DPMD Jayawardene,M Zondeki,0,0,,,,,,"",""
ball,1,18.4,Sri Lanka,MS Atapattu,DPMD Jayawardene,M Zondeki,0,0,,,,,,"",""
ball,1,18.5,Sri Lanka,MS Atapattu,DPMD Jayawardene,M Zondeki,4,0,,,,,,"",""
ball,1,18.6,Sri Lanka,MS Atapattu,DPMD Jayawardene,M Zondeki,0,0,,,,,,"",""
ball,1,19.1,Sri Lanka,DPMD Jayawardene,MS Atapattu,JH Kallis,0,0,,,,,,"",""
ball,1,19.2,Sri Lanka,DPMD Jayawardene,MS Atapattu,JH Kallis,0,0,,,,,,"",""
ball,1,19.3,Sri Lanka,DPMD Jayawardene,MS Atapattu,JH Kallis,0,0,,,,,,"",""
ball,1,19.4,Sri Lanka,DPMD Jayawardene,MS Atapattu,JH Kallis,0,0,,,,,,"",""
ball,1,19.5,Sri Lanka,DPMD Jayawardene,MS Atapattu,JH Kallis,1,0,,,,,,"",""
ball,1,19.6,Sri Lanka,MS Atapattu,DPMD Jayawardene,JH Kallis,1,0,,,,,,"",""
ball,1,20.1,Sri Lanka,MS Atapattu,DPMD Jayawardene,AJ Hall,0,0,,,,,,"",""
ball,1,20.2,Sri Lanka,MS Atapattu,DPMD Jayawardene,AJ Hall,4,0,,,,,,"",""
ball,1,20.3,Sri Lanka,MS Atapattu,DPMD Jayawardene,AJ Hall,1,0,,,,,,"",""
ball,1,20.4,Sri Lanka,DPMD Jayawardene,MS Atapattu,AJ Hall,0,0,,,,,,"",""
ball,1,20.5,Sri Lanka,DPMD Jayawardene,MS Atapattu,AJ Hall,0,0,,,,,,"",""
ball,1,20.6,Sri Lanka,DPMD Jayawardene,MS Atapattu,AJ Hall,0,0,,,,,,"",""
ball,1,21.1,Sri Lanka,MS Atapattu,DPMD Jayawardene,JH Kallis,2,0,,,,,,"",""
ball,1,21.2,Sri Lanka,MS Atapattu,DPMD Jayawardene,JH Kallis,0,0,,,,,,"",""
ball,1,21.3,Sri Lanka,MS Atapattu,DPMD Jayawardene,JH Kallis,0,0,,,,,,"",""
ball,1,21.4,Sri Lanka,MS Atapattu,DPMD Jayawardene,JH Kallis,0,0,,,,,,"",""
ball,1,21.5,Sri Lanka,MS Atapattu,DPMD Jayawardene,JH Kallis,0,0,,,,,,"",""
ball,1,21.6,Sri Lanka,MS Atapattu,DPMD Jayawardene,JH Kallis,0,0,,,,,,"",""
ball,1,22.1,Sri Lanka,DPMD Jayawardene,MS Atapattu,AJ Hall,0,0,,,,,,caught,DPMD Jayawardene
ball,1,22.2,Sri Lanka,PA de Silva,MS Atapattu,AJ Hall,0,0,,,,,,"",""
ball,1,22.3,Sri Lanka,PA de Silva,MS Atapattu,AJ Hall,1,0,,,,,,"",""
ball,1,22.4,Sri Lanka,MS Atapattu,PA de Silva,AJ Hall,0,1,1,,,,,"",""
ball,1,22.5,Sri Lanka,MS Atapattu,PA de Silva,AJ Hall,1,0,,,,,,"",""
ball,1,22.6,Sri Lanka,PA de Silva,MS Atapattu,AJ Hall,1,0,,,,,,"",""
ball,1,22.7,Sri Lanka,MS Atapattu,PA de Silva,AJ Hall,1,0,,,,,,"",""
ball,1,23.1,Sri Lanka,MS Atapattu,PA de Silva,JH Kallis,0,0,,,,,,"",""
ball,1,23.2,Sri Lanka,MS Atapattu,PA de Silva,JH Kallis,0,0,,,,,,"",""
ball,1,23.3,Sri Lanka,MS Atapattu,PA de Silva,JH Kallis,1,0,,,,,,"",""
ball,1,23.4,Sri Lanka,PA de Silva,MS Atapattu,JH Kallis,1,0,,,,,,"",""
ball,1,23.5,Sri Lanka,MS Atapattu,PA de Silva,JH Kallis,0,0,,,,,,"",""
ball,1,23.6,Sri Lanka,MS Atapattu,PA de Silva,JH Kallis,4,0,,,,,,"",""
ball,1,24.1,Sri Lanka,PA de Silva,MS Atapattu,AJ Hall,0,0,,,,,,"",""
ball,1,24.2,Sri Lanka,PA de Silva,MS Atapattu,AJ Hall,1,0,,,,,,"",""
ball,1,24.3,Sri Lanka,MS Atapattu,PA de Silva,AJ Hall,1,0,,,,,,"",""
ball,1,24.4,Sri Lanka,PA de Silva,MS Atapattu,AJ Hall,1,0,,,,,,"",""
ball,1,24.5,Sri Lanka,MS Atapattu,PA de Silva,AJ Hall,0,1,,1,,,,"",""
ball,1,24.6,Sri Lanka,MS Atapattu,PA de Silva,AJ Hall,1,0,,,,,,"",""
ball,1,24.7,Sri Lanka,PA de Silva,MS Atapattu,AJ Hall,0,0,,,,,,"",""
ball,1,25.1,Sri Lanka,MS Atapattu,PA de Silva,M Zondeki,0,0,,,,,,"",""
ball,1,25.2,Sri Lanka,MS Atapattu,PA de Silva,M Zondeki,0,0,,,,,,"",""
ball,1,25.3,Sri Lanka,MS Atapattu,PA de Silva,M Zondeki,4,0,,,,,,"",""
ball,1,25.4,Sri Lanka,MS Atapattu,PA de Silva,M Zondeki,0,0,,,,,,"",""
ball,1,25.5,Sri Lanka,MS Atapattu,PA de Silva,M Zondeki,0,1,1,,,,,"",""
ball,1,25.6,Sri Lanka,MS Atapattu,PA de Silva,M Zondeki,1,0,,,,,,"",""
ball,1,25.7,Sri Lanka,PA de Silva,MS Atapattu,M Zondeki,1,0,,,,,,"",""
ball,1,26.1,Sri Lanka,PA de Silva,MS Atapattu,AJ Hall,1,0,,,,,,"",""
ball,1,26.2,Sri Lanka,MS Atapattu,PA de Silva,AJ Hall,0,0,,,,,,"",""
ball,1,26.3,Sri Lanka,MS Atapattu,PA de Silva,AJ Hall,1,0,,,,,,"",""
ball,1,26.4,Sri Lanka,PA de Silva,MS Atapattu,AJ Hall,0,0,,,,,,"",""
ball,1,26.5,Sri Lanka,PA de Silva,MS Atapattu,AJ Hall,2,0,,,,,,"",""
ball,1,26.6,Sri Lanka,PA de Silva,MS Atapattu,AJ Hall,0,0,,,,,,"",""
ball,1,27.1,Sri Lanka,MS Atapattu,PA de Silva,M Ntini,0,0,,,,,,"",""
ball,1,27.2,Sri Lanka,MS Atapattu,PA de Silva,M Ntini,0,0,,,,,,"",""
ball,1,27.3,Sri Lanka,MS Atapattu,PA de Silva,M Ntini,1,0,,,,,,"",""
ball,1,27.4,Sri Lanka,PA de Silva,MS Atapattu,M Ntini,1,0,,,,,,"",""
ball,1,27.5,Sri Lanka,MS Atapattu,PA de Silva,M Ntini,0,1,1,,,,,"",""
ball,1,27.6,Sri Lanka,MS Atapattu,PA de Silva,M Ntini,1,0,,,,,,"",""
ball,1,27.7,Sri Lanka,PA de Silva,MS Atapattu,M Ntini,1,0,,,,,,"",""
ball,1,28.1,Sri Lanka,PA de Silva,MS Atapattu,AJ Hall,0,0,,,,,,"",""
ball,1,28.2,Sri Lanka,PA de Silva,MS Atapattu,AJ Hall,0,0,,,,,,"",""
ball,1,28.3,Sri Lanka,PA de Silva,MS Atapattu,AJ Hall,0,0,,,,,,"",""
ball,1,28.4,Sri Lanka,PA de Silva,MS Atapattu,AJ Hall,4,0,,,,,,"",""
ball,1,28.5,Sri Lanka,PA de Silva,MS Atapattu,AJ Hall,0,0,,,,,,"",""
ball,1,28.6,Sri Lanka,PA de Silva,MS Atapattu,AJ Hall,1,0,,,,,,"",""
ball,1,29.1,Sri Lanka,PA de Silva,MS Atapattu,M Ntini,0,0,,,,,,"",""
ball,1,29.2,Sri Lanka,PA de Silva,MS Atapattu,M Ntini,0,0,,,,,,"",""
ball,1,29.3,Sri Lanka,PA de Silva,MS Atapattu,M Ntini,1,0,,,,,,"",""
ball,1,29.4,Sri Lanka,MS Atapattu,PA de Silva,M Ntini,1,0,,,,,,"",""
ball,1,29.5,Sri Lanka,PA de Silva,MS Atapattu,M Ntini,0,1,,1,,,,"",""
ball,1,29.6,Sri Lanka,PA de Silva,MS Atapattu,M Ntini,0,0,,,,,,"",""
ball,1,29.7,Sri Lanka,PA de Silva,MS Atapattu,M Ntini,0,0,,,,,,"",""
ball,1,30.1,Sri Lanka,MS Atapattu,PA de Silva,SM Pollock,1,0,,,,,,"",""
ball,1,30.2,Sri Lanka,PA de Silva,MS Atapattu,SM Pollock,0,0,,,,,,"",""
ball,1,30.3,Sri Lanka,PA de Silva,MS Atapattu,SM Pollock,1,0,,,,,,"",""
ball,1,30.4,Sri Lanka,MS Atapattu,PA de Silva,SM Pollock,1,0,,,,,,"",""
ball,1,30.5,Sri Lanka,PA de Silva,MS Atapattu,SM Pollock,0,0,,,,,,"",""
ball,1,30.6,Sri Lanka,PA de Silva,MS Atapattu,SM Pollock,1,0,,,,,,"",""
ball,1,31.1,Sri Lanka,PA de Silva,MS Atapattu,L Klusener,1,0,,,,,,"",""
ball,1,31.2,Sri Lanka,MS Atapattu,PA de Silva,L Klusener,0,0,,,,,,"",""
ball,1,31.3,Sri Lanka,MS Atapattu,PA de Silva,L Klusener,1,0,,,,,,"",""
ball,1,31.4,Sri Lanka,PA de Silva,MS Atapattu,L Klusener,0,0,,,,,,"",""
ball,1,31.5,Sri Lanka,PA de Silva,MS Atapattu,L Klusener,0,1,1,,,,,"",""
ball,1,31.6,Sri Lanka,PA de Silva,MS Atapattu,L Klusener,0,0,,,,,,"",""
ball,1,31.7,Sri Lanka,PA de Silva,MS Atapattu,L Klusener,1,0,,,,,,"",""
ball,1,32.1,Sri Lanka,PA de Silva,MS Atapattu,SM Pollock,0,0,,,,,,"",""
ball,1,32.2,Sri Lanka,PA de Silva,MS Atapattu,SM Pollock,0,0,,,,,,"",""
ball,1,32.3,Sri Lanka,PA de Silva,MS Atapattu,SM Pollock,0,0,,,,,,"",""
ball,1,32.4,Sri Lanka,PA de Silva,MS Atapattu,SM Pollock,4,0,,,,,,"",""
ball,1,32.5,Sri Lanka,PA de Silva,MS Atapattu,SM Pollock,4,0,,,,,,"",""
ball,1,32.6,Sri Lanka,PA de Silva,MS Atapattu,SM Pollock,0,0,,,,,,"",""
ball,1,33.1,Sri Lanka,MS Atapattu,PA de Silva,L Klusener,0,0,,,,,,"",""
ball,1,33.2,Sri Lanka,MS Atapattu,PA de Silva,L Klusener,4,0,,,,,,"",""
ball,1,33.3,Sri Lanka,MS Atapattu,PA de Silva,L Klusener,1,0,,,,,,"",""
ball,1,33.4,Sri Lanka,PA de Silva,MS Atapattu,L Klusener,0,0,,,,,,"",""
ball,1,33.5,Sri Lanka,PA de Silva,MS Atapattu,L Klusener,1,0,,,,,,"",""
ball,1,33.6,Sri Lanka,MS Atapattu,PA de Silva,L Klusener,1,0,,,,,,"",""
ball,1,34.1,Sri Lanka,MS Atapattu,PA de Silva,AJ Hall,0,0,,,,,,"",""
ball,1,34.2,Sri Lanka,MS Atapattu,PA de Silva,AJ Hall,1,0,,,,,,"",""
ball,1,34.3,Sri Lanka,PA de Silva,MS Atapattu,AJ Hall,1,0,,,,,,"",""
ball,1,34.4,Sri Lanka,MS Atapattu,PA de Silva,AJ Hall,1,0,,,,,,"",""
ball,1,34.5,Sri Lanka,PA de Silva,MS Atapattu,AJ Hall,0,0,,,,,,"",""
ball,1,34.6,Sri Lanka,PA de Silva,MS Atapattu,AJ Hall,4,0,,,,,,"",""
ball,1,35.1,Sri Lanka,MS Atapattu,PA de Silva,L Klusener,1,0,,,,,,"",""
ball,1,35.2,Sri Lanka,PA de Silva,MS Atapattu,L Klusener,1,0,,,,,,"",""
ball,1,35.3,Sri Lanka,MS Atapattu,PA de Silva,L Klusener,1,0,,,,,,"",""
ball,1,35.4,Sri Lanka,PA de Silva,MS Atapattu,L Klusener,1,0,,,,,,"",""
ball,1,35.5,Sri Lanka,MS Atapattu,PA de Silva,L Klusener,0,0,,,,,,"",""
ball,1,35.6,Sri Lanka,MS Atapattu,PA de Silva,L Klusener,4,0,,,,,,"",""
ball,1,36.1,Sri Lanka,PA de Silva,MS Atapattu,AJ Hall,1,0,,,,,,"",""
ball,1,36.2,Sri Lanka,MS Atapattu,PA de Silva,AJ Hall,0,0,,,,,,"",""
ball,1,36.3,Sri Lanka,MS Atapattu,PA de Silva,AJ Hall,4,0,,,,,,"",""
ball,1,36.4,Sri Lanka,MS Atapattu,PA de Silva,AJ Hall,1,0,,,,,,"",""
ball,1,36.5,Sri Lanka,PA de Silva,MS Atapattu,AJ Hall,1,0,,,,,,"",""
ball,1,36.6,Sri Lanka,MS Atapattu,PA de Silva,AJ Hall,1,0,,,,,,"",""
ball,1,37.1,Sri Lanka,MS Atapattu,PA de Silva,JH Kallis,1,0,,,,,,"",""
ball,1,37.2,Sri Lanka,PA de Silva,MS Atapattu,JH Kallis,1,0,,,,,,"",""
ball,1,37.3,Sri Lanka,MS Atapattu,PA de Silva,JH Kallis,1,0,,,,,,"",""
ball,1,37.4,Sri Lanka,PA de Silva,MS Atapattu,JH Kallis,0,0,,,,,,"",""
ball,1,37.5,Sri Lanka,PA de Silva,MS Atapattu,JH Kallis,1,0,,,,,,"",""
ball,1,37.6,Sri Lanka,MS Atapattu,PA de Silva,JH Kallis,2,0,,,,,,"",""
ball,1,38.1,Sri Lanka,PA de Silva,MS Atapattu,M Zondeki,0,0,,,,,,"",""
ball,1,38.2,Sri Lanka,PA de Silva,MS Atapattu,M Zondeki,0,0,,,,,,"",""
ball,1,38.3,Sri Lanka,PA de Silva,MS Atapattu,M Zondeki,0,0,,,,,,"",""
ball,1,38.4,Sri Lanka,PA de Silva,MS Atapattu,M Zondeki,1,0,,,,,,"",""
ball,1,38.5,Sri Lanka,MS Atapattu,PA de Silva,M Zondeki,0,0,,,,,,"",""
ball,1,38.6,Sri Lanka,MS Atapattu,PA de Silva,M Zondeki,4,0,,,,,,"",""
ball,1,39.1,Sri Lanka,PA de Silva,MS Atapattu,JH Kallis,1,0,,,,,,"",""
ball,1,39.2,Sri Lanka,MS Atapattu,PA de Silva,JH Kallis,1,0,,,,,,"",""
ball,1,39.3,Sri Lanka,PA de Silva,MS Atapattu,JH Kallis,0,0,,,,,,"",""
ball,1,39.4,Sri Lanka,PA de Silva,MS Atapattu,JH Kallis,4,0,,,,,,"",""
ball,1,39.5,Sri Lanka,PA de Silva,MS Atapattu,JH Kallis,0,0,,,,,,"",""
ball,1,39.6,Sri Lanka,PA de Silva,MS Atapattu,JH Kallis,1,0,,,,,,"",""
ball,1,40.1,Sri Lanka,PA de Silva,MS Atapattu,AJ Hall,0,0,,,,,,"",""
ball,1,40.2,Sri Lanka,PA de Silva,MS Atapattu,AJ Hall,0,0,,,,,,"",""
ball,1,40.3,Sri Lanka,PA de Silva,MS Atapattu,AJ Hall,1,0,,,,,,"",""
ball,1,40.4,Sri Lanka,MS Atapattu,PA de Silva,AJ Hall,0,0,,,,,,"",""
ball,1,40.5,Sri Lanka,MS Atapattu,PA de Silva,AJ Hall,0,0,,,,,,"",""
ball,1,40.6,Sri Lanka,MS Atapattu,PA de Silva,AJ Hall,4,0,,,,,,"",""
ball,1,41.1,Sri Lanka,PA de Silva,MS Atapattu,L Klusener,1,1,,1,,,,"",""
ball,1,41.2,Sri Lanka,MS Atapattu,PA de Silva,L Klusener,1,0,,,,,,"",""
ball,1,41.3,Sri Lanka,PA de Silva,MS Atapattu,L Klusener,0,0,,,,,,"",""
ball,1,41.4,Sri Lanka,PA de Silva,MS Atapattu,L Klusener,1,0,,,,,,"",""
ball,1,41.5,Sri Lanka,MS Atapattu,PA de Silva,L Klusener,4,0,,,,,,"",""
ball,1,41.6,Sri Lanka,MS Atapattu,PA de Silva,L Klusener,2,0,,,,,,"",""
ball,1,41.7,Sri Lanka,MS Atapattu,PA de Silva,L Klusener,2,0,,,,,,"",""
ball,1,42.1,Sri Lanka,PA de Silva,MS Atapattu,AJ Hall,1,0,,,,,,"",""
ball,1,42.2,Sri Lanka,MS Atapattu,PA de Silva,AJ Hall,1,0,,,,,,"",""
ball,1,42.3,Sri Lanka,PA de Silva,MS Atapattu,AJ Hall,1,0,,,,,,"",""
ball,1,42.4,Sri Lanka,MS Atapattu,PA de Silva,AJ Hall,2,0,,,,,,"",""
ball,1,42.5,Sri Lanka,MS Atapattu,PA de Silva,AJ Hall,0,0,,,,,,"",""
ball,1,42.6,Sri Lanka,MS Atapattu,PA de Silva,AJ Hall,0,0,,,,,,"",""
ball,1,43.1,Sri Lanka,PA de Silva,MS Atapattu,M Ntini,1,0,,,,,,"",""
ball,1,43.2,Sri Lanka,MS Atapattu,PA de Silva,M Ntini,1,0,,,,,,"",""
ball,1,43.3,Sri Lanka,PA de Silva,MS Atapattu,M Ntini,6,0,,,,,,"",""
ball,1,43.4,Sri Lanka,PA de Silva,MS Atapattu,M Ntini,1,0,,,,,,"",""
ball,1,43.5,Sri Lanka,MS Atapattu,PA de Silva,M Ntini,4,0,,,,,,"",""
ball,1,43.6,Sri Lanka,MS Atapattu,PA de Silva,M Ntini,1,0,,,,,,"",""
ball,1,44.1,Sri Lanka,MS Atapattu,PA de Silva,AJ Hall,1,0,,,,,,"",""
ball,1,44.2,Sri Lanka,PA de Silva,MS Atapattu,AJ Hall,6,0,,,,,,"",""
ball,1,44.3,Sri Lanka,PA de Silva,MS Atapattu,AJ Hall,4,0,,,,,,"",""
ball,1,44.4,Sri Lanka,PA de Silva,MS Atapattu,AJ Hall,1,0,,,,,,"",""
ball,1,44.5,Sri Lanka,MS Atapattu,PA de Silva,AJ Hall,0,0,,,,,,caught,MS Atapattu
ball,1,44.6,Sri Lanka,PA de Silva,RP Arnold,AJ Hall,1,0,,,,,,"",""
ball,1,45.1,Sri Lanka,PA de Silva,RP Arnold,M Ntini,0,0,,,,,,caught,PA de Silva
ball,1,45.2,Sri Lanka,KC Sangakkara,RP Arnold,M Ntini,0,0,,,,,,"",""
ball,1,45.3,Sri Lanka,KC Sangakkara,RP Arnold,M Ntini,1,0,,,,,,"",""
ball,1,45.4,Sri Lanka,RP Arnold,KC Sangakkara,M Ntini,0,0,,,,,,"",""
ball,1,45.5,Sri Lanka,RP Arnold,KC Sangakkara,M Ntini,2,0,,,,,,"",""
ball,1,45.6,Sri Lanka,RP Arnold,KC Sangakkara,M Ntini,2,0,,,,,,"",""
ball,1,46.1,Sri Lanka,KC Sangakkara,RP Arnold,SM Pollock,0,0,,,,,,"",""
ball,1,46.2,Sri Lanka,KC Sangakkara,RP Arnold,SM Pollock,1,0,,,,,,"",""
ball,1,46.3,Sri Lanka,RP Arnold,KC Sangakkara,SM Pollock,1,0,,,,,,"",""
ball,1,46.4,Sri Lanka,KC Sangakkara,RP Arnold,SM Pollock,2,0,,,,,,"",""
ball,1,46.5,Sri Lanka,KC Sangakkara,RP Arnold,SM Pollock,0,1,1,,,,,"",""
ball,1,46.6,Sri Lanka,KC Sangakkara,RP Arnold,SM Pollock,1,0,,,,,,"",""
ball,1,46.7,Sri Lanka,RP Arnold,KC Sangakkara,SM Pollock,0,0,,,,,,"",""
ball,1,47.1,Sri Lanka,KC Sangakkara,RP Arnold,JH Kallis,1,0,,,,,,"",""
ball,1,47.2,Sri Lanka,RP Arnold,KC Sangakkara,JH Kallis,0,0,,,,,,"",""
ball,1,47.3,Sri Lanka,RP Arnold,KC Sangakkara,JH Kallis,2,0,,,,,,"",""
ball,1,47.4,Sri Lanka,RP Arnold,KC Sangakkara,JH Kallis,1,0,,,,,,"",""
ball,1,47.5,Sri Lanka,KC Sangakkara,RP Arnold,JH Kallis,0,0,,,,,,caught,KC Sangakkara
ball,1,47.6,Sri Lanka,WPUJC Vaas,RP Arnold,JH Kallis,0,0,,,,,,"",""
ball,1,48.1,Sri Lanka,RP Arnold,WPUJC Vaas,SM Pollock,0,1,1,,,,,"",""
ball,1,48.2,Sri Lanka,RP Arnold,WPUJC Vaas,SM Pollock,0,0,,,,,,"",""
ball,1,48.3,Sri Lanka,RP Arnold,WPUJC Vaas,SM Pollock,0,1,,,,1,,"",""
ball,1,48.4,Sri Lanka,WPUJC Vaas,RP Arnold,SM Pollock,1,0,,,,,,"",""
ball,1,48.5,Sri Lanka,RP Arnold,WPUJC Vaas,SM Pollock,0,0,,,,,,bowled,RP Arnold
ball,1,48.6,Sri Lanka,M Muralitharan,WPUJC Vaas,SM Pollock,4,0,,,,,,"",""
ball,1,48.7,Sri Lanka,M Muralitharan,WPUJC Vaas,SM Pollock,0,0,,,,,,"",""
ball,1,49.1,Sri Lanka,WPUJC Vaas,M Muralitharan,JH Kallis,1,0,,,,,,"",""
ball,1,49.2,Sri Lanka,M Muralitharan,WPUJC Vaas,JH Kallis,0,0,,,,,,bowled,M Muralitharan
ball,1,49.3,Sri Lanka,CRD Fernando,WPUJC Vaas,JH Kallis,0,0,,,,,,"",""
ball,1,49.4,Sri Lanka,CRD Fernando,WPUJC Vaas,JH Kallis,1,0,,,,,,"",""
ball,1,49.5,Sri Lanka,WPUJC Vaas,CRD Fernando,JH Kallis,1,0,,,,,,"",""
ball,1,49.6,Sri Lanka,CRD Fernando,WPUJC Vaas,JH Kallis,0,0,,,,,,run out,WPUJC Vaas
ball,2,0.1,South Africa,GC Smith,HH Gibbs,WPUJC Vaas,0,0,,,,,,"",""
ball,2,0.2,South Africa,GC Smith,HH Gibbs,WPUJC Vaas,0,0,,,,,,"",""
ball,2,0.3,South Africa,GC Smith,HH Gibbs,WPUJC Vaas,0,0,,,,,,"",""
ball,2,0.4,South Africa,GC Smith,HH Gibbs,WPUJC Vaas,0,0,,,,,,"",""
ball,2,0.5,South Africa,GC Smith,HH Gibbs,WPUJC Vaas,0,0,,,,,,"",""
ball,2,0.6,South Africa,GC Smith,HH Gibbs,WPUJC Vaas,0,0,,,,,,"",""
ball,2,1.1,South Africa,HH Gibbs,GC Smith,PW Gunaratne,0,0,,,,,,"",""
ball,2,1.2,South Africa,HH Gibbs,GC Smith,PW Gunaratne,4,0,,,,,,"",""
ball,2,1.3,South Africa,HH Gibbs,GC Smith,PW Gunaratne,0,0,,,,,,"",""
ball,2,1.4,South Africa,HH Gibbs,GC Smith,PW Gunaratne,0,0,,,,,,"",""
ball,2,1.5,South Africa,HH Gibbs,GC Smith,PW Gunaratne,0,0,,,,,,"",""
ball,2,1.6,South Africa,HH Gibbs,GC Smith,PW Gunaratne,0,0,,,,,,"",""
ball,2,2.1,South Africa,GC Smith,HH Gibbs,WPUJC Vaas,1,0,,,,,,"",""
ball,2,2.2,South Africa,HH Gibbs,GC Smith,WPUJC Vaas,4,0,,,,,,"",""
ball,2,2.3,South Africa,HH Gibbs,GC Smith,WPUJC Vaas,0,0,,,,,,"",""
ball,2,2.4,South Africa,HH Gibbs,GC Smith,WPUJC Vaas,0,0,,,,,,"",""
ball,2,2.5,South Africa,HH Gibbs,GC Smith,WPUJC Vaas,0,0,,,,,,"",""
ball,2,2.6,South Africa,HH Gibbs,GC Smith,WPUJC Vaas,0,0,,,,,,"",""
ball,2,3.1,South Africa,GC Smith,HH Gibbs,PW Gunaratne,0,0,,,,,,"",""
ball,2,3.2,South Africa,GC Smith,HH Gibbs,PW Gunaratne,4,0,,,,,,"",""
ball,2,3.3,South Africa,GC Smith,HH Gibbs,PW Gunaratne,0,0,,,,,,"",""
ball,2,3.4,South Africa,GC Smith,HH Gibbs,PW Gunaratne,0,0,,,,,,"",""
ball,2,3.5,South Africa,GC Smith,HH Gibbs,PW Gunaratne,0,0,,,,,,"",""
ball,2,3.6,South Africa,GC Smith,HH Gibbs,PW Gunaratne,0,0,,,,,,"",""
ball,2,4.1,South Africa,HH Gibbs,GC Smith,WPUJC Vaas,0,0,,,,,,"",""
ball,2,4.2,South Africa,HH Gibbs,GC Smith,WPUJC Vaas,6,0,,,,,,"",""
ball,2,4.3,South Africa,HH Gibbs,GC Smith,WPUJC Vaas,0,0,,,,,,"",""
ball,2,4.4,South Africa,HH Gibbs,GC Smith,WPUJC Vaas,0,0,,,,,,"",""
ball,2,4.5,South Africa,HH Gibbs,GC Smith,WPUJC Vaas,1,0,,,,,,"",""
ball,2,4.6,South Africa,GC Smith,HH Gibbs,WPUJC Vaas,0,0,,,,,,"",""
ball,2,5.1,South Africa,HH Gibbs,GC Smith,PW Gunaratne,0,0,,,,,,"",""
ball,2,5.2,South Africa,HH Gibbs,GC Smith,PW Gunaratne,0,1,,,,1,,"",""
ball,2,5.3,South Africa,GC Smith,HH Gibbs,PW Gunaratne,4,0,,,,,,"",""
ball,2,5.4,South Africa,GC Smith,HH Gibbs,PW Gunaratne,1,0,,,,,,"",""
ball,2,5.5,South Africa,HH Gibbs,GC Smith,PW Gunaratne,0,0,,,,,,"",""
ball,2,5.6,South Africa,HH Gibbs,GC Smith,PW Gunaratne,0,0,,,,,,"",""
ball,2,6.1,South Africa,GC Smith,HH Gibbs,WPUJC Vaas,3,0,,,,,,"",""
ball,2,6.2,South Africa,HH Gibbs,GC Smith,WPUJC Vaas,0,0,,,,,,"",""
ball,2,6.3,South Africa,HH Gibbs,GC Smith,WPUJC Vaas,1,0,,,,,,"",""
ball,2,6.4,South Africa,GC Smith,HH Gibbs,WPUJC Vaas,1,0,,,,,,"",""
ball,2,6.5,South Africa,HH Gibbs,GC Smith,WPUJC Vaas,0,0,,,,,,"",""
ball,2,6.6,South Africa,HH Gibbs,GC Smith,WPUJC Vaas,0,1,,1,,,,"",""
ball,2,6.7,South Africa,HH Gibbs,GC Smith,WPUJC Vaas,0,0,,,,,,"",""
ball,2,7.1,South Africa,GC Smith,HH Gibbs,CRD Fernando,0,1,,1,,,,"",""
ball,2,7.2,South Africa,GC Smith,HH Gibbs,CRD Fernando,4,0,,,,,,"",""
ball,2,7.3,South Africa,GC Smith,HH Gibbs,CRD Fernando,2,0,,,,,,"",""
ball,2,7.4,South Africa,GC Smith,HH Gibbs,CRD Fernando,1,0,,,,,,"",""
ball,2,7.5,South Africa,HH Gibbs,GC Smith,CRD Fernando,0,0,,,,,,"",""
ball,2,7.6,South Africa,HH Gibbs,GC Smith,CRD Fernando,4,0,,,,,,"",""
ball,2,7.7,South Africa,HH Gibbs,GC Smith,CRD Fernando,2,0,,,,,,"",""
ball,2,8.1,South Africa,GC Smith,HH Gibbs,WPUJC Vaas,0,0,,,,,,"",""
ball,2,8.2,South Africa,GC Smith,HH Gibbs,WPUJC Vaas,1,0,,,,,,"",""
ball,2,8.3,South Africa,HH Gibbs,GC Smith,WPUJC Vaas,0,0,,,,,,"",""
ball,2,8.4,South Africa,HH Gibbs,GC Smith,WPUJC Vaas,1,0,,,,,,"",""
ball,2,8.5,South Africa,GC Smith,HH Gibbs,WPUJC Vaas,4,0,,,,,,"",""
ball,2,8.6,South Africa,GC Smith,HH Gibbs,WPUJC Vaas,1,0,,,,,,"",""
ball,2,9.1,South Africa,GC Smith,HH Gibbs,PW Gunaratne,0,0,,,,,,"",""
ball,2,9.2,South Africa,GC Smith,HH Gibbs,PW Gunaratne,4,0,,,,,,"",""
ball,2,9.3,South Africa,GC Smith,HH Gibbs,PW Gunaratne,0,0,,,,,,"",""
ball,2,9.4,South Africa,GC Smith,HH Gibbs,PW Gunaratne,0,0,,,,,,"",""
ball,2,9.5,South Africa,GC Smith,HH Gibbs,PW Gunaratne,2,0,,,,,,"",""
ball,2,9.6,South Africa,GC Smith,HH Gibbs,PW Gunaratne,1,0,,,,,,"",""
ball,2,10.1,South Africa,GC Smith,HH Gibbs,WPUJC Vaas,1,0,,,,,,"",""
ball,2,10.2,South Africa,HH Gibbs,GC Smith,WPUJC Vaas,0,0,,,,,,"",""
ball,2,10.3,South Africa,HH Gibbs,GC Smith,WPUJC Vaas,0,0,,,,,,"",""
ball,2,10.4,South Africa,HH Gibbs,GC Smith,WPUJC Vaas,4,0,,,,,,"",""
ball,2,10.5,South Africa,HH Gibbs,GC Smith,WPUJC Vaas,0,0,,,,,,"",""
ball,2,10.6,South Africa,HH Gibbs,GC Smith,WPUJC Vaas,0,0,,,,,,"",""
ball,2,11.1,South Africa,GC Smith,HH Gibbs,PA de Silva,0,0,,,,,,caught,GC Smith
ball,2,11.2,South Africa,HH Gibbs,G Kirsten,PA de Silva,1,0,,,,,,"",""
ball,2,11.3,South Africa,G Kirsten,HH Gibbs,PA de Silva,0,0,,,,,,"",""
ball,2,11.4,South Africa,G Kirsten,HH Gibbs,PA de Silva,0,0,,,,,,"",""
ball,2,11.5,South Africa,G Kirsten,HH Gibbs,PA de Silva,1,0,,,,,,"",""
ball,2,11.6,South Africa,HH Gibbs,G Kirsten,PA de Silva,0,0,,,,,,"",""
ball,2,12.1,South Africa,G Kirsten,HH Gibbs,PW Gunaratne,0,0,,,,,,"",""
ball,2,12.2,South Africa,G Kirsten,HH Gibbs,PW Gunaratne,0,0,,,,,,"",""
ball,2,12.3,South Africa,G Kirsten,HH Gibbs,PW Gunaratne,0,0,,,,,,"",""
ball,2,12.4,South Africa,G Kirsten,HH Gibbs,PW Gunaratne,0,0,,,,,,"",""
ball,2,12.5,South Africa,G Kirsten,HH Gibbs,PW Gunaratne,1,0,,,,,,"",""
ball,2,12.6,South Africa,HH Gibbs,G Kirsten,PW Gunaratne,0,0,,,,,,"",""
ball,2,13.1,South Africa,G Kirsten,HH Gibbs,PA de Silva,0,0,,,,,,"",""
ball,2,13.2,South Africa,G Kirsten,HH Gibbs,PA de Silva,1,0,,,,,,"",""
ball,2,13.3,South Africa,HH Gibbs,G Kirsten,PA de Silva,4,0,,,,,,"",""
ball,2,13.4,South Africa,HH Gibbs,G Kirsten,PA de Silva,1,0,,,,,,"",""
ball,2,13.5,South Africa,G Kirsten,HH Gibbs,PA de Silva,0,0,,,,,,"",""
ball,2,13.6,South Africa,G Kirsten,HH Gibbs,PA de Silva,0,0,,,,,,"",""
ball,2,14.1,South Africa,HH Gibbs,G Kirsten,PW Gunaratne,1,0,,,,,,"",""
ball,2,14.2,South Africa,G Kirsten,HH Gibbs,PW Gunaratne,0,0,,,,,,"",""
ball,2,14.3,South Africa,G Kirsten,HH Gibbs,PW Gunaratne,1,0,,,,,,"",""
ball,2,14.4,South Africa,HH Gibbs,G Kirsten,PW Gunaratne,2,0,,,,,,"",""
ball,2,14.5,South Africa,HH Gibbs,G Kirsten,PW Gunaratne,1,0,,,,,,"",""
ball,2,14.6,South Africa,G Kirsten,HH Gibbs,PW Gunaratne,0,0,,,,,,"",""
ball,2,15.1,South Africa,HH Gibbs,G Kirsten,PA de Silva,0,0,,,,,,"",""
ball,2,15.2,South Africa,HH Gibbs,G Kirsten,PA de Silva,4,0,,,,,,"",""
ball,2,15.3,South Africa,HH Gibbs,G Kirsten,PA de Silva,0,0,,,,,,"",""
ball,2,15.4,South Africa,HH Gibbs,G Kirsten,PA de Silva,1,0,,,,,,"",""
ball,2,15.5,South Africa,G Kirsten,HH Gibbs,PA de Silva,1,0,,,,,,"",""
ball,2,15.6,South Africa,HH Gibbs,G Kirsten,PA de Silva,0,0,,,,,,"",""
ball,2,16.1,South Africa,G Kirsten,HH Gibbs,RP Arnold,1,0,,,,,,"",""
ball,2,16.2,South Africa,HH Gibbs,G Kirsten,RP Arnold,0,1,1,,,,,"",""
ball,2,16.3,South Africa,HH Gibbs,G Kirsten,RP Arnold,1,0,,,,,,"",""
ball,2,16.4,South Africa,G Kirsten,HH Gibbs,RP Arnold,1,0,,,,,,"",""
ball,2,16.5,South Africa,HH Gibbs,G Kirsten,RP Arnold,0,0,,,,,,"",""
ball,2,16.6,South Africa,HH Gibbs,G Kirsten,RP Arnold,0,1,,,,1,,"",""
ball,2,16.7,South Africa,G Kirsten,HH Gibbs,RP Arnold,1,0,,,,,,"",""
ball,2,17.1,South Africa,G Kirsten,HH Gibbs,PA de Silva,0,0,,,,,,"",""
ball,2,17.2,South Africa,G Kirsten,HH Gibbs,PA de Silva,0,0,,,,,,bowled,G Kirsten
ball,2,17.3,South Africa,JH Kallis,HH Gibbs,PA de Silva,0,0,,,,,,"",""
ball,2,17.4,South Africa,JH Kallis,HH Gibbs,PA de Silva,0,0,,,,,,"",""
ball,2,17.5,South Africa,JH Kallis,HH Gibbs,PA de Silva,1,0,,,,,,"",""
ball,2,17.6,South Africa,HH Gibbs,JH Kallis,PA de Silva,0,0,,,,,,"",""
ball,2,18.1,South Africa,JH Kallis,HH Gibbs,RP Arnold,1,0,,,,,,"",""
ball,2,18.2,South Africa,HH Gibbs,JH Kallis,RP Arnold,1,0,,,,,,"",""
ball,2,18.3,South Africa,JH Kallis,HH Gibbs,RP Arnold,1,0,,,,,,"",""
ball,2,18.4,South Africa,HH Gibbs,JH Kallis,RP Arnold,0,0,,,,,,"",""
ball,2,18.5,South Africa,HH Gibbs,JH Kallis,RP Arnold,0,0,,,,,,"",""
ball,2,18.6,South Africa,HH Gibbs,JH Kallis,RP Arnold,1,0,,,,,,"",""
ball,2,19.1,South Africa,HH Gibbs,JH Kallis,PA de Silva,6,0,,,,,,"",""
ball,2,19.2,South Africa,HH Gibbs,JH Kallis,PA de Silva,0,0,,,,,,"",""
ball,2,19.3,South Africa,HH Gibbs,JH Kallis,PA de Silva,0,1,1,,,,,"",""
ball,2,19.4,South Africa,HH Gibbs,JH Kallis,PA de Silva,1,0,,,,,,"",""
ball,2,19.5,South Africa,JH Kallis,HH Gibbs,PA de Silva,1,0,,,,,,"",""
ball,2,19.6,South Africa,HH Gibbs,JH Kallis,PA de Silva,1,0,,,,,,"",""
ball,2,19.7,South Africa,JH Kallis,HH Gibbs,PA de Silva,0,0,,,,,,"",""
ball,2,20.1,South Africa,HH Gibbs,JH Kallis,M Muralitharan,3,0,,,,,,"",""
ball,2,20.2,South Africa,JH Kallis,HH Gibbs,M Muralitharan,1,0,,,,,,"",""
ball,2,20.3,South Africa,HH Gibbs,JH Kallis,M Muralitharan,1,0,,,,,,"",""
ball,2,20.4,South Africa,JH Kallis,HH Gibbs,M Muralitharan,0,0,,,,,,"",""
ball,2,20.5,South Africa,JH Kallis,HH Gibbs,M Muralitharan,4,0,,,,,,"",""
ball,2,20.6,South Africa,JH Kallis,HH Gibbs,M Muralitharan,2,0,,,,,,"",""
ball,2,21.1,South Africa,HH Gibbs,JH Kallis,ST Jayasuriya,0,0,,,,,,"",""
ball,2,21.2,South Africa,HH Gibbs,JH Kallis,ST Jayasuriya,1,0,,,,,,"",""
ball,2,21.3,South Africa,JH Kallis,HH Gibbs,ST Jayasuriya,1,0,,,,,,"",""
ball,2,21.4,South Africa,HH Gibbs,JH Kallis,ST Jayasuriya,0,0,,,,,,"",""
ball,2,21.5,South Africa,HH Gibbs,JH Kallis,ST Jayasuriya,1,0,,,,,,"",""
ball,2,21.6,South Africa,JH Kallis,HH Gibbs,ST Jayasuriya,1,0,,,,,,"",""
ball,2,22.1,South Africa,JH Kallis,HH Gibbs,M Muralitharan,0,0,,,,,,"",""
ball,2,22.2,South Africa,JH Kallis,HH Gibbs,M Muralitharan,2,0,,,,,,"",""
ball,2,22.3,South Africa,JH Kallis,HH Gibbs,M Muralitharan,1,0,,,,,,"",""
ball,2,22.4,South Africa,HH Gibbs,JH Kallis,M Muralitharan,0,0,,,,,,"",""
ball,2,22.5,South Africa,HH Gibbs,JH Kallis,M Muralitharan,0,0,,,,,,"",""
ball,2,22.6,South Africa,HH Gibbs,JH Kallis,M Muralitharan,0,0,,,,,,"",""
ball,2,23.1,South Africa,JH Kallis,HH Gibbs,ST Jayasuriya,0,0,,,,,,"",""
ball,2,23.2,South Africa,JH Kallis,HH Gibbs,ST Jayasuriya,0,0,,,,,,"",""
ball,2,23.3,South Africa,JH Kallis,HH Gibbs,ST Jayasuriya,0,0,,,,,,bowled,JH Kallis
ball,2,23.4,South Africa,HH Dippenaar,HH Gibbs,ST Jayasuriya,0,3,3,,,,,"",""
ball,2,23.5,South Africa,HH Dippenaar,HH Gibbs,ST Jayasuriya,0,0,,,,,,"",""
ball,2,23.6,South Africa,HH Dippenaar,HH Gibbs,ST Jayasuriya,0,0,,,,,,"",""
ball,2,23.7,South Africa,HH Dippenaar,HH Gibbs,ST Jayasuriya,0,0,,,,,,"",""
ball,2,24.1,South Africa,HH Gibbs,HH Dippenaar,M Muralitharan,1,0,,,,,,"",""
ball,2,24.2,South Africa,HH Dippenaar,HH Gibbs,M Muralitharan,0,0,,,,,,"",""
ball,2,24.3,South Africa,HH Dippenaar,HH Gibbs,M Muralitharan,1,0,,,,,,"",""
ball,2,24.4,South Africa,HH Gibbs,HH Dippenaar,M Muralitharan,0,0,,,,,,"",""
ball,2,24.5,South Africa,HH Gibbs,HH Dippenaar,M Muralitharan,2,0,,,,,,"",""
ball,2,24.6,South Africa,HH Gibbs,HH Dippenaar,M Muralitharan,0,0,,,,,,"",""
ball,2,25.1,South Africa,HH Dippenaar,HH Gibbs,ST Jayasuriya,0,0,,,,,,"",""
ball,2,25.2,South Africa,HH Dippenaar,HH Gibbs,ST Jayasuriya,0,0,,,,,,"",""
ball,2,25.3,South Africa,HH Dippenaar,HH Gibbs,ST Jayasuriya,1,0,,,,,,"",""
ball,2,25.4,South Africa,HH Gibbs,HH Dippenaar,ST Jayasuriya,1,0,,,,,,"",""
ball,2,25.5,South Africa,HH Dippenaar,HH Gibbs,ST Jayasuriya,1,0,,,,,,"",""
ball,2,25.6,South Africa,HH Gibbs,HH Dippenaar,ST Jayasuriya,0,0,,,,,,"",""
ball,2,26.1,South Africa,HH Dippenaar,HH Gibbs,M Muralitharan,1,0,,,,,,"",""
ball,2,26.2,South Africa,HH Gibbs,HH Dippenaar,M Muralitharan,0,0,,,,,,"",""
ball,2,26.3,South Africa,HH Gibbs,HH Dippenaar,M Muralitharan,0,0,,,,,,"",""
ball,2,26.4,South Africa,HH Gibbs,HH Dippenaar,M Muralitharan,1,0,,,,,,"",""
ball,2,26.5,South Africa,HH Dippenaar,HH Gibbs,M Muralitharan,1,0,,,,,,"",""
ball,2,26.6,South Africa,HH Gibbs,HH Dippenaar,M Muralitharan,0,0,,,,,,"",""
ball,2,27.1,South Africa,HH Dippenaar,HH Gibbs,ST Jayasuriya,1,0,,,,,,"",""
ball,2,27.2,South Africa,HH Gibbs,HH Dippenaar,ST Jayasuriya,2,0,,,,,,"",""
ball,2,27.3,South Africa,HH Gibbs,HH Dippenaar,ST Jayasuriya,1,0,,,,,,"",""
ball,2,27.4,South Africa,HH Dippenaar,HH Gibbs,ST Jayasuriya,1,0,,,,,,"",""
ball,2,27.5,South Africa,HH Gibbs,HH Dippenaar,ST Jayasuriya,4,0,,,,,,"",""
ball,2,27.6,South Africa,HH Gibbs,HH Dippenaar,ST Jayasuriya,1,0,,,,,,"",""
ball,2,28.1,South Africa,HH Gibbs,HH Dippenaar,M Muralitharan,0,0,,,,,,"",""
ball,2,28.2,South Africa,HH Gibbs,HH Dippenaar,M Muralitharan,0,0,,,,,,"",""
ball,2,28.3,South Africa,HH Gibbs,HH Dippenaar,M Muralitharan,0,0,,,,,,"",""
ball,2,28.4,South Africa,HH Gibbs,HH Dippenaar,M Muralitharan,1,0,,,,,,"",""
ball,2,28.5,South Africa,HH Dippenaar,HH Gibbs,M Muralitharan,1,0,,,,,,"",""
ball,2,28.6,South Africa,HH Gibbs,HH Dippenaar,M Muralitharan,0,0,,,,,,bowled,HH Gibbs
ball,2,29.1,South Africa,HH Dippenaar,MV Boucher,ST Jayasuriya,0,0,,,,,,lbw,HH Dippenaar
ball,2,29.2,South Africa,SM Pollock,MV Boucher,ST Jayasuriya,0,0,,,,,,"",""
ball,2,29.3,South Africa,SM Pollock,MV Boucher,ST Jayasuriya,0,0,,,,,,"",""
ball,2,29.4,South Africa,SM Pollock,MV Boucher,ST Jayasuriya,1,0,,,,,,"",""
ball,2,29.5,South Africa,MV Boucher,SM Pollock,ST Jayasuriya,0,0,,,,,,"",""
ball,2,29.6,South Africa,MV Boucher,SM Pollock,ST Jayasuriya,0,0,,,,,,"",""
ball,2,30.1,South Africa,SM Pollock,MV Boucher,M Muralitharan,1,0,,,,,,"",""
ball,2,30.2,South Africa,MV Boucher,SM Pollock,M Muralitharan,3,0,,,,,,"",""
ball,2,30.3,South Africa,SM Pollock,MV Boucher,M Muralitharan,0,0,,,,,,"",""
ball,2,30.4,South Africa,SM Pollock,MV Boucher,M Muralitharan,0,0,,,,,,"",""
ball,2,30.5,South Africa,SM Pollock,MV Boucher,M Muralitharan,0,0,,,,,,"",""
ball,2,30.6,South Africa,SM Pollock,MV Boucher,M Muralitharan,1,0,,,,,,"",""
ball,2,31.1,South Africa,SM Pollock,MV Boucher,ST Jayasuriya,0,0,,,,,,"",""
ball,2,31.2,South Africa,SM Pollock,MV Boucher,ST Jayasuriya,0,0,,,,,,"",""
ball,2,31.3,South Africa,SM Pollock,MV Boucher,ST Jayasuriya,0,0,,,,,,"",""
ball,2,31.4,South Africa,SM Pollock,MV Boucher,ST Jayasuriya,0,1,1,,,,,"",""
ball,2,31.5,South Africa,SM Pollock,MV Boucher,ST Jayasuriya,1,0,,,,,,"",""
ball,2,31.6,South Africa,MV Boucher,SM Pollock,ST Jayasuriya,1,0,,,,,,"",""
ball,2,31.7,South Africa,SM Pollock,MV Boucher,ST Jayasuriya,0,0,,,,,,"",""
ball,2,32.1,South Africa,MV Boucher,SM Pollock,WPUJC Vaas,1,0,,,,,,"",""
ball,2,32.2,South Africa,SM Pollock,MV Boucher,WPUJC Vaas,1,0,,,,,,"",""
ball,2,32.3,South Africa,MV Boucher,SM Pollock,WPUJC Vaas,0,0,,,,,,"",""
ball,2,32.4,South Africa,MV Boucher,SM Pollock,WPUJC Vaas,0,0,,,,,,"",""
ball,2,32.5,South Africa,MV Boucher,SM Pollock,WPUJC Vaas,0,2,,,,2,,"",""
ball,2,32.6,South Africa,MV Boucher,SM Pollock,WPUJC Vaas,1,0,,,,,,"",""
ball,2,33.1,South Africa,MV Boucher,SM Pollock,ST Jayasuriya,0,0,,,,,,"",""
ball,2,33.2,South Africa,MV Boucher,SM Pollock,ST Jayasuriya,0,0,,,,,,"",""
ball,2,33.3,South Africa,MV Boucher,SM Pollock,ST Jayasuriya,4,0,,,,,,"",""
ball,2,33.4,South Africa,MV Boucher,SM Pollock,ST Jayasuriya,0,0,,,,,,"",""
ball,2,33.5,South Africa,MV Boucher,SM Pollock,ST Jayasuriya,1,0,,,,,,"",""
ball,2,33.6,South Africa,SM Pollock,MV Boucher,ST Jayasuriya,0,0,,,,,,"",""
ball,2,34.1,South Africa,MV Boucher,SM Pollock,PA de Silva,0,0,,,,,,"",""
ball,2,34.2,South Africa,MV Boucher,SM Pollock,PA de Silva,1,0,,,,,,"",""
ball,2,34.3,South Africa,SM Pollock,MV Boucher,PA de Silva,1,0,,,,,,"",""
ball,2,34.4,South Africa,MV Boucher,SM Pollock,PA de Silva,0,0,,,,,,"",""
ball,2,34.5,South Africa,MV Boucher,SM Pollock,PA de Silva,1,0,,,,,,"",""
ball,2,34.6,South Africa,SM Pollock,MV Boucher,PA de Silva,0,0,,,,,,"",""
ball,2,35.1,South Africa,MV Boucher,SM Pollock,ST Jayasuriya,0,0,,,,,,"",""
ball,2,35.2,South Africa,MV Boucher,SM Pollock,ST Jayasuriya,1,0,,,,,,"",""
ball,2,35.3,South Africa,SM Pollock,MV Boucher,ST Jayasuriya,1,0,,,,,,"",""
ball,2,35.4,South Africa,MV Boucher,SM Pollock,ST Jayasuriya,0,1,1,,,,,"",""
ball,2,35.5,South Africa,MV Boucher,SM Pollock,ST Jayasuriya,0,0,,,,,,"",""
ball,2,35.6,South Africa,MV Boucher,SM Pollock,ST Jayasuriya,0,0,,,,,,"",""
ball,2,35.7,South Africa,MV Boucher,SM Pollock,ST Jayasuriya,0,0,,,,,,"",""
ball,2,36.1,South Africa,SM Pollock,MV Boucher,PA de Silva,1,0,,,,,,"",""
ball,2,36.2,South Africa,MV Boucher,SM Pollock,PA de Silva,1,0,,,,,,"",""
ball,2,36.3,South Africa,SM Pollock,MV Boucher,PA de Silva,1,0,,,,,,"",""
ball,2,36.4,South Africa,MV Boucher,SM Pollock,PA de Silva,0,0,,,,,,"",""
ball,2,36.5,South Africa,MV Boucher,SM Pollock,PA de Silva,1,0,,,,,,"",""
ball,2,36.6,South Africa,SM Pollock,MV Boucher,PA de Silva,1,0,,,,,,"",""
ball,2,37.1,South Africa,SM Pollock,MV Boucher,RP Arnold,1,0,,,,,,"",""
ball,2,37.2,South Africa,MV Boucher,SM Pollock,RP Arnold,1,0,,,,,,"",""
ball,2,37.3,South Africa,SM Pollock,MV Boucher,RP Arnold,1,0,,,,,,"",""
ball,2,37.4,South Africa,MV Boucher,SM Pollock,RP Arnold,2,0,,,,,,"",""
ball,2,37.5,South Africa,MV Boucher,SM Pollock,RP Arnold,1,0,,,,,,"",""
ball,2,37.6,South Africa,SM Pollock,MV Boucher,RP Arnold,0,0,,,,,,"",""
ball,2,38.1,South Africa,MV Boucher,SM Pollock,PA de Silva,1,0,,,,,,"",""
ball,2,38.2,South Africa,SM Pollock,MV Boucher,PA de Silva,1,0,,,,,,"",""
ball,2,38.3,South Africa,MV Boucher,SM Pollock,PA de Silva,1,0,,,,,,"",""
ball,2,38.4,South Africa,SM Pollock,MV Boucher,PA de Silva,0,0,,,,,,"",""
ball,2,38.5,South Africa,SM Pollock,MV Boucher,PA de Silva,0,0,,,,,,"",""
ball,2,38.6,South Africa,SM Pollock,MV Boucher,PA de Silva,0,0,,,,,,"",""
ball,2,39.1,South Africa,MV Boucher,SM Pollock,ST Jayasuriya,1,0,,,,,,"",""
ball,2,39.2,South Africa,SM Pollock,MV Boucher,ST Jayasuriya,1,0,,,,,,"",""
ball,2,39.3,South Africa,MV Boucher,SM Pollock,ST Jayasuriya,1,0,,,,,,"",""
ball,2,39.4,South Africa,SM Pollock,MV Boucher,ST Jayasuriya,4,0,,,,,,"",""
ball,2,39.5,South Africa,SM Pollock,MV Boucher,ST Jayasuriya,3,0,,,,,,"",""
ball,2,39.6,South Africa,MV Boucher,SM Pollock,ST Jayasuriya,1,0,,,,,,"",""
ball,2,40.1,South Africa,MV Boucher,SM Pollock,M Muralitharan,0,0,,,,,,"",""
ball,2,40.2,South Africa,MV Boucher,SM Pollock,M Muralitharan,4,0,,,,,,"",""
ball,2,40.3,South Africa,MV Boucher,SM Pollock,M Muralitharan,0,0,,,,,,"",""
ball,2,40.4,South Africa,MV Boucher,SM Pollock,M Muralitharan,0,0,,,,,,"",""
ball,2,40.5,South Africa,MV Boucher,SM Pollock,M Muralitharan,1,0,,,,,,"",""
ball,2,40.6,South Africa,SM Pollock,MV Boucher,M Muralitharan,0,0,,,,,,"",""
ball,2,41.1,South Africa,MV Boucher,SM Pollock,ST Jayasuriya,1,0,,,,,,"",""
ball,2,41.2,South Africa,SM Pollock,MV Boucher,ST Jayasuriya,1,0,,,,,,"",""
ball,2,41.3,South Africa,MV Boucher,SM Pollock,ST Jayasuriya,2,0,,,,,,"",""
ball,2,41.4,South Africa,MV Boucher,SM Pollock,ST Jayasuriya,1,0,,,,,,"",""
ball,2,41.5,South Africa,SM Pollock,MV Boucher,ST Jayasuriya,1,0,,,,,,"",""
ball,2,41.6,South Africa,MV Boucher,SM Pollock,ST Jayasuriya,0,0,,,,,,"",""
ball,2,42.1,South Africa,SM Pollock,MV Boucher,M Muralitharan,2,0,,,,,,"",""
ball,2,42.2,South Africa,SM Pollock,MV Boucher,M Muralitharan,0,0,,,,,,"",""
ball,2,42.3,South Africa,SM Pollock,MV Boucher,M Muralitharan,0,0,,,,,,run out,SM Pollock
ball,2,42.4,South Africa,MV Boucher,L Klusener,M Muralitharan,2,0,,,,,,"",""
ball,2,42.5,South Africa,MV Boucher,L Klusener,M Muralitharan,1,0,,,,,,"",""
ball,2,42.6,South Africa,L Klusener,MV Boucher,M Muralitharan,0,0,,,,,,"",""
ball,2,43.1,South Africa,MV Boucher,L Klusener,RP Arnold,0,0,,,,,,"",""
ball,2,43.2,South Africa,MV Boucher,L Klusener,RP Arnold,1,0,,,,,,"",""
ball,2,43.3,South Africa,L Klusener,MV Boucher,RP Arnold,0,0,,,,,,"",""
ball,2,43.4,South Africa,L Klusener,MV Boucher,RP Arnold,0,0,,,,,,"",""
ball,2,43.5,South Africa,L Klusener,MV Boucher,RP Arnold,0,0,,,,,,"",""
ball,2,43.6,South Africa,L Klusener,MV Boucher,RP Arnold,0,0,,,,,,"",""
ball,2,44.1,South Africa,MV Boucher,L Klusener,M Muralitharan,1,0,,,,,,"",""
ball,2,44.2,South Africa,L Klusener,MV Boucher,M Muralitharan,0,0,,,,,,"",""
ball,2,44.3,South Africa,L Klusener,MV Boucher,M Muralitharan,0,0,,,,,,"",""
ball,2,44.4,South Africa,L Klusener,MV Boucher,M Muralitharan,0,5,5,,,,,"",""
ball,2,44.5,South Africa,L Klusener,MV Boucher,M Muralitharan,1,0,,,,,,"",""
ball,2,44.6,South Africa,MV Boucher,L Klusener,M Muralitharan,6,0,,,,,,"",""
ball,2,44.7,South Africa,MV Boucher,L Klusener,M Muralitharan,0,0,,,,,,"",""
