version,1.7.0
info,balls_per_over,6
info,team,Kenya
info,team,Australia
info,gender,male
info,season,2002/03
info,date,2003/03/15
info,event,ICC World Cup
info,venue,"Kingsmead, Durban"
info,city,Durban
info,toss_winner,Australia
info,toss_decision,field
info,player_of_match,AY Karim
info,umpire,BF Bowden
info,umpire,SA Bucknor
info,tv_umpire,EAR de Silva
info,match_referee,MJ Procter
info,winner,Australia
info,winner_wickets,5
info,player,Kenya,KO Otieno
info,player,Kenya,RD Shah
info,player,Kenya,BJ Patel
info,player,Kenya,DO Obuya
info,player,Kenya,SO Tikolo
info,player,Kenya,HS Modi
info,player,Kenya,CO Obuya
info,player,Kenya,PJ Ongondo
info,player,Kenya,AO Suji
info,player,Kenya,MA Suji
info,player,Kenya,AY Karim
info,player,Australia,AC Gilchrist
info,player,Australia,ML Hayden
info,player,Australia,RT Ponting
info,player,Australia,A Symonds
info,player,Australia,DS Lehmann
info,player,Australia,GB Hogg
info,player,Australia,IJ Harvey
info,player,Australia,DR Martyn
info,player,Australia,AJ Bichel
info,player,Australia,B Lee
info,player,Australia,GD McGrath
info,registry,people,A Symonds,bd77eb62
info,registry,people,AC Gilchrist,2b6e6dec
info,registry,people,AJ Bichel,3cf83487
info,registry,people,AO Suji,b15eaf77
info,registry,people,AY Karim,74d92a39
info,registry,people,B Lee,dd09ff8e
info,registry,people,BF Bowden,efc0a862
info,registry,people,BJ Patel,0b7930ed
info,registry,people,CO Obuya,5680f1ad
info,registry,people,DO Obuya,6ed3d5ac
info,registry,people,DR Martyn,69762509
info,registry,people,DS Lehmann,53fe6ee4
info,registry,people,EAR de Silva,dc63f509
info,registry,people,GB Hogg,f708a0bc
info,registry,people,GD McGrath,ee7d0c82
info,registry,people,HS Modi,5abdfd23
info,registry,people,IJ Harvey,3227beb4
info,registry,people,Joseph Angara,744b6ab0
info,registry,people,KO Otieno,fbaa61d2
info,registry,people,MA Suji,331bd689
info,registry,people,MJ Procter,32e65048
info,registry,people,ML Hayden,d8699ab7
info,registry,people,NM Hauritz,8ea6e670
info,registry,people,PJ Ongondo,27cc4361
info,registry,people,RD Shah,45d4cb14
info,registry,people,RT Ponting,7d415ea5
info,registry,people,SA Bucknor,2ad22b51
info,registry,people,SO Tikolo,00d69fa4
ball,1,0.1,Kenya,KO Otieno,RD Shah,GD McGrath,0,0,,,,,,"",""
ball,1,0.2,Kenya,KO Otieno,RD Shah,GD McGrath,0,0,,,,,,"",""
ball,1,0.3,Kenya,KO Otieno,RD Shah,GD McGrath,0,0,,,,,,"",""
ball,1,0.4,Kenya,KO Otieno,RD Shah,GD McGrath,0,0,,,,,,"",""
ball,1,0.5,Kenya,KO Otieno,RD Shah,GD McGrath,0,0,,,,,,"",""
ball,1,0.6,Kenya,KO Otieno,RD Shah,GD McGrath,0,0,,,,,,"",""
ball,1,1.1,Kenya,RD Shah,KO Otieno,B Lee,0,0,,,,,,"",""
ball,1,1.2,Kenya,RD Shah,KO Otieno,B Lee,0,0,,,,,,"",""
ball,1,1.3,Kenya,RD Shah,KO Otieno,B Lee,0,0,,,,,,"",""
ball,1,1.4,Kenya,RD Shah,KO Otieno,B Lee,0,0,,,,,,"",""
ball,1,1.5,Kenya,RD Shah,KO Otieno,B Lee,0,0,,,,,,"",""
ball,1,1.6,Kenya,RD Shah,KO Otieno,B Lee,0,0,,,,,,"",""
ball,1,2.1,Kenya,KO Otieno,RD Shah,GD McGrath,0,0,,,,,,"",""
ball,1,2.2,Kenya,KO Otieno,RD Shah,GD McGrath,0,0,,,,,,"",""
ball,1,2.3,Kenya,KO Otieno,RD Shah,GD McGrath,0,0,,,,,,"",""
ball,1,2.4,Kenya,KO Otieno,RD Shah,GD McGrath,1,0,,,,,,"",""
ball,1,2.5,Kenya,RD Shah,KO Otieno,GD McGrath,0,0,,,,,,"",""
ball,1,2.6,Kenya,RD Shah,KO Otieno,GD McGrath,0,0,,,,,,"",""
ball,1,3.1,Kenya,KO Otieno,RD Shah,B Lee,0,1,,,,1,,"",""
ball,1,3.2,Kenya,RD Shah,KO Otieno,B Lee,0,0,,,,,,"",""
ball,1,3.3,Kenya,RD Shah,KO Otieno,B Lee,0,1,,,,1,,"",""
ball,1,3.4,Kenya,KO Otieno,RD Shah,B Lee,0,0,,,,,,bowled,KO Otieno
ball,1,3.5,Kenya,BJ Patel,RD Shah,B Lee,0,0,,,,,,caught,BJ Patel
ball,1,3.6,Kenya,DO Obuya,RD Shah,B Lee,0,0,,,,,,bowled,DO Obuya
ball,1,4.1,Kenya,RD Shah,SO Tikolo,GD McGrath,0,0,,,,,,"",""
ball,1,4.2,Kenya,RD Shah,SO Tikolo,GD McGrath,0,0,,,,,,"",""
ball,1,4.3,Kenya,RD Shah,SO Tikolo,GD McGrath,2,0,,,,,,"",""
ball,1,4.4,Kenya,RD Shah,SO Tikolo,GD McGrath,0,0,,,,,,"",""
ball,1,4.5,Kenya,RD Shah,SO Tikolo,GD McGrath,0,0,,,,,,"",""
ball,1,4.6,Kenya,RD Shah,SO Tikolo,GD McGrath,0,0,,,,,,"",""
ball,1,5.1,Kenya,SO Tikolo,RD Shah,B Lee,0,0,,,,,,"",""
ball,1,5.2,Kenya,SO Tikolo,RD Shah,B Lee,0,1,,,,1,,"",""
ball,1,5.3,Kenya,RD Shah,SO Tikolo,B Lee,0,0,,,,,,"",""
ball,1,5.4,Kenya,RD Shah,SO Tikolo,B Lee,0,0,,,,,,"",""
ball,1,5.5,Kenya,RD Shah,SO Tikolo,B Lee,4,0,,,,,,"",""
ball,1,5.6,Kenya,RD Shah,SO Tikolo,B Lee,4,0,,,,,,"",""
ball,1,6.1,Kenya,SO Tikolo,RD Shah,GD McGrath,0,0,,,,,,"",""
ball,1,6.2,Kenya,SO Tikolo,RD Shah,GD McGrath,0,0,,,,,,"",""
ball,1,6.3,Kenya,SO Tikolo,RD Shah,GD McGrath,0,0,,,,,,"",""
ball,1,6.4,Kenya,SO Tikolo,RD Shah,GD McGrath,0,1,1,,,,,"",""
ball,1,6.5,Kenya,SO Tikolo,RD Shah,GD McGrath,0,0,,,,,,"",""
ball,1,6.6,Kenya,SO Tikolo,RD Shah,GD McGrath,2,0,,,,,,"",""
ball,1,6.7,Kenya,SO Tikolo,RD Shah,GD McGrath,0,0,,,,,,"",""
ball,1,7.1,Kenya,RD Shah,SO Tikolo,B Lee,1,0,,,,,,"",""
ball,1,7.2,Kenya,SO Tikolo,RD Shah,B Lee,0,0,,,,,,"",""
ball,1,7.3,Kenya,SO Tikolo,RD Shah,B Lee,0,0,,,,,,"",""
ball,1,7.4,Kenya,SO Tikolo,RD Shah,B Lee,0,0,,,,,,"",""
ball,1,7.5,Kenya,SO Tikolo,RD Shah,B Lee,0,0,,,,,,"",""
ball,1,7.6,Kenya,SO Tikolo,RD Shah,B Lee,0,0,,,,,,"",""
ball,1,8.1,Kenya,RD Shah,SO Tikolo,GD McGrath,0,0,,,,,,"",""
ball,1,8.2,Kenya,RD Shah,SO Tikolo,GD McGrath,1,0,,,,,,"",""
ball,1,8.3,Kenya,SO Tikolo,RD Shah,GD McGrath,2,0,,,,,,"",""
ball,1,8.4,Kenya,SO Tikolo,RD Shah,GD McGrath,0,0,,,,,,"",""
ball,1,8.5,Kenya,SO Tikolo,RD Shah,GD McGrath,0,0,,,,,,"",""
ball,1,8.6,Kenya,SO Tikolo,RD Shah,GD McGrath,0,0,,,,,,"",""
ball,1,9.1,Kenya,RD Shah,SO Tikolo,AJ Bichel,0,0,,,,,,"",""
ball,1,9.2,Kenya,RD Shah,SO Tikolo,AJ Bichel,0,0,,,,,,"",""
ball,1,9.3,Kenya,RD Shah,SO Tikolo,AJ Bichel,4,0,,,,,,"",""
ball,1,9.4,Kenya,RD Shah,SO Tikolo,AJ Bichel,4,0,,,,,,"",""
ball,1,9.5,Kenya,RD Shah,SO Tikolo,AJ Bichel,0,0,,,,,,"",""
ball,1,9.6,Kenya,RD Shah,SO Tikolo,AJ Bichel,2,0,,,,,,"",""
ball,1,10.1,Kenya,SO Tikolo,RD Shah,GD McGrath,0,0,,,,,,"",""
ball,1,10.2,Kenya,SO Tikolo,RD Shah,GD McGrath,0,1,1,,,,,"",""
ball,1,10.3,Kenya,SO Tikolo,RD Shah,GD McGrath,0,0,,,,,,"",""
ball,1,10.4,Kenya,SO Tikolo,RD Shah,GD McGrath,0,1,1,,,,,"",""
ball,1,10.5,Kenya,SO Tikolo,RD Shah,GD McGrath,0,0,,,,,,"",""
ball,1,10.6,Kenya,SO Tikolo,RD Shah,GD McGrath,0,0,,,,,,"",""
ball,1,10.7,Kenya,SO Tikolo,RD Shah,GD McGrath,0,0,,,,,,"",""
ball,1,10.8,Kenya,SO Tikolo,RD Shah,GD McGrath,0,0,,,,,,"",""
ball,1,11.1,Kenya,RD Shah,SO Tikolo,AJ Bichel,0,0,,,,,,"",""
ball,1,11.2,Kenya,RD Shah,SO Tikolo,AJ Bichel,0,0,,,,,,"",""
ball,1,11.3,Kenya,RD Shah,SO Tikolo,AJ Bichel,0,0,,,,,,"",""
ball,1,11.4,Kenya,RD Shah,SO Tikolo,AJ Bichel,0,0,,,,,,"",""
ball,1,11.5,Kenya,RD Shah,SO Tikolo,AJ Bichel,0,0,,,,,,"",""
ball,1,11.6,Kenya,RD Shah,SO Tikolo,AJ Bichel,1,0,,,,,,"",""
ball,1,12.1,Kenya,RD Shah,SO Tikolo,GD McGrath,1,0,,,,,,"",""
ball,1,12.2,Kenya,SO Tikolo,RD Shah,GD McGrath,4,0,,,,,,"",""
ball,1,12.3,Kenya,SO Tikolo,RD Shah,GD McGrath,0,0,,,,,,"",""
ball,1,12.4,Kenya,SO Tikolo,RD Shah,GD McGrath,0,0,,,,,,"",""
ball,1,12.5,Kenya,SO Tikolo,RD Shah,GD McGrath,4,0,,,,,,"",""
ball,1,12.6,Kenya,SO Tikolo,RD Shah,GD McGrath,0,0,,,,,,"",""
ball,1,13.1,Kenya,RD Shah,SO Tikolo,AJ Bichel,0,0,,,,,,"",""
ball,1,13.2,Kenya,RD Shah,SO Tikolo,AJ Bichel,2,0,,,,,,"",""
ball,1,13.3,Kenya,RD Shah,SO Tikolo,AJ Bichel,0,0,,,,,,"",""
ball,1,13.4,Kenya,RD Shah,SO Tikolo,AJ Bichel,0,0,,,,,,"",""
ball,1,13.5,Kenya,RD Shah,SO Tikolo,AJ Bichel,0,0,,,,,,"",""
ball,1,13.6,Kenya,RD Shah,SO Tikolo,AJ Bichel,1,0,,,,,,"",""
ball,1,14.1,Kenya,RD Shah,SO Tikolo,B Lee,0,0,,,,,,"",""
ball,1,14.2,Kenya,RD Shah,SO Tikolo,B Lee,0,0,,,,,,"",""
ball,1,14.3,Kenya,RD Shah,SO Tikolo,B Lee,0,0,,,,,,"",""
ball,1,14.4,Kenya,RD Shah,SO Tikolo,B Lee,0,0,,,,,,"",""
ball,1,14.5,Kenya,RD Shah,SO Tikolo,B Lee,0,0,,,,,,"",""
ball,1,14.6,Kenya,RD Shah,SO Tikolo,B Lee,0,0,,,,,,"",""
ball,1,15.1,Kenya,SO Tikolo,RD Shah,AJ Bichel,0,0,,,,,,"",""
ball,1,15.2,Kenya,SO Tikolo,RD Shah,AJ Bichel,0,0,,,,,,"",""
ball,1,15.3,Kenya,SO Tikolo,RD Shah,AJ Bichel,0,0,,,,,,"",""
ball,1,15.4,Kenya,SO Tikolo,RD Shah,AJ Bichel,0,0,,,,,,"",""
ball,1,15.5,Kenya,SO Tikolo,RD Shah,AJ Bichel,0,0,,,,,,"",""
ball,1,15.6,Kenya,SO Tikolo,RD Shah,AJ Bichel,0,0,,,,,,"",""
ball,1,16.1,Kenya,RD Shah,SO Tikolo,B Lee,0,1,,1,,,,"",""
ball,1,16.2,Kenya,RD Shah,SO Tikolo,B Lee,0,0,,,,,,"",""
ball,1,16.3,Kenya,RD Shah,SO Tikolo,B Lee,1,0,,,,,,"",""
ball,1,16.4,Kenya,SO Tikolo,RD Shah,B Lee,0,0,,,,,,"",""
ball,1,16.5,Kenya,SO Tikolo,RD Shah,B Lee,0,0,,,,,,"",""
ball,1,16.6,Kenya,SO Tikolo,RD Shah,B Lee,0,0,,,,,,"",""
ball,1,16.7,Kenya,SO Tikolo,RD Shah,B Lee,0,0,,,,,,"",""
ball,1,17.1,Kenya,RD Shah,SO Tikolo,AJ Bichel,0,0,,,,,,"",""
ball,1,17.2,Kenya,RD Shah,SO Tikolo,AJ Bichel,4,0,,,,,,"",""
ball,1,17.3,Kenya,RD Shah,SO Tikolo,AJ Bichel,4,0,,,,,,"",""
ball,1,17.4,Kenya,RD Shah,SO Tikolo,AJ Bichel,0,0,,,,,,"",""
ball,1,17.5,Kenya,RD Shah,SO Tikolo,AJ Bichel,0,0,,,,,,"",""
ball,1,17.6,Kenya,RD Shah,SO Tikolo,AJ Bichel,0,0,,,,,,"",""
ball,1,18.1,Kenya,SO Tikolo,RD Shah,GB Hogg,0,0,,,,,,"",""
ball,1,18.2,Kenya,SO Tikolo,RD Shah,GB Hogg,0,0,,,,,,"",""
ball,1,18.3,Kenya,SO Tikolo,RD Shah,GB Hogg,0,1,,,,1,,"",""
ball,1,18.4,Kenya,RD Shah,SO Tikolo,GB Hogg,0,0,,,,,,"",""
ball,1,18.5,Kenya,RD Shah,SO Tikolo,GB Hogg,0,0,,,,,,"",""
ball,1,18.6,Kenya,RD Shah,SO Tikolo,GB Hogg,0,0,,,,,,"",""
ball,1,19.1,Kenya,SO Tikolo,RD Shah,IJ Harvey,1,0,,,,,,"",""
ball,1,19.2,Kenya,RD Shah,SO Tikolo,IJ Harvey,0,4,,,,4,,"",""
ball,1,19.3,Kenya,RD Shah,SO Tikolo,IJ Harvey,0,0,,,,,,"",""
ball,1,19.4,Kenya,RD Shah,SO Tikolo,IJ Harvey,1,0,,,,,,"",""
ball,1,19.5,Kenya,SO Tikolo,RD Shah,IJ Harvey,0,0,,,,,,"",""
ball,1,19.6,Kenya,SO Tikolo,RD Shah,IJ Harvey,0,0,,,,,,"",""
ball,1,20.1,Kenya,RD Shah,SO Tikolo,GB Hogg,0,0,,,,,,"",""
ball,1,20.2,Kenya,RD Shah,SO Tikolo,GB Hogg,0,0,,,,,,"",""
ball,1,20.3,Kenya,RD Shah,SO Tikolo,GB Hogg,0,0,,,,,,"",""
ball,1,20.4,Kenya,RD Shah,SO Tikolo,GB Hogg,0,0,,,,,,"",""
ball,1,20.5,Kenya,RD Shah,SO Tikolo,GB Hogg,1,0,,,,,,"",""
ball,1,20.6,Kenya,SO Tikolo,RD Shah,GB Hogg,0,0,,,,,,"",""
ball,1,21.1,Kenya,RD Shah,SO Tikolo,IJ Harvey,0,0,,,,,,"",""
ball,1,21.2,Kenya,RD Shah,SO Tikolo,IJ Harvey,0,0,,,,,,"",""
ball,1,21.3,Kenya,RD Shah,SO Tikolo,IJ Harvey,1,0,,,,,,"",""
ball,1,21.4,Kenya,SO Tikolo,RD Shah,IJ Harvey,0,0,,,,,,"",""
ball,1,21.5,Kenya,SO Tikolo,RD Shah,IJ Harvey,4,0,,,,,,"",""
ball,1,21.6,Kenya,SO Tikolo,RD Shah,IJ Harvey,0,1,1,,,,,"",""
ball,1,21.7,Kenya,SO Tikolo,RD Shah,IJ Harvey,0,0,,,,,,"",""
ball,1,22.1,Kenya,RD Shah,SO Tikolo,GB Hogg,1,0,,,,,,"",""
ball,1,22.2,Kenya,SO Tikolo,RD Shah,GB Hogg,0,0,,,,,,"",""
ball,1,22.3,Kenya,SO Tikolo,RD Shah,GB Hogg,0,0,,,,,,"",""
ball,1,22.4,Kenya,SO Tikolo,RD Shah,GB Hogg,0,0,,,,,,"",""
ball,1,22.5,Kenya,SO Tikolo,RD Shah,GB Hogg,0,0,,,,,,"",""
ball,1,22.6,Kenya,SO Tikolo,RD Shah,GB Hogg,1,0,,,,,,"",""
ball,1,23.1,Kenya,SO Tikolo,RD Shah,IJ Harvey,1,0,,,,,,"",""
ball,1,23.2,Kenya,RD Shah,SO Tikolo,IJ Harvey,1,0,,,,,,"",""
ball,1,23.3,Kenya,SO Tikolo,RD Shah,IJ Harvey,0,0,,,,,,"",""
ball,1,23.4,Kenya,SO Tikolo,RD Shah,IJ Harvey,1,0,,,,,,"",""
ball,1,23.5,Kenya,RD Shah,SO Tikolo,IJ Harvey,1,0,,,,,,"",""
ball,1,23.6,Kenya,SO Tikolo,RD Shah,IJ Harvey,0,0,,,,,,"",""
ball,1,24.1,Kenya,RD Shah,SO Tikolo,GB Hogg,1,0,,,,,,"",""
ball,1,24.2,Kenya,SO Tikolo,RD Shah,GB Hogg,1,0,,,,,,"",""
ball,1,24.3,Kenya,RD Shah,SO Tikolo,GB Hogg,1,0,,,,,,"",""
ball,1,24.4,Kenya,SO Tikolo,RD Shah,GB Hogg,1,0,,,,,,"",""
ball,1,24.5,Kenya,RD Shah,SO Tikolo,GB Hogg,1,0,,,,,,"",""
ball,1,24.6,Kenya,SO Tikolo,RD Shah,GB Hogg,0,0,,,,,,"",""
ball,1,25.1,Kenya,RD Shah,SO Tikolo,IJ Harvey,0,0,,,,,,"",""
ball,1,25.2,Kenya,RD Shah,SO Tikolo,IJ Harvey,0,0,,,,,,"",""
ball,1,25.3,Kenya,RD Shah,SO Tikolo,IJ Harvey,0,0,,,,,,"",""
ball,1,25.4,Kenya,RD Shah,SO Tikolo,IJ Harvey,0,0,,,,,,"",""
ball,1,25.5,Kenya,RD Shah,SO Tikolo,IJ Harvey,1,0,,,,,,"",""
ball,1,25.6,Kenya,SO Tikolo,RD Shah,IJ Harvey,0,0,,,,,,"",""
ball,1,26.1,Kenya,RD Shah,SO Tikolo,GB Hogg,0,0,,,,,,caught,RD Shah
ball,1,26.2,Kenya,SO Tikolo,HS Modi,GB Hogg,1,0,,,,,,"",""
ball,1,26.3,Kenya,HS Modi,SO Tikolo,GB Hogg,0,0,,,,,,"",""
ball,1,26.4,Kenya,HS Modi,SO Tikolo,GB Hogg,0,0,,,,,,"",""
ball,1,26.5,Kenya,HS Modi,SO Tikolo,GB Hogg,0,0,,,,,,"",""
ball,1,26.6,Kenya,HS Modi,SO Tikolo,GB Hogg,0,0,,,,,,"",""
ball,1,27.1,Kenya,SO Tikolo,HS Modi,IJ Harvey,0,0,,,,,,"",""
ball,1,27.2,Kenya,SO Tikolo,HS Modi,IJ Harvey,1,0,,,,,,"",""
ball,1,27.3,Kenya,HS Modi,SO Tikolo,IJ Harvey,0,0,,,,,,"",""
ball,1,27.4,Kenya,HS Modi,SO Tikolo,IJ Harvey,1,0,,,,,,"",""
ball,1,27.5,Kenya,SO Tikolo,HS Modi,IJ Harvey,1,0,,,,,,"",""
ball,1,27.6,Kenya,HS Modi,SO Tikolo,IJ Harvey,1,0,,,,,,"",""
ball,1,28.1,Kenya,HS Modi,SO Tikolo,GB Hogg,0,0,,,,,,"",""
ball,1,28.2,Kenya,HS Modi,SO Tikolo,GB Hogg,1,0,,,,,,"",""
ball,1,28.3,Kenya,SO Tikolo,HS Modi,GB Hogg,1,0,,,,,,"",""
ball,1,28.4,Kenya,HS Modi,SO Tikolo,GB Hogg,0,0,,,,,,"",""
ball,1,28.5,Kenya,HS Modi,SO Tikolo,GB Hogg,1,0,,,,,,"",""
ball,1,28.6,Kenya,SO Tikolo,HS Modi,GB Hogg,0,0,,,,,,"",""
ball,1,29.1,Kenya,HS Modi,SO Tikolo,IJ Harvey,1,0,,,,,,"",""
ball,1,29.2,Kenya,SO Tikolo,HS Modi,IJ Harvey,0,0,,,,,,"",""
ball,1,29.3,Kenya,SO Tikolo,HS Modi,IJ Harvey,1,0,,,,,,"",""
ball,1,29.4,Kenya,HS Modi,SO Tikolo,IJ Harvey,0,0,,,,,,"",""
ball,1,29.5,Kenya,HS Modi,SO Tikolo,IJ Harvey,0,0,,,,,,"",""
ball,1,29.6,Kenya,HS Modi,SO Tikolo,IJ Harvey,0,0,,,,,,"",""
ball,1,30.1,Kenya,SO Tikolo,HS Modi,GB Hogg,0,0,,,,,,"",""
ball,1,30.2,Kenya,SO Tikolo,HS Modi,GB Hogg,0,0,,,,,,"",""
ball,1,30.3,Kenya,SO Tikolo,HS Modi,GB Hogg,0,0,,,,,,"",""
ball,1,30.4,Kenya,SO Tikolo,HS Modi,GB Hogg,2,0,,,,,,"",""
ball,1,30.5,Kenya,SO Tikolo,HS Modi,GB Hogg,1,0,,,,,,"",""
ball,1,30.6,Kenya,HS Modi,SO Tikolo,GB Hogg,4,0,,,,,,"",""
ball,1,31.1,Kenya,SO Tikolo,HS Modi,IJ Harvey,2,0,,,,,,"",""
ball,1,31.2,Kenya,SO Tikolo,HS Modi,IJ Harvey,1,0,,,,,,"",""
ball,1,31.3,Kenya,HS Modi,SO Tikolo,IJ Harvey,0,0,,,,,,"",""
ball,1,31.4,Kenya,HS Modi,SO Tikolo,IJ Harvey,0,0,,,,,,"",""
ball,1,31.5,Kenya,HS Modi,SO Tikolo,IJ Harvey,0,0,,,,,,"",""
ball,1,31.6,Kenya,HS Modi,SO Tikolo,IJ Harvey,1,0,,,,,,"",""
ball,1,32.1,Kenya,HS Modi,SO Tikolo,B Lee,1,0,,,,,,"",""
ball,1,32.2,Kenya,SO Tikolo,HS Modi,B Lee,0,0,,,,,,"",""
ball,1,32.3,Kenya,SO Tikolo,HS Modi,B Lee,0,0,,,,,,"",""
ball,1,32.4,Kenya,SO Tikolo,HS Modi,B Lee,1,0,,,,,,"",""
ball,1,32.5,Kenya,HS Modi,SO Tikolo,B Lee,0,0,,,,,,"",""
ball,1,32.6,Kenya,HS Modi,SO Tikolo,B Lee,0,0,,,,,,"",""
ball,1,33.1,Kenya,SO Tikolo,HS Modi,DS Lehmann,0,0,,,,,,"",""
ball,1,33.2,Kenya,SO Tikolo,HS Modi,DS Lehmann,1,0,,,,,,"",""
ball,1,33.3,Kenya,HS Modi,SO Tikolo,DS Lehmann,0,0,,,,,,"",""
ball,1,33.4,Kenya,HS Modi,SO Tikolo,DS Lehmann,0,0,,,,,,"",""
ball,1,33.5,Kenya,HS Modi,SO Tikolo,DS Lehmann,0,0,,,,,,"",""
ball,1,33.6,Kenya,HS Modi,SO Tikolo,DS Lehmann,0,0,,,,,,"",""
ball,1,34.1,Kenya,SO Tikolo,HS Modi,B Lee,0,0,,,,,,"",""
ball,1,34.2,Kenya,SO Tikolo,HS Modi,B Lee,0,0,,,,,,"",""
ball,1,34.3,Kenya,SO Tikolo,HS Modi,B Lee,0,0,,,,,,"",""
ball,1,34.4,Kenya,SO Tikolo,HS Modi,B Lee,0,0,,,,,,"",""
ball,1,34.5,Kenya,SO Tikolo,HS Modi,B Lee,1,0,,,,,,"",""
ball,1,34.6,Kenya,HS Modi,SO Tikolo,B Lee,0,0,,,,,,"",""
ball,1,35.1,Kenya,SO Tikolo,HS Modi,DS Lehmann,1,0,,,,,,"",""
ball,1,35.2,Kenya,HS Modi,SO Tikolo,DS Lehmann,1,0,,,,,,"",""
ball,1,35.3,Kenya,SO Tikolo,HS Modi,DS Lehmann,1,0,,,,,,"",""
ball,1,35.4,Kenya,HS Modi,SO Tikolo,DS Lehmann,1,0,,,,,,"",""
ball,1,35.5,Kenya,SO Tikolo,HS Modi,DS Lehmann,0,0,,,,,,"",""
ball,1,35.6,Kenya,SO Tikolo,HS Modi,DS Lehmann,0,0,,,,,,"",""
ball,1,36.1,Kenya,HS Modi,SO Tikolo,GB Hogg,1,0,,,,,,"",""
ball,1,36.2,Kenya,SO Tikolo,HS Modi,GB Hogg,0,0,,,,,,"",""
ball,1,36.3,Kenya,SO Tikolo,HS Modi,GB Hogg,1,0,,,,,,"",""
ball,1,36.4,Kenya,HS Modi,SO Tikolo,GB Hogg,0,0,,,,,,"",""
ball,1,36.5,Kenya,HS Modi,SO Tikolo,GB Hogg,1,0,,,,,,"",""
ball,1,36.6,Kenya,SO Tikolo,HS Modi,GB Hogg,4,0,,,,,,"",""
ball,1,37.1,Kenya,HS Modi,SO Tikolo,DS Lehmann,0,0,,,,,,"",""
ball,1,37.2,Kenya,HS Modi,SO Tikolo,DS Lehmann,0,0,,,,,,"",""
ball,1,37.3,Kenya,HS Modi,SO Tikolo,DS Lehmann,1,0,,,,,,"",""
ball,1,37.4,Kenya,SO Tikolo,HS Modi,DS Lehmann,1,0,,,,,,"",""
ball,1,37.5,Kenya,HS Modi,SO Tikolo,DS Lehmann,1,0,,,,,,"",""
ball,1,37.6,Kenya,SO Tikolo,HS Modi,DS Lehmann,4,0,,,,,,"",""
ball,1,38.1,Kenya,HS Modi,SO Tikolo,GB Hogg,1,0,,,,,,"",""
ball,1,38.2,Kenya,SO Tikolo,HS Modi,GB Hogg,1,0,,,,,,"",""
ball,1,38.3,Kenya,HS Modi,SO Tikolo,GB Hogg,0,0,,,,,,"",""
ball,1,38.4,Kenya,HS Modi,SO Tikolo,GB Hogg,0,0,,,,,,"",""
ball,1,38.5,Kenya,HS Modi,SO Tikolo,GB Hogg,1,0,,,,,,"",""
ball,1,38.6,Kenya,SO Tikolo,HS Modi,GB Hogg,1,0,,,,,,"",""
ball,1,39.1,Kenya,SO Tikolo,HS Modi,DS Lehmann,0,0,,,,,,"",""
ball,1,39.2,Kenya,SO Tikolo,HS Modi,DS Lehmann,1,0,,,,,,"",""
ball,1,39.3,Kenya,HS Modi,SO Tikolo,DS Lehmann,0,0,,,,,,"",""
ball,1,39.4,Kenya,HS Modi,SO Tikolo,DS Lehmann,0,0,,,,,,"",""
ball,1,39.5,Kenya,HS Modi,SO Tikolo,DS Lehmann,1,0,,,,,,"",""
ball,1,39.6,Kenya,SO Tikolo,HS Modi,DS Lehmann,0,0,,,,,,caught,SO Tikolo
ball,1,40.1,Kenya,HS Modi,CO Obuya,GB Hogg,0,0,,,,,,"",""
ball,1,40.2,Kenya,HS Modi,CO Obuya,GB Hogg,0,0,,,,,,"",""
ball,1,40.3,Kenya,HS Modi,CO Obuya,GB Hogg,0,0,,,,,,"",""
ball,1,40.4,Kenya,HS Modi,CO Obuya,GB Hogg,0,0,,,,,,"",""
ball,1,40.5,Kenya,HS Modi,CO Obuya,GB Hogg,0,0,,,,,,"",""
ball,1,40.6,Kenya,HS Modi,CO Obuya,GB Hogg,1,0,,,,,,"",""
ball,1,41.1,Kenya,HS Modi,CO Obuya,DS Lehmann,1,0,,,,,,"",""
ball,1,41.2,Kenya,CO Obuya,HS Modi,DS Lehmann,0,0,,,,,,"",""
ball,1,41.3,Kenya,CO Obuya,HS Modi,DS Lehmann,2,0,,,,,,"",""
ball,1,41.4,Kenya,CO Obuya,HS Modi,DS Lehmann,1,0,,,,,,"",""
ball,1,41.5,Kenya,HS Modi,CO Obuya,DS Lehmann,1,0,,,,,,"",""
ball,1,41.6,Kenya,CO Obuya,HS Modi,DS Lehmann,0,1,,,,1,,"",""
ball,1,42.1,Kenya,CO Obuya,HS Modi,AJ Bichel,0,1,1,,,,,"",""
ball,1,42.2,Kenya,CO Obuya,HS Modi,AJ Bichel,0,0,,,,,,"",""
ball,1,42.3,Kenya,CO Obuya,HS Modi,AJ Bichel,0,0,,,,,,caught,CO Obuya
ball,1,42.4,Kenya,PJ Ongondo,HS Modi,AJ Bichel,0,0,,,,,,"",""
ball,1,42.5,Kenya,PJ Ongondo,HS Modi,AJ Bichel,1,0,,,,,,"",""
ball,1,42.6,Kenya,HS Modi,PJ Ongondo,AJ Bichel,1,0,,,,,,"",""
ball,1,42.7,Kenya,PJ Ongondo,HS Modi,AJ Bichel,0,0,,,,,,caught,PJ Ongondo
ball,1,43.1,Kenya,HS Modi,AO Suji,DS Lehmann,1,0,,,,,,"",""
ball,1,43.2,Kenya,AO Suji,HS Modi,DS Lehmann,1,0,,,,,,"",""
ball,1,43.3,Kenya,HS Modi,AO Suji,DS Lehmann,0,0,,,,,,"",""
ball,1,43.4,Kenya,HS Modi,AO Suji,DS Lehmann,1,0,,,,,,"",""
ball,1,43.5,Kenya,AO Suji,HS Modi,DS Lehmann,0,0,,,,,,caught,AO Suji
ball,1,43.6,Kenya,MA Suji,HS Modi,DS Lehmann,0,0,,,,,,"",""
ball,1,44.1,Kenya,HS Modi,MA Suji,AJ Bichel,0,0,,,,,,"",""
ball,1,44.2,Kenya,HS Modi,MA Suji,AJ Bichel,1,0,,,,,,"",""
ball,1,44.3,Kenya,MA Suji,HS Modi,AJ Bichel,0,0,,,,,,"",""
ball,1,44.4,Kenya,MA Suji,HS Modi,AJ Bichel,0,0,,,,,,"",""
ball,1,44.5,Kenya,MA Suji,HS Modi,AJ Bichel,0,0,,,,,,"",""
ball,1,44.6,Kenya,MA Suji,HS Modi,AJ Bichel,0,1,1,,,,,"",""
ball,1,44.7,Kenya,MA Suji,HS Modi,AJ Bichel,0,0,,,,,,"",""
ball,1,45.1,Kenya,HS Modi,MA Suji,GD McGrath,0,0,,,,,,"",""
ball,1,45.2,Kenya,HS Modi,MA Suji,GD McGrath,0,0,,,,,,"",""
ball,1,45.3,Kenya,HS Modi,MA Suji,GD McGrath,1,0,,,,,,"",""
ball,1,45.4,Kenya,MA Suji,HS Modi,GD McGrath,1,0,,,,,,"",""
ball,1,45.5,Kenya,HS Modi,MA Suji,GD McGrath,1,0,,,,,,"",""
ball,1,45.6,Kenya,MA Suji,HS Modi,GD McGrath,0,0,,,,,,"",""
ball,1,46.1,Kenya,HS Modi,MA Suji,AJ Bichel,0,0,,,,,,"",""
ball,1,46.2,Kenya,HS Modi,MA Suji,AJ Bichel,1,0,,,,,,"",""
ball,1,46.3,Kenya,MA Suji,HS Modi,AJ Bichel,1,0,,,,,,"",""
ball,1,46.4,Kenya,HS Modi,MA Suji,AJ Bichel,0,0,,,,,,"",""
ball,1,46.5,Kenya,HS Modi,MA Suji,AJ Bichel,0,0,,,,,,"",""
ball,1,46.6,Kenya,HS Modi,MA Suji,AJ Bichel,4,0,,,,,,"",""
ball,1,47.1,Kenya,MA Suji,HS Modi,GD McGrath,0,0,,,,,,"",""
ball,1,47.2,Kenya,MA Suji,HS Modi,GD McGrath,0,0,,,,,,"",""
ball,1,47.3,Kenya,MA Suji,HS Modi,GD McGrath,1,0,,,,,,"",""
ball,1,47.4,Kenya,HS Modi,MA Suji,GD McGrath,0,0,,,,,,"",""
ball,1,47.5,Kenya,HS Modi,MA Suji,GD McGrath,1,0,,,,,,"",""
ball,1,47.6,Kenya,MA Suji,HS Modi,GD McGrath,1,0,,,,,,"",""
ball,1,48.1,Kenya,MA Suji,HS Modi,AJ Bichel,6,0,,,,,,"",""
ball,1,48.2,Kenya,MA Suji,HS Modi,AJ Bichel,1,0,,,,,,"",""
ball,1,48.3,Kenya,HS Modi,MA Suji,AJ Bichel,1,0,,,,,,"",""
ball,1,48.4,Kenya,MA Suji,HS Modi,AJ Bichel,0,0,,,,,,"",""
ball,1,48.5,Kenya,MA Suji,HS Modi,AJ Bichel,1,0,,,,,,"",""
ball,1,48.6,Kenya,HS Modi,MA Suji,AJ Bichel,0,1,,,,1,,"",""
ball,1,49.1,Kenya,HS Modi,MA Suji,GD McGrath,1,0,,,,,,"",""
ball,1,49.2,Kenya,MA Suji,HS Modi,GD McGrath,1,0,,,,,,"",""
ball,1,49.3,Kenya,HS Modi,MA Suji,GD McGrath,1,0,,,,,,"",""
ball,1,49.4,Kenya,MA Suji,HS Modi,GD McGrath,1,0,,,,,,"",""
ball,1,49.5,Kenya,HS Modi,MA Suji,GD McGrath,1,0,,,,,,"",""
ball,1,49.6,Kenya,MA Suji,HS Modi,GD McGrath,1,0,,,,,,"",""
ball,2,0.1,Australia,AC Gilchrist,ML Hayden,MA Suji,0,0,,,,,,"",""
ball,2,0.2,Australia,AC Gilchrist,ML Hayden,MA Suji,1,0,,,,,,"",""
ball,2,0.3,Australia,ML Hayden,AC Gilchrist,MA Suji,0,0,,,,,,"",""
ball,2,0.4,Australia,ML Hayden,AC Gilchrist,MA Suji,4,0,,,,,,"",""
ball,2,0.5,Australia,ML Hayden,AC Gilchrist,MA Suji,0,0,,,,,,"",""
ball,2,0.6,Australia,ML Hayden,AC Gilchrist,MA Suji,4,0,,,,,,"",""
ball,2,1.1,Australia,AC Gilchrist,ML Hayden,PJ Ongondo,0,0,,,,,,"",""
ball,2,1.2,Australia,AC Gilchrist,ML Hayden,PJ Ongondo,0,0,,,,,,"",""
ball,2,1.3,Australia,AC Gilchrist,ML Hayden,PJ Ongondo,1,0,,,,,,"",""
ball,2,1.4,Australia,ML Hayden,AC Gilchrist,PJ Ongondo,0,0,,,,,,"",""
ball,2,1.5,Australia,ML Hayden,AC Gilchrist,PJ Ongondo,0,0,,,,,,"",""
ball,2,1.6,Australia,ML Hayden,AC Gilchrist,PJ Ongondo,0,0,,,,,,"",""
ball,2,2.1,Australia,AC Gilchrist,ML Hayden,MA Suji,4,0,,,,,,"",""
ball,2,2.2,Australia,AC Gilchrist,ML Hayden,MA Suji,0,0,,,,,,"",""
ball,2,2.3,Australia,AC Gilchrist,ML Hayden,MA Suji,4,0,,,,,,"",""
ball,2,2.4,Australia,AC Gilchrist,ML Hayden,MA Suji,0,0,,,,,,"",""
ball,2,2.5,Australia,AC Gilchrist,ML Hayden,MA Suji,3,0,,,,,,"",""
ball,2,2.6,Australia,ML Hayden,AC Gilchrist,MA Suji,0,0,,,,,,"",""
ball,2,3.1,Australia,AC Gilchrist,ML Hayden,PJ Ongondo,0,0,,,,,,"",""
ball,2,3.2,Australia,AC Gilchrist,ML Hayden,PJ Ongondo,0,0,,,,,,"",""
ball,2,3.3,Australia,AC Gilchrist,ML Hayden,PJ Ongondo,0,0,,,,,,"",""
ball,2,3.4,Australia,AC Gilchrist,ML Hayden,PJ Ongondo,0,0,,,,,,"",""
ball,2,3.5,Australia,AC Gilchrist,ML Hayden,PJ Ongondo,1,0,,,,,,"",""
ball,2,3.6,Australia,ML Hayden,AC Gilchrist,PJ Ongondo,4,0,,,,,,"",""
ball,2,4.1,Australia,AC Gilchrist,ML Hayden,MA Suji,4,0,,,,,,"",""
ball,2,4.2,Australia,AC Gilchrist,ML Hayden,MA Suji,0,0,,,,,,"",""
ball,2,4.3,Australia,AC Gilchrist,ML Hayden,MA Suji,4,0,,,,,,"",""
ball,2,4.4,Australia,AC Gilchrist,ML Hayden,MA Suji,0,0,,,,,,"",""
ball,2,4.5,Australia,AC Gilchrist,ML Hayden,MA Suji,4,0,,,,,,"",""
ball,2,4.6,Australia,AC Gilchrist,ML Hayden,MA Suji,4,0,,,,,,"",""
ball,2,5.1,Australia,ML Hayden,AC Gilchrist,PJ Ongondo,0,0,,,,,,"",""
ball,2,5.2,Australia,ML Hayden,AC Gilchrist,PJ Ongondo,0,0,,,,,,"",""
ball,2,5.3,Australia,ML Hayden,AC Gilchrist,PJ Ongondo,4,0,,,,,,"",""
ball,2,5.4,Australia,ML Hayden,AC Gilchrist,PJ Ongondo,4,0,,,,,,"",""
ball,2,5.5,Australia,ML Hayden,AC Gilchrist,PJ Ongondo,0,0,,,,,,caught,ML Hayden
ball,2,5.6,Australia,RT Ponting,AC Gilchrist,PJ Ongondo,0,0,,,,,,"",""
ball,2,6.1,Australia,AC Gilchrist,RT Ponting,AO Suji,4,0,,,,,,"",""
ball,2,6.2,Australia,AC Gilchrist,RT Ponting,AO Suji,0,0,,,,,,"",""
ball,2,6.3,Australia,AC Gilchrist,RT Ponting,AO Suji,0,0,,,,,,"",""
ball,2,6.4,Australia,AC Gilchrist,RT Ponting,AO Suji,0,0,,,,,,"",""
ball,2,6.5,Australia,AC Gilchrist,RT Ponting,AO Suji,1,0,,,,,,"",""
ball,2,6.6,Australia,RT Ponting,AC Gilchrist,AO Suji,4,0,,,,,,"",""
ball,2,7.1,Australia,AC Gilchrist,RT Ponting,PJ Ongondo,0,0,,,,,,"",""
ball,2,7.2,Australia,AC Gilchrist,RT Ponting,PJ Ongondo,0,0,,,,,,"",""
ball,2,7.3,Australia,AC Gilchrist,RT Ponting,PJ Ongondo,0,0,,,,,,"",""
ball,2,7.4,Australia,AC Gilchrist,RT Ponting,PJ Ongondo,1,0,,,,,,"",""
ball,2,7.5,Australia,RT Ponting,AC Gilchrist,PJ Ongondo,2,0,,,,,,"",""
ball,2,7.6,Australia,RT Ponting,AC Gilchrist,PJ Ongondo,0,0,,,,,,"",""
ball,2,8.1,Australia,AC Gilchrist,RT Ponting,AO Suji,1,0,,,,,,"",""
ball,2,8.2,Australia,RT Ponting,AC Gilchrist,AO Suji,0,0,,,,,,"",""
ball,2,8.3,Australia,RT Ponting,AC Gilchrist,AO Suji,1,0,,,,,,"",""
ball,2,8.4,Australia,AC Gilchrist,RT Ponting,AO Suji,2,0,,,,,,"",""
ball,2,8.5,Australia,AC Gilchrist,RT Ponting,AO Suji,0,1,1,,,,,"",""
ball,2,8.6,Australia,AC Gilchrist,RT Ponting,AO Suji,4,0,,,,,,"",""
ball,2,8.7,Australia,AC Gilchrist,RT Ponting,AO Suji,6,0,,,,,,"",""
ball,2,9.1,Australia,RT Ponting,AC Gilchrist,PJ Ongondo,1,0,,,,,,"",""
ball,2,9.2,Australia,AC Gilchrist,RT Ponting,PJ Ongondo,0,0,,,,,,"",""
ball,2,9.3,Australia,AC Gilchrist,RT Ponting,PJ Ongondo,0,1,,,,1,,"",""
ball,2,9.4,Australia,RT Ponting,AC Gilchrist,PJ Ongondo,0,0,,,,,,"",""
ball,2,9.5,Australia,RT Ponting,AC Gilchrist,PJ Ongondo,0,0,,,,,,"",""
ball,2,9.6,Australia,RT Ponting,AC Gilchrist,PJ Ongondo,0,0,,,,,,"",""
ball,2,10.1,Australia,AC Gilchrist,RT Ponting,CO Obuya,4,0,,,,,,"",""
ball,2,10.2,Australia,AC Gilchrist,RT Ponting,CO Obuya,6,0,,,,,,"",""
ball,2,10.3,Australia,AC Gilchrist,RT Ponting,CO Obuya,0,0,,,,,,"",""
ball,2,10.4,Australia,AC Gilchrist,RT Ponting,CO Obuya,6,0,,,,,,"",""
ball,2,10.5,Australia,AC Gilchrist,RT Ponting,CO Obuya,1,0,,,,,,"",""
ball,2,10.6,Australia,RT Ponting,AC Gilchrist,CO Obuya,0,0,,,,,,"",""
ball,2,11.1,Australia,AC Gilchrist,RT Ponting,PJ Ongondo,1,0,,,,,,"",""
ball,2,11.2,Australia,RT Ponting,AC Gilchrist,PJ Ongondo,1,0,,,,,,"",""
ball,2,11.3,Australia,AC Gilchrist,RT Ponting,PJ Ongondo,0,0,,,,,,caught,AC Gilchrist
ball,2,11.4,Australia,A Symonds,RT Ponting,PJ Ongondo,0,0,,,,,,"",""
ball,2,11.5,Australia,A Symonds,RT Ponting,PJ Ongondo,0,0,,,,,,"",""
ball,2,11.6,Australia,A Symonds,RT Ponting,PJ Ongondo,0,0,,,,,,"",""
ball,2,12.1,Australia,RT Ponting,A Symonds,CO Obuya,2,0,,,,,,"",""
ball,2,12.2,Australia,RT Ponting,A Symonds,CO Obuya,0,0,,,,,,"",""
ball,2,12.3,Australia,RT Ponting,A Symonds,CO Obuya,0,0,,,,,,"",""
ball,2,12.4,Australia,RT Ponting,A Symonds,CO Obuya,1,0,,,,,,"",""
ball,2,12.5,Australia,A Symonds,RT Ponting,CO Obuya,0,0,,,,,,"",""
ball,2,12.6,Australia,A Symonds,RT Ponting,CO Obuya,0,0,,,,,,"",""
ball,2,13.1,Australia,RT Ponting,A Symonds,PJ Ongondo,0,0,,,,,,"",""
ball,2,13.2,Australia,RT Ponting,A Symonds,PJ Ongondo,0,0,,,,,,"",""
ball,2,13.3,Australia,RT Ponting,A Symonds,PJ Ongondo,0,0,,,,,,"",""
ball,2,13.4,Australia,RT Ponting,A Symonds,PJ Ongondo,0,0,,,,,,"",""
ball,2,13.5,Australia,RT Ponting,A Symonds,PJ Ongondo,0,0,,,,,,"",""
ball,2,13.6,Australia,RT Ponting,A Symonds,PJ Ongondo,4,0,,,,,,"",""
ball,2,14.1,Australia,A Symonds,RT Ponting,CO Obuya,0,0,,,,,,"",""
ball,2,14.2,Australia,A Symonds,RT Ponting,CO Obuya,1,0,,,,,,"",""
ball,2,14.3,Australia,RT Ponting,A Symonds,CO Obuya,0,0,,,,,,"",""
ball,2,14.4,Australia,RT Ponting,A Symonds,CO Obuya,1,0,,,,,,"",""
ball,2,14.5,Australia,A Symonds,RT Ponting,CO Obuya,1,0,,,,,,"",""
ball,2,14.6,Australia,RT Ponting,A Symonds,CO Obuya,1,0,,,,,,"",""
ball,2,15.1,Australia,RT Ponting,A Symonds,AY Karim,0,0,,,,,,"",""
ball,2,15.2,Australia,RT Ponting,A Symonds,AY Karim,0,0,,,,,,"",""
ball,2,15.3,Australia,RT Ponting,A Symonds,AY Karim,0,0,,,,,,"",""
ball,2,15.4,Australia,RT Ponting,A Symonds,AY Karim,0,0,,,,,,"",""
ball,2,15.5,Australia,RT Ponting,A Symonds,AY Karim,0,0,,,,,,lbw,RT Ponting
ball,2,15.6,Australia,DS Lehmann,A Symonds,AY Karim,0,0,,,,,,"",""
ball,2,16.1,Australia,A Symonds,DS Lehmann,CO Obuya,1,0,,,,,,"",""
ball,2,16.2,Australia,DS Lehmann,A Symonds,CO Obuya,0,4,,,4,,,"",""
ball,2,16.3,Australia,DS Lehmann,A Symonds,CO Obuya,1,0,,,,,,"",""
ball,2,16.4,Australia,A Symonds,DS Lehmann,CO Obuya,0,0,,,,,,"",""
ball,2,16.5,Australia,A Symonds,DS Lehmann,CO Obuya,1,0,,,,,,"",""
ball,2,16.6,Australia,DS Lehmann,A Symonds,CO Obuya,1,0,,,,,,"",""
ball,2,17.1,Australia,DS Lehmann,A Symonds,AY Karim,0,0,,,,,,"",""
ball,2,17.2,Australia,DS Lehmann,A Symonds,AY Karim,0,0,,,,,,"",""
ball,2,17.3,Australia,DS Lehmann,A Symonds,AY Karim,0,0,,,,,,caught,DS Lehmann
ball,2,17.4,Australia,GB Hogg,A Symonds,AY Karim,0,0,,,,,,"",""
ball,2,17.5,Australia,GB Hogg,A Symonds,AY Karim,0,0,,,,,,"",""
ball,2,17.6,Australia,GB Hogg,A Symonds,AY Karim,0,0,,,,,,caught and bowled,GB Hogg
ball,2,18.1,Australia,A Symonds,IJ Harvey,CO Obuya,1,0,,,,,,"",""
ball,2,18.2,Australia,IJ Harvey,A Symonds,CO Obuya,0,0,,,,,,"",""
ball,2,18.3,Australia,IJ Harvey,A Symonds,CO Obuya,0,0,,,,,,"",""
ball,2,18.4,Australia,IJ Harvey,A Symonds,CO Obuya,0,0,,,,,,"",""
ball,2,18.5,Australia,IJ Harvey,A Symonds,CO Obuya,0,0,,,,,,"",""
ball,2,18.6,Australia,IJ Harvey,A Symonds,CO Obuya,4,0,,,,,,"",""
ball,2,19.1,Australia,A Symonds,IJ Harvey,AY Karim,1,0,,,,,,"",""
ball,2,19.2,Australia,IJ Harvey,A Symonds,AY Karim,0,0,,,,,,"",""
ball,2,19.3,Australia,IJ Harvey,A Symonds,AY Karim,0,0,,,,,,"",""
ball,2,19.4,Australia,IJ Harvey,A Symonds,AY Karim,0,0,,,,,,"",""
ball,2,19.5,Australia,IJ Harvey,A Symonds,AY Karim,0,0,,,,,,"",""
ball,2,19.6,Australia,IJ Harvey,A Symonds,AY Karim,0,0,,,,,,"",""
ball,2,20.1,Australia,A Symonds,IJ Harvey,CO Obuya,0,0,,,,,,"",""
ball,2,20.2,Australia,A Symonds,IJ Harvey,CO Obuya,0,0,,,,,,"",""
ball,2,20.3,Australia,A Symonds,IJ Harvey,CO Obuya,4,0,,,,,,"",""
ball,2,20.4,Australia,A Symonds,IJ Harvey,CO Obuya,4,0,,,,,,"",""
ball,2,20.5,Australia,A Symonds,IJ Harvey,CO Obuya,0,0,,,,,,"",""
ball,2,20.6,Australia,A Symonds,IJ Harvey,CO Obuya,0,0,,,,,,"",""
ball,2,21.1,Australia,IJ Harvey,A Symonds,AY Karim,1,0,,,,,,"",""
ball,2,21.2,Australia,A Symonds,IJ Harvey,AY Karim,0,0,,,,,,"",""
ball,2,21.3,Australia,A Symonds,IJ Harvey,AY Karim,0,0,,,,,,"",""
ball,2,21.4,Australia,A Symonds,IJ Harvey,AY Karim,0,0,,,,,,"",""
ball,2,21.5,Australia,A Symonds,IJ Harvey,AY Karim,0,0,,,,,,"",""
ball,2,21.6,Australia,A Symonds,IJ Harvey,AY Karim,0,0,,,,,,"",""
ball,2,22.1,Australia,IJ Harvey,A Symonds,CO Obuya,4,0,,,,,,"",""
ball,2,22.2,Australia,IJ Harvey,A Symonds,CO Obuya,2,0,,,,,,"",""
ball,2,22.3,Australia,IJ Harvey,A Symonds,CO Obuya,0,0,,,,,,"",""
ball,2,22.4,Australia,IJ Harvey,A Symonds,CO Obuya,0,0,,,,,,"",""
ball,2,22.5,Australia,IJ Harvey,A Symonds,CO Obuya,1,0,,,,,,"",""
ball,2,22.6,Australia,A Symonds,IJ Harvey,CO Obuya,6,0,,,,,,"",""
ball,2,23.1,Australia,IJ Harvey,A Symonds,AY Karim,0,0,,,,,,"",""
ball,2,23.2,Australia,IJ Harvey,A Symonds,AY Karim,0,0,,,,,,"",""
ball,2,23.3,Australia,IJ Harvey,A Symonds,AY Karim,0,0,,,,,,"",""
ball,2,23.4,Australia,IJ Harvey,A Symonds,AY Karim,0,0,,,,,,"",""
ball,2,23.5,Australia,IJ Harvey,A Symonds,AY Karim,0,0,,,,,,"",""
ball,2,23.6,Australia,IJ Harvey,A Symonds,AY Karim,0,0,,,,,,"",""
ball,2,24.1,Australia,A Symonds,IJ Harvey,CO Obuya,0,0,,,,,,"",""
ball,2,24.2,Australia,A Symonds,IJ Harvey,CO Obuya,4,0,,,,,,"",""
ball,2,24.3,Australia,A Symonds,IJ Harvey,CO Obuya,0,0,,,,,,"",""
ball,2,24.4,Australia,A Symonds,IJ Harvey,CO Obuya,0,0,,,,,,"",""
ball,2,24.5,Australia,A Symonds,IJ Harvey,CO Obuya,0,0,,,,,,"",""
ball,2,24.6,Australia,A Symonds,IJ Harvey,CO Obuya,4,0,,,,,,"",""
ball,2,25.1,Australia,IJ Harvey,A Symonds,AY Karim,0,0,,,,,,"",""
ball,2,25.2,Australia,IJ Harvey,A Symonds,AY Karim,0,0,,,,,,"",""
ball,2,25.3,Australia,IJ Harvey,A Symonds,AY Karim,0,0,,,,,,"",""
ball,2,25.4,Australia,IJ Harvey,A Symonds,AY Karim,0,0,,,,,,"",""
ball,2,25.5,Australia,IJ Harvey,A Symonds,AY Karim,0,0,,,,,,"",""
ball,2,25.6,Australia,IJ Harvey,A Symonds,AY Karim,0,0,,,,,,"",""
ball,2,26.1,Australia,A Symonds,IJ Harvey,PJ Ongondo,0,1,1,,,,,"",""
ball,2,26.2,Australia,A Symonds,IJ Harvey,PJ Ongondo,0,0,,,,,,"",""
ball,2,26.3,Australia,A Symonds,IJ Harvey,PJ Ongondo,0,0,,,,,,"",""
ball,2,26.4,Australia,A Symonds,IJ Harvey,PJ Ongondo,4,0,,,,,,"",""
ball,2,26.5,Australia,A Symonds,IJ Harvey,PJ Ongondo,0,0,,,,,,"",""
ball,2,26.6,Australia,A Symonds,IJ Harvey,PJ Ongondo,0,1,,1,,,,"",""
ball,2,26.7,Australia,A Symonds,IJ Harvey,PJ Ongondo,0,2,2,,,,,"",""
ball,2,26.8,Australia,IJ Harvey,A Symonds,PJ Ongondo,0,0,,,,,,"",""
ball,2,26.9,Australia,IJ Harvey,A Symonds,PJ Ongondo,4,0,,,,,,"",""
ball,2,27.1,Australia,A Symonds,IJ Harvey,AY Karim,0,0,,,,,,"",""
ball,2,27.2,Australia,A Symonds,IJ Harvey,AY Karim,0,0,,,,,,"",""
ball,2,27.3,Australia,A Symonds,IJ Harvey,AY Karim,0,0,,,,,,"",""
ball,2,27.4,Australia,A Symonds,IJ Harvey,AY Karim,0,0,,,,,,"",""
ball,2,27.5,Australia,A Symonds,IJ Harvey,AY Karim,0,0,,,,,,"",""
ball,2,27.6,Australia,A Symonds,IJ Harvey,AY Karim,0,0,,,,,,"",""
ball,2,28.1,Australia,IJ Harvey,A Symonds,PJ Ongondo,2,0,,,,,,"",""
ball,2,28.2,Australia,IJ Harvey,A Symonds,PJ Ongondo,0,0,,,,,,"",""
ball,2,28.3,Australia,IJ Harvey,A Symonds,PJ Ongondo,0,0,,,,,,"",""
ball,2,28.4,Australia,IJ Harvey,A Symonds,PJ Ongondo,0,0,,,,,,"",""
ball,2,28.5,Australia,IJ Harvey,A Symonds,PJ Ongondo,0,0,,,,,,"",""
ball,2,28.6,Australia,IJ Harvey,A Symonds,PJ Ongondo,4,0,,,,,,"",""
ball,2,29.1,Australia,A Symonds,IJ Harvey,AY Karim,0,0,,,,,,"",""
ball,2,29.2,Australia,A Symonds,IJ Harvey,AY Karim,0,0,,,,,,"",""
ball,2,29.3,Australia,A Symonds,IJ Harvey,AY Karim,0,0,,,,,,"",""
ball,2,29.4,Australia,A Symonds,IJ Harvey,AY Karim,0,0,,,,,,"",""
ball,2,29.5,Australia,A Symonds,IJ Harvey,AY Karim,0,0,,,,,,"",""
ball,2,29.6,Australia,A Symonds,IJ Harvey,AY Karim,0,0,,,,,,"",""
ball,2,30.1,Australia,IJ Harvey,A Symonds,PJ Ongondo,0,0,,,,,,"",""
ball,2,30.2,Australia,IJ Harvey,A Symonds,PJ Ongondo,0,0,,,,,,"",""
ball,2,30.3,Australia,IJ Harvey,A Symonds,PJ Ongondo,0,0,,,,,,"",""
ball,2,30.4,Australia,IJ Harvey,A Symonds,PJ Ongondo,0,0,,,,,,"",""
ball,2,30.5,Australia,IJ Harvey,A Symonds,PJ Ongondo,0,0,,,,,,"",""
ball,2,30.6,Australia,IJ Harvey,A Symonds,PJ Ongondo,2,0,,,,,,"",""
ball,2,31.1,Australia,A Symonds,IJ Harvey,AY Karim,1,0,,,,,,"",""
ball,2,31.2,Australia,IJ Harvey,A Symonds,AY Karim,4,0,,,,,,"",""
