version,1.7.0
info,balls_per_over,6
info,team,Zimbabwe
info,team,Kenya
info,gender,male
info,season,2002/03
info,date,2003/03/12
info,event,ICC World Cup
info,venue,"Goodyear Park, Bloemfontein"
info,city,Bloemfontein
info,toss_winner,Zimbabwe
info,toss_decision,bat
info,player_of_match,MA Suji
info,umpire,Aleem Dar
info,umpire,S Venkataraghavan
info,tv_umpire,BF Bowden
info,match_referee,Wasim Raja
info,winner,Kenya
info,winner_wickets,7
info,player,Zimbabwe,CB Wishart
info,player,Zimbabwe,ADR Campbell
info,player,Zimbabwe,A Flower
info,player,Zimbabwe,GW Flower
info,player,Zimbabwe,T Taibu
info,player,Zimbabwe,DD Ebrahim
info,player,Zimbabwe,AM Blignaut
info,player,Zimbabwe,HH Streak
info,player,Zimbabwe,DA Marillier
info,player,Zimbabwe,HK Olonga
info,player,Zimbabwe,DT Hondo
info,player,Kenya,KO Otieno
info,player,Kenya,RD Shah
info,player,Kenya,SO Tikolo
info,player,Kenya,TM Odoyo
info,player,Kenya,MO Odumbe
info,player,Kenya,HS Modi
info,player,Kenya,CO Obuya
info,player,Kenya,AO Suji
info,player,Kenya,MA Suji
info,player,Kenya,PJ Ongondo
info,player,Kenya,AY Karim
info,registry,people,A Flower,35aa26af
info,registry,people,ADR Campbell,134ba8ae
info,registry,people,AM Blignaut,80ec5dfd
info,registry,people,AO Suji,b15eaf77
info,registry,people,AY Karim,74d92a39
info,registry,people,Aleem Dar,f02778d1
info,registry,people,BF Bowden,efc0a862
info,registry,people,CB Wishart,8319b9ea
info,registry,people,CO Obuya,5680f1ad
info,registry,people,DA Marillier,656202a7
info,registry,people,DD Ebrahim,b590a4d8
info,registry,people,DT Hondo,7fe5deb8
info,registry,people,GW Flower,348195ea
info,registry,people,HH Streak,37f501d7
info,registry,people,HK Olonga,7f82b4fb
info,registry,people,HS Modi,5abdfd23
info,registry,people,KO Otieno,fbaa61d2
info,registry,people,MA Suji,331bd689
info,registry,people,MO Odumbe,45477249
info,registry,people,PJ Ongondo,27cc4361
info,registry,people,RD Shah,45d4cb14
info,registry,people,S Venkataraghavan,12453319
info,registry,people,SO Tikolo,00d69fa4
info,registry,people,T Taibu,75de770f
info,registry,people,TM Odoyo,2c13defe
info,registry,people,Wasim Raja,d8bce357
ball,1,0.1,Zimbabwe,CB Wishart,ADR Campbell,MA Suji,0,0,,,,,,"",""
ball,1,0.2,Zimbabwe,CB Wishart,ADR Campbell,MA Suji,0,0,,,,,,"",""
ball,1,0.3,Zimbabwe,CB Wishart,ADR Campbell,MA Suji,5,0,,,,,,"",""
ball,1,0.4,Zimbabwe,ADR Campbell,CB Wishart,MA Suji,1,0,,,,,,"",""
ball,1,0.5,Zimbabwe,CB Wishart,ADR Campbell,MA Suji,0,0,,,,,,"",""
ball,1,0.6,Zimbabwe,CB Wishart,ADR Campbell,MA Suji,0,0,,,,,,"",""
ball,1,1.1,Zimbabwe,ADR Campbell,CB Wishart,TM Odoyo,2,0,,,,,,"",""
ball,1,1.2,Zimbabwe,ADR Campbell,CB Wishart,TM Odoyo,0,0,,,,,,"",""
ball,1,1.3,Zimbabwe,ADR Campbell,CB Wishart,TM Odoyo,0,0,,,,,,"",""
ball,1,1.4,Zimbabwe,ADR Campbell,CB Wishart,TM Odoyo,0,0,,,,,,"",""
ball,1,1.5,Zimbabwe,ADR Campbell,CB Wishart,TM Odoyo,0,0,,,,,,"",""
ball,1,1.6,Zimbabwe,ADR Campbell,CB Wishart,TM Odoyo,0,0,,,,,,"",""
ball,1,2.1,Zimbabwe,CB Wishart,ADR Campbell,MA Suji,0,0,,,,,,"",""
ball,1,2.2,Zimbabwe,CB Wishart,ADR Campbell,MA Suji,0,0,,,,,,caught,CB Wishart
ball,1,2.3,Zimbabwe,A Flower,ADR Campbell,MA Suji,0,0,,,,,,"",""
ball,1,2.4,Zimbabwe,A Flower,ADR Campbell,MA Suji,0,0,,,,,,"",""
ball,1,2.5,Zimbabwe,A Flower,ADR Campbell,MA Suji,0,0,,,,,,"",""
ball,1,2.6,Zimbabwe,A Flower,ADR Campbell,MA Suji,0,0,,,,,,"",""
ball,1,3.1,Zimbabwe,ADR Campbell,A Flower,TM Odoyo,0,0,,,,,,"",""
ball,1,3.2,Zimbabwe,ADR Campbell,A Flower,TM Odoyo,0,0,,,,,,"",""
ball,1,3.3,Zimbabwe,ADR Campbell,A Flower,TM Odoyo,0,0,,,,,,"",""
ball,1,3.4,Zimbabwe,ADR Campbell,A Flower,TM Odoyo,0,0,,,,,,"",""
ball,1,3.5,Zimbabwe,ADR Campbell,A Flower,TM Odoyo,0,1,,1,,,,"",""
ball,1,3.6,Zimbabwe,ADR Campbell,A Flower,TM Odoyo,0,0,,,,,,"",""
ball,1,3.7,Zimbabwe,ADR Campbell,A Flower,TM Odoyo,0,0,,,,,,"",""
ball,1,4.1,Zimbabwe,A Flower,ADR Campbell,MA Suji,0,0,,,,,,"",""
ball,1,4.2,Zimbabwe,A Flower,ADR Campbell,MA Suji,0,0,,,,,,"",""
ball,1,4.3,Zimbabwe,A Flower,ADR Campbell,MA Suji,0,0,,,,,,"",""
ball,1,4.4,Zimbabwe,A Flower,ADR Campbell,MA Suji,2,0,,,,,,"",""
ball,1,4.5,Zimbabwe,A Flower,ADR Campbell,MA Suji,0,0,,,,,,"",""
ball,1,4.6,Zimbabwe,A Flower,ADR Campbell,MA Suji,0,0,,,,,,"",""
ball,1,5.1,Zimbabwe,ADR Campbell,A Flower,TM Odoyo,0,0,,,,,,"",""
ball,1,5.2,Zimbabwe,ADR Campbell,A Flower,TM Odoyo,1,0,,,,,,"",""
ball,1,5.3,Zimbabwe,A Flower,ADR Campbell,TM Odoyo,0,0,,,,,,"",""
ball,1,5.4,Zimbabwe,A Flower,ADR Campbell,TM Odoyo,0,0,,,,,,"",""
ball,1,5.5,Zimbabwe,A Flower,ADR Campbell,TM Odoyo,0,0,,,,,,"",""
ball,1,5.6,Zimbabwe,A Flower,ADR Campbell,TM Odoyo,0,0,,,,,,"",""
ball,1,6.1,Zimbabwe,ADR Campbell,A Flower,MA Suji,0,0,,,,,,"",""
ball,1,6.2,Zimbabwe,ADR Campbell,A Flower,MA Suji,1,0,,,,,,"",""
ball,1,6.3,Zimbabwe,A Flower,ADR Campbell,MA Suji,1,0,,,,,,"",""
ball,1,6.4,Zimbabwe,ADR Campbell,A Flower,MA Suji,0,0,,,,,,"",""
ball,1,6.5,Zimbabwe,ADR Campbell,A Flower,MA Suji,0,1,,,,1,,"",""
ball,1,6.6,Zimbabwe,A Flower,ADR Campbell,MA Suji,4,0,,,,,,"",""
ball,1,7.1,Zimbabwe,ADR Campbell,A Flower,TM Odoyo,0,0,,,,,,"",""
ball,1,7.2,Zimbabwe,ADR Campbell,A Flower,TM Odoyo,0,0,,,,,,"",""
ball,1,7.3,Zimbabwe,ADR Campbell,A Flower,TM Odoyo,1,0,,,,,,"",""
ball,1,7.4,Zimbabwe,A Flower,ADR Campbell,TM Odoyo,4,0,,,,,,"",""
ball,1,7.5,Zimbabwe,A Flower,ADR Campbell,TM Odoyo,1,0,,,,,,"",""
ball,1,7.6,Zimbabwe,ADR Campbell,A Flower,TM Odoyo,1,0,,,,,,"",""
ball,1,8.1,Zimbabwe,ADR Campbell,A Flower,MA Suji,0,0,,,,,,lbw,ADR Campbell
ball,1,8.2,Zimbabwe,GW Flower,A Flower,MA Suji,1,0,,,,,,"",""
ball,1,8.3,Zimbabwe,A Flower,GW Flower,MA Suji,0,0,,,,,,"",""
ball,1,8.4,Zimbabwe,A Flower,GW Flower,MA Suji,0,0,,,,,,"",""
ball,1,8.5,Zimbabwe,A Flower,GW Flower,MA Suji,0,1,1,,,,,"",""
ball,1,8.6,Zimbabwe,A Flower,GW Flower,MA Suji,0,0,,,,,,"",""
ball,1,8.7,Zimbabwe,A Flower,GW Flower,MA Suji,0,0,,,,,,"",""
ball,1,9.1,Zimbabwe,GW Flower,A Flower,TM Odoyo,1,0,,,,,,"",""
ball,1,9.2,Zimbabwe,A Flower,GW Flower,TM Odoyo,1,0,,,,,,"",""
ball,1,9.3,Zimbabwe,GW Flower,A Flower,TM Odoyo,0,0,,,,,,"",""
ball,1,9.4,Zimbabwe,GW Flower,A Flower,TM Odoyo,0,0,,,,,,"",""
ball,1,9.5,Zimbabwe,GW Flower,A Flower,TM Odoyo,0,0,,,,,,"",""
ball,1,9.6,Zimbabwe,GW Flower,A Flower,TM Odoyo,4,0,,,,,,"",""
ball,1,10.1,Zimbabwe,A Flower,GW Flower,MA Suji,0,0,,,,,,"",""
ball,1,10.2,Zimbabwe,A Flower,GW Flower,MA Suji,1,0,,,,,,"",""
ball,1,10.3,Zimbabwe,GW Flower,A Flower,MA Suji,0,0,,,,,,"",""
ball,1,10.4,Zimbabwe,GW Flower,A Flower,MA Suji,0,0,,,,,,"",""
ball,1,10.5,Zimbabwe,GW Flower,A Flower,MA Suji,0,0,,,,,,"",""
ball,1,10.6,Zimbabwe,GW Flower,A Flower,MA Suji,0,0,,,,,,"",""
ball,1,11.1,Zimbabwe,A Flower,GW Flower,TM Odoyo,2,0,,,,,,"",""
ball,1,11.2,Zimbabwe,A Flower,GW Flower,TM Odoyo,2,0,,,,,,"",""
ball,1,11.3,Zimbabwe,A Flower,GW Flower,TM Odoyo,2,0,,,,,,"",""
ball,1,11.4,Zimbabwe,A Flower,GW Flower,TM Odoyo,0,0,,,,,,"",""
ball,1,11.5,Zimbabwe,A Flower,GW Flower,TM Odoyo,0,0,,,,,,"",""
ball,1,11.6,Zimbabwe,A Flower,GW Flower,TM Odoyo,2,0,,,,,,"",""
ball,1,12.1,Zimbabwe,GW Flower,A Flower,MA Suji,1,0,,,,,,"",""
ball,1,12.2,Zimbabwe,A Flower,GW Flower,MA Suji,0,0,,,,,,"",""
ball,1,12.3,Zimbabwe,A Flower,GW Flower,MA Suji,0,0,,,,,,"",""
ball,1,12.4,Zimbabwe,A Flower,GW Flower,MA Suji,0,0,,,,,,"",""
ball,1,12.5,Zimbabwe,A Flower,GW Flower,MA Suji,0,0,,,,,,"",""
ball,1,12.6,Zimbabwe,A Flower,GW Flower,MA Suji,1,0,,,,,,"",""
ball,1,13.1,Zimbabwe,A Flower,GW Flower,PJ Ongondo,0,0,,,,,,"",""
ball,1,13.2,Zimbabwe,A Flower,GW Flower,PJ Ongondo,0,0,,,,,,"",""
ball,1,13.3,Zimbabwe,A Flower,GW Flower,PJ Ongondo,0,0,,,,,,"",""
ball,1,13.4,Zimbabwe,A Flower,GW Flower,PJ Ongondo,0,0,,,,,,"",""
ball,1,13.5,Zimbabwe,A Flower,GW Flower,PJ Ongondo,0,0,,,,,,"",""
ball,1,13.6,Zimbabwe,A Flower,GW Flower,PJ Ongondo,0,0,,,,,,"",""
ball,1,14.1,Zimbabwe,GW Flower,A Flower,MA Suji,0,0,,,,,,"",""
ball,1,14.2,Zimbabwe,GW Flower,A Flower,MA Suji,0,0,,,,,,"",""
ball,1,14.3,Zimbabwe,GW Flower,A Flower,MA Suji,0,0,,,,,,"",""
ball,1,14.4,Zimbabwe,GW Flower,A Flower,MA Suji,0,0,,,,,,caught,GW Flower
ball,1,14.5,Zimbabwe,T Taibu,A Flower,MA Suji,0,0,,,,,,"",""
ball,1,14.6,Zimbabwe,T Taibu,A Flower,MA Suji,0,0,,,,,,"",""
ball,1,15.1,Zimbabwe,A Flower,T Taibu,PJ Ongondo,1,0,,,,,,"",""
ball,1,15.2,Zimbabwe,T Taibu,A Flower,PJ Ongondo,0,0,,,,,,"",""
ball,1,15.3,Zimbabwe,T Taibu,A Flower,PJ Ongondo,0,0,,,,,,"",""
ball,1,15.4,Zimbabwe,T Taibu,A Flower,PJ Ongondo,0,0,,,,,,"",""
ball,1,15.5,Zimbabwe,T Taibu,A Flower,PJ Ongondo,0,0,,,,,,"",""
ball,1,15.6,Zimbabwe,T Taibu,A Flower,PJ Ongondo,0,0,,,,,,"",""
ball,1,16.1,Zimbabwe,A Flower,T Taibu,TM Odoyo,0,0,,,,,,"",""
ball,1,16.2,Zimbabwe,A Flower,T Taibu,TM Odoyo,0,0,,,,,,"",""
ball,1,16.3,Zimbabwe,A Flower,T Taibu,TM Odoyo,1,0,,,,,,"",""
ball,1,16.4,Zimbabwe,T Taibu,A Flower,TM Odoyo,1,0,,,,,,"",""
ball,1,16.5,Zimbabwe,A Flower,T Taibu,TM Odoyo,4,0,,,,,,"",""
ball,1,16.6,Zimbabwe,A Flower,T Taibu,TM Odoyo,1,0,,,,,,"",""
ball,1,17.1,Zimbabwe,A Flower,T Taibu,PJ Ongondo,0,0,,,,,,"",""
ball,1,17.2,Zimbabwe,A Flower,T Taibu,PJ Ongondo,0,0,,,,,,"",""
ball,1,17.3,Zimbabwe,A Flower,T Taibu,PJ Ongondo,0,0,,,,,,"",""
ball,1,17.4,Zimbabwe,A Flower,T Taibu,PJ Ongondo,0,0,,,,,,"",""
ball,1,17.5,Zimbabwe,A Flower,T Taibu,PJ Ongondo,0,0,,,,,,"",""
ball,1,17.6,Zimbabwe,A Flower,T Taibu,PJ Ongondo,0,0,,,,,,"",""
ball,1,18.1,Zimbabwe,T Taibu,A Flower,TM Odoyo,0,0,,,,,,"",""
ball,1,18.2,Zimbabwe,T Taibu,A Flower,TM Odoyo,0,0,,,,,,"",""
ball,1,18.3,Zimbabwe,T Taibu,A Flower,TM Odoyo,0,1,1,,,,,"",""
ball,1,18.4,Zimbabwe,T Taibu,A Flower,TM Odoyo,0,0,,,,,,"",""
ball,1,18.5,Zimbabwe,T Taibu,A Flower,TM Odoyo,2,0,,,,,,"",""
ball,1,18.6,Zimbabwe,T Taibu,A Flower,TM Odoyo,0,0,,,,,,"",""
ball,1,18.7,Zimbabwe,T Taibu,A Flower,TM Odoyo,0,0,,,,,,"",""
ball,1,19.1,Zimbabwe,A Flower,T Taibu,PJ Ongondo,0,0,,,,,,"",""
ball,1,19.2,Zimbabwe,A Flower,T Taibu,PJ Ongondo,0,0,,,,,,"",""
ball,1,19.3,Zimbabwe,A Flower,T Taibu,PJ Ongondo,2,0,,,,,,"",""
ball,1,19.4,Zimbabwe,A Flower,T Taibu,PJ Ongondo,2,0,,,,,,"",""
ball,1,19.5,Zimbabwe,A Flower,T Taibu,PJ Ongondo,4,0,,,,,,"",""
ball,1,19.6,Zimbabwe,A Flower,T Taibu,PJ Ongondo,1,0,,,,,,"",""
ball,1,20.1,Zimbabwe,A Flower,T Taibu,CO Obuya,1,0,,,,,,"",""
ball,1,20.2,Zimbabwe,T Taibu,A Flower,CO Obuya,0,0,,,,,,"",""
ball,1,20.3,Zimbabwe,T Taibu,A Flower,CO Obuya,0,0,,,,,,"",""
ball,1,20.4,Zimbabwe,T Taibu,A Flower,CO Obuya,0,0,,,,,,"",""
ball,1,20.5,Zimbabwe,T Taibu,A Flower,CO Obuya,0,0,,,,,,caught,T Taibu
ball,1,20.6,Zimbabwe,DD Ebrahim,A Flower,CO Obuya,0,0,,,,,,"",""
ball,1,21.1,Zimbabwe,A Flower,DD Ebrahim,PJ Ongondo,1,0,,,,,,"",""
ball,1,21.2,Zimbabwe,DD Ebrahim,A Flower,PJ Ongondo,0,0,,,,,,"",""
ball,1,21.3,Zimbabwe,DD Ebrahim,A Flower,PJ Ongondo,0,0,,,,,,"",""
ball,1,21.4,Zimbabwe,DD Ebrahim,A Flower,PJ Ongondo,0,0,,,,,,"",""
ball,1,21.5,Zimbabwe,DD Ebrahim,A Flower,PJ Ongondo,0,1,1,,,,,"",""
ball,1,21.6,Zimbabwe,DD Ebrahim,A Flower,PJ Ongondo,0,0,,,,,,"",""
ball,1,21.7,Zimbabwe,DD Ebrahim,A Flower,PJ Ongondo,4,0,,,,,,"",""
ball,1,22.1,Zimbabwe,A Flower,DD Ebrahim,CO Obuya,0,0,,,,,,"",""
ball,1,22.2,Zimbabwe,A Flower,DD Ebrahim,CO Obuya,1,0,,,,,,"",""
ball,1,22.3,Zimbabwe,DD Ebrahim,A Flower,CO Obuya,0,0,,,,,,"",""
ball,1,22.4,Zimbabwe,DD Ebrahim,A Flower,CO Obuya,2,0,,,,,,"",""
ball,1,22.5,Zimbabwe,DD Ebrahim,A Flower,CO Obuya,1,0,,,,,,"",""
ball,1,22.6,Zimbabwe,A Flower,DD Ebrahim,CO Obuya,0,0,,,,,,"",""
ball,1,23.1,Zimbabwe,DD Ebrahim,A Flower,AY Karim,0,0,,,,,,"",""
ball,1,23.2,Zimbabwe,DD Ebrahim,A Flower,AY Karim,0,0,,,,,,"",""
ball,1,23.3,Zimbabwe,DD Ebrahim,A Flower,AY Karim,0,0,,,,,,"",""
ball,1,23.4,Zimbabwe,DD Ebrahim,A Flower,AY Karim,0,0,,,,,,"",""
ball,1,23.5,Zimbabwe,DD Ebrahim,A Flower,AY Karim,2,0,,,,,,"",""
ball,1,23.6,Zimbabwe,DD Ebrahim,A Flower,AY Karim,0,0,,,,,,"",""
ball,1,24.1,Zimbabwe,A Flower,DD Ebrahim,CO Obuya,0,0,,,,,,"",""
ball,1,24.2,Zimbabwe,A Flower,DD Ebrahim,CO Obuya,0,0,,,,,,"",""
ball,1,24.3,Zimbabwe,A Flower,DD Ebrahim,CO Obuya,1,0,,,,,,"",""
ball,1,24.4,Zimbabwe,DD Ebrahim,A Flower,CO Obuya,2,0,,,,,,"",""
ball,1,24.5,Zimbabwe,DD Ebrahim,A Flower,CO Obuya,0,0,,,,,,"",""
ball,1,24.6,Zimbabwe,DD Ebrahim,A Flower,CO Obuya,1,0,,,,,,"",""
ball,1,25.1,Zimbabwe,DD Ebrahim,A Flower,AY Karim,0,0,,,,,,"",""
ball,1,25.2,Zimbabwe,DD Ebrahim,A Flower,AY Karim,0,0,,,,,,"",""
ball,1,25.3,Zimbabwe,DD Ebrahim,A Flower,AY Karim,1,0,,,,,,"",""
ball,1,25.4,Zimbabwe,A Flower,DD Ebrahim,AY Karim,1,0,,,,,,"",""
ball,1,25.5,Zimbabwe,DD Ebrahim,A Flower,AY Karim,0,0,,,,,,"",""
ball,1,25.6,Zimbabwe,DD Ebrahim,A Flower,AY Karim,0,0,,,,,,"",""
ball,1,26.1,Zimbabwe,A Flower,DD Ebrahim,CO Obuya,1,0,,,,,,"",""
ball,1,26.2,Zimbabwe,DD Ebrahim,A Flower,CO Obuya,0,0,,,,,,stumped,DD Ebrahim
ball,1,26.3,Zimbabwe,AM Blignaut,A Flower,CO Obuya,0,0,,,,,,"",""
ball,1,26.4,Zimbabwe,AM Blignaut,A Flower,CO Obuya,0,0,,,,,,"",""
ball,1,26.5,Zimbabwe,AM Blignaut,A Flower,CO Obuya,0,0,,,,,,"",""
ball,1,26.6,Zimbabwe,AM Blignaut,A Flower,CO Obuya,1,0,,,,,,"",""
ball,1,27.1,Zimbabwe,AM Blignaut,A Flower,AY Karim,1,0,,,,,,"",""
ball,1,27.2,Zimbabwe,A Flower,AM Blignaut,AY Karim,0,0,,,,,,"",""
ball,1,27.3,Zimbabwe,A Flower,AM Blignaut,AY Karim,1,0,,,,,,"",""
ball,1,27.4,Zimbabwe,AM Blignaut,A Flower,AY Karim,1,0,,,,,,"",""
ball,1,27.5,Zimbabwe,A Flower,AM Blignaut,AY Karim,1,0,,,,,,"",""
ball,1,27.6,Zimbabwe,AM Blignaut,A Flower,AY Karim,0,0,,,,,,"",""
ball,1,28.1,Zimbabwe,A Flower,AM Blignaut,CO Obuya,4,0,,,,,,"",""
ball,1,28.2,Zimbabwe,A Flower,AM Blignaut,CO Obuya,0,0,,,,,,"",""
ball,1,28.3,Zimbabwe,A Flower,AM Blignaut,CO Obuya,0,0,,,,,,"",""
ball,1,28.4,Zimbabwe,A Flower,AM Blignaut,CO Obuya,0,0,,,,,,"",""
ball,1,28.5,Zimbabwe,A Flower,AM Blignaut,CO Obuya,0,0,,,,,,"",""
ball,1,28.6,Zimbabwe,A Flower,AM Blignaut,CO Obuya,0,0,,,,,,"",""
ball,1,29.1,Zimbabwe,AM Blignaut,A Flower,AY Karim,1,0,,,,,,"",""
ball,1,29.2,Zimbabwe,A Flower,AM Blignaut,AY Karim,0,0,,,,,,run out,AM Blignaut
ball,1,29.3,Zimbabwe,A Flower,HH Streak,AY Karim,0,0,,,,,,"",""
ball,1,29.4,Zimbabwe,A Flower,HH Streak,AY Karim,0,0,,,,,,"",""
ball,1,29.5,Zimbabwe,A Flower,HH Streak,AY Karim,0,0,,,,,,"",""
ball,1,29.6,Zimbabwe,A Flower,HH Streak,AY Karim,1,0,,,,,,"",""
ball,1,30.1,Zimbabwe,A Flower,HH Streak,CO Obuya,1,0,,,,,,"",""
ball,1,30.2,Zimbabwe,HH Streak,A Flower,CO Obuya,0,0,,,,,,"",""
ball,1,30.3,Zimbabwe,HH Streak,A Flower,CO Obuya,0,0,,,,,,"",""
ball,1,30.4,Zimbabwe,HH Streak,A Flower,CO Obuya,0,0,,,,,,"",""
ball,1,30.5,Zimbabwe,HH Streak,A Flower,CO Obuya,0,0,,,,,,caught,HH Streak
ball,1,30.6,Zimbabwe,DA Marillier,A Flower,CO Obuya,0,0,,,,,,"",""
ball,1,31.1,Zimbabwe,A Flower,DA Marillier,AY Karim,1,0,,,,,,"",""
ball,1,31.2,Zimbabwe,DA Marillier,A Flower,AY Karim,1,0,,,,,,"",""
ball,1,31.3,Zimbabwe,A Flower,DA Marillier,AY Karim,1,0,,,,,,"",""
ball,1,31.4,Zimbabwe,DA Marillier,A Flower,AY Karim,1,0,,,,,,"",""
ball,1,31.5,Zimbabwe,A Flower,DA Marillier,AY Karim,1,0,,,,,,"",""
ball,1,31.6,Zimbabwe,DA Marillier,A Flower,AY Karim,0,0,,,,,,"",""
ball,1,32.1,Zimbabwe,A Flower,DA Marillier,CO Obuya,0,0,,,,,,"",""
ball,1,32.2,Zimbabwe,A Flower,DA Marillier,CO Obuya,1,0,,,,,,"",""
ball,1,32.3,Zimbabwe,DA Marillier,A Flower,CO Obuya,0,0,,,,,,"",""
ball,1,32.4,Zimbabwe,DA Marillier,A Flower,CO Obuya,0,0,,,,,,"",""
ball,1,32.5,Zimbabwe,DA Marillier,A Flower,CO Obuya,1,0,,,,,,"",""
ball,1,32.6,Zimbabwe,A Flower,DA Marillier,CO Obuya,0,0,,,,,,"",""
ball,1,33.1,Zimbabwe,DA Marillier,A Flower,TM Odoyo,1,0,,,,,,"",""
ball,1,33.2,Zimbabwe,A Flower,DA Marillier,TM Odoyo,0,0,,,,,,"",""
ball,1,33.3,Zimbabwe,A Flower,DA Marillier,TM Odoyo,0,0,,,,,,"",""
ball,1,33.4,Zimbabwe,A Flower,DA Marillier,TM Odoyo,0,0,,,,,,"",""
ball,1,33.5,Zimbabwe,A Flower,DA Marillier,TM Odoyo,0,1,,1,,,,"",""
ball,1,33.6,Zimbabwe,A Flower,DA Marillier,TM Odoyo,1,0,,,,,,"",""
ball,1,33.7,Zimbabwe,DA Marillier,A Flower,TM Odoyo,0,0,,,,,,"",""
ball,1,34.1,Zimbabwe,A Flower,DA Marillier,CO Obuya,1,0,,,,,,"",""
ball,1,34.2,Zimbabwe,DA Marillier,A Flower,CO Obuya,1,0,,,,,,"",""
ball,1,34.3,Zimbabwe,A Flower,DA Marillier,CO Obuya,3,0,,,,,,"",""
ball,1,34.4,Zimbabwe,DA Marillier,A Flower,CO Obuya,1,0,,,,,,"",""
ball,1,34.5,Zimbabwe,A Flower,DA Marillier,CO Obuya,1,0,,,,,,"",""
ball,1,34.6,Zimbabwe,DA Marillier,A Flower,CO Obuya,0,0,,,,,,"",""
ball,1,35.1,Zimbabwe,A Flower,DA Marillier,TM Odoyo,0,0,,,,,,"",""
ball,1,35.2,Zimbabwe,A Flower,DA Marillier,TM Odoyo,0,0,,,,,,bowled,A Flower
ball,1,35.3,Zimbabwe,HK Olonga,DA Marillier,TM Odoyo,1,0,,,,,,"",""
ball,1,35.4,Zimbabwe,DA Marillier,HK Olonga,TM Odoyo,4,0,,,,,,"",""
ball,1,35.5,Zimbabwe,DA Marillier,HK Olonga,TM Odoyo,0,0,,,,,,"",""
ball,1,35.6,Zimbabwe,DA Marillier,HK Olonga,TM Odoyo,0,0,,,,,,"",""
ball,1,36.1,Zimbabwe,HK Olonga,DA Marillier,CO Obuya,0,0,,,,,,"",""
ball,1,36.2,Zimbabwe,HK Olonga,DA Marillier,CO Obuya,1,0,,,,,,"",""
ball,1,36.3,Zimbabwe,DA Marillier,HK Olonga,CO Obuya,4,0,,,,,,"",""
ball,1,36.4,Zimbabwe,DA Marillier,HK Olonga,CO Obuya,0,0,,,,,,"",""
ball,1,36.5,Zimbabwe,DA Marillier,HK Olonga,CO Obuya,0,0,,,,,,"",""
ball,1,36.6,Zimbabwe,DA Marillier,HK Olonga,CO Obuya,1,0,,,,,,"",""
ball,1,37.1,Zimbabwe,DA Marillier,HK Olonga,AY Karim,0,0,,,,,,"",""
ball,1,37.2,Zimbabwe,DA Marillier,HK Olonga,AY Karim,1,0,,,,,,"",""
ball,1,37.3,Zimbabwe,HK Olonga,DA Marillier,AY Karim,0,0,,,,,,"",""
ball,1,37.4,Zimbabwe,HK Olonga,DA Marillier,AY Karim,0,0,,,,,,"",""
ball,1,37.5,Zimbabwe,HK Olonga,DA Marillier,AY Karim,0,0,,,,,,"",""
ball,1,37.6,Zimbabwe,HK Olonga,DA Marillier,AY Karim,0,0,,,,,,"",""
ball,1,38.1,Zimbabwe,DA Marillier,HK Olonga,CO Obuya,0,0,,,,,,"",""
ball,1,38.2,Zimbabwe,DA Marillier,HK Olonga,CO Obuya,0,0,,,,,,"",""
ball,1,38.3,Zimbabwe,DA Marillier,HK Olonga,CO Obuya,0,0,,,,,,"",""
ball,1,38.4,Zimbabwe,DA Marillier,HK Olonga,CO Obuya,0,0,,,,,,"",""
ball,1,38.5,Zimbabwe,DA Marillier,HK Olonga,CO Obuya,1,0,,,,,,"",""
ball,1,38.6,Zimbabwe,HK Olonga,DA Marillier,CO Obuya,0,0,,,,,,"",""
ball,1,39.1,Zimbabwe,DA Marillier,HK Olonga,AY Karim,1,0,,,,,,"",""
ball,1,39.2,Zimbabwe,HK Olonga,DA Marillier,AY Karim,0,0,,,,,,"",""
ball,1,39.3,Zimbabwe,HK Olonga,DA Marillier,AY Karim,1,0,,,,,,"",""
ball,1,39.4,Zimbabwe,DA Marillier,HK Olonga,AY Karim,0,0,,,,,,"",""
ball,1,39.5,Zimbabwe,DA Marillier,HK Olonga,AY Karim,0,0,,,,,,"",""
ball,1,39.6,Zimbabwe,DA Marillier,HK Olonga,AY Karim,0,0,,,,,,"",""
ball,1,40.1,Zimbabwe,HK Olonga,DA Marillier,SO Tikolo,0,0,,,,,,"",""
ball,1,40.2,Zimbabwe,HK Olonga,DA Marillier,SO Tikolo,0,0,,,,,,caught,HK Olonga
ball,1,40.3,Zimbabwe,DT Hondo,DA Marillier,SO Tikolo,0,0,,,,,,"",""
ball,1,40.4,Zimbabwe,DT Hondo,DA Marillier,SO Tikolo,0,0,,,,,,"",""
ball,1,40.5,Zimbabwe,DT Hondo,DA Marillier,SO Tikolo,0,0,,,,,,"",""
ball,1,40.6,Zimbabwe,DT Hondo,DA Marillier,SO Tikolo,0,1,1,,,,,"",""
ball,1,40.7,Zimbabwe,DT Hondo,DA Marillier,SO Tikolo,0,0,,,,,,"",""
ball,1,41.1,Zimbabwe,DA Marillier,DT Hondo,AY Karim,0,0,,,,,,"",""
ball,1,41.2,Zimbabwe,DA Marillier,DT Hondo,AY Karim,0,0,,,,,,"",""
ball,1,41.3,Zimbabwe,DA Marillier,DT Hondo,AY Karim,1,0,,,,,,"",""
ball,1,41.4,Zimbabwe,DT Hondo,DA Marillier,AY Karim,0,0,,,,,,"",""
ball,1,41.5,Zimbabwe,DT Hondo,DA Marillier,AY Karim,0,0,,,,,,"",""
ball,1,41.6,Zimbabwe,DT Hondo,DA Marillier,AY Karim,0,0,,,,,,"",""
ball,1,42.1,Zimbabwe,DA Marillier,DT Hondo,SO Tikolo,0,0,,,,,,"",""
ball,1,42.2,Zimbabwe,DA Marillier,DT Hondo,SO Tikolo,1,0,,,,,,"",""
ball,1,42.3,Zimbabwe,DT Hondo,DA Marillier,SO Tikolo,0,0,,,,,,"",""
ball,1,42.4,Zimbabwe,DT Hondo,DA Marillier,SO Tikolo,0,0,,,,,,"",""
ball,1,42.5,Zimbabwe,DT Hondo,DA Marillier,SO Tikolo,0,0,,,,,,"",""
ball,1,42.6,Zimbabwe,DT Hondo,DA Marillier,SO Tikolo,0,0,,,,,,"",""
ball,1,43.1,Zimbabwe,DA Marillier,DT Hondo,AY Karim,0,0,,,,,,"",""
ball,1,43.2,Zimbabwe,DA Marillier,DT Hondo,AY Karim,0,0,,,,,,"",""
ball,1,43.3,Zimbabwe,DA Marillier,DT Hondo,AY Karim,1,0,,,,,,"",""
ball,1,43.4,Zimbabwe,DT Hondo,DA Marillier,AY Karim,0,0,,,,,,"",""
ball,1,43.5,Zimbabwe,DT Hondo,DA Marillier,AY Karim,0,0,,,,,,"",""
ball,1,43.6,Zimbabwe,DT Hondo,DA Marillier,AY Karim,0,0,,,,,,"",""
ball,1,44.1,Zimbabwe,DA Marillier,DT Hondo,SO Tikolo,0,0,,,,,,bowled,DA Marillier
ball,2,0.1,Kenya,KO Otieno,RD Shah,HH Streak,0,0,,,,,,"",""
ball,2,0.2,Kenya,KO Otieno,RD Shah,HH Streak,0,0,,,,,,"",""
ball,2,0.3,Kenya,KO Otieno,RD Shah,HH Streak,0,0,,,,,,"",""
ball,2,0.4,Kenya,KO Otieno,RD Shah,HH Streak,0,0,,,,,,"",""
ball,2,0.5,Kenya,KO Otieno,RD Shah,HH Streak,0,0,,,,,,"",""
ball,2,0.6,Kenya,KO Otieno,RD Shah,HH Streak,1,0,,,,,,"",""
ball,2,1.1,Kenya,KO Otieno,RD Shah,AM Blignaut,3,0,,,,,,"",""
ball,2,1.2,Kenya,RD Shah,KO Otieno,AM Blignaut,0,0,,,,,,"",""
ball,2,1.3,Kenya,RD Shah,KO Otieno,AM Blignaut,2,0,,,,,,"",""
ball,2,1.4,Kenya,RD Shah,KO Otieno,AM Blignaut,0,0,,,,,,"",""
ball,2,1.5,Kenya,RD Shah,KO Otieno,AM Blignaut,0,0,,,,,,"",""
ball,2,1.6,Kenya,RD Shah,KO Otieno,AM Blignaut,0,0,,,,,,"",""
ball,2,2.1,Kenya,KO Otieno,RD Shah,HH Streak,0,1,1,,,,,"",""
ball,2,2.2,Kenya,KO Otieno,RD Shah,HH Streak,1,0,,,,,,"",""
ball,2,2.3,Kenya,RD Shah,KO Otieno,HH Streak,0,0,,,,,,"",""
ball,2,2.4,Kenya,RD Shah,KO Otieno,HH Streak,0,0,,,,,,"",""
ball,2,2.5,Kenya,RD Shah,KO Otieno,HH Streak,2,0,,,,,,"",""
ball,2,2.6,Kenya,RD Shah,KO Otieno,HH Streak,1,0,,,,,,"",""
ball,2,2.7,Kenya,KO Otieno,RD Shah,HH Streak,0,0,,,,,,"",""
ball,2,3.1,Kenya,RD Shah,KO Otieno,AM Blignaut,0,0,,,,,,"",""
ball,2,3.2,Kenya,RD Shah,KO Otieno,AM Blignaut,0,0,,,,,,"",""
ball,2,3.3,Kenya,RD Shah,KO Otieno,AM Blignaut,0,0,,,,,,"",""
ball,2,3.4,Kenya,RD Shah,KO Otieno,AM Blignaut,0,0,,,,,,"",""
ball,2,3.5,Kenya,RD Shah,KO Otieno,AM Blignaut,1,0,,,,,,"",""
ball,2,3.6,Kenya,KO Otieno,RD Shah,AM Blignaut,0,0,,,,,,"",""
ball,2,4.1,Kenya,RD Shah,KO Otieno,HH Streak,0,0,,,,,,"",""
ball,2,4.2,Kenya,RD Shah,KO Otieno,HH Streak,0,0,,,,,,"",""
ball,2,4.3,Kenya,RD Shah,KO Otieno,HH Streak,0,0,,,,,,"",""
ball,2,4.4,Kenya,RD Shah,KO Otieno,HH Streak,0,0,,,,,,"",""
ball,2,4.5,Kenya,RD Shah,KO Otieno,HH Streak,4,0,,,,,,"",""
ball,2,4.6,Kenya,RD Shah,KO Otieno,HH Streak,0,0,,,,,,"",""
ball,2,5.1,Kenya,KO Otieno,RD Shah,AM Blignaut,0,0,,,,,,"",""
ball,2,5.2,Kenya,KO Otieno,RD Shah,AM Blignaut,0,1,,,,1,,"",""
ball,2,5.3,Kenya,RD Shah,KO Otieno,AM Blignaut,0,0,,,,,,"",""
ball,2,5.4,Kenya,RD Shah,KO Otieno,AM Blignaut,4,0,,,,,,"",""
ball,2,5.5,Kenya,RD Shah,KO Otieno,AM Blignaut,0,0,,,,,,"",""
ball,2,5.6,Kenya,RD Shah,KO Otieno,AM Blignaut,0,0,,,,,,"",""
ball,2,6.1,Kenya,KO Otieno,RD Shah,HH Streak,2,0,,,,,,"",""
ball,2,6.2,Kenya,KO Otieno,RD Shah,HH Streak,0,0,,,,,,"",""
ball,2,6.3,Kenya,KO Otieno,RD Shah,HH Streak,1,0,,,,,,"",""
ball,2,6.4,Kenya,RD Shah,KO Otieno,HH Streak,0,0,,,,,,"",""
ball,2,6.5,Kenya,RD Shah,KO Otieno,HH Streak,0,0,,,,,,"",""
ball,2,6.6,Kenya,RD Shah,KO Otieno,HH Streak,0,0,,,,,,"",""
ball,2,7.1,Kenya,KO Otieno,RD Shah,AM Blignaut,0,0,,,,,,"",""
ball,2,7.2,Kenya,KO Otieno,RD Shah,AM Blignaut,0,0,,,,,,"",""
ball,2,7.3,Kenya,KO Otieno,RD Shah,AM Blignaut,0,0,,,,,,run out,RD Shah
ball,2,7.4,Kenya,KO Otieno,SO Tikolo,AM Blignaut,0,1,1,,,,,"",""
ball,2,7.5,Kenya,KO Otieno,SO Tikolo,AM Blignaut,0,0,,,,,,"",""
ball,2,7.6,Kenya,KO Otieno,SO Tikolo,AM Blignaut,1,0,,,,,,"",""
ball,2,7.7,Kenya,SO Tikolo,KO Otieno,AM Blignaut,1,0,,,,,,"",""
ball,2,8.1,Kenya,SO Tikolo,KO Otieno,HH Streak,0,0,,,,,,"",""
ball,2,8.2,Kenya,SO Tikolo,KO Otieno,HH Streak,1,0,,,,,,"",""
ball,2,8.3,Kenya,KO Otieno,SO Tikolo,HH Streak,0,0,,,,,,"",""
ball,2,8.4,Kenya,KO Otieno,SO Tikolo,HH Streak,0,0,,,,,,"",""
ball,2,8.5,Kenya,KO Otieno,SO Tikolo,HH Streak,4,0,,,,,,"",""
ball,2,8.6,Kenya,KO Otieno,SO Tikolo,HH Streak,0,0,,,,,,"",""
ball,2,9.1,Kenya,SO Tikolo,KO Otieno,AM Blignaut,0,0,,,,,,"",""
ball,2,9.2,Kenya,SO Tikolo,KO Otieno,AM Blignaut,0,0,,,,,,"",""
ball,2,9.3,Kenya,SO Tikolo,KO Otieno,AM Blignaut,0,1,1,,,,,"",""
ball,2,9.4,Kenya,SO Tikolo,KO Otieno,AM Blignaut,0,0,,,,,,"",""
ball,2,9.5,Kenya,SO Tikolo,KO Otieno,AM Blignaut,0,0,,,,,,caught,SO Tikolo
ball,2,9.6,Kenya,TM Odoyo,KO Otieno,AM Blignaut,0,0,,,,,,"",""
ball,2,9.7,Kenya,TM Odoyo,KO Otieno,AM Blignaut,0,0,,,,,,"",""
ball,2,10.1,Kenya,KO Otieno,TM Odoyo,HH Streak,0,0,,,,,,"",""
ball,2,10.2,Kenya,KO Otieno,TM Odoyo,HH Streak,0,0,,,,,,"",""
ball,2,10.3,Kenya,KO Otieno,TM Odoyo,HH Streak,4,0,,,,,,"",""
ball,2,10.4,Kenya,KO Otieno,TM Odoyo,HH Streak,0,0,,,,,,"",""
ball,2,10.5,Kenya,KO Otieno,TM Odoyo,HH Streak,1,0,,,,,,"",""
ball,2,10.6,Kenya,TM Odoyo,KO Otieno,HH Streak,1,0,,,,,,"",""
ball,2,11.1,Kenya,TM Odoyo,KO Otieno,AM Blignaut,0,0,,,,,,"",""
ball,2,11.2,Kenya,TM Odoyo,KO Otieno,AM Blignaut,0,0,,,,,,"",""
ball,2,11.3,Kenya,TM Odoyo,KO Otieno,AM Blignaut,0,0,,,,,,"",""
ball,2,11.4,Kenya,TM Odoyo,KO Otieno,AM Blignaut,0,0,,,,,,"",""
ball,2,11.5,Kenya,TM Odoyo,KO Otieno,AM Blignaut,0,0,,,,,,"",""
ball,2,11.6,Kenya,TM Odoyo,KO Otieno,AM Blignaut,0,0,,,,,,"",""
ball,2,12.1,Kenya,KO Otieno,TM Odoyo,HK Olonga,0,0,,,,,,"",""
ball,2,12.2,Kenya,KO Otieno,TM Odoyo,HK Olonga,0,1,,1,,,,"",""
ball,2,12.3,Kenya,KO Otieno,TM Odoyo,HK Olonga,0,1,1,,,,,"",""
ball,2,12.4,Kenya,KO Otieno,TM Odoyo,HK Olonga,0,0,,,,,,"",""
ball,2,12.5,Kenya,KO Otieno,TM Odoyo,HK Olonga,0,0,,,,,,"",""
ball,2,12.6,Kenya,KO Otieno,TM Odoyo,HK Olonga,0,0,,,,,,"",""
ball,2,12.7,Kenya,KO Otieno,TM Odoyo,HK Olonga,0,0,,,,,,"",""
ball,2,12.8,Kenya,KO Otieno,TM Odoyo,HK Olonga,0,0,,,,,,"",""
ball,2,13.1,Kenya,TM Odoyo,KO Otieno,AM Blignaut,0,0,,,,,,"",""
ball,2,13.2,Kenya,TM Odoyo,KO Otieno,AM Blignaut,0,0,,,,,,"",""
ball,2,13.3,Kenya,TM Odoyo,KO Otieno,AM Blignaut,0,1,1,,,,,"",""
ball,2,13.4,Kenya,TM Odoyo,KO Otieno,AM Blignaut,4,0,,,,,,"",""
ball,2,13.5,Kenya,TM Odoyo,KO Otieno,AM Blignaut,0,0,,,,,,"",""
ball,2,13.6,Kenya,TM Odoyo,KO Otieno,AM Blignaut,0,0,,,,,,"",""
ball,2,13.7,Kenya,TM Odoyo,KO Otieno,AM Blignaut,0,0,,,,,,"",""
ball,2,14.1,Kenya,KO Otieno,TM Odoyo,HK Olonga,0,0,,,,,,"",""
ball,2,14.2,Kenya,KO Otieno,TM Odoyo,HK Olonga,0,1,,1,,,,"",""
ball,2,14.3,Kenya,KO Otieno,TM Odoyo,HK Olonga,0,0,,,,,,"",""
ball,2,14.4,Kenya,KO Otieno,TM Odoyo,HK Olonga,0,0,,,,,,"",""
ball,2,14.5,Kenya,KO Otieno,TM Odoyo,HK Olonga,0,0,,,,,,"",""
ball,2,14.6,Kenya,KO Otieno,TM Odoyo,HK Olonga,0,1,,1,,,,"",""
ball,2,14.7,Kenya,KO Otieno,TM Odoyo,HK Olonga,0,0,,,,,,"",""
ball,2,14.8,Kenya,KO Otieno,TM Odoyo,HK Olonga,0,0,,,,,,"",""
ball,2,15.1,Kenya,TM Odoyo,KO Otieno,DT Hondo,4,0,,,,,,"",""
ball,2,15.2,Kenya,TM Odoyo,KO Otieno,DT Hondo,0,0,,,,,,"",""
ball,2,15.3,Kenya,TM Odoyo,KO Otieno,DT Hondo,0,0,,,,,,"",""
ball,2,15.4,Kenya,TM Odoyo,KO Otieno,DT Hondo,0,0,,,,,,"",""
ball,2,15.5,Kenya,TM Odoyo,KO Otieno,DT Hondo,0,0,,,,,,"",""
ball,2,15.6,Kenya,TM Odoyo,KO Otieno,DT Hondo,0,0,,,,,,"",""
ball,2,16.1,Kenya,KO Otieno,TM Odoyo,HK Olonga,0,3,,,,3,,"",""
ball,2,16.2,Kenya,TM Odoyo,KO Otieno,HK Olonga,1,1,,1,,,,"",""
ball,2,16.3,Kenya,KO Otieno,TM Odoyo,HK Olonga,1,0,,,,,,"",""
ball,2,16.4,Kenya,TM Odoyo,KO Otieno,HK Olonga,0,1,,1,,,,"",""
ball,2,16.5,Kenya,TM Odoyo,KO Otieno,HK Olonga,0,0,,,,,,"",""
ball,2,16.6,Kenya,TM Odoyo,KO Otieno,HK Olonga,1,1,,1,,,,"",""
ball,2,16.7,Kenya,KO Otieno,TM Odoyo,HK Olonga,0,1,,1,,,,"",""
ball,2,16.8,Kenya,KO Otieno,TM Odoyo,HK Olonga,0,0,,,,,,"",""
ball,2,16.9,Kenya,KO Otieno,TM Odoyo,HK Olonga,0,0,,,,,,"",""
ball,2,16.10,Kenya,KO Otieno,TM Odoyo,HK Olonga,0,0,,,,,,lbw,KO Otieno
ball,2,17.1,Kenya,TM Odoyo,MO Odumbe,DT Hondo,0,0,,,,,,"",""
ball,2,17.2,Kenya,TM Odoyo,MO Odumbe,DT Hondo,0,0,,,,,,"",""
ball,2,17.3,Kenya,TM Odoyo,MO Odumbe,DT Hondo,0,0,,,,,,"",""
ball,2,17.4,Kenya,TM Odoyo,MO Odumbe,DT Hondo,0,0,,,,,,"",""
ball,2,17.5,Kenya,TM Odoyo,MO Odumbe,DT Hondo,0,0,,,,,,"",""
ball,2,17.6,Kenya,TM Odoyo,MO Odumbe,DT Hondo,0,0,,,,,,"",""
ball,2,18.1,Kenya,MO Odumbe,TM Odoyo,HK Olonga,0,2,,2,,,,"",""
ball,2,18.2,Kenya,TM Odoyo,MO Odumbe,HK Olonga,4,0,,,,,,"",""
ball,2,18.3,Kenya,TM Odoyo,MO Odumbe,HK Olonga,0,0,,,,,,"",""
ball,2,18.4,Kenya,TM Odoyo,MO Odumbe,HK Olonga,0,0,,,,,,"",""
ball,2,18.5,Kenya,TM Odoyo,MO Odumbe,HK Olonga,0,0,,,,,,"",""
ball,2,18.6,Kenya,TM Odoyo,MO Odumbe,HK Olonga,4,0,,,,,,"",""
ball,2,18.7,Kenya,TM Odoyo,MO Odumbe,HK Olonga,0,0,,,,,,"",""
ball,2,19.1,Kenya,MO Odumbe,TM Odoyo,DT Hondo,3,0,,,,,,"",""
ball,2,19.2,Kenya,TM Odoyo,MO Odumbe,DT Hondo,0,0,,,,,,"",""
ball,2,19.3,Kenya,TM Odoyo,MO Odumbe,DT Hondo,4,0,,,,,,"",""
ball,2,19.4,Kenya,TM Odoyo,MO Odumbe,DT Hondo,2,0,,,,,,"",""
ball,2,19.5,Kenya,TM Odoyo,MO Odumbe,DT Hondo,0,0,,,,,,"",""
ball,2,19.6,Kenya,TM Odoyo,MO Odumbe,DT Hondo,1,0,,,,,,"",""
ball,2,20.1,Kenya,TM Odoyo,MO Odumbe,AM Blignaut,0,1,1,,,,,"",""
ball,2,20.2,Kenya,TM Odoyo,MO Odumbe,AM Blignaut,0,0,,,,,,"",""
ball,2,20.3,Kenya,TM Odoyo,MO Odumbe,AM Blignaut,0,0,,,,,,"",""
ball,2,20.4,Kenya,TM Odoyo,MO Odumbe,AM Blignaut,4,0,,,,,,"",""
ball,2,20.5,Kenya,TM Odoyo,MO Odumbe,AM Blignaut,0,0,,,,,,"",""
ball,2,20.6,Kenya,TM Odoyo,MO Odumbe,AM Blignaut,0,0,,,,,,"",""
ball,2,20.7,Kenya,TM Odoyo,MO Odumbe,AM Blignaut,0,0,,,,,,"",""
ball,2,21.1,Kenya,MO Odumbe,TM Odoyo,GW Flower,0,0,,,,,,"",""
ball,2,21.2,Kenya,MO Odumbe,TM Odoyo,GW Flower,4,0,,,,,,"",""
ball,2,21.3,Kenya,MO Odumbe,TM Odoyo,GW Flower,0,0,,,,,,"",""
ball,2,21.4,Kenya,MO Odumbe,TM Odoyo,GW Flower,0,0,,,,,,"",""
ball,2,21.5,Kenya,MO Odumbe,TM Odoyo,GW Flower,0,0,,,,,,"",""
ball,2,21.6,Kenya,MO Odumbe,TM Odoyo,GW Flower,0,0,,,,,,"",""
ball,2,22.1,Kenya,TM Odoyo,MO Odumbe,AM Blignaut,0,0,,,,,,"",""
ball,2,22.2,Kenya,TM Odoyo,MO Odumbe,AM Blignaut,0,0,,,,,,"",""
ball,2,22.3,Kenya,TM Odoyo,MO Odumbe,AM Blignaut,0,0,,,,,,"",""
ball,2,22.4,Kenya,TM Odoyo,MO Odumbe,AM Blignaut,4,0,,,,,,"",""
ball,2,22.5,Kenya,TM Odoyo,MO Odumbe,AM Blignaut,4,0,,,,,,"",""
ball,2,22.6,Kenya,TM Odoyo,MO Odumbe,AM Blignaut,4,0,,,,,,"",""
ball,2,23.1,Kenya,MO Odumbe,TM Odoyo,GW Flower,4,0,,,,,,"",""
ball,2,23.2,Kenya,MO Odumbe,TM Odoyo,GW Flower,4,0,,,,,,"",""
ball,2,23.3,Kenya,MO Odumbe,TM Odoyo,GW Flower,4,0,,,,,,"",""
ball,2,23.4,Kenya,MO Odumbe,TM Odoyo,GW Flower,0,0,,,,,,"",""
ball,2,23.5,Kenya,MO Odumbe,TM Odoyo,GW Flower,1,0,,,,,,"",""
ball,2,23.6,Kenya,TM Odoyo,MO Odumbe,GW Flower,0,0,,,,,,"",""
ball,2,24.1,Kenya,MO Odumbe,TM Odoyo,DA Marillier,0,0,,,,,,"",""
ball,2,24.2,Kenya,MO Odumbe,TM Odoyo,DA Marillier,4,0,,,,,,"",""
ball,2,24.3,Kenya,MO Odumbe,TM Odoyo,DA Marillier,4,0,,,,,,"",""
ball,2,24.4,Kenya,MO Odumbe,TM Odoyo,DA Marillier,1,0,,,,,,"",""
ball,2,24.5,Kenya,TM Odoyo,MO Odumbe,DA Marillier,0,0,,,,,,"",""
ball,2,24.6,Kenya,TM Odoyo,MO Odumbe,DA Marillier,0,0,,,,,,"",""
ball,2,25.1,Kenya,MO Odumbe,TM Odoyo,GW Flower,4,0,,,,,,"",""
ball,2,25.2,Kenya,MO Odumbe,TM Odoyo,GW Flower,1,0,,,,,,"",""
ball,2,25.3,Kenya,TM Odoyo,MO Odumbe,GW Flower,0,0,,,,,,"",""
ball,2,25.4,Kenya,TM Odoyo,MO Odumbe,GW Flower,0,0,,,,,,"",""
ball,2,25.5,Kenya,TM Odoyo,MO Odumbe,GW Flower,1,0,,,,,,"",""
ball,2,25.6,Kenya,MO Odumbe,TM Odoyo,GW Flower,4,0,,,,,,"",""
