version,1.6.0
info,balls_per_over,6
info,team,United Arab Emirates
info,team,Zimbabwe
info,gender,male
info,season,2014/15
info,date,2015/02/19
info,event,ICC Cricket World Cup
info,match_number,8
info,venue,Saxton Oval
info,city,Nelson
info,neutralvenue,true
info,toss_winner,Zimbabwe
info,toss_decision,field
info,player_of_match,SC Williams
info,umpire,JD Cloete
info,umpire,CB Gaffaney
info,reserve_umpire,REJ Martinesz
info,tv_umpire,RK Illingworth
info,match_referee,BC Broad
info,winner,Zimbabwe
info,winner_wickets,4
info,player,United Arab Emirates,Amjad Ali
info,player,United Arab Emirates,AR Berenger
info,player,United Arab Emirates,Krishna Chandran
info,player,United Arab Emirates,Khurram Khan
info,player,United Arab Emirates,SP Patil
info,player,United Arab Emirates,Shaiman Anwar
info,player,United Arab Emirates,Rohan Mustafa
info,player,United Arab Emirates,Amjad Javed
info,player,United Arab Emirates,Mohammad Naveed
info,player,United Arab Emirates,Mohammad Tauqir
info,player,United Arab Emirates,Nasir Aziz
info,player,Zimbabwe,Sikandar Raza
info,player,Zimbabwe,RW Chakabva
info,player,Zimbabwe,H Masakadza
info,player,Zimbabwe,BRM Taylor
info,player,Zimbabwe,SC Williams
info,player,Zimbabwe,SF Mire
info,player,Zimbabwe,CR Ervine
info,player,Zimbabwe,E Chigumbura
info,player,Zimbabwe,T Panyangara
info,player,Zimbabwe,TL Chatara
info,player,Zimbabwe,T Kamungozi
info,registry,people,AR Berenger,f994f4ca
info,registry,people,Amjad Ali,e4271302
info,registry,people,Amjad Javed,18eaf2fa
info,registry,people,BC Broad,d6a7dd38
info,registry,people,BRM Taylor,53597be1
info,registry,people,CB Gaffaney,d5ac41d8
info,registry,people,CR Ervine,c96311d4
info,registry,people,E Chigumbura,d2babdd5
info,registry,people,H Masakadza,31fbf891
info,registry,people,JD Cloete,b0419f8c
info,registry,people,Khurram Khan,ae6746e0
info,registry,people,Krishna Chandran,3165bc1b
info,registry,people,Mohammad Naveed,4861d29b
info,registry,people,Mohammad Tauqir,eb7af112
info,registry,people,Nasir Aziz,e70a0811
info,registry,people,REJ Martinesz,140cdf29
info,registry,people,RK Illingworth,20672246
info,registry,people,RW Chakabva,2f0d7e4a
info,registry,people,Rohan Mustafa,d1988788
info,registry,people,SC Williams,afe57f7a
info,registry,people,SF Mire,3300d23c
info,registry,people,SP Patil,f5c198fb
info,registry,people,Shaiman Anwar,e9630504
info,registry,people,Sikandar Raza,26d041c4
info,registry,people,T Kamungozi,1fe81cc9
info,registry,people,T Panyangara,3b417422
info,registry,people,TL Chatara,5bbabe59
ball,1,0.1,United Arab Emirates,Amjad Ali,AR Berenger,T Panyangara,0,0,,,,,,"",""
ball,1,0.2,United Arab Emirates,Amjad Ali,AR Berenger,T Panyangara,0,0,,,,,,"",""
ball,1,0.3,United Arab Emirates,Amjad Ali,AR Berenger,T Panyangara,0,0,,,,,,"",""
ball,1,0.4,United Arab Emirates,Amjad Ali,AR Berenger,T Panyangara,2,0,,,,,,"",""
ball,1,0.5,United Arab Emirates,Amjad Ali,AR Berenger,T Panyangara,0,0,,,,,,"",""
ball,1,0.6,United Arab Emirates,Amjad Ali,AR Berenger,T Panyangara,0,0,,,,,,"",""
ball,1,1.1,United Arab Emirates,AR Berenger,Amjad Ali,TL Chatara,2,0,,,,,,"",""
ball,1,1.2,United Arab Emirates,AR Berenger,Amjad Ali,TL Chatara,0,0,,,,,,"",""
ball,1,1.3,United Arab Emirates,AR Berenger,Amjad Ali,TL Chatara,0,0,,,,,,"",""
ball,1,1.4,United Arab Emirates,AR Berenger,Amjad Ali,TL Chatara,0,0,,,,,,"",""
ball,1,1.5,United Arab Emirates,AR Berenger,Amjad Ali,TL Chatara,0,0,,,,,,"",""
ball,1,1.6,United Arab Emirates,AR Berenger,Amjad Ali,TL Chatara,0,0,,,,,,"",""
ball,1,2.1,United Arab Emirates,Amjad Ali,AR Berenger,T Panyangara,0,0,,,,,,"",""
ball,1,2.2,United Arab Emirates,Amjad Ali,AR Berenger,T Panyangara,0,0,,,,,,"",""
ball,1,2.3,United Arab Emirates,Amjad Ali,AR Berenger,T Panyangara,1,0,,,,,,"",""
ball,1,2.4,United Arab Emirates,AR Berenger,Amjad Ali,T Panyangara,0,0,,,,,,"",""
ball,1,2.5,United Arab Emirates,AR Berenger,Amjad Ali,T Panyangara,4,0,,,,,,"",""
ball,1,2.6,United Arab Emirates,AR Berenger,Amjad Ali,T Panyangara,1,0,,,,,,"",""
ball,1,3.1,United Arab Emirates,AR Berenger,Amjad Ali,TL Chatara,0,0,,,,,,"",""
ball,1,3.2,United Arab Emirates,AR Berenger,Amjad Ali,TL Chatara,0,1,,1,,,,"",""
ball,1,3.3,United Arab Emirates,AR Berenger,Amjad Ali,TL Chatara,4,0,,,,,,"",""
ball,1,3.4,United Arab Emirates,AR Berenger,Amjad Ali,TL Chatara,0,0,,,,,,"",""
ball,1,3.5,United Arab Emirates,AR Berenger,Amjad Ali,TL Chatara,0,0,,,,,,"",""
ball,1,3.6,United Arab Emirates,AR Berenger,Amjad Ali,TL Chatara,0,4,,,,4,,"",""
ball,1,3.7,United Arab Emirates,AR Berenger,Amjad Ali,TL Chatara,0,0,,,,,,"",""
ball,1,4.1,United Arab Emirates,Amjad Ali,AR Berenger,T Panyangara,0,0,,,,,,"",""
ball,1,4.2,United Arab Emirates,Amjad Ali,AR Berenger,T Panyangara,0,0,,,,,,"",""
ball,1,4.3,United Arab Emirates,Amjad Ali,AR Berenger,T Panyangara,4,0,,,,,,"",""
ball,1,4.4,United Arab Emirates,Amjad Ali,AR Berenger,T Panyangara,0,0,,,,,,"",""
ball,1,4.5,United Arab Emirates,Amjad Ali,AR Berenger,T Panyangara,0,0,,,,,,"",""
ball,1,4.6,United Arab Emirates,Amjad Ali,AR Berenger,T Panyangara,0,0,,,,,,"",""
ball,1,5.1,United Arab Emirates,AR Berenger,Amjad Ali,TL Chatara,2,0,,,,,,"",""
ball,1,5.2,United Arab Emirates,AR Berenger,Amjad Ali,TL Chatara,0,0,,,,,,"",""
ball,1,5.3,United Arab Emirates,AR Berenger,Amjad Ali,TL Chatara,1,0,,,,,,"",""
ball,1,5.4,United Arab Emirates,Amjad Ali,AR Berenger,TL Chatara,0,0,,,,,,"",""
ball,1,5.5,United Arab Emirates,Amjad Ali,AR Berenger,TL Chatara,0,0,,,,,,caught,Amjad Ali
ball,1,5.6,United Arab Emirates,Krishna Chandran,AR Berenger,TL Chatara,1,0,,,,,,"",""
ball,1,6.1,United Arab Emirates,Krishna Chandran,AR Berenger,T Panyangara,0,0,,,,,,"",""
ball,1,6.2,United Arab Emirates,Krishna Chandran,AR Berenger,T Panyangara,1,0,,,,,,"",""
ball,1,6.3,United Arab Emirates,AR Berenger,Krishna Chandran,T Panyangara,1,0,,,,,,"",""
ball,1,6.4,United Arab Emirates,Krishna Chandran,AR Berenger,T Panyangara,0,0,,,,,,"",""
ball,1,6.5,United Arab Emirates,Krishna Chandran,AR Berenger,T Panyangara,0,0,,,,,,"",""
ball,1,6.6,United Arab Emirates,Krishna Chandran,AR Berenger,T Panyangara,0,1,1,,,,,"",""
ball,1,6.7,United Arab Emirates,Krishna Chandran,AR Berenger,T Panyangara,0,0,,,,,,"",""
ball,1,7.1,United Arab Emirates,AR Berenger,Krishna Chandran,TL Chatara,0,0,,,,,,"",""
ball,1,7.2,United Arab Emirates,AR Berenger,Krishna Chandran,TL Chatara,0,0,,,,,,"",""
ball,1,7.3,United Arab Emirates,AR Berenger,Krishna Chandran,TL Chatara,0,0,,,,,,"",""
ball,1,7.4,United Arab Emirates,AR Berenger,Krishna Chandran,TL Chatara,0,1,1,,,,,"",""
ball,1,7.5,United Arab Emirates,AR Berenger,Krishna Chandran,TL Chatara,0,0,,,,,,"",""
ball,1,7.6,United Arab Emirates,AR Berenger,Krishna Chandran,TL Chatara,0,0,,,,,,"",""
ball,1,7.7,United Arab Emirates,AR Berenger,Krishna Chandran,TL Chatara,0,0,,,,,,"",""
ball,1,8.1,United Arab Emirates,Krishna Chandran,AR Berenger,SF Mire,0,0,,,,,,"",""
ball,1,8.2,United Arab Emirates,Krishna Chandran,AR Berenger,SF Mire,0,0,,,,,,"",""
ball,1,8.3,United Arab Emirates,Krishna Chandran,AR Berenger,SF Mire,0,0,,,,,,"",""
ball,1,8.4,United Arab Emirates,Krishna Chandran,AR Berenger,SF Mire,1,0,,,,,,"",""
ball,1,8.5,United Arab Emirates,AR Berenger,Krishna Chandran,SF Mire,0,0,,,,,,"",""
ball,1,8.6,United Arab Emirates,AR Berenger,Krishna Chandran,SF Mire,0,0,,,,,,"",""
ball,1,9.1,United Arab Emirates,Krishna Chandran,AR Berenger,T Kamungozi,0,0,,,,,,"",""
ball,1,9.2,United Arab Emirates,Krishna Chandran,AR Berenger,T Kamungozi,1,0,,,,,,"",""
ball,1,9.3,United Arab Emirates,AR Berenger,Krishna Chandran,T Kamungozi,0,0,,,,,,"",""
ball,1,9.4,United Arab Emirates,AR Berenger,Krishna Chandran,T Kamungozi,0,0,,,,,,"",""
ball,1,9.5,United Arab Emirates,AR Berenger,Krishna Chandran,T Kamungozi,1,0,,,,,,"",""
ball,1,9.6,United Arab Emirates,Krishna Chandran,AR Berenger,T Kamungozi,0,0,,,,,,"",""
ball,1,10.1,United Arab Emirates,AR Berenger,Krishna Chandran,SF Mire,4,0,,,,,,"",""
ball,1,10.2,United Arab Emirates,AR Berenger,Krishna Chandran,SF Mire,2,0,,,,,,"",""
ball,1,10.3,United Arab Emirates,AR Berenger,Krishna Chandran,SF Mire,0,0,,,,,,"",""
ball,1,10.4,United Arab Emirates,AR Berenger,Krishna Chandran,SF Mire,0,0,,,,,,"",""
ball,1,10.5,United Arab Emirates,AR Berenger,Krishna Chandran,SF Mire,0,0,,,,,,caught,AR Berenger
ball,1,10.6,United Arab Emirates,Khurram Khan,Krishna Chandran,SF Mire,0,0,,,,,,"",""
ball,1,11.1,United Arab Emirates,Krishna Chandran,Khurram Khan,E Chigumbura,0,5,5,,,,,"",""
ball,1,11.2,United Arab Emirates,Krishna Chandran,Khurram Khan,E Chigumbura,0,0,,,,,,"",""
ball,1,11.3,United Arab Emirates,Krishna Chandran,Khurram Khan,E Chigumbura,0,0,,,,,,"",""
ball,1,11.4,United Arab Emirates,Krishna Chandran,Khurram Khan,E Chigumbura,1,0,,,,,,"",""
ball,1,11.5,United Arab Emirates,Khurram Khan,Krishna Chandran,E Chigumbura,0,1,1,,,,,"",""
ball,1,11.6,United Arab Emirates,Khurram Khan,Krishna Chandran,E Chigumbura,4,0,,,,,,"",""
ball,1,11.7,United Arab Emirates,Khurram Khan,Krishna Chandran,E Chigumbura,1,0,,,,,,"",""
ball,1,11.8,United Arab Emirates,Krishna Chandran,Khurram Khan,E Chigumbura,0,0,,,,,,"",""
ball,1,12.1,United Arab Emirates,Khurram Khan,Krishna Chandran,SF Mire,0,0,,,,,,"",""
ball,1,12.2,United Arab Emirates,Khurram Khan,Krishna Chandran,SF Mire,4,0,,,,,,"",""
ball,1,12.3,United Arab Emirates,Khurram Khan,Krishna Chandran,SF Mire,0,0,,,,,,"",""
ball,1,12.4,United Arab Emirates,Khurram Khan,Krishna Chandran,SF Mire,4,0,,,,,,"",""
ball,1,12.5,United Arab Emirates,Khurram Khan,Krishna Chandran,SF Mire,0,0,,,,,,"",""
ball,1,12.6,United Arab Emirates,Khurram Khan,Krishna Chandran,SF Mire,0,0,,,,,,"",""
ball,1,13.1,United Arab Emirates,Krishna Chandran,Khurram Khan,SC Williams,0,0,,,,,,"",""
ball,1,13.2,United Arab Emirates,Krishna Chandran,Khurram Khan,SC Williams,0,0,,,,,,"",""
ball,1,13.3,United Arab Emirates,Krishna Chandran,Khurram Khan,SC Williams,0,0,,,,,,"",""
ball,1,13.4,United Arab Emirates,Krishna Chandran,Khurram Khan,SC Williams,1,0,,,,,,"",""
ball,1,13.5,United Arab Emirates,Khurram Khan,Krishna Chandran,SC Williams,1,0,,,,,,"",""
ball,1,13.6,United Arab Emirates,Krishna Chandran,Khurram Khan,SC Williams,1,0,,,,,,"",""
ball,1,14.1,United Arab Emirates,Krishna Chandran,Khurram Khan,T Kamungozi,0,0,,,,,,"",""
ball,1,14.2,United Arab Emirates,Krishna Chandran,Khurram Khan,T Kamungozi,4,0,,,,,,"",""
ball,1,14.3,United Arab Emirates,Krishna Chandran,Khurram Khan,T Kamungozi,0,0,,,,,,"",""
ball,1,14.4,United Arab Emirates,Krishna Chandran,Khurram Khan,T Kamungozi,0,0,,,,,,"",""
ball,1,14.5,United Arab Emirates,Krishna Chandran,Khurram Khan,T Kamungozi,0,0,,,,,,"",""
ball,1,14.6,United Arab Emirates,Krishna Chandran,Khurram Khan,T Kamungozi,4,0,,,,,,"",""
ball,1,15.1,United Arab Emirates,Khurram Khan,Krishna Chandran,SC Williams,1,0,,,,,,"",""
ball,1,15.2,United Arab Emirates,Krishna Chandran,Khurram Khan,SC Williams,1,0,,,,,,"",""
ball,1,15.3,United Arab Emirates,Khurram Khan,Krishna Chandran,SC Williams,1,0,,,,,,"",""
ball,1,15.4,United Arab Emirates,Krishna Chandran,Khurram Khan,SC Williams,1,0,,,,,,"",""
ball,1,15.5,United Arab Emirates,Khurram Khan,Krishna Chandran,SC Williams,0,0,,,,,,"",""
ball,1,15.6,United Arab Emirates,Khurram Khan,Krishna Chandran,SC Williams,4,0,,,,,,"",""
ball,1,16.1,United Arab Emirates,Krishna Chandran,Khurram Khan,T Kamungozi,1,0,,,,,,"",""
ball,1,16.2,United Arab Emirates,Khurram Khan,Krishna Chandran,T Kamungozi,0,0,,,,,,"",""
ball,1,16.3,United Arab Emirates,Khurram Khan,Krishna Chandran,T Kamungozi,0,0,,,,,,"",""
ball,1,16.4,United Arab Emirates,Khurram Khan,Krishna Chandran,T Kamungozi,1,0,,,,,,"",""
ball,1,16.5,United Arab Emirates,Krishna Chandran,Khurram Khan,T Kamungozi,0,0,,,,,,"",""
ball,1,16.6,United Arab Emirates,Krishna Chandran,Khurram Khan,T Kamungozi,0,0,,,,,,"",""
ball,1,17.1,United Arab Emirates,Khurram Khan,Krishna Chandran,SC Williams,0,0,,,,,,"",""
ball,1,17.2,United Arab Emirates,Khurram Khan,Krishna Chandran,SC Williams,0,0,,,,,,"",""
ball,1,17.3,United Arab Emirates,Khurram Khan,Krishna Chandran,SC Williams,0,0,,,,,,"",""
ball,1,17.4,United Arab Emirates,Khurram Khan,Krishna Chandran,SC Williams,4,0,,,,,,"",""
ball,1,17.5,United Arab Emirates,Khurram Khan,Krishna Chandran,SC Williams,1,0,,,,,,"",""
ball,1,17.6,United Arab Emirates,Krishna Chandran,Khurram Khan,SC Williams,0,0,,,,,,"",""
ball,1,18.1,United Arab Emirates,Khurram Khan,Krishna Chandran,T Kamungozi,0,0,,,,,,"",""
ball,1,18.2,United Arab Emirates,Khurram Khan,Krishna Chandran,T Kamungozi,0,1,,,,1,,"",""
ball,1,18.3,United Arab Emirates,Krishna Chandran,Khurram Khan,T Kamungozi,0,0,,,,,,"",""
ball,1,18.4,United Arab Emirates,Krishna Chandran,Khurram Khan,T Kamungozi,1,0,,,,,,"",""
ball,1,18.5,United Arab Emirates,Khurram Khan,Krishna Chandran,T Kamungozi,1,0,,,,,,"",""
ball,1,18.6,United Arab Emirates,Krishna Chandran,Khurram Khan,T Kamungozi,1,0,,,,,,"",""
ball,1,19.1,United Arab Emirates,Krishna Chandran,Khurram Khan,SF Mire,0,0,,,,,,"",""
ball,1,19.2,United Arab Emirates,Krishna Chandran,Khurram Khan,SF Mire,0,0,,,,,,"",""
ball,1,19.3,United Arab Emirates,Krishna Chandran,Khurram Khan,SF Mire,1,0,,,,,,"",""
ball,1,19.4,United Arab Emirates,Khurram Khan,Krishna Chandran,SF Mire,1,0,,,,,,"",""
ball,1,19.5,United Arab Emirates,Krishna Chandran,Khurram Khan,SF Mire,0,0,,,,,,"",""
ball,1,19.6,United Arab Emirates,Krishna Chandran,Khurram Khan,SF Mire,0,0,,,,,,"",""
ball,1,20.1,United Arab Emirates,Khurram Khan,Krishna Chandran,T Kamungozi,1,0,,,,,,"",""
ball,1,20.2,United Arab Emirates,Krishna Chandran,Khurram Khan,T Kamungozi,1,0,,,,,,"",""
ball,1,20.3,United Arab Emirates,Khurram Khan,Krishna Chandran,T Kamungozi,0,0,,,,,,"",""
ball,1,20.4,United Arab Emirates,Khurram Khan,Krishna Chandran,T Kamungozi,0,0,,,,,,"",""
ball,1,20.5,United Arab Emirates,Khurram Khan,Krishna Chandran,T Kamungozi,0,0,,,,,,"",""
ball,1,20.6,United Arab Emirates,Khurram Khan,Krishna Chandran,T Kamungozi,0,0,,,,,,"",""
ball,1,21.1,United Arab Emirates,Krishna Chandran,Khurram Khan,SF Mire,0,0,,,,,,"",""
ball,1,21.2,United Arab Emirates,Krishna Chandran,Khurram Khan,SF Mire,0,0,,,,,,"",""
ball,1,21.3,United Arab Emirates,Krishna Chandran,Khurram Khan,SF Mire,1,0,,,,,,"",""
ball,1,21.4,United Arab Emirates,Khurram Khan,Krishna Chandran,SF Mire,0,0,,,,,,"",""
ball,1,21.5,United Arab Emirates,Khurram Khan,Krishna Chandran,SF Mire,1,0,,,,,,"",""
ball,1,21.6,United Arab Emirates,Krishna Chandran,Khurram Khan,SF Mire,1,0,,,,,,"",""
ball,1,22.1,United Arab Emirates,Krishna Chandran,Khurram Khan,T Kamungozi,0,0,,,,,,"",""
ball,1,22.2,United Arab Emirates,Krishna Chandran,Khurram Khan,T Kamungozi,1,0,,,,,,"",""
ball,1,22.3,United Arab Emirates,Khurram Khan,Krishna Chandran,T Kamungozi,0,0,,,,,,"",""
ball,1,22.4,United Arab Emirates,Khurram Khan,Krishna Chandran,T Kamungozi,0,0,,,,,,"",""
ball,1,22.5,United Arab Emirates,Khurram Khan,Krishna Chandran,T Kamungozi,0,0,,,,,,"",""
ball,1,22.6,United Arab Emirates,Khurram Khan,Krishna Chandran,T Kamungozi,2,0,,,,,,"",""
ball,1,23.1,United Arab Emirates,Krishna Chandran,Khurram Khan,T Panyangara,0,0,,,,,,"",""
ball,1,23.2,United Arab Emirates,Krishna Chandran,Khurram Khan,T Panyangara,1,0,,,,,,"",""
ball,1,23.3,United Arab Emirates,Khurram Khan,Krishna Chandran,T Panyangara,1,0,,,,,,"",""
ball,1,23.4,United Arab Emirates,Krishna Chandran,Khurram Khan,T Panyangara,0,0,,,,,,"",""
ball,1,23.5,United Arab Emirates,Krishna Chandran,Khurram Khan,T Panyangara,4,0,,,,,,"",""
ball,1,23.6,United Arab Emirates,Krishna Chandran,Khurram Khan,T Panyangara,0,0,,,,,,"",""
ball,1,24.1,United Arab Emirates,Khurram Khan,Krishna Chandran,T Kamungozi,0,0,,,,,,"",""
ball,1,24.2,United Arab Emirates,Khurram Khan,Krishna Chandran,T Kamungozi,0,0,,,,,,"",""
ball,1,24.3,United Arab Emirates,Khurram Khan,Krishna Chandran,T Kamungozi,2,0,,,,,,"",""
ball,1,24.4,United Arab Emirates,Khurram Khan,Krishna Chandran,T Kamungozi,0,0,,,,,,"",""
ball,1,24.5,United Arab Emirates,Khurram Khan,Krishna Chandran,T Kamungozi,0,0,,,,,,"",""
ball,1,24.6,United Arab Emirates,Khurram Khan,Krishna Chandran,T Kamungozi,1,0,,,,,,"",""
ball,1,25.1,United Arab Emirates,Khurram Khan,Krishna Chandran,T Panyangara,1,0,,,,,,"",""
ball,1,25.2,United Arab Emirates,Krishna Chandran,Khurram Khan,T Panyangara,0,1,1,,,,,"",""
ball,1,25.3,United Arab Emirates,Krishna Chandran,Khurram Khan,T Panyangara,0,0,,,,,,"",""
ball,1,25.4,United Arab Emirates,Krishna Chandran,Khurram Khan,T Panyangara,0,1,1,,,,,"",""
ball,1,25.5,United Arab Emirates,Krishna Chandran,Khurram Khan,T Panyangara,1,0,,,,,,"",""
ball,1,25.6,United Arab Emirates,Khurram Khan,Krishna Chandran,T Panyangara,1,0,,,,,,"",""
ball,1,25.7,United Arab Emirates,Krishna Chandran,Khurram Khan,T Panyangara,0,0,,,,,,"",""
ball,1,25.8,United Arab Emirates,Krishna Chandran,Khurram Khan,T Panyangara,1,0,,,,,,"",""
ball,1,26.1,United Arab Emirates,Krishna Chandran,Khurram Khan,Sikandar Raza,0,0,,,,,,"",""
ball,1,26.2,United Arab Emirates,Krishna Chandran,Khurram Khan,Sikandar Raza,1,0,,,,,,"",""
ball,1,26.3,United Arab Emirates,Khurram Khan,Krishna Chandran,Sikandar Raza,1,0,,,,,,"",""
ball,1,26.4,United Arab Emirates,Krishna Chandran,Khurram Khan,Sikandar Raza,0,0,,,,,,"",""
ball,1,26.5,United Arab Emirates,Krishna Chandran,Khurram Khan,Sikandar Raza,1,0,,,,,,"",""
ball,1,26.6,United Arab Emirates,Khurram Khan,Krishna Chandran,Sikandar Raza,4,0,,,,,,"",""
ball,1,27.1,United Arab Emirates,Krishna Chandran,Khurram Khan,SF Mire,0,0,,,,,,caught,Krishna Chandran
ball,1,27.2,United Arab Emirates,SP Patil,Khurram Khan,SF Mire,0,0,,,,,,"",""
ball,1,27.3,United Arab Emirates,SP Patil,Khurram Khan,SF Mire,0,0,,,,,,"",""
ball,1,27.4,United Arab Emirates,SP Patil,Khurram Khan,SF Mire,4,0,,,,,,"",""
ball,1,27.5,United Arab Emirates,SP Patil,Khurram Khan,SF Mire,0,0,,,,,,"",""
ball,1,27.6,United Arab Emirates,SP Patil,Khurram Khan,SF Mire,2,0,,,,,,"",""
ball,1,28.1,United Arab Emirates,Khurram Khan,SP Patil,Sikandar Raza,0,0,,,,,,"",""
ball,1,28.2,United Arab Emirates,Khurram Khan,SP Patil,Sikandar Raza,1,0,,,,,,"",""
ball,1,28.3,United Arab Emirates,SP Patil,Khurram Khan,Sikandar Raza,1,0,,,,,,"",""
ball,1,28.4,United Arab Emirates,Khurram Khan,SP Patil,Sikandar Raza,0,0,,,,,,"",""
ball,1,28.5,United Arab Emirates,Khurram Khan,SP Patil,Sikandar Raza,0,0,,,,,,"",""
ball,1,28.6,United Arab Emirates,Khurram Khan,SP Patil,Sikandar Raza,0,0,,,,,,"",""
ball,1,29.1,United Arab Emirates,SP Patil,Khurram Khan,SF Mire,0,0,,,,,,"",""
ball,1,29.2,United Arab Emirates,SP Patil,Khurram Khan,SF Mire,2,0,,,,,,"",""
ball,1,29.3,United Arab Emirates,SP Patil,Khurram Khan,SF Mire,0,0,,,,,,"",""
ball,1,29.4,United Arab Emirates,SP Patil,Khurram Khan,SF Mire,1,0,,,,,,"",""
ball,1,29.5,United Arab Emirates,Khurram Khan,SP Patil,SF Mire,1,0,,,,,,"",""
ball,1,29.6,United Arab Emirates,SP Patil,Khurram Khan,SF Mire,0,0,,,,,,"",""
ball,1,30.1,United Arab Emirates,Khurram Khan,SP Patil,TL Chatara,0,0,,,,,,caught,Khurram Khan
ball,1,30.2,United Arab Emirates,Shaiman Anwar,SP Patil,TL Chatara,0,0,,,,,,"",""
ball,1,30.3,United Arab Emirates,Shaiman Anwar,SP Patil,TL Chatara,0,0,,,,,,"",""
ball,1,30.4,United Arab Emirates,Shaiman Anwar,SP Patil,TL Chatara,0,0,,,,,,"",""
ball,1,30.5,United Arab Emirates,Shaiman Anwar,SP Patil,TL Chatara,0,0,,,,,,"",""
ball,1,30.6,United Arab Emirates,Shaiman Anwar,SP Patil,TL Chatara,0,0,,,,,,"",""
ball,1,31.1,United Arab Emirates,SP Patil,Shaiman Anwar,SC Williams,1,0,,,,,,"",""
ball,1,31.2,United Arab Emirates,Shaiman Anwar,SP Patil,SC Williams,1,0,,,,,,"",""
ball,1,31.3,United Arab Emirates,SP Patil,Shaiman Anwar,SC Williams,1,0,,,,,,"",""
ball,1,31.4,United Arab Emirates,Shaiman Anwar,SP Patil,SC Williams,3,0,,,,,,"",""
ball,1,31.5,United Arab Emirates,SP Patil,Shaiman Anwar,SC Williams,1,0,,,,,,"",""
ball,1,31.6,United Arab Emirates,Shaiman Anwar,SP Patil,SC Williams,1,0,,,,,,"",""
ball,1,32.1,United Arab Emirates,Shaiman Anwar,SP Patil,TL Chatara,0,0,,,,,,"",""
ball,1,32.2,United Arab Emirates,Shaiman Anwar,SP Patil,TL Chatara,0,0,,,,,,"",""
ball,1,32.3,United Arab Emirates,Shaiman Anwar,SP Patil,TL Chatara,1,0,,,,,,"",""
ball,1,32.4,United Arab Emirates,SP Patil,Shaiman Anwar,TL Chatara,0,0,,,,,,"",""
ball,1,32.5,United Arab Emirates,SP Patil,Shaiman Anwar,TL Chatara,0,0,,,,,,"",""
ball,1,32.6,United Arab Emirates,SP Patil,Shaiman Anwar,TL Chatara,0,0,,,,,,"",""
ball,1,33.1,United Arab Emirates,Shaiman Anwar,SP Patil,SC Williams,0,1,1,,,,,"",""
ball,1,33.2,United Arab Emirates,Shaiman Anwar,SP Patil,SC Williams,0,1,,,,1,,"",""
ball,1,33.3,United Arab Emirates,SP Patil,Shaiman Anwar,SC Williams,2,0,,,,,,"",""
ball,1,33.4,United Arab Emirates,SP Patil,Shaiman Anwar,SC Williams,1,0,,,,,,"",""
ball,1,33.5,United Arab Emirates,Shaiman Anwar,SP Patil,SC Williams,4,0,,,,,,"",""
ball,1,33.6,United Arab Emirates,Shaiman Anwar,SP Patil,SC Williams,2,0,,,,,,"",""
ball,1,33.7,United Arab Emirates,Shaiman Anwar,SP Patil,SC Williams,0,0,,,,,,"",""
ball,1,34.1,United Arab Emirates,SP Patil,Shaiman Anwar,Sikandar Raza,0,0,,,,,,"",""
ball,1,34.2,United Arab Emirates,SP Patil,Shaiman Anwar,Sikandar Raza,1,0,,,,,,"",""
ball,1,34.3,United Arab Emirates,Shaiman Anwar,SP Patil,Sikandar Raza,1,0,,,,,,"",""
ball,1,34.4,United Arab Emirates,SP Patil,Shaiman Anwar,Sikandar Raza,0,0,,,,,,"",""
ball,1,34.5,United Arab Emirates,SP Patil,Shaiman Anwar,Sikandar Raza,0,0,,,,,,"",""
ball,1,34.6,United Arab Emirates,SP Patil,Shaiman Anwar,Sikandar Raza,0,0,,,,,,"",""
ball,1,35.1,United Arab Emirates,Shaiman Anwar,SP Patil,SF Mire,1,0,,,,,,"",""
ball,1,35.2,United Arab Emirates,SP Patil,Shaiman Anwar,SF Mire,4,0,,,,,,"",""
ball,1,35.3,United Arab Emirates,SP Patil,Shaiman Anwar,SF Mire,0,0,,,,,,"",""
ball,1,35.4,United Arab Emirates,SP Patil,Shaiman Anwar,SF Mire,4,0,,,,,,"",""
ball,1,35.5,United Arab Emirates,SP Patil,Shaiman Anwar,SF Mire,0,0,,,,,,"",""
ball,1,35.6,United Arab Emirates,SP Patil,Shaiman Anwar,SF Mire,0,0,,,,,,"",""
ball,1,36.1,United Arab Emirates,Shaiman Anwar,SP Patil,T Kamungozi,4,0,,,,,,"",""
ball,1,36.2,United Arab Emirates,Shaiman Anwar,SP Patil,T Kamungozi,0,0,,,,,,"",""
ball,1,36.3,United Arab Emirates,Shaiman Anwar,SP Patil,T Kamungozi,0,0,,,,,,"",""
ball,1,36.4,United Arab Emirates,Shaiman Anwar,SP Patil,T Kamungozi,0,0,,,,,,"",""
ball,1,36.5,United Arab Emirates,Shaiman Anwar,SP Patil,T Kamungozi,4,0,,,,,,"",""
ball,1,36.6,United Arab Emirates,Shaiman Anwar,SP Patil,T Kamungozi,1,0,,,,,,"",""
ball,1,37.1,United Arab Emirates,Shaiman Anwar,SP Patil,T Panyangara,0,0,,,,,,"",""
ball,1,37.2,United Arab Emirates,Shaiman Anwar,SP Patil,T Panyangara,0,0,,,,,,"",""
ball,1,37.3,United Arab Emirates,Shaiman Anwar,SP Patil,T Panyangara,4,0,,,,,,"",""
ball,1,37.4,United Arab Emirates,Shaiman Anwar,SP Patil,T Panyangara,2,0,,,,,,"",""
ball,1,37.5,United Arab Emirates,Shaiman Anwar,SP Patil,T Panyangara,1,0,,,,,,"",""
ball,1,37.6,United Arab Emirates,SP Patil,Shaiman Anwar,T Panyangara,0,1,1,,,,,"",""
ball,1,37.7,United Arab Emirates,SP Patil,Shaiman Anwar,T Panyangara,0,0,,,,,,"",""
ball,1,38.1,United Arab Emirates,Shaiman Anwar,SP Patil,T Kamungozi,4,0,,,,,,"",""
ball,1,38.2,United Arab Emirates,Shaiman Anwar,SP Patil,T Kamungozi,0,0,,,,,,"",""
ball,1,38.3,United Arab Emirates,Shaiman Anwar,SP Patil,T Kamungozi,4,0,,,,,,"",""
ball,1,38.4,United Arab Emirates,Shaiman Anwar,SP Patil,T Kamungozi,1,0,,,,,,"",""
ball,1,38.5,United Arab Emirates,SP Patil,Shaiman Anwar,T Kamungozi,1,0,,,,,,"",""
ball,1,38.6,United Arab Emirates,Shaiman Anwar,SP Patil,T Kamungozi,1,0,,,,,,"",""
ball,1,39.1,United Arab Emirates,Shaiman Anwar,SP Patil,T Panyangara,0,0,,,,,,"",""
ball,1,39.2,United Arab Emirates,Shaiman Anwar,SP Patil,T Panyangara,0,0,,,,,,"",""
ball,1,39.3,United Arab Emirates,Shaiman Anwar,SP Patil,T Panyangara,4,0,,,,,,"",""
ball,1,39.4,United Arab Emirates,Shaiman Anwar,SP Patil,T Panyangara,6,0,,,,,,"",""
ball,1,39.5,United Arab Emirates,Shaiman Anwar,SP Patil,T Panyangara,1,0,,,,,,"",""
ball,1,39.6,United Arab Emirates,SP Patil,Shaiman Anwar,T Panyangara,0,0,,,,,,"",""
ball,1,40.1,United Arab Emirates,Shaiman Anwar,SP Patil,T Kamungozi,1,0,,,,,,"",""
ball,1,40.2,United Arab Emirates,SP Patil,Shaiman Anwar,T Kamungozi,4,0,,,,,,"",""
ball,1,40.3,United Arab Emirates,SP Patil,Shaiman Anwar,T Kamungozi,0,0,,,,,,"",""
ball,1,40.4,United Arab Emirates,SP Patil,Shaiman Anwar,T Kamungozi,0,0,,,,,,"",""
ball,1,40.5,United Arab Emirates,SP Patil,Shaiman Anwar,T Kamungozi,1,0,,,,,,"",""
ball,1,40.6,United Arab Emirates,Shaiman Anwar,SP Patil,T Kamungozi,4,0,,,,,,"",""
ball,1,41.1,United Arab Emirates,SP Patil,Shaiman Anwar,SC Williams,1,0,,,,,,"",""
ball,1,41.2,United Arab Emirates,Shaiman Anwar,SP Patil,SC Williams,0,0,,,,,,"",""
ball,1,41.3,United Arab Emirates,Shaiman Anwar,SP Patil,SC Williams,1,0,,,,,,"",""
ball,1,41.4,United Arab Emirates,SP Patil,Shaiman Anwar,SC Williams,0,0,,,,,,caught,SP Patil
ball,1,41.5,United Arab Emirates,Shaiman Anwar,Rohan Mustafa,SC Williams,1,0,,,,,,"",""
ball,1,41.6,United Arab Emirates,Rohan Mustafa,Shaiman Anwar,SC Williams,1,0,,,,,,"",""
ball,1,42.1,United Arab Emirates,Rohan Mustafa,Shaiman Anwar,H Masakadza,1,0,,,,,,"",""
ball,1,42.2,United Arab Emirates,Shaiman Anwar,Rohan Mustafa,H Masakadza,2,0,,,,,,"",""
ball,1,42.3,United Arab Emirates,Shaiman Anwar,Rohan Mustafa,H Masakadza,4,0,,,,,,"",""
ball,1,42.4,United Arab Emirates,Shaiman Anwar,Rohan Mustafa,H Masakadza,0,0,,,,,,"",""
ball,1,42.5,United Arab Emirates,Shaiman Anwar,Rohan Mustafa,H Masakadza,1,0,,,,,,"",""
ball,1,42.6,United Arab Emirates,Rohan Mustafa,Shaiman Anwar,H Masakadza,1,0,,,,,,"",""
ball,1,43.1,United Arab Emirates,Rohan Mustafa,Shaiman Anwar,TL Chatara,0,0,,,,,,"",""
ball,1,43.2,United Arab Emirates,Rohan Mustafa,Shaiman Anwar,TL Chatara,0,1,1,,,,,"",""
ball,1,43.3,United Arab Emirates,Rohan Mustafa,Shaiman Anwar,TL Chatara,1,0,,,,,,"",""
ball,1,43.4,United Arab Emirates,Shaiman Anwar,Rohan Mustafa,TL Chatara,1,0,,,,,,"",""
ball,1,43.5,United Arab Emirates,Rohan Mustafa,Shaiman Anwar,TL Chatara,0,0,,,,,,caught,Rohan Mustafa
ball,1,43.6,United Arab Emirates,Amjad Javed,Shaiman Anwar,TL Chatara,1,0,,,,,,"",""
ball,1,43.7,United Arab Emirates,Shaiman Anwar,Amjad Javed,TL Chatara,1,0,,,,,,"",""
ball,1,44.1,United Arab Emirates,Shaiman Anwar,Amjad Javed,SC Williams,0,0,,,,,,caught,Shaiman Anwar
ball,1,44.2,United Arab Emirates,Mohammad Naveed,Amjad Javed,SC Williams,0,0,,,,,,"",""
ball,1,44.3,United Arab Emirates,Mohammad Naveed,Amjad Javed,SC Williams,0,0,,,,,,"",""
ball,1,44.4,United Arab Emirates,Mohammad Naveed,Amjad Javed,SC Williams,0,0,,,,,,"",""
ball,1,44.5,United Arab Emirates,Mohammad Naveed,Amjad Javed,SC Williams,1,0,,,,,,"",""
ball,1,44.6,United Arab Emirates,Amjad Javed,Mohammad Naveed,SC Williams,0,0,,,,,,"",""
ball,1,45.1,United Arab Emirates,Mohammad Naveed,Amjad Javed,TL Chatara,6,0,,,,,,"",""
ball,1,45.2,United Arab Emirates,Mohammad Naveed,Amjad Javed,TL Chatara,0,0,,,,,,"",""
ball,1,45.3,United Arab Emirates,Mohammad Naveed,Amjad Javed,TL Chatara,0,1,1,,,,,"",""
ball,1,45.4,United Arab Emirates,Mohammad Naveed,Amjad Javed,TL Chatara,0,0,,,,,,"",""
ball,1,45.5,United Arab Emirates,Mohammad Naveed,Amjad Javed,TL Chatara,0,0,,,,,,"",""
ball,1,45.6,United Arab Emirates,Mohammad Naveed,Amjad Javed,TL Chatara,6,0,,,,,,"",""
ball,1,45.7,United Arab Emirates,Mohammad Naveed,Amjad Javed,TL Chatara,0,0,,,,,,"",""
ball,1,46.1,United Arab Emirates,Amjad Javed,Mohammad Naveed,SC Williams,0,0,,,,,,"",""
ball,1,46.2,United Arab Emirates,Amjad Javed,Mohammad Naveed,SC Williams,1,0,,,,,,"",""
ball,1,46.3,United Arab Emirates,Mohammad Naveed,Amjad Javed,SC Williams,1,0,,,,,,"",""
ball,1,46.4,United Arab Emirates,Amjad Javed,Mohammad Naveed,SC Williams,0,0,,,,,,"",""
ball,1,46.5,United Arab Emirates,Amjad Javed,Mohammad Naveed,SC Williams,1,0,,,,,,"",""
ball,1,46.6,United Arab Emirates,Mohammad Naveed,Amjad Javed,SC Williams,1,0,,,,,,"",""
ball,1,47.1,United Arab Emirates,Mohammad Naveed,Amjad Javed,TL Chatara,1,0,,,,,,"",""
ball,1,47.2,United Arab Emirates,Amjad Javed,Mohammad Naveed,TL Chatara,0,0,,,,,,"",""
ball,1,47.3,United Arab Emirates,Amjad Javed,Mohammad Naveed,TL Chatara,1,0,,,,,,"",""
ball,1,47.4,United Arab Emirates,Mohammad Naveed,Amjad Javed,TL Chatara,0,0,,,,,,"",""
ball,1,47.5,United Arab Emirates,Mohammad Naveed,Amjad Javed,TL Chatara,1,0,,,,,,"",""
ball,1,47.6,United Arab Emirates,Amjad Javed,Mohammad Naveed,TL Chatara,1,0,,,,,,"",""
ball,1,48.1,United Arab Emirates,Amjad Javed,Mohammad Naveed,T Panyangara,4,0,,,,,,"",""
ball,1,48.2,United Arab Emirates,Amjad Javed,Mohammad Naveed,T Panyangara,4,0,,,,,,"",""
ball,1,48.3,United Arab Emirates,Amjad Javed,Mohammad Naveed,T Panyangara,0,0,,,,,,"",""
ball,1,48.4,United Arab Emirates,Amjad Javed,Mohammad Naveed,T Panyangara,6,0,,,,,,"",""
ball,1,48.5,United Arab Emirates,Amjad Javed,Mohammad Naveed,T Panyangara,1,0,,,,,,"",""
ball,1,48.6,United Arab Emirates,Mohammad Naveed,Amjad Javed,T Panyangara,0,1,1,,,,,"",""
ball,1,48.7,United Arab Emirates,Mohammad Naveed,Amjad Javed,T Panyangara,4,0,,,,,,"",""
ball,1,49.1,United Arab Emirates,Amjad Javed,Mohammad Naveed,TL Chatara,0,4,,,4,,,"",""
ball,1,49.2,United Arab Emirates,Amjad Javed,Mohammad Naveed,TL Chatara,0,0,,,,,,"",""
ball,1,49.3,United Arab Emirates,Amjad Javed,Mohammad Naveed,TL Chatara,4,0,,,,,,"",""
ball,1,49.4,United Arab Emirates,Amjad Javed,Mohammad Naveed,TL Chatara,0,0,,,,,,"",""
ball,1,49.5,United Arab Emirates,Amjad Javed,Mohammad Naveed,TL Chatara,1,0,,,,,,"",""
ball,1,49.6,United Arab Emirates,Mohammad Naveed,Amjad Javed,TL Chatara,2,0,,,,,,"",""
ball,2,0.1,Zimbabwe,Sikandar Raza,RW Chakabva,Mohammad Naveed,0,1,1,,,,,"",""
ball,2,0.2,Zimbabwe,Sikandar Raza,RW Chakabva,Mohammad Naveed,0,0,,,,,,"",""
ball,2,0.3,Zimbabwe,Sikandar Raza,RW Chakabva,Mohammad Naveed,0,0,,,,,,"",""
ball,2,0.4,Zimbabwe,Sikandar Raza,RW Chakabva,Mohammad Naveed,0,0,,,,,,"",""
ball,2,0.5,Zimbabwe,Sikandar Raza,RW Chakabva,Mohammad Naveed,0,0,,,,,,"",""
ball,2,0.6,Zimbabwe,Sikandar Raza,RW Chakabva,Mohammad Naveed,0,0,,,,,,"",""
ball,2,0.7,Zimbabwe,Sikandar Raza,RW Chakabva,Mohammad Naveed,0,0,,,,,,"",""
ball,2,1.1,Zimbabwe,RW Chakabva,Sikandar Raza,Amjad Javed,0,0,,,,,,"",""
ball,2,1.2,Zimbabwe,RW Chakabva,Sikandar Raza,Amjad Javed,1,0,,,,,,"",""
ball,2,1.3,Zimbabwe,Sikandar Raza,RW Chakabva,Amjad Javed,0,0,,,,,,"",""
ball,2,1.4,Zimbabwe,Sikandar Raza,RW Chakabva,Amjad Javed,0,1,,,,1,,"",""
ball,2,1.5,Zimbabwe,RW Chakabva,Sikandar Raza,Amjad Javed,0,0,,,,,,"",""
ball,2,1.6,Zimbabwe,RW Chakabva,Sikandar Raza,Amjad Javed,0,0,,,,,,"",""
ball,2,2.1,Zimbabwe,Sikandar Raza,RW Chakabva,Mohammad Naveed,0,0,,,,,,"",""
ball,2,2.2,Zimbabwe,Sikandar Raza,RW Chakabva,Mohammad Naveed,1,0,,,,,,"",""
ball,2,2.3,Zimbabwe,RW Chakabva,Sikandar Raza,Mohammad Naveed,0,0,,,,,,"",""
ball,2,2.4,Zimbabwe,RW Chakabva,Sikandar Raza,Mohammad Naveed,0,0,,,,,,"",""
ball,2,2.5,Zimbabwe,RW Chakabva,Sikandar Raza,Mohammad Naveed,0,0,,,,,,"",""
ball,2,2.6,Zimbabwe,RW Chakabva,Sikandar Raza,Mohammad Naveed,0,0,,,,,,"",""
ball,2,3.1,Zimbabwe,Sikandar Raza,RW Chakabva,Amjad Javed,0,0,,,,,,"",""
ball,2,3.2,Zimbabwe,Sikandar Raza,RW Chakabva,Amjad Javed,0,0,,,,,,"",""
ball,2,3.3,Zimbabwe,Sikandar Raza,RW Chakabva,Amjad Javed,0,0,,,,,,"",""
ball,2,3.4,Zimbabwe,Sikandar Raza,RW Chakabva,Amjad Javed,4,0,,,,,,"",""
ball,2,3.5,Zimbabwe,Sikandar Raza,RW Chakabva,Amjad Javed,1,0,,,,,,"",""
ball,2,3.6,Zimbabwe,RW Chakabva,Sikandar Raza,Amjad Javed,0,0,,,,,,"",""
ball,2,4.1,Zimbabwe,Sikandar Raza,RW Chakabva,Mohammad Naveed,0,0,,,,,,"",""
ball,2,4.2,Zimbabwe,Sikandar Raza,RW Chakabva,Mohammad Naveed,0,0,,,,,,"",""
ball,2,4.3,Zimbabwe,Sikandar Raza,RW Chakabva,Mohammad Naveed,3,0,,,,,,"",""
ball,2,4.4,Zimbabwe,RW Chakabva,Sikandar Raza,Mohammad Naveed,1,0,,,,,,"",""
ball,2,4.5,Zimbabwe,Sikandar Raza,RW Chakabva,Mohammad Naveed,1,0,,,,,,"",""
ball,2,4.6,Zimbabwe,RW Chakabva,Sikandar Raza,Mohammad Naveed,0,0,,,,,,"",""
ball,2,5.1,Zimbabwe,Sikandar Raza,RW Chakabva,Amjad Javed,2,0,,,,,,"",""
ball,2,5.2,Zimbabwe,Sikandar Raza,RW Chakabva,Amjad Javed,1,0,,,,,,"",""
ball,2,5.3,Zimbabwe,RW Chakabva,Sikandar Raza,Amjad Javed,0,0,,,,,,"",""
ball,2,5.4,Zimbabwe,RW Chakabva,Sikandar Raza,Amjad Javed,0,0,,,,,,"",""
ball,2,5.5,Zimbabwe,RW Chakabva,Sikandar Raza,Amjad Javed,1,0,,,,,,"",""
ball,2,5.6,Zimbabwe,Sikandar Raza,RW Chakabva,Amjad Javed,0,0,,,,,,"",""
ball,2,6.1,Zimbabwe,RW Chakabva,Sikandar Raza,Mohammad Naveed,0,0,,,,,,"",""
ball,2,6.2,Zimbabwe,RW Chakabva,Sikandar Raza,Mohammad Naveed,4,0,,,,,,"",""
ball,2,6.3,Zimbabwe,RW Chakabva,Sikandar Raza,Mohammad Naveed,0,0,,,,,,"",""
ball,2,6.4,Zimbabwe,RW Chakabva,Sikandar Raza,Mohammad Naveed,1,0,,,,,,"",""
ball,2,6.5,Zimbabwe,Sikandar Raza,RW Chakabva,Mohammad Naveed,1,0,,,,,,"",""
ball,2,6.6,Zimbabwe,RW Chakabva,Sikandar Raza,Mohammad Naveed,0,0,,,,,,"",""
ball,2,7.1,Zimbabwe,Sikandar Raza,RW Chakabva,Amjad Javed,0,0,,,,,,"",""
ball,2,7.2,Zimbabwe,Sikandar Raza,RW Chakabva,Amjad Javed,4,0,,,,,,"",""
ball,2,7.3,Zimbabwe,Sikandar Raza,RW Chakabva,Amjad Javed,0,1,1,,,,,"",""
ball,2,7.4,Zimbabwe,Sikandar Raza,RW Chakabva,Amjad Javed,0,1,1,,,,,"",""
ball,2,7.5,Zimbabwe,Sikandar Raza,RW Chakabva,Amjad Javed,4,0,,,,,,"",""
ball,2,7.6,Zimbabwe,Sikandar Raza,RW Chakabva,Amjad Javed,0,1,1,,,,,"",""
ball,2,7.7,Zimbabwe,Sikandar Raza,RW Chakabva,Amjad Javed,4,0,,,,,,"",""
ball,2,7.8,Zimbabwe,Sikandar Raza,RW Chakabva,Amjad Javed,0,0,,,,,,"",""
ball,2,7.9,Zimbabwe,Sikandar Raza,RW Chakabva,Amjad Javed,0,0,,,,,,"",""
ball,2,8.1,Zimbabwe,RW Chakabva,Sikandar Raza,Mohammad Naveed,0,0,,,,,,"",""
ball,2,8.2,Zimbabwe,RW Chakabva,Sikandar Raza,Mohammad Naveed,0,0,,,,,,"",""
ball,2,8.3,Zimbabwe,RW Chakabva,Sikandar Raza,Mohammad Naveed,1,0,,,,,,"",""
ball,2,8.4,Zimbabwe,Sikandar Raza,RW Chakabva,Mohammad Naveed,0,0,,,,,,"",""
ball,2,8.5,Zimbabwe,Sikandar Raza,RW Chakabva,Mohammad Naveed,6,0,,,,,,"",""
ball,2,8.6,Zimbabwe,Sikandar Raza,RW Chakabva,Mohammad Naveed,0,0,,,,,,"",""
ball,2,9.1,Zimbabwe,RW Chakabva,Sikandar Raza,Nasir Aziz,1,0,,,,,,"",""
ball,2,9.2,Zimbabwe,Sikandar Raza,RW Chakabva,Nasir Aziz,0,0,,,,,,"",""
ball,2,9.3,Zimbabwe,Sikandar Raza,RW Chakabva,Nasir Aziz,4,0,,,,,,"",""
ball,2,9.4,Zimbabwe,Sikandar Raza,RW Chakabva,Nasir Aziz,4,0,,,,,,"",""
ball,2,9.5,Zimbabwe,Sikandar Raza,RW Chakabva,Nasir Aziz,0,0,,,,,,"",""
ball,2,9.6,Zimbabwe,Sikandar Raza,RW Chakabva,Nasir Aziz,0,0,,,,,,"",""
ball,2,10.1,Zimbabwe,RW Chakabva,Sikandar Raza,Mohammad Naveed,0,0,,,,,,"",""
ball,2,10.2,Zimbabwe,RW Chakabva,Sikandar Raza,Mohammad Naveed,0,0,,,,,,"",""
ball,2,10.3,Zimbabwe,RW Chakabva,Sikandar Raza,Mohammad Naveed,0,0,,,,,,"",""
ball,2,10.4,Zimbabwe,RW Chakabva,Sikandar Raza,Mohammad Naveed,0,0,,,,,,"",""
ball,2,10.5,Zimbabwe,RW Chakabva,Sikandar Raza,Mohammad Naveed,0,0,,,,,,"",""
ball,2,10.6,Zimbabwe,RW Chakabva,Sikandar Raza,Mohammad Naveed,0,0,,,,,,"",""
ball,2,11.1,Zimbabwe,Sikandar Raza,RW Chakabva,Nasir Aziz,0,0,,,,,,"",""
ball,2,11.2,Zimbabwe,Sikandar Raza,RW Chakabva,Nasir Aziz,2,0,,,,,,"",""
ball,2,11.3,Zimbabwe,Sikandar Raza,RW Chakabva,Nasir Aziz,3,0,,,,,,"",""
ball,2,11.4,Zimbabwe,RW Chakabva,Sikandar Raza,Nasir Aziz,0,0,,,,,,"",""
ball,2,11.5,Zimbabwe,RW Chakabva,Sikandar Raza,Nasir Aziz,1,0,,,,,,"",""
ball,2,11.6,Zimbabwe,Sikandar Raza,RW Chakabva,Nasir Aziz,0,0,,,,,,"",""
ball,2,12.1,Zimbabwe,RW Chakabva,Sikandar Raza,Mohammad Tauqir,0,0,,,,,,"",""
ball,2,12.2,Zimbabwe,RW Chakabva,Sikandar Raza,Mohammad Tauqir,1,0,,,,,,"",""
ball,2,12.3,Zimbabwe,Sikandar Raza,RW Chakabva,Mohammad Tauqir,0,0,,,,,,"",""
ball,2,12.4,Zimbabwe,Sikandar Raza,RW Chakabva,Mohammad Tauqir,1,0,,,,,,"",""
ball,2,12.5,Zimbabwe,RW Chakabva,Sikandar Raza,Mohammad Tauqir,1,0,,,,,,"",""
ball,2,12.6,Zimbabwe,Sikandar Raza,RW Chakabva,Mohammad Tauqir,0,0,,,,,,caught,Sikandar Raza
ball,2,13.1,Zimbabwe,RW Chakabva,H Masakadza,Amjad Javed,0,0,,,,,,"",""
ball,2,13.2,Zimbabwe,RW Chakabva,H Masakadza,Amjad Javed,4,0,,,,,,"",""
ball,2,13.3,Zimbabwe,RW Chakabva,H Masakadza,Amjad Javed,0,0,,,,,,"",""
ball,2,13.4,Zimbabwe,RW Chakabva,H Masakadza,Amjad Javed,0,1,,,,1,,"",""
ball,2,13.5,Zimbabwe,H Masakadza,RW Chakabva,Amjad Javed,0,0,,,,,,"",""
ball,2,13.6,Zimbabwe,H Masakadza,RW Chakabva,Amjad Javed,0,0,,,,,,"",""
ball,2,14.1,Zimbabwe,RW Chakabva,H Masakadza,Mohammad Tauqir,0,0,,,,,,"",""
ball,2,14.2,Zimbabwe,RW Chakabva,H Masakadza,Mohammad Tauqir,0,0,,,,,,"",""
ball,2,14.3,Zimbabwe,RW Chakabva,H Masakadza,Mohammad Tauqir,0,0,,,,,,"",""
ball,2,14.4,Zimbabwe,RW Chakabva,H Masakadza,Mohammad Tauqir,0,1,1,,,,,"",""
ball,2,14.5,Zimbabwe,RW Chakabva,H Masakadza,Mohammad Tauqir,0,0,,,,,,"",""
ball,2,14.6,Zimbabwe,RW Chakabva,H Masakadza,Mohammad Tauqir,1,0,,,,,,"",""
ball,2,14.7,Zimbabwe,H Masakadza,RW Chakabva,Mohammad Tauqir,1,0,,,,,,"",""
ball,2,15.1,Zimbabwe,H Masakadza,RW Chakabva,Amjad Javed,0,0,,,,,,lbw,H Masakadza
ball,2,15.2,Zimbabwe,BRM Taylor,RW Chakabva,Amjad Javed,0,1,1,,,,,"",""
ball,2,15.3,Zimbabwe,BRM Taylor,RW Chakabva,Amjad Javed,2,0,,,,,,"",""
ball,2,15.4,Zimbabwe,BRM Taylor,RW Chakabva,Amjad Javed,1,0,,,,,,"",""
ball,2,15.5,Zimbabwe,RW Chakabva,BRM Taylor,Amjad Javed,4,0,,,,,,"",""
ball,2,15.6,Zimbabwe,RW Chakabva,BRM Taylor,Amjad Javed,0,0,,,,,,"",""
ball,2,15.7,Zimbabwe,RW Chakabva,BRM Taylor,Amjad Javed,0,1,1,,,,,"",""
ball,2,15.8,Zimbabwe,RW Chakabva,BRM Taylor,Amjad Javed,0,0,,,,,,"",""
ball,2,16.1,Zimbabwe,BRM Taylor,RW Chakabva,Mohammad Tauqir,1,0,,,,,,"",""
ball,2,16.2,Zimbabwe,RW Chakabva,BRM Taylor,Mohammad Tauqir,1,0,,,,,,"",""
ball,2,16.3,Zimbabwe,BRM Taylor,RW Chakabva,Mohammad Tauqir,0,0,,,,,,"",""
ball,2,16.4,Zimbabwe,BRM Taylor,RW Chakabva,Mohammad Tauqir,0,0,,,,,,"",""
ball,2,16.5,Zimbabwe,BRM Taylor,RW Chakabva,Mohammad Tauqir,1,0,,,,,,"",""
ball,2,16.6,Zimbabwe,RW Chakabva,BRM Taylor,Mohammad Tauqir,0,0,,,,,,"",""
ball,2,17.1,Zimbabwe,BRM Taylor,RW Chakabva,Krishna Chandran,0,0,,,,,,"",""
ball,2,17.2,Zimbabwe,BRM Taylor,RW Chakabva,Krishna Chandran,1,0,,,,,,"",""
ball,2,17.3,Zimbabwe,RW Chakabva,BRM Taylor,Krishna Chandran,0,0,,,,,,"",""
ball,2,17.4,Zimbabwe,RW Chakabva,BRM Taylor,Krishna Chandran,1,0,,,,,,"",""
ball,2,17.5,Zimbabwe,BRM Taylor,RW Chakabva,Krishna Chandran,0,0,,,,,,"",""
ball,2,17.6,Zimbabwe,BRM Taylor,RW Chakabva,Krishna Chandran,1,0,,,,,,"",""
ball,2,18.1,Zimbabwe,BRM Taylor,RW Chakabva,Mohammad Tauqir,0,0,,,,,,"",""
ball,2,18.2,Zimbabwe,BRM Taylor,RW Chakabva,Mohammad Tauqir,4,0,,,,,,"",""
ball,2,18.3,Zimbabwe,BRM Taylor,RW Chakabva,Mohammad Tauqir,1,0,,,,,,"",""
ball,2,18.4,Zimbabwe,RW Chakabva,BRM Taylor,Mohammad Tauqir,1,0,,,,,,"",""
ball,2,18.5,Zimbabwe,BRM Taylor,RW Chakabva,Mohammad Tauqir,0,0,,,,,,"",""
ball,2,18.6,Zimbabwe,BRM Taylor,RW Chakabva,Mohammad Tauqir,1,0,,,,,,"",""
ball,2,19.1,Zimbabwe,BRM Taylor,RW Chakabva,Krishna Chandran,1,0,,,,,,"",""
ball,2,19.2,Zimbabwe,RW Chakabva,BRM Taylor,Krishna Chandran,1,0,,,,,,"",""
ball,2,19.3,Zimbabwe,BRM Taylor,RW Chakabva,Krishna Chandran,1,0,,,,,,"",""
ball,2,19.4,Zimbabwe,RW Chakabva,BRM Taylor,Krishna Chandran,0,0,,,,,,"",""
ball,2,19.5,Zimbabwe,RW Chakabva,BRM Taylor,Krishna Chandran,0,0,,,,,,"",""
ball,2,19.6,Zimbabwe,RW Chakabva,BRM Taylor,Krishna Chandran,1,0,,,,,,"",""
ball,2,20.1,Zimbabwe,RW Chakabva,BRM Taylor,Mohammad Tauqir,4,0,,,,,,"",""
ball,2,20.2,Zimbabwe,RW Chakabva,BRM Taylor,Mohammad Tauqir,1,0,,,,,,"",""
ball,2,20.3,Zimbabwe,BRM Taylor,RW Chakabva,Mohammad Tauqir,0,0,,,,,,"",""
ball,2,20.4,Zimbabwe,BRM Taylor,RW Chakabva,Mohammad Tauqir,0,0,,,,,,"",""
ball,2,20.5,Zimbabwe,BRM Taylor,RW Chakabva,Mohammad Tauqir,0,0,,,,,,"",""
ball,2,20.6,Zimbabwe,BRM Taylor,RW Chakabva,Mohammad Tauqir,1,0,,,,,,"",""
ball,2,21.1,Zimbabwe,BRM Taylor,RW Chakabva,Krishna Chandran,4,0,,,,,,"",""
ball,2,21.2,Zimbabwe,BRM Taylor,RW Chakabva,Krishna Chandran,1,0,,,,,,"",""
ball,2,21.3,Zimbabwe,RW Chakabva,BRM Taylor,Krishna Chandran,0,0,,,,,,"",""
ball,2,21.4,Zimbabwe,RW Chakabva,BRM Taylor,Krishna Chandran,2,0,,,,,,"",""
ball,2,21.5,Zimbabwe,RW Chakabva,BRM Taylor,Krishna Chandran,0,0,,,,,,"",""
ball,2,21.6,Zimbabwe,RW Chakabva,BRM Taylor,Krishna Chandran,1,0,,,,,,"",""
ball,2,22.1,Zimbabwe,RW Chakabva,BRM Taylor,Mohammad Tauqir,0,0,,,,,,hit wicket,RW Chakabva
ball,2,22.2,Zimbabwe,SC Williams,BRM Taylor,Mohammad Tauqir,1,0,,,,,,"",""
ball,2,22.3,Zimbabwe,BRM Taylor,SC Williams,Mohammad Tauqir,0,0,,,,,,"",""
ball,2,22.4,Zimbabwe,BRM Taylor,SC Williams,Mohammad Tauqir,1,0,,,,,,"",""
ball,2,22.5,Zimbabwe,SC Williams,BRM Taylor,Mohammad Tauqir,0,0,,,,,,"",""
ball,2,22.6,Zimbabwe,SC Williams,BRM Taylor,Mohammad Tauqir,3,0,,,,,,"",""
ball,2,23.1,Zimbabwe,SC Williams,BRM Taylor,Nasir Aziz,1,0,,,,,,"",""
ball,2,23.2,Zimbabwe,BRM Taylor,SC Williams,Nasir Aziz,2,0,,,,,,"",""
ball,2,23.3,Zimbabwe,BRM Taylor,SC Williams,Nasir Aziz,0,0,,,,,,"",""
ball,2,23.4,Zimbabwe,BRM Taylor,SC Williams,Nasir Aziz,1,0,,,,,,"",""
ball,2,23.5,Zimbabwe,SC Williams,BRM Taylor,Nasir Aziz,0,0,,,,,,"",""
ball,2,23.6,Zimbabwe,SC Williams,BRM Taylor,Nasir Aziz,0,0,,,,,,"",""
ball,2,24.1,Zimbabwe,BRM Taylor,SC Williams,Mohammad Tauqir,0,0,,,,,,"",""
ball,2,24.2,Zimbabwe,BRM Taylor,SC Williams,Mohammad Tauqir,0,0,,,,,,"",""
ball,2,24.3,Zimbabwe,BRM Taylor,SC Williams,Mohammad Tauqir,4,0,,,,,,"",""
ball,2,24.4,Zimbabwe,BRM Taylor,SC Williams,Mohammad Tauqir,1,0,,,,,,"",""
ball,2,24.5,Zimbabwe,SC Williams,BRM Taylor,Mohammad Tauqir,0,0,,,,,,"",""
ball,2,24.6,Zimbabwe,SC Williams,BRM Taylor,Mohammad Tauqir,0,0,,,,,,"",""
ball,2,25.1,Zimbabwe,BRM Taylor,SC Williams,Nasir Aziz,0,0,,,,,,"",""
ball,2,25.2,Zimbabwe,BRM Taylor,SC Williams,Nasir Aziz,0,0,,,,,,"",""
ball,2,25.3,Zimbabwe,BRM Taylor,SC Williams,Nasir Aziz,6,0,,,,,,"",""
ball,2,25.4,Zimbabwe,BRM Taylor,SC Williams,Nasir Aziz,0,0,,,,,,"",""
ball,2,25.5,Zimbabwe,BRM Taylor,SC Williams,Nasir Aziz,0,0,,,,,,"",""
ball,2,25.6,Zimbabwe,BRM Taylor,SC Williams,Nasir Aziz,0,0,,,,,,"",""
ball,2,26.1,Zimbabwe,SC Williams,BRM Taylor,Mohammad Tauqir,0,0,,,,,,"",""
ball,2,26.2,Zimbabwe,SC Williams,BRM Taylor,Mohammad Tauqir,1,0,,,,,,"",""
ball,2,26.3,Zimbabwe,BRM Taylor,SC Williams,Mohammad Tauqir,4,0,,,,,,"",""
ball,2,26.4,Zimbabwe,BRM Taylor,SC Williams,Mohammad Tauqir,4,0,,,,,,"",""
ball,2,26.5,Zimbabwe,BRM Taylor,SC Williams,Mohammad Tauqir,1,0,,,,,,"",""
ball,2,26.6,Zimbabwe,SC Williams,BRM Taylor,Mohammad Tauqir,0,0,,,,,,"",""
ball,2,27.1,Zimbabwe,BRM Taylor,SC Williams,Nasir Aziz,2,0,,,,,,"",""
ball,2,27.2,Zimbabwe,BRM Taylor,SC Williams,Nasir Aziz,0,0,,,,,,"",""
ball,2,27.3,Zimbabwe,BRM Taylor,SC Williams,Nasir Aziz,0,0,,,,,,lbw,BRM Taylor
ball,2,27.4,Zimbabwe,SF Mire,SC Williams,Nasir Aziz,0,0,,,,,,"",""
ball,2,27.5,Zimbabwe,SF Mire,SC Williams,Nasir Aziz,0,0,,,,,,"",""
ball,2,27.6,Zimbabwe,SF Mire,SC Williams,Nasir Aziz,1,0,,,,,,"",""
ball,2,28.1,Zimbabwe,SF Mire,SC Williams,Mohammad Tauqir,0,0,,,,,,"",""
ball,2,28.2,Zimbabwe,SF Mire,SC Williams,Mohammad Tauqir,0,0,,,,,,"",""
ball,2,28.3,Zimbabwe,SF Mire,SC Williams,Mohammad Tauqir,1,0,,,,,,"",""
ball,2,28.4,Zimbabwe,SC Williams,SF Mire,Mohammad Tauqir,1,0,,,,,,"",""
ball,2,28.5,Zimbabwe,SF Mire,SC Williams,Mohammad Tauqir,1,0,,,,,,"",""
ball,2,28.6,Zimbabwe,SC Williams,SF Mire,Mohammad Tauqir,6,0,,,,,,"",""
ball,2,29.1,Zimbabwe,SF Mire,SC Williams,Nasir Aziz,2,0,,,,,,"",""
ball,2,29.2,Zimbabwe,SF Mire,SC Williams,Nasir Aziz,0,0,,,,,,"",""
ball,2,29.3,Zimbabwe,SF Mire,SC Williams,Nasir Aziz,0,0,,,,,,"",""
ball,2,29.4,Zimbabwe,SF Mire,SC Williams,Nasir Aziz,1,0,,,,,,"",""
ball,2,29.5,Zimbabwe,SC Williams,SF Mire,Nasir Aziz,0,0,,,,,,"",""
ball,2,29.6,Zimbabwe,SC Williams,SF Mire,Nasir Aziz,0,0,,,,,,"",""
ball,2,30.1,Zimbabwe,SF Mire,SC Williams,Mohammad Naveed,0,4,,,,4,,"",""
ball,2,30.2,Zimbabwe,SF Mire,SC Williams,Mohammad Naveed,1,0,,,,,,"",""
ball,2,30.3,Zimbabwe,SC Williams,SF Mire,Mohammad Naveed,1,0,,,,,,"",""
ball,2,30.4,Zimbabwe,SF Mire,SC Williams,Mohammad Naveed,0,0,,,,,,"",""
ball,2,30.5,Zimbabwe,SF Mire,SC Williams,Mohammad Naveed,1,0,,,,,,"",""
ball,2,30.6,Zimbabwe,SC Williams,SF Mire,Mohammad Naveed,1,0,,,,,,"",""
ball,2,31.1,Zimbabwe,SC Williams,SF Mire,Nasir Aziz,1,0,,,,,,"",""
ball,2,31.2,Zimbabwe,SF Mire,SC Williams,Nasir Aziz,0,0,,,,,,"",""
ball,2,31.3,Zimbabwe,SF Mire,SC Williams,Nasir Aziz,0,0,,,,,,"",""
ball,2,31.4,Zimbabwe,SF Mire,SC Williams,Nasir Aziz,1,0,,,,,,"",""
ball,2,31.5,Zimbabwe,SC Williams,SF Mire,Nasir Aziz,0,0,,,,,,"",""
ball,2,31.6,Zimbabwe,SC Williams,SF Mire,Nasir Aziz,0,0,,,,,,"",""
ball,2,32.1,Zimbabwe,SF Mire,SC Williams,Mohammad Naveed,0,0,,,,,,"",""
ball,2,32.2,Zimbabwe,SF Mire,SC Williams,Mohammad Naveed,0,0,,,,,,"",""
ball,2,32.3,Zimbabwe,SF Mire,SC Williams,Mohammad Naveed,0,0,,,,,,"",""
ball,2,32.4,Zimbabwe,SF Mire,SC Williams,Mohammad Naveed,0,0,,,,,,caught,SF Mire
ball,2,32.5,Zimbabwe,CR Ervine,SC Williams,Mohammad Naveed,0,0,,,,,,"",""
ball,2,32.6,Zimbabwe,CR Ervine,SC Williams,Mohammad Naveed,3,0,,,,,,"",""
ball,2,33.1,Zimbabwe,CR Ervine,SC Williams,Nasir Aziz,1,0,,,,,,"",""
ball,2,33.2,Zimbabwe,SC Williams,CR Ervine,Nasir Aziz,0,0,,,,,,"",""
ball,2,33.3,Zimbabwe,SC Williams,CR Ervine,Nasir Aziz,1,0,,,,,,"",""
ball,2,33.4,Zimbabwe,CR Ervine,SC Williams,Nasir Aziz,1,0,,,,,,"",""
ball,2,33.5,Zimbabwe,SC Williams,CR Ervine,Nasir Aziz,2,0,,,,,,"",""
ball,2,33.6,Zimbabwe,SC Williams,CR Ervine,Nasir Aziz,0,0,,,,,,"",""
ball,2,34.1,Zimbabwe,CR Ervine,SC Williams,Krishna Chandran,0,0,,,,,,"",""
ball,2,34.2,Zimbabwe,CR Ervine,SC Williams,Krishna Chandran,0,0,,,,,,"",""
ball,2,34.3,Zimbabwe,CR Ervine,SC Williams,Krishna Chandran,0,0,,,,,,"",""
ball,2,34.4,Zimbabwe,CR Ervine,SC Williams,Krishna Chandran,1,0,,,,,,"",""
ball,2,34.5,Zimbabwe,SC Williams,CR Ervine,Krishna Chandran,0,0,,,,,,"",""
ball,2,34.6,Zimbabwe,SC Williams,CR Ervine,Krishna Chandran,1,0,,,,,,"",""
ball,2,35.1,Zimbabwe,SC Williams,CR Ervine,Nasir Aziz,0,0,,,,,,"",""
ball,2,35.2,Zimbabwe,SC Williams,CR Ervine,Nasir Aziz,1,0,,,,,,"",""
ball,2,35.3,Zimbabwe,CR Ervine,SC Williams,Nasir Aziz,1,0,,,,,,"",""
ball,2,35.4,Zimbabwe,SC Williams,CR Ervine,Nasir Aziz,1,0,,,,,,"",""
ball,2,35.5,Zimbabwe,CR Ervine,SC Williams,Nasir Aziz,0,0,,,,,,"",""
ball,2,35.6,Zimbabwe,CR Ervine,SC Williams,Nasir Aziz,3,0,,,,,,"",""
ball,2,36.1,Zimbabwe,CR Ervine,SC Williams,Krishna Chandran,0,0,,,,,,"",""
ball,2,36.2,Zimbabwe,CR Ervine,SC Williams,Krishna Chandran,6,0,,,,,,"",""
ball,2,36.3,Zimbabwe,CR Ervine,SC Williams,Krishna Chandran,1,0,,,,,,"",""
ball,2,36.4,Zimbabwe,SC Williams,CR Ervine,Krishna Chandran,1,0,,,,,,"",""
ball,2,36.5,Zimbabwe,CR Ervine,SC Williams,Krishna Chandran,0,0,,,,,,"",""
ball,2,36.6,Zimbabwe,CR Ervine,SC Williams,Krishna Chandran,0,0,,,,,,"",""
ball,2,37.1,Zimbabwe,SC Williams,CR Ervine,Nasir Aziz,1,0,,,,,,"",""
ball,2,37.2,Zimbabwe,CR Ervine,SC Williams,Nasir Aziz,1,0,,,,,,"",""
ball,2,37.3,Zimbabwe,SC Williams,CR Ervine,Nasir Aziz,4,0,,,,,,"",""
ball,2,37.4,Zimbabwe,SC Williams,CR Ervine,Nasir Aziz,1,0,,,,,,"",""
ball,2,37.5,Zimbabwe,CR Ervine,SC Williams,Nasir Aziz,1,0,,,,,,"",""
ball,2,37.6,Zimbabwe,SC Williams,CR Ervine,Nasir Aziz,1,0,,,,,,"",""
ball,2,38.1,Zimbabwe,SC Williams,CR Ervine,Krishna Chandran,1,0,,,,,,"",""
ball,2,38.2,Zimbabwe,CR Ervine,SC Williams,Krishna Chandran,0,0,,,,,,"",""
ball,2,38.3,Zimbabwe,CR Ervine,SC Williams,Krishna Chandran,6,0,,,,,,"",""
ball,2,38.4,Zimbabwe,CR Ervine,SC Williams,Krishna Chandran,1,0,,,,,,"",""
ball,2,38.5,Zimbabwe,SC Williams,CR Ervine,Krishna Chandran,4,0,,,,,,"",""
ball,2,38.6,Zimbabwe,SC Williams,CR Ervine,Krishna Chandran,2,0,,,,,,"",""
ball,2,39.1,Zimbabwe,CR Ervine,SC Williams,Rohan Mustafa,0,0,,,,,,"",""
ball,2,39.2,Zimbabwe,CR Ervine,SC Williams,Rohan Mustafa,2,0,,,,,,"",""
ball,2,39.3,Zimbabwe,CR Ervine,SC Williams,Rohan Mustafa,1,0,,,,,,"",""
ball,2,39.4,Zimbabwe,SC Williams,CR Ervine,Rohan Mustafa,1,0,,,,,,"",""
ball,2,39.5,Zimbabwe,CR Ervine,SC Williams,Rohan Mustafa,0,0,,,,,,"",""
ball,2,39.6,Zimbabwe,CR Ervine,SC Williams,Rohan Mustafa,4,0,,,,,,"",""
ball,2,40.1,Zimbabwe,SC Williams,CR Ervine,Mohammad Naveed,0,1,1,,,,,"",""
ball,2,40.2,Zimbabwe,SC Williams,CR Ervine,Mohammad Naveed,0,1,1,,,,,"",""
ball,2,40.3,Zimbabwe,SC Williams,CR Ervine,Mohammad Naveed,2,0,,,,,,"",""
ball,2,40.4,Zimbabwe,SC Williams,CR Ervine,Mohammad Naveed,4,0,,,,,,"",""
ball,2,40.5,Zimbabwe,SC Williams,CR Ervine,Mohammad Naveed,0,1,1,,,,,"",""
ball,2,40.6,Zimbabwe,SC Williams,CR Ervine,Mohammad Naveed,2,0,,,,,,"",""
ball,2,40.7,Zimbabwe,SC Williams,CR Ervine,Mohammad Naveed,4,0,,,,,,"",""
ball,2,40.8,Zimbabwe,SC Williams,CR Ervine,Mohammad Naveed,1,0,,,,,,"",""
ball,2,40.9,Zimbabwe,CR Ervine,SC Williams,Mohammad Naveed,1,0,,,,,,"",""
ball,2,41.1,Zimbabwe,CR Ervine,SC Williams,Amjad Javed,1,0,,,,,,"",""
ball,2,41.2,Zimbabwe,SC Williams,CR Ervine,Amjad Javed,0,0,,,,,,"",""
ball,2,41.3,Zimbabwe,SC Williams,CR Ervine,Amjad Javed,0,0,,,,,,"",""
ball,2,41.4,Zimbabwe,SC Williams,CR Ervine,Amjad Javed,0,0,,,,,,"",""
ball,2,41.5,Zimbabwe,SC Williams,CR Ervine,Amjad Javed,0,0,,,,,,"",""
ball,2,41.6,Zimbabwe,SC Williams,CR Ervine,Amjad Javed,1,0,,,,,,"",""
ball,2,42.1,Zimbabwe,SC Williams,CR Ervine,Krishna Chandran,1,0,,,,,,"",""
ball,2,42.2,Zimbabwe,CR Ervine,SC Williams,Krishna Chandran,2,0,,,,,,"",""
ball,2,42.3,Zimbabwe,CR Ervine,SC Williams,Krishna Chandran,4,0,,,,,,"",""
ball,2,42.4,Zimbabwe,CR Ervine,SC Williams,Krishna Chandran,1,0,,,,,,"",""
ball,2,42.5,Zimbabwe,SC Williams,CR Ervine,Krishna Chandran,1,0,,,,,,"",""
ball,2,42.6,Zimbabwe,CR Ervine,SC Williams,Krishna Chandran,0,0,,,,,,caught and bowled,CR Ervine
ball,2,43.1,Zimbabwe,SC Williams,E Chigumbura,Amjad Javed,0,0,,,,,,"",""
ball,2,43.2,Zimbabwe,SC Williams,E Chigumbura,Amjad Javed,0,0,,,,,,"",""
ball,2,43.3,Zimbabwe,SC Williams,E Chigumbura,Amjad Javed,1,0,,,,,,"",""
ball,2,43.4,Zimbabwe,E Chigumbura,SC Williams,Amjad Javed,0,0,,,,,,"",""
ball,2,43.5,Zimbabwe,E Chigumbura,SC Williams,Amjad Javed,0,0,,,,,,"",""
ball,2,43.6,Zimbabwe,E Chigumbura,SC Williams,Amjad Javed,0,0,,,,,,"",""
ball,2,44.1,Zimbabwe,SC Williams,E Chigumbura,Krishna Chandran,0,0,,,,,,"",""
ball,2,44.2,Zimbabwe,SC Williams,E Chigumbura,Krishna Chandran,1,0,,,,,,"",""
ball,2,44.3,Zimbabwe,E Chigumbura,SC Williams,Krishna Chandran,2,0,,,,,,"",""
ball,2,44.4,Zimbabwe,E Chigumbura,SC Williams,Krishna Chandran,0,0,,,,,,"",""
ball,2,44.5,Zimbabwe,E Chigumbura,SC Williams,Krishna Chandran,0,0,,,,,,"",""
ball,2,44.6,Zimbabwe,E Chigumbura,SC Williams,Krishna Chandran,1,0,,,,,,"",""
ball,2,45.1,Zimbabwe,E Chigumbura,SC Williams,Amjad Javed,1,0,,,,,,"",""
ball,2,45.2,Zimbabwe,SC Williams,E Chigumbura,Amjad Javed,1,0,,,,,,"",""
ball,2,45.3,Zimbabwe,E Chigumbura,SC Williams,Amjad Javed,1,0,,,,,,"",""
ball,2,45.4,Zimbabwe,SC Williams,E Chigumbura,Amjad Javed,1,0,,,,,,"",""
ball,2,45.5,Zimbabwe,E Chigumbura,SC Williams,Amjad Javed,0,0,,,,,,"",""
ball,2,45.6,Zimbabwe,E Chigumbura,SC Williams,Amjad Javed,4,0,,,,,,"",""
ball,2,46.1,Zimbabwe,SC Williams,E Chigumbura,Krishna Chandran,0,0,,,,,,"",""
ball,2,46.2,Zimbabwe,SC Williams,E Chigumbura,Krishna Chandran,2,0,,,,,,"",""
ball,2,46.3,Zimbabwe,SC Williams,E Chigumbura,Krishna Chandran,1,0,,,,,,"",""
ball,2,46.4,Zimbabwe,E Chigumbura,SC Williams,Krishna Chandran,0,0,,,,,,"",""
ball,2,46.5,Zimbabwe,E Chigumbura,SC Williams,Krishna Chandran,4,0,,,,,,"",""
ball,2,46.6,Zimbabwe,E Chigumbura,SC Williams,Krishna Chandran,0,0,,,,,,"",""
ball,2,47.1,Zimbabwe,SC Williams,E Chigumbura,Mohammad Naveed,1,0,,,,,,"",""
ball,2,47.2,Zimbabwe,E Chigumbura,SC Williams,Mohammad Naveed,1,0,,,,,,"",""
ball,2,47.3,Zimbabwe,SC Williams,E Chigumbura,Mohammad Naveed,2,0,,,,,,"",""
ball,2,47.4,Zimbabwe,SC Williams,E Chigumbura,Mohammad Naveed,4,0,,,,,,"",""
ball,2,47.5,Zimbabwe,SC Williams,E Chigumbura,Mohammad Naveed,4,0,,,,,,"",""
ball,2,47.6,Zimbabwe,SC Williams,E Chigumbura,Mohammad Naveed,4,0,,,,,,"",""
