version,1.6.0
info,balls_per_over,6
info,team,New Zealand
info,team,Bangladesh
info,gender,male
info,season,2014/15
info,date,2015/03/13
info,event,ICC Cricket World Cup
info,match_number,37
info,venue,Seddon Park
info,city,Hamilton
info,toss_winner,New Zealand
info,toss_decision,field
info,player_of_match,MJ Guptill
info,umpire,HDPK Dharmasena
info,umpire,RA Kettleborough
info,reserve_umpire,JD Cloete
info,tv_umpire,NJ Llong
info,match_referee,BC Broad
info,winner,New Zealand
info,winner_wickets,3
info,player,Bangladesh,Tamim Iqbal
info,player,Bangladesh,Imrul Kayes
info,player,Bangladesh,Soumya Sarkar
info,player,Bangladesh,Mahmudullah
info,player,Bangladesh,Shakib Al Hasan
info,player,Bangladesh,Mushfiqur Rahim
info,player,Bangladesh,Sabbir Rahman
info,player,Bangladesh,Nasir Hossain
info,player,Bangladesh,Rubel Hossain
info,player,Bangladesh,Taijul Islam
info,player,Bangladesh,Taskin Ahmed
info,player,New Zealand,MJ Guptill
info,player,New Zealand,BB McCullum
info,player,New Zealand,KS Williamson
info,player,New Zealand,LRPL Taylor
info,player,New Zealand,GD Elliott
info,player,New Zealand,CJ Anderson
info,player,New Zealand,L Ronchi
info,player,New Zealand,DL Vettori
info,player,New Zealand,TG Southee
info,player,New Zealand,TA Boult
info,player,New Zealand,MJ McClenaghan
info,registry,people,BB McCullum,b8a55852
info,registry,people,BC Broad,d6a7dd38
info,registry,people,CJ Anderson,8abdf100
info,registry,people,DL Vettori,d7c6af50
info,registry,people,GD Elliott,c03449e0
info,registry,people,HDPK Dharmasena,323e4c16
info,registry,people,Imrul Kayes,5fbe14fc
info,registry,people,JD Cloete,b0419f8c
info,registry,people,KS Williamson,d027ba9f
info,registry,people,L Ronchi,0fa5042b
info,registry,people,LRPL Taylor,b61a3e1a
info,registry,people,MJ Guptill,2be41edb
info,registry,people,MJ McClenaghan,51a3c5ef
info,registry,people,Mahmudullah,bf1d7d3e
info,registry,people,Mushfiqur Rahim,a94e08ea
info,registry,people,NJ Llong,573fb985
info,registry,people,Nasir Hossain,6eea0b32
info,registry,people,RA Kettleborough,4017868f
info,registry,people,Rubel Hossain,f56cd097
info,registry,people,Sabbir Rahman,7147f314
info,registry,people,Shakib Al Hasan,7dc35884
info,registry,people,Soumya Sarkar,4d9f9686
info,registry,people,TA Boult,a818c1be
info,registry,people,TG Southee,13c35c9e
info,registry,people,Taijul Islam,9d1d34bd
info,registry,people,Tamim Iqbal,3b041a12
info,registry,people,Taskin Ahmed,ef18b66e
ball,1,0.1,Bangladesh,Tamim Iqbal,Imrul Kayes,TG Southee,1,0,,,,,,"",""
ball,1,0.2,Bangladesh,Imrul Kayes,Tamim Iqbal,TG Southee,0,0,,,,,,"",""
ball,1,0.3,Bangladesh,Imrul Kayes,Tamim Iqbal,TG Southee,1,0,,,,,,"",""
ball,1,0.4,Bangladesh,Tamim Iqbal,Imrul Kayes,TG Southee,0,0,,,,,,"",""
ball,1,0.5,Bangladesh,Tamim Iqbal,Imrul Kayes,TG Southee,0,0,,,,,,"",""
ball,1,0.6,Bangladesh,Tamim Iqbal,Imrul Kayes,TG Southee,0,0,,,,,,"",""
ball,1,1.1,Bangladesh,Imrul Kayes,Tamim Iqbal,TA Boult,0,0,,,,,,"",""
ball,1,1.2,Bangladesh,Imrul Kayes,Tamim Iqbal,TA Boult,0,0,,,,,,"",""
ball,1,1.3,Bangladesh,Imrul Kayes,Tamim Iqbal,TA Boult,0,0,,,,,,"",""
ball,1,1.4,Bangladesh,Imrul Kayes,Tamim Iqbal,TA Boult,0,0,,,,,,"",""
ball,1,1.5,Bangladesh,Imrul Kayes,Tamim Iqbal,TA Boult,0,0,,,,,,"",""
ball,1,1.6,Bangladesh,Imrul Kayes,Tamim Iqbal,TA Boult,0,0,,,,,,"",""
ball,1,2.1,Bangladesh,Tamim Iqbal,Imrul Kayes,TG Southee,0,0,,,,,,"",""
ball,1,2.2,Bangladesh,Tamim Iqbal,Imrul Kayes,TG Southee,0,0,,,,,,"",""
ball,1,2.3,Bangladesh,Tamim Iqbal,Imrul Kayes,TG Southee,0,0,,,,,,"",""
ball,1,2.4,Bangladesh,Tamim Iqbal,Imrul Kayes,TG Southee,0,0,,,,,,"",""
ball,1,2.5,Bangladesh,Tamim Iqbal,Imrul Kayes,TG Southee,1,0,,,,,,"",""
ball,1,2.6,Bangladesh,Imrul Kayes,Tamim Iqbal,TG Southee,0,0,,,,,,"",""
ball,1,3.1,Bangladesh,Tamim Iqbal,Imrul Kayes,TA Boult,0,0,,,,,,"",""
ball,1,3.2,Bangladesh,Tamim Iqbal,Imrul Kayes,TA Boult,0,0,,,,,,"",""
ball,1,3.3,Bangladesh,Tamim Iqbal,Imrul Kayes,TA Boult,0,0,,,,,,"",""
ball,1,3.4,Bangladesh,Tamim Iqbal,Imrul Kayes,TA Boult,0,0,,,,,,"",""
ball,1,3.5,Bangladesh,Tamim Iqbal,Imrul Kayes,TA Boult,0,0,,,,,,"",""
ball,1,3.6,Bangladesh,Tamim Iqbal,Imrul Kayes,TA Boult,0,0,,,,,,"",""
ball,1,4.1,Bangladesh,Imrul Kayes,Tamim Iqbal,TG Southee,0,0,,,,,,"",""
ball,1,4.2,Bangladesh,Imrul Kayes,Tamim Iqbal,TG Southee,0,0,,,,,,"",""
ball,1,4.3,Bangladesh,Imrul Kayes,Tamim Iqbal,TG Southee,0,0,,,,,,"",""
ball,1,4.4,Bangladesh,Imrul Kayes,Tamim Iqbal,TG Southee,0,0,,,,,,"",""
ball,1,4.5,Bangladesh,Imrul Kayes,Tamim Iqbal,TG Southee,0,0,,,,,,"",""
ball,1,4.6,Bangladesh,Imrul Kayes,Tamim Iqbal,TG Southee,1,0,,,,,,"",""
ball,1,5.1,Bangladesh,Imrul Kayes,Tamim Iqbal,TA Boult,0,0,,,,,,"",""
ball,1,5.2,Bangladesh,Imrul Kayes,Tamim Iqbal,TA Boult,0,0,,,,,,"",""
ball,1,5.3,Bangladesh,Imrul Kayes,Tamim Iqbal,TA Boult,0,0,,,,,,"",""
ball,1,5.4,Bangladesh,Imrul Kayes,Tamim Iqbal,TA Boult,0,0,,,,,,bowled,Imrul Kayes
ball,1,5.5,Bangladesh,Soumya Sarkar,Tamim Iqbal,TA Boult,0,0,,,,,,"",""
ball,1,5.6,Bangladesh,Soumya Sarkar,Tamim Iqbal,TA Boult,0,0,,,,,,"",""
ball,1,6.1,Bangladesh,Tamim Iqbal,Soumya Sarkar,TG Southee,2,0,,,,,,"",""
ball,1,6.2,Bangladesh,Tamim Iqbal,Soumya Sarkar,TG Southee,0,0,,,,,,"",""
ball,1,6.3,Bangladesh,Tamim Iqbal,Soumya Sarkar,TG Southee,0,0,,,,,,"",""
ball,1,6.4,Bangladesh,Tamim Iqbal,Soumya Sarkar,TG Southee,1,0,,,,,,"",""
ball,1,6.5,Bangladesh,Soumya Sarkar,Tamim Iqbal,TG Southee,1,0,,,,,,"",""
ball,1,6.6,Bangladesh,Tamim Iqbal,Soumya Sarkar,TG Southee,0,0,,,,,,"",""
ball,1,7.1,Bangladesh,Soumya Sarkar,Tamim Iqbal,TA Boult,0,0,,,,,,"",""
ball,1,7.2,Bangladesh,Soumya Sarkar,Tamim Iqbal,TA Boult,0,0,,,,,,"",""
ball,1,7.3,Bangladesh,Soumya Sarkar,Tamim Iqbal,TA Boult,3,0,,,,,,"",""
ball,1,7.4,Bangladesh,Tamim Iqbal,Soumya Sarkar,TA Boult,4,0,,,,,,"",""
ball,1,7.5,Bangladesh,Tamim Iqbal,Soumya Sarkar,TA Boult,0,0,,,,,,"",""
ball,1,7.6,Bangladesh,Tamim Iqbal,Soumya Sarkar,TA Boult,0,0,,,,,,"",""
ball,1,8.1,Bangladesh,Soumya Sarkar,Tamim Iqbal,TG Southee,0,0,,,,,,"",""
ball,1,8.2,Bangladesh,Soumya Sarkar,Tamim Iqbal,TG Southee,4,0,,,,,,"",""
ball,1,8.3,Bangladesh,Soumya Sarkar,Tamim Iqbal,TG Southee,4,0,,,,,,"",""
ball,1,8.4,Bangladesh,Soumya Sarkar,Tamim Iqbal,TG Southee,0,0,,,,,,"",""
ball,1,8.5,Bangladesh,Soumya Sarkar,Tamim Iqbal,TG Southee,0,0,,,,,,"",""
ball,1,8.6,Bangladesh,Soumya Sarkar,Tamim Iqbal,TG Southee,0,0,,,,,,"",""
ball,1,9.1,Bangladesh,Tamim Iqbal,Soumya Sarkar,TA Boult,0,0,,,,,,"",""
ball,1,9.2,Bangladesh,Tamim Iqbal,Soumya Sarkar,TA Boult,4,0,,,,,,"",""
ball,1,9.3,Bangladesh,Tamim Iqbal,Soumya Sarkar,TA Boult,0,0,,,,,,"",""
ball,1,9.4,Bangladesh,Tamim Iqbal,Soumya Sarkar,TA Boult,0,0,,,,,,caught,Tamim Iqbal
ball,1,9.5,Bangladesh,Mahmudullah,Soumya Sarkar,TA Boult,1,0,,,,,,"",""
ball,1,9.6,Bangladesh,Soumya Sarkar,Mahmudullah,TA Boult,0,1,1,,,,,"",""
ball,1,9.7,Bangladesh,Soumya Sarkar,Mahmudullah,TA Boult,0,0,,,,,,"",""
ball,1,10.1,Bangladesh,Mahmudullah,Soumya Sarkar,TG Southee,0,0,,,,,,"",""
ball,1,10.2,Bangladesh,Mahmudullah,Soumya Sarkar,TG Southee,4,0,,,,,,"",""
ball,1,10.3,Bangladesh,Mahmudullah,Soumya Sarkar,TG Southee,0,0,,,,,,"",""
ball,1,10.4,Bangladesh,Mahmudullah,Soumya Sarkar,TG Southee,0,0,,,,,,"",""
ball,1,10.5,Bangladesh,Mahmudullah,Soumya Sarkar,TG Southee,1,0,,,,,,"",""
ball,1,10.6,Bangladesh,Soumya Sarkar,Mahmudullah,TG Southee,4,0,,,,,,"",""
ball,1,11.1,Bangladesh,Mahmudullah,Soumya Sarkar,TA Boult,0,0,,,,,,"",""
ball,1,11.2,Bangladesh,Mahmudullah,Soumya Sarkar,TA Boult,0,0,,,,,,"",""
ball,1,11.3,Bangladesh,Mahmudullah,Soumya Sarkar,TA Boult,0,0,,,,,,"",""
ball,1,11.4,Bangladesh,Mahmudullah,Soumya Sarkar,TA Boult,1,0,,,,,,"",""
ball,1,11.5,Bangladesh,Soumya Sarkar,Mahmudullah,TA Boult,4,0,,,,,,"",""
ball,1,11.6,Bangladesh,Soumya Sarkar,Mahmudullah,TA Boult,1,0,,,,,,"",""
ball,1,12.1,Bangladesh,Soumya Sarkar,Mahmudullah,MJ McClenaghan,4,0,,,,,,"",""
ball,1,12.2,Bangladesh,Soumya Sarkar,Mahmudullah,MJ McClenaghan,1,0,,,,,,"",""
ball,1,12.3,Bangladesh,Mahmudullah,Soumya Sarkar,MJ McClenaghan,0,0,,,,,,"",""
ball,1,12.4,Bangladesh,Mahmudullah,Soumya Sarkar,MJ McClenaghan,1,0,,,,,,"",""
ball,1,12.5,Bangladesh,Soumya Sarkar,Mahmudullah,MJ McClenaghan,4,0,,,,,,"",""
ball,1,12.6,Bangladesh,Soumya Sarkar,Mahmudullah,MJ McClenaghan,1,0,,,,,,"",""
ball,1,13.1,Bangladesh,Soumya Sarkar,Mahmudullah,TA Boult,1,0,,,,,,"",""
ball,1,13.2,Bangladesh,Mahmudullah,Soumya Sarkar,TA Boult,4,0,,,,,,"",""
ball,1,13.3,Bangladesh,Mahmudullah,Soumya Sarkar,TA Boult,2,0,,,,,,"",""
ball,1,13.4,Bangladesh,Mahmudullah,Soumya Sarkar,TA Boult,4,0,,,,,,"",""
ball,1,13.5,Bangladesh,Mahmudullah,Soumya Sarkar,TA Boult,4,0,,,,,,"",""
ball,1,13.6,Bangladesh,Mahmudullah,Soumya Sarkar,TA Boult,2,0,,,,,,"",""
ball,1,14.1,Bangladesh,Soumya Sarkar,Mahmudullah,DL Vettori,0,0,,,,,,"",""
ball,1,14.2,Bangladesh,Soumya Sarkar,Mahmudullah,DL Vettori,0,0,,,,,,"",""
ball,1,14.3,Bangladesh,Soumya Sarkar,Mahmudullah,DL Vettori,0,0,,,,,,"",""
ball,1,14.4,Bangladesh,Soumya Sarkar,Mahmudullah,DL Vettori,1,0,,,,,,"",""
ball,1,14.5,Bangladesh,Mahmudullah,Soumya Sarkar,DL Vettori,0,0,,,,,,"",""
ball,1,14.6,Bangladesh,Mahmudullah,Soumya Sarkar,DL Vettori,0,0,,,,,,"",""
ball,1,15.1,Bangladesh,Soumya Sarkar,Mahmudullah,CJ Anderson,1,0,,,,,,"",""
ball,1,15.2,Bangladesh,Mahmudullah,Soumya Sarkar,CJ Anderson,0,1,,,,1,,"",""
ball,1,15.3,Bangladesh,Soumya Sarkar,Mahmudullah,CJ Anderson,1,0,,,,,,"",""
ball,1,15.4,Bangladesh,Mahmudullah,Soumya Sarkar,CJ Anderson,0,0,,,,,,"",""
ball,1,15.5,Bangladesh,Mahmudullah,Soumya Sarkar,CJ Anderson,1,0,,,,,,"",""
ball,1,15.6,Bangladesh,Soumya Sarkar,Mahmudullah,CJ Anderson,0,0,,,,,,"",""
ball,1,16.1,Bangladesh,Mahmudullah,Soumya Sarkar,DL Vettori,1,0,,,,,,"",""
ball,1,16.2,Bangladesh,Soumya Sarkar,Mahmudullah,DL Vettori,0,0,,,,,,"",""
ball,1,16.3,Bangladesh,Soumya Sarkar,Mahmudullah,DL Vettori,1,0,,,,,,"",""
ball,1,16.4,Bangladesh,Mahmudullah,Soumya Sarkar,DL Vettori,0,0,,,,,,"",""
ball,1,16.5,Bangladesh,Mahmudullah,Soumya Sarkar,DL Vettori,0,0,,,,,,"",""
ball,1,16.6,Bangladesh,Mahmudullah,Soumya Sarkar,DL Vettori,1,0,,,,,,"",""
ball,1,17.1,Bangladesh,Mahmudullah,Soumya Sarkar,CJ Anderson,0,0,,,,,,"",""
ball,1,17.2,Bangladesh,Mahmudullah,Soumya Sarkar,CJ Anderson,0,0,,,,,,"",""
ball,1,17.3,Bangladesh,Mahmudullah,Soumya Sarkar,CJ Anderson,0,0,,,,,,"",""
ball,1,17.4,Bangladesh,Mahmudullah,Soumya Sarkar,CJ Anderson,0,0,,,,,,"",""
ball,1,17.5,Bangladesh,Mahmudullah,Soumya Sarkar,CJ Anderson,0,0,,,,,,"",""
ball,1,17.6,Bangladesh,Mahmudullah,Soumya Sarkar,CJ Anderson,1,0,,,,,,"",""
ball,1,18.1,Bangladesh,Mahmudullah,Soumya Sarkar,MJ McClenaghan,1,0,,,,,,"",""
ball,1,18.2,Bangladesh,Soumya Sarkar,Mahmudullah,MJ McClenaghan,0,0,,,,,,"",""
ball,1,18.3,Bangladesh,Soumya Sarkar,Mahmudullah,MJ McClenaghan,0,0,,,,,,"",""
ball,1,18.4,Bangladesh,Soumya Sarkar,Mahmudullah,MJ McClenaghan,0,0,,,,,,"",""
ball,1,18.5,Bangladesh,Soumya Sarkar,Mahmudullah,MJ McClenaghan,1,0,,,,,,"",""
ball,1,18.6,Bangladesh,Mahmudullah,Soumya Sarkar,MJ McClenaghan,1,0,,,,,,"",""
ball,1,19.1,Bangladesh,Mahmudullah,Soumya Sarkar,CJ Anderson,0,0,,,,,,"",""
ball,1,19.2,Bangladesh,Mahmudullah,Soumya Sarkar,CJ Anderson,0,0,,,,,,"",""
ball,1,19.3,Bangladesh,Mahmudullah,Soumya Sarkar,CJ Anderson,0,0,,,,,,"",""
ball,1,19.4,Bangladesh,Mahmudullah,Soumya Sarkar,CJ Anderson,0,0,,,,,,"",""
ball,1,19.5,Bangladesh,Mahmudullah,Soumya Sarkar,CJ Anderson,0,0,,,,,,"",""
ball,1,19.6,Bangladesh,Mahmudullah,Soumya Sarkar,CJ Anderson,1,0,,,,,,"",""
ball,1,20.1,Bangladesh,Mahmudullah,Soumya Sarkar,MJ McClenaghan,2,0,,,,,,"",""
ball,1,20.2,Bangladesh,Mahmudullah,Soumya Sarkar,MJ McClenaghan,1,0,,,,,,"",""
ball,1,20.3,Bangladesh,Soumya Sarkar,Mahmudullah,MJ McClenaghan,0,0,,,,,,"",""
ball,1,20.4,Bangladesh,Soumya Sarkar,Mahmudullah,MJ McClenaghan,0,0,,,,,,"",""
ball,1,20.5,Bangladesh,Soumya Sarkar,Mahmudullah,MJ McClenaghan,1,0,,,,,,"",""
ball,1,20.6,Bangladesh,Mahmudullah,Soumya Sarkar,MJ McClenaghan,0,0,,,,,,"",""
ball,1,21.1,Bangladesh,Soumya Sarkar,Mahmudullah,DL Vettori,0,0,,,,,,"",""
ball,1,21.2,Bangladesh,Soumya Sarkar,Mahmudullah,DL Vettori,1,0,,,,,,"",""
ball,1,21.3,Bangladesh,Mahmudullah,Soumya Sarkar,DL Vettori,1,0,,,,,,"",""
ball,1,21.4,Bangladesh,Soumya Sarkar,Mahmudullah,DL Vettori,0,0,,,,,,"",""
ball,1,21.5,Bangladesh,Soumya Sarkar,Mahmudullah,DL Vettori,1,0,,,,,,"",""
ball,1,21.6,Bangladesh,Mahmudullah,Soumya Sarkar,DL Vettori,0,0,,,,,,"",""
ball,1,22.1,Bangladesh,Soumya Sarkar,Mahmudullah,MJ McClenaghan,1,0,,,,,,"",""
ball,1,22.2,Bangladesh,Mahmudullah,Soumya Sarkar,MJ McClenaghan,0,0,,,,,,"",""
ball,1,22.3,Bangladesh,Mahmudullah,Soumya Sarkar,MJ McClenaghan,1,0,,,,,,"",""
ball,1,22.4,Bangladesh,Soumya Sarkar,Mahmudullah,MJ McClenaghan,0,0,,,,,,"",""
ball,1,22.5,Bangladesh,Soumya Sarkar,Mahmudullah,MJ McClenaghan,0,0,,,,,,"",""
ball,1,22.6,Bangladesh,Soumya Sarkar,Mahmudullah,MJ McClenaghan,0,0,,,,,,"",""
ball,1,23.1,Bangladesh,Mahmudullah,Soumya Sarkar,DL Vettori,0,0,,,,,,"",""
ball,1,23.2,Bangladesh,Mahmudullah,Soumya Sarkar,DL Vettori,1,0,,,,,,"",""
ball,1,23.3,Bangladesh,Soumya Sarkar,Mahmudullah,DL Vettori,1,0,,,,,,"",""
ball,1,23.4,Bangladesh,Mahmudullah,Soumya Sarkar,DL Vettori,0,0,,,,,,"",""
ball,1,23.5,Bangladesh,Mahmudullah,Soumya Sarkar,DL Vettori,1,0,,,,,,"",""
ball,1,23.6,Bangladesh,Soumya Sarkar,Mahmudullah,DL Vettori,0,0,,,,,,"",""
ball,1,24.1,Bangladesh,Mahmudullah,Soumya Sarkar,MJ McClenaghan,4,0,,,,,,"",""
ball,1,24.2,Bangladesh,Mahmudullah,Soumya Sarkar,MJ McClenaghan,1,0,,,,,,"",""
ball,1,24.3,Bangladesh,Soumya Sarkar,Mahmudullah,MJ McClenaghan,0,0,,,,,,"",""
ball,1,24.4,Bangladesh,Soumya Sarkar,Mahmudullah,MJ McClenaghan,0,0,,,,,,"",""
ball,1,24.5,Bangladesh,Soumya Sarkar,Mahmudullah,MJ McClenaghan,4,0,,,,,,"",""
ball,1,24.6,Bangladesh,Soumya Sarkar,Mahmudullah,MJ McClenaghan,0,0,,,,,,"",""
ball,1,25.1,Bangladesh,Mahmudullah,Soumya Sarkar,DL Vettori,0,0,,,,,,"",""
ball,1,25.2,Bangladesh,Mahmudullah,Soumya Sarkar,DL Vettori,1,0,,,,,,"",""
ball,1,25.3,Bangladesh,Soumya Sarkar,Mahmudullah,DL Vettori,1,0,,,,,,"",""
ball,1,25.4,Bangladesh,Mahmudullah,Soumya Sarkar,DL Vettori,0,0,,,,,,"",""
ball,1,25.5,Bangladesh,Mahmudullah,Soumya Sarkar,DL Vettori,1,0,,,,,,"",""
ball,1,25.6,Bangladesh,Soumya Sarkar,Mahmudullah,DL Vettori,0,0,,,,,,"",""
ball,1,26.1,Bangladesh,Mahmudullah,Soumya Sarkar,TG Southee,0,0,,,,,,"",""
ball,1,26.2,Bangladesh,Mahmudullah,Soumya Sarkar,TG Southee,2,0,,,,,,"",""
ball,1,26.3,Bangladesh,Mahmudullah,Soumya Sarkar,TG Southee,1,0,,,,,,"",""
ball,1,26.4,Bangladesh,Soumya Sarkar,Mahmudullah,TG Southee,2,0,,,,,,"",""
ball,1,26.5,Bangladesh,Soumya Sarkar,Mahmudullah,TG Southee,1,0,,,,,,"",""
ball,1,26.6,Bangladesh,Mahmudullah,Soumya Sarkar,TG Southee,0,0,,,,,,"",""
ball,1,27.1,Bangladesh,Soumya Sarkar,Mahmudullah,DL Vettori,0,0,,,,,,"",""
ball,1,27.2,Bangladesh,Soumya Sarkar,Mahmudullah,DL Vettori,1,0,,,,,,"",""
ball,1,27.3,Bangladesh,Mahmudullah,Soumya Sarkar,DL Vettori,1,0,,,,,,"",""
ball,1,27.4,Bangladesh,Soumya Sarkar,Mahmudullah,DL Vettori,0,0,,,,,,caught,Soumya Sarkar
ball,1,27.5,Bangladesh,Mahmudullah,Shakib Al Hasan,DL Vettori,1,0,,,,,,"",""
ball,1,27.6,Bangladesh,Shakib Al Hasan,Mahmudullah,DL Vettori,0,0,,,,,,"",""
ball,1,28.1,Bangladesh,Mahmudullah,Shakib Al Hasan,TA Boult,0,0,,,,,,"",""
ball,1,28.2,Bangladesh,Mahmudullah,Shakib Al Hasan,TA Boult,4,0,,,,,,"",""
ball,1,28.3,Bangladesh,Mahmudullah,Shakib Al Hasan,TA Boult,0,0,,,,,,"",""
ball,1,28.4,Bangladesh,Mahmudullah,Shakib Al Hasan,TA Boult,0,0,,,,,,"",""
ball,1,28.5,Bangladesh,Mahmudullah,Shakib Al Hasan,TA Boult,0,0,,,,,,"",""
ball,1,28.6,Bangladesh,Mahmudullah,Shakib Al Hasan,TA Boult,1,0,,,,,,"",""
ball,1,29.1,Bangladesh,Mahmudullah,Shakib Al Hasan,DL Vettori,1,0,,,,,,"",""
ball,1,29.2,Bangladesh,Shakib Al Hasan,Mahmudullah,DL Vettori,0,0,,,,,,"",""
ball,1,29.3,Bangladesh,Shakib Al Hasan,Mahmudullah,DL Vettori,0,0,,,,,,"",""
ball,1,29.4,Bangladesh,Shakib Al Hasan,Mahmudullah,DL Vettori,0,0,,,,,,"",""
ball,1,29.5,Bangladesh,Shakib Al Hasan,Mahmudullah,DL Vettori,1,0,,,,,,"",""
ball,1,29.6,Bangladesh,Mahmudullah,Shakib Al Hasan,DL Vettori,1,0,,,,,,"",""
ball,1,30.1,Bangladesh,Mahmudullah,Shakib Al Hasan,TG Southee,0,0,,,,,,"",""
ball,1,30.2,Bangladesh,Mahmudullah,Shakib Al Hasan,TG Southee,0,0,,,,,,"",""
ball,1,30.3,Bangladesh,Mahmudullah,Shakib Al Hasan,TG Southee,0,0,,,,,,"",""
ball,1,30.4,Bangladesh,Mahmudullah,Shakib Al Hasan,TG Southee,0,0,,,,,,"",""
ball,1,30.5,Bangladesh,Mahmudullah,Shakib Al Hasan,TG Southee,0,0,,,,,,"",""
ball,1,30.6,Bangladesh,Mahmudullah,Shakib Al Hasan,TG Southee,0,0,,,,,,"",""
ball,1,31.1,Bangladesh,Shakib Al Hasan,Mahmudullah,CJ Anderson,2,0,,,,,,"",""
ball,1,31.2,Bangladesh,Shakib Al Hasan,Mahmudullah,CJ Anderson,1,0,,,,,,"",""
ball,1,31.3,Bangladesh,Mahmudullah,Shakib Al Hasan,CJ Anderson,0,0,,,,,,"",""
ball,1,31.4,Bangladesh,Mahmudullah,Shakib Al Hasan,CJ Anderson,1,0,,,,,,"",""
ball,1,31.5,Bangladesh,Shakib Al Hasan,Mahmudullah,CJ Anderson,0,0,,,,,,"",""
ball,1,31.6,Bangladesh,Shakib Al Hasan,Mahmudullah,CJ Anderson,1,0,,,,,,"",""
ball,1,32.1,Bangladesh,Shakib Al Hasan,Mahmudullah,TA Boult,4,0,,,,,,"",""
ball,1,32.2,Bangladesh,Shakib Al Hasan,Mahmudullah,TA Boult,0,0,,,,,,"",""
ball,1,32.3,Bangladesh,Shakib Al Hasan,Mahmudullah,TA Boult,2,0,,,,,,"",""
ball,1,32.4,Bangladesh,Shakib Al Hasan,Mahmudullah,TA Boult,1,0,,,,,,"",""
ball,1,32.5,Bangladesh,Mahmudullah,Shakib Al Hasan,TA Boult,0,0,,,,,,"",""
ball,1,32.6,Bangladesh,Mahmudullah,Shakib Al Hasan,TA Boult,0,0,,,,,,"",""
ball,1,33.1,Bangladesh,Shakib Al Hasan,Mahmudullah,CJ Anderson,4,0,,,,,,"",""
ball,1,33.2,Bangladesh,Shakib Al Hasan,Mahmudullah,CJ Anderson,2,0,,,,,,"",""
ball,1,33.3,Bangladesh,Shakib Al Hasan,Mahmudullah,CJ Anderson,1,0,,,,,,"",""
ball,1,33.4,Bangladesh,Mahmudullah,Shakib Al Hasan,CJ Anderson,1,0,,,,,,"",""
ball,1,33.5,Bangladesh,Shakib Al Hasan,Mahmudullah,CJ Anderson,4,0,,,,,,"",""
ball,1,33.6,Bangladesh,Shakib Al Hasan,Mahmudullah,CJ Anderson,0,1,1,,,,,"",""
ball,1,33.7,Bangladesh,Shakib Al Hasan,Mahmudullah,CJ Anderson,0,0,,,,,,caught,Shakib Al Hasan
ball,1,34.1,Bangladesh,Mahmudullah,Mushfiqur Rahim,DL Vettori,1,0,,,,,,"",""
ball,1,34.2,Bangladesh,Mushfiqur Rahim,Mahmudullah,DL Vettori,0,0,,,,,,"",""
ball,1,34.3,Bangladesh,Mushfiqur Rahim,Mahmudullah,DL Vettori,1,0,,,,,,"",""
ball,1,34.4,Bangladesh,Mahmudullah,Mushfiqur Rahim,DL Vettori,6,0,,,,,,"",""
ball,1,34.5,Bangladesh,Mahmudullah,Mushfiqur Rahim,DL Vettori,1,0,,,,,,"",""
ball,1,34.6,Bangladesh,Mushfiqur Rahim,Mahmudullah,DL Vettori,1,0,,,,,,"",""
ball,1,35.1,Bangladesh,Mushfiqur Rahim,Mahmudullah,CJ Anderson,0,0,,,,,,"",""
ball,1,35.2,Bangladesh,Mushfiqur Rahim,Mahmudullah,CJ Anderson,0,0,,,,,,"",""
ball,1,35.3,Bangladesh,Mushfiqur Rahim,Mahmudullah,CJ Anderson,0,0,,,,,,"",""
ball,1,35.4,Bangladesh,Mushfiqur Rahim,Mahmudullah,CJ Anderson,0,0,,,,,,"",""
ball,1,35.5,Bangladesh,Mushfiqur Rahim,Mahmudullah,CJ Anderson,0,0,,,,,,"",""
ball,1,35.6,Bangladesh,Mushfiqur Rahim,Mahmudullah,CJ Anderson,0,1,1,,,,,"",""
ball,1,35.7,Bangladesh,Mushfiqur Rahim,Mahmudullah,CJ Anderson,0,0,,,,,,"",""
ball,1,36.1,Bangladesh,Mahmudullah,Mushfiqur Rahim,DL Vettori,1,0,,,,,,"",""
ball,1,36.2,Bangladesh,Mushfiqur Rahim,Mahmudullah,DL Vettori,0,0,,,,,,"",""
ball,1,36.3,Bangladesh,Mushfiqur Rahim,Mahmudullah,DL Vettori,0,0,,,,,,"",""
ball,1,36.4,Bangladesh,Mushfiqur Rahim,Mahmudullah,DL Vettori,1,0,,,,,,"",""
ball,1,36.5,Bangladesh,Mahmudullah,Mushfiqur Rahim,DL Vettori,4,0,,,,,,"",""
ball,1,36.6,Bangladesh,Mahmudullah,Mushfiqur Rahim,DL Vettori,0,0,,,,,,"",""
ball,1,37.1,Bangladesh,Mushfiqur Rahim,Mahmudullah,CJ Anderson,0,0,,,,,,"",""
ball,1,37.2,Bangladesh,Mushfiqur Rahim,Mahmudullah,CJ Anderson,0,0,,,,,,"",""
ball,1,37.3,Bangladesh,Mushfiqur Rahim,Mahmudullah,CJ Anderson,2,0,,,,,,"",""
ball,1,37.4,Bangladesh,Mushfiqur Rahim,Mahmudullah,CJ Anderson,4,0,,,,,,"",""
ball,1,37.5,Bangladesh,Mushfiqur Rahim,Mahmudullah,CJ Anderson,0,0,,,,,,"",""
ball,1,37.6,Bangladesh,Mushfiqur Rahim,Mahmudullah,CJ Anderson,1,0,,,,,,"",""
ball,1,38.1,Bangladesh,Mushfiqur Rahim,Mahmudullah,DL Vettori,0,0,,,,,,"",""
ball,1,38.2,Bangladesh,Mushfiqur Rahim,Mahmudullah,DL Vettori,0,0,,,,,,"",""
ball,1,38.3,Bangladesh,Mushfiqur Rahim,Mahmudullah,DL Vettori,0,0,,,,,,"",""
ball,1,38.4,Bangladesh,Mushfiqur Rahim,Mahmudullah,DL Vettori,4,0,,,,,,"",""
ball,1,38.5,Bangladesh,Mushfiqur Rahim,Mahmudullah,DL Vettori,1,0,,,,,,"",""
ball,1,38.6,Bangladesh,Mahmudullah,Mushfiqur Rahim,DL Vettori,2,0,,,,,,"",""
ball,1,39.1,Bangladesh,Mushfiqur Rahim,Mahmudullah,CJ Anderson,0,0,,,,,,"",""
ball,1,39.2,Bangladesh,Mushfiqur Rahim,Mahmudullah,CJ Anderson,0,0,,,,,,caught,Mushfiqur Rahim
ball,1,39.3,Bangladesh,Sabbir Rahman,Mahmudullah,CJ Anderson,0,0,,,,,,"",""
ball,1,39.4,Bangladesh,Sabbir Rahman,Mahmudullah,CJ Anderson,1,0,,,,,,"",""
ball,1,39.5,Bangladesh,Mahmudullah,Sabbir Rahman,CJ Anderson,1,0,,,,,,"",""
ball,1,39.6,Bangladesh,Sabbir Rahman,Mahmudullah,CJ Anderson,0,0,,,,,,"",""
ball,1,40.1,Bangladesh,Mahmudullah,Sabbir Rahman,MJ McClenaghan,0,0,,,,,,"",""
ball,1,40.2,Bangladesh,Mahmudullah,Sabbir Rahman,MJ McClenaghan,2,0,,,,,,"",""
ball,1,40.3,Bangladesh,Mahmudullah,Sabbir Rahman,MJ McClenaghan,6,0,,,,,,"",""
ball,1,40.4,Bangladesh,Mahmudullah,Sabbir Rahman,MJ McClenaghan,0,0,,,,,,"",""
ball,1,40.5,Bangladesh,Mahmudullah,Sabbir Rahman,MJ McClenaghan,0,0,,,,,,"",""
ball,1,40.6,Bangladesh,Mahmudullah,Sabbir Rahman,MJ McClenaghan,1,0,,,,,,"",""
ball,1,41.1,Bangladesh,Mahmudullah,Sabbir Rahman,CJ Anderson,0,0,,,,,,"",""
ball,1,41.2,Bangladesh,Mahmudullah,Sabbir Rahman,CJ Anderson,0,0,,,,,,"",""
ball,1,41.3,Bangladesh,Mahmudullah,Sabbir Rahman,CJ Anderson,1,0,,,,,,"",""
ball,1,41.4,Bangladesh,Sabbir Rahman,Mahmudullah,CJ Anderson,0,0,,,,,,"",""
ball,1,41.5,Bangladesh,Sabbir Rahman,Mahmudullah,CJ Anderson,2,0,,,,,,"",""
ball,1,41.6,Bangladesh,Sabbir Rahman,Mahmudullah,CJ Anderson,0,0,,,,,,"",""
ball,1,42.1,Bangladesh,Mahmudullah,Sabbir Rahman,TG Southee,1,0,,,,,,"",""
ball,1,42.2,Bangladesh,Sabbir Rahman,Mahmudullah,TG Southee,4,0,,,,,,"",""
ball,1,42.3,Bangladesh,Sabbir Rahman,Mahmudullah,TG Southee,4,0,,,,,,"",""
ball,1,42.4,Bangladesh,Sabbir Rahman,Mahmudullah,TG Southee,0,0,,,,,,"",""
ball,1,42.5,Bangladesh,Sabbir Rahman,Mahmudullah,TG Southee,4,0,,,,,,"",""
ball,1,42.6,Bangladesh,Sabbir Rahman,Mahmudullah,TG Southee,0,0,,,,,,"",""
ball,1,43.1,Bangladesh,Mahmudullah,Sabbir Rahman,CJ Anderson,2,0,,,,,,"",""
ball,1,43.2,Bangladesh,Mahmudullah,Sabbir Rahman,CJ Anderson,0,0,,,,,,"",""
ball,1,43.3,Bangladesh,Mahmudullah,Sabbir Rahman,CJ Anderson,4,0,,,,,,"",""
ball,1,43.4,Bangladesh,Mahmudullah,Sabbir Rahman,CJ Anderson,1,0,,,,,,"",""
ball,1,43.5,Bangladesh,Sabbir Rahman,Mahmudullah,CJ Anderson,0,0,,,,,,"",""
ball,1,43.6,Bangladesh,Sabbir Rahman,Mahmudullah,CJ Anderson,0,0,,,,,,"",""
ball,1,44.1,Bangladesh,Mahmudullah,Sabbir Rahman,MJ McClenaghan,1,0,,,,,,"",""
ball,1,44.2,Bangladesh,Sabbir Rahman,Mahmudullah,MJ McClenaghan,6,0,,,,,,"",""
ball,1,44.3,Bangladesh,Sabbir Rahman,Mahmudullah,MJ McClenaghan,4,0,,,,,,"",""
ball,1,44.4,Bangladesh,Sabbir Rahman,Mahmudullah,MJ McClenaghan,1,0,,,,,,"",""
ball,1,44.5,Bangladesh,Mahmudullah,Sabbir Rahman,MJ McClenaghan,1,0,,,,,,"",""
ball,1,44.6,Bangladesh,Sabbir Rahman,Mahmudullah,MJ McClenaghan,1,0,,,,,,"",""
ball,1,45.1,Bangladesh,Sabbir Rahman,Mahmudullah,TA Boult,1,0,,,,,,"",""
ball,1,45.2,Bangladesh,Mahmudullah,Sabbir Rahman,TA Boult,1,0,,,,,,"",""
ball,1,45.3,Bangladesh,Sabbir Rahman,Mahmudullah,TA Boult,4,0,,,,,,"",""
ball,1,45.4,Bangladesh,Sabbir Rahman,Mahmudullah,TA Boult,1,0,,,,,,"",""
ball,1,45.5,Bangladesh,Mahmudullah,Sabbir Rahman,TA Boult,0,0,,,,,,"",""
ball,1,45.6,Bangladesh,Mahmudullah,Sabbir Rahman,TA Boult,1,0,,,,,,"",""
ball,1,46.1,Bangladesh,Mahmudullah,Sabbir Rahman,MJ McClenaghan,1,0,,,,,,"",""
ball,1,46.2,Bangladesh,Sabbir Rahman,Mahmudullah,MJ McClenaghan,1,0,,,,,,"",""
ball,1,46.3,Bangladesh,Mahmudullah,Sabbir Rahman,MJ McClenaghan,2,0,,,,,,"",""
ball,1,46.4,Bangladesh,Mahmudullah,Sabbir Rahman,MJ McClenaghan,4,0,,,,,,"",""
ball,1,46.5,Bangladesh,Mahmudullah,Sabbir Rahman,MJ McClenaghan,4,0,,,,,,"",""
ball,1,46.6,Bangladesh,Mahmudullah,Sabbir Rahman,MJ McClenaghan,4,0,,,,,,"",""
ball,1,47.1,Bangladesh,Sabbir Rahman,Mahmudullah,GD Elliott,6,0,,,,,,"",""
ball,1,47.2,Bangladesh,Sabbir Rahman,Mahmudullah,GD Elliott,0,0,,,,,,caught,Sabbir Rahman
ball,1,47.3,Bangladesh,Nasir Hossain,Mahmudullah,GD Elliott,1,0,,,,,,"",""
ball,1,47.4,Bangladesh,Mahmudullah,Nasir Hossain,GD Elliott,1,0,,,,,,"",""
ball,1,47.5,Bangladesh,Nasir Hossain,Mahmudullah,GD Elliott,1,0,,,,,,"",""
ball,1,47.6,Bangladesh,Mahmudullah,Nasir Hossain,GD Elliott,2,0,,,,,,"",""
ball,1,48.1,Bangladesh,Nasir Hossain,Mahmudullah,TG Southee,1,0,,,,,,"",""
ball,1,48.2,Bangladesh,Mahmudullah,Nasir Hossain,TG Southee,4,0,,,,,,"",""
ball,1,48.3,Bangladesh,Mahmudullah,Nasir Hossain,TG Southee,0,0,,,,,,"",""
ball,1,48.4,Bangladesh,Mahmudullah,Nasir Hossain,TG Southee,1,0,,,,,,"",""
ball,1,48.5,Bangladesh,Nasir Hossain,Mahmudullah,TG Southee,1,0,,,,,,"",""
ball,1,48.6,Bangladesh,Mahmudullah,Nasir Hossain,TG Southee,0,0,,,,,,"",""
ball,1,49.1,Bangladesh,Nasir Hossain,Mahmudullah,GD Elliott,1,0,,,,,,"",""
ball,1,49.2,Bangladesh,Mahmudullah,Nasir Hossain,GD Elliott,0,1,1,,,,,"",""
ball,1,49.3,Bangladesh,Mahmudullah,Nasir Hossain,GD Elliott,6,0,,,,,,"",""
ball,1,49.4,Bangladesh,Mahmudullah,Nasir Hossain,GD Elliott,1,0,,,,,,"",""
ball,1,49.5,Bangladesh,Nasir Hossain,Mahmudullah,GD Elliott,6,0,,,,,,"",""
ball,1,49.6,Bangladesh,Nasir Hossain,Mahmudullah,GD Elliott,0,0,,,,,,caught,Nasir Hossain
ball,1,49.7,Bangladesh,Mahmudullah,Rubel Hossain,GD Elliott,1,0,,,,,,"",""
ball,2,0.1,New Zealand,MJ Guptill,BB McCullum,Shakib Al Hasan,0,0,,,,,,"",""
ball,2,0.2,New Zealand,MJ Guptill,BB McCullum,Shakib Al Hasan,0,0,,,,,,"",""
ball,2,0.3,New Zealand,MJ Guptill,BB McCullum,Shakib Al Hasan,0,0,,,,,,"",""
ball,2,0.4,New Zealand,MJ Guptill,BB McCullum,Shakib Al Hasan,0,0,,,,,,"",""
ball,2,0.5,New Zealand,MJ Guptill,BB McCullum,Shakib Al Hasan,0,0,,,,,,"",""
ball,2,0.6,New Zealand,MJ Guptill,BB McCullum,Shakib Al Hasan,0,0,,,,,,"",""
ball,2,1.1,New Zealand,BB McCullum,MJ Guptill,Taijul Islam,2,0,,,,,,"",""
ball,2,1.2,New Zealand,BB McCullum,MJ Guptill,Taijul Islam,0,0,,,,,,"",""
ball,2,1.3,New Zealand,BB McCullum,MJ Guptill,Taijul Islam,4,0,,,,,,"",""
ball,2,1.4,New Zealand,BB McCullum,MJ Guptill,Taijul Islam,0,0,,,,,,"",""
ball,2,1.5,New Zealand,BB McCullum,MJ Guptill,Taijul Islam,1,0,,,,,,"",""
ball,2,1.6,New Zealand,MJ Guptill,BB McCullum,Taijul Islam,1,0,,,,,,"",""
ball,2,2.1,New Zealand,MJ Guptill,BB McCullum,Shakib Al Hasan,0,0,,,,,,"",""
ball,2,2.2,New Zealand,MJ Guptill,BB McCullum,Shakib Al Hasan,6,0,,,,,,"",""
ball,2,2.3,New Zealand,MJ Guptill,BB McCullum,Shakib Al Hasan,0,0,,,,,,"",""
ball,2,2.4,New Zealand,MJ Guptill,BB McCullum,Shakib Al Hasan,6,0,,,,,,"",""
ball,2,2.5,New Zealand,MJ Guptill,BB McCullum,Shakib Al Hasan,0,0,,,,,,"",""
ball,2,2.6,New Zealand,MJ Guptill,BB McCullum,Shakib Al Hasan,4,0,,,,,,"",""
ball,2,3.1,New Zealand,BB McCullum,MJ Guptill,Rubel Hossain,0,0,,,,,,"",""
ball,2,3.2,New Zealand,BB McCullum,MJ Guptill,Rubel Hossain,1,0,,,,,,"",""
ball,2,3.3,New Zealand,MJ Guptill,BB McCullum,Rubel Hossain,2,0,,,,,,"",""
ball,2,3.4,New Zealand,MJ Guptill,BB McCullum,Rubel Hossain,0,0,,,,,,"",""
ball,2,3.5,New Zealand,MJ Guptill,BB McCullum,Rubel Hossain,0,0,,,,,,"",""
ball,2,3.6,New Zealand,MJ Guptill,BB McCullum,Rubel Hossain,0,0,,,,,,"",""
ball,2,4.1,New Zealand,BB McCullum,MJ Guptill,Shakib Al Hasan,0,0,,,,,,caught,BB McCullum
ball,2,4.2,New Zealand,KS Williamson,MJ Guptill,Shakib Al Hasan,1,0,,,,,,"",""
ball,2,4.3,New Zealand,MJ Guptill,KS Williamson,Shakib Al Hasan,4,0,,,,,,"",""
ball,2,4.4,New Zealand,MJ Guptill,KS Williamson,Shakib Al Hasan,1,0,,,,,,"",""
ball,2,4.5,New Zealand,KS Williamson,MJ Guptill,Shakib Al Hasan,0,0,,,,,,caught,KS Williamson
ball,2,4.6,New Zealand,LRPL Taylor,MJ Guptill,Shakib Al Hasan,0,0,,,,,,"",""
ball,2,5.1,New Zealand,MJ Guptill,LRPL Taylor,Rubel Hossain,3,0,,,,,,"",""
ball,2,5.2,New Zealand,LRPL Taylor,MJ Guptill,Rubel Hossain,0,0,,,,,,"",""
ball,2,5.3,New Zealand,LRPL Taylor,MJ Guptill,Rubel Hossain,0,0,,,,,,"",""
ball,2,5.4,New Zealand,LRPL Taylor,MJ Guptill,Rubel Hossain,1,0,,,,,,"",""
ball,2,5.5,New Zealand,MJ Guptill,LRPL Taylor,Rubel Hossain,2,0,,,,,,"",""
ball,2,5.6,New Zealand,MJ Guptill,LRPL Taylor,Rubel Hossain,1,0,,,,,,"",""
ball,2,6.1,New Zealand,MJ Guptill,LRPL Taylor,Shakib Al Hasan,0,0,,,,,,"",""
ball,2,6.2,New Zealand,MJ Guptill,LRPL Taylor,Shakib Al Hasan,2,0,,,,,,"",""
ball,2,6.3,New Zealand,MJ Guptill,LRPL Taylor,Shakib Al Hasan,0,0,,,,,,"",""
ball,2,6.4,New Zealand,MJ Guptill,LRPL Taylor,Shakib Al Hasan,1,0,,,,,,"",""
ball,2,6.5,New Zealand,LRPL Taylor,MJ Guptill,Shakib Al Hasan,0,0,,,,,,"",""
ball,2,6.6,New Zealand,LRPL Taylor,MJ Guptill,Shakib Al Hasan,0,0,,,,,,"",""
ball,2,7.1,New Zealand,MJ Guptill,LRPL Taylor,Rubel Hossain,0,0,,,,,,"",""
ball,2,7.2,New Zealand,MJ Guptill,LRPL Taylor,Rubel Hossain,4,0,,,,,,"",""
ball,2,7.3,New Zealand,MJ Guptill,LRPL Taylor,Rubel Hossain,0,0,,,,,,"",""
ball,2,7.4,New Zealand,MJ Guptill,LRPL Taylor,Rubel Hossain,0,0,,,,,,"",""
ball,2,7.5,New Zealand,MJ Guptill,LRPL Taylor,Rubel Hossain,0,0,,,,,,"",""
ball,2,7.6,New Zealand,MJ Guptill,LRPL Taylor,Rubel Hossain,1,0,,,,,,"",""
ball,2,8.1,New Zealand,MJ Guptill,LRPL Taylor,Taijul Islam,0,0,,,,,,"",""
ball,2,8.2,New Zealand,MJ Guptill,LRPL Taylor,Taijul Islam,1,0,,,,,,"",""
ball,2,8.3,New Zealand,LRPL Taylor,MJ Guptill,Taijul Islam,0,0,,,,,,"",""
ball,2,8.4,New Zealand,LRPL Taylor,MJ Guptill,Taijul Islam,2,0,,,,,,"",""
ball,2,8.5,New Zealand,LRPL Taylor,MJ Guptill,Taijul Islam,0,0,,,,,,"",""
ball,2,8.6,New Zealand,LRPL Taylor,MJ Guptill,Taijul Islam,0,0,,,,,,"",""
ball,2,9.1,New Zealand,MJ Guptill,LRPL Taylor,Taskin Ahmed,4,0,,,,,,"",""
ball,2,9.2,New Zealand,MJ Guptill,LRPL Taylor,Taskin Ahmed,0,0,,,,,,"",""
ball,2,9.3,New Zealand,MJ Guptill,LRPL Taylor,Taskin Ahmed,1,0,,,,,,"",""
ball,2,9.4,New Zealand,LRPL Taylor,MJ Guptill,Taskin Ahmed,0,0,,,,,,"",""
ball,2,9.5,New Zealand,LRPL Taylor,MJ Guptill,Taskin Ahmed,1,0,,,,,,"",""
ball,2,9.6,New Zealand,MJ Guptill,LRPL Taylor,Taskin Ahmed,0,0,,,,,,"",""
ball,2,10.1,New Zealand,LRPL Taylor,MJ Guptill,Taijul Islam,2,0,,,,,,"",""
ball,2,10.2,New Zealand,LRPL Taylor,MJ Guptill,Taijul Islam,1,0,,,,,,"",""
ball,2,10.3,New Zealand,MJ Guptill,LRPL Taylor,Taijul Islam,0,0,,,,,,"",""
ball,2,10.4,New Zealand,MJ Guptill,LRPL Taylor,Taijul Islam,4,0,,,,,,"",""
ball,2,10.5,New Zealand,MJ Guptill,LRPL Taylor,Taijul Islam,1,0,,,,,,"",""
ball,2,10.6,New Zealand,LRPL Taylor,MJ Guptill,Taijul Islam,0,0,,,,,,"",""
ball,2,11.1,New Zealand,MJ Guptill,LRPL Taylor,Taskin Ahmed,0,0,,,,,,"",""
ball,2,11.2,New Zealand,MJ Guptill,LRPL Taylor,Taskin Ahmed,0,0,,,,,,"",""
ball,2,11.3,New Zealand,MJ Guptill,LRPL Taylor,Taskin Ahmed,1,0,,,,,,"",""
ball,2,11.4,New Zealand,LRPL Taylor,MJ Guptill,Taskin Ahmed,1,0,,,,,,"",""
ball,2,11.5,New Zealand,MJ Guptill,LRPL Taylor,Taskin Ahmed,2,0,,,,,,"",""
ball,2,11.6,New Zealand,MJ Guptill,LRPL Taylor,Taskin Ahmed,4,0,,,,,,"",""
ball,2,12.1,New Zealand,LRPL Taylor,MJ Guptill,Taijul Islam,0,0,,,,,,"",""
ball,2,12.2,New Zealand,LRPL Taylor,MJ Guptill,Taijul Islam,1,0,,,,,,"",""
ball,2,12.3,New Zealand,MJ Guptill,LRPL Taylor,Taijul Islam,1,0,,,,,,"",""
ball,2,12.4,New Zealand,LRPL Taylor,MJ Guptill,Taijul Islam,0,0,,,,,,"",""
ball,2,12.5,New Zealand,LRPL Taylor,MJ Guptill,Taijul Islam,4,0,,,,,,"",""
ball,2,12.6,New Zealand,LRPL Taylor,MJ Guptill,Taijul Islam,0,0,,,,,,"",""
ball,2,13.1,New Zealand,MJ Guptill,LRPL Taylor,Taskin Ahmed,4,0,,,,,,"",""
ball,2,13.2,New Zealand,MJ Guptill,LRPL Taylor,Taskin Ahmed,0,1,,,,1,,"",""
ball,2,13.3,New Zealand,LRPL Taylor,MJ Guptill,Taskin Ahmed,0,0,,,,,,"",""
ball,2,13.4,New Zealand,LRPL Taylor,MJ Guptill,Taskin Ahmed,1,0,,,,,,"",""
ball,2,13.5,New Zealand,MJ Guptill,LRPL Taylor,Taskin Ahmed,0,0,,,,,,"",""
ball,2,13.6,New Zealand,MJ Guptill,LRPL Taylor,Taskin Ahmed,0,0,,,,,,"",""
ball,2,14.1,New Zealand,LRPL Taylor,MJ Guptill,Taijul Islam,0,0,,,,,,"",""
ball,2,14.2,New Zealand,LRPL Taylor,MJ Guptill,Taijul Islam,0,0,,,,,,"",""
ball,2,14.3,New Zealand,LRPL Taylor,MJ Guptill,Taijul Islam,0,0,,,,,,"",""
ball,2,14.4,New Zealand,LRPL Taylor,MJ Guptill,Taijul Islam,4,0,,,,,,"",""
ball,2,14.5,New Zealand,LRPL Taylor,MJ Guptill,Taijul Islam,1,0,,,,,,"",""
ball,2,14.6,New Zealand,MJ Guptill,LRPL Taylor,Taijul Islam,1,0,,,,,,"",""
ball,2,15.1,New Zealand,MJ Guptill,LRPL Taylor,Taskin Ahmed,0,0,,,,,,"",""
ball,2,15.2,New Zealand,MJ Guptill,LRPL Taylor,Taskin Ahmed,0,0,,,,,,"",""
ball,2,15.3,New Zealand,MJ Guptill,LRPL Taylor,Taskin Ahmed,4,0,,,,,,"",""
ball,2,15.4,New Zealand,MJ Guptill,LRPL Taylor,Taskin Ahmed,0,0,,,,,,"",""
ball,2,15.5,New Zealand,MJ Guptill,LRPL Taylor,Taskin Ahmed,0,0,,,,,,"",""
ball,2,15.6,New Zealand,MJ Guptill,LRPL Taylor,Taskin Ahmed,0,0,,,,,,"",""
ball,2,16.1,New Zealand,LRPL Taylor,MJ Guptill,Rubel Hossain,0,0,,,,,,"",""
ball,2,16.2,New Zealand,LRPL Taylor,MJ Guptill,Rubel Hossain,0,0,,,,,,"",""
ball,2,16.3,New Zealand,LRPL Taylor,MJ Guptill,Rubel Hossain,0,0,,,,,,"",""
ball,2,16.4,New Zealand,LRPL Taylor,MJ Guptill,Rubel Hossain,0,0,,,,,,"",""
ball,2,16.5,New Zealand,LRPL Taylor,MJ Guptill,Rubel Hossain,0,0,,,,,,"",""
ball,2,16.6,New Zealand,LRPL Taylor,MJ Guptill,Rubel Hossain,0,0,,,,,,"",""
ball,2,17.1,New Zealand,MJ Guptill,LRPL Taylor,Soumya Sarkar,1,0,,,,,,"",""
ball,2,17.2,New Zealand,LRPL Taylor,MJ Guptill,Soumya Sarkar,0,0,,,,,,"",""
ball,2,17.3,New Zealand,LRPL Taylor,MJ Guptill,Soumya Sarkar,1,0,,,,,,"",""
ball,2,17.4,New Zealand,MJ Guptill,LRPL Taylor,Soumya Sarkar,1,0,,,,,,"",""
ball,2,17.5,New Zealand,LRPL Taylor,MJ Guptill,Soumya Sarkar,0,0,,,,,,"",""
ball,2,17.6,New Zealand,LRPL Taylor,MJ Guptill,Soumya Sarkar,0,0,,,,,,"",""
ball,2,18.1,New Zealand,MJ Guptill,LRPL Taylor,Rubel Hossain,4,0,,,,,,"",""
ball,2,18.2,New Zealand,MJ Guptill,LRPL Taylor,Rubel Hossain,1,0,,,,,,"",""
ball,2,18.3,New Zealand,LRPL Taylor,MJ Guptill,Rubel Hossain,0,0,,,,,,"",""
ball,2,18.4,New Zealand,LRPL Taylor,MJ Guptill,Rubel Hossain,0,0,,,,,,"",""
ball,2,18.5,New Zealand,LRPL Taylor,MJ Guptill,Rubel Hossain,0,0,,,,,,"",""
ball,2,18.6,New Zealand,LRPL Taylor,MJ Guptill,Rubel Hossain,4,0,,,,,,"",""
ball,2,19.1,New Zealand,MJ Guptill,LRPL Taylor,Soumya Sarkar,1,0,,,,,,"",""
ball,2,19.2,New Zealand,LRPL Taylor,MJ Guptill,Soumya Sarkar,0,0,,,,,,"",""
ball,2,19.3,New Zealand,LRPL Taylor,MJ Guptill,Soumya Sarkar,1,0,,,,,,"",""
ball,2,19.4,New Zealand,MJ Guptill,LRPL Taylor,Soumya Sarkar,0,0,,,,,,"",""
ball,2,19.5,New Zealand,MJ Guptill,LRPL Taylor,Soumya Sarkar,0,0,,,,,,"",""
ball,2,19.6,New Zealand,MJ Guptill,LRPL Taylor,Soumya Sarkar,1,0,,,,,,"",""
ball,2,20.1,New Zealand,MJ Guptill,LRPL Taylor,Sabbir Rahman,1,0,,,,,,"",""
ball,2,20.2,New Zealand,LRPL Taylor,MJ Guptill,Sabbir Rahman,1,0,,,,,,"",""
ball,2,20.3,New Zealand,MJ Guptill,LRPL Taylor,Sabbir Rahman,1,0,,,,,,"",""
ball,2,20.4,New Zealand,LRPL Taylor,MJ Guptill,Sabbir Rahman,0,0,,,,,,"",""
ball,2,20.5,New Zealand,LRPL Taylor,MJ Guptill,Sabbir Rahman,0,0,,,,,,"",""
ball,2,20.6,New Zealand,LRPL Taylor,MJ Guptill,Sabbir Rahman,4,0,,,,,,"",""
ball,2,21.1,New Zealand,MJ Guptill,LRPL Taylor,Soumya Sarkar,0,0,,,,,,"",""
ball,2,21.2,New Zealand,MJ Guptill,LRPL Taylor,Soumya Sarkar,0,0,,,,,,"",""
ball,2,21.3,New Zealand,MJ Guptill,LRPL Taylor,Soumya Sarkar,1,0,,,,,,"",""
ball,2,21.4,New Zealand,LRPL Taylor,MJ Guptill,Soumya Sarkar,1,0,,,,,,"",""
ball,2,21.5,New Zealand,MJ Guptill,LRPL Taylor,Soumya Sarkar,1,0,,,,,,"",""
ball,2,21.6,New Zealand,LRPL Taylor,MJ Guptill,Soumya Sarkar,1,0,,,,,,"",""
ball,2,22.1,New Zealand,LRPL Taylor,MJ Guptill,Sabbir Rahman,0,0,,,,,,"",""
ball,2,22.2,New Zealand,LRPL Taylor,MJ Guptill,Sabbir Rahman,1,0,,,,,,"",""
ball,2,22.3,New Zealand,MJ Guptill,LRPL Taylor,Sabbir Rahman,1,0,,,,,,"",""
ball,2,22.4,New Zealand,LRPL Taylor,MJ Guptill,Sabbir Rahman,4,0,,,,,,"",""
ball,2,22.5,New Zealand,LRPL Taylor,MJ Guptill,Sabbir Rahman,1,0,,,,,,"",""
ball,2,22.6,New Zealand,MJ Guptill,LRPL Taylor,Sabbir Rahman,0,0,,,,,,"",""
ball,2,23.1,New Zealand,LRPL Taylor,MJ Guptill,Soumya Sarkar,0,0,,,,,,"",""
ball,2,23.2,New Zealand,LRPL Taylor,MJ Guptill,Soumya Sarkar,0,0,,,,,,"",""
ball,2,23.3,New Zealand,LRPL Taylor,MJ Guptill,Soumya Sarkar,1,0,,,,,,"",""
ball,2,23.4,New Zealand,MJ Guptill,LRPL Taylor,Soumya Sarkar,0,1,1,,,,,"",""
ball,2,23.5,New Zealand,MJ Guptill,LRPL Taylor,Soumya Sarkar,2,0,,,,,,"",""
ball,2,23.6,New Zealand,MJ Guptill,LRPL Taylor,Soumya Sarkar,4,0,,,,,,"",""
ball,2,23.7,New Zealand,MJ Guptill,LRPL Taylor,Soumya Sarkar,1,0,,,,,,"",""
ball,2,24.1,New Zealand,MJ Guptill,LRPL Taylor,Mahmudullah,1,0,,,,,,"",""
ball,2,24.2,New Zealand,LRPL Taylor,MJ Guptill,Mahmudullah,0,1,1,,,,,"",""
ball,2,24.3,New Zealand,LRPL Taylor,MJ Guptill,Mahmudullah,0,0,,,,,,"",""
ball,2,24.4,New Zealand,LRPL Taylor,MJ Guptill,Mahmudullah,1,0,,,,,,"",""
ball,2,24.5,New Zealand,MJ Guptill,LRPL Taylor,Mahmudullah,2,0,,,,,,"",""
ball,2,24.6,New Zealand,MJ Guptill,LRPL Taylor,Mahmudullah,4,0,,,,,,"",""
ball,2,24.7,New Zealand,MJ Guptill,LRPL Taylor,Mahmudullah,2,0,,,,,,"",""
ball,2,25.1,New Zealand,LRPL Taylor,MJ Guptill,Taskin Ahmed,1,0,,,,,,"",""
ball,2,25.2,New Zealand,MJ Guptill,LRPL Taylor,Taskin Ahmed,0,0,,,,,,"",""
ball,2,25.3,New Zealand,MJ Guptill,LRPL Taylor,Taskin Ahmed,1,0,,,,,,"",""
ball,2,25.4,New Zealand,LRPL Taylor,MJ Guptill,Taskin Ahmed,1,0,,,,,,"",""
ball,2,25.5,New Zealand,MJ Guptill,LRPL Taylor,Taskin Ahmed,0,0,,,,,,"",""
ball,2,25.6,New Zealand,MJ Guptill,LRPL Taylor,Taskin Ahmed,0,0,,,,,,"",""
ball,2,26.1,New Zealand,LRPL Taylor,MJ Guptill,Mahmudullah,1,0,,,,,,"",""
ball,2,26.2,New Zealand,MJ Guptill,LRPL Taylor,Mahmudullah,1,0,,,,,,"",""
ball,2,26.3,New Zealand,LRPL Taylor,MJ Guptill,Mahmudullah,0,0,,,,,,"",""
ball,2,26.4,New Zealand,LRPL Taylor,MJ Guptill,Mahmudullah,0,0,,,,,,"",""
ball,2,26.5,New Zealand,LRPL Taylor,MJ Guptill,Mahmudullah,1,0,,,,,,"",""
ball,2,26.6,New Zealand,MJ Guptill,LRPL Taylor,Mahmudullah,1,0,,,,,,"",""
ball,2,27.1,New Zealand,MJ Guptill,LRPL Taylor,Taskin Ahmed,1,0,,,,,,"",""
ball,2,27.2,New Zealand,LRPL Taylor,MJ Guptill,Taskin Ahmed,1,0,,,,,,"",""
ball,2,27.3,New Zealand,MJ Guptill,LRPL Taylor,Taskin Ahmed,0,0,,,,,,"",""
ball,2,27.4,New Zealand,MJ Guptill,LRPL Taylor,Taskin Ahmed,0,0,,,,,,"",""
ball,2,27.5,New Zealand,MJ Guptill,LRPL Taylor,Taskin Ahmed,1,0,,,,,,"",""
ball,2,27.6,New Zealand,LRPL Taylor,MJ Guptill,Taskin Ahmed,0,0,,,,,,"",""
ball,2,28.1,New Zealand,MJ Guptill,LRPL Taylor,Shakib Al Hasan,0,0,,,,,,"",""
ball,2,28.2,New Zealand,MJ Guptill,LRPL Taylor,Shakib Al Hasan,1,0,,,,,,"",""
ball,2,28.3,New Zealand,LRPL Taylor,MJ Guptill,Shakib Al Hasan,0,0,,,,,,"",""
ball,2,28.4,New Zealand,LRPL Taylor,MJ Guptill,Shakib Al Hasan,1,0,,,,,,"",""
ball,2,28.5,New Zealand,MJ Guptill,LRPL Taylor,Shakib Al Hasan,1,0,,,,,,"",""
ball,2,28.6,New Zealand,LRPL Taylor,MJ Guptill,Shakib Al Hasan,0,0,,,,,,"",""
ball,2,29.1,New Zealand,MJ Guptill,LRPL Taylor,Taijul Islam,1,0,,,,,,"",""
ball,2,29.2,New Zealand,LRPL Taylor,MJ Guptill,Taijul Islam,0,0,,,,,,"",""
ball,2,29.3,New Zealand,LRPL Taylor,MJ Guptill,Taijul Islam,0,0,,,,,,"",""
ball,2,29.4,New Zealand,LRPL Taylor,MJ Guptill,Taijul Islam,1,0,,,,,,"",""
ball,2,29.5,New Zealand,MJ Guptill,LRPL Taylor,Taijul Islam,1,0,,,,,,"",""
ball,2,29.6,New Zealand,LRPL Taylor,MJ Guptill,Taijul Islam,0,0,,,,,,"",""
ball,2,30.1,New Zealand,MJ Guptill,LRPL Taylor,Shakib Al Hasan,0,0,,,,,,"",""
ball,2,30.2,New Zealand,MJ Guptill,LRPL Taylor,Shakib Al Hasan,0,0,,,,,,"",""
ball,2,30.3,New Zealand,MJ Guptill,LRPL Taylor,Shakib Al Hasan,0,0,,,,,,"",""
ball,2,30.4,New Zealand,MJ Guptill,LRPL Taylor,Shakib Al Hasan,0,0,,,,,,caught,MJ Guptill
ball,2,30.5,New Zealand,GD Elliott,LRPL Taylor,Shakib Al Hasan,0,0,,,,,,"",""
ball,2,30.6,New Zealand,GD Elliott,LRPL Taylor,Shakib Al Hasan,4,0,,,,,,"",""
ball,2,31.1,New Zealand,LRPL Taylor,GD Elliott,Taijul Islam,1,0,,,,,,"",""
ball,2,31.2,New Zealand,GD Elliott,LRPL Taylor,Taijul Islam,1,0,,,,,,"",""
ball,2,31.3,New Zealand,LRPL Taylor,GD Elliott,Taijul Islam,0,0,,,,,,"",""
ball,2,31.4,New Zealand,LRPL Taylor,GD Elliott,Taijul Islam,1,0,,,,,,"",""
ball,2,31.5,New Zealand,GD Elliott,LRPL Taylor,Taijul Islam,0,0,,,,,,"",""
ball,2,31.6,New Zealand,GD Elliott,LRPL Taylor,Taijul Islam,0,0,,,,,,"",""
ball,2,32.1,New Zealand,LRPL Taylor,GD Elliott,Shakib Al Hasan,0,0,,,,,,"",""
ball,2,32.2,New Zealand,LRPL Taylor,GD Elliott,Shakib Al Hasan,0,0,,,,,,"",""
ball,2,32.3,New Zealand,LRPL Taylor,GD Elliott,Shakib Al Hasan,0,0,,,,,,"",""
ball,2,32.4,New Zealand,LRPL Taylor,GD Elliott,Shakib Al Hasan,0,0,,,,,,"",""
ball,2,32.5,New Zealand,LRPL Taylor,GD Elliott,Shakib Al Hasan,1,0,,,,,,"",""
ball,2,32.6,New Zealand,GD Elliott,LRPL Taylor,Shakib Al Hasan,1,0,,,,,,"",""
ball,2,33.1,New Zealand,GD Elliott,LRPL Taylor,Taijul Islam,0,0,,,,,,"",""
ball,2,33.2,New Zealand,GD Elliott,LRPL Taylor,Taijul Islam,0,0,,,,,,"",""
ball,2,33.3,New Zealand,GD Elliott,LRPL Taylor,Taijul Islam,0,0,,,,,,"",""
ball,2,33.4,New Zealand,GD Elliott,LRPL Taylor,Taijul Islam,6,0,,,,,,"",""
ball,2,33.5,New Zealand,GD Elliott,LRPL Taylor,Taijul Islam,0,0,,,,,,"",""
ball,2,33.6,New Zealand,GD Elliott,LRPL Taylor,Taijul Islam,0,0,,,,,,"",""
ball,2,34.1,New Zealand,LRPL Taylor,GD Elliott,Rubel Hossain,1,0,,,,,,"",""
ball,2,34.2,New Zealand,GD Elliott,LRPL Taylor,Rubel Hossain,4,0,,,,,,"",""
ball,2,34.3,New Zealand,GD Elliott,LRPL Taylor,Rubel Hossain,0,0,,,,,,"",""
ball,2,34.4,New Zealand,GD Elliott,LRPL Taylor,Rubel Hossain,2,0,,,,,,"",""
ball,2,34.5,New Zealand,GD Elliott,LRPL Taylor,Rubel Hossain,2,0,,,,,,"",""
ball,2,34.6,New Zealand,GD Elliott,LRPL Taylor,Rubel Hossain,4,0,,,,,,"",""
ball,2,35.1,New Zealand,LRPL Taylor,GD Elliott,Taijul Islam,1,0,,,,,,"",""
ball,2,35.2,New Zealand,GD Elliott,LRPL Taylor,Taijul Islam,0,0,,,,,,"",""
ball,2,35.3,New Zealand,GD Elliott,LRPL Taylor,Taijul Islam,1,0,,,,,,"",""
ball,2,35.4,New Zealand,LRPL Taylor,GD Elliott,Taijul Islam,0,0,,,,,,"",""
ball,2,35.5,New Zealand,LRPL Taylor,GD Elliott,Taijul Islam,1,0,,,,,,"",""
ball,2,35.6,New Zealand,GD Elliott,LRPL Taylor,Taijul Islam,1,0,,,,,,"",""
ball,2,36.1,New Zealand,GD Elliott,LRPL Taylor,Rubel Hossain,0,0,,,,,,"",""
ball,2,36.2,New Zealand,GD Elliott,LRPL Taylor,Rubel Hossain,0,0,,,,,,"",""
ball,2,36.3,New Zealand,GD Elliott,LRPL Taylor,Rubel Hossain,0,0,,,,,,"",""
ball,2,36.4,New Zealand,GD Elliott,LRPL Taylor,Rubel Hossain,0,0,,,,,,"",""
ball,2,36.5,New Zealand,GD Elliott,LRPL Taylor,Rubel Hossain,1,0,,,,,,"",""
ball,2,36.6,New Zealand,LRPL Taylor,GD Elliott,Rubel Hossain,0,0,,,,,,"",""
ball,2,37.1,New Zealand,GD Elliott,LRPL Taylor,Taijul Islam,0,0,,,,,,"",""
ball,2,37.2,New Zealand,GD Elliott,LRPL Taylor,Taijul Islam,4,0,,,,,,"",""
ball,2,37.3,New Zealand,GD Elliott,LRPL Taylor,Taijul Islam,4,0,,,,,,"",""
ball,2,37.4,New Zealand,GD Elliott,LRPL Taylor,Taijul Islam,2,0,,,,,,"",""
ball,2,37.5,New Zealand,GD Elliott,LRPL Taylor,Taijul Islam,1,0,,,,,,"",""
ball,2,37.6,New Zealand,LRPL Taylor,GD Elliott,Taijul Islam,0,0,,,,,,"",""
ball,2,38.1,New Zealand,GD Elliott,LRPL Taylor,Rubel Hossain,1,0,,,,,,"",""
ball,2,38.2,New Zealand,LRPL Taylor,GD Elliott,Rubel Hossain,1,0,,,,,,"",""
ball,2,38.3,New Zealand,GD Elliott,LRPL Taylor,Rubel Hossain,0,0,,,,,,"",""
ball,2,38.4,New Zealand,GD Elliott,LRPL Taylor,Rubel Hossain,0,0,,,,,,"",""
ball,2,38.5,New Zealand,GD Elliott,LRPL Taylor,Rubel Hossain,0,0,,,,,,caught,GD Elliott
ball,2,38.6,New Zealand,CJ Anderson,LRPL Taylor,Rubel Hossain,0,0,,,,,,"",""
ball,2,39.1,New Zealand,LRPL Taylor,CJ Anderson,Nasir Hossain,0,0,,,,,,"",""
ball,2,39.2,New Zealand,LRPL Taylor,CJ Anderson,Nasir Hossain,0,0,,,,,,"",""
ball,2,39.3,New Zealand,LRPL Taylor,CJ Anderson,Nasir Hossain,1,0,,,,,,"",""
ball,2,39.4,New Zealand,CJ Anderson,LRPL Taylor,Nasir Hossain,0,0,,,,,,"",""
ball,2,39.5,New Zealand,CJ Anderson,LRPL Taylor,Nasir Hossain,0,0,,,,,,"",""
ball,2,39.6,New Zealand,CJ Anderson,LRPL Taylor,Nasir Hossain,0,0,,,,,,"",""
ball,2,40.1,New Zealand,LRPL Taylor,CJ Anderson,Taskin Ahmed,0,0,,,,,,"",""
ball,2,40.2,New Zealand,LRPL Taylor,CJ Anderson,Taskin Ahmed,0,0,,,,,,"",""
ball,2,40.3,New Zealand,LRPL Taylor,CJ Anderson,Taskin Ahmed,1,0,,,,,,"",""
ball,2,40.4,New Zealand,CJ Anderson,LRPL Taylor,Taskin Ahmed,0,0,,,,,,"",""
ball,2,40.5,New Zealand,CJ Anderson,LRPL Taylor,Taskin Ahmed,6,0,,,,,,"",""
ball,2,40.6,New Zealand,CJ Anderson,LRPL Taylor,Taskin Ahmed,0,1,1,,,,,"",""
ball,2,40.7,New Zealand,CJ Anderson,LRPL Taylor,Taskin Ahmed,0,0,,,,,,"",""
ball,2,41.1,New Zealand,LRPL Taylor,CJ Anderson,Nasir Hossain,0,0,,,,,,"",""
ball,2,41.2,New Zealand,LRPL Taylor,CJ Anderson,Nasir Hossain,0,0,,,,,,lbw,LRPL Taylor
ball,2,41.3,New Zealand,L Ronchi,CJ Anderson,Nasir Hossain,0,0,,,,,,"",""
ball,2,41.4,New Zealand,L Ronchi,CJ Anderson,Nasir Hossain,4,0,,,,,,"",""
ball,2,41.5,New Zealand,L Ronchi,CJ Anderson,Nasir Hossain,0,0,,,,,,"",""
ball,2,41.6,New Zealand,L Ronchi,CJ Anderson,Nasir Hossain,0,0,,,,,,"",""
ball,2,42.1,New Zealand,CJ Anderson,L Ronchi,Taskin Ahmed,0,0,,,,,,"",""
ball,2,42.2,New Zealand,CJ Anderson,L Ronchi,Taskin Ahmed,4,0,,,,,,"",""
ball,2,42.3,New Zealand,CJ Anderson,L Ronchi,Taskin Ahmed,1,0,,,,,,"",""
ball,2,42.4,New Zealand,L Ronchi,CJ Anderson,Taskin Ahmed,1,0,,,,,,"",""
ball,2,42.5,New Zealand,CJ Anderson,L Ronchi,Taskin Ahmed,4,0,,,,,,"",""
ball,2,42.6,New Zealand,CJ Anderson,L Ronchi,Taskin Ahmed,0,1,1,,,,,"",""
ball,2,42.7,New Zealand,CJ Anderson,L Ronchi,Taskin Ahmed,1,0,,,,,,"",""
ball,2,43.1,New Zealand,CJ Anderson,L Ronchi,Nasir Hossain,0,0,,,,,,"",""
ball,2,43.2,New Zealand,CJ Anderson,L Ronchi,Nasir Hossain,1,0,,,,,,"",""
ball,2,43.3,New Zealand,L Ronchi,CJ Anderson,Nasir Hossain,0,0,,,,,,"",""
ball,2,43.4,New Zealand,L Ronchi,CJ Anderson,Nasir Hossain,0,0,,,,,,"",""
ball,2,43.5,New Zealand,L Ronchi,CJ Anderson,Nasir Hossain,0,0,,,,,,"",""
ball,2,43.6,New Zealand,L Ronchi,CJ Anderson,Nasir Hossain,4,0,,,,,,"",""
ball,2,44.1,New Zealand,CJ Anderson,L Ronchi,Shakib Al Hasan,6,0,,,,,,"",""
ball,2,44.2,New Zealand,CJ Anderson,L Ronchi,Shakib Al Hasan,0,0,,,,,,"",""
ball,2,44.3,New Zealand,CJ Anderson,L Ronchi,Shakib Al Hasan,1,0,,,,,,"",""
ball,2,44.4,New Zealand,L Ronchi,CJ Anderson,Shakib Al Hasan,0,0,,,,,,caught,L Ronchi
ball,2,44.5,New Zealand,DL Vettori,CJ Anderson,Shakib Al Hasan,1,0,,,,,,"",""
ball,2,44.6,New Zealand,CJ Anderson,DL Vettori,Shakib Al Hasan,1,0,,,,,,"",""
ball,2,45.1,New Zealand,CJ Anderson,DL Vettori,Nasir Hossain,1,0,,,,,,"",""
ball,2,45.2,New Zealand,DL Vettori,CJ Anderson,Nasir Hossain,0,0,,,,,,"",""
ball,2,45.3,New Zealand,DL Vettori,CJ Anderson,Nasir Hossain,0,0,,,,,,"",""
ball,2,45.4,New Zealand,DL Vettori,CJ Anderson,Nasir Hossain,4,0,,,,,,"",""
ball,2,45.5,New Zealand,DL Vettori,CJ Anderson,Nasir Hossain,1,0,,,,,,"",""
ball,2,45.6,New Zealand,CJ Anderson,DL Vettori,Nasir Hossain,1,0,,,,,,"",""
ball,2,46.1,New Zealand,CJ Anderson,DL Vettori,Mahmudullah,4,0,,,,,,"",""
ball,2,46.2,New Zealand,CJ Anderson,DL Vettori,Mahmudullah,1,0,,,,,,"",""
ball,2,46.3,New Zealand,DL Vettori,CJ Anderson,Mahmudullah,0,0,,,,,,"",""
ball,2,46.4,New Zealand,DL Vettori,CJ Anderson,Mahmudullah,1,0,,,,,,"",""
ball,2,46.5,New Zealand,CJ Anderson,DL Vettori,Mahmudullah,0,0,,,,,,"",""
ball,2,46.6,New Zealand,CJ Anderson,DL Vettori,Mahmudullah,1,0,,,,,,"",""
ball,2,47.1,New Zealand,CJ Anderson,DL Vettori,Nasir Hossain,6,0,,,,,,"",""
ball,2,47.2,New Zealand,CJ Anderson,DL Vettori,Nasir Hossain,0,0,,,,,,bowled,CJ Anderson
ball,2,47.3,New Zealand,TG Southee,DL Vettori,Nasir Hossain,0,0,,,,,,"",""
ball,2,47.4,New Zealand,TG Southee,DL Vettori,Nasir Hossain,1,0,,,,,,"",""
ball,2,47.5,New Zealand,DL Vettori,TG Southee,Nasir Hossain,2,0,,,,,,"",""
ball,2,47.6,New Zealand,DL Vettori,TG Southee,Nasir Hossain,6,0,,,,,,"",""
ball,2,48.1,New Zealand,TG Southee,DL Vettori,Shakib Al Hasan,1,0,,,,,,"",""
ball,2,48.2,New Zealand,DL Vettori,TG Southee,Shakib Al Hasan,1,0,,,,,,"",""
ball,2,48.3,New Zealand,TG Southee,DL Vettori,Shakib Al Hasan,0,0,,,,,,"",""
ball,2,48.4,New Zealand,TG Southee,DL Vettori,Shakib Al Hasan,6,0,,,,,,"",""
ball,2,48.5,New Zealand,TG Southee,DL Vettori,Shakib Al Hasan,4,0,,,,,,"",""
