version,1.6.0
info,balls_per_over,6
info,team,India
info,team,West Indies
info,gender,male
info,season,2014/15
info,date,2015/03/06
info,event,ICC Cricket World Cup
info,match_number,28
info,venue,Western Australia Cricket Association Ground
info,city,Perth
info,neutralvenue,true
info,toss_winner,West Indies
info,toss_decision,bat
info,player_of_match,Mohammed Shami
info,umpire,HDPK Dharmasena
info,umpire,NJ Llong
info,reserve_umpire,MA Gough
info,tv_umpire,BF Bowden
info,match_referee,RS Madugalle
info,winner,India
info,winner_wickets,4
info,player,India,RG Sharma
info,player,India,S Dhawan
info,player,India,V Kohli
info,player,India,AM Rahane
info,player,India,SK Raina
info,player,India,MS Dhoni
info,player,India,RA Jadeja
info,player,India,R Ashwin
info,player,India,MM Sharma
info,player,India,Mohammed Shami
info,player,India,UT Yadav
info,player,West Indies,DR Smith
info,player,West Indies,CH Gayle
info,player,West Indies,MN Samuels
info,player,West Indies,JL Carter
info,player,West Indies,D Ramdin
info,player,West Indies,LMP Simmons
info,player,West Indies,DJG Sammy
info,player,West Indies,AD Russell
info,player,West Indies,JO Holder
info,player,West Indies,JE Taylor
info,player,West Indies,KAJ Roach
info,registry,people,AD Russell,bbd41817
info,registry,people,AM Rahane,29e95537
info,registry,people,BF Bowden,efc0a862
info,registry,people,CH Gayle,db584dad
info,registry,people,D Ramdin,d1523761
info,registry,people,DJG Sammy,c03c6200
info,registry,people,DR Smith,35205dfc
info,registry,people,HDPK Dharmasena,323e4c16
info,registry,people,JE Taylor,4180d897
info,registry,people,JL Carter,0a9d8b61
info,registry,people,JO Holder,0f721006
info,registry,people,KAJ Roach,78eb4223
info,registry,people,LMP Simmons,89f64c19
info,registry,people,MA Gough,76752ac8
info,registry,people,MM Sharma,759ac88f
info,registry,people,MN Samuels,f846de6a
info,registry,people,MS Dhoni,4a8a2e3b
info,registry,people,Mohammed Shami,8cf9814c
info,registry,people,NJ Llong,573fb985
info,registry,people,R Ashwin,495d42a5
info,registry,people,RA Jadeja,fe93fd9d
info,registry,people,RG Sharma,740742ef
info,registry,people,RS Madugalle,766b5798
info,registry,people,S Dhawan,0a476045
info,registry,people,SK Raina,1dc12ab9
info,registry,people,UT Yadav,cc1e8c68
info,registry,people,V Kohli,ba607b88
ball,1,0.1,West Indies,DR Smith,CH Gayle,Mohammed Shami,0,0,,,,,,"",""
ball,1,0.2,West Indies,DR Smith,CH Gayle,Mohammed Shami,0,0,,,,,,"",""
ball,1,0.3,West Indies,DR Smith,CH Gayle,Mohammed Shami,4,0,,,,,,"",""
ball,1,0.4,West Indies,DR Smith,CH Gayle,Mohammed Shami,1,0,,,,,,"",""
ball,1,0.5,West Indies,CH Gayle,DR Smith,Mohammed Shami,0,0,,,,,,"",""
ball,1,0.6,West Indies,CH Gayle,DR Smith,Mohammed Shami,0,0,,,,,,"",""
ball,1,1.1,West Indies,DR Smith,CH Gayle,UT Yadav,0,0,,,,,,"",""
ball,1,1.2,West Indies,DR Smith,CH Gayle,UT Yadav,0,0,,,,,,"",""
ball,1,1.3,West Indies,DR Smith,CH Gayle,UT Yadav,0,0,,,,,,"",""
ball,1,1.4,West Indies,DR Smith,CH Gayle,UT Yadav,0,0,,,,,,"",""
ball,1,1.5,West Indies,DR Smith,CH Gayle,UT Yadav,1,0,,,,,,"",""
ball,1,1.6,West Indies,CH Gayle,DR Smith,UT Yadav,0,0,,,,,,"",""
ball,1,2.1,West Indies,DR Smith,CH Gayle,Mohammed Shami,0,0,,,,,,"",""
ball,1,2.2,West Indies,DR Smith,CH Gayle,Mohammed Shami,0,0,,,,,,"",""
ball,1,2.3,West Indies,DR Smith,CH Gayle,Mohammed Shami,0,0,,,,,,"",""
ball,1,2.4,West Indies,DR Smith,CH Gayle,Mohammed Shami,0,0,,,,,,"",""
ball,1,2.5,West Indies,DR Smith,CH Gayle,Mohammed Shami,0,0,,,,,,"",""
ball,1,2.6,West Indies,DR Smith,CH Gayle,Mohammed Shami,0,0,,,,,,"",""
ball,1,3.1,West Indies,CH Gayle,DR Smith,UT Yadav,0,0,,,,,,"",""
ball,1,3.2,West Indies,CH Gayle,DR Smith,UT Yadav,0,0,,,,,,"",""
ball,1,3.3,West Indies,CH Gayle,DR Smith,UT Yadav,0,0,,,,,,"",""
ball,1,3.4,West Indies,CH Gayle,DR Smith,UT Yadav,0,0,,,,,,"",""
ball,1,3.5,West Indies,CH Gayle,DR Smith,UT Yadav,0,0,,,,,,"",""
ball,1,3.6,West Indies,CH Gayle,DR Smith,UT Yadav,0,0,,,,,,"",""
ball,1,4.1,West Indies,DR Smith,CH Gayle,Mohammed Shami,0,2,,,,2,,"",""
ball,1,4.2,West Indies,DR Smith,CH Gayle,Mohammed Shami,0,0,,,,,,"",""
ball,1,4.3,West Indies,DR Smith,CH Gayle,Mohammed Shami,0,0,,,,,,"",""
ball,1,4.4,West Indies,DR Smith,CH Gayle,Mohammed Shami,0,0,,,,,,"",""
ball,1,4.5,West Indies,DR Smith,CH Gayle,Mohammed Shami,0,0,,,,,,caught,DR Smith
ball,1,4.6,West Indies,MN Samuels,CH Gayle,Mohammed Shami,0,0,,,,,,"",""
ball,1,5.1,West Indies,CH Gayle,MN Samuels,UT Yadav,0,0,,,,,,"",""
ball,1,5.2,West Indies,CH Gayle,MN Samuels,UT Yadav,1,0,,,,,,"",""
ball,1,5.3,West Indies,MN Samuels,CH Gayle,UT Yadav,0,0,,,,,,"",""
ball,1,5.4,West Indies,MN Samuels,CH Gayle,UT Yadav,0,0,,,,,,"",""
ball,1,5.5,West Indies,MN Samuels,CH Gayle,UT Yadav,0,1,1,,,,,"",""
ball,1,5.6,West Indies,MN Samuels,CH Gayle,UT Yadav,0,0,,,,,,"",""
ball,1,5.7,West Indies,MN Samuels,CH Gayle,UT Yadav,0,0,,,,,,"",""
ball,1,6.1,West Indies,CH Gayle,MN Samuels,Mohammed Shami,0,1,1,,,,,"",""
ball,1,6.2,West Indies,CH Gayle,MN Samuels,Mohammed Shami,0,0,,,,,,"",""
ball,1,6.3,West Indies,CH Gayle,MN Samuels,Mohammed Shami,0,0,,,,,,"",""
ball,1,6.4,West Indies,CH Gayle,MN Samuels,Mohammed Shami,0,0,,,,,,"",""
ball,1,6.5,West Indies,CH Gayle,MN Samuels,Mohammed Shami,0,1,1,,,,,"",""
ball,1,6.6,West Indies,CH Gayle,MN Samuels,Mohammed Shami,0,0,,,,,,"",""
ball,1,6.7,West Indies,CH Gayle,MN Samuels,Mohammed Shami,1,0,,,,,,"",""
ball,1,6.8,West Indies,MN Samuels,CH Gayle,Mohammed Shami,1,0,,,,,,"",""
ball,1,7.1,West Indies,MN Samuels,CH Gayle,UT Yadav,1,0,,,,,,"",""
ball,1,7.2,West Indies,CH Gayle,MN Samuels,UT Yadav,0,0,,,,,,run out,MN Samuels
ball,1,7.3,West Indies,CH Gayle,JL Carter,UT Yadav,4,0,,,,,,"",""
ball,1,7.4,West Indies,CH Gayle,JL Carter,UT Yadav,2,0,,,,,,"",""
ball,1,7.5,West Indies,CH Gayle,JL Carter,UT Yadav,6,0,,,,,,"",""
ball,1,7.6,West Indies,CH Gayle,JL Carter,UT Yadav,1,0,,,,,,"",""
ball,1,8.1,West Indies,CH Gayle,JL Carter,Mohammed Shami,0,0,,,,,,"",""
ball,1,8.2,West Indies,CH Gayle,JL Carter,Mohammed Shami,4,0,,,,,,"",""
ball,1,8.3,West Indies,CH Gayle,JL Carter,Mohammed Shami,2,0,,,,,,"",""
ball,1,8.4,West Indies,CH Gayle,JL Carter,Mohammed Shami,0,0,,,,,,"",""
ball,1,8.5,West Indies,CH Gayle,JL Carter,Mohammed Shami,0,1,1,,,,,"",""
ball,1,8.6,West Indies,CH Gayle,JL Carter,Mohammed Shami,0,0,,,,,,"",""
ball,1,8.7,West Indies,CH Gayle,JL Carter,Mohammed Shami,0,0,,,,,,caught,CH Gayle
ball,1,9.1,West Indies,D Ramdin,JL Carter,UT Yadav,0,0,,,,,,bowled,D Ramdin
ball,1,9.2,West Indies,LMP Simmons,JL Carter,UT Yadav,3,0,,,,,,"",""
ball,1,9.3,West Indies,JL Carter,LMP Simmons,UT Yadav,0,0,,,,,,"",""
ball,1,9.4,West Indies,JL Carter,LMP Simmons,UT Yadav,0,0,,,,,,"",""
ball,1,9.5,West Indies,JL Carter,LMP Simmons,UT Yadav,0,0,,,,,,"",""
ball,1,9.6,West Indies,JL Carter,LMP Simmons,UT Yadav,0,0,,,,,,"",""
ball,1,10.1,West Indies,LMP Simmons,JL Carter,Mohammed Shami,0,1,1,,,,,"",""
ball,1,10.2,West Indies,LMP Simmons,JL Carter,Mohammed Shami,0,0,,,,,,"",""
ball,1,10.3,West Indies,LMP Simmons,JL Carter,Mohammed Shami,0,1,,,,1,,"",""
ball,1,10.4,West Indies,JL Carter,LMP Simmons,Mohammed Shami,2,0,,,,,,"",""
ball,1,10.5,West Indies,JL Carter,LMP Simmons,Mohammed Shami,0,0,,,,,,"",""
ball,1,10.6,West Indies,JL Carter,LMP Simmons,Mohammed Shami,0,0,,,,,,"",""
ball,1,10.7,West Indies,JL Carter,LMP Simmons,Mohammed Shami,0,0,,,,,,"",""
ball,1,11.1,West Indies,LMP Simmons,JL Carter,R Ashwin,0,0,,,,,,"",""
ball,1,11.2,West Indies,LMP Simmons,JL Carter,R Ashwin,1,0,,,,,,"",""
ball,1,11.3,West Indies,JL Carter,LMP Simmons,R Ashwin,0,0,,,,,,"",""
ball,1,11.4,West Indies,JL Carter,LMP Simmons,R Ashwin,0,0,,,,,,"",""
ball,1,11.5,West Indies,JL Carter,LMP Simmons,R Ashwin,1,0,,,,,,"",""
ball,1,11.6,West Indies,LMP Simmons,JL Carter,R Ashwin,0,0,,,,,,"",""
ball,1,12.1,West Indies,JL Carter,LMP Simmons,MM Sharma,0,0,,,,,,"",""
ball,1,12.2,West Indies,JL Carter,LMP Simmons,MM Sharma,0,0,,,,,,"",""
ball,1,12.3,West Indies,JL Carter,LMP Simmons,MM Sharma,4,0,,,,,,"",""
ball,1,12.4,West Indies,JL Carter,LMP Simmons,MM Sharma,0,0,,,,,,"",""
ball,1,12.5,West Indies,JL Carter,LMP Simmons,MM Sharma,1,0,,,,,,"",""
ball,1,12.6,West Indies,LMP Simmons,JL Carter,MM Sharma,0,0,,,,,,"",""
ball,1,13.1,West Indies,JL Carter,LMP Simmons,R Ashwin,0,0,,,,,,"",""
ball,1,13.2,West Indies,JL Carter,LMP Simmons,R Ashwin,2,0,,,,,,"",""
ball,1,13.3,West Indies,JL Carter,LMP Simmons,R Ashwin,0,0,,,,,,"",""
ball,1,13.4,West Indies,JL Carter,LMP Simmons,R Ashwin,0,0,,,,,,"",""
ball,1,13.5,West Indies,JL Carter,LMP Simmons,R Ashwin,0,0,,,,,,"",""
ball,1,13.6,West Indies,JL Carter,LMP Simmons,R Ashwin,0,0,,,,,,"",""
ball,1,14.1,West Indies,LMP Simmons,JL Carter,MM Sharma,1,0,,,,,,"",""
ball,1,14.2,West Indies,JL Carter,LMP Simmons,MM Sharma,0,0,,,,,,"",""
ball,1,14.3,West Indies,JL Carter,LMP Simmons,MM Sharma,0,0,,,,,,"",""
ball,1,14.4,West Indies,JL Carter,LMP Simmons,MM Sharma,0,0,,,,,,"",""
ball,1,14.5,West Indies,JL Carter,LMP Simmons,MM Sharma,1,0,,,,,,"",""
ball,1,14.6,West Indies,LMP Simmons,JL Carter,MM Sharma,1,0,,,,,,"",""
ball,1,15.1,West Indies,LMP Simmons,JL Carter,R Ashwin,1,0,,,,,,"",""
ball,1,15.2,West Indies,JL Carter,LMP Simmons,R Ashwin,1,0,,,,,,"",""
ball,1,15.3,West Indies,LMP Simmons,JL Carter,R Ashwin,0,0,,,,,,"",""
ball,1,15.4,West Indies,LMP Simmons,JL Carter,R Ashwin,1,0,,,,,,"",""
ball,1,15.5,West Indies,JL Carter,LMP Simmons,R Ashwin,4,0,,,,,,"",""
ball,1,15.6,West Indies,JL Carter,LMP Simmons,R Ashwin,0,0,,,,,,"",""
ball,1,16.1,West Indies,LMP Simmons,JL Carter,MM Sharma,0,0,,,,,,"",""
ball,1,16.2,West Indies,LMP Simmons,JL Carter,MM Sharma,0,0,,,,,,"",""
ball,1,16.3,West Indies,LMP Simmons,JL Carter,MM Sharma,0,0,,,,,,"",""
ball,1,16.4,West Indies,LMP Simmons,JL Carter,MM Sharma,0,0,,,,,,"",""
ball,1,16.5,West Indies,LMP Simmons,JL Carter,MM Sharma,0,0,,,,,,"",""
ball,1,16.6,West Indies,LMP Simmons,JL Carter,MM Sharma,0,0,,,,,,"",""
ball,1,17.1,West Indies,JL Carter,LMP Simmons,R Ashwin,1,0,,,,,,"",""
ball,1,17.2,West Indies,LMP Simmons,JL Carter,R Ashwin,0,0,,,,,,"",""
ball,1,17.3,West Indies,LMP Simmons,JL Carter,R Ashwin,0,0,,,,,,"",""
ball,1,17.4,West Indies,LMP Simmons,JL Carter,R Ashwin,1,0,,,,,,"",""
ball,1,17.5,West Indies,JL Carter,LMP Simmons,R Ashwin,4,0,,,,,,"",""
ball,1,17.6,West Indies,JL Carter,LMP Simmons,R Ashwin,0,0,,,,,,"",""
ball,1,18.1,West Indies,LMP Simmons,JL Carter,MM Sharma,0,0,,,,,,caught,LMP Simmons
ball,1,18.2,West Indies,JL Carter,DJG Sammy,MM Sharma,0,0,,,,,,"",""
ball,1,18.3,West Indies,JL Carter,DJG Sammy,MM Sharma,0,0,,,,,,"",""
ball,1,18.4,West Indies,JL Carter,DJG Sammy,MM Sharma,0,0,,,,,,"",""
ball,1,18.5,West Indies,JL Carter,DJG Sammy,MM Sharma,0,0,,,,,,"",""
ball,1,18.6,West Indies,JL Carter,DJG Sammy,MM Sharma,0,1,1,,,,,"",""
ball,1,18.7,West Indies,JL Carter,DJG Sammy,MM Sharma,0,0,,,,,,"",""
ball,1,19.1,West Indies,DJG Sammy,JL Carter,R Ashwin,0,0,,,,,,"",""
ball,1,19.2,West Indies,DJG Sammy,JL Carter,R Ashwin,2,0,,,,,,"",""
ball,1,19.3,West Indies,DJG Sammy,JL Carter,R Ashwin,0,0,,,,,,"",""
ball,1,19.4,West Indies,DJG Sammy,JL Carter,R Ashwin,0,0,,,,,,"",""
ball,1,19.5,West Indies,DJG Sammy,JL Carter,R Ashwin,1,0,,,,,,"",""
ball,1,19.6,West Indies,JL Carter,DJG Sammy,R Ashwin,0,0,,,,,,"",""
ball,1,20.1,West Indies,DJG Sammy,JL Carter,MM Sharma,0,0,,,,,,"",""
ball,1,20.2,West Indies,DJG Sammy,JL Carter,MM Sharma,0,0,,,,,,"",""
ball,1,20.3,West Indies,DJG Sammy,JL Carter,MM Sharma,0,0,,,,,,"",""
ball,1,20.4,West Indies,DJG Sammy,JL Carter,MM Sharma,0,0,,,,,,"",""
ball,1,20.5,West Indies,DJG Sammy,JL Carter,MM Sharma,0,0,,,,,,"",""
ball,1,20.6,West Indies,DJG Sammy,JL Carter,MM Sharma,0,0,,,,,,"",""
ball,1,21.1,West Indies,JL Carter,DJG Sammy,R Ashwin,0,0,,,,,,"",""
ball,1,21.2,West Indies,JL Carter,DJG Sammy,R Ashwin,0,0,,,,,,"",""
ball,1,21.3,West Indies,JL Carter,DJG Sammy,R Ashwin,0,0,,,,,,"",""
ball,1,21.4,West Indies,JL Carter,DJG Sammy,R Ashwin,0,0,,,,,,"",""
ball,1,21.5,West Indies,JL Carter,DJG Sammy,R Ashwin,0,0,,,,,,caught,JL Carter
ball,1,21.6,West Indies,DJG Sammy,AD Russell,R Ashwin,0,1,1,,,,,"",""
ball,1,21.7,West Indies,DJG Sammy,AD Russell,R Ashwin,0,0,,,,,,"",""
ball,1,22.1,West Indies,AD Russell,DJG Sammy,MM Sharma,0,0,,,,,,"",""
ball,1,22.2,West Indies,AD Russell,DJG Sammy,MM Sharma,6,0,,,,,,"",""
ball,1,22.3,West Indies,AD Russell,DJG Sammy,MM Sharma,0,1,1,,,,,"",""
ball,1,22.4,West Indies,AD Russell,DJG Sammy,MM Sharma,0,0,,,,,,"",""
ball,1,22.5,West Indies,AD Russell,DJG Sammy,MM Sharma,1,0,,,,,,"",""
ball,1,22.6,West Indies,DJG Sammy,AD Russell,MM Sharma,0,1,1,,,,,"",""
ball,1,22.7,West Indies,DJG Sammy,AD Russell,MM Sharma,0,1,1,,,,,"",""
ball,1,22.8,West Indies,DJG Sammy,AD Russell,MM Sharma,2,0,,,,,,"",""
ball,1,22.9,West Indies,DJG Sammy,AD Russell,MM Sharma,0,0,,,,,,"",""
ball,1,23.1,West Indies,AD Russell,DJG Sammy,R Ashwin,0,0,,,,,,"",""
ball,1,23.2,West Indies,AD Russell,DJG Sammy,R Ashwin,0,0,,,,,,"",""
ball,1,23.3,West Indies,AD Russell,DJG Sammy,R Ashwin,1,0,,,,,,"",""
ball,1,23.4,West Indies,DJG Sammy,AD Russell,R Ashwin,0,0,,,,,,"",""
ball,1,23.5,West Indies,DJG Sammy,AD Russell,R Ashwin,0,0,,,,,,"",""
ball,1,23.6,West Indies,DJG Sammy,AD Russell,R Ashwin,0,0,,,,,,"",""
ball,1,24.1,West Indies,AD Russell,DJG Sammy,RA Jadeja,0,0,,,,,,caught,AD Russell
ball,1,24.2,West Indies,DJG Sammy,JO Holder,RA Jadeja,0,0,,,,,,"",""
ball,1,24.3,West Indies,DJG Sammy,JO Holder,RA Jadeja,2,0,,,,,,"",""
ball,1,24.4,West Indies,DJG Sammy,JO Holder,RA Jadeja,0,0,,,,,,"",""
ball,1,24.5,West Indies,DJG Sammy,JO Holder,RA Jadeja,1,0,,,,,,"",""
ball,1,24.6,West Indies,JO Holder,DJG Sammy,RA Jadeja,0,0,,,,,,"",""
ball,1,25.1,West Indies,DJG Sammy,JO Holder,R Ashwin,0,0,,,,,,"",""
ball,1,25.2,West Indies,DJG Sammy,JO Holder,R Ashwin,0,0,,,,,,"",""
ball,1,25.3,West Indies,DJG Sammy,JO Holder,R Ashwin,0,0,,,,,,"",""
ball,1,25.4,West Indies,DJG Sammy,JO Holder,R Ashwin,0,0,,,,,,"",""
ball,1,25.5,West Indies,DJG Sammy,JO Holder,R Ashwin,4,0,,,,,,"",""
ball,1,25.6,West Indies,DJG Sammy,JO Holder,R Ashwin,1,0,,,,,,"",""
ball,1,26.1,West Indies,DJG Sammy,JO Holder,RA Jadeja,0,0,,,,,,"",""
ball,1,26.2,West Indies,DJG Sammy,JO Holder,RA Jadeja,0,0,,,,,,"",""
ball,1,26.3,West Indies,DJG Sammy,JO Holder,RA Jadeja,0,0,,,,,,"",""
ball,1,26.4,West Indies,DJG Sammy,JO Holder,RA Jadeja,1,0,,,,,,"",""
ball,1,26.5,West Indies,JO Holder,DJG Sammy,RA Jadeja,1,0,,,,,,"",""
ball,1,26.6,West Indies,DJG Sammy,JO Holder,RA Jadeja,1,0,,,,,,"",""
ball,1,27.1,West Indies,DJG Sammy,JO Holder,UT Yadav,0,0,,,,,,"",""
ball,1,27.2,West Indies,DJG Sammy,JO Holder,UT Yadav,0,1,,,,1,,"",""
ball,1,27.3,West Indies,JO Holder,DJG Sammy,UT Yadav,0,1,1,,,,,"",""
ball,1,27.4,West Indies,JO Holder,DJG Sammy,UT Yadav,0,1,1,,,,,"",""
ball,1,27.5,West Indies,JO Holder,DJG Sammy,UT Yadav,0,0,,,,,,"",""
ball,1,27.6,West Indies,JO Holder,DJG Sammy,UT Yadav,0,0,,,,,,"",""
ball,1,27.7,West Indies,JO Holder,DJG Sammy,UT Yadav,0,0,,,,,,"",""
ball,1,27.8,West Indies,JO Holder,DJG Sammy,UT Yadav,1,0,,,,,,"",""
ball,1,28.1,West Indies,JO Holder,DJG Sammy,RA Jadeja,0,0,,,,,,"",""
ball,1,28.2,West Indies,JO Holder,DJG Sammy,RA Jadeja,0,0,,,,,,"",""
ball,1,28.3,West Indies,JO Holder,DJG Sammy,RA Jadeja,0,0,,,,,,"",""
ball,1,28.4,West Indies,JO Holder,DJG Sammy,RA Jadeja,0,0,,,,,,"",""
ball,1,28.5,West Indies,JO Holder,DJG Sammy,RA Jadeja,0,0,,,,,,"",""
ball,1,28.6,West Indies,JO Holder,DJG Sammy,RA Jadeja,1,0,,,,,,"",""
ball,1,29.1,West Indies,JO Holder,DJG Sammy,UT Yadav,0,0,,,,,,"",""
ball,1,29.2,West Indies,JO Holder,DJG Sammy,UT Yadav,0,0,,,,,,"",""
ball,1,29.3,West Indies,JO Holder,DJG Sammy,UT Yadav,1,0,,,,,,"",""
ball,1,29.4,West Indies,DJG Sammy,JO Holder,UT Yadav,0,0,,,,,,"",""
ball,1,29.5,West Indies,DJG Sammy,JO Holder,UT Yadav,0,1,1,,,,,"",""
ball,1,29.6,West Indies,DJG Sammy,JO Holder,UT Yadav,1,0,,,,,,"",""
ball,1,29.7,West Indies,JO Holder,DJG Sammy,UT Yadav,1,0,,,,,,"",""
ball,1,30.1,West Indies,JO Holder,DJG Sammy,RA Jadeja,0,0,,,,,,"",""
ball,1,30.2,West Indies,JO Holder,DJG Sammy,RA Jadeja,0,1,1,,,,,"",""
ball,1,30.3,West Indies,JO Holder,DJG Sammy,RA Jadeja,0,0,,,,,,"",""
ball,1,30.4,West Indies,JO Holder,DJG Sammy,RA Jadeja,1,0,,,,,,"",""
ball,1,30.5,West Indies,DJG Sammy,JO Holder,RA Jadeja,0,0,,,,,,"",""
ball,1,30.6,West Indies,DJG Sammy,JO Holder,RA Jadeja,0,0,,,,,,"",""
ball,1,30.7,West Indies,DJG Sammy,JO Holder,RA Jadeja,2,0,,,,,,"",""
ball,1,31.1,West Indies,JO Holder,DJG Sammy,MM Sharma,0,0,,,,,,"",""
ball,1,31.2,West Indies,JO Holder,DJG Sammy,MM Sharma,4,0,,,,,,"",""
ball,1,31.3,West Indies,JO Holder,DJG Sammy,MM Sharma,1,0,,,,,,"",""
ball,1,31.4,West Indies,DJG Sammy,JO Holder,MM Sharma,1,0,,,,,,"",""
ball,1,31.5,West Indies,JO Holder,DJG Sammy,MM Sharma,0,0,,,,,,"",""
ball,1,31.6,West Indies,JO Holder,DJG Sammy,MM Sharma,0,0,,,,,,"",""
ball,1,32.1,West Indies,DJG Sammy,JO Holder,RA Jadeja,1,0,,,,,,"",""
ball,1,32.2,West Indies,JO Holder,DJG Sammy,RA Jadeja,0,0,,,,,,"",""
ball,1,32.3,West Indies,JO Holder,DJG Sammy,RA Jadeja,1,0,,,,,,"",""
ball,1,32.4,West Indies,DJG Sammy,JO Holder,RA Jadeja,0,0,,,,,,"",""
ball,1,32.5,West Indies,DJG Sammy,JO Holder,RA Jadeja,0,0,,,,,,"",""
ball,1,32.6,West Indies,DJG Sammy,JO Holder,RA Jadeja,0,0,,,,,,"",""
ball,1,33.1,West Indies,JO Holder,DJG Sammy,MM Sharma,0,0,,,,,,"",""
ball,1,33.2,West Indies,JO Holder,DJG Sammy,MM Sharma,0,0,,,,,,"",""
ball,1,33.3,West Indies,JO Holder,DJG Sammy,MM Sharma,0,0,,,,,,"",""
ball,1,33.4,West Indies,JO Holder,DJG Sammy,MM Sharma,1,0,,,,,,"",""
ball,1,33.5,West Indies,DJG Sammy,JO Holder,MM Sharma,1,0,,,,,,"",""
ball,1,33.6,West Indies,JO Holder,DJG Sammy,MM Sharma,0,0,,,,,,"",""
ball,1,34.1,West Indies,DJG Sammy,JO Holder,RA Jadeja,0,0,,,,,,"",""
ball,1,34.2,West Indies,DJG Sammy,JO Holder,RA Jadeja,0,0,,,,,,"",""
ball,1,34.3,West Indies,DJG Sammy,JO Holder,RA Jadeja,0,0,,,,,,"",""
ball,1,34.4,West Indies,DJG Sammy,JO Holder,RA Jadeja,0,0,,,,,,"",""
ball,1,34.5,West Indies,DJG Sammy,JO Holder,RA Jadeja,0,0,,,,,,"",""
ball,1,34.6,West Indies,DJG Sammy,JO Holder,RA Jadeja,1,0,,,,,,"",""
ball,1,35.1,West Indies,DJG Sammy,JO Holder,Mohammed Shami,0,0,,,,,,"",""
ball,1,35.2,West Indies,DJG Sammy,JO Holder,Mohammed Shami,0,0,,,,,,"",""
ball,1,35.3,West Indies,DJG Sammy,JO Holder,Mohammed Shami,4,0,,,,,,"",""
ball,1,35.4,West Indies,DJG Sammy,JO Holder,Mohammed Shami,0,0,,,,,,caught,DJG Sammy
ball,1,35.5,West Indies,JE Taylor,JO Holder,Mohammed Shami,0,1,1,,,,,"",""
ball,1,35.6,West Indies,JE Taylor,JO Holder,Mohammed Shami,0,0,,,,,,"",""
ball,1,35.7,West Indies,JE Taylor,JO Holder,Mohammed Shami,0,0,,,,,,"",""
ball,1,36.1,West Indies,JO Holder,JE Taylor,RA Jadeja,0,0,,,,,,"",""
ball,1,36.2,West Indies,JO Holder,JE Taylor,RA Jadeja,0,0,,,,,,"",""
ball,1,36.3,West Indies,JO Holder,JE Taylor,RA Jadeja,6,0,,,,,,"",""
ball,1,36.4,West Indies,JO Holder,JE Taylor,RA Jadeja,0,0,,,,,,"",""
ball,1,36.5,West Indies,JO Holder,JE Taylor,RA Jadeja,2,0,,,,,,"",""
ball,1,36.6,West Indies,JO Holder,JE Taylor,RA Jadeja,1,0,,,,,,"",""
ball,1,37.1,West Indies,JO Holder,JE Taylor,Mohammed Shami,0,0,,,,,,"",""
ball,1,37.2,West Indies,JO Holder,JE Taylor,Mohammed Shami,0,0,,,,,,"",""
ball,1,37.3,West Indies,JO Holder,JE Taylor,Mohammed Shami,4,0,,,,,,"",""
ball,1,37.4,West Indies,JO Holder,JE Taylor,Mohammed Shami,6,0,,,,,,"",""
ball,1,37.5,West Indies,JO Holder,JE Taylor,Mohammed Shami,1,0,,,,,,"",""
ball,1,37.6,West Indies,JE Taylor,JO Holder,Mohammed Shami,0,0,,,,,,"",""
ball,1,38.1,West Indies,JO Holder,JE Taylor,UT Yadav,1,0,,,,,,"",""
ball,1,38.2,West Indies,JE Taylor,JO Holder,UT Yadav,0,0,,,,,,"",""
ball,1,38.3,West Indies,JE Taylor,JO Holder,UT Yadav,0,0,,,,,,"",""
ball,1,38.4,West Indies,JE Taylor,JO Holder,UT Yadav,4,0,,,,,,"",""
ball,1,38.5,West Indies,JE Taylor,JO Holder,UT Yadav,0,1,1,,,,,"",""
ball,1,38.6,West Indies,JE Taylor,JO Holder,UT Yadav,0,0,,,,,,"",""
ball,1,38.7,West Indies,JE Taylor,JO Holder,UT Yadav,0,0,,,,,,"",""
ball,1,39.1,West Indies,JO Holder,JE Taylor,R Ashwin,6,0,,,,,,"",""
ball,1,39.2,West Indies,JO Holder,JE Taylor,R Ashwin,1,0,,,,,,"",""
ball,1,39.3,West Indies,JE Taylor,JO Holder,R Ashwin,1,0,,,,,,"",""
ball,1,39.4,West Indies,JO Holder,JE Taylor,R Ashwin,1,0,,,,,,"",""
ball,1,39.5,West Indies,JE Taylor,JO Holder,R Ashwin,1,0,,,,,,"",""
ball,1,39.6,West Indies,JO Holder,JE Taylor,R Ashwin,1,0,,,,,,"",""
ball,1,40.1,West Indies,JO Holder,JE Taylor,UT Yadav,0,0,,,,,,"",""
ball,1,40.2,West Indies,JO Holder,JE Taylor,UT Yadav,4,0,,,,,,"",""
ball,1,40.3,West Indies,JO Holder,JE Taylor,UT Yadav,0,0,,,,,,"",""
ball,1,40.4,West Indies,JO Holder,JE Taylor,UT Yadav,1,0,,,,,,"",""
ball,1,40.5,West Indies,JE Taylor,JO Holder,UT Yadav,1,0,,,,,,"",""
ball,1,40.6,West Indies,JO Holder,JE Taylor,UT Yadav,0,0,,,,,,"",""
ball,1,41.1,West Indies,JE Taylor,JO Holder,RA Jadeja,0,0,,,,,,"",""
ball,1,41.2,West Indies,JE Taylor,JO Holder,RA Jadeja,0,0,,,,,,"",""
ball,1,41.3,West Indies,JE Taylor,JO Holder,RA Jadeja,2,0,,,,,,"",""
ball,1,41.4,West Indies,JE Taylor,JO Holder,RA Jadeja,1,0,,,,,,"",""
ball,1,41.5,West Indies,JO Holder,JE Taylor,RA Jadeja,0,0,,,,,,"",""
ball,1,41.6,West Indies,JO Holder,JE Taylor,RA Jadeja,1,0,,,,,,"",""
ball,1,42.1,West Indies,JO Holder,JE Taylor,UT Yadav,0,0,,,,,,"",""
ball,1,42.2,West Indies,JO Holder,JE Taylor,UT Yadav,1,0,,,,,,"",""
ball,1,42.3,West Indies,JE Taylor,JO Holder,UT Yadav,0,0,,,,,,"",""
ball,1,42.4,West Indies,JE Taylor,JO Holder,UT Yadav,1,0,,,,,,"",""
ball,1,42.5,West Indies,JO Holder,JE Taylor,UT Yadav,1,0,,,,,,"",""
ball,1,42.6,West Indies,JE Taylor,JO Holder,UT Yadav,0,0,,,,,,caught and bowled,JE Taylor
ball,1,43.1,West Indies,JO Holder,KAJ Roach,MM Sharma,0,0,,,,,,"",""
ball,1,43.2,West Indies,JO Holder,KAJ Roach,MM Sharma,1,0,,,,,,"",""
ball,1,43.3,West Indies,KAJ Roach,JO Holder,MM Sharma,0,1,,,,1,,"",""
ball,1,43.4,West Indies,JO Holder,KAJ Roach,MM Sharma,0,0,,,,,,"",""
ball,1,43.5,West Indies,JO Holder,KAJ Roach,MM Sharma,4,0,,,,,,"",""
ball,1,43.6,West Indies,JO Holder,KAJ Roach,MM Sharma,1,0,,,,,,"",""
ball,1,44.1,West Indies,JO Holder,KAJ Roach,RA Jadeja,0,0,,,,,,"",""
ball,1,44.2,West Indies,JO Holder,KAJ Roach,RA Jadeja,0,0,,,,,,caught,JO Holder
ball,2,0.1,India,RG Sharma,S Dhawan,JE Taylor,0,0,,,,,,"",""
ball,2,0.2,India,RG Sharma,S Dhawan,JE Taylor,1,0,,,,,,"",""
ball,2,0.3,India,S Dhawan,RG Sharma,JE Taylor,0,0,,,,,,"",""
ball,2,0.4,India,S Dhawan,RG Sharma,JE Taylor,0,0,,,,,,"",""
ball,2,0.5,India,S Dhawan,RG Sharma,JE Taylor,1,0,,,,,,"",""
ball,2,0.6,India,RG Sharma,S Dhawan,JE Taylor,0,0,,,,,,"",""
ball,2,1.1,India,S Dhawan,RG Sharma,JO Holder,1,0,,,,,,"",""
ball,2,1.2,India,RG Sharma,S Dhawan,JO Holder,0,0,,,,,,"",""
ball,2,1.3,India,RG Sharma,S Dhawan,JO Holder,0,0,,,,,,"",""
ball,2,1.4,India,RG Sharma,S Dhawan,JO Holder,0,0,,,,,,"",""
ball,2,1.5,India,RG Sharma,S Dhawan,JO Holder,0,0,,,,,,"",""
ball,2,1.6,India,RG Sharma,S Dhawan,JO Holder,0,0,,,,,,"",""
ball,2,2.1,India,S Dhawan,RG Sharma,JE Taylor,0,0,,,,,,"",""
ball,2,2.2,India,S Dhawan,RG Sharma,JE Taylor,0,0,,,,,,"",""
ball,2,2.3,India,S Dhawan,RG Sharma,JE Taylor,4,0,,,,,,"",""
ball,2,2.4,India,S Dhawan,RG Sharma,JE Taylor,0,0,,,,,,"",""
ball,2,2.5,India,S Dhawan,RG Sharma,JE Taylor,1,0,,,,,,"",""
ball,2,2.6,India,RG Sharma,S Dhawan,JE Taylor,0,0,,,,,,"",""
ball,2,3.1,India,S Dhawan,RG Sharma,JO Holder,1,0,,,,,,"",""
ball,2,3.2,India,RG Sharma,S Dhawan,JO Holder,0,0,,,,,,"",""
ball,2,3.3,India,RG Sharma,S Dhawan,JO Holder,1,0,,,,,,"",""
ball,2,3.4,India,S Dhawan,RG Sharma,JO Holder,0,0,,,,,,"",""
ball,2,3.5,India,S Dhawan,RG Sharma,JO Holder,0,0,,,,,,"",""
ball,2,3.6,India,S Dhawan,RG Sharma,JO Holder,1,0,,,,,,"",""
ball,2,4.1,India,S Dhawan,RG Sharma,JE Taylor,0,0,,,,,,caught,S Dhawan
ball,2,4.2,India,V Kohli,RG Sharma,JE Taylor,0,0,,,,,,"",""
ball,2,4.3,India,V Kohli,RG Sharma,JE Taylor,0,0,,,,,,"",""
ball,2,4.4,India,V Kohli,RG Sharma,JE Taylor,0,0,,,,,,"",""
ball,2,4.5,India,V Kohli,RG Sharma,JE Taylor,1,0,,,,,,"",""
ball,2,4.6,India,RG Sharma,V Kohli,JE Taylor,0,0,,,,,,"",""
ball,2,5.1,India,V Kohli,RG Sharma,JO Holder,0,0,,,,,,"",""
ball,2,5.2,India,V Kohli,RG Sharma,JO Holder,0,0,,,,,,"",""
ball,2,5.3,India,V Kohli,RG Sharma,JO Holder,0,1,,,,1,,"",""
ball,2,5.4,India,RG Sharma,V Kohli,JO Holder,0,0,,,,,,"",""
ball,2,5.5,India,RG Sharma,V Kohli,JO Holder,4,0,,,,,,"",""
ball,2,5.6,India,RG Sharma,V Kohli,JO Holder,0,0,,,,,,"",""
ball,2,6.1,India,V Kohli,RG Sharma,JE Taylor,1,0,,,,,,"",""
ball,2,6.2,India,RG Sharma,V Kohli,JE Taylor,1,0,,,,,,"",""
ball,2,6.3,India,V Kohli,RG Sharma,JE Taylor,0,0,,,,,,"",""
ball,2,6.4,India,V Kohli,RG Sharma,JE Taylor,1,0,,,,,,"",""
ball,2,6.5,India,RG Sharma,V Kohli,JE Taylor,0,0,,,,,,"",""
ball,2,6.6,India,RG Sharma,V Kohli,JE Taylor,0,0,,,,,,caught,RG Sharma
ball,2,7.1,India,V Kohli,AM Rahane,JO Holder,4,0,,,,,,"",""
ball,2,7.2,India,V Kohli,AM Rahane,JO Holder,1,0,,,,,,"",""
ball,2,7.3,India,AM Rahane,V Kohli,JO Holder,0,0,,,,,,"",""
ball,2,7.4,India,AM Rahane,V Kohli,JO Holder,0,0,,,,,,"",""
ball,2,7.5,India,AM Rahane,V Kohli,JO Holder,0,0,,,,,,"",""
ball,2,7.6,India,AM Rahane,V Kohli,JO Holder,0,0,,,,,,"",""
ball,2,8.1,India,V Kohli,AM Rahane,JE Taylor,0,0,,,,,,"",""
ball,2,8.2,India,V Kohli,AM Rahane,JE Taylor,0,0,,,,,,"",""
ball,2,8.3,India,V Kohli,AM Rahane,JE Taylor,0,0,,,,,,"",""
ball,2,8.4,India,V Kohli,AM Rahane,JE Taylor,4,0,,,,,,"",""
ball,2,8.5,India,V Kohli,AM Rahane,JE Taylor,2,0,,,,,,"",""
ball,2,8.6,India,V Kohli,AM Rahane,JE Taylor,1,0,,,,,,"",""
ball,2,9.1,India,V Kohli,AM Rahane,KAJ Roach,0,0,,,,,,"",""
ball,2,9.2,India,V Kohli,AM Rahane,KAJ Roach,0,1,1,,,,,"",""
ball,2,9.3,India,V Kohli,AM Rahane,KAJ Roach,0,0,,,,,,"",""
ball,2,9.4,India,V Kohli,AM Rahane,KAJ Roach,0,0,,,,,,"",""
ball,2,9.5,India,V Kohli,AM Rahane,KAJ Roach,0,0,,,,,,"",""
ball,2,9.6,India,V Kohli,AM Rahane,KAJ Roach,4,0,,,,,,"",""
ball,2,9.7,India,V Kohli,AM Rahane,KAJ Roach,0,1,1,,,,,"",""
ball,2,9.8,India,V Kohli,AM Rahane,KAJ Roach,3,0,,,,,,"",""
ball,2,10.1,India,V Kohli,AM Rahane,JE Taylor,0,0,,,,,,"",""
ball,2,10.2,India,V Kohli,AM Rahane,JE Taylor,0,0,,,,,,"",""
ball,2,10.3,India,V Kohli,AM Rahane,JE Taylor,0,0,,,,,,"",""
ball,2,10.4,India,V Kohli,AM Rahane,JE Taylor,0,0,,,,,,"",""
ball,2,10.5,India,V Kohli,AM Rahane,JE Taylor,4,0,,,,,,"",""
ball,2,10.6,India,V Kohli,AM Rahane,JE Taylor,4,0,,,,,,"",""
ball,2,11.1,India,AM Rahane,V Kohli,KAJ Roach,0,0,,,,,,"",""
ball,2,11.2,India,AM Rahane,V Kohli,KAJ Roach,0,0,,,,,,"",""
ball,2,11.3,India,AM Rahane,V Kohli,KAJ Roach,0,0,,,,,,"",""
ball,2,11.4,India,AM Rahane,V Kohli,KAJ Roach,0,0,,,,,,"",""
ball,2,11.5,India,AM Rahane,V Kohli,KAJ Roach,1,0,,,,,,"",""
ball,2,11.6,India,V Kohli,AM Rahane,KAJ Roach,0,0,,,,,,"",""
ball,2,12.1,India,AM Rahane,V Kohli,AD Russell,1,0,,,,,,"",""
ball,2,12.2,India,V Kohli,AM Rahane,AD Russell,1,0,,,,,,"",""
ball,2,12.3,India,AM Rahane,V Kohli,AD Russell,1,0,,,,,,"",""
ball,2,12.4,India,V Kohli,AM Rahane,AD Russell,0,0,,,,,,"",""
ball,2,12.5,India,V Kohli,AM Rahane,AD Russell,0,1,1,,,,,"",""
ball,2,12.6,India,V Kohli,AM Rahane,AD Russell,1,0,,,,,,"",""
ball,2,12.7,India,AM Rahane,V Kohli,AD Russell,1,0,,,,,,"",""
ball,2,13.1,India,AM Rahane,V Kohli,KAJ Roach,0,0,,,,,,"",""
ball,2,13.2,India,AM Rahane,V Kohli,KAJ Roach,0,0,,,,,,"",""
ball,2,13.3,India,AM Rahane,V Kohli,KAJ Roach,0,0,,,,,,"",""
ball,2,13.4,India,AM Rahane,V Kohli,KAJ Roach,0,0,,,,,,"",""
ball,2,13.5,India,AM Rahane,V Kohli,KAJ Roach,0,0,,,,,,"",""
ball,2,13.6,India,AM Rahane,V Kohli,KAJ Roach,0,0,,,,,,"",""
ball,2,14.1,India,V Kohli,AM Rahane,AD Russell,1,0,,,,,,"",""
ball,2,14.2,India,AM Rahane,V Kohli,AD Russell,4,0,,,,,,"",""
ball,2,14.3,India,AM Rahane,V Kohli,AD Russell,0,1,1,,,,,"",""
ball,2,14.4,India,AM Rahane,V Kohli,AD Russell,0,0,,,,,,"",""
ball,2,14.5,India,AM Rahane,V Kohli,AD Russell,0,0,,,,,,"",""
ball,2,14.6,India,AM Rahane,V Kohli,AD Russell,1,0,,,,,,"",""
ball,2,14.7,India,V Kohli,AM Rahane,AD Russell,0,0,,,,,,caught,V Kohli
ball,2,15.1,India,AM Rahane,SK Raina,KAJ Roach,0,1,,1,,,,"",""
ball,2,15.2,India,AM Rahane,SK Raina,KAJ Roach,0,0,,,,,,"",""
ball,2,15.3,India,AM Rahane,SK Raina,KAJ Roach,1,0,,,,,,"",""
ball,2,15.4,India,SK Raina,AM Rahane,KAJ Roach,0,1,,,,1,,"",""
ball,2,15.5,India,AM Rahane,SK Raina,KAJ Roach,0,0,,,,,,"",""
ball,2,15.6,India,AM Rahane,SK Raina,KAJ Roach,0,1,,,1,,,"",""
ball,2,15.7,India,SK Raina,AM Rahane,KAJ Roach,1,0,,,,,,"",""
ball,2,16.1,India,SK Raina,AM Rahane,AD Russell,0,0,,,,,,"",""
ball,2,16.2,India,SK Raina,AM Rahane,AD Russell,0,0,,,,,,"",""
ball,2,16.3,India,SK Raina,AM Rahane,AD Russell,1,0,,,,,,"",""
ball,2,16.4,India,AM Rahane,SK Raina,AD Russell,0,0,,,,,,"",""
ball,2,16.5,India,AM Rahane,SK Raina,AD Russell,0,0,,,,,,"",""
ball,2,16.6,India,AM Rahane,SK Raina,AD Russell,0,1,1,,,,,"",""
ball,2,16.7,India,AM Rahane,SK Raina,AD Russell,0,0,,,,,,"",""
ball,2,17.1,India,SK Raina,AM Rahane,KAJ Roach,0,0,,,,,,"",""
ball,2,17.2,India,SK Raina,AM Rahane,KAJ Roach,3,1,,1,,,,"",""
ball,2,17.3,India,AM Rahane,SK Raina,KAJ Roach,0,0,,,,,,"",""
ball,2,17.4,India,AM Rahane,SK Raina,KAJ Roach,0,0,,,,,,"",""
ball,2,17.5,India,AM Rahane,SK Raina,KAJ Roach,4,0,,,,,,"",""
ball,2,17.6,India,AM Rahane,SK Raina,KAJ Roach,0,0,,,,,,caught,AM Rahane
ball,2,17.7,India,MS Dhoni,SK Raina,KAJ Roach,0,0,,,,,,"",""
ball,2,18.1,India,SK Raina,MS Dhoni,AD Russell,1,0,,,,,,"",""
ball,2,18.2,India,MS Dhoni,SK Raina,AD Russell,0,5,5,,,,,"",""
ball,2,18.3,India,MS Dhoni,SK Raina,AD Russell,0,0,,,,,,"",""
ball,2,18.4,India,MS Dhoni,SK Raina,AD Russell,0,0,,,,,,"",""
ball,2,18.5,India,MS Dhoni,SK Raina,AD Russell,0,0,,,,,,"",""
ball,2,18.6,India,MS Dhoni,SK Raina,AD Russell,0,0,,,,,,"",""
ball,2,18.7,India,MS Dhoni,SK Raina,AD Russell,0,0,,,,,,"",""
ball,2,19.1,India,SK Raina,MS Dhoni,KAJ Roach,0,0,,,,,,"",""
ball,2,19.2,India,SK Raina,MS Dhoni,KAJ Roach,3,0,,,,,,"",""
ball,2,19.3,India,MS Dhoni,SK Raina,KAJ Roach,1,0,,,,,,"",""
ball,2,19.4,India,SK Raina,MS Dhoni,KAJ Roach,4,0,,,,,,"",""
ball,2,19.5,India,SK Raina,MS Dhoni,KAJ Roach,1,0,,,,,,"",""
ball,2,19.6,India,MS Dhoni,SK Raina,KAJ Roach,0,0,,,,,,"",""
ball,2,20.1,India,SK Raina,MS Dhoni,AD Russell,2,0,,,,,,"",""
ball,2,20.2,India,SK Raina,MS Dhoni,AD Russell,1,0,,,,,,"",""
ball,2,20.3,India,MS Dhoni,SK Raina,AD Russell,1,0,,,,,,"",""
ball,2,20.4,India,SK Raina,MS Dhoni,AD Russell,0,0,,,,,,"",""
ball,2,20.5,India,SK Raina,MS Dhoni,AD Russell,0,0,,,,,,"",""
ball,2,20.6,India,SK Raina,MS Dhoni,AD Russell,0,0,,,,,,"",""
ball,2,21.1,India,MS Dhoni,SK Raina,JO Holder,1,0,,,,,,"",""
ball,2,21.2,India,SK Raina,MS Dhoni,JO Holder,0,0,,,,,,"",""
ball,2,21.3,India,SK Raina,MS Dhoni,JO Holder,0,0,,,,,,"",""
ball,2,21.4,India,SK Raina,MS Dhoni,JO Holder,0,0,,,,,,"",""
ball,2,21.5,India,SK Raina,MS Dhoni,JO Holder,0,1,1,,,,,"",""
ball,2,21.6,India,SK Raina,MS Dhoni,JO Holder,0,0,,,,,,"",""
ball,2,21.7,India,SK Raina,MS Dhoni,JO Holder,4,0,,,,,,"",""
ball,2,22.1,India,MS Dhoni,SK Raina,DR Smith,1,0,,,,,,"",""
ball,2,22.2,India,SK Raina,MS Dhoni,DR Smith,0,0,,,,,,"",""
ball,2,22.3,India,SK Raina,MS Dhoni,DR Smith,1,0,,,,,,"",""
ball,2,22.4,India,MS Dhoni,SK Raina,DR Smith,0,1,1,,,,,"",""
ball,2,22.5,India,MS Dhoni,SK Raina,DR Smith,1,0,,,,,,"",""
ball,2,22.6,India,SK Raina,MS Dhoni,DR Smith,0,0,,,,,,caught,SK Raina
ball,2,22.7,India,RA Jadeja,MS Dhoni,DR Smith,0,0,,,,,,"",""
ball,2,23.1,India,MS Dhoni,RA Jadeja,JO Holder,0,0,,,,,,"",""
ball,2,23.2,India,MS Dhoni,RA Jadeja,JO Holder,1,0,,,,,,"",""
ball,2,23.3,India,RA Jadeja,MS Dhoni,JO Holder,1,0,,,,,,"",""
ball,2,23.4,India,MS Dhoni,RA Jadeja,JO Holder,4,0,,,,,,"",""
ball,2,23.5,India,MS Dhoni,RA Jadeja,JO Holder,0,0,,,,,,"",""
ball,2,23.6,India,MS Dhoni,RA Jadeja,JO Holder,0,0,,,,,,"",""
ball,2,24.1,India,RA Jadeja,MS Dhoni,DR Smith,0,1,1,,,,,"",""
ball,2,24.2,India,RA Jadeja,MS Dhoni,DR Smith,0,0,,,,,,"",""
ball,2,24.3,India,RA Jadeja,MS Dhoni,DR Smith,0,0,,,,,,"",""
ball,2,24.4,India,RA Jadeja,MS Dhoni,DR Smith,0,0,,,,,,"",""
ball,2,24.5,India,RA Jadeja,MS Dhoni,DR Smith,0,0,,,,,,"",""
ball,2,24.6,India,RA Jadeja,MS Dhoni,DR Smith,0,0,,,,,,"",""
ball,2,24.7,India,RA Jadeja,MS Dhoni,DR Smith,0,0,,,,,,"",""
ball,2,25.1,India,MS Dhoni,RA Jadeja,JO Holder,2,0,,,,,,"",""
ball,2,25.2,India,MS Dhoni,RA Jadeja,JO Holder,0,0,,,,,,"",""
ball,2,25.3,India,MS Dhoni,RA Jadeja,JO Holder,1,0,,,,,,"",""
ball,2,25.4,India,RA Jadeja,MS Dhoni,JO Holder,1,0,,,,,,"",""
ball,2,25.5,India,MS Dhoni,RA Jadeja,JO Holder,0,0,,,,,,"",""
ball,2,25.6,India,MS Dhoni,RA Jadeja,JO Holder,0,0,,,,,,"",""
ball,2,26.1,India,RA Jadeja,MS Dhoni,DR Smith,4,0,,,,,,"",""
ball,2,26.2,India,RA Jadeja,MS Dhoni,DR Smith,0,0,,,,,,"",""
ball,2,26.3,India,RA Jadeja,MS Dhoni,DR Smith,0,0,,,,,,"",""
ball,2,26.4,India,RA Jadeja,MS Dhoni,DR Smith,0,0,,,,,,"",""
ball,2,26.5,India,RA Jadeja,MS Dhoni,DR Smith,0,0,,,,,,"",""
ball,2,26.6,India,RA Jadeja,MS Dhoni,DR Smith,0,0,,,,,,"",""
ball,2,27.1,India,MS Dhoni,RA Jadeja,AD Russell,0,0,,,,,,"",""
ball,2,27.2,India,MS Dhoni,RA Jadeja,AD Russell,0,0,,,,,,"",""
ball,2,27.3,India,MS Dhoni,RA Jadeja,AD Russell,0,0,,,,,,"",""
ball,2,27.4,India,MS Dhoni,RA Jadeja,AD Russell,0,1,,,,1,,"",""
ball,2,27.5,India,RA Jadeja,MS Dhoni,AD Russell,4,0,,,,,,"",""
ball,2,27.6,India,RA Jadeja,MS Dhoni,AD Russell,1,0,,,,,,"",""
ball,2,28.1,India,RA Jadeja,MS Dhoni,JE Taylor,0,0,,,,,,"",""
ball,2,28.2,India,RA Jadeja,MS Dhoni,JE Taylor,1,0,,,,,,"",""
ball,2,28.3,India,MS Dhoni,RA Jadeja,JE Taylor,1,0,,,,,,"",""
ball,2,28.4,India,RA Jadeja,MS Dhoni,JE Taylor,1,0,,,,,,"",""
ball,2,28.5,India,MS Dhoni,RA Jadeja,JE Taylor,1,0,,,,,,"",""
ball,2,28.6,India,RA Jadeja,MS Dhoni,JE Taylor,0,0,,,,,,"",""
ball,2,29.1,India,MS Dhoni,RA Jadeja,AD Russell,0,1,1,,,,,"",""
ball,2,29.2,India,MS Dhoni,RA Jadeja,AD Russell,1,0,,,,,,"",""
ball,2,29.3,India,RA Jadeja,MS Dhoni,AD Russell,0,0,,,,,,"",""
ball,2,29.4,India,RA Jadeja,MS Dhoni,AD Russell,0,0,,,,,,caught,RA Jadeja
ball,2,29.5,India,R Ashwin,MS Dhoni,AD Russell,1,0,,,,,,"",""
ball,2,29.6,India,MS Dhoni,R Ashwin,AD Russell,0,0,,,,,,"",""
ball,2,29.7,India,MS Dhoni,R Ashwin,AD Russell,0,0,,,,,,"",""
ball,2,30.1,India,R Ashwin,MS Dhoni,JE Taylor,0,0,,,,,,"",""
ball,2,30.2,India,R Ashwin,MS Dhoni,JE Taylor,0,1,1,,,,,"",""
ball,2,30.3,India,R Ashwin,MS Dhoni,JE Taylor,0,0,,,,,,"",""
ball,2,30.4,India,R Ashwin,MS Dhoni,JE Taylor,2,0,,,,,,"",""
ball,2,30.5,India,R Ashwin,MS Dhoni,JE Taylor,0,0,,,,,,"",""
ball,2,30.6,India,R Ashwin,MS Dhoni,JE Taylor,0,0,,,,,,"",""
ball,2,30.7,India,R Ashwin,MS Dhoni,JE Taylor,0,0,,,,,,"",""
ball,2,31.1,India,MS Dhoni,R Ashwin,AD Russell,0,1,,1,,,,"",""
ball,2,31.2,India,MS Dhoni,R Ashwin,AD Russell,0,0,,,,,,"",""
ball,2,31.3,India,MS Dhoni,R Ashwin,AD Russell,1,0,,,,,,"",""
ball,2,31.4,India,R Ashwin,MS Dhoni,AD Russell,1,0,,,,,,"",""
ball,2,31.5,India,MS Dhoni,R Ashwin,AD Russell,6,0,,,,,,"",""
ball,2,31.6,India,MS Dhoni,R Ashwin,AD Russell,1,0,,,,,,"",""
ball,2,31.7,India,R Ashwin,MS Dhoni,AD Russell,0,0,,,,,,"",""
ball,2,32.1,India,MS Dhoni,R Ashwin,KAJ Roach,1,0,,,,,,"",""
ball,2,32.2,India,R Ashwin,MS Dhoni,KAJ Roach,0,0,,,,,,"",""
ball,2,32.3,India,R Ashwin,MS Dhoni,KAJ Roach,2,0,,,,,,"",""
ball,2,32.4,India,R Ashwin,MS Dhoni,KAJ Roach,1,0,,,,,,"",""
ball,2,32.5,India,MS Dhoni,R Ashwin,KAJ Roach,0,1,1,,,,,"",""
ball,2,32.6,India,MS Dhoni,R Ashwin,KAJ Roach,0,0,,,,,,"",""
ball,2,32.7,India,MS Dhoni,R Ashwin,KAJ Roach,0,0,,,,,,"",""
ball,2,33.1,India,R Ashwin,MS Dhoni,MN Samuels,1,0,,,,,,"",""
ball,2,33.2,India,MS Dhoni,R Ashwin,MN Samuels,0,0,,,,,,"",""
ball,2,33.3,India,MS Dhoni,R Ashwin,MN Samuels,1,0,,,,,,"",""
ball,2,33.4,India,R Ashwin,MS Dhoni,MN Samuels,0,0,,,,,,"",""
ball,2,33.5,India,R Ashwin,MS Dhoni,MN Samuels,0,0,,,,,,"",""
ball,2,33.6,India,R Ashwin,MS Dhoni,MN Samuels,0,0,,,,,,"",""
ball,2,34.1,India,MS Dhoni,R Ashwin,KAJ Roach,1,0,,,,,,"",""
ball,2,34.2,India,R Ashwin,MS Dhoni,KAJ Roach,1,0,,,,,,"",""
ball,2,34.3,India,MS Dhoni,R Ashwin,KAJ Roach,1,0,,,,,,"",""
ball,2,34.4,India,R Ashwin,MS Dhoni,KAJ Roach,0,1,1,,,,,"",""
ball,2,34.5,India,R Ashwin,MS Dhoni,KAJ Roach,1,0,,,,,,"",""
ball,2,34.6,India,MS Dhoni,R Ashwin,KAJ Roach,3,0,,,,,,"",""
ball,2,34.7,India,R Ashwin,MS Dhoni,KAJ Roach,0,1,1,,,,,"",""
ball,2,34.8,India,R Ashwin,MS Dhoni,KAJ Roach,0,0,,,,,,"",""
ball,2,35.1,India,MS Dhoni,R Ashwin,MN Samuels,1,0,,,,,,"",""
ball,2,35.2,India,R Ashwin,MS Dhoni,MN Samuels,0,0,,,,,,"",""
ball,2,35.3,India,R Ashwin,MS Dhoni,MN Samuels,0,0,,,,,,"",""
ball,2,35.4,India,R Ashwin,MS Dhoni,MN Samuels,0,0,,,,,,"",""
ball,2,35.5,India,R Ashwin,MS Dhoni,MN Samuels,0,0,,,,,,"",""
ball,2,35.6,India,R Ashwin,MS Dhoni,MN Samuels,1,0,,,,,,"",""
ball,2,36.1,India,R Ashwin,MS Dhoni,DR Smith,0,1,1,,,,,"",""
ball,2,36.2,India,R Ashwin,MS Dhoni,DR Smith,0,0,,,,,,"",""
ball,2,36.3,India,R Ashwin,MS Dhoni,DR Smith,0,0,,,,,,"",""
ball,2,36.4,India,R Ashwin,MS Dhoni,DR Smith,1,0,,,,,,"",""
ball,2,36.5,India,MS Dhoni,R Ashwin,DR Smith,1,0,,,,,,"",""
ball,2,36.6,India,R Ashwin,MS Dhoni,DR Smith,1,0,,,,,,"",""
ball,2,36.7,India,MS Dhoni,R Ashwin,DR Smith,1,0,,,,,,"",""
ball,2,37.1,India,MS Dhoni,R Ashwin,MN Samuels,0,0,,,,,,"",""
ball,2,37.2,India,MS Dhoni,R Ashwin,MN Samuels,1,0,,,,,,"",""
ball,2,37.3,India,R Ashwin,MS Dhoni,MN Samuels,1,0,,,,,,"",""
ball,2,37.4,India,MS Dhoni,R Ashwin,MN Samuels,0,0,,,,,,"",""
ball,2,37.5,India,MS Dhoni,R Ashwin,MN Samuels,0,0,,,,,,"",""
ball,2,37.6,India,MS Dhoni,R Ashwin,MN Samuels,0,0,,,,,,"",""
ball,2,38.1,India,R Ashwin,MS Dhoni,DR Smith,1,0,,,,,,"",""
ball,2,38.2,India,MS Dhoni,R Ashwin,DR Smith,1,0,,,,,,"",""
ball,2,38.3,India,R Ashwin,MS Dhoni,DR Smith,0,0,,,,,,"",""
ball,2,38.4,India,R Ashwin,MS Dhoni,DR Smith,1,0,,,,,,"",""
ball,2,38.5,India,MS Dhoni,R Ashwin,DR Smith,4,0,,,,,,"",""
ball,2,38.6,India,MS Dhoni,R Ashwin,DR Smith,1,0,,,,,,"",""
ball,2,39.1,India,MS Dhoni,R Ashwin,MN Samuels,4,0,,,,,,"",""
