version,1.6.0
info,balls_per_over,6
info,team,Australia
info,team,Sri Lanka
info,gender,male
info,season,2014/15
info,date,2015/03/08
info,event,ICC Cricket World Cup
info,match_number,32
info,venue,Sydney Cricket Ground
info,city,
info,toss_winner,Australia
info,toss_decision,bat
info,player_of_match,GJ Maxwell
info,umpire,Aleem Dar
info,umpire,IJ Gould
info,reserve_umpire,MA Gough
info,tv_umpire,RK Illingworth
info,match_referee,JJ Crowe
info,winner,Australia
info,winner_runs,64
info,player,Australia,AJ Finch
info,player,Australia,DA Warner
info,player,Australia,SPD Smith
info,player,Australia,MJ Clarke
info,player,Australia,GJ Maxwell
info,player,Australia,SR Watson
info,player,Australia,JP Faulkner
info,player,Australia,BJ Haddin
info,player,Australia,MG Johnson
info,player,Australia,MA Starc
info,player,Australia,XJ Doherty
info,player,Sri Lanka,HDRL Thirimanne
info,player,Sri Lanka,TM Dilshan
info,player,Sri Lanka,KC Sangakkara
info,player,Sri Lanka,DPMD Jayawardene
info,player,Sri Lanka,AD Mathews
info,player,Sri Lanka,LD Chandimal
info,player,Sri Lanka,NLTC Perera
info,player,Sri Lanka,WU Tharanga
info,player,Sri Lanka,S Prasanna
info,player,Sri Lanka,SMSM Senanayake
info,player,Sri Lanka,SL Malinga
info,registry,people,AD Mathews,896d78ad
info,registry,people,AJ Finch,b8d490fd
info,registry,people,Aleem Dar,f02778d1
info,registry,people,BJ Haddin,b0c772ee
info,registry,people,DA Warner,dcce6f09
info,registry,people,DPMD Jayawardene,d18f9182
info,registry,people,GJ Maxwell,b681e71e
info,registry,people,HDRL Thirimanne,c5928dec
info,registry,people,IJ Gould,a9dfdf6c
info,registry,people,JJ Crowe,2e760301
info,registry,people,JP Faulkner,808f425a
info,registry,people,KC Sangakkara,6b71e6cf
info,registry,people,LD Chandimal,8dd02a98
info,registry,people,MA Gough,76752ac8
info,registry,people,MA Starc,3fb19989
info,registry,people,MG Johnson,f5180fe6
info,registry,people,MJ Clarke,f842c2cf
info,registry,people,NLTC Perera,0f12f9df
info,registry,people,RK Illingworth,20672246
info,registry,people,S Prasanna,f78e7113
info,registry,people,SL Malinga,a12e1d51
info,registry,people,SMSM Senanayake,4c4fa80b
info,registry,people,SPD Smith,30a45b23
info,registry,people,SR Watson,4329fbb5
info,registry,people,TM Dilshan,5bdcdb72
info,registry,people,WU Tharanga,7ed9fd56
info,registry,people,XJ Doherty,502b2c81
ball,1,0.1,Australia,AJ Finch,DA Warner,SL Malinga,0,0,,,,,,"",""
ball,1,0.2,Australia,AJ Finch,DA Warner,SL Malinga,1,0,,,,,,"",""
ball,1,0.3,Australia,DA Warner,AJ Finch,SL Malinga,0,0,,,,,,"",""
ball,1,0.4,Australia,DA Warner,AJ Finch,SL Malinga,0,0,,,,,,"",""
ball,1,0.5,Australia,DA Warner,AJ Finch,SL Malinga,0,0,,,,,,"",""
ball,1,0.6,Australia,DA Warner,AJ Finch,SL Malinga,3,0,,,,,,"",""
ball,1,1.1,Australia,DA Warner,AJ Finch,SMSM Senanayake,0,0,,,,,,"",""
ball,1,1.2,Australia,DA Warner,AJ Finch,SMSM Senanayake,1,0,,,,,,"",""
ball,1,1.3,Australia,AJ Finch,DA Warner,SMSM Senanayake,0,0,,,,,,"",""
ball,1,1.4,Australia,AJ Finch,DA Warner,SMSM Senanayake,0,0,,,,,,"",""
ball,1,1.5,Australia,AJ Finch,DA Warner,SMSM Senanayake,0,0,,,,,,"",""
ball,1,1.6,Australia,AJ Finch,DA Warner,SMSM Senanayake,3,0,,,,,,"",""
ball,1,2.1,Australia,AJ Finch,DA Warner,SL Malinga,0,0,,,,,,"",""
ball,1,2.2,Australia,AJ Finch,DA Warner,SL Malinga,0,0,,,,,,"",""
ball,1,2.3,Australia,AJ Finch,DA Warner,SL Malinga,4,0,,,,,,"",""
ball,1,2.4,Australia,AJ Finch,DA Warner,SL Malinga,0,0,,,,,,"",""
ball,1,2.5,Australia,AJ Finch,DA Warner,SL Malinga,0,0,,,,,,"",""
ball,1,2.6,Australia,AJ Finch,DA Warner,SL Malinga,1,0,,,,,,"",""
ball,1,3.1,Australia,AJ Finch,DA Warner,SMSM Senanayake,1,0,,,,,,"",""
ball,1,3.2,Australia,DA Warner,AJ Finch,SMSM Senanayake,4,0,,,,,,"",""
ball,1,3.3,Australia,DA Warner,AJ Finch,SMSM Senanayake,0,0,,,,,,"",""
ball,1,3.4,Australia,DA Warner,AJ Finch,SMSM Senanayake,0,0,,,,,,"",""
ball,1,3.5,Australia,DA Warner,AJ Finch,SMSM Senanayake,1,0,,,,,,"",""
ball,1,3.6,Australia,AJ Finch,DA Warner,SMSM Senanayake,0,0,,,,,,"",""
ball,1,4.1,Australia,DA Warner,AJ Finch,SL Malinga,0,0,,,,,,"",""
ball,1,4.2,Australia,DA Warner,AJ Finch,SL Malinga,0,0,,,,,,caught,DA Warner
ball,1,4.3,Australia,SPD Smith,AJ Finch,SL Malinga,0,1,1,,,,,"",""
ball,1,4.4,Australia,SPD Smith,AJ Finch,SL Malinga,0,0,,,,,,"",""
ball,1,4.5,Australia,SPD Smith,AJ Finch,SL Malinga,0,0,,,,,,"",""
ball,1,4.6,Australia,SPD Smith,AJ Finch,SL Malinga,0,0,,,,,,"",""
ball,1,4.7,Australia,SPD Smith,AJ Finch,SL Malinga,4,0,,,,,,"",""
ball,1,5.1,Australia,AJ Finch,SPD Smith,SMSM Senanayake,0,0,,,,,,"",""
ball,1,5.2,Australia,AJ Finch,SPD Smith,SMSM Senanayake,4,0,,,,,,"",""
ball,1,5.3,Australia,AJ Finch,SPD Smith,SMSM Senanayake,3,0,,,,,,"",""
ball,1,5.4,Australia,SPD Smith,AJ Finch,SMSM Senanayake,1,0,,,,,,"",""
ball,1,5.5,Australia,AJ Finch,SPD Smith,SMSM Senanayake,0,0,,,,,,"",""
ball,1,5.6,Australia,AJ Finch,SPD Smith,SMSM Senanayake,0,0,,,,,,"",""
ball,1,6.1,Australia,SPD Smith,AJ Finch,SL Malinga,2,0,,,,,,"",""
ball,1,6.2,Australia,SPD Smith,AJ Finch,SL Malinga,0,0,,,,,,"",""
ball,1,6.3,Australia,SPD Smith,AJ Finch,SL Malinga,0,0,,,,,,"",""
ball,1,6.4,Australia,SPD Smith,AJ Finch,SL Malinga,0,0,,,,,,"",""
ball,1,6.5,Australia,SPD Smith,AJ Finch,SL Malinga,0,0,,,,,,"",""
ball,1,6.6,Australia,SPD Smith,AJ Finch,SL Malinga,0,0,,,,,,"",""
ball,1,7.1,Australia,AJ Finch,SPD Smith,AD Mathews,3,0,,,,,,"",""
ball,1,7.2,Australia,SPD Smith,AJ Finch,AD Mathews,0,0,,,,,,"",""
ball,1,7.3,Australia,SPD Smith,AJ Finch,AD Mathews,0,0,,,,,,"",""
ball,1,7.4,Australia,SPD Smith,AJ Finch,AD Mathews,0,0,,,,,,"",""
ball,1,7.5,Australia,SPD Smith,AJ Finch,AD Mathews,0,0,,,,,,"",""
ball,1,7.6,Australia,SPD Smith,AJ Finch,AD Mathews,0,0,,,,,,"",""
ball,1,8.1,Australia,AJ Finch,SPD Smith,S Prasanna,0,0,,,,,,"",""
ball,1,8.2,Australia,AJ Finch,SPD Smith,S Prasanna,4,0,,,,,,"",""
ball,1,8.3,Australia,AJ Finch,SPD Smith,S Prasanna,0,0,,,,,,"",""
ball,1,8.4,Australia,AJ Finch,SPD Smith,S Prasanna,0,0,,,,,,stumped,AJ Finch
ball,1,8.5,Australia,MJ Clarke,SPD Smith,S Prasanna,0,0,,,,,,"",""
ball,1,8.6,Australia,MJ Clarke,SPD Smith,S Prasanna,0,0,,,,,,"",""
ball,1,9.1,Australia,SPD Smith,MJ Clarke,AD Mathews,0,0,,,,,,"",""
ball,1,9.2,Australia,SPD Smith,MJ Clarke,AD Mathews,0,0,,,,,,"",""
ball,1,9.3,Australia,SPD Smith,MJ Clarke,AD Mathews,0,0,,,,,,"",""
ball,1,9.4,Australia,SPD Smith,MJ Clarke,AD Mathews,4,0,,,,,,"",""
ball,1,9.5,Australia,SPD Smith,MJ Clarke,AD Mathews,0,0,,,,,,"",""
ball,1,9.6,Australia,SPD Smith,MJ Clarke,AD Mathews,4,0,,,,,,"",""
ball,1,10.1,Australia,MJ Clarke,SPD Smith,S Prasanna,0,0,,,,,,"",""
ball,1,10.2,Australia,MJ Clarke,SPD Smith,S Prasanna,0,0,,,,,,"",""
ball,1,10.3,Australia,MJ Clarke,SPD Smith,S Prasanna,1,0,,,,,,"",""
ball,1,10.4,Australia,SPD Smith,MJ Clarke,S Prasanna,0,0,,,,,,"",""
ball,1,10.5,Australia,SPD Smith,MJ Clarke,S Prasanna,1,0,,,,,,"",""
ball,1,10.6,Australia,MJ Clarke,SPD Smith,S Prasanna,1,0,,,,,,"",""
ball,1,11.1,Australia,MJ Clarke,SPD Smith,SMSM Senanayake,1,0,,,,,,"",""
ball,1,11.2,Australia,SPD Smith,MJ Clarke,SMSM Senanayake,0,0,,,,,,"",""
ball,1,11.3,Australia,SPD Smith,MJ Clarke,SMSM Senanayake,1,0,,,,,,"",""
ball,1,11.4,Australia,MJ Clarke,SPD Smith,SMSM Senanayake,1,0,,,,,,"",""
ball,1,11.5,Australia,SPD Smith,MJ Clarke,SMSM Senanayake,1,0,,,,,,"",""
ball,1,11.6,Australia,MJ Clarke,SPD Smith,SMSM Senanayake,0,0,,,,,,"",""
ball,1,12.1,Australia,SPD Smith,MJ Clarke,S Prasanna,1,0,,,,,,"",""
ball,1,12.2,Australia,MJ Clarke,SPD Smith,S Prasanna,1,0,,,,,,"",""
ball,1,12.3,Australia,SPD Smith,MJ Clarke,S Prasanna,1,0,,,,,,"",""
ball,1,12.4,Australia,MJ Clarke,SPD Smith,S Prasanna,1,0,,,,,,"",""
ball,1,12.5,Australia,SPD Smith,MJ Clarke,S Prasanna,1,0,,,,,,"",""
ball,1,12.6,Australia,MJ Clarke,SPD Smith,S Prasanna,2,0,,,,,,"",""
ball,1,13.1,Australia,SPD Smith,MJ Clarke,SMSM Senanayake,0,0,,,,,,"",""
ball,1,13.2,Australia,SPD Smith,MJ Clarke,SMSM Senanayake,1,0,,,,,,"",""
ball,1,13.3,Australia,MJ Clarke,SPD Smith,SMSM Senanayake,0,0,,,,,,"",""
ball,1,13.4,Australia,MJ Clarke,SPD Smith,SMSM Senanayake,0,0,,,,,,"",""
ball,1,13.5,Australia,MJ Clarke,SPD Smith,SMSM Senanayake,1,0,,,,,,"",""
ball,1,13.6,Australia,SPD Smith,MJ Clarke,SMSM Senanayake,0,0,,,,,,"",""
ball,1,14.1,Australia,MJ Clarke,SPD Smith,NLTC Perera,0,0,,,,,,"",""
ball,1,14.2,Australia,MJ Clarke,SPD Smith,NLTC Perera,1,0,,,,,,"",""
ball,1,14.3,Australia,SPD Smith,MJ Clarke,NLTC Perera,1,0,,,,,,"",""
ball,1,14.4,Australia,MJ Clarke,SPD Smith,NLTC Perera,1,0,,,,,,"",""
ball,1,14.5,Australia,SPD Smith,MJ Clarke,NLTC Perera,4,0,,,,,,"",""
ball,1,14.6,Australia,SPD Smith,MJ Clarke,NLTC Perera,0,0,,,,,,"",""
ball,1,15.1,Australia,MJ Clarke,SPD Smith,SMSM Senanayake,0,0,,,,,,"",""
ball,1,15.2,Australia,MJ Clarke,SPD Smith,SMSM Senanayake,0,0,,,,,,"",""
ball,1,15.3,Australia,MJ Clarke,SPD Smith,SMSM Senanayake,1,0,,,,,,"",""
ball,1,15.4,Australia,SPD Smith,MJ Clarke,SMSM Senanayake,1,0,,,,,,"",""
ball,1,15.5,Australia,MJ Clarke,SPD Smith,SMSM Senanayake,0,0,,,,,,"",""
ball,1,15.6,Australia,MJ Clarke,SPD Smith,SMSM Senanayake,2,0,,,,,,"",""
ball,1,16.1,Australia,SPD Smith,MJ Clarke,NLTC Perera,0,0,,,,,,"",""
ball,1,16.2,Australia,SPD Smith,MJ Clarke,NLTC Perera,0,0,,,,,,"",""
ball,1,16.3,Australia,SPD Smith,MJ Clarke,NLTC Perera,1,0,,,,,,"",""
ball,1,16.4,Australia,MJ Clarke,SPD Smith,NLTC Perera,1,0,,,,,,"",""
ball,1,16.5,Australia,SPD Smith,MJ Clarke,NLTC Perera,0,0,,,,,,"",""
ball,1,16.6,Australia,SPD Smith,MJ Clarke,NLTC Perera,1,0,,,,,,"",""
ball,1,17.1,Australia,SPD Smith,MJ Clarke,S Prasanna,1,0,,,,,,"",""
ball,1,17.2,Australia,MJ Clarke,SPD Smith,S Prasanna,0,0,,,,,,"",""
ball,1,17.3,Australia,MJ Clarke,SPD Smith,S Prasanna,1,0,,,,,,"",""
ball,1,17.4,Australia,SPD Smith,MJ Clarke,S Prasanna,0,0,,,,,,"",""
ball,1,17.5,Australia,SPD Smith,MJ Clarke,S Prasanna,1,0,,,,,,"",""
ball,1,17.6,Australia,MJ Clarke,SPD Smith,S Prasanna,0,0,,,,,,"",""
ball,1,18.1,Australia,SPD Smith,MJ Clarke,NLTC Perera,0,0,,,,,,"",""
ball,1,18.2,Australia,SPD Smith,MJ Clarke,NLTC Perera,0,0,,,,,,"",""
ball,1,18.3,Australia,SPD Smith,MJ Clarke,NLTC Perera,1,0,,,,,,"",""
ball,1,18.4,Australia,MJ Clarke,SPD Smith,NLTC Perera,1,0,,,,,,"",""
ball,1,18.5,Australia,SPD Smith,MJ Clarke,NLTC Perera,1,0,,,,,,"",""
ball,1,18.6,Australia,MJ Clarke,SPD Smith,NLTC Perera,0,0,,,,,,"",""
ball,1,19.1,Australia,SPD Smith,MJ Clarke,S Prasanna,0,0,,,,,,"",""
ball,1,19.2,Australia,SPD Smith,MJ Clarke,S Prasanna,0,0,,,,,,"",""
ball,1,19.3,Australia,SPD Smith,MJ Clarke,S Prasanna,0,0,,,,,,"",""
ball,1,19.4,Australia,SPD Smith,MJ Clarke,S Prasanna,0,0,,,,,,"",""
ball,1,19.5,Australia,SPD Smith,MJ Clarke,S Prasanna,0,0,,,,,,"",""
ball,1,19.6,Australia,SPD Smith,MJ Clarke,S Prasanna,1,0,,,,,,"",""
ball,1,20.1,Australia,SPD Smith,MJ Clarke,NLTC Perera,0,0,,,,,,"",""
ball,1,20.2,Australia,SPD Smith,MJ Clarke,NLTC Perera,0,0,,,,,,"",""
ball,1,20.3,Australia,SPD Smith,MJ Clarke,NLTC Perera,1,0,,,,,,"",""
ball,1,20.4,Australia,MJ Clarke,SPD Smith,NLTC Perera,1,0,,,,,,"",""
ball,1,20.5,Australia,SPD Smith,MJ Clarke,NLTC Perera,1,0,,,,,,"",""
ball,1,20.6,Australia,MJ Clarke,SPD Smith,NLTC Perera,4,0,,,,,,"",""
ball,1,21.1,Australia,SPD Smith,MJ Clarke,S Prasanna,0,0,,,,,,"",""
ball,1,21.2,Australia,SPD Smith,MJ Clarke,S Prasanna,0,0,,,,,,"",""
ball,1,21.3,Australia,SPD Smith,MJ Clarke,S Prasanna,2,0,,,,,,"",""
ball,1,21.4,Australia,SPD Smith,MJ Clarke,S Prasanna,0,0,,,,,,"",""
ball,1,21.5,Australia,SPD Smith,MJ Clarke,S Prasanna,0,0,,,,,,"",""
ball,1,21.6,Australia,SPD Smith,MJ Clarke,S Prasanna,0,0,,,,,,"",""
ball,1,22.1,Australia,MJ Clarke,SPD Smith,TM Dilshan,0,0,,,,,,"",""
ball,1,22.2,Australia,MJ Clarke,SPD Smith,TM Dilshan,2,0,,,,,,"",""
ball,1,22.3,Australia,MJ Clarke,SPD Smith,TM Dilshan,1,0,,,,,,"",""
ball,1,22.4,Australia,SPD Smith,MJ Clarke,TM Dilshan,1,0,,,,,,"",""
ball,1,22.5,Australia,MJ Clarke,SPD Smith,TM Dilshan,0,0,,,,,,"",""
ball,1,22.6,Australia,MJ Clarke,SPD Smith,TM Dilshan,1,0,,,,,,"",""
ball,1,23.1,Australia,MJ Clarke,SPD Smith,S Prasanna,0,0,,,,,,"",""
ball,1,23.2,Australia,MJ Clarke,SPD Smith,S Prasanna,1,0,,,,,,"",""
ball,1,23.3,Australia,SPD Smith,MJ Clarke,S Prasanna,4,0,,,,,,"",""
ball,1,23.4,Australia,SPD Smith,MJ Clarke,S Prasanna,1,0,,,,,,"",""
ball,1,23.5,Australia,MJ Clarke,SPD Smith,S Prasanna,0,0,,,,,,"",""
ball,1,23.6,Australia,MJ Clarke,SPD Smith,S Prasanna,1,0,,,,,,"",""
ball,1,24.1,Australia,MJ Clarke,SPD Smith,TM Dilshan,1,0,,,,,,"",""
ball,1,24.2,Australia,SPD Smith,MJ Clarke,TM Dilshan,1,0,,,,,,"",""
ball,1,24.3,Australia,MJ Clarke,SPD Smith,TM Dilshan,1,0,,,,,,"",""
ball,1,24.4,Australia,SPD Smith,MJ Clarke,TM Dilshan,0,0,,,,,,"",""
ball,1,24.5,Australia,SPD Smith,MJ Clarke,TM Dilshan,0,0,,,,,,"",""
ball,1,24.6,Australia,SPD Smith,MJ Clarke,TM Dilshan,4,0,,,,,,"",""
ball,1,25.1,Australia,MJ Clarke,SPD Smith,AD Mathews,1,0,,,,,,"",""
ball,1,25.2,Australia,SPD Smith,MJ Clarke,AD Mathews,1,0,,,,,,"",""
ball,1,25.3,Australia,MJ Clarke,SPD Smith,AD Mathews,0,0,,,,,,"",""
ball,1,25.4,Australia,MJ Clarke,SPD Smith,AD Mathews,3,0,,,,,,"",""
ball,1,25.5,Australia,SPD Smith,MJ Clarke,AD Mathews,1,0,,,,,,"",""
ball,1,25.6,Australia,MJ Clarke,SPD Smith,AD Mathews,1,0,,,,,,"",""
ball,1,26.1,Australia,MJ Clarke,SPD Smith,TM Dilshan,1,0,,,,,,"",""
ball,1,26.2,Australia,SPD Smith,MJ Clarke,TM Dilshan,1,0,,,,,,"",""
ball,1,26.3,Australia,MJ Clarke,SPD Smith,TM Dilshan,0,0,,,,,,"",""
ball,1,26.4,Australia,MJ Clarke,SPD Smith,TM Dilshan,1,0,,,,,,"",""
ball,1,26.5,Australia,SPD Smith,MJ Clarke,TM Dilshan,1,0,,,,,,"",""
ball,1,26.6,Australia,MJ Clarke,SPD Smith,TM Dilshan,1,0,,,,,,"",""
ball,1,27.1,Australia,MJ Clarke,SPD Smith,AD Mathews,4,0,,,,,,"",""
ball,1,27.2,Australia,MJ Clarke,SPD Smith,AD Mathews,1,0,,,,,,"",""
ball,1,27.3,Australia,SPD Smith,MJ Clarke,AD Mathews,0,1,1,,,,,"",""
ball,1,27.4,Australia,SPD Smith,MJ Clarke,AD Mathews,0,0,,,,,,"",""
ball,1,27.5,Australia,SPD Smith,MJ Clarke,AD Mathews,1,0,,,,,,"",""
ball,1,27.6,Australia,MJ Clarke,SPD Smith,AD Mathews,1,0,,,,,,"",""
ball,1,27.7,Australia,SPD Smith,MJ Clarke,AD Mathews,1,0,,,,,,"",""
ball,1,28.1,Australia,SPD Smith,MJ Clarke,SMSM Senanayake,1,0,,,,,,"",""
ball,1,28.2,Australia,MJ Clarke,SPD Smith,SMSM Senanayake,4,0,,,,,,"",""
ball,1,28.3,Australia,MJ Clarke,SPD Smith,SMSM Senanayake,1,0,,,,,,"",""
ball,1,28.4,Australia,SPD Smith,MJ Clarke,SMSM Senanayake,1,0,,,,,,"",""
ball,1,28.5,Australia,MJ Clarke,SPD Smith,SMSM Senanayake,1,0,,,,,,"",""
ball,1,28.6,Australia,SPD Smith,MJ Clarke,SMSM Senanayake,6,0,,,,,,"",""
ball,1,29.1,Australia,MJ Clarke,SPD Smith,NLTC Perera,0,0,,,,,,"",""
ball,1,29.2,Australia,MJ Clarke,SPD Smith,NLTC Perera,0,0,,,,,,"",""
ball,1,29.3,Australia,MJ Clarke,SPD Smith,NLTC Perera,1,0,,,,,,"",""
ball,1,29.4,Australia,SPD Smith,MJ Clarke,NLTC Perera,1,0,,,,,,"",""
ball,1,29.5,Australia,MJ Clarke,SPD Smith,NLTC Perera,4,0,,,,,,"",""
ball,1,29.6,Australia,MJ Clarke,SPD Smith,NLTC Perera,4,0,,,,,,"",""
ball,1,30.1,Australia,SPD Smith,MJ Clarke,SMSM Senanayake,1,0,,,,,,"",""
ball,1,30.2,Australia,MJ Clarke,SPD Smith,SMSM Senanayake,2,0,,,,,,"",""
ball,1,30.3,Australia,MJ Clarke,SPD Smith,SMSM Senanayake,1,0,,,,,,"",""
ball,1,30.4,Australia,SPD Smith,MJ Clarke,SMSM Senanayake,2,0,,,,,,"",""
ball,1,30.5,Australia,SPD Smith,MJ Clarke,SMSM Senanayake,4,0,,,,,,"",""
ball,1,30.6,Australia,SPD Smith,MJ Clarke,SMSM Senanayake,0,0,,,,,,"",""
ball,1,31.1,Australia,MJ Clarke,SPD Smith,SL Malinga,2,0,,,,,,"",""
ball,1,31.2,Australia,MJ Clarke,SPD Smith,SL Malinga,0,0,,,,,,"",""
ball,1,31.3,Australia,MJ Clarke,SPD Smith,SL Malinga,0,0,,,,,,"",""
ball,1,31.4,Australia,MJ Clarke,SPD Smith,SL Malinga,4,0,,,,,,"",""
ball,1,31.5,Australia,MJ Clarke,SPD Smith,SL Malinga,0,0,,,,,,bowled,MJ Clarke
ball,1,31.6,Australia,GJ Maxwell,SPD Smith,SL Malinga,1,0,,,,,,"",""
ball,1,32.1,Australia,GJ Maxwell,SPD Smith,TM Dilshan,0,0,,,,,,"",""
ball,1,32.2,Australia,GJ Maxwell,SPD Smith,TM Dilshan,1,0,,,,,,"",""
ball,1,32.3,Australia,SPD Smith,GJ Maxwell,TM Dilshan,0,0,,,,,,caught,SPD Smith
ball,1,32.4,Australia,GJ Maxwell,SR Watson,TM Dilshan,1,0,,,,,,"",""
ball,1,32.5,Australia,SR Watson,GJ Maxwell,TM Dilshan,0,0,,,,,,"",""
ball,1,32.6,Australia,SR Watson,GJ Maxwell,TM Dilshan,0,0,,,,,,"",""
ball,1,33.1,Australia,GJ Maxwell,SR Watson,SMSM Senanayake,0,0,,,,,,"",""
ball,1,33.2,Australia,GJ Maxwell,SR Watson,SMSM Senanayake,0,0,,,,,,"",""
ball,1,33.3,Australia,GJ Maxwell,SR Watson,SMSM Senanayake,4,0,,,,,,"",""
ball,1,33.4,Australia,GJ Maxwell,SR Watson,SMSM Senanayake,1,0,,,,,,"",""
ball,1,33.5,Australia,SR Watson,GJ Maxwell,SMSM Senanayake,0,0,,,,,,"",""
ball,1,33.6,Australia,SR Watson,GJ Maxwell,SMSM Senanayake,2,0,,,,,,"",""
ball,1,34.1,Australia,GJ Maxwell,SR Watson,TM Dilshan,2,0,,,,,,"",""
ball,1,34.2,Australia,GJ Maxwell,SR Watson,TM Dilshan,0,0,,,,,,"",""
ball,1,34.3,Australia,GJ Maxwell,SR Watson,TM Dilshan,4,0,,,,,,"",""
ball,1,34.4,Australia,GJ Maxwell,SR Watson,TM Dilshan,6,0,,,,,,"",""
ball,1,34.5,Australia,GJ Maxwell,SR Watson,TM Dilshan,1,0,,,,,,"",""
ball,1,34.6,Australia,SR Watson,GJ Maxwell,TM Dilshan,1,0,,,,,,"",""
ball,1,35.1,Australia,SR Watson,GJ Maxwell,SL Malinga,1,0,,,,,,"",""
ball,1,35.2,Australia,GJ Maxwell,SR Watson,SL Malinga,0,0,,,,,,"",""
ball,1,35.3,Australia,GJ Maxwell,SR Watson,SL Malinga,0,0,,,,,,"",""
ball,1,35.4,Australia,GJ Maxwell,SR Watson,SL Malinga,0,0,,,,,,"",""
ball,1,35.5,Australia,GJ Maxwell,SR Watson,SL Malinga,1,0,,,,,,"",""
ball,1,35.6,Australia,SR Watson,GJ Maxwell,SL Malinga,1,0,,,,,,"",""
ball,1,36.1,Australia,SR Watson,GJ Maxwell,S Prasanna,1,0,,,,,,"",""
ball,1,36.2,Australia,GJ Maxwell,SR Watson,S Prasanna,6,0,,,,,,"",""
ball,1,36.3,Australia,GJ Maxwell,SR Watson,S Prasanna,2,0,,,,,,"",""
ball,1,36.4,Australia,GJ Maxwell,SR Watson,S Prasanna,4,0,,,,,,"",""
ball,1,36.5,Australia,GJ Maxwell,SR Watson,S Prasanna,2,0,,,,,,"",""
ball,1,36.6,Australia,GJ Maxwell,SR Watson,S Prasanna,2,0,,,,,,"",""
ball,1,37.1,Australia,SR Watson,GJ Maxwell,SL Malinga,2,0,,,,,,"",""
ball,1,37.2,Australia,SR Watson,GJ Maxwell,SL Malinga,1,0,,,,,,"",""
ball,1,37.3,Australia,GJ Maxwell,SR Watson,SL Malinga,4,0,,,,,,"",""
ball,1,37.4,Australia,GJ Maxwell,SR Watson,SL Malinga,1,0,,,,,,"",""
ball,1,37.5,Australia,SR Watson,GJ Maxwell,SL Malinga,4,0,,,,,,"",""
ball,1,37.6,Australia,SR Watson,GJ Maxwell,SL Malinga,4,0,,,,,,"",""
ball,1,38.1,Australia,GJ Maxwell,SR Watson,NLTC Perera,2,0,,,,,,"",""
ball,1,38.2,Australia,GJ Maxwell,SR Watson,NLTC Perera,6,0,,,,,,"",""
ball,1,38.3,Australia,GJ Maxwell,SR Watson,NLTC Perera,1,0,,,,,,"",""
ball,1,38.4,Australia,SR Watson,GJ Maxwell,NLTC Perera,0,0,,,,,,"",""
ball,1,38.5,Australia,SR Watson,GJ Maxwell,NLTC Perera,1,0,,,,,,"",""
ball,1,38.6,Australia,GJ Maxwell,SR Watson,NLTC Perera,0,0,,,,,,"",""
ball,1,39.1,Australia,SR Watson,GJ Maxwell,SL Malinga,4,0,,,,,,"",""
ball,1,39.2,Australia,SR Watson,GJ Maxwell,SL Malinga,1,0,,,,,,"",""
ball,1,39.3,Australia,GJ Maxwell,SR Watson,SL Malinga,1,0,,,,,,"",""
ball,1,39.4,Australia,SR Watson,GJ Maxwell,SL Malinga,1,0,,,,,,"",""
ball,1,39.5,Australia,GJ Maxwell,SR Watson,SL Malinga,0,0,,,,,,"",""
ball,1,39.6,Australia,GJ Maxwell,SR Watson,SL Malinga,1,0,,,,,,"",""
ball,1,40.1,Australia,GJ Maxwell,SR Watson,S Prasanna,4,0,,,,,,"",""
ball,1,40.2,Australia,GJ Maxwell,SR Watson,S Prasanna,4,0,,,,,,"",""
ball,1,40.3,Australia,GJ Maxwell,SR Watson,S Prasanna,2,0,,,,,,"",""
ball,1,40.4,Australia,GJ Maxwell,SR Watson,S Prasanna,4,0,,,,,,"",""
ball,1,40.5,Australia,GJ Maxwell,SR Watson,S Prasanna,1,0,,,,,,"",""
ball,1,40.6,Australia,SR Watson,GJ Maxwell,S Prasanna,2,0,,,,,,"",""
ball,1,41.1,Australia,GJ Maxwell,SR Watson,AD Mathews,4,0,,,,,,"",""
ball,1,41.2,Australia,GJ Maxwell,SR Watson,AD Mathews,0,0,,,,,,"",""
ball,1,41.3,Australia,GJ Maxwell,SR Watson,AD Mathews,3,0,,,,,,"",""
ball,1,41.4,Australia,SR Watson,GJ Maxwell,AD Mathews,1,0,,,,,,"",""
ball,1,41.5,Australia,GJ Maxwell,SR Watson,AD Mathews,1,0,,,,,,"",""
ball,1,41.6,Australia,SR Watson,GJ Maxwell,AD Mathews,1,0,,,,,,"",""
ball,1,42.1,Australia,SR Watson,GJ Maxwell,NLTC Perera,6,0,,,,,,"",""
ball,1,42.2,Australia,SR Watson,GJ Maxwell,NLTC Perera,1,0,,,,,,"",""
ball,1,42.3,Australia,GJ Maxwell,SR Watson,NLTC Perera,4,0,,,,,,"",""
ball,1,42.4,Australia,GJ Maxwell,SR Watson,NLTC Perera,0,0,,,,,,"",""
ball,1,42.5,Australia,GJ Maxwell,SR Watson,NLTC Perera,6,0,,,,,,"",""
ball,1,42.6,Australia,GJ Maxwell,SR Watson,NLTC Perera,0,1,1,,,,,"",""
ball,1,42.7,Australia,GJ Maxwell,SR Watson,NLTC Perera,2,0,,,,,,"",""
ball,1,43.1,Australia,SR Watson,GJ Maxwell,AD Mathews,6,0,,,,,,"",""
ball,1,43.2,Australia,SR Watson,GJ Maxwell,AD Mathews,0,1,1,,,,,"",""
ball,1,43.3,Australia,SR Watson,GJ Maxwell,AD Mathews,1,0,,,,,,"",""
ball,1,43.4,Australia,GJ Maxwell,SR Watson,AD Mathews,4,0,,,,,,"",""
ball,1,43.5,Australia,GJ Maxwell,SR Watson,AD Mathews,2,0,,,,,,"",""
ball,1,43.6,Australia,GJ Maxwell,SR Watson,AD Mathews,1,0,,,,,,"",""
ball,1,43.7,Australia,SR Watson,GJ Maxwell,AD Mathews,0,0,,,,,,"",""
ball,1,44.1,Australia,GJ Maxwell,SR Watson,SL Malinga,2,0,,,,,,"",""
ball,1,44.2,Australia,GJ Maxwell,SR Watson,SL Malinga,1,0,,,,,,"",""
ball,1,44.3,Australia,SR Watson,GJ Maxwell,SL Malinga,1,0,,,,,,"",""
ball,1,44.4,Australia,GJ Maxwell,SR Watson,SL Malinga,0,1,,,,1,,"",""
ball,1,44.5,Australia,SR Watson,GJ Maxwell,SL Malinga,0,0,,,,,,"",""
ball,1,44.6,Australia,SR Watson,GJ Maxwell,SL Malinga,1,0,,,,,,"",""
ball,1,45.1,Australia,SR Watson,GJ Maxwell,S Prasanna,4,0,,,,,,"",""
ball,1,45.2,Australia,SR Watson,GJ Maxwell,S Prasanna,4,0,,,,,,"",""
ball,1,45.3,Australia,SR Watson,GJ Maxwell,S Prasanna,1,0,,,,,,"",""
ball,1,45.4,Australia,GJ Maxwell,SR Watson,S Prasanna,2,0,,,,,,"",""
ball,1,45.5,Australia,GJ Maxwell,SR Watson,S Prasanna,1,0,,,,,,"",""
ball,1,45.6,Australia,SR Watson,GJ Maxwell,S Prasanna,4,0,,,,,,"",""
ball,1,46.1,Australia,GJ Maxwell,SR Watson,NLTC Perera,0,0,,,,,,caught,GJ Maxwell
ball,1,46.2,Australia,SR Watson,JP Faulkner,NLTC Perera,1,0,,,,,,"",""
ball,1,46.3,Australia,JP Faulkner,SR Watson,NLTC Perera,0,0,,,,,,run out,JP Faulkner
ball,1,46.4,Australia,SR Watson,BJ Haddin,NLTC Perera,2,0,,,,,,"",""
ball,1,46.5,Australia,SR Watson,BJ Haddin,NLTC Perera,4,0,,,,,,"",""
ball,1,46.6,Australia,SR Watson,BJ Haddin,NLTC Perera,1,0,,,,,,"",""
ball,1,47.1,Australia,SR Watson,BJ Haddin,SL Malinga,1,0,,,,,,"",""
ball,1,47.2,Australia,BJ Haddin,SR Watson,SL Malinga,1,0,,,,,,"",""
ball,1,47.3,Australia,SR Watson,BJ Haddin,SL Malinga,0,0,,,,,,"",""
ball,1,47.4,Australia,SR Watson,BJ Haddin,SL Malinga,0,0,,,,,,"",""
ball,1,47.5,Australia,SR Watson,BJ Haddin,SL Malinga,1,0,,,,,,"",""
ball,1,47.6,Australia,BJ Haddin,SR Watson,SL Malinga,1,0,,,,,,"",""
ball,1,48.1,Australia,BJ Haddin,SR Watson,NLTC Perera,6,0,,,,,,"",""
ball,1,48.2,Australia,BJ Haddin,SR Watson,NLTC Perera,4,0,,,,,,"",""
ball,1,48.3,Australia,BJ Haddin,SR Watson,NLTC Perera,4,0,,,,,,"",""
ball,1,48.4,Australia,BJ Haddin,SR Watson,NLTC Perera,4,0,,,,,,"",""
ball,1,48.5,Australia,BJ Haddin,SR Watson,NLTC Perera,1,0,,,,,,"",""
ball,1,48.6,Australia,SR Watson,BJ Haddin,NLTC Perera,0,0,,,,,,caught,SR Watson
ball,1,49.1,Australia,MG Johnson,BJ Haddin,AD Mathews,1,0,,,,,,"",""
ball,1,49.2,Australia,BJ Haddin,MG Johnson,AD Mathews,4,0,,,,,,"",""
ball,1,49.3,Australia,BJ Haddin,MG Johnson,AD Mathews,0,0,,,,,,caught,BJ Haddin
ball,1,49.4,Australia,MG Johnson,MA Starc,AD Mathews,1,0,,,,,,run out,MA Starc
ball,1,49.5,Australia,MG Johnson,XJ Doherty,AD Mathews,1,0,,,,,,"",""
ball,1,49.6,Australia,XJ Doherty,MG Johnson,AD Mathews,0,1,,,1,,,"",""
ball,2,0.1,Sri Lanka,HDRL Thirimanne,TM Dilshan,MA Starc,0,0,,,,,,"",""
ball,2,0.2,Sri Lanka,HDRL Thirimanne,TM Dilshan,MA Starc,1,0,,,,,,"",""
ball,2,0.3,Sri Lanka,TM Dilshan,HDRL Thirimanne,MA Starc,0,0,,,,,,"",""
ball,2,0.4,Sri Lanka,TM Dilshan,HDRL Thirimanne,MA Starc,0,0,,,,,,"",""
ball,2,0.5,Sri Lanka,TM Dilshan,HDRL Thirimanne,MA Starc,1,0,,,,,,"",""
ball,2,0.6,Sri Lanka,HDRL Thirimanne,TM Dilshan,MA Starc,0,0,,,,,,"",""
ball,2,1.1,Sri Lanka,TM Dilshan,HDRL Thirimanne,MG Johnson,0,0,,,,,,"",""
ball,2,1.2,Sri Lanka,TM Dilshan,HDRL Thirimanne,MG Johnson,3,0,,,,,,"",""
ball,2,1.3,Sri Lanka,HDRL Thirimanne,TM Dilshan,MG Johnson,0,0,,,,,,"",""
ball,2,1.4,Sri Lanka,HDRL Thirimanne,TM Dilshan,MG Johnson,0,0,,,,,,caught,HDRL Thirimanne
ball,2,1.5,Sri Lanka,KC Sangakkara,TM Dilshan,MG Johnson,0,0,,,,,,"",""
ball,2,1.6,Sri Lanka,KC Sangakkara,TM Dilshan,MG Johnson,0,0,,,,,,"",""
ball,2,2.1,Sri Lanka,TM Dilshan,KC Sangakkara,MA Starc,0,0,,,,,,"",""
ball,2,2.2,Sri Lanka,TM Dilshan,KC Sangakkara,MA Starc,1,0,,,,,,"",""
ball,2,2.3,Sri Lanka,KC Sangakkara,TM Dilshan,MA Starc,0,0,,,,,,"",""
ball,2,2.4,Sri Lanka,KC Sangakkara,TM Dilshan,MA Starc,0,0,,,,,,"",""
ball,2,2.5,Sri Lanka,KC Sangakkara,TM Dilshan,MA Starc,0,0,,,,,,"",""
ball,2,2.6,Sri Lanka,KC Sangakkara,TM Dilshan,MA Starc,0,0,,,,,,"",""
ball,2,3.1,Sri Lanka,TM Dilshan,KC Sangakkara,MG Johnson,0,0,,,,,,"",""
ball,2,3.2,Sri Lanka,TM Dilshan,KC Sangakkara,MG Johnson,0,0,,,,,,"",""
ball,2,3.3,Sri Lanka,TM Dilshan,KC Sangakkara,MG Johnson,1,0,,,,,,"",""
ball,2,3.4,Sri Lanka,KC Sangakkara,TM Dilshan,MG Johnson,2,0,,,,,,"",""
ball,2,3.5,Sri Lanka,KC Sangakkara,TM Dilshan,MG Johnson,4,0,,,,,,"",""
ball,2,3.6,Sri Lanka,KC Sangakkara,TM Dilshan,MG Johnson,0,0,,,,,,"",""
ball,2,4.1,Sri Lanka,TM Dilshan,KC Sangakkara,MA Starc,0,0,,,,,,"",""
ball,2,4.2,Sri Lanka,TM Dilshan,KC Sangakkara,MA Starc,2,0,,,,,,"",""
ball,2,4.3,Sri Lanka,TM Dilshan,KC Sangakkara,MA Starc,0,0,,,,,,"",""
ball,2,4.4,Sri Lanka,TM Dilshan,KC Sangakkara,MA Starc,1,0,,,,,,"",""
ball,2,4.5,Sri Lanka,KC Sangakkara,TM Dilshan,MA Starc,0,0,,,,,,"",""
ball,2,4.6,Sri Lanka,KC Sangakkara,TM Dilshan,MA Starc,2,0,,,,,,"",""
ball,2,5.1,Sri Lanka,TM Dilshan,KC Sangakkara,MG Johnson,4,0,,,,,,"",""
ball,2,5.2,Sri Lanka,TM Dilshan,KC Sangakkara,MG Johnson,4,0,,,,,,"",""
ball,2,5.3,Sri Lanka,TM Dilshan,KC Sangakkara,MG Johnson,4,0,,,,,,"",""
ball,2,5.4,Sri Lanka,TM Dilshan,KC Sangakkara,MG Johnson,4,0,,,,,,"",""
ball,2,5.5,Sri Lanka,TM Dilshan,KC Sangakkara,MG Johnson,4,0,,,,,,"",""
ball,2,5.6,Sri Lanka,TM Dilshan,KC Sangakkara,MG Johnson,4,0,,,,,,"",""
ball,2,6.1,Sri Lanka,KC Sangakkara,TM Dilshan,SR Watson,3,0,,,,,,"",""
ball,2,6.2,Sri Lanka,TM Dilshan,KC Sangakkara,SR Watson,4,0,,,,,,"",""
ball,2,6.3,Sri Lanka,TM Dilshan,KC Sangakkara,SR Watson,0,0,,,,,,"",""
ball,2,6.4,Sri Lanka,TM Dilshan,KC Sangakkara,SR Watson,1,0,,,,,,"",""
ball,2,6.5,Sri Lanka,KC Sangakkara,TM Dilshan,SR Watson,4,0,,,,,,"",""
ball,2,6.6,Sri Lanka,KC Sangakkara,TM Dilshan,SR Watson,1,0,,,,,,"",""
ball,2,7.1,Sri Lanka,KC Sangakkara,TM Dilshan,MA Starc,4,0,,,,,,"",""
ball,2,7.2,Sri Lanka,KC Sangakkara,TM Dilshan,MA Starc,0,0,,,,,,"",""
ball,2,7.3,Sri Lanka,KC Sangakkara,TM Dilshan,MA Starc,0,0,,,,,,"",""
ball,2,7.4,Sri Lanka,KC Sangakkara,TM Dilshan,MA Starc,0,0,,,,,,"",""
ball,2,7.5,Sri Lanka,KC Sangakkara,TM Dilshan,MA Starc,0,0,,,,,,"",""
ball,2,7.6,Sri Lanka,KC Sangakkara,TM Dilshan,MA Starc,0,0,,,,,,"",""
ball,2,8.1,Sri Lanka,TM Dilshan,KC Sangakkara,SR Watson,1,0,,,,,,"",""
ball,2,8.2,Sri Lanka,KC Sangakkara,TM Dilshan,SR Watson,1,0,,,,,,"",""
ball,2,8.3,Sri Lanka,TM Dilshan,KC Sangakkara,SR Watson,1,0,,,,,,"",""
ball,2,8.4,Sri Lanka,KC Sangakkara,TM Dilshan,SR Watson,1,0,,,,,,"",""
ball,2,8.5,Sri Lanka,TM Dilshan,KC Sangakkara,SR Watson,1,0,,,,,,"",""
ball,2,8.6,Sri Lanka,KC Sangakkara,TM Dilshan,SR Watson,1,0,,,,,,"",""
ball,2,9.1,Sri Lanka,KC Sangakkara,TM Dilshan,MA Starc,1,0,,,,,,"",""
ball,2,9.2,Sri Lanka,TM Dilshan,KC Sangakkara,MA Starc,0,0,,,,,,"",""
ball,2,9.3,Sri Lanka,TM Dilshan,KC Sangakkara,MA Starc,0,1,1,,,,,"",""
ball,2,9.4,Sri Lanka,TM Dilshan,KC Sangakkara,MA Starc,1,0,,,,,,"",""
ball,2,9.5,Sri Lanka,KC Sangakkara,TM Dilshan,MA Starc,1,0,,,,,,"",""
ball,2,9.6,Sri Lanka,TM Dilshan,KC Sangakkara,MA Starc,0,0,,,,,,"",""
ball,2,9.7,Sri Lanka,TM Dilshan,KC Sangakkara,MA Starc,0,0,,,,,,"",""
ball,2,10.1,Sri Lanka,KC Sangakkara,TM Dilshan,XJ Doherty,1,0,,,,,,"",""
ball,2,10.2,Sri Lanka,TM Dilshan,KC Sangakkara,XJ Doherty,0,0,,,,,,"",""
ball,2,10.3,Sri Lanka,TM Dilshan,KC Sangakkara,XJ Doherty,1,0,,,,,,"",""
ball,2,10.4,Sri Lanka,KC Sangakkara,TM Dilshan,XJ Doherty,2,0,,,,,,"",""
ball,2,10.5,Sri Lanka,KC Sangakkara,TM Dilshan,XJ Doherty,2,0,,,,,,"",""
ball,2,10.6,Sri Lanka,KC Sangakkara,TM Dilshan,XJ Doherty,1,0,,,,,,"",""
ball,2,11.1,Sri Lanka,KC Sangakkara,TM Dilshan,GJ Maxwell,2,0,,,,,,"",""
ball,2,11.2,Sri Lanka,KC Sangakkara,TM Dilshan,GJ Maxwell,0,0,,,,,,"",""
ball,2,11.3,Sri Lanka,KC Sangakkara,TM Dilshan,GJ Maxwell,1,0,,,,,,"",""
ball,2,11.4,Sri Lanka,TM Dilshan,KC Sangakkara,GJ Maxwell,1,0,,,,,,"",""
ball,2,11.5,Sri Lanka,KC Sangakkara,TM Dilshan,GJ Maxwell,0,0,,,,,,"",""
ball,2,11.6,Sri Lanka,KC Sangakkara,TM Dilshan,GJ Maxwell,1,0,,,,,,"",""
ball,2,12.1,Sri Lanka,KC Sangakkara,TM Dilshan,XJ Doherty,1,0,,,,,,"",""
ball,2,12.2,Sri Lanka,TM Dilshan,KC Sangakkara,XJ Doherty,0,0,,,,,,"",""
ball,2,12.3,Sri Lanka,TM Dilshan,KC Sangakkara,XJ Doherty,2,0,,,,,,"",""
ball,2,12.4,Sri Lanka,TM Dilshan,KC Sangakkara,XJ Doherty,1,0,,,,,,"",""
ball,2,12.5,Sri Lanka,KC Sangakkara,TM Dilshan,XJ Doherty,1,0,,,,,,"",""
ball,2,12.6,Sri Lanka,TM Dilshan,KC Sangakkara,XJ Doherty,0,0,,,,,,"",""
ball,2,13.1,Sri Lanka,KC Sangakkara,TM Dilshan,GJ Maxwell,0,0,,,,,,"",""
ball,2,13.2,Sri Lanka,KC Sangakkara,TM Dilshan,GJ Maxwell,0,0,,,,,,"",""
ball,2,13.3,Sri Lanka,KC Sangakkara,TM Dilshan,GJ Maxwell,2,0,,,,,,"",""
ball,2,13.4,Sri Lanka,KC Sangakkara,TM Dilshan,GJ Maxwell,4,0,,,,,,"",""
ball,2,13.5,Sri Lanka,KC Sangakkara,TM Dilshan,GJ Maxwell,4,0,,,,,,"",""
ball,2,13.6,Sri Lanka,KC Sangakkara,TM Dilshan,GJ Maxwell,0,0,,,,,,"",""
ball,2,14.1,Sri Lanka,TM Dilshan,KC Sangakkara,XJ Doherty,1,0,,,,,,"",""
ball,2,14.2,Sri Lanka,KC Sangakkara,TM Dilshan,XJ Doherty,0,0,,,,,,"",""
ball,2,14.3,Sri Lanka,KC Sangakkara,TM Dilshan,XJ Doherty,2,0,,,,,,"",""
ball,2,14.4,Sri Lanka,KC Sangakkara,TM Dilshan,XJ Doherty,1,0,,,,,,"",""
ball,2,14.5,Sri Lanka,TM Dilshan,KC Sangakkara,XJ Doherty,0,0,,,,,,"",""
ball,2,14.6,Sri Lanka,TM Dilshan,KC Sangakkara,XJ Doherty,1,0,,,,,,"",""
ball,2,15.1,Sri Lanka,TM Dilshan,KC Sangakkara,GJ Maxwell,0,0,,,,,,"",""
ball,2,15.2,Sri Lanka,TM Dilshan,KC Sangakkara,GJ Maxwell,1,0,,,,,,"",""
ball,2,15.3,Sri Lanka,KC Sangakkara,TM Dilshan,GJ Maxwell,0,0,,,,,,"",""
ball,2,15.4,Sri Lanka,KC Sangakkara,TM Dilshan,GJ Maxwell,1,0,,,,,,"",""
ball,2,15.5,Sri Lanka,TM Dilshan,KC Sangakkara,GJ Maxwell,0,2,,,2,,,"",""
ball,2,15.6,Sri Lanka,TM Dilshan,KC Sangakkara,GJ Maxwell,1,0,,,,,,"",""
ball,2,16.1,Sri Lanka,TM Dilshan,KC Sangakkara,XJ Doherty,1,0,,,,,,"",""
ball,2,16.2,Sri Lanka,KC Sangakkara,TM Dilshan,XJ Doherty,2,0,,,,,,"",""
ball,2,16.3,Sri Lanka,KC Sangakkara,TM Dilshan,XJ Doherty,4,0,,,,,,"",""
ball,2,16.4,Sri Lanka,KC Sangakkara,TM Dilshan,XJ Doherty,1,0,,,,,,"",""
ball,2,16.5,Sri Lanka,TM Dilshan,KC Sangakkara,XJ Doherty,1,0,,,,,,"",""
ball,2,16.6,Sri Lanka,KC Sangakkara,TM Dilshan,XJ Doherty,4,0,,,,,,"",""
ball,2,17.1,Sri Lanka,TM Dilshan,KC Sangakkara,JP Faulkner,0,0,,,,,,"",""
ball,2,17.2,Sri Lanka,TM Dilshan,KC Sangakkara,JP Faulkner,1,0,,,,,,"",""
ball,2,17.3,Sri Lanka,KC Sangakkara,TM Dilshan,JP Faulkner,0,0,,,,,,"",""
ball,2,17.4,Sri Lanka,KC Sangakkara,TM Dilshan,JP Faulkner,1,0,,,,,,"",""
ball,2,17.5,Sri Lanka,TM Dilshan,KC Sangakkara,JP Faulkner,1,0,,,,,,"",""
ball,2,17.6,Sri Lanka,KC Sangakkara,TM Dilshan,JP Faulkner,1,0,,,,,,"",""
ball,2,18.1,Sri Lanka,KC Sangakkara,TM Dilshan,GJ Maxwell,0,0,,,,,,"",""
ball,2,18.2,Sri Lanka,KC Sangakkara,TM Dilshan,GJ Maxwell,0,0,,,,,,"",""
ball,2,18.3,Sri Lanka,KC Sangakkara,TM Dilshan,GJ Maxwell,2,0,,,,,,"",""
ball,2,18.4,Sri Lanka,KC Sangakkara,TM Dilshan,GJ Maxwell,1,0,,,,,,"",""
ball,2,18.5,Sri Lanka,TM Dilshan,KC Sangakkara,GJ Maxwell,4,0,,,,,,"",""
ball,2,18.6,Sri Lanka,TM Dilshan,KC Sangakkara,GJ Maxwell,1,0,,,,,,"",""
ball,2,19.1,Sri Lanka,TM Dilshan,KC Sangakkara,JP Faulkner,0,0,,,,,,"",""
ball,2,19.2,Sri Lanka,TM Dilshan,KC Sangakkara,JP Faulkner,1,0,,,,,,"",""
ball,2,19.3,Sri Lanka,KC Sangakkara,TM Dilshan,JP Faulkner,0,0,,,,,,"",""
ball,2,19.4,Sri Lanka,KC Sangakkara,TM Dilshan,JP Faulkner,1,0,,,,,,"",""
ball,2,19.5,Sri Lanka,TM Dilshan,KC Sangakkara,JP Faulkner,0,0,,,,,,"",""
ball,2,19.6,Sri Lanka,TM Dilshan,KC Sangakkara,JP Faulkner,0,0,,,,,,"",""
ball,2,20.1,Sri Lanka,KC Sangakkara,TM Dilshan,MG Johnson,0,0,,,,,,"",""
ball,2,20.2,Sri Lanka,KC Sangakkara,TM Dilshan,MG Johnson,0,0,,,,,,"",""
ball,2,20.3,Sri Lanka,KC Sangakkara,TM Dilshan,MG Johnson,0,0,,,,,,"",""
ball,2,20.4,Sri Lanka,KC Sangakkara,TM Dilshan,MG Johnson,1,0,,,,,,"",""
ball,2,20.5,Sri Lanka,TM Dilshan,KC Sangakkara,MG Johnson,0,0,,,,,,"",""
ball,2,20.6,Sri Lanka,TM Dilshan,KC Sangakkara,MG Johnson,1,0,,,,,,"",""
ball,2,21.1,Sri Lanka,TM Dilshan,KC Sangakkara,JP Faulkner,0,0,,,,,,"",""
ball,2,21.2,Sri Lanka,TM Dilshan,KC Sangakkara,JP Faulkner,0,0,,,,,,"",""
ball,2,21.3,Sri Lanka,TM Dilshan,KC Sangakkara,JP Faulkner,0,0,,,,,,lbw,TM Dilshan
ball,2,21.4,Sri Lanka,DPMD Jayawardene,KC Sangakkara,JP Faulkner,0,0,,,,,,"",""
ball,2,21.5,Sri Lanka,DPMD Jayawardene,KC Sangakkara,JP Faulkner,1,0,,,,,,"",""
ball,2,21.6,Sri Lanka,KC Sangakkara,DPMD Jayawardene,JP Faulkner,1,0,,,,,,"",""
ball,2,22.1,Sri Lanka,KC Sangakkara,DPMD Jayawardene,MG Johnson,0,0,,,,,,"",""
ball,2,22.2,Sri Lanka,KC Sangakkara,DPMD Jayawardene,MG Johnson,0,4,,,,4,,"",""
ball,2,22.3,Sri Lanka,KC Sangakkara,DPMD Jayawardene,MG Johnson,0,0,,,,,,"",""
ball,2,22.4,Sri Lanka,KC Sangakkara,DPMD Jayawardene,MG Johnson,0,0,,,,,,"",""
ball,2,22.5,Sri Lanka,KC Sangakkara,DPMD Jayawardene,MG Johnson,1,0,,,,,,"",""
ball,2,22.6,Sri Lanka,DPMD Jayawardene,KC Sangakkara,MG Johnson,0,0,,,,,,"",""
ball,2,23.1,Sri Lanka,KC Sangakkara,DPMD Jayawardene,JP Faulkner,0,0,,,,,,"",""
ball,2,23.2,Sri Lanka,KC Sangakkara,DPMD Jayawardene,JP Faulkner,1,0,,,,,,"",""
ball,2,23.3,Sri Lanka,DPMD Jayawardene,KC Sangakkara,JP Faulkner,4,0,,,,,,"",""
ball,2,23.4,Sri Lanka,DPMD Jayawardene,KC Sangakkara,JP Faulkner,0,0,,,,,,"",""
ball,2,23.5,Sri Lanka,DPMD Jayawardene,KC Sangakkara,JP Faulkner,1,0,,,,,,"",""
ball,2,23.6,Sri Lanka,KC Sangakkara,DPMD Jayawardene,JP Faulkner,1,0,,,,,,"",""
ball,2,24.1,Sri Lanka,KC Sangakkara,DPMD Jayawardene,MG Johnson,0,0,,,,,,"",""
ball,2,24.2,Sri Lanka,KC Sangakkara,DPMD Jayawardene,MG Johnson,0,0,,,,,,"",""
ball,2,24.3,Sri Lanka,KC Sangakkara,DPMD Jayawardene,MG Johnson,0,0,,,,,,"",""
ball,2,24.4,Sri Lanka,KC Sangakkara,DPMD Jayawardene,MG Johnson,0,0,,,,,,"",""
ball,2,24.5,Sri Lanka,KC Sangakkara,DPMD Jayawardene,MG Johnson,0,0,,,,,,"",""
ball,2,24.6,Sri Lanka,KC Sangakkara,DPMD Jayawardene,MG Johnson,1,0,,,,,,"",""
ball,2,25.1,Sri Lanka,KC Sangakkara,DPMD Jayawardene,GJ Maxwell,0,0,,,,,,"",""
ball,2,25.2,Sri Lanka,KC Sangakkara,DPMD Jayawardene,GJ Maxwell,1,0,,,,,,"",""
ball,2,25.3,Sri Lanka,DPMD Jayawardene,KC Sangakkara,GJ Maxwell,1,0,,,,,,"",""
ball,2,25.4,Sri Lanka,KC Sangakkara,DPMD Jayawardene,GJ Maxwell,1,0,,,,,,"",""
ball,2,25.5,Sri Lanka,DPMD Jayawardene,KC Sangakkara,GJ Maxwell,0,0,,,,,,"",""
ball,2,25.6,Sri Lanka,DPMD Jayawardene,KC Sangakkara,GJ Maxwell,1,0,,,,,,"",""
ball,2,26.1,Sri Lanka,DPMD Jayawardene,KC Sangakkara,XJ Doherty,1,0,,,,,,"",""
ball,2,26.2,Sri Lanka,KC Sangakkara,DPMD Jayawardene,XJ Doherty,4,0,,,,,,"",""
ball,2,26.3,Sri Lanka,KC Sangakkara,DPMD Jayawardene,XJ Doherty,0,0,,,,,,"",""
ball,2,26.4,Sri Lanka,KC Sangakkara,DPMD Jayawardene,XJ Doherty,0,0,,,,,,"",""
ball,2,26.5,Sri Lanka,KC Sangakkara,DPMD Jayawardene,XJ Doherty,0,0,,,,,,"",""
ball,2,26.6,Sri Lanka,KC Sangakkara,DPMD Jayawardene,XJ Doherty,0,0,,,,,,"",""
ball,2,27.1,Sri Lanka,DPMD Jayawardene,KC Sangakkara,GJ Maxwell,0,0,,,,,,"",""
ball,2,27.2,Sri Lanka,DPMD Jayawardene,KC Sangakkara,GJ Maxwell,0,0,,,,,,"",""
ball,2,27.3,Sri Lanka,DPMD Jayawardene,KC Sangakkara,GJ Maxwell,1,0,,,,,,"",""
ball,2,27.4,Sri Lanka,KC Sangakkara,DPMD Jayawardene,GJ Maxwell,1,0,,,,,,"",""
ball,2,27.5,Sri Lanka,DPMD Jayawardene,KC Sangakkara,GJ Maxwell,1,0,,,,,,"",""
ball,2,27.6,Sri Lanka,KC Sangakkara,DPMD Jayawardene,GJ Maxwell,2,0,,,,,,"",""
ball,2,28.1,Sri Lanka,DPMD Jayawardene,KC Sangakkara,SR Watson,2,0,,,,,,"",""
ball,2,28.2,Sri Lanka,DPMD Jayawardene,KC Sangakkara,SR Watson,1,0,,,,,,"",""
ball,2,28.3,Sri Lanka,KC Sangakkara,DPMD Jayawardene,SR Watson,0,0,,,,,,"",""
ball,2,28.4,Sri Lanka,KC Sangakkara,DPMD Jayawardene,SR Watson,1,0,,,,,,"",""
ball,2,28.5,Sri Lanka,DPMD Jayawardene,KC Sangakkara,SR Watson,1,0,,,,,,"",""
ball,2,28.6,Sri Lanka,KC Sangakkara,DPMD Jayawardene,SR Watson,0,0,,,,,,"",""
ball,2,29.1,Sri Lanka,DPMD Jayawardene,KC Sangakkara,JP Faulkner,2,0,,,,,,"",""
ball,2,29.2,Sri Lanka,DPMD Jayawardene,KC Sangakkara,JP Faulkner,1,0,,,,,,"",""
ball,2,29.3,Sri Lanka,KC Sangakkara,DPMD Jayawardene,JP Faulkner,2,0,,,,,,"",""
ball,2,29.4,Sri Lanka,KC Sangakkara,DPMD Jayawardene,JP Faulkner,4,0,,,,,,"",""
ball,2,29.5,Sri Lanka,KC Sangakkara,DPMD Jayawardene,JP Faulkner,4,0,,,,,,"",""
ball,2,29.6,Sri Lanka,KC Sangakkara,DPMD Jayawardene,JP Faulkner,4,0,,,,,,"",""
ball,2,30.1,Sri Lanka,DPMD Jayawardene,KC Sangakkara,MA Starc,1,0,,,,,,"",""
ball,2,30.2,Sri Lanka,KC Sangakkara,DPMD Jayawardene,MA Starc,0,0,,,,,,"",""
ball,2,30.3,Sri Lanka,KC Sangakkara,DPMD Jayawardene,MA Starc,0,0,,,,,,"",""
ball,2,30.4,Sri Lanka,KC Sangakkara,DPMD Jayawardene,MA Starc,1,0,,,,,,"",""
ball,2,30.5,Sri Lanka,DPMD Jayawardene,KC Sangakkara,MA Starc,0,0,,,,,,"",""
ball,2,30.6,Sri Lanka,DPMD Jayawardene,KC Sangakkara,MA Starc,0,0,,,,,,run out,DPMD Jayawardene
ball,2,31.1,Sri Lanka,AD Mathews,KC Sangakkara,JP Faulkner,1,0,,,,,,"",""
ball,2,31.2,Sri Lanka,KC Sangakkara,AD Mathews,JP Faulkner,2,0,,,,,,"",""
ball,2,31.3,Sri Lanka,KC Sangakkara,AD Mathews,JP Faulkner,0,1,,,,1,,"",""
ball,2,31.4,Sri Lanka,AD Mathews,KC Sangakkara,JP Faulkner,2,0,,,,,,"",""
ball,2,31.5,Sri Lanka,AD Mathews,KC Sangakkara,JP Faulkner,1,0,,,,,,"",""
ball,2,31.6,Sri Lanka,KC Sangakkara,AD Mathews,JP Faulkner,0,0,,,,,,"",""
ball,2,32.1,Sri Lanka,AD Mathews,KC Sangakkara,MA Starc,1,0,,,,,,"",""
ball,2,32.2,Sri Lanka,KC Sangakkara,AD Mathews,MA Starc,2,0,,,,,,"",""
ball,2,32.3,Sri Lanka,KC Sangakkara,AD Mathews,MA Starc,1,0,,,,,,"",""
ball,2,32.4,Sri Lanka,AD Mathews,KC Sangakkara,MA Starc,1,0,,,,,,"",""
ball,2,32.5,Sri Lanka,KC Sangakkara,AD Mathews,MA Starc,0,0,,,,,,"",""
ball,2,32.6,Sri Lanka,KC Sangakkara,AD Mathews,MA Starc,0,0,,,,,,"",""
ball,2,33.1,Sri Lanka,AD Mathews,KC Sangakkara,JP Faulkner,0,0,,,,,,"",""
ball,2,33.2,Sri Lanka,AD Mathews,KC Sangakkara,JP Faulkner,0,0,,,,,,"",""
ball,2,33.3,Sri Lanka,AD Mathews,KC Sangakkara,JP Faulkner,0,0,,,,,,"",""
ball,2,33.4,Sri Lanka,AD Mathews,KC Sangakkara,JP Faulkner,1,0,,,,,,"",""
ball,2,33.5,Sri Lanka,KC Sangakkara,AD Mathews,JP Faulkner,0,0,,,,,,caught,KC Sangakkara
ball,2,33.6,Sri Lanka,AD Mathews,LD Chandimal,JP Faulkner,1,0,,,,,,"",""
ball,2,34.1,Sri Lanka,AD Mathews,LD Chandimal,XJ Doherty,0,0,,,,,,"",""
ball,2,34.2,Sri Lanka,AD Mathews,LD Chandimal,XJ Doherty,0,0,,,,,,"",""
ball,2,34.3,Sri Lanka,AD Mathews,LD Chandimal,XJ Doherty,1,0,,,,,,"",""
ball,2,34.4,Sri Lanka,LD Chandimal,AD Mathews,XJ Doherty,0,0,,,,,,"",""
ball,2,34.5,Sri Lanka,LD Chandimal,AD Mathews,XJ Doherty,4,0,,,,,,"",""
ball,2,34.6,Sri Lanka,LD Chandimal,AD Mathews,XJ Doherty,1,0,,,,,,"",""
ball,2,35.1,Sri Lanka,LD Chandimal,AD Mathews,SR Watson,4,0,,,,,,"",""
ball,2,35.2,Sri Lanka,LD Chandimal,AD Mathews,SR Watson,0,0,,,,,,"",""
ball,2,35.3,Sri Lanka,LD Chandimal,AD Mathews,SR Watson,6,0,,,,,,"",""
ball,2,35.4,Sri Lanka,LD Chandimal,AD Mathews,SR Watson,2,0,,,,,,"",""
ball,2,35.5,Sri Lanka,LD Chandimal,AD Mathews,SR Watson,0,0,,,,,,"",""
ball,2,35.6,Sri Lanka,LD Chandimal,AD Mathews,SR Watson,4,0,,,,,,"",""
ball,2,36.1,Sri Lanka,AD Mathews,LD Chandimal,XJ Doherty,6,0,,,,,,"",""
ball,2,36.2,Sri Lanka,AD Mathews,LD Chandimal,XJ Doherty,4,0,,,,,,"",""
ball,2,36.3,Sri Lanka,AD Mathews,LD Chandimal,XJ Doherty,0,0,,,,,,"",""
ball,2,36.4,Sri Lanka,AD Mathews,LD Chandimal,XJ Doherty,1,0,,,,,,"",""
ball,2,36.5,Sri Lanka,LD Chandimal,AD Mathews,XJ Doherty,4,0,,,,,,"",""
ball,2,36.6,Sri Lanka,LD Chandimal,AD Mathews,XJ Doherty,4,0,,,,,,"",""
ball,2,37.1,Sri Lanka,AD Mathews,LD Chandimal,JP Faulkner,0,0,,,,,,"",""
ball,2,37.2,Sri Lanka,AD Mathews,LD Chandimal,JP Faulkner,0,1,1,,,,,"",""
ball,2,37.3,Sri Lanka,AD Mathews,LD Chandimal,JP Faulkner,1,0,,,,,,"",""
ball,2,37.4,Sri Lanka,LD Chandimal,AD Mathews,JP Faulkner,1,0,,,,,,"",""
ball,2,37.5,Sri Lanka,AD Mathews,LD Chandimal,JP Faulkner,1,0,,,,,,"",""
ball,2,37.6,Sri Lanka,LD Chandimal,AD Mathews,JP Faulkner,1,0,,,,,,"",""
ball,2,37.7,Sri Lanka,AD Mathews,LD Chandimal,JP Faulkner,1,0,,,,,,"",""
ball,2,38.1,Sri Lanka,AD Mathews,LD Chandimal,MG Johnson,4,0,,,,,,"",""
ball,2,38.2,Sri Lanka,AD Mathews,LD Chandimal,MG Johnson,1,0,,,,,,"",""
ball,2,38.3,Sri Lanka,LD Chandimal,AD Mathews,MG Johnson,2,0,,,,,,"",""
ball,2,38.4,Sri Lanka,LD Chandimal,AD Mathews,MG Johnson,0,1,1,,,,,"",""
ball,2,38.5,Sri Lanka,LD Chandimal,AD Mathews,MG Johnson,0,0,,,,,,"",""
ball,2,38.6,Sri Lanka,LD Chandimal,AD Mathews,MG Johnson,0,0,,,,,,"",""
ball,2,38.7,Sri Lanka,LD Chandimal,AD Mathews,MG Johnson,4,0,,,,,,"",""
ball,2,39.1,Sri Lanka,AD Mathews,LD Chandimal,SR Watson,1,0,,,,,,"",""
ball,2,39.2,Sri Lanka,LD Chandimal,AD Mathews,SR Watson,4,0,,,,,,"",""
ball,2,39.3,Sri Lanka,LD Chandimal,AD Mathews,SR Watson,1,0,,,,,,"",""
ball,2,39.4,Sri Lanka,AD Mathews,LD Chandimal,SR Watson,0,0,,,,,,"",""
ball,2,39.5,Sri Lanka,AD Mathews,LD Chandimal,SR Watson,1,0,,,,,,"",""
ball,2,39.6,Sri Lanka,LD Chandimal,AD Mathews,SR Watson,4,0,,,,,,"",""
ball,2,40.1,Sri Lanka,AD Mathews,LD Chandimal,MG Johnson,0,0,,,,,,"",""
ball,2,40.2,Sri Lanka,AD Mathews,LD Chandimal,MG Johnson,1,0,,,,,,"",""
ball,2,40.3,Sri Lanka,LD Chandimal,AD Mathews,MG Johnson,2,0,,,,,,"",""
ball,2,40.4,Sri Lanka,LD Chandimal,AD Mathews,MG Johnson,2,0,,,,,,"",""
ball,2,40.5,Sri Lanka,LD Chandimal,AD Mathews,MG Johnson,1,0,,,,,,"",""
ball,2,40.6,Sri Lanka,AD Mathews,LD Chandimal,MG Johnson,2,0,,,,,,"",""
ball,2,41.1,Sri Lanka,LD Chandimal,AD Mathews,SR Watson,1,0,,,,,,retired hurt,LD Chandimal
ball,2,41.2,Sri Lanka,AD Mathews,NLTC Perera,SR Watson,2,0,,,,,,"",""
ball,2,41.3,Sri Lanka,AD Mathews,NLTC Perera,SR Watson,0,0,,,,,,caught,AD Mathews
ball,2,41.4,Sri Lanka,WU Tharanga,NLTC Perera,SR Watson,1,0,,,,,,"",""
ball,2,41.5,Sri Lanka,NLTC Perera,WU Tharanga,SR Watson,4,0,,,,,,"",""
ball,2,41.6,Sri Lanka,NLTC Perera,WU Tharanga,SR Watson,4,0,,,,,,"",""
ball,2,42.1,Sri Lanka,WU Tharanga,NLTC Perera,MG Johnson,1,0,,,,,,"",""
ball,2,42.2,Sri Lanka,NLTC Perera,WU Tharanga,MG Johnson,0,0,,,,,,caught,NLTC Perera
ball,2,42.3,Sri Lanka,WU Tharanga,S Prasanna,MG Johnson,1,0,,,,,,"",""
ball,2,42.4,Sri Lanka,S Prasanna,WU Tharanga,MG Johnson,0,0,,,,,,"",""
ball,2,42.5,Sri Lanka,S Prasanna,WU Tharanga,MG Johnson,0,1,1,,,,,"",""
ball,2,42.6,Sri Lanka,S Prasanna,WU Tharanga,MG Johnson,0,0,,,,,,"",""
ball,2,42.7,Sri Lanka,S Prasanna,WU Tharanga,MG Johnson,1,0,,,,,,"",""
ball,2,43.1,Sri Lanka,S Prasanna,WU Tharanga,SR Watson,2,0,,,,,,"",""
ball,2,43.2,Sri Lanka,S Prasanna,WU Tharanga,SR Watson,0,0,,,,,,"",""
ball,2,43.3,Sri Lanka,S Prasanna,WU Tharanga,SR Watson,0,0,,,,,,"",""
ball,2,43.4,Sri Lanka,S Prasanna,WU Tharanga,SR Watson,2,0,,,,,,"",""
ball,2,43.5,Sri Lanka,S Prasanna,WU Tharanga,SR Watson,4,0,,,,,,"",""
ball,2,43.6,Sri Lanka,S Prasanna,WU Tharanga,SR Watson,0,0,,,,,,"",""
ball,2,44.1,Sri Lanka,WU Tharanga,S Prasanna,MA Starc,1,0,,,,,,"",""
ball,2,44.2,Sri Lanka,S Prasanna,WU Tharanga,MA Starc,0,0,,,,,,"",""
ball,2,44.3,Sri Lanka,S Prasanna,WU Tharanga,MA Starc,0,0,,,,,,bowled,S Prasanna
ball,2,44.4,Sri Lanka,SMSM Senanayake,WU Tharanga,MA Starc,0,0,,,,,,"",""
ball,2,44.5,Sri Lanka,SMSM Senanayake,WU Tharanga,MA Starc,0,0,,,,,,"",""
ball,2,44.6,Sri Lanka,SMSM Senanayake,WU Tharanga,MA Starc,1,0,,,,,,"",""
ball,2,45.1,Sri Lanka,SMSM Senanayake,WU Tharanga,JP Faulkner,1,0,,,,,,"",""
ball,2,45.2,Sri Lanka,WU Tharanga,SMSM Senanayake,JP Faulkner,0,0,,,,,,caught,WU Tharanga
ball,2,45.3,Sri Lanka,SMSM Senanayake,SL Malinga,JP Faulkner,0,0,,,,,,"",""
ball,2,45.4,Sri Lanka,SMSM Senanayake,SL Malinga,JP Faulkner,1,0,,,,,,"",""
ball,2,45.5,Sri Lanka,SL Malinga,SMSM Senanayake,JP Faulkner,0,0,,,,,,"",""
ball,2,45.6,Sri Lanka,SL Malinga,SMSM Senanayake,JP Faulkner,0,0,,,,,,"",""
ball,2,46.1,Sri Lanka,SMSM Senanayake,SL Malinga,MA Starc,4,0,,,,,,"",""
ball,2,46.2,Sri Lanka,SMSM Senanayake,SL Malinga,MA Starc,0,0,,,,,,caught,SMSM Senanayake
