version,1.6.0
info,balls_per_over,6
info,team,New Zealand
info,team,Australia
info,gender,male
info,season,2014/15
info,date,2015/02/28
info,event,ICC Cricket World Cup
info,match_number,20
info,venue,Eden Park
info,city,Auckland
info,toss_winner,Australia
info,toss_decision,bat
info,player_of_match,TA Boult
info,umpire,M Erasmus
info,umpire,RK Illingworth
info,reserve_umpire,JD Cloete
info,tv_umpire,S Ravi
info,match_referee,BC Broad
info,winner,New Zealand
info,winner_wickets,1
info,player,Australia,AJ Finch
info,player,Australia,DA Warner
info,player,Australia,SR Watson
info,player,Australia,MJ Clarke
info,player,Australia,SPD Smith
info,player,Australia,GJ Maxwell
info,player,Australia,MR Marsh
info,player,Australia,BJ Haddin
info,player,Australia,MG Johnson
info,player,Australia,MA Starc
info,player,Australia,PJ Cummins
info,player,New Zealand,MJ Guptill
info,player,New Zealand,BB McCullum
info,player,New Zealand,KS Williamson
info,player,New Zealand,LRPL Taylor
info,player,New Zealand,GD Elliott
info,player,New Zealand,CJ Anderson
info,player,New Zealand,L Ronchi
info,player,New Zealand,DL Vettori
info,player,New Zealand,AF Milne
info,player,New Zealand,TG Southee
info,player,New Zealand,TA Boult
info,registry,people,AF Milne,350bb1b1
info,registry,people,AJ Finch,b8d490fd
info,registry,people,BB McCullum,b8a55852
info,registry,people,BC Broad,d6a7dd38
info,registry,people,BJ Haddin,b0c772ee
info,registry,people,CJ Anderson,8abdf100
info,registry,people,DA Warner,dcce6f09
info,registry,people,DL Vettori,d7c6af50
info,registry,people,GD Elliott,c03449e0
info,registry,people,GJ Maxwell,b681e71e
info,registry,people,JD Cloete,b0419f8c
info,registry,people,KS Williamson,d027ba9f
info,registry,people,L Ronchi,0fa5042b
info,registry,people,LRPL Taylor,b61a3e1a
info,registry,people,M Erasmus,15d3c895
info,registry,people,MA Starc,3fb19989
info,registry,people,MG Johnson,f5180fe6
info,registry,people,MJ Clarke,f842c2cf
info,registry,people,MJ Guptill,2be41edb
info,registry,people,MR Marsh,3d8feaf8
info,registry,people,PJ Cummins,ded9240e
info,registry,people,RK Illingworth,20672246
info,registry,people,S Ravi,9b9ee0df
info,registry,people,SPD Smith,30a45b23
info,registry,people,SR Watson,4329fbb5
info,registry,people,TA Boult,a818c1be
info,registry,people,TG Southee,13c35c9e
info,registry,people,TWM Latham,e824e6ee
ball,1,0.1,Australia,AJ Finch,DA Warner,TG Southee,0,1,1,,,,,"",""
ball,1,0.2,Australia,AJ Finch,DA Warner,TG Southee,3,0,,,,,,"",""
ball,1,0.3,Australia,DA Warner,AJ Finch,TG Southee,0,1,1,,,,,"",""
ball,1,0.4,Australia,DA Warner,AJ Finch,TG Southee,1,0,,,,,,"",""
ball,1,0.5,Australia,AJ Finch,DA Warner,TG Southee,4,0,,,,,,"",""
ball,1,0.6,Australia,AJ Finch,DA Warner,TG Southee,0,0,,,,,,"",""
ball,1,0.7,Australia,AJ Finch,DA Warner,TG Southee,1,0,,,,,,"",""
ball,1,0.8,Australia,DA Warner,AJ Finch,TG Southee,0,4,,,4,,,"",""
ball,1,1.1,Australia,AJ Finch,DA Warner,TA Boult,0,1,,,,1,,"",""
ball,1,1.2,Australia,DA Warner,AJ Finch,TA Boult,6,0,,,,,,"",""
ball,1,1.3,Australia,DA Warner,AJ Finch,TA Boult,2,0,,,,,,"",""
ball,1,1.4,Australia,DA Warner,AJ Finch,TA Boult,0,0,,,,,,"",""
ball,1,1.5,Australia,DA Warner,AJ Finch,TA Boult,0,0,,,,,,"",""
ball,1,1.6,Australia,DA Warner,AJ Finch,TA Boult,0,0,,,,,,"",""
ball,1,2.1,Australia,AJ Finch,DA Warner,TG Southee,6,0,,,,,,"",""
ball,1,2.2,Australia,AJ Finch,DA Warner,TG Southee,0,0,,,,,,bowled,AJ Finch
ball,1,2.3,Australia,SR Watson,DA Warner,TG Southee,4,0,,,,,,"",""
ball,1,2.4,Australia,SR Watson,DA Warner,TG Southee,0,0,,,,,,"",""
ball,1,2.5,Australia,SR Watson,DA Warner,TG Southee,2,0,,,,,,"",""
ball,1,2.6,Australia,SR Watson,DA Warner,TG Southee,0,0,,,,,,"",""
ball,1,3.1,Australia,DA Warner,SR Watson,TA Boult,0,0,,,,,,"",""
ball,1,3.2,Australia,DA Warner,SR Watson,TA Boult,2,0,,,,,,"",""
ball,1,3.3,Australia,DA Warner,SR Watson,TA Boult,0,0,,,,,,"",""
ball,1,3.4,Australia,DA Warner,SR Watson,TA Boult,1,0,,,,,,"",""
ball,1,3.5,Australia,SR Watson,DA Warner,TA Boult,0,0,,,,,,"",""
ball,1,3.6,Australia,SR Watson,DA Warner,TA Boult,0,0,,,,,,"",""
ball,1,4.1,Australia,DA Warner,SR Watson,TG Southee,0,0,,,,,,"",""
ball,1,4.2,Australia,DA Warner,SR Watson,TG Southee,4,0,,,,,,"",""
ball,1,4.3,Australia,DA Warner,SR Watson,TG Southee,4,0,,,,,,"",""
ball,1,4.4,Australia,DA Warner,SR Watson,TG Southee,0,0,,,,,,"",""
ball,1,4.5,Australia,DA Warner,SR Watson,TG Southee,0,0,,,,,,"",""
ball,1,4.6,Australia,DA Warner,SR Watson,TG Southee,1,0,,,,,,"",""
ball,1,5.1,Australia,DA Warner,SR Watson,TA Boult,1,0,,,,,,"",""
ball,1,5.2,Australia,SR Watson,DA Warner,TA Boult,0,0,,,,,,"",""
ball,1,5.3,Australia,SR Watson,DA Warner,TA Boult,1,0,,,,,,"",""
ball,1,5.4,Australia,DA Warner,SR Watson,TA Boult,0,0,,,,,,"",""
ball,1,5.5,Australia,DA Warner,SR Watson,TA Boult,1,0,,,,,,"",""
ball,1,5.6,Australia,SR Watson,DA Warner,TA Boult,0,0,,,,,,"",""
ball,1,6.1,Australia,DA Warner,SR Watson,DL Vettori,0,0,,,,,,"",""
ball,1,6.2,Australia,DA Warner,SR Watson,DL Vettori,0,0,,,,,,"",""
ball,1,6.3,Australia,DA Warner,SR Watson,DL Vettori,0,0,,,,,,"",""
ball,1,6.4,Australia,DA Warner,SR Watson,DL Vettori,0,0,,,,,,"",""
ball,1,6.5,Australia,DA Warner,SR Watson,DL Vettori,0,0,,,,,,"",""
ball,1,6.6,Australia,DA Warner,SR Watson,DL Vettori,2,0,,,,,,"",""
ball,1,7.1,Australia,SR Watson,DA Warner,TA Boult,0,0,,,,,,"",""
ball,1,7.2,Australia,SR Watson,DA Warner,TA Boult,0,0,,,,,,"",""
ball,1,7.3,Australia,SR Watson,DA Warner,TA Boult,0,0,,,,,,"",""
ball,1,7.4,Australia,SR Watson,DA Warner,TA Boult,1,0,,,,,,"",""
ball,1,7.5,Australia,DA Warner,SR Watson,TA Boult,2,0,,,,,,"",""
ball,1,7.6,Australia,DA Warner,SR Watson,TA Boult,0,1,1,,,,,"",""
ball,1,7.7,Australia,DA Warner,SR Watson,TA Boult,0,0,,,,,,"",""
ball,1,8.1,Australia,SR Watson,DA Warner,DL Vettori,1,0,,,,,,"",""
ball,1,8.2,Australia,DA Warner,SR Watson,DL Vettori,1,0,,,,,,"",""
ball,1,8.3,Australia,SR Watson,DA Warner,DL Vettori,1,0,,,,,,"",""
ball,1,8.4,Australia,DA Warner,SR Watson,DL Vettori,0,0,,,,,,"",""
ball,1,8.5,Australia,DA Warner,SR Watson,DL Vettori,2,0,,,,,,"",""
ball,1,8.6,Australia,DA Warner,SR Watson,DL Vettori,0,0,,,,,,"",""
ball,1,9.1,Australia,SR Watson,DA Warner,TA Boult,0,0,,,,,,"",""
ball,1,9.2,Australia,SR Watson,DA Warner,TA Boult,1,0,,,,,,"",""
ball,1,9.3,Australia,DA Warner,SR Watson,TA Boult,0,0,,,,,,"",""
ball,1,9.4,Australia,DA Warner,SR Watson,TA Boult,1,0,,,,,,"",""
ball,1,9.5,Australia,SR Watson,DA Warner,TA Boult,0,0,,,,,,"",""
ball,1,9.6,Australia,SR Watson,DA Warner,TA Boult,4,0,,,,,,"",""
ball,1,10.1,Australia,DA Warner,SR Watson,DL Vettori,0,0,,,,,,"",""
ball,1,10.2,Australia,DA Warner,SR Watson,DL Vettori,1,0,,,,,,"",""
ball,1,10.3,Australia,SR Watson,DA Warner,DL Vettori,0,0,,,,,,"",""
ball,1,10.4,Australia,SR Watson,DA Warner,DL Vettori,0,0,,,,,,"",""
ball,1,10.5,Australia,SR Watson,DA Warner,DL Vettori,1,0,,,,,,"",""
ball,1,10.6,Australia,DA Warner,SR Watson,DL Vettori,0,0,,,,,,"",""
ball,1,11.1,Australia,SR Watson,DA Warner,TG Southee,0,1,1,,,,,"",""
ball,1,11.2,Australia,SR Watson,DA Warner,TG Southee,0,0,,,,,,"",""
ball,1,11.3,Australia,SR Watson,DA Warner,TG Southee,2,0,,,,,,"",""
ball,1,11.4,Australia,SR Watson,DA Warner,TG Southee,2,0,,,,,,"",""
ball,1,11.5,Australia,SR Watson,DA Warner,TG Southee,0,0,,,,,,"",""
ball,1,11.6,Australia,SR Watson,DA Warner,TG Southee,1,0,,,,,,"",""
ball,1,11.7,Australia,DA Warner,SR Watson,TG Southee,0,0,,,,,,"",""
ball,1,12.1,Australia,SR Watson,DA Warner,DL Vettori,1,0,,,,,,"",""
ball,1,12.2,Australia,DA Warner,SR Watson,DL Vettori,1,0,,,,,,"",""
ball,1,12.3,Australia,SR Watson,DA Warner,DL Vettori,1,0,,,,,,"",""
ball,1,12.4,Australia,DA Warner,SR Watson,DL Vettori,0,0,,,,,,"",""
ball,1,12.5,Australia,DA Warner,SR Watson,DL Vettori,1,0,,,,,,"",""
ball,1,12.6,Australia,SR Watson,DA Warner,DL Vettori,0,0,,,,,,caught,SR Watson
ball,1,13.1,Australia,DA Warner,MJ Clarke,TG Southee,0,0,,,,,,lbw,DA Warner
ball,1,13.2,Australia,SPD Smith,MJ Clarke,TG Southee,0,0,,,,,,"",""
ball,1,13.3,Australia,SPD Smith,MJ Clarke,TG Southee,0,0,,,,,,"",""
ball,1,13.4,Australia,SPD Smith,MJ Clarke,TG Southee,2,0,,,,,,"",""
ball,1,13.5,Australia,SPD Smith,MJ Clarke,TG Southee,1,0,,,,,,"",""
ball,1,13.6,Australia,MJ Clarke,SPD Smith,TG Southee,2,0,,,,,,"",""
ball,1,14.1,Australia,SPD Smith,MJ Clarke,DL Vettori,1,0,,,,,,"",""
ball,1,14.2,Australia,MJ Clarke,SPD Smith,DL Vettori,0,0,,,,,,"",""
ball,1,14.3,Australia,MJ Clarke,SPD Smith,DL Vettori,1,0,,,,,,"",""
ball,1,14.4,Australia,SPD Smith,MJ Clarke,DL Vettori,0,0,,,,,,"",""
ball,1,14.5,Australia,SPD Smith,MJ Clarke,DL Vettori,0,0,,,,,,"",""
ball,1,14.6,Australia,SPD Smith,MJ Clarke,DL Vettori,0,0,,,,,,"",""
ball,1,15.1,Australia,MJ Clarke,SPD Smith,TG Southee,2,0,,,,,,"",""
ball,1,15.2,Australia,MJ Clarke,SPD Smith,TG Southee,0,0,,,,,,"",""
ball,1,15.3,Australia,MJ Clarke,SPD Smith,TG Southee,4,0,,,,,,"",""
ball,1,15.4,Australia,MJ Clarke,SPD Smith,TG Southee,1,0,,,,,,"",""
ball,1,15.5,Australia,SPD Smith,MJ Clarke,TG Southee,0,0,,,,,,"",""
ball,1,15.6,Australia,SPD Smith,MJ Clarke,TG Southee,0,0,,,,,,"",""
ball,1,16.1,Australia,MJ Clarke,SPD Smith,DL Vettori,0,0,,,,,,"",""
ball,1,16.2,Australia,MJ Clarke,SPD Smith,DL Vettori,1,0,,,,,,"",""
ball,1,16.3,Australia,SPD Smith,MJ Clarke,DL Vettori,0,0,,,,,,caught,SPD Smith
ball,1,16.4,Australia,GJ Maxwell,MJ Clarke,DL Vettori,1,0,,,,,,"",""
ball,1,16.5,Australia,MJ Clarke,GJ Maxwell,DL Vettori,0,0,,,,,,"",""
ball,1,16.6,Australia,MJ Clarke,GJ Maxwell,DL Vettori,0,0,,,,,,"",""
ball,1,17.1,Australia,GJ Maxwell,MJ Clarke,TA Boult,0,0,,,,,,"",""
ball,1,17.2,Australia,GJ Maxwell,MJ Clarke,TA Boult,0,0,,,,,,bowled,GJ Maxwell
ball,1,17.3,Australia,MR Marsh,MJ Clarke,TA Boult,0,0,,,,,,"",""
ball,1,17.4,Australia,MR Marsh,MJ Clarke,TA Boult,0,1,1,,,,,"",""
ball,1,17.5,Australia,MR Marsh,MJ Clarke,TA Boult,0,0,,,,,,bowled,MR Marsh
ball,1,17.6,Australia,BJ Haddin,MJ Clarke,TA Boult,0,0,,,,,,"",""
ball,1,17.7,Australia,BJ Haddin,MJ Clarke,TA Boult,0,0,,,,,,"",""
ball,1,18.1,Australia,MJ Clarke,BJ Haddin,DL Vettori,0,0,,,,,,"",""
ball,1,18.2,Australia,MJ Clarke,BJ Haddin,DL Vettori,1,0,,,,,,"",""
ball,1,18.3,Australia,BJ Haddin,MJ Clarke,DL Vettori,0,0,,,,,,"",""
ball,1,18.4,Australia,BJ Haddin,MJ Clarke,DL Vettori,0,0,,,,,,"",""
ball,1,18.5,Australia,BJ Haddin,MJ Clarke,DL Vettori,4,0,,,,,,"",""
ball,1,18.6,Australia,BJ Haddin,MJ Clarke,DL Vettori,1,0,,,,,,"",""
ball,1,19.1,Australia,BJ Haddin,MJ Clarke,TA Boult,0,1,,,,1,,"",""
ball,1,19.2,Australia,MJ Clarke,BJ Haddin,TA Boult,0,0,,,,,,"",""
ball,1,19.3,Australia,MJ Clarke,BJ Haddin,TA Boult,0,0,,,,,,"",""
ball,1,19.4,Australia,MJ Clarke,BJ Haddin,TA Boult,0,0,,,,,,"",""
ball,1,19.5,Australia,MJ Clarke,BJ Haddin,TA Boult,0,0,,,,,,"",""
ball,1,19.6,Australia,MJ Clarke,BJ Haddin,TA Boult,0,0,,,,,,caught,MJ Clarke
ball,1,20.1,Australia,BJ Haddin,MG Johnson,DL Vettori,1,0,,,,,,"",""
ball,1,20.2,Australia,MG Johnson,BJ Haddin,DL Vettori,0,0,,,,,,"",""
ball,1,20.3,Australia,MG Johnson,BJ Haddin,DL Vettori,0,0,,,,,,"",""
ball,1,20.4,Australia,MG Johnson,BJ Haddin,DL Vettori,0,0,,,,,,"",""
ball,1,20.5,Australia,MG Johnson,BJ Haddin,DL Vettori,1,0,,,,,,"",""
ball,1,20.6,Australia,BJ Haddin,MG Johnson,DL Vettori,0,0,,,,,,"",""
ball,1,21.1,Australia,MG Johnson,BJ Haddin,TA Boult,0,0,,,,,,"",""
ball,1,21.2,Australia,MG Johnson,BJ Haddin,TA Boult,0,0,,,,,,"",""
ball,1,21.3,Australia,MG Johnson,BJ Haddin,TA Boult,0,0,,,,,,caught,MG Johnson
ball,1,21.4,Australia,MA Starc,BJ Haddin,TA Boult,0,0,,,,,,"",""
ball,1,21.5,Australia,MA Starc,BJ Haddin,TA Boult,0,0,,,,,,"",""
ball,1,21.6,Australia,MA Starc,BJ Haddin,TA Boult,0,0,,,,,,bowled,MA Starc
ball,1,22.1,Australia,BJ Haddin,PJ Cummins,DL Vettori,1,0,,,,,,"",""
ball,1,22.2,Australia,PJ Cummins,BJ Haddin,DL Vettori,0,0,,,,,,"",""
ball,1,22.3,Australia,PJ Cummins,BJ Haddin,DL Vettori,0,0,,,,,,"",""
ball,1,22.4,Australia,PJ Cummins,BJ Haddin,DL Vettori,0,0,,,,,,"",""
ball,1,22.5,Australia,PJ Cummins,BJ Haddin,DL Vettori,1,0,,,,,,"",""
ball,1,22.6,Australia,BJ Haddin,PJ Cummins,DL Vettori,1,0,,,,,,"",""
ball,1,23.1,Australia,BJ Haddin,PJ Cummins,TA Boult,1,0,,,,,,"",""
ball,1,23.2,Australia,PJ Cummins,BJ Haddin,TA Boult,0,0,,,,,,"",""
ball,1,23.3,Australia,PJ Cummins,BJ Haddin,TA Boult,0,0,,,,,,"",""
ball,1,23.4,Australia,PJ Cummins,BJ Haddin,TA Boult,1,0,,,,,,"",""
ball,1,23.5,Australia,BJ Haddin,PJ Cummins,TA Boult,0,0,,,,,,"",""
ball,1,23.6,Australia,BJ Haddin,PJ Cummins,TA Boult,0,0,,,,,,"",""
ball,1,24.1,Australia,PJ Cummins,BJ Haddin,DL Vettori,1,0,,,,,,"",""
ball,1,24.2,Australia,BJ Haddin,PJ Cummins,DL Vettori,4,0,,,,,,"",""
ball,1,24.3,Australia,BJ Haddin,PJ Cummins,DL Vettori,2,0,,,,,,"",""
ball,1,24.4,Australia,BJ Haddin,PJ Cummins,DL Vettori,6,0,,,,,,"",""
ball,1,24.5,Australia,BJ Haddin,PJ Cummins,DL Vettori,0,0,,,,,,"",""
ball,1,24.6,Australia,BJ Haddin,PJ Cummins,DL Vettori,0,0,,,,,,"",""
ball,1,25.1,Australia,PJ Cummins,BJ Haddin,TA Boult,0,0,,,,,,"",""
ball,1,25.2,Australia,PJ Cummins,BJ Haddin,TA Boult,0,0,,,,,,"",""
ball,1,25.3,Australia,PJ Cummins,BJ Haddin,TA Boult,0,0,,,,,,"",""
ball,1,25.4,Australia,PJ Cummins,BJ Haddin,TA Boult,0,0,,,,,,"",""
ball,1,25.5,Australia,PJ Cummins,BJ Haddin,TA Boult,0,0,,,,,,"",""
ball,1,25.6,Australia,PJ Cummins,BJ Haddin,TA Boult,0,0,,,,,,"",""
ball,1,26.1,Australia,BJ Haddin,PJ Cummins,TG Southee,0,0,,,,,,"",""
ball,1,26.2,Australia,BJ Haddin,PJ Cummins,TG Southee,0,0,,,,,,"",""
ball,1,26.3,Australia,BJ Haddin,PJ Cummins,TG Southee,0,1,1,,,,,"",""
ball,1,26.4,Australia,BJ Haddin,PJ Cummins,TG Southee,0,0,,,,,,"",""
ball,1,26.5,Australia,BJ Haddin,PJ Cummins,TG Southee,2,0,,,,,,"",""
ball,1,26.6,Australia,BJ Haddin,PJ Cummins,TG Southee,1,0,,,,,,"",""
ball,1,26.7,Australia,PJ Cummins,BJ Haddin,TG Southee,0,0,,,,,,"",""
ball,1,27.1,Australia,BJ Haddin,PJ Cummins,AF Milne,0,0,,,,,,"",""
ball,1,27.2,Australia,BJ Haddin,PJ Cummins,AF Milne,0,0,,,,,,"",""
ball,1,27.3,Australia,BJ Haddin,PJ Cummins,AF Milne,0,0,,,,,,"",""
ball,1,27.4,Australia,BJ Haddin,PJ Cummins,AF Milne,1,0,,,,,,"",""
ball,1,27.5,Australia,PJ Cummins,BJ Haddin,AF Milne,0,0,,,,,,"",""
ball,1,27.6,Australia,PJ Cummins,BJ Haddin,AF Milne,0,0,,,,,,"",""
ball,1,28.1,Australia,BJ Haddin,PJ Cummins,TG Southee,4,0,,,,,,"",""
ball,1,28.2,Australia,BJ Haddin,PJ Cummins,TG Southee,0,0,,,,,,"",""
ball,1,28.3,Australia,BJ Haddin,PJ Cummins,TG Southee,2,0,,,,,,"",""
ball,1,28.4,Australia,BJ Haddin,PJ Cummins,TG Southee,1,0,,,,,,"",""
ball,1,28.5,Australia,PJ Cummins,BJ Haddin,TG Southee,0,0,,,,,,"",""
ball,1,28.6,Australia,PJ Cummins,BJ Haddin,TG Southee,0,0,,,,,,"",""
ball,1,29.1,Australia,BJ Haddin,PJ Cummins,AF Milne,0,0,,,,,,"",""
ball,1,29.2,Australia,BJ Haddin,PJ Cummins,AF Milne,0,0,,,,,,"",""
ball,1,29.3,Australia,BJ Haddin,PJ Cummins,AF Milne,0,0,,,,,,"",""
ball,1,29.4,Australia,BJ Haddin,PJ Cummins,AF Milne,0,0,,,,,,"",""
ball,1,29.5,Australia,BJ Haddin,PJ Cummins,AF Milne,0,0,,,,,,"",""
ball,1,29.6,Australia,BJ Haddin,PJ Cummins,AF Milne,4,0,,,,,,"",""
ball,1,30.1,Australia,PJ Cummins,BJ Haddin,TG Southee,4,0,,,,,,"",""
ball,1,30.2,Australia,PJ Cummins,BJ Haddin,TG Southee,0,0,,,,,,"",""
ball,1,30.3,Australia,PJ Cummins,BJ Haddin,TG Southee,0,0,,,,,,"",""
ball,1,30.4,Australia,PJ Cummins,BJ Haddin,TG Southee,0,0,,,,,,"",""
ball,1,30.5,Australia,PJ Cummins,BJ Haddin,TG Southee,0,0,,,,,,"",""
ball,1,30.6,Australia,PJ Cummins,BJ Haddin,TG Southee,0,0,,,,,,"",""
ball,1,31.1,Australia,BJ Haddin,PJ Cummins,AF Milne,1,0,,,,,,"",""
ball,1,31.2,Australia,PJ Cummins,BJ Haddin,AF Milne,0,0,,,,,,"",""
ball,1,31.3,Australia,PJ Cummins,BJ Haddin,AF Milne,0,0,,,,,,"",""
ball,1,31.4,Australia,PJ Cummins,BJ Haddin,AF Milne,0,0,,,,,,"",""
ball,1,31.5,Australia,PJ Cummins,BJ Haddin,AF Milne,0,0,,,,,,"",""
ball,1,31.6,Australia,PJ Cummins,BJ Haddin,AF Milne,0,0,,,,,,"",""
ball,1,32.1,Australia,BJ Haddin,PJ Cummins,CJ Anderson,6,0,,,,,,"",""
ball,1,32.2,Australia,BJ Haddin,PJ Cummins,CJ Anderson,0,0,,,,,,caught,BJ Haddin
ball,2,0.1,New Zealand,MJ Guptill,BB McCullum,MG Johnson,4,1,,1,,,,"",""
ball,2,0.2,New Zealand,MJ Guptill,BB McCullum,MG Johnson,6,0,,,,,,"",""
ball,2,0.3,New Zealand,MJ Guptill,BB McCullum,MG Johnson,0,0,,,,,,"",""
ball,2,0.4,New Zealand,MJ Guptill,BB McCullum,MG Johnson,0,0,,,,,,"",""
ball,2,0.5,New Zealand,MJ Guptill,BB McCullum,MG Johnson,0,0,,,,,,"",""
ball,2,0.6,New Zealand,MJ Guptill,BB McCullum,MG Johnson,0,0,,,,,,"",""
ball,2,0.7,New Zealand,MJ Guptill,BB McCullum,MG Johnson,0,0,,,,,,"",""
ball,2,1.1,New Zealand,BB McCullum,MJ Guptill,MA Starc,0,1,1,,,,,"",""
ball,2,1.2,New Zealand,BB McCullum,MJ Guptill,MA Starc,6,0,,,,,,"",""
ball,2,1.3,New Zealand,BB McCullum,MJ Guptill,MA Starc,1,0,,,,,,"",""
ball,2,1.4,New Zealand,MJ Guptill,BB McCullum,MA Starc,0,0,,,,,,"",""
ball,2,1.5,New Zealand,MJ Guptill,BB McCullum,MA Starc,1,0,,,,,,"",""
ball,2,1.6,New Zealand,BB McCullum,MJ Guptill,MA Starc,4,0,,,,,,"",""
ball,2,1.7,New Zealand,BB McCullum,MJ Guptill,MA Starc,1,0,,,,,,"",""
ball,2,2.1,New Zealand,BB McCullum,MJ Guptill,MG Johnson,6,0,,,,,,"",""
ball,2,2.2,New Zealand,BB McCullum,MJ Guptill,MG Johnson,4,0,,,,,,"",""
ball,2,2.3,New Zealand,BB McCullum,MJ Guptill,MG Johnson,0,0,,,,,,"",""
ball,2,2.4,New Zealand,BB McCullum,MJ Guptill,MG Johnson,0,0,,,,,,"",""
ball,2,2.5,New Zealand,BB McCullum,MJ Guptill,MG Johnson,4,0,,,,,,"",""
ball,2,2.6,New Zealand,BB McCullum,MJ Guptill,MG Johnson,0,0,,,,,,"",""
ball,2,3.1,New Zealand,MJ Guptill,BB McCullum,MA Starc,0,0,,,,,,"",""
ball,2,3.2,New Zealand,MJ Guptill,BB McCullum,MA Starc,0,0,,,,,,"",""
ball,2,3.3,New Zealand,MJ Guptill,BB McCullum,MA Starc,0,1,1,,,,,"",""
ball,2,3.4,New Zealand,MJ Guptill,BB McCullum,MA Starc,0,0,,,,,,"",""
ball,2,3.5,New Zealand,MJ Guptill,BB McCullum,MA Starc,0,0,,,,,,"",""
ball,2,3.6,New Zealand,MJ Guptill,BB McCullum,MA Starc,0,0,,,,,,caught,MJ Guptill
ball,2,3.7,New Zealand,KS Williamson,BB McCullum,MA Starc,0,0,,,,,,"",""
ball,2,4.1,New Zealand,BB McCullum,KS Williamson,MG Johnson,1,0,,,,,,"",""
ball,2,4.2,New Zealand,KS Williamson,BB McCullum,MG Johnson,0,0,,,,,,"",""
ball,2,4.3,New Zealand,KS Williamson,BB McCullum,MG Johnson,4,0,,,,,,"",""
ball,2,4.4,New Zealand,KS Williamson,BB McCullum,MG Johnson,1,0,,,,,,"",""
ball,2,4.5,New Zealand,BB McCullum,KS Williamson,MG Johnson,0,0,,,,,,"",""
ball,2,4.6,New Zealand,BB McCullum,KS Williamson,MG Johnson,4,0,,,,,,"",""
ball,2,5.1,New Zealand,KS Williamson,BB McCullum,MA Starc,0,0,,,,,,"",""
ball,2,5.2,New Zealand,KS Williamson,BB McCullum,MA Starc,1,0,,,,,,"",""
ball,2,5.3,New Zealand,BB McCullum,KS Williamson,MA Starc,0,0,,,,,,"",""
ball,2,5.4,New Zealand,BB McCullum,KS Williamson,MA Starc,0,0,,,,,,"",""
ball,2,5.5,New Zealand,BB McCullum,KS Williamson,MA Starc,4,0,,,,,,"",""
ball,2,5.6,New Zealand,BB McCullum,KS Williamson,MA Starc,0,0,,,,,,"",""
ball,2,6.1,New Zealand,KS Williamson,BB McCullum,MG Johnson,1,0,,,,,,"",""
ball,2,6.2,New Zealand,BB McCullum,KS Williamson,MG Johnson,4,0,,,,,,"",""
ball,2,6.3,New Zealand,BB McCullum,KS Williamson,MG Johnson,6,0,,,,,,"",""
ball,2,6.4,New Zealand,BB McCullum,KS Williamson,MG Johnson,4,0,,,,,,"",""
ball,2,6.5,New Zealand,BB McCullum,KS Williamson,MG Johnson,1,0,,,,,,"",""
ball,2,6.6,New Zealand,KS Williamson,BB McCullum,MG Johnson,1,0,,,,,,"",""
ball,2,7.1,New Zealand,KS Williamson,BB McCullum,PJ Cummins,1,0,,,,,,"",""
ball,2,7.2,New Zealand,BB McCullum,KS Williamson,PJ Cummins,0,5,5,,,,,"",""
ball,2,7.3,New Zealand,BB McCullum,KS Williamson,PJ Cummins,0,0,,,,,,"",""
ball,2,7.4,New Zealand,BB McCullum,KS Williamson,PJ Cummins,0,0,,,,,,"",""
ball,2,7.5,New Zealand,BB McCullum,KS Williamson,PJ Cummins,0,0,,,,,,caught,BB McCullum
ball,2,7.6,New Zealand,LRPL Taylor,KS Williamson,PJ Cummins,1,0,,,,,,"",""
ball,2,7.7,New Zealand,KS Williamson,LRPL Taylor,PJ Cummins,0,0,,,,,,"",""
ball,2,8.1,New Zealand,LRPL Taylor,KS Williamson,MA Starc,0,0,,,,,,bowled,LRPL Taylor
ball,2,8.2,New Zealand,GD Elliott,KS Williamson,MA Starc,0,0,,,,,,bowled,GD Elliott
ball,2,8.3,New Zealand,CJ Anderson,KS Williamson,MA Starc,0,0,,,,,,"",""
ball,2,8.4,New Zealand,CJ Anderson,KS Williamson,MA Starc,1,0,,,,,,"",""
ball,2,8.5,New Zealand,KS Williamson,CJ Anderson,MA Starc,0,0,,,,,,"",""
ball,2,8.6,New Zealand,KS Williamson,CJ Anderson,MA Starc,0,0,,,,,,"",""
ball,2,9.1,New Zealand,CJ Anderson,KS Williamson,PJ Cummins,0,0,,,,,,"",""
ball,2,9.2,New Zealand,CJ Anderson,KS Williamson,PJ Cummins,0,0,,,,,,"",""
ball,2,9.3,New Zealand,CJ Anderson,KS Williamson,PJ Cummins,0,0,,,,,,"",""
ball,2,9.4,New Zealand,CJ Anderson,KS Williamson,PJ Cummins,1,0,,,,,,"",""
ball,2,9.5,New Zealand,KS Williamson,CJ Anderson,PJ Cummins,0,0,,,,,,"",""
ball,2,9.6,New Zealand,KS Williamson,CJ Anderson,PJ Cummins,0,0,,,,,,"",""
ball,2,10.1,New Zealand,CJ Anderson,KS Williamson,MA Starc,0,0,,,,,,"",""
ball,2,10.2,New Zealand,CJ Anderson,KS Williamson,MA Starc,0,0,,,,,,"",""
ball,2,10.3,New Zealand,CJ Anderson,KS Williamson,MA Starc,0,0,,,,,,"",""
ball,2,10.4,New Zealand,CJ Anderson,KS Williamson,MA Starc,0,0,,,,,,"",""
ball,2,10.5,New Zealand,CJ Anderson,KS Williamson,MA Starc,2,0,,,,,,"",""
ball,2,10.6,New Zealand,CJ Anderson,KS Williamson,MA Starc,0,0,,,,,,"",""
ball,2,11.1,New Zealand,KS Williamson,CJ Anderson,PJ Cummins,0,0,,,,,,"",""
ball,2,11.2,New Zealand,KS Williamson,CJ Anderson,PJ Cummins,4,0,,,,,,"",""
ball,2,11.3,New Zealand,KS Williamson,CJ Anderson,PJ Cummins,1,0,,,,,,"",""
ball,2,11.4,New Zealand,CJ Anderson,KS Williamson,PJ Cummins,0,0,,,,,,"",""
ball,2,11.5,New Zealand,CJ Anderson,KS Williamson,PJ Cummins,1,0,,,,,,"",""
ball,2,11.6,New Zealand,KS Williamson,CJ Anderson,PJ Cummins,0,0,,,,,,"",""
ball,2,12.1,New Zealand,CJ Anderson,KS Williamson,MA Starc,0,0,,,,,,"",""
ball,2,12.2,New Zealand,CJ Anderson,KS Williamson,MA Starc,0,0,,,,,,"",""
ball,2,12.3,New Zealand,CJ Anderson,KS Williamson,MA Starc,0,1,1,,,,,"",""
ball,2,12.4,New Zealand,CJ Anderson,KS Williamson,MA Starc,0,0,,,,,,"",""
ball,2,12.5,New Zealand,CJ Anderson,KS Williamson,MA Starc,0,0,,,,,,"",""
ball,2,12.6,New Zealand,CJ Anderson,KS Williamson,MA Starc,0,0,,,,,,"",""
ball,2,12.7,New Zealand,CJ Anderson,KS Williamson,MA Starc,0,0,,,,,,"",""
ball,2,13.1,New Zealand,KS Williamson,CJ Anderson,PJ Cummins,0,0,,,,,,"",""
ball,2,13.2,New Zealand,KS Williamson,CJ Anderson,PJ Cummins,0,0,,,,,,"",""
ball,2,13.3,New Zealand,KS Williamson,CJ Anderson,PJ Cummins,0,0,,,,,,"",""
ball,2,13.4,New Zealand,KS Williamson,CJ Anderson,PJ Cummins,2,0,,,,,,"",""
ball,2,13.5,New Zealand,KS Williamson,CJ Anderson,PJ Cummins,0,0,,,,,,"",""
ball,2,13.6,New Zealand,KS Williamson,CJ Anderson,PJ Cummins,0,0,,,,,,"",""
ball,2,14.1,New Zealand,CJ Anderson,KS Williamson,MG Johnson,4,0,,,,,,"",""
ball,2,14.2,New Zealand,CJ Anderson,KS Williamson,MG Johnson,4,0,,,,,,"",""
ball,2,14.3,New Zealand,CJ Anderson,KS Williamson,MG Johnson,6,0,,,,,,"",""
ball,2,14.4,New Zealand,CJ Anderson,KS Williamson,MG Johnson,0,0,,,,,,"",""
ball,2,14.5,New Zealand,CJ Anderson,KS Williamson,MG Johnson,0,0,,,,,,"",""
ball,2,14.6,New Zealand,CJ Anderson,KS Williamson,MG Johnson,2,0,,,,,,"",""
ball,2,15.1,New Zealand,KS Williamson,CJ Anderson,PJ Cummins,4,0,,,,,,"",""
ball,2,15.2,New Zealand,KS Williamson,CJ Anderson,PJ Cummins,0,0,,,,,,"",""
ball,2,15.3,New Zealand,KS Williamson,CJ Anderson,PJ Cummins,1,0,,,,,,"",""
ball,2,15.4,New Zealand,CJ Anderson,KS Williamson,PJ Cummins,0,0,,,,,,"",""
ball,2,15.5,New Zealand,CJ Anderson,KS Williamson,PJ Cummins,2,0,,,,,,"",""
ball,2,15.6,New Zealand,CJ Anderson,KS Williamson,PJ Cummins,3,0,,,,,,"",""
ball,2,16.1,New Zealand,CJ Anderson,KS Williamson,MG Johnson,0,0,,,,,,"",""
ball,2,16.2,New Zealand,CJ Anderson,KS Williamson,MG Johnson,0,0,,,,,,"",""
ball,2,16.3,New Zealand,CJ Anderson,KS Williamson,MG Johnson,0,0,,,,,,"",""
ball,2,16.4,New Zealand,CJ Anderson,KS Williamson,MG Johnson,0,0,,,,,,"",""
ball,2,16.5,New Zealand,CJ Anderson,KS Williamson,MG Johnson,0,0,,,,,,"",""
ball,2,16.6,New Zealand,CJ Anderson,KS Williamson,MG Johnson,0,0,,,,,,"",""
ball,2,17.1,New Zealand,KS Williamson,CJ Anderson,MR Marsh,4,0,,,,,,"",""
ball,2,17.2,New Zealand,KS Williamson,CJ Anderson,MR Marsh,0,0,,,,,,"",""
ball,2,17.3,New Zealand,KS Williamson,CJ Anderson,MR Marsh,0,0,,,,,,"",""
ball,2,17.4,New Zealand,KS Williamson,CJ Anderson,MR Marsh,4,0,,,,,,"",""
ball,2,17.5,New Zealand,KS Williamson,CJ Anderson,MR Marsh,2,0,,,,,,"",""
ball,2,17.6,New Zealand,KS Williamson,CJ Anderson,MR Marsh,1,0,,,,,,"",""
ball,2,18.1,New Zealand,KS Williamson,CJ Anderson,MA Starc,0,0,,,,,,"",""
ball,2,18.2,New Zealand,KS Williamson,CJ Anderson,MA Starc,1,0,,,,,,"",""
ball,2,18.3,New Zealand,CJ Anderson,KS Williamson,MA Starc,0,0,,,,,,"",""
ball,2,18.4,New Zealand,CJ Anderson,KS Williamson,MA Starc,0,0,,,,,,"",""
ball,2,18.5,New Zealand,CJ Anderson,KS Williamson,MA Starc,0,0,,,,,,"",""
ball,2,18.6,New Zealand,CJ Anderson,KS Williamson,MA Starc,0,0,,,,,,"",""
ball,2,19.1,New Zealand,KS Williamson,CJ Anderson,GJ Maxwell,1,0,,,,,,"",""
ball,2,19.2,New Zealand,CJ Anderson,KS Williamson,GJ Maxwell,0,0,,,,,,"",""
ball,2,19.3,New Zealand,CJ Anderson,KS Williamson,GJ Maxwell,0,0,,,,,,"",""
ball,2,19.4,New Zealand,CJ Anderson,KS Williamson,GJ Maxwell,0,0,,,,,,caught,CJ Anderson
ball,2,19.5,New Zealand,L Ronchi,KS Williamson,GJ Maxwell,0,0,,,,,,"",""
ball,2,19.6,New Zealand,L Ronchi,KS Williamson,GJ Maxwell,6,0,,,,,,"",""
ball,2,20.1,New Zealand,KS Williamson,L Ronchi,MA Starc,1,0,,,,,,"",""
ball,2,20.2,New Zealand,L Ronchi,KS Williamson,MA Starc,0,0,,,,,,"",""
ball,2,20.3,New Zealand,L Ronchi,KS Williamson,MA Starc,0,1,1,,,,,"",""
ball,2,20.4,New Zealand,L Ronchi,KS Williamson,MA Starc,0,0,,,,,,"",""
ball,2,20.5,New Zealand,L Ronchi,KS Williamson,MA Starc,0,0,,,,,,"",""
ball,2,20.6,New Zealand,L Ronchi,KS Williamson,MA Starc,0,0,,,,,,"",""
ball,2,20.7,New Zealand,L Ronchi,KS Williamson,MA Starc,0,0,,,,,,caught,L Ronchi
ball,2,21.1,New Zealand,KS Williamson,DL Vettori,PJ Cummins,2,0,,,,,,"",""
ball,2,21.2,New Zealand,KS Williamson,DL Vettori,PJ Cummins,1,0,,,,,,"",""
ball,2,21.3,New Zealand,DL Vettori,KS Williamson,PJ Cummins,0,1,1,,,,,"",""
ball,2,21.4,New Zealand,DL Vettori,KS Williamson,PJ Cummins,2,0,,,,,,"",""
ball,2,21.5,New Zealand,DL Vettori,KS Williamson,PJ Cummins,0,0,,,,,,"",""
ball,2,21.6,New Zealand,DL Vettori,KS Williamson,PJ Cummins,0,0,,,,,,caught,DL Vettori
ball,2,21.7,New Zealand,AF Milne,KS Williamson,PJ Cummins,0,0,,,,,,"",""
ball,2,22.1,New Zealand,KS Williamson,AF Milne,MA Starc,0,0,,,,,,"",""
ball,2,22.2,New Zealand,KS Williamson,AF Milne,MA Starc,1,0,,,,,,"",""
ball,2,22.3,New Zealand,AF Milne,KS Williamson,MA Starc,0,0,,,,,,bowled,AF Milne
ball,2,22.4,New Zealand,TG Southee,KS Williamson,MA Starc,0,0,,,,,,bowled,TG Southee
ball,2,22.5,New Zealand,TA Boult,KS Williamson,MA Starc,0,0,,,,,,"",""
ball,2,22.6,New Zealand,TA Boult,KS Williamson,MA Starc,0,0,,,,,,"",""
ball,2,23.1,New Zealand,KS Williamson,TA Boult,PJ Cummins,6,0,,,,,,"",""
