version,1.6.0
info,balls_per_over,6
info,team,Ireland
info,team,South Africa
info,gender,male
info,season,2014/15
info,date,2015/03/03
info,event,ICC Cricket World Cup
info,match_number,24
info,venue,Manuka Oval
info,city,Canberra
info,neutralvenue,true
info,toss_winner,South Africa
info,toss_decision,bat
info,player_of_match,HM Amla
info,umpire,SJ Davis
info,umpire,REJ Martinesz
info,reserve_umpire,Aleem Dar
info,tv_umpire,IJ Gould
info,match_referee,RS Mahanama
info,winner,South Africa
info,winner_runs,201
info,player,Ireland,WTS Porterfield
info,player,Ireland,PR Stirling
info,player,Ireland,EC Joyce
info,player,Ireland,NJ O'Brien
info,player,Ireland,A Balbirnie
info,player,Ireland,GC Wilson
info,player,Ireland,KJ O'Brien
info,player,Ireland,JF Mooney
info,player,Ireland,GH Dockrell
info,player,Ireland,MC Sorensen
info,player,Ireland,AR McBrine
info,player,South Africa,HM Amla
info,player,South Africa,Q de Kock
info,player,South Africa,F du Plessis
info,player,South Africa,AB de Villiers
info,player,South Africa,DA Miller
info,player,South Africa,RR Rossouw
info,player,South Africa,F Behardien
info,player,South Africa,DW Steyn
info,player,South Africa,KJ Abbott
info,player,South Africa,M Morkel
info,player,South Africa,Imran Tahir
info,registry,people,A Balbirnie,6ef13460
info,registry,people,AB de Villiers,c4487b84
info,registry,people,AR McBrine,e957b38f
info,registry,people,Aleem Dar,f02778d1
info,registry,people,DA Miller,d67d5f00
info,registry,people,DW Steyn,8fd1a8f5
info,registry,people,EC Joyce,a48fc79d
info,registry,people,F Behardien,dce2019b
info,registry,people,F du Plessis,3355b542
info,registry,people,GC Wilson,05de1a5a
info,registry,people,GH Dockrell,99cddc5e
info,registry,people,HM Amla,e798611a
info,registry,people,IJ Gould,a9dfdf6c
info,registry,people,Imran Tahir,acee4cc4
info,registry,people,JF Mooney,aae9ce90
info,registry,people,KJ Abbott,a9da7784
info,registry,people,KJ O'Brien,243431b5
info,registry,people,M Morkel,5bb5a915
info,registry,people,MC Sorensen,3f18724b
info,registry,people,NJ O'Brien,84826f48
info,registry,people,PR Stirling,cf494ffe
info,registry,people,Q de Kock,372455c4
info,registry,people,REJ Martinesz,140cdf29
info,registry,people,RR Rossouw,cad00a4d
info,registry,people,RS Mahanama,57910393
info,registry,people,SJ Davis,bc71b0b2
info,registry,people,WTS Porterfield,ec02b798
ball,1,0.1,South Africa,HM Amla,Q de Kock,JF Mooney,0,0,,,,,,"",""
ball,1,0.2,South Africa,HM Amla,Q de Kock,JF Mooney,0,0,,,,,,"",""
ball,1,0.3,South Africa,HM Amla,Q de Kock,JF Mooney,0,0,,,,,,"",""
ball,1,0.4,South Africa,HM Amla,Q de Kock,JF Mooney,0,0,,,,,,"",""
ball,1,0.5,South Africa,HM Amla,Q de Kock,JF Mooney,0,0,,,,,,"",""
ball,1,0.6,South Africa,HM Amla,Q de Kock,JF Mooney,0,0,,,,,,"",""
ball,1,1.1,South Africa,Q de Kock,HM Amla,MC Sorensen,0,1,1,,,,,"",""
ball,1,1.2,South Africa,Q de Kock,HM Amla,MC Sorensen,1,0,,,,,,"",""
ball,1,1.3,South Africa,HM Amla,Q de Kock,MC Sorensen,0,1,1,,,,,"",""
ball,1,1.4,South Africa,HM Amla,Q de Kock,MC Sorensen,0,0,,,,,,"",""
ball,1,1.5,South Africa,HM Amla,Q de Kock,MC Sorensen,4,0,,,,,,"",""
ball,1,1.6,South Africa,HM Amla,Q de Kock,MC Sorensen,0,0,,,,,,"",""
ball,1,1.7,South Africa,HM Amla,Q de Kock,MC Sorensen,0,1,1,,,,,"",""
ball,1,1.8,South Africa,HM Amla,Q de Kock,MC Sorensen,4,0,,,,,,"",""
ball,1,1.9,South Africa,HM Amla,Q de Kock,MC Sorensen,0,0,,,,,,"",""
ball,1,2.1,South Africa,Q de Kock,HM Amla,JF Mooney,0,0,,,,,,"",""
ball,1,2.2,South Africa,Q de Kock,HM Amla,JF Mooney,0,0,,,,,,"",""
ball,1,2.3,South Africa,Q de Kock,HM Amla,JF Mooney,0,0,,,,,,caught,Q de Kock
ball,1,2.4,South Africa,F du Plessis,HM Amla,JF Mooney,0,0,,,,,,"",""
ball,1,2.5,South Africa,F du Plessis,HM Amla,JF Mooney,0,0,,,,,,"",""
ball,1,2.6,South Africa,F du Plessis,HM Amla,JF Mooney,0,0,,,,,,"",""
ball,1,3.1,South Africa,HM Amla,F du Plessis,MC Sorensen,0,1,1,,,,,"",""
ball,1,3.2,South Africa,HM Amla,F du Plessis,MC Sorensen,1,0,,,,,,"",""
ball,1,3.3,South Africa,F du Plessis,HM Amla,MC Sorensen,0,1,1,,,,,"",""
ball,1,3.4,South Africa,F du Plessis,HM Amla,MC Sorensen,0,0,,,,,,"",""
ball,1,3.5,South Africa,F du Plessis,HM Amla,MC Sorensen,0,1,1,,,,,"",""
ball,1,3.6,South Africa,F du Plessis,HM Amla,MC Sorensen,4,0,,,,,,"",""
ball,1,3.7,South Africa,F du Plessis,HM Amla,MC Sorensen,0,0,,,,,,"",""
ball,1,3.8,South Africa,F du Plessis,HM Amla,MC Sorensen,1,0,,,,,,"",""
ball,1,3.9,South Africa,HM Amla,F du Plessis,MC Sorensen,0,0,,,,,,"",""
ball,1,4.1,South Africa,F du Plessis,HM Amla,JF Mooney,2,0,,,,,,"",""
ball,1,4.2,South Africa,F du Plessis,HM Amla,JF Mooney,0,0,,,,,,"",""
ball,1,4.3,South Africa,F du Plessis,HM Amla,JF Mooney,0,0,,,,,,"",""
ball,1,4.4,South Africa,F du Plessis,HM Amla,JF Mooney,1,0,,,,,,"",""
ball,1,4.5,South Africa,HM Amla,F du Plessis,JF Mooney,0,0,,,,,,"",""
ball,1,4.6,South Africa,HM Amla,F du Plessis,JF Mooney,1,0,,,,,,"",""
ball,1,5.1,South Africa,HM Amla,F du Plessis,KJ O'Brien,0,0,,,,,,"",""
ball,1,5.2,South Africa,HM Amla,F du Plessis,KJ O'Brien,1,0,,,,,,"",""
ball,1,5.3,South Africa,F du Plessis,HM Amla,KJ O'Brien,1,0,,,,,,"",""
ball,1,5.4,South Africa,HM Amla,F du Plessis,KJ O'Brien,4,0,,,,,,"",""
ball,1,5.5,South Africa,HM Amla,F du Plessis,KJ O'Brien,4,0,,,,,,"",""
ball,1,5.6,South Africa,HM Amla,F du Plessis,KJ O'Brien,1,0,,,,,,"",""
ball,1,6.1,South Africa,HM Amla,F du Plessis,JF Mooney,0,0,,,,,,"",""
ball,1,6.2,South Africa,HM Amla,F du Plessis,JF Mooney,0,0,,,,,,"",""
ball,1,6.3,South Africa,HM Amla,F du Plessis,JF Mooney,1,0,,,,,,"",""
ball,1,6.4,South Africa,F du Plessis,HM Amla,JF Mooney,0,0,,,,,,"",""
ball,1,6.5,South Africa,F du Plessis,HM Amla,JF Mooney,0,0,,,,,,"",""
ball,1,6.6,South Africa,F du Plessis,HM Amla,JF Mooney,0,1,1,,,,,"",""
ball,1,6.7,South Africa,F du Plessis,HM Amla,JF Mooney,0,0,,,,,,"",""
ball,1,7.1,South Africa,HM Amla,F du Plessis,KJ O'Brien,4,0,,,,,,"",""
ball,1,7.2,South Africa,HM Amla,F du Plessis,KJ O'Brien,1,0,,,,,,"",""
ball,1,7.3,South Africa,F du Plessis,HM Amla,KJ O'Brien,1,0,,,,,,"",""
ball,1,7.4,South Africa,HM Amla,F du Plessis,KJ O'Brien,0,0,,,,,,"",""
ball,1,7.5,South Africa,HM Amla,F du Plessis,KJ O'Brien,4,0,,,,,,"",""
ball,1,7.6,South Africa,HM Amla,F du Plessis,KJ O'Brien,0,0,,,,,,"",""
ball,1,8.1,South Africa,F du Plessis,HM Amla,JF Mooney,2,0,,,,,,"",""
ball,1,8.2,South Africa,F du Plessis,HM Amla,JF Mooney,0,0,,,,,,"",""
ball,1,8.3,South Africa,F du Plessis,HM Amla,JF Mooney,0,0,,,,,,"",""
ball,1,8.4,South Africa,F du Plessis,HM Amla,JF Mooney,0,0,,,,,,"",""
ball,1,8.5,South Africa,F du Plessis,HM Amla,JF Mooney,0,0,,,,,,"",""
ball,1,8.6,South Africa,F du Plessis,HM Amla,JF Mooney,1,0,,,,,,"",""
ball,1,9.1,South Africa,F du Plessis,HM Amla,GH Dockrell,0,0,,,,,,"",""
ball,1,9.2,South Africa,F du Plessis,HM Amla,GH Dockrell,4,0,,,,,,"",""
ball,1,9.3,South Africa,F du Plessis,HM Amla,GH Dockrell,0,0,,,,,,"",""
ball,1,9.4,South Africa,F du Plessis,HM Amla,GH Dockrell,1,0,,,,,,"",""
ball,1,9.5,South Africa,HM Amla,F du Plessis,GH Dockrell,1,0,,,,,,"",""
ball,1,9.6,South Africa,F du Plessis,HM Amla,GH Dockrell,0,0,,,,,,"",""
ball,1,10.1,South Africa,HM Amla,F du Plessis,PR Stirling,0,0,,,,,,"",""
ball,1,10.2,South Africa,HM Amla,F du Plessis,PR Stirling,1,0,,,,,,"",""
ball,1,10.3,South Africa,F du Plessis,HM Amla,PR Stirling,1,0,,,,,,"",""
ball,1,10.4,South Africa,HM Amla,F du Plessis,PR Stirling,1,0,,,,,,"",""
ball,1,10.5,South Africa,F du Plessis,HM Amla,PR Stirling,4,0,,,,,,"",""
ball,1,10.6,South Africa,F du Plessis,HM Amla,PR Stirling,0,0,,,,,,"",""
ball,1,11.1,South Africa,HM Amla,F du Plessis,GH Dockrell,0,0,,,,,,"",""
ball,1,11.2,South Africa,HM Amla,F du Plessis,GH Dockrell,1,0,,,,,,"",""
ball,1,11.3,South Africa,F du Plessis,HM Amla,GH Dockrell,1,0,,,,,,"",""
ball,1,11.4,South Africa,HM Amla,F du Plessis,GH Dockrell,0,0,,,,,,"",""
ball,1,11.5,South Africa,HM Amla,F du Plessis,GH Dockrell,0,0,,,,,,"",""
ball,1,11.6,South Africa,HM Amla,F du Plessis,GH Dockrell,0,0,,,,,,"",""
ball,1,12.1,South Africa,F du Plessis,HM Amla,PR Stirling,0,0,,,,,,"",""
ball,1,12.2,South Africa,F du Plessis,HM Amla,PR Stirling,0,0,,,,,,"",""
ball,1,12.3,South Africa,F du Plessis,HM Amla,PR Stirling,1,0,,,,,,"",""
ball,1,12.4,South Africa,HM Amla,F du Plessis,PR Stirling,2,0,,,,,,"",""
ball,1,12.5,South Africa,HM Amla,F du Plessis,PR Stirling,0,0,,,,,,"",""
ball,1,12.6,South Africa,HM Amla,F du Plessis,PR Stirling,1,0,,,,,,"",""
ball,1,13.1,South Africa,HM Amla,F du Plessis,GH Dockrell,2,0,,,,,,"",""
ball,1,13.2,South Africa,HM Amla,F du Plessis,GH Dockrell,0,0,,,,,,"",""
ball,1,13.3,South Africa,HM Amla,F du Plessis,GH Dockrell,1,0,,,,,,"",""
ball,1,13.4,South Africa,F du Plessis,HM Amla,GH Dockrell,0,0,,,,,,"",""
ball,1,13.5,South Africa,F du Plessis,HM Amla,GH Dockrell,0,0,,,,,,"",""
ball,1,13.6,South Africa,F du Plessis,HM Amla,GH Dockrell,0,0,,,,,,"",""
ball,1,14.1,South Africa,HM Amla,F du Plessis,PR Stirling,0,0,,,,,,"",""
ball,1,14.2,South Africa,HM Amla,F du Plessis,PR Stirling,4,0,,,,,,"",""
ball,1,14.3,South Africa,HM Amla,F du Plessis,PR Stirling,1,0,,,,,,"",""
ball,1,14.4,South Africa,F du Plessis,HM Amla,PR Stirling,0,0,,,,,,"",""
ball,1,14.5,South Africa,F du Plessis,HM Amla,PR Stirling,1,0,,,,,,"",""
ball,1,14.6,South Africa,HM Amla,F du Plessis,PR Stirling,1,0,,,,,,"",""
ball,1,15.1,South Africa,HM Amla,F du Plessis,GH Dockrell,1,0,,,,,,"",""
ball,1,15.2,South Africa,F du Plessis,HM Amla,GH Dockrell,4,0,,,,,,"",""
ball,1,15.3,South Africa,F du Plessis,HM Amla,GH Dockrell,1,0,,,,,,"",""
ball,1,15.4,South Africa,HM Amla,F du Plessis,GH Dockrell,0,0,,,,,,"",""
ball,1,15.5,South Africa,HM Amla,F du Plessis,GH Dockrell,1,0,,,,,,"",""
ball,1,15.6,South Africa,F du Plessis,HM Amla,GH Dockrell,0,0,,,,,,"",""
ball,1,16.1,South Africa,HM Amla,F du Plessis,AR McBrine,0,0,,,,,,"",""
ball,1,16.2,South Africa,HM Amla,F du Plessis,AR McBrine,3,0,,,,,,"",""
ball,1,16.3,South Africa,F du Plessis,HM Amla,AR McBrine,1,0,,,,,,"",""
ball,1,16.4,South Africa,HM Amla,F du Plessis,AR McBrine,1,0,,,,,,"",""
ball,1,16.5,South Africa,F du Plessis,HM Amla,AR McBrine,3,0,,,,,,"",""
ball,1,16.6,South Africa,HM Amla,F du Plessis,AR McBrine,1,0,,,,,,"",""
ball,1,17.1,South Africa,HM Amla,F du Plessis,GH Dockrell,1,0,,,,,,"",""
ball,1,17.2,South Africa,F du Plessis,HM Amla,GH Dockrell,4,0,,,,,,"",""
ball,1,17.3,South Africa,F du Plessis,HM Amla,GH Dockrell,0,0,,,,,,"",""
ball,1,17.4,South Africa,F du Plessis,HM Amla,GH Dockrell,0,0,,,,,,"",""
ball,1,17.5,South Africa,F du Plessis,HM Amla,GH Dockrell,1,0,,,,,,"",""
ball,1,17.6,South Africa,HM Amla,F du Plessis,GH Dockrell,0,0,,,,,,"",""
ball,1,18.1,South Africa,F du Plessis,HM Amla,AR McBrine,0,0,,,,,,"",""
ball,1,18.2,South Africa,F du Plessis,HM Amla,AR McBrine,1,0,,,,,,"",""
ball,1,18.3,South Africa,HM Amla,F du Plessis,AR McBrine,1,0,,,,,,"",""
ball,1,18.4,South Africa,F du Plessis,HM Amla,AR McBrine,0,0,,,,,,"",""
ball,1,18.5,South Africa,F du Plessis,HM Amla,AR McBrine,0,0,,,,,,"",""
ball,1,18.6,South Africa,F du Plessis,HM Amla,AR McBrine,3,0,,,,,,"",""
ball,1,19.1,South Africa,F du Plessis,HM Amla,PR Stirling,4,0,,,,,,"",""
ball,1,19.2,South Africa,F du Plessis,HM Amla,PR Stirling,1,0,,,,,,"",""
ball,1,19.3,South Africa,HM Amla,F du Plessis,PR Stirling,1,0,,,,,,"",""
ball,1,19.4,South Africa,F du Plessis,HM Amla,PR Stirling,0,0,,,,,,"",""
ball,1,19.5,South Africa,F du Plessis,HM Amla,PR Stirling,1,0,,,,,,"",""
ball,1,19.6,South Africa,HM Amla,F du Plessis,PR Stirling,1,0,,,,,,"",""
ball,1,20.1,South Africa,HM Amla,F du Plessis,AR McBrine,0,0,,,,,,"",""
ball,1,20.2,South Africa,HM Amla,F du Plessis,AR McBrine,1,0,,,,,,"",""
ball,1,20.3,South Africa,F du Plessis,HM Amla,AR McBrine,1,0,,,,,,"",""
ball,1,20.4,South Africa,HM Amla,F du Plessis,AR McBrine,0,0,,,,,,"",""
ball,1,20.5,South Africa,HM Amla,F du Plessis,AR McBrine,0,0,,,,,,"",""
ball,1,20.6,South Africa,HM Amla,F du Plessis,AR McBrine,1,0,,,,,,"",""
ball,1,21.1,South Africa,HM Amla,F du Plessis,MC Sorensen,0,0,,,,,,"",""
ball,1,21.2,South Africa,HM Amla,F du Plessis,MC Sorensen,0,0,,,,,,"",""
ball,1,21.3,South Africa,HM Amla,F du Plessis,MC Sorensen,4,0,,,,,,"",""
ball,1,21.4,South Africa,HM Amla,F du Plessis,MC Sorensen,1,0,,,,,,"",""
ball,1,21.5,South Africa,F du Plessis,HM Amla,MC Sorensen,1,0,,,,,,"",""
ball,1,21.6,South Africa,HM Amla,F du Plessis,MC Sorensen,0,0,,,,,,"",""
ball,1,22.1,South Africa,F du Plessis,HM Amla,AR McBrine,1,0,,,,,,"",""
ball,1,22.2,South Africa,HM Amla,F du Plessis,AR McBrine,1,0,,,,,,"",""
ball,1,22.3,South Africa,F du Plessis,HM Amla,AR McBrine,1,0,,,,,,"",""
ball,1,22.4,South Africa,HM Amla,F du Plessis,AR McBrine,1,0,,,,,,"",""
ball,1,22.5,South Africa,F du Plessis,HM Amla,AR McBrine,0,0,,,,,,"",""
ball,1,22.6,South Africa,F du Plessis,HM Amla,AR McBrine,0,0,,,,,,"",""
ball,1,23.1,South Africa,HM Amla,F du Plessis,MC Sorensen,6,0,,,,,,"",""
ball,1,23.2,South Africa,HM Amla,F du Plessis,MC Sorensen,6,0,,,,,,"",""
ball,1,23.3,South Africa,HM Amla,F du Plessis,MC Sorensen,4,0,,,,,,"",""
ball,1,23.4,South Africa,HM Amla,F du Plessis,MC Sorensen,1,0,,,,,,"",""
ball,1,23.5,South Africa,F du Plessis,HM Amla,MC Sorensen,6,0,,,,,,"",""
ball,1,23.6,South Africa,F du Plessis,HM Amla,MC Sorensen,1,0,,,,,,"",""
ball,1,24.1,South Africa,F du Plessis,HM Amla,AR McBrine,4,0,,,,,,"",""
ball,1,24.2,South Africa,F du Plessis,HM Amla,AR McBrine,1,0,,,,,,"",""
ball,1,24.3,South Africa,HM Amla,F du Plessis,AR McBrine,1,0,,,,,,"",""
ball,1,24.4,South Africa,F du Plessis,HM Amla,AR McBrine,1,0,,,,,,"",""
ball,1,24.5,South Africa,HM Amla,F du Plessis,AR McBrine,0,0,,,,,,"",""
ball,1,24.6,South Africa,HM Amla,F du Plessis,AR McBrine,1,0,,,,,,"",""
ball,1,25.1,South Africa,HM Amla,F du Plessis,GH Dockrell,1,0,,,,,,"",""
ball,1,25.2,South Africa,F du Plessis,HM Amla,GH Dockrell,0,0,,,,,,"",""
ball,1,25.3,South Africa,F du Plessis,HM Amla,GH Dockrell,0,0,,,,,,"",""
ball,1,25.4,South Africa,F du Plessis,HM Amla,GH Dockrell,1,0,,,,,,"",""
ball,1,25.5,South Africa,HM Amla,F du Plessis,GH Dockrell,1,0,,,,,,"",""
ball,1,25.6,South Africa,F du Plessis,HM Amla,GH Dockrell,0,0,,,,,,"",""
ball,1,26.1,South Africa,HM Amla,F du Plessis,AR McBrine,0,0,,,,,,"",""
ball,1,26.2,South Africa,HM Amla,F du Plessis,AR McBrine,1,0,,,,,,"",""
ball,1,26.3,South Africa,F du Plessis,HM Amla,AR McBrine,2,0,,,,,,"",""
ball,1,26.4,South Africa,F du Plessis,HM Amla,AR McBrine,1,0,,,,,,"",""
ball,1,26.5,South Africa,HM Amla,F du Plessis,AR McBrine,1,0,,,,,,"",""
ball,1,26.6,South Africa,F du Plessis,HM Amla,AR McBrine,1,0,,,,,,"",""
ball,1,27.1,South Africa,F du Plessis,HM Amla,GH Dockrell,0,0,,,,,,"",""
ball,1,27.2,South Africa,F du Plessis,HM Amla,GH Dockrell,0,0,,,,,,"",""
ball,1,27.3,South Africa,F du Plessis,HM Amla,GH Dockrell,2,0,,,,,,"",""
ball,1,27.4,South Africa,F du Plessis,HM Amla,GH Dockrell,0,0,,,,,,"",""
ball,1,27.5,South Africa,F du Plessis,HM Amla,GH Dockrell,1,0,,,,,,"",""
ball,1,27.6,South Africa,HM Amla,F du Plessis,GH Dockrell,0,0,,,,,,"",""
ball,1,28.1,South Africa,F du Plessis,HM Amla,PR Stirling,1,0,,,,,,"",""
ball,1,28.2,South Africa,HM Amla,F du Plessis,PR Stirling,0,0,,,,,,"",""
ball,1,28.3,South Africa,HM Amla,F du Plessis,PR Stirling,0,0,,,,,,"",""
ball,1,28.4,South Africa,HM Amla,F du Plessis,PR Stirling,1,0,,,,,,"",""
ball,1,28.5,South Africa,F du Plessis,HM Amla,PR Stirling,1,0,,,,,,"",""
ball,1,28.6,South Africa,HM Amla,F du Plessis,PR Stirling,1,0,,,,,,"",""
ball,1,29.1,South Africa,HM Amla,F du Plessis,AR McBrine,0,0,,,,,,"",""
ball,1,29.2,South Africa,HM Amla,F du Plessis,AR McBrine,1,0,,,,,,"",""
ball,1,29.3,South Africa,F du Plessis,HM Amla,AR McBrine,1,0,,,,,,"",""
ball,1,29.4,South Africa,HM Amla,F du Plessis,AR McBrine,1,0,,,,,,"",""
ball,1,29.5,South Africa,F du Plessis,HM Amla,AR McBrine,1,0,,,,,,"",""
ball,1,29.6,South Africa,HM Amla,F du Plessis,AR McBrine,1,0,,,,,,"",""
ball,1,30.1,South Africa,HM Amla,F du Plessis,PR Stirling,1,0,,,,,,"",""
ball,1,30.2,South Africa,F du Plessis,HM Amla,PR Stirling,1,0,,,,,,"",""
ball,1,30.3,South Africa,HM Amla,F du Plessis,PR Stirling,1,0,,,,,,"",""
ball,1,30.4,South Africa,F du Plessis,HM Amla,PR Stirling,1,0,,,,,,"",""
ball,1,30.5,South Africa,HM Amla,F du Plessis,PR Stirling,1,0,,,,,,"",""
ball,1,30.6,South Africa,F du Plessis,HM Amla,PR Stirling,4,0,,,,,,"",""
ball,1,31.1,South Africa,HM Amla,F du Plessis,AR McBrine,0,0,,,,,,"",""
ball,1,31.2,South Africa,HM Amla,F du Plessis,AR McBrine,1,0,,,,,,"",""
ball,1,31.3,South Africa,F du Plessis,HM Amla,AR McBrine,1,0,,,,,,"",""
ball,1,31.4,South Africa,HM Amla,F du Plessis,AR McBrine,0,0,,,,,,"",""
ball,1,31.5,South Africa,HM Amla,F du Plessis,AR McBrine,1,0,,,,,,"",""
ball,1,31.6,South Africa,F du Plessis,HM Amla,AR McBrine,1,0,,,,,,"",""
ball,1,32.1,South Africa,F du Plessis,HM Amla,PR Stirling,1,0,,,,,,"",""
ball,1,32.2,South Africa,HM Amla,F du Plessis,PR Stirling,1,0,,,,,,"",""
ball,1,32.3,South Africa,F du Plessis,HM Amla,PR Stirling,0,0,,,,,,"",""
ball,1,32.4,South Africa,F du Plessis,HM Amla,PR Stirling,1,0,,,,,,"",""
ball,1,32.5,South Africa,HM Amla,F du Plessis,PR Stirling,1,0,,,,,,"",""
ball,1,32.6,South Africa,F du Plessis,HM Amla,PR Stirling,4,0,,,,,,"",""
ball,1,33.1,South Africa,HM Amla,F du Plessis,GH Dockrell,1,0,,,,,,"",""
ball,1,33.2,South Africa,F du Plessis,HM Amla,GH Dockrell,1,0,,,,,,"",""
ball,1,33.3,South Africa,HM Amla,F du Plessis,GH Dockrell,1,0,,,,,,"",""
ball,1,33.4,South Africa,F du Plessis,HM Amla,GH Dockrell,1,0,,,,,,"",""
ball,1,33.5,South Africa,HM Amla,F du Plessis,GH Dockrell,0,0,,,,,,"",""
ball,1,33.6,South Africa,HM Amla,F du Plessis,GH Dockrell,0,0,,,,,,"",""
ball,1,34.1,South Africa,F du Plessis,HM Amla,PR Stirling,1,0,,,,,,"",""
ball,1,34.2,South Africa,HM Amla,F du Plessis,PR Stirling,1,0,,,,,,"",""
ball,1,34.3,South Africa,F du Plessis,HM Amla,PR Stirling,1,0,,,,,,"",""
ball,1,34.4,South Africa,HM Amla,F du Plessis,PR Stirling,1,0,,,,,,"",""
ball,1,34.5,South Africa,F du Plessis,HM Amla,PR Stirling,0,0,,,,,,"",""
ball,1,34.6,South Africa,F du Plessis,HM Amla,PR Stirling,1,0,,,,,,"",""
ball,1,35.1,South Africa,F du Plessis,HM Amla,GH Dockrell,1,0,,,,,,"",""
ball,1,35.2,South Africa,HM Amla,F du Plessis,GH Dockrell,1,0,,,,,,"",""
ball,1,35.3,South Africa,F du Plessis,HM Amla,GH Dockrell,0,0,,,,,,"",""
ball,1,35.4,South Africa,F du Plessis,HM Amla,GH Dockrell,0,0,,,,,,"",""
ball,1,35.5,South Africa,F du Plessis,HM Amla,GH Dockrell,1,0,,,,,,"",""
ball,1,35.6,South Africa,HM Amla,F du Plessis,GH Dockrell,1,0,,,,,,"",""
ball,1,36.1,South Africa,HM Amla,F du Plessis,KJ O'Brien,2,0,,,,,,"",""
ball,1,36.2,South Africa,HM Amla,F du Plessis,KJ O'Brien,4,0,,,,,,"",""
ball,1,36.3,South Africa,HM Amla,F du Plessis,KJ O'Brien,1,0,,,,,,"",""
ball,1,36.4,South Africa,F du Plessis,HM Amla,KJ O'Brien,2,0,,,,,,"",""
ball,1,36.5,South Africa,F du Plessis,HM Amla,KJ O'Brien,0,0,,,,,,"",""
ball,1,36.6,South Africa,F du Plessis,HM Amla,KJ O'Brien,4,0,,,,,,"",""
ball,1,37.1,South Africa,HM Amla,F du Plessis,JF Mooney,0,0,,,,,,"",""
ball,1,37.2,South Africa,HM Amla,F du Plessis,JF Mooney,2,0,,,,,,"",""
ball,1,37.3,South Africa,HM Amla,F du Plessis,JF Mooney,4,0,,,,,,"",""
ball,1,37.4,South Africa,HM Amla,F du Plessis,JF Mooney,4,1,,1,,,,"",""
ball,1,37.5,South Africa,HM Amla,F du Plessis,JF Mooney,6,0,,,,,,"",""
ball,1,37.6,South Africa,HM Amla,F du Plessis,JF Mooney,4,0,,,,,,"",""
ball,1,37.7,South Africa,HM Amla,F du Plessis,JF Mooney,6,0,,,,,,"",""
ball,1,38.1,South Africa,F du Plessis,HM Amla,KJ O'Brien,0,0,,,,,,"",""
ball,1,38.2,South Africa,F du Plessis,HM Amla,KJ O'Brien,3,0,,,,,,"",""
ball,1,38.3,South Africa,HM Amla,F du Plessis,KJ O'Brien,1,0,,,,,,"",""
ball,1,38.4,South Africa,F du Plessis,HM Amla,KJ O'Brien,0,0,,,,,,bowled,F du Plessis
ball,1,38.5,South Africa,AB de Villiers,HM Amla,KJ O'Brien,1,0,,,,,,"",""
ball,1,38.6,South Africa,HM Amla,AB de Villiers,KJ O'Brien,2,0,,,,,,"",""
ball,1,39.1,South Africa,AB de Villiers,HM Amla,GH Dockrell,4,0,,,,,,"",""
ball,1,39.2,South Africa,AB de Villiers,HM Amla,GH Dockrell,6,0,,,,,,"",""
ball,1,39.3,South Africa,AB de Villiers,HM Amla,GH Dockrell,2,0,,,,,,"",""
ball,1,39.4,South Africa,AB de Villiers,HM Amla,GH Dockrell,1,0,,,,,,"",""
ball,1,39.5,South Africa,HM Amla,AB de Villiers,GH Dockrell,4,0,,,,,,"",""
ball,1,39.6,South Africa,HM Amla,AB de Villiers,GH Dockrell,1,0,,,,,,"",""
ball,1,40.1,South Africa,HM Amla,AB de Villiers,KJ O'Brien,2,0,,,,,,"",""
ball,1,40.2,South Africa,HM Amla,AB de Villiers,KJ O'Brien,4,0,,,,,,"",""
ball,1,40.3,South Africa,HM Amla,AB de Villiers,KJ O'Brien,4,0,,,,,,"",""
ball,1,40.4,South Africa,HM Amla,AB de Villiers,KJ O'Brien,1,0,,,,,,"",""
ball,1,40.5,South Africa,AB de Villiers,HM Amla,KJ O'Brien,6,0,,,,,,"",""
ball,1,40.6,South Africa,AB de Villiers,HM Amla,KJ O'Brien,2,0,,,,,,"",""
ball,1,41.1,South Africa,HM Amla,AB de Villiers,AR McBrine,0,0,,,,,,caught,HM Amla
ball,1,41.2,South Africa,AB de Villiers,DA Miller,AR McBrine,2,0,,,,,,"",""
ball,1,41.3,South Africa,AB de Villiers,DA Miller,AR McBrine,0,0,,,,,,caught,AB de Villiers
ball,1,41.4,South Africa,DA Miller,RR Rossouw,AR McBrine,1,0,,,,,,"",""
ball,1,41.5,South Africa,RR Rossouw,DA Miller,AR McBrine,1,0,,,,,,"",""
ball,1,41.6,South Africa,DA Miller,RR Rossouw,AR McBrine,4,0,,,,,,"",""
ball,1,42.1,South Africa,RR Rossouw,DA Miller,JF Mooney,1,0,,,,,,"",""
ball,1,42.2,South Africa,DA Miller,RR Rossouw,JF Mooney,2,0,,,,,,"",""
ball,1,42.3,South Africa,DA Miller,RR Rossouw,JF Mooney,2,0,,,,,,"",""
ball,1,42.4,South Africa,DA Miller,RR Rossouw,JF Mooney,1,0,,,,,,"",""
ball,1,42.5,South Africa,RR Rossouw,DA Miller,JF Mooney,2,0,,,,,,"",""
ball,1,42.6,South Africa,RR Rossouw,DA Miller,JF Mooney,1,1,,1,,,,"",""
ball,1,42.7,South Africa,DA Miller,RR Rossouw,JF Mooney,6,0,,,,,,"",""
ball,1,43.1,South Africa,RR Rossouw,DA Miller,PR Stirling,4,0,,,,,,"",""
ball,1,43.2,South Africa,RR Rossouw,DA Miller,PR Stirling,1,0,,,,,,"",""
ball,1,43.3,South Africa,DA Miller,RR Rossouw,PR Stirling,1,0,,,,,,"",""
ball,1,43.4,South Africa,RR Rossouw,DA Miller,PR Stirling,3,0,,,,,,"",""
ball,1,43.5,South Africa,DA Miller,RR Rossouw,PR Stirling,3,0,,,,,,"",""
ball,1,43.6,South Africa,RR Rossouw,DA Miller,PR Stirling,1,0,,,,,,"",""
ball,1,44.1,South Africa,RR Rossouw,DA Miller,KJ O'Brien,1,0,,,,,,"",""
ball,1,44.2,South Africa,DA Miller,RR Rossouw,KJ O'Brien,1,0,,,,,,"",""
ball,1,44.3,South Africa,RR Rossouw,DA Miller,KJ O'Brien,4,0,,,,,,"",""
ball,1,44.4,South Africa,RR Rossouw,DA Miller,KJ O'Brien,0,0,,,,,,"",""
ball,1,44.5,South Africa,RR Rossouw,DA Miller,KJ O'Brien,4,0,,,,,,"",""
ball,1,44.6,South Africa,RR Rossouw,DA Miller,KJ O'Brien,1,0,,,,,,"",""
ball,1,45.1,South Africa,RR Rossouw,DA Miller,PR Stirling,1,0,,,,,,"",""
ball,1,45.2,South Africa,DA Miller,RR Rossouw,PR Stirling,0,0,,,,,,"",""
ball,1,45.3,South Africa,DA Miller,RR Rossouw,PR Stirling,0,0,,,,,,"",""
ball,1,45.4,South Africa,DA Miller,RR Rossouw,PR Stirling,0,0,,,,,,"",""
ball,1,45.5,South Africa,DA Miller,RR Rossouw,PR Stirling,1,0,,,,,,"",""
ball,1,45.6,South Africa,RR Rossouw,DA Miller,PR Stirling,1,0,,,,,,"",""
ball,1,46.1,South Africa,RR Rossouw,DA Miller,MC Sorensen,1,0,,,,,,"",""
ball,1,46.2,South Africa,DA Miller,RR Rossouw,MC Sorensen,1,0,,,,,,"",""
ball,1,46.3,South Africa,RR Rossouw,DA Miller,MC Sorensen,6,0,,,,,,"",""
ball,1,46.4,South Africa,RR Rossouw,DA Miller,MC Sorensen,1,0,,,,,,"",""
ball,1,46.5,South Africa,DA Miller,RR Rossouw,MC Sorensen,1,0,,,,,,"",""
ball,1,46.6,South Africa,RR Rossouw,DA Miller,MC Sorensen,0,0,,,,,,"",""
ball,1,47.1,South Africa,DA Miller,RR Rossouw,AR McBrine,1,0,,,,,,"",""
ball,1,47.2,South Africa,RR Rossouw,DA Miller,AR McBrine,0,0,,,,,,"",""
ball,1,47.3,South Africa,RR Rossouw,DA Miller,AR McBrine,0,0,,,,,,"",""
ball,1,47.4,South Africa,RR Rossouw,DA Miller,AR McBrine,6,0,,,,,,"",""
ball,1,47.5,South Africa,RR Rossouw,DA Miller,AR McBrine,4,0,,,,,,"",""
ball,1,47.6,South Africa,RR Rossouw,DA Miller,AR McBrine,0,0,,,,,,"",""
ball,1,48.1,South Africa,DA Miller,RR Rossouw,MC Sorensen,0,0,,,,,,"",""
ball,1,48.2,South Africa,DA Miller,RR Rossouw,MC Sorensen,4,0,,,,,,"",""
ball,1,48.3,South Africa,DA Miller,RR Rossouw,MC Sorensen,4,0,,,,,,"",""
ball,1,48.4,South Africa,DA Miller,RR Rossouw,MC Sorensen,0,1,,,1,,,"",""
ball,1,48.5,South Africa,RR Rossouw,DA Miller,MC Sorensen,0,0,,,,,,"",""
ball,1,48.6,South Africa,RR Rossouw,DA Miller,MC Sorensen,4,1,,1,,,,"",""
ball,1,48.7,South Africa,RR Rossouw,DA Miller,MC Sorensen,2,0,,,,,,"",""
ball,1,49.1,South Africa,DA Miller,RR Rossouw,KJ O'Brien,6,0,,,,,,"",""
ball,1,49.2,South Africa,DA Miller,RR Rossouw,KJ O'Brien,3,0,,,,,,"",""
ball,1,49.3,South Africa,RR Rossouw,DA Miller,KJ O'Brien,6,0,,,,,,"",""
ball,1,49.4,South Africa,RR Rossouw,DA Miller,KJ O'Brien,4,0,,,,,,"",""
ball,1,49.5,South Africa,RR Rossouw,DA Miller,KJ O'Brien,1,0,,,,,,"",""
ball,1,49.6,South Africa,DA Miller,RR Rossouw,KJ O'Brien,4,0,,,,,,"",""
ball,2,0.1,Ireland,WTS Porterfield,PR Stirling,DW Steyn,0,0,,,,,,"",""
ball,2,0.2,Ireland,WTS Porterfield,PR Stirling,DW Steyn,0,0,,,,,,"",""
ball,2,0.3,Ireland,WTS Porterfield,PR Stirling,DW Steyn,4,0,,,,,,"",""
ball,2,0.4,Ireland,WTS Porterfield,PR Stirling,DW Steyn,1,0,,,,,,"",""
ball,2,0.5,Ireland,PR Stirling,WTS Porterfield,DW Steyn,0,0,,,,,,"",""
ball,2,0.6,Ireland,PR Stirling,WTS Porterfield,DW Steyn,0,0,,,,,,"",""
ball,2,1.1,Ireland,WTS Porterfield,PR Stirling,KJ Abbott,2,0,,,,,,"",""
ball,2,1.2,Ireland,WTS Porterfield,PR Stirling,KJ Abbott,0,0,,,,,,"",""
ball,2,1.3,Ireland,WTS Porterfield,PR Stirling,KJ Abbott,0,0,,,,,,"",""
ball,2,1.4,Ireland,WTS Porterfield,PR Stirling,KJ Abbott,0,0,,,,,,"",""
ball,2,1.5,Ireland,WTS Porterfield,PR Stirling,KJ Abbott,0,0,,,,,,"",""
ball,2,1.6,Ireland,WTS Porterfield,PR Stirling,KJ Abbott,0,0,,,,,,"",""
ball,2,2.1,Ireland,PR Stirling,WTS Porterfield,DW Steyn,4,0,,,,,,"",""
ball,2,2.2,Ireland,PR Stirling,WTS Porterfield,DW Steyn,4,0,,,,,,"",""
ball,2,2.3,Ireland,PR Stirling,WTS Porterfield,DW Steyn,1,0,,,,,,"",""
ball,2,2.4,Ireland,WTS Porterfield,PR Stirling,DW Steyn,1,0,,,,,,"",""
ball,2,2.5,Ireland,PR Stirling,WTS Porterfield,DW Steyn,0,0,,,,,,caught,PR Stirling
ball,2,2.6,Ireland,EC Joyce,WTS Porterfield,DW Steyn,0,0,,,,,,"",""
ball,2,3.1,Ireland,WTS Porterfield,EC Joyce,KJ Abbott,0,0,,,,,,"",""
ball,2,3.2,Ireland,WTS Porterfield,EC Joyce,KJ Abbott,0,0,,,,,,"",""
ball,2,3.3,Ireland,WTS Porterfield,EC Joyce,KJ Abbott,4,0,,,,,,"",""
ball,2,3.4,Ireland,WTS Porterfield,EC Joyce,KJ Abbott,0,0,,,,,,"",""
ball,2,3.5,Ireland,WTS Porterfield,EC Joyce,KJ Abbott,0,0,,,,,,"",""
ball,2,3.6,Ireland,WTS Porterfield,EC Joyce,KJ Abbott,0,0,,,,,,caught,WTS Porterfield
ball,2,4.1,Ireland,EC Joyce,NJ O'Brien,DW Steyn,0,0,,,,,,"",""
ball,2,4.2,Ireland,EC Joyce,NJ O'Brien,DW Steyn,0,0,,,,,,"",""
ball,2,4.3,Ireland,EC Joyce,NJ O'Brien,DW Steyn,0,0,,,,,,caught,EC Joyce
ball,2,4.4,Ireland,A Balbirnie,NJ O'Brien,DW Steyn,0,0,,,,,,"",""
ball,2,4.5,Ireland,A Balbirnie,NJ O'Brien,DW Steyn,4,0,,,,,,"",""
ball,2,4.6,Ireland,A Balbirnie,NJ O'Brien,DW Steyn,0,0,,,,,,"",""
ball,2,5.1,Ireland,NJ O'Brien,A Balbirnie,KJ Abbott,0,0,,,,,,"",""
ball,2,5.2,Ireland,NJ O'Brien,A Balbirnie,KJ Abbott,1,0,,,,,,"",""
ball,2,5.3,Ireland,A Balbirnie,NJ O'Brien,KJ Abbott,0,0,,,,,,"",""
ball,2,5.4,Ireland,A Balbirnie,NJ O'Brien,KJ Abbott,0,0,,,,,,"",""
ball,2,5.5,Ireland,A Balbirnie,NJ O'Brien,KJ Abbott,0,0,,,,,,"",""
ball,2,5.6,Ireland,A Balbirnie,NJ O'Brien,KJ Abbott,0,0,,,,,,"",""
ball,2,6.1,Ireland,NJ O'Brien,A Balbirnie,DW Steyn,1,0,,,,,,"",""
ball,2,6.2,Ireland,A Balbirnie,NJ O'Brien,DW Steyn,1,0,,,,,,"",""
ball,2,6.3,Ireland,NJ O'Brien,A Balbirnie,DW Steyn,2,0,,,,,,"",""
ball,2,6.4,Ireland,NJ O'Brien,A Balbirnie,DW Steyn,4,0,,,,,,"",""
ball,2,6.5,Ireland,NJ O'Brien,A Balbirnie,DW Steyn,2,0,,,,,,"",""
ball,2,6.6,Ireland,NJ O'Brien,A Balbirnie,DW Steyn,0,0,,,,,,"",""
ball,2,7.1,Ireland,A Balbirnie,NJ O'Brien,M Morkel,0,0,,,,,,"",""
ball,2,7.2,Ireland,A Balbirnie,NJ O'Brien,M Morkel,0,0,,,,,,"",""
ball,2,7.3,Ireland,A Balbirnie,NJ O'Brien,M Morkel,0,0,,,,,,"",""
ball,2,7.4,Ireland,A Balbirnie,NJ O'Brien,M Morkel,0,0,,,,,,"",""
ball,2,7.5,Ireland,A Balbirnie,NJ O'Brien,M Morkel,0,0,,,,,,"",""
ball,2,7.6,Ireland,A Balbirnie,NJ O'Brien,M Morkel,1,0,,,,,,"",""
ball,2,8.1,Ireland,A Balbirnie,NJ O'Brien,KJ Abbott,0,0,,,,,,"",""
ball,2,8.2,Ireland,A Balbirnie,NJ O'Brien,KJ Abbott,1,0,,,,,,"",""
ball,2,8.3,Ireland,NJ O'Brien,A Balbirnie,KJ Abbott,4,0,,,,,,"",""
ball,2,8.4,Ireland,NJ O'Brien,A Balbirnie,KJ Abbott,0,0,,,,,,caught,NJ O'Brien
ball,2,8.5,Ireland,GC Wilson,A Balbirnie,KJ Abbott,0,0,,,,,,"",""
ball,2,8.6,Ireland,GC Wilson,A Balbirnie,KJ Abbott,0,0,,,,,,"",""
ball,2,9.1,Ireland,A Balbirnie,GC Wilson,M Morkel,0,0,,,,,,"",""
ball,2,9.2,Ireland,A Balbirnie,GC Wilson,M Morkel,0,0,,,,,,"",""
ball,2,9.3,Ireland,A Balbirnie,GC Wilson,M Morkel,0,0,,,,,,"",""
ball,2,9.4,Ireland,A Balbirnie,GC Wilson,M Morkel,4,0,,,,,,"",""
ball,2,9.5,Ireland,A Balbirnie,GC Wilson,M Morkel,0,0,,,,,,"",""
ball,2,9.6,Ireland,A Balbirnie,GC Wilson,M Morkel,1,0,,,,,,"",""
ball,2,10.1,Ireland,A Balbirnie,GC Wilson,KJ Abbott,1,0,,,,,,"",""
ball,2,10.2,Ireland,GC Wilson,A Balbirnie,KJ Abbott,0,0,,,,,,lbw,GC Wilson
ball,2,10.3,Ireland,KJ O'Brien,A Balbirnie,KJ Abbott,0,0,,,,,,"",""
ball,2,10.4,Ireland,KJ O'Brien,A Balbirnie,KJ Abbott,0,0,,,,,,"",""
ball,2,10.5,Ireland,KJ O'Brien,A Balbirnie,KJ Abbott,0,0,,,,,,"",""
ball,2,10.6,Ireland,KJ O'Brien,A Balbirnie,KJ Abbott,0,0,,,,,,"",""
ball,2,11.1,Ireland,A Balbirnie,KJ O'Brien,M Morkel,0,0,,,,,,"",""
ball,2,11.2,Ireland,A Balbirnie,KJ O'Brien,M Morkel,2,0,,,,,,"",""
ball,2,11.3,Ireland,A Balbirnie,KJ O'Brien,M Morkel,1,0,,,,,,"",""
ball,2,11.4,Ireland,KJ O'Brien,A Balbirnie,M Morkel,0,0,,,,,,"",""
ball,2,11.5,Ireland,KJ O'Brien,A Balbirnie,M Morkel,0,0,,,,,,"",""
ball,2,11.6,Ireland,KJ O'Brien,A Balbirnie,M Morkel,0,0,,,,,,"",""
ball,2,12.1,Ireland,A Balbirnie,KJ O'Brien,DW Steyn,1,0,,,,,,"",""
ball,2,12.2,Ireland,KJ O'Brien,A Balbirnie,DW Steyn,0,0,,,,,,"",""
ball,2,12.3,Ireland,KJ O'Brien,A Balbirnie,DW Steyn,0,0,,,,,,"",""
ball,2,12.4,Ireland,KJ O'Brien,A Balbirnie,DW Steyn,0,0,,,,,,"",""
ball,2,12.5,Ireland,KJ O'Brien,A Balbirnie,DW Steyn,0,0,,,,,,"",""
ball,2,12.6,Ireland,KJ O'Brien,A Balbirnie,DW Steyn,1,0,,,,,,"",""
ball,2,13.1,Ireland,KJ O'Brien,A Balbirnie,M Morkel,0,0,,,,,,"",""
ball,2,13.2,Ireland,KJ O'Brien,A Balbirnie,M Morkel,1,0,,,,,,"",""
ball,2,13.3,Ireland,A Balbirnie,KJ O'Brien,M Morkel,0,0,,,,,,"",""
ball,2,13.4,Ireland,A Balbirnie,KJ O'Brien,M Morkel,0,0,,,,,,"",""
ball,2,13.5,Ireland,A Balbirnie,KJ O'Brien,M Morkel,0,0,,,,,,"",""
ball,2,13.6,Ireland,A Balbirnie,KJ O'Brien,M Morkel,0,0,,,,,,"",""
ball,2,14.1,Ireland,KJ O'Brien,A Balbirnie,Imran Tahir,1,0,,,,,,"",""
ball,2,14.2,Ireland,A Balbirnie,KJ O'Brien,Imran Tahir,1,0,,,,,,"",""
ball,2,14.3,Ireland,KJ O'Brien,A Balbirnie,Imran Tahir,0,0,,,,,,"",""
ball,2,14.4,Ireland,KJ O'Brien,A Balbirnie,Imran Tahir,0,1,,,,1,,"",""
ball,2,14.5,Ireland,A Balbirnie,KJ O'Brien,Imran Tahir,4,0,,,,,,"",""
ball,2,14.6,Ireland,A Balbirnie,KJ O'Brien,Imran Tahir,0,0,,,,,,"",""
ball,2,15.1,Ireland,KJ O'Brien,A Balbirnie,F Behardien,1,0,,,,,,"",""
ball,2,15.2,Ireland,A Balbirnie,KJ O'Brien,F Behardien,0,0,,,,,,"",""
ball,2,15.3,Ireland,A Balbirnie,KJ O'Brien,F Behardien,1,0,,,,,,"",""
ball,2,15.4,Ireland,KJ O'Brien,A Balbirnie,F Behardien,1,0,,,,,,"",""
ball,2,15.5,Ireland,A Balbirnie,KJ O'Brien,F Behardien,0,0,,,,,,"",""
ball,2,15.6,Ireland,A Balbirnie,KJ O'Brien,F Behardien,1,0,,,,,,"",""
ball,2,16.1,Ireland,A Balbirnie,KJ O'Brien,Imran Tahir,4,0,,,,,,"",""
ball,2,16.2,Ireland,A Balbirnie,KJ O'Brien,Imran Tahir,1,0,,,,,,"",""
ball,2,16.3,Ireland,KJ O'Brien,A Balbirnie,Imran Tahir,0,0,,,,,,"",""
ball,2,16.4,Ireland,KJ O'Brien,A Balbirnie,Imran Tahir,2,0,,,,,,"",""
ball,2,16.5,Ireland,KJ O'Brien,A Balbirnie,Imran Tahir,0,0,,,,,,"",""
ball,2,16.6,Ireland,KJ O'Brien,A Balbirnie,Imran Tahir,0,0,,,,,,"",""
ball,2,17.1,Ireland,A Balbirnie,KJ O'Brien,F Behardien,2,0,,,,,,"",""
ball,2,17.2,Ireland,A Balbirnie,KJ O'Brien,F Behardien,1,0,,,,,,"",""
ball,2,17.3,Ireland,KJ O'Brien,A Balbirnie,F Behardien,0,0,,,,,,"",""
ball,2,17.4,Ireland,KJ O'Brien,A Balbirnie,F Behardien,1,0,,,,,,"",""
ball,2,17.5,Ireland,A Balbirnie,KJ O'Brien,F Behardien,1,0,,,,,,"",""
ball,2,17.6,Ireland,KJ O'Brien,A Balbirnie,F Behardien,4,0,,,,,,"",""
ball,2,18.1,Ireland,A Balbirnie,KJ O'Brien,Imran Tahir,0,0,,,,,,"",""
ball,2,18.2,Ireland,A Balbirnie,KJ O'Brien,Imran Tahir,0,0,,,,,,"",""
ball,2,18.3,Ireland,A Balbirnie,KJ O'Brien,Imran Tahir,0,0,,,,,,"",""
ball,2,18.4,Ireland,A Balbirnie,KJ O'Brien,Imran Tahir,0,0,,,,,,"",""
ball,2,18.5,Ireland,A Balbirnie,KJ O'Brien,Imran Tahir,1,0,,,,,,"",""
ball,2,18.6,Ireland,KJ O'Brien,A Balbirnie,Imran Tahir,0,0,,,,,,"",""
ball,2,19.1,Ireland,A Balbirnie,KJ O'Brien,RR Rossouw,1,0,,,,,,"",""
ball,2,19.2,Ireland,KJ O'Brien,A Balbirnie,RR Rossouw,0,0,,,,,,"",""
ball,2,19.3,Ireland,KJ O'Brien,A Balbirnie,RR Rossouw,1,0,,,,,,"",""
ball,2,19.4,Ireland,A Balbirnie,KJ O'Brien,RR Rossouw,1,0,,,,,,"",""
ball,2,19.5,Ireland,KJ O'Brien,A Balbirnie,RR Rossouw,2,0,,,,,,"",""
ball,2,19.6,Ireland,KJ O'Brien,A Balbirnie,RR Rossouw,0,0,,,,,,"",""
ball,2,20.1,Ireland,A Balbirnie,KJ O'Brien,Imran Tahir,0,0,,,,,,"",""
ball,2,20.2,Ireland,A Balbirnie,KJ O'Brien,Imran Tahir,0,0,,,,,,"",""
ball,2,20.3,Ireland,A Balbirnie,KJ O'Brien,Imran Tahir,1,0,,,,,,"",""
ball,2,20.4,Ireland,KJ O'Brien,A Balbirnie,Imran Tahir,0,1,,,,1,,"",""
ball,2,20.5,Ireland,A Balbirnie,KJ O'Brien,Imran Tahir,1,0,,,,,,"",""
ball,2,20.6,Ireland,KJ O'Brien,A Balbirnie,Imran Tahir,1,0,,,,,,"",""
ball,2,21.1,Ireland,KJ O'Brien,A Balbirnie,RR Rossouw,1,0,,,,,,"",""
ball,2,21.2,Ireland,A Balbirnie,KJ O'Brien,RR Rossouw,1,0,,,,,,"",""
ball,2,21.3,Ireland,KJ O'Brien,A Balbirnie,RR Rossouw,1,0,,,,,,"",""
ball,2,21.4,Ireland,A Balbirnie,KJ O'Brien,RR Rossouw,1,0,,,,,,"",""
ball,2,21.5,Ireland,KJ O'Brien,A Balbirnie,RR Rossouw,1,0,,,,,,"",""
ball,2,21.6,Ireland,A Balbirnie,KJ O'Brien,RR Rossouw,3,0,,,,,,"",""
ball,2,22.1,Ireland,A Balbirnie,KJ O'Brien,F du Plessis,0,5,5,,,,,"",""
ball,2,22.2,Ireland,A Balbirnie,KJ O'Brien,F du Plessis,0,0,,,,,,"",""
ball,2,22.3,Ireland,A Balbirnie,KJ O'Brien,F du Plessis,0,0,,,,,,"",""
ball,2,22.4,Ireland,A Balbirnie,KJ O'Brien,F du Plessis,1,0,,,,,,"",""
ball,2,22.5,Ireland,KJ O'Brien,A Balbirnie,F du Plessis,0,1,,,,1,,"",""
ball,2,22.6,Ireland,A Balbirnie,KJ O'Brien,F du Plessis,1,0,,,,,,"",""
ball,2,22.7,Ireland,KJ O'Brien,A Balbirnie,F du Plessis,0,0,,,,,,"",""
ball,2,23.1,Ireland,A Balbirnie,KJ O'Brien,M Morkel,0,0,,,,,,"",""
ball,2,23.2,Ireland,A Balbirnie,KJ O'Brien,M Morkel,0,0,,,,,,"",""
ball,2,23.3,Ireland,A Balbirnie,KJ O'Brien,M Morkel,0,0,,,,,,"",""
ball,2,23.4,Ireland,A Balbirnie,KJ O'Brien,M Morkel,4,0,,,,,,"",""
ball,2,23.5,Ireland,A Balbirnie,KJ O'Brien,M Morkel,4,0,,,,,,"",""
ball,2,23.6,Ireland,A Balbirnie,KJ O'Brien,M Morkel,0,0,,,,,,"",""
ball,2,24.1,Ireland,KJ O'Brien,A Balbirnie,F du Plessis,0,0,,,,,,"",""
ball,2,24.2,Ireland,KJ O'Brien,A Balbirnie,F du Plessis,1,0,,,,,,"",""
ball,2,24.3,Ireland,A Balbirnie,KJ O'Brien,F du Plessis,1,0,,,,,,"",""
ball,2,24.4,Ireland,KJ O'Brien,A Balbirnie,F du Plessis,6,0,,,,,,"",""
ball,2,24.5,Ireland,KJ O'Brien,A Balbirnie,F du Plessis,1,0,,,,,,"",""
ball,2,24.6,Ireland,A Balbirnie,KJ O'Brien,F du Plessis,0,0,,,,,,"",""
ball,2,25.1,Ireland,KJ O'Brien,A Balbirnie,M Morkel,0,0,,,,,,"",""
ball,2,25.2,Ireland,KJ O'Brien,A Balbirnie,M Morkel,0,0,,,,,,"",""
ball,2,25.3,Ireland,KJ O'Brien,A Balbirnie,M Morkel,1,0,,,,,,"",""
ball,2,25.4,Ireland,A Balbirnie,KJ O'Brien,M Morkel,4,0,,,,,,"",""
ball,2,25.5,Ireland,A Balbirnie,KJ O'Brien,M Morkel,0,0,,,,,,caught,A Balbirnie
ball,2,25.6,Ireland,KJ O'Brien,JF Mooney,M Morkel,0,1,1,,,,,"",""
ball,2,25.7,Ireland,KJ O'Brien,JF Mooney,M Morkel,0,0,,,,,,"",""
ball,2,26.1,Ireland,JF Mooney,KJ O'Brien,F du Plessis,1,0,,,,,,"",""
ball,2,26.2,Ireland,KJ O'Brien,JF Mooney,F du Plessis,0,0,,,,,,"",""
ball,2,26.3,Ireland,KJ O'Brien,JF Mooney,F du Plessis,2,0,,,,,,"",""
ball,2,26.4,Ireland,KJ O'Brien,JF Mooney,F du Plessis,1,0,,,,,,"",""
ball,2,26.5,Ireland,JF Mooney,KJ O'Brien,F du Plessis,1,0,,,,,,"",""
ball,2,26.6,Ireland,KJ O'Brien,JF Mooney,F du Plessis,0,0,,,,,,"",""
ball,2,27.1,Ireland,JF Mooney,KJ O'Brien,Imran Tahir,0,0,,,,,,"",""
ball,2,27.2,Ireland,JF Mooney,KJ O'Brien,Imran Tahir,0,0,,,,,,"",""
ball,2,27.3,Ireland,JF Mooney,KJ O'Brien,Imran Tahir,0,0,,,,,,"",""
ball,2,27.4,Ireland,JF Mooney,KJ O'Brien,Imran Tahir,0,0,,,,,,"",""
ball,2,27.5,Ireland,JF Mooney,KJ O'Brien,Imran Tahir,2,0,,,,,,"",""
ball,2,27.6,Ireland,JF Mooney,KJ O'Brien,Imran Tahir,0,0,,,,,,"",""
ball,2,28.1,Ireland,KJ O'Brien,JF Mooney,F du Plessis,4,0,,,,,,"",""
ball,2,28.2,Ireland,KJ O'Brien,JF Mooney,F du Plessis,2,0,,,,,,"",""
ball,2,28.3,Ireland,KJ O'Brien,JF Mooney,F du Plessis,1,0,,,,,,"",""
ball,2,28.4,Ireland,JF Mooney,KJ O'Brien,F du Plessis,0,0,,,,,,"",""
ball,2,28.5,Ireland,JF Mooney,KJ O'Brien,F du Plessis,2,0,,,,,,"",""
ball,2,28.6,Ireland,JF Mooney,KJ O'Brien,F du Plessis,0,0,,,,,,"",""
ball,2,29.1,Ireland,KJ O'Brien,JF Mooney,Imran Tahir,1,0,,,,,,"",""
ball,2,29.2,Ireland,JF Mooney,KJ O'Brien,Imran Tahir,1,0,,,,,,"",""
ball,2,29.3,Ireland,KJ O'Brien,JF Mooney,Imran Tahir,1,0,,,,,,"",""
ball,2,29.4,Ireland,JF Mooney,KJ O'Brien,Imran Tahir,1,0,,,,,,"",""
ball,2,29.5,Ireland,KJ O'Brien,JF Mooney,Imran Tahir,0,0,,,,,,"",""
ball,2,29.6,Ireland,KJ O'Brien,JF Mooney,Imran Tahir,0,0,,,,,,"",""
ball,2,30.1,Ireland,JF Mooney,KJ O'Brien,AB de Villiers,0,0,,,,,,"",""
ball,2,30.2,Ireland,JF Mooney,KJ O'Brien,AB de Villiers,0,0,,,,,,bowled,JF Mooney
ball,2,30.3,Ireland,GH Dockrell,KJ O'Brien,AB de Villiers,1,0,,,,,,"",""
ball,2,30.4,Ireland,KJ O'Brien,GH Dockrell,AB de Villiers,4,0,,,,,,"",""
ball,2,30.5,Ireland,KJ O'Brien,GH Dockrell,AB de Villiers,0,0,,,,,,"",""
ball,2,30.6,Ireland,KJ O'Brien,GH Dockrell,AB de Villiers,0,0,,,,,,"",""
ball,2,31.1,Ireland,GH Dockrell,KJ O'Brien,Imran Tahir,0,0,,,,,,"",""
ball,2,31.2,Ireland,GH Dockrell,KJ O'Brien,Imran Tahir,0,0,,,,,,"",""
ball,2,31.3,Ireland,GH Dockrell,KJ O'Brien,Imran Tahir,0,0,,,,,,"",""
ball,2,31.4,Ireland,GH Dockrell,KJ O'Brien,Imran Tahir,0,0,,,,,,"",""
ball,2,31.5,Ireland,GH Dockrell,KJ O'Brien,Imran Tahir,0,0,,,,,,"",""
ball,2,31.6,Ireland,GH Dockrell,KJ O'Brien,Imran Tahir,0,0,,,,,,"",""
ball,2,32.1,Ireland,KJ O'Brien,GH Dockrell,AB de Villiers,0,0,,,,,,"",""
ball,2,32.2,Ireland,KJ O'Brien,GH Dockrell,AB de Villiers,1,0,,,,,,"",""
ball,2,32.3,Ireland,GH Dockrell,KJ O'Brien,AB de Villiers,0,0,,,,,,"",""
ball,2,32.4,Ireland,GH Dockrell,KJ O'Brien,AB de Villiers,0,0,,,,,,"",""
ball,2,32.5,Ireland,GH Dockrell,KJ O'Brien,AB de Villiers,0,0,,,,,,"",""
ball,2,32.6,Ireland,GH Dockrell,KJ O'Brien,AB de Villiers,1,0,,,,,,"",""
ball,2,33.1,Ireland,GH Dockrell,KJ O'Brien,Imran Tahir,0,0,,,,,,"",""
ball,2,33.2,Ireland,GH Dockrell,KJ O'Brien,Imran Tahir,0,0,,,,,,"",""
ball,2,33.3,Ireland,GH Dockrell,KJ O'Brien,Imran Tahir,6,0,,,,,,"",""
ball,2,33.4,Ireland,GH Dockrell,KJ O'Brien,Imran Tahir,0,0,,,,,,"",""
ball,2,33.5,Ireland,GH Dockrell,KJ O'Brien,Imran Tahir,0,0,,,,,,"",""
ball,2,33.6,Ireland,GH Dockrell,KJ O'Brien,Imran Tahir,0,0,,,,,,"",""
ball,2,34.1,Ireland,KJ O'Brien,GH Dockrell,DW Steyn,2,0,,,,,,"",""
ball,2,34.2,Ireland,KJ O'Brien,GH Dockrell,DW Steyn,1,0,,,,,,"",""
ball,2,34.3,Ireland,GH Dockrell,KJ O'Brien,DW Steyn,0,0,,,,,,"",""
ball,2,34.4,Ireland,GH Dockrell,KJ O'Brien,DW Steyn,0,0,,,,,,"",""
ball,2,34.5,Ireland,GH Dockrell,KJ O'Brien,DW Steyn,0,0,,,,,,"",""
ball,2,34.6,Ireland,GH Dockrell,KJ O'Brien,DW Steyn,0,0,,,,,,"",""
ball,2,35.1,Ireland,KJ O'Brien,GH Dockrell,KJ Abbott,0,1,1,,,,,"",""
ball,2,35.2,Ireland,KJ O'Brien,GH Dockrell,KJ Abbott,0,0,,,,,,caught,KJ O'Brien
ball,2,35.3,Ireland,GH Dockrell,MC Sorensen,KJ Abbott,0,0,,,,,,"",""
ball,2,35.4,Ireland,GH Dockrell,MC Sorensen,KJ Abbott,0,0,,,,,,"",""
ball,2,35.5,Ireland,GH Dockrell,MC Sorensen,KJ Abbott,0,0,,,,,,"",""
ball,2,35.6,Ireland,GH Dockrell,MC Sorensen,KJ Abbott,1,0,,,,,,"",""
ball,2,35.7,Ireland,MC Sorensen,GH Dockrell,KJ Abbott,0,0,,,,,,"",""
ball,2,36.1,Ireland,GH Dockrell,MC Sorensen,DW Steyn,0,0,,,,,,"",""
ball,2,36.2,Ireland,GH Dockrell,MC Sorensen,DW Steyn,0,0,,,,,,"",""
ball,2,36.3,Ireland,GH Dockrell,MC Sorensen,DW Steyn,0,0,,,,,,"",""
ball,2,36.4,Ireland,GH Dockrell,MC Sorensen,DW Steyn,0,0,,,,,,"",""
ball,2,36.5,Ireland,GH Dockrell,MC Sorensen,DW Steyn,1,0,,,,,,"",""
ball,2,36.6,Ireland,MC Sorensen,GH Dockrell,DW Steyn,0,0,,,,,,"",""
ball,2,37.1,Ireland,GH Dockrell,MC Sorensen,KJ Abbott,0,0,,,,,,"",""
ball,2,37.2,Ireland,GH Dockrell,MC Sorensen,KJ Abbott,0,0,,,,,,"",""
ball,2,37.3,Ireland,GH Dockrell,MC Sorensen,KJ Abbott,0,0,,,,,,"",""
ball,2,37.4,Ireland,GH Dockrell,MC Sorensen,KJ Abbott,1,0,,,,,,"",""
ball,2,37.5,Ireland,MC Sorensen,GH Dockrell,KJ Abbott,0,0,,,,,,"",""
ball,2,37.6,Ireland,MC Sorensen,GH Dockrell,KJ Abbott,2,0,,,,,,"",""
ball,2,38.1,Ireland,GH Dockrell,MC Sorensen,DW Steyn,0,0,,,,,,"",""
ball,2,38.2,Ireland,GH Dockrell,MC Sorensen,DW Steyn,2,0,,,,,,"",""
ball,2,38.3,Ireland,GH Dockrell,MC Sorensen,DW Steyn,1,0,,,,,,"",""
ball,2,38.4,Ireland,MC Sorensen,GH Dockrell,DW Steyn,0,0,,,,,,"",""
ball,2,38.5,Ireland,MC Sorensen,GH Dockrell,DW Steyn,1,0,,,,,,"",""
ball,2,38.6,Ireland,GH Dockrell,MC Sorensen,DW Steyn,0,0,,,,,,"",""
ball,2,39.1,Ireland,MC Sorensen,GH Dockrell,Imran Tahir,0,0,,,,,,"",""
ball,2,39.2,Ireland,MC Sorensen,GH Dockrell,Imran Tahir,0,0,,,,,,"",""
ball,2,39.3,Ireland,MC Sorensen,GH Dockrell,Imran Tahir,0,0,,,,,,"",""
ball,2,39.4,Ireland,MC Sorensen,GH Dockrell,Imran Tahir,4,0,,,,,,"",""
ball,2,39.5,Ireland,MC Sorensen,GH Dockrell,Imran Tahir,4,0,,,,,,"",""
ball,2,39.6,Ireland,MC Sorensen,GH Dockrell,Imran Tahir,0,0,,,,,,"",""
ball,2,40.1,Ireland,GH Dockrell,MC Sorensen,M Morkel,0,0,,,,,,"",""
ball,2,40.2,Ireland,GH Dockrell,MC Sorensen,M Morkel,0,0,,,,,,"",""
ball,2,40.3,Ireland,GH Dockrell,MC Sorensen,M Morkel,0,1,1,,,,,"",""
ball,2,40.4,Ireland,GH Dockrell,MC Sorensen,M Morkel,1,0,,,,,,"",""
ball,2,40.5,Ireland,MC Sorensen,GH Dockrell,M Morkel,0,0,,,,,,"",""
ball,2,40.6,Ireland,MC Sorensen,GH Dockrell,M Morkel,0,0,,,,,,"",""
ball,2,40.7,Ireland,MC Sorensen,GH Dockrell,M Morkel,0,0,,,,,,"",""
ball,2,41.1,Ireland,GH Dockrell,MC Sorensen,Imran Tahir,0,0,,,,,,"",""
ball,2,41.2,Ireland,GH Dockrell,MC Sorensen,Imran Tahir,1,0,,,,,,"",""
ball,2,41.3,Ireland,MC Sorensen,GH Dockrell,Imran Tahir,4,0,,,,,,"",""
ball,2,41.4,Ireland,MC Sorensen,GH Dockrell,Imran Tahir,6,0,,,,,,"",""
ball,2,41.5,Ireland,MC Sorensen,GH Dockrell,Imran Tahir,1,0,,,,,,"",""
ball,2,41.6,Ireland,GH Dockrell,MC Sorensen,Imran Tahir,1,0,,,,,,"",""
ball,2,42.1,Ireland,GH Dockrell,MC Sorensen,M Morkel,0,0,,,,,,"",""
ball,2,42.2,Ireland,GH Dockrell,MC Sorensen,M Morkel,0,0,,,,,,"",""
ball,2,42.3,Ireland,GH Dockrell,MC Sorensen,M Morkel,0,0,,,,,,"",""
ball,2,42.4,Ireland,GH Dockrell,MC Sorensen,M Morkel,0,0,,,,,,"",""
ball,2,42.5,Ireland,GH Dockrell,MC Sorensen,M Morkel,1,0,,,,,,"",""
ball,2,42.6,Ireland,MC Sorensen,GH Dockrell,M Morkel,0,0,,,,,,caught,MC Sorensen
ball,2,43.1,Ireland,GH Dockrell,AR McBrine,KJ Abbott,0,0,,,,,,"",""
ball,2,43.2,Ireland,GH Dockrell,AR McBrine,KJ Abbott,1,0,,,,,,"",""
ball,2,43.3,Ireland,AR McBrine,GH Dockrell,KJ Abbott,0,0,,,,,,"",""
ball,2,43.4,Ireland,AR McBrine,GH Dockrell,KJ Abbott,0,0,,,,,,"",""
ball,2,43.5,Ireland,AR McBrine,GH Dockrell,KJ Abbott,2,0,,,,,,"",""
ball,2,43.6,Ireland,AR McBrine,GH Dockrell,KJ Abbott,0,0,,,,,,"",""
ball,2,44.1,Ireland,GH Dockrell,AR McBrine,M Morkel,0,0,,,,,,"",""
ball,2,44.2,Ireland,GH Dockrell,AR McBrine,M Morkel,4,0,,,,,,"",""
ball,2,44.3,Ireland,GH Dockrell,AR McBrine,M Morkel,0,1,1,,,,,"",""
ball,2,44.4,Ireland,GH Dockrell,AR McBrine,M Morkel,0,0,,,,,,"",""
ball,2,44.5,Ireland,GH Dockrell,AR McBrine,M Morkel,0,0,,,,,,"",""
ball,2,44.6,Ireland,GH Dockrell,AR McBrine,M Morkel,2,0,,,,,,"",""
ball,2,44.7,Ireland,GH Dockrell,AR McBrine,M Morkel,0,0,,,,,,bowled,GH Dockrell
