version,1.6.0
info,balls_per_over,6
info,team,Australia
info,team,Scotland
info,gender,male
info,season,2014/15
info,date,2015/03/14
info,event,ICC Cricket World Cup
info,match_number,40
info,venue,Bellerive Oval
info,city,Hobart
info,toss_winner,Australia
info,toss_decision,field
info,player_of_match,MA Starc
info,umpire,IJ Gould
info,umpire,RK Illingworth
info,reserve_umpire,MA Gough
info,tv_umpire,JS Wilson
info,match_referee,JJ Crowe
info,winner,Australia
info,winner_wickets,7
info,player,Australia,MJ Clarke
info,player,Australia,AJ Finch
info,player,Australia,SR Watson
info,player,Australia,JP Faulkner
info,player,Australia,DA Warner
info,player,Australia,SPD Smith
info,player,Australia,GJ Maxwell
info,player,Australia,BJ Haddin
info,player,Australia,MG Johnson
info,player,Australia,MA Starc
info,player,Australia,PJ Cummins
info,player,Scotland,KJ Coetzer
info,player,Scotland,CS MacLeod
info,player,Scotland,MW Machan
info,player,Scotland,PL Mommsen
info,player,Scotland,FRJ Coleman
info,player,Scotland,RD Berrington
info,player,Scotland,MH Cross
info,player,Scotland,JH Davey
info,player,Scotland,RML Taylor
info,player,Scotland,MA Leask
info,player,Scotland,I Wardlaw
info,registry,people,AJ Finch,b8d490fd
info,registry,people,BJ Haddin,b0c772ee
info,registry,people,CS MacLeod,9c376401
info,registry,people,DA Warner,dcce6f09
info,registry,people,FRJ Coleman,971c3f6d
info,registry,people,GJ Maxwell,b681e71e
info,registry,people,I Wardlaw,7429c452
info,registry,people,IJ Gould,a9dfdf6c
info,registry,people,JH Davey,d3868bd0
info,registry,people,JJ Crowe,2e760301
info,registry,people,JP Faulkner,808f425a
info,registry,people,JS Wilson,d7f3b72f
info,registry,people,KJ Coetzer,85d8110a
info,registry,people,MA Gough,76752ac8
info,registry,people,MA Leask,28131839
info,registry,people,MA Starc,3fb19989
info,registry,people,MG Johnson,f5180fe6
info,registry,people,MH Cross,8b261d84
info,registry,people,MJ Clarke,f842c2cf
info,registry,people,MW Machan,8c7d6cbe
info,registry,people,PJ Cummins,ded9240e
info,registry,people,PL Mommsen,a56f4b65
info,registry,people,RD Berrington,e21bc7f3
info,registry,people,RK Illingworth,20672246
info,registry,people,RML Taylor,7fa2ab1f
info,registry,people,SPD Smith,30a45b23
info,registry,people,SR Watson,4329fbb5
ball,1,0.1,Scotland,KJ Coetzer,CS MacLeod,MA Starc,0,0,,,,,,"",""
ball,1,0.2,Scotland,KJ Coetzer,CS MacLeod,MA Starc,0,0,,,,,,"",""
ball,1,0.3,Scotland,KJ Coetzer,CS MacLeod,MA Starc,0,0,,,,,,"",""
ball,1,0.4,Scotland,KJ Coetzer,CS MacLeod,MA Starc,0,0,,,,,,"",""
ball,1,0.5,Scotland,KJ Coetzer,CS MacLeod,MA Starc,0,0,,,,,,"",""
ball,1,0.6,Scotland,KJ Coetzer,CS MacLeod,MA Starc,0,0,,,,,,"",""
ball,1,1.1,Scotland,CS MacLeod,KJ Coetzer,PJ Cummins,0,0,,,,,,"",""
ball,1,1.2,Scotland,CS MacLeod,KJ Coetzer,PJ Cummins,0,0,,,,,,"",""
ball,1,1.3,Scotland,CS MacLeod,KJ Coetzer,PJ Cummins,0,0,,,,,,"",""
ball,1,1.4,Scotland,CS MacLeod,KJ Coetzer,PJ Cummins,0,0,,,,,,"",""
ball,1,1.5,Scotland,CS MacLeod,KJ Coetzer,PJ Cummins,4,0,,,,,,"",""
ball,1,1.6,Scotland,CS MacLeod,KJ Coetzer,PJ Cummins,4,0,,,,,,"",""
ball,1,2.1,Scotland,KJ Coetzer,CS MacLeod,MA Starc,0,0,,,,,,"",""
ball,1,2.2,Scotland,KJ Coetzer,CS MacLeod,MA Starc,0,0,,,,,,"",""
ball,1,2.3,Scotland,KJ Coetzer,CS MacLeod,MA Starc,0,0,,,,,,"",""
ball,1,2.4,Scotland,KJ Coetzer,CS MacLeod,MA Starc,0,0,,,,,,"",""
ball,1,2.5,Scotland,KJ Coetzer,CS MacLeod,MA Starc,0,0,,,,,,caught,KJ Coetzer
ball,1,2.6,Scotland,MW Machan,CS MacLeod,MA Starc,1,0,,,,,,"",""
ball,1,3.1,Scotland,MW Machan,CS MacLeod,PJ Cummins,1,0,,,,,,"",""
ball,1,3.2,Scotland,CS MacLeod,MW Machan,PJ Cummins,4,0,,,,,,"",""
ball,1,3.3,Scotland,CS MacLeod,MW Machan,PJ Cummins,0,0,,,,,,"",""
ball,1,3.4,Scotland,CS MacLeod,MW Machan,PJ Cummins,0,0,,,,,,"",""
ball,1,3.5,Scotland,CS MacLeod,MW Machan,PJ Cummins,4,0,,,,,,"",""
ball,1,3.6,Scotland,CS MacLeod,MW Machan,PJ Cummins,0,0,,,,,,"",""
ball,1,4.1,Scotland,MW Machan,CS MacLeod,MA Starc,2,0,,,,,,"",""
ball,1,4.2,Scotland,MW Machan,CS MacLeod,MA Starc,0,0,,,,,,"",""
ball,1,4.3,Scotland,MW Machan,CS MacLeod,MA Starc,4,0,,,,,,"",""
ball,1,4.4,Scotland,MW Machan,CS MacLeod,MA Starc,0,1,1,,,,,"",""
ball,1,4.5,Scotland,MW Machan,CS MacLeod,MA Starc,0,0,,,,,,"",""
ball,1,4.6,Scotland,MW Machan,CS MacLeod,MA Starc,0,0,,,,,,"",""
ball,1,4.7,Scotland,MW Machan,CS MacLeod,MA Starc,0,0,,,,,,"",""
ball,1,5.1,Scotland,CS MacLeod,MW Machan,SR Watson,0,0,,,,,,"",""
ball,1,5.2,Scotland,CS MacLeod,MW Machan,SR Watson,0,0,,,,,,"",""
ball,1,5.3,Scotland,CS MacLeod,MW Machan,SR Watson,1,0,,,,,,"",""
ball,1,5.4,Scotland,MW Machan,CS MacLeod,SR Watson,0,0,,,,,,"",""
ball,1,5.5,Scotland,MW Machan,CS MacLeod,SR Watson,4,0,,,,,,"",""
ball,1,5.6,Scotland,MW Machan,CS MacLeod,SR Watson,0,0,,,,,,"",""
ball,1,6.1,Scotland,CS MacLeod,MW Machan,MA Starc,4,0,,,,,,"",""
ball,1,6.2,Scotland,CS MacLeod,MW Machan,MA Starc,1,0,,,,,,"",""
ball,1,6.3,Scotland,MW Machan,CS MacLeod,MA Starc,1,0,,,,,,"",""
ball,1,6.4,Scotland,CS MacLeod,MW Machan,MA Starc,0,0,,,,,,"",""
ball,1,6.5,Scotland,CS MacLeod,MW Machan,MA Starc,0,0,,,,,,"",""
ball,1,6.6,Scotland,CS MacLeod,MW Machan,MA Starc,0,0,,,,,,caught,CS MacLeod
ball,1,7.1,Scotland,MW Machan,PL Mommsen,SR Watson,1,0,,,,,,"",""
ball,1,7.2,Scotland,PL Mommsen,MW Machan,SR Watson,0,0,,,,,,"",""
ball,1,7.3,Scotland,PL Mommsen,MW Machan,SR Watson,0,0,,,,,,caught,PL Mommsen
ball,1,7.4,Scotland,MW Machan,FRJ Coleman,SR Watson,0,0,,,,,,"",""
ball,1,7.5,Scotland,MW Machan,FRJ Coleman,SR Watson,2,0,,,,,,"",""
ball,1,7.6,Scotland,MW Machan,FRJ Coleman,SR Watson,4,0,,,,,,"",""
ball,1,8.1,Scotland,FRJ Coleman,MW Machan,MG Johnson,0,0,,,,,,"",""
ball,1,8.2,Scotland,FRJ Coleman,MW Machan,MG Johnson,0,0,,,,,,"",""
ball,1,8.3,Scotland,FRJ Coleman,MW Machan,MG Johnson,0,0,,,,,,"",""
ball,1,8.4,Scotland,FRJ Coleman,MW Machan,MG Johnson,0,0,,,,,,"",""
ball,1,8.5,Scotland,FRJ Coleman,MW Machan,MG Johnson,0,0,,,,,,"",""
ball,1,8.6,Scotland,FRJ Coleman,MW Machan,MG Johnson,0,0,,,,,,"",""
ball,1,9.1,Scotland,MW Machan,FRJ Coleman,SR Watson,0,0,,,,,,"",""
ball,1,9.2,Scotland,MW Machan,FRJ Coleman,SR Watson,2,0,,,,,,"",""
ball,1,9.3,Scotland,MW Machan,FRJ Coleman,SR Watson,4,0,,,,,,"",""
ball,1,9.4,Scotland,MW Machan,FRJ Coleman,SR Watson,0,0,,,,,,"",""
ball,1,9.5,Scotland,MW Machan,FRJ Coleman,SR Watson,0,0,,,,,,"",""
ball,1,9.6,Scotland,MW Machan,FRJ Coleman,SR Watson,0,0,,,,,,"",""
ball,1,10.1,Scotland,FRJ Coleman,MW Machan,MG Johnson,0,1,1,,,,,"",""
ball,1,10.2,Scotland,FRJ Coleman,MW Machan,MG Johnson,0,0,,,,,,caught,FRJ Coleman
ball,1,10.3,Scotland,RD Berrington,MW Machan,MG Johnson,0,0,,,,,,"",""
ball,1,10.4,Scotland,RD Berrington,MW Machan,MG Johnson,0,0,,,,,,"",""
ball,1,10.5,Scotland,RD Berrington,MW Machan,MG Johnson,0,0,,,,,,"",""
ball,1,10.6,Scotland,RD Berrington,MW Machan,MG Johnson,0,0,,,,,,"",""
ball,1,10.7,Scotland,RD Berrington,MW Machan,MG Johnson,1,0,,,,,,"",""
ball,1,11.1,Scotland,RD Berrington,MW Machan,GJ Maxwell,0,0,,,,,,caught,RD Berrington
ball,1,11.2,Scotland,MH Cross,MW Machan,GJ Maxwell,0,0,,,,,,"",""
ball,1,11.3,Scotland,MH Cross,MW Machan,GJ Maxwell,0,0,,,,,,"",""
ball,1,11.4,Scotland,MH Cross,MW Machan,GJ Maxwell,0,0,,,,,,"",""
ball,1,11.5,Scotland,MH Cross,MW Machan,GJ Maxwell,0,4,4,,,,,"",""
ball,1,11.6,Scotland,MW Machan,MH Cross,GJ Maxwell,0,0,,,,,,"",""
ball,1,11.7,Scotland,MW Machan,MH Cross,GJ Maxwell,2,0,,,,,,"",""
ball,1,12.1,Scotland,MH Cross,MW Machan,MG Johnson,0,0,,,,,,"",""
ball,1,12.2,Scotland,MH Cross,MW Machan,MG Johnson,4,0,,,,,,"",""
ball,1,12.3,Scotland,MH Cross,MW Machan,MG Johnson,0,0,,,,,,"",""
ball,1,12.4,Scotland,MH Cross,MW Machan,MG Johnson,0,0,,,,,,"",""
ball,1,12.5,Scotland,MH Cross,MW Machan,MG Johnson,0,0,,,,,,"",""
ball,1,12.6,Scotland,MH Cross,MW Machan,MG Johnson,0,0,,,,,,"",""
ball,1,13.1,Scotland,MW Machan,MH Cross,GJ Maxwell,1,0,,,,,,"",""
ball,1,13.2,Scotland,MH Cross,MW Machan,GJ Maxwell,0,0,,,,,,"",""
ball,1,13.3,Scotland,MH Cross,MW Machan,GJ Maxwell,1,0,,,,,,"",""
ball,1,13.4,Scotland,MW Machan,MH Cross,GJ Maxwell,0,0,,,,,,"",""
ball,1,13.5,Scotland,MW Machan,MH Cross,GJ Maxwell,1,0,,,,,,"",""
ball,1,13.6,Scotland,MH Cross,MW Machan,GJ Maxwell,0,0,,,,,,"",""
ball,1,14.1,Scotland,MW Machan,MH Cross,MG Johnson,0,0,,,,,,"",""
ball,1,14.2,Scotland,MW Machan,MH Cross,MG Johnson,4,0,,,,,,"",""
ball,1,14.3,Scotland,MW Machan,MH Cross,MG Johnson,4,0,,,,,,"",""
ball,1,14.4,Scotland,MW Machan,MH Cross,MG Johnson,0,0,,,,,,"",""
ball,1,14.5,Scotland,MW Machan,MH Cross,MG Johnson,2,0,,,,,,"",""
ball,1,14.6,Scotland,MW Machan,MH Cross,MG Johnson,0,0,,,,,,"",""
ball,1,15.1,Scotland,MH Cross,MW Machan,GJ Maxwell,4,0,,,,,,"",""
ball,1,15.2,Scotland,MH Cross,MW Machan,GJ Maxwell,0,0,,,,,,"",""
ball,1,15.3,Scotland,MH Cross,MW Machan,GJ Maxwell,0,0,,,,,,"",""
ball,1,15.4,Scotland,MH Cross,MW Machan,GJ Maxwell,0,0,,,,,,"",""
ball,1,15.5,Scotland,MH Cross,MW Machan,GJ Maxwell,0,0,,,,,,"",""
ball,1,15.6,Scotland,MH Cross,MW Machan,GJ Maxwell,0,0,,,,,,"",""
ball,1,16.1,Scotland,MW Machan,MH Cross,PJ Cummins,0,0,,,,,,"",""
ball,1,16.2,Scotland,MW Machan,MH Cross,PJ Cummins,0,0,,,,,,caught,MW Machan
ball,1,16.3,Scotland,MH Cross,JH Davey,PJ Cummins,0,1,1,,,,,"",""
ball,1,16.4,Scotland,MH Cross,JH Davey,PJ Cummins,0,0,,,,,,"",""
ball,1,16.5,Scotland,MH Cross,JH Davey,PJ Cummins,0,0,,,,,,caught,MH Cross
ball,1,16.6,Scotland,RML Taylor,JH Davey,PJ Cummins,0,0,,,,,,"",""
ball,1,16.7,Scotland,RML Taylor,JH Davey,PJ Cummins,0,0,,,,,,"",""
ball,1,17.1,Scotland,JH Davey,RML Taylor,GJ Maxwell,0,0,,,,,,"",""
ball,1,17.2,Scotland,JH Davey,RML Taylor,GJ Maxwell,4,0,,,,,,"",""
ball,1,17.3,Scotland,JH Davey,RML Taylor,GJ Maxwell,0,0,,,,,,"",""
ball,1,17.4,Scotland,JH Davey,RML Taylor,GJ Maxwell,4,0,,,,,,"",""
ball,1,17.5,Scotland,JH Davey,RML Taylor,GJ Maxwell,2,0,,,,,,"",""
ball,1,17.6,Scotland,JH Davey,RML Taylor,GJ Maxwell,1,0,,,,,,"",""
ball,1,18.1,Scotland,JH Davey,RML Taylor,PJ Cummins,0,0,,,,,,"",""
ball,1,18.2,Scotland,JH Davey,RML Taylor,PJ Cummins,0,0,,,,,,"",""
ball,1,18.3,Scotland,JH Davey,RML Taylor,PJ Cummins,0,1,,,,1,,"",""
ball,1,18.4,Scotland,RML Taylor,JH Davey,PJ Cummins,0,0,,,,,,"",""
ball,1,18.5,Scotland,RML Taylor,JH Davey,PJ Cummins,0,0,,,,,,"",""
ball,1,18.6,Scotland,RML Taylor,JH Davey,PJ Cummins,0,0,,,,,,"",""
ball,1,19.1,Scotland,JH Davey,RML Taylor,JP Faulkner,0,0,,,,,,"",""
ball,1,19.2,Scotland,JH Davey,RML Taylor,JP Faulkner,0,0,,,,,,"",""
ball,1,19.3,Scotland,JH Davey,RML Taylor,JP Faulkner,0,0,,,,,,"",""
ball,1,19.4,Scotland,JH Davey,RML Taylor,JP Faulkner,0,0,,,,,,"",""
ball,1,19.5,Scotland,JH Davey,RML Taylor,JP Faulkner,0,0,,,,,,"",""
ball,1,19.6,Scotland,JH Davey,RML Taylor,JP Faulkner,4,0,,,,,,"",""
ball,1,20.1,Scotland,RML Taylor,JH Davey,PJ Cummins,0,0,,,,,,caught,RML Taylor
ball,1,20.2,Scotland,MA Leask,JH Davey,PJ Cummins,1,0,,,,,,"",""
ball,1,20.3,Scotland,JH Davey,MA Leask,PJ Cummins,1,0,,,,,,"",""
ball,1,20.4,Scotland,MA Leask,JH Davey,PJ Cummins,1,0,,,,,,"",""
ball,1,20.5,Scotland,JH Davey,MA Leask,PJ Cummins,0,0,,,,,,"",""
ball,1,20.6,Scotland,JH Davey,MA Leask,PJ Cummins,4,0,,,,,,"",""
ball,1,21.1,Scotland,MA Leask,JH Davey,JP Faulkner,0,0,,,,,,"",""
ball,1,21.2,Scotland,MA Leask,JH Davey,JP Faulkner,5,0,,,,,,"",""
ball,1,21.3,Scotland,JH Davey,MA Leask,JP Faulkner,0,0,,,,,,"",""
ball,1,21.4,Scotland,JH Davey,MA Leask,JP Faulkner,0,0,,,,,,"",""
ball,1,21.5,Scotland,JH Davey,MA Leask,JP Faulkner,0,0,,,,,,"",""
ball,1,21.6,Scotland,JH Davey,MA Leask,JP Faulkner,2,0,,,,,,"",""
ball,1,22.1,Scotland,MA Leask,JH Davey,PJ Cummins,0,0,,,,,,"",""
ball,1,22.2,Scotland,MA Leask,JH Davey,PJ Cummins,4,0,,,,,,"",""
ball,1,22.3,Scotland,MA Leask,JH Davey,PJ Cummins,4,0,,,,,,"",""
ball,1,22.4,Scotland,MA Leask,JH Davey,PJ Cummins,4,0,,,,,,"",""
ball,1,22.5,Scotland,MA Leask,JH Davey,PJ Cummins,0,0,,,,,,"",""
ball,1,22.6,Scotland,MA Leask,JH Davey,PJ Cummins,0,0,,,,,,"",""
ball,1,23.1,Scotland,JH Davey,MA Leask,JP Faulkner,0,0,,,,,,"",""
ball,1,23.2,Scotland,JH Davey,MA Leask,JP Faulkner,0,1,1,,,,,"",""
ball,1,23.3,Scotland,JH Davey,MA Leask,JP Faulkner,0,0,,,,,,"",""
ball,1,23.4,Scotland,JH Davey,MA Leask,JP Faulkner,0,0,,,,,,"",""
ball,1,23.5,Scotland,JH Davey,MA Leask,JP Faulkner,0,0,,,,,,"",""
ball,1,23.6,Scotland,JH Davey,MA Leask,JP Faulkner,0,0,,,,,,"",""
ball,1,23.7,Scotland,JH Davey,MA Leask,JP Faulkner,3,0,,,,,,"",""
ball,1,24.1,Scotland,JH Davey,MA Leask,PJ Cummins,0,0,,,,,,"",""
ball,1,24.2,Scotland,JH Davey,MA Leask,PJ Cummins,0,0,,,,,,"",""
ball,1,24.3,Scotland,JH Davey,MA Leask,PJ Cummins,0,0,,,,,,"",""
ball,1,24.4,Scotland,JH Davey,MA Leask,PJ Cummins,0,0,,,,,,"",""
ball,1,24.5,Scotland,JH Davey,MA Leask,PJ Cummins,1,0,,,,,,"",""
ball,1,24.6,Scotland,MA Leask,JH Davey,PJ Cummins,4,0,,,,,,"",""
ball,1,25.1,Scotland,JH Davey,MA Leask,MA Starc,0,0,,,,,,"",""
ball,1,25.2,Scotland,JH Davey,MA Leask,MA Starc,0,0,,,,,,bowled,JH Davey
ball,1,25.3,Scotland,I Wardlaw,MA Leask,MA Starc,0,0,,,,,,"",""
ball,1,25.4,Scotland,I Wardlaw,MA Leask,MA Starc,0,0,,,,,,bowled,I Wardlaw
ball,2,0.1,Australia,MJ Clarke,AJ Finch,I Wardlaw,1,0,,,,,,"",""
ball,2,0.2,Australia,AJ Finch,MJ Clarke,I Wardlaw,1,0,,,,,,"",""
ball,2,0.3,Australia,MJ Clarke,AJ Finch,I Wardlaw,0,0,,,,,,"",""
ball,2,0.4,Australia,MJ Clarke,AJ Finch,I Wardlaw,0,0,,,,,,"",""
ball,2,0.5,Australia,MJ Clarke,AJ Finch,I Wardlaw,4,0,,,,,,"",""
ball,2,0.6,Australia,MJ Clarke,AJ Finch,I Wardlaw,0,0,,,,,,"",""
ball,2,1.1,Australia,AJ Finch,MJ Clarke,RML Taylor,1,0,,,,,,"",""
ball,2,1.2,Australia,MJ Clarke,AJ Finch,RML Taylor,0,0,,,,,,"",""
ball,2,1.3,Australia,MJ Clarke,AJ Finch,RML Taylor,0,0,,,,,,"",""
ball,2,1.4,Australia,MJ Clarke,AJ Finch,RML Taylor,0,0,,,,,,"",""
ball,2,1.5,Australia,MJ Clarke,AJ Finch,RML Taylor,0,0,,,,,,"",""
ball,2,1.6,Australia,MJ Clarke,AJ Finch,RML Taylor,0,0,,,,,,"",""
ball,2,2.1,Australia,AJ Finch,MJ Clarke,I Wardlaw,4,0,,,,,,"",""
ball,2,2.2,Australia,AJ Finch,MJ Clarke,I Wardlaw,6,0,,,,,,"",""
ball,2,2.3,Australia,AJ Finch,MJ Clarke,I Wardlaw,0,0,,,,,,"",""
ball,2,2.4,Australia,AJ Finch,MJ Clarke,I Wardlaw,0,0,,,,,,"",""
ball,2,2.5,Australia,AJ Finch,MJ Clarke,I Wardlaw,4,0,,,,,,"",""
ball,2,2.6,Australia,AJ Finch,MJ Clarke,I Wardlaw,0,0,,,,,,"",""
ball,2,3.1,Australia,MJ Clarke,AJ Finch,RML Taylor,0,0,,,,,,"",""
ball,2,3.2,Australia,MJ Clarke,AJ Finch,RML Taylor,4,0,,,,,,"",""
ball,2,3.3,Australia,MJ Clarke,AJ Finch,RML Taylor,0,0,,,,,,"",""
ball,2,3.4,Australia,MJ Clarke,AJ Finch,RML Taylor,1,0,,,,,,"",""
ball,2,3.5,Australia,AJ Finch,MJ Clarke,RML Taylor,4,0,,,,,,"",""
ball,2,3.6,Australia,AJ Finch,MJ Clarke,RML Taylor,0,0,,,,,,caught,AJ Finch
ball,2,4.1,Australia,MJ Clarke,SR Watson,I Wardlaw,6,0,,,,,,"",""
ball,2,4.2,Australia,MJ Clarke,SR Watson,I Wardlaw,0,1,1,,,,,"",""
ball,2,4.3,Australia,MJ Clarke,SR Watson,I Wardlaw,4,0,,,,,,"",""
ball,2,4.4,Australia,MJ Clarke,SR Watson,I Wardlaw,0,0,,,,,,"",""
ball,2,4.5,Australia,MJ Clarke,SR Watson,I Wardlaw,0,0,,,,,,"",""
ball,2,4.6,Australia,MJ Clarke,SR Watson,I Wardlaw,0,0,,,,,,"",""
ball,2,4.7,Australia,MJ Clarke,SR Watson,I Wardlaw,0,0,,,,,,"",""
ball,2,5.1,Australia,SR Watson,MJ Clarke,RML Taylor,0,0,,,,,,"",""
ball,2,5.2,Australia,SR Watson,MJ Clarke,RML Taylor,0,0,,,,,,"",""
ball,2,5.3,Australia,SR Watson,MJ Clarke,RML Taylor,0,0,,,,,,"",""
ball,2,5.4,Australia,SR Watson,MJ Clarke,RML Taylor,0,0,,,,,,"",""
ball,2,5.5,Australia,SR Watson,MJ Clarke,RML Taylor,0,0,,,,,,"",""
ball,2,5.6,Australia,SR Watson,MJ Clarke,RML Taylor,1,0,,,,,,"",""
ball,2,6.1,Australia,SR Watson,MJ Clarke,JH Davey,1,0,,,,,,"",""
ball,2,6.2,Australia,MJ Clarke,SR Watson,JH Davey,0,0,,,,,,"",""
ball,2,6.3,Australia,MJ Clarke,SR Watson,JH Davey,1,0,,,,,,"",""
ball,2,6.4,Australia,SR Watson,MJ Clarke,JH Davey,0,0,,,,,,"",""
ball,2,6.5,Australia,SR Watson,MJ Clarke,JH Davey,1,0,,,,,,"",""
ball,2,6.6,Australia,MJ Clarke,SR Watson,JH Davey,0,0,,,,,,"",""
ball,2,7.1,Australia,SR Watson,MJ Clarke,RML Taylor,1,0,,,,,,"",""
ball,2,7.2,Australia,MJ Clarke,SR Watson,RML Taylor,0,0,,,,,,"",""
ball,2,7.3,Australia,MJ Clarke,SR Watson,RML Taylor,4,0,,,,,,"",""
ball,2,7.4,Australia,MJ Clarke,SR Watson,RML Taylor,0,0,,,,,,"",""
ball,2,7.5,Australia,MJ Clarke,SR Watson,RML Taylor,1,0,,,,,,"",""
ball,2,7.6,Australia,SR Watson,MJ Clarke,RML Taylor,4,0,,,,,,"",""
ball,2,8.1,Australia,MJ Clarke,SR Watson,JH Davey,0,0,,,,,,"",""
ball,2,8.2,Australia,MJ Clarke,SR Watson,JH Davey,0,0,,,,,,"",""
ball,2,8.3,Australia,MJ Clarke,SR Watson,JH Davey,0,0,,,,,,"",""
ball,2,8.4,Australia,MJ Clarke,SR Watson,JH Davey,0,0,,,,,,"",""
ball,2,8.5,Australia,MJ Clarke,SR Watson,JH Davey,0,0,,,,,,"",""
ball,2,8.6,Australia,MJ Clarke,SR Watson,JH Davey,0,0,,,,,,"",""
ball,2,9.1,Australia,SR Watson,MJ Clarke,RML Taylor,4,0,,,,,,"",""
ball,2,9.2,Australia,SR Watson,MJ Clarke,RML Taylor,0,0,,,,,,"",""
ball,2,9.3,Australia,SR Watson,MJ Clarke,RML Taylor,0,0,,,,,,"",""
ball,2,9.4,Australia,SR Watson,MJ Clarke,RML Taylor,0,0,,,,,,"",""
ball,2,9.5,Australia,SR Watson,MJ Clarke,RML Taylor,4,0,,,,,,"",""
ball,2,9.6,Australia,SR Watson,MJ Clarke,RML Taylor,0,0,,,,,,"",""
ball,2,10.1,Australia,MJ Clarke,SR Watson,JH Davey,0,0,,,,,,"",""
ball,2,10.2,Australia,MJ Clarke,SR Watson,JH Davey,4,0,,,,,,"",""
ball,2,10.3,Australia,MJ Clarke,SR Watson,JH Davey,0,0,,,,,,"",""
ball,2,10.4,Australia,MJ Clarke,SR Watson,JH Davey,4,0,,,,,,"",""
ball,2,10.5,Australia,MJ Clarke,SR Watson,JH Davey,0,0,,,,,,"",""
ball,2,10.6,Australia,MJ Clarke,SR Watson,JH Davey,0,0,,,,,,"",""
ball,2,11.1,Australia,SR Watson,MJ Clarke,I Wardlaw,1,0,,,,,,"",""
ball,2,11.2,Australia,MJ Clarke,SR Watson,I Wardlaw,6,0,,,,,,"",""
ball,2,11.3,Australia,MJ Clarke,SR Watson,I Wardlaw,0,0,,,,,,"",""
ball,2,11.4,Australia,MJ Clarke,SR Watson,I Wardlaw,1,0,,,,,,"",""
ball,2,11.5,Australia,SR Watson,MJ Clarke,I Wardlaw,0,0,,,,,,"",""
ball,2,11.6,Australia,SR Watson,MJ Clarke,I Wardlaw,2,0,,,,,,"",""
ball,2,12.1,Australia,MJ Clarke,SR Watson,JH Davey,1,0,,,,,,"",""
ball,2,12.2,Australia,SR Watson,MJ Clarke,JH Davey,1,0,,,,,,"",""
ball,2,12.3,Australia,MJ Clarke,SR Watson,JH Davey,0,0,,,,,,"",""
ball,2,12.4,Australia,MJ Clarke,SR Watson,JH Davey,1,0,,,,,,"",""
ball,2,12.5,Australia,SR Watson,MJ Clarke,JH Davey,4,0,,,,,,"",""
ball,2,12.6,Australia,SR Watson,MJ Clarke,JH Davey,0,0,,,,,,caught,SR Watson
ball,2,13.1,Australia,MJ Clarke,JP Faulkner,I Wardlaw,4,0,,,,,,"",""
ball,2,13.2,Australia,MJ Clarke,JP Faulkner,I Wardlaw,0,0,,,,,,caught,MJ Clarke
ball,2,13.3,Australia,DA Warner,JP Faulkner,I Wardlaw,6,0,,,,,,"",""
ball,2,13.4,Australia,DA Warner,JP Faulkner,I Wardlaw,4,0,,,,,,"",""
ball,2,13.5,Australia,DA Warner,JP Faulkner,I Wardlaw,1,0,,,,,,"",""
ball,2,13.6,Australia,JP Faulkner,DA Warner,I Wardlaw,1,0,,,,,,"",""
ball,2,14.1,Australia,JP Faulkner,DA Warner,JH Davey,4,0,,,,,,"",""
ball,2,14.2,Australia,JP Faulkner,DA Warner,JH Davey,4,0,,,,,,"",""
ball,2,14.3,Australia,JP Faulkner,DA Warner,JH Davey,1,0,,,,,,"",""
ball,2,14.4,Australia,DA Warner,JP Faulkner,JH Davey,0,1,1,,,,,"",""
ball,2,14.5,Australia,DA Warner,JP Faulkner,JH Davey,6,0,,,,,,"",""
ball,2,14.6,Australia,DA Warner,JP Faulkner,JH Davey,4,0,,,,,,"",""
ball,2,14.7,Australia,DA Warner,JP Faulkner,JH Davey,0,0,,,,,,"",""
ball,2,15.1,Australia,JP Faulkner,DA Warner,MA Leask,0,2,,,,2,,"",""
ball,2,15.2,Australia,JP Faulkner,DA Warner,MA Leask,0,1,1,,,,,"",""
ball,2,15.3,Australia,JP Faulkner,DA Warner,MA Leask,6,0,,,,,,"",""
