version,1.6.0
info,balls_per_over,6
info,team,Pakistan
info,team,United Arab Emirates
info,gender,male
info,season,2014/15
info,date,2015/03/04
info,event,ICC Cricket World Cup
info,match_number,25
info,venue,McLean Park
info,city,Napier
info,neutralvenue,true
info,toss_winner,United Arab Emirates
info,toss_decision,field
info,player_of_match,Ahmed Shehzad
info,umpire,JD Cloete
info,umpire,S Ravi
info,reserve_umpire,M Erasmus
info,tv_umpire,RK Illingworth
info,match_referee,BC Broad
info,winner,Pakistan
info,winner_runs,129
info,player,Pakistan,Nasir Jamshed
info,player,Pakistan,Ahmed Shehzad
info,player,Pakistan,Haris Sohail
info,player,Pakistan,Sohaib Maqsood
info,player,Pakistan,Misbah-ul-Haq
info,player,Pakistan,Umar Akmal
info,player,Pakistan,Shahid Afridi
info,player,Pakistan,Wahab Riaz
info,player,Pakistan,Sohail Khan
info,player,Pakistan,Rahat Ali
info,player,Pakistan,Mohammad Irfan
info,player,United Arab Emirates,Amjad Ali
info,player,United Arab Emirates,AR Berenger
info,player,United Arab Emirates,Krishna Chandran
info,player,United Arab Emirates,Khurram Khan
info,player,United Arab Emirates,Shaiman Anwar
info,player,United Arab Emirates,SP Patil
info,player,United Arab Emirates,Rohan Mustafa
info,player,United Arab Emirates,Amjad Javed
info,player,United Arab Emirates,Mohammad Naveed
info,player,United Arab Emirates,Mohammad Tauqir
info,player,United Arab Emirates,AM Guruge
info,registry,people,AM Guruge,26534b48
info,registry,people,AR Berenger,f994f4ca
info,registry,people,Ahmed Shehzad,f8fd6e3f
info,registry,people,Amjad Ali,e4271302
info,registry,people,Amjad Javed,18eaf2fa
info,registry,people,BC Broad,d6a7dd38
info,registry,people,Haris Sohail,7cd0a092
info,registry,people,JD Cloete,b0419f8c
info,registry,people,Khurram Khan,ae6746e0
info,registry,people,Krishna Chandran,3165bc1b
info,registry,people,M Erasmus,15d3c895
info,registry,people,Misbah-ul-Haq,7eae4418
info,registry,people,Mohammad Irfan,a8e3170f
info,registry,people,Mohammad Naveed,4861d29b
info,registry,people,Mohammad Tauqir,eb7af112
info,registry,people,Nasir Jamshed,4c4a06fb
info,registry,people,RK Illingworth,20672246
info,registry,people,Rahat Ali,a63775d6
info,registry,people,Rohan Mustafa,d1988788
info,registry,people,S Ravi,9b9ee0df
info,registry,people,SP Patil,f5c198fb
info,registry,people,Shahid Afridi,0dc00542
info,registry,people,Shaiman Anwar,e9630504
info,registry,people,Sohaib Maqsood,b98b5e1c
info,registry,people,Sohail Khan,5af743d0
info,registry,people,Umar Akmal,fd2bf2a0
info,registry,people,Wahab Riaz,b3118300
ball,1,0.1,Pakistan,Nasir Jamshed,Ahmed Shehzad,Mohammad Naveed,0,0,,,,,,"",""
ball,1,0.2,Pakistan,Nasir Jamshed,Ahmed Shehzad,Mohammad Naveed,1,0,,,,,,"",""
ball,1,0.3,Pakistan,Ahmed Shehzad,Nasir Jamshed,Mohammad Naveed,1,0,,,,,,"",""
ball,1,0.4,Pakistan,Nasir Jamshed,Ahmed Shehzad,Mohammad Naveed,0,1,1,,,,,"",""
ball,1,0.5,Pakistan,Nasir Jamshed,Ahmed Shehzad,Mohammad Naveed,0,0,,,,,,"",""
ball,1,0.6,Pakistan,Nasir Jamshed,Ahmed Shehzad,Mohammad Naveed,0,0,,,,,,"",""
ball,1,0.7,Pakistan,Nasir Jamshed,Ahmed Shehzad,Mohammad Naveed,0,0,,,,,,"",""
ball,1,1.1,Pakistan,Ahmed Shehzad,Nasir Jamshed,AM Guruge,0,0,,,,,,"",""
ball,1,1.2,Pakistan,Ahmed Shehzad,Nasir Jamshed,AM Guruge,0,0,,,,,,"",""
ball,1,1.3,Pakistan,Ahmed Shehzad,Nasir Jamshed,AM Guruge,0,0,,,,,,"",""
ball,1,1.4,Pakistan,Ahmed Shehzad,Nasir Jamshed,AM Guruge,0,0,,,,,,"",""
ball,1,1.5,Pakistan,Ahmed Shehzad,Nasir Jamshed,AM Guruge,0,0,,,,,,"",""
ball,1,1.6,Pakistan,Ahmed Shehzad,Nasir Jamshed,AM Guruge,4,0,,,,,,"",""
ball,1,2.1,Pakistan,Nasir Jamshed,Ahmed Shehzad,Mohammad Naveed,0,0,,,,,,"",""
ball,1,2.2,Pakistan,Nasir Jamshed,Ahmed Shehzad,Mohammad Naveed,0,0,,,,,,"",""
ball,1,2.3,Pakistan,Nasir Jamshed,Ahmed Shehzad,Mohammad Naveed,0,0,,,,,,"",""
ball,1,2.4,Pakistan,Nasir Jamshed,Ahmed Shehzad,Mohammad Naveed,1,0,,,,,,"",""
ball,1,2.5,Pakistan,Ahmed Shehzad,Nasir Jamshed,Mohammad Naveed,0,0,,,,,,"",""
ball,1,2.6,Pakistan,Ahmed Shehzad,Nasir Jamshed,Mohammad Naveed,0,0,,,,,,"",""
ball,1,3.1,Pakistan,Nasir Jamshed,Ahmed Shehzad,AM Guruge,0,0,,,,,,"",""
ball,1,3.2,Pakistan,Nasir Jamshed,Ahmed Shehzad,AM Guruge,2,0,,,,,,"",""
ball,1,3.3,Pakistan,Nasir Jamshed,Ahmed Shehzad,AM Guruge,0,0,,,,,,caught,Nasir Jamshed
ball,1,3.4,Pakistan,Haris Sohail,Ahmed Shehzad,AM Guruge,0,0,,,,,,"",""
ball,1,3.5,Pakistan,Haris Sohail,Ahmed Shehzad,AM Guruge,0,0,,,,,,"",""
ball,1,3.6,Pakistan,Haris Sohail,Ahmed Shehzad,AM Guruge,0,0,,,,,,"",""
ball,1,4.1,Pakistan,Ahmed Shehzad,Haris Sohail,Mohammad Naveed,0,0,,,,,,"",""
ball,1,4.2,Pakistan,Ahmed Shehzad,Haris Sohail,Mohammad Naveed,0,0,,,,,,"",""
ball,1,4.3,Pakistan,Ahmed Shehzad,Haris Sohail,Mohammad Naveed,0,0,,,,,,"",""
ball,1,4.4,Pakistan,Ahmed Shehzad,Haris Sohail,Mohammad Naveed,0,0,,,,,,"",""
ball,1,4.5,Pakistan,Ahmed Shehzad,Haris Sohail,Mohammad Naveed,0,0,,,,,,"",""
ball,1,4.6,Pakistan,Ahmed Shehzad,Haris Sohail,Mohammad Naveed,1,0,,,,,,"",""
ball,1,5.1,Pakistan,Ahmed Shehzad,Haris Sohail,AM Guruge,0,0,,,,,,"",""
ball,1,5.2,Pakistan,Ahmed Shehzad,Haris Sohail,AM Guruge,0,0,,,,,,"",""
ball,1,5.3,Pakistan,Ahmed Shehzad,Haris Sohail,AM Guruge,1,0,,,,,,"",""
ball,1,5.4,Pakistan,Haris Sohail,Ahmed Shehzad,AM Guruge,0,0,,,,,,"",""
ball,1,5.5,Pakistan,Haris Sohail,Ahmed Shehzad,AM Guruge,2,0,,,,,,"",""
ball,1,5.6,Pakistan,Haris Sohail,Ahmed Shehzad,AM Guruge,0,0,,,,,,"",""
ball,1,6.1,Pakistan,Ahmed Shehzad,Haris Sohail,Mohammad Naveed,0,0,,,,,,"",""
ball,1,6.2,Pakistan,Ahmed Shehzad,Haris Sohail,Mohammad Naveed,0,0,,,,,,"",""
ball,1,6.3,Pakistan,Ahmed Shehzad,Haris Sohail,Mohammad Naveed,0,0,,,,,,"",""
ball,1,6.4,Pakistan,Ahmed Shehzad,Haris Sohail,Mohammad Naveed,1,0,,,,,,"",""
ball,1,6.5,Pakistan,Haris Sohail,Ahmed Shehzad,Mohammad Naveed,0,0,,,,,,"",""
ball,1,6.6,Pakistan,Haris Sohail,Ahmed Shehzad,Mohammad Naveed,0,0,,,,,,"",""
ball,1,7.1,Pakistan,Ahmed Shehzad,Haris Sohail,AM Guruge,0,0,,,,,,"",""
ball,1,7.2,Pakistan,Ahmed Shehzad,Haris Sohail,AM Guruge,2,0,,,,,,"",""
ball,1,7.3,Pakistan,Ahmed Shehzad,Haris Sohail,AM Guruge,1,0,,,,,,"",""
ball,1,7.4,Pakistan,Haris Sohail,Ahmed Shehzad,AM Guruge,4,0,,,,,,"",""
ball,1,7.5,Pakistan,Haris Sohail,Ahmed Shehzad,AM Guruge,0,0,,,,,,"",""
ball,1,7.6,Pakistan,Haris Sohail,Ahmed Shehzad,AM Guruge,1,0,,,,,,"",""
ball,1,8.1,Pakistan,Haris Sohail,Ahmed Shehzad,Mohammad Naveed,0,0,,,,,,"",""
ball,1,8.2,Pakistan,Haris Sohail,Ahmed Shehzad,Mohammad Naveed,0,0,,,,,,"",""
ball,1,8.3,Pakistan,Haris Sohail,Ahmed Shehzad,Mohammad Naveed,3,0,,,,,,"",""
ball,1,8.4,Pakistan,Ahmed Shehzad,Haris Sohail,Mohammad Naveed,1,0,,,,,,"",""
ball,1,8.5,Pakistan,Haris Sohail,Ahmed Shehzad,Mohammad Naveed,0,0,,,,,,"",""
ball,1,8.6,Pakistan,Haris Sohail,Ahmed Shehzad,Mohammad Naveed,4,0,,,,,,"",""
ball,1,9.1,Pakistan,Ahmed Shehzad,Haris Sohail,AM Guruge,4,0,,,,,,"",""
ball,1,9.2,Pakistan,Ahmed Shehzad,Haris Sohail,AM Guruge,0,0,,,,,,"",""
ball,1,9.3,Pakistan,Ahmed Shehzad,Haris Sohail,AM Guruge,0,1,1,,,,,"",""
ball,1,9.4,Pakistan,Ahmed Shehzad,Haris Sohail,AM Guruge,0,1,1,,,,,"",""
ball,1,9.5,Pakistan,Ahmed Shehzad,Haris Sohail,AM Guruge,0,0,,,,,,"",""
ball,1,9.6,Pakistan,Ahmed Shehzad,Haris Sohail,AM Guruge,0,0,,,,,,"",""
ball,1,9.7,Pakistan,Ahmed Shehzad,Haris Sohail,AM Guruge,4,0,,,,,,"",""
ball,1,9.8,Pakistan,Ahmed Shehzad,Haris Sohail,AM Guruge,0,0,,,,,,"",""
ball,1,10.1,Pakistan,Haris Sohail,Ahmed Shehzad,Mohammad Naveed,2,0,,,,,,"",""
ball,1,10.2,Pakistan,Haris Sohail,Ahmed Shehzad,Mohammad Naveed,1,0,,,,,,"",""
ball,1,10.3,Pakistan,Ahmed Shehzad,Haris Sohail,Mohammad Naveed,0,0,,,,,,"",""
ball,1,10.4,Pakistan,Ahmed Shehzad,Haris Sohail,Mohammad Naveed,0,0,,,,,,"",""
ball,1,10.5,Pakistan,Ahmed Shehzad,Haris Sohail,Mohammad Naveed,1,0,,,,,,"",""
ball,1,10.6,Pakistan,Haris Sohail,Ahmed Shehzad,Mohammad Naveed,1,0,,,,,,"",""
ball,1,11.1,Pakistan,Haris Sohail,Ahmed Shehzad,Amjad Javed,2,0,,,,,,"",""
ball,1,11.2,Pakistan,Haris Sohail,Ahmed Shehzad,Amjad Javed,0,0,,,,,,"",""
ball,1,11.3,Pakistan,Haris Sohail,Ahmed Shehzad,Amjad Javed,0,1,1,,,,,"",""
ball,1,11.4,Pakistan,Haris Sohail,Ahmed Shehzad,Amjad Javed,4,0,,,,,,"",""
ball,1,11.5,Pakistan,Haris Sohail,Ahmed Shehzad,Amjad Javed,0,1,1,,,,,"",""
ball,1,11.6,Pakistan,Haris Sohail,Ahmed Shehzad,Amjad Javed,4,0,,,,,,"",""
ball,1,11.7,Pakistan,Haris Sohail,Ahmed Shehzad,Amjad Javed,0,0,,,,,,"",""
ball,1,11.8,Pakistan,Haris Sohail,Ahmed Shehzad,Amjad Javed,0,0,,,,,,"",""
ball,1,12.1,Pakistan,Ahmed Shehzad,Haris Sohail,Mohammad Tauqir,1,0,,,,,,"",""
ball,1,12.2,Pakistan,Haris Sohail,Ahmed Shehzad,Mohammad Tauqir,0,0,,,,,,"",""
ball,1,12.3,Pakistan,Haris Sohail,Ahmed Shehzad,Mohammad Tauqir,0,0,,,,,,"",""
ball,1,12.4,Pakistan,Haris Sohail,Ahmed Shehzad,Mohammad Tauqir,1,0,,,,,,"",""
ball,1,12.5,Pakistan,Ahmed Shehzad,Haris Sohail,Mohammad Tauqir,0,0,,,,,,"",""
ball,1,12.6,Pakistan,Ahmed Shehzad,Haris Sohail,Mohammad Tauqir,2,0,,,,,,"",""
ball,1,13.1,Pakistan,Haris Sohail,Ahmed Shehzad,Amjad Javed,0,0,,,,,,"",""
ball,1,13.2,Pakistan,Haris Sohail,Ahmed Shehzad,Amjad Javed,0,0,,,,,,"",""
ball,1,13.3,Pakistan,Haris Sohail,Ahmed Shehzad,Amjad Javed,1,0,,,,,,"",""
ball,1,13.4,Pakistan,Ahmed Shehzad,Haris Sohail,Amjad Javed,0,0,,,,,,"",""
ball,1,13.5,Pakistan,Ahmed Shehzad,Haris Sohail,Amjad Javed,0,0,,,,,,"",""
ball,1,13.6,Pakistan,Ahmed Shehzad,Haris Sohail,Amjad Javed,1,0,,,,,,"",""
ball,1,14.1,Pakistan,Ahmed Shehzad,Haris Sohail,Mohammad Tauqir,0,0,,,,,,"",""
ball,1,14.2,Pakistan,Ahmed Shehzad,Haris Sohail,Mohammad Tauqir,1,0,,,,,,"",""
ball,1,14.3,Pakistan,Haris Sohail,Ahmed Shehzad,Mohammad Tauqir,1,0,,,,,,"",""
ball,1,14.4,Pakistan,Ahmed Shehzad,Haris Sohail,Mohammad Tauqir,0,0,,,,,,"",""
ball,1,14.5,Pakistan,Ahmed Shehzad,Haris Sohail,Mohammad Tauqir,0,0,,,,,,"",""
ball,1,14.6,Pakistan,Ahmed Shehzad,Haris Sohail,Mohammad Tauqir,2,0,,,,,,"",""
ball,1,15.1,Pakistan,Haris Sohail,Ahmed Shehzad,Amjad Javed,0,0,,,,,,"",""
ball,1,15.2,Pakistan,Haris Sohail,Ahmed Shehzad,Amjad Javed,0,0,,,,,,"",""
ball,1,15.3,Pakistan,Haris Sohail,Ahmed Shehzad,Amjad Javed,1,0,,,,,,"",""
ball,1,15.4,Pakistan,Ahmed Shehzad,Haris Sohail,Amjad Javed,0,0,,,,,,"",""
ball,1,15.5,Pakistan,Ahmed Shehzad,Haris Sohail,Amjad Javed,0,0,,,,,,"",""
ball,1,15.6,Pakistan,Ahmed Shehzad,Haris Sohail,Amjad Javed,6,0,,,,,,"",""
ball,1,16.1,Pakistan,Haris Sohail,Ahmed Shehzad,Mohammad Tauqir,0,0,,,,,,"",""
ball,1,16.2,Pakistan,Haris Sohail,Ahmed Shehzad,Mohammad Tauqir,0,0,,,,,,"",""
ball,1,16.3,Pakistan,Haris Sohail,Ahmed Shehzad,Mohammad Tauqir,1,0,,,,,,"",""
ball,1,16.4,Pakistan,Ahmed Shehzad,Haris Sohail,Mohammad Tauqir,1,0,,,,,,"",""
ball,1,16.5,Pakistan,Haris Sohail,Ahmed Shehzad,Mohammad Tauqir,2,0,,,,,,"",""
ball,1,16.6,Pakistan,Haris Sohail,Ahmed Shehzad,Mohammad Tauqir,1,0,,,,,,"",""
ball,1,17.1,Pakistan,Haris Sohail,Ahmed Shehzad,Amjad Javed,0,0,,,,,,"",""
ball,1,17.2,Pakistan,Haris Sohail,Ahmed Shehzad,Amjad Javed,1,0,,,,,,"",""
ball,1,17.3,Pakistan,Ahmed Shehzad,Haris Sohail,Amjad Javed,0,0,,,,,,"",""
ball,1,17.4,Pakistan,Ahmed Shehzad,Haris Sohail,Amjad Javed,2,0,,,,,,"",""
ball,1,17.5,Pakistan,Ahmed Shehzad,Haris Sohail,Amjad Javed,0,0,,,,,,"",""
ball,1,17.6,Pakistan,Ahmed Shehzad,Haris Sohail,Amjad Javed,2,0,,,,,,"",""
ball,1,18.1,Pakistan,Haris Sohail,Ahmed Shehzad,Mohammad Tauqir,0,0,,,,,,"",""
ball,1,18.2,Pakistan,Haris Sohail,Ahmed Shehzad,Mohammad Tauqir,0,0,,,,,,"",""
ball,1,18.3,Pakistan,Haris Sohail,Ahmed Shehzad,Mohammad Tauqir,0,0,,,,,,"",""
ball,1,18.4,Pakistan,Haris Sohail,Ahmed Shehzad,Mohammad Tauqir,1,0,,,,,,"",""
ball,1,18.5,Pakistan,Ahmed Shehzad,Haris Sohail,Mohammad Tauqir,2,0,,,,,,"",""
ball,1,18.6,Pakistan,Ahmed Shehzad,Haris Sohail,Mohammad Tauqir,0,0,,,,,,"",""
ball,1,19.1,Pakistan,Haris Sohail,Ahmed Shehzad,Amjad Javed,0,0,,,,,,"",""
ball,1,19.2,Pakistan,Haris Sohail,Ahmed Shehzad,Amjad Javed,0,0,,,,,,"",""
ball,1,19.3,Pakistan,Haris Sohail,Ahmed Shehzad,Amjad Javed,0,0,,,,,,"",""
ball,1,19.4,Pakistan,Haris Sohail,Ahmed Shehzad,Amjad Javed,0,0,,,,,,"",""
ball,1,19.5,Pakistan,Haris Sohail,Ahmed Shehzad,Amjad Javed,0,0,,,,,,"",""
ball,1,19.6,Pakistan,Haris Sohail,Ahmed Shehzad,Amjad Javed,1,0,,,,,,"",""
ball,1,20.1,Pakistan,Haris Sohail,Ahmed Shehzad,Mohammad Tauqir,1,0,,,,,,"",""
ball,1,20.2,Pakistan,Ahmed Shehzad,Haris Sohail,Mohammad Tauqir,0,0,,,,,,"",""
ball,1,20.3,Pakistan,Ahmed Shehzad,Haris Sohail,Mohammad Tauqir,1,0,,,,,,"",""
ball,1,20.4,Pakistan,Haris Sohail,Ahmed Shehzad,Mohammad Tauqir,1,0,,,,,,"",""
ball,1,20.5,Pakistan,Ahmed Shehzad,Haris Sohail,Mohammad Tauqir,4,0,,,,,,"",""
ball,1,20.6,Pakistan,Ahmed Shehzad,Haris Sohail,Mohammad Tauqir,1,0,,,,,,"",""
ball,1,21.1,Pakistan,Ahmed Shehzad,Haris Sohail,Khurram Khan,1,0,,,,,,"",""
ball,1,21.2,Pakistan,Haris Sohail,Ahmed Shehzad,Khurram Khan,1,0,,,,,,"",""
ball,1,21.3,Pakistan,Ahmed Shehzad,Haris Sohail,Khurram Khan,0,0,,,,,,"",""
ball,1,21.4,Pakistan,Ahmed Shehzad,Haris Sohail,Khurram Khan,0,0,,,,,,"",""
ball,1,21.5,Pakistan,Ahmed Shehzad,Haris Sohail,Khurram Khan,0,0,,,,,,"",""
ball,1,21.6,Pakistan,Ahmed Shehzad,Haris Sohail,Khurram Khan,0,0,,,,,,"",""
ball,1,22.1,Pakistan,Haris Sohail,Ahmed Shehzad,Mohammad Tauqir,0,0,,,,,,"",""
ball,1,22.2,Pakistan,Haris Sohail,Ahmed Shehzad,Mohammad Tauqir,0,0,,,,,,"",""
ball,1,22.3,Pakistan,Haris Sohail,Ahmed Shehzad,Mohammad Tauqir,1,0,,,,,,"",""
ball,1,22.4,Pakistan,Ahmed Shehzad,Haris Sohail,Mohammad Tauqir,1,0,,,,,,"",""
ball,1,22.5,Pakistan,Haris Sohail,Ahmed Shehzad,Mohammad Tauqir,1,0,,,,,,"",""
ball,1,22.6,Pakistan,Ahmed Shehzad,Haris Sohail,Mohammad Tauqir,0,0,,,,,,"",""
ball,1,23.1,Pakistan,Haris Sohail,Ahmed Shehzad,Khurram Khan,1,0,,,,,,"",""
ball,1,23.2,Pakistan,Ahmed Shehzad,Haris Sohail,Khurram Khan,1,0,,,,,,"",""
ball,1,23.3,Pakistan,Haris Sohail,Ahmed Shehzad,Khurram Khan,0,0,,,,,,"",""
ball,1,23.4,Pakistan,Haris Sohail,Ahmed Shehzad,Khurram Khan,1,0,,,,,,"",""
ball,1,23.5,Pakistan,Ahmed Shehzad,Haris Sohail,Khurram Khan,1,0,,,,,,"",""
ball,1,23.6,Pakistan,Haris Sohail,Ahmed Shehzad,Khurram Khan,2,0,,,,,,"",""
ball,1,24.1,Pakistan,Ahmed Shehzad,Haris Sohail,Mohammad Tauqir,1,0,,,,,,"",""
ball,1,24.2,Pakistan,Haris Sohail,Ahmed Shehzad,Mohammad Tauqir,0,0,,,,,,"",""
ball,1,24.3,Pakistan,Haris Sohail,Ahmed Shehzad,Mohammad Tauqir,0,0,,,,,,"",""
ball,1,24.4,Pakistan,Haris Sohail,Ahmed Shehzad,Mohammad Tauqir,2,0,,,,,,"",""
ball,1,24.5,Pakistan,Haris Sohail,Ahmed Shehzad,Mohammad Tauqir,1,0,,,,,,"",""
ball,1,24.6,Pakistan,Ahmed Shehzad,Haris Sohail,Mohammad Tauqir,1,0,,,,,,"",""
ball,1,25.1,Pakistan,Ahmed Shehzad,Haris Sohail,Khurram Khan,4,0,,,,,,"",""
ball,1,25.2,Pakistan,Ahmed Shehzad,Haris Sohail,Khurram Khan,1,0,,,,,,"",""
ball,1,25.3,Pakistan,Haris Sohail,Ahmed Shehzad,Khurram Khan,1,0,,,,,,"",""
ball,1,25.4,Pakistan,Ahmed Shehzad,Haris Sohail,Khurram Khan,1,0,,,,,,"",""
ball,1,25.5,Pakistan,Haris Sohail,Ahmed Shehzad,Khurram Khan,0,0,,,,,,"",""
ball,1,25.6,Pakistan,Haris Sohail,Ahmed Shehzad,Khurram Khan,6,0,,,,,,"",""
ball,1,26.1,Pakistan,Ahmed Shehzad,Haris Sohail,Mohammad Tauqir,0,0,,,,,,"",""
ball,1,26.2,Pakistan,Ahmed Shehzad,Haris Sohail,Mohammad Tauqir,0,0,,,,,,"",""
ball,1,26.3,Pakistan,Ahmed Shehzad,Haris Sohail,Mohammad Tauqir,1,0,,,,,,"",""
ball,1,26.4,Pakistan,Haris Sohail,Ahmed Shehzad,Mohammad Tauqir,1,0,,,,,,"",""
ball,1,26.5,Pakistan,Ahmed Shehzad,Haris Sohail,Mohammad Tauqir,2,0,,,,,,"",""
ball,1,26.6,Pakistan,Ahmed Shehzad,Haris Sohail,Mohammad Tauqir,1,0,,,,,,"",""
ball,1,27.1,Pakistan,Ahmed Shehzad,Haris Sohail,Krishna Chandran,1,0,,,,,,"",""
ball,1,27.2,Pakistan,Haris Sohail,Ahmed Shehzad,Krishna Chandran,0,0,,,,,,"",""
ball,1,27.3,Pakistan,Haris Sohail,Ahmed Shehzad,Krishna Chandran,1,0,,,,,,"",""
ball,1,27.4,Pakistan,Ahmed Shehzad,Haris Sohail,Krishna Chandran,0,0,,,,,,"",""
ball,1,27.5,Pakistan,Ahmed Shehzad,Haris Sohail,Krishna Chandran,0,0,,,,,,"",""
ball,1,27.6,Pakistan,Ahmed Shehzad,Haris Sohail,Krishna Chandran,1,0,,,,,,"",""
ball,1,28.1,Pakistan,Ahmed Shehzad,Haris Sohail,Mohammad Tauqir,4,0,,,,,,"",""
ball,1,28.2,Pakistan,Ahmed Shehzad,Haris Sohail,Mohammad Tauqir,0,0,,,,,,"",""
ball,1,28.3,Pakistan,Ahmed Shehzad,Haris Sohail,Mohammad Tauqir,0,0,,,,,,"",""
ball,1,28.4,Pakistan,Ahmed Shehzad,Haris Sohail,Mohammad Tauqir,0,0,,,,,,"",""
ball,1,28.5,Pakistan,Ahmed Shehzad,Haris Sohail,Mohammad Tauqir,0,0,,,,,,"",""
ball,1,28.6,Pakistan,Ahmed Shehzad,Haris Sohail,Mohammad Tauqir,0,1,1,,,,,"",""
ball,1,28.7,Pakistan,Ahmed Shehzad,Haris Sohail,Mohammad Tauqir,1,0,,,,,,"",""
ball,1,29.1,Pakistan,Ahmed Shehzad,Haris Sohail,Krishna Chandran,0,0,,,,,,"",""
ball,1,29.2,Pakistan,Ahmed Shehzad,Haris Sohail,Krishna Chandran,0,0,,,,,,"",""
ball,1,29.3,Pakistan,Ahmed Shehzad,Haris Sohail,Krishna Chandran,4,0,,,,,,"",""
ball,1,29.4,Pakistan,Ahmed Shehzad,Haris Sohail,Krishna Chandran,3,0,,,,,,"",""
ball,1,29.5,Pakistan,Haris Sohail,Ahmed Shehzad,Krishna Chandran,1,0,,,,,,"",""
ball,1,29.6,Pakistan,Ahmed Shehzad,Haris Sohail,Krishna Chandran,0,0,,,,,,"",""
ball,1,30.1,Pakistan,Haris Sohail,Ahmed Shehzad,Mohammad Tauqir,1,0,,,,,,"",""
ball,1,30.2,Pakistan,Ahmed Shehzad,Haris Sohail,Mohammad Tauqir,4,0,,,,,,"",""
ball,1,30.3,Pakistan,Ahmed Shehzad,Haris Sohail,Mohammad Tauqir,1,0,,,,,,"",""
ball,1,30.4,Pakistan,Haris Sohail,Ahmed Shehzad,Mohammad Tauqir,1,0,,,,,,"",""
ball,1,30.5,Pakistan,Ahmed Shehzad,Haris Sohail,Mohammad Tauqir,1,0,,,,,,"",""
ball,1,30.6,Pakistan,Haris Sohail,Ahmed Shehzad,Mohammad Tauqir,1,0,,,,,,"",""
ball,1,31.1,Pakistan,Haris Sohail,Ahmed Shehzad,Krishna Chandran,4,0,,,,,,"",""
ball,1,31.2,Pakistan,Haris Sohail,Ahmed Shehzad,Krishna Chandran,1,0,,,,,,"",""
ball,1,31.3,Pakistan,Ahmed Shehzad,Haris Sohail,Krishna Chandran,2,0,,,,,,"",""
ball,1,31.4,Pakistan,Ahmed Shehzad,Haris Sohail,Krishna Chandran,2,0,,,,,,"",""
ball,1,31.5,Pakistan,Ahmed Shehzad,Haris Sohail,Krishna Chandran,1,0,,,,,,"",""
ball,1,31.6,Pakistan,Haris Sohail,Ahmed Shehzad,Krishna Chandran,0,0,,,,,,"",""
ball,1,32.1,Pakistan,Ahmed Shehzad,Haris Sohail,Mohammad Naveed,1,0,,,,,,"",""
ball,1,32.2,Pakistan,Haris Sohail,Ahmed Shehzad,Mohammad Naveed,0,0,,,,,,"",""
ball,1,32.3,Pakistan,Haris Sohail,Ahmed Shehzad,Mohammad Naveed,1,0,,,,,,"",""
ball,1,32.4,Pakistan,Ahmed Shehzad,Haris Sohail,Mohammad Naveed,1,0,,,,,,"",""
ball,1,32.5,Pakistan,Haris Sohail,Ahmed Shehzad,Mohammad Naveed,0,0,,,,,,caught,Haris Sohail
ball,1,32.6,Pakistan,Sohaib Maqsood,Ahmed Shehzad,Mohammad Naveed,0,0,,,,,,"",""
ball,1,33.1,Pakistan,Ahmed Shehzad,Sohaib Maqsood,Krishna Chandran,1,0,,,,,,"",""
ball,1,33.2,Pakistan,Sohaib Maqsood,Ahmed Shehzad,Krishna Chandran,0,0,,,,,,"",""
ball,1,33.3,Pakistan,Sohaib Maqsood,Ahmed Shehzad,Krishna Chandran,1,0,,,,,,"",""
ball,1,33.4,Pakistan,Ahmed Shehzad,Sohaib Maqsood,Krishna Chandran,1,0,,,,,,"",""
ball,1,33.5,Pakistan,Sohaib Maqsood,Ahmed Shehzad,Krishna Chandran,0,0,,,,,,"",""
ball,1,33.6,Pakistan,Sohaib Maqsood,Ahmed Shehzad,Krishna Chandran,2,0,,,,,,"",""
ball,1,34.1,Pakistan,Ahmed Shehzad,Sohaib Maqsood,Mohammad Naveed,1,0,,,,,,run out,Ahmed Shehzad
ball,1,34.2,Pakistan,Misbah-ul-Haq,Sohaib Maqsood,Mohammad Naveed,1,0,,,,,,"",""
ball,1,34.3,Pakistan,Sohaib Maqsood,Misbah-ul-Haq,Mohammad Naveed,0,0,,,,,,"",""
ball,1,34.4,Pakistan,Sohaib Maqsood,Misbah-ul-Haq,Mohammad Naveed,0,0,,,,,,"",""
ball,1,34.5,Pakistan,Sohaib Maqsood,Misbah-ul-Haq,Mohammad Naveed,0,0,,,,,,"",""
ball,1,34.6,Pakistan,Sohaib Maqsood,Misbah-ul-Haq,Mohammad Naveed,0,0,,,,,,"",""
ball,1,35.1,Pakistan,Misbah-ul-Haq,Sohaib Maqsood,Krishna Chandran,2,0,,,,,,"",""
ball,1,35.2,Pakistan,Misbah-ul-Haq,Sohaib Maqsood,Krishna Chandran,1,0,,,,,,"",""
ball,1,35.3,Pakistan,Sohaib Maqsood,Misbah-ul-Haq,Krishna Chandran,0,0,,,,,,"",""
ball,1,35.4,Pakistan,Sohaib Maqsood,Misbah-ul-Haq,Krishna Chandran,1,0,,,,,,"",""
ball,1,35.5,Pakistan,Misbah-ul-Haq,Sohaib Maqsood,Krishna Chandran,1,0,,,,,,"",""
ball,1,35.6,Pakistan,Sohaib Maqsood,Misbah-ul-Haq,Krishna Chandran,1,0,,,,,,"",""
ball,1,36.1,Pakistan,Sohaib Maqsood,Misbah-ul-Haq,Amjad Javed,2,0,,,,,,"",""
ball,1,36.2,Pakistan,Sohaib Maqsood,Misbah-ul-Haq,Amjad Javed,0,0,,,,,,"",""
ball,1,36.3,Pakistan,Sohaib Maqsood,Misbah-ul-Haq,Amjad Javed,4,0,,,,,,"",""
ball,1,36.4,Pakistan,Sohaib Maqsood,Misbah-ul-Haq,Amjad Javed,1,0,,,,,,"",""
ball,1,36.5,Pakistan,Misbah-ul-Haq,Sohaib Maqsood,Amjad Javed,1,0,,,,,,"",""
ball,1,36.6,Pakistan,Sohaib Maqsood,Misbah-ul-Haq,Amjad Javed,2,0,,,,,,"",""
ball,1,37.1,Pakistan,Misbah-ul-Haq,Sohaib Maqsood,Krishna Chandran,0,0,,,,,,"",""
ball,1,37.2,Pakistan,Misbah-ul-Haq,Sohaib Maqsood,Krishna Chandran,0,0,,,,,,"",""
ball,1,37.3,Pakistan,Misbah-ul-Haq,Sohaib Maqsood,Krishna Chandran,2,0,,,,,,"",""
ball,1,37.4,Pakistan,Misbah-ul-Haq,Sohaib Maqsood,Krishna Chandran,0,0,,,,,,"",""
ball,1,37.5,Pakistan,Misbah-ul-Haq,Sohaib Maqsood,Krishna Chandran,1,0,,,,,,"",""
ball,1,37.6,Pakistan,Sohaib Maqsood,Misbah-ul-Haq,Krishna Chandran,0,0,,,,,,"",""
ball,1,38.1,Pakistan,Misbah-ul-Haq,Sohaib Maqsood,Amjad Javed,0,0,,,,,,"",""
ball,1,38.2,Pakistan,Misbah-ul-Haq,Sohaib Maqsood,Amjad Javed,1,0,,,,,,"",""
ball,1,38.3,Pakistan,Sohaib Maqsood,Misbah-ul-Haq,Amjad Javed,4,0,,,,,,"",""
ball,1,38.4,Pakistan,Sohaib Maqsood,Misbah-ul-Haq,Amjad Javed,0,0,,,,,,"",""
ball,1,38.5,Pakistan,Sohaib Maqsood,Misbah-ul-Haq,Amjad Javed,4,0,,,,,,"",""
ball,1,38.6,Pakistan,Sohaib Maqsood,Misbah-ul-Haq,Amjad Javed,4,0,,,,,,"",""
ball,1,39.1,Pakistan,Misbah-ul-Haq,Sohaib Maqsood,Krishna Chandran,0,0,,,,,,"",""
ball,1,39.2,Pakistan,Misbah-ul-Haq,Sohaib Maqsood,Krishna Chandran,2,0,,,,,,"",""
ball,1,39.3,Pakistan,Misbah-ul-Haq,Sohaib Maqsood,Krishna Chandran,1,0,,,,,,"",""
ball,1,39.4,Pakistan,Sohaib Maqsood,Misbah-ul-Haq,Krishna Chandran,1,0,,,,,,"",""
ball,1,39.5,Pakistan,Misbah-ul-Haq,Sohaib Maqsood,Krishna Chandran,1,0,,,,,,"",""
ball,1,39.6,Pakistan,Sohaib Maqsood,Misbah-ul-Haq,Krishna Chandran,1,0,,,,,,"",""
ball,1,40.1,Pakistan,Sohaib Maqsood,Misbah-ul-Haq,AM Guruge,1,0,,,,,,"",""
ball,1,40.2,Pakistan,Misbah-ul-Haq,Sohaib Maqsood,AM Guruge,1,0,,,,,,"",""
ball,1,40.3,Pakistan,Sohaib Maqsood,Misbah-ul-Haq,AM Guruge,1,0,,,,,,"",""
ball,1,40.4,Pakistan,Misbah-ul-Haq,Sohaib Maqsood,AM Guruge,1,0,,,,,,"",""
ball,1,40.5,Pakistan,Sohaib Maqsood,Misbah-ul-Haq,AM Guruge,1,0,,,,,,"",""
ball,1,40.6,Pakistan,Misbah-ul-Haq,Sohaib Maqsood,AM Guruge,1,0,,,,,,"",""
ball,1,41.1,Pakistan,Misbah-ul-Haq,Sohaib Maqsood,Krishna Chandran,0,0,,,,,,"",""
ball,1,41.2,Pakistan,Misbah-ul-Haq,Sohaib Maqsood,Krishna Chandran,2,0,,,,,,"",""
ball,1,41.3,Pakistan,Misbah-ul-Haq,Sohaib Maqsood,Krishna Chandran,6,0,,,,,,"",""
ball,1,41.4,Pakistan,Misbah-ul-Haq,Sohaib Maqsood,Krishna Chandran,1,0,,,,,,"",""
ball,1,41.5,Pakistan,Sohaib Maqsood,Misbah-ul-Haq,Krishna Chandran,2,0,,,,,,"",""
ball,1,41.6,Pakistan,Sohaib Maqsood,Misbah-ul-Haq,Krishna Chandran,6,0,,,,,,"",""
ball,1,42.1,Pakistan,Misbah-ul-Haq,Sohaib Maqsood,AM Guruge,0,0,,,,,,"",""
ball,1,42.2,Pakistan,Misbah-ul-Haq,Sohaib Maqsood,AM Guruge,0,0,,,,,,"",""
ball,1,42.3,Pakistan,Misbah-ul-Haq,Sohaib Maqsood,AM Guruge,6,0,,,,,,"",""
ball,1,42.4,Pakistan,Misbah-ul-Haq,Sohaib Maqsood,AM Guruge,1,0,,,,,,"",""
ball,1,42.5,Pakistan,Sohaib Maqsood,Misbah-ul-Haq,AM Guruge,6,0,,,,,,"",""
ball,1,42.6,Pakistan,Sohaib Maqsood,Misbah-ul-Haq,AM Guruge,0,0,,,,,,caught,Sohaib Maqsood
ball,1,43.1,Pakistan,Misbah-ul-Haq,Umar Akmal,Rohan Mustafa,1,0,,,,,,"",""
ball,1,43.2,Pakistan,Umar Akmal,Misbah-ul-Haq,Rohan Mustafa,1,0,,,,,,"",""
ball,1,43.3,Pakistan,Misbah-ul-Haq,Umar Akmal,Rohan Mustafa,1,0,,,,,,"",""
ball,1,43.4,Pakistan,Umar Akmal,Misbah-ul-Haq,Rohan Mustafa,1,0,,,,,,"",""
ball,1,43.5,Pakistan,Misbah-ul-Haq,Umar Akmal,Rohan Mustafa,0,1,1,,,,,"",""
ball,1,43.6,Pakistan,Misbah-ul-Haq,Umar Akmal,Rohan Mustafa,0,0,,,,,,"",""
ball,1,43.7,Pakistan,Misbah-ul-Haq,Umar Akmal,Rohan Mustafa,4,0,,,,,,"",""
ball,1,44.1,Pakistan,Umar Akmal,Misbah-ul-Haq,Mohammad Naveed,1,0,,,,,,"",""
ball,1,44.2,Pakistan,Misbah-ul-Haq,Umar Akmal,Mohammad Naveed,1,0,,,,,,"",""
ball,1,44.3,Pakistan,Umar Akmal,Misbah-ul-Haq,Mohammad Naveed,0,0,,,,,,"",""
ball,1,44.4,Pakistan,Umar Akmal,Misbah-ul-Haq,Mohammad Naveed,4,0,,,,,,"",""
ball,1,44.5,Pakistan,Umar Akmal,Misbah-ul-Haq,Mohammad Naveed,0,1,,,,1,,"",""
ball,1,44.6,Pakistan,Misbah-ul-Haq,Umar Akmal,Mohammad Naveed,1,0,,,,,,"",""
ball,1,45.1,Pakistan,Misbah-ul-Haq,Umar Akmal,Rohan Mustafa,0,0,,,,,,"",""
ball,1,45.2,Pakistan,Misbah-ul-Haq,Umar Akmal,Rohan Mustafa,4,0,,,,,,"",""
ball,1,45.3,Pakistan,Misbah-ul-Haq,Umar Akmal,Rohan Mustafa,0,5,5,,,,,"",""
ball,1,45.4,Pakistan,Misbah-ul-Haq,Umar Akmal,Rohan Mustafa,0,2,,,,2,,"",""
ball,1,45.5,Pakistan,Misbah-ul-Haq,Umar Akmal,Rohan Mustafa,4,0,,,,,,"",""
ball,1,45.6,Pakistan,Misbah-ul-Haq,Umar Akmal,Rohan Mustafa,0,0,,,,,,"",""
ball,1,45.7,Pakistan,Misbah-ul-Haq,Umar Akmal,Rohan Mustafa,1,0,,,,,,"",""
ball,1,46.1,Pakistan,Misbah-ul-Haq,Umar Akmal,Mohammad Naveed,1,0,,,,,,"",""
ball,1,46.2,Pakistan,Umar Akmal,Misbah-ul-Haq,Mohammad Naveed,2,0,,,,,,"",""
ball,1,46.3,Pakistan,Umar Akmal,Misbah-ul-Haq,Mohammad Naveed,6,0,,,,,,"",""
ball,1,46.4,Pakistan,Umar Akmal,Misbah-ul-Haq,Mohammad Naveed,1,0,,,,,,"",""
ball,1,46.5,Pakistan,Misbah-ul-Haq,Umar Akmal,Mohammad Naveed,4,1,,1,,,,"",""
ball,1,46.6,Pakistan,Misbah-ul-Haq,Umar Akmal,Mohammad Naveed,2,0,,,,,,"",""
ball,1,46.7,Pakistan,Misbah-ul-Haq,Umar Akmal,Mohammad Naveed,2,0,,,,,,"",""
ball,1,47.1,Pakistan,Umar Akmal,Misbah-ul-Haq,Amjad Javed,1,0,,,,,,"",""
ball,1,47.2,Pakistan,Misbah-ul-Haq,Umar Akmal,Amjad Javed,1,0,,,,,,"",""
ball,1,47.3,Pakistan,Umar Akmal,Misbah-ul-Haq,Amjad Javed,1,0,,,,,,"",""
ball,1,47.4,Pakistan,Misbah-ul-Haq,Umar Akmal,Amjad Javed,1,0,,,,,,"",""
ball,1,47.5,Pakistan,Umar Akmal,Misbah-ul-Haq,Amjad Javed,1,0,,,,,,"",""
ball,1,47.6,Pakistan,Misbah-ul-Haq,Umar Akmal,Amjad Javed,1,0,,,,,,"",""
ball,1,48.1,Pakistan,Misbah-ul-Haq,Umar Akmal,AM Guruge,2,0,,,,,,"",""
ball,1,48.2,Pakistan,Misbah-ul-Haq,Umar Akmal,AM Guruge,1,0,,,,,,"",""
ball,1,48.3,Pakistan,Umar Akmal,Misbah-ul-Haq,AM Guruge,0,0,,,,,,caught,Umar Akmal
ball,1,48.4,Pakistan,Misbah-ul-Haq,Shahid Afridi,AM Guruge,0,0,,,,,,caught,Misbah-ul-Haq
ball,1,48.5,Pakistan,Shahid Afridi,Wahab Riaz,AM Guruge,1,0,,,,,,"",""
ball,1,48.6,Pakistan,Wahab Riaz,Shahid Afridi,AM Guruge,6,0,,,,,,"",""
ball,1,49.1,Pakistan,Shahid Afridi,Wahab Riaz,Amjad Javed,6,0,,,,,,"",""
ball,1,49.2,Pakistan,Shahid Afridi,Wahab Riaz,Amjad Javed,0,0,,,,,,"",""
ball,1,49.3,Pakistan,Shahid Afridi,Wahab Riaz,Amjad Javed,2,0,,,,,,"",""
ball,1,49.4,Pakistan,Shahid Afridi,Wahab Riaz,Amjad Javed,6,0,,,,,,"",""
ball,1,49.5,Pakistan,Shahid Afridi,Wahab Riaz,Amjad Javed,4,0,,,,,,"",""
ball,1,49.6,Pakistan,Shahid Afridi,Wahab Riaz,Amjad Javed,2,0,,,,,,"",""
ball,2,0.1,United Arab Emirates,Amjad Ali,AR Berenger,Mohammad Irfan,0,0,,,,,,"",""
ball,2,0.2,United Arab Emirates,Amjad Ali,AR Berenger,Mohammad Irfan,0,0,,,,,,"",""
ball,2,0.3,United Arab Emirates,Amjad Ali,AR Berenger,Mohammad Irfan,0,0,,,,,,"",""
ball,2,0.4,United Arab Emirates,Amjad Ali,AR Berenger,Mohammad Irfan,0,0,,,,,,"",""
ball,2,0.5,United Arab Emirates,Amjad Ali,AR Berenger,Mohammad Irfan,1,0,,,,,,"",""
ball,2,0.6,United Arab Emirates,AR Berenger,Amjad Ali,Mohammad Irfan,0,0,,,,,,"",""
ball,2,1.1,United Arab Emirates,Amjad Ali,AR Berenger,Sohail Khan,0,1,1,,,,,"",""
ball,2,1.2,United Arab Emirates,Amjad Ali,AR Berenger,Sohail Khan,0,0,,,,,,"",""
ball,2,1.3,United Arab Emirates,Amjad Ali,AR Berenger,Sohail Khan,0,0,,,,,,"",""
ball,2,1.4,United Arab Emirates,Amjad Ali,AR Berenger,Sohail Khan,1,0,,,,,,"",""
ball,2,1.5,United Arab Emirates,AR Berenger,Amjad Ali,Sohail Khan,0,0,,,,,,"",""
ball,2,1.6,United Arab Emirates,AR Berenger,Amjad Ali,Sohail Khan,0,0,,,,,,"",""
ball,2,1.7,United Arab Emirates,AR Berenger,Amjad Ali,Sohail Khan,0,0,,,,,,"",""
ball,2,2.1,United Arab Emirates,Amjad Ali,AR Berenger,Mohammad Irfan,0,0,,,,,,"",""
ball,2,2.2,United Arab Emirates,Amjad Ali,AR Berenger,Mohammad Irfan,0,0,,,,,,"",""
ball,2,2.3,United Arab Emirates,Amjad Ali,AR Berenger,Mohammad Irfan,0,0,,,,,,"",""
ball,2,2.4,United Arab Emirates,Amjad Ali,AR Berenger,Mohammad Irfan,0,0,,,,,,"",""
ball,2,2.5,United Arab Emirates,Amjad Ali,AR Berenger,Mohammad Irfan,0,0,,,,,,"",""
ball,2,2.6,United Arab Emirates,Amjad Ali,AR Berenger,Mohammad Irfan,0,0,,,,,,"",""
ball,2,3.1,United Arab Emirates,AR Berenger,Amjad Ali,Sohail Khan,1,0,,,,,,"",""
ball,2,3.2,United Arab Emirates,Amjad Ali,AR Berenger,Sohail Khan,0,0,,,,,,"",""
ball,2,3.3,United Arab Emirates,Amjad Ali,AR Berenger,Sohail Khan,0,0,,,,,,"",""
ball,2,3.4,United Arab Emirates,Amjad Ali,AR Berenger,Sohail Khan,1,0,,,,,,"",""
ball,2,3.5,United Arab Emirates,AR Berenger,Amjad Ali,Sohail Khan,0,0,,,,,,"",""
ball,2,3.6,United Arab Emirates,AR Berenger,Amjad Ali,Sohail Khan,0,0,,,,,,"",""
ball,2,4.1,United Arab Emirates,Amjad Ali,AR Berenger,Mohammad Irfan,0,0,,,,,,"",""
ball,2,4.2,United Arab Emirates,Amjad Ali,AR Berenger,Mohammad Irfan,0,0,,,,,,"",""
ball,2,4.3,United Arab Emirates,Amjad Ali,AR Berenger,Mohammad Irfan,0,0,,,,,,"",""
ball,2,4.4,United Arab Emirates,Amjad Ali,AR Berenger,Mohammad Irfan,1,0,,,,,,"",""
ball,2,4.5,United Arab Emirates,AR Berenger,Amjad Ali,Mohammad Irfan,0,0,,,,,,"",""
ball,2,4.6,United Arab Emirates,AR Berenger,Amjad Ali,Mohammad Irfan,0,0,,,,,,"",""
ball,2,5.1,United Arab Emirates,Amjad Ali,AR Berenger,Sohail Khan,4,0,,,,,,"",""
ball,2,5.2,United Arab Emirates,Amjad Ali,AR Berenger,Sohail Khan,0,0,,,,,,"",""
ball,2,5.3,United Arab Emirates,Amjad Ali,AR Berenger,Sohail Khan,0,0,,,,,,"",""
ball,2,5.4,United Arab Emirates,Amjad Ali,AR Berenger,Sohail Khan,4,0,,,,,,"",""
ball,2,5.5,United Arab Emirates,Amjad Ali,AR Berenger,Sohail Khan,0,0,,,,,,"",""
ball,2,5.6,United Arab Emirates,Amjad Ali,AR Berenger,Sohail Khan,0,1,1,,,,,"",""
ball,2,5.7,United Arab Emirates,Amjad Ali,AR Berenger,Sohail Khan,0,0,,,,,,"",""
ball,2,6.1,United Arab Emirates,AR Berenger,Amjad Ali,Rahat Ali,1,0,,,,,,"",""
ball,2,6.2,United Arab Emirates,Amjad Ali,AR Berenger,Rahat Ali,2,0,,,,,,"",""
ball,2,6.3,United Arab Emirates,Amjad Ali,AR Berenger,Rahat Ali,0,0,,,,,,"",""
ball,2,6.4,United Arab Emirates,Amjad Ali,AR Berenger,Rahat Ali,0,1,1,,,,,"",""
ball,2,6.5,United Arab Emirates,Amjad Ali,AR Berenger,Rahat Ali,0,0,,,,,,bowled,Amjad Ali
ball,2,6.6,United Arab Emirates,Krishna Chandran,AR Berenger,Rahat Ali,0,0,,,,,,"",""
ball,2,6.7,United Arab Emirates,Krishna Chandran,AR Berenger,Rahat Ali,0,0,,,,,,"",""
ball,2,7.1,United Arab Emirates,AR Berenger,Krishna Chandran,Sohail Khan,0,0,,,,,,"",""
ball,2,7.2,United Arab Emirates,AR Berenger,Krishna Chandran,Sohail Khan,0,0,,,,,,"",""
ball,2,7.3,United Arab Emirates,AR Berenger,Krishna Chandran,Sohail Khan,0,0,,,,,,caught,AR Berenger
ball,2,7.4,United Arab Emirates,Khurram Khan,Krishna Chandran,Sohail Khan,0,1,,,,1,,"",""
ball,2,7.5,United Arab Emirates,Krishna Chandran,Khurram Khan,Sohail Khan,0,0,,,,,,"",""
ball,2,7.6,United Arab Emirates,Krishna Chandran,Khurram Khan,Sohail Khan,0,0,,,,,,"",""
ball,2,8.1,United Arab Emirates,Khurram Khan,Krishna Chandran,Rahat Ali,0,0,,,,,,"",""
ball,2,8.2,United Arab Emirates,Khurram Khan,Krishna Chandran,Rahat Ali,0,0,,,,,,"",""
ball,2,8.3,United Arab Emirates,Khurram Khan,Krishna Chandran,Rahat Ali,0,0,,,,,,"",""
ball,2,8.4,United Arab Emirates,Khurram Khan,Krishna Chandran,Rahat Ali,3,0,,,,,,"",""
ball,2,8.5,United Arab Emirates,Krishna Chandran,Khurram Khan,Rahat Ali,0,0,,,,,,"",""
ball,2,8.6,United Arab Emirates,Krishna Chandran,Khurram Khan,Rahat Ali,0,0,,,,,,"",""
ball,2,9.1,United Arab Emirates,Khurram Khan,Krishna Chandran,Sohail Khan,1,0,,,,,,"",""
ball,2,9.2,United Arab Emirates,Krishna Chandran,Khurram Khan,Sohail Khan,0,0,,,,,,"",""
ball,2,9.3,United Arab Emirates,Krishna Chandran,Khurram Khan,Sohail Khan,0,0,,,,,,"",""
ball,2,9.4,United Arab Emirates,Krishna Chandran,Khurram Khan,Sohail Khan,0,0,,,,,,"",""
ball,2,9.5,United Arab Emirates,Krishna Chandran,Khurram Khan,Sohail Khan,0,0,,,,,,"",""
ball,2,9.6,United Arab Emirates,Krishna Chandran,Khurram Khan,Sohail Khan,0,1,1,,,,,"",""
ball,2,9.7,United Arab Emirates,Krishna Chandran,Khurram Khan,Sohail Khan,0,0,,,,,,caught,Krishna Chandran
ball,2,10.1,United Arab Emirates,Khurram Khan,Shaiman Anwar,Rahat Ali,4,0,,,,,,"",""
ball,2,10.2,United Arab Emirates,Khurram Khan,Shaiman Anwar,Rahat Ali,0,0,,,,,,"",""
ball,2,10.3,United Arab Emirates,Khurram Khan,Shaiman Anwar,Rahat Ali,0,0,,,,,,"",""
ball,2,10.4,United Arab Emirates,Khurram Khan,Shaiman Anwar,Rahat Ali,0,0,,,,,,"",""
ball,2,10.5,United Arab Emirates,Khurram Khan,Shaiman Anwar,Rahat Ali,0,0,,,,,,"",""
ball,2,10.6,United Arab Emirates,Khurram Khan,Shaiman Anwar,Rahat Ali,0,0,,,,,,"",""
ball,2,11.1,United Arab Emirates,Shaiman Anwar,Khurram Khan,Sohail Khan,0,0,,,,,,"",""
ball,2,11.2,United Arab Emirates,Shaiman Anwar,Khurram Khan,Sohail Khan,0,0,,,,,,"",""
ball,2,11.3,United Arab Emirates,Shaiman Anwar,Khurram Khan,Sohail Khan,0,0,,,,,,"",""
ball,2,11.4,United Arab Emirates,Shaiman Anwar,Khurram Khan,Sohail Khan,0,0,,,,,,"",""
ball,2,11.5,United Arab Emirates,Shaiman Anwar,Khurram Khan,Sohail Khan,0,0,,,,,,"",""
ball,2,11.6,United Arab Emirates,Shaiman Anwar,Khurram Khan,Sohail Khan,0,0,,,,,,"",""
ball,2,12.1,United Arab Emirates,Khurram Khan,Shaiman Anwar,Rahat Ali,1,0,,,,,,"",""
ball,2,12.2,United Arab Emirates,Shaiman Anwar,Khurram Khan,Rahat Ali,0,0,,,,,,"",""
ball,2,12.3,United Arab Emirates,Shaiman Anwar,Khurram Khan,Rahat Ali,0,0,,,,,,"",""
ball,2,12.4,United Arab Emirates,Shaiman Anwar,Khurram Khan,Rahat Ali,0,0,,,,,,"",""
ball,2,12.5,United Arab Emirates,Shaiman Anwar,Khurram Khan,Rahat Ali,0,0,,,,,,"",""
ball,2,12.6,United Arab Emirates,Shaiman Anwar,Khurram Khan,Rahat Ali,1,0,,,,,,"",""
ball,2,13.1,United Arab Emirates,Shaiman Anwar,Khurram Khan,Sohail Khan,0,0,,,,,,"",""
ball,2,13.2,United Arab Emirates,Shaiman Anwar,Khurram Khan,Sohail Khan,0,0,,,,,,"",""
ball,2,13.3,United Arab Emirates,Shaiman Anwar,Khurram Khan,Sohail Khan,0,0,,,,,,"",""
ball,2,13.4,United Arab Emirates,Shaiman Anwar,Khurram Khan,Sohail Khan,4,0,,,,,,"",""
ball,2,13.5,United Arab Emirates,Shaiman Anwar,Khurram Khan,Sohail Khan,0,0,,,,,,"",""
ball,2,13.6,United Arab Emirates,Shaiman Anwar,Khurram Khan,Sohail Khan,6,0,,,,,,"",""
ball,2,14.1,United Arab Emirates,Khurram Khan,Shaiman Anwar,Rahat Ali,1,0,,,,,,"",""
ball,2,14.2,United Arab Emirates,Shaiman Anwar,Khurram Khan,Rahat Ali,0,0,,,,,,"",""
ball,2,14.3,United Arab Emirates,Shaiman Anwar,Khurram Khan,Rahat Ali,0,0,,,,,,"",""
ball,2,14.4,United Arab Emirates,Shaiman Anwar,Khurram Khan,Rahat Ali,0,0,,,,,,"",""
ball,2,14.5,United Arab Emirates,Shaiman Anwar,Khurram Khan,Rahat Ali,0,0,,,,,,"",""
ball,2,14.6,United Arab Emirates,Shaiman Anwar,Khurram Khan,Rahat Ali,0,0,,,,,,"",""
ball,2,15.1,United Arab Emirates,Khurram Khan,Shaiman Anwar,Wahab Riaz,0,0,,,,,,"",""
ball,2,15.2,United Arab Emirates,Khurram Khan,Shaiman Anwar,Wahab Riaz,0,0,,,,,,"",""
ball,2,15.3,United Arab Emirates,Khurram Khan,Shaiman Anwar,Wahab Riaz,0,0,,,,,,"",""
ball,2,15.4,United Arab Emirates,Khurram Khan,Shaiman Anwar,Wahab Riaz,0,0,,,,,,"",""
ball,2,15.5,United Arab Emirates,Khurram Khan,Shaiman Anwar,Wahab Riaz,4,0,,,,,,"",""
ball,2,15.6,United Arab Emirates,Khurram Khan,Shaiman Anwar,Wahab Riaz,0,0,,,,,,"",""
ball,2,16.1,United Arab Emirates,Shaiman Anwar,Khurram Khan,Shahid Afridi,0,1,1,,,,,"",""
ball,2,16.2,United Arab Emirates,Shaiman Anwar,Khurram Khan,Shahid Afridi,0,0,,,,,,"",""
ball,2,16.3,United Arab Emirates,Shaiman Anwar,Khurram Khan,Shahid Afridi,1,0,,,,,,"",""
ball,2,16.4,United Arab Emirates,Khurram Khan,Shaiman Anwar,Shahid Afridi,1,0,,,,,,"",""
ball,2,16.5,United Arab Emirates,Shaiman Anwar,Khurram Khan,Shahid Afridi,1,0,,,,,,"",""
ball,2,16.6,United Arab Emirates,Khurram Khan,Shaiman Anwar,Shahid Afridi,0,0,,,,,,"",""
ball,2,16.7,United Arab Emirates,Khurram Khan,Shaiman Anwar,Shahid Afridi,1,0,,,,,,"",""
ball,2,17.1,United Arab Emirates,Khurram Khan,Shaiman Anwar,Wahab Riaz,1,0,,,,,,"",""
ball,2,17.2,United Arab Emirates,Shaiman Anwar,Khurram Khan,Wahab Riaz,0,0,,,,,,"",""
ball,2,17.3,United Arab Emirates,Shaiman Anwar,Khurram Khan,Wahab Riaz,1,0,,,,,,"",""
ball,2,17.4,United Arab Emirates,Khurram Khan,Shaiman Anwar,Wahab Riaz,2,0,,,,,,"",""
ball,2,17.5,United Arab Emirates,Khurram Khan,Shaiman Anwar,Wahab Riaz,1,0,,,,,,"",""
ball,2,17.6,United Arab Emirates,Shaiman Anwar,Khurram Khan,Wahab Riaz,2,0,,,,,,"",""
ball,2,18.1,United Arab Emirates,Khurram Khan,Shaiman Anwar,Shahid Afridi,1,0,,,,,,"",""
ball,2,18.2,United Arab Emirates,Shaiman Anwar,Khurram Khan,Shahid Afridi,1,0,,,,,,"",""
ball,2,18.3,United Arab Emirates,Khurram Khan,Shaiman Anwar,Shahid Afridi,0,0,,,,,,"",""
ball,2,18.4,United Arab Emirates,Khurram Khan,Shaiman Anwar,Shahid Afridi,1,0,,,,,,"",""
ball,2,18.5,United Arab Emirates,Shaiman Anwar,Khurram Khan,Shahid Afridi,1,0,,,,,,"",""
ball,2,18.6,United Arab Emirates,Khurram Khan,Shaiman Anwar,Shahid Afridi,4,0,,,,,,"",""
ball,2,19.1,United Arab Emirates,Shaiman Anwar,Khurram Khan,Wahab Riaz,0,0,,,,,,"",""
ball,2,19.2,United Arab Emirates,Shaiman Anwar,Khurram Khan,Wahab Riaz,0,0,,,,,,"",""
ball,2,19.3,United Arab Emirates,Shaiman Anwar,Khurram Khan,Wahab Riaz,2,0,,,,,,"",""
ball,2,19.4,United Arab Emirates,Shaiman Anwar,Khurram Khan,Wahab Riaz,1,0,,,,,,"",""
ball,2,19.5,United Arab Emirates,Khurram Khan,Shaiman Anwar,Wahab Riaz,0,0,,,,,,"",""
ball,2,19.6,United Arab Emirates,Khurram Khan,Shaiman Anwar,Wahab Riaz,1,0,,,,,,"",""
ball,2,20.1,United Arab Emirates,Khurram Khan,Shaiman Anwar,Shahid Afridi,0,0,,,,,,"",""
ball,2,20.2,United Arab Emirates,Khurram Khan,Shaiman Anwar,Shahid Afridi,0,0,,,,,,"",""
ball,2,20.3,United Arab Emirates,Khurram Khan,Shaiman Anwar,Shahid Afridi,0,0,,,,,,"",""
ball,2,20.4,United Arab Emirates,Khurram Khan,Shaiman Anwar,Shahid Afridi,2,0,,,,,,"",""
ball,2,20.5,United Arab Emirates,Khurram Khan,Shaiman Anwar,Shahid Afridi,0,0,,,,,,"",""
ball,2,20.6,United Arab Emirates,Khurram Khan,Shaiman Anwar,Shahid Afridi,0,0,,,,,,"",""
ball,2,21.1,United Arab Emirates,Shaiman Anwar,Khurram Khan,Wahab Riaz,0,0,,,,,,"",""
ball,2,21.2,United Arab Emirates,Shaiman Anwar,Khurram Khan,Wahab Riaz,0,0,,,,,,"",""
ball,2,21.3,United Arab Emirates,Shaiman Anwar,Khurram Khan,Wahab Riaz,2,0,,,,,,"",""
ball,2,21.4,United Arab Emirates,Shaiman Anwar,Khurram Khan,Wahab Riaz,1,0,,,,,,"",""
ball,2,21.5,United Arab Emirates,Khurram Khan,Shaiman Anwar,Wahab Riaz,6,0,,,,,,"",""
ball,2,21.6,United Arab Emirates,Khurram Khan,Shaiman Anwar,Wahab Riaz,0,0,,,,,,"",""
ball,2,22.1,United Arab Emirates,Shaiman Anwar,Khurram Khan,Shahid Afridi,0,0,,,,,,"",""
ball,2,22.2,United Arab Emirates,Shaiman Anwar,Khurram Khan,Shahid Afridi,0,0,,,,,,"",""
ball,2,22.3,United Arab Emirates,Shaiman Anwar,Khurram Khan,Shahid Afridi,1,0,,,,,,"",""
ball,2,22.4,United Arab Emirates,Khurram Khan,Shaiman Anwar,Shahid Afridi,0,0,,,,,,"",""
ball,2,22.5,United Arab Emirates,Khurram Khan,Shaiman Anwar,Shahid Afridi,1,0,,,,,,"",""
ball,2,22.6,United Arab Emirates,Shaiman Anwar,Khurram Khan,Shahid Afridi,1,0,,,,,,"",""
ball,2,23.1,United Arab Emirates,Shaiman Anwar,Khurram Khan,Wahab Riaz,0,0,,,,,,"",""
ball,2,23.2,United Arab Emirates,Shaiman Anwar,Khurram Khan,Wahab Riaz,0,0,,,,,,"",""
ball,2,23.3,United Arab Emirates,Shaiman Anwar,Khurram Khan,Wahab Riaz,0,0,,,,,,"",""
ball,2,23.4,United Arab Emirates,Shaiman Anwar,Khurram Khan,Wahab Riaz,0,0,,,,,,"",""
ball,2,23.5,United Arab Emirates,Shaiman Anwar,Khurram Khan,Wahab Riaz,0,0,,,,,,"",""
ball,2,23.6,United Arab Emirates,Shaiman Anwar,Khurram Khan,Wahab Riaz,0,0,,,,,,"",""
ball,2,24.1,United Arab Emirates,Khurram Khan,Shaiman Anwar,Shahid Afridi,0,0,,,,,,"",""
ball,2,24.2,United Arab Emirates,Khurram Khan,Shaiman Anwar,Shahid Afridi,1,0,,,,,,"",""
ball,2,24.3,United Arab Emirates,Shaiman Anwar,Khurram Khan,Shahid Afridi,2,0,,,,,,"",""
ball,2,24.4,United Arab Emirates,Shaiman Anwar,Khurram Khan,Shahid Afridi,1,0,,,,,,"",""
ball,2,24.5,United Arab Emirates,Khurram Khan,Shaiman Anwar,Shahid Afridi,1,0,,,,,,"",""
ball,2,24.6,United Arab Emirates,Shaiman Anwar,Khurram Khan,Shahid Afridi,0,0,,,,,,"",""
ball,2,25.1,United Arab Emirates,Khurram Khan,Shaiman Anwar,Sohaib Maqsood,0,1,1,,,,,"",""
ball,2,25.2,United Arab Emirates,Khurram Khan,Shaiman Anwar,Sohaib Maqsood,1,0,,,,,,"",""
ball,2,25.3,United Arab Emirates,Shaiman Anwar,Khurram Khan,Sohaib Maqsood,0,0,,,,,,"",""
ball,2,25.4,United Arab Emirates,Shaiman Anwar,Khurram Khan,Sohaib Maqsood,0,0,,,,,,"",""
ball,2,25.5,United Arab Emirates,Shaiman Anwar,Khurram Khan,Sohaib Maqsood,1,0,,,,,,"",""
ball,2,25.6,United Arab Emirates,Khurram Khan,Shaiman Anwar,Sohaib Maqsood,0,0,,,,,,"",""
ball,2,25.7,United Arab Emirates,Khurram Khan,Shaiman Anwar,Sohaib Maqsood,0,0,,,,,,"",""
ball,2,26.1,United Arab Emirates,Shaiman Anwar,Khurram Khan,Shahid Afridi,0,0,,,,,,"",""
ball,2,26.2,United Arab Emirates,Shaiman Anwar,Khurram Khan,Shahid Afridi,1,0,,,,,,"",""
ball,2,26.3,United Arab Emirates,Khurram Khan,Shaiman Anwar,Shahid Afridi,2,0,,,,,,"",""
ball,2,26.4,United Arab Emirates,Khurram Khan,Shaiman Anwar,Shahid Afridi,1,0,,,,,,"",""
ball,2,26.5,United Arab Emirates,Shaiman Anwar,Khurram Khan,Shahid Afridi,0,0,,,,,,"",""
ball,2,26.6,United Arab Emirates,Shaiman Anwar,Khurram Khan,Shahid Afridi,1,0,,,,,,"",""
ball,2,27.1,United Arab Emirates,Shaiman Anwar,Khurram Khan,Sohaib Maqsood,0,0,,,,,,"",""
ball,2,27.2,United Arab Emirates,Shaiman Anwar,Khurram Khan,Sohaib Maqsood,0,0,,,,,,"",""
ball,2,27.3,United Arab Emirates,Shaiman Anwar,Khurram Khan,Sohaib Maqsood,0,0,,,,,,"",""
ball,2,27.4,United Arab Emirates,Shaiman Anwar,Khurram Khan,Sohaib Maqsood,0,0,,,,,,"",""
ball,2,27.5,United Arab Emirates,Shaiman Anwar,Khurram Khan,Sohaib Maqsood,0,0,,,,,,"",""
ball,2,27.6,United Arab Emirates,Shaiman Anwar,Khurram Khan,Sohaib Maqsood,6,0,,,,,,"",""
ball,2,28.1,United Arab Emirates,Khurram Khan,Shaiman Anwar,Haris Sohail,0,0,,,,,,"",""
ball,2,28.2,United Arab Emirates,Khurram Khan,Shaiman Anwar,Haris Sohail,1,0,,,,,,"",""
ball,2,28.3,United Arab Emirates,Shaiman Anwar,Khurram Khan,Haris Sohail,0,0,,,,,,"",""
ball,2,28.4,United Arab Emirates,Shaiman Anwar,Khurram Khan,Haris Sohail,4,0,,,,,,"",""
ball,2,28.5,United Arab Emirates,Shaiman Anwar,Khurram Khan,Haris Sohail,0,0,,,,,,"",""
ball,2,28.6,United Arab Emirates,Shaiman Anwar,Khurram Khan,Haris Sohail,0,0,,,,,,"",""
ball,2,29.1,United Arab Emirates,Khurram Khan,Shaiman Anwar,Sohaib Maqsood,0,0,,,,,,"",""
ball,2,29.2,United Arab Emirates,Khurram Khan,Shaiman Anwar,Sohaib Maqsood,0,0,,,,,,caught,Khurram Khan
ball,2,29.3,United Arab Emirates,SP Patil,Shaiman Anwar,Sohaib Maqsood,0,0,,,,,,"",""
ball,2,29.4,United Arab Emirates,SP Patil,Shaiman Anwar,Sohaib Maqsood,0,0,,,,,,"",""
ball,2,29.5,United Arab Emirates,SP Patil,Shaiman Anwar,Sohaib Maqsood,0,0,,,,,,"",""
ball,2,29.6,United Arab Emirates,SP Patil,Shaiman Anwar,Sohaib Maqsood,1,0,,,,,,"",""
ball,2,30.1,United Arab Emirates,SP Patil,Shaiman Anwar,Haris Sohail,0,0,,,,,,"",""
ball,2,30.2,United Arab Emirates,SP Patil,Shaiman Anwar,Haris Sohail,1,0,,,,,,"",""
ball,2,30.3,United Arab Emirates,Shaiman Anwar,SP Patil,Haris Sohail,0,0,,,,,,"",""
ball,2,30.4,United Arab Emirates,Shaiman Anwar,SP Patil,Haris Sohail,1,0,,,,,,"",""
ball,2,30.5,United Arab Emirates,SP Patil,Shaiman Anwar,Haris Sohail,0,0,,,,,,"",""
ball,2,30.6,United Arab Emirates,SP Patil,Shaiman Anwar,Haris Sohail,1,0,,,,,,"",""
ball,2,31.1,United Arab Emirates,SP Patil,Shaiman Anwar,Sohaib Maqsood,0,0,,,,,,"",""
ball,2,31.2,United Arab Emirates,SP Patil,Shaiman Anwar,Sohaib Maqsood,1,0,,,,,,"",""
ball,2,31.3,United Arab Emirates,Shaiman Anwar,SP Patil,Sohaib Maqsood,1,0,,,,,,"",""
ball,2,31.4,United Arab Emirates,SP Patil,Shaiman Anwar,Sohaib Maqsood,1,0,,,,,,"",""
ball,2,31.5,United Arab Emirates,Shaiman Anwar,SP Patil,Sohaib Maqsood,0,0,,,,,,"",""
ball,2,31.6,United Arab Emirates,Shaiman Anwar,SP Patil,Sohaib Maqsood,2,0,,,,,,"",""
ball,2,32.1,United Arab Emirates,SP Patil,Shaiman Anwar,Haris Sohail,1,0,,,,,,"",""
ball,2,32.2,United Arab Emirates,Shaiman Anwar,SP Patil,Haris Sohail,0,0,,,,,,"",""
ball,2,32.3,United Arab Emirates,Shaiman Anwar,SP Patil,Haris Sohail,4,0,,,,,,"",""
ball,2,32.4,United Arab Emirates,Shaiman Anwar,SP Patil,Haris Sohail,0,0,,,,,,"",""
ball,2,32.5,United Arab Emirates,Shaiman Anwar,SP Patil,Haris Sohail,4,0,,,,,,"",""
ball,2,32.6,United Arab Emirates,Shaiman Anwar,SP Patil,Haris Sohail,1,0,,,,,,"",""
ball,2,33.1,United Arab Emirates,Shaiman Anwar,SP Patil,Sohaib Maqsood,0,0,,,,,,"",""
ball,2,33.2,United Arab Emirates,Shaiman Anwar,SP Patil,Sohaib Maqsood,1,0,,,,,,"",""
ball,2,33.3,United Arab Emirates,SP Patil,Shaiman Anwar,Sohaib Maqsood,0,0,,,,,,"",""
ball,2,33.4,United Arab Emirates,SP Patil,Shaiman Anwar,Sohaib Maqsood,0,0,,,,,,"",""
ball,2,33.5,United Arab Emirates,SP Patil,Shaiman Anwar,Sohaib Maqsood,0,0,,,,,,"",""
ball,2,33.6,United Arab Emirates,SP Patil,Shaiman Anwar,Sohaib Maqsood,0,0,,,,,,"",""
ball,2,34.1,United Arab Emirates,Shaiman Anwar,SP Patil,Shahid Afridi,2,0,,,,,,"",""
ball,2,34.2,United Arab Emirates,Shaiman Anwar,SP Patil,Shahid Afridi,1,0,,,,,,"",""
ball,2,34.3,United Arab Emirates,SP Patil,Shaiman Anwar,Shahid Afridi,0,0,,,,,,"",""
ball,2,34.4,United Arab Emirates,SP Patil,Shaiman Anwar,Shahid Afridi,0,0,,,,,,"",""
ball,2,34.5,United Arab Emirates,SP Patil,Shaiman Anwar,Shahid Afridi,0,0,,,,,,"",""
ball,2,34.6,United Arab Emirates,SP Patil,Shaiman Anwar,Shahid Afridi,0,0,,,,,,"",""
ball,2,35.1,United Arab Emirates,Shaiman Anwar,SP Patil,Rahat Ali,0,0,,,,,,"",""
ball,2,35.2,United Arab Emirates,Shaiman Anwar,SP Patil,Rahat Ali,1,0,,,,,,"",""
ball,2,35.3,United Arab Emirates,SP Patil,Shaiman Anwar,Rahat Ali,1,0,,,,,,"",""
ball,2,35.4,United Arab Emirates,Shaiman Anwar,SP Patil,Rahat Ali,1,0,,,,,,"",""
ball,2,35.5,United Arab Emirates,SP Patil,Shaiman Anwar,Rahat Ali,0,0,,,,,,"",""
ball,2,35.6,United Arab Emirates,SP Patil,Shaiman Anwar,Rahat Ali,0,0,,,,,,"",""
ball,2,36.1,United Arab Emirates,Shaiman Anwar,SP Patil,Shahid Afridi,1,0,,,,,,"",""
ball,2,36.2,United Arab Emirates,SP Patil,Shaiman Anwar,Shahid Afridi,0,0,,,,,,"",""
ball,2,36.3,United Arab Emirates,SP Patil,Shaiman Anwar,Shahid Afridi,0,0,,,,,,"",""
ball,2,36.4,United Arab Emirates,SP Patil,Shaiman Anwar,Shahid Afridi,0,0,,,,,,"",""
ball,2,36.5,United Arab Emirates,SP Patil,Shaiman Anwar,Shahid Afridi,1,0,,,,,,"",""
ball,2,36.6,United Arab Emirates,Shaiman Anwar,SP Patil,Shahid Afridi,0,0,,,,,,"",""
ball,2,37.1,United Arab Emirates,SP Patil,Shaiman Anwar,Rahat Ali,0,0,,,,,,"",""
ball,2,37.2,United Arab Emirates,SP Patil,Shaiman Anwar,Rahat Ali,4,0,,,,,,"",""
ball,2,37.3,United Arab Emirates,SP Patil,Shaiman Anwar,Rahat Ali,0,0,,,,,,"",""
ball,2,37.4,United Arab Emirates,SP Patil,Shaiman Anwar,Rahat Ali,0,0,,,,,,"",""
ball,2,37.5,United Arab Emirates,SP Patil,Shaiman Anwar,Rahat Ali,0,0,,,,,,"",""
ball,2,37.6,United Arab Emirates,SP Patil,Shaiman Anwar,Rahat Ali,0,0,,,,,,"",""
ball,2,38.1,United Arab Emirates,Shaiman Anwar,SP Patil,Shahid Afridi,0,0,,,,,,caught,Shaiman Anwar
ball,2,38.2,United Arab Emirates,Rohan Mustafa,SP Patil,Shahid Afridi,0,0,,,,,,"",""
ball,2,38.3,United Arab Emirates,Rohan Mustafa,SP Patil,Shahid Afridi,0,0,,,,,,caught,Rohan Mustafa
ball,2,38.4,United Arab Emirates,Amjad Javed,SP Patil,Shahid Afridi,0,0,,,,,,"",""
ball,2,38.5,United Arab Emirates,Amjad Javed,SP Patil,Shahid Afridi,0,1,1,,,,,"",""
ball,2,38.6,United Arab Emirates,Amjad Javed,SP Patil,Shahid Afridi,0,1,1,,,,,"",""
ball,2,38.7,United Arab Emirates,Amjad Javed,SP Patil,Shahid Afridi,0,0,,,,,,"",""
ball,2,38.8,United Arab Emirates,Amjad Javed,SP Patil,Shahid Afridi,0,0,,,,,,"",""
ball,2,39.1,United Arab Emirates,SP Patil,Amjad Javed,Wahab Riaz,2,0,,,,,,"",""
ball,2,39.2,United Arab Emirates,SP Patil,Amjad Javed,Wahab Riaz,0,0,,,,,,"",""
ball,2,39.3,United Arab Emirates,SP Patil,Amjad Javed,Wahab Riaz,0,0,,,,,,"",""
ball,2,39.4,United Arab Emirates,SP Patil,Amjad Javed,Wahab Riaz,1,0,,,,,,"",""
ball,2,39.5,United Arab Emirates,Amjad Javed,SP Patil,Wahab Riaz,0,0,,,,,,"",""
ball,2,39.6,United Arab Emirates,Amjad Javed,SP Patil,Wahab Riaz,0,0,,,,,,"",""
ball,2,40.1,United Arab Emirates,SP Patil,Amjad Javed,Shahid Afridi,0,0,,,,,,"",""
ball,2,40.2,United Arab Emirates,SP Patil,Amjad Javed,Shahid Afridi,0,0,,,,,,"",""
ball,2,40.3,United Arab Emirates,SP Patil,Amjad Javed,Shahid Afridi,0,0,,,,,,"",""
ball,2,40.4,United Arab Emirates,SP Patil,Amjad Javed,Shahid Afridi,0,0,,,,,,"",""
ball,2,40.5,United Arab Emirates,SP Patil,Amjad Javed,Shahid Afridi,0,0,,,,,,"",""
ball,2,40.6,United Arab Emirates,SP Patil,Amjad Javed,Shahid Afridi,0,0,,,,,,"",""
ball,2,41.1,United Arab Emirates,Amjad Javed,SP Patil,Wahab Riaz,0,2,2,,,,,"",""
ball,2,41.2,United Arab Emirates,SP Patil,Amjad Javed,Wahab Riaz,0,0,,,,,,"",""
ball,2,41.3,United Arab Emirates,SP Patil,Amjad Javed,Wahab Riaz,0,0,,,,,,"",""
ball,2,41.4,United Arab Emirates,SP Patil,Amjad Javed,Wahab Riaz,0,0,,,,,,"",""
ball,2,41.5,United Arab Emirates,SP Patil,Amjad Javed,Wahab Riaz,0,0,,,,,,"",""
ball,2,41.6,United Arab Emirates,SP Patil,Amjad Javed,Wahab Riaz,2,0,,,,,,"",""
ball,2,41.7,United Arab Emirates,SP Patil,Amjad Javed,Wahab Riaz,1,0,,,,,,"",""
ball,2,42.1,United Arab Emirates,SP Patil,Amjad Javed,Rahat Ali,0,0,,,,,,"",""
ball,2,42.2,United Arab Emirates,SP Patil,Amjad Javed,Rahat Ali,2,0,,,,,,"",""
ball,2,42.3,United Arab Emirates,SP Patil,Amjad Javed,Rahat Ali,1,0,,,,,,"",""
ball,2,42.4,United Arab Emirates,Amjad Javed,SP Patil,Rahat Ali,0,0,,,,,,"",""
ball,2,42.5,United Arab Emirates,Amjad Javed,SP Patil,Rahat Ali,0,0,,,,,,"",""
ball,2,42.6,United Arab Emirates,Amjad Javed,SP Patil,Rahat Ali,0,0,,,,,,"",""
ball,2,43.1,United Arab Emirates,SP Patil,Amjad Javed,Wahab Riaz,0,0,,,,,,"",""
ball,2,43.2,United Arab Emirates,SP Patil,Amjad Javed,Wahab Riaz,0,0,,,,,,"",""
ball,2,43.3,United Arab Emirates,SP Patil,Amjad Javed,Wahab Riaz,4,0,,,,,,"",""
ball,2,43.4,United Arab Emirates,SP Patil,Amjad Javed,Wahab Riaz,0,0,,,,,,"",""
ball,2,43.5,United Arab Emirates,SP Patil,Amjad Javed,Wahab Riaz,1,0,,,,,,"",""
ball,2,43.6,United Arab Emirates,Amjad Javed,SP Patil,Wahab Riaz,2,0,,,,,,"",""
ball,2,44.1,United Arab Emirates,SP Patil,Amjad Javed,Rahat Ali,1,0,,,,,,"",""
ball,2,44.2,United Arab Emirates,Amjad Javed,SP Patil,Rahat Ali,1,0,,,,,,"",""
ball,2,44.3,United Arab Emirates,SP Patil,Amjad Javed,Rahat Ali,0,0,,,,,,"",""
ball,2,44.4,United Arab Emirates,SP Patil,Amjad Javed,Rahat Ali,1,0,,,,,,"",""
ball,2,44.5,United Arab Emirates,Amjad Javed,SP Patil,Rahat Ali,0,0,,,,,,"",""
ball,2,44.6,United Arab Emirates,Amjad Javed,SP Patil,Rahat Ali,0,1,1,,,,,"",""
ball,2,44.7,United Arab Emirates,Amjad Javed,SP Patil,Rahat Ali,0,0,,,,,,"",""
ball,2,45.1,United Arab Emirates,SP Patil,Amjad Javed,Sohail Khan,1,0,,,,,,"",""
ball,2,45.2,United Arab Emirates,Amjad Javed,SP Patil,Sohail Khan,4,0,,,,,,"",""
ball,2,45.3,United Arab Emirates,Amjad Javed,SP Patil,Sohail Khan,6,0,,,,,,"",""
ball,2,45.4,United Arab Emirates,Amjad Javed,SP Patil,Sohail Khan,4,0,,,,,,"",""
ball,2,45.5,United Arab Emirates,Amjad Javed,SP Patil,Sohail Khan,0,0,,,,,,"",""
ball,2,45.6,United Arab Emirates,Amjad Javed,SP Patil,Sohail Khan,6,0,,,,,,"",""
ball,2,46.1,United Arab Emirates,SP Patil,Amjad Javed,Rahat Ali,1,0,,,,,,"",""
ball,2,46.2,United Arab Emirates,Amjad Javed,SP Patil,Rahat Ali,0,0,,,,,,"",""
ball,2,46.3,United Arab Emirates,Amjad Javed,SP Patil,Rahat Ali,0,0,,,,,,"",""
ball,2,46.4,United Arab Emirates,Amjad Javed,SP Patil,Rahat Ali,0,0,,,,,,"",""
ball,2,46.5,United Arab Emirates,Amjad Javed,SP Patil,Rahat Ali,0,0,,,,,,"",""
ball,2,46.6,United Arab Emirates,Amjad Javed,SP Patil,Rahat Ali,1,0,,,,,,"",""
ball,2,47.1,United Arab Emirates,Amjad Javed,SP Patil,Wahab Riaz,0,0,,,,,,"",""
ball,2,47.2,United Arab Emirates,Amjad Javed,SP Patil,Wahab Riaz,3,0,,,,,,"",""
ball,2,47.3,United Arab Emirates,SP Patil,Amjad Javed,Wahab Riaz,2,0,,,,,,"",""
ball,2,47.4,United Arab Emirates,SP Patil,Amjad Javed,Wahab Riaz,1,0,,,,,,"",""
ball,2,47.5,United Arab Emirates,Amjad Javed,SP Patil,Wahab Riaz,4,0,,,,,,"",""
ball,2,47.6,United Arab Emirates,Amjad Javed,SP Patil,Wahab Riaz,1,0,,,,,,"",""
ball,2,48.1,United Arab Emirates,Amjad Javed,SP Patil,Sohail Khan,0,0,,,,,,"",""
ball,2,48.2,United Arab Emirates,Amjad Javed,SP Patil,Sohail Khan,0,0,,,,,,"",""
ball,2,48.3,United Arab Emirates,Amjad Javed,SP Patil,Sohail Khan,0,0,,,,,,"",""
ball,2,48.4,United Arab Emirates,Amjad Javed,SP Patil,Sohail Khan,4,0,,,,,,"",""
ball,2,48.5,United Arab Emirates,Amjad Javed,SP Patil,Sohail Khan,0,0,,,,,,"",""
ball,2,48.6,United Arab Emirates,Amjad Javed,SP Patil,Sohail Khan,4,0,,,,,,"",""
ball,2,49.1,United Arab Emirates,SP Patil,Amjad Javed,Wahab Riaz,1,0,,,,,,"",""
ball,2,49.2,United Arab Emirates,Amjad Javed,SP Patil,Wahab Riaz,0,1,1,,,,,"",""
ball,2,49.3,United Arab Emirates,Amjad Javed,SP Patil,Wahab Riaz,0,0,,,,,,caught,Amjad Javed
ball,2,49.4,United Arab Emirates,SP Patil,Mohammad Naveed,Wahab Riaz,2,0,,,,,,"",""
ball,2,49.5,United Arab Emirates,SP Patil,Mohammad Naveed,Wahab Riaz,0,0,,,,,,"",""
ball,2,49.6,United Arab Emirates,SP Patil,Mohammad Naveed,Wahab Riaz,0,0,,,,,,bowled,SP Patil
ball,2,49.7,United Arab Emirates,Mohammad Tauqir,Mohammad Naveed,Wahab Riaz,0,0,,,,,,"",""
