version,1.6.0
info,balls_per_over,6
info,team,Ireland
info,team,United Arab Emirates
info,gender,male
info,season,2014/15
info,date,2015/02/25
info,event,ICC Cricket World Cup
info,match_number,16
info,venue,"Brisbane Cricket Ground, Woolloongabba"
info,city,Brisbane
info,neutralvenue,true
info,toss_winner,Ireland
info,toss_decision,field
info,player_of_match,GC Wilson
info,umpire,MA Gough
info,umpire,NJ Llong
info,reserve_umpire,BF Bowden
info,tv_umpire,HDPK Dharmasena
info,match_referee,RS Madugalle
info,winner,Ireland
info,winner_wickets,2
info,player,Ireland,WTS Porterfield
info,player,Ireland,PR Stirling
info,player,Ireland,EC Joyce
info,player,Ireland,NJ O'Brien
info,player,Ireland,A Balbirnie
info,player,Ireland,GC Wilson
info,player,Ireland,KJ O'Brien
info,player,Ireland,JF Mooney
info,player,Ireland,AR Cusack
info,player,Ireland,GH Dockrell
info,player,Ireland,MC Sorensen
info,player,United Arab Emirates,Amjad Ali
info,player,United Arab Emirates,AR Berenger
info,player,United Arab Emirates,Krishna Chandran
info,player,United Arab Emirates,Khurram Khan
info,player,United Arab Emirates,SP Patil
info,player,United Arab Emirates,Shaiman Anwar
info,player,United Arab Emirates,Rohan Mustafa
info,player,United Arab Emirates,Amjad Javed
info,player,United Arab Emirates,Mohammad Naveed
info,player,United Arab Emirates,Mohammad Tauqir
info,player,United Arab Emirates,AM Guruge
info,registry,people,A Balbirnie,6ef13460
info,registry,people,AM Guruge,26534b48
info,registry,people,AR Berenger,f994f4ca
info,registry,people,AR Cusack,568e5a4a
info,registry,people,Amjad Ali,e4271302
info,registry,people,Amjad Javed,18eaf2fa
info,registry,people,BF Bowden,efc0a862
info,registry,people,EC Joyce,a48fc79d
info,registry,people,GC Wilson,05de1a5a
info,registry,people,GH Dockrell,99cddc5e
info,registry,people,HDPK Dharmasena,323e4c16
info,registry,people,JF Mooney,aae9ce90
info,registry,people,KJ O'Brien,243431b5
info,registry,people,Khurram Khan,ae6746e0
info,registry,people,Krishna Chandran,3165bc1b
info,registry,people,MA Gough,76752ac8
info,registry,people,MC Sorensen,3f18724b
info,registry,people,Mohammad Naveed,4861d29b
info,registry,people,Mohammad Tauqir,eb7af112
info,registry,people,NJ Llong,573fb985
info,registry,people,NJ O'Brien,84826f48
info,registry,people,PR Stirling,cf494ffe
info,registry,people,RS Madugalle,766b5798
info,registry,people,Rohan Mustafa,d1988788
info,registry,people,SP Patil,f5c198fb
info,registry,people,Saqlain Haider,c020cef5
info,registry,people,Shaiman Anwar,e9630504
info,registry,people,WTS Porterfield,ec02b798
ball,1,0.1,United Arab Emirates,Amjad Ali,AR Berenger,JF Mooney,0,0,,,,,,"",""
ball,1,0.2,United Arab Emirates,Amjad Ali,AR Berenger,JF Mooney,0,0,,,,,,"",""
ball,1,0.3,United Arab Emirates,Amjad Ali,AR Berenger,JF Mooney,1,0,,,,,,"",""
ball,1,0.4,United Arab Emirates,AR Berenger,Amjad Ali,JF Mooney,0,0,,,,,,"",""
ball,1,0.5,United Arab Emirates,AR Berenger,Amjad Ali,JF Mooney,2,0,,,,,,"",""
ball,1,0.6,United Arab Emirates,AR Berenger,Amjad Ali,JF Mooney,0,0,,,,,,"",""
ball,1,1.1,United Arab Emirates,Amjad Ali,AR Berenger,MC Sorensen,0,0,,,,,,"",""
ball,1,1.2,United Arab Emirates,Amjad Ali,AR Berenger,MC Sorensen,0,0,,,,,,"",""
ball,1,1.3,United Arab Emirates,Amjad Ali,AR Berenger,MC Sorensen,4,0,,,,,,"",""
ball,1,1.4,United Arab Emirates,Amjad Ali,AR Berenger,MC Sorensen,0,0,,,,,,"",""
ball,1,1.5,United Arab Emirates,Amjad Ali,AR Berenger,MC Sorensen,1,0,,,,,,"",""
ball,1,1.6,United Arab Emirates,AR Berenger,Amjad Ali,MC Sorensen,0,0,,,,,,"",""
ball,1,2.1,United Arab Emirates,Amjad Ali,AR Berenger,JF Mooney,2,0,,,,,,"",""
ball,1,2.2,United Arab Emirates,Amjad Ali,AR Berenger,JF Mooney,0,0,,,,,,"",""
ball,1,2.3,United Arab Emirates,Amjad Ali,AR Berenger,JF Mooney,0,0,,,,,,"",""
ball,1,2.4,United Arab Emirates,Amjad Ali,AR Berenger,JF Mooney,0,0,,,,,,"",""
ball,1,2.5,United Arab Emirates,Amjad Ali,AR Berenger,JF Mooney,3,0,,,,,,"",""
ball,1,2.6,United Arab Emirates,AR Berenger,Amjad Ali,JF Mooney,0,1,1,,,,,"",""
ball,1,2.7,United Arab Emirates,AR Berenger,Amjad Ali,JF Mooney,2,0,,,,,,"",""
ball,1,3.1,United Arab Emirates,Amjad Ali,AR Berenger,MC Sorensen,0,0,,,,,,"",""
ball,1,3.2,United Arab Emirates,Amjad Ali,AR Berenger,MC Sorensen,4,0,,,,,,"",""
ball,1,3.3,United Arab Emirates,Amjad Ali,AR Berenger,MC Sorensen,1,0,,,,,,"",""
ball,1,3.4,United Arab Emirates,AR Berenger,Amjad Ali,MC Sorensen,2,0,,,,,,"",""
ball,1,3.5,United Arab Emirates,AR Berenger,Amjad Ali,MC Sorensen,0,0,,,,,,"",""
ball,1,3.6,United Arab Emirates,AR Berenger,Amjad Ali,MC Sorensen,0,0,,,,,,"",""
ball,1,4.1,United Arab Emirates,Amjad Ali,AR Berenger,JF Mooney,0,0,,,,,,"",""
ball,1,4.2,United Arab Emirates,Amjad Ali,AR Berenger,JF Mooney,0,0,,,,,,"",""
ball,1,4.3,United Arab Emirates,Amjad Ali,AR Berenger,JF Mooney,0,0,,,,,,"",""
ball,1,4.4,United Arab Emirates,Amjad Ali,AR Berenger,JF Mooney,3,0,,,,,,"",""
ball,1,4.5,United Arab Emirates,AR Berenger,Amjad Ali,JF Mooney,0,0,,,,,,"",""
ball,1,4.6,United Arab Emirates,AR Berenger,Amjad Ali,JF Mooney,0,0,,,,,,"",""
ball,1,5.1,United Arab Emirates,Amjad Ali,AR Berenger,MC Sorensen,0,0,,,,,,"",""
ball,1,5.2,United Arab Emirates,Amjad Ali,AR Berenger,MC Sorensen,0,0,,,,,,"",""
ball,1,5.3,United Arab Emirates,Amjad Ali,AR Berenger,MC Sorensen,0,0,,,,,,"",""
ball,1,5.4,United Arab Emirates,Amjad Ali,AR Berenger,MC Sorensen,0,0,,,,,,"",""
ball,1,5.5,United Arab Emirates,Amjad Ali,AR Berenger,MC Sorensen,1,0,,,,,,"",""
ball,1,5.6,United Arab Emirates,AR Berenger,Amjad Ali,MC Sorensen,0,0,,,,,,"",""
ball,1,6.1,United Arab Emirates,Amjad Ali,AR Berenger,AR Cusack,0,0,,,,,,"",""
ball,1,6.2,United Arab Emirates,Amjad Ali,AR Berenger,AR Cusack,0,1,1,,,,,"",""
ball,1,6.3,United Arab Emirates,Amjad Ali,AR Berenger,AR Cusack,2,0,,,,,,"",""
ball,1,6.4,United Arab Emirates,Amjad Ali,AR Berenger,AR Cusack,1,0,,,,,,"",""
ball,1,6.5,United Arab Emirates,AR Berenger,Amjad Ali,AR Cusack,0,0,,,,,,"",""
ball,1,6.6,United Arab Emirates,AR Berenger,Amjad Ali,AR Cusack,0,0,,,,,,"",""
ball,1,6.7,United Arab Emirates,AR Berenger,Amjad Ali,AR Cusack,0,0,,,,,,"",""
ball,1,7.1,United Arab Emirates,Amjad Ali,AR Berenger,MC Sorensen,1,0,,,,,,"",""
ball,1,7.2,United Arab Emirates,AR Berenger,Amjad Ali,MC Sorensen,4,0,,,,,,"",""
ball,1,7.3,United Arab Emirates,AR Berenger,Amjad Ali,MC Sorensen,0,0,,,,,,"",""
ball,1,7.4,United Arab Emirates,AR Berenger,Amjad Ali,MC Sorensen,1,0,,,,,,"",""
ball,1,7.5,United Arab Emirates,Amjad Ali,AR Berenger,MC Sorensen,4,0,,,,,,"",""
ball,1,7.6,United Arab Emirates,Amjad Ali,AR Berenger,MC Sorensen,1,0,,,,,,"",""
ball,1,8.1,United Arab Emirates,Amjad Ali,AR Berenger,AR Cusack,0,0,,,,,,"",""
ball,1,8.2,United Arab Emirates,Amjad Ali,AR Berenger,AR Cusack,0,0,,,,,,"",""
ball,1,8.3,United Arab Emirates,Amjad Ali,AR Berenger,AR Cusack,0,0,,,,,,"",""
ball,1,8.4,United Arab Emirates,Amjad Ali,AR Berenger,AR Cusack,0,0,,,,,,"",""
ball,1,8.5,United Arab Emirates,Amjad Ali,AR Berenger,AR Cusack,1,0,,,,,,"",""
ball,1,8.6,United Arab Emirates,AR Berenger,Amjad Ali,AR Cusack,0,0,,,,,,"",""
ball,1,9.1,United Arab Emirates,Amjad Ali,AR Berenger,PR Stirling,0,0,,,,,,"",""
ball,1,9.2,United Arab Emirates,Amjad Ali,AR Berenger,PR Stirling,1,0,,,,,,"",""
ball,1,9.3,United Arab Emirates,AR Berenger,Amjad Ali,PR Stirling,0,0,,,,,,"",""
ball,1,9.4,United Arab Emirates,AR Berenger,Amjad Ali,PR Stirling,0,0,,,,,,"",""
ball,1,9.5,United Arab Emirates,AR Berenger,Amjad Ali,PR Stirling,0,0,,,,,,"",""
ball,1,9.6,United Arab Emirates,AR Berenger,Amjad Ali,PR Stirling,0,0,,,,,,"",""
ball,1,10.1,United Arab Emirates,Amjad Ali,AR Berenger,AR Cusack,0,1,1,,,,,"",""
ball,1,10.2,United Arab Emirates,Amjad Ali,AR Berenger,AR Cusack,0,0,,,,,,"",""
ball,1,10.3,United Arab Emirates,Amjad Ali,AR Berenger,AR Cusack,0,0,,,,,,"",""
ball,1,10.4,United Arab Emirates,Amjad Ali,AR Berenger,AR Cusack,0,0,,,,,,"",""
ball,1,10.5,United Arab Emirates,Amjad Ali,AR Berenger,AR Cusack,1,0,,,,,,"",""
ball,1,10.6,United Arab Emirates,AR Berenger,Amjad Ali,AR Cusack,0,0,,,,,,"",""
ball,1,10.7,United Arab Emirates,AR Berenger,Amjad Ali,AR Cusack,2,0,,,,,,"",""
ball,1,11.1,United Arab Emirates,Amjad Ali,AR Berenger,PR Stirling,0,0,,,,,,"",""
ball,1,11.2,United Arab Emirates,Amjad Ali,AR Berenger,PR Stirling,1,0,,,,,,"",""
ball,1,11.3,United Arab Emirates,AR Berenger,Amjad Ali,PR Stirling,0,0,,,,,,caught,AR Berenger
ball,1,11.4,United Arab Emirates,Krishna Chandran,Amjad Ali,PR Stirling,0,0,,,,,,"",""
ball,1,11.5,United Arab Emirates,Krishna Chandran,Amjad Ali,PR Stirling,0,0,,,,,,"",""
ball,1,11.6,United Arab Emirates,Krishna Chandran,Amjad Ali,PR Stirling,0,0,,,,,,"",""
ball,1,12.1,United Arab Emirates,Amjad Ali,Krishna Chandran,AR Cusack,4,0,,,,,,"",""
ball,1,12.2,United Arab Emirates,Amjad Ali,Krishna Chandran,AR Cusack,0,0,,,,,,"",""
ball,1,12.3,United Arab Emirates,Amjad Ali,Krishna Chandran,AR Cusack,0,0,,,,,,"",""
ball,1,12.4,United Arab Emirates,Amjad Ali,Krishna Chandran,AR Cusack,0,0,,,,,,"",""
ball,1,12.5,United Arab Emirates,Amjad Ali,Krishna Chandran,AR Cusack,0,0,,,,,,"",""
ball,1,12.6,United Arab Emirates,Amjad Ali,Krishna Chandran,AR Cusack,0,0,,,,,,"",""
ball,1,13.1,United Arab Emirates,Krishna Chandran,Amjad Ali,PR Stirling,0,0,,,,,,caught,Krishna Chandran
ball,1,13.2,United Arab Emirates,Khurram Khan,Amjad Ali,PR Stirling,1,0,,,,,,"",""
ball,1,13.3,United Arab Emirates,Amjad Ali,Khurram Khan,PR Stirling,0,0,,,,,,"",""
ball,1,13.4,United Arab Emirates,Amjad Ali,Khurram Khan,PR Stirling,0,0,,,,,,"",""
ball,1,13.5,United Arab Emirates,Amjad Ali,Khurram Khan,PR Stirling,0,0,,,,,,"",""
ball,1,13.6,United Arab Emirates,Amjad Ali,Khurram Khan,PR Stirling,0,0,,,,,,"",""
ball,1,14.1,United Arab Emirates,Khurram Khan,Amjad Ali,JF Mooney,0,0,,,,,,"",""
ball,1,14.2,United Arab Emirates,Khurram Khan,Amjad Ali,JF Mooney,0,0,,,,,,"",""
ball,1,14.3,United Arab Emirates,Khurram Khan,Amjad Ali,JF Mooney,1,0,,,,,,"",""
ball,1,14.4,United Arab Emirates,Amjad Ali,Khurram Khan,JF Mooney,0,0,,,,,,"",""
ball,1,14.5,United Arab Emirates,Amjad Ali,Khurram Khan,JF Mooney,0,0,,,,,,"",""
ball,1,14.6,United Arab Emirates,Amjad Ali,Khurram Khan,JF Mooney,0,0,,,,,,"",""
ball,1,15.1,United Arab Emirates,Khurram Khan,Amjad Ali,PR Stirling,1,0,,,,,,"",""
ball,1,15.2,United Arab Emirates,Amjad Ali,Khurram Khan,PR Stirling,0,0,,,,,,"",""
ball,1,15.3,United Arab Emirates,Amjad Ali,Khurram Khan,PR Stirling,0,0,,,,,,"",""
ball,1,15.4,United Arab Emirates,Amjad Ali,Khurram Khan,PR Stirling,1,0,,,,,,"",""
ball,1,15.5,United Arab Emirates,Khurram Khan,Amjad Ali,PR Stirling,4,0,,,,,,"",""
ball,1,15.6,United Arab Emirates,Khurram Khan,Amjad Ali,PR Stirling,0,0,,,,,,"",""
ball,1,16.1,United Arab Emirates,Amjad Ali,Khurram Khan,JF Mooney,0,0,,,,,,"",""
ball,1,16.2,United Arab Emirates,Amjad Ali,Khurram Khan,JF Mooney,1,0,,,,,,"",""
ball,1,16.3,United Arab Emirates,Khurram Khan,Amjad Ali,JF Mooney,1,0,,,,,,"",""
ball,1,16.4,United Arab Emirates,Amjad Ali,Khurram Khan,JF Mooney,0,0,,,,,,"",""
ball,1,16.5,United Arab Emirates,Amjad Ali,Khurram Khan,JF Mooney,1,0,,,,,,"",""
ball,1,16.6,United Arab Emirates,Khurram Khan,Amjad Ali,JF Mooney,0,0,,,,,,"",""
ball,1,17.1,United Arab Emirates,Amjad Ali,Khurram Khan,PR Stirling,0,0,,,,,,"",""
ball,1,17.2,United Arab Emirates,Amjad Ali,Khurram Khan,PR Stirling,1,0,,,,,,"",""
ball,1,17.3,United Arab Emirates,Khurram Khan,Amjad Ali,PR Stirling,2,0,,,,,,"",""
ball,1,17.4,United Arab Emirates,Khurram Khan,Amjad Ali,PR Stirling,2,0,,,,,,"",""
ball,1,17.5,United Arab Emirates,Khurram Khan,Amjad Ali,PR Stirling,0,0,,,,,,"",""
ball,1,17.6,United Arab Emirates,Khurram Khan,Amjad Ali,PR Stirling,0,0,,,,,,"",""
ball,1,18.1,United Arab Emirates,Amjad Ali,Khurram Khan,KJ O'Brien,4,0,,,,,,"",""
ball,1,18.2,United Arab Emirates,Amjad Ali,Khurram Khan,KJ O'Brien,0,0,,,,,,"",""
ball,1,18.3,United Arab Emirates,Amjad Ali,Khurram Khan,KJ O'Brien,0,0,,,,,,"",""
ball,1,18.4,United Arab Emirates,Amjad Ali,Khurram Khan,KJ O'Brien,0,0,,,,,,"",""
ball,1,18.5,United Arab Emirates,Amjad Ali,Khurram Khan,KJ O'Brien,0,0,,,,,,caught,Amjad Ali
ball,1,18.6,United Arab Emirates,Khurram Khan,SP Patil,KJ O'Brien,0,0,,,,,,"",""
ball,1,19.1,United Arab Emirates,SP Patil,Khurram Khan,PR Stirling,0,0,,,,,,"",""
ball,1,19.2,United Arab Emirates,SP Patil,Khurram Khan,PR Stirling,0,0,,,,,,"",""
ball,1,19.3,United Arab Emirates,SP Patil,Khurram Khan,PR Stirling,0,0,,,,,,"",""
ball,1,19.4,United Arab Emirates,SP Patil,Khurram Khan,PR Stirling,0,0,,,,,,"",""
ball,1,19.5,United Arab Emirates,SP Patil,Khurram Khan,PR Stirling,1,0,,,,,,"",""
ball,1,19.6,United Arab Emirates,Khurram Khan,SP Patil,PR Stirling,1,0,,,,,,"",""
ball,1,20.1,United Arab Emirates,Khurram Khan,SP Patil,KJ O'Brien,1,0,,,,,,"",""
ball,1,20.2,United Arab Emirates,SP Patil,Khurram Khan,KJ O'Brien,0,0,,,,,,"",""
ball,1,20.3,United Arab Emirates,SP Patil,Khurram Khan,KJ O'Brien,1,0,,,,,,"",""
ball,1,20.4,United Arab Emirates,Khurram Khan,SP Patil,KJ O'Brien,1,0,,,,,,"",""
ball,1,20.5,United Arab Emirates,SP Patil,Khurram Khan,KJ O'Brien,0,0,,,,,,caught,SP Patil
ball,1,20.6,United Arab Emirates,Shaiman Anwar,Khurram Khan,KJ O'Brien,0,0,,,,,,"",""
ball,1,21.1,United Arab Emirates,Khurram Khan,Shaiman Anwar,PR Stirling,0,0,,,,,,"",""
ball,1,21.2,United Arab Emirates,Khurram Khan,Shaiman Anwar,PR Stirling,0,1,1,,,,,"",""
ball,1,21.3,United Arab Emirates,Khurram Khan,Shaiman Anwar,PR Stirling,0,0,,,,,,"",""
ball,1,21.4,United Arab Emirates,Khurram Khan,Shaiman Anwar,PR Stirling,0,0,,,,,,"",""
ball,1,21.5,United Arab Emirates,Khurram Khan,Shaiman Anwar,PR Stirling,0,0,,,,,,"",""
ball,1,21.6,United Arab Emirates,Khurram Khan,Shaiman Anwar,PR Stirling,0,0,,,,,,"",""
ball,1,21.7,United Arab Emirates,Khurram Khan,Shaiman Anwar,PR Stirling,1,0,,,,,,"",""
ball,1,22.1,United Arab Emirates,Khurram Khan,Shaiman Anwar,KJ O'Brien,1,0,,,,,,"",""
ball,1,22.2,United Arab Emirates,Shaiman Anwar,Khurram Khan,KJ O'Brien,0,0,,,,,,"",""
ball,1,22.3,United Arab Emirates,Shaiman Anwar,Khurram Khan,KJ O'Brien,0,0,,,,,,"",""
ball,1,22.4,United Arab Emirates,Shaiman Anwar,Khurram Khan,KJ O'Brien,0,0,,,,,,"",""
ball,1,22.5,United Arab Emirates,Shaiman Anwar,Khurram Khan,KJ O'Brien,3,0,,,,,,"",""
ball,1,22.6,United Arab Emirates,Khurram Khan,Shaiman Anwar,KJ O'Brien,4,0,,,,,,"",""
ball,1,23.1,United Arab Emirates,Shaiman Anwar,Khurram Khan,PR Stirling,1,0,,,,,,"",""
ball,1,23.2,United Arab Emirates,Khurram Khan,Shaiman Anwar,PR Stirling,0,0,,,,,,"",""
ball,1,23.3,United Arab Emirates,Khurram Khan,Shaiman Anwar,PR Stirling,0,0,,,,,,"",""
ball,1,23.4,United Arab Emirates,Khurram Khan,Shaiman Anwar,PR Stirling,0,0,,,,,,"",""
ball,1,23.5,United Arab Emirates,Khurram Khan,Shaiman Anwar,PR Stirling,0,0,,,,,,"",""
ball,1,23.6,United Arab Emirates,Khurram Khan,Shaiman Anwar,PR Stirling,0,0,,,,,,"",""
ball,1,24.1,United Arab Emirates,Shaiman Anwar,Khurram Khan,KJ O'Brien,0,0,,,,,,"",""
ball,1,24.2,United Arab Emirates,Shaiman Anwar,Khurram Khan,KJ O'Brien,1,0,,,,,,"",""
ball,1,24.3,United Arab Emirates,Khurram Khan,Shaiman Anwar,KJ O'Brien,0,0,,,,,,"",""
ball,1,24.4,United Arab Emirates,Khurram Khan,Shaiman Anwar,KJ O'Brien,1,0,,,,,,"",""
ball,1,24.5,United Arab Emirates,Shaiman Anwar,Khurram Khan,KJ O'Brien,0,0,,,,,,"",""
ball,1,24.6,United Arab Emirates,Shaiman Anwar,Khurram Khan,KJ O'Brien,1,0,,,,,,"",""
ball,1,25.1,United Arab Emirates,Shaiman Anwar,Khurram Khan,PR Stirling,1,0,,,,,,"",""
ball,1,25.2,United Arab Emirates,Khurram Khan,Shaiman Anwar,PR Stirling,0,0,,,,,,"",""
ball,1,25.3,United Arab Emirates,Khurram Khan,Shaiman Anwar,PR Stirling,0,0,,,,,,"",""
ball,1,25.4,United Arab Emirates,Khurram Khan,Shaiman Anwar,PR Stirling,0,0,,,,,,"",""
ball,1,25.5,United Arab Emirates,Khurram Khan,Shaiman Anwar,PR Stirling,1,0,,,,,,"",""
ball,1,25.6,United Arab Emirates,Shaiman Anwar,Khurram Khan,PR Stirling,0,0,,,,,,"",""
ball,1,26.1,United Arab Emirates,Khurram Khan,Shaiman Anwar,MC Sorensen,1,0,,,,,,"",""
ball,1,26.2,United Arab Emirates,Shaiman Anwar,Khurram Khan,MC Sorensen,2,0,,,,,,"",""
ball,1,26.3,United Arab Emirates,Shaiman Anwar,Khurram Khan,MC Sorensen,0,0,,,,,,"",""
ball,1,26.4,United Arab Emirates,Shaiman Anwar,Khurram Khan,MC Sorensen,0,0,,,,,,"",""
ball,1,26.5,United Arab Emirates,Shaiman Anwar,Khurram Khan,MC Sorensen,2,0,,,,,,"",""
ball,1,26.6,United Arab Emirates,Shaiman Anwar,Khurram Khan,MC Sorensen,1,0,,,,,,"",""
ball,1,27.1,United Arab Emirates,Shaiman Anwar,Khurram Khan,PR Stirling,1,0,,,,,,"",""
ball,1,27.2,United Arab Emirates,Khurram Khan,Shaiman Anwar,PR Stirling,1,0,,,,,,"",""
ball,1,27.3,United Arab Emirates,Shaiman Anwar,Khurram Khan,PR Stirling,3,0,,,,,,"",""
ball,1,27.4,United Arab Emirates,Khurram Khan,Shaiman Anwar,PR Stirling,0,0,,,,,,"",""
ball,1,27.5,United Arab Emirates,Khurram Khan,Shaiman Anwar,PR Stirling,1,0,,,,,,"",""
ball,1,27.6,United Arab Emirates,Shaiman Anwar,Khurram Khan,PR Stirling,0,0,,,,,,"",""
ball,1,28.1,United Arab Emirates,Khurram Khan,Shaiman Anwar,MC Sorensen,0,0,,,,,,"",""
ball,1,28.2,United Arab Emirates,Khurram Khan,Shaiman Anwar,MC Sorensen,0,0,,,,,,"",""
ball,1,28.3,United Arab Emirates,Khurram Khan,Shaiman Anwar,MC Sorensen,0,0,,,,,,"",""
ball,1,28.4,United Arab Emirates,Khurram Khan,Shaiman Anwar,MC Sorensen,1,0,,,,,,"",""
ball,1,28.5,United Arab Emirates,Shaiman Anwar,Khurram Khan,MC Sorensen,1,0,,,,,,"",""
ball,1,28.6,United Arab Emirates,Khurram Khan,Shaiman Anwar,MC Sorensen,1,0,,,,,,"",""
ball,1,29.1,United Arab Emirates,Khurram Khan,Shaiman Anwar,GH Dockrell,1,0,,,,,,"",""
ball,1,29.2,United Arab Emirates,Shaiman Anwar,Khurram Khan,GH Dockrell,1,0,,,,,,"",""
ball,1,29.3,United Arab Emirates,Khurram Khan,Shaiman Anwar,GH Dockrell,2,0,,,,,,"",""
ball,1,29.4,United Arab Emirates,Khurram Khan,Shaiman Anwar,GH Dockrell,1,0,,,,,,"",""
ball,1,29.5,United Arab Emirates,Shaiman Anwar,Khurram Khan,GH Dockrell,1,0,,,,,,"",""
ball,1,29.6,United Arab Emirates,Khurram Khan,Shaiman Anwar,GH Dockrell,1,0,,,,,,"",""
ball,1,30.1,United Arab Emirates,Khurram Khan,Shaiman Anwar,AR Cusack,1,0,,,,,,"",""
ball,1,30.2,United Arab Emirates,Shaiman Anwar,Khurram Khan,AR Cusack,0,0,,,,,,"",""
ball,1,30.3,United Arab Emirates,Shaiman Anwar,Khurram Khan,AR Cusack,0,0,,,,,,"",""
ball,1,30.4,United Arab Emirates,Shaiman Anwar,Khurram Khan,AR Cusack,4,0,,,,,,"",""
ball,1,30.5,United Arab Emirates,Shaiman Anwar,Khurram Khan,AR Cusack,1,0,,,,,,"",""
ball,1,30.6,United Arab Emirates,Khurram Khan,Shaiman Anwar,AR Cusack,0,0,,,,,,"",""
ball,1,31.1,United Arab Emirates,Shaiman Anwar,Khurram Khan,GH Dockrell,0,0,,,,,,"",""
ball,1,31.2,United Arab Emirates,Shaiman Anwar,Khurram Khan,GH Dockrell,1,0,,,,,,"",""
ball,1,31.3,United Arab Emirates,Khurram Khan,Shaiman Anwar,GH Dockrell,2,0,,,,,,"",""
ball,1,31.4,United Arab Emirates,Khurram Khan,Shaiman Anwar,GH Dockrell,0,0,,,,,,lbw,Khurram Khan
ball,1,31.5,United Arab Emirates,Rohan Mustafa,Shaiman Anwar,GH Dockrell,0,0,,,,,,"",""
ball,1,31.6,United Arab Emirates,Rohan Mustafa,Shaiman Anwar,GH Dockrell,0,0,,,,,,"",""
ball,1,32.1,United Arab Emirates,Shaiman Anwar,Rohan Mustafa,AR Cusack,1,0,,,,,,"",""
ball,1,32.2,United Arab Emirates,Rohan Mustafa,Shaiman Anwar,AR Cusack,0,0,,,,,,"",""
ball,1,32.3,United Arab Emirates,Rohan Mustafa,Shaiman Anwar,AR Cusack,0,0,,,,,,"",""
ball,1,32.4,United Arab Emirates,Rohan Mustafa,Shaiman Anwar,AR Cusack,0,0,,,,,,"",""
ball,1,32.5,United Arab Emirates,Rohan Mustafa,Shaiman Anwar,AR Cusack,0,0,,,,,,"",""
ball,1,32.6,United Arab Emirates,Rohan Mustafa,Shaiman Anwar,AR Cusack,2,0,,,,,,"",""
ball,1,33.1,United Arab Emirates,Shaiman Anwar,Rohan Mustafa,GH Dockrell,0,0,,,,,,"",""
ball,1,33.2,United Arab Emirates,Shaiman Anwar,Rohan Mustafa,GH Dockrell,0,0,,,,,,"",""
ball,1,33.3,United Arab Emirates,Shaiman Anwar,Rohan Mustafa,GH Dockrell,0,0,,,,,,"",""
ball,1,33.4,United Arab Emirates,Shaiman Anwar,Rohan Mustafa,GH Dockrell,0,0,,,,,,"",""
ball,1,33.5,United Arab Emirates,Shaiman Anwar,Rohan Mustafa,GH Dockrell,0,1,1,,,,,"",""
ball,1,33.6,United Arab Emirates,Shaiman Anwar,Rohan Mustafa,GH Dockrell,1,0,,,,,,"",""
ball,1,33.7,United Arab Emirates,Rohan Mustafa,Shaiman Anwar,GH Dockrell,0,0,,,,,,"",""
ball,1,34.1,United Arab Emirates,Shaiman Anwar,Rohan Mustafa,AR Cusack,1,0,,,,,,"",""
ball,1,34.2,United Arab Emirates,Rohan Mustafa,Shaiman Anwar,AR Cusack,0,0,,,,,,caught,Rohan Mustafa
ball,1,34.3,United Arab Emirates,Amjad Javed,Shaiman Anwar,AR Cusack,0,0,,,,,,"",""
ball,1,34.4,United Arab Emirates,Amjad Javed,Shaiman Anwar,AR Cusack,0,0,,,,,,"",""
ball,1,34.5,United Arab Emirates,Amjad Javed,Shaiman Anwar,AR Cusack,0,0,,,,,,"",""
ball,1,34.6,United Arab Emirates,Amjad Javed,Shaiman Anwar,AR Cusack,0,0,,,,,,"",""
ball,1,35.1,United Arab Emirates,Shaiman Anwar,Amjad Javed,GH Dockrell,1,0,,,,,,"",""
ball,1,35.2,United Arab Emirates,Amjad Javed,Shaiman Anwar,GH Dockrell,0,0,,,,,,"",""
ball,1,35.3,United Arab Emirates,Amjad Javed,Shaiman Anwar,GH Dockrell,0,0,,,,,,"",""
ball,1,35.4,United Arab Emirates,Amjad Javed,Shaiman Anwar,GH Dockrell,0,0,,,,,,"",""
ball,1,35.5,United Arab Emirates,Amjad Javed,Shaiman Anwar,GH Dockrell,1,0,,,,,,"",""
ball,1,35.6,United Arab Emirates,Shaiman Anwar,Amjad Javed,GH Dockrell,4,0,,,,,,"",""
ball,1,36.1,United Arab Emirates,Amjad Javed,Shaiman Anwar,AR Cusack,2,0,,,,,,"",""
ball,1,36.2,United Arab Emirates,Amjad Javed,Shaiman Anwar,AR Cusack,2,0,,,,,,"",""
ball,1,36.3,United Arab Emirates,Amjad Javed,Shaiman Anwar,AR Cusack,0,0,,,,,,"",""
ball,1,36.4,United Arab Emirates,Amjad Javed,Shaiman Anwar,AR Cusack,0,0,,,,,,"",""
ball,1,36.5,United Arab Emirates,Amjad Javed,Shaiman Anwar,AR Cusack,0,1,1,,,,,"",""
ball,1,36.6,United Arab Emirates,Amjad Javed,Shaiman Anwar,AR Cusack,4,0,,,,,,"",""
ball,1,36.7,United Arab Emirates,Amjad Javed,Shaiman Anwar,AR Cusack,3,0,,,,,,"",""
ball,1,37.1,United Arab Emirates,Amjad Javed,Shaiman Anwar,GH Dockrell,1,0,,,,,,"",""
ball,1,37.2,United Arab Emirates,Shaiman Anwar,Amjad Javed,GH Dockrell,0,0,,,,,,"",""
ball,1,37.3,United Arab Emirates,Shaiman Anwar,Amjad Javed,GH Dockrell,0,0,,,,,,"",""
ball,1,37.4,United Arab Emirates,Shaiman Anwar,Amjad Javed,GH Dockrell,0,0,,,,,,"",""
ball,1,37.5,United Arab Emirates,Shaiman Anwar,Amjad Javed,GH Dockrell,0,0,,,,,,"",""
ball,1,37.6,United Arab Emirates,Shaiman Anwar,Amjad Javed,GH Dockrell,1,0,,,,,,"",""
ball,1,38.1,United Arab Emirates,Shaiman Anwar,Amjad Javed,KJ O'Brien,4,0,,,,,,"",""
ball,1,38.2,United Arab Emirates,Shaiman Anwar,Amjad Javed,KJ O'Brien,1,0,,,,,,"",""
ball,1,38.3,United Arab Emirates,Amjad Javed,Shaiman Anwar,KJ O'Brien,4,0,,,,,,"",""
ball,1,38.4,United Arab Emirates,Amjad Javed,Shaiman Anwar,KJ O'Brien,4,0,,,,,,"",""
ball,1,38.5,United Arab Emirates,Amjad Javed,Shaiman Anwar,KJ O'Brien,1,0,,,,,,"",""
ball,1,38.6,United Arab Emirates,Shaiman Anwar,Amjad Javed,KJ O'Brien,2,0,,,,,,"",""
ball,1,39.1,United Arab Emirates,Amjad Javed,Shaiman Anwar,GH Dockrell,1,0,,,,,,"",""
ball,1,39.2,United Arab Emirates,Shaiman Anwar,Amjad Javed,GH Dockrell,1,0,,,,,,"",""
ball,1,39.3,United Arab Emirates,Amjad Javed,Shaiman Anwar,GH Dockrell,3,0,,,,,,"",""
ball,1,39.4,United Arab Emirates,Shaiman Anwar,Amjad Javed,GH Dockrell,6,0,,,,,,"",""
ball,1,39.5,United Arab Emirates,Shaiman Anwar,Amjad Javed,GH Dockrell,0,0,,,,,,"",""
ball,1,39.6,United Arab Emirates,Shaiman Anwar,Amjad Javed,GH Dockrell,0,0,,,,,,"",""
ball,1,40.1,United Arab Emirates,Amjad Javed,Shaiman Anwar,JF Mooney,4,0,,,,,,"",""
ball,1,40.2,United Arab Emirates,Amjad Javed,Shaiman Anwar,JF Mooney,1,0,,,,,,"",""
ball,1,40.3,United Arab Emirates,Shaiman Anwar,Amjad Javed,JF Mooney,2,0,,,,,,"",""
ball,1,40.4,United Arab Emirates,Shaiman Anwar,Amjad Javed,JF Mooney,0,0,,,,,,"",""
ball,1,40.5,United Arab Emirates,Shaiman Anwar,Amjad Javed,JF Mooney,0,1,1,,,,,"",""
ball,1,40.6,United Arab Emirates,Shaiman Anwar,Amjad Javed,JF Mooney,4,0,,,,,,"",""
ball,1,40.7,United Arab Emirates,Shaiman Anwar,Amjad Javed,JF Mooney,1,1,,1,,,,"",""
ball,1,40.8,United Arab Emirates,Amjad Javed,Shaiman Anwar,JF Mooney,0,0,,,,,,"",""
ball,1,41.1,United Arab Emirates,Shaiman Anwar,Amjad Javed,GH Dockrell,0,0,,,,,,"",""
ball,1,41.2,United Arab Emirates,Shaiman Anwar,Amjad Javed,GH Dockrell,0,0,,,,,,"",""
ball,1,41.3,United Arab Emirates,Shaiman Anwar,Amjad Javed,GH Dockrell,0,0,,,,,,"",""
ball,1,41.4,United Arab Emirates,Shaiman Anwar,Amjad Javed,GH Dockrell,4,0,,,,,,"",""
ball,1,41.5,United Arab Emirates,Shaiman Anwar,Amjad Javed,GH Dockrell,0,0,,,,,,"",""
ball,1,41.6,United Arab Emirates,Shaiman Anwar,Amjad Javed,GH Dockrell,4,0,,,,,,"",""
ball,1,42.1,United Arab Emirates,Amjad Javed,Shaiman Anwar,MC Sorensen,4,0,,,,,,"",""
ball,1,42.2,United Arab Emirates,Amjad Javed,Shaiman Anwar,MC Sorensen,1,0,,,,,,"",""
ball,1,42.3,United Arab Emirates,Shaiman Anwar,Amjad Javed,MC Sorensen,2,0,,,,,,"",""
ball,1,42.4,United Arab Emirates,Shaiman Anwar,Amjad Javed,MC Sorensen,0,4,,,,4,,"",""
ball,1,42.5,United Arab Emirates,Shaiman Anwar,Amjad Javed,MC Sorensen,1,0,,,,,,"",""
ball,1,42.6,United Arab Emirates,Amjad Javed,Shaiman Anwar,MC Sorensen,2,0,,,,,,"",""
ball,1,43.1,United Arab Emirates,Shaiman Anwar,Amjad Javed,AR Cusack,4,0,,,,,,"",""
ball,1,43.2,United Arab Emirates,Shaiman Anwar,Amjad Javed,AR Cusack,4,0,,,,,,"",""
ball,1,43.3,United Arab Emirates,Shaiman Anwar,Amjad Javed,AR Cusack,1,0,,,,,,"",""
ball,1,43.4,United Arab Emirates,Amjad Javed,Shaiman Anwar,AR Cusack,0,0,,,,,,"",""
ball,1,43.5,United Arab Emirates,Amjad Javed,Shaiman Anwar,AR Cusack,1,0,,,,,,"",""
ball,1,43.6,United Arab Emirates,Shaiman Anwar,Amjad Javed,AR Cusack,1,0,,,,,,"",""
ball,1,44.1,United Arab Emirates,Shaiman Anwar,Amjad Javed,MC Sorensen,1,0,,,,,,"",""
ball,1,44.2,United Arab Emirates,Amjad Javed,Shaiman Anwar,MC Sorensen,1,0,,,,,,"",""
ball,1,44.3,United Arab Emirates,Shaiman Anwar,Amjad Javed,MC Sorensen,2,0,,,,,,"",""
ball,1,44.4,United Arab Emirates,Shaiman Anwar,Amjad Javed,MC Sorensen,1,0,,,,,,"",""
ball,1,44.5,United Arab Emirates,Amjad Javed,Shaiman Anwar,MC Sorensen,0,0,,,,,,"",""
ball,1,44.6,United Arab Emirates,Amjad Javed,Shaiman Anwar,MC Sorensen,0,0,,,,,,"",""
ball,1,45.1,United Arab Emirates,Shaiman Anwar,Amjad Javed,KJ O'Brien,0,1,1,,,,,"",""
ball,1,45.2,United Arab Emirates,Shaiman Anwar,Amjad Javed,KJ O'Brien,3,0,,,,,,"",""
ball,1,45.3,United Arab Emirates,Amjad Javed,Shaiman Anwar,KJ O'Brien,0,0,,,,,,"",""
ball,1,45.4,United Arab Emirates,Amjad Javed,Shaiman Anwar,KJ O'Brien,1,0,,,,,,"",""
ball,1,45.5,United Arab Emirates,Shaiman Anwar,Amjad Javed,KJ O'Brien,0,1,1,,,,,"",""
ball,1,45.6,United Arab Emirates,Shaiman Anwar,Amjad Javed,KJ O'Brien,0,0,,,,,,"",""
ball,1,45.7,United Arab Emirates,Shaiman Anwar,Amjad Javed,KJ O'Brien,1,0,,,,,,"",""
ball,1,45.8,United Arab Emirates,Amjad Javed,Shaiman Anwar,KJ O'Brien,1,0,,,,,,"",""
ball,1,46.1,United Arab Emirates,Amjad Javed,Shaiman Anwar,MC Sorensen,0,0,,,,,,caught,Amjad Javed
ball,1,46.2,United Arab Emirates,Mohammad Naveed,Shaiman Anwar,MC Sorensen,4,0,,,,,,"",""
ball,1,46.3,United Arab Emirates,Mohammad Naveed,Shaiman Anwar,MC Sorensen,0,0,,,,,,"",""
ball,1,46.4,United Arab Emirates,Mohammad Naveed,Shaiman Anwar,MC Sorensen,1,0,,,,,,"",""
ball,1,46.5,United Arab Emirates,Shaiman Anwar,Mohammad Naveed,MC Sorensen,2,0,,,,,,"",""
ball,1,46.6,United Arab Emirates,Shaiman Anwar,Mohammad Naveed,MC Sorensen,1,0,,,,,,"",""
ball,1,47.1,United Arab Emirates,Shaiman Anwar,Mohammad Naveed,KJ O'Brien,0,1,1,,,,,"",""
ball,1,47.2,United Arab Emirates,Shaiman Anwar,Mohammad Naveed,KJ O'Brien,4,0,,,,,,"",""
ball,1,47.3,United Arab Emirates,Shaiman Anwar,Mohammad Naveed,KJ O'Brien,4,0,,,,,,"",""
ball,1,47.4,United Arab Emirates,Shaiman Anwar,Mohammad Naveed,KJ O'Brien,0,1,1,,,,,"",""
ball,1,47.5,United Arab Emirates,Shaiman Anwar,Mohammad Naveed,KJ O'Brien,2,0,,,,,,"",""
ball,1,47.6,United Arab Emirates,Shaiman Anwar,Mohammad Naveed,KJ O'Brien,3,0,,,,,,"",""
ball,1,47.7,United Arab Emirates,Mohammad Naveed,Shaiman Anwar,KJ O'Brien,1,0,,,,,,"",""
ball,1,47.8,United Arab Emirates,Shaiman Anwar,Mohammad Naveed,KJ O'Brien,3,0,,,,,,"",""
ball,1,48.1,United Arab Emirates,Shaiman Anwar,Mohammad Naveed,MC Sorensen,2,0,,,,,,"",""
ball,1,48.2,United Arab Emirates,Shaiman Anwar,Mohammad Naveed,MC Sorensen,1,0,,,,,,"",""
ball,1,48.3,United Arab Emirates,Mohammad Naveed,Shaiman Anwar,MC Sorensen,0,1,,,1,,,"",""
ball,1,48.4,United Arab Emirates,Shaiman Anwar,Mohammad Naveed,MC Sorensen,0,0,,,,,,caught,Shaiman Anwar
ball,1,48.5,United Arab Emirates,Mohammad Naveed,Mohammad Tauqir,MC Sorensen,1,0,,,,,,"",""
ball,1,48.6,United Arab Emirates,Mohammad Tauqir,Mohammad Naveed,MC Sorensen,0,0,,,,,,"",""
ball,1,49.1,United Arab Emirates,Mohammad Naveed,Mohammad Tauqir,AR Cusack,0,0,,,,,,"",""
ball,1,49.2,United Arab Emirates,Mohammad Naveed,Mohammad Tauqir,AR Cusack,2,0,,,,,,"",""
ball,1,49.3,United Arab Emirates,Mohammad Naveed,Mohammad Tauqir,AR Cusack,4,0,,,,,,"",""
ball,1,49.4,United Arab Emirates,Mohammad Naveed,Mohammad Tauqir,AR Cusack,0,0,,,,,,"",""
ball,1,49.5,United Arab Emirates,Mohammad Naveed,Mohammad Tauqir,AR Cusack,0,0,,,,,,caught and bowled,Mohammad Naveed
ball,1,49.6,United Arab Emirates,Mohammad Tauqir,AM Guruge,AR Cusack,2,0,,,,,,"",""
ball,2,0.1,Ireland,WTS Porterfield,PR Stirling,Mohammad Naveed,1,0,,,,,,"",""
ball,2,0.2,Ireland,PR Stirling,WTS Porterfield,Mohammad Naveed,0,0,,,,,,"",""
ball,2,0.3,Ireland,PR Stirling,WTS Porterfield,Mohammad Naveed,2,0,,,,,,"",""
ball,2,0.4,Ireland,PR Stirling,WTS Porterfield,Mohammad Naveed,0,0,,,,,,"",""
ball,2,0.5,Ireland,PR Stirling,WTS Porterfield,Mohammad Naveed,0,0,,,,,,"",""
ball,2,0.6,Ireland,PR Stirling,WTS Porterfield,Mohammad Naveed,1,0,,,,,,"",""
ball,2,1.1,Ireland,PR Stirling,WTS Porterfield,AM Guruge,0,0,,,,,,"",""
ball,2,1.2,Ireland,PR Stirling,WTS Porterfield,AM Guruge,0,0,,,,,,"",""
ball,2,1.3,Ireland,PR Stirling,WTS Porterfield,AM Guruge,0,0,,,,,,"",""
ball,2,1.4,Ireland,PR Stirling,WTS Porterfield,AM Guruge,0,0,,,,,,caught,PR Stirling
ball,2,1.5,Ireland,EC Joyce,WTS Porterfield,AM Guruge,0,0,,,,,,"",""
ball,2,1.6,Ireland,EC Joyce,WTS Porterfield,AM Guruge,2,0,,,,,,"",""
ball,2,2.1,Ireland,WTS Porterfield,EC Joyce,Mohammad Naveed,0,0,,,,,,"",""
ball,2,2.2,Ireland,WTS Porterfield,EC Joyce,Mohammad Naveed,0,0,,,,,,"",""
ball,2,2.3,Ireland,WTS Porterfield,EC Joyce,Mohammad Naveed,0,0,,,,,,"",""
ball,2,2.4,Ireland,WTS Porterfield,EC Joyce,Mohammad Naveed,0,0,,,,,,"",""
ball,2,2.5,Ireland,WTS Porterfield,EC Joyce,Mohammad Naveed,0,0,,,,,,"",""
ball,2,2.6,Ireland,WTS Porterfield,EC Joyce,Mohammad Naveed,0,0,,,,,,"",""
ball,2,3.1,Ireland,EC Joyce,WTS Porterfield,AM Guruge,0,0,,,,,,"",""
ball,2,3.2,Ireland,EC Joyce,WTS Porterfield,AM Guruge,0,0,,,,,,"",""
ball,2,3.3,Ireland,EC Joyce,WTS Porterfield,AM Guruge,1,0,,,,,,"",""
ball,2,3.4,Ireland,WTS Porterfield,EC Joyce,AM Guruge,0,0,,,,,,"",""
ball,2,3.5,Ireland,WTS Porterfield,EC Joyce,AM Guruge,0,0,,,,,,"",""
ball,2,3.6,Ireland,WTS Porterfield,EC Joyce,AM Guruge,3,0,,,,,,"",""
ball,2,4.1,Ireland,WTS Porterfield,EC Joyce,Mohammad Naveed,0,0,,,,,,"",""
ball,2,4.2,Ireland,WTS Porterfield,EC Joyce,Mohammad Naveed,1,0,,,,,,"",""
ball,2,4.3,Ireland,EC Joyce,WTS Porterfield,Mohammad Naveed,0,0,,,,,,"",""
ball,2,4.4,Ireland,EC Joyce,WTS Porterfield,Mohammad Naveed,2,0,,,,,,"",""
ball,2,4.5,Ireland,EC Joyce,WTS Porterfield,Mohammad Naveed,0,0,,,,,,"",""
ball,2,4.6,Ireland,EC Joyce,WTS Porterfield,Mohammad Naveed,0,0,,,,,,"",""
ball,2,5.1,Ireland,WTS Porterfield,EC Joyce,AM Guruge,0,0,,,,,,"",""
ball,2,5.2,Ireland,WTS Porterfield,EC Joyce,AM Guruge,0,0,,,,,,"",""
ball,2,5.3,Ireland,WTS Porterfield,EC Joyce,AM Guruge,0,0,,,,,,"",""
ball,2,5.4,Ireland,WTS Porterfield,EC Joyce,AM Guruge,0,0,,,,,,"",""
ball,2,5.5,Ireland,WTS Porterfield,EC Joyce,AM Guruge,0,0,,,,,,"",""
ball,2,5.6,Ireland,WTS Porterfield,EC Joyce,AM Guruge,1,0,,,,,,"",""
ball,2,6.1,Ireland,WTS Porterfield,EC Joyce,Mohammad Naveed,1,0,,,,,,"",""
ball,2,6.2,Ireland,EC Joyce,WTS Porterfield,Mohammad Naveed,1,0,,,,,,"",""
ball,2,6.3,Ireland,WTS Porterfield,EC Joyce,Mohammad Naveed,1,0,,,,,,"",""
ball,2,6.4,Ireland,EC Joyce,WTS Porterfield,Mohammad Naveed,4,0,,,,,,"",""
ball,2,6.5,Ireland,EC Joyce,WTS Porterfield,Mohammad Naveed,0,0,,,,,,"",""
ball,2,6.6,Ireland,EC Joyce,WTS Porterfield,Mohammad Naveed,0,0,,,,,,"",""
ball,2,7.1,Ireland,WTS Porterfield,EC Joyce,AM Guruge,0,0,,,,,,"",""
ball,2,7.2,Ireland,WTS Porterfield,EC Joyce,AM Guruge,0,0,,,,,,"",""
ball,2,7.3,Ireland,WTS Porterfield,EC Joyce,AM Guruge,2,0,,,,,,"",""
ball,2,7.4,Ireland,WTS Porterfield,EC Joyce,AM Guruge,1,0,,,,,,"",""
ball,2,7.5,Ireland,EC Joyce,WTS Porterfield,AM Guruge,0,0,,,,,,"",""
ball,2,7.6,Ireland,EC Joyce,WTS Porterfield,AM Guruge,0,0,,,,,,"",""
ball,2,8.1,Ireland,WTS Porterfield,EC Joyce,Mohammad Naveed,0,0,,,,,,"",""
ball,2,8.2,Ireland,WTS Porterfield,EC Joyce,Mohammad Naveed,0,0,,,,,,"",""
ball,2,8.3,Ireland,WTS Porterfield,EC Joyce,Mohammad Naveed,0,0,,,,,,"",""
ball,2,8.4,Ireland,WTS Porterfield,EC Joyce,Mohammad Naveed,4,0,,,,,,"",""
ball,2,8.5,Ireland,WTS Porterfield,EC Joyce,Mohammad Naveed,1,0,,,,,,"",""
ball,2,8.6,Ireland,EC Joyce,WTS Porterfield,Mohammad Naveed,3,0,,,,,,"",""
ball,2,9.1,Ireland,EC Joyce,WTS Porterfield,AM Guruge,0,0,,,,,,"",""
ball,2,9.2,Ireland,EC Joyce,WTS Porterfield,AM Guruge,0,0,,,,,,"",""
ball,2,9.3,Ireland,EC Joyce,WTS Porterfield,AM Guruge,0,0,,,,,,"",""
ball,2,9.4,Ireland,EC Joyce,WTS Porterfield,AM Guruge,3,0,,,,,,"",""
ball,2,9.5,Ireland,WTS Porterfield,EC Joyce,AM Guruge,0,0,,,,,,"",""
ball,2,9.6,Ireland,WTS Porterfield,EC Joyce,AM Guruge,0,0,,,,,,"",""
ball,2,10.1,Ireland,EC Joyce,WTS Porterfield,Amjad Javed,0,0,,,,,,"",""
ball,2,10.2,Ireland,EC Joyce,WTS Porterfield,Amjad Javed,0,0,,,,,,"",""
ball,2,10.3,Ireland,EC Joyce,WTS Porterfield,Amjad Javed,0,0,,,,,,"",""
ball,2,10.4,Ireland,EC Joyce,WTS Porterfield,Amjad Javed,0,0,,,,,,"",""
ball,2,10.5,Ireland,EC Joyce,WTS Porterfield,Amjad Javed,4,0,,,,,,"",""
ball,2,10.6,Ireland,EC Joyce,WTS Porterfield,Amjad Javed,1,0,,,,,,"",""
ball,2,11.1,Ireland,EC Joyce,WTS Porterfield,AM Guruge,0,0,,,,,,"",""
ball,2,11.2,Ireland,EC Joyce,WTS Porterfield,AM Guruge,0,0,,,,,,"",""
ball,2,11.3,Ireland,EC Joyce,WTS Porterfield,AM Guruge,0,0,,,,,,"",""
ball,2,11.4,Ireland,EC Joyce,WTS Porterfield,AM Guruge,1,0,,,,,,"",""
ball,2,11.5,Ireland,WTS Porterfield,EC Joyce,AM Guruge,0,0,,,,,,"",""
ball,2,11.6,Ireland,WTS Porterfield,EC Joyce,AM Guruge,1,0,,,,,,"",""
ball,2,12.1,Ireland,WTS Porterfield,EC Joyce,Amjad Javed,0,0,,,,,,"",""
ball,2,12.2,Ireland,WTS Porterfield,EC Joyce,Amjad Javed,0,0,,,,,,"",""
ball,2,12.3,Ireland,WTS Porterfield,EC Joyce,Amjad Javed,0,0,,,,,,"",""
ball,2,12.4,Ireland,WTS Porterfield,EC Joyce,Amjad Javed,1,0,,,,,,"",""
ball,2,12.5,Ireland,EC Joyce,WTS Porterfield,Amjad Javed,1,0,,,,,,"",""
ball,2,12.6,Ireland,WTS Porterfield,EC Joyce,Amjad Javed,0,0,,,,,,"",""
ball,2,13.1,Ireland,EC Joyce,WTS Porterfield,AM Guruge,1,0,,,,,,"",""
ball,2,13.2,Ireland,WTS Porterfield,EC Joyce,AM Guruge,2,0,,,,,,"",""
ball,2,13.3,Ireland,WTS Porterfield,EC Joyce,AM Guruge,0,0,,,,,,"",""
ball,2,13.4,Ireland,WTS Porterfield,EC Joyce,AM Guruge,1,0,,,,,,"",""
ball,2,13.5,Ireland,EC Joyce,WTS Porterfield,AM Guruge,1,0,,,,,,"",""
ball,2,13.6,Ireland,WTS Porterfield,EC Joyce,AM Guruge,0,1,1,,,,,"",""
ball,2,13.7,Ireland,WTS Porterfield,EC Joyce,AM Guruge,0,0,,,,,,"",""
ball,2,14.1,Ireland,EC Joyce,WTS Porterfield,Amjad Javed,0,0,,,,,,"",""
ball,2,14.2,Ireland,EC Joyce,WTS Porterfield,Amjad Javed,0,0,,,,,,"",""
ball,2,14.3,Ireland,EC Joyce,WTS Porterfield,Amjad Javed,4,0,,,,,,"",""
ball,2,14.4,Ireland,EC Joyce,WTS Porterfield,Amjad Javed,1,0,,,,,,"",""
ball,2,14.5,Ireland,WTS Porterfield,EC Joyce,Amjad Javed,4,0,,,,,,"",""
ball,2,14.6,Ireland,WTS Porterfield,EC Joyce,Amjad Javed,1,0,,,,,,"",""
ball,2,15.1,Ireland,WTS Porterfield,EC Joyce,Mohammad Tauqir,0,0,,,,,,"",""
ball,2,15.2,Ireland,WTS Porterfield,EC Joyce,Mohammad Tauqir,1,0,,,,,,"",""
ball,2,15.3,Ireland,EC Joyce,WTS Porterfield,Mohammad Tauqir,0,0,,,,,,"",""
ball,2,15.4,Ireland,EC Joyce,WTS Porterfield,Mohammad Tauqir,0,0,,,,,,"",""
ball,2,15.5,Ireland,EC Joyce,WTS Porterfield,Mohammad Tauqir,0,0,,,,,,"",""
ball,2,15.6,Ireland,EC Joyce,WTS Porterfield,Mohammad Tauqir,0,0,,,,,,"",""
ball,2,16.1,Ireland,WTS Porterfield,EC Joyce,Amjad Javed,0,0,,,,,,"",""
ball,2,16.2,Ireland,WTS Porterfield,EC Joyce,Amjad Javed,0,0,,,,,,"",""
ball,2,16.3,Ireland,WTS Porterfield,EC Joyce,Amjad Javed,1,0,,,,,,"",""
ball,2,16.4,Ireland,EC Joyce,WTS Porterfield,Amjad Javed,1,0,,,,,,"",""
ball,2,16.5,Ireland,WTS Porterfield,EC Joyce,Amjad Javed,1,0,,,,,,"",""
ball,2,16.6,Ireland,EC Joyce,WTS Porterfield,Amjad Javed,1,0,,,,,,"",""
ball,2,17.1,Ireland,EC Joyce,WTS Porterfield,Mohammad Tauqir,0,0,,,,,,"",""
ball,2,17.2,Ireland,EC Joyce,WTS Porterfield,Mohammad Tauqir,1,0,,,,,,"",""
ball,2,17.3,Ireland,WTS Porterfield,EC Joyce,Mohammad Tauqir,0,0,,,,,,"",""
ball,2,17.4,Ireland,WTS Porterfield,EC Joyce,Mohammad Tauqir,0,1,,,1,,,"",""
ball,2,17.5,Ireland,EC Joyce,WTS Porterfield,Mohammad Tauqir,1,0,,,,,,"",""
ball,2,17.6,Ireland,WTS Porterfield,EC Joyce,Mohammad Tauqir,0,0,,,,,,"",""
ball,2,18.1,Ireland,EC Joyce,WTS Porterfield,Amjad Javed,2,0,,,,,,"",""
ball,2,18.2,Ireland,EC Joyce,WTS Porterfield,Amjad Javed,1,0,,,,,,"",""
ball,2,18.3,Ireland,WTS Porterfield,EC Joyce,Amjad Javed,1,0,,,,,,"",""
ball,2,18.4,Ireland,EC Joyce,WTS Porterfield,Amjad Javed,0,0,,,,,,caught,EC Joyce
ball,2,18.5,Ireland,NJ O'Brien,WTS Porterfield,Amjad Javed,0,0,,,,,,"",""
ball,2,18.6,Ireland,NJ O'Brien,WTS Porterfield,Amjad Javed,0,0,,,,,,"",""
ball,2,19.1,Ireland,WTS Porterfield,NJ O'Brien,Mohammad Tauqir,1,0,,,,,,"",""
ball,2,19.2,Ireland,NJ O'Brien,WTS Porterfield,Mohammad Tauqir,2,0,,,,,,"",""
ball,2,19.3,Ireland,NJ O'Brien,WTS Porterfield,Mohammad Tauqir,0,0,,,,,,"",""
ball,2,19.4,Ireland,NJ O'Brien,WTS Porterfield,Mohammad Tauqir,2,0,,,,,,"",""
ball,2,19.5,Ireland,NJ O'Brien,WTS Porterfield,Mohammad Tauqir,0,0,,,,,,"",""
ball,2,19.6,Ireland,NJ O'Brien,WTS Porterfield,Mohammad Tauqir,0,0,,,,,,"",""
ball,2,20.1,Ireland,WTS Porterfield,NJ O'Brien,Amjad Javed,3,0,,,,,,"",""
ball,2,20.2,Ireland,NJ O'Brien,WTS Porterfield,Amjad Javed,0,0,,,,,,"",""
ball,2,20.3,Ireland,NJ O'Brien,WTS Porterfield,Amjad Javed,1,0,,,,,,"",""
ball,2,20.4,Ireland,WTS Porterfield,NJ O'Brien,Amjad Javed,0,0,,,,,,"",""
ball,2,20.5,Ireland,WTS Porterfield,NJ O'Brien,Amjad Javed,1,0,,,,,,"",""
ball,2,20.6,Ireland,NJ O'Brien,WTS Porterfield,Amjad Javed,0,0,,,,,,"",""
ball,2,21.1,Ireland,WTS Porterfield,NJ O'Brien,Mohammad Tauqir,1,0,,,,,,"",""
ball,2,21.2,Ireland,NJ O'Brien,WTS Porterfield,Mohammad Tauqir,0,0,,,,,,"",""
ball,2,21.3,Ireland,NJ O'Brien,WTS Porterfield,Mohammad Tauqir,0,0,,,,,,"",""
ball,2,21.4,Ireland,NJ O'Brien,WTS Porterfield,Mohammad Tauqir,4,0,,,,,,"",""
ball,2,21.5,Ireland,NJ O'Brien,WTS Porterfield,Mohammad Tauqir,1,0,,,,,,"",""
ball,2,21.6,Ireland,WTS Porterfield,NJ O'Brien,Mohammad Tauqir,0,0,,,,,,"",""
ball,2,22.1,Ireland,NJ O'Brien,WTS Porterfield,Rohan Mustafa,1,0,,,,,,"",""
ball,2,22.2,Ireland,WTS Porterfield,NJ O'Brien,Rohan Mustafa,1,0,,,,,,"",""
ball,2,22.3,Ireland,NJ O'Brien,WTS Porterfield,Rohan Mustafa,0,0,,,,,,"",""
ball,2,22.4,Ireland,NJ O'Brien,WTS Porterfield,Rohan Mustafa,2,0,,,,,,"",""
ball,2,22.5,Ireland,NJ O'Brien,WTS Porterfield,Rohan Mustafa,1,0,,,,,,"",""
ball,2,22.6,Ireland,WTS Porterfield,NJ O'Brien,Rohan Mustafa,0,0,,,,,,"",""
ball,2,23.1,Ireland,NJ O'Brien,WTS Porterfield,Mohammad Tauqir,1,0,,,,,,"",""
ball,2,23.2,Ireland,WTS Porterfield,NJ O'Brien,Mohammad Tauqir,0,0,,,,,,"",""
ball,2,23.3,Ireland,WTS Porterfield,NJ O'Brien,Mohammad Tauqir,0,0,,,,,,bowled,WTS Porterfield
ball,2,23.4,Ireland,A Balbirnie,NJ O'Brien,Mohammad Tauqir,0,0,,,,,,"",""
ball,2,23.5,Ireland,A Balbirnie,NJ O'Brien,Mohammad Tauqir,0,0,,,,,,"",""
ball,2,23.6,Ireland,A Balbirnie,NJ O'Brien,Mohammad Tauqir,0,0,,,,,,"",""
ball,2,24.1,Ireland,NJ O'Brien,A Balbirnie,Rohan Mustafa,1,0,,,,,,"",""
ball,2,24.2,Ireland,A Balbirnie,NJ O'Brien,Rohan Mustafa,0,0,,,,,,"",""
ball,2,24.3,Ireland,A Balbirnie,NJ O'Brien,Rohan Mustafa,1,0,,,,,,"",""
ball,2,24.4,Ireland,NJ O'Brien,A Balbirnie,Rohan Mustafa,0,0,,,,,,"",""
ball,2,24.5,Ireland,NJ O'Brien,A Balbirnie,Rohan Mustafa,1,0,,,,,,"",""
ball,2,24.6,Ireland,A Balbirnie,NJ O'Brien,Rohan Mustafa,0,0,,,,,,"",""
ball,2,25.1,Ireland,NJ O'Brien,A Balbirnie,Mohammad Tauqir,0,0,,,,,,"",""
ball,2,25.2,Ireland,NJ O'Brien,A Balbirnie,Mohammad Tauqir,0,0,,,,,,lbw,NJ O'Brien
ball,2,25.3,Ireland,GC Wilson,A Balbirnie,Mohammad Tauqir,0,0,,,,,,"",""
ball,2,25.4,Ireland,GC Wilson,A Balbirnie,Mohammad Tauqir,1,0,,,,,,"",""
ball,2,25.5,Ireland,A Balbirnie,GC Wilson,Mohammad Tauqir,0,0,,,,,,"",""
ball,2,25.6,Ireland,A Balbirnie,GC Wilson,Mohammad Tauqir,0,0,,,,,,"",""
ball,2,26.1,Ireland,GC Wilson,A Balbirnie,Rohan Mustafa,1,0,,,,,,"",""
ball,2,26.2,Ireland,A Balbirnie,GC Wilson,Rohan Mustafa,0,0,,,,,,"",""
ball,2,26.3,Ireland,A Balbirnie,GC Wilson,Rohan Mustafa,0,0,,,,,,"",""
ball,2,26.4,Ireland,A Balbirnie,GC Wilson,Rohan Mustafa,1,0,,,,,,"",""
ball,2,26.5,Ireland,GC Wilson,A Balbirnie,Rohan Mustafa,1,0,,,,,,"",""
ball,2,26.6,Ireland,A Balbirnie,GC Wilson,Rohan Mustafa,1,0,,,,,,"",""
ball,2,27.1,Ireland,A Balbirnie,GC Wilson,Mohammad Tauqir,1,0,,,,,,"",""
ball,2,27.2,Ireland,GC Wilson,A Balbirnie,Mohammad Tauqir,0,0,,,,,,"",""
ball,2,27.3,Ireland,GC Wilson,A Balbirnie,Mohammad Tauqir,0,0,,,,,,"",""
ball,2,27.4,Ireland,GC Wilson,A Balbirnie,Mohammad Tauqir,1,1,,1,,,,"",""
ball,2,27.5,Ireland,A Balbirnie,GC Wilson,Mohammad Tauqir,4,0,,,,,,"",""
ball,2,27.6,Ireland,A Balbirnie,GC Wilson,Mohammad Tauqir,1,0,,,,,,"",""
ball,2,27.7,Ireland,GC Wilson,A Balbirnie,Mohammad Tauqir,0,0,,,,,,"",""
ball,2,28.1,Ireland,A Balbirnie,GC Wilson,Rohan Mustafa,0,0,,,,,,"",""
ball,2,28.2,Ireland,A Balbirnie,GC Wilson,Rohan Mustafa,1,0,,,,,,"",""
ball,2,28.3,Ireland,GC Wilson,A Balbirnie,Rohan Mustafa,1,0,,,,,,"",""
ball,2,28.4,Ireland,A Balbirnie,GC Wilson,Rohan Mustafa,1,0,,,,,,"",""
ball,2,28.5,Ireland,GC Wilson,A Balbirnie,Rohan Mustafa,0,0,,,,,,"",""
ball,2,28.6,Ireland,GC Wilson,A Balbirnie,Rohan Mustafa,1,0,,,,,,"",""
ball,2,29.1,Ireland,GC Wilson,A Balbirnie,Mohammad Tauqir,0,0,,,,,,"",""
ball,2,29.2,Ireland,GC Wilson,A Balbirnie,Mohammad Tauqir,2,0,,,,,,"",""
ball,2,29.3,Ireland,GC Wilson,A Balbirnie,Mohammad Tauqir,2,0,,,,,,"",""
ball,2,29.4,Ireland,GC Wilson,A Balbirnie,Mohammad Tauqir,1,0,,,,,,"",""
ball,2,29.5,Ireland,A Balbirnie,GC Wilson,Mohammad Tauqir,1,0,,,,,,"",""
ball,2,29.6,Ireland,GC Wilson,A Balbirnie,Mohammad Tauqir,0,0,,,,,,"",""
ball,2,30.1,Ireland,A Balbirnie,GC Wilson,Rohan Mustafa,0,1,,,,1,,"",""
ball,2,30.2,Ireland,GC Wilson,A Balbirnie,Rohan Mustafa,0,0,,,,,,"",""
ball,2,30.3,Ireland,GC Wilson,A Balbirnie,Rohan Mustafa,1,0,,,,,,"",""
ball,2,30.4,Ireland,A Balbirnie,GC Wilson,Rohan Mustafa,0,0,,,,,,"",""
ball,2,30.5,Ireland,A Balbirnie,GC Wilson,Rohan Mustafa,1,0,,,,,,"",""
ball,2,30.6,Ireland,GC Wilson,A Balbirnie,Rohan Mustafa,0,0,,,,,,"",""
ball,2,31.1,Ireland,A Balbirnie,GC Wilson,Mohammad Tauqir,1,0,,,,,,"",""
ball,2,31.2,Ireland,GC Wilson,A Balbirnie,Mohammad Tauqir,1,0,,,,,,"",""
ball,2,31.3,Ireland,A Balbirnie,GC Wilson,Mohammad Tauqir,0,0,,,,,,"",""
ball,2,31.4,Ireland,A Balbirnie,GC Wilson,Mohammad Tauqir,1,0,,,,,,"",""
ball,2,31.5,Ireland,GC Wilson,A Balbirnie,Mohammad Tauqir,4,0,,,,,,"",""
ball,2,31.6,Ireland,GC Wilson,A Balbirnie,Mohammad Tauqir,1,0,,,,,,"",""
ball,2,32.1,Ireland,GC Wilson,A Balbirnie,Rohan Mustafa,0,0,,,,,,"",""
ball,2,32.2,Ireland,GC Wilson,A Balbirnie,Rohan Mustafa,1,0,,,,,,"",""
ball,2,32.3,Ireland,A Balbirnie,GC Wilson,Rohan Mustafa,0,0,,,,,,"",""
ball,2,32.4,Ireland,A Balbirnie,GC Wilson,Rohan Mustafa,0,0,,,,,,"",""
ball,2,32.5,Ireland,A Balbirnie,GC Wilson,Rohan Mustafa,0,0,,,,,,"",""
ball,2,32.6,Ireland,A Balbirnie,GC Wilson,Rohan Mustafa,1,0,,,,,,"",""
ball,2,33.1,Ireland,A Balbirnie,GC Wilson,Krishna Chandran,1,0,,,,,,"",""
ball,2,33.2,Ireland,GC Wilson,A Balbirnie,Krishna Chandran,1,0,,,,,,"",""
ball,2,33.3,Ireland,A Balbirnie,GC Wilson,Krishna Chandran,1,0,,,,,,"",""
ball,2,33.4,Ireland,GC Wilson,A Balbirnie,Krishna Chandran,4,0,,,,,,"",""
ball,2,33.5,Ireland,GC Wilson,A Balbirnie,Krishna Chandran,2,0,,,,,,"",""
ball,2,33.6,Ireland,GC Wilson,A Balbirnie,Krishna Chandran,0,0,,,,,,"",""
ball,2,34.1,Ireland,A Balbirnie,GC Wilson,Rohan Mustafa,1,0,,,,,,"",""
ball,2,34.2,Ireland,GC Wilson,A Balbirnie,Rohan Mustafa,0,0,,,,,,"",""
ball,2,34.3,Ireland,GC Wilson,A Balbirnie,Rohan Mustafa,0,0,,,,,,"",""
ball,2,34.4,Ireland,GC Wilson,A Balbirnie,Rohan Mustafa,1,0,,,,,,"",""
ball,2,34.5,Ireland,A Balbirnie,GC Wilson,Rohan Mustafa,3,0,,,,,,"",""
ball,2,34.6,Ireland,GC Wilson,A Balbirnie,Rohan Mustafa,4,0,,,,,,"",""
ball,2,35.1,Ireland,A Balbirnie,GC Wilson,Krishna Chandran,0,0,,,,,,"",""
ball,2,35.2,Ireland,A Balbirnie,GC Wilson,Krishna Chandran,1,0,,,,,,"",""
ball,2,35.3,Ireland,GC Wilson,A Balbirnie,Krishna Chandran,4,0,,,,,,"",""
ball,2,35.4,Ireland,GC Wilson,A Balbirnie,Krishna Chandran,1,0,,,,,,"",""
ball,2,35.5,Ireland,A Balbirnie,GC Wilson,Krishna Chandran,1,0,,,,,,"",""
ball,2,35.6,Ireland,GC Wilson,A Balbirnie,Krishna Chandran,0,0,,,,,,"",""
ball,2,36.1,Ireland,A Balbirnie,GC Wilson,Rohan Mustafa,1,0,,,,,,"",""
ball,2,36.2,Ireland,GC Wilson,A Balbirnie,Rohan Mustafa,0,0,,,,,,"",""
ball,2,36.3,Ireland,GC Wilson,A Balbirnie,Rohan Mustafa,1,0,,,,,,"",""
ball,2,36.4,Ireland,A Balbirnie,GC Wilson,Rohan Mustafa,1,0,,,,,,"",""
ball,2,36.5,Ireland,GC Wilson,A Balbirnie,Rohan Mustafa,0,0,,,,,,"",""
ball,2,36.6,Ireland,GC Wilson,A Balbirnie,Rohan Mustafa,1,0,,,,,,"",""
ball,2,37.1,Ireland,GC Wilson,A Balbirnie,Krishna Chandran,2,0,,,,,,"",""
ball,2,37.2,Ireland,GC Wilson,A Balbirnie,Krishna Chandran,0,0,,,,,,"",""
ball,2,37.3,Ireland,GC Wilson,A Balbirnie,Krishna Chandran,0,0,,,,,,"",""
ball,2,37.4,Ireland,GC Wilson,A Balbirnie,Krishna Chandran,1,0,,,,,,"",""
ball,2,37.5,Ireland,GC Wilson,A Balbirnie,Krishna Chandran,1,0,,,,,,"",""
ball,2,37.6,Ireland,A Balbirnie,GC Wilson,Krishna Chandran,1,0,,,,,,"",""
ball,2,38.1,Ireland,A Balbirnie,GC Wilson,Mohammad Naveed,3,0,,,,,,"",""
ball,2,38.2,Ireland,GC Wilson,A Balbirnie,Mohammad Naveed,0,0,,,,,,"",""
ball,2,38.3,Ireland,GC Wilson,A Balbirnie,Mohammad Naveed,1,0,,,,,,"",""
ball,2,38.4,Ireland,A Balbirnie,GC Wilson,Mohammad Naveed,0,0,,,,,,caught,A Balbirnie
ball,2,38.5,Ireland,KJ O'Brien,GC Wilson,Mohammad Naveed,0,0,,,,,,"",""
ball,2,38.6,Ireland,KJ O'Brien,GC Wilson,Mohammad Naveed,4,0,,,,,,"",""
ball,2,39.1,Ireland,GC Wilson,KJ O'Brien,Krishna Chandran,4,0,,,,,,"",""
ball,2,39.2,Ireland,GC Wilson,KJ O'Brien,Krishna Chandran,1,0,,,,,,"",""
ball,2,39.3,Ireland,KJ O'Brien,GC Wilson,Krishna Chandran,0,0,,,,,,"",""
ball,2,39.4,Ireland,KJ O'Brien,GC Wilson,Krishna Chandran,1,0,,,,,,"",""
ball,2,39.5,Ireland,GC Wilson,KJ O'Brien,Krishna Chandran,2,0,,,,,,"",""
ball,2,39.6,Ireland,GC Wilson,KJ O'Brien,Krishna Chandran,1,0,,,,,,"",""
ball,2,40.1,Ireland,GC Wilson,KJ O'Brien,Mohammad Naveed,0,0,,,,,,"",""
ball,2,40.2,Ireland,GC Wilson,KJ O'Brien,Mohammad Naveed,0,1,,,,1,,"",""
ball,2,40.3,Ireland,KJ O'Brien,GC Wilson,Mohammad Naveed,4,0,,,,,,"",""
ball,2,40.4,Ireland,KJ O'Brien,GC Wilson,Mohammad Naveed,4,0,,,,,,"",""
ball,2,40.5,Ireland,KJ O'Brien,GC Wilson,Mohammad Naveed,0,0,,,,,,"",""
ball,2,40.6,Ireland,KJ O'Brien,GC Wilson,Mohammad Naveed,0,1,,1,,,,"",""
ball,2,40.7,Ireland,KJ O'Brien,GC Wilson,Mohammad Naveed,0,0,,,,,,"",""
ball,2,41.1,Ireland,GC Wilson,KJ O'Brien,Krishna Chandran,0,0,,,,,,"",""
ball,2,41.2,Ireland,GC Wilson,KJ O'Brien,Krishna Chandran,0,1,1,,,,,"",""
ball,2,41.3,Ireland,GC Wilson,KJ O'Brien,Krishna Chandran,1,0,,,,,,"",""
ball,2,41.4,Ireland,KJ O'Brien,GC Wilson,Krishna Chandran,4,0,,,,,,"",""
ball,2,41.5,Ireland,KJ O'Brien,GC Wilson,Krishna Chandran,4,0,,,,,,"",""
ball,2,41.6,Ireland,KJ O'Brien,GC Wilson,Krishna Chandran,2,0,,,,,,"",""
ball,2,41.7,Ireland,KJ O'Brien,GC Wilson,Krishna Chandran,1,0,,,,,,"",""
ball,2,42.1,Ireland,KJ O'Brien,GC Wilson,Amjad Javed,4,0,,,,,,"",""
ball,2,42.2,Ireland,KJ O'Brien,GC Wilson,Amjad Javed,0,3,,,3,,,"",""
ball,2,42.3,Ireland,GC Wilson,KJ O'Brien,Amjad Javed,1,0,,,,,,"",""
ball,2,42.4,Ireland,KJ O'Brien,GC Wilson,Amjad Javed,4,0,,,,,,"",""
ball,2,42.5,Ireland,KJ O'Brien,GC Wilson,Amjad Javed,0,0,,,,,,"",""
ball,2,42.6,Ireland,KJ O'Brien,GC Wilson,Amjad Javed,0,0,,,,,,"",""
ball,2,43.1,Ireland,GC Wilson,KJ O'Brien,Rohan Mustafa,1,0,,,,,,"",""
ball,2,43.2,Ireland,KJ O'Brien,GC Wilson,Rohan Mustafa,4,0,,,,,,"",""
ball,2,43.3,Ireland,KJ O'Brien,GC Wilson,Rohan Mustafa,1,0,,,,,,"",""
ball,2,43.4,Ireland,GC Wilson,KJ O'Brien,Rohan Mustafa,1,0,,,,,,"",""
ball,2,43.5,Ireland,KJ O'Brien,GC Wilson,Rohan Mustafa,1,0,,,,,,"",""
ball,2,43.6,Ireland,GC Wilson,KJ O'Brien,Rohan Mustafa,4,0,,,,,,"",""
ball,2,44.1,Ireland,KJ O'Brien,GC Wilson,Amjad Javed,6,0,,,,,,"",""
ball,2,44.2,Ireland,KJ O'Brien,GC Wilson,Amjad Javed,0,0,,,,,,"",""
ball,2,44.3,Ireland,KJ O'Brien,GC Wilson,Amjad Javed,6,0,,,,,,"",""
ball,2,44.4,Ireland,KJ O'Brien,GC Wilson,Amjad Javed,0,0,,,,,,caught,KJ O'Brien
ball,2,44.5,Ireland,JF Mooney,GC Wilson,Amjad Javed,0,0,,,,,,"",""
ball,2,44.6,Ireland,JF Mooney,GC Wilson,Amjad Javed,0,0,,,,,,"",""
ball,2,45.1,Ireland,GC Wilson,JF Mooney,Mohammad Naveed,4,0,,,,,,"",""
ball,2,45.2,Ireland,GC Wilson,JF Mooney,Mohammad Naveed,2,0,,,,,,"",""
ball,2,45.3,Ireland,GC Wilson,JF Mooney,Mohammad Naveed,1,0,,,,,,"",""
ball,2,45.4,Ireland,JF Mooney,GC Wilson,Mohammad Naveed,1,0,,,,,,"",""
ball,2,45.5,Ireland,GC Wilson,JF Mooney,Mohammad Naveed,4,0,,,,,,"",""
ball,2,45.6,Ireland,GC Wilson,JF Mooney,Mohammad Naveed,1,0,,,,,,"",""
ball,2,46.1,Ireland,GC Wilson,JF Mooney,Amjad Javed,1,0,,,,,,"",""
ball,2,46.2,Ireland,JF Mooney,GC Wilson,Amjad Javed,0,0,,,,,,"",""
ball,2,46.3,Ireland,JF Mooney,GC Wilson,Amjad Javed,1,0,,,,,,"",""
ball,2,46.4,Ireland,GC Wilson,JF Mooney,Amjad Javed,0,0,,,,,,"",""
ball,2,46.5,Ireland,GC Wilson,JF Mooney,Amjad Javed,0,1,,,,1,,"",""
ball,2,46.6,Ireland,JF Mooney,GC Wilson,Amjad Javed,0,0,,,,,,caught,JF Mooney
ball,2,47.1,Ireland,GC Wilson,AR Cusack,Mohammad Naveed,4,0,,,,,,"",""
ball,2,47.2,Ireland,GC Wilson,AR Cusack,Mohammad Naveed,4,0,,,,,,"",""
ball,2,47.3,Ireland,GC Wilson,AR Cusack,Mohammad Naveed,0,0,,,,,,caught,GC Wilson
ball,2,47.4,Ireland,GH Dockrell,AR Cusack,Mohammad Naveed,0,0,,,,,,"",""
ball,2,47.5,Ireland,GH Dockrell,AR Cusack,Mohammad Naveed,1,0,,,,,,"",""
ball,2,47.6,Ireland,AR Cusack,GH Dockrell,Mohammad Naveed,1,0,,,,,,"",""
ball,2,48.1,Ireland,AR Cusack,GH Dockrell,Amjad Javed,0,0,,,,,,"",""
ball,2,48.2,Ireland,AR Cusack,GH Dockrell,Amjad Javed,0,0,,,,,,"",""
ball,2,48.3,Ireland,AR Cusack,GH Dockrell,Amjad Javed,2,0,,,,,,"",""
ball,2,48.4,Ireland,AR Cusack,GH Dockrell,Amjad Javed,1,0,,,,,,"",""
ball,2,48.5,Ireland,GH Dockrell,AR Cusack,Amjad Javed,4,0,,,,,,"",""
ball,2,48.6,Ireland,GH Dockrell,AR Cusack,Amjad Javed,0,0,,,,,,"",""
ball,2,49.1,Ireland,AR Cusack,GH Dockrell,Mohammad Naveed,1,0,,,,,,"",""
ball,2,49.2,Ireland,GH Dockrell,AR Cusack,Mohammad Naveed,2,0,,,,,,"",""
