version,1.6.0
info,balls_per_over,6
info,team,United Arab Emirates
info,team,West Indies
info,gender,male
info,season,2014/15
info,date,2015/03/15
info,event,ICC Cricket World Cup
info,match_number,41
info,venue,McLean Park
info,city,Napier
info,neutralvenue,true
info,toss_winner,West Indies
info,toss_decision,field
info,player_of_match,JO Holder
info,umpire,Aleem Dar
info,umpire,REJ Martinesz
info,reserve_umpire,HDPK Dharmasena
info,tv_umpire,RA Kettleborough
info,match_referee,BC Broad
info,winner,West Indies
info,winner_wickets,6
info,player,United Arab Emirates,Amjad Ali
info,player,United Arab Emirates,AR Berenger
info,player,United Arab Emirates,Krishna Chandran
info,player,United Arab Emirates,Khurram Khan
info,player,United Arab Emirates,Shaiman Anwar
info,player,United Arab Emirates,SP Patil
info,player,United Arab Emirates,Amjad Javed
info,player,United Arab Emirates,Nasir Aziz
info,player,United Arab Emirates,Mohammad Naveed
info,player,United Arab Emirates,Mohammad Tauqir
info,player,United Arab Emirates,AM Guruge
info,player,West Indies,DR Smith
info,player,West Indies,J Charles
info,player,West Indies,MN Samuels
info,player,West Indies,JL Carter
info,player,West Indies,AD Russell
info,player,West Indies,D Ramdin
info,player,West Indies,LMP Simmons
info,player,West Indies,DJG Sammy
info,player,West Indies,JO Holder
info,player,West Indies,KAJ Roach
info,player,West Indies,JE Taylor
info,registry,people,AD Russell,bbd41817
info,registry,people,AM Guruge,26534b48
info,registry,people,AR Berenger,f994f4ca
info,registry,people,Aleem Dar,f02778d1
info,registry,people,Amjad Ali,e4271302
info,registry,people,Amjad Javed,18eaf2fa
info,registry,people,BC Broad,d6a7dd38
info,registry,people,D Ramdin,d1523761
info,registry,people,DJG Sammy,c03c6200
info,registry,people,DR Smith,35205dfc
info,registry,people,HDPK Dharmasena,323e4c16
info,registry,people,J Charles,09a9d073
info,registry,people,JE Taylor,4180d897
info,registry,people,JL Carter,0a9d8b61
info,registry,people,JO Holder,0f721006
info,registry,people,KAJ Roach,78eb4223
info,registry,people,Khurram Khan,ae6746e0
info,registry,people,Krishna Chandran,3165bc1b
info,registry,people,LMP Simmons,89f64c19
info,registry,people,MN Samuels,f846de6a
info,registry,people,Mohammad Naveed,4861d29b
info,registry,people,Mohammad Tauqir,eb7af112
info,registry,people,Nasir Aziz,e70a0811
info,registry,people,RA Kettleborough,4017868f
info,registry,people,REJ Martinesz,140cdf29
info,registry,people,SP Patil,f5c198fb
info,registry,people,Shaiman Anwar,e9630504
ball,1,0.1,United Arab Emirates,Amjad Ali,AR Berenger,JE Taylor,1,0,,,,,,"",""
ball,1,0.2,United Arab Emirates,AR Berenger,Amjad Ali,JE Taylor,1,0,,,,,,"",""
ball,1,0.3,United Arab Emirates,Amjad Ali,AR Berenger,JE Taylor,0,0,,,,,,"",""
ball,1,0.4,United Arab Emirates,Amjad Ali,AR Berenger,JE Taylor,0,1,1,,,,,"",""
ball,1,0.5,United Arab Emirates,Amjad Ali,AR Berenger,JE Taylor,0,0,,,,,,"",""
ball,1,0.6,United Arab Emirates,Amjad Ali,AR Berenger,JE Taylor,0,0,,,,,,"",""
ball,1,0.7,United Arab Emirates,Amjad Ali,AR Berenger,JE Taylor,0,0,,,,,,"",""
ball,1,1.1,United Arab Emirates,AR Berenger,Amjad Ali,JO Holder,0,1,1,,,,,"",""
ball,1,1.2,United Arab Emirates,AR Berenger,Amjad Ali,JO Holder,0,0,,,,,,"",""
ball,1,1.3,United Arab Emirates,AR Berenger,Amjad Ali,JO Holder,0,0,,,,,,"",""
ball,1,1.4,United Arab Emirates,AR Berenger,Amjad Ali,JO Holder,4,0,,,,,,"",""
ball,1,1.5,United Arab Emirates,AR Berenger,Amjad Ali,JO Holder,1,0,,,,,,"",""
ball,1,1.6,United Arab Emirates,Amjad Ali,AR Berenger,JO Holder,0,1,1,,,,,"",""
ball,1,1.7,United Arab Emirates,Amjad Ali,AR Berenger,JO Holder,0,0,,,,,,"",""
ball,1,1.8,United Arab Emirates,Amjad Ali,AR Berenger,JO Holder,0,0,,,,,,"",""
ball,1,2.1,United Arab Emirates,AR Berenger,Amjad Ali,JE Taylor,1,0,,,,,,"",""
ball,1,2.2,United Arab Emirates,Amjad Ali,AR Berenger,JE Taylor,0,0,,,,,,"",""
ball,1,2.3,United Arab Emirates,Amjad Ali,AR Berenger,JE Taylor,0,0,,,,,,"",""
ball,1,2.4,United Arab Emirates,Amjad Ali,AR Berenger,JE Taylor,0,0,,,,,,"",""
ball,1,2.5,United Arab Emirates,Amjad Ali,AR Berenger,JE Taylor,2,0,,,,,,"",""
ball,1,2.6,United Arab Emirates,Amjad Ali,AR Berenger,JE Taylor,0,0,,,,,,"",""
ball,1,3.1,United Arab Emirates,AR Berenger,Amjad Ali,JO Holder,0,0,,,,,,caught,AR Berenger
ball,1,3.2,United Arab Emirates,Krishna Chandran,Amjad Ali,JO Holder,0,0,,,,,,"",""
ball,1,3.3,United Arab Emirates,Krishna Chandran,Amjad Ali,JO Holder,0,0,,,,,,"",""
ball,1,3.4,United Arab Emirates,Krishna Chandran,Amjad Ali,JO Holder,0,0,,,,,,"",""
ball,1,3.5,United Arab Emirates,Krishna Chandran,Amjad Ali,JO Holder,0,0,,,,,,"",""
ball,1,3.6,United Arab Emirates,Krishna Chandran,Amjad Ali,JO Holder,0,0,,,,,,"",""
ball,1,4.1,United Arab Emirates,Amjad Ali,Krishna Chandran,JE Taylor,0,0,,,,,,"",""
ball,1,4.2,United Arab Emirates,Amjad Ali,Krishna Chandran,JE Taylor,2,0,,,,,,"",""
ball,1,4.3,United Arab Emirates,Amjad Ali,Krishna Chandran,JE Taylor,0,0,,,,,,"",""
ball,1,4.4,United Arab Emirates,Amjad Ali,Krishna Chandran,JE Taylor,0,0,,,,,,"",""
ball,1,4.5,United Arab Emirates,Amjad Ali,Krishna Chandran,JE Taylor,0,0,,,,,,"",""
ball,1,4.6,United Arab Emirates,Amjad Ali,Krishna Chandran,JE Taylor,0,0,,,,,,"",""
ball,1,5.1,United Arab Emirates,Krishna Chandran,Amjad Ali,JO Holder,0,1,1,,,,,"",""
ball,1,5.2,United Arab Emirates,Krishna Chandran,Amjad Ali,JO Holder,0,0,,,,,,caught,Krishna Chandran
ball,1,5.3,United Arab Emirates,Khurram Khan,Amjad Ali,JO Holder,1,0,,,,,,"",""
ball,1,5.4,United Arab Emirates,Amjad Ali,Khurram Khan,JO Holder,0,0,,,,,,lbw,Amjad Ali
ball,1,5.5,United Arab Emirates,Shaiman Anwar,Khurram Khan,JO Holder,0,0,,,,,,"",""
ball,1,5.6,United Arab Emirates,Shaiman Anwar,Khurram Khan,JO Holder,0,0,,,,,,"",""
ball,1,5.7,United Arab Emirates,Shaiman Anwar,Khurram Khan,JO Holder,0,0,,,,,,"",""
ball,1,6.1,United Arab Emirates,Khurram Khan,Shaiman Anwar,JE Taylor,0,0,,,,,,"",""
ball,1,6.2,United Arab Emirates,Khurram Khan,Shaiman Anwar,JE Taylor,0,0,,,,,,"",""
ball,1,6.3,United Arab Emirates,Khurram Khan,Shaiman Anwar,JE Taylor,4,0,,,,,,"",""
ball,1,6.4,United Arab Emirates,Khurram Khan,Shaiman Anwar,JE Taylor,0,0,,,,,,bowled,Khurram Khan
ball,1,6.5,United Arab Emirates,SP Patil,Shaiman Anwar,JE Taylor,1,0,,,,,,"",""
ball,1,6.6,United Arab Emirates,Shaiman Anwar,SP Patil,JE Taylor,2,0,,,,,,"",""
ball,1,7.1,United Arab Emirates,SP Patil,Shaiman Anwar,JO Holder,0,0,,,,,,"",""
ball,1,7.2,United Arab Emirates,SP Patil,Shaiman Anwar,JO Holder,0,0,,,,,,"",""
ball,1,7.3,United Arab Emirates,SP Patil,Shaiman Anwar,JO Holder,0,0,,,,,,"",""
ball,1,7.4,United Arab Emirates,SP Patil,Shaiman Anwar,JO Holder,0,0,,,,,,"",""
ball,1,7.5,United Arab Emirates,SP Patil,Shaiman Anwar,JO Holder,1,0,,,,,,"",""
ball,1,7.6,United Arab Emirates,Shaiman Anwar,SP Patil,JO Holder,0,0,,,,,,"",""
ball,1,8.1,United Arab Emirates,SP Patil,Shaiman Anwar,JE Taylor,1,0,,,,,,"",""
ball,1,8.2,United Arab Emirates,Shaiman Anwar,SP Patil,JE Taylor,0,0,,,,,,bowled,Shaiman Anwar
ball,1,8.3,United Arab Emirates,Amjad Javed,SP Patil,JE Taylor,0,0,,,,,,"",""
ball,1,8.4,United Arab Emirates,Amjad Javed,SP Patil,JE Taylor,0,0,,,,,,"",""
ball,1,8.5,United Arab Emirates,Amjad Javed,SP Patil,JE Taylor,2,0,,,,,,"",""
ball,1,8.6,United Arab Emirates,Amjad Javed,SP Patil,JE Taylor,1,0,,,,,,"",""
ball,1,9.1,United Arab Emirates,Amjad Javed,SP Patil,JO Holder,0,0,,,,,,"",""
ball,1,9.2,United Arab Emirates,Amjad Javed,SP Patil,JO Holder,0,0,,,,,,"",""
ball,1,9.3,United Arab Emirates,Amjad Javed,SP Patil,JO Holder,0,0,,,,,,"",""
ball,1,9.4,United Arab Emirates,Amjad Javed,SP Patil,JO Holder,0,0,,,,,,"",""
ball,1,9.5,United Arab Emirates,Amjad Javed,SP Patil,JO Holder,0,1,1,,,,,"",""
ball,1,9.6,United Arab Emirates,Amjad Javed,SP Patil,JO Holder,0,0,,,,,,"",""
ball,1,9.7,United Arab Emirates,Amjad Javed,SP Patil,JO Holder,1,0,,,,,,"",""
ball,1,10.1,United Arab Emirates,Amjad Javed,SP Patil,JE Taylor,6,0,,,,,,"",""
ball,1,10.2,United Arab Emirates,Amjad Javed,SP Patil,JE Taylor,1,0,,,,,,"",""
ball,1,10.3,United Arab Emirates,SP Patil,Amjad Javed,JE Taylor,0,1,,,,1,,"",""
ball,1,10.4,United Arab Emirates,Amjad Javed,SP Patil,JE Taylor,0,0,,,,,,"",""
ball,1,10.5,United Arab Emirates,Amjad Javed,SP Patil,JE Taylor,0,0,,,,,,"",""
ball,1,10.6,United Arab Emirates,Amjad Javed,SP Patil,JE Taylor,1,0,,,,,,"",""
ball,1,11.1,United Arab Emirates,Amjad Javed,SP Patil,JO Holder,1,0,,,,,,"",""
ball,1,11.2,United Arab Emirates,SP Patil,Amjad Javed,JO Holder,0,0,,,,,,"",""
ball,1,11.3,United Arab Emirates,SP Patil,Amjad Javed,JO Holder,0,0,,,,,,"",""
ball,1,11.4,United Arab Emirates,SP Patil,Amjad Javed,JO Holder,1,0,,,,,,"",""
ball,1,11.5,United Arab Emirates,Amjad Javed,SP Patil,JO Holder,0,0,,,,,,"",""
ball,1,11.6,United Arab Emirates,Amjad Javed,SP Patil,JO Holder,0,0,,,,,,"",""
ball,1,12.1,United Arab Emirates,SP Patil,Amjad Javed,KAJ Roach,0,0,,,,,,"",""
ball,1,12.2,United Arab Emirates,SP Patil,Amjad Javed,KAJ Roach,0,0,,,,,,"",""
ball,1,12.3,United Arab Emirates,SP Patil,Amjad Javed,KAJ Roach,0,1,1,,,,,"",""
ball,1,12.4,United Arab Emirates,SP Patil,Amjad Javed,KAJ Roach,0,0,,,,,,"",""
ball,1,12.5,United Arab Emirates,SP Patil,Amjad Javed,KAJ Roach,0,1,,,,1,,"",""
ball,1,12.6,United Arab Emirates,Amjad Javed,SP Patil,KAJ Roach,0,0,,,,,,"",""
ball,1,12.7,United Arab Emirates,Amjad Javed,SP Patil,KAJ Roach,0,0,,,,,,"",""
ball,1,13.1,United Arab Emirates,SP Patil,Amjad Javed,JO Holder,2,0,,,,,,"",""
ball,1,13.2,United Arab Emirates,SP Patil,Amjad Javed,JO Holder,0,0,,,,,,"",""
ball,1,13.3,United Arab Emirates,SP Patil,Amjad Javed,JO Holder,0,0,,,,,,"",""
ball,1,13.4,United Arab Emirates,SP Patil,Amjad Javed,JO Holder,0,0,,,,,,"",""
ball,1,13.5,United Arab Emirates,SP Patil,Amjad Javed,JO Holder,0,0,,,,,,bowled,SP Patil
ball,1,13.6,United Arab Emirates,Nasir Aziz,Amjad Javed,JO Holder,0,1,,,,1,,"",""
ball,1,14.1,United Arab Emirates,Nasir Aziz,Amjad Javed,KAJ Roach,0,0,,,,,,"",""
ball,1,14.2,United Arab Emirates,Nasir Aziz,Amjad Javed,KAJ Roach,0,0,,,,,,"",""
ball,1,14.3,United Arab Emirates,Nasir Aziz,Amjad Javed,KAJ Roach,2,0,,,,,,"",""
ball,1,14.4,United Arab Emirates,Nasir Aziz,Amjad Javed,KAJ Roach,0,0,,,,,,"",""
ball,1,14.5,United Arab Emirates,Nasir Aziz,Amjad Javed,KAJ Roach,0,0,,,,,,"",""
ball,1,14.6,United Arab Emirates,Nasir Aziz,Amjad Javed,KAJ Roach,0,0,,,,,,"",""
ball,1,15.1,United Arab Emirates,Amjad Javed,Nasir Aziz,JO Holder,0,0,,,,,,"",""
ball,1,15.2,United Arab Emirates,Amjad Javed,Nasir Aziz,JO Holder,0,0,,,,,,"",""
ball,1,15.3,United Arab Emirates,Amjad Javed,Nasir Aziz,JO Holder,1,0,,,,,,"",""
ball,1,15.4,United Arab Emirates,Nasir Aziz,Amjad Javed,JO Holder,0,0,,,,,,"",""
ball,1,15.5,United Arab Emirates,Nasir Aziz,Amjad Javed,JO Holder,0,0,,,,,,"",""
ball,1,15.6,United Arab Emirates,Nasir Aziz,Amjad Javed,JO Holder,0,0,,,,,,"",""
ball,1,16.1,United Arab Emirates,Amjad Javed,Nasir Aziz,KAJ Roach,2,0,,,,,,"",""
ball,1,16.2,United Arab Emirates,Amjad Javed,Nasir Aziz,KAJ Roach,4,0,,,,,,"",""
ball,1,16.3,United Arab Emirates,Amjad Javed,Nasir Aziz,KAJ Roach,0,0,,,,,,"",""
ball,1,16.4,United Arab Emirates,Amjad Javed,Nasir Aziz,KAJ Roach,0,0,,,,,,"",""
ball,1,16.5,United Arab Emirates,Amjad Javed,Nasir Aziz,KAJ Roach,0,0,,,,,,"",""
ball,1,16.6,United Arab Emirates,Amjad Javed,Nasir Aziz,KAJ Roach,0,0,,,,,,"",""
ball,1,17.1,United Arab Emirates,Nasir Aziz,Amjad Javed,JO Holder,1,0,,,,,,"",""
ball,1,17.2,United Arab Emirates,Amjad Javed,Nasir Aziz,JO Holder,0,0,,,,,,"",""
ball,1,17.3,United Arab Emirates,Amjad Javed,Nasir Aziz,JO Holder,0,0,,,,,,"",""
ball,1,17.4,United Arab Emirates,Amjad Javed,Nasir Aziz,JO Holder,1,0,,,,,,"",""
ball,1,17.5,United Arab Emirates,Nasir Aziz,Amjad Javed,JO Holder,2,0,,,,,,"",""
ball,1,17.6,United Arab Emirates,Nasir Aziz,Amjad Javed,JO Holder,0,0,,,,,,"",""
ball,1,18.1,United Arab Emirates,Amjad Javed,Nasir Aziz,AD Russell,0,0,,,,,,"",""
ball,1,18.2,United Arab Emirates,Amjad Javed,Nasir Aziz,AD Russell,0,0,,,,,,"",""
ball,1,18.3,United Arab Emirates,Amjad Javed,Nasir Aziz,AD Russell,1,0,,,,,,"",""
ball,1,18.4,United Arab Emirates,Nasir Aziz,Amjad Javed,AD Russell,0,0,,,,,,"",""
ball,1,18.5,United Arab Emirates,Nasir Aziz,Amjad Javed,AD Russell,1,0,,,,,,"",""
ball,1,18.6,United Arab Emirates,Amjad Javed,Nasir Aziz,AD Russell,4,0,,,,,,"",""
ball,1,19.1,United Arab Emirates,Nasir Aziz,Amjad Javed,JO Holder,0,0,,,,,,"",""
ball,1,19.2,United Arab Emirates,Nasir Aziz,Amjad Javed,JO Holder,1,0,,,,,,"",""
ball,1,19.3,United Arab Emirates,Amjad Javed,Nasir Aziz,JO Holder,1,0,,,,,,"",""
ball,1,19.4,United Arab Emirates,Nasir Aziz,Amjad Javed,JO Holder,4,0,,,,,,"",""
ball,1,19.5,United Arab Emirates,Nasir Aziz,Amjad Javed,JO Holder,0,0,,,,,,"",""
ball,1,19.6,United Arab Emirates,Nasir Aziz,Amjad Javed,JO Holder,0,0,,,,,,"",""
ball,1,20.1,United Arab Emirates,Amjad Javed,Nasir Aziz,AD Russell,0,0,,,,,,"",""
ball,1,20.2,United Arab Emirates,Amjad Javed,Nasir Aziz,AD Russell,0,0,,,,,,"",""
ball,1,20.3,United Arab Emirates,Amjad Javed,Nasir Aziz,AD Russell,0,0,,,,,,"",""
ball,1,20.4,United Arab Emirates,Amjad Javed,Nasir Aziz,AD Russell,0,0,,,,,,"",""
ball,1,20.5,United Arab Emirates,Amjad Javed,Nasir Aziz,AD Russell,0,0,,,,,,"",""
ball,1,20.6,United Arab Emirates,Amjad Javed,Nasir Aziz,AD Russell,0,0,,,,,,"",""
ball,1,21.1,United Arab Emirates,Nasir Aziz,Amjad Javed,KAJ Roach,4,0,,,,,,"",""
ball,1,21.2,United Arab Emirates,Nasir Aziz,Amjad Javed,KAJ Roach,0,0,,,,,,"",""
ball,1,21.3,United Arab Emirates,Nasir Aziz,Amjad Javed,KAJ Roach,0,0,,,,,,"",""
ball,1,21.4,United Arab Emirates,Nasir Aziz,Amjad Javed,KAJ Roach,0,0,,,,,,"",""
ball,1,21.5,United Arab Emirates,Nasir Aziz,Amjad Javed,KAJ Roach,0,0,,,,,,"",""
ball,1,21.6,United Arab Emirates,Nasir Aziz,Amjad Javed,KAJ Roach,1,0,,,,,,"",""
ball,1,22.1,United Arab Emirates,Nasir Aziz,Amjad Javed,AD Russell,0,0,,,,,,"",""
ball,1,22.2,United Arab Emirates,Nasir Aziz,Amjad Javed,AD Russell,0,0,,,,,,"",""
ball,1,22.3,United Arab Emirates,Nasir Aziz,Amjad Javed,AD Russell,0,0,,,,,,"",""
ball,1,22.4,United Arab Emirates,Nasir Aziz,Amjad Javed,AD Russell,0,0,,,,,,"",""
ball,1,22.5,United Arab Emirates,Nasir Aziz,Amjad Javed,AD Russell,0,0,,,,,,"",""
ball,1,22.6,United Arab Emirates,Nasir Aziz,Amjad Javed,AD Russell,0,1,1,,,,,"",""
ball,1,22.7,United Arab Emirates,Nasir Aziz,Amjad Javed,AD Russell,1,0,,,,,,"",""
ball,1,23.1,United Arab Emirates,Nasir Aziz,Amjad Javed,KAJ Roach,0,0,,,,,,"",""
ball,1,23.2,United Arab Emirates,Nasir Aziz,Amjad Javed,KAJ Roach,0,0,,,,,,"",""
ball,1,23.3,United Arab Emirates,Nasir Aziz,Amjad Javed,KAJ Roach,4,0,,,,,,"",""
ball,1,23.4,United Arab Emirates,Nasir Aziz,Amjad Javed,KAJ Roach,3,0,,,,,,"",""
ball,1,23.5,United Arab Emirates,Amjad Javed,Nasir Aziz,KAJ Roach,0,0,,,,,,"",""
ball,1,23.6,United Arab Emirates,Amjad Javed,Nasir Aziz,KAJ Roach,1,0,,,,,,"",""
ball,1,24.1,United Arab Emirates,Amjad Javed,Nasir Aziz,AD Russell,0,0,,,,,,"",""
ball,1,24.2,United Arab Emirates,Amjad Javed,Nasir Aziz,AD Russell,0,0,,,,,,"",""
ball,1,24.3,United Arab Emirates,Amjad Javed,Nasir Aziz,AD Russell,0,0,,,,,,"",""
ball,1,24.4,United Arab Emirates,Amjad Javed,Nasir Aziz,AD Russell,0,0,,,,,,"",""
ball,1,24.5,United Arab Emirates,Amjad Javed,Nasir Aziz,AD Russell,0,0,,,,,,"",""
ball,1,24.6,United Arab Emirates,Amjad Javed,Nasir Aziz,AD Russell,0,0,,,,,,"",""
ball,1,25.1,United Arab Emirates,Nasir Aziz,Amjad Javed,KAJ Roach,0,0,,,,,,"",""
ball,1,25.2,United Arab Emirates,Nasir Aziz,Amjad Javed,KAJ Roach,0,0,,,,,,"",""
ball,1,25.3,United Arab Emirates,Nasir Aziz,Amjad Javed,KAJ Roach,0,0,,,,,,"",""
ball,1,25.4,United Arab Emirates,Nasir Aziz,Amjad Javed,KAJ Roach,4,0,,,,,,"",""
ball,1,25.5,United Arab Emirates,Nasir Aziz,Amjad Javed,KAJ Roach,0,0,,,,,,"",""
ball,1,25.6,United Arab Emirates,Nasir Aziz,Amjad Javed,KAJ Roach,0,1,1,,,,,"",""
ball,1,25.7,United Arab Emirates,Nasir Aziz,Amjad Javed,KAJ Roach,4,0,,,,,,"",""
ball,1,26.1,United Arab Emirates,Amjad Javed,Nasir Aziz,JE Taylor,0,0,,,,,,"",""
ball,1,26.2,United Arab Emirates,Amjad Javed,Nasir Aziz,JE Taylor,4,0,,,,,,"",""
ball,1,26.3,United Arab Emirates,Amjad Javed,Nasir Aziz,JE Taylor,0,0,,,,,,"",""
ball,1,26.4,United Arab Emirates,Amjad Javed,Nasir Aziz,JE Taylor,1,0,,,,,,"",""
ball,1,26.5,United Arab Emirates,Nasir Aziz,Amjad Javed,JE Taylor,0,0,,,,,,"",""
ball,1,26.6,United Arab Emirates,Nasir Aziz,Amjad Javed,JE Taylor,0,0,,,,,,"",""
ball,1,27.1,United Arab Emirates,Amjad Javed,Nasir Aziz,MN Samuels,0,0,,,,,,"",""
ball,1,27.2,United Arab Emirates,Amjad Javed,Nasir Aziz,MN Samuels,0,0,,,,,,"",""
ball,1,27.3,United Arab Emirates,Amjad Javed,Nasir Aziz,MN Samuels,0,0,,,,,,"",""
ball,1,27.4,United Arab Emirates,Amjad Javed,Nasir Aziz,MN Samuels,0,0,,,,,,"",""
ball,1,27.5,United Arab Emirates,Amjad Javed,Nasir Aziz,MN Samuels,0,0,,,,,,"",""
ball,1,27.6,United Arab Emirates,Amjad Javed,Nasir Aziz,MN Samuels,0,0,,,,,,"",""
ball,1,28.1,United Arab Emirates,Nasir Aziz,Amjad Javed,JE Taylor,0,0,,,,,,"",""
ball,1,28.2,United Arab Emirates,Nasir Aziz,Amjad Javed,JE Taylor,0,0,,,,,,"",""
ball,1,28.3,United Arab Emirates,Nasir Aziz,Amjad Javed,JE Taylor,0,1,1,,,,,"",""
ball,1,28.4,United Arab Emirates,Nasir Aziz,Amjad Javed,JE Taylor,1,0,,,,,,"",""
ball,1,28.5,United Arab Emirates,Amjad Javed,Nasir Aziz,JE Taylor,0,0,,,,,,"",""
ball,1,28.6,United Arab Emirates,Amjad Javed,Nasir Aziz,JE Taylor,0,0,,,,,,"",""
ball,1,28.7,United Arab Emirates,Amjad Javed,Nasir Aziz,JE Taylor,0,0,,,,,,"",""
ball,1,29.1,United Arab Emirates,Nasir Aziz,Amjad Javed,MN Samuels,0,0,,,,,,"",""
ball,1,29.2,United Arab Emirates,Nasir Aziz,Amjad Javed,MN Samuels,1,0,,,,,,"",""
ball,1,29.3,United Arab Emirates,Amjad Javed,Nasir Aziz,MN Samuels,1,0,,,,,,"",""
ball,1,29.4,United Arab Emirates,Nasir Aziz,Amjad Javed,MN Samuels,0,0,,,,,,"",""
ball,1,29.5,United Arab Emirates,Nasir Aziz,Amjad Javed,MN Samuels,0,0,,,,,,"",""
ball,1,29.6,United Arab Emirates,Nasir Aziz,Amjad Javed,MN Samuels,3,0,,,,,,"",""
ball,1,30.1,United Arab Emirates,Nasir Aziz,Amjad Javed,DJG Sammy,1,0,,,,,,"",""
ball,1,30.2,United Arab Emirates,Amjad Javed,Nasir Aziz,DJG Sammy,1,0,,,,,,"",""
ball,1,30.3,United Arab Emirates,Nasir Aziz,Amjad Javed,DJG Sammy,0,0,,,,,,"",""
ball,1,30.4,United Arab Emirates,Nasir Aziz,Amjad Javed,DJG Sammy,0,0,,,,,,"",""
ball,1,30.5,United Arab Emirates,Nasir Aziz,Amjad Javed,DJG Sammy,0,0,,,,,,"",""
ball,1,30.6,United Arab Emirates,Nasir Aziz,Amjad Javed,DJG Sammy,2,0,,,,,,"",""
ball,1,31.1,United Arab Emirates,Amjad Javed,Nasir Aziz,MN Samuels,0,0,,,,,,"",""
ball,1,31.2,United Arab Emirates,Amjad Javed,Nasir Aziz,MN Samuels,0,0,,,,,,"",""
ball,1,31.3,United Arab Emirates,Amjad Javed,Nasir Aziz,MN Samuels,4,0,,,,,,"",""
ball,1,31.4,United Arab Emirates,Amjad Javed,Nasir Aziz,MN Samuels,0,0,,,,,,"",""
ball,1,31.5,United Arab Emirates,Amjad Javed,Nasir Aziz,MN Samuels,0,0,,,,,,"",""
ball,1,31.6,United Arab Emirates,Amjad Javed,Nasir Aziz,MN Samuels,0,0,,,,,,"",""
ball,1,32.1,United Arab Emirates,Nasir Aziz,Amjad Javed,DR Smith,1,0,,,,,,"",""
ball,1,32.2,United Arab Emirates,Amjad Javed,Nasir Aziz,DR Smith,0,0,,,,,,"",""
ball,1,32.3,United Arab Emirates,Amjad Javed,Nasir Aziz,DR Smith,0,0,,,,,,"",""
ball,1,32.4,United Arab Emirates,Amjad Javed,Nasir Aziz,DR Smith,0,0,,,,,,"",""
ball,1,32.5,United Arab Emirates,Amjad Javed,Nasir Aziz,DR Smith,1,0,,,,,,"",""
ball,1,32.6,United Arab Emirates,Nasir Aziz,Amjad Javed,DR Smith,0,0,,,,,,"",""
ball,1,33.1,United Arab Emirates,Amjad Javed,Nasir Aziz,MN Samuels,0,0,,,,,,"",""
ball,1,33.2,United Arab Emirates,Amjad Javed,Nasir Aziz,MN Samuels,0,0,,,,,,"",""
ball,1,33.3,United Arab Emirates,Amjad Javed,Nasir Aziz,MN Samuels,0,0,,,,,,"",""
ball,1,33.4,United Arab Emirates,Amjad Javed,Nasir Aziz,MN Samuels,0,0,,,,,,"",""
ball,1,33.5,United Arab Emirates,Amjad Javed,Nasir Aziz,MN Samuels,0,0,,,,,,"",""
ball,1,33.6,United Arab Emirates,Amjad Javed,Nasir Aziz,MN Samuels,0,0,,,,,,"",""
ball,1,34.1,United Arab Emirates,Nasir Aziz,Amjad Javed,DR Smith,1,0,,,,,,"",""
ball,1,34.2,United Arab Emirates,Amjad Javed,Nasir Aziz,DR Smith,0,0,,,,,,"",""
ball,1,34.3,United Arab Emirates,Amjad Javed,Nasir Aziz,DR Smith,0,0,,,,,,"",""
ball,1,34.4,United Arab Emirates,Amjad Javed,Nasir Aziz,DR Smith,0,0,,,,,,"",""
ball,1,34.5,United Arab Emirates,Amjad Javed,Nasir Aziz,DR Smith,1,0,,,,,,"",""
ball,1,34.6,United Arab Emirates,Nasir Aziz,Amjad Javed,DR Smith,1,0,,,,,,"",""
ball,1,35.1,United Arab Emirates,Nasir Aziz,Amjad Javed,MN Samuels,0,0,,,,,,"",""
ball,1,35.2,United Arab Emirates,Nasir Aziz,Amjad Javed,MN Samuels,0,0,,,,,,"",""
ball,1,35.3,United Arab Emirates,Nasir Aziz,Amjad Javed,MN Samuels,0,0,,,,,,"",""
ball,1,35.4,United Arab Emirates,Nasir Aziz,Amjad Javed,MN Samuels,0,0,,,,,,"",""
ball,1,35.5,United Arab Emirates,Nasir Aziz,Amjad Javed,MN Samuels,4,0,,,,,,"",""
ball,1,35.6,United Arab Emirates,Nasir Aziz,Amjad Javed,MN Samuels,0,0,,,,,,"",""
ball,1,36.1,United Arab Emirates,Amjad Javed,Nasir Aziz,KAJ Roach,4,0,,,,,,"",""
ball,1,36.2,United Arab Emirates,Amjad Javed,Nasir Aziz,KAJ Roach,1,0,,,,,,"",""
ball,1,36.3,United Arab Emirates,Nasir Aziz,Amjad Javed,KAJ Roach,0,0,,,,,,"",""
ball,1,36.4,United Arab Emirates,Nasir Aziz,Amjad Javed,KAJ Roach,2,0,,,,,,"",""
ball,1,36.5,United Arab Emirates,Nasir Aziz,Amjad Javed,KAJ Roach,1,0,,,,,,"",""
ball,1,36.6,United Arab Emirates,Amjad Javed,Nasir Aziz,KAJ Roach,0,0,,,,,,"",""
ball,1,37.1,United Arab Emirates,Nasir Aziz,Amjad Javed,MN Samuels,0,0,,,,,,"",""
ball,1,37.2,United Arab Emirates,Nasir Aziz,Amjad Javed,MN Samuels,0,0,,,,,,"",""
ball,1,37.3,United Arab Emirates,Nasir Aziz,Amjad Javed,MN Samuels,0,0,,,,,,"",""
ball,1,37.4,United Arab Emirates,Nasir Aziz,Amjad Javed,MN Samuels,0,0,,,,,,"",""
ball,1,37.5,United Arab Emirates,Nasir Aziz,Amjad Javed,MN Samuels,0,0,,,,,,"",""
ball,1,37.6,United Arab Emirates,Nasir Aziz,Amjad Javed,MN Samuels,0,0,,,,,,"",""
ball,1,38.1,United Arab Emirates,Amjad Javed,Nasir Aziz,KAJ Roach,1,0,,,,,,"",""
ball,1,38.2,United Arab Emirates,Nasir Aziz,Amjad Javed,KAJ Roach,4,0,,,,,,"",""
ball,1,38.3,United Arab Emirates,Nasir Aziz,Amjad Javed,KAJ Roach,4,0,,,,,,"",""
ball,1,38.4,United Arab Emirates,Nasir Aziz,Amjad Javed,KAJ Roach,1,0,,,,,,"",""
ball,1,38.5,United Arab Emirates,Amjad Javed,Nasir Aziz,KAJ Roach,4,0,,,,,,"",""
ball,1,38.6,United Arab Emirates,Amjad Javed,Nasir Aziz,KAJ Roach,1,0,,,,,,"",""
ball,1,39.1,United Arab Emirates,Amjad Javed,Nasir Aziz,MN Samuels,4,0,,,,,,"",""
ball,1,39.2,United Arab Emirates,Amjad Javed,Nasir Aziz,MN Samuels,0,0,,,,,,"",""
ball,1,39.3,United Arab Emirates,Amjad Javed,Nasir Aziz,MN Samuels,0,0,,,,,,"",""
ball,1,39.4,United Arab Emirates,Amjad Javed,Nasir Aziz,MN Samuels,0,0,,,,,,"",""
ball,1,39.5,United Arab Emirates,Amjad Javed,Nasir Aziz,MN Samuels,0,0,,,,,,"",""
ball,1,39.6,United Arab Emirates,Amjad Javed,Nasir Aziz,MN Samuels,0,0,,,,,,"",""
ball,1,40.1,United Arab Emirates,Nasir Aziz,Amjad Javed,AD Russell,0,0,,,,,,"",""
ball,1,40.2,United Arab Emirates,Nasir Aziz,Amjad Javed,AD Russell,1,0,,,,,,"",""
ball,1,40.3,United Arab Emirates,Amjad Javed,Nasir Aziz,AD Russell,0,0,,,,,,bowled,Amjad Javed
ball,1,40.4,United Arab Emirates,Mohammad Naveed,Nasir Aziz,AD Russell,0,0,,,,,,"",""
ball,1,40.5,United Arab Emirates,Mohammad Naveed,Nasir Aziz,AD Russell,6,0,,,,,,"",""
ball,1,40.6,United Arab Emirates,Mohammad Naveed,Nasir Aziz,AD Russell,1,0,,,,,,"",""
ball,1,41.1,United Arab Emirates,Mohammad Naveed,Nasir Aziz,MN Samuels,2,0,,,,,,"",""
ball,1,41.2,United Arab Emirates,Mohammad Naveed,Nasir Aziz,MN Samuels,4,0,,,,,,"",""
ball,1,41.3,United Arab Emirates,Mohammad Naveed,Nasir Aziz,MN Samuels,0,0,,,,,,"",""
ball,1,41.4,United Arab Emirates,Mohammad Naveed,Nasir Aziz,MN Samuels,0,0,,,,,,"",""
ball,1,41.5,United Arab Emirates,Mohammad Naveed,Nasir Aziz,MN Samuels,1,0,,,,,,"",""
ball,1,41.6,United Arab Emirates,Nasir Aziz,Mohammad Naveed,MN Samuels,0,0,,,,,,"",""
ball,1,42.1,United Arab Emirates,Mohammad Naveed,Nasir Aziz,AD Russell,0,0,,,,,,bowled,Mohammad Naveed
ball,1,42.2,United Arab Emirates,Mohammad Tauqir,Nasir Aziz,AD Russell,0,0,,,,,,"",""
ball,1,42.3,United Arab Emirates,Mohammad Tauqir,Nasir Aziz,AD Russell,0,0,,,,,,"",""
ball,1,42.4,United Arab Emirates,Mohammad Tauqir,Nasir Aziz,AD Russell,0,0,,,,,,"",""
ball,1,42.5,United Arab Emirates,Mohammad Tauqir,Nasir Aziz,AD Russell,0,0,,,,,,"",""
ball,1,42.6,United Arab Emirates,Mohammad Tauqir,Nasir Aziz,AD Russell,0,0,,,,,,"",""
ball,1,43.1,United Arab Emirates,Nasir Aziz,Mohammad Tauqir,MN Samuels,0,0,,,,,,"",""
ball,1,43.2,United Arab Emirates,Nasir Aziz,Mohammad Tauqir,MN Samuels,0,0,,,,,,"",""
ball,1,43.3,United Arab Emirates,Nasir Aziz,Mohammad Tauqir,MN Samuels,0,0,,,,,,"",""
ball,1,43.4,United Arab Emirates,Nasir Aziz,Mohammad Tauqir,MN Samuels,0,0,,,,,,caught,Nasir Aziz
ball,1,43.5,United Arab Emirates,AM Guruge,Mohammad Tauqir,MN Samuels,1,0,,,,,,"",""
ball,1,43.6,United Arab Emirates,Mohammad Tauqir,AM Guruge,MN Samuels,0,0,,,,,,"",""
ball,1,44.1,United Arab Emirates,AM Guruge,Mohammad Tauqir,AD Russell,1,0,,,,,,"",""
ball,1,44.2,United Arab Emirates,Mohammad Tauqir,AM Guruge,AD Russell,0,0,,,,,,"",""
ball,1,44.3,United Arab Emirates,Mohammad Tauqir,AM Guruge,AD Russell,0,0,,,,,,"",""
ball,1,44.4,United Arab Emirates,Mohammad Tauqir,AM Guruge,AD Russell,1,0,,,,,,"",""
ball,1,44.5,United Arab Emirates,AM Guruge,Mohammad Tauqir,AD Russell,0,0,,,,,,"",""
ball,1,44.6,United Arab Emirates,AM Guruge,Mohammad Tauqir,AD Russell,0,0,,,,,,"",""
ball,1,45.1,United Arab Emirates,Mohammad Tauqir,AM Guruge,MN Samuels,0,0,,,,,,"",""
ball,1,45.2,United Arab Emirates,Mohammad Tauqir,AM Guruge,MN Samuels,0,0,,,,,,"",""
ball,1,45.3,United Arab Emirates,Mohammad Tauqir,AM Guruge,MN Samuels,0,0,,,,,,"",""
ball,1,45.4,United Arab Emirates,Mohammad Tauqir,AM Guruge,MN Samuels,0,0,,,,,,"",""
ball,1,45.5,United Arab Emirates,Mohammad Tauqir,AM Guruge,MN Samuels,0,0,,,,,,"",""
ball,1,45.6,United Arab Emirates,Mohammad Tauqir,AM Guruge,MN Samuels,0,0,,,,,,"",""
ball,1,46.1,United Arab Emirates,AM Guruge,Mohammad Tauqir,AD Russell,0,0,,,,,,"",""
ball,1,46.2,United Arab Emirates,AM Guruge,Mohammad Tauqir,AD Russell,0,0,,,,,,"",""
ball,1,46.3,United Arab Emirates,AM Guruge,Mohammad Tauqir,AD Russell,0,0,,,,,,"",""
ball,1,46.4,United Arab Emirates,AM Guruge,Mohammad Tauqir,AD Russell,1,0,,,,,,"",""
ball,1,46.5,United Arab Emirates,Mohammad Tauqir,AM Guruge,AD Russell,0,1,1,,,,,"",""
ball,1,46.6,United Arab Emirates,Mohammad Tauqir,AM Guruge,AD Russell,0,1,,,,1,,"",""
ball,1,46.7,United Arab Emirates,AM Guruge,Mohammad Tauqir,AD Russell,0,0,,,,,,"",""
ball,1,47.1,United Arab Emirates,Mohammad Tauqir,AM Guruge,JE Taylor,0,0,,,,,,"",""
ball,1,47.2,United Arab Emirates,Mohammad Tauqir,AM Guruge,JE Taylor,1,0,,,,,,"",""
ball,1,47.3,United Arab Emirates,AM Guruge,Mohammad Tauqir,JE Taylor,1,0,,,,,,"",""
ball,1,47.4,United Arab Emirates,Mohammad Tauqir,AM Guruge,JE Taylor,0,0,,,,,,bowled,Mohammad Tauqir
ball,2,0.1,West Indies,DR Smith,J Charles,Nasir Aziz,0,0,,,,,,"",""
ball,2,0.2,West Indies,DR Smith,J Charles,Nasir Aziz,1,0,,,,,,"",""
ball,2,0.3,West Indies,J Charles,DR Smith,Nasir Aziz,0,0,,,,,,"",""
ball,2,0.4,West Indies,J Charles,DR Smith,Nasir Aziz,4,0,,,,,,"",""
ball,2,0.5,West Indies,J Charles,DR Smith,Nasir Aziz,6,0,,,,,,"",""
ball,2,0.6,West Indies,J Charles,DR Smith,Nasir Aziz,0,0,,,,,,"",""
ball,2,1.1,West Indies,DR Smith,J Charles,Mohammad Naveed,3,0,,,,,,"",""
ball,2,1.2,West Indies,J Charles,DR Smith,Mohammad Naveed,0,0,,,,,,"",""
ball,2,1.3,West Indies,J Charles,DR Smith,Mohammad Naveed,4,0,,,,,,"",""
ball,2,1.4,West Indies,J Charles,DR Smith,Mohammad Naveed,0,0,,,,,,"",""
ball,2,1.5,West Indies,J Charles,DR Smith,Mohammad Naveed,0,0,,,,,,"",""
ball,2,1.6,West Indies,J Charles,DR Smith,Mohammad Naveed,0,0,,,,,,"",""
ball,2,2.1,West Indies,DR Smith,J Charles,Nasir Aziz,0,0,,,,,,"",""
ball,2,2.2,West Indies,DR Smith,J Charles,Nasir Aziz,4,0,,,,,,"",""
ball,2,2.3,West Indies,DR Smith,J Charles,Nasir Aziz,6,0,,,,,,"",""
ball,2,2.4,West Indies,DR Smith,J Charles,Nasir Aziz,0,0,,,,,,"",""
ball,2,2.5,West Indies,DR Smith,J Charles,Nasir Aziz,1,0,,,,,,"",""
ball,2,2.6,West Indies,J Charles,DR Smith,Nasir Aziz,4,0,,,,,,"",""
ball,2,3.1,West Indies,DR Smith,J Charles,AM Guruge,0,0,,,,,,caught,DR Smith
ball,2,3.2,West Indies,MN Samuels,J Charles,AM Guruge,0,0,,,,,,"",""
ball,2,3.3,West Indies,MN Samuels,J Charles,AM Guruge,0,0,,,,,,"",""
ball,2,3.4,West Indies,MN Samuels,J Charles,AM Guruge,0,0,,,,,,"",""
ball,2,3.5,West Indies,MN Samuels,J Charles,AM Guruge,0,0,,,,,,"",""
ball,2,3.6,West Indies,MN Samuels,J Charles,AM Guruge,0,0,,,,,,"",""
ball,2,4.1,West Indies,J Charles,MN Samuels,Mohammad Naveed,0,0,,,,,,"",""
ball,2,4.2,West Indies,J Charles,MN Samuels,Mohammad Naveed,0,0,,,,,,"",""
ball,2,4.3,West Indies,J Charles,MN Samuels,Mohammad Naveed,4,0,,,,,,"",""
ball,2,4.4,West Indies,J Charles,MN Samuels,Mohammad Naveed,0,0,,,,,,"",""
ball,2,4.5,West Indies,J Charles,MN Samuels,Mohammad Naveed,0,0,,,,,,"",""
ball,2,4.6,West Indies,J Charles,MN Samuels,Mohammad Naveed,0,0,,,,,,"",""
ball,2,5.1,West Indies,MN Samuels,J Charles,AM Guruge,0,0,,,,,,"",""
ball,2,5.2,West Indies,MN Samuels,J Charles,AM Guruge,0,0,,,,,,"",""
ball,2,5.3,West Indies,MN Samuels,J Charles,AM Guruge,0,0,,,,,,"",""
ball,2,5.4,West Indies,MN Samuels,J Charles,AM Guruge,0,0,,,,,,"",""
ball,2,5.5,West Indies,MN Samuels,J Charles,AM Guruge,1,0,,,,,,"",""
ball,2,5.6,West Indies,J Charles,MN Samuels,AM Guruge,6,0,,,,,,"",""
ball,2,6.1,West Indies,MN Samuels,J Charles,Mohammad Naveed,0,0,,,,,,"",""
ball,2,6.2,West Indies,MN Samuels,J Charles,Mohammad Naveed,1,0,,,,,,"",""
ball,2,6.3,West Indies,J Charles,MN Samuels,Mohammad Naveed,0,0,,,,,,"",""
ball,2,6.4,West Indies,J Charles,MN Samuels,Mohammad Naveed,1,0,,,,,,"",""
ball,2,6.5,West Indies,MN Samuels,J Charles,Mohammad Naveed,0,0,,,,,,"",""
ball,2,6.6,West Indies,MN Samuels,J Charles,Mohammad Naveed,3,0,,,,,,"",""
ball,2,7.1,West Indies,MN Samuels,J Charles,AM Guruge,4,0,,,,,,"",""
ball,2,7.2,West Indies,MN Samuels,J Charles,AM Guruge,0,0,,,,,,"",""
ball,2,7.3,West Indies,MN Samuels,J Charles,AM Guruge,0,0,,,,,,"",""
ball,2,7.4,West Indies,MN Samuels,J Charles,AM Guruge,0,0,,,,,,caught,MN Samuels
ball,2,7.5,West Indies,JL Carter,J Charles,AM Guruge,0,1,,,,1,,"",""
ball,2,7.6,West Indies,J Charles,JL Carter,AM Guruge,4,0,,,,,,"",""
ball,2,8.1,West Indies,JL Carter,J Charles,Mohammad Naveed,0,0,,,,,,"",""
ball,2,8.2,West Indies,JL Carter,J Charles,Mohammad Naveed,0,1,1,,,,,"",""
ball,2,8.3,West Indies,JL Carter,J Charles,Mohammad Naveed,0,0,,,,,,"",""
ball,2,8.4,West Indies,JL Carter,J Charles,Mohammad Naveed,0,0,,,,,,"",""
ball,2,8.5,West Indies,JL Carter,J Charles,Mohammad Naveed,0,0,,,,,,"",""
ball,2,8.6,West Indies,JL Carter,J Charles,Mohammad Naveed,0,0,,,,,,"",""
ball,2,8.7,West Indies,JL Carter,J Charles,Mohammad Naveed,3,0,,,,,,"",""
ball,2,9.1,West Indies,JL Carter,J Charles,AM Guruge,2,0,,,,,,"",""
ball,2,9.2,West Indies,JL Carter,J Charles,AM Guruge,0,0,,,,,,"",""
ball,2,9.3,West Indies,JL Carter,J Charles,AM Guruge,1,0,,,,,,"",""
ball,2,9.4,West Indies,J Charles,JL Carter,AM Guruge,4,0,,,,,,"",""
ball,2,9.5,West Indies,J Charles,JL Carter,AM Guruge,0,0,,,,,,"",""
ball,2,9.6,West Indies,J Charles,JL Carter,AM Guruge,0,0,,,,,,"",""
ball,2,10.1,West Indies,JL Carter,J Charles,Mohammad Naveed,2,0,,,,,,"",""
ball,2,10.2,West Indies,JL Carter,J Charles,Mohammad Naveed,1,0,,,,,,"",""
ball,2,10.3,West Indies,J Charles,JL Carter,Mohammad Naveed,0,0,,,,,,"",""
ball,2,10.4,West Indies,J Charles,JL Carter,Mohammad Naveed,4,0,,,,,,"",""
ball,2,10.5,West Indies,J Charles,JL Carter,Mohammad Naveed,0,0,,,,,,"",""
ball,2,10.6,West Indies,J Charles,JL Carter,Mohammad Naveed,4,0,,,,,,"",""
ball,2,11.1,West Indies,JL Carter,J Charles,AM Guruge,1,0,,,,,,"",""
ball,2,11.2,West Indies,J Charles,JL Carter,AM Guruge,0,0,,,,,,"",""
ball,2,11.3,West Indies,J Charles,JL Carter,AM Guruge,2,0,,,,,,"",""
ball,2,11.4,West Indies,J Charles,JL Carter,AM Guruge,1,0,,,,,,"",""
ball,2,11.5,West Indies,JL Carter,J Charles,AM Guruge,0,0,,,,,,"",""
ball,2,11.6,West Indies,JL Carter,J Charles,AM Guruge,1,0,,,,,,"",""
ball,2,12.1,West Indies,JL Carter,J Charles,Mohammad Tauqir,0,0,,,,,,"",""
ball,2,12.2,West Indies,JL Carter,J Charles,Mohammad Tauqir,0,0,,,,,,"",""
ball,2,12.3,West Indies,JL Carter,J Charles,Mohammad Tauqir,4,0,,,,,,"",""
ball,2,12.4,West Indies,JL Carter,J Charles,Mohammad Tauqir,4,0,,,,,,"",""
ball,2,12.5,West Indies,JL Carter,J Charles,Mohammad Tauqir,1,0,,,,,,"",""
ball,2,12.6,West Indies,J Charles,JL Carter,Mohammad Tauqir,0,0,,,,,,"",""
ball,2,13.1,West Indies,JL Carter,J Charles,AM Guruge,1,0,,,,,,"",""
ball,2,13.2,West Indies,J Charles,JL Carter,AM Guruge,0,0,,,,,,"",""
ball,2,13.3,West Indies,J Charles,JL Carter,AM Guruge,0,0,,,,,,"",""
ball,2,13.4,West Indies,J Charles,JL Carter,AM Guruge,2,0,,,,,,"",""
ball,2,13.5,West Indies,J Charles,JL Carter,AM Guruge,0,0,,,,,,"",""
ball,2,13.6,West Indies,J Charles,JL Carter,AM Guruge,4,0,,,,,,"",""
ball,2,14.1,West Indies,JL Carter,J Charles,Mohammad Tauqir,1,0,,,,,,"",""
ball,2,14.2,West Indies,J Charles,JL Carter,Mohammad Tauqir,0,0,,,,,,"",""
ball,2,14.3,West Indies,J Charles,JL Carter,Mohammad Tauqir,1,0,,,,,,"",""
ball,2,14.4,West Indies,JL Carter,J Charles,Mohammad Tauqir,4,0,,,,,,"",""
ball,2,14.5,West Indies,JL Carter,J Charles,Mohammad Tauqir,0,2,,,,2,,"",""
ball,2,14.6,West Indies,JL Carter,J Charles,Mohammad Tauqir,0,0,,,,,,"",""
ball,2,15.1,West Indies,J Charles,JL Carter,Amjad Javed,0,0,,,,,,"",""
ball,2,15.2,West Indies,J Charles,JL Carter,Amjad Javed,0,0,,,,,,caught,J Charles
ball,2,15.3,West Indies,JL Carter,AD Russell,Amjad Javed,0,0,,,,,,"",""
ball,2,15.4,West Indies,JL Carter,AD Russell,Amjad Javed,0,0,,,,,,"",""
ball,2,15.5,West Indies,JL Carter,AD Russell,Amjad Javed,0,0,,,,,,"",""
ball,2,15.6,West Indies,JL Carter,AD Russell,Amjad Javed,2,0,,,,,,"",""
ball,2,16.1,West Indies,AD Russell,JL Carter,Mohammad Tauqir,0,0,,,,,,"",""
ball,2,16.2,West Indies,AD Russell,JL Carter,Mohammad Tauqir,0,0,,,,,,"",""
ball,2,16.3,West Indies,AD Russell,JL Carter,Mohammad Tauqir,0,0,,,,,,"",""
ball,2,16.4,West Indies,AD Russell,JL Carter,Mohammad Tauqir,6,0,,,,,,"",""
ball,2,16.5,West Indies,AD Russell,JL Carter,Mohammad Tauqir,0,0,,,,,,"",""
ball,2,16.6,West Indies,AD Russell,JL Carter,Mohammad Tauqir,1,0,,,,,,"",""
ball,2,17.1,West Indies,AD Russell,JL Carter,Amjad Javed,0,0,,,,,,"",""
ball,2,17.2,West Indies,AD Russell,JL Carter,Amjad Javed,0,0,,,,,,caught and bowled,AD Russell
ball,2,17.3,West Indies,D Ramdin,JL Carter,Amjad Javed,2,0,,,,,,"",""
ball,2,17.4,West Indies,D Ramdin,JL Carter,Amjad Javed,0,0,,,,,,"",""
ball,2,17.5,West Indies,D Ramdin,JL Carter,Amjad Javed,0,0,,,,,,"",""
ball,2,17.6,West Indies,D Ramdin,JL Carter,Amjad Javed,0,0,,,,,,"",""
ball,2,18.1,West Indies,JL Carter,D Ramdin,Nasir Aziz,4,0,,,,,,"",""
ball,2,18.2,West Indies,JL Carter,D Ramdin,Nasir Aziz,1,0,,,,,,"",""
ball,2,18.3,West Indies,D Ramdin,JL Carter,Nasir Aziz,0,0,,,,,,"",""
ball,2,18.4,West Indies,D Ramdin,JL Carter,Nasir Aziz,0,0,,,,,,"",""
ball,2,18.5,West Indies,D Ramdin,JL Carter,Nasir Aziz,0,0,,,,,,"",""
ball,2,18.6,West Indies,D Ramdin,JL Carter,Nasir Aziz,0,0,,,,,,"",""
ball,2,19.1,West Indies,JL Carter,D Ramdin,Amjad Javed,0,0,,,,,,"",""
ball,2,19.2,West Indies,JL Carter,D Ramdin,Amjad Javed,0,0,,,,,,"",""
ball,2,19.3,West Indies,JL Carter,D Ramdin,Amjad Javed,0,0,,,,,,"",""
ball,2,19.4,West Indies,JL Carter,D Ramdin,Amjad Javed,0,0,,,,,,"",""
ball,2,19.5,West Indies,JL Carter,D Ramdin,Amjad Javed,1,0,,,,,,"",""
ball,2,19.6,West Indies,D Ramdin,JL Carter,Amjad Javed,1,0,,,,,,"",""
ball,2,20.1,West Indies,D Ramdin,JL Carter,Nasir Aziz,2,0,,,,,,"",""
ball,2,20.2,West Indies,D Ramdin,JL Carter,Nasir Aziz,0,0,,,,,,"",""
ball,2,20.3,West Indies,D Ramdin,JL Carter,Nasir Aziz,0,0,,,,,,"",""
ball,2,20.4,West Indies,D Ramdin,JL Carter,Nasir Aziz,0,0,,,,,,"",""
ball,2,20.5,West Indies,D Ramdin,JL Carter,Nasir Aziz,1,0,,,,,,"",""
ball,2,20.6,West Indies,JL Carter,D Ramdin,Nasir Aziz,0,0,,,,,,"",""
ball,2,21.1,West Indies,D Ramdin,JL Carter,Amjad Javed,0,0,,,,,,"",""
ball,2,21.2,West Indies,D Ramdin,JL Carter,Amjad Javed,4,0,,,,,,"",""
ball,2,21.3,West Indies,D Ramdin,JL Carter,Amjad Javed,1,0,,,,,,"",""
ball,2,21.4,West Indies,JL Carter,D Ramdin,Amjad Javed,1,0,,,,,,"",""
ball,2,21.5,West Indies,D Ramdin,JL Carter,Amjad Javed,0,0,,,,,,"",""
ball,2,21.6,West Indies,D Ramdin,JL Carter,Amjad Javed,0,0,,,,,,"",""
ball,2,22.1,West Indies,JL Carter,D Ramdin,Nasir Aziz,1,0,,,,,,"",""
ball,2,22.2,West Indies,D Ramdin,JL Carter,Nasir Aziz,0,0,,,,,,"",""
ball,2,22.3,West Indies,D Ramdin,JL Carter,Nasir Aziz,1,0,,,,,,"",""
ball,2,22.4,West Indies,JL Carter,D Ramdin,Nasir Aziz,1,0,,,,,,"",""
ball,2,22.5,West Indies,D Ramdin,JL Carter,Nasir Aziz,0,0,,,,,,"",""
ball,2,22.6,West Indies,D Ramdin,JL Carter,Nasir Aziz,1,0,,,,,,"",""
ball,2,23.1,West Indies,D Ramdin,JL Carter,Amjad Javed,0,0,,,,,,"",""
ball,2,23.2,West Indies,D Ramdin,JL Carter,Amjad Javed,0,0,,,,,,"",""
ball,2,23.3,West Indies,D Ramdin,JL Carter,Amjad Javed,0,0,,,,,,"",""
ball,2,23.4,West Indies,D Ramdin,JL Carter,Amjad Javed,1,0,,,,,,"",""
ball,2,23.5,West Indies,JL Carter,D Ramdin,Amjad Javed,0,1,1,,,,,"",""
ball,2,23.6,West Indies,JL Carter,D Ramdin,Amjad Javed,0,0,,,,,,"",""
ball,2,23.7,West Indies,JL Carter,D Ramdin,Amjad Javed,1,0,,,,,,"",""
ball,2,24.1,West Indies,JL Carter,D Ramdin,Nasir Aziz,0,0,,,,,,"",""
ball,2,24.2,West Indies,JL Carter,D Ramdin,Nasir Aziz,4,0,,,,,,"",""
ball,2,24.3,West Indies,JL Carter,D Ramdin,Nasir Aziz,3,0,,,,,,"",""
ball,2,24.4,West Indies,D Ramdin,JL Carter,Nasir Aziz,1,0,,,,,,"",""
ball,2,24.5,West Indies,JL Carter,D Ramdin,Nasir Aziz,0,0,,,,,,"",""
ball,2,24.6,West Indies,JL Carter,D Ramdin,Nasir Aziz,1,0,,,,,,"",""
ball,2,25.1,West Indies,JL Carter,D Ramdin,Amjad Javed,0,0,,,,,,"",""
ball,2,25.2,West Indies,JL Carter,D Ramdin,Amjad Javed,0,0,,,,,,"",""
ball,2,25.3,West Indies,JL Carter,D Ramdin,Amjad Javed,0,0,,,,,,"",""
ball,2,25.4,West Indies,JL Carter,D Ramdin,Amjad Javed,1,0,,,,,,"",""
ball,2,25.5,West Indies,D Ramdin,JL Carter,Amjad Javed,1,0,,,,,,"",""
ball,2,25.6,West Indies,JL Carter,D Ramdin,Amjad Javed,0,0,,,,,,"",""
ball,2,26.1,West Indies,D Ramdin,JL Carter,Mohammad Naveed,0,0,,,,,,"",""
ball,2,26.2,West Indies,D Ramdin,JL Carter,Mohammad Naveed,0,0,,,,,,"",""
ball,2,26.3,West Indies,D Ramdin,JL Carter,Mohammad Naveed,0,0,,,,,,"",""
ball,2,26.4,West Indies,D Ramdin,JL Carter,Mohammad Naveed,2,0,,,,,,"",""
ball,2,26.5,West Indies,D Ramdin,JL Carter,Mohammad Naveed,1,0,,,,,,"",""
ball,2,26.6,West Indies,JL Carter,D Ramdin,Mohammad Naveed,0,0,,,,,,"",""
ball,2,27.1,West Indies,D Ramdin,JL Carter,Amjad Javed,2,0,,,,,,"",""
ball,2,27.2,West Indies,D Ramdin,JL Carter,Amjad Javed,0,0,,,,,,"",""
ball,2,27.3,West Indies,D Ramdin,JL Carter,Amjad Javed,4,0,,,,,,"",""
ball,2,27.4,West Indies,D Ramdin,JL Carter,Amjad Javed,1,0,,,,,,"",""
ball,2,27.5,West Indies,JL Carter,D Ramdin,Amjad Javed,1,0,,,,,,"",""
ball,2,27.6,West Indies,D Ramdin,JL Carter,Amjad Javed,0,1,1,,,,,"",""
ball,2,27.7,West Indies,D Ramdin,JL Carter,Amjad Javed,1,0,,,,,,"",""
ball,2,28.1,West Indies,D Ramdin,JL Carter,AM Guruge,0,0,,,,,,"",""
ball,2,28.2,West Indies,D Ramdin,JL Carter,AM Guruge,0,0,,,,,,"",""
ball,2,28.3,West Indies,D Ramdin,JL Carter,AM Guruge,2,0,,,,,,"",""
ball,2,28.4,West Indies,D Ramdin,JL Carter,AM Guruge,0,0,,,,,,"",""
ball,2,28.5,West Indies,D Ramdin,JL Carter,AM Guruge,0,1,,,,1,,"",""
ball,2,28.6,West Indies,JL Carter,D Ramdin,AM Guruge,1,0,,,,,,"",""
ball,2,29.1,West Indies,JL Carter,D Ramdin,Amjad Javed,0,0,,,,,,"",""
ball,2,29.2,West Indies,JL Carter,D Ramdin,Amjad Javed,0,0,,,,,,"",""
ball,2,29.3,West Indies,JL Carter,D Ramdin,Amjad Javed,1,0,,,,,,"",""
ball,2,29.4,West Indies,D Ramdin,JL Carter,Amjad Javed,0,0,,,,,,"",""
ball,2,29.5,West Indies,D Ramdin,JL Carter,Amjad Javed,0,0,,,,,,"",""
ball,2,29.6,West Indies,D Ramdin,JL Carter,Amjad Javed,1,0,,,,,,"",""
ball,2,30.1,West Indies,D Ramdin,JL Carter,AM Guruge,2,0,,,,,,"",""
ball,2,30.2,West Indies,D Ramdin,JL Carter,AM Guruge,0,0,,,,,,"",""
ball,2,30.3,West Indies,D Ramdin,JL Carter,AM Guruge,1,0,,,,,,"",""
