version,1.6.0
info,balls_per_over,6
info,team,Bangladesh
info,team,Scotland
info,gender,male
info,season,2014/15
info,date,2015/03/05
info,event,ICC Cricket World Cup
info,match_number,27
info,venue,Saxton Oval
info,city,Nelson
info,neutralvenue,true
info,toss_winner,Bangladesh
info,toss_decision,field
info,player_of_match,KJ Coetzer
info,umpire,SD Fry
info,umpire,BNJ Oxenford
info,reserve_umpire,CB Gaffaney
info,tv_umpire,RJ Tucker
info,match_referee,DC Boon
info,winner,Bangladesh
info,winner_wickets,6
info,player,Bangladesh,Tamim Iqbal
info,player,Bangladesh,Soumya Sarkar
info,player,Bangladesh,Mahmudullah
info,player,Bangladesh,Mushfiqur Rahim
info,player,Bangladesh,Shakib Al Hasan
info,player,Bangladesh,Sabbir Rahman
info,player,Bangladesh,Anamul Haque
info,player,Bangladesh,Nasir Hossain
info,player,Bangladesh,Mashrafe Mortaza
info,player,Bangladesh,Rubel Hossain
info,player,Bangladesh,Taskin Ahmed
info,player,Scotland,KJ Coetzer
info,player,Scotland,CS MacLeod
info,player,Scotland,HJW Gardiner
info,player,Scotland,MW Machan
info,player,Scotland,PL Mommsen
info,player,Scotland,RD Berrington
info,player,Scotland,MH Cross
info,player,Scotland,JH Davey
info,player,Scotland,RM Haq
info,player,Scotland,AC Evans
info,player,Scotland,I Wardlaw
info,registry,people,AC Evans,e9a870ed
info,registry,people,Anamul Haque,72b245dd
info,registry,people,BNJ Oxenford,c1add349
info,registry,people,CB Gaffaney,d5ac41d8
info,registry,people,CS MacLeod,9c376401
info,registry,people,DC Boon,e79a1fe3
info,registry,people,HJW Gardiner,a1000a26
info,registry,people,I Wardlaw,7429c452
info,registry,people,JH Davey,d3868bd0
info,registry,people,KJ Coetzer,85d8110a
info,registry,people,MH Cross,8b261d84
info,registry,people,MW Machan,8c7d6cbe
info,registry,people,Mahmudullah,bf1d7d3e
info,registry,people,Mashrafe Mortaza,e186f49c
info,registry,people,Mushfiqur Rahim,a94e08ea
info,registry,people,Nasir Hossain,6eea0b32
info,registry,people,PL Mommsen,a56f4b65
info,registry,people,RD Berrington,e21bc7f3
info,registry,people,RJ Tucker,38810cfc
info,registry,people,RM Haq,27159c6a
info,registry,people,Rubel Hossain,f56cd097
info,registry,people,SD Fry,6b725ed1
info,registry,people,Sabbir Rahman,7147f314
info,registry,people,Shakib Al Hasan,7dc35884
info,registry,people,Soumya Sarkar,4d9f9686
info,registry,people,Tamim Iqbal,3b041a12
info,registry,people,Taskin Ahmed,ef18b66e
ball,1,0.1,Scotland,KJ Coetzer,CS MacLeod,Mashrafe Mortaza,1,0,,,,,,"",""
ball,1,0.2,Scotland,CS MacLeod,KJ Coetzer,Mashrafe Mortaza,4,0,,,,,,"",""
ball,1,0.3,Scotland,CS MacLeod,KJ Coetzer,Mashrafe Mortaza,0,0,,,,,,"",""
ball,1,0.4,Scotland,CS MacLeod,KJ Coetzer,Mashrafe Mortaza,4,0,,,,,,"",""
ball,1,0.5,Scotland,CS MacLeod,KJ Coetzer,Mashrafe Mortaza,0,0,,,,,,"",""
ball,1,0.6,Scotland,CS MacLeod,KJ Coetzer,Mashrafe Mortaza,0,0,,,,,,"",""
ball,1,1.1,Scotland,KJ Coetzer,CS MacLeod,Shakib Al Hasan,1,0,,,,,,"",""
ball,1,1.2,Scotland,CS MacLeod,KJ Coetzer,Shakib Al Hasan,0,0,,,,,,"",""
ball,1,1.3,Scotland,CS MacLeod,KJ Coetzer,Shakib Al Hasan,0,0,,,,,,"",""
ball,1,1.4,Scotland,CS MacLeod,KJ Coetzer,Shakib Al Hasan,0,0,,,,,,"",""
ball,1,1.5,Scotland,CS MacLeod,KJ Coetzer,Shakib Al Hasan,1,0,,,,,,"",""
ball,1,1.6,Scotland,KJ Coetzer,CS MacLeod,Shakib Al Hasan,0,0,,,,,,"",""
ball,1,2.1,Scotland,CS MacLeod,KJ Coetzer,Mashrafe Mortaza,2,0,,,,,,"",""
ball,1,2.2,Scotland,CS MacLeod,KJ Coetzer,Mashrafe Mortaza,0,0,,,,,,caught,CS MacLeod
ball,1,2.3,Scotland,HJW Gardiner,KJ Coetzer,Mashrafe Mortaza,0,0,,,,,,"",""
ball,1,2.4,Scotland,HJW Gardiner,KJ Coetzer,Mashrafe Mortaza,0,0,,,,,,"",""
ball,1,2.5,Scotland,HJW Gardiner,KJ Coetzer,Mashrafe Mortaza,1,0,,,,,,"",""
ball,1,2.6,Scotland,KJ Coetzer,HJW Gardiner,Mashrafe Mortaza,0,0,,,,,,"",""
ball,1,3.1,Scotland,HJW Gardiner,KJ Coetzer,Shakib Al Hasan,0,0,,,,,,"",""
ball,1,3.2,Scotland,HJW Gardiner,KJ Coetzer,Shakib Al Hasan,0,0,,,,,,"",""
ball,1,3.3,Scotland,HJW Gardiner,KJ Coetzer,Shakib Al Hasan,0,0,,,,,,"",""
ball,1,3.4,Scotland,HJW Gardiner,KJ Coetzer,Shakib Al Hasan,0,0,,,,,,"",""
ball,1,3.5,Scotland,HJW Gardiner,KJ Coetzer,Shakib Al Hasan,2,0,,,,,,"",""
ball,1,3.6,Scotland,HJW Gardiner,KJ Coetzer,Shakib Al Hasan,1,0,,,,,,"",""
ball,1,4.1,Scotland,HJW Gardiner,KJ Coetzer,Mashrafe Mortaza,0,0,,,,,,"",""
ball,1,4.2,Scotland,HJW Gardiner,KJ Coetzer,Mashrafe Mortaza,1,0,,,,,,"",""
ball,1,4.3,Scotland,KJ Coetzer,HJW Gardiner,Mashrafe Mortaza,0,0,,,,,,"",""
ball,1,4.4,Scotland,KJ Coetzer,HJW Gardiner,Mashrafe Mortaza,2,0,,,,,,"",""
ball,1,4.5,Scotland,KJ Coetzer,HJW Gardiner,Mashrafe Mortaza,0,0,,,,,,"",""
ball,1,4.6,Scotland,KJ Coetzer,HJW Gardiner,Mashrafe Mortaza,0,0,,,,,,"",""
ball,1,5.1,Scotland,HJW Gardiner,KJ Coetzer,Shakib Al Hasan,0,0,,,,,,"",""
ball,1,5.2,Scotland,HJW Gardiner,KJ Coetzer,Shakib Al Hasan,0,0,,,,,,"",""
ball,1,5.3,Scotland,HJW Gardiner,KJ Coetzer,Shakib Al Hasan,0,0,,,,,,"",""
ball,1,5.4,Scotland,HJW Gardiner,KJ Coetzer,Shakib Al Hasan,1,0,,,,,,"",""
ball,1,5.5,Scotland,KJ Coetzer,HJW Gardiner,Shakib Al Hasan,0,0,,,,,,"",""
ball,1,5.6,Scotland,KJ Coetzer,HJW Gardiner,Shakib Al Hasan,0,0,,,,,,"",""
ball,1,6.1,Scotland,HJW Gardiner,KJ Coetzer,Mashrafe Mortaza,0,0,,,,,,"",""
ball,1,6.2,Scotland,HJW Gardiner,KJ Coetzer,Mashrafe Mortaza,0,0,,,,,,"",""
ball,1,6.3,Scotland,HJW Gardiner,KJ Coetzer,Mashrafe Mortaza,0,0,,,,,,"",""
ball,1,6.4,Scotland,HJW Gardiner,KJ Coetzer,Mashrafe Mortaza,4,0,,,,,,"",""
ball,1,6.5,Scotland,HJW Gardiner,KJ Coetzer,Mashrafe Mortaza,0,0,,,,,,"",""
ball,1,6.6,Scotland,HJW Gardiner,KJ Coetzer,Mashrafe Mortaza,0,0,,,,,,"",""
ball,1,7.1,Scotland,KJ Coetzer,HJW Gardiner,Taskin Ahmed,1,0,,,,,,"",""
ball,1,7.2,Scotland,HJW Gardiner,KJ Coetzer,Taskin Ahmed,0,0,,,,,,"",""
ball,1,7.3,Scotland,HJW Gardiner,KJ Coetzer,Taskin Ahmed,1,0,,,,,,"",""
ball,1,7.4,Scotland,KJ Coetzer,HJW Gardiner,Taskin Ahmed,0,0,,,,,,"",""
ball,1,7.5,Scotland,KJ Coetzer,HJW Gardiner,Taskin Ahmed,1,0,,,,,,"",""
ball,1,7.6,Scotland,HJW Gardiner,KJ Coetzer,Taskin Ahmed,0,1,,,,1,,"",""
ball,1,8.1,Scotland,HJW Gardiner,KJ Coetzer,Rubel Hossain,0,0,,,,,,"",""
ball,1,8.2,Scotland,HJW Gardiner,KJ Coetzer,Rubel Hossain,0,0,,,,,,"",""
ball,1,8.3,Scotland,HJW Gardiner,KJ Coetzer,Rubel Hossain,4,0,,,,,,"",""
ball,1,8.4,Scotland,HJW Gardiner,KJ Coetzer,Rubel Hossain,0,0,,,,,,"",""
ball,1,8.5,Scotland,HJW Gardiner,KJ Coetzer,Rubel Hossain,4,0,,,,,,"",""
ball,1,8.6,Scotland,HJW Gardiner,KJ Coetzer,Rubel Hossain,0,0,,,,,,"",""
ball,1,9.1,Scotland,KJ Coetzer,HJW Gardiner,Taskin Ahmed,0,0,,,,,,"",""
ball,1,9.2,Scotland,KJ Coetzer,HJW Gardiner,Taskin Ahmed,0,0,,,,,,"",""
ball,1,9.3,Scotland,KJ Coetzer,HJW Gardiner,Taskin Ahmed,1,0,,,,,,"",""
ball,1,9.4,Scotland,HJW Gardiner,KJ Coetzer,Taskin Ahmed,0,0,,,,,,"",""
ball,1,9.5,Scotland,HJW Gardiner,KJ Coetzer,Taskin Ahmed,0,0,,,,,,caught,HJW Gardiner
ball,1,9.6,Scotland,MW Machan,KJ Coetzer,Taskin Ahmed,1,0,,,,,,"",""
ball,1,10.1,Scotland,MW Machan,KJ Coetzer,Mahmudullah,0,0,,,,,,"",""
ball,1,10.2,Scotland,MW Machan,KJ Coetzer,Mahmudullah,0,0,,,,,,"",""
ball,1,10.3,Scotland,MW Machan,KJ Coetzer,Mahmudullah,0,0,,,,,,"",""
ball,1,10.4,Scotland,MW Machan,KJ Coetzer,Mahmudullah,6,0,,,,,,"",""
ball,1,10.5,Scotland,MW Machan,KJ Coetzer,Mahmudullah,0,0,,,,,,"",""
ball,1,10.6,Scotland,MW Machan,KJ Coetzer,Mahmudullah,0,0,,,,,,"",""
ball,1,11.1,Scotland,KJ Coetzer,MW Machan,Taskin Ahmed,0,0,,,,,,"",""
ball,1,11.2,Scotland,KJ Coetzer,MW Machan,Taskin Ahmed,1,0,,,,,,"",""
ball,1,11.3,Scotland,MW Machan,KJ Coetzer,Taskin Ahmed,0,0,,,,,,"",""
ball,1,11.4,Scotland,MW Machan,KJ Coetzer,Taskin Ahmed,0,0,,,,,,"",""
ball,1,11.5,Scotland,MW Machan,KJ Coetzer,Taskin Ahmed,0,0,,,,,,"",""
ball,1,11.6,Scotland,MW Machan,KJ Coetzer,Taskin Ahmed,0,0,,,,,,"",""
ball,1,12.1,Scotland,KJ Coetzer,MW Machan,Mahmudullah,1,0,,,,,,"",""
ball,1,12.2,Scotland,MW Machan,KJ Coetzer,Mahmudullah,1,0,,,,,,"",""
ball,1,12.3,Scotland,KJ Coetzer,MW Machan,Mahmudullah,0,0,,,,,,"",""
ball,1,12.4,Scotland,KJ Coetzer,MW Machan,Mahmudullah,4,0,,,,,,"",""
ball,1,12.5,Scotland,KJ Coetzer,MW Machan,Mahmudullah,1,0,,,,,,"",""
ball,1,12.6,Scotland,MW Machan,KJ Coetzer,Mahmudullah,0,0,,,,,,"",""
ball,1,13.1,Scotland,KJ Coetzer,MW Machan,Taskin Ahmed,0,1,1,,,,,"",""
ball,1,13.2,Scotland,KJ Coetzer,MW Machan,Taskin Ahmed,1,0,,,,,,"",""
ball,1,13.3,Scotland,MW Machan,KJ Coetzer,Taskin Ahmed,4,0,,,,,,"",""
ball,1,13.4,Scotland,MW Machan,KJ Coetzer,Taskin Ahmed,0,0,,,,,,"",""
ball,1,13.5,Scotland,MW Machan,KJ Coetzer,Taskin Ahmed,0,0,,,,,,"",""
ball,1,13.6,Scotland,MW Machan,KJ Coetzer,Taskin Ahmed,1,0,,,,,,"",""
ball,1,13.7,Scotland,KJ Coetzer,MW Machan,Taskin Ahmed,4,0,,,,,,"",""
ball,1,14.1,Scotland,MW Machan,KJ Coetzer,Mahmudullah,1,0,,,,,,"",""
ball,1,14.2,Scotland,KJ Coetzer,MW Machan,Mahmudullah,1,0,,,,,,"",""
ball,1,14.3,Scotland,MW Machan,KJ Coetzer,Mahmudullah,0,0,,,,,,"",""
ball,1,14.4,Scotland,MW Machan,KJ Coetzer,Mahmudullah,1,0,,,,,,"",""
ball,1,14.5,Scotland,KJ Coetzer,MW Machan,Mahmudullah,1,0,,,,,,"",""
ball,1,14.6,Scotland,MW Machan,KJ Coetzer,Mahmudullah,0,0,,,,,,"",""
ball,1,15.1,Scotland,KJ Coetzer,MW Machan,Rubel Hossain,0,0,,,,,,"",""
ball,1,15.2,Scotland,KJ Coetzer,MW Machan,Rubel Hossain,1,0,,,,,,"",""
ball,1,15.3,Scotland,MW Machan,KJ Coetzer,Rubel Hossain,4,0,,,,,,"",""
ball,1,15.4,Scotland,MW Machan,KJ Coetzer,Rubel Hossain,0,0,,,,,,"",""
ball,1,15.5,Scotland,MW Machan,KJ Coetzer,Rubel Hossain,0,0,,,,,,"",""
ball,1,15.6,Scotland,MW Machan,KJ Coetzer,Rubel Hossain,2,0,,,,,,"",""
ball,1,16.1,Scotland,KJ Coetzer,MW Machan,Mahmudullah,0,0,,,,,,"",""
ball,1,16.2,Scotland,KJ Coetzer,MW Machan,Mahmudullah,1,0,,,,,,"",""
ball,1,16.3,Scotland,MW Machan,KJ Coetzer,Mahmudullah,0,0,,,,,,"",""
ball,1,16.4,Scotland,MW Machan,KJ Coetzer,Mahmudullah,0,0,,,,,,"",""
ball,1,16.5,Scotland,MW Machan,KJ Coetzer,Mahmudullah,0,0,,,,,,"",""
ball,1,16.6,Scotland,MW Machan,KJ Coetzer,Mahmudullah,0,0,,,,,,"",""
ball,1,17.1,Scotland,KJ Coetzer,MW Machan,Shakib Al Hasan,0,0,,,,,,"",""
ball,1,17.2,Scotland,KJ Coetzer,MW Machan,Shakib Al Hasan,1,0,,,,,,"",""
ball,1,17.3,Scotland,MW Machan,KJ Coetzer,Shakib Al Hasan,0,0,,,,,,"",""
ball,1,17.4,Scotland,MW Machan,KJ Coetzer,Shakib Al Hasan,0,0,,,,,,"",""
ball,1,17.5,Scotland,MW Machan,KJ Coetzer,Shakib Al Hasan,0,0,,,,,,"",""
ball,1,17.6,Scotland,MW Machan,KJ Coetzer,Shakib Al Hasan,0,0,,,,,,"",""
ball,1,18.1,Scotland,KJ Coetzer,MW Machan,Rubel Hossain,4,0,,,,,,"",""
ball,1,18.2,Scotland,KJ Coetzer,MW Machan,Rubel Hossain,0,0,,,,,,"",""
ball,1,18.3,Scotland,KJ Coetzer,MW Machan,Rubel Hossain,0,0,,,,,,"",""
ball,1,18.4,Scotland,KJ Coetzer,MW Machan,Rubel Hossain,0,0,,,,,,"",""
ball,1,18.5,Scotland,KJ Coetzer,MW Machan,Rubel Hossain,1,0,,,,,,"",""
ball,1,18.6,Scotland,MW Machan,KJ Coetzer,Rubel Hossain,1,0,,,,,,"",""
ball,1,19.1,Scotland,MW Machan,KJ Coetzer,Shakib Al Hasan,1,0,,,,,,"",""
ball,1,19.2,Scotland,KJ Coetzer,MW Machan,Shakib Al Hasan,6,0,,,,,,"",""
ball,1,19.3,Scotland,KJ Coetzer,MW Machan,Shakib Al Hasan,0,0,,,,,,"",""
ball,1,19.4,Scotland,KJ Coetzer,MW Machan,Shakib Al Hasan,4,0,,,,,,"",""
ball,1,19.5,Scotland,KJ Coetzer,MW Machan,Shakib Al Hasan,0,0,,,,,,"",""
ball,1,19.6,Scotland,KJ Coetzer,MW Machan,Shakib Al Hasan,0,0,,,,,,"",""
ball,1,20.1,Scotland,MW Machan,KJ Coetzer,Mashrafe Mortaza,0,1,1,,,,,"",""
ball,1,20.2,Scotland,MW Machan,KJ Coetzer,Mashrafe Mortaza,1,0,,,,,,"",""
ball,1,20.3,Scotland,KJ Coetzer,MW Machan,Mashrafe Mortaza,1,0,,,,,,"",""
ball,1,20.4,Scotland,MW Machan,KJ Coetzer,Mashrafe Mortaza,0,0,,,,,,"",""
ball,1,20.5,Scotland,MW Machan,KJ Coetzer,Mashrafe Mortaza,0,0,,,,,,"",""
ball,1,20.6,Scotland,MW Machan,KJ Coetzer,Mashrafe Mortaza,2,0,,,,,,"",""
ball,1,20.7,Scotland,MW Machan,KJ Coetzer,Mashrafe Mortaza,0,0,,,,,,"",""
ball,1,21.1,Scotland,KJ Coetzer,MW Machan,Shakib Al Hasan,1,0,,,,,,"",""
ball,1,21.2,Scotland,MW Machan,KJ Coetzer,Shakib Al Hasan,1,0,,,,,,"",""
ball,1,21.3,Scotland,KJ Coetzer,MW Machan,Shakib Al Hasan,0,0,,,,,,"",""
ball,1,21.4,Scotland,KJ Coetzer,MW Machan,Shakib Al Hasan,1,0,,,,,,"",""
ball,1,21.5,Scotland,MW Machan,KJ Coetzer,Shakib Al Hasan,0,0,,,,,,"",""
ball,1,21.6,Scotland,MW Machan,KJ Coetzer,Shakib Al Hasan,1,0,,,,,,"",""
ball,1,22.1,Scotland,MW Machan,KJ Coetzer,Mashrafe Mortaza,0,0,,,,,,"",""
ball,1,22.2,Scotland,MW Machan,KJ Coetzer,Mashrafe Mortaza,1,0,,,,,,"",""
ball,1,22.3,Scotland,KJ Coetzer,MW Machan,Mashrafe Mortaza,4,0,,,,,,"",""
ball,1,22.4,Scotland,KJ Coetzer,MW Machan,Mashrafe Mortaza,1,0,,,,,,"",""
ball,1,22.5,Scotland,MW Machan,KJ Coetzer,Mashrafe Mortaza,1,0,,,,,,"",""
ball,1,22.6,Scotland,KJ Coetzer,MW Machan,Mashrafe Mortaza,0,0,,,,,,"",""
ball,1,23.1,Scotland,MW Machan,KJ Coetzer,Sabbir Rahman,2,0,,,,,,"",""
ball,1,23.2,Scotland,MW Machan,KJ Coetzer,Sabbir Rahman,1,0,,,,,,"",""
ball,1,23.3,Scotland,KJ Coetzer,MW Machan,Sabbir Rahman,0,0,,,,,,"",""
ball,1,23.4,Scotland,KJ Coetzer,MW Machan,Sabbir Rahman,1,0,,,,,,"",""
ball,1,23.5,Scotland,MW Machan,KJ Coetzer,Sabbir Rahman,2,0,,,,,,"",""
ball,1,23.6,Scotland,MW Machan,KJ Coetzer,Sabbir Rahman,0,0,,,,,,caught and bowled,MW Machan
ball,1,24.1,Scotland,KJ Coetzer,PL Mommsen,Rubel Hossain,1,0,,,,,,"",""
ball,1,24.2,Scotland,PL Mommsen,KJ Coetzer,Rubel Hossain,0,0,,,,,,"",""
ball,1,24.3,Scotland,PL Mommsen,KJ Coetzer,Rubel Hossain,0,0,,,,,,"",""
ball,1,24.4,Scotland,PL Mommsen,KJ Coetzer,Rubel Hossain,1,0,,,,,,"",""
ball,1,24.5,Scotland,KJ Coetzer,PL Mommsen,Rubel Hossain,0,0,,,,,,"",""
ball,1,24.6,Scotland,KJ Coetzer,PL Mommsen,Rubel Hossain,4,0,,,,,,"",""
ball,1,25.1,Scotland,PL Mommsen,KJ Coetzer,Sabbir Rahman,0,0,,,,,,"",""
ball,1,25.2,Scotland,PL Mommsen,KJ Coetzer,Sabbir Rahman,0,0,,,,,,"",""
ball,1,25.3,Scotland,PL Mommsen,KJ Coetzer,Sabbir Rahman,1,0,,,,,,"",""
ball,1,25.4,Scotland,KJ Coetzer,PL Mommsen,Sabbir Rahman,1,0,,,,,,"",""
ball,1,25.5,Scotland,PL Mommsen,KJ Coetzer,Sabbir Rahman,1,0,,,,,,"",""
ball,1,25.6,Scotland,KJ Coetzer,PL Mommsen,Sabbir Rahman,0,0,,,,,,"",""
ball,1,26.1,Scotland,PL Mommsen,KJ Coetzer,Rubel Hossain,0,0,,,,,,"",""
ball,1,26.2,Scotland,PL Mommsen,KJ Coetzer,Rubel Hossain,0,0,,,,,,"",""
ball,1,26.3,Scotland,PL Mommsen,KJ Coetzer,Rubel Hossain,0,0,,,,,,"",""
ball,1,26.4,Scotland,PL Mommsen,KJ Coetzer,Rubel Hossain,1,0,,,,,,"",""
ball,1,26.5,Scotland,KJ Coetzer,PL Mommsen,Rubel Hossain,1,0,,,,,,"",""
ball,1,26.6,Scotland,PL Mommsen,KJ Coetzer,Rubel Hossain,0,0,,,,,,"",""
ball,1,27.1,Scotland,KJ Coetzer,PL Mommsen,Sabbir Rahman,4,0,,,,,,"",""
ball,1,27.2,Scotland,KJ Coetzer,PL Mommsen,Sabbir Rahman,1,0,,,,,,"",""
ball,1,27.3,Scotland,PL Mommsen,KJ Coetzer,Sabbir Rahman,1,0,,,,,,"",""
ball,1,27.4,Scotland,KJ Coetzer,PL Mommsen,Sabbir Rahman,1,0,,,,,,"",""
ball,1,27.5,Scotland,PL Mommsen,KJ Coetzer,Sabbir Rahman,1,0,,,,,,"",""
ball,1,27.6,Scotland,KJ Coetzer,PL Mommsen,Sabbir Rahman,1,0,,,,,,"",""
ball,1,28.1,Scotland,KJ Coetzer,PL Mommsen,Rubel Hossain,0,0,,,,,,"",""
ball,1,28.2,Scotland,KJ Coetzer,PL Mommsen,Rubel Hossain,0,0,,,,,,"",""
ball,1,28.3,Scotland,KJ Coetzer,PL Mommsen,Rubel Hossain,4,0,,,,,,"",""
ball,1,28.4,Scotland,KJ Coetzer,PL Mommsen,Rubel Hossain,0,0,,,,,,"",""
ball,1,28.5,Scotland,KJ Coetzer,PL Mommsen,Rubel Hossain,1,0,,,,,,"",""
ball,1,28.6,Scotland,PL Mommsen,KJ Coetzer,Rubel Hossain,0,0,,,,,,"",""
ball,1,29.1,Scotland,KJ Coetzer,PL Mommsen,Taskin Ahmed,4,0,,,,,,"",""
ball,1,29.2,Scotland,KJ Coetzer,PL Mommsen,Taskin Ahmed,1,0,,,,,,"",""
ball,1,29.3,Scotland,PL Mommsen,KJ Coetzer,Taskin Ahmed,1,0,,,,,,"",""
ball,1,29.4,Scotland,KJ Coetzer,PL Mommsen,Taskin Ahmed,1,0,,,,,,"",""
ball,1,29.5,Scotland,PL Mommsen,KJ Coetzer,Taskin Ahmed,0,0,,,,,,"",""
ball,1,29.6,Scotland,PL Mommsen,KJ Coetzer,Taskin Ahmed,4,0,,,,,,"",""
ball,1,30.1,Scotland,KJ Coetzer,PL Mommsen,Mahmudullah,1,0,,,,,,"",""
ball,1,30.2,Scotland,PL Mommsen,KJ Coetzer,Mahmudullah,3,0,,,,,,"",""
ball,1,30.3,Scotland,KJ Coetzer,PL Mommsen,Mahmudullah,1,0,,,,,,"",""
ball,1,30.4,Scotland,PL Mommsen,KJ Coetzer,Mahmudullah,4,0,,,,,,"",""
ball,1,30.5,Scotland,PL Mommsen,KJ Coetzer,Mahmudullah,0,0,,,,,,"",""
ball,1,30.6,Scotland,PL Mommsen,KJ Coetzer,Mahmudullah,2,0,,,,,,"",""
ball,1,31.1,Scotland,KJ Coetzer,PL Mommsen,Sabbir Rahman,0,0,,,,,,"",""
ball,1,31.2,Scotland,KJ Coetzer,PL Mommsen,Sabbir Rahman,0,0,,,,,,"",""
ball,1,31.3,Scotland,KJ Coetzer,PL Mommsen,Sabbir Rahman,4,0,,,,,,"",""
ball,1,31.4,Scotland,KJ Coetzer,PL Mommsen,Sabbir Rahman,0,0,,,,,,"",""
ball,1,31.5,Scotland,KJ Coetzer,PL Mommsen,Sabbir Rahman,0,0,,,,,,"",""
ball,1,31.6,Scotland,KJ Coetzer,PL Mommsen,Sabbir Rahman,1,0,,,,,,"",""
ball,1,32.1,Scotland,KJ Coetzer,PL Mommsen,Taskin Ahmed,0,0,,,,,,"",""
ball,1,32.2,Scotland,KJ Coetzer,PL Mommsen,Taskin Ahmed,4,0,,,,,,"",""
ball,1,32.3,Scotland,KJ Coetzer,PL Mommsen,Taskin Ahmed,1,0,,,,,,"",""
ball,1,32.4,Scotland,PL Mommsen,KJ Coetzer,Taskin Ahmed,1,0,,,,,,"",""
ball,1,32.5,Scotland,KJ Coetzer,PL Mommsen,Taskin Ahmed,0,0,,,,,,"",""
ball,1,32.6,Scotland,KJ Coetzer,PL Mommsen,Taskin Ahmed,1,0,,,,,,"",""
ball,1,33.1,Scotland,KJ Coetzer,PL Mommsen,Sabbir Rahman,0,0,,,,,,"",""
ball,1,33.2,Scotland,KJ Coetzer,PL Mommsen,Sabbir Rahman,0,0,,,,,,"",""
ball,1,33.3,Scotland,KJ Coetzer,PL Mommsen,Sabbir Rahman,1,0,,,,,,"",""
ball,1,33.4,Scotland,PL Mommsen,KJ Coetzer,Sabbir Rahman,1,0,,,,,,"",""
ball,1,33.5,Scotland,KJ Coetzer,PL Mommsen,Sabbir Rahman,0,0,,,,,,"",""
ball,1,33.6,Scotland,KJ Coetzer,PL Mommsen,Sabbir Rahman,1,0,,,,,,"",""
ball,1,34.1,Scotland,KJ Coetzer,PL Mommsen,Nasir Hossain,0,0,,,,,,"",""
ball,1,34.2,Scotland,KJ Coetzer,PL Mommsen,Nasir Hossain,0,0,,,,,,"",""
ball,1,34.3,Scotland,KJ Coetzer,PL Mommsen,Nasir Hossain,1,0,,,,,,"",""
ball,1,34.4,Scotland,PL Mommsen,KJ Coetzer,Nasir Hossain,0,0,,,,,,"",""
ball,1,34.5,Scotland,PL Mommsen,KJ Coetzer,Nasir Hossain,0,0,,,,,,"",""
ball,1,34.6,Scotland,PL Mommsen,KJ Coetzer,Nasir Hossain,1,0,,,,,,"",""
ball,1,35.1,Scotland,PL Mommsen,KJ Coetzer,Mashrafe Mortaza,1,0,,,,,,"",""
ball,1,35.2,Scotland,KJ Coetzer,PL Mommsen,Mashrafe Mortaza,1,0,,,,,,"",""
ball,1,35.3,Scotland,PL Mommsen,KJ Coetzer,Mashrafe Mortaza,6,1,,1,,,,"",""
ball,1,35.4,Scotland,PL Mommsen,KJ Coetzer,Mashrafe Mortaza,1,0,,,,,,"",""
ball,1,35.5,Scotland,KJ Coetzer,PL Mommsen,Mashrafe Mortaza,4,0,,,,,,"",""
ball,1,35.6,Scotland,KJ Coetzer,PL Mommsen,Mashrafe Mortaza,0,0,,,,,,"",""
ball,1,35.7,Scotland,KJ Coetzer,PL Mommsen,Mashrafe Mortaza,0,0,,,,,,"",""
ball,1,36.1,Scotland,PL Mommsen,KJ Coetzer,Shakib Al Hasan,1,0,,,,,,"",""
ball,1,36.2,Scotland,KJ Coetzer,PL Mommsen,Shakib Al Hasan,2,0,,,,,,"",""
ball,1,36.3,Scotland,KJ Coetzer,PL Mommsen,Shakib Al Hasan,0,0,,,,,,"",""
ball,1,36.4,Scotland,KJ Coetzer,PL Mommsen,Shakib Al Hasan,0,0,,,,,,"",""
ball,1,36.5,Scotland,KJ Coetzer,PL Mommsen,Shakib Al Hasan,0,0,,,,,,"",""
ball,1,36.6,Scotland,KJ Coetzer,PL Mommsen,Shakib Al Hasan,1,0,,,,,,"",""
ball,1,37.1,Scotland,KJ Coetzer,PL Mommsen,Rubel Hossain,0,0,,,,,,"",""
ball,1,37.2,Scotland,KJ Coetzer,PL Mommsen,Rubel Hossain,0,0,,,,,,"",""
ball,1,37.3,Scotland,KJ Coetzer,PL Mommsen,Rubel Hossain,0,0,,,,,,"",""
ball,1,37.4,Scotland,KJ Coetzer,PL Mommsen,Rubel Hossain,6,0,,,,,,"",""
ball,1,37.5,Scotland,KJ Coetzer,PL Mommsen,Rubel Hossain,1,0,,,,,,"",""
ball,1,37.6,Scotland,PL Mommsen,KJ Coetzer,Rubel Hossain,1,0,,,,,,"",""
ball,1,38.1,Scotland,PL Mommsen,KJ Coetzer,Shakib Al Hasan,1,0,,,,,,"",""
ball,1,38.2,Scotland,KJ Coetzer,PL Mommsen,Shakib Al Hasan,1,0,,,,,,"",""
ball,1,38.3,Scotland,PL Mommsen,KJ Coetzer,Shakib Al Hasan,1,0,,,,,,"",""
ball,1,38.4,Scotland,KJ Coetzer,PL Mommsen,Shakib Al Hasan,1,0,,,,,,"",""
ball,1,38.5,Scotland,PL Mommsen,KJ Coetzer,Shakib Al Hasan,1,0,,,,,,"",""
ball,1,38.6,Scotland,KJ Coetzer,PL Mommsen,Shakib Al Hasan,1,0,,,,,,"",""
ball,1,39.1,Scotland,KJ Coetzer,PL Mommsen,Rubel Hossain,4,0,,,,,,"",""
ball,1,39.2,Scotland,KJ Coetzer,PL Mommsen,Rubel Hossain,4,0,,,,,,"",""
ball,1,39.3,Scotland,KJ Coetzer,PL Mommsen,Rubel Hossain,0,0,,,,,,"",""
ball,1,39.4,Scotland,KJ Coetzer,PL Mommsen,Rubel Hossain,2,0,,,,,,"",""
ball,1,39.5,Scotland,KJ Coetzer,PL Mommsen,Rubel Hossain,6,0,,,,,,"",""
ball,1,39.6,Scotland,KJ Coetzer,PL Mommsen,Rubel Hossain,0,1,1,,,,,"",""
ball,1,39.7,Scotland,KJ Coetzer,PL Mommsen,Rubel Hossain,1,0,,,,,,"",""
ball,1,40.1,Scotland,KJ Coetzer,PL Mommsen,Nasir Hossain,0,0,,,,,,"",""
ball,1,40.2,Scotland,KJ Coetzer,PL Mommsen,Nasir Hossain,0,0,,,,,,"",""
ball,1,40.3,Scotland,KJ Coetzer,PL Mommsen,Nasir Hossain,1,0,,,,,,"",""
ball,1,40.4,Scotland,PL Mommsen,KJ Coetzer,Nasir Hossain,2,0,,,,,,"",""
ball,1,40.5,Scotland,PL Mommsen,KJ Coetzer,Nasir Hossain,1,0,,,,,,"",""
ball,1,40.6,Scotland,KJ Coetzer,PL Mommsen,Nasir Hossain,1,0,,,,,,"",""
ball,1,41.1,Scotland,KJ Coetzer,PL Mommsen,Mashrafe Mortaza,0,0,,,,,,"",""
ball,1,41.2,Scotland,KJ Coetzer,PL Mommsen,Mashrafe Mortaza,4,0,,,,,,"",""
ball,1,41.3,Scotland,KJ Coetzer,PL Mommsen,Mashrafe Mortaza,4,0,,,,,,"",""
ball,1,41.4,Scotland,KJ Coetzer,PL Mommsen,Mashrafe Mortaza,0,0,,,,,,"",""
ball,1,41.5,Scotland,KJ Coetzer,PL Mommsen,Mashrafe Mortaza,6,0,,,,,,"",""
ball,1,41.6,Scotland,KJ Coetzer,PL Mommsen,Mashrafe Mortaza,1,0,,,,,,"",""
ball,1,42.1,Scotland,KJ Coetzer,PL Mommsen,Nasir Hossain,2,0,,,,,,"",""
ball,1,42.2,Scotland,KJ Coetzer,PL Mommsen,Nasir Hossain,2,0,,,,,,"",""
ball,1,42.3,Scotland,KJ Coetzer,PL Mommsen,Nasir Hossain,2,0,,,,,,"",""
ball,1,42.4,Scotland,KJ Coetzer,PL Mommsen,Nasir Hossain,1,0,,,,,,"",""
ball,1,42.5,Scotland,PL Mommsen,KJ Coetzer,Nasir Hossain,0,0,,,,,,caught,PL Mommsen
ball,1,42.6,Scotland,KJ Coetzer,RD Berrington,Nasir Hossain,1,0,,,,,,"",""
ball,1,43.1,Scotland,KJ Coetzer,RD Berrington,Sabbir Rahman,1,0,,,,,,"",""
ball,1,43.2,Scotland,RD Berrington,KJ Coetzer,Sabbir Rahman,1,0,,,,,,"",""
ball,1,43.3,Scotland,KJ Coetzer,RD Berrington,Sabbir Rahman,4,0,,,,,,"",""
ball,1,43.4,Scotland,KJ Coetzer,RD Berrington,Sabbir Rahman,0,0,,,,,,"",""
ball,1,43.5,Scotland,KJ Coetzer,RD Berrington,Sabbir Rahman,1,0,,,,,,"",""
ball,1,43.6,Scotland,RD Berrington,KJ Coetzer,Sabbir Rahman,1,0,,,,,,"",""
ball,1,44.1,Scotland,RD Berrington,KJ Coetzer,Nasir Hossain,1,0,,,,,,"",""
ball,1,44.2,Scotland,KJ Coetzer,RD Berrington,Nasir Hossain,1,0,,,,,,"",""
ball,1,44.3,Scotland,RD Berrington,KJ Coetzer,Nasir Hossain,1,0,,,,,,"",""
ball,1,44.4,Scotland,KJ Coetzer,RD Berrington,Nasir Hossain,0,0,,,,,,caught,KJ Coetzer
ball,1,44.5,Scotland,RD Berrington,MH Cross,Nasir Hossain,1,0,,,,,,"",""
ball,1,44.6,Scotland,MH Cross,RD Berrington,Nasir Hossain,0,0,,,,,,"",""
ball,1,45.1,Scotland,RD Berrington,MH Cross,Sabbir Rahman,1,0,,,,,,"",""
ball,1,45.2,Scotland,MH Cross,RD Berrington,Sabbir Rahman,1,0,,,,,,"",""
ball,1,45.3,Scotland,RD Berrington,MH Cross,Sabbir Rahman,6,0,,,,,,"",""
ball,1,45.4,Scotland,RD Berrington,MH Cross,Sabbir Rahman,1,0,,,,,,"",""
ball,1,45.5,Scotland,MH Cross,RD Berrington,Sabbir Rahman,2,0,,,,,,"",""
ball,1,45.6,Scotland,MH Cross,RD Berrington,Sabbir Rahman,2,0,,,,,,"",""
ball,1,46.1,Scotland,RD Berrington,MH Cross,Nasir Hossain,0,0,,,,,,"",""
ball,1,46.2,Scotland,RD Berrington,MH Cross,Nasir Hossain,6,0,,,,,,"",""
ball,1,46.3,Scotland,RD Berrington,MH Cross,Nasir Hossain,1,0,,,,,,"",""
ball,1,46.4,Scotland,MH Cross,RD Berrington,Nasir Hossain,1,0,,,,,,"",""
ball,1,46.5,Scotland,RD Berrington,MH Cross,Nasir Hossain,4,0,,,,,,"",""
ball,1,46.6,Scotland,RD Berrington,MH Cross,Nasir Hossain,1,0,,,,,,"",""
ball,1,47.1,Scotland,RD Berrington,MH Cross,Shakib Al Hasan,1,0,,,,,,"",""
ball,1,47.2,Scotland,MH Cross,RD Berrington,Shakib Al Hasan,6,0,,,,,,"",""
ball,1,47.3,Scotland,MH Cross,RD Berrington,Shakib Al Hasan,0,0,,,,,,"",""
ball,1,47.4,Scotland,MH Cross,RD Berrington,Shakib Al Hasan,0,0,,,,,,"",""
ball,1,47.5,Scotland,MH Cross,RD Berrington,Shakib Al Hasan,1,0,,,,,,"",""
ball,1,47.6,Scotland,RD Berrington,MH Cross,Shakib Al Hasan,0,0,,,,,,"",""
ball,1,48.1,Scotland,MH Cross,RD Berrington,Taskin Ahmed,2,0,,,,,,"",""
ball,1,48.2,Scotland,MH Cross,RD Berrington,Taskin Ahmed,0,1,1,,,,,"",""
ball,1,48.3,Scotland,MH Cross,RD Berrington,Taskin Ahmed,1,0,,,,,,"",""
ball,1,48.4,Scotland,RD Berrington,MH Cross,Taskin Ahmed,0,0,,,,,,caught,RD Berrington
ball,1,48.5,Scotland,MH Cross,JH Davey,Taskin Ahmed,0,0,,,,,,"",""
ball,1,48.6,Scotland,MH Cross,JH Davey,Taskin Ahmed,4,0,,,,,,"",""
ball,1,48.7,Scotland,MH Cross,JH Davey,Taskin Ahmed,0,0,,,,,,caught,MH Cross
ball,1,49.1,Scotland,JH Davey,RM Haq,Shakib Al Hasan,1,0,,,,,,"",""
ball,1,49.2,Scotland,RM Haq,JH Davey,Shakib Al Hasan,1,0,,,,,,"",""
ball,1,49.3,Scotland,JH Davey,RM Haq,Shakib Al Hasan,1,0,,,,,,"",""
ball,1,49.4,Scotland,RM Haq,JH Davey,Shakib Al Hasan,0,0,,,,,,"",""
ball,1,49.5,Scotland,RM Haq,JH Davey,Shakib Al Hasan,0,0,,,,,,caught,RM Haq
ball,1,49.6,Scotland,JH Davey,AC Evans,Shakib Al Hasan,0,1,1,,,,,"",""
ball,1,49.7,Scotland,JH Davey,AC Evans,Shakib Al Hasan,2,0,,,,,,"",""
ball,2,0.1,Bangladesh,Tamim Iqbal,Soumya Sarkar,I Wardlaw,0,0,,,,,,"",""
ball,2,0.2,Bangladesh,Tamim Iqbal,Soumya Sarkar,I Wardlaw,0,1,1,,,,,"",""
ball,2,0.3,Bangladesh,Tamim Iqbal,Soumya Sarkar,I Wardlaw,0,0,,,,,,"",""
ball,2,0.4,Bangladesh,Tamim Iqbal,Soumya Sarkar,I Wardlaw,0,0,,,,,,"",""
ball,2,0.5,Bangladesh,Tamim Iqbal,Soumya Sarkar,I Wardlaw,2,0,,,,,,"",""
ball,2,0.6,Bangladesh,Tamim Iqbal,Soumya Sarkar,I Wardlaw,0,0,,,,,,"",""
ball,2,0.7,Bangladesh,Tamim Iqbal,Soumya Sarkar,I Wardlaw,0,0,,,,,,"",""
ball,2,1.1,Bangladesh,Soumya Sarkar,Tamim Iqbal,JH Davey,2,0,,,,,,"",""
ball,2,1.2,Bangladesh,Soumya Sarkar,Tamim Iqbal,JH Davey,0,0,,,,,,"",""
ball,2,1.3,Bangladesh,Soumya Sarkar,Tamim Iqbal,JH Davey,0,0,,,,,,"",""
ball,2,1.4,Bangladesh,Soumya Sarkar,Tamim Iqbal,JH Davey,0,0,,,,,,"",""
ball,2,1.5,Bangladesh,Soumya Sarkar,Tamim Iqbal,JH Davey,0,0,,,,,,caught,Soumya Sarkar
ball,2,1.6,Bangladesh,Mahmudullah,Tamim Iqbal,JH Davey,0,1,1,,,,,"",""
ball,2,1.7,Bangladesh,Mahmudullah,Tamim Iqbal,JH Davey,0,0,,,,,,"",""
ball,2,2.1,Bangladesh,Tamim Iqbal,Mahmudullah,I Wardlaw,0,0,,,,,,"",""
ball,2,2.2,Bangladesh,Tamim Iqbal,Mahmudullah,I Wardlaw,0,0,,,,,,"",""
ball,2,2.3,Bangladesh,Tamim Iqbal,Mahmudullah,I Wardlaw,4,0,,,,,,"",""
ball,2,2.4,Bangladesh,Tamim Iqbal,Mahmudullah,I Wardlaw,4,0,,,,,,"",""
ball,2,2.5,Bangladesh,Tamim Iqbal,Mahmudullah,I Wardlaw,0,0,,,,,,"",""
ball,2,2.6,Bangladesh,Tamim Iqbal,Mahmudullah,I Wardlaw,0,0,,,,,,"",""
ball,2,3.1,Bangladesh,Mahmudullah,Tamim Iqbal,JH Davey,0,0,,,,,,"",""
ball,2,3.2,Bangladesh,Mahmudullah,Tamim Iqbal,JH Davey,0,1,1,,,,,"",""
ball,2,3.3,Bangladesh,Mahmudullah,Tamim Iqbal,JH Davey,2,0,,,,,,"",""
ball,2,3.4,Bangladesh,Mahmudullah,Tamim Iqbal,JH Davey,1,0,,,,,,"",""
ball,2,3.5,Bangladesh,Tamim Iqbal,Mahmudullah,JH Davey,4,0,,,,,,"",""
ball,2,3.6,Bangladesh,Tamim Iqbal,Mahmudullah,JH Davey,1,0,,,,,,"",""
ball,2,3.7,Bangladesh,Mahmudullah,Tamim Iqbal,JH Davey,1,0,,,,,,"",""
ball,2,4.1,Bangladesh,Mahmudullah,Tamim Iqbal,I Wardlaw,0,0,,,,,,"",""
ball,2,4.2,Bangladesh,Mahmudullah,Tamim Iqbal,I Wardlaw,4,0,,,,,,"",""
ball,2,4.3,Bangladesh,Mahmudullah,Tamim Iqbal,I Wardlaw,0,0,,,,,,"",""
ball,2,4.4,Bangladesh,Mahmudullah,Tamim Iqbal,I Wardlaw,1,0,,,,,,"",""
ball,2,4.5,Bangladesh,Tamim Iqbal,Mahmudullah,I Wardlaw,0,0,,,,,,"",""
ball,2,4.6,Bangladesh,Tamim Iqbal,Mahmudullah,I Wardlaw,0,0,,,,,,"",""
ball,2,5.1,Bangladesh,Mahmudullah,Tamim Iqbal,AC Evans,4,0,,,,,,"",""
ball,2,5.2,Bangladesh,Mahmudullah,Tamim Iqbal,AC Evans,0,0,,,,,,"",""
ball,2,5.3,Bangladesh,Mahmudullah,Tamim Iqbal,AC Evans,2,0,,,,,,"",""
ball,2,5.4,Bangladesh,Mahmudullah,Tamim Iqbal,AC Evans,4,0,,,,,,"",""
ball,2,5.5,Bangladesh,Mahmudullah,Tamim Iqbal,AC Evans,0,0,,,,,,"",""
ball,2,5.6,Bangladesh,Mahmudullah,Tamim Iqbal,AC Evans,1,0,,,,,,"",""
ball,2,6.1,Bangladesh,Mahmudullah,Tamim Iqbal,I Wardlaw,2,0,,,,,,"",""
ball,2,6.2,Bangladesh,Mahmudullah,Tamim Iqbal,I Wardlaw,1,0,,,,,,"",""
ball,2,6.3,Bangladesh,Tamim Iqbal,Mahmudullah,I Wardlaw,0,0,,,,,,"",""
ball,2,6.4,Bangladesh,Tamim Iqbal,Mahmudullah,I Wardlaw,0,0,,,,,,"",""
ball,2,6.5,Bangladesh,Tamim Iqbal,Mahmudullah,I Wardlaw,0,0,,,,,,"",""
ball,2,6.6,Bangladesh,Tamim Iqbal,Mahmudullah,I Wardlaw,6,0,,,,,,"",""
ball,2,7.1,Bangladesh,Mahmudullah,Tamim Iqbal,AC Evans,0,0,,,,,,"",""
ball,2,7.2,Bangladesh,Mahmudullah,Tamim Iqbal,AC Evans,0,0,,,,,,"",""
ball,2,7.3,Bangladesh,Mahmudullah,Tamim Iqbal,AC Evans,0,0,,,,,,"",""
ball,2,7.4,Bangladesh,Mahmudullah,Tamim Iqbal,AC Evans,0,0,,,,,,"",""
ball,2,7.5,Bangladesh,Mahmudullah,Tamim Iqbal,AC Evans,0,0,,,,,,"",""
ball,2,7.6,Bangladesh,Mahmudullah,Tamim Iqbal,AC Evans,0,0,,,,,,"",""
ball,2,8.1,Bangladesh,Tamim Iqbal,Mahmudullah,JH Davey,2,0,,,,,,"",""
ball,2,8.2,Bangladesh,Tamim Iqbal,Mahmudullah,JH Davey,4,0,,,,,,"",""
ball,2,8.3,Bangladesh,Tamim Iqbal,Mahmudullah,JH Davey,0,0,,,,,,"",""
ball,2,8.4,Bangladesh,Tamim Iqbal,Mahmudullah,JH Davey,0,0,,,,,,"",""
ball,2,8.5,Bangladesh,Tamim Iqbal,Mahmudullah,JH Davey,0,0,,,,,,"",""
ball,2,8.6,Bangladesh,Tamim Iqbal,Mahmudullah,JH Davey,2,0,,,,,,"",""
ball,2,9.1,Bangladesh,Mahmudullah,Tamim Iqbal,AC Evans,0,0,,,,,,"",""
ball,2,9.2,Bangladesh,Mahmudullah,Tamim Iqbal,AC Evans,0,0,,,,,,"",""
ball,2,9.3,Bangladesh,Mahmudullah,Tamim Iqbal,AC Evans,1,0,,,,,,"",""
ball,2,9.4,Bangladesh,Tamim Iqbal,Mahmudullah,AC Evans,0,0,,,,,,"",""
ball,2,9.5,Bangladesh,Tamim Iqbal,Mahmudullah,AC Evans,0,0,,,,,,"",""
ball,2,9.6,Bangladesh,Tamim Iqbal,Mahmudullah,AC Evans,4,0,,,,,,"",""
ball,2,10.1,Bangladesh,Mahmudullah,Tamim Iqbal,JH Davey,0,0,,,,,,"",""
ball,2,10.2,Bangladesh,Mahmudullah,Tamim Iqbal,JH Davey,1,0,,,,,,"",""
ball,2,10.3,Bangladesh,Tamim Iqbal,Mahmudullah,JH Davey,0,0,,,,,,"",""
ball,2,10.4,Bangladesh,Tamim Iqbal,Mahmudullah,JH Davey,0,0,,,,,,"",""
ball,2,10.5,Bangladesh,Tamim Iqbal,Mahmudullah,JH Davey,1,0,,,,,,"",""
ball,2,10.6,Bangladesh,Mahmudullah,Tamim Iqbal,JH Davey,0,1,1,,,,,"",""
ball,2,10.7,Bangladesh,Mahmudullah,Tamim Iqbal,JH Davey,0,0,,,,,,"",""
ball,2,11.1,Bangladesh,Tamim Iqbal,Mahmudullah,AC Evans,1,0,,,,,,"",""
ball,2,11.2,Bangladesh,Mahmudullah,Tamim Iqbal,AC Evans,6,0,,,,,,"",""
ball,2,11.3,Bangladesh,Mahmudullah,Tamim Iqbal,AC Evans,0,0,,,,,,"",""
ball,2,11.4,Bangladesh,Mahmudullah,Tamim Iqbal,AC Evans,1,0,,,,,,"",""
ball,2,11.5,Bangladesh,Tamim Iqbal,Mahmudullah,AC Evans,1,0,,,,,,"",""
ball,2,11.6,Bangladesh,Mahmudullah,Tamim Iqbal,AC Evans,4,0,,,,,,"",""
ball,2,12.1,Bangladesh,Tamim Iqbal,Mahmudullah,JH Davey,1,0,,,,,,"",""
ball,2,12.2,Bangladesh,Mahmudullah,Tamim Iqbal,JH Davey,0,0,,,,,,"",""
ball,2,12.3,Bangladesh,Mahmudullah,Tamim Iqbal,JH Davey,1,0,,,,,,"",""
ball,2,12.4,Bangladesh,Tamim Iqbal,Mahmudullah,JH Davey,4,0,,,,,,"",""
ball,2,12.5,Bangladesh,Tamim Iqbal,Mahmudullah,JH Davey,0,0,,,,,,"",""
ball,2,12.6,Bangladesh,Tamim Iqbal,Mahmudullah,JH Davey,1,0,,,,,,"",""
ball,2,13.1,Bangladesh,Tamim Iqbal,Mahmudullah,MW Machan,0,0,,,,,,"",""
ball,2,13.2,Bangladesh,Tamim Iqbal,Mahmudullah,MW Machan,1,0,,,,,,"",""
ball,2,13.3,Bangladesh,Mahmudullah,Tamim Iqbal,MW Machan,0,0,,,,,,"",""
ball,2,13.4,Bangladesh,Mahmudullah,Tamim Iqbal,MW Machan,1,0,,,,,,"",""
ball,2,13.5,Bangladesh,Tamim Iqbal,Mahmudullah,MW Machan,0,0,,,,,,"",""
ball,2,13.6,Bangladesh,Tamim Iqbal,Mahmudullah,MW Machan,1,0,,,,,,"",""
ball,2,14.1,Bangladesh,Tamim Iqbal,Mahmudullah,RM Haq,0,0,,,,,,"",""
ball,2,14.2,Bangladesh,Tamim Iqbal,Mahmudullah,RM Haq,0,0,,,,,,"",""
ball,2,14.3,Bangladesh,Tamim Iqbal,Mahmudullah,RM Haq,1,0,,,,,,"",""
ball,2,14.4,Bangladesh,Mahmudullah,Tamim Iqbal,RM Haq,0,0,,,,,,"",""
ball,2,14.5,Bangladesh,Mahmudullah,Tamim Iqbal,RM Haq,1,0,,,,,,"",""
ball,2,14.6,Bangladesh,Tamim Iqbal,Mahmudullah,RM Haq,1,0,,,,,,"",""
ball,2,15.1,Bangladesh,Tamim Iqbal,Mahmudullah,MW Machan,0,0,,,,,,"",""
ball,2,15.2,Bangladesh,Tamim Iqbal,Mahmudullah,MW Machan,2,0,,,,,,"",""
ball,2,15.3,Bangladesh,Tamim Iqbal,Mahmudullah,MW Machan,1,0,,,,,,"",""
ball,2,15.4,Bangladesh,Mahmudullah,Tamim Iqbal,MW Machan,2,0,,,,,,"",""
ball,2,15.5,Bangladesh,Mahmudullah,Tamim Iqbal,MW Machan,0,0,,,,,,"",""
ball,2,15.6,Bangladesh,Mahmudullah,Tamim Iqbal,MW Machan,1,0,,,,,,"",""
ball,2,16.1,Bangladesh,Mahmudullah,Tamim Iqbal,RM Haq,1,0,,,,,,"",""
ball,2,16.2,Bangladesh,Tamim Iqbal,Mahmudullah,RM Haq,0,0,,,,,,"",""
ball,2,16.3,Bangladesh,Tamim Iqbal,Mahmudullah,RM Haq,0,1,1,,,,,"",""
ball,2,16.4,Bangladesh,Tamim Iqbal,Mahmudullah,RM Haq,0,0,,,,,,"",""
ball,2,16.5,Bangladesh,Tamim Iqbal,Mahmudullah,RM Haq,0,0,,,,,,"",""
ball,2,16.6,Bangladesh,Tamim Iqbal,Mahmudullah,RM Haq,1,0,,,,,,"",""
ball,2,16.7,Bangladesh,Mahmudullah,Tamim Iqbal,RM Haq,0,0,,,,,,"",""
ball,2,17.1,Bangladesh,Tamim Iqbal,Mahmudullah,MW Machan,1,0,,,,,,"",""
ball,2,17.2,Bangladesh,Mahmudullah,Tamim Iqbal,MW Machan,1,0,,,,,,"",""
ball,2,17.3,Bangladesh,Tamim Iqbal,Mahmudullah,MW Machan,1,0,,,,,,"",""
ball,2,17.4,Bangladesh,Mahmudullah,Tamim Iqbal,MW Machan,1,0,,,,,,"",""
ball,2,17.5,Bangladesh,Tamim Iqbal,Mahmudullah,MW Machan,2,0,,,,,,"",""
ball,2,17.6,Bangladesh,Tamim Iqbal,Mahmudullah,MW Machan,1,0,,,,,,"",""
ball,2,18.1,Bangladesh,Tamim Iqbal,Mahmudullah,RM Haq,0,0,,,,,,"",""
ball,2,18.2,Bangladesh,Tamim Iqbal,Mahmudullah,RM Haq,1,0,,,,,,"",""
ball,2,18.3,Bangladesh,Mahmudullah,Tamim Iqbal,RM Haq,1,0,,,,,,"",""
ball,2,18.4,Bangladesh,Tamim Iqbal,Mahmudullah,RM Haq,1,0,,,,,,"",""
ball,2,18.5,Bangladesh,Mahmudullah,Tamim Iqbal,RM Haq,1,0,,,,,,"",""
ball,2,18.6,Bangladesh,Tamim Iqbal,Mahmudullah,RM Haq,1,0,,,,,,"",""
ball,2,19.1,Bangladesh,Tamim Iqbal,Mahmudullah,RD Berrington,0,0,,,,,,"",""
ball,2,19.2,Bangladesh,Tamim Iqbal,Mahmudullah,RD Berrington,0,0,,,,,,"",""
ball,2,19.3,Bangladesh,Tamim Iqbal,Mahmudullah,RD Berrington,4,0,,,,,,"",""
ball,2,19.4,Bangladesh,Tamim Iqbal,Mahmudullah,RD Berrington,1,0,,,,,,"",""
ball,2,19.5,Bangladesh,Mahmudullah,Tamim Iqbal,RD Berrington,2,0,,,,,,"",""
ball,2,19.6,Bangladesh,Mahmudullah,Tamim Iqbal,RD Berrington,4,0,,,,,,"",""
ball,2,20.1,Bangladesh,Tamim Iqbal,Mahmudullah,RM Haq,0,0,,,,,,"",""
ball,2,20.2,Bangladesh,Tamim Iqbal,Mahmudullah,RM Haq,1,0,,,,,,"",""
ball,2,20.3,Bangladesh,Mahmudullah,Tamim Iqbal,RM Haq,0,0,,,,,,"",""
ball,2,20.4,Bangladesh,Mahmudullah,Tamim Iqbal,RM Haq,1,0,,,,,,"",""
ball,2,20.5,Bangladesh,Tamim Iqbal,Mahmudullah,RM Haq,1,0,,,,,,"",""
ball,2,20.6,Bangladesh,Mahmudullah,Tamim Iqbal,RM Haq,0,0,,,,,,"",""
ball,2,21.1,Bangladesh,Tamim Iqbal,Mahmudullah,RD Berrington,4,0,,,,,,"",""
ball,2,21.2,Bangladesh,Tamim Iqbal,Mahmudullah,RD Berrington,1,0,,,,,,"",""
ball,2,21.3,Bangladesh,Mahmudullah,Tamim Iqbal,RD Berrington,0,0,,,,,,"",""
ball,2,21.4,Bangladesh,Mahmudullah,Tamim Iqbal,RD Berrington,0,0,,,,,,"",""
ball,2,21.5,Bangladesh,Mahmudullah,Tamim Iqbal,RD Berrington,1,0,,,,,,"",""
ball,2,21.6,Bangladesh,Tamim Iqbal,Mahmudullah,RD Berrington,1,0,,,,,,"",""
ball,2,22.1,Bangladesh,Tamim Iqbal,Mahmudullah,RM Haq,1,0,,,,,,"",""
ball,2,22.2,Bangladesh,Mahmudullah,Tamim Iqbal,RM Haq,1,1,,1,,,,"",""
ball,2,22.3,Bangladesh,Tamim Iqbal,Mahmudullah,RM Haq,1,0,,,,,,"",""
ball,2,22.4,Bangladesh,Mahmudullah,Tamim Iqbal,RM Haq,1,0,,,,,,"",""
ball,2,22.5,Bangladesh,Tamim Iqbal,Mahmudullah,RM Haq,0,0,,,,,,"",""
ball,2,22.6,Bangladesh,Tamim Iqbal,Mahmudullah,RM Haq,1,0,,,,,,"",""
ball,2,22.7,Bangladesh,Mahmudullah,Tamim Iqbal,RM Haq,1,0,,,,,,"",""
ball,2,23.1,Bangladesh,Mahmudullah,Tamim Iqbal,I Wardlaw,4,0,,,,,,"",""
ball,2,23.2,Bangladesh,Mahmudullah,Tamim Iqbal,I Wardlaw,0,0,,,,,,"",""
ball,2,23.3,Bangladesh,Mahmudullah,Tamim Iqbal,I Wardlaw,0,0,,,,,,bowled,Mahmudullah
ball,2,23.4,Bangladesh,Mushfiqur Rahim,Tamim Iqbal,I Wardlaw,4,0,,,,,,"",""
ball,2,23.5,Bangladesh,Mushfiqur Rahim,Tamim Iqbal,I Wardlaw,0,0,,,,,,"",""
ball,2,23.6,Bangladesh,Mushfiqur Rahim,Tamim Iqbal,I Wardlaw,2,0,,,,,,"",""
ball,2,24.1,Bangladesh,Tamim Iqbal,Mushfiqur Rahim,RM Haq,0,0,,,,,,"",""
ball,2,24.2,Bangladesh,Tamim Iqbal,Mushfiqur Rahim,RM Haq,4,0,,,,,,"",""
ball,2,24.3,Bangladesh,Tamim Iqbal,Mushfiqur Rahim,RM Haq,0,0,,,,,,"",""
ball,2,24.4,Bangladesh,Tamim Iqbal,Mushfiqur Rahim,RM Haq,0,0,,,,,,"",""
ball,2,24.5,Bangladesh,Tamim Iqbal,Mushfiqur Rahim,RM Haq,1,0,,,,,,"",""
ball,2,24.6,Bangladesh,Mushfiqur Rahim,Tamim Iqbal,RM Haq,0,0,,,,,,"",""
ball,2,25.1,Bangladesh,Tamim Iqbal,Mushfiqur Rahim,I Wardlaw,0,0,,,,,,"",""
ball,2,25.2,Bangladesh,Tamim Iqbal,Mushfiqur Rahim,I Wardlaw,1,0,,,,,,"",""
ball,2,25.3,Bangladesh,Mushfiqur Rahim,Tamim Iqbal,I Wardlaw,4,0,,,,,,"",""
ball,2,25.4,Bangladesh,Mushfiqur Rahim,Tamim Iqbal,I Wardlaw,1,0,,,,,,"",""
ball,2,25.5,Bangladesh,Tamim Iqbal,Mushfiqur Rahim,I Wardlaw,2,0,,,,,,"",""
ball,2,25.6,Bangladesh,Tamim Iqbal,Mushfiqur Rahim,I Wardlaw,1,0,,,,,,"",""
ball,2,26.1,Bangladesh,Tamim Iqbal,Mushfiqur Rahim,AC Evans,0,0,,,,,,"",""
ball,2,26.2,Bangladesh,Tamim Iqbal,Mushfiqur Rahim,AC Evans,0,0,,,,,,"",""
ball,2,26.3,Bangladesh,Tamim Iqbal,Mushfiqur Rahim,AC Evans,1,0,,,,,,"",""
ball,2,26.4,Bangladesh,Mushfiqur Rahim,Tamim Iqbal,AC Evans,1,0,,,,,,"",""
ball,2,26.5,Bangladesh,Tamim Iqbal,Mushfiqur Rahim,AC Evans,1,0,,,,,,"",""
ball,2,26.6,Bangladesh,Mushfiqur Rahim,Tamim Iqbal,AC Evans,1,0,,,,,,"",""
ball,2,27.1,Bangladesh,Mushfiqur Rahim,Tamim Iqbal,MW Machan,4,0,,,,,,"",""
ball,2,27.2,Bangladesh,Mushfiqur Rahim,Tamim Iqbal,MW Machan,1,0,,,,,,"",""
ball,2,27.3,Bangladesh,Tamim Iqbal,Mushfiqur Rahim,MW Machan,0,0,,,,,,"",""
ball,2,27.4,Bangladesh,Tamim Iqbal,Mushfiqur Rahim,MW Machan,2,0,,,,,,"",""
ball,2,27.5,Bangladesh,Tamim Iqbal,Mushfiqur Rahim,MW Machan,0,0,,,,,,"",""
ball,2,27.6,Bangladesh,Tamim Iqbal,Mushfiqur Rahim,MW Machan,1,0,,,,,,"",""
ball,2,28.1,Bangladesh,Tamim Iqbal,Mushfiqur Rahim,AC Evans,1,0,,,,,,"",""
ball,2,28.2,Bangladesh,Mushfiqur Rahim,Tamim Iqbal,AC Evans,0,0,,,,,,"",""
ball,2,28.3,Bangladesh,Mushfiqur Rahim,Tamim Iqbal,AC Evans,2,0,,,,,,"",""
ball,2,28.4,Bangladesh,Mushfiqur Rahim,Tamim Iqbal,AC Evans,0,0,,,,,,"",""
ball,2,28.5,Bangladesh,Mushfiqur Rahim,Tamim Iqbal,AC Evans,0,0,,,,,,"",""
ball,2,28.6,Bangladesh,Mushfiqur Rahim,Tamim Iqbal,AC Evans,2,0,,,,,,"",""
ball,2,29.1,Bangladesh,Tamim Iqbal,Mushfiqur Rahim,MW Machan,0,0,,,,,,"",""
ball,2,29.2,Bangladesh,Tamim Iqbal,Mushfiqur Rahim,MW Machan,0,0,,,,,,"",""
ball,2,29.3,Bangladesh,Tamim Iqbal,Mushfiqur Rahim,MW Machan,1,0,,,,,,"",""
ball,2,29.4,Bangladesh,Mushfiqur Rahim,Tamim Iqbal,MW Machan,6,0,,,,,,"",""
ball,2,29.5,Bangladesh,Mushfiqur Rahim,Tamim Iqbal,MW Machan,2,0,,,,,,"",""
ball,2,29.6,Bangladesh,Mushfiqur Rahim,Tamim Iqbal,MW Machan,1,0,,,,,,"",""
ball,2,30.1,Bangladesh,Mushfiqur Rahim,Tamim Iqbal,RM Haq,4,0,,,,,,"",""
ball,2,30.2,Bangladesh,Mushfiqur Rahim,Tamim Iqbal,RM Haq,0,0,,,,,,"",""
ball,2,30.3,Bangladesh,Mushfiqur Rahim,Tamim Iqbal,RM Haq,1,0,,,,,,"",""
ball,2,30.4,Bangladesh,Tamim Iqbal,Mushfiqur Rahim,RM Haq,3,0,,,,,,"",""
ball,2,30.5,Bangladesh,Mushfiqur Rahim,Tamim Iqbal,RM Haq,0,0,,,,,,"",""
ball,2,30.6,Bangladesh,Mushfiqur Rahim,Tamim Iqbal,RM Haq,0,0,,,,,,"",""
ball,2,31.1,Bangladesh,Tamim Iqbal,Mushfiqur Rahim,JH Davey,0,0,,,,,,"",""
ball,2,31.2,Bangladesh,Tamim Iqbal,Mushfiqur Rahim,JH Davey,2,0,,,,,,"",""
ball,2,31.3,Bangladesh,Tamim Iqbal,Mushfiqur Rahim,JH Davey,0,0,,,,,,lbw,Tamim Iqbal
ball,2,31.4,Bangladesh,Shakib Al Hasan,Mushfiqur Rahim,JH Davey,0,0,,,,,,"",""
ball,2,31.5,Bangladesh,Shakib Al Hasan,Mushfiqur Rahim,JH Davey,0,0,,,,,,"",""
ball,2,31.6,Bangladesh,Shakib Al Hasan,Mushfiqur Rahim,JH Davey,0,1,1,,,,,"",""
ball,2,31.7,Bangladesh,Shakib Al Hasan,Mushfiqur Rahim,JH Davey,0,1,1,,,,,"",""
ball,2,31.8,Bangladesh,Shakib Al Hasan,Mushfiqur Rahim,JH Davey,1,0,,,,,,"",""
ball,2,32.1,Bangladesh,Shakib Al Hasan,Mushfiqur Rahim,MW Machan,1,0,,,,,,"",""
ball,2,32.2,Bangladesh,Mushfiqur Rahim,Shakib Al Hasan,MW Machan,1,0,,,,,,"",""
ball,2,32.3,Bangladesh,Shakib Al Hasan,Mushfiqur Rahim,MW Machan,1,0,,,,,,"",""
ball,2,32.4,Bangladesh,Mushfiqur Rahim,Shakib Al Hasan,MW Machan,0,0,,,,,,"",""
ball,2,32.5,Bangladesh,Mushfiqur Rahim,Shakib Al Hasan,MW Machan,1,0,,,,,,"",""
ball,2,32.6,Bangladesh,Shakib Al Hasan,Mushfiqur Rahim,MW Machan,0,0,,,,,,"",""
ball,2,33.1,Bangladesh,Mushfiqur Rahim,Shakib Al Hasan,JH Davey,0,0,,,,,,"",""
ball,2,33.2,Bangladesh,Mushfiqur Rahim,Shakib Al Hasan,JH Davey,1,0,,,,,,"",""
ball,2,33.3,Bangladesh,Shakib Al Hasan,Mushfiqur Rahim,JH Davey,1,0,,,,,,"",""
ball,2,33.4,Bangladesh,Mushfiqur Rahim,Shakib Al Hasan,JH Davey,0,0,,,,,,"",""
ball,2,33.5,Bangladesh,Mushfiqur Rahim,Shakib Al Hasan,JH Davey,0,0,,,,,,"",""
ball,2,33.6,Bangladesh,Mushfiqur Rahim,Shakib Al Hasan,JH Davey,0,0,,,,,,"",""
ball,2,34.1,Bangladesh,Shakib Al Hasan,Mushfiqur Rahim,MW Machan,1,0,,,,,,"",""
ball,2,34.2,Bangladesh,Mushfiqur Rahim,Shakib Al Hasan,MW Machan,0,0,,,,,,"",""
ball,2,34.3,Bangladesh,Mushfiqur Rahim,Shakib Al Hasan,MW Machan,4,0,,,,,,"",""
ball,2,34.4,Bangladesh,Mushfiqur Rahim,Shakib Al Hasan,MW Machan,1,0,,,,,,"",""
ball,2,34.5,Bangladesh,Shakib Al Hasan,Mushfiqur Rahim,MW Machan,0,0,,,,,,"",""
ball,2,34.6,Bangladesh,Shakib Al Hasan,Mushfiqur Rahim,MW Machan,1,0,,,,,,"",""
ball,2,35.1,Bangladesh,Shakib Al Hasan,Mushfiqur Rahim,JH Davey,1,0,,,,,,"",""
ball,2,35.2,Bangladesh,Mushfiqur Rahim,Shakib Al Hasan,JH Davey,1,0,,,,,,"",""
ball,2,35.3,Bangladesh,Shakib Al Hasan,Mushfiqur Rahim,JH Davey,2,0,,,,,,"",""
ball,2,35.4,Bangladesh,Shakib Al Hasan,Mushfiqur Rahim,JH Davey,1,0,,,,,,"",""
ball,2,35.5,Bangladesh,Mushfiqur Rahim,Shakib Al Hasan,JH Davey,1,0,,,,,,"",""
ball,2,35.6,Bangladesh,Shakib Al Hasan,Mushfiqur Rahim,JH Davey,4,0,,,,,,"",""
ball,2,36.1,Bangladesh,Mushfiqur Rahim,Shakib Al Hasan,I Wardlaw,1,0,,,,,,"",""
ball,2,36.2,Bangladesh,Shakib Al Hasan,Mushfiqur Rahim,I Wardlaw,0,1,1,,,,,"",""
ball,2,36.3,Bangladesh,Shakib Al Hasan,Mushfiqur Rahim,I Wardlaw,0,0,,,,,,"",""
ball,2,36.4,Bangladesh,Shakib Al Hasan,Mushfiqur Rahim,I Wardlaw,1,0,,,,,,"",""
ball,2,36.5,Bangladesh,Mushfiqur Rahim,Shakib Al Hasan,I Wardlaw,6,0,,,,,,"",""
ball,2,36.6,Bangladesh,Mushfiqur Rahim,Shakib Al Hasan,I Wardlaw,4,0,,,,,,"",""
ball,2,36.7,Bangladesh,Mushfiqur Rahim,Shakib Al Hasan,I Wardlaw,2,0,,,,,,"",""
ball,2,37.1,Bangladesh,Shakib Al Hasan,Mushfiqur Rahim,AC Evans,2,0,,,,,,"",""
ball,2,37.2,Bangladesh,Shakib Al Hasan,Mushfiqur Rahim,AC Evans,1,0,,,,,,"",""
ball,2,37.3,Bangladesh,Mushfiqur Rahim,Shakib Al Hasan,AC Evans,1,0,,,,,,"",""
ball,2,37.4,Bangladesh,Shakib Al Hasan,Mushfiqur Rahim,AC Evans,0,0,,,,,,"",""
ball,2,37.5,Bangladesh,Shakib Al Hasan,Mushfiqur Rahim,AC Evans,1,0,,,,,,"",""
ball,2,37.6,Bangladesh,Mushfiqur Rahim,Shakib Al Hasan,AC Evans,0,0,,,,,,caught,Mushfiqur Rahim
ball,2,38.1,Bangladesh,Sabbir Rahman,Shakib Al Hasan,RM Haq,0,0,,,,,,"",""
ball,2,38.2,Bangladesh,Sabbir Rahman,Shakib Al Hasan,RM Haq,0,0,,,,,,"",""
ball,2,38.3,Bangladesh,Sabbir Rahman,Shakib Al Hasan,RM Haq,0,0,,,,,,"",""
ball,2,38.4,Bangladesh,Sabbir Rahman,Shakib Al Hasan,RM Haq,0,0,,,,,,"",""
ball,2,38.5,Bangladesh,Sabbir Rahman,Shakib Al Hasan,RM Haq,0,0,,,,,,"",""
ball,2,38.6,Bangladesh,Sabbir Rahman,Shakib Al Hasan,RM Haq,1,0,,,,,,"",""
ball,2,39.1,Bangladesh,Sabbir Rahman,Shakib Al Hasan,AC Evans,0,0,,,,,,"",""
ball,2,39.2,Bangladesh,Sabbir Rahman,Shakib Al Hasan,AC Evans,0,0,,,,,,"",""
ball,2,39.3,Bangladesh,Sabbir Rahman,Shakib Al Hasan,AC Evans,0,0,,,,,,"",""
ball,2,39.4,Bangladesh,Sabbir Rahman,Shakib Al Hasan,AC Evans,4,0,,,,,,"",""
ball,2,39.5,Bangladesh,Sabbir Rahman,Shakib Al Hasan,AC Evans,0,0,,,,,,"",""
ball,2,39.6,Bangladesh,Sabbir Rahman,Shakib Al Hasan,AC Evans,0,0,,,,,,"",""
ball,2,40.1,Bangladesh,Shakib Al Hasan,Sabbir Rahman,RM Haq,1,0,,,,,,"",""
ball,2,40.2,Bangladesh,Sabbir Rahman,Shakib Al Hasan,RM Haq,1,0,,,,,,"",""
ball,2,40.3,Bangladesh,Shakib Al Hasan,Sabbir Rahman,RM Haq,1,0,,,,,,"",""
ball,2,40.4,Bangladesh,Sabbir Rahman,Shakib Al Hasan,RM Haq,0,0,,,,,,"",""
ball,2,40.5,Bangladesh,Sabbir Rahman,Shakib Al Hasan,RM Haq,1,0,,,,,,"",""
ball,2,40.6,Bangladesh,Shakib Al Hasan,Sabbir Rahman,RM Haq,1,0,,,,,,"",""
ball,2,41.1,Bangladesh,Shakib Al Hasan,Sabbir Rahman,AC Evans,4,0,,,,,,"",""
ball,2,41.2,Bangladesh,Shakib Al Hasan,Sabbir Rahman,AC Evans,0,0,,,,,,"",""
ball,2,41.3,Bangladesh,Shakib Al Hasan,Sabbir Rahman,AC Evans,1,0,,,,,,"",""
ball,2,41.4,Bangladesh,Sabbir Rahman,Shakib Al Hasan,AC Evans,6,0,,,,,,"",""
ball,2,41.5,Bangladesh,Sabbir Rahman,Shakib Al Hasan,AC Evans,0,0,,,,,,"",""
ball,2,41.6,Bangladesh,Sabbir Rahman,Shakib Al Hasan,AC Evans,0,0,,,,,,"",""
ball,2,42.1,Bangladesh,Shakib Al Hasan,Sabbir Rahman,RM Haq,1,0,,,,,,"",""
ball,2,42.2,Bangladesh,Sabbir Rahman,Shakib Al Hasan,RM Haq,0,0,,,,,,"",""
ball,2,42.3,Bangladesh,Sabbir Rahman,Shakib Al Hasan,RM Haq,0,0,,,,,,"",""
ball,2,42.4,Bangladesh,Sabbir Rahman,Shakib Al Hasan,RM Haq,2,0,,,,,,"",""
ball,2,42.5,Bangladesh,Sabbir Rahman,Shakib Al Hasan,RM Haq,6,0,,,,,,"",""
ball,2,42.6,Bangladesh,Sabbir Rahman,Shakib Al Hasan,RM Haq,0,0,,,,,,"",""
ball,2,43.1,Bangladesh,Shakib Al Hasan,Sabbir Rahman,JH Davey,1,0,,,,,,"",""
ball,2,43.2,Bangladesh,Sabbir Rahman,Shakib Al Hasan,JH Davey,0,0,,,,,,"",""
ball,2,43.3,Bangladesh,Sabbir Rahman,Shakib Al Hasan,JH Davey,1,0,,,,,,"",""
ball,2,43.4,Bangladesh,Shakib Al Hasan,Sabbir Rahman,JH Davey,0,0,,,,,,"",""
ball,2,43.5,Bangladesh,Shakib Al Hasan,Sabbir Rahman,JH Davey,0,0,,,,,,"",""
ball,2,43.6,Bangladesh,Shakib Al Hasan,Sabbir Rahman,JH Davey,6,0,,,,,,"",""
ball,2,44.1,Bangladesh,Sabbir Rahman,Shakib Al Hasan,I Wardlaw,2,0,,,,,,"",""
ball,2,44.2,Bangladesh,Sabbir Rahman,Shakib Al Hasan,I Wardlaw,0,0,,,,,,"",""
ball,2,44.3,Bangladesh,Sabbir Rahman,Shakib Al Hasan,I Wardlaw,0,0,,,,,,"",""
ball,2,44.4,Bangladesh,Sabbir Rahman,Shakib Al Hasan,I Wardlaw,1,0,,,,,,"",""
ball,2,44.5,Bangladesh,Shakib Al Hasan,Sabbir Rahman,I Wardlaw,1,0,,,,,,"",""
ball,2,44.6,Bangladesh,Sabbir Rahman,Shakib Al Hasan,I Wardlaw,0,0,,,,,,"",""
ball,2,45.1,Bangladesh,Shakib Al Hasan,Sabbir Rahman,JH Davey,1,0,,,,,,"",""
ball,2,45.2,Bangladesh,Sabbir Rahman,Shakib Al Hasan,JH Davey,4,0,,,,,,"",""
ball,2,45.3,Bangladesh,Sabbir Rahman,Shakib Al Hasan,JH Davey,4,0,,,,,,"",""
ball,2,45.4,Bangladesh,Sabbir Rahman,Shakib Al Hasan,JH Davey,1,0,,,,,,"",""
ball,2,45.5,Bangladesh,Shakib Al Hasan,Sabbir Rahman,JH Davey,1,0,,,,,,"",""
ball,2,45.6,Bangladesh,Sabbir Rahman,Shakib Al Hasan,JH Davey,1,0,,,,,,"",""
ball,2,46.1,Bangladesh,Sabbir Rahman,Shakib Al Hasan,I Wardlaw,1,0,,,,,,"",""
ball,2,46.2,Bangladesh,Shakib Al Hasan,Sabbir Rahman,I Wardlaw,0,0,,,,,,"",""
ball,2,46.3,Bangladesh,Shakib Al Hasan,Sabbir Rahman,I Wardlaw,0,0,,,,,,"",""
ball,2,46.4,Bangladesh,Shakib Al Hasan,Sabbir Rahman,I Wardlaw,4,0,,,,,,"",""
ball,2,46.5,Bangladesh,Shakib Al Hasan,Sabbir Rahman,I Wardlaw,1,0,,,,,,"",""
ball,2,46.6,Bangladesh,Sabbir Rahman,Shakib Al Hasan,I Wardlaw,2,0,,,,,,"",""
ball,2,47.1,Bangladesh,Shakib Al Hasan,Sabbir Rahman,AC Evans,4,0,,,,,,"",""
ball,2,47.2,Bangladesh,Shakib Al Hasan,Sabbir Rahman,AC Evans,1,0,,,,,,"",""
ball,2,47.3,Bangladesh,Sabbir Rahman,Shakib Al Hasan,AC Evans,0,0,,,,,,"",""
ball,2,47.4,Bangladesh,Sabbir Rahman,Shakib Al Hasan,AC Evans,4,0,,,,,,"",""
ball,2,47.5,Bangladesh,Sabbir Rahman,Shakib Al Hasan,AC Evans,0,0,,,,,,"",""
ball,2,47.6,Bangladesh,Sabbir Rahman,Shakib Al Hasan,AC Evans,0,0,,,,,,"",""
ball,2,48.1,Bangladesh,Shakib Al Hasan,Sabbir Rahman,I Wardlaw,4,0,,,,,,"",""
