version,1.6.0
info,balls_per_over,6
info,team,New Zealand
info,team,West Indies
info,gender,male
info,season,2014/15
info,date,2015/03/21
info,event,ICC Cricket World Cup
info,venue,Westpac Stadium
info,city,Wellington
info,toss_winner,New Zealand
info,toss_decision,bat
info,player_of_match,MJ Guptill
info,umpire,RA Kettleborough
info,umpire,BNJ Oxenford
info,reserve_umpire,NJ Llong
info,tv_umpire,RJ Tucker
info,match_referee,BC Broad
info,winner,New Zealand
info,winner_runs,143
info,player,New Zealand,MJ Guptill
info,player,New Zealand,BB McCullum
info,player,New Zealand,KS Williamson
info,player,New Zealand,LRPL Taylor
info,player,New Zealand,CJ Anderson
info,player,New Zealand,GD Elliott
info,player,New Zealand,L Ronchi
info,player,New Zealand,DL Vettori
info,player,New Zealand,TA Boult
info,player,New Zealand,AF Milne
info,player,New Zealand,TG Southee
info,player,West Indies,CH Gayle
info,player,West Indies,J Charles
info,player,West Indies,LMP Simmons
info,player,West Indies,MN Samuels
info,player,West Indies,D Ramdin
info,player,West Indies,JL Carter
info,player,West Indies,DJG Sammy
info,player,West Indies,AD Russell
info,player,West Indies,JO Holder
info,player,West Indies,JE Taylor
info,player,West Indies,SJ Benn
info,registry,people,AD Russell,bbd41817
info,registry,people,AF Milne,350bb1b1
info,registry,people,BB McCullum,b8a55852
info,registry,people,BC Broad,d6a7dd38
info,registry,people,BNJ Oxenford,c1add349
info,registry,people,CH Gayle,db584dad
info,registry,people,CJ Anderson,8abdf100
info,registry,people,D Ramdin,d1523761
info,registry,people,DJG Sammy,c03c6200
info,registry,people,DL Vettori,d7c6af50
info,registry,people,GD Elliott,c03449e0
info,registry,people,J Charles,09a9d073
info,registry,people,JE Taylor,4180d897
info,registry,people,JL Carter,0a9d8b61
info,registry,people,JO Holder,0f721006
info,registry,people,KS Williamson,d027ba9f
info,registry,people,L Ronchi,0fa5042b
info,registry,people,LMP Simmons,89f64c19
info,registry,people,LRPL Taylor,b61a3e1a
info,registry,people,MJ Guptill,2be41edb
info,registry,people,MN Samuels,f846de6a
info,registry,people,NJ Llong,573fb985
info,registry,people,RA Kettleborough,4017868f
info,registry,people,RJ Tucker,38810cfc
info,registry,people,SJ Benn,364ee2cf
info,registry,people,TA Boult,a818c1be
info,registry,people,TG Southee,13c35c9e
ball,1,0.1,New Zealand,MJ Guptill,BB McCullum,JE Taylor,4,0,,,,,,"",""
ball,1,0.2,New Zealand,MJ Guptill,BB McCullum,JE Taylor,0,0,,,,,,"",""
ball,1,0.3,New Zealand,MJ Guptill,BB McCullum,JE Taylor,0,0,,,,,,"",""
ball,1,0.4,New Zealand,MJ Guptill,BB McCullum,JE Taylor,0,0,,,,,,"",""
ball,1,0.5,New Zealand,MJ Guptill,BB McCullum,JE Taylor,0,0,,,,,,"",""
ball,1,0.6,New Zealand,MJ Guptill,BB McCullum,JE Taylor,0,1,,,,1,,"",""
ball,1,1.1,New Zealand,MJ Guptill,BB McCullum,JO Holder,0,0,,,,,,"",""
ball,1,1.2,New Zealand,MJ Guptill,BB McCullum,JO Holder,0,0,,,,,,"",""
ball,1,1.3,New Zealand,MJ Guptill,BB McCullum,JO Holder,0,0,,,,,,"",""
ball,1,1.4,New Zealand,MJ Guptill,BB McCullum,JO Holder,1,0,,,,,,"",""
ball,1,1.5,New Zealand,BB McCullum,MJ Guptill,JO Holder,1,0,,,,,,"",""
ball,1,1.6,New Zealand,MJ Guptill,BB McCullum,JO Holder,1,0,,,,,,"",""
ball,1,2.1,New Zealand,MJ Guptill,BB McCullum,JE Taylor,4,0,,,,,,"",""
ball,1,2.2,New Zealand,MJ Guptill,BB McCullum,JE Taylor,4,0,,,,,,"",""
ball,1,2.3,New Zealand,MJ Guptill,BB McCullum,JE Taylor,0,0,,,,,,"",""
ball,1,2.4,New Zealand,MJ Guptill,BB McCullum,JE Taylor,0,0,,,,,,"",""
ball,1,2.5,New Zealand,MJ Guptill,BB McCullum,JE Taylor,0,0,,,,,,"",""
ball,1,2.6,New Zealand,MJ Guptill,BB McCullum,JE Taylor,0,0,,,,,,"",""
ball,1,3.1,New Zealand,BB McCullum,MJ Guptill,JO Holder,0,0,,,,,,"",""
ball,1,3.2,New Zealand,BB McCullum,MJ Guptill,JO Holder,0,0,,,,,,"",""
ball,1,3.3,New Zealand,BB McCullum,MJ Guptill,JO Holder,4,0,,,,,,"",""
ball,1,3.4,New Zealand,BB McCullum,MJ Guptill,JO Holder,6,0,,,,,,"",""
ball,1,3.5,New Zealand,BB McCullum,MJ Guptill,JO Holder,1,0,,,,,,"",""
ball,1,3.6,New Zealand,MJ Guptill,BB McCullum,JO Holder,0,0,,,,,,"",""
ball,1,4.1,New Zealand,BB McCullum,MJ Guptill,JE Taylor,0,0,,,,,,"",""
ball,1,4.2,New Zealand,BB McCullum,MJ Guptill,JE Taylor,0,0,,,,,,caught,BB McCullum
ball,1,4.3,New Zealand,MJ Guptill,KS Williamson,JE Taylor,0,0,,,,,,"",""
ball,1,4.4,New Zealand,MJ Guptill,KS Williamson,JE Taylor,4,0,,,,,,"",""
ball,1,4.5,New Zealand,MJ Guptill,KS Williamson,JE Taylor,0,0,,,,,,"",""
ball,1,4.6,New Zealand,MJ Guptill,KS Williamson,JE Taylor,0,0,,,,,,"",""
ball,1,5.1,New Zealand,KS Williamson,MJ Guptill,JO Holder,0,0,,,,,,"",""
ball,1,5.2,New Zealand,KS Williamson,MJ Guptill,JO Holder,1,0,,,,,,"",""
ball,1,5.3,New Zealand,MJ Guptill,KS Williamson,JO Holder,1,0,,,,,,"",""
ball,1,5.4,New Zealand,KS Williamson,MJ Guptill,JO Holder,0,0,,,,,,"",""
ball,1,5.5,New Zealand,KS Williamson,MJ Guptill,JO Holder,0,0,,,,,,"",""
ball,1,5.6,New Zealand,KS Williamson,MJ Guptill,JO Holder,1,0,,,,,,"",""
ball,1,6.1,New Zealand,KS Williamson,MJ Guptill,JE Taylor,0,0,,,,,,"",""
ball,1,6.2,New Zealand,KS Williamson,MJ Guptill,JE Taylor,4,0,,,,,,"",""
ball,1,6.3,New Zealand,KS Williamson,MJ Guptill,JE Taylor,4,0,,,,,,"",""
ball,1,6.4,New Zealand,KS Williamson,MJ Guptill,JE Taylor,0,0,,,,,,"",""
ball,1,6.5,New Zealand,KS Williamson,MJ Guptill,JE Taylor,0,0,,,,,,"",""
ball,1,6.6,New Zealand,KS Williamson,MJ Guptill,JE Taylor,4,0,,,,,,"",""
ball,1,7.1,New Zealand,MJ Guptill,KS Williamson,JO Holder,0,0,,,,,,"",""
ball,1,7.2,New Zealand,MJ Guptill,KS Williamson,JO Holder,0,0,,,,,,"",""
ball,1,7.3,New Zealand,MJ Guptill,KS Williamson,JO Holder,0,0,,,,,,"",""
ball,1,7.4,New Zealand,MJ Guptill,KS Williamson,JO Holder,0,0,,,,,,"",""
ball,1,7.5,New Zealand,MJ Guptill,KS Williamson,JO Holder,3,0,,,,,,"",""
ball,1,7.6,New Zealand,KS Williamson,MJ Guptill,JO Holder,0,0,,,,,,"",""
ball,1,8.1,New Zealand,MJ Guptill,KS Williamson,SJ Benn,4,0,,,,,,"",""
ball,1,8.2,New Zealand,MJ Guptill,KS Williamson,SJ Benn,1,0,,,,,,"",""
ball,1,8.3,New Zealand,KS Williamson,MJ Guptill,SJ Benn,1,0,,,,,,"",""
ball,1,8.4,New Zealand,MJ Guptill,KS Williamson,SJ Benn,1,0,,,,,,"",""
ball,1,8.5,New Zealand,KS Williamson,MJ Guptill,SJ Benn,0,0,,,,,,"",""
ball,1,8.6,New Zealand,KS Williamson,MJ Guptill,SJ Benn,1,0,,,,,,"",""
ball,1,9.1,New Zealand,KS Williamson,MJ Guptill,JO Holder,0,0,,,,,,"",""
ball,1,9.2,New Zealand,KS Williamson,MJ Guptill,JO Holder,4,0,,,,,,"",""
ball,1,9.3,New Zealand,KS Williamson,MJ Guptill,JO Holder,1,0,,,,,,"",""
ball,1,9.4,New Zealand,MJ Guptill,KS Williamson,JO Holder,0,0,,,,,,"",""
ball,1,9.5,New Zealand,MJ Guptill,KS Williamson,JO Holder,1,0,,,,,,"",""
ball,1,9.6,New Zealand,KS Williamson,MJ Guptill,JO Holder,0,0,,,,,,"",""
ball,1,10.1,New Zealand,MJ Guptill,KS Williamson,SJ Benn,1,0,,,,,,"",""
ball,1,10.2,New Zealand,KS Williamson,MJ Guptill,SJ Benn,1,0,,,,,,"",""
ball,1,10.3,New Zealand,MJ Guptill,KS Williamson,SJ Benn,4,0,,,,,,"",""
ball,1,10.4,New Zealand,MJ Guptill,KS Williamson,SJ Benn,0,2,2,,,,,"",""
ball,1,10.5,New Zealand,KS Williamson,MJ Guptill,SJ Benn,0,0,,,,,,"",""
ball,1,10.6,New Zealand,KS Williamson,MJ Guptill,SJ Benn,0,0,,,,,,"",""
ball,1,10.7,New Zealand,KS Williamson,MJ Guptill,SJ Benn,0,0,,,,,,"",""
ball,1,11.1,New Zealand,MJ Guptill,KS Williamson,AD Russell,0,0,,,,,,"",""
ball,1,11.2,New Zealand,MJ Guptill,KS Williamson,AD Russell,0,0,,,,,,"",""
ball,1,11.3,New Zealand,MJ Guptill,KS Williamson,AD Russell,1,0,,,,,,"",""
ball,1,11.4,New Zealand,KS Williamson,MJ Guptill,AD Russell,2,0,,,,,,"",""
ball,1,11.5,New Zealand,KS Williamson,MJ Guptill,AD Russell,0,0,,,,,,"",""
ball,1,11.6,New Zealand,KS Williamson,MJ Guptill,AD Russell,4,0,,,,,,"",""
ball,1,12.1,New Zealand,MJ Guptill,KS Williamson,SJ Benn,0,0,,,,,,"",""
ball,1,12.2,New Zealand,MJ Guptill,KS Williamson,SJ Benn,0,0,,,,,,"",""
ball,1,12.3,New Zealand,MJ Guptill,KS Williamson,SJ Benn,0,0,,,,,,"",""
ball,1,12.4,New Zealand,MJ Guptill,KS Williamson,SJ Benn,0,0,,,,,,"",""
ball,1,12.5,New Zealand,MJ Guptill,KS Williamson,SJ Benn,0,0,,,,,,"",""
ball,1,12.6,New Zealand,MJ Guptill,KS Williamson,SJ Benn,0,0,,,,,,"",""
ball,1,13.1,New Zealand,KS Williamson,MJ Guptill,AD Russell,1,0,,,,,,"",""
ball,1,13.2,New Zealand,MJ Guptill,KS Williamson,AD Russell,0,0,,,,,,"",""
ball,1,13.3,New Zealand,MJ Guptill,KS Williamson,AD Russell,0,0,,,,,,"",""
ball,1,13.4,New Zealand,MJ Guptill,KS Williamson,AD Russell,1,0,,,,,,"",""
ball,1,13.5,New Zealand,KS Williamson,MJ Guptill,AD Russell,1,0,,,,,,"",""
ball,1,13.6,New Zealand,MJ Guptill,KS Williamson,AD Russell,1,0,,,,,,"",""
ball,1,14.1,New Zealand,MJ Guptill,KS Williamson,SJ Benn,0,0,,,,,,"",""
ball,1,14.2,New Zealand,MJ Guptill,KS Williamson,SJ Benn,1,0,,,,,,"",""
ball,1,14.3,New Zealand,KS Williamson,MJ Guptill,SJ Benn,0,0,,,,,,"",""
ball,1,14.4,New Zealand,KS Williamson,MJ Guptill,SJ Benn,1,0,,,,,,"",""
ball,1,14.5,New Zealand,MJ Guptill,KS Williamson,SJ Benn,1,0,,,,,,"",""
ball,1,14.6,New Zealand,KS Williamson,MJ Guptill,SJ Benn,1,0,,,,,,"",""
ball,1,15.1,New Zealand,KS Williamson,MJ Guptill,AD Russell,1,0,,,,,,"",""
ball,1,15.2,New Zealand,MJ Guptill,KS Williamson,AD Russell,0,0,,,,,,"",""
ball,1,15.3,New Zealand,MJ Guptill,KS Williamson,AD Russell,0,0,,,,,,"",""
ball,1,15.4,New Zealand,MJ Guptill,KS Williamson,AD Russell,1,0,,,,,,"",""
ball,1,15.5,New Zealand,KS Williamson,MJ Guptill,AD Russell,0,1,,1,,,,"",""
ball,1,15.6,New Zealand,KS Williamson,MJ Guptill,AD Russell,0,0,,,,,,"",""
ball,1,15.7,New Zealand,KS Williamson,MJ Guptill,AD Russell,0,0,,,,,,caught,KS Williamson
ball,1,16.1,New Zealand,MJ Guptill,LRPL Taylor,SJ Benn,1,0,,,,,,"",""
ball,1,16.2,New Zealand,LRPL Taylor,MJ Guptill,SJ Benn,0,0,,,,,,"",""
ball,1,16.3,New Zealand,LRPL Taylor,MJ Guptill,SJ Benn,0,0,,,,,,"",""
ball,1,16.4,New Zealand,LRPL Taylor,MJ Guptill,SJ Benn,1,0,,,,,,"",""
ball,1,16.5,New Zealand,MJ Guptill,LRPL Taylor,SJ Benn,0,0,,,,,,"",""
ball,1,16.6,New Zealand,MJ Guptill,LRPL Taylor,SJ Benn,0,0,,,,,,"",""
ball,1,17.1,New Zealand,LRPL Taylor,MJ Guptill,AD Russell,0,0,,,,,,"",""
ball,1,17.2,New Zealand,LRPL Taylor,MJ Guptill,AD Russell,1,0,,,,,,"",""
ball,1,17.3,New Zealand,MJ Guptill,LRPL Taylor,AD Russell,0,0,,,,,,"",""
ball,1,17.4,New Zealand,MJ Guptill,LRPL Taylor,AD Russell,1,0,,,,,,"",""
ball,1,17.5,New Zealand,LRPL Taylor,MJ Guptill,AD Russell,1,0,,,,,,"",""
ball,1,17.6,New Zealand,MJ Guptill,LRPL Taylor,AD Russell,1,0,,,,,,"",""
ball,1,18.1,New Zealand,MJ Guptill,LRPL Taylor,SJ Benn,1,0,,,,,,"",""
ball,1,18.2,New Zealand,LRPL Taylor,MJ Guptill,SJ Benn,1,0,,,,,,"",""
ball,1,18.3,New Zealand,MJ Guptill,LRPL Taylor,SJ Benn,1,0,,,,,,"",""
ball,1,18.4,New Zealand,LRPL Taylor,MJ Guptill,SJ Benn,0,0,,,,,,"",""
ball,1,18.5,New Zealand,LRPL Taylor,MJ Guptill,SJ Benn,1,0,,,,,,"",""
ball,1,18.6,New Zealand,MJ Guptill,LRPL Taylor,SJ Benn,4,0,,,,,,"",""
ball,1,19.1,New Zealand,LRPL Taylor,MJ Guptill,AD Russell,0,0,,,,,,"",""
ball,1,19.2,New Zealand,LRPL Taylor,MJ Guptill,AD Russell,0,0,,,,,,"",""
ball,1,19.3,New Zealand,LRPL Taylor,MJ Guptill,AD Russell,0,0,,,,,,"",""
ball,1,19.4,New Zealand,LRPL Taylor,MJ Guptill,AD Russell,0,0,,,,,,"",""
ball,1,19.5,New Zealand,LRPL Taylor,MJ Guptill,AD Russell,1,0,,,,,,"",""
ball,1,19.6,New Zealand,MJ Guptill,LRPL Taylor,AD Russell,1,0,,,,,,"",""
ball,1,20.1,New Zealand,MJ Guptill,LRPL Taylor,SJ Benn,0,0,,,,,,"",""
ball,1,20.2,New Zealand,MJ Guptill,LRPL Taylor,SJ Benn,4,0,,,,,,"",""
ball,1,20.3,New Zealand,MJ Guptill,LRPL Taylor,SJ Benn,0,0,,,,,,"",""
ball,1,20.4,New Zealand,MJ Guptill,LRPL Taylor,SJ Benn,1,0,,,,,,"",""
ball,1,20.5,New Zealand,LRPL Taylor,MJ Guptill,SJ Benn,3,0,,,,,,"",""
ball,1,20.6,New Zealand,MJ Guptill,LRPL Taylor,SJ Benn,4,0,,,,,,"",""
ball,1,21.1,New Zealand,LRPL Taylor,MJ Guptill,DJG Sammy,1,0,,,,,,"",""
ball,1,21.2,New Zealand,MJ Guptill,LRPL Taylor,DJG Sammy,1,0,,,,,,"",""
ball,1,21.3,New Zealand,LRPL Taylor,MJ Guptill,DJG Sammy,0,0,,,,,,"",""
ball,1,21.4,New Zealand,LRPL Taylor,MJ Guptill,DJG Sammy,0,0,,,,,,"",""
ball,1,21.5,New Zealand,LRPL Taylor,MJ Guptill,DJG Sammy,1,0,,,,,,"",""
ball,1,21.6,New Zealand,MJ Guptill,LRPL Taylor,DJG Sammy,1,0,,,,,,"",""
ball,1,22.1,New Zealand,MJ Guptill,LRPL Taylor,MN Samuels,2,0,,,,,,"",""
ball,1,22.2,New Zealand,MJ Guptill,LRPL Taylor,MN Samuels,0,0,,,,,,"",""
ball,1,22.3,New Zealand,MJ Guptill,LRPL Taylor,MN Samuels,1,0,,,,,,"",""
ball,1,22.4,New Zealand,LRPL Taylor,MJ Guptill,MN Samuels,1,0,,,,,,"",""
ball,1,22.5,New Zealand,MJ Guptill,LRPL Taylor,MN Samuels,4,0,,,,,,"",""
ball,1,22.6,New Zealand,MJ Guptill,LRPL Taylor,MN Samuels,1,0,,,,,,"",""
ball,1,23.1,New Zealand,MJ Guptill,LRPL Taylor,DJG Sammy,1,0,,,,,,"",""
ball,1,23.2,New Zealand,LRPL Taylor,MJ Guptill,DJG Sammy,0,0,,,,,,"",""
ball,1,23.3,New Zealand,LRPL Taylor,MJ Guptill,DJG Sammy,0,0,,,,,,"",""
ball,1,23.4,New Zealand,LRPL Taylor,MJ Guptill,DJG Sammy,1,0,,,,,,"",""
ball,1,23.5,New Zealand,MJ Guptill,LRPL Taylor,DJG Sammy,1,0,,,,,,"",""
ball,1,23.6,New Zealand,LRPL Taylor,MJ Guptill,DJG Sammy,2,0,,,,,,"",""
ball,1,24.1,New Zealand,MJ Guptill,LRPL Taylor,MN Samuels,0,0,,,,,,"",""
ball,1,24.2,New Zealand,MJ Guptill,LRPL Taylor,MN Samuels,0,0,,,,,,"",""
ball,1,24.3,New Zealand,MJ Guptill,LRPL Taylor,MN Samuels,1,0,,,,,,"",""
ball,1,24.4,New Zealand,LRPL Taylor,MJ Guptill,MN Samuels,0,0,,,,,,"",""
ball,1,24.5,New Zealand,LRPL Taylor,MJ Guptill,MN Samuels,2,0,,,,,,"",""
ball,1,24.6,New Zealand,LRPL Taylor,MJ Guptill,MN Samuels,0,0,,,,,,"",""
ball,1,25.1,New Zealand,MJ Guptill,LRPL Taylor,DJG Sammy,1,0,,,,,,"",""
ball,1,25.2,New Zealand,LRPL Taylor,MJ Guptill,DJG Sammy,0,0,,,,,,"",""
ball,1,25.3,New Zealand,LRPL Taylor,MJ Guptill,DJG Sammy,0,0,,,,,,"",""
ball,1,25.4,New Zealand,LRPL Taylor,MJ Guptill,DJG Sammy,0,0,,,,,,"",""
ball,1,25.5,New Zealand,LRPL Taylor,MJ Guptill,DJG Sammy,0,0,,,,,,"",""
ball,1,25.6,New Zealand,LRPL Taylor,MJ Guptill,DJG Sammy,1,0,,,,,,"",""
ball,1,26.1,New Zealand,LRPL Taylor,MJ Guptill,MN Samuels,1,0,,,,,,"",""
ball,1,26.2,New Zealand,MJ Guptill,LRPL Taylor,MN Samuels,1,0,,,,,,"",""
ball,1,26.3,New Zealand,LRPL Taylor,MJ Guptill,MN Samuels,1,0,,,,,,"",""
ball,1,26.4,New Zealand,MJ Guptill,LRPL Taylor,MN Samuels,1,0,,,,,,"",""
ball,1,26.5,New Zealand,LRPL Taylor,MJ Guptill,MN Samuels,1,0,,,,,,"",""
ball,1,26.6,New Zealand,MJ Guptill,LRPL Taylor,MN Samuels,1,0,,,,,,"",""
ball,1,27.1,New Zealand,MJ Guptill,LRPL Taylor,DJG Sammy,0,0,,,,,,"",""
ball,1,27.2,New Zealand,MJ Guptill,LRPL Taylor,DJG Sammy,0,0,,,,,,"",""
ball,1,27.3,New Zealand,MJ Guptill,LRPL Taylor,DJG Sammy,1,0,,,,,,"",""
ball,1,27.4,New Zealand,LRPL Taylor,MJ Guptill,DJG Sammy,1,0,,,,,,"",""
ball,1,27.5,New Zealand,MJ Guptill,LRPL Taylor,DJG Sammy,1,0,,,,,,"",""
ball,1,27.6,New Zealand,LRPL Taylor,MJ Guptill,DJG Sammy,0,0,,,,,,"",""
ball,1,28.1,New Zealand,MJ Guptill,LRPL Taylor,MN Samuels,3,0,,,,,,"",""
ball,1,28.2,New Zealand,LRPL Taylor,MJ Guptill,MN Samuels,1,0,,,,,,"",""
ball,1,28.3,New Zealand,MJ Guptill,LRPL Taylor,MN Samuels,1,0,,,,,,"",""
ball,1,28.4,New Zealand,LRPL Taylor,MJ Guptill,MN Samuels,0,0,,,,,,"",""
ball,1,28.5,New Zealand,LRPL Taylor,MJ Guptill,MN Samuels,0,0,,,,,,"",""
ball,1,28.6,New Zealand,LRPL Taylor,MJ Guptill,MN Samuels,1,0,,,,,,"",""
ball,1,29.1,New Zealand,LRPL Taylor,MJ Guptill,DJG Sammy,0,0,,,,,,"",""
ball,1,29.2,New Zealand,LRPL Taylor,MJ Guptill,DJG Sammy,0,1,,,,1,,"",""
ball,1,29.3,New Zealand,MJ Guptill,LRPL Taylor,DJG Sammy,0,0,,,,,,"",""
ball,1,29.4,New Zealand,MJ Guptill,LRPL Taylor,DJG Sammy,0,0,,,,,,"",""
ball,1,29.5,New Zealand,MJ Guptill,LRPL Taylor,DJG Sammy,0,0,,,,,,"",""
ball,1,29.6,New Zealand,MJ Guptill,LRPL Taylor,DJG Sammy,4,0,,,,,,"",""
ball,1,30.1,New Zealand,LRPL Taylor,MJ Guptill,MN Samuels,1,0,,,,,,"",""
ball,1,30.2,New Zealand,MJ Guptill,LRPL Taylor,MN Samuels,0,0,,,,,,"",""
ball,1,30.3,New Zealand,MJ Guptill,LRPL Taylor,MN Samuels,0,0,,,,,,"",""
ball,1,30.4,New Zealand,MJ Guptill,LRPL Taylor,MN Samuels,2,0,,,,,,"",""
ball,1,30.5,New Zealand,MJ Guptill,LRPL Taylor,MN Samuels,0,0,,,,,,"",""
ball,1,30.6,New Zealand,MJ Guptill,LRPL Taylor,MN Samuels,0,0,,,,,,"",""
ball,1,31.1,New Zealand,LRPL Taylor,MJ Guptill,DJG Sammy,0,0,,,,,,"",""
ball,1,31.2,New Zealand,LRPL Taylor,MJ Guptill,DJG Sammy,0,0,,,,,,"",""
ball,1,31.3,New Zealand,LRPL Taylor,MJ Guptill,DJG Sammy,0,0,,,,,,"",""
ball,1,31.4,New Zealand,LRPL Taylor,MJ Guptill,DJG Sammy,0,1,1,,,,,"",""
ball,1,31.5,New Zealand,LRPL Taylor,MJ Guptill,DJG Sammy,1,0,,,,,,"",""
ball,1,31.6,New Zealand,MJ Guptill,LRPL Taylor,DJG Sammy,1,0,,,,,,"",""
ball,1,31.7,New Zealand,LRPL Taylor,MJ Guptill,DJG Sammy,0,0,,,,,,"",""
ball,1,32.1,New Zealand,MJ Guptill,LRPL Taylor,MN Samuels,4,0,,,,,,"",""
ball,1,32.2,New Zealand,MJ Guptill,LRPL Taylor,MN Samuels,0,0,,,,,,"",""
ball,1,32.3,New Zealand,MJ Guptill,LRPL Taylor,MN Samuels,1,0,,,,,,"",""
ball,1,32.4,New Zealand,LRPL Taylor,MJ Guptill,MN Samuels,1,0,,,,,,"",""
ball,1,32.5,New Zealand,MJ Guptill,LRPL Taylor,MN Samuels,1,0,,,,,,"",""
ball,1,32.6,New Zealand,LRPL Taylor,MJ Guptill,MN Samuels,2,0,,,,,,"",""
ball,1,33.1,New Zealand,MJ Guptill,LRPL Taylor,DJG Sammy,0,0,,,,,,"",""
ball,1,33.2,New Zealand,MJ Guptill,LRPL Taylor,DJG Sammy,1,0,,,,,,"",""
ball,1,33.3,New Zealand,LRPL Taylor,MJ Guptill,DJG Sammy,1,0,,,,,,"",""
ball,1,33.4,New Zealand,MJ Guptill,LRPL Taylor,DJG Sammy,0,0,,,,,,"",""
ball,1,33.5,New Zealand,MJ Guptill,LRPL Taylor,DJG Sammy,1,0,,,,,,"",""
ball,1,33.6,New Zealand,LRPL Taylor,MJ Guptill,DJG Sammy,1,0,,,,,,"",""
ball,1,34.1,New Zealand,LRPL Taylor,MJ Guptill,MN Samuels,0,0,,,,,,"",""
ball,1,34.2,New Zealand,LRPL Taylor,MJ Guptill,MN Samuels,1,0,,,,,,"",""
ball,1,34.3,New Zealand,MJ Guptill,LRPL Taylor,MN Samuels,2,0,,,,,,"",""
ball,1,34.4,New Zealand,MJ Guptill,LRPL Taylor,MN Samuels,1,0,,,,,,"",""
ball,1,34.5,New Zealand,LRPL Taylor,MJ Guptill,MN Samuels,4,0,,,,,,"",""
ball,1,34.6,New Zealand,LRPL Taylor,MJ Guptill,MN Samuels,0,0,,,,,,"",""
ball,1,35.1,New Zealand,MJ Guptill,LRPL Taylor,DJG Sammy,1,0,,,,,,"",""
ball,1,35.2,New Zealand,LRPL Taylor,MJ Guptill,DJG Sammy,4,0,,,,,,"",""
ball,1,35.3,New Zealand,LRPL Taylor,MJ Guptill,DJG Sammy,1,0,,,,,,"",""
ball,1,35.4,New Zealand,MJ Guptill,LRPL Taylor,DJG Sammy,0,0,,,,,,"",""
ball,1,35.5,New Zealand,MJ Guptill,LRPL Taylor,DJG Sammy,6,0,,,,,,"",""
ball,1,35.6,New Zealand,MJ Guptill,LRPL Taylor,DJG Sammy,1,0,,,,,,"",""
ball,1,36.1,New Zealand,MJ Guptill,LRPL Taylor,SJ Benn,4,0,,,,,,"",""
ball,1,36.2,New Zealand,MJ Guptill,LRPL Taylor,SJ Benn,0,0,,,,,,"",""
ball,1,36.3,New Zealand,MJ Guptill,LRPL Taylor,SJ Benn,4,0,,,,,,"",""
ball,1,36.4,New Zealand,MJ Guptill,LRPL Taylor,SJ Benn,0,0,,,,,,"",""
ball,1,36.5,New Zealand,MJ Guptill,LRPL Taylor,SJ Benn,1,0,,,,,,"",""
ball,1,36.6,New Zealand,LRPL Taylor,MJ Guptill,SJ Benn,0,0,,,,,,"",""
ball,1,37.1,New Zealand,MJ Guptill,LRPL Taylor,JE Taylor,0,0,,,,,,"",""
ball,1,37.2,New Zealand,MJ Guptill,LRPL Taylor,JE Taylor,4,0,,,,,,"",""
ball,1,37.3,New Zealand,MJ Guptill,LRPL Taylor,JE Taylor,0,0,,,,,,"",""
ball,1,37.4,New Zealand,MJ Guptill,LRPL Taylor,JE Taylor,2,0,,,,,,"",""
ball,1,37.5,New Zealand,MJ Guptill,LRPL Taylor,JE Taylor,6,0,,,,,,"",""
ball,1,37.6,New Zealand,MJ Guptill,LRPL Taylor,JE Taylor,4,0,,,,,,"",""
ball,1,38.1,New Zealand,LRPL Taylor,MJ Guptill,SJ Benn,1,0,,,,,,"",""
ball,1,38.2,New Zealand,MJ Guptill,LRPL Taylor,SJ Benn,6,0,,,,,,"",""
ball,1,38.3,New Zealand,MJ Guptill,LRPL Taylor,SJ Benn,0,0,,,,,,run out,LRPL Taylor
ball,1,38.4,New Zealand,MJ Guptill,CJ Anderson,SJ Benn,1,0,,,,,,"",""
ball,1,38.5,New Zealand,CJ Anderson,MJ Guptill,SJ Benn,0,0,,,,,,"",""
ball,1,38.6,New Zealand,CJ Anderson,MJ Guptill,SJ Benn,0,0,,,,,,"",""
ball,1,39.1,New Zealand,MJ Guptill,CJ Anderson,JO Holder,4,0,,,,,,"",""
ball,1,39.2,New Zealand,MJ Guptill,CJ Anderson,JO Holder,1,0,,,,,,"",""
ball,1,39.3,New Zealand,CJ Anderson,MJ Guptill,JO Holder,0,0,,,,,,"",""
ball,1,39.4,New Zealand,CJ Anderson,MJ Guptill,JO Holder,0,0,,,,,,"",""
ball,1,39.5,New Zealand,CJ Anderson,MJ Guptill,JO Holder,0,0,,,,,,"",""
ball,1,39.6,New Zealand,CJ Anderson,MJ Guptill,JO Holder,2,0,,,,,,"",""
ball,1,40.1,New Zealand,MJ Guptill,CJ Anderson,SJ Benn,0,0,,,,,,"",""
ball,1,40.2,New Zealand,MJ Guptill,CJ Anderson,SJ Benn,4,0,,,,,,"",""
ball,1,40.3,New Zealand,MJ Guptill,CJ Anderson,SJ Benn,1,0,,,,,,"",""
ball,1,40.4,New Zealand,CJ Anderson,MJ Guptill,SJ Benn,0,0,,,,,,"",""
ball,1,40.5,New Zealand,CJ Anderson,MJ Guptill,SJ Benn,0,1,1,,,,,"",""
ball,1,40.6,New Zealand,CJ Anderson,MJ Guptill,SJ Benn,1,0,,,,,,"",""
ball,1,40.7,New Zealand,MJ Guptill,CJ Anderson,SJ Benn,0,0,,,,,,"",""
ball,1,41.1,New Zealand,CJ Anderson,MJ Guptill,AD Russell,0,0,,,,,,"",""
ball,1,41.2,New Zealand,CJ Anderson,MJ Guptill,AD Russell,6,0,,,,,,"",""
ball,1,41.3,New Zealand,CJ Anderson,MJ Guptill,AD Russell,4,0,,,,,,"",""
ball,1,41.4,New Zealand,CJ Anderson,MJ Guptill,AD Russell,1,0,,,,,,"",""
ball,1,41.5,New Zealand,MJ Guptill,CJ Anderson,AD Russell,0,1,1,,,,,"",""
ball,1,41.6,New Zealand,MJ Guptill,CJ Anderson,AD Russell,2,0,,,,,,"",""
ball,1,41.7,New Zealand,MJ Guptill,CJ Anderson,AD Russell,1,0,,,,,,"",""
ball,1,42.1,New Zealand,MJ Guptill,CJ Anderson,JO Holder,1,0,,,,,,"",""
ball,1,42.2,New Zealand,CJ Anderson,MJ Guptill,JO Holder,0,0,,,,,,"",""
ball,1,42.3,New Zealand,CJ Anderson,MJ Guptill,JO Holder,1,0,,,,,,"",""
ball,1,42.4,New Zealand,MJ Guptill,CJ Anderson,JO Holder,6,0,,,,,,"",""
ball,1,42.5,New Zealand,MJ Guptill,CJ Anderson,JO Holder,2,0,,,,,,"",""
ball,1,42.6,New Zealand,MJ Guptill,CJ Anderson,JO Holder,6,0,,,,,,"",""
ball,1,43.1,New Zealand,CJ Anderson,MJ Guptill,AD Russell,0,0,,,,,,"",""
ball,1,43.2,New Zealand,CJ Anderson,MJ Guptill,AD Russell,0,0,,,,,,caught,CJ Anderson
ball,1,43.3,New Zealand,GD Elliott,MJ Guptill,AD Russell,1,0,,,,,,"",""
ball,1,43.4,New Zealand,MJ Guptill,GD Elliott,AD Russell,1,0,,,,,,"",""
ball,1,43.5,New Zealand,GD Elliott,MJ Guptill,AD Russell,2,0,,,,,,"",""
ball,1,43.6,New Zealand,GD Elliott,MJ Guptill,AD Russell,0,0,,,,,,"",""
ball,1,44.1,New Zealand,MJ Guptill,GD Elliott,JO Holder,6,0,,,,,,"",""
ball,1,44.2,New Zealand,MJ Guptill,GD Elliott,JO Holder,1,0,,,,,,"",""
ball,1,44.3,New Zealand,GD Elliott,MJ Guptill,JO Holder,4,0,,,,,,"",""
ball,1,44.4,New Zealand,GD Elliott,MJ Guptill,JO Holder,3,0,,,,,,"",""
ball,1,44.5,New Zealand,MJ Guptill,GD Elliott,JO Holder,6,0,,,,,,"",""
ball,1,44.6,New Zealand,MJ Guptill,GD Elliott,JO Holder,0,1,1,,,,,"",""
ball,1,44.7,New Zealand,MJ Guptill,GD Elliott,JO Holder,6,0,,,,,,"",""
ball,1,45.1,New Zealand,GD Elliott,MJ Guptill,AD Russell,0,1,1,,,,,"",""
ball,1,45.2,New Zealand,GD Elliott,MJ Guptill,AD Russell,1,0,,,,,,"",""
ball,1,45.3,New Zealand,MJ Guptill,GD Elliott,AD Russell,4,0,,,,,,"",""
ball,1,45.4,New Zealand,MJ Guptill,GD Elliott,AD Russell,1,0,,,,,,"",""
ball,1,45.5,New Zealand,GD Elliott,MJ Guptill,AD Russell,6,0,,,,,,"",""
ball,1,45.6,New Zealand,GD Elliott,MJ Guptill,AD Russell,6,0,,,,,,"",""
ball,1,45.7,New Zealand,GD Elliott,MJ Guptill,AD Russell,0,0,,,,,,"",""
ball,1,46.1,New Zealand,MJ Guptill,GD Elliott,JE Taylor,1,0,,,,,,"",""
ball,1,46.2,New Zealand,GD Elliott,MJ Guptill,JE Taylor,4,0,,,,,,"",""
ball,1,46.3,New Zealand,GD Elliott,MJ Guptill,JE Taylor,0,0,,,,,,lbw,GD Elliott
ball,1,46.4,New Zealand,L Ronchi,MJ Guptill,JE Taylor,1,0,,,,,,"",""
ball,1,46.5,New Zealand,MJ Guptill,L Ronchi,JE Taylor,4,0,,,,,,"",""
ball,1,46.6,New Zealand,MJ Guptill,L Ronchi,JE Taylor,1,0,,,,,,"",""
ball,1,47.1,New Zealand,MJ Guptill,L Ronchi,AD Russell,4,0,,,,,,"",""
ball,1,47.2,New Zealand,MJ Guptill,L Ronchi,AD Russell,6,0,,,,,,"",""
ball,1,47.3,New Zealand,MJ Guptill,L Ronchi,AD Russell,4,0,,,,,,"",""
ball,1,47.4,New Zealand,MJ Guptill,L Ronchi,AD Russell,0,0,,,,,,"",""
ball,1,47.5,New Zealand,MJ Guptill,L Ronchi,AD Russell,4,0,,,,,,"",""
ball,1,47.6,New Zealand,MJ Guptill,L Ronchi,AD Russell,0,0,,,,,,"",""
ball,1,48.1,New Zealand,L Ronchi,MJ Guptill,JE Taylor,4,0,,,,,,"",""
ball,1,48.2,New Zealand,L Ronchi,MJ Guptill,JE Taylor,4,0,,,,,,"",""
ball,1,48.3,New Zealand,L Ronchi,MJ Guptill,JE Taylor,0,0,,,,,,"",""
ball,1,48.4,New Zealand,L Ronchi,MJ Guptill,JE Taylor,0,0,,,,,,caught,L Ronchi
ball,1,48.5,New Zealand,DL Vettori,MJ Guptill,JE Taylor,4,0,,,,,,"",""
ball,1,48.6,New Zealand,DL Vettori,MJ Guptill,JE Taylor,4,0,,,,,,"",""
ball,1,49.1,New Zealand,MJ Guptill,DL Vettori,AD Russell,6,0,,,,,,"",""
ball,1,49.2,New Zealand,MJ Guptill,DL Vettori,AD Russell,0,0,,,,,,"",""
ball,1,49.3,New Zealand,MJ Guptill,DL Vettori,AD Russell,2,0,,,,,,"",""
ball,1,49.4,New Zealand,MJ Guptill,DL Vettori,AD Russell,6,0,,,,,,"",""
ball,1,49.5,New Zealand,MJ Guptill,DL Vettori,AD Russell,4,0,,,,,,"",""
ball,1,49.6,New Zealand,MJ Guptill,DL Vettori,AD Russell,2,0,,,,,,"",""
ball,2,0.1,West Indies,CH Gayle,J Charles,TG Southee,1,0,,,,,,"",""
ball,2,0.2,West Indies,J Charles,CH Gayle,TG Southee,0,0,,,,,,"",""
ball,2,0.3,West Indies,J Charles,CH Gayle,TG Southee,0,0,,,,,,"",""
ball,2,0.4,West Indies,J Charles,CH Gayle,TG Southee,2,0,,,,,,"",""
ball,2,0.5,West Indies,J Charles,CH Gayle,TG Southee,1,0,,,,,,"",""
ball,2,0.6,West Indies,CH Gayle,J Charles,TG Southee,0,0,,,,,,"",""
ball,2,1.1,West Indies,J Charles,CH Gayle,TA Boult,0,0,,,,,,"",""
ball,2,1.2,West Indies,J Charles,CH Gayle,TA Boult,0,0,,,,,,bowled,J Charles
ball,2,1.3,West Indies,LMP Simmons,CH Gayle,TA Boult,0,0,,,,,,"",""
ball,2,1.4,West Indies,LMP Simmons,CH Gayle,TA Boult,0,0,,,,,,"",""
ball,2,1.5,West Indies,LMP Simmons,CH Gayle,TA Boult,0,0,,,,,,"",""
ball,2,1.6,West Indies,LMP Simmons,CH Gayle,TA Boult,0,0,,,,,,"",""
ball,2,2.1,West Indies,CH Gayle,LMP Simmons,TG Southee,0,0,,,,,,"",""
ball,2,2.2,West Indies,CH Gayle,LMP Simmons,TG Southee,0,0,,,,,,"",""
ball,2,2.3,West Indies,CH Gayle,LMP Simmons,TG Southee,0,0,,,,,,"",""
ball,2,2.4,West Indies,CH Gayle,LMP Simmons,TG Southee,0,0,,,,,,"",""
ball,2,2.5,West Indies,CH Gayle,LMP Simmons,TG Southee,0,0,,,,,,"",""
ball,2,2.6,West Indies,CH Gayle,LMP Simmons,TG Southee,0,1,1,,,,,"",""
ball,2,2.7,West Indies,CH Gayle,LMP Simmons,TG Southee,0,0,,,,,,"",""
ball,2,3.1,West Indies,LMP Simmons,CH Gayle,TA Boult,0,0,,,,,,"",""
ball,2,3.2,West Indies,LMP Simmons,CH Gayle,TA Boult,0,0,,,,,,"",""
ball,2,3.3,West Indies,LMP Simmons,CH Gayle,TA Boult,0,0,,,,,,"",""
ball,2,3.4,West Indies,LMP Simmons,CH Gayle,TA Boult,0,0,,,,,,"",""
ball,2,3.5,West Indies,LMP Simmons,CH Gayle,TA Boult,0,0,,,,,,"",""
ball,2,3.6,West Indies,LMP Simmons,CH Gayle,TA Boult,1,0,,,,,,"",""
ball,2,4.1,West Indies,LMP Simmons,CH Gayle,TG Southee,0,0,,,,,,"",""
ball,2,4.2,West Indies,LMP Simmons,CH Gayle,TG Southee,4,0,,,,,,"",""
ball,2,4.3,West Indies,LMP Simmons,CH Gayle,TG Southee,0,0,,,,,,"",""
ball,2,4.4,West Indies,LMP Simmons,CH Gayle,TG Southee,1,0,,,,,,"",""
ball,2,4.5,West Indies,CH Gayle,LMP Simmons,TG Southee,6,0,,,,,,"",""
ball,2,4.6,West Indies,CH Gayle,LMP Simmons,TG Southee,4,0,,,,,,"",""
ball,2,5.1,West Indies,LMP Simmons,CH Gayle,TA Boult,0,0,,,,,,"",""
ball,2,5.2,West Indies,LMP Simmons,CH Gayle,TA Boult,6,0,,,,,,"",""
ball,2,5.3,West Indies,LMP Simmons,CH Gayle,TA Boult,0,0,,,,,,caught,LMP Simmons
ball,2,5.4,West Indies,MN Samuels,CH Gayle,TA Boult,2,0,,,,,,"",""
ball,2,5.5,West Indies,MN Samuels,CH Gayle,TA Boult,0,0,,,,,,"",""
ball,2,5.6,West Indies,MN Samuels,CH Gayle,TA Boult,1,0,,,,,,"",""
ball,2,6.1,West Indies,MN Samuels,CH Gayle,DL Vettori,1,0,,,,,,"",""
ball,2,6.2,West Indies,CH Gayle,MN Samuels,DL Vettori,1,0,,,,,,"",""
ball,2,6.3,West Indies,MN Samuels,CH Gayle,DL Vettori,1,0,,,,,,"",""
ball,2,6.4,West Indies,CH Gayle,MN Samuels,DL Vettori,6,0,,,,,,"",""
ball,2,6.5,West Indies,CH Gayle,MN Samuels,DL Vettori,6,0,,,,,,"",""
ball,2,6.6,West Indies,CH Gayle,MN Samuels,DL Vettori,6,0,,,,,,"",""
ball,2,7.1,West Indies,MN Samuels,CH Gayle,TA Boult,0,0,,,,,,"",""
ball,2,7.2,West Indies,MN Samuels,CH Gayle,TA Boult,0,0,,,,,,"",""
ball,2,7.3,West Indies,MN Samuels,CH Gayle,TA Boult,1,0,,,,,,"",""
ball,2,7.4,West Indies,CH Gayle,MN Samuels,TA Boult,0,0,,,,,,"",""
ball,2,7.5,West Indies,CH Gayle,MN Samuels,TA Boult,6,0,,,,,,"",""
ball,2,7.6,West Indies,CH Gayle,MN Samuels,TA Boult,0,1,1,,,,,"",""
ball,2,7.7,West Indies,CH Gayle,MN Samuels,TA Boult,0,0,,,,,,"",""
ball,2,8.1,West Indies,MN Samuels,CH Gayle,TG Southee,4,0,,,,,,"",""
ball,2,8.2,West Indies,MN Samuels,CH Gayle,TG Southee,4,0,,,,,,"",""
ball,2,8.3,West Indies,MN Samuels,CH Gayle,TG Southee,2,0,,,,,,"",""
ball,2,8.4,West Indies,MN Samuels,CH Gayle,TG Southee,6,0,,,,,,"",""
ball,2,8.5,West Indies,MN Samuels,CH Gayle,TG Southee,4,0,,,,,,"",""
ball,2,8.6,West Indies,MN Samuels,CH Gayle,TG Southee,1,0,,,,,,"",""
ball,2,9.1,West Indies,MN Samuels,CH Gayle,TA Boult,0,0,,,,,,caught,MN Samuels
ball,2,9.2,West Indies,D Ramdin,CH Gayle,TA Boult,0,0,,,,,,"",""
ball,2,9.3,West Indies,D Ramdin,CH Gayle,TA Boult,0,0,,,,,,"",""
ball,2,9.4,West Indies,D Ramdin,CH Gayle,TA Boult,0,0,,,,,,"",""
ball,2,9.5,West Indies,D Ramdin,CH Gayle,TA Boult,0,0,,,,,,lbw,D Ramdin
ball,2,9.6,West Indies,JL Carter,CH Gayle,TA Boult,0,0,,,,,,"",""
ball,2,10.1,West Indies,CH Gayle,JL Carter,TG Southee,0,0,,,,,,"",""
ball,2,10.2,West Indies,CH Gayle,JL Carter,TG Southee,0,0,,,,,,"",""
ball,2,10.3,West Indies,CH Gayle,JL Carter,TG Southee,6,0,,,,,,"",""
ball,2,10.4,West Indies,CH Gayle,JL Carter,TG Southee,0,0,,,,,,"",""
ball,2,10.5,West Indies,CH Gayle,JL Carter,TG Southee,6,0,,,,,,"",""
ball,2,10.6,West Indies,CH Gayle,JL Carter,TG Southee,0,0,,,,,,"",""
ball,2,11.1,West Indies,JL Carter,CH Gayle,TA Boult,0,0,,,,,,"",""
ball,2,11.2,West Indies,JL Carter,CH Gayle,TA Boult,0,0,,,,,,"",""
ball,2,11.3,West Indies,JL Carter,CH Gayle,TA Boult,4,0,,,,,,"",""
ball,2,11.4,West Indies,JL Carter,CH Gayle,TA Boult,0,1,1,,,,,"",""
ball,2,11.5,West Indies,JL Carter,CH Gayle,TA Boult,0,0,,,,,,"",""
ball,2,11.6,West Indies,JL Carter,CH Gayle,TA Boult,4,0,,,,,,"",""
ball,2,11.7,West Indies,JL Carter,CH Gayle,TA Boult,0,0,,,,,,"",""
ball,2,12.1,West Indies,CH Gayle,JL Carter,AF Milne,1,0,,,,,,"",""
ball,2,12.2,West Indies,JL Carter,CH Gayle,AF Milne,0,1,1,,,,,"",""
ball,2,12.3,West Indies,JL Carter,CH Gayle,AF Milne,1,0,,,,,,"",""
ball,2,12.4,West Indies,CH Gayle,JL Carter,AF Milne,0,0,,,,,,"",""
ball,2,12.5,West Indies,CH Gayle,JL Carter,AF Milne,4,0,,,,,,"",""
ball,2,12.6,West Indies,CH Gayle,JL Carter,AF Milne,0,0,,,,,,"",""
ball,2,12.7,West Indies,CH Gayle,JL Carter,AF Milne,0,0,,,,,,"",""
ball,2,13.1,West Indies,JL Carter,CH Gayle,TA Boult,0,0,,,,,,"",""
ball,2,13.2,West Indies,JL Carter,CH Gayle,TA Boult,0,0,,,,,,"",""
ball,2,13.3,West Indies,JL Carter,CH Gayle,TA Boult,0,0,,,,,,"",""
ball,2,13.4,West Indies,JL Carter,CH Gayle,TA Boult,0,0,,,,,,"",""
ball,2,13.5,West Indies,JL Carter,CH Gayle,TA Boult,0,0,,,,,,"",""
ball,2,13.6,West Indies,JL Carter,CH Gayle,TA Boult,0,0,,,,,,"",""
ball,2,14.1,West Indies,CH Gayle,JL Carter,AF Milne,0,0,,,,,,"",""
ball,2,14.2,West Indies,CH Gayle,JL Carter,AF Milne,6,0,,,,,,"",""
ball,2,14.3,West Indies,CH Gayle,JL Carter,AF Milne,1,0,,,,,,"",""
ball,2,14.4,West Indies,JL Carter,CH Gayle,AF Milne,0,0,,,,,,"",""
ball,2,14.5,West Indies,JL Carter,CH Gayle,AF Milne,0,0,,,,,,"",""
ball,2,14.6,West Indies,JL Carter,CH Gayle,AF Milne,0,0,,,,,,"",""
ball,2,15.1,West Indies,CH Gayle,JL Carter,TA Boult,1,0,,,,,,"",""
ball,2,15.2,West Indies,JL Carter,CH Gayle,TA Boult,4,0,,,,,,"",""
ball,2,15.3,West Indies,JL Carter,CH Gayle,TA Boult,0,0,,,,,,"",""
ball,2,15.4,West Indies,JL Carter,CH Gayle,TA Boult,0,0,,,,,,"",""
ball,2,15.5,West Indies,JL Carter,CH Gayle,TA Boult,0,0,,,,,,"",""
ball,2,15.6,West Indies,JL Carter,CH Gayle,TA Boult,0,0,,,,,,"",""
ball,2,16.1,West Indies,CH Gayle,JL Carter,AF Milne,0,0,,,,,,bowled,CH Gayle
ball,2,16.2,West Indies,DJG Sammy,JL Carter,AF Milne,4,0,,,,,,"",""
ball,2,16.3,West Indies,DJG Sammy,JL Carter,AF Milne,4,0,,,,,,"",""
ball,2,16.4,West Indies,DJG Sammy,JL Carter,AF Milne,1,0,,,,,,"",""
ball,2,16.5,West Indies,JL Carter,DJG Sammy,AF Milne,1,0,,,,,,"",""
ball,2,16.6,West Indies,DJG Sammy,JL Carter,AF Milne,2,0,,,,,,"",""
ball,2,17.1,West Indies,JL Carter,DJG Sammy,TA Boult,0,0,,,,,,"",""
ball,2,17.2,West Indies,JL Carter,DJG Sammy,TA Boult,1,0,,,,,,"",""
ball,2,17.3,West Indies,DJG Sammy,JL Carter,TA Boult,0,0,,,,,,"",""
ball,2,17.4,West Indies,DJG Sammy,JL Carter,TA Boult,1,0,,,,,,"",""
ball,2,17.5,West Indies,JL Carter,DJG Sammy,TA Boult,0,0,,,,,,"",""
ball,2,17.6,West Indies,JL Carter,DJG Sammy,TA Boult,0,0,,,,,,"",""
ball,2,18.1,West Indies,DJG Sammy,JL Carter,DL Vettori,1,0,,,,,,"",""
ball,2,18.2,West Indies,JL Carter,DJG Sammy,DL Vettori,1,0,,,,,,"",""
ball,2,18.3,West Indies,DJG Sammy,JL Carter,DL Vettori,4,0,,,,,,"",""
ball,2,18.4,West Indies,DJG Sammy,JL Carter,DL Vettori,1,0,,,,,,"",""
ball,2,18.5,West Indies,JL Carter,DJG Sammy,DL Vettori,6,0,,,,,,"",""
ball,2,18.6,West Indies,JL Carter,DJG Sammy,DL Vettori,4,0,,,,,,"",""
ball,2,19.1,West Indies,DJG Sammy,JL Carter,TA Boult,1,0,,,,,,"",""
ball,2,19.2,West Indies,JL Carter,DJG Sammy,TA Boult,0,0,,,,,,"",""
ball,2,19.3,West Indies,JL Carter,DJG Sammy,TA Boult,2,0,,,,,,"",""
ball,2,19.4,West Indies,JL Carter,DJG Sammy,TA Boult,1,0,,,,,,"",""
ball,2,19.5,West Indies,DJG Sammy,JL Carter,TA Boult,6,0,,,,,,"",""
ball,2,19.6,West Indies,DJG Sammy,JL Carter,TA Boult,0,0,,,,,,"",""
ball,2,20.1,West Indies,JL Carter,DJG Sammy,DL Vettori,1,0,,,,,,"",""
ball,2,20.2,West Indies,DJG Sammy,JL Carter,DL Vettori,1,0,,,,,,"",""
ball,2,20.3,West Indies,JL Carter,DJG Sammy,DL Vettori,1,0,,,,,,"",""
ball,2,20.4,West Indies,DJG Sammy,JL Carter,DL Vettori,0,0,,,,,,"",""
ball,2,20.5,West Indies,DJG Sammy,JL Carter,DL Vettori,1,0,,,,,,"",""
ball,2,20.6,West Indies,JL Carter,DJG Sammy,DL Vettori,0,0,,,,,,"",""
ball,2,21.1,West Indies,DJG Sammy,JL Carter,CJ Anderson,0,1,1,,,,,"",""
ball,2,21.2,West Indies,DJG Sammy,JL Carter,CJ Anderson,0,0,,,,,,caught,DJG Sammy
ball,2,21.3,West Indies,JL Carter,AD Russell,CJ Anderson,1,0,,,,,,"",""
ball,2,21.4,West Indies,AD Russell,JL Carter,CJ Anderson,0,0,,,,,,"",""
ball,2,21.5,West Indies,AD Russell,JL Carter,CJ Anderson,4,0,,,,,,"",""
ball,2,21.6,West Indies,AD Russell,JL Carter,CJ Anderson,1,0,,,,,,"",""
ball,2,21.7,West Indies,JL Carter,AD Russell,CJ Anderson,0,0,,,,,,"",""
ball,2,22.1,West Indies,AD Russell,JL Carter,DL Vettori,0,0,,,,,,"",""
ball,2,22.2,West Indies,AD Russell,JL Carter,DL Vettori,1,0,,,,,,"",""
ball,2,22.3,West Indies,JL Carter,AD Russell,DL Vettori,0,0,,,,,,bowled,JL Carter
ball,2,22.4,West Indies,JO Holder,AD Russell,DL Vettori,0,0,,,,,,"",""
ball,2,22.5,West Indies,JO Holder,AD Russell,DL Vettori,0,0,,,,,,"",""
ball,2,22.6,West Indies,JO Holder,AD Russell,DL Vettori,1,0,,,,,,"",""
ball,2,23.1,West Indies,JO Holder,AD Russell,CJ Anderson,4,0,,,,,,"",""
ball,2,23.2,West Indies,JO Holder,AD Russell,CJ Anderson,0,0,,,,,,"",""
ball,2,23.3,West Indies,JO Holder,AD Russell,CJ Anderson,0,0,,,,,,"",""
ball,2,23.4,West Indies,JO Holder,AD Russell,CJ Anderson,1,0,,,,,,"",""
ball,2,23.5,West Indies,AD Russell,JO Holder,CJ Anderson,6,0,,,,,,"",""
ball,2,23.6,West Indies,AD Russell,JO Holder,CJ Anderson,6,0,,,,,,"",""
ball,2,24.1,West Indies,JO Holder,AD Russell,DL Vettori,6,0,,,,,,"",""
ball,2,24.2,West Indies,JO Holder,AD Russell,DL Vettori,1,0,,,,,,"",""
ball,2,24.3,West Indies,AD Russell,JO Holder,DL Vettori,1,0,,,,,,"",""
ball,2,24.4,West Indies,JO Holder,AD Russell,DL Vettori,1,0,,,,,,"",""
ball,2,24.5,West Indies,AD Russell,JO Holder,DL Vettori,0,0,,,,,,"",""
ball,2,24.6,West Indies,AD Russell,JO Holder,DL Vettori,1,0,,,,,,"",""
ball,2,25.1,West Indies,AD Russell,JO Holder,TG Southee,0,0,,,,,,bowled,AD Russell
ball,2,25.2,West Indies,JE Taylor,JO Holder,TG Southee,4,0,,,,,,"",""
ball,2,25.3,West Indies,JE Taylor,JO Holder,TG Southee,4,0,,,,,,"",""
ball,2,25.4,West Indies,JE Taylor,JO Holder,TG Southee,1,0,,,,,,"",""
ball,2,25.5,West Indies,JO Holder,JE Taylor,TG Southee,6,0,,,,,,"",""
ball,2,25.6,West Indies,JO Holder,JE Taylor,TG Southee,1,0,,,,,,"",""
ball,2,26.1,West Indies,JO Holder,JE Taylor,DL Vettori,1,0,,,,,,"",""
ball,2,26.2,West Indies,JE Taylor,JO Holder,DL Vettori,1,0,,,,,,"",""
ball,2,26.3,West Indies,JO Holder,JE Taylor,DL Vettori,0,0,,,,,,"",""
ball,2,26.4,West Indies,JO Holder,JE Taylor,DL Vettori,1,0,,,,,,"",""
ball,2,26.5,West Indies,JE Taylor,JO Holder,DL Vettori,0,0,,,,,,"",""
ball,2,26.6,West Indies,JE Taylor,JO Holder,DL Vettori,1,0,,,,,,"",""
ball,2,27.1,West Indies,JE Taylor,JO Holder,TG Southee,0,0,,,,,,"",""
ball,2,27.2,West Indies,JE Taylor,JO Holder,TG Southee,0,0,,,,,,"",""
ball,2,27.3,West Indies,JE Taylor,JO Holder,TG Southee,0,0,,,,,,"",""
ball,2,27.4,West Indies,JE Taylor,JO Holder,TG Southee,0,0,,,,,,"",""
ball,2,27.5,West Indies,JE Taylor,JO Holder,TG Southee,0,0,,,,,,"",""
ball,2,27.6,West Indies,JE Taylor,JO Holder,TG Southee,0,0,,,,,,caught,JE Taylor
ball,2,28.1,West Indies,JO Holder,SJ Benn,AF Milne,1,0,,,,,,"",""
ball,2,28.2,West Indies,SJ Benn,JO Holder,AF Milne,0,1,1,,,,,"",""
ball,2,28.3,West Indies,SJ Benn,JO Holder,AF Milne,1,0,,,,,,"",""
ball,2,28.4,West Indies,JO Holder,SJ Benn,AF Milne,4,0,,,,,,"",""
ball,2,28.5,West Indies,JO Holder,SJ Benn,AF Milne,4,0,,,,,,"",""
ball,2,28.6,West Indies,JO Holder,SJ Benn,AF Milne,4,0,,,,,,"",""
ball,2,28.7,West Indies,JO Holder,SJ Benn,AF Milne,1,0,,,,,,"",""
ball,2,29.1,West Indies,JO Holder,SJ Benn,TG Southee,4,0,,,,,,"",""
ball,2,29.2,West Indies,JO Holder,SJ Benn,TG Southee,0,0,,,,,,"",""
ball,2,29.3,West Indies,JO Holder,SJ Benn,TG Southee,1,0,,,,,,"",""
ball,2,29.4,West Indies,SJ Benn,JO Holder,TG Southee,0,0,,,,,,"",""
ball,2,29.5,West Indies,SJ Benn,JO Holder,TG Southee,4,0,,,,,,"",""
ball,2,29.6,West Indies,SJ Benn,JO Holder,TG Southee,4,0,,,,,,"",""
ball,2,30.1,West Indies,JO Holder,SJ Benn,DL Vettori,0,0,,,,,,"",""
ball,2,30.2,West Indies,JO Holder,SJ Benn,DL Vettori,0,0,,,,,,"",""
ball,2,30.3,West Indies,JO Holder,SJ Benn,DL Vettori,0,0,,,,,,caught,JO Holder
